x,Q2,W,miss_mass,phih,pt2,t,secondary_pips,secondary_pims,secondary_pizs,secondary_esum,accepted
0.3744,4.0989,2.7800,11.5622,-2.2911,0.0479,-0.4545,0,1,0,0.22136,1
0.4591,4.8542,2.5688,12.0762,-1.4174,0.0048,-0.9981,0,1,1,0.57003,1
0.4686,4.7479,2.5027,11.9814,2.2981,0.0161,-0.9456,0,1,0,0.58090,3
0.5330,4.9129,2.2771,11.6773,0.0575,0.0584,-0.8263,0,1,0,0.37910,1
0.4362,4.5579,2.6024,11.7115,1.5560,0.0447,-0.6688,0,1,0,0.42653,1
0.4975,5.4579,2.5285,11.8566,0.5049,0.0039,-0.8752,0,1,0,0.17615,1
0.3569,3.7867,2.7753,11.7957,2.3540,0.0171,-0.5599,0,1,0,0.40292,1
0.4311,4.2193,2.5394,12.2762,-0.9059,0.0102,-1.1112,0,1,0,0.88026,1
0.3936,4.1937,2.7095,12.8425,-2.4915,0.0022,-1.4707,0,1,1,1.47964,1
0.4069,4.4770,2.7215,12.7848,3.1384,0.0260,-1.5120,0,1,1,0.60531,1
0.4109,4.0475,2.5851,11.7739,-2.6006,0.0458,-0.6771,0,1,0,0.22328,1
0.5236,5.1602,2.3612,12.4961,1.1600,0.0187,-1.6413,0,1,1,1.19067,1
0.4449,4.5569,2.5624,12.0326,3.0606,0.0405,-0.9697,0,1,0,0.38577,1
0.3762,4.1405,2.7830,11.7120,3.1378,0.0343,-0.5532,0,1,0,0.23134,1
0.4234,4.2943,2.5941,12.6370,3.0945,0.0337,-1.4514,0,1,1,1.34128,1
0.4465,4.4823,2.5372,11.8743,-2.7798,0.0407,-0.8285,0,1,0,0.44577,1
0.4274,4.4826,2.6243,12.5702,2.6751,0.0369,-1.4092,1,1,0,1.10985,1
0.4765,4.4602,2.4044,11.7931,2.5241,0.0067,-0.7685,0,1,0,0.26804,1
0.4209,4.2891,2.6043,11.9109,-2.5626,0.0160,-0.7744,0,1,0,0.69000,3
0.3720,3.9896,2.7595,11.7379,-2.9251,0.0598,-0.5966,0,1,0,0.28262,3
0.4034,4.2141,2.6669,11.7579,-1.6843,0.0227,-0.6219,0,1,0,0.38091,1
0.4825,4.6549,2.4236,11.8943,-1.0047,0.0113,-0.8852,0,1,0,0.43616,3
0.4093,4.1295,2.6154,11.7844,-2.9900,0.0418,-0.6780,0,1,0,0.50678,1
0.3507,3.8160,2.8186,12.9682,-2.9830,0.0954,-1.5515,0,1,1,1.49639,1
0.4076,4.3920,2.6949,12.7263,-2.6902,0.0676,-1.5280,0,2,0,1.11610,1
0.4128,4.1870,2.6148,12.5826,1.7579,0.0027,-1.3155,0,1,0,1.16991,1
0.3872,3.9353,2.6661,12.4797,-1.9051,0.0348,-1.1898,0,1,2,1.10380,1
0.3586,3.9592,2.8217,12.1855,-2.9395,0.1092,-0.9727,0,1,0,0.23851,2
0.4260,4.1510,2.5445,11.5892,-1.3848,0.0200,-0.5159,0,1,0,0.24679,3
0.5028,5.0237,2.4184,12.2187,2.4599,0.0119,-1.2657,0,1,0,0.80826,1
0.4594,4.2838,2.4333,11.6583,0.6798,0.0083,-0.6142,0,1,0,0.19129,3
0.4097,4.1927,2.6307,11.9647,-2.3451,0.0782,-0.8772,0,1,0,0.23534,3
0.5341,5.4026,2.3650,11.9481,-2.5129,0.0067,-1.0542,0,1,0,0.48442,1
0.4569,4.6582,2.5331,11.8530,-2.5178,0.0430,-0.8342,0,1,0,0.51818,1
0.4345,4.7449,2.6561,12.3015,2.0162,0.0577,-1.2143,0,1,1,0.82905,3
0.3624,3.8870,2.7785,11.9202,2.8861,0.1319,-0.8070,0,1,0,0.49854,1
0.3904,4.0070,2.6715,11.8816,-2.5666,0.0425,-0.7209,0,1,0,0.41122,3
0.4422,4.7042,2.6104,11.8907,2.9731,0.0772,-0.8822,0,1,0,0.54388,1
0.4314,4.1968,2.5324,12.5166,2.3480,0.0321,-1.3648,0,1,0,0.92093,1
0.4220,4.4301,2.6361,11.6571,-2.9600,0.0497,-0.6039,0,1,0,0.17583,3
0.3690,4.0158,2.7833,12.3881,-1.9832,0.0355,-1.0596,0,1,0,0.94833,1
0.4272,4.5839,2.6510,11.6758,-2.9289,0.0365,-0.6126,0,1,0,0.28620,3
0.4836,4.9044,2.4735,12.1667,-2.4653,0.0261,-1.1789,1,1,0,0.29259,1
0.5437,4.9139,2.2372,12.0531,0.7206,0.0357,-1.2290,0,1,0,0.32100,1
0.3757,4.1387,2.7852,12.6391,-2.9721,0.0800,-1.3512,0,1,0,1.42576,0
0.4827,5.0959,2.5181,11.7198,2.3785,0.0147,-0.7241,0,1,0,0.27714,3
0.4653,4.6167,2.4872,12.8811,2.9838,0.0140,-1.8213,0,2,3,5.89264,1
0.3873,3.9976,2.6843,12.6515,-2.6915,0.0534,-1.3639,0,1,3,1.44364,1
0.4733,4.8713,2.5105,11.8686,1.3043,0.0237,-0.8585,0,1,0,0.40889,1
0.4563,4.4907,2.4964,12.4170,-1.8941,0.0124,-1.3228,0,1,0,0.99756,1
0.4314,4.4896,2.6070,12.8440,-1.7522,0.0032,-1.6269,0,1,0,0.52353,1
0.4861,5.1886,2.5231,12.1207,-2.4029,0.0621,-1.1905,0,1,0,0.66782,1
0.3515,3.8116,2.8128,13.0497,-3.0475,0.0808,-1.5978,1,2,0,1.72886,1
0.5150,5.5977,2.4803,12.6102,-2.9663,0.0081,-1.7252,0,1,0,0.63260,1
0.4316,4.4511,2.5967,11.8277,-1.8577,0.0102,-0.7179,0,1,0,0.41874,3
0.3603,3.8007,2.7618,11.9607,-1.9479,0.0361,-0.7107,0,1,0,0.69164,1
0.4725,4.5524,2.4419,12.1659,-2.0377,0.0003,-1.1094,0,1,0,0.22241,1
0.4767,5.0404,2.5324,12.9020,-2.5717,0.0333,-1.9272,0,1,1,1.67808,1
0.4437,4.7833,2.6227,11.9437,-2.4188,0.0121,-0.8494,0,1,0,0.40861,3
0.4209,4.4193,2.6386,11.9669,2.5003,0.0027,-0.8055,0,1,0,0.48127,1
0.3782,4.0058,2.7325,11.9639,2.2771,0.0876,-0.8185,0,1,0,0.48843,3
0.4160,4.3812,2.6517,11.8708,1.8592,0.0031,-0.7146,0,1,0,0.29595,1
0.3516,3.8311,2.8186,12.0831,2.4548,0.0555,-0.8067,0,0,0,0.00000,1
0.3667,3.9497,2.7750,12.4653,-2.3895,0.0603,-1.1493,0,1,1,1.08705,1
0.4067,4.2490,2.6607,11.7192,2.9687,0.0496,-0.6295,0,1,0,0.45276,3
0.4040,4.3466,2.7005,12.9920,-2.7740,0.0883,-1.7935,0,1,2,1.72792,1
0.5178,4.8915,2.3315,12.0731,1.4514,0.0116,-1.1509,0,1,0,0.41986,1
0.5504,5.7591,2.3632,12.2907,-0.8632,0.0299,-1.5165,0,1,0,0.56912,1
0.3944,4.3346,2.7453,12.5119,-2.8868,0.0535,-1.2686,0,1,2,1.48541,3
0.3528,3.8851,2.8296,13.1474,-2.4381,0.0486,-1.6277,0,1,1,2.00870,0
0.4033,4.3722,2.7111,13.2651,-2.5294,0.0268,-1.9358,0,1,0,0.56950,1
0.4996,5.1854,2.4645,12.3698,0.8094,0.0152,-1.4209,0,1,1,0.84042,1
0.4635,4.3796,2.4393,11.9570,0.0782,0.0037,-0.8916,0,1,0,0.24885,1
0.3878,3.9373,2.6636,12.6121,1.4899,0.0265,-1.2904,0,1,0,1.39431,1
0.3549,3.8421,2.8044,11.7211,2.7846,0.0795,-0.5789,0,1,0,0.33988,3
0.4477,4.5986,2.5598,12.6006,1.8723,0.0139,-1.4745,0,1,0,1.38164,1
0.4285,4.5712,2.6416,12.1312,-2.4035,0.0966,-1.0945,0,1,0,0.60030,1
0.5687,5.3055,2.2144,12.1521,0.2693,0.0639,-1.4542,0,1,0,0.69381,1
0.3865,3.9741,2.6811,12.0549,2.7341,0.0675,-0.8843,0,1,0,0.71071,3
0.3606,3.8517,2.7767,13.1654,2.7934,0.0296,-1.6460,0,1,1,1.87079,1
0.3779,4.0531,2.7483,11.9870,2.1283,0.0694,-0.8125,0,1,0,0.47141,3
0.4396,4.6214,2.6024,11.8410,2.4062,0.0002,-0.7332,0,1,0,0.23895,1
0.4928,5.3688,2.5310,12.0349,3.0677,0.0616,-1.1202,0,1,0,0.80212,1
0.3983,4.0772,2.6533,11.7945,1.8700,0.0304,-0.6513,0,1,0,0.26081,1
0.4768,4.9436,2.5112,12.1470,2.7575,0.0326,-1.1504,0,1,0,0.94926,1
0.5017,4.6196,2.3384,11.7775,-0.7333,0.0991,-0.9242,0,1,0,0.35000,1
0.5525,5.4496,2.3010,12.3183,-1.3075,0.0031,-1.5117,0,1,0,0.82566,1
0.3950,4.2301,2.7128,12.9692,2.0229,0.0204,-1.6174,0,2,0,1.15181,1
0.4032,4.4457,2.7312,12.4309,2.6008,0.0215,-1.1817,0,1,1,1.07963,0
0.4187,4.5349,2.6789,12.0119,2.5443,0.1599,-1.0463,0,1,0,0.65646,1
0.4374,4.6361,2.6162,11.8168,-2.9744,0.0342,-0.7508,0,1,0,0.45765,3
0.4868,4.8925,2.4573,11.7442,-2.0954,0.0186,-0.7589,0,1,0,0.23466,3
0.3455,3.7250,2.8175,12.1934,-2.3300,0.0430,-0.8556,0,1,0,0.88022,1
0.3633,3.8228,2.7532,12.0491,2.8913,0.0284,-0.7733,0,1,1,0.60392,3
0.4496,4.7645,2.5910,11.9046,-2.4963,0.0071,-0.8202,0,1,0,0.47490,3
0.4416,4.2654,2.5050,11.5741,1.7033,0.0026,-0.5052,0,1,0,0.24826,3
0.5372,5.0468,2.2867,11.5535,0.5333,0.0110,-0.6432,0,1,0,0.27847,3
0.5154,4.8150,2.3255,11.6958,-0.4077,0.0154,-0.7582,0,1,0,0.15535,3
0.3503,3.7726,2.8066,11.7716,-2.6783,0.1273,-0.6662,0,1,0,0.44206,3
0.4710,4.4130,2.4162,11.9618,0.7989,0.0048,-0.9144,0,1,0,0.49327,1
0.4182,4.4837,2.6681,11.9558,-2.9001,0.1139,-0.9350,0,1,0,0.39139,1
0.4078,4.2704,2.6609,12.0808,1.5511,0.0402,-0.9213,0,1,0,0.67014,1
0.3804,4.0420,2.7322,12.9510,-2.3764,0.0295,-1.5541,0,1,2,1.57212,1
0.5041,5.5015,2.5086,12.8265,-1.8609,0.0241,-1.9475,0,1,0,1.12614,1
0.4517,4.9589,2.6269,12.0106,1.7481,0.0009,-0.9147,0,1,0,0.58995,1
0.5089,4.6362,2.3140,11.9829,-1.6475,0.0010,-1.0179,0,1,0,0.50736,1
0.5275,5.6138,2.4310,11.8144,-1.4617,0.0323,-0.9315,0,1,0,0.43785,3
0.4169,4.0734,2.5649,12.0866,2.7221,0.0180,-0.9174,0,1,0,0.60683,0
0.3756,3.8887,2.7102,12.3106,-3.0715,0.0145,-0.9876,0,1,1,0.76899,1
0.3572,3.9298,2.8199,11.6278,-2.7790,0.1448,-0.5927,0,1,0,0.34055,3
0.4620,4.6159,2.5010,11.9038,-2.9393,0.0427,-0.8918,0,1,0,0.38081,1
0.4308,4.2608,2.5516,11.7360,1.1686,0.0051,-0.6300,0,1,0,0.29742,1
0.3898,4.0970,2.7007,12.5818,-2.6128,0.0961,-1.3781,0,1,0,1.36384,1
0.3995,4.2563,2.6977,11.7414,2.4059,0.0355,-0.6176,0,1,0,0.42861,3
0.5255,5.6432,2.4445,12.2593,-3.0864,0.0476,-1.4308,0,1,1,0.97740,1
0.3440,3.7367,2.8293,12.9023,2.8612,0.0351,-1.3714,0,1,1,1.84278,1
0.4141,4.2202,2.6173,12.5592,-2.2092,0.0232,-1.3315,0,1,0,0.51109,1
0.3963,4.1871,2.6940,11.6924,-1.7853,0.0676,-0.6122,0,1,0,0.16817,1
0.4509,4.3211,2.4783,12.6914,-0.1884,0.0148,-1.5736,0,1,1,1.37828,1
0.5412,5.0510,2.2719,12.1394,0.4326,0.0171,-1.2932,0,1,0,0.15584,1
0.4504,4.2676,2.4675,12.0201,-2.4487,0.0040,-0.9200,0,1,0,0.66448,1
0.4544,4.7961,2.5765,12.3631,-1.2955,0.0335,-1.2982,0,1,0,1.05930,1
0.3851,4.2154,2.7589,11.8669,2.8429,0.0090,-0.6569,0,1,0,0.47654,1
0.3602,3.8574,2.7806,11.8436,-2.7483,0.0250,-0.6106,0,1,0,0.39283,1
0.3712,3.8987,2.7359,11.9118,-2.2441,0.0359,-0.6967,0,1,0,0.56418,1
0.4134,4.4848,2.6915,11.9865,-3.0304,0.0902,-0.9200,0,1,0,0.49667,1
0.5144,4.8731,2.3410,11.6897,-0.3965,0.0618,-0.8102,0,1,0,0.23107,1
0.5109,4.7691,2.3336,11.8730,-0.8435,0.0465,-0.9724,0,1,0,0.46877,1
0.5031,4.9042,2.3924,11.6363,-1.7327,0.0651,-0.7401,0,0,0,0.00000,1
0.4969,4.7912,2.3940,12.2199,-1.3532,0.0174,-1.2566,0,1,0,0.79445,1
0.3717,4.0227,2.7714,12.1104,-2.4317,0.1612,-1.0169,0,1,0,0.92850,3
0.4084,4.4678,2.7113,13.0649,2.9318,0.0355,-1.7900,0,1,0,2.00059,1
0.3933,4.0483,2.6693,12.0158,3.0957,0.0684,-0.8697,0,1,0,0.56482,1
0.4118,4.4358,2.6863,11.9240,1.6762,0.0292,-0.7841,0,1,0,0.31684,1
0.3699,3.8696,2.7337,11.5577,1.9535,0.0153,-0.4062,0,1,0,0.28165,1
0.3896,4.1395,2.7142,11.7727,-2.9135,0.0419,-0.6325,0,1,0,0.25562,3
0.4859,4.9375,2.4707,12.0370,1.3074,0.0295,-1.0600,0,1,0,0.58505,3
0.5122,4.9646,2.3682,11.7317,-1.7339,0.0522,-0.8374,0,1,0,0.27802,1
0.3445,3.7141,2.8192,12.4895,-2.2941,0.0674,-1.1066,0,1,1,1.02766,1
0.3702,3.9217,2.7479,11.8181,3.0915,0.0184,-0.6023,0,1,0,0.26934,1
0.5491,5.7066,2.3595,12.8499,-1.5197,0.0035,-2.1282,0,1,1,1.08002,1
0.3552,3.8654,2.8101,12.5276,2.2261,0.0358,-1.1248,0,1,1,0.90102,1
0.4817,5.1170,2.5271,12.2788,-2.8326,0.0532,-1.3267,0,1,0,0.74780,1
0.4453,4.4869,2.5435,11.8229,-2.1791,0.0230,-0.7569,0,1,0,0.19562,3
0.4080,4.4128,2.6989,12.3226,-2.3500,0.0482,-1.1405,0,1,0,0.92180,3
0.3808,4.1485,2.7615,11.5958,-2.7249,0.0636,-0.5074,0,1,0,0.18388,3
0.4623,5.0216,2.5926,13.2597,-2.4296,0.0078,-2.1926,0,1,0,0.50806,1
0.5652,5.3339,2.2323,12.4201,0.1061,0.0491,-1.7430,0,1,0,0.61423,1
0.4000,4.1975,2.6791,11.5592,1.7436,0.0224,-0.4575,0,1,0,0.24033,1
0.4499,4.7026,2.5751,11.9088,1.4966,0.0425,-0.8703,0,1,0,0.38019,1
0.4162,4.4758,2.6755,13.2685,-2.6585,0.0454,-2.0393,1,2,1,1.65219,1
0.3829,3.9400,2.6889,12.4674,-1.5890,0.0385,-1.1713,0,1,2,1.16375,1
0.4290,4.1469,2.5299,11.8221,2.5128,0.0153,-0.7130,0,1,0,0.28317,3
0.4000,4.1899,2.6770,11.9155,2.4206,0.0078,-0.7238,0,1,0,0.38041,1
0.4229,4.4629,2.6404,12.2041,2.6928,0.1009,-1.1518,0,1,0,0.89787,1
0.5446,5.1386,2.2754,12.6161,-0.2459,0.0012,-1.8230,0,1,1,1.06264,1
0.4748,4.5693,2.4361,12.0683,-2.0975,0.0101,-1.0344,0,1,0,0.68488,1
0.4756,4.9844,2.5249,11.7990,1.7473,0.0065,-0.7754,0,1,0,0.22397,3
0.5162,5.3311,2.4244,11.7382,2.2690,0.0032,-0.7907,0,1,0,0.40014,3
0.4390,4.4937,2.5735,12.7516,-1.9771,0.0051,-1.5721,0,1,1,1.32214,1
0.4777,4.4210,2.3906,11.5114,0.4575,0.0153,-0.5162,0,1,0,0.30637,3
0.3427,3.7042,2.8255,12.5447,2.7828,0.0124,-1.0619,0,1,0,1.41860,1
0.4903,4.8932,2.4427,11.7869,0.5651,0.0337,-0.8267,0,1,0,0.26953,1
0.4415,4.4820,2.5595,11.8312,-3.0876,0.0394,-0.7778,0,1,0,0.16585,1
0.4871,4.6346,2.4000,12.1540,-1.9626,0.0415,-1.1961,0,1,0,0.23916,1
0.4630,5.0751,2.6013,11.9507,2.5875,0.1166,-1.0365,0,1,0,0.16754,1
0.4566,4.4877,2.4941,11.7433,1.0552,0.0194,-0.7018,0,1,0,0.46750,1
0.3320,3.6504,2.8680,13.2139,-2.1887,0.0392,-1.5657,0,1,1,2.01290,1
0.4575,5.0294,2.6160,11.9560,1.9531,0.0300,-0.9160,0,1,0,0.35915,1
0.3668,3.8332,2.7380,13.0963,-2.7810,0.0113,-1.5850,0,1,0,1.91460,1
0.3934,4.1828,2.7075,11.6761,2.6578,0.0393,-0.5599,0,1,0,0.32790,3
0.5288,5.0600,2.3213,12.1566,-1.8450,0.0124,-1.2722,0,1,0,0.60257,1
0.5420,5.5721,2.3641,12.0884,-0.7973,0.0235,-1.2522,0,1,0,0.51408,1
0.4923,4.8474,2.4246,12.4909,2.9547,0.0121,-1.5168,0,1,1,1.02899,1
0.4826,4.9686,2.4916,11.9025,0.9624,0.0370,-0.9292,0,1,0,0.20828,1
0.4111,4.1800,2.6210,11.9765,1.3574,0.0078,-0.7976,0,1,0,0.52691,1
0.3529,3.8191,2.8075,12.6755,-2.7966,0.0991,-1.3280,0,1,1,1.54711,1
0.3450,3.7884,2.8414,12.6239,2.5216,0.0931,-1.2490,0,1,0,1.49487,1
0.3329,3.6751,2.8717,12.6073,3.0331,0.1819,-1.3255,0,1,1,1.06927,0
0.3760,4.0259,2.7499,12.1528,-3.0543,0.0196,-0.8723,0,1,0,0.91280,1
0.4768,4.7899,2.4770,11.7731,-1.5116,0.0291,-0.7808,0,1,0,0.48215,3
0.4023,4.3143,2.7002,12.4995,2.6293,0.0961,-1.3476,0,1,0,1.28055,1
0.6458,5.9053,2.0296,11.9105,-0.5181,0.0586,-1.3479,0,1,0,0.27707,1
0.3806,4.1224,2.7550,12.4837,2.6780,0.1472,-1.3364,0,1,0,1.22862,1
0.3942,4.3252,2.7435,12.1582,-2.6190,0.1270,-1.0686,0,1,0,0.68829,3
0.3908,4.1929,2.7235,11.7004,2.3026,0.0483,-0.5857,0,1,0,0.39741,3
0.3725,3.9441,2.7432,11.8013,-2.7657,0.0093,-0.5827,0,1,0,0.19825,1
0.3462,3.7886,2.8344,12.6402,2.3187,0.0700,-1.2315,0,1,1,1.22946,1
0.4634,5.0477,2.5935,11.8288,2.7547,0.0003,-0.7717,0,1,0,0.48729,1
0.3638,3.9882,2.8028,12.1106,2.7944,0.0194,-0.8092,0,1,0,0.69476,1
0.3673,3.8716,2.7475,12.3229,-1.8329,0.0316,-0.9977,0,1,1,1.08773,1
0.4061,4.1008,2.6225,11.9175,1.9718,0.0293,-0.7656,0,1,0,0.33573,3
0.4656,4.4981,2.4584,11.9721,0.9127,0.0385,-0.9584,0,1,0,0.44579,1
0.3672,3.9889,2.7848,12.4860,2.3730,0.0413,-1.1395,0,2,0,1.28281,1
0.3760,3.9228,2.7187,12.2764,2.0840,0.0334,-0.9883,0,1,0,0.88279,1
0.3768,3.9735,2.7298,12.0939,2.3095,0.0104,-0.8160,0,1,0,0.56162,1
0.4468,4.4783,2.5349,12.3739,1.3064,0.0036,-1.2393,0,1,0,0.88850,1
0.4062,4.3599,2.6934,12.1709,2.5493,0.0294,-0.9790,0,1,1,0.51375,3
0.4218,4.5317,2.6630,12.1639,1.5608,0.0249,-1.0086,0,1,1,0.69851,1
0.3585,3.8965,2.8020,12.0546,-2.4992,0.0563,-0.8030,0,1,0,0.82646,3
0.3646,3.9108,2.7743,12.2448,2.3352,0.0473,-0.9510,0,1,0,1.01520,3
0.4198,4.4205,2.6439,11.9423,-1.4178,0.0170,-0.8009,0,1,0,0.70891,1
0.4812,4.9225,2.4873,11.7113,-1.9475,0.0032,-0.6978,0,0,0,0.00000,3
0.4046,4.1688,2.6486,11.8588,2.2876,0.0009,-0.6782,0,1,0,0.44769,1
0.4428,4.5380,2.5674,11.9767,1.1172,0.0380,-0.9101,0,1,0,0.58060,1
0.4399,4.4852,2.5675,11.7753,-2.0957,0.0499,-0.7382,0,1,0,0.21706,3
0.4285,4.5559,2.6377,12.4608,2.2918,0.0350,-1.3093,0,1,1,0.94885,1
0.4076,4.4633,2.7144,12.7393,-2.2679,0.0550,-1.5195,0,2,0,1.31829,1
0.4237,4.1707,2.5601,12.6870,-1.2173,0.0073,-1.4553,1,2,0,1.33556,1
0.4331,4.5913,2.6247,11.9649,-2.5647,0.0663,-0.9150,0,1,0,0.46527,3
0.5477,5.5243,2.3328,11.6772,-1.3508,0.0128,-0.7980,0,1,0,0.19288,3
0.3982,4.1734,2.6808,11.7540,2.4604,0.1130,-0.7216,0,1,0,0.26159,1
0.3628,3.9486,2.7954,12.1186,3.0205,0.1051,-0.9264,0,1,0,0.76133,3
0.4314,4.5887,2.6322,12.3861,-2.5059,0.0224,-1.2317,0,1,1,0.58394,1
0.5864,5.4040,2.1662,11.9411,-0.3162,0.0844,-1.2766,0,1,0,0.61026,1
0.4119,4.0864,2.5911,12.4461,-2.5360,0.0583,-1.2764,0,1,0,1.06960,1
0.5099,5.3729,2.4584,11.8061,-2.4191,0.0010,-0.8454,0,1,0,0.23727,3
0.4444,4.5288,2.5577,11.7972,-3.0197,0.0160,-0.7234,0,1,0,0.32169,3
0.4197,4.4729,2.6579,11.5646,2.5996,0.0200,-0.4876,0,1,0,0.20089,3
0.4089,4.3895,2.6879,11.8593,2.2556,0.0324,-0.7281,0,1,0,0.43669,3
0.4787,4.6208,2.4316,12.6031,-2.4825,0.0136,-1.5865,0,1,1,1.28720,1
0.4668,4.3348,2.4149,11.8436,-0.7856,0.0523,-0.8565,0,1,0,0.37380,1
0.5977,5.9561,2.2112,12.6408,-0.1008,0.0422,-2.1307,0,1,0,0.52176,1
0.4050,4.1776,2.6493,11.6562,-3.0905,0.0022,-0.5174,0,1,0,0.34388,1
0.4823,4.7386,2.4428,11.9417,1.1643,0.0419,-0.9726,0,1,0,0.36519,3
0.4660,4.7232,2.5085,11.8682,3.0694,0.0359,-0.8583,0,1,0,0.52383,1
0.4146,4.0768,2.5760,11.6926,2.4053,0.0666,-0.6419,0,1,0,0.21170,1
0.3880,4.0185,2.6866,12.1614,2.3807,0.0177,-0.9071,0,2,0,0.77457,3
0.4143,4.4327,2.6732,11.9033,-1.9884,0.0097,-0.7470,0,1,0,0.53435,1
0.4610,4.6216,2.5068,12.4835,2.9918,0.0087,-1.3982,0,0,2,0.71212,1
0.5024,4.7235,2.3577,12.2325,-1.3085,0.0274,-1.2992,0,1,0,0.57810,1
0.4362,4.5312,2.5955,11.9426,-2.5337,0.0921,-0.9357,0,1,0,0.21668,1
0.4180,4.1829,2.5895,11.7124,-2.9055,0.0338,-0.6235,0,1,0,0.29884,3
0.4375,4.3934,2.5553,12.8282,-2.3670,0.0272,-1.6759,0,1,2,1.64958,1
0.3893,4.1435,2.7168,12.1734,2.4713,0.0718,-0.9941,0,1,0,0.60799,3
0.3283,3.6233,2.8798,11.9833,3.1063,0.1610,-0.8170,0,1,0,0.28401,2
0.5167,4.8891,2.3354,12.1230,-0.3750,0.0557,-1.2644,0,1,0,0.61808,1
0.3689,3.9595,2.7665,12.3090,2.6134,0.0408,-1.0044,0,1,1,0.90229,3
0.5277,4.9468,2.3038,12.2603,1.3302,0.0164,-1.3873,0,1,0,0.43577,1
0.3708,4.0921,2.7972,12.9261,-2.6381,0.0548,-1.5339,0,1,1,1.65869,0
0.4019,4.4293,2.7336,11.9111,2.9004,0.0595,-0.7910,0,1,0,0.57378,2
0.4011,4.1425,2.6580,12.3937,2.2692,0.0309,-1.1558,0,1,0,0.85189,1
0.4186,4.5127,2.6735,11.6496,-2.7072,0.0576,-0.6019,0,1,0,0.39311,3
0.3661,3.9306,2.7725,11.6028,-2.4087,0.0370,-0.4595,0,1,0,0.16803,1
0.6002,6.0092,2.2100,11.9503,-1.3258,0.0118,-1.2246,0,1,0,0.51465,3
0.3690,3.8794,2.7411,12.4090,-2.6239,0.1196,-1.1975,0,1,1,0.86260,1
0.4923,5.4021,2.5398,11.9437,-2.5561,0.0209,-0.9728,0,1,0,0.48256,3
0.5498,5.7809,2.3695,12.3180,0.7790,0.0044,-1.5088,0,1,1,0.88558,1
0.4440,4.2837,2.4988,12.2513,0.1523,0.0018,-1.1131,0,1,0,0.82032,1
0.3487,3.8084,2.8272,11.4633,2.8508,0.1742,-0.4963,0,1,0,0.14896,3
0.4550,4.8157,2.5785,12.1067,2.1578,0.0044,-1.0156,0,1,0,0.30018,3
0.4913,4.9543,2.4514,11.7153,1.0494,0.0904,-0.8305,0,1,0,0.16677,1
0.4011,4.3466,2.7147,12.3385,2.8328,0.0429,-1.1263,0,1,0,0.88795,3
0.3763,4.1142,2.7746,12.2665,-2.9864,0.1148,-1.0938,0,1,0,0.62393,1
0.4213,4.1479,2.5647,11.9934,-3.1109,0.0052,-0.8309,0,1,0,0.26114,3
0.4692,4.7219,2.4942,12.0099,-1.1133,0.0125,-0.9691,0,1,0,0.33544,1
0.6064,5.7989,2.1551,12.2030,0.1189,0.0166,-1.5577,0,1,0,0.48325,1
0.4492,4.7223,2.5829,12.0029,2.4898,0.0540,-0.9710,0,1,1,0.66228,3
0.3936,4.2561,2.7272,11.9000,-2.2536,0.0096,-0.7009,0,1,0,0.56081,1
0.4928,4.7113,2.3935,11.9538,-2.4179,0.0180,-0.9759,0,1,0,0.22147,1
0.5990,5.4680,2.1310,12.3285,0.7082,0.0390,-1.7242,0,1,0,0.66322,1
0.3458,3.7791,2.8337,13.0847,-2.8872,0.0901,-1.6165,1,2,0,1.36167,1
0.3576,3.8556,2.7940,12.3543,3.1193,0.0932,-1.0802,0,1,0,0.93312,3
0.4080,4.3701,2.6873,11.9298,2.8949,0.0596,-0.8197,0,1,0,0.33791,3
0.4051,4.4364,2.7192,11.6608,-2.0497,0.0268,-0.5520,0,0,0,0.00000,1
0.3386,3.7004,2.8477,13.0194,-2.6167,0.0835,-1.5201,1,2,2,1.93839,1
0.4967,5.3240,2.5050,12.4686,2.3668,0.0637,-1.5897,0,1,0,0.35965,1
0.4158,4.4029,2.6583,11.7751,-2.5217,0.0010,-0.6319,0,1,0,0.34993,1
0.4489,4.4276,2.5131,11.9768,-2.2756,0.0774,-0.9768,0,1,0,0.60488,1
0.3280,3.6161,2.8791,12.1448,-2.6918,0.0619,-0.8015,0,1,0,0.82825,0
0.4489,4.6798,2.5741,11.6781,-3.0801,0.0725,-0.6959,0,1,0,0.25033,1
0.4081,4.3723,2.6875,12.1935,-3.0420,0.0903,-1.0868,0,0,0,0.00000,1
0.3828,3.9715,2.6990,11.7634,2.1674,0.0295,-0.5974,0,1,0,0.32287,3
0.4336,4.3514,2.5621,11.8089,1.7004,0.0110,-0.7060,0,1,1,0.40203,3
0.5374,5.6405,2.3950,12.0794,-2.1434,0.0124,-1.2153,0,1,0,0.65352,3
0.4776,5.0387,2.5281,11.5756,2.7141,0.0307,-0.5977,0,1,0,0.29944,3
0.3459,3.7834,2.8344,11.6144,2.2937,0.0561,-0.4612,0,1,0,0.43088,1
0.5018,4.8377,2.3838,12.5596,-2.5521,0.0077,-1.6148,0,1,1,1.24228,1
0.3642,3.9097,2.7757,12.3278,-2.4897,0.0584,-1.0302,0,2,0,0.66860,3
0.4247,4.5703,2.6590,11.8972,-2.7219,0.0182,-0.7748,0,1,0,0.24423,3
0.4080,4.2399,2.6520,11.4859,2.6185,0.0868,-0.4858,0,1,0,0.17384,3
0.3814,3.9929,2.7121,11.8594,2.9052,0.1064,-0.7665,0,1,0,0.29375,1
0.4058,4.4765,2.7267,11.8571,-2.9532,0.0165,-0.7002,0,1,0,0.25392,0
0.4691,4.6394,2.4762,12.0601,-0.5674,0.0093,-1.0119,0,0,0,0.00000,1
0.3920,4.0981,2.6903,11.7085,-2.9110,0.0313,-0.5732,0,1,0,0.52581,3
0.5081,5.2344,2.4390,12.1181,1.7660,0.0210,-1.1893,0,1,1,0.72682,3
0.4537,4.2482,2.4487,12.0240,-1.7652,0.0046,-0.9319,0,1,0,0.53493,1
0.4496,4.4401,2.5132,12.1182,-1.7392,0.0351,-1.0526,0,1,0,0.53628,1
0.4791,5.0836,2.5312,12.3152,-1.5598,0.0106,-1.2946,0,1,0,0.23533,1
0.3442,3.7872,2.8452,12.7435,2.8554,0.0437,-1.2634,0,1,1,1.31446,1
0.3755,3.9449,2.7278,12.3458,2.2119,0.0115,-1.0113,0,1,0,1.03111,1
0.3760,4.0028,2.7428,13.1094,-2.1299,0.0520,-1.7105,0,0,3,1.09434,1
0.5622,5.1379,2.2096,12.1845,0.2473,0.0656,-1.4755,0,1,0,0.56885,1
0.4694,4.8258,2.5171,11.7136,-2.4344,0.0035,-0.6788,0,1,0,0.22682,3
0.5012,4.9391,2.4076,11.7542,0.5339,0.0339,-0.8155,0,1,0,0.35978,1
0.4658,4.6174,2.4853,11.7410,-2.7963,0.0129,-0.7085,0,1,0,0.20813,3
0.5545,5.3142,2.2693,12.2158,-0.6212,0.0471,-1.4639,0,1,1,0.80994,1
0.4337,4.4904,2.5970,11.8815,1.3891,0.0234,-0.7860,0,1,0,0.40826,1
0.3963,4.3231,2.7322,12.3386,2.3048,0.0336,-1.0990,0,2,0,0.82554,1
0.3680,3.8544,2.7387,11.8130,2.3658,0.0884,-0.6816,0,1,0,0.18025,3
0.4176,4.2506,2.6092,12.0470,1.4600,0.0097,-0.8749,0,1,1,0.56166,1
0.4281,4.5775,2.6447,11.9941,2.1902,0.0327,-0.8854,0,1,0,0.47016,3
0.3860,4.0076,2.6937,11.8406,1.9644,0.0008,-0.6271,0,1,0,0.23136,1
0.5195,4.7949,2.3056,12.0339,-0.9375,0.0025,-1.0998,0,0,0,0.00000,1
0.5395,5.3967,2.3425,12.1036,-0.2372,0.0099,-1.2419,0,1,0,0.66888,1
0.4723,5.0489,2.5538,12.9338,-1.7560,0.0076,-1.8979,0,1,0,1.67916,1
0.3743,4.0258,2.7585,11.6379,-2.3256,0.0553,-0.5196,0,1,0,0.32378,3
0.3500,3.7699,2.8074,13.1865,-2.6085,0.0192,-1.5944,0,1,1,2.03260,1
0.4063,4.0498,2.6071,11.7721,0.9723,0.0067,-0.6180,0,1,0,0.20149,1
0.4559,4.2574,2.4414,12.4531,1.0875,0.0048,-1.3428,0,1,1,0.86828,1
0.4599,4.4175,2.4635,11.6672,-1.4043,0.0322,-0.6537,0,1,0,0.34685,3
0.4890,4.9089,2.4516,12.8172,1.5731,0.0080,-1.8434,0,1,2,1.57282,1
0.3538,3.7572,2.7824,11.6201,-2.1245,0.0254,-0.4403,0,1,0,0.32822,1
0.3494,3.8187,2.8268,12.7772,-2.9366,0.0508,-1.3204,0,1,1,1.34162,1
0.4944,5.2297,2.4955,11.8834,1.7863,0.0012,-0.8905,0,1,0,0.15729,3
0.5201,5.0741,2.3586,12.1515,-0.7217,0.0402,-1.2831,0,1,0,0.69378,1
0.3965,4.1139,2.6722,12.2053,2.9132,0.0324,-0.9858,0,1,0,0.51975,3
0.3423,3.7179,2.8325,12.3969,3.0092,0.0474,-1.0019,0,1,1,0.90329,3
0.3546,3.8685,2.8147,13.1100,2.6434,0.0248,-1.5640,0,1,1,1.87300,1
0.3879,4.1804,2.7342,12.0370,-3.0885,0.0859,-0.8973,0,1,0,0.64820,3
0.3996,4.3558,2.7250,11.7468,3.0904,0.0451,-0.6340,0,1,0,0.22274,3
0.5029,5.1851,2.4508,11.8929,2.6945,0.0137,-0.9342,0,1,0,0.44265,3
0.3480,3.7697,2.8181,11.9446,2.9292,0.1668,-0.8394,0,1,0,0.69734,1
0.3454,3.7167,2.8152,11.6560,-2.6709,0.0450,-0.4760,0,1,0,0.35058,1
0.4245,4.1858,2.5604,11.9158,-1.5634,0.0112,-0.7794,0,1,0,0.51258,3
0.4699,5.0821,2.5716,11.8394,2.2544,0.0430,-0.8496,0,1,0,0.39588,3
0.4561,4.8355,2.5781,11.6951,-2.7278,0.0281,-0.6692,0,1,0,0.16712,3
0.5268,5.2905,2.3735,11.9995,0.5742,0.0320,-1.1259,0,1,0,0.26870,1
0.3753,3.9501,2.7302,11.7058,2.0622,0.0246,-0.5350,0,1,0,0.18289,1
0.3948,4.2120,2.7089,11.4390,-2.4623,0.0380,-0.3754,0,1,0,0.18773,3
0.4055,4.3014,2.6806,11.6377,-3.0916,0.0913,-0.6118,0,1,0,0.38116,1
0.4057,4.0211,2.6022,12.7183,-1.5565,0.0092,-1.4190,0,1,0,0.46819,1
0.4789,4.7773,2.4656,11.9756,0.7498,0.0288,-0.9806,0,1,0,0.73005,1
0.4362,4.6762,2.6314,11.9382,-2.5964,0.0606,-0.8907,0,1,0,0.54521,3
0.4507,4.6733,2.5642,11.7189,-3.0032,0.0191,-0.6696,0,1,0,0.34856,3
0.4069,4.1607,2.6351,12.6891,-2.7934,0.0527,-1.4686,1,2,3,1.70012,1
0.4900,5.1522,2.4987,11.7694,-1.8150,0.0265,-0.8008,0,1,0,0.20047,3
0.3686,3.9497,2.7652,12.2379,-3.0119,0.0756,-0.9956,0,1,1,0.84098,3
0.5596,5.4248,2.2694,11.9375,1.4740,0.0247,-1.1261,0,1,0,0.27870,1
0.4108,4.1536,2.6147,12.2043,-2.6861,0.0324,-1.0235,0,1,1,0.70474,1
0.5109,4.9503,2.3706,11.9323,1.2069,0.0180,-0.9964,0,1,0,0.70843,1
0.3688,3.9989,2.7795,12.0096,-3.0400,0.0805,-0.8238,0,1,0,0.57563,3
0.3627,3.9432,2.7946,11.9992,2.5724,0.0995,-0.8265,0,1,0,0.62607,3
0.4929,5.2201,2.5000,11.9638,1.5448,0.0342,-1.0111,0,1,0,0.62329,3
0.4297,4.4885,2.6149,12.1009,-2.6085,0.0234,-0.9709,0,1,0,0.84812,3
0.5066,5.0794,2.4139,11.8194,-2.0656,0.0430,-0.9049,0,1,0,0.29055,1
0.4379,4.7004,2.6295,12.4724,-2.2867,0.0534,-1.3786,1,2,1,1.17307,1
0.6270,6.0112,2.1112,12.1885,-0.4190,0.1027,-1.7309,0,0,2,0.29576,1
0.4180,4.2938,2.6188,11.9564,2.9803,0.0791,-0.8900,0,1,0,0.48788,1
0.3990,4.0052,2.6294,12.1516,-1.7828,0.0055,-0.9102,0,2,2,0.81995,1
0.5752,5.9201,2.2917,11.9254,-0.6084,0.0524,-1.1902,0,1,0,0.61719,1
0.4705,4.3237,2.3970,12.5089,-0.8926,0.0320,-1.4898,0,1,1,0.58252,1
0.4332,4.3685,2.5685,12.1783,2.9365,0.0473,-1.0818,0,1,0,0.61367,1
0.3549,3.7814,2.7848,12.3739,2.9799,0.0418,-1.0146,0,1,1,1.03931,3
0.4089,4.3226,2.6702,12.6129,-2.9629,0.0123,-1.3445,0,1,2,1.37667,1
0.5138,5.3690,2.4414,12.2895,-2.3403,0.0008,-1.3593,0,1,1,0.62102,1
0.4570,4.9671,2.6045,11.8147,2.1303,0.0435,-0.8003,0,1,0,0.23135,3
0.3577,3.7730,2.7669,11.9084,2.8016,0.0071,-0.6300,0,1,0,0.51523,1
0.4623,4.3565,2.4386,12.2302,-0.6036,0.0285,-1.1835,0,1,0,0.51560,1
0.5436,5.1213,2.2758,11.9504,-0.1742,0.0111,-1.0823,0,1,0,0.65082,1
0.3538,3.8851,2.8242,13.3213,-2.9722,0.0697,-1.8161,0,1,1,2.07903,1
0.4571,4.3988,2.4710,12.2455,-0.2817,0.0078,-1.1535,0,1,0,0.72774,1
0.5083,5.3078,2.4526,12.0528,-2.8451,0.0361,-1.1427,0,1,0,0.56926,1
0.3966,4.1794,2.6903,12.5379,2.6075,0.0557,-1.3023,0,1,0,1.30281,1
0.3744,4.0076,2.7528,11.8872,-2.9305,0.0472,-0.6989,0,1,0,0.57284,3
0.5072,4.8869,2.3726,11.7641,-1.1056,0.0165,-0.8141,0,1,0,0.48392,3
0.4855,4.8792,2.4601,11.9934,-2.8378,0.0146,-0.9949,0,1,0,0.24324,1
0.4205,4.1404,2.5665,12.3220,2.3091,0.0308,-1.1513,0,1,1,0.80221,1
0.4339,4.5815,2.6188,11.9900,1.9311,0.0471,-0.9140,0,1,0,0.61879,3
0.3406,3.7211,2.8435,11.6966,2.9488,0.1494,-0.6221,0,1,0,0.34587,3
0.6454,6.2702,2.0798,12.1358,0.6690,0.1125,-1.7303,0,1,0,0.56920,1
0.4888,4.4923,2.3618,12.0905,0.7688,0.0607,-1.1627,0,1,0,0.60353,1
0.3389,3.7047,2.8476,12.0449,-2.9023,0.2141,-0.9549,0,1,0,0.41012,1
0.3915,4.2930,2.7480,12.7649,2.8461,0.0059,-1.4028,0,0,1,0.49464,1
0.3763,4.1373,2.7817,11.7207,-2.6347,0.0192,-0.5417,0,1,0,0.24773,1
0.4785,4.6122,2.4306,11.6949,1.4489,0.0335,-0.7140,0,1,0,0.33428,3
0.4238,4.5469,2.6575,11.9615,-3.1194,0.0600,-0.8826,0,1,0,0.66933,3
0.3877,4.1044,2.7136,11.9584,2.6904,0.0921,-0.8408,0,1,0,0.39164,3
0.4194,4.1554,2.5757,11.5694,-2.5737,0.0344,-0.5074,0,1,0,0.22051,3
0.4402,4.5362,2.5785,11.7577,-2.8102,0.0494,-0.7228,0,1,0,0.18487,1
0.3760,3.9692,2.7325,11.9304,2.4179,0.0138,-0.6929,0,1,0,0.41951,1
0.4132,4.5392,2.7069,12.3031,-2.7223,0.1289,-1.2520,0,1,0,0.35121,1
0.4077,4.0306,2.5954,12.3574,-2.3610,0.0421,-1.1606,0,1,1,0.68318,1
0.4024,4.0952,2.6386,12.3924,-3.0537,0.0284,-1.1549,0,1,1,0.86563,1
0.4594,4.4726,2.4786,11.7326,-1.2976,0.0046,-0.6780,0,1,0,0.42863,3
0.5032,4.8787,2.3868,12.1207,-1.6622,0.0298,-1.1891,0,1,0,0.51247,1
0.4050,4.1875,2.6517,12.1726,-1.4163,0.0165,-0.9591,0,1,0,0.84894,1
0.3562,3.8653,2.8048,11.4703,2.9838,0.1017,-0.4266,0,1,0,0.16120,3
0.4813,5.1637,2.5387,12.0833,-2.1090,0.0595,-1.1366,0,1,0,0.64508,3
0.3450,3.7265,2.8207,12.2202,-3.0412,0.0977,-0.9479,0,1,0,0.73678,3
0.4032,4.3121,2.6948,12.0050,2.8180,0.0353,-0.8404,0,1,0,0.72183,3
0.5110,4.6420,2.3070,11.8588,0.2689,0.0514,-0.9637,0,1,0,0.14827,1
0.4022,4.2518,2.6832,12.2302,2.4344,0.0992,-1.1151,0,1,0,0.81002,1
0.3335,3.6526,2.8600,12.0941,2.3892,0.0380,-0.7485,0,1,1,0.47211,1
0.4813,5.1799,2.5424,11.9260,-2.2550,0.0290,-0.9398,0,1,0,0.20105,3
0.3336,3.6477,2.8579,13.2748,3.0900,0.1030,-1.7381,1,2,0,1.76063,1
0.4325,4.5825,2.6255,12.0691,-1.6905,0.0021,-0.9213,0,1,1,0.68750,1
0.4352,4.4746,2.5862,12.8269,2.8426,0.0185,-1.6512,0,1,0,1.57375,1
0.4635,4.2929,2.4187,11.8561,-1.8066,0.0406,-0.8458,0,0,0,0.00000,1
0.5634,5.2686,2.2278,11.7718,1.0612,0.0309,-0.9541,0,0,0,0.00000,1
0.3437,3.7745,2.8442,13.3568,-2.7436,0.0155,-1.6922,0,2,0,0.75076,1
0.4280,4.4560,2.6144,11.8684,-3.1365,0.0548,-0.8032,0,1,0,0.41286,1
0.4263,4.2326,2.5645,11.9539,-2.8095,0.0216,-0.8302,0,1,0,0.40190,3
0.3846,3.9597,2.6862,11.7871,2.9267,0.1132,-0.7237,0,1,0,0.20833,1
0.4001,4.2152,2.6834,11.8698,2.9334,0.1318,-0.8453,0,1,0,0.25296,1
0.4524,4.9785,2.6280,11.9753,2.2977,0.0780,-0.9847,0,1,0,0.40042,3
0.3755,3.9506,2.7295,11.7557,-3.1326,0.1390,-0.7141,0,1,0,0.19995,1
0.3676,4.0004,2.7863,12.2246,2.9439,0.0479,-0.9444,0,1,1,0.89343,3
0.3954,4.1068,2.6758,11.9070,-2.2640,0.0483,-0.7592,0,1,0,0.21048,3
0.4697,5.0383,2.5631,13.1451,-1.5725,0.0105,-2.1129,0,1,1,1.95000,1
0.5459,5.3255,2.3045,11.9033,0.7977,0.0129,-1.0397,0,1,0,0.38040,3
0.3807,4.1878,2.7735,12.0645,-2.5349,0.1491,-0.9852,0,1,0,0.56406,3
0.4841,5.1346,2.5203,11.8701,-0.1370,0.0027,-0.8570,0,1,0,0.43586,1
0.3471,3.7111,2.8036,12.1067,-2.7892,0.0141,-0.7585,0,1,0,0.84740,1
0.4242,4.4213,2.6232,11.6445,2.1427,0.0401,-0.5852,0,1,0,0.20636,3
0.4847,4.7018,2.4245,12.2928,1.8707,0.0057,-1.2781,0,2,0,0.99726,1
0.4310,4.2685,2.5525,11.8856,0.6961,0.0080,-0.7632,0,1,0,0.28136,1
0.4950,4.5880,2.3584,12.4271,-0.0591,0.0362,-1.4941,0,1,1,0.92925,1
0.5023,5.0952,2.4351,11.9899,-1.8939,0.0533,-1.0848,0,1,0,0.45414,3
0.5731,5.2667,2.1918,12.3390,0.2559,0.0302,-1.6396,0,1,0,1.05472,1
0.4437,4.2844,2.5003,12.1537,2.2710,0.0317,-1.0650,1,1,0,0.31174,1
0.4594,4.2762,2.4316,11.8106,0.5889,0.0507,-0.8084,0,1,0,0.42494,1
0.4543,5.0059,2.6256,12.2297,2.5820,0.0217,-1.1544,0,1,0,0.99144,2
0.4455,4.7940,2.6165,11.8366,-1.6241,0.0345,-0.7856,0,1,0,0.38798,1
0.3355,3.6986,2.8648,11.5868,-2.6203,0.0495,-0.4199,0,1,0,0.29702,0
0.4847,5.2901,2.5506,11.9932,1.7819,0.0186,-1.0007,0,1,0,0.40953,1
0.3610,3.8382,2.7703,11.5708,-2.2044,0.0315,-0.4228,0,1,0,0.35281,1
0.4004,4.0191,2.6264,12.0503,-2.1929,0.0357,-0.8713,0,1,0,0.42274,3
0.3601,3.8371,2.7749,11.6179,2.5632,0.0621,-0.4915,0,1,0,0.18272,3
0.3545,3.7677,2.7823,11.9416,2.7726,0.0955,-0.7602,0,1,0,0.54868,3
0.3828,3.9788,2.7012,11.6101,2.3655,0.0109,-0.4579,0,1,0,0.42518,1
0.3537,3.8484,2.8127,11.9106,-2.5832,0.0650,-0.6968,0,1,0,0.66839,3
0.3523,3.8614,2.8247,11.8513,2.9671,0.1766,-0.7899,0,1,0,0.60721,1
0.3800,4.1293,2.7601,11.9574,2.8679,0.1015,-0.8350,0,1,0,0.50340,3
0.4325,4.3507,2.5668,11.6099,2.6700,0.0384,-0.5665,0,1,0,0.35651,1
0.5433,5.0694,2.2675,11.6289,1.4093,0.0349,-0.7633,0,1,0,0.23283,1
0.4510,4.4087,2.4995,11.5834,1.1121,0.0342,-0.5664,0,1,0,0.19148,1
0.3520,3.8660,2.8282,13.0988,-3.0338,0.0570,-1.5986,0,1,1,1.69351,1
0.3417,3.7315,2.8406,11.7957,-3.0410,0.0280,-0.5461,0,1,0,0.46386,1
0.4922,4.9824,2.4536,12.1479,0.2619,0.0004,-1.1475,0,1,0,0.66135,1
0.5593,5.4827,2.2805,12.3359,-1.2621,0.0026,-1.5529,0,1,0,0.91191,1
0.4580,4.4593,2.4816,12.3446,2.1466,0.0231,-1.2740,0,1,0,0.82676,1
0.4151,4.4231,2.6672,12.1194,2.2649,0.1026,-1.0571,0,1,0,0.84223,3
0.3455,3.7749,2.8338,12.4444,-2.7240,0.1167,-1.1463,0,1,0,1.04739,3
0.4176,4.3398,2.6332,13.0583,-2.7321,0.0212,-1.7999,0,1,1,1.64836,1
0.4801,4.6396,2.4299,11.8850,0.5821,0.0144,-0.8751,0,1,0,0.53597,1
0.3746,4.0999,2.7795,12.4304,3.0899,0.0489,-1.1296,0,2,0,0.88511,3
0.4435,4.8252,2.6334,13.2923,2.6381,0.0597,-2.2294,1,2,0,2.08350,1
0.4498,4.3557,2.4914,12.6768,2.4867,0.0268,-1.5756,0,1,0,1.40985,1
0.4512,4.8447,2.6027,11.8457,-1.6814,0.0008,-0.7624,0,1,0,0.38869,1
0.4974,4.5799,2.3471,11.6173,1.3977,0.0244,-0.6590,0,1,0,0.30580,3
0.5401,5.2394,2.3113,11.7863,1.8540,0.0275,-0.9187,0,1,0,0.32188,1
0.5086,5.3279,2.4553,11.7367,-1.1067,0.0314,-0.8107,0,1,0,0.32340,1
0.5372,5.3799,2.3486,11.9558,1.1818,0.0469,-1.1241,0,1,0,0.37647,3
0.3714,4.1010,2.7965,12.8285,2.4517,0.0889,-1.5089,1,1,1,1.30274,0
0.3868,4.2666,2.7646,12.0120,-2.8420,0.0680,-0.8509,0,1,0,0.77899,2
0.3508,3.7659,2.8018,11.9088,-2.2541,0.0698,-0.6956,0,1,0,0.54284,1
0.4236,4.2364,2.5776,11.7629,-1.7004,0.0117,-0.6485,0,1,0,0.43786,3
0.3850,3.9322,2.6761,11.8691,2.1483,0.0259,-0.6790,0,1,0,0.47904,3
0.5160,5.2338,2.4063,12.0082,0.4010,0.0232,-1.0966,0,0,0,0.00000,1
0.3608,3.9421,2.8045,11.7015,2.0719,0.0551,-0.5450,0,1,0,0.24349,1
0.4839,4.4059,2.3620,11.9679,-0.2588,0.0050,-0.9495,0,1,0,0.63194,1
0.3435,3.6908,2.8170,12.9872,-2.4085,0.0499,-1.4599,0,1,3,1.56434,1
0.4437,4.4107,2.5321,12.7090,-2.3926,0.0211,-1.5747,0,1,2,1.54333,1
0.4248,4.1814,2.5579,11.7181,-0.9521,0.0049,-0.6039,0,1,0,0.21999,1
0.4210,4.6191,2.6896,12.1707,-2.5948,0.0700,-1.0738,0,1,0,0.54965,3
0.4192,4.1056,2.5627,11.8032,2.1907,0.0616,-0.7375,0,1,0,0.32206,1
0.4751,4.6053,2.4429,11.7442,1.4789,0.0288,-0.7489,0,1,0,0.17078,3
0.4349,4.2657,2.5345,12.6612,2.3981,0.0379,-1.5230,0,1,0,1.55074,1
0.3677,3.9323,2.7645,11.7569,-2.7285,0.1731,-0.7428,0,1,0,0.49470,1
0.4197,4.3346,2.6220,11.8996,-2.4883,0.0562,-0.8145,0,1,0,0.29289,3
0.4894,4.5578,2.3739,11.8851,1.2114,0.0074,-0.8849,0,1,0,0.21556,1
0.4151,4.2759,2.6279,12.5605,1.7265,0.0061,-1.3100,0,1,2,1.12136,1
0.4297,4.3546,2.5807,11.9421,1.5986,0.0272,-0.8352,0,1,0,0.34399,3
0.4170,4.3324,2.6337,11.8739,2.5713,0.0734,-0.8091,0,1,0,0.51098,1
0.3354,3.7043,2.8670,12.6590,2.6728,0.0218,-1.1345,0,1,2,1.96604,0
0.4610,4.9115,2.5735,12.6745,2.2327,0.0157,-1.6001,0,1,1,1.48679,1
0.4006,4.2454,2.6894,12.0029,-2.3385,0.0776,-0.8878,1,0,0,0.18370,3
0.5444,5.3341,2.3120,12.7972,-0.1501,0.0265,-2.0816,0,1,0,1.23131,1
0.4510,4.5106,2.5239,11.9307,-1.2453,0.0177,-0.8596,0,1,0,0.49365,1
0.5742,5.8687,2.2874,12.1274,-1.3997,0.0034,-1.3571,0,1,0,0.24135,3
0.4588,4.3476,2.4513,11.7933,1.7823,0.0374,-0.7742,0,1,0,0.46462,3
0.4138,4.1777,2.6075,11.9167,2.9310,0.0357,-0.7898,0,1,0,0.53170,3
0.4182,4.2042,2.5939,11.9406,1.1747,0.0350,-0.8188,0,1,0,0.64941,1
0.4408,4.2331,2.5000,11.6545,0.5664,0.0278,-0.6047,0,1,0,0.34601,1
0.3846,3.9857,2.6938,11.6917,2.6513,0.0188,-0.5324,0,1,0,0.27853,3
0.3660,3.9488,2.7786,13.1662,-2.6282,0.0505,-1.7095,0,1,4,1.42074,1
0.4222,4.3867,2.6236,11.7637,2.5354,0.0181,-0.6552,0,1,0,0.38636,3
0.4003,4.3798,2.7281,11.6859,2.4068,0.1095,-0.6646,0,1,0,0.37411,3
0.3550,3.8546,2.8079,11.6377,2.6036,0.0311,-0.4612,0,1,0,0.25704,1
0.4288,4.4011,2.5966,11.5919,-2.2914,0.0152,-0.5175,0,1,0,0.23273,3
0.4675,4.6679,2.4895,11.7375,2.0546,0.0018,-0.6946,0,1,0,0.45974,3
0.3544,3.8931,2.8238,12.5816,-2.6046,0.0409,-1.1710,1,0,0,0.26242,1
0.4775,5.0209,2.5247,11.8693,-2.6078,0.0527,-0.9066,0,1,0,0.14633,1
0.4291,4.2913,2.5670,11.9999,-2.1990,0.0843,-0.9608,0,1,0,0.53623,1
0.4808,4.5272,2.4019,12.2991,-1.6534,0.0324,-1.3115,0,1,0,0.56070,1
0.3950,4.0916,2.6736,12.1227,-3.0952,0.0481,-0.9347,0,1,0,0.37839,3
0.3538,3.7557,2.7820,12.9374,2.7350,0.0625,-1.4857,0,1,1,1.12627,1
0.4567,4.8247,2.5728,12.0216,-1.8337,0.0152,-0.9549,0,1,0,0.53429,3
0.3890,4.0112,2.6796,11.8209,3.0909,0.0752,-0.7114,0,1,0,0.30768,1
0.4634,4.9526,2.5722,12.1148,-0.5539,0.0020,-1.0422,0,1,0,0.44374,1
0.5460,5.2630,2.2929,12.1743,0.2629,0.0469,-1.3909,0,1,0,0.54337,1
0.3765,4.0352,2.7502,12.2963,-2.2547,0.0181,-0.9844,0,1,1,1.06321,1
0.4043,4.1177,2.6360,12.0161,1.8834,0.0292,-0.8433,0,1,0,0.35373,3
0.4449,4.6783,2.5917,11.9984,-2.7318,0.0496,-0.9508,0,0,2,0.50457,3
0.3488,3.7456,2.8058,12.6161,-2.7367,0.0508,-1.1934,0,1,0,1.35085,1
0.4853,5.0023,2.4873,12.2233,3.1415,0.0373,-1.2573,0,1,1,0.48173,1
0.4352,4.4925,2.5903,12.7390,2.2521,0.0250,-1.5782,0,2,0,1.16970,1
0.5164,5.0659,2.3716,12.7716,0.7497,0.0080,-1.9045,0,1,0,1.43930,1
0.3350,3.6766,2.8598,12.5977,-3.1268,0.1325,-1.2526,0,1,1,1.17821,1
0.3834,4.2172,2.7682,11.9805,-2.7515,0.0129,-0.7470,0,1,0,0.64352,1
0.4722,4.7093,2.4786,12.0970,-1.4068,0.0388,-1.0967,0,1,0,0.60263,1
0.4325,4.1473,2.5146,11.8104,-2.3392,0.0086,-0.7010,0,1,0,0.34572,3
0.4388,4.3668,2.5428,11.7210,-2.4171,0.0321,-0.6654,0,1,0,0.37478,3
0.4167,4.5675,2.6969,12.1025,2.2995,0.0215,-0.9376,0,1,0,0.27652,1
0.3838,4.2152,2.7657,12.2647,2.8133,0.0318,-0.9990,0,1,1,0.74588,3
0.4084,4.2150,2.6433,11.7202,-1.7441,0.0239,-0.6015,0,1,0,0.39139,1
0.4258,4.3142,2.5879,12.0824,-2.4887,0.0449,-0.9734,0,1,0,0.63865,1
0.4383,4.5007,2.5784,12.2187,2.9387,0.0352,-1.1162,0,1,0,0.90138,1
0.4168,4.3047,2.6277,11.9139,2.9998,0.0508,-0.8136,0,1,0,0.63669,1
0.4120,4.4187,2.6806,12.4465,-3.0381,0.0966,-1.3330,0,1,0,1.28249,1
0.4032,4.3683,2.7106,12.2200,2.4336,0.0381,-1.0246,0,2,0,0.77213,3
0.3861,4.1353,2.7305,12.1264,2.1274,0.0295,-0.8904,0,1,0,0.66218,1
0.3917,4.0255,2.6708,11.6988,-2.9929,0.0086,-0.5369,0,1,0,0.35701,3
0.3534,3.8709,2.8216,12.4142,2.0396,0.0412,-1.0401,0,1,0,1.08718,1
0.3998,4.3024,2.7091,11.7623,-1.8168,0.0200,-0.6159,0,1,0,0.51408,1
0.5828,5.8816,2.2561,12.3445,0.8074,0.0386,-1.6963,0,1,0,0.51992,1
0.4378,4.6137,2.6085,12.2765,-3.0756,0.0155,-1.1408,0,1,1,0.82615,3
0.4520,4.6746,2.5588,11.6688,-0.5334,0.0014,-0.6049,0,1,0,0.36676,1
0.4971,5.2988,2.4980,12.0875,2.6715,0.0356,-1.1496,1,1,0,0.29566,1
0.4229,4.3174,2.6022,11.9112,-2.6102,0.0350,-0.8039,0,1,0,0.62872,3
0.5087,5.0987,2.4091,12.2106,-1.0286,0.0266,-1.2958,0,1,0,0.76633,1
0.4120,4.2348,2.6313,11.9629,-2.3324,0.0136,-0.7961,0,1,0,0.48922,3
0.5536,5.6712,2.3354,12.1862,-2.8557,0.0183,-1.3877,0,1,0,0.71145,1
0.5220,5.3426,2.4027,12.4839,-1.1916,0.0021,-1.5981,0,0,0,0.00000,1
0.3445,3.7789,2.8410,12.2502,-2.6356,0.0337,-0.8817,0,1,0,0.82446,1
0.5328,5.4407,2.3771,11.8234,1.6429,0.0223,-0.9383,0,1,0,0.15575,3
0.3677,3.9609,2.7735,12.5985,2.6154,0.0914,-1.3067,0,1,0,1.24432,1
0.4320,4.4679,2.5992,12.2959,-2.8623,0.0260,-1.1557,0,1,0,0.93421,1
0.4635,5.0857,2.6015,12.1148,2.7787,0.1204,-1.2037,0,1,0,0.71522,1
0.3955,4.0440,2.6575,12.1054,-2.8152,0.0934,-0.9830,0,1,0,0.85465,1
0.4813,4.7859,2.4574,11.6459,0.7142,0.0176,-0.6530,0,1,0,0.34820,1
0.5800,5.4236,2.1928,12.1420,-0.1708,0.0535,-1.4589,0,1,0,0.49626,1
0.4399,4.7268,2.6266,11.7675,-2.3062,0.1209,-0.8209,0,1,0,0.20485,3
0.4309,4.1996,2.5353,12.1282,3.0185,0.0091,-0.9768,0,1,0,0.83662,1
0.3471,3.7354,2.8118,11.6083,2.7907,0.0227,-0.4192,0,1,0,0.24870,1
0.4270,4.1870,2.5494,12.1294,-0.9019,0.0120,-0.9719,0,1,0,0.54246,1
0.4031,4.0143,2.6126,11.4558,1.5516,0.0005,-0.3540,0,1,0,0.22965,1
0.4370,4.5554,2.5981,11.9178,-2.9339,0.0750,-0.8925,0,1,0,0.66131,1
0.4668,4.8535,2.5348,12.0867,2.1166,0.0292,-1.0603,0,1,0,0.61749,3
0.5588,5.2934,2.2492,12.1267,-1.4923,0.0088,-1.3165,0,1,0,0.63759,1
0.4072,4.4378,2.7092,11.9441,-2.5748,0.1365,-0.9293,0,1,0,0.46064,1
0.3864,4.0538,2.7053,13.0817,-2.0232,0.0324,-1.6992,0,1,1,1.66396,1
0.4247,4.4770,2.6355,11.8717,-2.3986,0.0585,-0.8040,0,1,0,0.41097,3
0.3580,3.8448,2.7886,12.9964,-2.5369,0.0128,-1.4671,0,1,1,1.69040,1
0.3779,3.9042,2.7030,11.6947,-3.1330,0.0422,-0.5522,0,1,0,0.39245,3
0.4682,4.7590,2.5070,11.7181,0.9475,0.0168,-0.6973,0,1,0,0.22213,1
0.3540,3.7880,2.7916,11.8109,-2.6067,0.0421,-0.5964,0,1,0,0.35395,3
0.4325,4.2459,2.5402,12.2254,-1.8318,0.0023,-1.0584,1,1,1,0.63092,1
0.4317,4.7246,2.6645,12.3334,-3.0957,0.0398,-1.2098,0,1,0,0.97512,3
0.4224,4.5006,2.6522,12.4475,1.6189,0.0225,-1.2590,0,1,0,1.11253,1
0.4255,4.1769,2.5532,11.8763,-1.6047,0.0209,-0.7604,0,1,0,0.32212,3
0.4291,4.3750,2.5885,12.8864,0.8148,0.0024,-1.6552,0,1,0,1.40043,1
0.3749,4.0681,2.7684,13.1153,1.9678,0.0209,-1.6551,0,1,1,2.10082,1
0.4241,4.4403,2.6285,12.1927,1.5848,0.0251,-1.0400,0,1,0,0.77457,1
0.4348,4.4984,2.5940,12.5915,2.2598,0.0304,-1.4452,0,1,0,1.51073,1
0.3592,3.8080,2.7701,11.7802,2.2749,0.0121,-0.5466,0,1,0,0.45027,1
0.3539,3.8860,2.8238,12.1043,-2.2023,0.0448,-0.8139,0,1,0,0.67129,1
0.4960,5.3163,2.5063,12.2852,-2.7755,0.0547,-1.3791,0,1,0,0.73644,1
0.5266,5.4562,2.4055,12.0290,-0.9654,0.0396,-1.1687,0,1,0,0.65709,1
0.5543,5.0841,2.2290,12.3209,1.4372,0.0173,-1.5378,0,1,0,0.22319,1
0.5786,5.9077,2.2765,12.2940,-1.8621,0.0173,-1.5895,0,1,0,0.79185,1
0.3821,3.9796,2.7047,12.1447,1.8125,0.0394,-0.9080,0,1,0,0.70833,1
0.4374,4.7511,2.6440,12.5248,-2.4677,0.0249,-1.3845,0,1,1,0.98130,1
0.4482,4.7489,2.5938,12.1369,2.2857,0.0047,-1.0262,0,1,0,0.61736,3
0.4685,4.3859,2.4200,11.6852,-1.8558,0.0531,-0.7112,0,1,0,0.38360,1
0.4174,4.2976,2.6225,12.0730,-2.5272,0.0754,-0.9857,0,1,0,0.63928,1
0.4802,5.0460,2.5186,12.3486,-1.2804,0.0447,-1.3808,0,1,0,1.10376,1
0.4624,4.5791,2.4907,11.7852,0.3915,0.0177,-0.7492,0,1,0,0.30458,1
0.3487,3.8069,2.8266,12.5058,-2.4123,0.0597,-1.1214,0,0,3,0.51264,3
0.4015,4.2409,2.6838,11.8445,2.2577,0.0923,-0.7766,0,1,0,0.26774,3
0.4256,4.1812,2.5541,12.5730,-1.5910,0.0151,-1.3704,0,1,0,1.17764,1
0.4298,4.3899,2.5892,11.8571,-2.0238,0.0038,-0.7313,0,1,0,0.25708,3
0.4504,4.7270,2.5784,13.0645,-2.9880,0.0052,-1.9283,0,1,0,1.73123,1
0.4639,4.9376,2.5665,12.7756,-2.6088,0.0061,-1.6976,0,1,1,1.53119,1
0.3803,3.9731,2.7117,12.1291,-2.2935,0.0145,-0.8576,0,1,0,0.63476,1
0.3371,3.7115,2.8596,12.6453,2.4790,0.0367,-1.1529,0,1,0,1.45497,0
0.4026,4.1894,2.6639,12.5622,2.6162,0.0153,-1.2826,0,1,1,1.29076,1
0.3760,3.9171,2.7166,12.1159,2.7871,0.0239,-0.8491,0,1,0,0.80374,3
0.3723,4.0549,2.7779,11.7982,-2.1084,0.0618,-0.6453,0,1,0,0.45772,1
0.5518,5.6332,2.3358,12.1108,-1.3566,0.0060,-1.2791,0,1,1,0.65454,3
0.4823,4.8669,2.4705,12.3072,-1.1649,0.0161,-1.3026,0,1,0,0.82297,1
0.3980,4.0612,2.6500,11.7071,2.3427,0.0940,-0.6594,0,1,0,0.26662,3
0.4564,4.2525,2.4384,11.8617,-1.6331,0.0032,-0.7869,0,1,0,0.39032,0
0.3797,4.1073,2.7553,11.9735,2.7054,0.1740,-0.9408,0,1,0,0.39960,1
0.3401,3.6883,2.8349,12.7512,2.7201,0.0499,-1.2636,0,1,2,1.35213,1
0.3731,3.8670,2.7164,11.7181,-2.4916,0.1038,-0.6374,0,1,0,0.25046,3
0.4006,4.1687,2.6677,11.8843,-2.6129,0.0957,-0.8125,0,1,0,0.35324,1
0.3794,4.0638,2.7434,12.2821,-2.4397,0.1425,-1.1549,0,1,1,0.87700,1
0.3935,4.2564,2.7278,12.0454,-2.5308,0.0169,-0.8267,0,1,0,0.52601,1
0.5168,4.8950,2.3362,12.1383,-0.5737,0.0727,-1.3058,0,1,0,0.61437,1
0.3588,3.7778,2.7623,11.7701,2.0239,0.0267,-0.5567,0,1,0,0.55816,1
0.5949,5.5258,2.1549,12.0147,-0.1972,0.1012,-1.4127,0,1,0,0.68346,1
0.3873,4.1317,2.7235,11.7692,2.3274,0.0120,-0.5887,0,1,0,0.29552,1
0.3671,4.0224,2.7957,13.1523,-2.5053,0.0667,-1.7308,0,1,1,1.87584,1
0.4959,5.1177,2.4662,11.8400,-2.3299,0.0109,-0.8622,0,1,0,0.29132,3
0.3913,4.0881,2.6907,12.2965,-1.7377,0.0478,-1.0687,0,1,0,1.09901,1
0.4338,4.2839,2.5438,11.5300,-1.6133,0.0267,-0.4857,0,1,0,0.22485,3
0.4687,5.0687,2.5741,12.2780,2.3402,0.0959,-1.3478,0,1,1,0.91113,1
0.4843,4.9013,2.4698,12.1455,-2.0121,0.0274,-1.1614,0,1,1,0.56018,1
0.4166,4.2817,2.6224,12.0504,-1.6154,0.0027,-0.8661,0,1,0,0.52359,1
0.3782,4.0324,2.7403,11.8154,3.0418,0.0994,-0.7164,0,1,0,0.37181,3
0.4027,4.1609,2.6556,11.9289,2.8656,0.0167,-0.7518,0,1,0,0.54455,3
0.3669,3.8807,2.7527,12.3043,2.8610,0.0559,-1.0159,0,1,0,0.92510,3
0.5175,4.9710,2.3483,12.2737,1.6191,0.0221,-1.3810,0,1,0,0.39190,1
0.4763,4.5086,2.4160,12.0491,0.6137,0.0078,-1.0158,0,1,0,0.43445,1
0.3839,3.9810,2.6960,11.5267,-2.9549,0.0096,-0.3952,0,1,0,0.17928,1
0.4735,4.8702,2.5090,11.7987,0.8577,0.0002,-0.7624,0,1,0,0.41321,3
0.4952,4.8050,2.4037,12.1345,1.0589,0.0375,-1.1928,0,1,0,0.81100,1
0.3849,4.2249,2.7628,12.1287,2.7512,0.1404,-1.0374,0,1,0,0.86357,1
0.5029,5.2983,2.4732,11.5879,2.3244,0.0332,-0.6533,0,1,0,0.15469,3
0.3842,3.9414,2.6830,12.5681,-2.0642,0.0094,-1.2148,0,1,2,1.08349,1
0.3535,3.8464,2.8132,12.8695,-2.4991,0.1187,-1.5196,0,1,2,1.20541,1
0.4468,4.4051,2.5167,11.7770,-0.5606,0.0136,-0.7064,0,1,0,0.19443,1
0.4643,4.8202,2.5382,11.9259,2.6002,0.0184,-0.8866,0,1,0,0.41841,3
0.4359,4.2749,2.5324,11.7341,2.8852,0.0021,-0.6337,0,1,0,0.35158,3
0.4451,4.5493,2.5595,11.8435,2.8668,0.0284,-0.7823,0,1,0,0.56456,3
0.4794,5.2178,2.5585,12.4501,2.0969,0.0636,-1.5115,0,1,1,1.23856,3
0.3802,4.0162,2.7256,13.1056,2.7805,0.0647,-1.7493,0,1,0,1.82692,1
0.3871,4.1944,2.7428,12.9836,-2.1907,0.0376,-1.6248,0,1,1,1.93916,1
0.4178,4.4863,2.6704,12.1873,2.7614,0.0405,-1.0397,0,1,0,0.82342,3
0.5458,5.0870,2.2615,12.0599,-0.1980,0.0513,-1.2658,0,1,1,0.67526,1
0.4122,4.1874,2.6174,12.9037,-1.7584,0.0293,-1.6466,0,1,1,1.70571,1
0.4690,4.6954,2.4891,12.3040,0.1001,0.0022,-1.2384,0,1,0,0.67558,1
0.5213,5.2552,2.3886,11.8690,0.3667,0.0208,-0.9592,0,1,0,0.16902,1
0.4825,4.4331,2.3736,12.2375,-1.4210,0.0244,-1.2417,0,1,0,0.75836,1
0.3889,3.9870,2.6732,11.8052,2.2068,0.0181,-0.6267,0,1,0,0.57213,3
0.4498,4.9481,2.6329,12.9526,-3.1040,0.0165,-1.8349,1,2,1,1.38356,1
0.3792,4.1363,2.7664,11.9056,-3.0818,0.0419,-0.7164,0,1,0,0.72672,3
0.4492,4.8385,2.6101,12.1228,-2.8753,0.0879,-1.1296,0,2,0,0.70450,1
0.4043,4.2558,2.6741,11.8951,1.8895,0.0122,-0.7221,0,1,0,0.42910,1
0.3714,3.9953,2.7646,12.2157,2.7496,0.0182,-0.9073,0,1,1,0.66633,1
0.4383,4.6146,2.6064,12.5715,-2.3670,0.0132,-1.4129,0,1,0,1.09517,1
0.4524,4.4779,2.5103,12.6984,1.9602,0.0074,-1.5748,0,1,0,1.30243,1
0.4590,4.7494,2.5450,11.9215,-2.6577,0.0755,-0.9457,0,1,0,0.56293,1
0.4328,4.1931,2.5251,11.6509,-1.1407,0.0275,-0.5882,0,1,0,0.28702,1
0.3850,4.2063,2.7566,13.2863,1.8758,0.0309,-1.8712,0,1,1,2.06920,1
0.3857,4.1323,2.7319,12.1615,-2.0568,0.0130,-0.8952,0,1,1,0.55773,1
0.5370,5.0480,2.2877,11.9422,1.4360,0.0397,-1.0968,0,1,0,0.44441,1
0.3990,4.0202,2.6335,12.0243,1.9103,0.0449,-0.8587,0,1,0,0.29726,3
0.4405,4.5518,2.5812,11.8785,-2.6873,0.0212,-0.7948,0,1,0,0.37854,3
0.3370,3.7072,2.8588,11.5899,-2.9936,0.0325,-0.4043,0,1,0,0.17720,1
0.4338,4.3723,2.5665,12.0597,-1.1460,0.0175,-0.9356,0,1,1,0.64835,1
0.4147,4.3816,2.6580,11.8957,2.2206,0.0454,-0.7869,0,1,0,0.52519,3
0.6072,5.9607,2.1764,11.9732,-1.2518,0.0425,-1.3120,0,1,0,0.66590,3
0.5133,5.1879,2.4083,12.5198,-1.0981,0.0386,-1.6637,0,1,0,0.91410,1
0.4705,5.1944,2.5936,12.0247,-1.6967,0.0548,-1.0452,0,1,0,0.51118,0
0.4288,4.4801,2.6169,11.8795,-3.0157,0.0437,-0.8004,0,1,0,0.42676,3
0.4286,4.2181,2.5501,11.9057,1.5863,0.0251,-0.7978,0,1,0,0.63106,3
0.4626,4.7363,2.5266,12.2396,2.2117,0.0036,-1.1599,0,2,0,0.95891,1
0.3504,3.7969,2.8140,12.4433,-2.6074,0.0386,-1.0490,1,1,0,1.18107,1
0.5149,4.9489,2.3543,12.2003,3.1321,0.0021,-1.2651,0,1,0,0.55982,1
0.3749,4.1367,2.7891,12.5376,-2.4792,0.0544,-1.2258,1,2,0,1.08687,2
0.5035,4.6102,2.3294,12.4281,-1.3258,0.0110,-1.4829,0,1,1,1.10536,1
0.4261,4.3022,2.5837,11.7896,2.6885,0.0824,-0.7655,0,1,0,0.40247,1
0.3395,3.6981,2.8419,11.8819,2.8728,0.1433,-0.7456,0,1,0,0.36367,3
0.4817,5.1304,2.5301,12.1341,2.9759,0.0467,-1.1710,0,1,0,0.59975,1
0.4637,5.1156,2.6071,11.9801,2.9949,0.0263,-0.9483,0,1,0,0.55256,2
0.3567,3.8800,2.8066,12.5051,-2.5523,0.0337,-1.1093,0,1,1,1.26846,1
0.4475,4.8261,2.6149,12.1886,2.8647,0.0062,-1.0749,0,1,0,0.79126,3
0.4256,4.3123,2.5883,12.0064,1.1787,0.0207,-0.8736,0,1,0,0.59991,1
0.3692,4.0120,2.7810,12.9152,-2.6645,0.0736,-1.5496,1,2,0,1.14507,1
0.5258,5.6612,2.4465,11.7049,2.9472,0.0082,-0.7826,0,1,0,0.33066,3
0.5765,5.8941,2.2825,11.9784,1.0588,0.0489,-1.2509,0,1,0,0.42683,3
0.4900,4.5396,2.3677,11.8670,-0.9402,0.0594,-0.9378,0,1,0,0.38346,1
0.5747,5.7341,2.2637,11.8095,0.6510,0.0399,-1.0357,0,1,0,0.23598,3
0.3950,4.2168,2.7089,11.9267,-2.3679,0.0618,-0.7919,0,1,0,0.50384,3
0.4515,4.3922,2.4930,12.1800,1.3140,0.0180,-1.0913,0,0,0,0.00000,1
0.4784,4.6123,2.4308,11.8896,-0.4850,0.0032,-0.8609,0,1,0,0.67999,3
0.3831,3.9630,2.6947,12.3721,2.1896,0.0341,-1.0872,0,1,1,0.80439,1
0.3610,3.9057,2.7916,11.9543,-2.8775,0.0320,-0.7024,0,1,0,0.67639,1
0.3518,3.7462,2.7896,12.7231,-3.1345,0.0338,-1.2610,0,1,1,1.48218,1
0.4787,4.5653,2.4189,11.9176,-2.4184,0.0181,-0.9082,0,1,0,0.43570,1
0.4087,4.3896,2.6889,11.9902,2.0587,0.0313,-0.8355,0,1,0,0.69192,1
0.4033,4.0660,2.6260,11.9141,-2.7806,0.0294,-0.7571,0,1,0,0.40910,3
0.4292,4.4460,2.6063,11.8940,2.6206,0.0521,-0.8247,0,1,0,0.48093,3
0.4757,5.1247,2.5551,11.6884,2.2288,0.0340,-0.7057,0,1,0,0.24248,3
0.3479,3.8396,2.8422,11.9763,2.5868,0.0272,-0.6841,0,1,0,0.68701,0
0.4532,4.9693,2.6221,11.6559,-1.4995,0.0088,-0.6058,0,1,0,0.27786,1
0.4956,5.1335,2.4709,11.8982,2.1787,0.0082,-0.9163,0,1,0,0.20022,3
0.4340,4.6896,2.6449,12.1707,1.7827,0.0281,-1.0518,0,1,1,0.59052,1
0.3821,4.2000,2.7697,11.9044,2.3340,0.0183,-0.6918,0,1,0,0.57940,1
0.4774,5.0706,2.5359,11.8351,2.8727,0.0027,-0.8089,0,1,0,0.29819,3
0.4869,5.0731,2.4953,12.0339,-1.8826,0.0320,-1.0633,0,1,0,0.44575,3
0.4894,4.8797,2.4437,11.7652,1.0017,0.0035,-0.7648,0,1,0,0.31948,3
0.5055,5.1398,2.4306,12.4246,2.5652,0.0334,-1.5252,0,0,0,0.00000,1
0.5478,5.1179,2.2595,11.9798,1.2574,0.0178,-1.1338,0,1,0,0.47946,1
0.3670,3.8408,2.7394,12.5640,-2.9210,0.1038,-1.2958,0,1,1,1.30386,1
0.4561,4.5188,2.5040,12.6694,0.8451,0.0081,-1.5615,0,0,1,0.19121,1
0.3916,4.3024,2.7502,13.3719,2.8111,0.0560,-2.0307,0,1,0,2.29922,1
0.3327,3.6266,2.8557,11.5701,2.9759,0.1237,-0.4918,0,1,0,0.28110,2
0.3806,4.0966,2.7471,12.5976,-3.1340,0.0425,-1.2776,0,1,1,1.44106,1
0.4259,4.2442,2.5695,11.8475,-1.2934,0.0378,-0.7583,0,1,0,0.22115,1
0.3574,3.9440,2.8234,13.3671,-2.6393,0.0329,-1.8040,0,1,6,2.69465,0
0.4015,4.0738,2.6369,11.7177,-1.0514,0.0059,-0.5650,0,1,0,0.48238,1
0.3701,4.0805,2.7975,12.0621,-2.8271,0.0845,-0.8727,0,1,0,0.62351,2
0.4496,4.8203,2.6040,12.3305,-2.2898,0.0385,-1.2596,0,1,1,0.67585,3
0.4779,5.0738,2.5347,12.1035,2.2994,0.0812,-1.1773,0,1,0,0.90855,1
0.4886,5.2263,2.5199,11.8882,-1.4716,0.0126,-0.8976,0,1,0,0.34363,1
0.6077,5.8647,2.1600,12.3565,-1.1972,0.0013,-1.7329,0,1,0,0.54985,1
0.3867,4.2514,2.7611,11.7114,-2.3919,0.0489,-0.5883,0,1,0,0.34995,1
0.4503,4.3948,2.4992,11.7446,2.1512,0.0142,-0.6843,0,0,0,0.00000,3
0.5158,4.9189,2.3447,11.9899,2.5130,0.0044,-1.0488,0,1,0,0.56412,1
0.3466,3.7111,2.8062,12.3834,-2.8185,0.0096,-0.9516,0,1,0,0.96593,1
0.4392,4.1825,2.4943,11.8442,2.6766,0.0006,-0.7332,0,1,0,0.46699,3
0.4366,4.6822,2.6309,12.8093,-2.9318,0.0567,-1.7037,0,1,0,1.56748,1
0.5377,4.9227,2.2611,11.7724,-1.3157,0.0032,-0.8644,0,1,0,0.24934,1
0.5538,5.7494,2.3480,11.9254,2.4863,0.0062,-1.0768,0,1,0,0.38145,3
0.3485,3.7375,2.8048,12.2154,2.9346,0.0592,-0.9016,0,1,0,0.79270,3
0.3911,3.9620,2.6550,11.8005,2.4338,0.0277,-0.6391,0,1,0,0.41482,3
0.3794,4.0473,2.7387,13.1253,-2.5326,0.0167,-1.6771,0,1,2,1.22927,1
0.4738,4.4379,2.4104,11.8825,-3.0222,0.0055,-0.8461,0,1,0,0.44628,1
0.4158,4.4606,2.6733,12.7523,-2.6092,0.0414,-1.5421,0,1,3,1.40594,1
0.4659,4.9230,2.5542,12.0755,3.0666,0.0500,-1.0759,0,0,2,0.28037,1
0.3803,3.9937,2.7181,12.0025,-1.9201,0.0402,-0.7922,0,1,0,0.44068,1
0.3903,4.0099,2.6727,12.0994,2.5473,0.0580,-0.9172,0,1,0,0.70135,3
0.4183,4.1989,2.5923,12.5683,-1.3116,0.0158,-1.3423,0,1,1,1.28851,1
0.3370,3.7054,2.8584,11.8469,2.9811,0.1547,-0.7294,0,1,0,0.64375,3
0.3405,3.7493,2.8537,12.3041,2.5552,0.0439,-0.9238,0,1,1,1.12917,0
0.3556,3.7849,2.7822,12.0702,2.2313,0.0900,-0.8519,0,2,0,0.66226,3
0.4187,4.3546,2.6316,12.4749,-2.3214,0.0367,-1.2921,0,1,1,1.09035,1
0.4395,4.5732,2.5910,11.6676,-3.0898,0.0283,-0.6158,0,1,0,0.36964,3
0.3831,4.2223,2.7712,11.7981,3.0834,0.0548,-0.6566,0,0,0,0.00000,2
0.4113,4.4655,2.6966,12.5303,1.7719,0.0259,-1.3012,0,1,0,1.23253,1
0.5955,5.6035,2.1649,12.0723,-1.4304,0.0361,-1.3920,0,1,0,0.35456,1
0.3894,4.2845,2.7563,13.2695,-2.4176,0.0152,-1.8492,0,1,2,2.22764,1
0.3914,4.2490,2.7364,11.6498,2.4490,0.0218,-0.5152,0,1,0,0.32886,1
0.4293,4.5422,2.6305,12.0855,-2.8823,0.0525,-0.9955,0,1,0,0.78928,3
0.3920,4.1038,2.6917,11.8377,3.0162,0.0161,-0.6560,0,1,0,0.60531,3
0.3634,3.8954,2.7759,12.6788,2.6340,0.1040,-1.3770,0,1,2,1.07550,1
0.4632,4.7425,2.5253,11.6996,-2.5933,0.0429,-0.7038,0,1,0,0.20365,1
0.3630,3.8708,2.7699,12.3240,2.2801,0.0530,-1.0160,0,1,0,1.12663,3
0.4285,4.5069,2.6254,12.1769,2.1479,0.0728,-1.1035,0,1,0,0.82010,3
0.4268,4.6415,2.6671,12.7862,-2.8074,0.0963,-1.7054,0,1,0,1.61943,1
0.4295,4.5293,2.6262,12.0021,2.8713,0.0363,-0.9002,0,1,0,0.33677,3
0.3696,3.8633,2.7332,12.0933,2.4705,0.0410,-0.8384,0,1,0,0.63606,3
0.3588,3.9035,2.8029,11.7998,2.5630,0.1443,-0.7233,0,1,0,0.23038,3
0.4540,4.9795,2.6209,12.1081,2.6960,0.0879,-1.1281,0,1,0,0.67488,1
0.3634,3.9060,2.7791,13.2873,-2.4756,0.0291,-1.7605,0,1,1,1.89365,1
0.4804,5.0659,2.5216,11.6087,-2.0892,0.0616,-0.6715,0,1,0,0.25282,3
0.4636,5.0651,2.5962,11.9055,2.3057,0.0579,-0.9182,0,1,0,0.60052,3
0.4581,4.7762,2.5554,11.6093,-2.2034,0.0624,-0.6363,0,1,0,0.29452,3
0.4915,5.3614,2.5350,12.2433,2.4101,0.0353,-1.2948,0,1,0,0.58662,3
0.4967,5.0835,2.4559,11.9792,1.6551,0.0250,-1.0223,0,1,0,0.27758,3
0.3547,3.7996,2.7918,12.0340,-2.4739,0.0500,-0.7704,0,1,0,0.73005,3
0.3876,4.0961,2.7116,11.5183,-2.7491,0.0207,-0.4070,0,1,0,0.21439,3
0.3728,4.1143,2.7930,12.7682,2.5173,0.0448,-1.3940,0,1,1,1.62014,0
0.4357,4.7979,2.6635,11.9920,2.5333,0.0506,-0.9251,0,1,0,0.37055,2
0.3943,4.3080,2.7381,11.8363,-3.0262,0.0123,-0.6552,0,1,0,0.63347,1
0.3799,4.1792,2.7751,13.0721,2.9587,0.0722,-1.7296,0,1,1,1.89642,1
0.3992,4.1278,2.6634,11.8997,2.4983,0.0354,-0.7445,0,1,0,0.43161,3
0.3765,4.0845,2.7647,11.8435,-2.7366,0.0787,-0.7091,0,1,0,0.34966,3
0.4137,4.0645,2.5771,12.7384,-0.9037,0.0056,-1.4612,0,1,0,1.33946,1
0.5777,5.3985,2.1969,11.8291,0.9735,0.0200,-1.0356,1,1,0,0.40208,1
0.4055,4.0880,2.6217,11.5344,-1.4009,0.0507,-0.4789,0,1,0,0.25559,1
0.4462,4.7115,2.5940,13.1689,1.3283,0.0063,-2.0154,0,1,1,1.85654,1
0.4325,4.3962,2.5787,12.2511,-2.6721,0.0331,-1.1263,0,1,0,0.93594,1
0.4626,4.7720,2.5344,11.7615,0.0002,0.0057,-0.7135,0,1,0,0.40713,1
0.4920,5.1297,2.4854,11.8618,-2.4583,0.0508,-0.9278,0,1,0,0.32395,1
0.3373,3.6600,2.8408,11.6841,2.6650,0.2208,-0.6941,0,1,0,0.36350,1
0.5029,5.4931,2.5121,11.5952,-2.2631,0.0345,-0.6628,0,1,0,0.21369,3
0.3443,3.8005,2.8495,12.6496,-2.5808,0.0523,-1.2048,0,1,1,1.26681,0
0.3555,3.8460,2.8024,13.0121,2.7342,0.0965,-1.6111,0,2,0,1.60540,1
0.3854,4.2123,2.7562,13.3197,3.0487,0.0763,-1.9891,0,0,5,1.42591,1
0.4354,4.5558,2.6055,12.5155,2.5028,0.0177,-1.3569,0,1,0,1.11622,1
0.4618,5.0319,2.5969,11.7512,-1.8275,0.0211,-0.7230,0,1,0,0.18984,1
0.4011,4.3296,2.7102,12.3798,2.8847,0.0372,-1.1534,0,0,1,0.60672,3
0.4583,4.4881,2.4872,11.7712,0.1779,0.0022,-0.7081,0,1,0,0.22773,3
0.4748,5.0841,2.5502,11.6543,2.1986,0.0715,-0.7180,0,1,1,0.39530,3
0.4558,4.9629,2.6088,11.6805,-2.5379,0.0040,-0.6263,0,1,0,0.15196,1
0.4068,4.2487,2.6601,12.3687,-2.5777,0.0318,-1.1532,0,1,1,0.86342,1
0.5349,5.7093,2.4177,12.5207,2.3537,0.0496,-1.7607,0,1,0,0.64693,1
0.4111,4.5214,2.7126,12.2519,2.5693,0.0225,-1.0526,0,1,0,0.95553,1
0.4263,4.2122,2.5589,11.7339,1.2299,0.0017,-0.6161,0,1,0,0.34589,1
0.3802,3.9375,2.7015,11.8859,-2.2344,0.0818,-0.7539,0,1,0,0.56599,3
0.4552,4.7584,2.5645,12.4618,0.7506,0.0052,-1.3539,0,1,1,0.59602,1
0.4666,5.0850,2.5874,12.5192,-1.9556,0.0448,-1.5098,0,1,0,1.35081,1
0.3405,3.6733,2.8276,12.2053,2.6122,0.0443,-0.8529,0,1,1,0.99552,1
0.4461,4.6769,2.5858,11.8527,-2.5633,0.0694,-0.8457,0,1,0,0.15111,1
0.4432,4.7829,2.6248,13.0481,1.8616,0.0215,-1.9084,0,1,1,1.81307,1
0.5572,5.1935,2.2377,12.1529,-0.4152,0.0744,-1.4378,0,1,0,0.46568,1
0.4343,4.5319,2.6046,13.0722,-2.6640,0.0281,-1.9026,1,2,0,1.28307,1
0.4340,4.5466,2.6096,11.9110,-2.8157,0.0706,-0.8742,0,1,0,0.43254,1
0.3787,4.0767,2.7509,12.8436,2.7316,0.1193,-1.6021,0,1,0,1.68627,1
0.4748,4.6907,2.4634,12.7707,3.1011,0.0133,-1.7452,0,1,1,0.97415,1
0.4031,4.3882,2.7161,12.0760,2.5160,0.1573,-1.0615,0,1,0,0.85728,1
0.3356,3.6806,2.8579,13.1850,-2.7862,0.1363,-1.7329,0,1,2,2.82832,1
0.3595,3.9300,2.8078,12.8612,-2.9663,0.1114,-1.5248,0,1,1,1.58589,1
0.3862,4.0725,2.7117,11.9483,2.3333,0.0439,-0.7671,0,1,0,0.78570,3
0.3927,4.2785,2.7383,11.7321,2.9498,0.0217,-0.5815,0,1,0,0.39400,1
0.4556,4.5872,2.5224,12.0175,2.3140,0.0163,-0.9486,0,1,0,0.57381,3
0.4410,4.5127,2.5693,12.2907,-2.3925,0.0417,-1.1998,0,1,1,0.87200,1
0.3434,3.7126,2.8245,12.0365,-3.0531,0.0605,-0.7601,0,1,0,0.34021,3
0.4226,4.4650,2.6420,12.7102,-3.1139,0.0565,-1.5532,0,1,0,1.60058,1
0.3966,4.2073,2.6983,12.1930,2.2769,0.0430,-0.9905,0,1,0,1.01553,3
0.4666,4.8660,2.5382,11.6641,-1.3354,0.0227,-0.6522,0,1,0,0.29989,1
0.4592,4.5981,2.5092,12.1356,-0.9065,0.0151,-1.0668,0,1,1,0.70486,1
0.4106,4.4218,2.6887,12.3062,2.4575,0.0102,-1.0805,0,1,0,0.72295,1
0.3617,3.8126,2.7585,12.9150,-2.8230,0.0393,-1.4617,0,1,1,1.53013,1
0.4511,4.5454,2.5320,12.8728,1.7309,0.0098,-1.7463,0,1,3,1.63171,1
0.4782,4.8431,2.4831,11.7826,-3.1048,0.0302,-0.7942,0,1,0,0.44433,1
0.3333,3.6468,2.8591,12.5416,2.9687,0.0738,-1.1180,0,1,0,1.38765,1
0.4190,4.4058,2.6440,13.1212,-2.6630,0.0200,-1.8639,0,1,0,1.74338,1
0.4450,4.6469,2.5837,12.0514,2.4793,0.0679,-1.0245,0,1,0,0.22083,1
0.3565,3.8746,2.8059,12.7525,-2.7832,0.0085,-1.2622,0,1,1,1.28837,1
0.4380,4.7759,2.6473,12.1450,-2.8057,0.0817,-1.1121,0,1,0,0.53687,1
0.3700,4.0421,2.7862,11.9315,-2.6423,0.0162,-0.6845,0,1,0,0.42345,1
0.4975,4.4966,2.3286,12.2320,-0.7878,0.0091,-1.2557,0,1,0,0.71563,1
0.4674,4.3834,2.4237,12.1173,0.4544,0.0155,-1.0697,0,1,1,0.75070,1
0.4699,4.3795,2.4127,11.8720,-0.4940,0.0029,-0.8244,0,1,0,0.33705,1
0.3532,3.8629,2.8205,12.4451,-2.2915,0.0443,-1.0673,0,1,1,1.15973,1
0.4216,4.3675,2.6215,12.4775,1.7833,0.0241,-1.2852,0,2,0,1.10938,1
0.4399,4.3753,2.5400,11.9764,-0.8627,0.0037,-0.8569,0,1,0,0.35886,1
0.3625,3.9273,2.7904,11.6191,-2.9315,0.0219,-0.4482,0,1,0,0.23363,1
0.3482,3.7845,2.8224,12.6892,3.0470,0.1159,-1.3472,0,1,0,1.37381,1
0.4876,4.9528,2.4667,12.2844,-2.0337,0.0354,-1.3236,0,1,0,0.75143,1
0.4326,4.3948,2.5779,12.4205,2.5188,0.0314,-1.2792,0,1,0,1.15478,1
0.4492,4.3514,2.4931,11.8928,1.0384,0.0279,-0.8337,0,1,0,0.28427,1
0.4282,4.2031,2.5481,11.8304,1.9592,0.0001,-0.6995,0,1,0,0.50323,3
0.3681,3.8905,2.7492,12.5385,3.0354,0.0615,-1.2147,0,1,1,0.95805,1
0.4217,4.6292,2.6888,11.9487,3.0138,0.1211,-0.9456,0,1,0,0.50071,1
0.4255,4.5303,2.6451,12.3294,-2.7083,0.0379,-1.1844,0,1,0,1.09043,3
0.4338,4.2477,2.5348,11.8456,0.2282,0.0027,-0.7270,0,1,0,0.25192,1
0.5434,5.7150,2.3838,11.5557,-0.7334,0.0245,-0.6757,0,1,0,0.16922,1
0.4195,4.1311,2.5686,11.8658,-1.4297,0.0298,-0.7505,0,1,0,0.41249,1
0.4097,4.4770,2.7077,12.0262,-2.1644,0.0279,-0.8638,0,1,0,0.62228,1
0.4673,4.8220,2.5251,12.2358,-2.4481,0.0060,-1.1736,0,1,0,0.89750,1
0.4373,4.4925,2.5810,11.7808,1.6700,0.0173,-0.6970,0,1,0,0.46858,1
0.3890,3.9489,2.6614,11.9131,-3.0296,0.0361,-0.7348,0,1,0,0.50236,3
0.3824,4.0845,2.7346,13.0419,-1.7034,0.0312,-1.6441,1,2,2,1.42980,1
0.3400,3.6709,2.8294,11.7635,-2.2097,0.1149,-0.6270,0,1,0,0.36187,3
0.3741,3.9732,2.7438,13.1167,-2.9573,0.0176,-1.6466,0,1,0,1.00322,1
0.4787,5.0622,2.5285,12.7720,1.8311,0.0042,-1.7498,0,1,1,1.16068,1
0.3344,3.6621,2.8584,12.0101,2.4115,0.0993,-0.7708,0,1,0,0.49719,3
0.4416,4.5230,2.5689,12.1232,-2.6249,0.0164,-1.0115,0,1,1,0.72269,3
0.3482,3.8135,2.8316,11.9596,-2.2279,0.0502,-0.7022,0,1,0,0.45082,1
0.4418,4.3329,2.5211,11.8837,-1.7540,0.0022,-0.7763,0,1,0,0.64804,3
0.3838,3.9420,2.6851,11.6562,-2.4315,0.0713,-0.5676,0,1,0,0.34098,3
0.3953,4.0431,2.6581,12.5038,-2.5237,0.0473,-1.2557,0,1,1,1.12461,1
0.3685,3.9113,2.7538,13.2317,-2.7413,0.0551,-1.7871,0,1,1,2.13948,1
0.3432,3.7413,2.8354,13.2556,-2.6860,0.0649,-1.7002,0,1,1,1.52934,1
0.4326,4.2629,2.5438,11.7636,1.7848,0.0061,-0.6584,0,1,0,0.20236,3
0.5047,5.3473,2.4757,11.9505,-1.5414,0.0061,-0.9879,0,1,0,0.29300,3
0.4691,4.9798,2.5526,13.1905,-2.8666,0.0240,-2.1834,0,1,0,2.02004,1
0.3458,3.8105,2.8443,11.8082,-2.7937,0.1427,-0.7033,0,1,0,0.24177,2
0.4929,4.7504,2.4017,11.8431,-1.2774,0.0063,-0.8506,0,1,0,0.22456,3
0.3833,4.1199,2.7404,12.6548,2.9407,0.1035,-1.4289,0,1,1,1.44781,1
0.4118,4.4951,2.7020,12.3790,1.8001,0.0284,-1.1734,0,1,0,0.83341,1
0.3573,3.8746,2.8018,13.1382,-2.6589,0.0408,-1.6277,0,1,1,1.69019,1
0.4060,4.1907,2.6479,11.6597,1.7574,0.0066,-0.5272,0,1,0,0.26839,1
0.4141,4.1602,2.6012,12.0942,-2.4948,0.0130,-0.9108,0,1,1,0.49414,3
0.3972,4.0946,2.6635,12.2909,1.9962,0.0044,-1.0195,0,1,1,0.94453,1
0.4595,4.6879,2.5287,11.9807,1.4405,0.0265,-0.9375,0,1,0,0.54711,3
0.4823,5.2113,2.5444,11.6868,-2.4137,0.0067,-0.6822,0,1,0,0.40231,3
0.5694,5.7749,2.2908,12.0600,-0.6504,0.0438,-1.3212,0,1,0,0.17421,1
0.3682,4.0444,2.7966,12.7445,2.7026,0.0498,-1.3645,0,1,0,1.48587,1
0.4128,4.2724,2.6377,11.9149,2.6497,0.0150,-0.7597,0,1,0,0.59213,3
0.4768,4.4769,2.4070,11.8702,1.7627,0.0045,-0.8397,0,1,0,0.41593,1
0.3533,3.8364,2.8109,11.8855,-2.7769,0.1385,-0.7701,0,1,0,0.30574,3
0.3680,4.0466,2.7983,11.6622,2.2957,0.0559,-0.5287,0,1,0,0.25109,1
0.3711,3.8816,2.7311,12.5205,-2.9369,0.0460,-1.1871,0,1,0,1.38415,1
0.3404,3.7346,2.8493,11.6402,-2.7594,0.1075,-0.5319,0,0,0,0.00000,3
0.4146,4.2313,2.6181,11.8333,1.7442,0.0341,-0.7192,0,1,0,0.40461,3
0.3952,4.2189,2.7087,12.1114,-2.7702,0.0942,-0.9880,0,1,0,0.41970,1
0.4277,4.6450,2.6639,12.0360,-2.2323,0.0173,-0.9012,0,1,1,0.53102,1
0.4621,4.6997,2.5202,11.9081,-1.9540,0.0160,-0.8614,0,1,0,0.21656,3
0.4090,4.3681,2.6816,11.7777,-1.5780,0.0595,-0.6945,0,1,0,0.22254,1
0.4675,4.5064,2.4522,11.9519,2.1575,0.0079,-0.9023,0,1,0,0.53802,1
0.4732,4.8201,2.4994,12.0761,-0.9918,0.0016,-1.0282,0,1,0,0.81829,3
0.4112,4.4219,2.6855,12.2030,2.5104,0.0558,-1.0563,0,1,0,0.77175,3
0.4585,4.4742,2.4828,12.0438,-1.0039,0.0333,-1.0028,0,1,0,0.19762,1
0.3875,4.2687,2.7617,12.9725,-2.9226,0.0551,-1.6461,0,1,1,1.60685,0
0.5407,5.1488,2.2920,11.8965,-2.0402,0.0020,-1.0047,0,1,0,0.33820,1
0.3461,3.7239,2.8136,12.7983,3.0790,0.0932,-1.3917,0,2,0,0.52260,1
0.3418,3.6910,2.8261,11.9676,-2.6920,0.1239,-0.7883,1,1,0,0.67450,3
0.4811,4.5538,2.4066,12.1034,-1.6831,0.0274,-1.1088,0,1,0,0.76044,1
0.4165,4.1482,2.5867,11.8160,-2.4189,0.0205,-0.6908,0,1,0,0.35284,3
0.3924,3.9548,2.6463,12.2576,-2.7544,0.0049,-0.9788,0,1,1,0.63414,1
0.4714,4.4159,2.4149,12.0635,-0.7399,0.0627,-1.0942,0,1,0,0.54168,1
0.4301,4.5976,2.6406,12.7785,-3.1026,0.0718,-1.6719,0,1,0,1.24190,1
0.4406,4.8351,2.6496,12.2167,-3.0706,0.1219,-1.2417,0,1,0,0.77970,1
0.4735,4.3549,2.3924,11.8398,0.2925,0.0173,-0.8201,0,1,0,0.50416,1
0.4926,4.5580,2.3612,11.5524,-0.1107,0.0222,-0.5858,0,1,0,0.18112,3
0.3385,3.7090,2.8511,11.7694,-2.6962,0.0853,-0.5921,0,1,0,0.48110,3
0.4418,4.4168,2.5420,12.4226,2.7484,0.0031,-1.2680,0,1,0,0.98334,1
0.3511,3.8128,2.8157,12.7653,-2.4100,0.0452,-1.3087,0,1,1,0.98871,1
0.3861,4.0470,2.7045,11.7285,2.9742,0.0926,-0.6541,0,1,0,0.19213,1
0.5573,5.3702,2.2686,12.5245,0.9781,0.0489,-1.8416,0,1,0,0.83726,1
0.4803,4.7420,2.4518,11.9798,-1.8603,0.0096,-0.9619,0,1,0,0.42515,3
0.4290,4.4438,2.6067,11.6308,0.3020,0.0001,-0.5325,0,0,0,0.00000,1
0.5365,5.0558,2.2909,11.7682,0.9695,0.0004,-0.8552,0,1,0,0.21101,1
0.3941,4.3420,2.7490,12.3639,-2.3384,0.0185,-1.0922,0,1,0,0.98877,0
0.4237,4.3652,2.6111,12.3280,-1.9865,0.0149,-1.1440,0,0,1,0.36643,1
0.4534,4.5493,2.5228,11.8901,-2.7870,0.0009,-0.8057,0,1,0,0.31487,3
0.4413,4.8721,2.6548,12.8071,1.7345,0.0330,-1.6823,0,0,0,0.00000,0
0.3914,4.2777,2.7443,13.3548,-2.4121,0.0354,-1.9745,0,1,0,1.76741,1
0.4293,4.2280,2.5496,11.8570,-2.4738,0.0110,-0.7386,0,1,0,0.27764,3
0.3550,3.7944,2.7882,12.4776,2.9609,0.0244,-1.0691,0,1,1,0.78130,1
0.4996,5.3105,2.4900,11.6655,2.9819,0.0253,-0.7150,0,1,0,0.19701,3
0.3992,4.2469,2.6965,11.7879,-2.2046,0.0658,-0.6923,0,1,0,0.26504,3
0.5488,5.7908,2.3751,13.0116,0.8985,0.0177,-2.3494,0,1,1,1.46249,1
0.4698,4.3839,2.4143,11.6704,0.6335,0.0166,-0.6534,0,1,0,0.23529,3
0.3802,3.9754,2.7129,12.0958,-1.7126,0.0354,-0.8591,0,1,0,0.72766,1
0.5761,5.5189,2.2227,11.6900,-1.5344,0.0112,-0.8620,0,1,0,0.24374,1
0.3437,3.7807,2.8459,13.0300,-3.0405,0.1193,-1.6113,0,1,1,1.84450,1
0.4171,4.4586,2.6666,13.2042,-2.7443,0.0676,-2.0228,0,1,3,1.85819,1
0.4259,4.4312,2.6177,11.9301,-2.9390,0.0265,-0.8160,0,1,0,0.42926,3
0.5264,5.0736,2.3336,12.2641,-0.4861,0.0288,-1.4072,1,1,0,0.44589,1
0.5068,5.0115,2.3994,12.3703,-2.4440,0.0165,-1.4443,0,1,1,0.81512,1
0.4777,4.9814,2.5155,11.8777,-1.5335,0.0589,-0.9230,0,1,0,0.18954,3
0.3626,3.8455,2.7640,13.1570,-2.9062,0.0406,-1.6687,0,1,0,1.94153,1
0.3494,3.7257,2.7959,12.2413,-2.9481,0.0796,-0.9513,0,1,2,0.85666,3
0.4696,5.0927,2.5752,13.0841,-2.9441,0.0201,-2.0661,0,1,1,1.94150,1
0.4562,4.7512,2.5583,12.1524,2.0623,0.0095,-1.0681,0,1,0,0.72654,3
0.4420,4.6752,2.6043,12.4594,3.0676,0.0269,-1.3405,0,1,1,0.89165,1
0.3620,3.8275,2.7617,12.9342,-2.6104,0.0632,-1.5188,0,1,1,1.66083,1
0.5316,5.2098,2.3389,11.8769,-0.8578,0.0408,-1.0162,0,1,0,0.35046,3
0.4202,4.2404,2.5945,11.8645,2.5946,0.0156,-0.7329,0,1,0,0.55465,3
0.4606,5.0717,2.6116,13.1621,-3.0565,0.0436,-2.1476,0,2,0,1.75321,0
0.5421,5.0898,2.2759,11.8637,-0.2455,0.0175,-0.9924,0,1,0,0.45474,1
0.5096,5.0678,2.3994,11.8867,1.9275,0.0189,-0.9485,0,1,0,0.38959,3
0.3808,4.0458,2.7309,12.1866,-2.9067,0.0503,-0.9532,0,1,0,0.80193,3
0.4492,4.3879,2.5021,11.9336,-2.0870,0.0069,-0.8433,0,1,0,0.44969,3
0.4037,4.2485,2.6749,11.8617,3.0132,0.0110,-0.6921,0,1,0,0.41423,3
0.4221,4.3832,2.6230,11.7217,1.8461,0.0023,-0.6002,0,1,0,0.37054,1
0.5511,5.4111,2.2997,11.8667,2.3838,0.0105,-1.0082,0,1,0,0.30492,1
0.4452,4.3901,2.5202,11.6737,0.7383,0.0246,-0.6254,0,1,0,0.43517,1
0.4783,5.1747,2.5541,13.0033,-3.0155,0.0425,-2.0595,0,1,0,1.74637,1
0.3796,4.0242,2.7309,12.9467,-3.0992,0.0056,-1.5067,0,1,1,1.75964,1
0.4198,4.3365,2.6218,11.9797,1.9689,0.0059,-0.8180,0,1,0,0.60757,1
0.4749,4.7625,2.4793,11.8525,0.2508,0.0015,-0.8170,0,1,0,0.25749,3
0.4740,5.1869,2.5761,13.2813,-1.3613,0.0179,-2.2952,0,1,1,2.08055,1
0.4145,4.1841,2.6057,11.8963,2.8700,0.0596,-0.8051,0,1,0,0.56347,1
0.3562,3.7747,2.7754,12.3245,2.9980,0.0501,-0.9925,0,1,0,0.82276,3
0.4444,4.5212,2.5561,11.9295,-1.2310,0.0213,-0.8488,0,1,0,0.22222,1
0.4239,4.5108,2.6478,11.8443,-2.8529,0.0853,-0.8127,0,0,0,0.00000,1
0.3693,3.9938,2.7750,11.8548,2.9089,0.1406,-0.7814,0,1,0,0.25724,1
0.4153,4.5745,2.7059,11.9085,2.5920,0.0366,-0.7882,0,1,0,0.22135,2
0.5420,5.1309,2.2840,11.9163,-1.2751,0.0465,-1.0896,0,1,0,0.41197,1
0.4028,4.3021,2.6940,11.8482,2.4159,0.0076,-0.6753,0,1,0,0.43786,1
0.3900,4.2648,2.7480,11.9348,-2.8520,0.0946,-0.8296,0,1,0,0.33284,3
0.4253,4.1276,2.5411,11.8822,-2.0504,0.0031,-0.7415,0,1,0,0.53253,3
0.3690,3.9102,2.7510,11.9137,-2.1620,0.0467,-0.7074,0,1,0,0.57909,1
0.4439,4.4979,2.5526,11.9026,1.7606,0.0044,-0.8013,0,1,0,0.49803,3
0.3563,3.9207,2.8223,11.5926,2.5046,0.0502,-0.4538,0,1,0,0.23686,1
0.4132,4.3227,2.6495,11.6534,2.0966,0.0458,-0.5816,0,1,0,0.30105,3
0.3653,3.9578,2.7853,12.3903,3.0087,0.1605,-1.2276,0,1,0,0.99535,1
0.4590,4.9175,2.5838,12.3833,2.3090,0.0367,-1.3374,0,1,1,1.07384,3
0.5203,5.4260,2.4254,12.1021,2.5214,0.0354,-1.2259,0,1,0,0.57224,1
0.5215,4.8433,2.3074,11.5931,-0.1725,0.0027,-0.6478,0,1,0,0.20203,3
0.3451,3.7367,2.8235,12.7391,-3.0667,0.1396,-1.4128,0,1,0,1.56629,1
0.3872,4.1980,2.7433,12.5560,-2.9655,0.0762,-1.3156,0,1,0,1.34381,1
0.4205,4.4613,2.6513,11.9722,2.1864,0.0235,-0.8365,0,1,0,0.25281,3
0.4383,4.2689,2.5203,11.8328,-1.5781,0.0030,-0.7250,0,1,0,0.62772,3
0.3847,3.9372,2.6792,11.7651,2.0644,0.0094,-0.5771,0,1,0,0.54491,1
0.4398,4.5355,2.5801,12.4544,-1.3905,0.0090,-1.3012,0,1,0,1.03604,1
0.4285,4.7173,2.6782,11.9672,-2.8420,0.0502,-0.8858,0,1,0,0.70374,2
0.4599,4.6490,2.5180,11.5171,-2.9521,0.0482,-0.5375,0,1,0,0.19265,1
0.3991,3.9975,2.6268,12.3864,-2.1569,0.0633,-1.1906,0,1,0,1.20854,1
0.4688,5.0637,2.5724,13.1028,-3.0455,0.0211,-2.0838,0,1,3,1.32153,1
0.4409,4.2818,2.5119,11.6444,-0.6362,0.0012,-0.5634,0,1,0,0.29949,3
0.4695,4.9539,2.5454,11.8081,-3.0090,0.0125,-0.7795,0,1,0,0.16003,3
0.5644,5.3306,2.2350,11.8799,-0.2029,0.0646,-1.1252,0,1,0,0.35147,1
0.4519,4.2390,2.4539,11.8106,-0.5744,0.0030,-0.7314,0,1,0,0.32450,1
0.3834,4.1013,2.7345,12.8792,2.9030,0.0691,-1.5705,1,1,2,1.91868,1
0.3628,3.8863,2.7760,12.9299,-2.8893,0.0213,-1.4485,1,2,0,1.34773,1
0.3741,4.0946,2.7806,12.6006,2.3006,0.0365,-1.2481,0,1,1,0.66223,1
0.4242,4.6459,2.6807,13.1338,-2.4149,0.0128,-1.8886,0,1,0,1.71583,1
0.3673,3.8742,2.7487,12.0940,-2.2356,0.0539,-0.8506,0,1,0,0.56027,3
0.3717,4.1006,2.7948,12.3156,-2.4111,0.0426,-1.0202,0,1,0,1.14477,0
0.4697,4.5173,2.4457,12.1141,-1.0919,0.0215,-1.0816,0,1,0,0.43494,1
0.4052,4.3374,2.6921,12.2585,2.4281,0.0101,-1.0240,0,1,0,0.96905,1
0.4837,5.2884,2.5543,11.7052,3.0286,0.0149,-0.7129,0,1,0,0.19642,3
0.5027,5.3098,2.4765,11.9919,-2.3424,0.0597,-1.0974,0,1,0,0.53116,1
0.4195,4.4516,2.6533,12.1495,-2.8983,0.0133,-0.9738,0,1,0,0.52898,3
0.5632,5.6585,2.2952,12.4804,1.4474,0.0130,-1.7546,0,1,0,0.28651,1
0.4412,4.2354,2.4991,12.1519,-1.6819,0.0185,-1.0378,0,1,1,0.58467,1
0.4652,4.4079,2.4387,11.6799,0.7713,0.0057,-0.6409,0,1,0,0.37019,3
0.4605,5.0753,2.6126,11.7649,2.2079,0.0406,-0.7578,0,1,0,0.34189,2
0.4756,5.2021,2.5724,12.0114,3.0878,0.0357,-1.0192,0,1,0,0.52682,3
0.4698,4.5681,2.4569,12.7434,-1.2579,0.0361,-1.7353,0,1,1,1.37868,1
0.4669,5.0261,2.5726,12.2120,2.4670,0.0105,-1.1572,0,1,2,1.19069,3
0.5191,4.7249,2.2929,11.8985,-1.8312,0.0027,-0.9567,0,1,0,0.30620,1
0.3641,3.8779,2.7665,12.1052,-2.9103,0.0348,-0.8261,0,0,0,0.00000,3
0.4483,4.5858,2.5542,11.9676,-1.6645,0.0233,-0.8951,0,1,0,0.26759,3
0.4071,4.2860,2.6690,11.8485,-1.7281,0.0390,-0.7235,0,1,0,0.34217,1
0.4094,4.2009,2.6346,12.1642,1.9894,0.0439,-1.0012,0,1,0,0.78717,3
0.4328,4.3784,2.5727,11.6640,-2.8004,0.0002,-0.5665,0,1,0,0.19743,3
0.4632,4.3014,2.4219,11.9674,1.9239,0.0206,-0.9231,0,1,0,0.40403,1
0.3718,3.9599,2.7514,12.5300,-2.9948,0.0745,-1.2396,0,1,1,1.34259,1
0.4500,4.2499,2.4648,12.2927,-0.7649,0.0114,-1.1821,0,1,0,0.86742,1
0.3443,3.7612,2.8358,11.9051,-2.7563,0.1258,-0.7502,0,1,0,0.29530,3
0.4806,4.5312,2.4036,12.0145,2.1610,0.0221,-1.0121,0,1,0,0.39742,1
0.5476,5.0612,2.2498,12.0496,1.8307,0.0019,-1.1879,0,1,0,0.44920,1
0.5583,5.2664,2.2467,12.0976,1.0678,0.0033,-1.2734,0,1,0,0.64287,1
0.3504,3.7954,2.8134,12.2234,2.7519,0.0948,-0.9610,0,1,0,0.81621,3
0.4250,4.1384,2.5453,12.0171,2.2613,0.0044,-0.8587,0,1,0,0.63126,1
0.4221,4.6587,2.6940,11.8017,2.9547,0.0546,-0.7339,0,1,0,0.46314,2
0.4568,4.4552,2.4858,11.7130,-1.6336,0.0093,-0.6614,0,1,0,0.43823,3
0.3572,3.8986,2.8098,12.3944,-2.6171,0.1815,-1.2356,0,1,0,0.31105,1
0.5344,5.0646,2.3007,12.1038,-0.2784,0.0078,-1.2226,0,1,0,0.52721,1
0.4286,4.2196,2.5508,12.4204,-2.8864,0.0299,-1.2637,0,1,1,1.09156,1
0.3868,4.0160,2.6923,12.0503,-2.5784,0.0306,-0.8323,0,1,0,0.48484,3
0.4450,4.2079,2.4757,12.0284,0.3432,0.0007,-0.9100,0,1,0,0.53777,1
0.3882,4.0929,2.7077,11.8651,-3.1194,0.0677,-0.7354,0,1,0,0.25347,3
0.5253,5.3984,2.3996,11.7887,-1.6727,0.0389,-0.9074,0,1,0,0.23432,3
0.4519,4.5867,2.5386,12.4755,0.7838,0.0073,-1.3579,0,1,1,0.83994,1
0.5382,5.1025,2.2931,11.8807,0.5752,0.0458,-1.0409,0,1,0,0.49212,1
0.3617,3.9280,2.7952,12.6486,-2.6244,0.0842,-1.3152,0,1,0,1.55123,1
0.4433,4.4296,2.5382,11.6790,-2.5058,0.0498,-0.6586,0,1,0,0.49272,1
0.3901,4.2281,2.7371,11.7406,2.7341,0.0164,-0.5771,0,1,0,0.50575,1
0.4237,4.1092,2.5434,12.3102,-0.5638,0.0005,-1.1058,0,1,0,0.33046,1
0.3644,3.9474,2.7869,12.2248,2.1274,0.0412,-0.9269,0,1,0,0.77519,1
0.4652,4.2984,2.4127,11.8866,-0.5643,0.0145,-0.8434,0,1,0,0.48854,1
0.3877,4.2007,2.7414,11.8123,-2.7123,0.0924,-0.7233,0,1,0,0.34133,3
0.4511,4.5278,2.5276,11.8307,1.0082,0.0267,-0.7803,0,1,0,0.46219,1
0.4593,4.5351,2.4939,11.9758,-1.3551,0.0046,-0.9022,0,1,1,0.66266,3
0.4515,4.4049,2.4962,12.4421,-2.3275,0.0154,-1.3359,0,1,1,0.86371,1
0.4454,4.2851,2.4933,11.8165,1.2427,0.0019,-0.7231,0,1,0,0.29260,3
0.4087,4.2697,2.6567,12.0834,-2.5182,0.0765,-0.9744,0,1,0,0.63324,3
0.3641,4.0074,2.8069,12.1456,2.8998,0.0209,-0.8386,0,1,0,0.70161,1
0.4032,4.2210,2.6699,11.9254,-2.5957,0.0918,-0.8471,0,1,0,0.51219,1
0.5091,4.8307,2.3535,12.0465,0.1438,0.0169,-1.1081,0,1,0,0.20994,1
0.4566,4.9069,2.5924,11.8878,1.8119,0.0239,-0.8421,0,1,0,0.39212,1
0.4973,5.2027,2.4778,11.8503,-2.2062,0.0101,-0.8749,0,1,0,0.21776,3
0.4658,4.7371,2.5127,12.0649,0.5651,0.0022,-0.9994,0,1,0,0.54175,1
0.4247,4.6854,2.6882,12.0895,-3.0174,0.0891,-1.0367,0,1,0,0.43831,2
0.4631,5.0728,2.6001,12.0093,-1.5732,0.0304,-0.9799,0,1,0,0.71184,1
0.3476,3.8023,2.8314,13.3629,2.5603,0.0957,-1.8696,0,1,2,2.29757,1
0.4791,5.2041,2.5568,11.7375,-1.9008,0.0401,-0.7667,0,1,0,0.35986,3
0.3552,3.8896,2.8182,11.9639,2.7086,0.0403,-0.7075,0,1,0,0.46919,1
0.4454,4.8051,2.6201,12.4483,1.4228,0.0284,-1.3437,0,1,0,1.14431,1
0.4560,4.7887,2.5675,11.8681,3.0265,0.0066,-0.7999,0,1,0,0.28856,3
0.4138,4.4316,2.6753,11.9249,-2.4236,0.0263,-0.7854,0,1,0,0.53282,3
0.4506,4.3951,2.4978,12.5020,-1.4165,0.0286,-1.4110,0,1,0,0.30780,1
0.4128,4.1506,2.6049,11.9355,-1.2592,0.0446,-0.8150,0,1,0,0.41261,1
0.4573,4.2580,2.4359,11.8431,0.8334,0.0111,-0.7822,0,1,0,0.52536,1
0.3988,4.1311,2.6661,11.7425,-3.0892,0.0222,-0.6006,0,1,0,0.23208,3
0.4546,4.3879,2.4790,11.6651,0.7679,0.0537,-0.6698,0,1,0,0.22814,1
0.4256,4.4618,2.6272,12.0189,1.7458,0.0016,-0.8597,0,1,0,0.52526,1
0.4497,4.7953,2.5979,11.6827,1.9735,0.0416,-0.6634,0,1,0,0.36601,3
0.4397,4.2559,2.5107,12.0213,-2.7343,0.0262,-0.9264,0,1,0,0.56654,1
0.4918,5.2953,2.5202,12.1394,-2.9347,0.0520,-1.2116,0,1,0,0.25205,1
0.3769,3.9723,2.7291,12.0634,-3.0305,0.0318,-0.8208,0,1,0,0.52880,3
0.3630,3.8798,2.7726,12.0913,-2.7109,0.1364,-0.9476,0,1,0,0.72072,1
0.5076,5.4735,2.4879,12.5703,1.8295,0.0190,-1.6707,0,1,1,0.67815,1
0.3374,3.7042,2.8556,12.2183,-2.5518,0.1344,-0.9756,0,1,0,0.80310,3
0.3913,4.0165,2.6699,11.9307,-2.4982,0.1174,-0.8593,0,1,0,0.37010,1
0.4771,4.9439,2.5097,11.8111,1.6771,0.0259,-0.8145,0,1,0,0.40457,3
0.3843,3.9814,2.6944,11.7830,2.0812,0.0242,-0.6087,0,1,0,0.25849,1
0.4728,4.6377,2.4602,12.0707,-0.2125,0.0190,-1.0445,0,1,0,0.72274,1
0.4523,4.7568,2.5768,12.7963,-2.2118,0.0226,-1.6984,0,1,3,1.33284,1
0.3609,3.8633,2.7789,12.7296,-2.1283,0.0184,-1.2760,0,1,1,1.42168,1
0.4612,4.8674,2.5624,12.0418,2.6672,0.0430,-1.0223,0,1,0,0.72382,3
0.3960,3.9893,2.6391,12.2971,-2.9176,0.0720,-1.1174,0,1,0,0.73385,1
0.4307,4.3133,2.5657,11.7740,0.6775,0.0017,-0.6584,0,1,0,0.42633,1
0.4252,4.2355,2.5701,12.2424,-2.6426,0.0102,-1.0650,0,1,0,1.00889,1
0.4434,4.3145,2.5094,11.9702,2.8642,0.0049,-0.8604,0,1,0,0.41434,1
0.4963,5.2979,2.5013,12.8443,1.5100,0.0058,-1.9027,0,1,0,0.65211,1
0.4250,4.4602,2.6296,12.6240,1.7659,0.0421,-1.4588,0,1,1,1.34570,1
0.5522,5.0003,2.2214,11.7664,0.3000,0.0350,-0.9293,0,1,0,0.14287,1
0.4507,4.8881,2.6149,12.1389,-2.7044,0.0000,-1.0293,0,1,0,0.82836,1
0.4429,4.5623,2.5728,11.9313,-3.0680,0.0313,-0.8606,0,1,0,0.50220,3
0.3830,3.9758,2.6990,12.2202,-2.6638,0.0730,-1.0176,0,1,1,0.97558,3
0.3974,4.0151,2.6397,12.0728,1.1541,0.0029,-0.8384,1,1,0,0.64138,1
0.5432,5.0009,2.2553,11.9185,1.6341,0.0109,-1.0448,0,1,0,0.54532,1
0.3868,3.9366,2.6688,12.6953,-2.7125,0.0638,-1.4165,0,1,0,1.40967,1
0.4052,4.3895,2.7060,12.3830,2.7170,0.0331,-1.1631,0,2,0,0.78355,3
0.4503,4.6663,2.5644,11.7422,1.7276,0.0125,-0.6815,0,1,0,0.28065,3
0.4458,4.5361,2.5533,11.8675,2.2963,0.0245,-0.8001,0,1,0,0.41107,3
0.4169,4.1641,2.5892,12.5731,1.6013,0.0099,-1.3326,0,1,1,1.34123,1
0.4340,4.2718,2.5398,11.8327,1.1808,0.0483,-0.7751,0,1,0,0.42074,1
0.3857,4.2453,2.7645,12.1102,2.7026,0.0532,-0.9080,0,1,0,0.72108,3
0.4283,4.2092,2.5495,11.9032,-2.6048,0.0371,-0.8106,0,1,0,0.52343,1
0.4529,4.8147,2.5876,11.9919,2.5995,0.0849,-1.0107,0,1,0,0.64318,1
0.3958,4.0016,2.6434,11.8030,-2.2540,0.0052,-0.6216,0,1,0,0.36068,1
0.3880,4.2589,2.7566,12.0650,-2.0186,0.0334,-0.8512,0,1,0,0.58121,1
0.3297,3.6184,2.8698,11.9436,2.7014,0.0441,-0.6443,0,1,0,0.64529,1
0.3493,3.7640,2.8096,12.6367,-2.3255,0.0912,-1.2720,0,1,1,1.23258,1
0.4254,4.4000,2.6121,11.8258,2.6389,0.0144,-0.7095,0,1,0,0.49457,3
0.4156,4.5805,2.7060,12.3943,2.4334,0.0561,-1.2383,0,1,0,0.93571,2
0.4443,4.6294,2.5825,11.7801,-0.8927,0.0004,-0.6889,0,1,0,0.35880,1
0.4501,4.5633,2.5407,11.9667,1.6993,0.0641,-0.9526,0,1,0,0.57738,3
0.4007,4.4101,2.7342,11.6679,-2.9729,0.1476,-0.6968,0,1,0,0.44695,1
0.5253,5.5084,2.4205,11.8477,-0.9501,0.0727,-1.0145,0,1,0,0.45897,1
0.3492,3.7638,2.8095,12.6558,2.8316,0.0141,-1.1697,0,1,0,1.37513,1
0.4476,4.5085,2.5385,12.5385,-2.0357,0.0110,-1.4092,1,1,1,1.06667,1
0.4332,4.2232,2.5309,11.8007,2.5630,0.0223,-0.7120,0,0,0,0.00000,1
0.3460,3.7879,2.8355,13.0258,2.8649,0.0378,-1.4806,0,1,1,1.79313,1
0.6628,6.3056,2.0220,12.5770,0.8880,0.0525,-2.3126,0,0,0,0.00000,1
0.3896,4.1255,2.7100,11.9364,2.3716,0.0806,-0.8124,0,1,0,0.50997,3
0.4161,4.4093,2.6584,11.7448,-2.5252,0.0461,-0.6634,0,1,0,0.24155,3
0.4759,4.6241,2.4442,12.2961,-0.5352,0.0302,-1.2912,0,1,1,1.06482,1
0.4931,4.5885,2.3658,12.0692,1.0880,0.0398,-1.1226,0,1,0,0.50843,1
0.4368,4.2540,2.5232,12.0274,-1.2031,0.0345,-0.9363,0,1,0,0.45843,1
0.3746,4.0230,2.7561,12.3624,-2.1395,0.0494,-1.0757,0,1,0,0.86266,1
0.4502,4.6217,2.5544,12.2236,-1.8577,0.0057,-1.1127,0,1,0,0.31177,1
0.3381,3.7169,2.8563,12.3552,-2.5167,0.0540,-0.9678,0,1,0,0.26655,1
0.4427,4.4709,2.5511,11.9173,-0.8687,0.0133,-0.8236,0,1,0,0.47326,1
0.4088,4.5141,2.7221,12.6603,3.1182,0.0307,-1.4152,0,1,0,1.54063,0
0.4030,4.1453,2.6496,11.8857,1.8790,0.0225,-0.7246,0,1,0,0.55615,1
0.3362,3.6665,2.8494,12.3869,2.7106,0.1346,-1.0989,0,1,1,0.97895,3
0.4957,4.9355,2.4295,12.0301,1.5524,0.0075,-1.0465,0,1,0,0.65409,3
0.4128,4.2678,2.6367,12.5202,-2.1373,0.0436,-1.3233,0,1,0,1.07763,1
0.4066,4.3724,2.6950,13.2005,3.0454,0.0314,-1.9003,0,1,1,1.85505,1
0.4287,4.5845,2.6437,12.1914,2.9749,0.0113,-1.0327,0,1,0,0.78453,3
0.3766,4.0698,2.7598,11.8971,2.5668,0.0238,-0.6817,0,1,0,0.24128,1
0.4257,4.2098,2.5614,12.0956,2.2290,0.0351,-0.9709,0,1,0,0.31786,1
0.3408,3.6905,2.8315,11.9383,-2.6797,0.0638,-0.6887,0,1,0,0.69885,3
0.4565,4.2799,2.4444,11.7929,-2.5755,0.0123,-0.7364,0,1,0,0.45766,1
0.3744,4.0262,2.7581,12.6391,1.8836,0.0316,-1.2732,0,1,1,1.33654,1
0.3697,3.8511,2.7287,11.5143,2.6877,0.0414,-0.4050,0,0,0,0.00000,3
0.3534,3.7790,2.7921,11.6922,-2.1256,0.0581,-0.5297,0,1,0,0.19132,1
0.4497,4.2887,2.4756,12.2099,0.2285,0.0034,-1.0926,1,1,0,0.46044,1
0.5452,5.0801,2.2624,11.7996,-0.5406,0.0023,-0.9087,0,1,0,0.33680,1
0.3476,3.7274,2.8064,12.1001,2.7640,0.1626,-0.9513,0,1,0,0.60689,1
0.3569,3.7729,2.7708,12.3592,-2.8962,0.0428,-1.0112,0,1,0,1.09350,1
0.4419,4.8012,2.6353,11.7222,2.9386,0.0848,-0.7387,0,1,0,0.45761,1
0.3807,3.9264,2.6957,11.6934,-3.0388,0.0238,-0.5334,0,1,0,0.27819,3
0.4792,4.5798,2.4204,11.7917,-1.0502,0.0020,-0.7669,0,1,0,0.23304,3
0.3557,3.9176,2.8245,12.7686,-2.7029,0.0451,-1.3285,0,1,0,1.59708,0
0.4381,4.3423,2.5396,11.8181,1.3742,0.0128,-0.7250,0,1,0,0.31244,3
0.4681,4.5148,2.4516,11.7779,-2.5276,0.0212,-0.7573,0,1,0,0.25936,1
0.3617,3.8058,2.7561,11.7789,-1.9524,0.0670,-0.6179,0,1,0,0.16015,1
0.4612,4.9323,2.5773,11.6793,-2.9608,0.0111,-0.6429,0,1,0,0.28528,3
0.4500,4.3496,2.4895,12.5221,1.8628,0.0384,-1.4434,0,0,1,0.40646,1
0.4461,4.6083,2.5694,12.1125,1.1191,0.0103,-1.0054,0,1,0,0.84588,1
0.4984,4.7766,2.3850,12.2699,1.4335,0.0191,-1.3150,0,1,0,0.79041,1
0.4150,4.3397,2.6455,11.9277,3.0083,0.0809,-0.8606,0,1,0,0.34817,1
0.4860,5.1982,2.5253,12.6847,-2.3026,0.0589,-1.7757,0,1,2,1.08041,1
0.3896,4.2465,2.7449,12.1351,2.5216,0.1494,-1.0672,0,1,0,0.70626,1
0.3628,3.9937,2.8095,12.5781,2.2861,0.0379,-1.1930,0,1,1,1.39384,1
0.4777,5.2243,2.5676,12.7284,2.5754,0.0318,-1.7464,0,1,1,1.33873,1
0.3597,3.9705,2.8193,12.1067,2.3889,0.0880,-0.8866,0,1,0,0.70612,2
0.4706,4.7500,2.4950,12.0080,1.2211,0.0113,-0.9689,0,1,0,0.62678,3
0.4632,4.7646,2.5303,12.1237,1.1006,0.0072,-1.0560,0,1,0,0.24101,1
0.4235,4.2779,2.5894,11.8796,2.4110,0.0303,-0.7716,0,1,0,0.55132,3
0.3816,4.0090,2.7160,11.8016,3.0314,0.0043,-0.5935,0,1,0,0.37898,1
0.3604,3.8639,2.7817,11.7728,-2.7816,0.0550,-0.5962,0,1,0,0.48963,3
0.4497,4.5602,2.5417,11.6911,-0.8871,0.0274,-0.6527,0,1,0,0.43246,1
0.4856,4.8570,2.4549,11.7179,-1.6144,0.0099,-0.7200,0,1,0,0.37408,3
0.4184,4.5495,2.6842,12.2186,2.2395,0.0349,-1.0611,0,1,0,0.80186,3
0.5683,5.3653,2.2262,12.3618,0.4678,0.0476,-1.6803,0,1,0,0.72537,1
0.4155,4.1366,2.5885,11.6957,2.7966,0.0050,-0.5695,0,1,0,0.27921,3
0.4582,4.5854,2.5106,12.0193,2.6850,0.0089,-0.9463,0,1,0,0.52846,3
0.3470,3.7339,2.8121,11.9836,-2.2816,0.0624,-0.7324,0,1,0,0.68529,1
0.3652,3.9841,2.7940,12.0181,-2.8482,0.1533,-0.9166,0,1,0,0.24901,1
0.3743,3.9874,2.7472,12.3442,-2.6795,0.0227,-1.0222,0,1,1,0.77852,3
0.4655,4.9267,2.5570,12.4676,2.5571,0.0497,-1.4609,0,1,2,0.71490,1
0.4859,5.2522,2.5374,11.8423,2.6125,0.1131,-0.9760,0,1,0,0.29184,1
0.3506,3.8632,2.8346,11.9255,3.1415,0.1581,-0.8190,0,1,0,0.28528,2
0.3475,3.7897,2.8281,12.7667,2.5411,0.0396,-1.2872,0,1,0,0.14954,1
0.3456,3.7044,2.8098,12.0045,3.0404,0.1023,-0.7959,0,0,0,0.00000,3
0.4421,4.2464,2.4977,11.6679,-1.4797,0.0143,-0.6019,0,1,0,0.20642,3
0.4741,4.6653,2.4606,11.9577,-2.9901,0.0070,-0.9225,1,1,0,0.62942,3
0.5018,4.6244,2.3391,12.2288,-1.5449,0.0092,-1.2659,0,1,0,0.86386,1
0.4297,4.2184,2.5456,12.0756,3.0553,0.0105,-0.9293,0,1,0,0.51359,1
0.3541,3.8015,2.7956,11.9763,2.0375,0.0835,-0.7697,0,1,0,0.39928,1
0.4599,4.9149,2.5794,12.0932,-1.2969,0.0159,-1.0314,0,1,0,0.62698,1
0.3485,3.7535,2.8102,11.5548,-2.2457,0.0576,-0.4252,0,1,0,0.21721,1
0.4749,5.0711,2.5469,11.5884,2.0324,0.0035,-0.5726,0,1,0,0.24535,3
0.3876,4.0331,2.6930,12.2981,1.6527,0.0289,-1.0326,0,1,0,0.92870,1
0.4478,4.5292,2.5427,11.6764,2.0910,0.0356,-0.6464,0,1,0,0.18678,3
0.3713,3.8803,2.7296,12.3401,3.1268,0.0285,-1.0183,0,1,0,1.07630,1
0.3986,4.0552,2.6455,11.6928,-2.3757,0.0006,-0.5339,0,1,0,0.24235,1
0.4146,4.5596,2.7054,11.9661,2.6354,0.0813,-0.8933,0,1,0,0.53260,3
0.3286,3.6268,2.8795,12.2411,-2.4548,0.0824,-0.8980,0,1,0,0.94731,0
0.4492,4.9163,2.6286,12.0865,-2.7811,0.0263,-1.0123,0,1,0,0.55044,3
0.3485,3.7288,2.8022,12.9789,2.5591,0.0679,-1.5055,0,1,0,1.84920,1
0.4821,5.0785,2.5172,12.7208,-1.2009,0.0088,-1.7174,0,1,0,1.32506,1
0.4035,4.0290,2.6149,11.9551,1.2197,0.0393,-0.8040,0,1,0,0.57249,1
0.4477,4.5554,2.5493,11.6645,2.7295,0.0346,-0.6345,0,1,0,0.32620,1
0.3836,4.1741,2.7546,13.1364,2.8109,0.0810,-1.8205,0,1,1,1.94787,1
0.3619,3.9621,2.8045,11.7026,-2.5760,0.0552,-0.5477,0,1,0,0.42627,1
0.4121,4.0798,2.5886,11.9539,-2.1730,0.0552,-0.8429,0,1,1,0.54277,3
0.4726,4.3782,2.4014,11.8894,0.4216,0.0205,-0.8698,0,1,0,0.28512,1
0.3914,4.0516,2.6796,11.9722,2.2819,0.0262,-0.7745,0,1,0,0.62184,3
0.4641,4.7410,2.5208,12.0547,-2.0937,0.0421,-1.0401,0,1,0,0.21080,3
0.4007,4.0352,2.6299,12.1950,-2.0306,0.0004,-0.9435,0,1,1,0.75369,1
0.3597,3.7839,2.7595,12.3090,1.9529,0.0297,-0.9625,0,1,1,0.86397,1
0.3479,3.7286,2.8050,12.8111,3.0640,0.1052,-1.4288,0,1,1,1.41790,1
0.3774,3.9193,2.7104,12.2942,-2.8753,0.0754,-1.0656,0,1,0,1.16658,1
0.4120,4.1771,2.6157,12.0557,-3.1166,0.0319,-0.8985,0,2,0,0.50018,3
0.5389,5.6705,2.3941,12.1790,-1.4682,0.0593,-1.3967,0,1,0,0.35592,3
0.4563,4.3190,2.4551,11.7693,-2.4601,0.0116,-0.7139,0,1,0,0.39727,1
0.4641,4.7640,2.5262,11.8457,3.1189,0.0126,-0.8030,0,1,0,0.50628,3
0.4257,4.2482,2.5715,11.7049,-2.3043,0.0280,-0.6234,0,1,0,0.40265,3
0.3788,4.0684,2.7484,12.0460,2.5867,0.0526,-0.8390,0,1,0,0.26817,3
0.3830,4.1324,2.7453,11.7946,-2.7204,0.0622,-0.6629,0,1,0,0.23104,3
0.3913,4.2315,2.7319,12.2886,-2.8331,0.1118,-1.1513,0,1,1,0.85282,1
0.4319,4.1854,2.5269,11.8782,-0.4951,0.0006,-0.7485,0,1,0,0.48962,3
0.3917,4.1403,2.7037,13.1608,-1.8242,0.0258,-1.7824,0,1,1,1.95774,1
0.4500,4.6763,2.5684,11.9436,1.2664,0.0042,-0.8522,0,1,0,0.49111,1
0.4627,4.9704,2.5793,12.1354,-1.8010,0.0157,-1.0789,0,1,0,0.85147,1
0.4076,4.1411,2.6266,12.2344,3.0411,0.0380,-1.0483,0,1,0,1.06197,1
0.3866,4.2216,2.7531,12.0947,2.8102,0.0275,-0.8637,0,1,0,0.69579,3
0.4419,4.3633,2.5281,12.1370,1.6895,0.0167,-1.0243,0,1,0,0.52793,1
0.3557,3.9022,2.8194,12.9125,-3.0121,0.0912,-1.5191,0,1,0,1.72743,1
0.3921,4.0390,2.6725,12.0978,-2.9798,0.0820,-0.9527,0,1,1,0.27880,1
0.4394,4.2682,2.5153,12.0975,-1.1953,0.0082,-0.9698,0,1,0,0.71543,1
0.3997,4.2684,2.7000,12.9565,-1.9481,0.0094,-1.6079,0,1,0,1.65857,1
0.3332,3.6588,2.8642,12.5817,2.3775,0.0993,-1.1848,0,1,0,1.36616,1
0.4252,4.2854,2.5831,11.8444,1.8475,0.0301,-0.7446,0,1,0,0.52534,3
0.3350,3.6558,2.8528,13.1368,-2.5330,0.0349,-1.5127,1,2,0,1.45858,1
0.4540,4.4245,2.4901,12.2383,1.2038,0.0232,-1.1607,0,1,1,0.70998,1
0.4399,4.2997,2.5209,12.4052,-1.4554,0.0343,-1.2921,0,1,0,0.40580,1
0.4523,4.5292,2.5229,11.7556,-3.0959,0.0084,-0.6911,0,1,0,0.43727,3
0.3678,3.8735,2.7456,11.8473,3.0748,0.0393,-0.6456,0,1,0,0.41426,3
0.4859,4.4237,2.3582,12.1077,0.2365,0.0158,-1.1078,0,1,0,0.46493,1
0.4197,4.4895,2.6624,12.3975,-2.5790,0.0721,-1.2772,0,1,0,1.15975,3
0.3983,4.3915,2.7411,12.7151,2.9578,0.0496,-1.4539,0,1,1,1.05218,0
0.3582,3.8285,2.7819,12.0198,-2.2702,0.0207,-0.7300,0,1,1,0.61244,1
0.4809,4.6880,2.4374,11.9333,2.8647,0.0137,-0.9230,0,1,0,0.56553,1
0.4960,4.6434,2.3661,11.6432,0.8558,0.0271,-0.6859,0,1,0,0.18247,3
0.4451,4.3133,2.5017,11.7621,-1.6786,0.0241,-0.7027,0,1,0,0.44947,3
0.4902,4.4662,2.3504,11.7172,0.6644,0.0057,-0.7196,0,1,0,0.41500,1
0.4226,4.2016,2.5732,11.9109,-1.1366,0.0047,-0.7628,0,1,0,0.39305,1
0.4732,4.5490,2.4382,11.8001,-1.9718,0.0668,-0.8475,0,1,0,0.30186,1
0.4527,4.8580,2.5989,12.3881,3.0065,0.0414,-1.3286,0,1,0,0.98751,3
0.3377,3.6917,2.8497,12.2465,-3.0273,0.1833,-1.0641,0,1,1,1.01906,1
0.3723,3.9770,2.7541,12.5319,-2.9292,0.0638,-1.2267,0,1,1,1.29645,1
0.3543,3.7528,2.7785,12.0180,-2.6704,0.0134,-0.7103,0,1,0,0.68703,1
0.3946,4.2216,2.7125,11.8095,2.3697,0.0341,-0.6614,0,1,0,0.48120,3
0.5481,5.0990,2.2547,11.5489,-0.3127,0.0031,-0.6456,0,1,0,0.14953,1
0.5922,5.9440,2.2303,12.0577,0.5939,0.0165,-1.3408,0,1,0,0.68885,3
0.5328,5.6371,2.4133,11.9060,2.3920,0.0370,-1.0477,0,1,0,0.59156,1
0.3374,3.6629,2.8413,12.7648,2.9613,0.0989,-1.3403,0,1,1,0.54663,1
0.4948,4.8016,2.4047,11.9490,3.0127,0.0010,-0.9533,0,1,0,0.50578,1
0.5095,5.4793,2.4811,12.1472,-2.8103,0.0145,-1.2164,0,1,0,0.63127,3
0.3838,4.1282,2.7400,11.7691,2.5314,0.0235,-0.5967,0,1,0,0.18342,1
0.4530,4.9602,2.6213,11.7705,2.1000,0.0396,-0.7470,0,1,0,0.45317,3
0.3874,3.9721,2.6760,11.5409,-1.7583,0.0436,-0.4509,0,1,0,0.22722,1
0.3475,3.7825,2.8252,13.0378,-2.2930,0.0369,-1.4954,0,2,0,0.83752,1
0.4647,4.5845,2.4821,12.1904,2.3238,0.0202,-1.1411,0,1,0,0.69854,1
0.4865,4.9623,2.4735,11.9175,0.6218,0.0175,-0.9268,0,1,0,0.61590,1
0.5306,5.5875,2.4130,11.7168,2.9387,0.0263,-0.8264,0,1,0,0.31315,1
0.3871,4.0324,2.6952,11.5461,3.0875,0.0769,-0.4940,0,1,0,0.17227,3
0.3572,3.8224,2.7855,12.9782,-2.5210,0.0351,-1.4870,0,1,1,1.53803,1
0.3804,3.9634,2.7084,11.8937,-1.8951,0.0635,-0.7369,0,1,1,0.41971,1
0.4275,4.2002,2.5505,11.9103,2.9652,0.0335,-0.8104,0,1,0,0.28635,1
0.4329,4.2675,2.5439,12.0421,2.8385,0.0175,-0.9173,0,1,0,0.37879,1
0.4497,4.4848,2.5238,11.6250,2.5486,0.0707,-0.6467,0,1,0,0.17945,1
0.3652,3.9987,2.7983,12.9026,-2.6885,0.1203,-1.5983,0,1,1,1.76544,1
0.3965,4.1908,2.6945,11.7002,-2.5504,0.0317,-0.5748,0,1,0,0.36964,3
0.3452,3.7942,2.8423,13.0846,-2.5447,0.0910,-1.6146,0,1,3,1.65771,1
0.4223,4.3549,2.6148,11.9916,-2.9776,0.0821,-0.9346,0,1,0,0.62367,1
0.5203,4.7286,2.2892,11.9705,0.6000,0.0643,-1.1206,0,1,0,0.50076,1
0.4654,4.7911,2.5265,12.2757,-2.4111,0.0559,-1.2783,0,1,0,0.44961,1
0.3938,4.1609,2.6993,12.0149,3.0203,0.0088,-0.7917,0,1,0,0.61074,1
0.4466,4.9246,2.6426,11.8113,-3.0212,0.0144,-0.7399,0,1,0,0.40528,2
0.4488,4.6553,2.5687,11.7881,-2.2362,0.0119,-0.7191,0,1,0,0.44646,3
0.4696,4.4538,2.4314,11.8964,1.1159,0.0191,-0.8689,0,1,0,0.38635,1
0.3480,3.8162,2.8338,11.3862,-2.6525,0.0961,-0.3520,0,0,0,0.00000,3
0.4044,4.4583,2.7290,13.0391,-2.8491,0.0055,-1.6963,0,1,0,1.52026,0
0.3660,4.0282,2.8035,12.0593,2.6636,0.0227,-0.7802,0,1,0,0.73052,1
0.4660,5.0600,2.5842,11.7652,-2.3259,0.0002,-0.7178,0,1,0,0.36933,1
0.4276,4.6662,2.6697,11.8984,-3.1214,0.0739,-0.8535,0,1,0,0.39242,3
0.3982,4.3795,2.7384,12.3053,2.8693,0.1477,-1.2359,0,1,0,0.89182,1
0.4378,4.6476,2.6171,11.8475,1.4552,0.0265,-0.7691,0,1,0,0.50504,1
0.3562,3.7616,2.7709,11.8385,2.5533,0.0398,-0.6175,0,1,0,0.34916,2
0.4746,4.3777,2.3931,11.9667,-2.0286,0.0096,-0.9335,0,1,1,0.58482,1
0.4616,4.3030,2.4287,11.8115,0.0886,0.0078,-0.7575,0,1,0,0.19984,1
0.4200,4.6198,2.6944,12.1462,-2.5755,0.1400,-1.1441,0,1,0,0.72725,1
0.3984,4.1730,2.6797,11.6891,2.0534,0.0373,-0.5761,0,1,0,0.40998,3
0.3860,4.0709,2.7123,12.5913,-2.6999,0.0139,-1.2476,0,1,2,2.04822,1
0.4413,4.4834,2.5607,12.5844,-0.8039,0.0079,-1.4260,0,1,0,1.29017,1
0.4161,4.1524,2.5899,12.8656,-2.3875,0.0469,-1.6577,0,1,0,1.77914,1
0.3539,3.7835,2.7907,11.6726,2.4234,0.0565,-0.5147,0,1,0,0.32202,3
0.4470,4.6226,2.5688,11.5091,2.8854,0.0062,-0.4622,0,1,0,0.26317,3
0.4811,5.1289,2.5325,11.7377,-1.7863,0.0251,-0.7514,0,1,0,0.47871,3
0.3834,3.9942,2.7024,12.1765,-2.6336,0.0491,-0.9503,0,0,1,0.38765,3
0.4402,4.3605,2.5348,11.7719,-2.5401,0.0079,-0.6822,0,1,0,0.23335,3
0.3512,3.8665,2.8327,11.9183,2.3064,0.0779,-0.7135,0,1,0,0.52669,0
0.4375,4.2323,2.5145,12.3574,1.9941,0.0228,-1.2225,0,0,0,0.00000,1
0.4374,4.5599,2.5972,11.8672,-1.5554,0.0283,-0.7876,0,1,0,0.44662,1
0.4951,4.5289,2.3450,11.9522,0.8371,0.0627,-1.0397,0,1,0,0.37667,1
0.5705,5.3699,2.2190,11.7979,0.0198,0.0565,-1.0331,0,1,0,0.14670,1
0.4240,4.6273,2.6771,11.9324,-2.1712,0.1077,-0.9192,0,1,0,0.37535,3
0.3488,3.7969,2.8228,12.9175,-2.4100,0.0770,-1.4716,0,1,0,0.70810,1
0.4767,4.7287,2.4639,12.0560,1.8911,0.0679,-1.1079,0,2,0,0.72738,1
0.3721,3.8861,2.7273,12.1368,-2.9688,0.0555,-0.8980,0,2,0,0.94133,3
0.3685,3.9935,2.7794,13.2106,2.7732,0.0554,-1.7682,0,1,3,1.84306,1
0.3612,3.8881,2.7850,11.8700,-2.1563,0.0521,-0.6657,0,1,1,0.34964,1
0.4184,4.3944,2.6434,11.9131,1.8191,0.0125,-0.7672,0,0,0,0.00000,1
0.3890,4.2794,2.7572,12.0347,2.9865,0.1121,-0.9319,1,1,0,0.52855,3
0.5087,5.3732,2.4637,12.3955,1.8491,0.0006,-1.4568,0,1,0,0.88924,1
0.4221,4.1938,2.5732,11.6612,2.1290,0.0237,-0.5751,0,1,0,0.20657,3
0.4145,4.2217,2.6160,12.3574,-2.4789,0.0256,-1.1576,0,1,0,1.09937,1
0.4241,4.3416,2.6031,11.9493,2.5622,0.0570,-0.8683,0,1,0,0.56929,1
0.4720,4.5361,2.4400,11.9279,-1.0373,0.0050,-0.8858,0,1,0,0.51626,1
0.4359,4.4675,2.5812,11.9532,1.5093,0.0520,-0.8916,0,1,0,0.41631,1
0.4150,4.1487,2.5939,11.9409,-2.0614,0.0269,-0.8012,0,1,0,0.18340,3
0.4008,4.4217,2.7372,12.4702,-2.8206,0.0216,-1.2075,0,1,0,1.16113,2
0.4417,4.2016,2.4883,11.9254,-0.6645,0.0234,-0.8405,0,1,0,0.29906,1
0.4777,5.2081,2.5642,12.6792,-2.6328,0.0463,-1.7178,0,1,1,0.94469,1
0.3885,3.9983,2.6785,11.8392,-2.6351,0.0670,-0.7145,0,1,0,0.36823,3
0.4532,4.2431,2.4496,11.8076,-2.4397,0.0129,-0.7440,0,1,0,0.51379,1
0.3770,3.9987,2.7365,11.9276,-2.3933,0.0108,-0.6889,0,1,0,0.66008,1
0.5722,5.7582,2.2773,12.1781,0.1918,0.0135,-1.4246,0,1,0,0.58509,1
0.4663,4.9030,2.5482,11.9612,-2.5359,0.0395,-0.9527,0,1,0,0.38749,3
0.4056,4.1331,2.6339,12.1120,-2.5568,0.0074,-0.8972,0,1,0,0.59455,3
0.3996,4.3805,2.7319,11.6927,-2.9809,0.1382,-0.7040,0,1,0,0.44825,1
0.4256,4.3386,2.5953,11.9393,2.2202,0.0520,-0.8563,0,1,0,0.61245,3
0.3638,3.9266,2.7835,12.3614,-2.6885,0.0722,-1.0746,0,1,0,1.18289,3
0.4336,4.2660,2.5404,12.0633,-1.6200,0.0293,-0.9539,0,1,0,0.44726,1
0.4731,5.1180,2.5653,11.9620,1.5233,0.0136,-0.9359,0,1,0,0.56839,1
0.3979,4.0106,2.6363,11.9202,-2.7132,0.0352,-0.7581,0,1,0,0.35006,3
0.4267,4.5164,2.6361,12.4731,2.5510,0.0501,-1.3370,0,1,0,1.21344,1
0.4267,4.5757,2.6511,12.4301,2.8119,0.0388,-1.2811,0,1,0,1.12923,1
0.4202,4.2179,2.5884,11.6851,1.5339,0.0124,-0.5781,0,1,0,0.18720,1
0.3616,3.9862,2.8140,12.2345,2.4227,0.0990,-1.0052,0,2,0,0.68068,2
0.4230,4.6385,2.6848,13.0436,2.1308,0.0084,-1.7895,1,2,0,1.68948,1
0.4357,4.2259,2.5204,12.0173,2.5030,0.0382,-0.9298,0,1,0,0.31350,1
0.4726,4.7561,2.4875,11.6333,1.8866,0.0335,-0.6463,0,1,0,0.25255,3
0.6443,5.8910,2.0331,11.9845,-0.4352,0.0703,-1.4587,0,1,0,0.22220,1
0.3951,4.1346,2.6851,11.6575,-2.6089,0.0240,-0.5293,0,1,0,0.22962,3
0.4710,4.3781,2.4077,11.9053,0.7373,0.0283,-0.8922,0,1,0,0.36906,1
0.3750,4.1103,2.7805,12.2230,2.5521,0.0972,-1.0304,0,1,1,0.93428,3
0.4663,4.3615,2.4233,11.7674,-1.5979,0.0019,-0.7182,0,1,0,0.27370,3
0.4787,5.1760,2.5529,12.8618,-2.7035,0.0263,-1.8817,0,1,1,1.50221,1
0.3679,4.0422,2.7973,11.6014,-3.0407,0.1888,-0.6414,0,1,0,0.28189,1
0.5336,5.5916,2.4015,12.3468,-1.9582,0.0216,-1.5151,0,1,0,0.88091,1
0.3335,3.6820,2.8703,11.8763,-2.5566,0.1235,-0.7048,0,1,0,0.47503,2
0.4301,4.3580,2.5795,12.0773,-0.9589,0.0126,-0.9357,0,1,0,0.62488,1
0.5752,5.8357,2.2784,11.7963,-1.5498,0.0036,-0.9743,0,1,0,0.33402,3
0.4040,4.3216,2.6934,11.6812,-2.0962,0.0212,-0.5595,0,1,0,0.15432,1
0.4300,4.2632,2.5558,12.1004,2.2614,0.0903,-1.0622,0,1,0,0.58812,1
0.4184,4.1960,2.5908,11.7684,-2.0943,0.0263,-0.6619,0,1,0,0.41587,3
0.4266,4.4968,2.6315,11.9078,-2.0991,0.0288,-0.8013,0,1,0,0.20447,3
0.5287,4.9701,2.3047,11.7424,2.1892,0.0030,-0.8156,0,1,0,0.39435,1
0.4560,4.7992,2.5701,11.8998,-3.1389,0.0273,-0.8558,0,1,0,0.46704,3
0.4462,4.4598,2.5329,11.8740,-1.8676,0.0063,-0.7829,0,1,0,0.56738,3
0.5383,5.2699,2.3239,12.2027,0.5375,0.0127,-1.3516,0,1,0,0.72478,1
0.4103,4.2702,2.6493,12.0467,-2.2207,0.0020,-0.8472,0,1,0,0.51350,1
0.3438,3.7650,2.8401,12.5589,3.0306,0.0389,-1.1150,0,1,1,1.11294,1
0.3836,4.0127,2.7072,13.0302,2.2485,0.0286,-1.6348,0,1,0,1.72299,1
0.4317,4.3578,2.5723,11.6473,2.1892,0.0191,-0.5736,0,1,0,0.25538,3
0.4162,4.1705,2.5944,11.8754,2.3812,0.0186,-0.7377,0,1,0,0.21446,3
0.4259,4.1291,2.5391,11.8590,-1.1829,0.0258,-0.7523,0,1,0,0.39947,1
0.3387,3.6765,2.8387,13.1227,-2.9237,0.1113,-1.6529,0,1,0,1.70691,1
0.3905,4.0200,2.6750,12.0083,2.1457,0.0459,-0.8272,0,1,1,0.71129,3
0.3589,3.9127,2.8051,12.0018,-2.3882,0.0454,-0.7503,0,1,0,0.42653,1
0.3810,4.0538,2.7324,11.6440,2.0455,0.0730,-0.5559,0,1,0,0.15729,3
0.4583,4.5856,2.5103,12.2771,2.1714,0.0382,-1.2325,0,2,0,0.80671,1
0.4785,4.4518,2.3942,11.8748,3.1084,0.0068,-0.8505,0,1,0,0.20290,1
0.5428,5.1227,2.2792,11.9208,-1.6797,0.0012,-1.0343,0,1,0,0.28213,1
0.4188,4.1505,2.5769,12.4388,-1.4520,0.0032,-1.2090,0,1,0,0.98120,1
0.4129,4.1176,2.5954,11.9437,-0.5433,0.0055,-0.7708,0,1,0,0.38694,1
0.5544,5.2066,2.2505,12.6268,-0.6172,0.0133,-1.8929,0,1,1,1.02776,1
0.5569,5.2664,2.2518,11.7240,-0.8389,0.0090,-0.8593,0,0,0,0.00000,3
0.4042,4.0234,2.6097,11.9478,1.9179,0.0236,-0.7789,0,1,0,0.34517,3
0.3616,3.9034,2.7880,13.0066,-2.2450,0.0483,-1.5512,0,1,1,1.76211,1
0.4164,4.1903,2.5987,11.9075,2.7262,0.0330,-0.7839,0,1,0,0.44351,3
0.4196,4.1929,2.5844,11.9890,-2.2719,0.0120,-0.8327,0,1,0,0.61493,3
0.4010,4.1112,2.6499,12.4409,-2.6784,0.0118,-1.1676,0,2,0,1.15073,1
0.4264,4.2506,2.5685,11.5184,2.4610,0.0013,-0.4354,0,1,0,0.20324,3
0.4618,5.0805,2.6081,11.8607,2.1360,0.0780,-0.8975,0,1,0,0.55701,3
0.4424,4.5143,2.5634,11.8050,-2.6677,0.0475,-0.7666,0,1,0,0.45571,1
0.3705,3.9431,2.7531,11.6944,-2.7217,0.1433,-0.6629,0,1,0,0.30554,1
0.4020,4.3639,2.7152,12.0189,-2.6832,0.0759,-0.9023,0,1,0,0.76642,3
0.4371,4.7035,2.6339,12.3614,2.8183,0.0689,-1.2939,0,1,0,0.92877,1
0.4954,5.4298,2.5318,12.3086,-1.5129,0.0108,-1.3396,0,1,0,0.85806,1
0.4614,4.9402,2.5780,11.9254,3.1146,0.0030,-0.8605,0,1,0,0.39264,3
0.3536,3.7516,2.7816,11.8804,-2.7136,0.1230,-0.7478,0,1,0,0.37407,3
0.4488,4.7390,2.5885,12.7314,1.2658,0.0270,-1.6273,0,1,1,1.24983,1
0.3370,3.6766,2.8484,12.0148,3.0000,0.0371,-0.7000,0,1,0,0.67474,1
0.4431,4.2957,2.5060,12.3796,-0.6772,0.0064,-1.2359,0,1,2,0.89417,1
0.5928,5.9594,2.2304,11.9918,-2.3998,0.0081,-1.2511,0,1,0,0.45595,1
0.3671,3.8349,2.7374,12.1382,-2.8411,0.0719,-0.9085,0,1,0,0.85410,3
0.4964,4.8753,2.4138,12.4552,1.6835,0.0156,-1.4984,0,0,1,0.44238,1
0.3746,3.9877,2.7455,11.7163,-2.6097,0.0114,-0.5257,0,1,0,0.39326,1
0.4177,4.0912,2.5657,11.7148,-3.0858,0.0034,-0.5869,0,1,0,0.42287,3
0.4130,4.2392,2.6278,11.7557,1.5134,0.0180,-0.6314,0,1,0,0.40936,1
0.3846,4.0315,2.7078,12.2046,2.9665,0.1034,-1.0507,0,1,0,0.36115,1
0.5304,5.6491,2.4252,12.7952,0.2648,0.0052,-1.9895,0,1,0,1.64618,1
0.5173,5.0316,2.3611,11.9220,-1.9920,0.0141,-0.9955,0,1,0,0.37463,1
0.4965,4.9627,2.4315,12.8622,0.0884,0.0006,-1.9103,0,1,1,1.69002,1
0.4117,4.0552,2.5836,12.3948,-1.0023,0.0165,-1.1676,0,1,1,0.78802,1
0.4345,4.3375,2.5547,12.5112,3.0328,0.0362,-1.3771,1,1,1,1.04269,1
0.4196,4.6053,2.6927,11.8056,-2.0857,0.0641,-0.7440,0,1,0,0.15927,3
0.5403,5.3817,2.3365,12.0623,-0.7077,0.0296,-1.2257,0,1,1,0.43468,1
0.4408,4.1938,2.4902,12.0161,-1.8101,0.0133,-0.9063,0,1,0,0.53053,1
0.4212,4.5769,2.6775,12.8915,3.0223,0.0605,-1.7255,0,1,1,1.10768,1
0.4430,4.4456,2.5434,11.8346,-2.3111,0.0716,-0.8255,0,1,0,0.42964,1
0.4921,5.2634,2.5126,11.9417,2.1091,0.0133,-0.9595,0,1,0,0.53372,3
0.3580,3.9376,2.8179,12.1981,-3.0015,0.0253,-0.8683,0,1,1,0.78415,1
0.4357,4.6036,2.6159,11.6690,1.9428,0.0574,-0.6467,0,1,0,0.37788,3
0.5040,5.1451,2.4379,11.7992,1.2157,0.0392,-0.8745,0,1,0,0.25615,3
0.3505,3.7417,2.7953,12.3614,-2.0870,0.0436,-0.9948,0,1,1,0.66845,1
0.4003,4.2149,2.6824,12.5264,2.8306,0.0495,-1.2952,0,1,1,0.72364,1
0.4443,4.5890,2.5729,12.0648,-2.9168,0.0508,-1.0118,0,1,0,0.72752,1
0.5221,4.9037,2.3172,12.2189,0.0853,0.0406,-1.3615,0,1,0,0.57144,1
0.4235,4.3340,2.6038,13.0374,-2.0896,0.0199,-1.8046,0,1,1,0.89131,1
0.5332,5.0492,2.3025,12.2937,-0.3776,0.0184,-1.4444,0,1,0,0.99126,1
0.5174,5.5724,2.4655,11.6468,-1.6566,0.0301,-0.7342,0,1,0,0.21188,3
0.5175,4.8685,2.3281,11.6692,-1.3508,0.0052,-0.7221,0,1,0,0.28358,3
0.4006,3.9962,2.6189,11.7749,2.4186,0.0346,-0.6448,0,0,0,0.00000,3
0.4947,4.8150,2.4080,11.7342,0.8713,0.0435,-0.7953,0,1,0,0.27826,1
0.4429,4.6465,2.5933,12.0096,-3.0590,0.0174,-0.9135,0,1,0,0.64627,3
0.4380,4.6284,2.6114,12.8190,2.5634,0.0673,-1.7363,0,1,2,1.41823,1
0.3657,3.8764,2.7578,11.6388,2.6545,0.0559,-0.5076,0,1,0,0.32077,3
0.3790,3.9728,2.7184,12.2493,-2.4772,0.0637,-1.0172,0,1,0,0.60448,3
0.4039,4.3895,2.7127,12.0480,-2.3330,0.0041,-0.8369,0,1,0,0.56187,1
0.3470,3.8012,2.8342,12.2025,2.7777,0.0956,-0.9371,0,1,0,0.77092,3
0.4185,4.2873,2.6147,11.9597,-1.2993,0.0454,-0.8496,0,1,0,0.55837,1
0.4807,4.9726,2.5004,12.7194,-2.5178,0.0123,-1.7155,0,2,0,0.90998,1
0.3774,4.1216,2.7714,13.2313,2.3005,0.0109,-1.7482,0,1,0,1.92891,1
0.5385,5.1352,2.2982,11.5819,1.0529,0.0075,-0.6711,0,1,0,0.24275,3
0.3823,4.0189,2.7153,12.7941,2.9463,0.0695,-1.4934,0,1,0,1.69716,1
0.3705,3.8665,2.7297,12.3283,2.8023,0.0522,-1.0400,0,1,0,1.13631,1
0.4423,4.3042,2.5113,12.1550,-0.9659,0.0016,-1.0203,0,0,0,0.00000,1
0.4064,4.3989,2.7030,12.2005,1.8798,0.0474,-1.0295,0,1,1,0.52437,1
0.3599,3.9090,2.7986,11.6976,-2.8403,0.0768,-0.5669,0,1,0,0.36574,3
0.4579,5.0442,2.6176,12.4206,2.6839,0.0942,-1.4546,0,1,0,1.02243,0
0.4280,4.2629,2.5645,12.2143,-2.5863,0.0513,-1.1060,0,1,4,1.40747,1
0.3876,4.1809,2.7360,12.7372,2.7821,0.1208,-1.5449,0,1,1,1.29520,1
0.3660,3.8910,2.7608,11.9263,-2.2598,0.0708,-0.7414,0,1,0,0.60245,3
0.4062,4.3835,2.6995,11.6814,2.1599,0.0414,-0.5881,0,1,0,0.22468,1
0.3831,4.1101,2.7382,11.6891,3.0359,0.0353,-0.5484,0,1,0,0.40035,3
0.4783,5.2524,2.5710,12.0035,-1.6909,0.0363,-1.0189,0,1,0,0.48466,1
0.3959,4.0056,2.6444,11.7335,1.2608,0.0088,-0.5713,0,1,0,0.22040,1
0.3743,3.9368,2.7314,12.0931,-2.1066,0.0653,-0.8824,0,1,1,0.60874,3
0.4347,4.3586,2.5589,11.7166,-0.5161,0.0046,-0.6202,0,1,0,0.38525,1
0.3580,3.8079,2.7765,12.5767,-3.0693,0.0875,-1.2499,0,1,1,1.44170,1
0.3659,3.9975,2.7944,12.5380,3.0905,0.0288,-1.1581,0,1,0,1.23209,1
0.4124,4.2085,2.6225,11.9934,1.5699,0.0139,-0.8229,0,1,0,0.57246,1
0.3818,3.9260,2.6902,12.2598,-2.8807,0.0365,-0.9955,0,1,0,0.88483,1
0.3474,3.8137,2.8363,11.9173,2.8649,0.0338,-0.6495,0,1,0,0.60369,1
0.4679,4.8891,2.5376,12.5194,-2.5896,0.0398,-1.5066,1,2,2,1.69084,1
0.3868,4.0012,2.6876,12.0975,-2.5559,0.0392,-0.8817,0,1,0,0.40597,3
0.4052,4.3318,2.6905,12.0394,2.7718,0.0953,-0.9530,0,1,0,0.61319,1
0.5420,4.9132,2.2431,11.7109,-0.6249,0.0457,-0.8626,0,1,0,0.23912,1
0.3919,3.9558,2.6491,11.8577,2.5447,0.0488,-0.7129,0,1,0,0.33807,3
0.5044,4.9744,2.4015,11.9453,2.5351,0.0035,-0.9758,0,1,0,0.58202,3
0.3509,3.8496,2.8289,12.1713,-2.7558,0.0798,-0.9025,0,1,0,0.76543,3
0.4450,4.6496,2.5846,12.7648,-1.1580,0.0079,-1.6135,0,1,0,0.47083,1
0.4431,4.6507,2.5932,12.3990,2.9066,0.0461,-1.3152,0,2,0,0.68477,1
0.4660,4.5870,2.4771,12.1434,-1.8357,0.0328,-1.1169,0,1,1,0.73858,1
0.4194,4.1137,2.5642,11.6337,1.0909,0.0519,-0.5822,0,1,0,0.32415,1
0.4170,4.0978,2.5709,11.6826,-1.1127,0.0280,-0.5896,0,1,0,0.18030,1
0.4466,4.4959,2.5397,11.8816,-2.7035,0.0409,-0.8358,0,1,0,0.21223,1
0.5131,5.4586,2.4619,11.6620,2.6298,0.0660,-0.7865,0,1,0,0.17444,1
0.3661,3.9369,2.7743,12.7229,-2.4009,0.0240,-1.2990,0,1,1,1.33517,1
0.4449,4.2753,2.4927,11.9201,-2.5552,0.0154,-0.8326,0,1,0,0.53333,1
0.4174,4.3074,2.6253,11.8941,-2.5999,0.0308,-0.7723,0,1,0,0.35453,3
0.3533,3.7790,2.7925,13.0546,2.7025,0.0664,-1.5856,0,1,0,1.77018,1
0.3764,4.1401,2.7818,11.9281,2.8402,0.0263,-0.7083,0,1,0,0.22922,1
0.3906,4.2395,2.7377,13.0584,2.5911,0.0239,-1.6829,0,1,1,1.94053,1
0.4862,4.5277,2.3801,11.6803,-0.7399,0.0039,-0.6753,0,1,0,0.27928,3
0.4232,4.2776,2.5904,12.2490,2.2285,0.0294,-1.0926,0,1,0,0.96071,1
0.3758,3.9764,2.7360,12.2218,2.1855,0.0092,-0.9113,0,1,0,0.47229,1
0.4368,4.4314,2.5678,12.0486,-3.0573,0.0034,-0.9143,0,1,0,0.48720,3
0.4183,4.3587,2.6348,11.6525,-2.4394,0.0184,-0.5557,0,1,0,0.33743,3
0.3404,3.7589,2.8573,13.4017,-2.7538,0.0364,-1.7507,0,1,1,2.30988,0
0.3334,3.6708,2.8668,12.2571,3.0713,0.0442,-0.8708,0,1,1,0.72189,0
0.3900,3.9433,2.6547,12.0793,-2.6062,0.0539,-0.8944,0,1,0,0.71495,3
0.4035,4.1248,2.6417,11.8915,-1.7097,0.0153,-0.7209,0,1,0,0.52444,1
0.4008,4.1450,2.6604,11.8007,-2.3389,0.0078,-0.6328,0,1,0,0.39059,1
0.4329,4.1827,2.5219,12.3427,1.4563,0.0061,-1.1703,0,1,0,1.10420,1
0.5540,5.3316,2.2744,12.5034,-0.6972,0.0701,-1.8388,0,1,0,0.98596,1
0.4773,4.7791,2.4725,12.1199,2.0338,0.0247,-1.1132,0,1,0,0.60686,1
0.4723,4.7969,2.4978,11.9007,-2.1522,0.0722,-0.9507,0,1,0,0.65340,1
0.3507,3.8237,2.8213,11.7852,-2.9989,0.1176,-0.6647,0,1,0,0.24738,3
0.5253,5.3016,2.3813,12.3699,-1.0312,0.0218,-1.5126,0,1,0,0.95849,1
0.3725,4.0123,2.7639,11.5438,2.9615,0.1764,-0.5894,0,1,0,0.30370,1
0.3740,3.9740,2.7443,11.8769,-2.8212,0.0993,-0.7561,0,1,0,0.47583,3
0.4110,4.3499,2.6672,11.9739,2.3890,0.0662,-0.8722,0,1,0,0.66096,3
0.4525,4.8457,2.5967,11.7650,2.8120,0.0585,-0.7646,0,1,0,0.34887,3
0.3465,3.7597,2.8236,11.5479,-2.6460,0.0398,-0.3970,0,1,0,0.31197,1
0.4064,4.0255,2.5998,12.6220,1.2860,0.0298,-1.3701,0,1,0,0.72818,1
0.4177,4.3789,2.6427,12.3318,2.9415,0.0701,-1.2090,0,1,1,0.47217,1
0.4362,4.4752,2.5815,12.4242,0.2638,0.0013,-1.2500,0,1,1,1.11969,1
0.5798,5.3715,2.1848,11.5589,0.0903,0.0811,-0.8074,0,0,0,0.00000,1
0.4814,4.7639,2.4521,12.2641,2.3517,0.0279,-1.2726,0,1,0,0.34682,1
0.4664,4.5733,2.4724,11.9452,0.5244,0.0227,-0.9139,0,1,0,0.41274,1
0.4779,4.7256,2.4585,11.7399,-2.2543,0.0084,-0.7243,0,1,0,0.42826,3
0.3940,4.2182,2.7145,11.9735,-2.4459,0.0107,-0.7618,0,1,0,0.52735,1
0.4155,4.5295,2.6931,12.1091,-2.6673,0.1476,-1.1092,0,1,0,0.34978,1
0.4696,5.0056,2.5560,12.0722,-2.8531,0.0330,-1.0595,0,1,0,0.60789,3
0.3695,3.8946,2.7432,11.9744,-2.0938,0.0201,-0.7204,0,1,0,0.24044,1
0.4929,5.1272,2.4808,13.0638,2.2821,0.0335,-2.1769,0,1,2,1.88335,1
0.5284,5.3373,2.3759,12.1795,-1.8530,0.0166,-1.3044,1,1,0,0.61414,1
0.4946,5.3820,2.5258,11.9065,2.5776,0.0001,-0.9135,0,1,0,0.59346,1
0.4229,4.1773,2.5654,11.8331,2.4929,0.0209,-0.7180,0,1,0,0.48680,3
0.4191,4.2549,2.6033,12.0410,-1.7530,0.0142,-0.8794,0,1,0,0.26755,3
0.3752,4.1038,2.7776,11.8682,2.0308,0.0936,-0.7443,0,1,0,0.54999,1
0.3765,4.0432,2.7527,11.5551,-2.2913,0.0721,-0.4805,0,1,0,0.21040,3
0.4402,4.5419,2.5801,12.2501,-1.9985,0.0432,-1.1620,0,1,1,0.92233,1
0.4518,4.6435,2.5525,11.5044,-2.5003,0.0804,-0.5533,0,1,0,0.19862,1
0.4587,4.3117,2.4430,12.4722,-1.1904,0.0347,-1.4179,0,1,1,1.13011,1
0.4911,4.5590,2.3675,11.8648,-1.1095,0.0034,-0.8631,0,0,0,0.00000,1
0.5001,5.3733,2.5001,12.9251,2.4566,0.0366,-2.0609,0,1,1,1.55053,1
0.4130,4.3540,2.6588,11.7100,1.8397,0.0122,-0.5869,0,1,0,0.42038,1
0.4576,5.0372,2.6173,11.9780,-2.7346,0.0335,-0.9415,0,1,0,0.66172,3
0.3730,3.9203,2.7332,12.5504,-2.3656,0.0255,-1.1869,0,1,0,1.39175,1
0.4627,4.6800,2.5131,11.7687,-3.0338,0.0078,-0.7224,0,1,0,0.43993,3
0.4020,4.3581,2.7133,12.5693,2.1483,0.0421,-1.3278,0,1,1,1.04325,1
0.5521,5.7945,2.3624,11.8544,0.7932,0.0363,-1.0339,0,1,0,0.14473,1
0.4675,4.4867,2.4475,11.7902,-1.0392,0.0235,-0.7706,0,1,0,0.19343,3
0.3799,3.8905,2.6891,11.6292,2.8575,0.0396,-0.5024,0,1,0,0.19423,3
0.3764,4.0528,2.7559,12.2229,2.8297,0.0658,-0.9914,0,1,1,0.81045,3
0.6126,5.8738,2.1434,12.1416,-0.3381,0.0602,-1.5636,0,1,0,0.85695,1
0.3463,3.8018,2.8385,12.9041,-2.8870,0.0243,-1.3646,0,1,1,1.88597,1
0.3865,4.2643,2.7656,13.3772,-2.7477,0.0228,-1.9450,0,2,1,2.05283,0
0.4065,4.1819,2.6430,11.8060,-1.7616,0.0446,-0.6942,0,1,0,0.25375,1
0.4255,4.3655,2.6028,12.2723,-1.8628,0.0146,-1.0993,0,1,0,0.92126,1
0.5520,5.6701,2.3414,11.7662,2.8943,0.0190,-0.9124,0,1,0,0.18026,1
0.4269,4.1809,2.5480,11.8778,1.3077,0.0009,-0.7385,0,1,0,0.42506,3
0.3470,3.7904,2.8306,13.2621,-2.8540,0.0106,-1.6246,0,1,1,2.12781,1
0.4348,4.4730,2.5876,11.7708,1.8454,0.0341,-0.7047,0,1,0,0.44216,3
0.4882,5.0640,2.4877,12.0896,1.7127,0.0126,-1.0960,0,1,1,0.56322,3
0.3645,3.9952,2.8009,13.0507,2.7607,0.0346,-1.5773,0,2,1,1.27733,1
0.5135,5.3133,2.4321,12.1740,-0.8162,0.0358,-1.2843,0,1,0,0.41883,1
0.4383,4.4679,2.5703,12.7792,3.0486,0.0194,-1.6191,0,1,0,1.41877,1
0.3667,3.9452,2.7739,12.7411,1.8070,0.0431,-1.3457,0,0,3,0.92678,1
0.3711,3.8877,2.7328,11.8918,-2.0642,0.0413,-0.6883,0,1,0,0.48875,1
0.4015,4.1549,2.6596,12.6165,1.9187,0.0129,-1.3219,0,1,0,0.89628,1
0.5583,5.6849,2.3192,12.2973,1.0458,0.0124,-1.5216,0,1,0,0.92924,1
0.3722,3.9157,2.7360,11.5937,3.1308,0.1093,-0.5477,0,1,0,0.24801,1
0.4347,4.4928,2.5927,11.7707,-2.7190,0.0487,-0.7230,0,1,0,0.19748,3
0.5390,5.4057,2.3462,12.0155,0.5346,0.0296,-1.1707,0,1,0,0.23237,1
0.4617,4.5908,2.4964,11.7561,-1.5407,0.0258,-0.7313,0,1,0,0.35462,3
0.4065,4.3018,2.6762,11.9565,3.0506,0.0139,-0.7795,0,1,0,0.60337,3
0.4300,4.3986,2.5908,12.0800,-3.0980,0.0525,-0.9920,0,0,0,0.00000,1
0.4083,4.1224,2.6182,12.9638,-2.2227,0.0160,-1.6616,0,1,0,1.64125,1
0.3555,3.7975,2.7869,11.7077,-2.9085,0.0210,-0.4994,0,1,0,0.40872,1
0.4747,5.0296,2.5389,12.2564,-2.8771,0.0590,-1.2914,0,1,0,0.71110,1
0.4297,4.2479,2.5530,11.8456,2.2234,0.0393,-0.7663,0,1,0,0.55450,3
0.3836,3.9798,2.6975,12.1660,2.2140,0.0472,-0.9395,0,1,0,0.58537,3
0.4202,4.1311,2.5652,11.8986,2.8658,0.0283,-0.7780,0,1,0,0.56595,1
0.4099,4.1552,2.6196,11.8747,2.8026,0.0233,-0.7304,0,1,0,0.54708,3
0.4281,4.5835,2.6465,12.1166,3.0566,0.0083,-0.9608,0,1,0,0.61922,3
0.4277,4.6443,2.6635,11.7080,-1.7440,0.0441,-0.6506,0,1,0,0.25649,1
0.4167,4.1620,2.5895,12.0977,2.8449,0.0529,-0.9748,0,1,0,0.58979,1
0.4224,4.5598,2.6677,12.5040,-2.5126,0.0697,-1.3801,0,1,1,1.12652,1
0.3700,3.8512,2.7273,12.0009,2.6088,0.0098,-0.7278,0,1,1,0.50130,1
0.4679,4.9877,2.5598,11.9701,-3.1196,0.0824,-1.0219,0,1,0,0.52173,1
0.3989,4.2075,2.6871,11.8696,-3.0829,0.0803,-0.7769,0,1,0,0.40102,1
0.4391,4.7735,2.6417,12.9773,-2.4631,0.0147,-1.8084,0,1,1,1.54262,1
0.3729,3.9955,2.7565,12.5899,-2.7409,0.0916,-1.3185,0,1,2,1.12141,1
0.4728,4.4689,2.4214,11.7531,1.5812,0.0005,-0.7158,0,1,0,0.36518,3
0.4379,4.2778,2.5243,12.3290,-1.2373,0.0400,-1.2232,0,1,0,0.85137,1
0.4668,4.8429,2.5322,11.7545,2.7889,0.0077,-0.7176,0,1,0,0.27784,3
0.4549,4.7732,2.5691,11.7474,-2.5083,0.0456,-0.7364,0,1,0,0.42184,3
0.5245,5.2519,2.3751,11.8307,2.2478,0.0093,-0.9106,0,1,0,0.37571,1
0.3871,4.2552,2.7599,13.3607,-2.3798,0.0289,-1.9451,1,2,1,2.02168,1
0.3714,4.0234,2.7732,12.1101,2.4914,0.1761,-1.0358,0,0,2,0.33864,1
0.3650,3.8554,2.7545,11.7864,2.8149,0.0976,-0.6672,0,1,0,0.53283,3
0.4514,4.8156,2.5948,12.1056,-1.6824,0.0232,-1.0310,0,1,0,0.52446,1
0.3571,3.8312,2.7887,12.5250,2.2204,0.0524,-1.1535,0,1,0,0.97223,1
0.3601,3.9443,2.8091,12.0053,2.8309,0.1129,-0.8424,0,1,0,0.53419,3
0.3837,4.0096,2.7057,11.9717,-3.0338,0.0437,-0.7800,0,1,0,0.47881,3
0.4730,4.8952,2.5169,11.9619,1.9122,0.0249,-0.9492,0,0,0,0.00000,3
0.3992,4.3249,2.7184,12.4968,2.8412,0.0044,-1.1996,0,1,0,1.15831,1
0.4404,4.3201,2.5237,12.0251,1.8865,0.0081,-0.9073,0,1,0,0.74865,1
0.3994,4.3467,2.7232,12.0036,2.9674,0.1258,-0.9485,0,1,0,0.51291,1
0.3444,3.7654,2.8369,12.2247,2.9972,0.0591,-0.8973,0,1,1,0.72271,3
0.4564,4.5801,2.5171,12.4807,-1.8153,0.0216,-1.3998,0,1,1,1.14592,1
0.5145,5.0179,2.3695,12.0482,-0.8714,0.0607,-1.1862,0,1,0,0.43074,1
0.3739,3.9594,2.7407,11.5764,-3.0044,0.1783,-0.6191,0,1,0,0.22986,1
0.4368,4.2685,2.5269,11.7778,2.5554,0.0091,-0.6820,0,1,0,0.34667,3
0.4917,4.8131,2.4200,11.9526,1.1403,0.0079,-0.9592,0,1,0,0.29029,3
0.4110,4.2128,2.6303,12.7227,-2.7469,0.0016,-1.4317,0,1,1,1.04142,1
0.4638,4.7034,2.5136,11.8191,1.0686,0.0064,-0.7694,0,1,0,0.48736,1
0.3915,4.3203,2.7558,11.7998,-2.6454,0.2351,-0.8981,0,1,0,0.36779,0
0.4221,4.2374,2.5849,11.9713,-2.2579,0.0293,-0.8463,0,1,0,0.38374,3
0.5561,5.6627,2.3238,11.9846,0.9362,0.0329,-1.1846,0,1,0,0.20694,3
0.3598,3.7828,2.7589,12.1724,2.4740,0.0891,-0.9396,0,1,0,0.76637,3
0.4936,4.8895,2.4283,11.7982,-2.8703,0.0228,-0.8302,0,1,0,0.19009,1
0.4914,4.4450,2.3411,11.7387,-1.9987,0.0093,-0.7472,0,1,0,0.47780,1
0.3925,4.0286,2.6673,12.5779,1.9570,0.0344,-1.2903,0,1,0,1.16258,1
0.4435,4.7435,2.6137,12.0975,2.1542,0.0301,-1.0127,0,1,0,0.71893,3
0.5735,5.6179,2.2492,11.9811,0.1338,0.0425,-1.2358,0,1,0,0.27460,1
0.3792,4.1299,2.7641,12.1977,-2.6721,0.0861,-1.0064,0,1,1,1.08556,3
0.3813,4.1565,2.7611,12.8944,2.7754,0.0528,-1.5481,0,1,0,1.84988,1
0.3629,3.9004,2.7800,11.7778,2.2931,0.0776,-0.6322,0,1,0,0.49282,3
0.4871,5.2417,2.5299,11.6785,-1.5651,0.0360,-0.7190,0,1,0,0.26353,1
0.3935,4.1433,2.6957,11.8836,-3.0655,0.0314,-0.7149,0,1,0,0.25445,3
0.3622,3.8978,2.7829,11.6468,-2.3715,0.1043,-0.5662,0,1,0,0.15202,3
0.4063,4.0644,2.6115,11.8009,1.6245,0.0188,-0.6566,0,1,0,0.39032,1
0.3550,3.7968,2.7891,11.6952,-2.6871,0.0879,-0.5705,0,1,0,0.39633,3
0.4183,4.4650,2.6624,12.9554,2.8136,0.0374,-1.7350,0,1,5,1.97671,1
0.5138,4.6893,2.3059,12.0686,1.8410,0.0068,-1.1275,0,1,0,0.75369,1
0.4271,4.2045,2.5535,11.7116,-3.1243,0.0045,-0.6020,0,0,0,0.00000,3
0.5430,4.9883,2.2536,11.8861,-0.6002,0.0011,-0.9954,0,2,0,0.50325,1
0.4696,4.7825,2.5066,12.4315,-2.7563,0.0318,-1.4107,0,1,0,1.06775,1
0.4175,4.2834,2.6187,12.0825,-2.4100,0.0647,-0.9795,0,1,0,0.35458,3
0.4293,4.2127,2.5455,11.8097,-1.7841,0.0084,-0.6946,0,1,0,0.22921,3
0.3736,4.0555,2.7715,12.2483,2.8670,0.1063,-1.0595,0,1,0,0.96273,3
0.3696,3.9586,2.7627,11.7729,2.3123,0.0327,-0.5853,0,1,0,0.32475,1
0.3931,4.2930,2.7399,12.8806,-2.3436,0.0678,-1.6095,0,1,2,1.00095,1
0.3920,4.1548,2.7066,12.1512,2.7234,0.0668,-0.9759,0,0,0,0.00000,3
0.4619,4.6181,2.5020,12.2426,1.2753,0.0075,-1.1656,0,1,0,0.71288,1
0.4093,4.3954,2.6879,11.7076,-2.9709,0.0081,-0.5739,0,1,0,0.33344,1
0.4459,4.5303,2.5514,11.9870,2.5639,0.0067,-0.8850,0,1,0,0.30509,3
0.4764,4.3760,2.3855,12.1141,-0.0971,0.0163,-1.0903,0,1,0,0.51406,1
0.4163,4.4010,2.6553,12.4539,-2.1414,0.0003,-1.2120,0,1,0,1.11582,1
0.4970,4.7278,2.3800,12.2616,-0.6629,0.0011,-1.2752,0,1,1,0.78964,1
0.3770,4.1199,2.7730,13.3604,2.4056,0.0222,-1.8793,0,1,2,2.27271,1
0.5203,5.1425,2.3709,12.1493,-1.4057,0.0038,-1.2298,1,1,0,0.54862,1
0.3612,3.9557,2.8063,11.7813,-2.4650,0.1162,-0.6791,0,1,0,0.45551,3
0.4094,4.1131,2.6103,12.1693,2.7257,0.0024,-0.9480,0,1,0,0.76076,1
0.4563,5.0218,2.6201,11.9659,2.5165,0.0274,-0.9190,0,1,0,0.37526,3
0.4567,4.9666,2.6056,12.2803,-1.8426,0.0334,-1.2258,0,1,1,0.90795,1
0.3973,4.3675,2.7397,12.8714,-2.6292,0.0267,-1.5514,0,1,1,1.43080,1
0.3640,3.8948,2.7721,11.6068,-2.4582,0.0272,-0.4479,0,1,0,0.40421,1
0.4109,4.1541,2.6147,11.7750,2.5121,0.1023,-0.7494,0,1,0,0.27843,1
0.4380,4.3298,2.5371,11.7719,1.9231,0.0168,-0.6891,0,1,0,0.40879,3
0.4206,4.3154,2.6127,12.0732,1.1160,0.0030,-0.8958,0,1,1,0.29372,1
0.4772,4.7488,2.4663,11.7775,1.4215,0.0132,-0.7653,0,1,0,0.45817,3
0.3640,3.9835,2.8001,11.9596,3.0512,0.0313,-0.7120,0,1,0,0.57335,1
0.4125,4.3931,2.6716,12.7380,1.6126,0.0174,-1.4775,0,1,1,1.05368,1
0.4282,4.4700,2.6173,12.2659,-2.1336,0.0126,-1.0988,0,1,1,0.77393,3
0.3647,3.8111,2.7420,11.7421,1.9858,0.0182,-0.5361,0,1,0,0.27777,1
0.4731,4.8683,2.5106,12.4720,1.1411,0.0028,-1.4195,0,1,1,1.10636,1
0.3571,3.8802,2.8048,12.0861,-2.1181,0.0450,-0.8082,0,1,0,0.90548,1
0.3895,4.2078,2.7342,12.3016,2.9685,0.0856,-1.1206,0,1,0,0.96605,3
0.5125,5.4303,2.4590,11.9125,-2.5897,0.0361,-1.0065,0,1,0,0.47258,1
0.3731,3.8835,2.7214,12.2182,-2.9786,0.0643,-0.9770,0,1,0,0.85815,3
0.3864,4.0475,2.7032,12.9894,-2.2568,0.0291,-1.6126,1,1,2,1.59071,1
0.3638,3.9248,2.7830,12.2504,2.2266,0.0499,-0.9568,0,1,0,0.96205,1
0.4764,5.1987,2.5678,11.9830,2.6529,0.0456,-1.0065,0,1,0,0.49062,3
0.4196,4.3738,2.6325,11.9592,-2.2816,0.0133,-0.8099,0,1,0,0.52018,3
0.4469,4.2915,2.4882,12.0361,2.4306,0.0203,-0.9490,0,1,0,0.36906,1
0.4696,5.1231,2.5819,12.1139,-1.9448,0.0110,-1.0707,0,1,0,0.65523,1
0.3947,4.2797,2.7285,12.0547,2.1207,0.0475,-0.8773,0,1,0,0.50590,1
0.3965,4.2766,2.7183,13.1602,2.5453,0.0279,-1.8086,0,1,0,0.69525,1
0.4697,5.0370,2.5628,11.7170,2.5979,0.0888,-0.7900,0,1,0,0.38643,1
0.3720,4.0572,2.7803,12.6573,-2.8692,0.0269,-1.2722,0,1,0,1.39636,1
0.4367,4.8021,2.6597,12.5382,-2.8077,0.0909,-1.4935,0,1,0,1.31301,1
0.4109,4.2321,2.6358,11.8214,-2.8888,0.0325,-0.7001,0,1,0,0.40914,3
0.4068,4.1589,2.6352,11.8598,-3.0143,0.0373,-0.7299,0,1,0,0.23788,3
0.4403,4.3835,2.5401,12.4667,2.0297,0.0233,-1.3351,0,1,1,1.04007,1
0.4284,4.2524,2.5602,12.1546,1.6614,0.0449,-1.0441,0,1,0,0.65974,1
0.3808,3.9383,2.6989,12.2015,2.6474,0.1106,-1.0483,0,1,0,0.56953,1
0.4425,4.5106,2.5620,11.9863,-2.3397,0.0258,-0.9018,0,1,0,0.64220,3
0.4146,4.2935,2.6351,11.8610,-2.3771,0.0048,-0.7051,0,1,0,0.27688,1
0.4277,4.2149,2.5536,11.9723,-3.0987,0.0041,-0.8259,0,1,0,0.71172,3
0.4564,4.9394,2.6009,13.2876,-1.8916,0.0188,-2.2124,0,2,0,1.73105,1
0.4088,4.2675,2.6556,11.6256,3.1173,0.0249,-0.5265,0,1,0,0.34688,3
0.4024,4.1079,2.6422,11.8631,1.8456,0.0571,-0.7489,0,1,0,0.54759,3
0.4556,4.4678,2.4940,11.6975,3.1343,0.0095,-0.6456,0,1,0,0.31850,3
0.4587,4.7283,2.5417,12.2979,1.2125,0.0375,-1.2536,0,1,0,0.88011,1
0.4190,4.2844,2.6116,12.0704,1.5352,0.0238,-0.9176,0,1,0,0.63087,1
0.3837,4.0945,2.7309,11.7431,2.5194,0.0135,-0.5640,0,1,0,0.46657,1
0.3905,4.1655,2.7172,12.4897,2.5082,0.0551,-1.2391,0,1,1,0.97122,1
0.4601,4.5876,2.5025,11.6534,-2.2285,0.0278,-0.6367,0,1,0,0.18729,3
0.3952,4.0391,2.6573,12.5352,2.7421,0.0791,-1.3310,0,1,1,1.13965,1
0.3871,4.1024,2.7158,11.9041,2.7394,0.1538,-0.8747,0,1,0,0.38478,1
0.5933,5.6537,2.1808,12.0276,1.4358,0.0175,-1.3057,0,1,0,0.48579,1
0.3757,3.9113,2.7164,12.7486,3.1194,0.0390,-1.3801,1,2,0,1.52938,1
0.3470,3.7621,2.8213,12.0984,-3.0939,0.1856,-0.9784,0,1,0,0.76691,1
0.4597,4.8141,2.5569,12.4823,-2.6610,0.0499,-1.4564,0,1,1,1.08791,1
0.4191,4.2314,2.5971,11.8360,-2.8980,0.0243,-0.7177,0,1,0,0.43977,3
0.4090,4.0507,2.5951,11.7205,-2.9839,0.0379,-0.6196,0,1,0,0.25274,1
0.3692,3.9706,2.7685,11.9698,2.5390,0.0753,-0.7873,0,1,0,0.68969,3
0.5842,5.7435,2.2291,12.6633,-0.8179,0.0540,-2.1254,0,1,1,0.96896,1
0.4536,4.3121,2.4647,11.8277,-0.0074,0.0146,-0.7657,0,1,0,0.47193,1
0.4057,4.3608,2.6960,12.2363,2.5937,0.0311,-1.0356,0,2,0,0.41604,3
0.4209,4.1116,2.5570,11.9215,1.6172,0.0188,-0.7864,0,1,0,0.59854,3
0.4517,4.7457,2.5769,12.8102,-2.4901,0.0318,-1.7249,0,1,0,1.74627,1
0.3444,3.7104,2.8185,12.4620,-2.5221,0.0248,-1.0242,0,1,1,1.33170,1
0.3450,3.7329,2.8228,13.2063,-2.9578,0.1057,-1.7427,0,1,0,1.98645,1
0.3841,4.0027,2.7016,11.9831,-2.9135,0.1109,-0.8777,0,1,0,0.36728,1
0.4387,4.8217,2.6551,12.0425,-2.5240,0.0871,-1.0264,1,1,0,0.46828,3
0.3781,4.0303,2.7404,11.7016,-3.0291,0.0065,-0.5145,0,1,0,0.19750,1
0.4604,4.6426,2.5143,12.0990,-1.8635,0.0164,-1.0373,0,1,0,0.45701,3
0.3478,3.8021,2.8303,12.5677,-2.8101,0.0945,-1.2171,0,1,1,0.94766,1
0.3741,3.9683,2.7422,12.1357,2.8076,0.0399,-0.8813,0,1,0,0.66741,3
0.4393,4.1918,2.4961,11.7958,0.4791,0.0017,-0.6926,0,1,0,0.39111,3
0.4637,4.7413,2.5228,12.3092,2.3384,0.0206,-1.2549,0,1,0,0.77399,1
0.4390,4.5891,2.5970,12.0465,-2.9087,0.0003,-0.9144,0,1,0,0.63565,1
0.5244,5.0660,2.3401,12.3292,1.8484,0.0035,-1.4346,0,2,0,0.79959,1
0.4468,4.4523,2.5284,11.8699,2.2896,0.0211,-0.7996,0,1,0,0.25868,3
0.4227,4.4812,2.6459,12.2421,-3.0073,0.0846,-1.1631,0,1,0,0.67722,1
0.5093,4.8135,2.3489,11.7450,-0.1579,0.0106,-0.7908,0,1,0,0.22810,3
0.4234,4.4329,2.6303,11.9716,-1.4708,0.0058,-0.8192,0,1,0,0.53190,1
0.3267,3.6057,2.8832,11.6484,2.2418,0.0730,-0.4761,0,1,0,0.37354,0
0.5034,5.2920,2.4701,11.6710,1.5849,0.0559,-0.7653,0,1,0,0.19487,3
0.4803,4.9259,2.4921,12.0987,-2.8332,0.0249,-1.1009,0,1,1,0.55433,1
0.4357,4.6385,2.6246,11.7877,2.9882,0.0415,-0.7311,0,1,0,0.53606,3
0.5452,5.1875,2.2819,11.7715,-0.3727,0.0217,-0.9049,0,1,0,0.23036,3
0.4554,4.3809,2.4739,11.9159,-1.6957,0.0619,-0.9134,0,1,0,0.40569,1
0.4790,5.0301,2.5203,12.2378,-0.0240,0.0020,-1.2042,0,1,0,0.68426,1
0.4037,4.0283,2.6137,11.8306,-2.8280,0.0157,-0.6717,0,1,0,0.18827,3
0.4691,4.3195,2.4018,11.8437,0.8007,0.0715,-0.8867,0,1,0,0.27458,1
0.4089,4.2329,2.6456,13.0914,2.5945,0.0287,-1.8047,0,1,1,1.72975,1
0.4402,4.7489,2.6305,11.7217,-2.1588,0.0351,-0.6736,0,1,0,0.28505,3
0.4774,5.2477,2.5737,12.3050,-3.1001,0.0547,-1.3432,0,1,0,0.91591,1
0.5535,5.3595,2.2811,11.9076,0.2906,0.0222,-1.0745,0,1,0,0.63408,3
0.3656,3.8937,2.7636,12.2304,-2.5832,0.1360,-1.0645,0,1,0,0.77347,1
0.4379,4.6620,2.6198,12.0829,-1.1911,0.0011,-0.9461,0,1,0,0.73468,1
0.3903,3.9483,2.6550,11.6876,-1.7594,0.0049,-0.5213,0,1,0,0.23080,1
0.4409,4.8045,2.6409,11.8607,2.9438,0.0301,-0.7922,0,1,0,0.31936,3
0.4894,5.2666,2.5249,11.9775,1.8613,0.0303,-1.0115,0,1,0,0.39660,3
0.3536,3.7953,2.7962,11.6866,-2.9923,0.0810,-0.5537,0,1,0,0.24687,3
0.5254,5.0466,2.3322,11.8695,1.6876,0.0127,-0.9561,0,1,0,0.43758,1
0.3814,4.0171,2.7194,11.9105,-2.7438,0.0972,-0.7955,0,1,0,0.61064,1
0.4195,4.2282,2.5947,11.7332,1.5792,0.0606,-0.6772,0,1,0,0.48509,3
0.4014,4.3397,2.7116,12.7238,-2.0937,0.0209,-1.4283,0,1,0,1.38141,1
0.3770,3.9298,2.7156,11.7181,2.9713,0.0667,-0.5985,0,1,0,0.46160,3
0.4823,4.5115,2.3922,11.9529,-0.2715,0.0315,-0.9684,0,1,0,0.35970,1
0.4581,5.0419,2.6162,13.3694,2.1571,0.0294,-2.3288,0,1,1,2.30030,1
0.5079,5.1173,2.4163,11.9270,-1.6612,0.0429,-1.0188,0,1,0,0.46373,3
0.3461,3.8012,2.8396,12.7319,2.8026,0.0328,-1.2446,0,2,0,0.42316,1
0.4898,5.1313,2.4953,12.1469,-2.8568,0.0012,-1.1423,0,1,0,0.68810,3
0.4185,4.3238,2.6246,12.2870,-2.4606,0.0492,-1.1413,0,1,0,1.10421,1
0.3600,3.9735,2.8186,11.8531,-2.3718,0.0937,-0.7027,0,1,0,0.23957,2
0.5753,5.3730,2.2016,12.0701,-0.0855,0.0779,-1.3947,0,1,0,0.24130,1
0.5035,4.8822,2.3863,11.7833,0.2037,0.0107,-0.8190,0,1,0,0.32268,3
0.5007,4.7841,2.3773,12.5210,-0.6431,0.0225,-1.5928,0,1,1,1.19306,1
0.4598,4.6208,2.5118,11.9754,2.3097,0.0362,-0.9458,0,1,0,0.27777,1
0.3691,3.9490,2.7624,12.4076,2.7453,0.0881,-1.1504,0,1,1,1.18509,3
0.5611,5.7343,2.3164,11.8547,-1.9030,0.0612,-1.0866,0,1,0,0.40113,1
0.4526,4.3643,2.4815,12.0544,2.6284,0.0251,-0.9866,0,1,0,0.42501,1
0.3357,3.6503,2.8464,11.7717,2.5014,0.0316,-0.5236,0,1,0,0.53425,1
0.4017,4.0060,2.6165,11.8549,-2.6763,0.0098,-0.6801,0,1,0,0.40777,3
0.4052,4.4645,2.7267,12.7836,2.2219,0.0401,-1.5264,0,2,0,0.88635,0
0.3929,4.2751,2.7359,13.1989,-3.0516,0.0854,-1.9310,0,1,0,2.09441,1
0.4304,4.3443,2.5748,11.8300,-0.9009,0.0088,-0.7152,0,1,0,0.40546,1
0.4079,4.0467,2.5988,12.0059,-1.3476,0.0059,-0.8119,0,1,0,0.44779,1
0.3850,4.0628,2.7148,12.6394,2.7496,0.0326,-1.3130,0,1,0,1.46788,1
0.5091,4.6093,2.3076,12.3468,-0.9916,0.0150,-1.4200,0,1,0,1.06101,1
0.4406,4.7126,2.6201,12.5970,-1.5458,0.0138,-1.4463,0,1,0,1.14497,1
0.4973,5.1254,2.4621,12.2725,0.8298,0.0091,-1.3028,0,1,0,0.69978,1
0.3958,4.2020,2.7007,13.0563,2.6573,0.0613,-1.7704,0,1,0,1.83285,1
0.4229,4.2138,2.5751,11.9500,-2.4559,0.0796,-0.8960,0,1,0,0.39433,1
0.3728,4.0801,2.7828,11.9548,-2.7896,0.0447,-0.7445,0,1,0,0.50460,3
0.4695,4.6387,2.4740,11.9543,-2.0312,0.0170,-0.9223,0,1,0,0.28006,3
0.3592,3.9560,2.8176,12.3005,-2.4579,0.0474,-0.9790,0,1,0,0.89988,0
0.3669,3.9240,2.7660,12.0505,-2.4860,0.0917,-0.8660,0,1,0,0.55046,3
0.5833,5.8027,2.2419,11.9699,0.5259,0.0229,-1.2208,0,1,0,0.27096,3
0.4875,4.8186,2.4387,12.5449,2.9040,0.0037,-1.5430,0,1,1,1.16608,1
0.4157,4.5455,2.6963,12.2407,2.9219,0.0684,-1.1192,0,1,0,0.39527,3
0.4683,4.4506,2.4358,12.1084,-0.8929,0.0001,-1.0421,0,0,0,0.00000,1
0.4243,4.5365,2.6524,11.9499,1.8717,0.0522,-0.8635,0,1,0,0.60664,3
0.3893,4.2889,2.7584,11.8875,2.5550,0.0620,-0.7485,0,1,0,0.30341,2
0.4642,4.5338,2.4723,11.8186,1.4510,0.0430,-0.8164,1,1,0,0.35556,3
0.4311,4.4925,2.6094,11.9916,-1.4308,0.0366,-0.8949,0,1,0,0.65373,1
0.3935,4.1183,2.6887,11.9622,2.9436,0.0248,-0.7693,0,1,1,0.60963,3
0.3484,3.7999,2.8261,11.6403,-2.9101,0.1499,-0.5947,0,1,0,0.25740,3
0.4470,4.5367,2.5479,11.8930,1.3494,0.0113,-0.8086,0,1,0,0.56913,1
0.4909,4.7045,2.3997,11.6987,2.8654,0.0140,-0.7152,0,1,0,0.16216,1
0.4567,4.6288,2.5272,11.5692,-1.7857,0.0197,-0.5454,0,0,0,0.00000,3
0.4005,4.3257,2.7120,11.4531,2.8893,0.0020,-0.3517,0,0,0,0.00000,1
0.4585,4.6464,2.5236,12.3013,0.7539,0.0037,-1.2068,0,0,1,0.86203,1
0.4950,5.3556,2.5186,11.3807,0.9728,0.0003,-0.4016,0,0,0,0.00000,1
0.4319,4.7050,2.6589,11.2807,2.5418,0.0157,-0.2626,0,0,0,0.00000,1
0.3642,3.9907,2.8013,12.2513,-2.6778,0.1181,-1.0520,0,0,2,0.53190,3
0.4455,4.2234,2.4771,11.2640,-2.0425,0.0232,-0.2683,0,0,0,0.00000,3
0.4239,4.1310,2.5483,11.8189,-2.8554,0.0165,-0.7021,0,0,1,0.42821,3
0.5002,4.7711,2.3764,12.2054,0.0947,0.0251,-1.2618,0,0,1,0.87795,1
0.5257,4.8019,2.2833,11.4429,-0.4773,0.1245,-0.6498,0,0,0,0.00000,1
0.5183,4.8845,2.3281,11.3642,-1.4837,0.0370,-0.4544,0,0,0,0.00000,1
0.4370,4.2159,2.5123,11.9261,0.0035,0.0044,-0.8061,0,0,1,0.54768,1
0.4693,4.4392,2.4292,11.2806,1.0110,0.0157,-0.2964,0,0,0,0.00000,3
0.4095,4.3082,2.6631,12.3498,-3.0678,0.0292,-1.1416,1,1,1,1.81001,1
0.4792,5.2202,2.5603,11.9124,1.7472,0.0219,-0.9128,0,1,0,0.30188,1
0.5335,4.8577,2.2645,11.5439,1.0179,0.0354,-0.6569,0,0,0,0.00000,3
0.3951,4.3231,2.7383,12.6277,2.5448,0.0203,-1.3210,1,1,1,1.13799,1
0.5414,5.5158,2.3562,12.1518,-2.4995,0.0271,-1.3262,0,0,1,0.46879,1
0.4500,4.6092,2.5523,11.9471,2.0162,0.0205,-0.8766,0,1,0,0.46709,3
0.3378,3.6572,2.8373,11.4872,-2.9790,0.0474,-0.3539,0,1,0,0.25116,1
0.4021,4.3533,2.7117,11.4842,-2.9058,0.0949,-0.4864,0,0,0,0.00000,3
0.5366,5.3874,2.3521,12.1453,0.8019,0.0535,-1.3426,0,0,3,0.79974,1
0.5168,4.7955,2.3161,11.5865,2.3745,0.0000,-0.6301,0,0,0,0.00000,1
0.4368,4.7693,2.6512,11.3276,2.8567,0.0016,-0.2905,0,0,0,0.00000,1
0.5547,5.0731,2.2257,11.2364,0.9670,0.0103,-0.3319,0,0,0,0.00000,1
0.5219,5.5768,2.4472,11.3431,-2.7291,0.0512,-0.4565,0,0,0,0.00000,1
0.5441,5.3771,2.3207,11.7857,0.1302,0.0148,-0.9104,0,1,0,0.16693,3
0.4371,4.4788,2.5784,11.3212,1.8470,0.0249,-0.3113,0,0,0,0.00000,3
0.3544,3.7785,2.7861,11.2966,-2.9489,0.0170,-0.2077,0,0,0,0.00000,1
0.5098,5.0717,2.3993,11.2479,0.8176,0.0867,-0.3885,0,0,0,0.00000,1
0.4436,4.6175,2.5832,12.3208,-1.4400,0.0031,-1.1804,0,1,0,1.05185,1
0.4940,4.6987,2.3859,11.3766,-1.5818,0.0110,-0.4065,0,0,0,0.00000,3
0.4737,4.4505,2.4136,11.4934,0.8391,0.0590,-0.5474,0,0,0,0.00000,1
0.4830,5.0356,2.5040,11.4264,-1.9181,0.0163,-0.4478,0,0,0,0.00000,3
0.3937,4.0350,2.6634,11.5519,-2.4059,0.1058,-0.5420,0,0,0,0.00000,1
0.5157,5.0601,2.3733,11.4503,-1.7054,0.0729,-0.5816,0,0,0,0.00000,1
0.4880,4.8447,2.4422,12.6441,2.7401,0.0162,-1.6688,0,0,1,1.17706,1
0.4392,4.2879,2.5212,12.4393,2.5446,0.0098,-1.2844,0,0,1,0.89926,1
0.4204,4.3568,2.6244,11.4140,-2.6035,0.0618,-0.4130,0,0,0,0.00000,3
0.3958,4.0527,2.6582,11.4143,-3.1398,0.0402,-0.3599,0,0,0,0.00000,3
0.3751,3.9972,2.7459,11.8386,-2.8575,0.0718,-0.6940,0,1,0,0.62251,3
0.3457,3.7109,2.8116,12.4021,-2.6279,0.0151,-0.9702,0,0,3,1.12932,1
0.3981,4.0606,2.6497,11.3211,2.7053,0.0027,-0.2477,0,0,0,0.00000,1
0.4426,4.4779,2.5535,12.5397,2.0099,0.0271,-1.4180,0,0,1,1.15067,1
0.4552,4.8238,2.5793,11.6304,2.2764,0.0445,-0.6292,0,0,1,0.24654,3
0.5146,4.7135,2.3081,11.6515,-0.1731,0.0590,-0.7668,0,0,1,0.20206,1
0.4926,5.2761,2.5129,11.6717,2.8927,0.0729,-0.7680,0,1,0,0.35062,1
0.3381,3.6973,2.8496,12.3443,-2.9408,0.0524,-0.9578,0,1,0,1.13359,3
0.3672,3.9792,2.7818,11.4196,2.9050,0.1203,-0.4240,0,0,0,0.00000,3
0.4564,4.4320,2.4817,11.2647,2.5620,0.0430,-0.3018,0,0,0,0.00000,1
0.3877,4.0818,2.7067,12.5663,-2.1832,0.0329,-1.2615,1,1,0,1.28345,1
0.4271,4.1644,2.5430,11.2683,-2.8230,0.0050,-0.2348,0,0,0,0.00000,3
0.5158,5.1367,2.3880,11.3617,1.7165,0.0455,-0.4599,0,0,0,0.00000,3
0.4652,5.0502,2.5859,11.3619,-1.8173,0.0764,-0.4373,0,0,0,0.00000,3
0.3711,3.9281,2.7457,11.5896,2.4650,0.0595,-0.4838,0,1,0,0.25809,3
0.3823,4.0379,2.7214,11.2113,-2.7842,0.0551,-0.2112,0,0,0,0.00000,3
0.3494,3.7705,2.8110,12.3476,-3.1089,0.0099,-0.9339,0,0,3,0.81802,1
0.4248,4.3584,2.6043,12.9437,2.5391,0.0346,-1.7469,0,0,1,0.85776,1
0.3510,3.7424,2.7928,12.2798,-2.5414,0.0573,-0.9539,0,1,0,0.98108,3
0.5173,5.5872,2.4686,13.2003,2.4562,0.0363,-2.4591,0,1,0,1.97913,1
0.4409,4.4461,2.5531,11.4418,-1.2090,0.0427,-0.4387,0,0,0,0.00000,1
0.4597,4.8861,2.5737,12.4508,2.5388,0.0847,-1.4771,0,1,0,1.12409,1
0.3852,4.0289,2.7038,12.2646,-2.7328,0.0242,-0.9919,0,1,1,1.00217,3
0.5833,5.8907,2.2560,12.0914,1.8459,0.0154,-1.3559,0,1,0,0.39026,1
0.4172,4.5018,2.6774,11.3892,-2.3833,0.0073,-0.3265,0,0,0,0.00000,1
0.4045,4.2552,2.6732,11.4667,-2.6164,0.1093,-0.4922,0,0,0,0.00000,1
0.4991,5.3650,2.5029,12.2218,-2.5262,0.0070,-1.2544,0,0,1,0.63887,3
0.5513,5.6450,2.3400,11.5079,-0.0167,0.0119,-0.6208,0,0,0,0.00000,3
0.5038,4.8203,2.3722,12.6483,0.7254,0.0324,-1.7586,0,1,1,1.35791,1
0.3662,3.8546,2.7483,12.8936,2.5490,0.0057,-1.4069,1,1,1,1.40275,1
0.5396,5.5214,2.3646,11.3175,-0.2855,0.0295,-0.4251,0,0,0,0.00000,1
0.5664,5.4099,2.2411,11.5962,-0.1634,0.0733,-0.8175,0,0,0,0.00000,1
0.4995,5.0911,2.4458,11.2907,1.1781,0.0514,-0.3789,0,0,0,0.00000,1
0.4126,4.4764,2.6933,11.8990,2.3563,0.0611,-0.8056,0,1,0,0.57697,3
0.4968,4.9246,2.4226,11.4139,-0.7557,0.0552,-0.4990,0,0,0,0.00000,1
0.5020,5.4986,2.5168,11.6486,2.3401,0.0246,-0.7025,0,0,0,0.00000,3
0.3811,3.9465,2.6997,12.3386,-2.5999,0.0095,-1.0190,0,0,1,0.97363,1
0.3906,4.2646,2.7448,11.4026,-2.1114,0.0426,-0.3482,0,0,0,0.00000,1
0.5232,5.5405,2.4349,11.3756,-1.9687,0.0642,-0.5063,0,0,0,0.00000,3
0.3763,4.1135,2.7745,11.6656,2.5878,0.0132,-0.4931,0,1,0,0.34738,1
0.5230,5.5666,2.4409,11.3333,-1.1571,0.0523,-0.4490,0,0,0,0.00000,1
0.4021,4.1081,2.6436,11.3862,2.1849,0.0175,-0.3189,0,0,0,0.00000,3
0.3881,4.2172,2.7441,11.3115,-2.7011,0.0587,-0.2948,0,0,0,0.00000,3
0.3941,4.0007,2.6515,11.2383,-1.5373,0.0599,-0.2457,0,0,0,0.00000,1
0.3630,3.9604,2.7983,12.4155,-2.9118,0.0386,-1.0669,0,1,0,1.07296,3
0.4630,4.6943,2.5149,11.9126,-0.4391,0.0064,-0.8548,0,0,1,0.33339,1
0.4091,4.2715,2.6552,12.6000,-2.9190,0.0619,-1.4102,1,1,0,1.19383,1
0.3951,4.2284,2.7120,11.4242,-2.3506,0.0774,-0.4099,0,0,0,0.00000,3
0.5105,5.5559,2.4916,12.5034,-2.9579,0.0575,-1.6667,0,1,0,1.07431,1
0.4697,5.1779,2.5935,13.2321,2.5295,0.0483,-2.2771,0,1,0,2.03864,0
0.5797,5.4830,2.2037,11.6093,-0.6401,0.0760,-0.8592,0,0,0,0.00000,3
0.5453,5.5152,2.3407,12.2879,-0.6651,0.0060,-1.4604,0,1,0,0.68110,1
0.3301,3.6156,2.8667,11.4055,-2.5637,0.1605,-0.4198,0,0,0,0.00000,3
0.4902,4.6860,2.3987,11.3558,0.9933,0.0320,-0.4072,0,0,0,0.00000,3
0.4914,4.4779,2.3483,11.5794,-1.3258,0.0067,-0.5901,0,1,0,0.25925,1
0.4123,4.1459,2.6059,12.1233,-1.8146,0.0564,-0.9906,0,1,0,0.22949,1
0.4633,4.5540,2.4811,12.8564,0.9720,0.0322,-1.8193,0,1,0,0.47415,1
0.4359,4.5567,2.6033,11.3031,1.5558,0.0517,-0.3257,0,0,0,0.00000,1
0.4646,5.0712,2.5931,11.5327,2.5245,0.1180,-0.6432,0,0,0,0.00000,1
0.4436,4.6786,2.5980,13.0176,-3.0045,0.0218,-1.8797,0,0,1,1.66848,1
0.4843,4.4583,2.3724,11.9116,-0.1572,0.0227,-0.9199,0,0,0,0.00000,1
0.4052,4.2568,2.6702,11.4717,-1.9891,0.0289,-0.4030,0,0,0,0.00000,1
0.3924,3.9556,2.6466,11.3763,3.0884,0.0045,-0.2859,0,0,0,0.00000,3
0.4773,4.7638,2.4694,12.3362,-2.1056,0.0290,-1.3348,0,0,1,0.87173,1
0.4029,4.1346,2.6472,11.3589,2.3703,0.0272,-0.3095,0,0,0,0.00000,3
0.4947,4.5040,2.3411,11.4143,-1.5505,0.0289,-0.4638,0,0,0,0.00000,1
0.4537,4.5646,2.5253,12.6768,-1.3433,0.0284,-1.5935,0,1,0,1.34910,1
0.4534,4.4311,2.4943,11.4776,2.3573,0.0225,-0.4619,0,0,0,0.00000,3
0.4327,4.3055,2.5546,11.6530,-3.1189,0.0125,-0.5716,0,1,0,0.32277,3
0.4994,5.1802,2.4643,12.9703,2.0000,0.0231,-2.0834,0,1,0,1.50814,1
0.4053,4.1991,2.6536,12.9308,-2.2740,0.0271,-1.6385,0,1,1,1.43429,1
0.4823,4.8256,2.4616,12.6568,3.0854,0.0212,-1.6694,0,1,0,0.80354,1
0.5299,5.5556,2.4103,11.3960,-1.9631,0.0409,-0.5080,0,0,0,0.00000,3
0.4568,4.5946,2.5187,11.2770,-2.4790,0.0792,-0.3547,0,0,0,0.00000,1
0.3789,4.1543,2.7730,12.3185,-3.0473,0.0782,-1.0932,0,1,0,0.72603,3
0.3560,3.9007,2.8171,11.4496,2.9567,0.1128,-0.4243,0,0,0,0.00000,3
0.5343,5.0019,2.2889,11.5300,2.0190,0.0057,-0.6074,0,0,0,0.00000,1
0.4039,4.1477,2.6461,12.1249,1.8042,0.0231,-0.9252,0,0,1,0.51462,1
0.4563,5.0213,2.6199,12.0833,2.6396,0.0363,-1.0411,0,0,1,0.76397,3
0.3797,4.0304,2.7319,13.0910,-2.5147,0.0395,-1.6895,0,1,1,1.87374,1
0.4295,4.7330,2.6771,12.2746,-2.3130,0.0546,-1.1703,0,0,1,0.75364,2
0.4773,4.9177,2.5030,11.3498,2.0759,0.0337,-0.3900,0,0,0,0.00000,3
0.5673,5.1868,2.1992,11.6226,-0.6109,0.0374,-0.8016,0,0,0,0.00000,3
0.4621,4.9531,2.5778,11.4180,-2.2366,0.0532,-0.4574,0,0,0,0.00000,3
0.4967,4.5018,2.3328,11.3450,-0.8462,0.0380,-0.4106,0,0,0,0.00000,3
0.3682,4.0459,2.7969,13.3583,-2.2084,0.0473,-1.8798,0,1,2,2.22320,1
0.4030,4.0587,2.6255,12.6484,-1.4762,0.0177,-1.3619,0,1,1,1.49380,1
0.4954,5.0450,2.4534,11.3524,-1.9636,0.0127,-0.3885,0,0,0,0.00000,3
0.3784,4.1443,2.7730,11.4321,-2.8204,0.0900,-0.4111,0,0,0,0.00000,3
0.3710,3.9189,2.7432,12.5339,2.6413,0.0905,-1.2640,1,1,0,1.01992,1
0.4927,4.9372,2.4423,11.4638,1.2422,0.0121,-0.4902,0,0,0,0.00000,3
0.3806,4.0627,2.7372,11.2656,3.1019,0.0153,-0.2054,0,0,0,0.00000,1
0.4331,4.3332,2.5596,12.1286,-2.7345,0.0034,-0.9757,0,0,2,0.84038,1
0.4131,4.5110,2.7001,11.5752,2.5435,0.0105,-0.4754,0,1,0,0.21866,1
0.3897,4.1941,2.7293,12.6751,2.8156,0.0615,-1.4051,0,1,0,1.57927,1
0.3882,4.1886,2.7352,11.3690,2.7676,0.0829,-0.3660,0,0,0,0.00000,3
0.4398,4.7368,2.6296,11.4096,-2.1232,0.0155,-0.3788,0,0,0,0.00000,1
0.4181,4.1327,2.5751,11.2478,2.6336,0.0074,-0.2134,0,0,0,0.00000,3
0.6324,6.1674,2.1132,12.7893,0.0313,0.0364,-2.4620,1,1,1,1.46521,1
0.5513,5.4671,2.3088,11.4649,-0.7454,0.0386,-0.6063,0,0,0,0.00000,3
0.4793,5.1851,2.5523,13.0702,2.3381,0.0047,-2.0690,0,1,1,1.82904,1
0.4336,4.4668,2.5912,12.3147,-2.5305,0.0525,-1.2160,0,1,1,0.67932,1
0.6094,5.6049,2.1151,11.5278,-0.3037,0.0395,-0.7675,0,0,0,0.00000,3
0.6090,5.8135,2.1477,11.4817,-0.0103,0.0497,-0.7262,0,0,0,0.00000,3
0.3967,4.3604,2.7407,12.5311,2.6799,0.0604,-1.3034,0,1,0,1.37424,3
0.5082,5.3187,2.4552,11.5336,2.0908,0.0010,-0.5683,0,0,0,0.00000,3
0.4801,4.3927,2.3744,11.6062,-1.9313,0.0228,-0.6178,0,0,0,0.00000,1
0.3483,3.7284,2.8031,12.3176,-2.6753,0.1318,-1.0785,0,0,1,1.05118,1
0.4346,4.3578,2.5594,12.8104,2.3150,0.0124,-1.6220,0,0,2,1.17116,1
0.5093,4.8058,2.3477,11.2942,1.9281,0.0159,-0.3502,0,0,0,0.00000,1
0.5405,4.9309,2.2522,11.5054,-0.1933,0.0863,-0.6906,0,0,0,0.00000,1
0.4287,4.2309,2.5532,11.3771,-1.6372,0.0307,-0.3554,0,0,0,0.00000,3
0.4980,4.7912,2.3897,11.4151,1.6913,0.0253,-0.4655,0,0,0,0.00000,3
0.5266,5.2916,2.3745,12.9160,-1.2241,0.0207,-2.1367,0,0,1,1.69459,1
0.5248,4.8740,2.3010,11.4976,1.6932,0.0410,-0.6030,0,0,0,0.00000,1
0.3961,4.0001,2.6419,11.4162,1.9647,0.0417,-0.3632,0,0,0,0.00000,3
0.3722,4.0314,2.7715,11.3865,2.6151,0.1266,-0.4121,0,0,0,0.00000,3
0.4327,4.2939,2.5516,11.4462,-2.0423,0.0096,-0.3931,0,0,0,0.00000,3
0.4378,4.6722,2.6232,11.8428,-2.4282,0.1203,-0.8844,0,0,1,0.20556,1
0.3770,4.0474,2.7509,12.9919,-2.9744,0.0676,-1.6395,0,1,1,1.83062,1
0.3792,4.1465,2.7692,11.7997,2.9093,0.1957,-0.8256,0,1,0,0.26388,1
0.4047,4.4298,2.7198,12.1056,-2.3807,0.0153,-0.9016,0,1,0,0.79300,1
0.5378,5.5952,2.3851,13.0978,-2.9935,0.0151,-2.3962,0,1,1,1.52134,1
0.4198,4.5398,2.6750,12.2594,-2.5722,0.1303,-1.2340,1,1,0,0.51890,1
0.4386,4.8239,2.6559,11.3881,-3.0196,0.0798,-0.4337,0,0,0,0.00000,3
0.4066,4.0988,2.6196,12.9378,-2.4220,0.0647,-1.7161,0,0,1,1.52855,1
0.4120,4.1079,2.5969,11.3321,-1.1637,0.0225,-0.2920,0,0,0,0.00000,1
0.4237,4.2184,2.5726,11.8313,1.7349,0.0223,-0.7200,0,1,0,0.57970,3
0.3704,3.9626,2.7597,12.4339,-1.9602,0.0184,-1.0754,0,1,0,1.19513,1
0.3419,3.7164,2.8346,12.9305,2.7462,0.1011,-1.4927,0,1,1,1.77378,1
0.4540,4.9989,2.6254,12.5143,-1.6826,0.0262,-1.4337,0,0,1,1.04543,0
0.4131,4.2411,2.6280,12.0213,1.9396,0.0258,-0.8639,0,1,0,0.67015,3
0.4380,4.5898,2.6017,11.7721,-1.9040,0.0244,-0.7002,0,1,0,0.29052,3
0.4408,4.5452,2.5781,11.3805,-1.5903,0.0466,-0.3908,0,0,0,0.00000,1
0.4880,4.5270,2.3728,11.2783,-1.2494,0.0273,-0.3261,0,0,0,0.00000,3
0.4306,4.1540,2.5245,11.3647,-1.2740,0.0551,-0.3753,0,0,0,0.00000,1
0.4551,4.8898,2.5950,11.6651,-3.0063,0.0227,-0.6340,0,0,0,0.00000,3
0.4311,4.2724,2.5533,11.4429,2.8183,0.0573,-0.4446,0,0,0,0.00000,1
0.4387,4.4895,2.5738,11.4872,2.4968,0.0129,-0.4399,0,0,0,0.00000,3
0.4975,5.4518,2.5271,12.6705,-2.5519,0.0158,-1.7372,0,0,1,1.18320,1
0.3645,3.9342,2.7819,11.4479,-1.8660,0.0636,-0.3764,0,0,0,0.00000,1
0.4507,4.5751,2.5411,11.8969,-0.3891,0.0057,-0.8126,0,1,0,0.55703,1
0.3913,4.1568,2.7107,12.1868,2.6372,0.0533,-0.9852,0,1,1,0.74469,3
0.5281,5.4693,2.4015,11.4478,2.5380,0.0058,-0.5167,0,0,0,0.00000,3
0.5275,5.4553,2.4015,11.5197,2.6720,0.0365,-0.6268,0,0,0,0.00000,1
0.4424,4.3857,2.5316,11.3058,2.6867,0.0640,-0.3481,0,0,0,0.00000,1
0.5035,4.6623,2.3405,12.4628,0.9037,0.0367,-1.5616,0,0,2,0.94280,1
0.3813,4.1831,2.7693,11.4165,-1.9303,0.0489,-0.3555,0,0,0,0.00000,1
0.4481,4.3125,2.4884,11.3152,-0.5239,0.0006,-0.2885,0,0,0,0.00000,3
0.4172,4.4185,2.6559,11.3545,-1.6967,0.0588,-0.3573,0,0,0,0.00000,1
0.3765,3.9737,2.7313,11.3750,1.8236,0.0606,-0.3329,0,0,0,0.00000,1
0.3887,4.0936,2.7055,13.0075,-2.8662,0.0492,-1.6732,1,1,0,1.38033,1
0.4376,4.3282,2.5381,11.3460,1.2482,0.0260,-0.3336,0,0,0,0.00000,1
0.4557,4.2715,2.4457,11.3476,1.4978,0.0133,-0.3389,0,0,0,0.00000,3
0.5897,5.9018,2.2329,12.7319,-1.2110,0.0242,-2.1859,0,0,1,1.35090,1
0.3885,4.1593,2.7255,12.6638,-2.8814,0.0153,-1.3195,0,1,0,0.95497,1
0.4729,4.7634,2.4881,12.7004,-2.5690,0.0252,-1.6854,0,0,1,1.53689,1
0.4640,4.5310,2.4726,11.2767,2.0774,0.0683,-0.3488,0,0,0,0.00000,1
0.4133,4.3635,2.6598,12.3738,-2.9227,0.0477,-1.2008,1,1,0,0.92209,1
0.4388,4.1986,2.4999,11.7540,2.9970,0.0231,-0.6824,0,0,1,0.20724,1
0.4750,4.7925,2.4854,11.4944,1.5829,0.0076,-0.4893,0,0,0,0.00000,3
0.3823,4.1725,2.7610,11.4773,-2.3639,0.0169,-0.3653,0,0,0,0.00000,1
0.5396,5.4472,2.3514,11.9673,-1.0497,0.0185,-1.1041,0,0,1,0.29412,3
0.4776,4.8011,2.4763,11.3967,0.9068,0.0488,-0.4511,0,0,0,0.00000,1
0.3782,4.1447,2.7740,12.7823,-2.5023,0.0672,-1.4621,0,1,1,1.60869,1
0.4763,4.6349,2.4448,12.0972,-0.8691,0.0057,-1.0607,0,0,1,0.74497,1
0.3476,3.8339,2.8421,12.2859,2.7109,0.1665,-1.0985,0,0,1,0.36967,0
0.3410,3.6775,2.8261,11.8438,-2.5135,0.0223,-0.5709,0,1,0,0.45643,1
0.5289,4.8374,2.2780,11.6100,1.5099,0.0036,-0.6780,0,0,0,0.00000,1
0.5514,5.0379,2.2314,12.4301,-1.3463,0.0059,-1.6366,0,0,1,1.00051,1
0.3829,4.0891,2.7333,13.0712,2.5660,0.0319,-1.6732,1,1,0,0.78417,1
0.4289,4.2165,2.5487,12.2271,-1.7384,0.0151,-1.0681,0,1,0,0.70710,1
0.4852,4.4257,2.3612,11.3600,-1.7438,0.0125,-0.3816,0,0,0,0.00000,1
0.4734,4.8416,2.5032,11.5011,-2.0726,0.0043,-0.4895,0,0,0,0.00000,3
0.5112,5.3071,2.4401,11.4291,-0.2346,0.0148,-0.4856,0,0,0,0.00000,1
0.4224,4.0998,2.5467,11.4582,3.1398,0.0468,-0.4340,0,0,0,0.00000,0
0.4623,4.7264,2.5252,11.2720,2.0449,0.0599,-0.3337,0,0,0,0.00000,3
0.4504,4.4193,2.5047,11.4214,0.8501,0.0476,-0.4383,0,0,0,0.00000,1
0.4595,4.9368,2.5858,11.7026,-2.0282,0.0424,-0.7001,0,1,0,0.33777,3
0.4393,4.6956,2.6217,12.0669,2.2851,0.0579,-1.0113,0,0,1,0.61272,3
0.4819,4.4951,2.3900,11.7072,0.1514,0.0053,-0.6952,0,1,0,0.20960,3
0.3723,4.0947,2.7898,11.3565,-2.3920,0.0272,-0.2775,0,0,0,0.00000,1
0.5106,5.2283,2.4271,11.4423,1.8593,0.0205,-0.5043,0,0,0,0.00000,3
0.4736,4.4447,2.4128,12.0221,-0.8267,0.0226,-1.0030,1,1,1,0.70374,1
0.5041,4.7474,2.3559,11.3407,0.8770,0.0750,-0.4593,0,0,0,0.00000,3
0.3812,4.0663,2.7353,11.8493,-2.3539,0.0373,-0.6708,0,1,0,0.64554,3
0.4458,4.7145,2.5965,11.2866,1.1887,0.0097,-0.2735,0,0,0,0.00000,1
0.4577,4.3790,2.4633,11.2385,2.2511,0.0015,-0.2326,0,0,0,0.00000,3
0.4690,5.0184,2.5618,12.3787,-1.1944,0.0047,-1.3179,0,1,0,0.82029,1
0.3870,4.0146,2.6905,11.4386,2.3550,0.0203,-0.3454,0,0,0,0.00000,3
0.3774,3.9856,2.7306,11.6967,-3.1104,0.1517,-0.6864,0,1,0,0.16319,1
0.3860,3.9633,2.6805,11.3447,-2.3725,0.0177,-0.2709,0,0,0,0.00000,3
0.5181,4.7879,2.3096,11.4813,-1.0078,0.0301,-0.5631,0,0,0,0.00000,3
0.5360,5.3249,2.3430,12.5012,-1.8809,0.0152,-1.6855,0,1,0,0.70955,1
0.4518,4.2656,2.4608,11.3261,0.0818,0.0129,-0.3158,0,0,0,0.00000,1
0.4722,4.9286,2.5278,11.9407,-2.2940,0.0427,-0.9507,0,0,1,0.52112,3
0.4801,4.7662,2.4578,11.5026,-0.1023,0.0041,-0.4996,0,0,0,0.00000,3
0.3560,3.8323,2.7950,11.4305,2.6795,0.0524,-0.3416,0,0,0,0.00000,3
0.4663,4.4198,2.4370,11.2309,-3.0962,0.0202,-0.2546,0,0,0,0.00000,1
0.4678,4.3014,2.4028,11.8401,0.3499,0.0440,-0.8442,0,0,1,0.39291,0
0.3685,3.8874,2.7462,11.5339,-1.9365,0.0349,-0.4102,0,0,0,0.00000,1
0.3927,4.0902,2.6842,11.7967,2.6854,0.0167,-0.6257,0,1,0,0.28662,3
0.4218,4.1178,2.5546,11.3316,2.6198,0.0058,-0.2820,0,0,0,0.00000,3
0.3690,3.8878,2.7436,11.7510,3.1095,0.0158,-0.5472,0,0,2,0.38373,1
0.4687,4.7140,2.4950,11.4880,-2.4250,0.0161,-0.4848,0,0,0,0.00000,3
0.4926,4.6220,2.3750,12.0226,-0.9293,0.0234,-1.0513,0,1,0,0.56017,1
0.4458,4.2577,2.4846,11.3679,0.0831,0.0162,-0.3493,0,0,0,0.00000,1
0.4910,5.0513,2.4734,11.3007,2.7610,0.0352,-0.3609,0,0,0,0.00000,1
0.3716,3.8787,2.7275,12.4145,2.9226,0.0909,-1.1686,2,1,2,1.93838,1
0.4646,4.8037,2.5329,11.4128,-1.1036,0.0301,-0.4283,0,0,0,0.00000,1
0.4237,4.2347,2.5770,12.2603,2.0473,0.0080,-1.0732,0,0,1,0.63926,1
0.3739,3.9109,2.7255,11.3990,-2.9543,0.0205,-0.3019,0,0,0,0.00000,3
0.3918,4.2596,2.7374,12.3388,2.1978,0.0207,-1.0673,0,1,1,0.77758,1
0.4694,4.6810,2.4844,11.3173,1.8855,0.0194,-0.3345,0,0,0,0.00000,3
0.5453,5.5330,2.3441,12.5571,0.5607,0.0065,-1.7706,0,0,1,1.08043,1
0.4773,4.7576,2.4680,11.3872,-1.8932,0.0076,-0.3932,0,0,0,0.00000,3
0.4415,4.5581,2.5781,12.3821,-2.3981,0.0005,-1.2269,0,1,0,0.93620,1
0.4069,4.0568,2.6065,11.6659,-2.8295,0.0285,-0.5600,0,1,0,0.18398,3
0.4719,4.3724,2.4027,12.1781,-1.6193,0.0245,-1.1532,0,0,1,0.76964,1
0.4740,4.6910,2.4671,12.6996,-0.9800,0.0084,-1.6604,0,1,0,1.58793,1
0.3618,3.8899,2.7826,11.3503,2.8251,0.1217,-0.3695,0,0,0,0.00000,3
0.4631,4.7131,2.5189,12.5600,-1.3992,0.0102,-1.4836,0,1,1,0.91590,1
0.4211,4.2097,2.5823,11.4670,2.4110,0.0612,-0.4569,0,0,0,0.00000,1
0.3926,4.2379,2.7268,12.8941,-2.8622,0.0195,-1.5401,0,0,1,1.64355,1
0.5656,5.4502,2.2507,11.7825,0.6364,0.0879,-1.0477,0,1,0,0.31849,1
0.6054,5.8261,2.1629,12.4354,0.0003,0.0619,-1.9223,0,0,1,0.42819,1
0.3687,3.9182,2.7549,13.2053,-2.6650,0.0290,-1.7172,0,1,0,2.12972,1
0.5503,5.3442,2.2908,12.6125,-0.2311,0.0295,-1.8895,0,0,1,1.39182,1
0.4689,4.7769,2.5081,12.1226,-3.0369,0.0236,-1.0924,0,0,1,0.54451,1
0.4619,4.7176,2.5249,12.2431,1.3077,0.0120,-1.1734,0,0,1,0.85074,1
0.3597,3.7962,2.7638,12.2359,2.4673,0.0834,-0.9806,0,1,0,0.84913,3
0.4355,4.7163,2.6447,11.6681,1.9032,0.0031,-0.5793,0,1,0,0.25555,1
0.3882,4.0516,2.6954,12.8653,-2.8008,0.0198,-1.4970,0,0,2,1.54302,1
0.3876,4.0484,2.6974,11.8695,1.6485,0.0576,-0.7250,0,0,1,0.58909,1
0.3626,3.8382,2.7616,11.7416,3.1041,0.0201,-0.5345,0,1,0,0.36100,1
0.6033,5.4527,2.1132,11.3234,-0.7460,0.0634,-0.5468,0,0,0,0.00000,3
0.4765,4.6688,2.4514,12.7754,-2.2412,0.0166,-1.7621,0,1,1,1.62406,1
0.3412,3.7336,2.8443,11.4869,-3.0041,0.1007,-0.4191,0,0,0,0.00000,3
0.4063,4.0655,2.6116,12.3812,2.8120,0.0003,-1.1157,0,1,0,1.19420,1
0.4401,4.6119,2.5978,12.7870,1.4060,0.0199,-1.6354,0,1,1,0.81567,1
0.3908,3.9728,2.6594,11.3702,2.8636,0.0259,-0.3042,0,0,0,0.00000,3
0.4219,4.3808,2.6235,12.1076,2.2558,0.0078,-0.9357,0,1,0,0.76550,3
0.4195,4.2918,2.6114,11.4626,2.8929,0.0821,-0.4760,0,0,0,0.00000,1
0.4376,4.2841,2.5270,12.4802,-0.1329,0.0096,-1.3173,0,1,1,1.09752,1
0.4274,4.1286,2.5322,11.5011,-2.6975,0.0425,-0.4711,0,0,0,0.00000,1
0.5464,5.6102,2.3532,11.4291,-1.8396,0.0166,-0.5354,0,0,0,0.00000,3
0.4405,4.5527,2.5812,11.4648,-3.1268,0.0285,-0.4417,0,0,0,0.00000,3
0.3686,3.9482,2.7649,11.6602,-2.3160,0.0242,-0.4899,0,0,1,0.17482,1
0.4606,4.4660,2.4721,11.2346,2.3173,0.0106,-0.2422,0,0,0,0.00000,3
0.4154,4.2695,2.6247,12.4315,-2.4336,0.0469,-1.2574,0,1,1,0.84813,1
0.4001,4.0861,2.6470,12.3170,-3.0438,0.0669,-1.1390,0,1,0,1.04340,1
0.4895,5.2968,2.5306,11.6238,-2.1437,0.0279,-0.6603,0,0,0,0.00000,3
0.5530,5.7581,2.3527,11.9079,-2.3866,0.0066,-1.0559,0,0,0,0.00000,3
0.5878,5.5746,2.1885,12.1556,-1.0621,0.0034,-1.4244,0,0,1,0.76750,1
0.3633,4.0094,2.8120,12.1687,2.6114,0.0686,-0.9176,0,1,1,0.52602,2
0.5856,5.3224,2.1557,11.5816,0.7040,0.0124,-0.7550,0,0,0,0.00000,1
0.5319,5.2498,2.3454,11.4897,2.1948,0.0298,-0.5930,0,0,0,0.00000,1
0.4086,4.0896,2.6078,11.3608,2.9052,0.0221,-0.3108,0,0,0,0.00000,3
0.4488,4.8151,2.6066,11.4753,1.9689,0.0088,-0.4389,0,0,0,0.00000,1
0.3788,3.9054,2.6992,11.8968,2.8751,0.0223,-0.6832,0,0,1,0.26462,3
0.4076,4.2375,2.6529,11.3943,2.6569,0.0161,-0.3297,0,0,0,0.00000,3
0.3987,4.1941,2.6843,11.7516,-2.9482,0.0415,-0.6317,0,1,0,0.35736,3
0.5108,5.0131,2.3838,12.2224,-2.3949,0.0054,-1.2825,0,0,1,0.89951,1
0.4425,4.8613,2.6466,11.4260,-2.7461,0.1185,-0.5165,0,0,0,0.00000,1
0.4373,4.7785,2.6511,12.8580,-1.9313,0.0522,-1.7469,1,1,1,1.42880,1
0.4696,5.1826,2.5951,12.7126,1.4361,0.0302,-1.6957,0,0,1,1.21576,0
0.4481,4.7603,2.5966,11.8992,2.1003,0.0020,-0.8057,0,1,0,0.26235,1
0.3461,3.7485,2.8220,13.3226,-2.9468,0.0523,-1.7464,1,1,1,1.97217,1
0.3931,3.9784,2.6503,12.1818,2.8486,0.0493,-0.9802,0,1,1,0.53779,1
0.3623,3.9847,2.8096,11.8559,2.3508,0.0339,-0.6348,0,1,0,0.26426,1
0.4727,4.8581,2.5100,11.2845,3.0295,0.0025,-0.2894,0,0,0,0.00000,3
0.5357,5.6368,2.4012,11.3407,2.0580,0.0375,-0.4544,0,0,0,0.00000,3
0.4964,4.9911,2.4382,11.3741,1.5420,0.0074,-0.4038,0,0,0,0.00000,3
0.4238,4.2689,2.5852,12.1205,-2.3815,0.0300,-0.9814,0,0,1,0.57123,1
0.3746,3.9363,2.7299,13.0019,2.3701,0.0232,-1.5616,1,1,2,1.48751,1
0.4724,4.7403,2.4847,11.9453,-1.7857,0.0488,-0.9631,0,0,1,0.43350,3
0.6024,6.0382,2.2057,12.5499,0.7116,0.0744,-2.0834,0,1,0,0.59331,1
0.3853,4.0005,2.6949,11.3318,2.9426,0.0021,-0.2431,0,0,0,0.00000,1
0.4776,4.9198,2.5025,11.3514,-2.0034,0.0541,-0.4154,0,0,0,0.00000,3
0.4446,4.5291,2.5572,11.3716,-1.2527,0.0146,-0.3501,0,0,0,0.00000,1
0.4257,4.5835,2.6576,11.5137,-2.4735,0.0120,-0.4444,0,0,0,0.00000,1
0.3816,4.0815,2.7377,12.4819,-2.8908,0.0614,-1.2127,0,1,1,0.95995,1
0.4285,4.6980,2.6733,12.0467,2.9492,0.0791,-0.9944,0,1,0,0.66507,3
0.4372,4.5388,2.5928,11.3388,-2.0917,0.0485,-0.3536,0,0,0,0.00000,3
0.4134,4.1790,2.6095,11.3964,2.5858,0.0026,-0.3220,0,0,0,0.00000,3
0.3604,3.9008,2.7936,11.6264,-3.1415,0.0655,-0.5022,0,1,0,0.25275,3
0.5368,5.4496,2.3629,11.3851,0.5438,0.0071,-0.4648,0,0,0,0.00000,3
0.4743,5.0620,2.5479,11.3721,1.1908,0.0045,-0.3735,0,0,0,0.00000,1
0.3817,3.9514,2.6983,11.4267,-3.0865,0.1011,-0.4239,0,0,0,0.00000,1
0.4547,4.2475,2.4441,11.2622,0.2764,0.0295,-0.2822,0,0,0,0.00000,1
0.4441,4.7716,2.6177,11.3905,2.8275,0.0848,-0.4480,0,0,0,0.00000,1
0.4601,4.8078,2.5538,11.2723,-2.9190,0.0294,-0.2972,0,0,0,0.00000,3
0.5115,4.8598,2.3499,11.2789,0.4629,0.0254,-0.3489,0,0,0,0.00000,3
0.4155,4.1250,2.5852,11.4046,-2.7878,0.0369,-0.3704,0,0,0,0.00000,3
0.4754,5.2339,2.5801,12.2040,-2.0418,0.0407,-1.2158,0,0,1,0.62322,2
0.3391,3.7379,2.8575,13.0961,-3.1384,0.1390,-1.6789,1,2,1,1.72310,0
0.6125,5.5432,2.0946,11.3301,-1.0754,0.0502,-0.5505,0,0,0,0.00000,1
0.4015,4.3461,2.7125,12.4026,-2.6116,0.1378,-1.3193,0,1,0,0.89365,1
0.4108,4.3371,2.6646,11.3002,-1.8807,0.0178,-0.2608,0,0,0,0.00000,1
0.4816,4.6750,2.4317,12.2089,2.0894,0.0143,-1.1973,0,1,0,0.74915,1
0.4970,4.7030,2.3747,11.3220,1.5618,0.0195,-0.3680,0,0,0,0.00000,3
0.4088,4.2077,2.6393,11.4173,1.5895,0.0223,-0.3563,0,0,0,0.00000,1
0.3654,3.8929,2.7641,11.7629,-1.9048,0.0564,-0.5996,0,1,0,0.17135,1
0.3531,3.7696,2.7903,11.7345,-2.8415,0.0471,-0.5463,0,1,0,0.39267,3
0.4446,4.7800,2.6177,11.5868,1.4451,0.0272,-0.5525,0,0,0,0.00000,1
0.3937,4.1789,2.7050,11.3819,2.1013,0.0085,-0.2965,0,0,0,0.00000,1
0.5164,4.7595,2.3104,12.0424,0.1804,0.0528,-1.1722,0,0,2,0.51959,1
0.4849,4.8575,2.4579,12.1991,0.5197,0.0053,-1.1851,0,0,1,0.56266,1
0.4263,4.1673,2.5473,11.8231,3.0979,0.0154,-0.7090,0,0,2,0.66035,3
0.3331,3.6311,2.8549,13.3252,2.4067,0.0486,-1.6758,0,0,1,1.26491,1
0.4321,4.1679,2.5215,11.3591,0.9833,0.0473,-0.3631,0,0,0,0.00000,1
0.4033,4.1307,2.6441,11.5163,2.4268,0.1558,-0.5862,0,0,0,0.00000,1
0.4835,4.9348,2.4804,12.7511,-1.9018,0.0297,-1.7880,0,0,1,1.47192,1
0.3856,4.1267,2.7306,11.3290,1.9731,0.0189,-0.2606,0,0,0,0.00000,1
0.4205,4.2405,2.5933,11.3981,1.2161,0.0603,-0.3981,0,0,0,0.00000,1
0.3648,3.9532,2.7863,12.6372,-2.6189,0.0624,-1.2841,1,1,0,1.19314,1
0.4774,5.0514,2.5318,11.4419,-2.9978,0.0552,-0.5012,0,0,0,0.00000,1
0.4171,4.2139,2.6019,12.5777,2.9839,0.0451,-1.3923,1,2,1,1.57839,1
0.3944,4.0260,2.6577,12.2200,2.4473,0.0432,-1.0069,0,1,0,0.65580,1
0.5044,5.2527,2.4578,11.9958,-0.2298,0.0106,-1.0392,0,1,0,0.41119,1
0.5158,5.0921,2.3793,11.4536,1.0255,0.0069,-0.5054,0,0,0,0.00000,3
0.3792,3.9712,2.7170,11.4217,2.9852,0.0676,-0.3785,0,0,0,0.00000,3
0.4524,4.7012,2.5632,11.9758,-1.3233,0.0215,-0.9102,0,0,1,0.31355,1
0.4774,5.2548,2.5756,11.4937,-1.7219,0.0241,-0.5133,0,0,0,0.00000,1
0.4369,4.3448,2.5454,11.2905,2.8418,0.0250,-0.2852,0,0,0,0.00000,3
0.4908,4.8654,2.4349,11.6083,0.6470,0.0491,-0.6719,0,0,0,0.00000,1
0.5379,5.4287,2.3547,11.9535,1.7034,0.0170,-1.0830,0,1,0,0.23092,3
0.5376,4.9526,2.2672,11.9668,0.9014,0.0145,-1.0893,0,1,0,0.61095,1
0.4894,4.6012,2.3836,11.4075,-1.0163,0.0786,-0.5105,0,0,0,0.00000,3
0.4820,4.4345,2.3762,11.5663,-0.5217,0.0720,-0.6444,0,0,0,0.00000,1
0.5162,5.4411,2.4455,11.8486,-2.2272,0.0140,-0.9192,0,0,1,0.15627,3
0.4596,4.4140,2.4637,11.4464,-0.8616,0.0310,-0.4522,0,0,0,0.00000,1
0.4224,4.2111,2.5766,11.3253,-1.7987,0.0323,-0.3081,0,0,0,0.00000,3
0.4632,4.3388,2.4306,11.4407,-1.2978,0.0097,-0.4258,0,0,0,0.00000,3
0.6071,5.6516,2.1302,11.6822,0.4102,0.0300,-0.9366,0,0,0,0.00000,3
0.4265,4.4628,2.6231,12.5904,-2.4815,0.0547,-1.4525,0,1,0,1.14357,1
0.3487,3.8289,2.8339,11.3813,-2.2071,0.0560,-0.3040,0,0,0,0.00000,1
0.4160,4.5561,2.6975,11.2589,2.3465,0.0182,-0.2336,0,0,0,0.00000,1
0.4011,4.3770,2.7232,12.1659,-3.1170,0.0240,-0.9543,0,0,1,0.81308,3
0.5015,4.6648,2.3489,11.3867,0.8346,0.0026,-0.4148,0,0,0,0.00000,3
0.3347,3.6719,2.8598,12.0876,2.4377,0.1394,-0.8792,0,1,0,0.64183,3
0.4787,4.8191,2.4756,11.2952,-2.5194,0.0354,-0.3428,0,0,0,0.00000,1
0.5002,5.1553,2.4561,11.4456,-2.9383,0.0082,-0.4788,0,0,0,0.00000,3
0.3985,4.1432,2.6710,12.1490,-1.7637,0.0041,-0.9057,0,1,0,0.86391,1
0.5288,4.9606,2.3022,11.4971,0.6242,0.0380,-0.6049,0,0,0,0.00000,3
0.4181,4.4797,2.6675,13.1710,3.1317,0.0478,-1.9583,0,1,0,1.91958,1
0.5416,5.3822,2.3314,11.5359,-2.0693,0.0269,-0.6532,0,0,0,0.00000,1
0.4286,4.4299,2.6052,12.0641,-1.3971,0.0133,-0.9216,0,1,0,0.26093,1
0.3865,4.1399,2.7298,11.5523,-2.3197,0.0838,-0.5062,0,0,0,0.00000,3
0.4144,4.3930,2.6624,11.7762,-2.9107,0.0189,-0.6525,0,0,1,0.47705,3
0.4453,4.5582,2.5609,12.7287,-0.8720,0.0064,-1.5768,0,1,0,1.25702,1
0.4606,4.8318,2.5570,11.7744,0.2377,0.0017,-0.7168,0,0,1,0.23058,1
0.5493,5.6061,2.3411,11.3782,-0.9178,0.0808,-0.5618,0,0,0,0.00000,1
0.5477,5.1521,2.2659,11.9934,0.5190,0.0888,-1.2486,0,1,0,0.43059,1
0.4988,5.4022,2.5118,11.3470,2.4764,0.1350,-0.5307,0,0,0,0.00000,1
0.4673,4.8902,2.5405,11.4041,2.4688,0.1024,-0.5087,0,0,0,0.00000,1
0.4858,4.7224,2.4245,12.5925,1.6526,0.0032,-1.5848,0,1,0,0.59696,1
0.3467,3.7192,2.8085,12.4932,-2.4295,0.0658,-1.1144,0,1,0,1.34567,1
0.6083,5.9384,2.1689,11.3648,0.4315,0.0316,-0.5654,0,0,0,0.00000,3
0.4549,4.2615,2.4468,11.9858,0.1071,0.0097,-0.9065,0,0,1,0.53036,1
0.4239,4.2280,2.5742,11.3267,-1.7492,0.0202,-0.2970,0,0,0,0.00000,3
0.4833,4.7735,2.4464,12.4055,0.9258,0.0170,-1.4058,1,1,1,0.97889,1
0.3958,4.0405,2.6551,12.5185,2.5598,0.0098,-1.2131,0,1,1,0.99113,1
0.3842,3.9749,2.6927,11.7519,2.6502,0.0718,-0.6436,0,1,0,0.38778,3
0.4299,4.6968,2.6665,11.8349,2.8321,0.0345,-0.7524,0,0,1,0.32730,3
0.4420,4.5395,2.5712,12.1347,2.8256,0.0421,-1.0586,0,1,0,0.75572,1
0.4802,4.4815,2.3939,11.8360,-0.8651,0.0354,-0.8548,0,1,0,0.41322,1
0.4126,4.1832,2.6143,12.6353,-1.6943,0.0131,-1.3783,1,1,0,1.07764,1
0.3849,4.1287,2.7346,12.3317,-2.5979,0.0046,-1.0183,0,1,0,1.05495,1
0.3404,3.7542,2.8558,11.8555,-3.0283,0.1434,-0.7281,0,0,2,1.04716,2
0.4161,4.2010,2.6030,11.3730,-2.2556,0.0349,-0.3433,0,0,0,0.00000,3
0.3977,4.0854,2.6583,11.4379,-2.2396,0.0094,-0.3446,0,0,0,0.00000,1
0.4511,4.3707,2.4899,11.4917,0.7579,0.0340,-0.4848,0,0,0,0.00000,1
0.3781,4.1474,2.7753,13.1544,-2.5665,0.0100,-1.6843,0,1,2,0.77058,1
0.5609,5.6286,2.2991,11.6508,-0.5909,0.0394,-0.8272,0,0,0,0.00000,1
0.4474,4.9407,2.6424,11.6267,-3.0331,0.1526,-0.7447,0,0,0,0.00000,0
0.4977,4.7955,2.3919,11.8945,0.1897,0.0129,-0.9210,0,0,1,0.50407,3
0.5382,5.1935,2.3100,11.5416,2.4226,0.0096,-0.6315,0,0,0,0.00000,1
0.5231,5.2238,2.3755,11.4954,0.3381,0.0320,-0.5888,0,0,0,0.00000,1
0.4568,4.8532,2.5790,11.7974,2.9901,0.0221,-0.7566,0,1,0,0.50427,3
0.4672,4.3226,2.4103,11.5234,-0.6802,0.0415,-0.5444,0,0,0,0.00000,1
0.5284,5.6013,2.4247,11.4764,2.2132,0.0740,-0.6291,0,0,0,0.00000,1
0.4475,4.4777,2.5315,11.9917,-0.5680,0.0143,-0.9028,0,0,1,0.49247,1
0.4801,5.0041,2.5099,12.2681,2.5548,0.0204,-1.2636,0,0,1,0.91586,3
0.3687,4.0288,2.7890,12.3848,-2.9576,0.1125,-1.1649,0,1,0,1.22468,1
0.4308,4.4345,2.5959,11.8407,-1.8576,0.0008,-0.7156,0,0,2,0.62156,1
0.4134,4.1772,2.6093,11.8798,3.0823,0.0077,-0.7217,0,1,0,0.19782,3
0.4666,4.6017,2.4781,12.6749,-0.9162,0.0029,-1.5980,0,1,1,0.48166,1
0.3878,3.9368,2.6636,11.2647,1.6547,0.0063,-0.2003,0,0,0,0.00000,1
0.5094,5.2196,2.4305,11.6159,-2.2124,0.0210,-0.6764,0,0,0,0.00000,3
0.5091,5.4826,2.4832,11.6338,1.7815,0.0585,-0.7415,0,0,0,0.00000,3
0.4376,4.1731,2.4987,11.7607,-1.9970,0.0102,-0.6695,0,1,0,0.35153,3
0.3528,3.8124,2.8061,11.4641,-2.7101,0.0554,-0.3648,0,0,0,0.00000,3
0.5182,5.3087,2.4118,11.3280,1.7885,0.0191,-0.3986,0,0,0,0.00000,3
0.5531,5.6992,2.3421,11.4334,-0.5727,0.0442,-0.5827,0,0,0,0.00000,1
0.5898,5.4776,2.1657,11.3729,0.5403,0.0686,-0.5934,0,0,0,0.00000,3
0.4198,4.4658,2.6559,13.2401,2.1755,0.0138,-1.9698,1,2,1,1.99385,1
0.3514,3.8303,2.8198,11.4108,-2.8219,0.0511,-0.3215,0,0,0,0.00000,1
0.3832,4.1130,2.7386,11.9027,3.0839,0.1204,-0.8223,0,0,1,0.29029,1
0.4834,4.8350,2.4593,11.9532,-2.9462,0.0293,-0.9700,0,1,0,0.46715,1
0.4231,4.1760,2.5639,11.2797,0.7723,0.0054,-0.2411,0,0,0,0.00000,1
0.4128,4.0987,2.5906,11.4037,-1.4211,0.0750,-0.4111,0,0,0,0.00000,1
0.6064,5.8488,2.1626,11.5709,-1.6855,0.0036,-0.7701,0,0,0,0.00000,1
0.4252,4.3747,2.6066,11.3780,2.5768,0.0039,-0.3217,0,0,0,0.00000,3
0.4070,4.0446,2.6026,12.3198,-2.9420,0.0042,-1.0709,0,1,0,0.90382,1
0.5364,5.1182,2.3031,11.4895,1.5008,0.0109,-0.5754,0,0,0,0.00000,1
0.4862,4.4991,2.3739,11.6527,0.6825,0.0682,-0.7301,0,0,0,0.00000,1
0.3423,3.7182,2.8326,12.8711,2.9955,0.0421,-1.3518,0,0,4,1.46621,1
0.3963,4.0158,2.6453,12.1130,2.8788,0.0816,-0.9756,0,1,0,0.72549,1
0.4478,4.7625,2.5989,11.8364,2.4637,0.0185,-0.7693,0,1,0,0.50589,3
0.4762,4.9064,2.5053,11.6259,1.1292,0.0524,-0.6692,0,1,0,0.17840,1
0.3453,3.7300,2.8202,13.1847,-2.7401,0.0425,-1.6122,0,1,1,2.12546,1
0.4318,4.3421,2.5677,11.4656,-2.7093,0.0562,-0.4636,0,0,0,0.00000,1
0.4056,4.4343,2.7163,11.3092,-2.7438,0.0216,-0.2676,0,0,0,0.00000,1
0.3421,3.7565,2.8468,13.1381,-2.7445,0.0250,-1.5292,0,0,1,1.84190,1
0.4620,4.8681,2.5590,12.6126,-2.4602,0.0387,-1.5778,0,0,3,1.19165,1
0.3504,3.8200,2.8219,11.9119,2.9935,0.0231,-0.6382,0,0,1,0.24539,1
0.4242,4.6409,2.6794,12.1450,-3.0249,0.0063,-0.9736,0,1,0,0.62289,1
0.5037,5.2429,2.4589,11.3578,-2.9704,0.0599,-0.4591,0,0,0,0.00000,1
0.4301,4.7383,2.6754,11.3868,-2.3284,0.0075,-0.3395,0,0,0,0.00000,0
0.4145,4.1112,2.5859,11.3362,1.9450,0.0113,-0.2849,0,0,0,0.00000,3
0.4724,5.0140,2.5458,11.3358,-2.3382,0.0196,-0.3556,0,0,0,0.00000,3
0.4605,4.9840,2.5923,11.9519,2.3451,0.1023,-1.0132,0,0,2,0.58159,1
0.3946,4.3336,2.7442,11.5056,-2.7091,0.0484,-0.4391,0,0,0,0.00000,3
0.4826,4.4299,2.3727,11.4262,0.2748,0.0451,-0.4792,0,0,0,0.00000,1
0.4311,4.5029,2.6121,11.3167,1.3346,0.0110,-0.2858,0,0,0,0.00000,1
0.4735,5.0174,2.5417,12.1339,-2.9847,0.0193,-1.1109,0,0,1,0.69714,3
0.4548,4.2689,2.4492,11.8555,-0.5920,0.0038,-0.7789,0,0,1,0.34570,1
0.5287,4.8833,2.2875,11.5866,0.4405,0.0975,-0.7726,0,0,0,0.00000,1
0.4197,4.0889,2.5560,12.1646,1.6976,0.0117,-0.9833,0,0,1,0.72462,1
0.5817,5.6966,2.2309,11.4038,0.5748,0.0377,-0.5811,0,0,0,0.00000,3
0.3852,3.9455,2.6793,11.2766,-2.4339,0.0866,-0.2972,0,0,0,0.00000,3
0.4955,4.5817,2.3547,12.0618,1.8703,0.0170,-1.0888,0,0,1,0.73109,1
0.4003,4.1155,2.6542,12.3349,-2.6635,0.0091,-1.0721,1,1,0,0.86364,1
0.4877,5.1541,2.5089,11.3151,-2.1297,0.0075,-0.3392,0,0,0,0.00000,3
0.3826,3.9153,2.6829,12.0217,-2.1889,0.0587,-0.8369,0,0,1,0.41930,3
0.5147,5.0764,2.3804,11.5270,2.9831,0.0020,-0.5713,0,0,0,0.00000,3
0.4974,4.8917,2.4131,11.4440,-2.4816,0.0334,-0.5028,0,0,0,0.00000,1
0.4674,5.0466,2.5750,12.9228,2.7613,0.0610,-1.9563,0,1,1,0.64983,1
0.4929,4.7594,2.4035,12.7779,-1.7403,0.0104,-1.8195,0,0,1,0.15219,1
0.4905,4.7453,2.4104,11.4335,1.6260,0.0281,-0.4768,0,0,0,0.00000,3
0.4623,5.0387,2.5963,12.2057,2.0709,0.0452,-1.1865,0,0,1,0.53691,3
0.3599,3.9520,2.8125,12.6792,-2.5886,0.1087,-1.3704,0,1,0,0.23078,1
0.5084,5.2138,2.4337,12.1886,-1.1914,0.0052,-1.2417,0,0,2,0.57780,3
0.4033,4.1732,2.6560,11.3411,2.2562,0.0749,-0.3506,0,0,0,0.00000,3
0.4276,4.2297,2.5580,11.3792,-1.9078,0.0117,-0.3338,0,0,0,0.00000,3
0.4696,4.6691,2.4808,12.0913,2.3899,0.0427,-1.0896,0,1,0,0.56392,1
0.6427,6.0114,2.0549,11.6204,-0.2041,0.1093,-1.0329,0,0,0,0.00000,1
0.4198,4.4289,2.6461,11.2972,-2.6349,0.0699,-0.3259,0,0,0,0.00000,3
0.4513,4.3935,2.4946,11.4831,-2.0141,0.0001,-0.4369,0,0,0,0.00000,3
0.4915,4.7166,2.3999,11.4315,1.1296,0.0206,-0.4672,0,0,0,0.00000,3
0.5080,5.3618,2.4645,11.3871,-2.6456,0.0056,-0.4295,0,0,0,0.00000,3
0.3682,3.9523,2.7683,12.9045,-2.9810,0.0243,-1.4551,1,1,0,0.86035,1
0.4062,4.0655,2.6120,12.4278,1.8738,0.0016,-1.1573,0,0,2,1.07161,1
0.4927,4.5009,2.3484,11.2893,-2.7023,0.0044,-0.3143,0,0,0,0.00000,1
0.4748,4.8728,2.5040,11.3624,-2.8582,0.0444,-0.4110,0,0,0,0.00000,1
0.3803,4.1686,2.7699,11.3480,2.2054,0.0473,-0.3018,0,0,0,0.00000,1
0.4498,4.9459,2.6327,11.6124,-2.9270,0.0864,-0.6551,0,0,0,0.00000,3
0.3480,3.8380,2.8409,12.7116,-2.9430,0.0241,-1.2230,0,1,1,1.32451,0
0.6487,6.1025,2.0459,11.8284,0.0261,0.1095,-1.3188,0,0,0,0.00000,1
0.5691,5.5347,2.2519,12.2557,0.5838,0.0434,-1.5501,0,1,0,0.84712,1
0.5933,5.7799,2.2006,11.4895,0.2141,0.0330,-0.6904,0,0,0,0.00000,3
0.4901,4.9932,2.4650,11.4141,-1.6751,0.0113,-0.4389,0,0,0,0.00000,3
0.4975,4.7780,2.3889,12.4775,1.5486,0.0166,-1.5263,0,0,2,0.92843,1
0.5078,5.2327,2.4399,11.4244,-1.2121,0.0012,-0.4600,0,0,0,0.00000,3
0.4393,4.7093,2.6251,12.3809,1.4148,0.0211,-1.2500,0,1,0,0.86844,1
0.3663,3.9027,2.7625,13.1584,3.0479,0.0820,-1.7619,0,1,1,1.62416,1
0.4296,4.4225,2.5983,12.5074,-0.2203,0.0015,-1.3049,0,0,1,1.21303,1
0.3934,4.1413,2.6954,11.6817,2.9667,0.0540,-0.5823,0,1,0,0.39970,3
0.4742,4.7681,2.4834,11.2720,1.7993,0.0005,-0.2770,0,0,0,0.00000,3
0.5326,5.2972,2.3514,11.9823,1.7110,0.0400,-1.1324,0,0,1,0.36633,1
0.3894,4.2031,2.7335,12.1795,2.7115,0.1652,-1.1263,0,1,0,0.86362,1
0.4976,5.2697,2.4903,11.6216,2.9995,0.0085,-0.6474,0,0,0,0.00000,3
0.4427,4.3977,2.5333,11.7599,1.9023,0.0061,-0.6739,0,1,0,0.35056,3
0.5538,5.1726,2.2468,11.5451,-0.4012,0.0750,-0.7410,0,0,0,0.00000,1
0.4202,4.3759,2.6304,12.6931,-1.2598,0.0046,-1.4453,1,1,1,1.38512,1
0.4152,4.4502,2.6735,12.4203,2.1426,0.0107,-1.1945,0,1,1,0.76994,1
0.4163,4.1219,2.5808,11.8857,2.7017,0.0173,-0.7446,0,0,1,0.59265,3
0.4489,4.8300,2.6095,12.7413,1.4356,0.0074,-1.6066,0,1,0,1.54886,1
0.4397,4.2664,2.5133,11.4104,0.8221,0.0344,-0.4002,0,0,0,0.00000,1
0.4045,4.3471,2.6981,11.4002,2.3899,0.1220,-0.4533,0,0,0,0.00000,3
0.4683,4.9033,2.5394,12.8042,-3.1384,0.0262,-1.7770,0,1,0,0.39097,1
0.3838,4.1817,2.7557,13.3485,2.5182,0.0263,-1.9119,0,1,2,2.23520,1
0.4596,4.5006,2.4843,11.4805,1.0430,0.0078,-0.4552,0,0,0,0.00000,3
0.5463,5.1452,2.2702,11.3177,0.7837,0.0082,-0.4060,0,0,0,0.00000,3
0.4564,4.5316,2.5054,11.6527,2.1006,0.0109,-0.6089,0,0,2,0.59867,3
0.3720,4.0276,2.7711,11.4012,-2.8318,0.0662,-0.3539,0,0,0,0.00000,3
0.4128,4.3988,2.6716,11.5267,-2.2629,0.0914,-0.5312,0,0,0,0.00000,3
0.5951,5.5881,2.1638,11.3305,-1.2668,0.0241,-0.4982,0,0,0,0.00000,1
0.3555,3.8795,2.8129,12.1322,-2.2498,0.0335,-0.8235,0,1,0,0.48894,1
0.4239,4.5749,2.6643,11.8637,-2.2816,0.0480,-0.7823,0,1,0,0.22664,3
0.4058,4.3220,2.6848,12.9757,2.8365,0.0012,-1.6374,0,1,1,1.73549,1
0.4248,4.5937,2.6648,11.5711,-2.1686,0.0895,-0.5836,0,0,0,0.00000,3
0.6405,6.0949,2.0741,12.0377,0.1318,0.0790,-1.5338,0,0,1,0.56284,1
0.3677,3.8599,2.7418,11.8335,2.6566,0.0193,-0.6101,0,1,0,0.17403,1
0.3796,3.9381,2.7048,11.4575,-3.0074,0.0780,-0.4178,0,0,0,0.00000,3
0.5633,5.5716,2.2804,11.3561,2.0041,0.0385,-0.5048,0,0,0,0.00000,1
0.4774,4.8786,2.4942,11.4358,-2.5628,0.0710,-0.5139,0,0,0,0.00000,1
0.4351,4.6321,2.6259,11.3622,3.0458,0.0242,-0.3432,0,0,0,0.00000,3
0.3581,3.9135,2.8097,11.4359,-2.9928,0.1294,-0.4361,0,0,0,0.00000,3
0.4714,5.1537,2.5807,11.4141,-2.5279,0.0119,-0.4173,0,0,0,0.00000,3
0.5599,5.0668,2.2051,11.5812,-1.0484,0.0295,-0.7324,0,0,0,0.00000,1
0.4143,4.2712,2.6305,11.3145,-2.9447,0.0388,-0.2991,0,0,0,0.00000,3
0.4304,4.7327,2.6728,13.1852,-1.7927,0.0245,-1.9893,1,1,0,1.56708,1
0.4913,4.5698,2.3691,12.2508,0.4731,0.0382,-1.3016,0,0,1,1.02873,1
0.6296,5.9811,2.0974,11.4630,0.2880,0.0291,-0.7102,0,0,0,0.00000,3
0.3501,3.7743,2.8081,12.4908,2.8571,0.1257,-1.2110,0,1,1,1.20332,1
0.4732,4.3828,2.4001,11.3842,-1.7561,0.0551,-0.4405,0,0,0,0.00000,1
0.4581,4.2721,2.4358,11.9150,1.8292,0.0132,-0.8530,0,0,1,0.25538,1
0.6066,5.5433,2.1154,11.6481,0.4360,0.0763,-0.9546,0,0,0,0.00000,3
0.3548,3.8449,2.8058,11.3369,-2.3332,0.0667,-0.2913,0,0,0,0.00000,1
0.4046,4.2209,2.6630,11.5241,3.0782,0.0512,-0.4701,0,0,0,0.00000,3
0.4833,4.6330,2.4154,12.1780,-0.7893,0.0444,-1.2141,0,0,1,0.56992,1
0.5302,4.8728,2.2800,11.7886,0.3066,0.0061,-0.8704,0,0,0,0.00000,1
0.4485,4.3954,2.5069,12.1347,2.5231,0.0223,-1.0472,0,0,1,0.42780,1
0.5462,5.0629,2.2554,11.5789,-0.8033,0.0663,-0.7542,0,0,0,0.00000,3
0.4356,4.6122,2.6184,11.4192,-2.9644,0.0093,-0.3746,0,0,0,0.00000,3
0.5366,5.1528,2.3087,11.5874,-2.0429,0.0151,-0.6836,0,0,0,0.00000,1
0.4188,4.1245,2.5697,12.4004,1.1708,0.0219,-1.2029,0,1,0,1.11355,1
0.4275,4.5993,2.6534,11.9054,-2.6291,0.0022,-0.7672,0,1,0,0.59967,1
0.4780,5.1085,2.5415,12.7011,1.2525,0.0177,-1.6958,0,0,3,1.22775,1
0.3514,3.8384,2.8222,11.6874,-3.1189,0.1723,-0.6606,0,1,0,0.22632,1
0.4282,4.3012,2.5738,12.9738,-2.9635,0.0213,-1.7668,0,1,1,1.55601,1
0.4981,4.7122,2.3726,11.8339,0.4540,0.0106,-0.8574,0,0,1,0.25613,1
0.4812,4.6002,2.4166,11.5496,-0.0572,0.0235,-0.5680,0,0,0,0.00000,1
0.4737,4.3308,2.3859,11.3347,1.8988,0.0263,-0.3616,0,0,0,0.00000,1
0.5173,5.0307,2.3610,11.4371,-0.3323,0.0198,-0.5063,0,0,0,0.00000,3
0.3608,3.8568,2.7775,12.0930,2.6233,0.0690,-0.8540,0,1,0,0.94372,3
0.4404,4.4700,2.5615,11.3786,2.8752,0.0285,-0.3674,0,0,0,0.00000,3
0.4440,4.2630,2.4936,11.8622,-0.9829,0.0224,-0.7878,0,1,0,0.52093,1
0.4916,4.8222,2.4223,12.6753,-2.5122,0.0139,-1.7113,1,1,4,1.78715,1
0.4162,4.1865,2.5984,11.3254,2.8019,0.0038,-0.2696,0,0,0,0.00000,3
0.3607,3.9255,2.7997,12.5659,3.0561,0.0135,-1.1399,1,1,1,1.36231,1
0.4870,4.6044,2.3941,11.4687,0.4380,0.0188,-0.4939,0,0,0,0.00000,3
0.5234,5.2344,2.3764,12.3498,1.6075,0.0176,-1.4774,0,0,1,0.75705,1
0.4231,4.3565,2.6115,11.2532,-1.8156,0.0269,-0.2444,0,0,0,0.00000,3
0.3730,3.9296,2.7359,11.7510,-3.1225,0.0237,-0.5638,0,0,1,0.45156,3
0.4434,4.5868,2.5763,11.3945,-3.0527,0.0053,-0.3579,0,0,0,0.00000,3
0.5065,5.0985,2.4183,11.6428,2.9644,0.0166,-0.6924,0,0,0,0.00000,1
0.4504,4.7474,2.5832,11.4112,2.7162,0.0985,-0.4896,0,0,0,0.00000,1
0.4319,4.2556,2.5454,11.8902,0.4281,0.0010,-0.7596,0,0,2,0.38013,1
0.5915,5.4166,2.1499,12.3618,0.0051,0.0397,-1.7427,0,0,2,0.54178,1
0.4888,4.5699,2.3790,11.3963,-1.2919,0.0468,-0.4610,0,0,0,0.00000,3
0.5496,5.5186,2.3242,11.6308,2.6740,0.0157,-0.7548,0,0,0,0.00000,1
0.3345,3.6388,2.8496,11.6419,2.5162,0.0418,-0.4464,0,1,0,0.25998,1
0.4406,4.7970,2.6402,13.1388,2.2873,0.0127,-1.9713,0,0,1,1.88334,1
0.4813,5.2103,2.5487,11.8403,2.1379,0.0105,-0.8326,1,1,0,0.34751,3
0.4956,4.8235,2.4061,11.3713,2.7360,0.0121,-0.4051,0,0,0,0.00000,1
0.4071,4.0984,2.6171,12.8886,1.3027,0.0270,-1.6073,0,0,1,1.70189,1
0.4203,4.5410,2.6730,11.3216,-2.9394,0.1179,-0.4011,0,0,0,0.00000,1
0.5115,5.4191,2.4609,11.5834,-1.2788,0.0155,-0.6413,0,0,0,0.00000,1
0.3578,3.8037,2.7760,11.4017,2.9018,0.0457,-0.3158,0,0,0,0.00000,3
0.5036,4.5598,2.3183,11.5262,-0.1662,0.0266,-0.5819,0,0,0,0.00000,3
0.4750,4.6233,2.4476,11.7070,1.8697,0.0090,-0.6883,0,0,1,0.24840,3
0.3644,3.9990,2.8025,11.6440,2.8385,0.1641,-0.6392,0,0,1,0.24794,3
0.4538,4.5037,2.5100,11.7477,2.8766,0.0212,-0.7029,1,1,1,0.76389,1
0.3782,3.9161,2.7054,11.6510,2.9479,0.0263,-0.5003,0,1,0,0.42847,3
0.3775,3.9196,2.7098,11.9319,-2.6797,0.0051,-0.6858,0,0,1,0.70709,1
0.3568,3.8576,2.7991,11.4731,-2.4789,0.0949,-0.4215,0,0,0,0.00000,3
0.4006,4.0023,2.6209,11.3026,2.5310,0.0483,-0.2874,0,0,0,0.00000,3
0.4940,5.2951,2.5109,12.9410,2.1551,0.0016,-1.9906,0,1,0,1.73459,1
0.3817,4.0762,2.7355,11.8544,-2.1294,0.0724,-0.7200,0,1,0,0.63568,3
0.4889,4.5349,2.3711,11.2625,0.0378,0.0379,-0.3244,0,0,0,0.00000,1
0.4393,4.1816,2.4936,11.4575,1.3015,0.0014,-0.4004,0,0,0,0.00000,3
0.4998,5.0404,2.4341,11.4970,2.1095,0.0102,-0.5302,0,0,0,0.00000,3
0.4291,4.6187,2.6505,12.6451,-2.2694,0.0127,-1.4483,1,1,1,1.12521,1
0.5987,6.0231,2.2177,11.3017,-1.1218,0.0052,-0.4494,0,0,0,0.00000,3
0.4695,4.9808,2.5513,11.4238,-2.7152,0.0538,-0.4725,0,0,0,0.00000,3
0.4592,4.2780,2.4329,11.3138,1.3715,0.0243,-0.3256,0,0,0,0.00000,3
0.3536,3.7870,2.7936,13.2224,2.7630,0.0247,-1.6503,0,1,1,2.23997,1
0.5191,4.7761,2.3033,11.3790,-1.0830,0.0094,-0.4366,0,0,0,0.00000,3
0.4326,4.5869,2.6261,11.7134,-1.9676,0.0189,-0.6325,0,1,0,0.40335,1
0.4214,4.5330,2.6654,12.6309,3.1207,0.0054,-1.3957,0,0,0,0.00000,1
0.5145,5.3523,2.4354,11.3984,1.8142,0.0098,-0.4535,0,0,0,0.00000,3
0.3356,3.6581,2.8501,11.4204,2.5034,0.1156,-0.3846,0,0,0,0.00000,3
0.5139,5.1804,2.4043,12.0348,-1.6297,0.0451,-1.1494,0,1,0,0.30755,3
0.4682,4.3224,2.4060,11.5580,-0.5892,0.0509,-0.5894,0,0,0,0.00000,1
0.4399,4.3800,2.5410,11.6764,2.1601,0.0603,-0.6634,0,0,2,0.55073,1
0.4186,4.2391,2.6014,11.7117,-2.0530,0.0544,-0.6499,0,1,0,0.25956,3
0.4640,4.4894,2.4630,11.8922,-1.6373,0.0215,-0.8565,0,0,1,0.33861,3
0.4828,5.2835,2.5576,12.4682,2.7609,0.0571,-1.5319,1,1,4,1.72515,1
0.4073,4.1225,2.6229,11.8465,1.9062,0.0469,-0.7320,0,1,0,0.54035,3
0.5218,5.0109,2.3395,11.3289,0.1052,0.0010,-0.3811,0,0,0,0.00000,3
0.3296,3.6104,2.8675,12.8779,-2.4816,0.0714,-1.3525,0,1,1,1.41666,1
0.4565,4.2844,2.4458,11.4921,2.4117,0.0031,-0.4548,0,0,0,0.00000,3
0.4589,4.3857,2.4601,12.7147,3.0473,0.0044,-1.6093,0,1,1,1.41308,1
0.4196,4.1744,2.5795,11.3165,2.7608,0.0108,-0.2737,0,0,0,0.00000,3
0.3779,3.8957,2.7006,11.2703,-2.7429,0.0160,-0.2072,0,0,0,0.00000,3
0.4404,4.4436,2.5546,12.5906,1.0174,0.0031,-1.4211,0,1,0,0.23350,1
0.4883,4.6937,2.4082,11.5091,-0.4965,0.0070,-0.5201,0,0,0,0.00000,3
0.5621,5.7713,2.3188,11.4593,-1.5990,0.0809,-0.6686,0,0,0,0.00000,3
0.3965,4.3604,2.7417,12.7483,-2.7736,0.0494,-1.4759,0,0,1,1.53062,1
0.3993,4.3232,2.7171,11.8078,2.4405,0.0398,-0.6764,0,1,0,0.50074,3
0.5113,5.0053,2.3802,11.6022,0.7511,0.0520,-0.7032,0,0,0,0.00000,1
0.4579,4.2705,2.4364,11.3802,-1.0288,0.0062,-0.3614,0,0,0,0.00000,3
0.5074,4.7881,2.3514,11.4875,-0.5231,0.0334,-0.5584,0,0,0,0.00000,3
0.5094,5.1366,2.4141,11.5156,0.8677,0.0430,-0.6024,0,0,0,0.00000,1
0.4128,4.4409,2.6826,12.8856,2.7656,0.0275,-1.6299,0,1,1,1.25448,1
0.5089,4.7734,2.3422,11.4166,-1.0150,0.0017,-0.4522,0,0,0,0.00000,3
0.3984,4.3672,2.7340,13.0745,-2.9389,0.0618,-1.7987,1,1,0,1.55182,1
0.3702,3.9980,2.7716,11.7496,-2.6904,0.0906,-0.6400,0,1,0,0.43951,3
0.4049,4.4644,2.7279,13.3653,-3.0034,0.0542,-2.0907,0,0,1,0.66445,0
0.3884,4.0463,2.6928,11.9265,-2.8151,0.0372,-0.7459,0,1,0,0.40284,3
0.4425,4.3724,2.5276,11.3158,1.2236,0.0266,-0.3138,0,0,0,0.00000,1
0.4351,4.4233,2.5735,11.2835,-0.6314,0.0021,-0.2517,0,0,0,0.00000,1
0.5218,5.1320,2.3631,11.4418,0.8123,0.0283,-0.5275,0,0,0,0.00000,3
0.4160,4.5622,2.6992,11.2485,-1.8235,0.0442,-0.2544,0,0,0,0.00000,1
0.4669,4.8331,2.5297,11.8009,1.2873,0.0261,-0.7843,0,1,0,0.49004,1
0.4128,4.2064,2.6201,12.4728,-2.6499,0.0679,-1.3174,0,0,4,1.39664,1
0.3942,3.9971,2.6501,11.2845,-2.8114,0.0158,-0.2312,0,0,0,0.00000,3
0.6608,6.2545,2.0226,11.6291,-0.4914,0.0914,-1.0565,0,0,0,0.00000,3
0.5018,4.7194,2.3592,11.3474,3.0924,0.0069,-0.3827,0,0,0,0.00000,1
0.5315,5.1946,2.3364,11.4299,-1.0679,0.0769,-0.5872,0,0,0,0.00000,3
0.5048,5.4852,2.5024,11.4472,1.2122,0.0785,-0.5713,0,0,0,0.00000,1
0.4953,4.5615,2.3513,12.5692,0.6819,0.0170,-1.6147,0,0,0,0.00000,1
0.4040,4.1759,2.6535,12.0711,-1.8030,0.0014,-0.8515,0,1,0,0.80609,1
0.4604,4.6396,2.5134,12.3975,2.2261,0.0431,-1.3640,0,0,1,0.84325,1
0.4329,4.2121,2.5295,11.3354,-1.0536,0.0090,-0.3000,0,0,0,0.00000,1
0.4351,4.1884,2.5136,11.6383,1.2523,0.0728,-0.6370,0,1,0,0.27511,1
0.4651,5.0022,2.5756,11.3602,-3.1134,0.0270,-0.3783,0,0,0,0.00000,3
0.4693,4.7099,2.4912,11.3767,-0.9954,0.0681,-0.4454,0,0,0,0.00000,1
0.5285,4.9680,2.3048,11.4601,1.8381,0.0229,-0.5479,0,0,0,0.00000,1
0.3687,3.9677,2.7700,11.6885,2.7359,0.1353,-0.6455,0,0,2,0.64860,3
0.3565,3.9305,2.8239,13.0805,-2.6686,0.1393,-1.7458,0,1,0,1.77636,0
0.4336,4.7150,2.6531,11.4458,-2.3073,0.0865,-0.4850,0,0,0,0.00000,3
0.4371,4.2995,2.5332,11.4143,-0.2419,0.0112,-0.3734,0,0,0,0.00000,1
0.4625,5.0250,2.5922,11.2941,-3.0091,0.0208,-0.3095,0,0,0,0.00000,3
0.4424,4.7961,2.6315,11.9796,1.8891,0.0035,-0.8678,0,1,0,0.59449,1
0.4235,4.2425,2.5800,11.4769,2.3340,0.1109,-0.5271,0,0,0,0.00000,1
0.4501,4.6813,2.5688,12.1389,-2.2725,0.0834,-1.1411,0,0,2,0.60307,1
0.4717,4.9531,2.5355,11.2587,-2.8416,0.0543,-0.3246,0,0,0,0.00000,1
0.4522,4.4742,2.5100,11.4205,2.7178,0.0584,-0.4526,0,0,0,0.00000,1
0.4857,5.0580,2.4973,11.4336,-1.7393,0.0131,-0.4542,0,0,0,0.00000,3
0.4691,4.5759,2.4617,11.4930,-0.3230,0.0169,-0.4902,0,0,0,0.00000,1
0.4463,4.2389,2.4779,11.3917,-0.6560,0.0013,-0.3526,0,0,0,0.00000,3
0.4271,4.2775,2.5724,11.2689,-2.4834,0.0040,-0.2345,0,0,0,0.00000,3
0.4379,4.8175,2.6577,12.1579,-2.1536,0.0063,-1.0215,0,0,1,0.72438,1
0.5764,5.8628,2.2778,11.9469,-1.6066,0.0089,-1.1587,0,1,0,0.62248,3
0.4606,4.9326,2.5802,13.1571,1.7057,0.0145,-2.0887,1,1,0,1.55829,1
0.5166,4.7479,2.3073,12.3857,1.0885,0.0225,-1.4983,1,1,0,0.99558,1
0.5396,4.9200,2.2533,11.4074,-0.4119,0.0463,-0.5363,0,0,0,0.00000,3
0.4074,4.2424,2.6556,12.7079,-2.5141,0.0674,-1.5106,0,1,0,1.19133,1
0.5963,5.6121,2.1634,12.0273,0.7008,0.0119,-1.3045,0,0,1,0.74122,1
0.5886,5.8902,2.2353,11.4866,-0.4225,0.0242,-0.6698,0,0,0,0.00000,3
0.4332,4.3023,2.5512,11.2906,-1.6345,0.0081,-0.2625,0,0,0,0.00000,3
0.4839,5.2469,2.5449,11.3560,-0.9874,0.0009,-0.3658,0,0,0,0.00000,1
0.3528,3.8690,2.8245,12.1955,-2.5293,0.1277,-0.9903,0,0,1,0.86167,3
0.3826,4.1487,2.7522,11.6140,2.7132,0.1448,-0.6211,0,0,0,0.00000,3
0.4334,4.3602,2.5653,11.2180,1.3286,0.0584,-0.2594,0,0,0,0.00000,1
0.4204,4.2842,2.6053,11.4450,2.9182,0.0496,-0.4242,0,0,0,0.00000,3
0.5199,4.7720,2.2992,11.6552,0.4376,0.0706,-0.7950,0,0,0,0.00000,1
0.5435,5.3357,2.3155,11.4695,-3.0462,0.0105,-0.5653,0,0,0,0.00000,1
0.5184,5.0039,2.3515,11.3657,-1.4621,0.0063,-0.4199,0,0,0,0.00000,3
0.4864,5.1516,2.5140,11.6820,-2.4460,0.0595,-0.7501,0,0,0,0.00000,1
0.5118,5.2387,2.4245,11.9131,-2.3169,0.0069,-0.9658,0,1,0,0.30712,3
0.5258,5.1908,2.3582,11.5162,-1.8621,0.0401,-0.6240,0,0,0,0.00000,1
0.5499,5.6080,2.3389,11.5008,-0.1927,0.0160,-0.6160,0,0,0,0.00000,1
0.5607,5.7060,2.3131,11.4732,-1.1294,0.0521,-0.6466,0,0,0,0.00000,3
0.4413,4.3410,2.5253,12.4040,-2.1001,0.0166,-1.2688,0,0,2,0.60241,1
0.4260,4.2334,2.5660,11.9345,2.4957,0.0444,-0.8428,0,1,0,0.37683,1
0.4916,5.4090,2.5444,11.4511,1.9514,0.0000,-0.4643,0,0,0,0.00000,1
0.3976,4.3693,2.7386,11.8835,-2.8656,0.0105,-0.6974,0,1,0,0.29312,1
0.4903,5.2317,2.5138,11.8887,-0.0857,0.0015,-0.8874,0,0,1,0.35277,1
0.4359,4.7956,2.6622,11.2980,1.9817,0.0101,-0.2746,0,0,0,0.00000,1
0.5393,5.3385,2.3326,11.3725,-1.1404,0.0160,-0.4650,0,0,0,0.00000,3
0.4561,4.8701,2.5863,11.5589,-0.3866,0.0022,-0.5150,0,0,0,0.00000,1
0.3855,4.1256,2.7309,12.4214,-2.6904,0.1142,-1.2509,0,0,1,0.95290,1
0.4464,4.2193,2.4725,11.4274,1.0273,0.0401,-0.4293,0,0,0,0.00000,1
0.4192,4.3860,2.6378,11.9860,2.5990,0.0058,-0.8219,0,0,2,1.09558,3
0.5041,5.1713,2.4429,11.4379,2.1532,0.0127,-0.4820,0,0,0,0.00000,3
0.5520,5.2803,2.2728,12.5552,0.0325,0.0340,-1.8343,0,1,1,1.21170,1
0.4010,4.2482,2.6880,12.1646,-1.6312,0.0253,-0.9544,0,1,0,0.60390,1
0.4573,4.5799,2.5130,11.9277,2.8824,0.0205,-0.8746,0,0,1,0.46764,1
0.5187,5.1776,2.3841,11.3676,1.9038,0.0389,-0.4617,0,0,0,0.00000,1
0.4136,4.3056,2.6429,11.9262,2.3644,0.0051,-0.7582,0,1,0,0.35044,1
0.4222,4.4749,2.6465,11.3621,-1.4821,0.0567,-0.3667,0,0,0,0.00000,1
0.5286,5.2733,2.3627,11.5205,2.9063,0.0208,-0.6093,0,0,0,0.00000,1
0.3429,3.7464,2.8390,12.7622,2.5404,0.0357,-1.2602,0,1,2,1.30857,1
0.4900,4.7431,2.4120,11.2871,0.7090,0.0006,-0.3060,0,0,0,0.00000,3
0.4286,4.6428,2.6590,11.8721,2.0492,0.0810,-0.8414,0,0,1,0.39638,3
0.4181,4.0817,2.5615,11.4962,1.3906,0.0652,-0.4819,0,0,0,0.00000,1
0.5420,5.1971,2.2962,11.8675,-0.7620,0.0720,-1.0706,0,1,0,0.29793,1
0.4555,4.6644,2.5411,11.6251,1.3236,0.0186,-0.5925,0,0,0,0.00000,1
0.4703,4.7498,2.4961,11.3316,0.5930,0.0050,-0.3319,0,0,0,0.00000,1
0.4020,4.1919,2.6677,11.3632,-2.6739,0.0786,-0.3710,0,0,0,0.00000,3
0.5441,5.4967,2.3421,12.0489,2.2730,0.0128,-1.1981,0,0,1,0.63901,1
0.5188,4.7073,2.2905,11.8536,0.0566,0.0534,-0.9779,0,0,1,0.27440,1
0.4428,4.4199,2.5382,11.7475,-2.7998,0.0506,-0.7195,0,1,0,0.23298,1
0.4704,4.3297,2.3988,11.7639,-0.3771,0.0257,-0.7534,0,1,0,0.24301,1
0.4457,4.7302,2.6004,12.9869,1.8680,0.0138,-1.8451,0,1,0,1.10982,1
0.4520,4.8612,2.6028,13.1317,1.1504,0.0018,-1.9983,1,1,1,1.54991,1
0.3911,4.1948,2.7222,11.8192,1.9566,0.0263,-0.6529,0,0,1,0.30488,1
0.5643,5.5402,2.2711,11.4187,0.1475,0.0226,-0.5551,0,0,0,0.00000,3
0.4799,4.4211,2.3816,11.3272,2.9752,0.0010,-0.3321,0,0,0,0.00000,1
0.5310,5.1635,2.3327,11.5053,0.8528,0.0397,-0.6197,0,0,0,0.00000,3
0.4944,4.7202,2.3892,11.4491,-1.6455,0.0422,-0.5136,0,0,0,0.00000,3
0.5226,5.3797,2.4074,11.4623,1.3817,0.0329,-0.5561,0,0,0,0.00000,3
0.5863,5.7958,2.2293,11.3750,0.7459,0.0140,-0.5265,0,0,0,0.00000,3
0.5884,5.8372,2.2280,11.3608,-0.7873,0.0153,-0.5151,0,0,0,0.00000,3
0.3417,3.7401,2.8434,13.2461,2.5141,0.0481,-1.6543,1,1,1,2.02478,1
0.4660,4.6909,2.5011,12.6246,0.9227,0.0289,-1.5881,0,1,0,1.34167,1
0.4187,4.6123,2.6987,12.1168,-2.7624,0.1095,-1.0730,0,1,0,0.82209,0
0.4277,4.1514,2.5370,11.9436,1.4665,0.0175,-0.8184,0,0,1,0.60910,1
0.4200,4.5234,2.6695,11.9468,2.8722,0.0182,-0.8073,0,0,1,0.72837,3
0.5242,5.3248,2.3904,11.7459,-1.1500,0.0203,-0.8356,0,0,1,0.20946,3
0.4994,4.7602,2.3772,11.4882,0.8937,0.0453,-0.5625,0,0,0,0.00000,3
0.4420,4.7122,2.6133,11.8684,1.7746,0.0304,-0.8014,0,1,1,0.57056,1
0.4313,4.1595,2.5228,11.3298,0.8583,0.0080,-0.2925,0,0,0,0.00000,1
0.4172,4.5956,2.7017,11.9401,3.0518,0.1382,-0.9502,0,1,0,0.29637,0
0.5327,5.6633,2.4185,11.3327,-1.3825,0.0346,-0.4392,0,0,0,0.00000,3
0.3843,3.9435,2.6828,12.2122,-1.8116,0.0085,-0.9254,0,0,1,0.88495,1
0.4906,4.6943,2.3989,11.5372,-0.8692,0.0211,-0.5674,0,0,0,0.00000,3
0.4310,4.2090,2.5371,11.3852,3.0484,0.0074,-0.3375,0,0,0,0.00000,3
0.3933,4.2975,2.7405,12.4006,2.7524,0.0282,-1.1341,0,1,0,1.02912,3
0.5708,5.4920,2.2382,12.6979,0.5254,0.0492,-2.1072,0,0,1,1.26551,1
0.4113,4.0581,2.5863,12.3109,2.6302,0.0581,-1.1541,0,1,0,0.21485,1
0.4780,4.4480,2.3954,11.3602,2.2293,0.0191,-0.3816,0,0,0,0.00000,1
0.4735,4.7672,2.4863,11.3751,-1.3464,0.0582,-0.4372,0,0,0,0.00000,3
0.4073,4.0918,2.6142,11.4635,1.5624,0.0313,-0.4015,0,0,0,0.00000,1
0.4526,4.2574,2.4553,11.8021,0.9291,0.0256,-0.7545,0,0,2,0.61727,1
0.3772,4.1548,2.7819,12.8410,2.3206,0.0198,-1.4325,0,1,1,1.42392,0
0.4643,4.4883,2.4613,11.2636,0.3347,0.0358,-0.3000,0,0,0,0.00000,1
0.3975,4.0116,2.6383,11.7635,-1.5420,0.0318,-0.6266,0,1,0,0.36978,1
0.4803,4.5007,2.3980,11.4404,0.8802,0.0311,-0.4731,0,0,0,0.00000,3
0.5525,5.5633,2.3210,11.5316,-2.8555,0.0053,-0.6395,0,0,0,0.00000,1
0.4264,4.4572,2.6222,11.5090,2.4910,0.1044,-0.5507,0,0,0,0.00000,1
0.3667,3.9786,2.7839,11.9959,-2.8572,0.1037,-0.8386,0,1,0,0.53854,3
0.4213,4.1916,2.5763,11.3365,-3.0441,0.0076,-0.2878,0,0,0,0.00000,3
0.4067,4.3883,2.6987,11.3593,-2.2105,0.0806,-0.3751,0,0,0,0.00000,3
0.3931,4.0697,2.6766,12.6169,-2.6622,0.0334,-1.3239,0,1,0,0.82919,1
0.4207,4.1743,2.5744,11.3588,2.6376,0.0063,-0.3037,0,0,0,0.00000,3
0.4095,4.4585,2.7036,12.0481,-1.9269,0.0272,-0.8808,0,1,0,0.84996,1
0.4667,4.8059,2.5242,11.4790,-1.9247,0.0353,-0.4972,0,0,0,0.00000,3
0.5186,4.7219,2.2943,12.0455,-1.2969,0.0085,-1.1177,0,0,1,0.59130,1
0.4748,4.3833,2.3935,11.6408,-1.5580,0.0010,-0.6144,0,0,1,0.32179,3
0.4697,4.5814,2.4603,11.3677,2.6941,0.0131,-0.3727,0,0,0,0.00000,1
0.4698,4.6145,2.4674,11.2731,2.0125,0.0033,-0.2766,0,0,0,0.00000,3
0.3853,4.1865,2.7494,11.3165,-2.1034,0.0376,-0.2722,0,0,0,0.00000,1
0.5637,5.6043,2.2844,11.5188,0.9546,0.0330,-0.6771,0,0,0,0.00000,3
0.5277,5.3269,2.3767,12.1827,1.3203,0.0079,-1.2935,0,0,1,0.57991,1
0.4017,4.2046,2.6724,11.7133,2.6404,0.0259,-0.5870,0,1,0,0.30004,3
0.4604,4.3014,2.4337,12.4945,2.2826,0.0102,-1.4062,0,0,5,2.41695,1
0.4241,4.4636,2.6345,12.0223,2.6682,0.0937,-0.9815,0,0,1,0.31806,1
0.3798,4.0752,2.7452,12.6468,-2.1559,0.0392,-1.3105,0,1,1,0.78646,1
0.4874,4.5746,2.3857,11.3595,1.2656,0.0029,-0.3728,0,0,0,0.00000,3
0.5165,5.0547,2.3689,11.3679,2.2462,0.0150,-0.4305,0,0,0,0.00000,1
0.3861,3.9376,2.6724,11.4452,2.1014,0.0632,-0.3990,0,0,0,0.00000,3
0.3713,3.9777,2.7598,11.5137,-2.8369,0.1746,-0.5626,0,0,0,0.00000,1
0.4565,4.5273,2.5040,11.4388,1.2288,0.0077,-0.4142,0,0,0,0.00000,3
0.4438,4.6418,2.5882,11.4263,-1.9288,0.0427,-0.4295,0,0,0,0.00000,3
0.4892,5.2410,2.5207,13.2459,-2.1068,0.0059,-2.3104,0,0,1,1.60276,1
0.5812,5.5697,2.2121,11.4258,-0.5580,0.0777,-0.6537,0,0,0,0.00000,3
0.3760,3.9829,2.7367,13.1481,-3.0415,0.0370,-1.7174,0,0,1,1.94478,1
0.5564,5.5853,2.3094,11.4048,0.6173,0.0058,-0.5097,0,0,0,0.00000,3
0.5340,5.2755,2.3420,11.8199,-0.0065,0.0340,-0.9513,0,0,0,0.00000,1
0.3807,4.1766,2.7702,13.1977,-2.8290,0.0074,-1.7293,1,1,0,1.57558,1
0.4387,4.4959,2.5753,11.3967,1.4940,0.0255,-0.3776,0,0,0,0.00000,1
0.5526,5.5540,2.3187,12.4317,0.1188,0.0286,-1.6843,0,0,1,0.62938,1
0.4374,4.4419,2.5676,11.3766,-2.3984,0.0016,-0.3312,0,0,0,0.00000,3
0.4119,4.0952,2.5938,11.4862,2.8018,0.0392,-0.4348,0,0,0,0.00000,3
0.5004,4.9916,2.4214,12.4850,1.4830,0.0058,-1.5292,0,0,2,1.23266,1
0.4892,5.0799,2.4869,12.1637,-2.6039,0.0563,-1.2345,0,0,1,0.64967,1
0.4087,4.3938,2.6902,11.8209,2.8214,0.0543,-0.7233,0,0,1,0.35207,3
0.3565,3.8242,2.7898,11.5438,-2.3113,0.1047,-0.4834,0,1,0,0.23384,3
0.4110,4.1834,2.6220,11.3173,2.8423,0.0140,-0.2699,0,0,0,0.00000,3
0.5203,5.4013,2.4208,11.6771,-1.2310,0.0465,-0.7904,0,0,0,0.00000,3
0.5288,5.0422,2.3181,11.5154,-0.9670,0.0258,-0.6092,0,0,0,0.00000,3
0.4943,5.0695,2.4633,11.3409,-2.3827,0.0606,-0.4322,0,0,0,0.00000,1
0.4657,4.4295,2.4417,11.4128,-2.2453,0.0147,-0.4101,0,0,0,0.00000,1
0.5635,5.7505,2.3097,11.5900,-1.7115,0.0215,-0.7422,0,0,0,0.00000,3
0.4322,4.3518,2.5686,11.8458,2.2523,0.0152,-0.7407,0,1,0,0.49029,3
0.3831,4.1472,2.7495,11.4751,-2.0386,0.0671,-0.4228,0,0,0,0.00000,1
0.3651,3.9802,2.7931,12.5740,-2.7796,0.0658,-1.2391,0,1,0,1.05481,1
0.5193,5.5791,2.4585,11.5274,0.4221,0.0035,-0.5830,0,0,0,0.00000,1
0.4325,4.7692,2.6718,13.2527,-1.9419,0.0247,-2.0667,0,1,0,1.70151,0
0.4049,4.0457,2.6127,11.2799,2.5562,0.0232,-0.2453,0,0,0,0.00000,3
0.4539,4.4011,2.4850,11.4795,1.5938,0.0291,-0.4720,0,0,0,0.00000,3
0.4777,4.6597,2.4443,11.2971,-0.6367,0.0098,-0.3134,0,0,0,0.00000,3
0.4967,4.7844,2.3932,11.5897,1.2679,0.0381,-0.6491,0,0,0,0.00000,3
0.4161,4.1589,2.5914,11.9056,1.3585,0.0198,-0.7646,0,0,1,0.37905,1
0.4227,4.2084,2.5743,12.2763,-1.0337,0.0097,-1.0870,0,0,0,0.00000,1
0.5927,5.8290,2.2103,12.0846,-0.5608,0.0421,-1.4105,0,1,0,0.59072,1
0.5101,4.9285,2.3694,11.3994,1.8427,0.0269,-0.4676,0,0,0,0.00000,1
0.4184,4.5540,2.6854,11.4387,3.0168,0.1140,-0.4920,0,0,0,0.00000,1
0.5312,5.3798,2.3726,11.9785,0.5715,0.0408,-1.1263,0,1,0,0.57057,1
0.4028,4.0729,2.6305,11.6156,-2.8919,0.0959,-0.5949,0,0,0,0.00000,1
0.5555,5.1205,2.2312,11.4133,0.0088,0.0178,-0.5295,0,0,0,0.00000,3
0.5531,5.7175,2.3453,11.4131,1.7528,0.0058,-0.5149,0,0,0,0.00000,3
0.4274,4.1225,2.5307,11.4761,1.3127,0.0128,-0.4147,0,0,0,0.00000,2
0.4960,5.0356,2.4491,11.9085,1.1017,0.0056,-0.9233,0,0,1,0.14596,3
0.5549,5.3057,2.2665,12.5970,0.5366,0.0660,-1.9487,1,1,2,1.97826,1
0.3827,4.1104,2.7406,12.6231,-2.9392,0.0765,-1.3581,0,1,0,0.27294,1
0.4183,4.3348,2.6283,11.5399,-1.4739,0.0378,-0.4861,0,0,1,0.17216,1
0.5531,5.2095,2.2561,11.5054,0.9735,0.0792,-0.7018,0,0,0,0.00000,3
0.4276,4.5895,2.6504,11.4890,1.7073,0.0375,-0.4563,0,0,0,0.00000,1
0.4860,4.7545,2.4308,11.3696,2.9539,0.0127,-0.3929,0,0,0,0.00000,1
0.5283,5.0959,2.3302,11.4479,-2.6273,0.0062,-0.5155,0,0,0,0.00000,1
0.5287,4.7996,2.2713,11.4079,1.3493,0.0161,-0.4857,0,0,0,0.00000,1
0.4314,4.4918,2.6078,12.7796,2.3062,0.0581,-1.6563,0,1,1,1.27050,1
0.4764,4.4101,2.3932,11.7049,2.3117,0.0027,-0.6795,0,0,1,0.39529,1
0.4506,4.3035,2.4752,11.6671,2.6590,0.0265,-0.6306,0,1,0,0.45915,1
0.5388,5.4757,2.3597,11.5504,-0.8959,0.0610,-0.7066,0,0,0,0.00000,1
0.4017,4.2234,2.6777,11.9006,-2.3712,0.0563,-0.7777,0,1,0,0.68479,3
0.5453,5.3088,2.3038,12.3369,0.4861,0.0265,-1.5451,0,0,1,0.87083,1
0.4792,4.8813,2.4872,11.3919,1.9490,0.0266,-0.4225,0,0,0,0.00000,3
0.4300,4.2939,2.5638,11.2454,2.6164,0.0283,-0.2453,0,0,0,0.00000,3
0.4479,4.4520,2.5236,11.4562,2.8909,0.0158,-0.4281,0,0,0,0.00000,3
0.3642,3.9076,2.7752,12.9400,2.7779,0.0668,-1.5385,0,1,0,1.74836,1
0.3743,4.0217,2.7573,11.3938,2.3109,0.0527,-0.3355,0,0,0,0.00000,1
0.4376,4.6109,2.6088,12.4890,2.8850,0.0325,-1.3622,0,1,0,1.02576,1
0.4025,4.1099,2.6421,12.9039,1.2693,0.0041,-1.5629,0,1,0,1.56116,1
0.4606,4.9467,2.5831,11.4477,1.5914,0.0141,-0.4363,0,0,0,0.00000,1
0.4383,4.3331,2.5364,11.2624,-1.2403,0.0463,-0.2870,0,0,0,0.00000,1
0.3688,3.9819,2.7741,11.3097,-2.3198,0.0543,-0.2709,0,0,0,0.00000,1
0.4348,4.4020,2.5695,11.7535,2.6886,0.0532,-0.7136,0,0,0,0.00000,1
0.4722,4.6074,2.4556,12.3855,-1.9570,0.0353,-1.3774,0,0,1,1.01573,1
0.3782,3.9110,2.7037,12.5068,2.7216,0.1026,-1.2845,0,1,1,1.09512,1
0.4832,5.0183,2.4993,11.4173,0.3046,0.0141,-0.4369,0,0,0,0.00000,1
0.3628,3.9152,2.7851,12.6801,2.7532,0.0507,-1.2936,0,0,1,0.95843,1
0.4421,4.6604,2.6003,11.3035,1.2969,0.0288,-0.3060,0,0,0,0.00000,1
0.4152,4.3869,2.6568,12.6632,2.5646,0.0105,-1.4096,0,0,0,0.00000,1
0.4333,4.2063,2.5261,11.9710,-0.1391,0.0017,-0.8339,0,0,1,0.39713,1
0.3537,3.7578,2.7832,11.7902,-2.7561,0.0451,-0.5847,0,1,0,0.57756,3
0.4356,4.3361,2.5493,12.4976,-2.0642,0.0416,-1.3763,0,0,1,1.14718,1
0.5163,5.3410,2.4257,11.6157,-1.3888,0.0146,-0.6802,0,0,0,0.00000,3
0.4253,4.5089,2.6408,11.5779,2.1374,0.0685,-0.5649,0,0,0,0.00000,3
0.3752,4.0578,2.7638,12.9251,2.9926,0.0516,-1.5467,0,0,3,1.39936,1
0.3928,4.2278,2.7230,13.1201,-2.9812,0.0633,-1.8180,2,1,0,1.29845,1
0.5031,4.8245,2.3758,11.7554,-0.4633,0.0162,-0.7970,0,1,0,0.44318,3
0.5163,5.0155,2.3620,11.3381,-0.8625,0.0392,-0.4292,0,0,0,0.00000,3
0.5067,4.9170,2.3804,12.0946,0.6571,0.0003,-1.1298,0,1,1,0.81221,1
0.5162,5.5937,2.4744,11.6280,-2.6097,0.0031,-0.6797,0,1,0,0.14800,3
0.5451,5.3877,2.3186,11.2633,3.0953,0.0118,-0.3535,0,0,0,0.00000,1
0.4781,4.7471,2.4620,11.4983,-1.0913,0.0343,-0.5292,0,0,0,0.00000,1
0.3880,4.0542,2.6970,12.9317,-1.7759,0.0025,-1.5241,0,0,1,1.62800,1
0.4460,4.7083,2.5941,13.1446,2.1820,0.0013,-1.9808,1,1,1,1.40339,1
0.4986,4.5197,2.3293,12.2918,0.7704,0.0513,-1.3855,0,1,0,0.77753,1
0.4852,4.8706,2.4593,11.3292,0.7128,0.0480,-0.3959,0,0,0,0.00000,1
0.4111,4.1569,2.6144,11.7587,-2.9962,0.0159,-0.6275,0,0,1,0.18615,3
0.4250,4.4234,2.6200,11.3861,1.7892,0.0251,-0.3528,0,0,0,0.00000,1
0.4914,4.9950,2.4597,11.5835,-0.6980,0.0198,-0.6131,0,0,0,0.00000,1
0.4310,4.4080,2.5886,11.6635,2.8240,0.0099,-0.5750,0,1,0,0.25255,3
0.3965,4.0733,2.6611,11.5255,2.9631,0.0644,-0.4758,0,0,0,0.00000,3
0.4818,4.6333,2.4216,11.3965,0.2632,0.0221,-0.4237,0,0,0,0.00000,1
0.4262,4.3525,2.5961,11.8988,-2.2643,0.0072,-0.7642,0,0,1,0.61037,3
0.3826,4.0795,2.7322,12.0570,-2.8725,0.1290,-0.9578,0,0,1,0.62669,1
0.3793,4.0046,2.7263,11.3676,-2.9748,0.1092,-0.3857,0,0,0,0.00000,3
0.4643,4.7898,2.5312,11.3761,-2.3688,0.0706,-0.4420,0,0,0,0.00000,1
0.3964,4.1096,2.6717,11.3777,-2.6064,0.1108,-0.4134,0,0,0,0.00000,1
0.5508,5.3334,2.2871,11.3580,0.1726,0.0575,-0.5133,0,0,0,0.00000,1
0.5113,5.4619,2.4702,11.4053,2.7922,0.0088,-0.4556,0,0,0,0.00000,3
0.5205,5.2237,2.3857,11.3806,2.0070,0.0127,-0.4460,0,0,0,0.00000,3
0.3761,4.0563,2.7583,13.0919,-3.1274,0.0472,-1.6871,1,1,0,1.98789,1
0.5677,5.5076,2.2526,11.4807,1.4283,0.0005,-0.6006,0,0,0,0.00000,1
0.5777,5.7175,2.2493,11.4457,0.6944,0.0167,-0.5973,0,0,0,0.00000,3
0.4287,4.3911,2.5947,12.0446,-2.8716,0.0054,-0.8939,0,1,0,0.62250,3
0.5585,5.8412,2.3448,11.5654,2.1619,0.0702,-0.7677,0,0,0,0.00000,1
0.4738,4.6978,2.4693,12.1852,0.9514,0.0418,-1.1920,0,0,1,0.61223,1
0.3605,3.8223,2.7678,11.5594,2.4377,0.0640,-0.4522,0,1,0,0.19292,3
0.4776,4.7212,2.4584,11.3139,2.6154,0.0410,-0.3651,0,0,0,0.00000,1
0.5745,5.3255,2.1965,12.2418,0.6734,0.0199,-1.5118,0,0,2,0.53305,1
0.4249,4.4778,2.6346,11.7685,2.2483,0.0213,-0.6685,0,0,1,0.40844,3
0.4860,4.4862,2.3716,11.4093,0.2274,0.0081,-0.4234,0,0,0,0.00000,3
0.5096,4.6165,2.3073,11.5105,0.2037,0.0658,-0.6237,0,0,0,0.00000,1
0.4339,4.4319,2.5814,13.0426,1.1568,0.0116,-1.8414,0,1,3,2.38651,1
0.5296,5.0091,2.3085,11.4086,0.6963,0.0072,-0.4780,0,0,0,0.00000,3
0.5075,4.6641,2.3252,11.4626,0.9574,0.0132,-0.5088,0,0,0,0.00000,3
0.5814,5.8666,2.2591,11.6081,0.9656,0.0496,-0.8294,0,0,0,0.00000,3
0.5068,5.5285,2.5021,11.4434,-0.9394,0.0197,-0.5006,0,0,0,0.00000,1
0.3979,4.0629,2.6511,11.3580,1.6918,0.0222,-0.2980,0,0,0,0.00000,1
0.3488,3.8001,2.8242,12.1434,2.6793,0.0276,-0.8071,0,0,2,0.88443,1
0.4437,4.3593,2.5193,11.9260,-2.3045,0.0761,-0.9160,1,1,0,0.42082,1
0.4845,4.7170,2.4287,11.4451,-1.8211,0.0136,-0.4628,0,0,0,0.00000,3
0.4125,4.4171,2.6782,13.1475,2.0252,0.0195,-1.8572,0,1,1,1.67951,1
0.4550,4.9183,2.6021,12.7294,2.2899,0.0122,-1.6267,0,0,1,1.44076,1
0.4594,4.4045,2.4624,11.9599,-2.0675,0.0246,-0.9138,0,1,0,0.41269,1
0.4337,4.7526,2.6620,13.2464,-2.8569,0.0398,-2.0946,0,0,1,2.04574,1
0.5302,5.6123,2.4195,11.3593,1.9608,0.0008,-0.4237,0,0,0,0.00000,3
0.4272,4.4675,2.6211,12.7751,-2.0042,0.0255,-1.5820,0,1,1,1.17339,1
0.5479,5.2172,2.2773,12.3353,0.4825,0.0226,-1.5444,0,0,1,0.74166,1
0.5096,4.8879,2.3631,11.3553,1.0444,0.0286,-0.4255,0,0,0,0.00000,3
0.3845,4.0855,2.7242,11.3140,-2.7972,0.0277,-0.2583,0,0,0,0.00000,3
0.5278,4.9186,2.2980,11.7660,-0.6607,0.1132,-0.9836,0,0,0,0.00000,1
0.3449,3.7705,2.8358,12.8037,-2.4692,0.0769,-1.3646,0,0,1,0.48106,1
0.3730,4.0212,2.7642,11.5888,-2.7244,0.1000,-0.5339,0,0,0,0.00000,3
0.6102,5.7150,2.1287,11.6188,0.2922,0.0090,-0.8393,0,0,0,0.00000,1
0.3859,3.9593,2.6798,12.1754,2.1610,0.0053,-0.8956,0,1,0,0.90122,1
0.3713,3.9462,2.7500,12.0302,-2.8639,0.0829,-0.8490,0,0,1,0.54444,3
0.3657,4.0304,2.8056,11.4518,2.6491,0.1009,-0.4235,0,0,0,0.00000,2
0.3834,3.9949,2.7029,11.5183,-2.6117,0.1239,-0.5228,0,0,0,0.00000,1
0.4008,4.0045,2.6204,12.4728,1.9837,0.0414,-1.2382,0,0,1,0.69930,1
0.3843,4.0666,2.7197,11.7859,2.2459,0.0352,-0.6249,0,0,1,0.25397,3
0.4097,4.3738,2.6799,11.4856,2.8810,0.0682,-0.4661,0,0,0,0.00000,3
0.5339,4.9418,2.2793,11.8953,-0.6438,0.0604,-1.0661,0,1,0,0.46499,1
0.4161,4.1871,2.5995,11.8634,0.7058,0.0018,-0.7058,0,1,0,0.21322,1
0.5438,5.5920,2.3603,11.4755,-0.8110,0.0201,-0.5852,0,0,0,0.00000,3
0.4468,4.5416,2.5502,11.3109,2.9213,0.0704,-0.3645,0,0,0,0.00000,1
0.5133,5.1024,2.3913,11.4257,2.7790,0.0201,-0.4903,0,0,0,0.00000,1
0.4113,4.5391,2.7162,11.4661,-2.8446,0.0135,-0.3888,0,0,0,0.00000,0
0.5141,5.4735,2.4604,11.3372,-0.0105,0.0042,-0.3863,0,0,0,0.00000,1
0.4211,4.4766,2.6521,11.2569,-2.0777,0.0041,-0.2203,0,0,0,0.00000,1
0.3618,3.8644,2.7742,12.9388,-3.0685,0.0544,-1.5069,1,1,1,1.48913,1
0.4838,5.0302,2.4997,11.3698,2.1985,0.0018,-0.3788,0,0,0,0.00000,3
0.5478,5.1326,2.2621,11.5668,-0.6441,0.1236,-0.8163,0,0,0,0.00000,1
0.5011,4.6480,2.3469,11.5127,-1.1394,0.0376,-0.5789,0,0,0,0.00000,3
0.5492,5.3517,2.2965,11.4487,-1.8996,0.0301,-0.5750,0,0,0,0.00000,1
0.3835,4.2210,2.7685,12.1821,2.2286,0.0251,-0.9228,0,1,0,0.90547,1
0.3579,3.8875,2.8026,11.4528,-3.0498,0.1308,-0.4497,0,0,0,0.00000,3
0.5221,5.5122,2.4343,12.8361,-2.6977,0.0106,-2.0101,0,1,2,2.16303,1
0.4237,4.3958,2.6188,11.8570,-2.6316,0.0076,-0.7240,0,1,0,0.48097,3
0.5219,5.1810,2.3720,11.3776,1.9231,0.0125,-0.4443,0,0,0,0.00000,3
0.5269,5.4199,2.3973,11.3971,-2.5120,0.0179,-0.4776,0,0,0,0.00000,1
0.4347,4.3914,2.5674,11.5088,-3.0696,0.0575,-0.5059,0,0,0,0.00000,1
0.3564,3.9275,2.8235,13.4165,-2.8334,0.0374,-1.8490,1,2,2,2.04432,0
0.3566,3.8274,2.7902,12.8659,-2.6615,0.1216,-1.5354,0,1,0,1.75291,1
0.5172,4.9153,2.3385,12.3808,-0.8814,0.0457,-1.5326,0,0,2,1.31744,1
0.3706,3.9350,2.7499,11.5248,2.2534,0.1194,-0.5056,0,0,0,0.00000,3
0.4995,5.3126,2.4907,11.6802,-1.2390,0.0543,-0.7657,0,0,0,0.00000,1
0.3527,3.8047,2.8040,11.8801,2.5923,0.0168,-0.6122,0,1,0,0.57464,1
0.4934,4.7506,2.3998,11.9881,-0.6531,0.0449,-1.0487,0,1,0,0.34084,1
0.3598,3.7876,2.7604,13.0300,-2.5192,0.0456,-1.5589,0,1,1,1.91106,1
0.3608,3.9369,2.8029,13.2740,2.6746,0.0596,-1.7925,0,1,0,0.57771,1
0.6032,5.4897,2.1195,12.3099,-0.5557,0.0690,-1.7614,0,1,0,0.91132,1
0.3980,4.1601,2.6781,11.4691,2.5328,0.0409,-0.4060,0,0,0,0.00000,3
0.4016,4.0592,2.6324,11.5477,-2.1845,0.0125,-0.4384,0,1,0,0.20740,3
0.4948,4.5886,2.3593,11.3603,-0.3603,0.0047,-0.3839,0,0,0,0.00000,3
0.5315,5.2065,2.3387,11.5261,1.9454,0.0357,-0.6374,0,0,0,0.00000,1
0.4043,4.2510,2.6727,12.9184,2.1028,0.0268,-1.6227,0,1,0,1.62937,1
0.4573,4.4546,2.4833,11.9163,-2.4700,0.0364,-0.8844,0,1,0,0.24032,1
0.3730,4.1117,2.7913,11.6222,2.8723,0.0441,-0.4926,0,1,0,0.37926,0
0.3713,4.0899,2.7939,11.5678,3.0582,0.1859,-0.6170,0,0,0,0.00000,0
0.4934,5.1141,2.4760,11.4302,2.1381,0.0336,-0.4854,0,0,0,0.00000,3
0.4506,4.3160,2.4784,11.7530,-2.0689,0.0320,-0.7148,0,0,1,0.16357,1
0.4153,4.4704,2.6785,11.4252,2.4005,0.1288,-0.4942,0,0,0,0.00000,3
0.5205,5.0297,2.3482,11.4020,-1.0124,0.0195,-0.4747,0,0,0,0.00000,3
0.4604,4.8464,2.5614,11.3593,-1.4355,0.0392,-0.3860,0,0,0,0.00000,1
0.3900,3.9873,2.6678,11.7822,-2.8007,0.0431,-0.6420,0,1,0,0.53026,3
0.4390,4.6835,2.6201,11.3430,2.6698,0.0064,-0.3110,0,0,0,0.00000,1
0.4603,4.4312,2.4647,11.3291,-1.2508,0.0045,-0.3177,0,0,0,0.00000,3
0.4121,4.2750,2.6419,11.5444,1.6801,0.0206,-0.4605,0,0,1,0.23694,1
0.4417,4.2773,2.5074,11.3235,2.4929,0.0446,-0.3400,0,0,0,0.00000,1
0.4321,4.7104,2.6590,12.5142,2.7953,0.0758,-1.4322,0,0,2,1.26538,1
0.4023,4.2961,2.6950,12.1495,2.7073,0.0466,-0.9741,0,0,1,0.59846,3
0.3909,4.0133,2.6710,12.1609,2.3196,0.0095,-0.9028,0,1,0,0.82883,1
0.3973,4.3238,2.7276,11.3950,-2.5033,0.0426,-0.3497,0,0,0,0.00000,3
0.5575,5.5997,2.3076,11.4909,1.1491,0.0025,-0.6000,0,0,0,0.00000,3
0.4781,5.0139,2.5206,12.7397,1.2427,0.0097,-1.7228,0,1,1,1.61326,1
0.4978,5.2981,2.4950,12.7354,2.5942,0.0177,-1.8102,0,0,1,1.31707,1
0.5112,5.2534,2.4296,11.2525,-0.1760,0.0147,-0.3118,0,0,0,0.00000,1
0.4755,4.9202,2.5116,12.0310,-2.0172,0.0045,-0.9949,0,0,1,0.64148,3
0.4606,4.8135,2.5530,13.0275,2.3492,0.0355,-1.9914,1,1,2,1.61881,1
0.3875,4.0907,2.7105,12.7388,2.6177,0.0426,-1.4223,0,0,1,1.50484,1
0.4959,5.1730,2.4777,11.6066,3.0351,0.0034,-0.6233,0,0,0,0.00000,3
0.4249,4.2148,2.5660,11.8401,-1.7631,0.0008,-0.7024,0,1,0,0.19127,3
0.4050,4.1021,2.6280,11.3399,2.1691,0.0738,-0.3500,0,0,0,0.00000,3
0.4435,4.5797,2.5741,13.0531,-2.7953,0.0164,-1.9048,0,0,1,1.87853,1
0.4408,4.1977,2.4911,11.4422,-0.7850,0.0476,-0.4443,0,0,0,0.00000,1
0.5229,5.3687,2.4041,13.0454,-1.4894,0.0146,-2.2610,0,0,2,1.73483,1
0.3647,3.8526,2.7551,12.9191,2.6165,0.0725,-1.5334,1,1,1,1.56854,1
0.4146,4.2497,2.6232,11.4884,2.3144,0.1171,-0.5324,0,0,0,0.00000,1
0.5115,4.9773,2.3737,11.9353,0.3468,0.0415,-1.0328,0,0,1,0.25777,1
0.4815,4.5548,2.4052,11.9762,2.0800,0.0172,-0.9701,1,1,0,0.63575,1
0.4452,4.2032,2.4736,12.2768,-0.1293,0.0054,-1.1444,0,1,0,0.60428,0
0.4212,4.3259,2.6124,12.4636,2.4543,0.0172,-1.2608,0,0,1,1.16223,1
0.5998,5.8116,2.1815,11.5690,-0.3622,0.0218,-0.7796,0,0,0,0.00000,3
0.4850,4.6670,2.4159,11.9653,1.9961,0.0086,-0.9564,0,1,0,0.31070,1
0.5095,5.1621,2.4188,11.3342,-2.3310,0.0514,-0.4324,0,0,0,0.00000,1
0.4516,4.7128,2.5699,11.4675,1.6979,0.0513,-0.4855,0,0,0,0.00000,3
0.4111,4.2424,2.6376,12.4301,2.2866,0.0801,-1.2917,0,1,0,0.79829,1
0.4329,4.7228,2.6584,12.1407,2.2105,0.0020,-0.9867,0,0,1,0.61337,1
0.4524,4.4467,2.5024,11.2398,-1.5677,0.0432,-0.2768,0,0,0,0.00000,3
0.4099,4.2265,2.6392,11.3043,2.7616,0.0346,-0.2820,0,0,0,0.00000,3
0.3915,4.2745,2.7428,12.9516,2.4989,0.0368,-1.6145,1,1,1,1.74323,1
0.3554,3.7680,2.7773,11.9591,2.8386,0.1023,-0.7841,1,1,0,0.38570,3
0.4065,4.3106,2.6784,12.1830,-2.8010,0.0199,-0.9771,0,1,1,0.46552,3
0.3893,4.0963,2.7032,12.4040,-2.6201,0.0809,-1.2004,0,1,0,1.12203,1
0.3593,3.8129,2.7711,11.3357,2.6983,0.1269,-0.3626,0,0,0,0.00000,3
0.4864,4.6365,2.4035,11.3800,1.0627,0.0068,-0.3956,0,0,0,0.00000,3
0.4799,5.0237,2.5149,11.5204,1.9320,0.0590,-0.5831,0,0,0,0.00000,3
0.5189,5.0748,2.3635,11.5483,2.6324,0.0150,-0.6149,0,0,0,0.00000,1
0.3948,4.3380,2.7442,13.1242,2.6864,0.0361,-1.7821,0,1,2,1.90323,1
0.3846,3.9552,2.6851,12.9590,3.0446,0.0483,-1.6116,1,1,1,1.70442,1
0.4938,4.8247,2.4137,11.3932,1.5709,0.0245,-0.4385,0,0,0,0.00000,3
0.4470,4.5933,2.5620,12.6844,-1.7210,0.0284,-1.5760,0,1,0,1.30012,1
0.3647,3.8782,2.7632,11.6587,2.5868,0.0409,-0.5029,0,0,1,0.43686,3
0.3714,3.9272,2.7437,12.0094,-2.2713,0.0247,-0.7571,0,1,0,0.63128,1
0.5206,5.6300,2.4629,12.2816,2.8586,0.0426,-1.4331,0,1,0,0.72392,1
0.4841,4.8717,2.4642,11.3917,0.1688,0.0215,-0.4222,0,0,0,0.00000,1
0.4669,4.7691,2.5151,12.7763,-2.8352,0.0256,-1.7411,0,0,1,1.38013,1
0.5060,4.6680,2.3318,11.6169,-0.0202,0.0502,-0.7057,0,0,0,0.00000,1
0.4328,4.5841,2.6243,11.4212,2.0508,0.0221,-0.3879,0,0,0,0.00000,3
0.5850,5.7393,2.2252,11.5254,0.9960,0.0526,-0.7431,0,0,0,0.00000,3
0.5458,5.2828,2.2971,11.4839,0.4306,0.0668,-0.6526,0,0,0,0.00000,1
0.5806,5.8087,2.2531,11.5094,-0.5167,0.0476,-0.7119,0,0,0,0.00000,1
0.5004,4.5912,2.3374,11.6884,0.2920,0.0617,-0.7824,0,0,1,0.29222,1
0.4548,4.4172,2.4849,11.9189,2.1364,0.0546,-0.9055,0,0,1,0.49792,1
0.4726,4.6657,2.4672,11.5248,2.3606,0.0216,-0.5305,0,0,0,0.00000,1
0.5042,4.9912,2.4059,11.9321,1.3090,0.0187,-0.9825,0,0,2,0.92698,3
0.5298,5.4887,2.3981,11.4072,1.3417,0.0379,-0.5157,0,0,0,0.00000,3
0.4115,4.4239,2.6849,11.9713,-2.2394,0.0698,-0.8759,0,1,0,0.66435,3
0.4023,4.0395,2.6231,12.4298,-0.8193,0.0019,-1.1471,0,0,1,1.08580,1
0.5482,5.1468,2.2633,11.3593,0.1864,0.0809,-0.5388,0,0,0,0.00000,1
0.5010,5.4460,2.5110,11.5678,-2.4322,0.1410,-0.7620,0,0,0,0.00000,1
0.3713,4.0302,2.7755,12.0673,-2.5236,0.0204,-0.7959,0,1,0,0.71138,1
0.3539,3.8406,2.8094,12.0748,-2.9275,0.0452,-0.7924,0,1,0,0.85752,3
0.4486,4.7971,2.6033,11.8151,-1.1897,0.0027,-0.7319,0,0,1,0.43810,1
0.3710,3.8422,2.7195,11.4127,2.6095,0.1372,-0.4428,0,0,0,0.00000,0
0.4104,4.4638,2.7006,12.5060,2.6344,0.0942,-1.3777,0,0,2,1.39193,1
0.4580,4.6487,2.5262,11.3235,-1.9381,0.0240,-0.3337,0,0,0,0.00000,3
0.4562,4.3716,2.4681,12.1071,-1.0080,0.0321,-1.0547,0,0,1,0.78619,1
0.5157,5.2719,2.4150,11.3356,-3.0773,0.0188,-0.4028,0,0,0,0.00000,1
0.5093,5.4866,2.4831,12.5888,3.0060,0.0294,-1.7134,0,1,1,0.87599,1
0.3933,4.1851,2.7086,11.3843,1.9670,0.1047,-0.4081,0,0,0,0.00000,3
0.4322,4.7349,2.6646,13.0523,-2.8302,0.0264,-1.8712,1,1,1,0.99867,1
0.4059,4.1097,2.6258,11.3065,-2.3272,0.0499,-0.2974,0,0,0,0.00000,3
0.5792,5.9175,2.2757,11.5485,-0.8918,0.0469,-0.7541,0,0,0,0.00000,3
0.4273,4.3507,2.5905,11.6949,1.8213,0.0003,-0.5838,0,0,0,0.00000,1
0.4548,4.8205,2.5805,11.7280,0.8168,0.0016,-0.6638,0,0,1,0.21552,1
0.4507,4.7294,2.5777,11.3330,2.3683,0.0059,-0.3140,0,0,0,0.00000,3
0.4207,4.1524,2.5687,12.1351,1.6697,0.0122,-0.9612,0,0,1,0.41934,1
0.4598,4.4605,2.4740,11.4418,-0.1940,0.0253,-0.4417,0,0,0,0.00000,1
0.5240,5.1031,2.3486,12.4749,-1.7892,0.0083,-1.6020,0,1,0,0.62717,1
0.4687,4.3350,2.4072,11.4195,0.5657,0.0308,-0.4385,0,0,0,0.00000,1
0.4093,4.4704,2.7078,11.3064,2.4354,0.0879,-0.3437,0,0,0,0.00000,3
0.4270,4.1464,2.5387,11.4084,-0.6772,0.0148,-0.3607,0,0,0,0.00000,1
0.4171,4.5414,2.6882,11.6601,-2.6279,0.0485,-0.5974,0,1,0,0.21600,3
0.4801,4.5288,2.4053,11.5335,1.9843,0.0165,-0.5423,0,0,0,0.00000,1
0.3707,3.9407,2.7513,12.6741,2.6793,0.0258,-1.2794,0,1,1,1.01964,1
0.4640,4.8625,2.5488,11.8746,-2.3723,0.0346,-0.8591,0,1,0,0.41714,3
0.4391,4.5594,2.5892,11.5586,-2.8278,0.0310,-0.5238,0,0,0,0.00000,3
0.4316,4.1711,2.5244,11.3486,1.5868,0.0030,-0.3027,0,0,0,0.00000,3
0.4022,4.0623,2.6301,12.5650,-1.2448,0.0118,-1.2776,0,0,2,1.04849,1
0.4718,4.7262,2.4843,11.5320,-2.9326,0.0059,-0.5171,0,0,0,0.00000,3
0.3767,4.1127,2.7724,11.5346,-2.8605,0.0508,-0.4403,0,1,0,0.25245,3
0.5598,5.1879,2.2272,12.4427,-1.0389,0.0118,-1.6902,0,0,1,1.05116,1
0.4280,4.6281,2.6581,11.3271,-2.1017,0.0735,-0.3629,0,0,0,0.00000,3
0.5109,4.7384,2.3273,11.2635,-0.8072,0.0493,-0.3606,0,0,0,0.00000,3
0.4386,4.3156,2.5305,12.8195,2.7596,0.0124,-1.6465,0,1,0,1.18937,1
0.3632,3.8766,2.7711,12.5805,-2.5720,0.0854,-1.2674,0,0,2,0.96424,1
0.4970,4.7395,2.3825,11.4207,0.0909,0.0069,-0.4475,0,0,0,0.00000,3
0.4343,4.6116,2.6244,11.6575,-2.1787,0.0660,-0.6448,0,0,1,0.33117,3
0.4875,5.0163,2.4806,12.9575,-1.8784,0.0024,-1.9790,0,1,1,1.52774,1
0.4408,4.3027,2.5179,12.3303,0.8453,0.0174,-1.1997,0,0,1,0.91672,1
0.3387,3.6978,2.8464,11.8922,2.8017,0.1844,-0.8030,0,0,1,0.44961,1
0.5042,5.2039,2.4490,11.5229,-1.7644,0.0068,-0.5583,0,0,0,0.00000,3
0.4532,4.7730,2.5766,11.8669,1.7343,0.0042,-0.7897,0,1,0,0.55612,1
0.3710,3.9769,2.7612,12.6174,2.6295,0.0820,-1.3197,0,1,0,1.27087,1
0.4284,4.7094,2.6766,11.7632,-2.0698,0.0257,-0.6767,0,1,0,0.44348,1
0.6092,6.0093,2.1759,11.5526,-0.0350,0.0916,-0.8654,0,0,0,0.00000,1
0.5327,5.3122,2.3538,11.5200,2.5429,0.0171,-0.6105,0,0,0,0.00000,1
0.4428,4.6087,2.5846,11.9192,-1.9681,0.0771,-0.9094,0,1,0,0.56131,3
0.4630,4.5987,2.4927,11.8793,-2.7351,0.0343,-0.8597,0,0,1,0.25613,1
0.3628,3.9476,2.7951,12.5961,-2.9109,0.0856,-1.2788,0,1,0,0.92472,1
0.4452,4.4486,2.5345,12.3558,2.6343,0.0316,-1.2587,0,1,0,1.12154,1
0.3742,4.1166,2.7865,11.6261,-2.4647,0.0641,-0.5211,0,0,2,0.48082,3
0.4490,4.3486,2.4936,12.2930,-1.3929,0.0187,-1.1910,0,0,1,0.89519,1
0.3272,3.6047,2.8798,13.2546,-2.9939,0.1230,-1.7253,0,0,2,1.98538,0
0.4153,4.3096,2.6359,11.3122,-2.5627,0.0829,-0.3485,0,0,0,0.00000,3
0.5510,5.4958,2.3149,11.4109,2.2647,0.0114,-0.5154,0,0,0,0.00000,1
0.5857,5.4867,2.1821,11.6533,1.0016,0.0377,-0.8716,0,1,0,0.25917,3
0.4432,4.2553,2.4954,11.6709,-2.4883,0.0330,-0.6296,0,1,0,0.32953,1
0.3861,4.0727,2.7124,11.6262,-2.9429,0.0897,-0.5701,0,1,0,0.21261,3
0.4999,5.0615,2.4381,11.3706,-0.0289,0.0156,-0.4144,0,0,0,0.00000,1
0.3896,4.2572,2.7478,12.6657,-2.7171,0.0376,-1.3598,0,1,1,1.39435,1
0.3913,4.1814,2.7177,12.7103,-1.9482,0.0255,-1.3853,0,0,1,1.46360,1
0.4609,4.9496,2.5826,11.4820,2.5973,0.0678,-0.5311,0,0,0,0.00000,3
0.6006,5.7917,2.1754,11.4069,0.2685,0.0143,-0.5823,0,0,0,0.00000,3
0.4812,4.7811,2.4565,11.5459,1.9139,0.0413,-0.5870,0,0,0,0.00000,3
0.4659,4.7402,2.5129,11.3582,2.8927,0.0414,-0.3934,0,0,0,0.00000,1
0.4155,4.1029,2.5792,12.4417,3.1228,0.0355,-1.2495,1,1,0,0.88638,1
0.3425,3.7409,2.8391,11.7310,-2.6355,0.0633,-0.5457,0,1,0,0.17919,1
0.3877,4.1626,2.7302,12.4779,2.4397,0.0351,-1.1908,0,0,1,1.35885,1
0.4254,4.1177,2.5381,11.8684,1.1246,0.0309,-0.7661,0,1,0,0.36780,1
0.4699,4.7506,2.4979,11.4718,-2.6465,0.0115,-0.4663,0,0,0,0.00000,3
0.3368,3.6868,2.8534,11.8092,2.6736,0.0660,-0.5931,0,0,1,0.49913,1
0.5832,5.4927,2.1921,11.5696,0.1736,0.0037,-0.7277,0,0,0,0.00000,1
0.3351,3.6849,2.8622,11.3978,-2.8223,0.1162,-0.3696,0,0,0,0.00000,3
0.3974,4.0515,2.6501,12.3736,-2.8114,0.0108,-1.0980,1,1,0,0.62128,1
0.5010,5.0628,2.4336,11.8910,-1.0807,0.0230,-0.9398,0,0,1,0.70511,3
0.4206,4.1064,2.5567,11.3919,1.8861,0.0018,-0.3249,0,0,0,0.00000,3
0.4655,4.3958,2.4346,11.8423,0.9254,0.0000,-0.7841,0,1,0,0.54785,1
0.4513,4.8657,2.6068,11.6593,2.5255,0.0312,-0.6327,0,1,0,0.27898,3
0.4863,4.6076,2.3973,11.5125,1.8207,0.0377,-0.5577,0,0,0,0.00000,1
0.3747,4.0099,2.7516,12.0060,-2.4343,0.0657,-0.8154,0,1,0,0.65463,3
0.4904,5.3020,2.5281,12.3882,-1.4020,0.0117,-1.4068,1,1,0,0.66269,1
0.3866,3.9844,2.6835,11.8781,2.8906,0.0235,-0.6864,0,1,0,0.67368,3
0.4557,4.8035,2.5727,12.6264,1.3838,0.0355,-1.5631,0,1,0,1.24867,1
0.4429,4.5980,2.5814,11.3470,2.5077,0.0143,-0.3272,0,0,0,0.00000,3
0.4468,4.7018,2.5889,11.5471,2.1247,0.0508,-0.5489,0,0,0,0.00000,3
0.5698,5.8071,2.2947,11.5594,-0.8818,0.0721,-0.7818,0,0,0,0.00000,1
0.4943,5.1449,2.4785,12.9481,0.7191,0.0050,-2.0044,0,1,1,1.46897,1
0.3772,3.9743,2.7282,12.8856,-1.6977,0.0238,-1.4757,0,1,0,1.52736,1
0.5784,5.5647,2.2218,11.7346,-1.0684,0.0383,-0.9534,0,1,0,0.33991,3
0.4865,4.9763,2.4763,11.2798,2.2203,0.0609,-0.3661,0,0,0,0.00000,1
0.3865,4.1121,2.7220,11.2797,2.6242,0.0519,-0.2617,0,0,0,0.00000,3
0.4149,4.1417,2.5924,11.7674,2.2934,0.0758,-0.7170,0,0,1,0.21592,1
0.4330,4.5569,2.6167,11.3564,1.6794,0.0316,-0.3445,0,0,0,0.00000,1
0.5315,5.4233,2.3794,12.2693,1.4632,0.0225,-1.4217,0,1,0,0.51936,1
0.4806,4.7705,2.4568,11.2988,2.8149,0.0251,-0.3360,0,0,0,0.00000,1
0.4265,4.4220,2.6128,11.4366,-1.9678,0.0515,-0.4271,0,0,0,0.00000,3
0.3998,4.1628,2.6701,12.1587,-2.5517,0.1272,-1.0856,0,1,0,0.74678,1
0.3325,3.6587,2.8679,12.2568,-2.3334,0.0839,-0.9220,0,1,0,0.30188,1
0.4490,4.9545,2.6382,12.4874,-2.6460,0.0512,-1.4277,0,1,2,1.05507,2
0.4067,4.2151,2.6515,11.8734,-2.3427,0.0103,-0.7064,0,0,1,0.44137,3
0.4765,4.5404,2.4226,11.4324,0.2762,0.0397,-0.4713,0,0,0,0.00000,1
0.4035,4.2892,2.6872,12.0018,2.8064,0.0161,-0.8131,0,1,0,0.55936,3
0.4710,4.8711,2.5204,11.7981,2.3259,0.0865,-0.8671,0,1,0,0.55285,1
0.3744,3.8963,2.7186,11.9537,-2.7586,0.0635,-0.7712,0,1,0,0.34627,3
0.5007,5.2252,2.4679,11.3818,-0.7412,0.0189,-0.4307,0,0,0,0.00000,1
0.4805,4.5556,2.4096,11.2842,1.1771,0.0166,-0.3120,0,0,0,0.00000,3
0.4566,4.8776,2.5857,11.3748,2.2709,0.0899,-0.4546,0,0,0,0.00000,3
0.5268,5.1177,2.3402,11.8452,0.3466,0.0072,-0.9268,0,0,1,0.32453,3
0.5799,5.4825,2.2026,11.5150,0.8115,0.0445,-0.7117,0,0,0,0.00000,3
0.5377,5.4290,2.3556,12.8321,1.6763,0.0275,-2.0983,0,0,1,0.95005,1
0.4713,4.9436,2.5349,11.9562,2.5558,0.0221,-0.9365,0,1,0,0.68456,3
0.4092,4.1205,2.6135,11.8841,1.2366,0.0046,-0.7125,0,0,2,0.48399,1
0.6291,6.0851,2.1138,12.6233,-1.0785,0.0106,-2.1748,0,1,0,1.28873,1
0.4627,4.5810,2.4901,11.3324,-1.5900,0.0144,-0.3350,0,0,0,0.00000,3
0.4025,4.3718,2.7149,12.1557,3.0997,0.0222,-0.9470,0,1,0,0.98210,3
0.3783,4.1130,2.7642,11.2977,2.2161,0.0186,-0.2306,0,0,0,0.00000,1
0.4966,5.4044,2.5216,11.6177,-2.5420,0.0619,-0.7080,0,0,0,0.00000,3
0.4455,4.2254,2.4778,11.8863,0.1160,0.0067,-0.7914,0,0,1,0.44101,1
0.3775,4.0574,2.7517,11.9598,3.1389,0.1666,-0.9155,0,1,0,0.40815,1
0.4505,4.3159,2.4788,11.5422,1.3074,0.0617,-0.5622,0,0,0,0.00000,3
0.5580,5.2964,2.2528,11.4937,0.0744,0.0540,-0.6656,0,0,0,0.00000,1
0.4268,4.7013,2.6825,11.8315,2.3885,0.1180,-0.8486,0,1,0,0.42262,2
0.5125,5.2480,2.4233,11.4327,2.2668,0.0411,-0.5219,0,0,0,0.00000,1
0.4125,4.3048,2.6477,11.6183,-2.7465,0.0233,-0.5245,0,1,0,0.22047,3
0.4088,4.1437,2.6217,12.1958,-2.7156,0.0198,-0.9931,0,1,2,1.05576,1
0.4602,4.2931,2.4323,12.0190,2.2390,0.0180,-0.9613,0,0,1,0.61019,1
0.6225,6.1187,2.1428,11.4460,0.0426,0.0028,-0.6473,0,0,0,0.00000,1
0.3507,3.8128,2.8180,11.4770,-2.5319,0.2089,-0.5487,0,0,0,0.00000,3
0.4690,4.6228,2.4728,11.6292,1.3171,0.0193,-0.6186,0,0,1,0.30779,3
0.3808,4.0289,2.7260,12.6815,-3.0203,0.0468,-1.3551,0,0,0,0.00000,1
0.5025,5.2316,2.4616,11.6436,0.7588,0.0335,-0.7082,0,0,1,0.23838,1
0.4345,4.5965,2.6195,11.3259,-2.1387,0.0023,-0.2871,0,0,0,0.00000,1
0.4968,5.4356,2.5269,12.2370,-1.7525,0.0431,-1.3150,0,1,0,0.52938,3
0.4888,4.9750,2.4664,12.0815,2.5232,0.0467,-1.1358,0,0,1,0.25125,1
0.4200,4.2334,2.5936,11.8731,1.4661,0.0315,-0.7603,0,0,1,0.41260,1
0.3983,4.1951,2.6865,12.3449,-2.8888,0.0090,-1.0747,0,1,0,1.24243,1
0.5132,4.6818,2.3067,11.3193,0.2391,0.0612,-0.4319,0,0,0,0.00000,1
0.4724,4.3211,2.3889,11.2639,-1.0950,0.0151,-0.2832,0,0,0,0.00000,3
0.3894,4.1017,2.7039,12.6340,2.1895,0.0140,-1.2957,0,0,2,1.32473,1
0.3908,4.0653,2.6868,11.6579,-2.9947,0.0894,-0.6022,0,1,0,0.24746,1
0.5200,4.9150,2.3276,11.9703,0.6432,0.0363,-1.0818,0,1,0,0.47103,1
0.4109,4.3088,2.6569,12.3441,1.5837,0.0125,-1.1166,0,0,1,1.11415,1
0.5055,5.4366,2.4899,12.0083,2.5911,0.0433,-1.0996,0,0,1,0.63244,1
0.4460,4.6961,2.5912,11.3435,-2.5632,0.0322,-0.3482,0,0,0,0.00000,3
0.4672,4.8448,2.5308,12.8722,1.0647,0.0150,-1.8235,0,0,0,0.00000,1
0.4691,4.3697,2.4137,11.4200,-0.1860,0.0380,-0.4481,0,0,0,0.00000,1
0.5565,5.2662,2.2532,11.3844,0.0677,0.0010,-0.4804,0,0,0,0.00000,1
0.4090,4.0796,2.6032,11.8327,-2.5051,0.0962,-0.7869,0,0,3,0.57702,1
0.3995,4.0499,2.6396,12.7730,1.4109,0.0104,-1.4460,0,0,1,1.20949,1
0.4200,4.1358,2.5673,11.8103,1.0875,0.0323,-0.7077,0,1,0,0.30271,1
0.4561,4.6109,2.5258,11.7883,-3.0681,0.0205,-0.7438,0,1,0,0.27043,3
0.5413,5.6727,2.3850,11.5199,-2.6691,0.0126,-0.6195,0,0,0,0.00000,3
0.4668,4.6536,2.4891,12.5612,2.2673,0.0261,-1.5223,0,0,1,1.02396,1
0.5137,5.3793,2.4439,11.4198,-2.6835,0.0328,-0.5013,0,0,0,0.00000,1
0.4720,5.1255,2.5716,12.0676,-2.7559,0.0411,-1.0724,0,0,1,0.70487,3
0.3720,4.0317,2.7725,11.4090,2.2338,0.0207,-0.3076,0,0,0,0.00000,1
0.5041,4.7534,2.3574,12.3131,1.1881,0.0073,-1.3589,0,0,1,0.25377,1
0.4576,5.0045,2.6102,11.4979,1.8120,0.0961,-0.5746,0,0,0,0.00000,3
0.5024,4.9717,2.4095,11.8268,-1.7267,0.0468,-0.9081,0,0,1,0.25979,3
0.4236,4.1085,2.5438,11.4556,-2.6319,0.0112,-0.3912,0,0,0,0.00000,3
0.4532,4.9026,2.6070,12.3732,2.4005,0.1305,-1.4450,0,0,1,0.75813,1
0.4679,4.7923,2.5160,12.1491,-1.8652,0.0183,-1.1083,0,0,1,0.57431,3
0.4104,4.1516,2.6164,11.3175,-2.3556,0.0144,-0.2698,0,0,0,0.00000,3
0.4145,4.3112,2.6403,12.5564,2.4888,0.0420,-1.3592,0,1,0,0.94001,1
0.5253,5.5763,2.4331,11.4657,3.1176,0.0371,-0.5690,0,0,0,0.00000,1
0.4994,4.6589,2.3561,11.5916,-1.5982,0.0426,-0.6602,0,0,0,0.00000,1
0.3444,3.7463,2.8306,11.6692,2.5581,0.0372,-0.4744,0,0,0,0.00000,1
0.5765,5.3248,2.1892,11.5085,-0.5736,0.0922,-0.7579,0,0,0,0.00000,3
0.5128,5.4885,2.4687,11.4370,-2.4840,0.0166,-0.4984,0,0,0,0.00000,3
0.4173,4.1320,2.5786,12.5574,-1.4248,0.0014,-1.3065,0,0,1,1.01183,1
0.4139,4.0629,2.5757,12.4291,1.0823,0.0121,-1.1978,0,1,0,0.96168,1
0.5700,5.2640,2.2026,11.2906,-1.3392,0.0027,-0.3974,0,0,0,0.00000,1
0.3588,3.8526,2.7868,11.4920,2.6872,0.1478,-0.4990,0,0,0,0.00000,3
0.4180,4.1792,2.5884,11.3150,2.1783,0.0157,-0.2765,0,0,0,0.00000,3
0.4813,4.5748,2.4106,11.3532,-2.2743,0.0313,-0.3936,0,0,0,0.00000,1
0.4386,4.4492,2.5641,11.3705,-2.8917,0.0728,-0.4100,0,0,0,0.00000,1
0.4847,4.6009,2.4026,11.3240,2.2226,0.0301,-0.3688,0,0,0,0.00000,1
0.4395,4.2741,2.5163,11.3627,1.1816,0.0009,-0.3203,0,0,0,0.00000,3
0.4012,4.1737,2.6664,11.9317,-3.1323,0.0799,-0.8328,0,1,0,0.37294,1
0.4912,5.2583,2.5155,12.1775,-0.9119,0.0084,-1.1881,0,0,1,0.58389,1
0.4651,4.7827,2.5258,11.4734,2.4368,0.0467,-0.5035,0,0,0,0.00000,3
0.5273,5.0511,2.3256,11.4207,-1.8043,0.0092,-0.4900,0,0,0,0.00000,1
0.4987,5.0232,2.4349,11.5908,1.1415,0.0535,-0.6734,0,0,0,0.00000,1
0.4408,4.4412,2.5522,12.3467,2.1199,0.0008,-1.1917,0,1,1,0.77989,1
0.5030,4.9249,2.3974,11.4506,-1.4099,0.0158,-0.4954,0,0,0,0.00000,3
0.5148,5.0966,2.3839,11.3577,-0.9199,0.0484,-0.4581,0,0,0,0.00000,3
0.3803,3.9703,2.7113,11.4115,2.7829,0.1340,-0.4486,0,0,0,0.00000,1
0.4484,4.6885,2.5784,12.1040,-2.5457,0.0878,-1.1094,0,1,0,0.89429,1
0.5002,5.0466,2.4339,11.5339,-0.0483,0.0010,-0.5555,0,0,0,0.00000,3
0.5513,5.2374,2.2677,12.1103,-0.2266,0.0098,-1.2787,0,1,0,0.64858,1
0.3987,4.1630,2.6758,11.8122,2.5849,0.0581,-0.7014,0,1,0,0.54573,3
0.4960,4.7785,2.3952,11.9671,-1.1207,0.0143,-0.9919,0,0,1,0.19941,1
0.4526,4.8136,2.5891,11.9513,-2.3055,0.0055,-0.8674,0,1,0,0.54755,3
0.4168,4.5929,2.7031,11.7809,-2.3181,0.0214,-0.6647,0,1,0,0.35650,0
0.4630,4.6676,2.5089,11.3541,-2.4378,0.0060,-0.3452,0,0,0,0.00000,3
0.4219,4.4270,2.6355,12.0271,-2.6111,0.0316,-0.8979,0,1,0,0.70686,3
0.4869,5.0161,2.4833,11.4425,1.7792,0.0335,-0.4883,0,0,0,0.00000,3
0.4287,4.3009,2.5712,11.2888,0.9788,0.0040,-0.2522,0,0,0,0.00000,1
0.4419,4.8254,2.6408,12.5033,2.0516,0.0066,-1.3524,0,1,1,0.95729,1
0.3430,3.7798,2.8496,12.5795,2.6879,0.0268,-1.1097,0,1,0,1.31359,0
0.4288,4.1321,2.5268,12.4463,0.3201,0.0074,-1.2533,0,1,1,1.03745,1
0.4833,4.5030,2.3863,11.4695,-1.8936,0.0279,-0.5004,0,0,0,0.00000,1
0.5006,4.7913,2.3790,11.4238,-2.3122,0.0053,-0.4533,0,0,0,0.00000,1
0.3425,3.7216,2.8328,11.7326,-3.0725,0.2386,-0.7597,0,0,1,0.28392,1
0.3689,3.9809,2.7731,11.2543,2.5960,0.0492,-0.2257,0,0,0,0.00000,3
0.3490,3.7455,2.8051,12.1621,2.9500,0.0264,-0.8195,0,1,0,0.74951,1
0.5130,5.3235,2.4359,11.4932,1.1356,0.0018,-0.5362,0,0,0,0.00000,3
0.3567,3.8257,2.7894,12.1423,-2.8579,0.0240,-0.8212,1,1,0,0.57944,1
0.5058,4.8852,2.3778,11.7503,0.5411,0.0421,-0.8307,0,1,0,0.32264,1
0.5390,5.1748,2.3034,11.2979,-0.6176,0.0317,-0.4054,0,0,0,0.00000,3
0.4347,4.1917,2.5161,11.4599,1.1775,0.0198,-0.4189,0,0,0,0.00000,3
0.4006,4.3172,2.7092,12.7476,2.6120,0.0464,-1.4865,0,1,0,1.52802,1
0.5131,4.7936,2.3301,11.3690,-0.5817,0.0941,-0.5208,0,0,0,0.00000,1
0.5368,5.5743,2.3854,11.4514,0.6338,0.0037,-0.5302,0,0,0,0.00000,3
0.5562,5.4124,2.2803,12.7464,0.6398,0.0072,-2.0351,0,1,1,1.44922,1
0.4233,4.4923,2.6459,11.4421,2.3653,0.0617,-0.4399,0,0,0,0.00000,3
0.4642,4.6682,2.5039,11.4748,-2.1211,0.0642,-0.5240,0,0,0,0.00000,1
0.4164,4.3059,2.6299,12.7857,2.1542,0.0191,-1.5381,0,1,0,1.63434,1
0.4249,4.1940,2.5605,11.3369,0.5427,0.0153,-0.3006,0,0,0,0.00000,1
0.5078,5.2417,2.4415,12.7584,0.8758,0.0175,-1.8737,0,1,1,0.97933,1
0.4189,4.6053,2.6959,12.4051,-2.8224,0.0722,-1.2818,0,0,2,0.96376,3
0.3995,4.2314,2.6910,11.4322,-2.4903,0.1028,-0.4508,0,0,0,0.00000,3
0.3444,3.7758,2.8404,11.4990,2.9656,0.1488,-0.4870,0,0,0,0.00000,3
0.5275,5.2466,2.3621,11.3131,-1.1257,0.0141,-0.3878,0,0,0,0.00000,3
0.4043,4.3983,2.7130,11.3211,-1.9536,0.0887,-0.3516,0,0,0,0.00000,1
0.4241,4.6231,2.6756,11.8389,1.8647,0.0074,-0.7101,0,0,1,0.43496,1
0.4516,4.2358,2.4546,11.6852,1.2378,0.0216,-0.6419,0,0,0,0.00000,3
0.5313,5.1386,2.3268,11.6663,1.4030,0.0642,-0.8201,0,0,0,0.00000,3
0.5094,4.8075,2.3476,11.3897,0.8717,0.0547,-0.4899,0,0,0,0.00000,3
0.3479,3.7732,2.8198,13.3003,2.5530,0.0159,-1.6695,1,1,1,2.13993,1
0.3921,4.0830,2.6852,12.6602,-2.7239,0.0539,-1.3897,0,0,1,1.26709,1
0.3904,4.1193,2.7040,11.2802,-2.6951,0.0940,-0.3128,0,0,0,0.00000,3
0.4256,4.4474,2.6234,12.0147,-1.3446,0.0214,-0.8824,0,1,0,0.59213,1
0.4771,5.0933,2.5423,12.9442,2.8701,0.0415,-1.9883,1,1,1,1.67146,1
0.4581,4.5252,2.4969,11.3585,-2.7594,0.0175,-0.3567,0,0,0,0.00000,3
0.4068,4.2750,2.6674,11.8884,-1.8078,0.0264,-0.7398,0,0,1,0.37600,1
0.4447,4.5974,2.5731,11.5845,2.3160,0.0619,-0.5922,0,1,0,0.21431,3
0.5268,5.1550,2.3474,12.6492,-2.2128,0.0105,-1.8116,1,1,0,1.12885,1
0.5230,5.5651,2.4406,11.3973,-1.1863,0.0343,-0.4928,0,0,0,0.00000,1
0.5043,4.5984,2.3239,11.5508,-0.7028,0.1161,-0.7190,0,0,0,0.00000,1
0.4166,4.1175,2.5782,11.3705,-2.5841,0.0271,-0.3327,0,0,0,0.00000,3
0.5379,5.6848,2.4010,11.8532,2.2786,0.0545,-1.0248,0,0,1,0.57490,1
0.5029,4.9159,2.3957,11.3427,1.5318,0.0205,-0.3962,0,0,0,0.00000,3
0.3969,4.1785,2.6886,11.3884,3.0279,0.0534,-0.3564,0,0,0,0.00000,3
0.5185,5.6131,2.4685,11.3051,-1.8646,0.0248,-0.3838,0,0,0,0.00000,3
0.4910,5.4118,2.5475,12.5445,2.9083,0.0198,-1.5851,0,1,0,1.12209,2
0.4814,4.8309,2.4665,11.2681,1.9905,0.0107,-0.2922,0,0,0,0.00000,3
0.6093,5.7594,2.1384,11.4362,1.2874,0.0224,-0.6385,0,0,0,0.00000,1
0.4374,4.6065,2.6085,11.7504,-2.5559,0.0299,-0.6870,0,1,0,0.45176,3
0.4642,4.9106,2.5589,11.5777,2.4517,0.0665,-0.6221,0,0,0,0.00000,3
0.4314,4.1471,2.5194,11.4340,-2.3970,0.0487,-0.4270,0,0,0,0.00000,1
0.4428,4.4719,2.5512,11.5964,-2.8968,0.0414,-0.5744,0,0,0,0.00000,1
0.5073,4.9337,2.3815,11.3912,0.5758,0.0066,-0.4320,0,0,0,0.00000,3
0.3807,4.0642,2.7371,12.7107,2.3940,0.0171,-1.3328,0,1,0,1.37893,1
0.4663,4.7291,2.5088,11.7335,-1.1027,0.0223,-0.7149,0,1,0,0.51448,1
0.4431,4.3452,2.5184,12.1104,-1.6315,0.0016,-0.9820,1,1,0,0.79434,1
0.4792,5.1840,2.5523,12.0682,2.3361,0.0773,-1.1401,0,0,1,0.72113,3
0.4933,5.2587,2.5064,11.3548,-1.3856,0.0332,-0.4130,0,0,0,0.00000,1
0.3464,3.7342,2.8156,12.4353,-2.7787,0.0326,-1.0218,0,1,0,1.04762,1
0.4537,4.4567,2.4995,12.2289,-2.8716,0.0284,-1.1585,0,0,1,0.83236,1
0.3937,4.0233,2.6599,11.3748,2.0961,0.0013,-0.2826,0,0,0,0.00000,1
0.4739,4.9454,2.5242,11.9414,3.0720,0.0517,-0.9670,0,1,0,0.17403,1
0.4799,5.0427,2.5191,12.2861,1.4810,0.0105,-1.2673,0,1,0,0.60737,1
0.4569,4.9974,2.6115,12.2113,1.4647,0.0395,-1.1688,0,0,2,0.61675,1
0.5355,5.4040,2.3598,12.2873,-1.3054,0.0603,-1.5096,0,0,0,0.00000,1
0.4643,4.7386,2.5195,11.4515,-2.7307,0.0435,-0.4785,0,0,0,0.00000,1
0.6294,6.0210,2.1039,11.6947,0.2610,0.0803,-1.0639,0,0,0,0.00000,1
0.4585,4.9947,2.6038,11.3405,1.9143,0.0035,-0.3266,0,0,0,0.00000,1
0.4782,4.8276,2.4793,12.0113,1.6253,0.0074,-0.9855,0,1,0,0.25886,3
0.5062,5.0955,2.4188,11.2762,-2.1296,0.0270,-0.3435,0,0,0,0.00000,3
0.3599,3.8049,2.7654,11.7730,2.4173,0.1003,-0.6514,0,1,0,0.23021,3
0.3940,4.0945,2.6790,11.8623,-2.7684,0.0450,-0.7161,0,0,1,0.45418,3
0.3838,3.9621,2.6909,12.5459,2.8486,0.0743,-1.2939,0,1,2,1.58043,1
0.4122,4.2462,2.6338,11.4071,-2.0038,0.0363,-0.3682,0,0,0,0.00000,3
0.3877,4.0968,2.7114,12.4752,2.6913,0.0444,-1.2020,0,1,0,1.08229,1
0.5176,5.0525,2.3641,11.9793,0.7269,0.0085,-1.0486,0,0,1,0.36849,1
0.4723,4.8596,2.5120,11.9743,2.9021,0.0345,-0.9723,0,1,1,0.52328,1
0.4596,4.4255,2.4666,11.8175,3.0104,0.0216,-0.7778,0,1,0,0.18820,1
0.4815,5.2871,2.5641,12.2026,1.9736,0.0381,-1.2281,0,1,0,0.84482,3
0.5095,4.9787,2.3821,12.0153,-2.0186,0.0016,-1.0568,0,1,0,0.31536,1
0.3774,3.9722,2.7266,11.5114,-2.4041,0.0036,-0.3686,0,1,0,0.22073,1
0.4472,4.4526,2.5267,11.9862,2.9839,0.0329,-0.9218,0,1,0,0.61632,1
0.4009,4.0275,2.6267,12.2453,2.3812,0.0423,-1.0449,0,1,0,1.10186,1
0.4533,4.9486,2.6172,13.0273,-2.6852,0.0559,-1.9936,1,1,1,1.04776,1
0.3636,3.8022,2.7451,11.7453,-2.3222,0.0535,-0.5798,0,1,0,0.28237,2
0.4378,4.5403,2.5905,11.6142,-1.7711,0.0102,-0.5445,0,1,0,0.25867,1
0.4831,4.5573,2.3992,11.6441,1.6794,0.0167,-0.6519,0,0,0,0.00000,3
0.5251,4.9583,2.3160,12.1529,-0.6766,0.0531,-1.3164,0,1,0,0.85373,1
0.3968,4.0216,2.6446,12.4000,-2.0355,0.0225,-1.1353,0,1,0,0.23423,1
0.3849,3.9680,2.6871,11.3582,-2.5045,0.0069,-0.2677,0,0,0,0.00000,1
0.4890,5.1589,2.5043,11.5056,-3.0187,0.0135,-0.5278,0,0,0,0.00000,3
0.4661,4.6483,2.4908,11.5070,-1.8324,0.0534,-0.5432,0,0,0,0.00000,3
0.4567,4.6303,2.5275,13.0157,-2.1457,0.0158,-1.9255,0,0,2,1.56988,1
0.4537,4.3616,2.4763,11.5787,1.7102,0.0121,-0.5390,0,1,0,0.29382,3
0.4219,4.3254,2.6089,11.4952,2.3663,0.1557,-0.5938,0,0,0,0.00000,1
0.4193,4.5033,2.6677,11.6088,-2.3484,0.1288,-0.6547,0,0,0,0.00000,3
0.4407,4.2210,2.4975,11.4814,1.0120,0.0536,-0.4852,0,0,0,0.00000,1
0.4619,5.0622,2.6036,12.0040,2.2745,0.0380,-0.9818,0,1,0,0.53092,3
0.3697,3.9901,2.7719,13.1240,2.4059,0.0634,-1.7136,1,1,0,1.86651,1
0.5089,5.0939,2.4074,11.3114,-2.2058,0.0440,-0.4004,0,0,0,0.00000,1
0.5433,4.9234,2.2403,11.3614,0.2912,0.0074,-0.4458,0,0,0,0.00000,1
0.3423,3.6827,2.8208,11.4439,-3.0253,0.0686,-0.3542,0,1,0,0.14598,2
0.3748,3.9084,2.7204,12.0938,2.9151,0.0228,-0.8274,0,1,0,0.31335,3
0.3720,3.9453,2.7460,11.3506,-2.3881,0.0537,-0.3027,0,0,0,0.00000,3
0.5257,5.1993,2.3603,11.5368,-1.0735,0.0926,-0.7098,0,0,0,0.00000,3
0.4606,4.9138,2.5760,11.5021,-2.1533,0.0264,-0.4995,0,0,0,0.00000,3
0.4315,4.4704,2.6017,11.4982,2.5849,0.0244,-0.4535,0,1,0,0.20181,3
0.4264,4.5671,2.6501,13.0403,-2.0376,0.0455,-1.8664,0,1,1,0.52409,1
0.4333,4.1859,2.5207,11.4305,2.0549,0.0703,-0.4520,0,0,0,0.00000,1
0.3492,3.8134,2.8261,13.2812,-2.8458,0.1019,-1.8192,0,1,1,2.00393,1
0.4289,4.2955,2.5690,11.5287,-2.3234,0.0665,-0.5255,0,0,0,0.00000,1
0.3510,3.7460,2.7939,11.8551,-2.1721,0.0430,-0.6236,0,1,0,0.29643,1
0.4484,4.8840,2.6246,11.7492,2.9794,0.0618,-0.7465,0,1,0,0.40357,3
0.4176,4.1910,2.5934,11.4390,-2.8581,0.0853,-0.4577,0,0,0,0.00000,1
0.4475,4.5744,2.5551,11.4298,-2.5878,0.0166,-0.4061,0,0,0,0.00000,3
0.4835,4.9731,2.4884,11.5246,2.8111,0.0392,-0.5683,0,0,0,0.00000,1
0.3999,4.2257,2.6874,11.2888,-2.5368,0.0372,-0.2639,0,0,0,0.00000,3
0.5122,5.1946,2.4139,11.4376,-0.6768,0.0573,-0.5456,0,0,0,0.00000,1
0.3680,3.8630,2.7414,12.0122,-2.2227,0.0161,-0.7403,0,1,0,0.83404,1
0.5113,4.7678,2.3319,12.3779,-0.1192,0.0379,-1.4975,0,0,1,0.77240,1
0.4723,4.3980,2.4070,11.2042,2.0317,0.0369,-0.2548,0,0,0,0.00000,1
0.4534,4.2463,2.4493,12.4596,-1.8765,0.0198,-1.3646,0,1,0,1.04436,1
0.4069,4.2334,2.6554,11.9918,-3.1284,0.0465,-0.8522,0,1,0,0.65726,3
0.5217,4.8872,2.3153,12.0224,1.7231,0.0220,-1.1214,0,0,1,0.56223,1
0.4232,4.5938,2.6723,11.5825,2.8948,0.1060,-0.6107,0,0,0,0.00000,1
0.3463,3.7205,2.8112,12.4545,-2.0797,0.0389,-1.0450,0,0,0,0.00000,1
0.4344,4.6525,2.6338,11.9347,-2.3205,0.0531,-0.8738,0,1,0,0.24408,3
0.3894,4.2830,2.7562,13.1223,-3.0086,0.0727,-1.8195,0,0,1,0.97639,1
0.4888,5.0264,2.4775,11.9434,-2.4980,0.0422,-0.9907,0,1,0,0.44211,1
0.3502,3.8083,2.8188,12.4909,-2.2219,0.0352,-1.0794,0,1,1,1.17161,1
0.3504,3.7301,2.7922,11.9241,3.0096,0.0506,-0.6815,0,1,0,0.62848,3
0.4225,4.5898,2.6749,12.1482,2.5944,0.0523,-1.0338,0,1,0,0.65045,3
0.4793,5.1759,2.5503,12.1594,-2.4042,0.0199,-1.1531,0,1,0,0.90409,3
0.4454,4.5500,2.5586,11.8894,1.6046,0.0014,-0.7890,0,1,0,0.44424,1
0.3585,3.7997,2.7710,11.8905,-2.3342,0.0248,-0.6410,0,1,0,0.61678,1
0.3974,4.2927,2.7184,11.3527,3.0196,0.1519,-0.4417,0,0,0,0.00000,1
0.4911,4.4694,2.3479,11.2441,-0.0003,0.0028,-0.2685,0,0,0,0.00000,3
0.5695,5.4763,2.2407,12.2583,-0.0916,0.0172,-1.5143,0,0,3,0.57939,1
0.4543,4.7459,2.5652,11.5111,-2.5534,0.1175,-0.6074,0,0,0,0.00000,1
0.4919,5.3771,2.5368,11.3711,2.9366,0.0096,-0.3997,0,0,0,0.00000,3
0.5812,5.5289,2.2054,11.9376,0.2072,0.0154,-1.1647,0,1,0,0.25959,1
0.4970,5.0826,2.4544,11.4604,-2.9801,0.0208,-0.5038,0,0,0,0.00000,1
0.4092,4.2661,2.6530,12.3973,-2.5172,0.0284,-1.1807,0,0,1,0.89716,1
0.5458,4.9462,2.2353,11.3685,-1.4583,0.0143,-0.4647,0,0,0,0.00000,1
0.3869,4.1589,2.7335,11.4775,-2.0332,0.0151,-0.3688,0,1,0,0.26573,1
0.4014,4.2121,2.6760,11.5033,-1.8433,0.0082,-0.3988,0,0,0,0.00000,1
0.4457,4.5360,2.5536,11.8885,-2.7940,0.0321,-0.8288,0,1,0,0.25829,1
0.5577,5.5036,2.2902,12.1120,0.7332,0.1087,-1.4419,0,0,0,0.00000,1
0.3671,4.0227,2.7955,11.9938,2.9716,0.0312,-0.7444,0,0,1,0.45570,1
0.3501,3.7578,2.8030,12.1402,-2.9490,0.1864,-1.0200,0,1,0,0.60053,1
0.4741,4.4098,2.4024,11.4005,3.0820,0.0056,-0.3980,0,0,0,0.00000,1
0.3315,3.6308,2.8639,13.3406,2.8934,0.0374,-1.6588,0,1,2,1.16208,1
0.5090,5.1436,2.4172,12.0273,-0.5242,0.0083,-1.0786,0,1,0,0.49642,1
0.4559,4.6848,2.5439,12.2699,-3.0708,0.0199,-1.1929,0,1,0,1.07262,1
0.5517,5.0074,2.2246,11.3539,-0.6838,0.0224,-0.4665,0,0,0,0.00000,3
0.5876,5.4729,2.1731,11.9298,0.9954,0.0134,-1.1669,0,1,0,0.24639,1
0.4524,4.4076,2.4933,11.3852,-0.4866,0.0050,-0.3589,0,0,0,0.00000,3
0.3874,3.9776,2.6777,11.5713,1.8153,0.0350,-0.4639,0,0,1,0.18941,1
0.3415,3.7261,2.8402,13.3502,2.2293,0.0425,-1.7267,0,2,1,0.89320,1
0.4200,4.2269,2.5916,11.8497,2.1230,0.0515,-0.7662,0,1,0,0.41913,3
0.4552,4.3541,2.4679,11.3272,2.6027,0.0344,-0.3454,0,0,0,0.00000,1
0.4594,4.5122,2.4882,11.3892,-0.7938,0.0204,-0.3887,0,0,0,0.00000,1
0.4256,4.3378,2.5951,11.4475,1.8086,0.0409,-0.4226,0,0,0,0.00000,3
0.5265,5.3063,2.3775,11.4458,-2.0223,0.0255,-0.5353,0,0,0,0.00000,1
0.4807,4.8757,2.4795,12.0449,1.9824,0.0447,-1.0754,0,0,1,0.61448,3
0.3760,3.9164,2.7167,13.0033,2.8970,0.0654,-1.6424,0,1,0,1.81633,1
0.4628,4.4286,2.4537,11.2901,-2.8087,0.0268,-0.3115,0,0,0,0.00000,1
0.5232,5.2643,2.3826,12.3613,-2.2932,0.0134,-1.4835,0,0,1,1.14431,1
0.4885,5.0533,2.4843,11.2913,-2.1862,0.0217,-0.3338,0,0,0,0.00000,3
0.4498,4.3919,2.5006,11.2674,2.1357,0.0142,-0.2650,0,0,0,0.00000,3
0.5396,5.4732,2.3558,11.3475,1.6711,0.0101,-0.4330,0,0,0,0.00000,3
0.3894,4.0497,2.6888,11.9037,2.2163,0.0134,-0.6994,0,1,0,0.61245,1
0.5124,4.7535,2.3246,11.4432,1.5718,0.0022,-0.4832,0,0,0,0.00000,1
0.4832,4.5868,2.4054,11.2568,1.7015,0.0036,-0.2745,0,0,0,0.00000,3
0.5018,5.3551,2.4893,11.3925,-1.1552,0.0004,-0.4211,0,0,0,0.00000,1
0.3927,4.2231,2.7226,12.3538,1.9406,0.0208,-1.0824,1,1,1,1.09333,1
0.4961,5.4760,2.5381,11.9906,1.9891,0.0688,-1.0928,0,1,0,0.58883,2
0.4810,5.0323,2.5121,11.9167,-1.6690,0.0313,-0.9324,0,1,0,0.62643,3
0.5190,5.3858,2.4232,13.0411,-1.1190,0.0245,-2.2567,0,0,2,1.47316,1
0.5248,4.9358,2.3129,11.4297,0.0516,0.0734,-0.5731,0,0,0,0.00000,1
0.4967,5.0218,2.4430,11.6348,1.3239,0.0539,-0.7141,0,0,0,0.00000,3
0.4495,4.2290,2.4616,12.6575,-1.9184,0.0109,-1.5281,1,1,0,1.07333,1
0.5040,5.1759,2.4441,11.5198,-3.0823,0.0286,-0.5813,0,0,0,0.00000,1
0.4795,4.7259,2.4518,11.4322,-0.0484,0.0186,-0.4503,0,0,0,0.00000,1
0.4478,4.8107,2.6103,11.6730,2.2061,0.1188,-0.7464,0,0,0,0.00000,3
0.4294,4.2036,2.5431,11.3006,-1.0863,0.0739,-0.3422,0,0,0,0.00000,1
0.4769,4.4930,2.4101,11.3308,-1.2411,0.0119,-0.3452,0,0,0,0.00000,3
0.5267,5.1830,2.3533,11.2997,-0.0874,0.0043,-0.3618,0,0,0,0.00000,3
0.4578,4.9802,2.6036,11.3961,-1.8582,0.0343,-0.4105,0,0,0,0.00000,1
0.4161,4.5196,2.6877,12.9767,-2.2052,0.0103,-1.6990,0,1,1,1.47382,1
0.4614,5.0217,2.5965,12.2212,3.0557,0.0122,-1.1532,0,1,0,0.93515,3
0.4378,4.2019,2.5053,11.8091,1.1184,0.0186,-0.7232,0,0,1,0.30434,3
0.4996,5.0760,2.4421,12.3363,-3.0895,0.0007,-1.3633,0,1,0,0.87162,1
0.4995,5.3208,2.4922,11.4498,0.9100,0.0212,-0.4982,0,0,0,0.00000,1
0.4976,4.8510,2.4038,12.3335,0.8508,0.0143,-1.3723,0,1,2,1.28842,1
0.4781,4.9818,2.5136,12.3475,1.1745,0.0137,-1.3278,0,1,0,1.03706,1
0.4795,5.2761,2.5707,11.3277,2.8979,0.0084,-0.3436,0,0,0,0.00000,3
0.4379,4.6505,2.6172,11.5254,2.0317,0.0384,-0.5024,0,0,0,0.00000,3
0.4166,4.0795,2.5678,11.4666,-1.1512,0.0210,-0.4032,0,0,0,0.00000,1
0.4644,4.3164,2.4206,11.4966,-1.6560,0.0294,-0.5013,0,0,0,0.00000,3
0.4098,4.1093,2.6073,11.4088,-2.6351,0.0876,-0.4264,0,0,0,0.00000,1
0.4251,4.1743,2.5545,11.2727,0.3554,0.0087,-0.2409,0,0,0,0.00000,1
0.4392,4.5063,2.5758,11.5822,2.4585,0.0650,-0.5853,0,0,0,0.00000,1
0.3975,4.3471,2.7332,11.4989,2.0562,0.0689,-0.4617,0,0,0,0.00000,1
0.4241,4.5697,2.6617,11.5090,-1.9008,0.0073,-0.4328,0,0,0,0.00000,1
0.4942,4.8223,2.4116,12.6517,2.1055,0.0186,-1.7038,1,1,0,0.58689,1
0.4218,4.3204,2.6080,12.4538,2.9576,0.0461,-1.2973,0,1,0,1.06938,1
0.4861,4.9105,2.4641,12.2221,-0.8630,0.0115,-1.2209,0,0,1,0.56029,1
0.5694,5.4576,2.2378,11.4206,-0.7431,0.0102,-0.5486,0,0,0,0.00000,3
0.3916,4.0882,2.6891,12.6505,3.1382,0.0371,-1.3534,1,1,1,1.18340,1
0.4073,4.1974,2.6437,11.8863,2.3760,0.0202,-0.7309,0,1,0,0.54919,3
0.5581,5.1765,2.2313,11.3977,-1.3296,0.0220,-0.5216,0,0,0,0.00000,1
0.4451,4.5046,2.5487,11.7279,-0.9728,0.0100,-0.6556,0,1,0,0.28471,1
0.4704,5.0522,2.5629,11.3846,1.7477,0.0388,-0.4204,0,0,0,0.00000,3
0.4051,4.2357,2.6649,11.9677,2.2552,0.0303,-0.8067,0,0,0,0.00000,3
0.3799,3.9218,2.6986,11.4383,-2.9696,0.0116,-0.3268,0,0,0,0.00000,1
0.4292,4.1467,2.5289,12.6062,-1.7866,0.0247,-1.4288,1,1,0,0.83213,1
0.3831,4.1336,2.7453,13.2163,2.8917,0.0506,-1.8356,0,1,1,1.70694,1
0.4371,4.2968,2.5325,12.5778,0.5057,0.0103,-1.4077,0,1,0,0.78241,1
0.4715,4.9080,2.5263,12.1867,-1.4193,0.0148,-1.1503,0,0,1,0.72159,1
0.4734,4.7900,2.4918,11.5390,1.7038,0.0262,-0.5507,0,0,0,0.00000,3
0.3554,3.8097,2.7909,12.7155,-3.0660,0.1011,-1.3733,0,1,1,1.31032,1
0.3999,4.0160,2.6282,11.9171,1.2401,0.0113,-0.7287,0,0,2,0.45236,1
0.4599,4.6435,2.5168,12.2432,-1.5722,0.0215,-1.1808,0,0,1,0.67056,1
0.4923,4.9278,2.4418,11.4535,-2.6553,0.0152,-0.4835,0,0,0,0.00000,1
0.4320,4.5663,2.6239,12.0708,1.2309,0.0030,-0.9227,0,1,0,0.62106,1
0.5111,5.3051,2.4402,11.3311,-0.9339,0.0071,-0.3798,0,0,0,0.00000,3
0.4984,4.6055,2.3487,11.4149,-0.2304,0.0141,-0.4516,0,0,0,0.00000,3
0.4253,4.4864,2.6351,11.3018,-3.1324,0.0560,-0.3192,0,0,0,0.00000,3
0.5038,5.3853,2.4867,11.3762,2.3862,0.0023,-0.4102,0,0,0,0.00000,3
0.3384,3.6684,2.8377,13.1853,-2.8884,0.0754,-1.6391,0,1,0,0.15963,1
0.4830,4.5658,2.4016,11.7147,-1.0078,0.0494,-0.7611,0,1,0,0.19312,3
0.4461,4.3110,2.4966,11.2271,2.3287,0.0112,-0.2239,0,0,0,0.00000,3
0.4528,4.4934,2.5121,11.5362,-2.6057,0.0599,-0.5585,0,0,0,0.00000,1
0.4042,4.1607,2.6482,11.3422,-3.1378,0.0200,-0.2896,0,0,0,0.00000,3
0.5477,5.6480,2.3548,11.5585,-0.9292,0.0342,-0.6972,0,0,0,0.00000,3
0.5346,5.4141,2.3651,11.4460,2.3443,0.0032,-0.5201,0,0,0,0.00000,3
0.5465,5.6219,2.3549,12.2159,-0.7544,0.0464,-1.4418,0,0,2,0.87481,1
0.6182,5.8834,2.1248,11.7194,0.4087,0.0987,-1.0962,0,0,0,0.00000,1
0.4949,4.7071,2.3842,11.2808,0.5072,0.0439,-0.3550,0,0,0,0.00000,1
0.3568,3.8925,2.8101,11.4975,-3.1128,0.1859,-0.5446,0,0,0,0.00000,1
0.5120,5.4523,2.4653,11.4251,1.0000,0.0015,-0.4673,0,0,0,0.00000,1
0.4739,4.7902,2.4896,11.4645,-2.4888,0.0055,-0.4578,0,0,0,0.00000,3
0.4853,4.9473,2.4755,11.6435,2.4578,0.0213,-0.6627,0,0,1,0.24449,3
0.4586,4.6829,2.5318,11.3379,-2.2121,0.0386,-0.3640,0,0,0,0.00000,3
0.4343,4.6211,2.6266,11.4759,2.6793,0.0618,-0.4826,0,0,0,0.00000,3
0.3858,4.1633,2.7403,11.9695,2.5265,0.0663,-0.8121,0,0,1,0.52674,3
0.4190,4.3915,2.6398,11.8776,-0.8207,0.0001,-0.7226,0,1,0,0.48574,1
0.3671,3.9290,2.7667,12.0645,2.5380,0.0248,-0.7892,0,1,0,0.76542,1
0.4451,4.6625,2.5871,11.9066,2.2809,0.0612,-0.8821,0,0,1,0.28022,3
0.4145,4.3641,2.6544,12.4350,-2.9592,0.0741,-1.2976,0,0,2,0.88150,1
0.5532,5.1820,2.2508,12.1385,0.4342,0.0611,-1.3901,0,0,1,0.76613,1
0.4594,4.7458,2.5425,12.9461,-2.4821,0.0258,-1.8847,0,0,1,1.55711,1
0.4682,5.0100,2.5632,11.5352,2.5394,0.0344,-0.5504,0,0,0,0.00000,3
0.4843,5.3195,2.5583,13.0014,2.1966,0.0100,-2.0286,1,1,3,1.90320,1
0.4087,4.3050,2.6660,11.9062,-3.0865,0.0091,-0.7365,0,1,0,0.34919,3
0.4259,4.1244,2.5379,11.2657,-3.0429,0.0044,-0.2309,0,0,0,0.00000,3
0.5048,4.7970,2.3635,11.2683,1.4994,0.0097,-0.3134,0,0,0,0.00000,3
0.4114,4.3727,2.6714,12.8676,-2.0854,0.0182,-1.5918,0,0,2,1.74059,1
0.4749,4.5478,2.4310,11.2866,-1.2316,0.0460,-0.3426,0,0,0,0.00000,3
0.3870,3.9782,2.6800,11.8930,-1.7281,0.0270,-0.7032,0,0,1,0.66083,1
0.4119,4.3656,2.6672,12.9564,-2.5825,0.0740,-1.7706,0,0,2,1.59089,1
0.3399,3.6977,2.8391,12.0362,2.4737,0.0606,-0.7521,0,1,0,0.83055,1
0.5551,5.0851,2.2264,11.2762,1.1649,0.0189,-0.3843,0,0,0,0.00000,1
0.4787,4.7059,2.4507,12.5757,2.1182,0.0257,-1.5783,0,1,0,1.01854,1
0.4543,4.3661,2.4751,11.6529,0.8625,0.0522,-0.6562,0,1,0,0.21974,1
0.4010,4.2005,2.6750,11.7985,1.9375,0.0397,-0.6714,0,0,1,0.34716,1
0.4683,5.0350,2.5683,11.7934,1.4108,0.0222,-0.7761,0,1,0,0.17020,1
0.3565,3.9113,2.8179,12.1375,2.1421,0.0408,-0.8396,0,1,0,0.80614,1
0.4462,4.3487,2.5055,11.2710,2.7393,0.0033,-0.2525,0,0,0,0.00000,3
0.4011,4.3275,2.7096,11.9258,-2.9971,0.0040,-0.7303,0,1,0,0.51365,1
0.3741,3.9715,2.7432,12.9329,-2.2426,0.0246,-1.5039,0,1,1,1.67298,1
0.4027,4.1673,2.6574,11.6181,-2.7514,0.0728,-0.5689,0,1,0,0.31494,3
0.5013,5.1202,2.4443,11.5925,-0.6012,0.0107,-0.6268,0,0,0,0.00000,1
0.4678,4.6391,2.4817,12.5211,2.2936,0.0384,-1.5045,0,0,1,1.27367,1
0.5400,5.0344,2.2734,11.9463,-1.8447,0.0072,-1.0633,0,1,0,0.46310,1
0.4985,5.1958,2.4715,11.3609,1.0920,0.0611,-0.4573,0,0,0,0.00000,1
0.4652,4.7672,2.5220,11.7798,-2.4884,0.0646,-0.8101,0,1,0,0.23588,1
0.4672,4.7820,2.5166,11.6441,2.5429,0.0762,-0.7006,0,0,0,0.00000,1
0.4370,4.6956,2.6325,11.4965,-3.0191,0.0078,-0.4403,0,0,0,0.00000,3
0.4986,4.6362,2.3544,11.3941,1.0697,0.0424,-0.4657,0,0,0,0.00000,3
0.4039,4.2329,2.6700,12.2873,2.3992,0.0144,-1.0500,0,0,1,0.95758,3
0.4144,4.1127,2.5871,11.3179,-1.5303,0.0096,-0.2683,0,0,0,0.00000,1
0.5349,5.6693,2.4106,12.9779,-2.4540,0.0030,-2.2182,0,0,1,1.27506,1
0.4358,4.5756,2.6084,13.1523,2.0078,0.0200,-1.9740,1,1,0,1.24226,1
0.4669,4.8381,2.5307,11.2935,-2.6720,0.0231,-0.3154,0,0,0,0.00000,3
0.4679,5.1050,2.5856,13.0090,-2.1820,0.0065,-1.9556,0,1,0,1.78088,1
0.3568,3.9185,2.8185,13.2097,-3.0809,0.0888,-1.7707,1,1,0,0.92461,1
0.4488,4.6708,2.5725,12.6014,2.8324,0.0062,-1.4674,0,0,0,0.00000,1
0.4311,4.3978,2.5854,12.6047,2.2272,0.0105,-1.4129,0,1,0,1.13418,1
0.4970,5.1830,2.4750,12.9063,-0.8664,0.0048,-1.9703,0,1,0,1.71995,1
0.4865,5.3494,2.5548,11.5234,2.9681,0.0991,-0.6446,0,0,0,0.00000,1
0.4166,4.5071,2.6819,11.7231,2.2469,0.0407,-0.6395,0,1,0,0.41699,3
0.3852,4.1897,2.7510,11.5282,2.5896,0.0653,-0.4640,0,0,0,0.00000,3
0.3537,3.7532,2.7819,13.2380,3.0968,0.0534,-1.7170,0,0,1,2.01079,1
0.5409,4.9374,2.2521,12.1241,-1.1365,0.0248,-1.2854,0,1,0,0.66968,1
0.4807,4.5919,2.4167,11.4075,1.4305,0.0097,-0.4179,0,0,0,0.00000,3
0.4554,4.9135,2.5994,11.4255,2.4474,0.0276,-0.4258,0,0,0,0.00000,3
0.4963,5.1348,2.4682,12.6467,1.8904,0.0012,-1.6808,0,1,1,0.59954,1
0.4361,4.5293,2.5954,11.9112,-2.9413,0.0814,-0.8930,0,0,1,0.57327,1
0.5616,5.1269,2.2095,11.7925,-0.9112,0.0618,-1.0143,0,0,1,0.18141,1
0.4933,5.1973,2.4937,12.0096,2.9308,0.0268,-1.0482,0,0,1,0.36940,1
0.4667,4.3725,2.4241,11.3854,0.5166,0.0500,-0.4281,0,0,0,0.00000,1
0.4936,5.3618,2.5262,11.6263,-2.3189,0.0167,-0.6560,0,0,0,0.00000,3
0.3524,3.8216,2.8112,13.2834,2.8684,0.1051,-1.8439,1,1,0,0.69083,1
0.5718,5.6343,2.2581,11.5055,1.7580,0.0174,-0.6558,0,0,0,0.00000,1
0.4286,4.1704,2.5375,11.3284,-3.1173,0.0260,-0.3095,0,0,0,0.00000,1
0.3852,4.1874,2.7501,12.8992,-3.0895,0.0685,-1.5942,0,1,0,1.84681,1
0.3648,3.8268,2.7464,11.6064,-2.3452,0.0546,-0.4813,0,1,0,0.27976,3
0.4247,4.4547,2.6298,13.1650,3.0290,0.0379,-1.9662,0,1,0,1.64751,1
0.5078,4.6440,2.3200,11.3728,-0.2914,0.0040,-0.4102,0,0,0,0.00000,3
0.3832,3.9675,2.6954,12.6234,-2.6622,0.0235,-1.2790,0,1,2,1.13105,1
0.3893,4.1965,2.7319,12.0674,2.8309,0.0982,-0.9418,0,0,1,0.54487,3
0.4454,4.4171,2.5260,12.0010,-2.2557,0.0293,-0.9262,0,0,1,0.53378,3
0.4700,4.6962,2.4851,11.4137,-1.0079,0.0206,-0.4240,0,0,0,0.00000,1
0.4474,4.8363,2.6179,12.1020,2.4026,0.0589,-1.0659,1,1,1,0.82548,3
0.4430,4.6859,2.6024,11.3427,-1.9855,0.0996,-0.4220,0,0,0,0.00000,3
0.4868,4.9912,2.4782,12.0290,3.0002,0.0327,-1.0589,0,1,0,0.57560,1
0.4823,4.9235,2.4830,11.9140,1.1429,0.0461,-0.9517,0,0,1,0.55614,1
0.3737,3.8696,2.7139,11.3023,2.1978,0.0242,-0.2360,0,0,0,0.00000,1
0.4289,4.6941,2.6706,12.5531,-2.7360,0.0893,-1.4777,0,0,1,1.15213,1
0.5067,5.3802,2.4733,12.2568,2.6668,0.0148,-1.3241,0,0,1,1.10139,3
0.4500,4.3536,2.4905,11.2621,1.1921,0.0275,-0.2758,0,0,0,0.00000,3
0.4561,4.4973,2.4987,12.3357,-1.1520,0.0080,-1.2378,0,0,1,0.83087,1
0.4278,4.5994,2.6518,11.8117,1.6963,0.0178,-0.7070,0,1,0,0.24308,1
0.3597,3.9411,2.8102,11.5800,-3.0396,0.1897,-0.6142,0,0,0,0.00000,1
0.4108,4.1434,2.6122,12.3376,2.2273,0.0159,-1.1147,0,1,0,0.39792,1
0.4885,4.8378,2.4385,11.5089,-1.7226,0.0181,-0.5343,0,0,0,0.00000,3
0.3759,4.1496,2.7875,12.3971,2.6565,0.0813,-1.1527,0,0,1,1.10713,2
0.5482,5.0356,2.2429,12.3781,-0.1586,0.0513,-1.6383,0,0,1,0.76522,1
0.3523,3.7411,2.7852,12.1389,-2.7695,0.0801,-0.8828,1,1,0,0.47651,3
0.4173,4.1541,2.5849,11.3553,1.1116,0.0044,-0.2950,0,0,0,0.00000,1
0.6040,5.8957,2.1785,11.5472,-0.9913,0.0012,-0.7354,0,0,0,0.00000,1
0.4576,4.4157,2.4726,11.4199,2.2224,0.0184,-0.4111,0,0,0,0.00000,3
0.4029,4.1071,2.6397,12.1004,-2.8697,0.0317,-0.9136,0,0,1,0.61120,3
0.4446,4.6437,2.5849,13.0579,2.2270,0.0103,-1.9038,0,0,1,1.68030,1
0.3921,3.9955,2.6599,11.3946,2.2997,0.0621,-0.3658,0,0,0,0.00000,3
0.4524,4.6046,2.5402,12.0095,0.6713,0.0029,-0.9159,0,1,0,0.77287,1
0.4663,5.0914,2.5898,12.9211,3.0646,0.0315,-1.8999,0,1,2,1.75225,1
0.4613,4.3364,2.4380,11.2455,1.7424,0.0421,-0.2880,0,0,0,0.00000,3
0.5636,5.8100,2.3192,11.5579,0.1657,0.0131,-0.6968,0,0,0,0.00000,3
0.4402,4.4171,2.5490,11.9336,-1.1695,0.0033,-0.8193,0,0,1,0.31178,1
0.3718,3.8526,2.7183,11.9564,2.4830,0.0153,-0.7053,0,1,0,0.48376,1
0.4935,5.3310,2.5204,11.4793,-1.9953,0.0166,-0.5132,0,0,0,0.00000,3
0.4271,4.2770,2.5724,11.8509,-2.8123,0.0393,-0.7657,0,0,1,0.21950,1
0.3947,4.2669,2.7246,11.4867,2.5563,0.1387,-0.5300,0,0,0,0.00000,3
0.4964,5.2896,2.4992,11.3388,-1.8730,0.0684,-0.4422,0,0,0,0.00000,3
0.4313,4.3521,2.5728,11.4892,-2.2541,0.0148,-0.4338,0,0,0,0.00000,3
0.4220,4.2389,2.5860,12.2407,-2.4098,0.0581,-1.1225,0,0,1,1.01325,1
0.3735,3.9663,2.7449,11.6248,2.7835,0.0119,-0.4564,0,0,1,0.20837,1
0.5726,5.4556,2.2254,11.8887,-0.3705,0.0075,-1.0767,0,1,0,0.36416,1
0.4003,4.2638,2.6959,11.2651,2.5706,0.0194,-0.2261,0,0,0,0.00000,1
0.4842,4.6300,2.4110,11.9126,-0.7864,0.0359,-0.9395,0,0,1,0.67588,1
0.4650,4.7046,2.5085,12.2052,-1.6018,0.0206,-1.1575,0,0,3,1.65409,1
0.4482,4.4977,2.5334,12.2096,-1.7250,0.0064,-1.0942,0,1,1,0.66030,1
0.4081,4.0639,2.6030,11.9002,3.0898,0.0392,-0.7681,0,0,1,0.26703,1
0.3630,3.9709,2.8017,13.1256,-2.8569,0.0186,-1.6044,0,0,1,1.98621,1
0.3856,4.1462,2.7364,12.0378,2.7354,0.0804,-0.8851,0,1,0,0.60841,3
0.3442,3.7167,2.8214,11.8669,2.3967,0.1005,-0.6907,0,0,1,0.50997,3
0.4531,4.7877,2.5808,12.0187,-2.8151,0.0832,-1.0340,0,0,1,0.58274,1
0.5547,5.6186,2.3219,11.3816,2.1695,0.0206,-0.5006,0,0,0,0.00000,1
0.4752,4.5166,2.4223,12.2723,-3.0021,0.0041,-1.2262,0,1,0,0.54993,1
0.5323,4.9131,2.2797,11.5168,-0.0501,0.0162,-0.6032,0,0,0,0.00000,3
0.4045,4.0379,2.6126,11.2839,-3.0809,0.0048,-0.2272,0,0,0,0.00000,3
0.3545,3.9095,2.8285,12.7981,2.7962,0.0948,-1.4255,0,1,0,1.55502,0
0.4445,4.5655,2.5665,12.1988,3.1234,0.0058,-1.0738,0,1,0,0.85332,3
0.4099,4.3016,2.6595,11.7058,1.6001,0.0564,-0.6325,0,0,1,0.40522,1
0.4220,4.4673,2.6458,11.7615,-2.7339,0.0518,-0.6953,0,0,1,0.33657,3
0.4104,4.1437,2.6143,12.1953,1.3991,0.0263,-1.0059,0,1,1,0.71752,1
0.4466,4.3669,2.5083,11.4697,3.1343,0.0374,-0.4638,0,0,0,0.00000,1
0.5087,5.5447,2.4973,11.5289,1.2739,0.0021,-0.5668,0,0,0,0.00000,1
0.4344,4.7355,2.6544,11.7738,2.8343,0.1129,-0.8059,0,0,1,0.19707,1
0.4234,4.5574,2.6622,12.0220,1.8162,0.0020,-0.8583,0,1,0,0.66736,1
0.3352,3.6693,2.8564,11.4927,-3.0825,0.0316,-0.3363,0,1,0,0.15946,1
0.4867,4.5300,2.3787,11.9394,2.0052,0.0295,-0.9622,0,0,1,0.63112,1
0.3732,4.0313,2.7658,11.3170,-2.7507,0.0619,-0.2888,0,0,0,0.00000,3
0.3947,4.2163,2.7107,11.8431,2.9472,0.0128,-0.6616,0,0,1,0.52203,1
0.3600,3.8009,2.7636,12.2232,2.4816,0.0538,-0.9310,0,1,0,0.87433,3
0.3554,3.9007,2.8204,12.2652,-2.3825,0.0658,-0.9667,0,1,0,1.12436,3
0.4149,4.0742,2.5742,11.5115,-2.1413,0.0172,-0.4328,0,0,1,0.17747,3
0.3810,4.1287,2.7549,13.0859,3.1255,0.0469,-1.7032,0,1,1,2.01094,1
0.4328,4.1577,2.5159,11.9444,2.4002,0.0120,-0.8229,0,1,0,0.58750,1
0.4457,4.6137,2.5728,12.6520,2.6047,0.0166,-1.5209,0,1,0,0.86585,1
0.4893,4.4946,2.3603,12.2851,0.8202,0.0165,-1.2980,0,1,1,0.92389,1
0.4222,4.5540,2.6672,12.0942,2.3020,0.0787,-1.0206,0,1,0,0.77292,3
0.4652,4.6665,2.4991,12.2186,-2.0954,0.0098,-1.1552,0,1,0,0.78152,1
0.4450,4.5451,2.5591,11.4848,-1.7225,0.0148,-0.4484,0,0,0,0.00000,3
0.5968,5.6625,2.1693,11.3997,0.0033,0.0282,-0.5851,0,0,0,0.00000,3
0.4157,4.2834,2.6272,11.4328,-2.8742,0.0286,-0.3842,0,0,0,0.00000,3
0.4425,4.1967,2.4836,12.1448,0.5240,0.0155,-1.0301,0,0,1,0.85630,1
0.5274,5.2844,2.3696,11.7475,0.4184,0.0169,-0.8390,0,0,1,0.19686,1
0.3847,3.9158,2.6728,11.6782,-2.4528,0.0499,-0.5599,0,0,1,0.20180,3
0.4569,4.9565,2.6021,11.7552,1.9868,0.0573,-0.7626,0,1,0,0.48415,3
0.3494,3.7452,2.8025,11.7869,1.8909,0.0625,-0.5960,0,1,0,0.29694,1
0.3887,3.9440,2.6613,11.6280,-2.4095,0.1351,-0.6308,0,1,0,0.23262,1
0.5152,5.4016,2.4418,13.0187,1.2209,0.0128,-2.1924,0,1,1,0.82292,1
0.5596,5.2043,2.2306,11.3309,0.8555,0.0132,-0.4413,0,0,0,0.00000,1
0.3989,4.1427,2.6690,11.7859,-2.9476,0.0488,-0.6687,1,0,1,0.51730,3
0.5058,4.6686,2.3329,11.6434,-0.4383,0.0420,-0.7215,0,1,0,0.22776,1
0.5044,5.4206,2.4914,12.0682,-2.0497,0.0178,-1.1246,0,0,1,0.32234,3
0.4254,4.3463,2.5985,11.3525,-2.2452,0.0413,-0.3440,0,0,0,0.00000,3
0.4753,4.6737,2.4574,11.4003,2.1322,0.0267,-0.4252,0,0,0,0.00000,3
0.4497,4.9406,2.6317,13.0547,2.5496,0.0394,-1.9768,0,1,0,1.81335,1
0.4818,5.2458,2.5541,13.1478,-2.9607,0.0009,-2.1578,0,1,0,0.22335,1
0.4857,4.5492,2.3870,12.3815,1.0587,0.0058,-1.3696,0,0,1,0.80740,1
0.4356,4.5730,2.6089,12.6571,3.0977,0.0405,-1.5263,0,1,0,1.29341,1
0.4913,4.7554,2.4092,11.2111,-2.9755,0.0099,-0.2472,0,0,0,0.00000,1
0.5273,5.0980,2.3346,11.5103,-1.8313,0.0271,-0.6037,0,0,0,0.00000,1
0.6069,5.6355,2.1284,11.5773,-0.4451,0.0401,-0.8234,0,0,1,0.23119,3
0.4306,4.3356,2.5715,11.3900,2.1602,0.0387,-0.3779,0,0,0,0.00000,3
0.3700,3.9665,2.7629,11.6136,-2.3837,0.0537,-0.4931,0,0,1,0.24552,3
0.4905,5.0382,2.4725,11.3746,-0.3062,0.0060,-0.3961,0,0,0,0.00000,1
0.4626,5.0425,2.5957,12.3870,2.5459,0.0399,-1.3575,0,1,0,1.00820,3
0.3633,3.9632,2.7976,13.2735,2.4784,0.0113,-1.7152,1,1,0,1.82966,1
0.3871,4.0582,2.7028,12.0156,2.7012,0.0565,-0.8394,0,0,0,0.00000,3
0.4757,4.3851,2.3902,12.5001,0.8088,0.0211,-1.4811,0,0,1,0.83206,1
0.4230,4.1103,2.5468,12.7538,2.2951,0.0229,-1.5401,0,1,1,1.34339,1
0.4149,4.1363,2.5909,11.3556,2.0343,0.0069,-0.2958,0,0,0,0.00000,3
0.4835,4.6614,2.4208,11.2744,-1.7146,0.0261,-0.3171,0,0,0,0.00000,3
0.4887,5.2524,2.5251,11.3697,1.7595,0.0447,-0.4353,0,0,0,0.00000,3
0.4733,4.9567,2.5291,11.3262,1.6179,0.0396,-0.3708,0,0,0,0.00000,3
0.4408,4.4346,2.5505,12.0427,-0.7321,0.0054,-0.9211,0,0,1,0.77573,1
0.4269,4.1920,2.5509,12.8121,-2.0209,0.0026,-1.5756,0,1,1,0.85772,1
0.3741,4.0590,2.7699,12.3764,2.7392,0.0998,-1.1567,0,1,2,0.93968,3
0.4510,4.4986,2.5213,11.4259,0.6859,0.0251,-0.4166,0,0,0,0.00000,1
0.4532,4.8776,2.6012,12.7325,-1.6532,0.0138,-1.6249,1,1,0,1.33310,1
0.4780,5.2750,2.5771,11.4888,2.1220,0.1311,-0.6368,0,0,0,0.00000,2
0.4463,4.6632,2.5817,11.4370,-2.5135,0.0564,-0.4580,0,0,0,0.00000,3
0.3914,4.0284,2.6730,12.0545,-0.3876,0.0000,-0.8058,0,1,0,0.68479,1
0.4707,4.6093,2.4624,12.8180,-2.2619,0.0221,-1.7923,1,1,1,1.41484,1
0.5301,5.3612,2.3735,11.3299,-0.2054,0.0191,-0.4142,0,0,0,0.00000,1
0.5601,5.5031,2.2808,11.5113,1.8591,0.0243,-0.6522,0,0,0,0.00000,1
0.5031,5.3337,2.4798,11.5221,1.4835,0.0730,-0.6366,0,0,0,0.00000,3
0.4001,4.0812,2.6458,12.2915,2.9412,0.0151,-1.0432,0,0,1,0.90095,1
0.4472,4.2642,2.4804,11.3273,2.9424,0.0128,-0.3119,0,0,0,0.00000,1
0.4461,4.2133,2.4724,11.7628,-2.0194,0.0310,-0.7136,0,1,0,0.18680,1
0.5640,5.1490,2.2047,11.8188,0.5639,0.0688,-1.0589,0,0,1,0.32190,1
0.3863,4.1787,2.7419,11.5492,1.7361,0.0618,-0.4775,0,0,0,0.00000,1
0.3579,3.8219,2.7818,11.4227,2.6257,0.2676,-0.5852,0,0,0,0.00000,1
0.4828,5.2479,2.5498,11.6309,-2.8426,0.1098,-0.7564,0,0,0,0.00000,1
0.4840,4.5377,2.3914,11.2492,-0.2758,0.0004,-0.2643,0,0,0,0.00000,3
0.5215,5.0265,2.3437,11.6871,0.6935,0.0715,-0.8333,0,0,0,0.00000,1
0.3707,3.9234,2.7462,12.7013,2.9723,0.0024,-1.2648,0,1,1,1.54191,1
0.4289,4.3131,2.5737,12.5347,2.8895,0.0080,-1.3363,0,0,1,1.15065,1
0.4298,4.2507,2.5535,11.3348,-2.4613,0.0458,-0.3389,0,0,0,0.00000,1
0.4724,4.9726,2.5367,12.2291,-2.9438,0.0213,-1.2038,0,0,2,0.89900,3
0.3845,3.9183,2.6745,12.0813,2.7411,0.0204,-0.8376,0,1,0,0.63203,3
0.3742,4.0647,2.7711,11.9633,2.2924,0.0485,-0.7588,0,0,1,0.65175,1
0.5489,5.6812,2.3557,11.3587,-1.7122,0.0474,-0.5010,0,0,0,0.00000,3
0.4718,5.0111,2.5478,11.3953,1.6309,0.0363,-0.4286,0,0,0,0.00000,3
0.4606,4.7106,2.5291,11.3266,2.3745,0.0283,-0.3442,0,0,0,0.00000,3
0.3754,3.9962,2.7440,11.4580,2.5966,0.0842,-0.4204,0,0,0,0.00000,3
0.4118,4.3658,2.6678,12.4959,-2.9265,0.0275,-1.2743,0,1,0,1.27558,1
0.4227,4.6049,2.6774,11.3152,-3.0017,0.0051,-0.2701,0,0,0,0.00000,1
0.5107,5.1355,2.4084,11.3479,0.9825,0.0025,-0.3898,0,0,0,0.00000,3
0.4918,5.1051,2.4811,12.6539,2.4409,0.0222,-1.7053,0,0,1,1.20798,1
0.4078,4.0893,2.6111,11.4855,-1.8304,0.0447,-0.4356,0,1,0,0.25097,3
0.4204,4.5985,2.6868,11.8774,-2.7536,0.1004,-0.8536,0,0,1,0.31727,3
0.3810,4.1276,2.7542,11.9434,2.4094,0.0715,-0.7877,0,1,1,0.45422,3
0.5014,4.6754,2.3516,11.3157,-0.0391,0.0349,-0.3845,0,0,0,0.00000,1
0.4184,4.1684,2.5835,11.4674,-2.2676,0.0577,-0.4496,0,0,0,0.00000,3
0.4997,5.2843,2.4843,11.4971,-1.3838,0.0589,-0.5896,0,0,0,0.00000,1
0.4167,4.0937,2.5714,11.2901,-2.1743,0.0980,-0.3490,0,0,0,0.00000,1
0.3819,4.1207,2.7478,11.9689,2.4028,0.0660,-0.8027,0,0,1,0.41479,3
0.4942,5.0933,2.4684,11.3325,-2.1192,0.0213,-0.3784,0,0,0,0.00000,3
0.4403,4.4642,2.5603,11.6827,2.2635,0.0717,-0.6840,0,1,0,0.28868,1
0.4302,4.5887,2.6380,11.4020,3.0232,0.1080,-0.4683,0,0,0,0.00000,1
0.5401,5.3957,2.3400,11.4562,1.8930,0.0095,-0.5457,0,0,0,0.00000,3
0.3368,3.7010,2.8579,11.5175,2.5931,0.0620,-0.3898,0,1,0,0.30080,1
0.3854,4.0811,2.7181,11.4050,2.6860,0.0882,-0.3966,0,0,0,0.00000,3
0.4601,4.5404,2.4918,11.3705,3.0057,0.0044,-0.3543,0,0,0,0.00000,3
0.3480,3.7288,2.8045,13.0154,-2.7895,0.0691,-1.5350,0,1,0,1.40720,1
0.4307,4.4059,2.5891,11.4340,-2.1880,0.0809,-0.4644,0,0,0,0.00000,3
0.4283,4.4769,2.6186,12.2252,-2.8622,0.0686,-1.1411,0,0,1,0.35534,1
0.4147,4.2632,2.6264,11.4009,-1.9790,0.0494,-0.3813,0,0,0,0.00000,3
0.5038,5.1034,2.4302,11.5034,2.8461,0.0113,-0.5437,0,0,0,0.00000,3
0.4828,4.3855,2.3619,11.8817,-1.3379,0.0374,-0.9068,1,1,1,0.75731,1
0.5180,4.7524,2.3027,11.6805,-0.3629,0.0036,-0.7315,0,0,1,0.26913,1
0.3471,3.8226,2.8412,11.8367,2.8855,0.0743,-0.6418,0,1,0,0.46895,2
0.6106,5.5783,2.1067,12.1201,0.6506,0.0440,-1.5035,0,0,0,0.00000,1
0.4820,4.8930,2.4776,12.9641,1.8695,0.0023,-1.9606,0,0,1,1.60505,1
0.4786,4.4821,2.4006,11.9473,-0.8758,0.0339,-0.9577,0,0,0,0.00000,1
0.3806,4.1275,2.7566,11.3577,-2.3989,0.1250,-0.3974,0,0,0,0.00000,3
0.4377,4.1813,2.5004,11.7660,-1.0437,0.0302,-0.7000,0,0,1,0.40686,1
0.4815,4.8556,2.4718,12.1896,-0.4235,0.0179,-1.1843,0,0,1,0.83449,1
0.4600,4.7495,2.5408,12.9787,-2.0368,0.0111,-1.8947,0,1,1,1.63503,1
0.3931,4.2017,2.7140,11.3654,-3.0697,0.0039,-0.2783,0,0,0,0.00000,1
0.5976,6.0043,2.2188,11.6716,0.2062,0.0505,-0.9352,0,0,0,0.00000,1
0.5419,5.4881,2.3495,11.3768,-1.0893,0.0527,-0.5169,0,0,0,0.00000,3
0.4306,4.1698,2.5289,11.7689,0.3177,0.0076,-0.6606,0,0,1,0.46149,1
0.3774,4.0390,2.7466,11.3543,1.8390,0.0441,-0.2999,0,0,0,0.00000,1
0.3870,3.9837,2.6816,11.3125,-2.2256,0.0301,-0.2620,0,0,0,0.00000,3
0.5290,5.1200,2.3322,11.4460,1.9706,0.0246,-0.5369,0,0,0,0.00000,1
0.3715,3.8501,2.7190,11.3362,2.1342,0.0066,-0.2385,0,0,0,0.00000,1
0.5114,4.6249,2.3019,11.3578,-0.9411,0.0304,-0.4311,0,0,0,0.00000,3
0.5392,4.9654,2.2635,11.3975,0.8381,0.0441,-0.5229,0,0,0,0.00000,3
0.4507,4.2341,2.4578,11.3683,-0.1163,0.0207,-0.3601,0,0,0,0.00000,1
0.4510,4.4539,2.5104,12.4500,-0.2508,0.0051,-1.3264,1,1,1,1.28532,1
0.3913,3.9516,2.6511,11.4878,2.4769,0.1145,-0.4985,0,0,0,0.00000,1
0.3656,3.8915,2.7630,12.6103,2.9434,0.0688,-1.2750,0,1,0,1.21594,1
0.4495,4.9030,2.6241,12.5753,-2.2096,0.0117,-1.4548,0,0,1,1.28628,1
0.4085,4.0909,2.6083,12.7643,1.5970,0.0067,-1.4670,1,1,1,1.34198,1
0.4800,5.0837,2.5272,11.5742,3.0890,0.0731,-0.6518,0,0,0,0.00000,1
0.4655,4.4551,2.4486,11.2505,2.4949,0.0030,-0.2518,0,0,0,0.00000,3
0.3485,3.7587,2.8118,12.3248,-2.6684,0.0508,-0.9716,0,0,0,0.00000,3
0.4091,4.4126,2.6933,11.8834,2.0650,0.0048,-0.7135,0,1,0,0.18436,1
0.4551,4.5653,2.5194,11.4842,-1.0592,0.0225,-0.4703,0,0,0,0.00000,1
0.4319,4.5942,2.6311,11.7177,1.7332,0.0219,-0.6387,0,1,0,0.22368,1
0.3648,3.9171,2.7749,11.7741,3.0308,0.0723,-0.6265,0,1,0,0.45105,3
0.3768,3.9963,2.7366,11.4330,-2.6889,0.0509,-0.3651,0,0,0,0.00000,3
0.4645,4.3331,2.4241,11.3958,-3.0711,0.0147,-0.3930,0,0,0,0.00000,1
0.3546,3.8164,2.7978,11.8797,2.9502,0.0949,-0.7136,0,0,1,0.31997,3
0.4464,4.8466,2.6251,11.3275,-2.4931,0.0377,-0.3415,0,0,0,0.00000,3
0.3770,4.1432,2.7800,11.3102,-3.0005,0.0111,-0.2302,0,0,0,0.00000,1
0.3680,4.0386,2.7958,11.4303,3.0277,0.1172,-0.4291,0,0,0,0.00000,3
0.4605,4.4754,2.4746,12.0775,0.8632,0.0210,-1.0224,0,0,2,0.62962,1
0.3986,4.3955,2.7410,11.8931,2.6803,0.0324,-0.7348,0,1,0,0.34997,2
0.4691,4.7456,2.5001,11.4195,2.8283,0.0327,-0.4427,0,0,0,0.00000,1
0.3910,4.1596,2.7126,11.4271,2.0868,0.0539,-0.3804,0,0,0,0.00000,1
0.4031,4.1967,2.6638,13.1165,-2.3417,0.0134,-1.7730,1,1,1,1.05637,1
0.4265,4.6672,2.6752,11.4322,-2.3236,0.0226,-0.3903,0,0,0,0.00000,1
0.4019,4.2502,2.6842,11.8602,-2.8495,0.0778,-0.7721,0,1,0,0.16803,3
0.5452,5.6511,2.3651,12.0650,1.5139,0.0327,-1.2478,0,1,0,0.57281,3
0.5182,4.8240,2.3162,11.4523,1.5906,0.0382,-0.5441,0,0,0,0.00000,1
0.5038,4.6558,2.3381,11.9323,1.2987,0.0443,-1.0144,0,0,1,0.37345,1
0.5035,4.5845,2.3241,12.3380,1.4990,0.0219,-1.4042,0,0,1,0.80204,1
0.5253,5.1239,2.3475,11.5021,2.1047,0.0131,-0.5753,0,0,0,0.00000,1
0.4934,5.1663,2.4869,11.3359,0.2170,0.0042,-0.3611,0,0,0,0.00000,1
0.3609,3.8833,2.7850,13.2300,-3.0119,0.0113,-1.6678,0,1,1,2.04474,1
0.4927,4.9407,2.4430,11.3164,1.9927,0.0313,-0.3725,0,0,0,0.00000,3
0.4092,4.0671,2.5984,11.9507,1.3597,0.0149,-0.7809,0,0,1,0.66744,1
0.4466,4.6886,2.5866,13.0558,2.5985,0.0422,-1.9684,0,1,0,1.74996,1
0.4667,4.4931,2.4523,12.2089,1.7223,0.0126,-1.1528,0,0,1,0.57407,1
0.4147,4.5789,2.7100,13.2480,2.3592,0.0082,-1.9426,0,1,1,1.71738,0
0.4272,4.2531,2.5655,11.6992,-1.6115,0.0261,-0.6187,0,1,0,0.36273,3
0.4243,4.4238,2.6237,12.7031,1.3135,0.0157,-1.4876,0,1,0,0.99549,1
0.4245,4.5941,2.6660,11.8884,-2.2477,0.0633,-0.8246,0,1,0,0.44984,3
0.3677,4.0320,2.7952,11.7192,-2.5656,0.0762,-0.5952,0,1,0,0.33727,3
0.4304,4.4048,2.5903,12.9553,1.8191,0.0143,-1.7467,1,2,0,1.57686,1
0.3675,3.8606,2.7432,11.5212,2.5003,0.0856,-0.4591,0,0,0,0.00000,3
0.4678,4.6079,2.4742,12.8156,3.1092,0.0078,-1.7536,1,1,0,1.43747,1
0.4227,4.3347,2.6079,11.3976,1.0286,0.0071,-0.3386,0,0,0,0.00000,1
0.4063,4.1189,2.6266,11.5578,1.5094,0.0137,-0.4545,0,0,0,0.00000,1
0.4597,4.9005,2.5769,11.4519,2.6977,0.0440,-0.4739,0,0,0,0.00000,3
0.4645,4.4096,2.4423,11.3590,-1.8180,0.0170,-0.3631,0,0,0,0.00000,3
0.4933,4.5639,2.3599,12.1289,-0.1071,0.0118,-1.1435,0,1,0,0.78593,1
0.3679,3.9381,2.7653,11.5276,-2.6833,0.0585,-0.4325,0,1,0,0.34436,3
0.5013,4.8515,2.3890,11.3662,0.9608,0.0193,-0.4154,0,0,0,0.00000,3
0.4392,4.6728,2.6166,11.8291,3.0888,0.1061,-0.8569,0,0,1,0.29459,1
0.3854,4.0971,2.7226,11.5250,-2.7770,0.1284,-0.5361,0,0,0,0.00000,1
0.5728,5.6961,2.2645,11.5491,-0.0355,0.0340,-0.7272,0,0,0,0.00000,1
0.4296,4.5566,2.6326,11.2889,-1.8974,0.0190,-0.2707,0,0,0,0.00000,1
0.4396,4.2192,2.5016,11.9320,1.1102,0.0318,-0.8534,0,0,1,0.64863,1
0.4508,4.7009,2.5704,11.3618,0.8873,0.0136,-0.3478,0,0,0,0.00000,1
0.3741,4.1070,2.7843,11.7398,-2.1680,0.0734,-0.6183,0,1,0,0.26574,1
0.3865,3.9966,2.6876,12.8404,-2.3974,0.0001,-1.4361,0,0,1,1.44039,1
0.4616,4.9165,2.5719,12.1991,2.5027,0.0460,-1.1789,0,1,0,0.93886,3
0.4391,4.2568,2.5136,11.4008,2.1126,0.0156,-0.3692,0,0,0,0.00000,3
0.4486,4.6805,2.5754,11.4809,-2.2230,0.0232,-0.4602,0,0,0,0.00000,3
0.4558,5.0208,2.6219,11.4848,-2.2580,0.0769,-0.5375,0,0,0,0.00000,2
0.4880,5.3879,2.5561,11.3721,-1.5039,0.0372,-0.4282,0,0,0,0.00000,0
0.5908,5.4980,2.1653,11.7809,0.8884,0.0438,-1.0393,0,0,1,0.30678,1
0.4594,4.4720,2.4785,11.4791,0.1564,0.0192,-0.4673,0,0,0,0.00000,1
0.4820,4.6153,2.4168,12.6344,1.5148,0.0140,-1.6313,0,0,1,1.26786,1
0.4785,5.2411,2.5674,12.1228,2.6490,0.0863,-1.2058,0,0,1,0.48287,1
0.4035,4.0836,2.6299,11.3332,1.3137,0.0043,-0.2640,0,0,0,0.00000,1
0.3955,4.0005,2.6447,12.4271,1.9966,0.0072,-1.1313,0,1,0,1.17339,1
0.4492,4.5032,2.5302,11.8290,-1.2723,0.0141,-0.7586,0,1,0,0.30166,1
0.4804,4.4240,2.3803,11.9392,0.5703,0.0471,-0.9714,0,1,0,0.69258,1
0.5829,5.6685,2.2219,12.0044,2.7712,0.0004,-1.2281,0,0,1,0.39013,1
0.3648,3.9092,2.7725,11.8770,2.4416,0.0552,-0.6821,0,1,0,0.66300,3
0.3818,3.9867,2.7087,13.1423,2.9480,0.0166,-1.7024,0,0,3,0.60186,1
0.4572,4.6534,2.5306,11.5327,-2.1447,0.0702,-0.5745,0,0,1,0.20012,3
0.6394,5.7783,2.0344,11.8861,-0.5198,0.0796,-1.3295,0,0,1,0.47571,1
0.3462,3.8176,2.8440,12.7250,-3.0495,0.0167,-1.2153,1,1,0,1.14245,0
0.3989,4.0773,2.6503,11.8978,2.2228,0.0763,-0.7952,0,0,1,0.46361,3
0.4117,4.1626,2.6130,11.6504,-2.4148,0.0104,-0.5333,0,1,0,0.33747,3
0.3991,4.1380,2.6667,12.2020,-2.8259,0.0568,-1.0237,0,1,0,0.90418,3
0.4893,4.5699,2.3770,11.5035,-1.4316,0.0303,-0.5441,0,0,0,0.00000,3
0.5282,5.4508,2.3977,11.4524,2.2164,0.0674,-0.5955,0,0,0,0.00000,1
0.5078,4.7447,2.3408,12.0304,1.2897,0.0053,-1.0714,0,0,1,0.47886,1
0.3785,3.9325,2.7087,12.4275,-1.8040,0.0124,-1.0866,1,2,0,1.20077,1
0.4180,4.5999,2.6991,11.3424,2.8334,0.0601,-0.3501,0,0,0,0.00000,3
0.4539,4.9709,2.6193,11.5152,2.8086,0.1044,-0.5950,0,0,0,0.00000,1
0.4507,4.5561,2.5364,11.4015,-2.9514,0.0331,-0.4045,0,0,0,0.00000,1
0.4645,4.4996,2.4635,12.0377,-1.3993,0.0302,-1.0071,0,0,3,0.79489,1
0.4623,4.9064,2.5665,12.1406,2.3008,0.0186,-1.0864,1,1,0,0.59307,3
0.5695,5.6556,2.2707,11.6617,-2.1222,0.0186,-0.8284,0,0,0,0.00000,1
0.4918,4.7793,2.4123,11.3375,1.8344,0.0085,-0.3644,0,0,0,0.00000,3
0.4089,4.0794,2.6035,12.2321,-1.6964,0.0097,-1.0096,0,0,2,0.59235,1
0.4170,4.1686,2.5901,11.9364,-2.7714,0.0678,-0.8555,0,0,2,0.52971,1
0.4150,4.3462,2.6472,11.8629,-2.3371,0.0481,-0.7631,0,1,0,0.22346,3
0.5900,5.8412,2.2225,11.5065,-0.6691,0.0092,-0.6758,0,0,0,0.00000,3
0.4510,4.8333,2.6006,11.6814,-2.5498,0.0922,-0.7272,0,1,0,0.20783,1
0.3922,3.9966,2.6597,12.7094,-2.3208,0.0204,-1.3793,0,0,2,1.39212,1
0.5168,5.5433,2.4624,12.7790,-2.8108,0.0300,-1.9561,1,2,0,1.49294,1
0.4479,4.3410,2.4962,11.9625,-3.0090,0.0215,-0.8859,0,0,1,0.26986,1
0.4687,5.0552,2.5710,12.8068,2.5654,0.0428,-1.8098,0,1,1,0.84856,1
0.3528,3.8614,2.8222,12.1780,2.7593,0.0654,-0.8932,0,1,0,0.84948,3
0.3795,3.9093,2.6966,12.1420,-2.5326,0.0824,-0.9576,0,1,1,0.58445,3
0.4499,4.7043,2.5752,12.5830,1.8152,0.0290,-1.4894,0,1,1,1.07214,1
0.3854,4.0546,2.7102,11.6937,-1.9426,0.0272,-0.5457,0,1,0,0.30761,1
0.4649,4.6936,2.5067,11.4545,1.1964,0.0599,-0.5013,0,0,0,0.00000,1
0.4472,4.2678,2.4813,11.2769,1.6002,0.0176,-0.2744,0,0,0,0.00000,3
0.4140,4.4760,2.6861,11.3985,-2.9390,0.0507,-0.3805,0,0,0,0.00000,3
0.3629,3.8887,2.7761,12.4069,2.8627,0.0432,-1.0666,0,1,1,1.03934,3
0.3677,3.9166,2.7595,12.4503,-2.8898,0.0223,-1.0854,0,1,0,1.20168,1
0.3284,3.6018,2.8717,12.6465,3.0850,0.0245,-1.1046,0,1,0,0.40869,1
0.3304,3.6180,2.8660,11.4816,-2.9712,0.0987,-0.4003,0,0,0,0.00000,3
0.5306,5.5390,2.4043,11.3260,1.2531,0.0304,-0.4247,0,0,0,0.00000,3
0.5309,5.0075,2.3033,11.2790,0.6270,0.0584,-0.4080,0,0,0,0.00000,3
0.5076,5.2233,2.4387,11.3898,1.8633,0.0357,-0.4667,0,0,0,0.00000,3
0.3846,3.9958,2.6972,12.4913,3.1078,0.0376,-1.1952,0,0,1,1.08731,1
0.4007,4.3747,2.7248,12.8611,2.4801,0.0383,-1.5749,0,1,1,1.67716,1
0.3700,4.0628,2.7924,12.1601,3.0168,0.0800,-0.9437,0,1,0,0.86662,3
0.3996,4.2778,2.7030,12.6392,-2.9223,0.0050,-1.3234,0,0,2,0.91180,1
0.5611,5.7497,2.3190,11.4156,2.2895,0.0170,-0.5418,0,0,0,0.00000,1
0.4534,4.5530,2.5236,12.8570,-1.2092,0.0106,-1.7415,0,1,0,1.62443,1
0.4047,4.1079,2.6314,11.4315,-2.7516,0.0297,-0.3713,0,0,0,0.00000,3
0.5178,4.8588,2.3249,11.6723,0.5111,0.0712,-0.8101,0,0,0,0.00000,1
0.5000,5.0328,2.4318,12.0187,-2.0319,0.0299,-1.0767,0,0,0,0.00000,3
0.4903,5.0784,2.4821,12.0603,-0.5947,0.0019,-1.0572,0,1,0,0.57156,1
0.4375,4.6013,2.6070,12.5551,2.7258,0.0087,-1.3876,0,0,2,1.36655,1
0.4658,4.3927,2.4326,11.4148,-0.9489,0.0138,-0.4109,0,0,0,0.00000,3
0.4282,4.2766,2.5672,12.9448,-2.0808,0.0227,-1.7416,1,0,0,0.52399,1
0.4604,4.8912,2.5717,12.8243,-2.6165,0.0144,-1.7460,0,0,1,1.55591,1
0.4827,4.4719,2.3818,11.5612,1.6613,0.0245,-0.5818,0,0,0,0.00000,1
0.5391,5.4315,2.3505,11.3087,1.8423,0.0094,-0.3913,0,0,0,0.00000,3
0.5039,5.0362,2.4165,11.3772,1.9191,0.0323,-0.4451,0,0,0,0.00000,3
0.4524,4.7149,2.5665,11.3445,3.0937,0.0089,-0.3291,0,0,0,0.00000,3
0.4723,4.5692,2.4467,12.0261,-2.5000,0.0006,-0.9744,1,1,0,0.73141,1
0.4109,4.5279,2.7152,11.9345,-2.8960,0.1660,-0.9669,0,0,1,0.48143,0
0.4732,4.8599,2.5083,11.4034,1.7123,0.0154,-0.4129,0,0,0,0.00000,3
0.4959,5.0018,2.4422,11.5577,-1.3157,0.0026,-0.5740,0,0,0,0.00000,3
0.5198,4.9022,2.3256,12.0711,-1.7781,0.0293,-1.1792,0,0,1,0.40986,1
0.5110,5.4823,2.4752,13.0327,2.3224,0.0374,-2.2340,1,1,2,1.39819,1
0.4280,4.4865,2.6224,12.2294,2.6236,0.0216,-1.0783,0,0,1,0.69111,3
0.3983,4.0304,2.6397,12.9639,1.3359,0.0146,-1.6164,0,1,0,1.62564,1
0.4322,4.3577,2.5703,11.4683,-0.7868,0.0045,-0.4052,0,1,0,0.21426,1
0.4536,4.7752,2.5754,11.8353,3.0871,0.0366,-0.8032,0,0,1,0.26820,3
0.4828,5.2803,2.5567,11.3332,-0.7452,0.0038,-0.3471,0,0,0,0.00000,1
0.4257,4.1169,2.5365,11.4149,-2.9220,0.0284,-0.3805,0,0,0,0.00000,1
0.4397,4.7082,2.6232,11.3639,-2.8075,0.0102,-0.3337,0,0,0,0.00000,3
0.4335,4.3172,2.5536,11.3953,-2.4021,0.0420,-0.3894,0,0,0,0.00000,3
0.3477,3.7640,2.8181,12.7691,3.1320,0.0963,-1.3791,0,1,0,1.28413,1
0.4326,4.4552,2.5931,12.0118,2.6567,0.0368,-0.9164,0,0,1,0.61613,3
0.4920,5.2170,2.5035,11.3084,1.9404,0.0008,-0.3299,0,0,0,0.00000,3
0.5186,4.8486,2.3197,11.3823,1.9809,0.0031,-0.4322,0,0,0,0.00000,1
0.4435,4.2643,2.4961,11.9448,-1.9938,0.0011,-0.8326,0,1,0,0.53471,1
0.5120,5.1354,2.4030,11.5064,-3.0986,0.0286,-0.5794,0,0,0,0.00000,1
0.3989,4.3782,2.7344,11.9696,2.2484,0.0324,-0.7980,0,1,0,0.60248,1
0.5768,5.3646,2.1948,11.4128,-1.0857,0.0623,-0.6130,0,0,0,0.00000,3
0.3600,3.8522,2.7802,11.5398,2.7509,0.1255,-0.5095,0,0,0,0.00000,3
0.4877,4.9618,2.4682,12.7731,-2.5182,0.0302,-1.8293,0,1,0,1.12486,1
0.5437,5.1494,2.2810,11.3356,0.0221,0.0396,-0.4590,0,0,0,0.00000,3
0.3497,3.7989,2.8187,13.1450,-3.0914,0.1072,-1.7154,1,1,1,1.76110,1
0.3467,3.7540,2.8203,12.6934,2.7170,0.1490,-1.3964,0,0,1,1.40563,1
0.5821,5.4957,2.1969,11.8962,-0.3151,0.0217,-1.1265,0,0,1,0.58520,1
0.4920,4.8703,2.4309,11.5399,2.3063,0.0334,-0.5879,0,1,0,0.17338,1
0.3356,3.6881,2.8604,12.5192,-2.8889,0.0326,-1.0491,0,1,0,1.21659,1
0.3996,4.0509,2.6395,11.4270,2.8720,0.0763,-0.4160,0,0,0,0.00000,1
0.4607,5.0239,2.6003,11.5413,3.0519,0.0161,-0.5232,0,1,0,0.22906,3
0.4686,4.9044,2.5380,11.5226,0.7436,0.0075,-0.5068,0,0,0,0.00000,1
0.4141,4.0703,2.5767,11.7348,-1.4715,0.0054,-0.5995,0,1,0,0.33373,1
0.5383,5.2836,2.3264,11.6523,0.3153,0.0328,-0.7784,0,0,0,0.00000,1
0.4203,4.4120,2.6393,11.3723,1.5078,0.0351,-0.3479,0,0,0,0.00000,1
0.4554,4.6045,2.5271,11.4238,1.9967,0.0364,-0.4338,0,0,0,0.00000,3
0.5237,5.4702,2.4198,11.5484,1.6768,0.0857,-0.7111,0,0,0,0.00000,3
0.5363,5.5242,2.3785,11.6618,-2.5284,0.0418,-0.7976,0,0,1,0.15000,1
0.4185,4.4404,2.6553,12.6507,1.8391,0.0283,-1.4382,0,1,1,1.10015,1
0.5442,5.2097,2.2898,11.5303,-0.0984,0.0014,-0.6186,0,0,0,0.00000,3
0.4116,4.3939,2.6763,12.0848,-2.4629,0.0197,-0.9067,0,1,1,0.79782,3
0.4260,4.3162,2.5878,11.8981,-1.9124,0.0734,-0.8489,0,1,0,0.42545,3
0.3730,3.9955,2.7563,12.1277,-2.1149,0.0555,-0.8932,0,1,0,0.66040,1
0.5039,4.8487,2.3777,11.4575,0.6946,0.0097,-0.4958,0,0,0,0.00000,3
0.4091,4.1241,2.6146,12.2939,2.8019,0.0520,-1.1240,0,0,2,0.71715,1
0.4384,4.5268,2.5845,12.7602,1.7291,0.0061,-1.5799,1,1,1,1.49222,1
0.4374,4.6809,2.6268,11.7224,3.0447,0.0494,-0.6868,0,1,0,0.33586,3
0.3391,3.7218,2.8521,13.0730,2.8021,0.0229,-1.4614,0,1,1,1.93124,1
0.4202,4.1323,2.5656,11.3256,1.5230,0.0246,-0.2973,0,0,0,0.00000,3
0.4233,4.3122,2.5990,12.2368,3.1188,0.0274,-1.0794,0,1,0,0.79001,1
0.4785,5.0861,2.5343,13.0414,1.8116,0.0032,-2.0313,0,1,1,0.87324,1
0.3896,3.9648,2.6629,11.3285,2.1029,0.0117,-0.2556,0,0,0,0.00000,1
0.3796,4.1720,2.7748,13.0529,-2.6266,0.0564,-1.6840,0,1,1,1.56676,1
0.4733,4.6474,2.4601,11.3714,2.8807,0.0007,-0.3657,0,0,0,0.00000,3
0.4543,4.9660,2.6165,12.5022,-2.9793,0.0675,-1.4843,0,0,3,1.02252,1
0.3873,4.0802,2.7084,11.2098,-3.0277,0.0197,-0.1745,0,0,0,0.00000,3
0.3758,3.9582,2.7304,11.9084,2.0298,0.0296,-0.6957,0,0,1,0.24026,1
0.4803,4.9771,2.5033,12.3475,1.5030,0.0120,-1.3319,0,0,1,0.82011,1
0.5209,4.7405,2.2892,11.5067,1.5589,0.0229,-0.5836,0,0,0,0.00000,1
0.4586,4.4303,2.4720,11.4847,-2.0004,0.0391,-0.4949,0,0,0,0.00000,1
0.5210,5.2156,2.3824,11.8508,-1.4012,0.0095,-0.9241,0,0,1,0.44032,3
0.4745,5.2028,2.5772,11.4716,-1.9752,0.0241,-0.4887,0,0,0,0.00000,3
0.3867,4.2588,2.7631,13.2425,-2.4465,0.0069,-1.7965,1,1,0,1.95405,0
0.4895,4.8143,2.4292,12.7546,0.3597,0.0175,-1.7939,0,0,2,1.20872,1
0.5063,5.4017,2.4796,12.1975,-1.6958,0.0381,-1.2931,0,1,0,0.81583,3
0.4301,4.5905,2.6389,12.6459,-2.7715,0.0859,-1.5663,0,0,1,1.33139,1
0.5354,5.4966,2.3771,11.3981,-1.8772,0.0589,-0.5384,0,0,0,0.00000,1
0.4452,4.4423,2.5329,11.3116,2.5941,0.0772,-0.3712,0,0,0,0.00000,1
0.5675,5.4455,2.2429,11.5886,-0.2325,0.0274,-0.7528,0,0,0,0.00000,3
0.3648,3.9541,2.7866,12.8935,-3.0628,0.0860,-1.5333,0,1,0,1.66598,1
0.5575,5.1216,2.2240,11.3564,1.0421,0.0149,-0.4675,0,0,0,0.00000,1
0.4423,4.8047,2.6341,11.4027,1.7900,0.0347,-0.3983,0,0,0,0.00000,1
0.4641,4.8989,2.5570,11.5003,1.3583,0.0309,-0.5080,0,0,0,0.00000,1
0.4906,5.0699,2.4786,12.2240,-1.0079,0.0145,-1.2411,1,2,1,0.88057,1
0.4791,4.8998,2.4914,12.3114,-0.4166,0.0038,-1.2793,0,1,0,0.97703,1
0.4310,4.4078,2.5883,11.3836,-2.5007,0.0747,-0.4148,0,0,0,0.00000,1
0.4317,4.1497,2.5188,12.7408,2.1003,0.0091,-1.5377,0,1,1,1.21290,1
0.4714,4.8184,2.5066,11.5026,-2.6898,0.0189,-0.5056,0,0,0,0.00000,3
0.4222,4.3395,2.6116,11.3528,-2.3150,0.0469,-0.3474,0,0,0,0.00000,3
0.4688,5.1027,2.5809,13.3070,-1.1814,0.0006,-2.2629,1,2,0,2.22358,1
0.6488,6.0832,2.0427,11.4642,0.2881,0.0514,-0.7699,0,0,0,0.00000,3
0.3867,4.1769,2.7394,12.0847,-3.1391,0.0476,-0.8825,0,1,2,0.76042,3
0.6118,5.6278,2.1097,11.6796,-0.5217,0.0695,-0.9942,0,0,0,0.00000,1
0.4141,4.2505,2.6257,12.9818,2.3572,0.0483,-1.7607,0,1,1,1.36352,1
0.4867,4.6869,2.4130,11.3823,-2.6047,0.0183,-0.4120,0,0,0,0.00000,1
0.4226,4.2075,2.5745,11.7765,-1.4871,0.0080,-0.6534,0,1,0,0.21007,1
0.4225,4.2156,2.5772,12.3410,-1.1720,0.0108,-1.1453,0,0,2,0.89984,1
0.4362,4.2420,2.5224,11.8223,-1.8029,0.0065,-0.7163,0,0,1,0.44265,3
0.4489,4.5972,2.5543,12.3725,2.3538,0.0122,-1.2579,0,1,0,1.12048,1
0.4418,4.8023,2.6357,11.3973,-2.1324,0.0671,-0.4307,0,0,0,0.00000,3
0.5204,4.8078,2.3045,11.5292,-0.3859,0.0149,-0.5962,0,0,0,0.00000,3
0.4284,4.4655,2.6150,11.3273,2.6488,0.0658,-0.3546,0,0,0,0.00000,3
0.4785,4.3755,2.3767,11.4740,1.6404,0.0093,-0.4752,0,0,0,0.00000,1
0.4364,4.3132,2.5401,11.3011,-0.8736,0.0323,-0.3018,0,0,0,0.00000,1
0.5988,6.0555,2.2219,11.3266,3.1176,0.0041,-0.4768,0,0,0,0.00000,1
0.4132,4.3275,2.6505,11.8411,-3.0403,0.0859,-0.7892,0,1,0,0.30193,1
0.3887,3.9955,2.6766,11.4570,2.3579,0.0210,-0.3620,0,0,0,0.00000,3
0.4105,4.4171,2.6879,11.4674,-2.3748,0.0193,-0.3952,0,0,0,0.00000,1
0.3729,4.1181,2.7936,12.3535,2.6897,0.0932,-1.1248,0,1,1,1.04524,2
0.4257,4.5470,2.6484,12.1142,-2.1654,0.0348,-0.9882,0,1,0,0.65137,3
0.3534,3.8522,2.8158,12.8788,2.2548,0.0202,-1.3671,0,0,1,1.44769,1
0.4613,4.9744,2.5862,11.9878,-2.5744,0.0461,-0.9757,0,0,3,0.90480,3
0.5413,5.0813,2.2775,11.3114,1.6900,0.0259,-0.4145,0,0,0,0.00000,1
0.4146,4.2782,2.6306,11.3991,2.6818,0.0253,-0.3519,0,0,0,0.00000,3
0.4426,4.3350,2.5180,12.3691,-2.7291,0.0299,-1.2602,0,0,1,0.83082,1
0.5138,5.4825,2.4633,11.4278,-2.5320,0.0665,-0.5498,0,0,0,0.00000,1
0.3696,3.8786,2.7381,11.5402,2.0964,0.0499,-0.4338,0,0,1,0.20409,1
0.4278,4.2335,2.5577,11.9904,2.8019,0.0308,-0.8778,0,0,1,0.20582,1
0.4865,4.8983,2.4600,12.3239,1.6050,0.0140,-1.3289,0,0,1,0.71247,1
0.4446,4.2970,2.4998,12.0897,-1.3130,0.0368,-1.0153,0,1,0,0.60573,1
0.5253,5.5664,2.4312,12.2227,1.5963,0.0419,-1.3811,0,1,1,0.70210,3
0.4054,4.0476,2.6112,11.4440,-0.8571,0.0034,-0.3511,0,0,0,0.00000,1
0.4427,4.7584,2.6213,11.5381,-2.6028,0.0814,-0.5717,0,0,0,0.00000,3
0.4313,4.6667,2.6519,11.6281,3.0109,0.1019,-0.6580,0,0,0,0.00000,1
0.4579,4.4166,2.4718,12.3087,-1.4633,0.0157,-1.2279,0,1,0,0.90407,1
0.3925,4.1565,2.7042,11.6505,2.2286,0.0132,-0.5069,0,1,0,0.38195,1
0.3903,4.1441,2.7117,11.8434,-2.4973,0.0587,-0.7110,0,1,0,0.20078,3
0.4071,4.1849,2.6410,11.8985,2.3397,0.0207,-0.7412,1,1,0,0.53327,3
0.3363,3.6880,2.8566,12.9929,2.8061,0.0778,-1.4793,0,1,0,1.73342,1
0.3641,3.8217,2.7484,11.2750,2.9276,0.0403,-0.2266,0,0,0,0.00000,3
0.4698,4.8306,2.5165,11.4568,-2.1760,0.0245,-0.4681,0,0,0,0.00000,3
0.4768,4.4418,2.3987,11.4654,-2.4195,0.0004,-0.4547,0,0,0,0.00000,3
0.5450,5.7647,2.3861,11.3892,1.0709,0.0289,-0.5067,0,0,0,0.00000,1
0.3710,3.9795,2.7616,11.3877,2.6612,0.0866,-0.3662,0,0,0,0.00000,3
0.4526,4.7292,2.5689,11.6194,3.0086,0.0799,-0.6581,0,0,0,0.00000,1
0.4238,4.2991,2.5935,11.3261,-2.6788,0.0942,-0.3813,0,0,0,0.00000,1
0.6509,6.2041,2.0515,11.3257,0.5695,0.0786,-0.6322,0,0,0,0.00000,3
0.5079,4.6191,2.3143,11.6445,1.1136,0.0201,-0.6980,0,0,0,0.00000,1
0.5407,4.9515,2.2553,11.4341,0.8240,0.0631,-0.5864,0,0,0,0.00000,3
0.6415,5.9156,2.0461,11.6682,0.3968,0.1390,-1.1315,0,0,0,0.00000,1
0.4644,4.7155,2.5138,11.4753,2.4795,0.0812,-0.5452,0,0,0,0.00000,1
0.5024,4.7580,2.3648,11.3937,-0.9144,0.0393,-0.4668,0,0,0,0.00000,3
0.3831,4.0833,2.7304,11.9559,-2.7913,0.0395,-0.7609,0,1,0,0.45790,3
0.4461,4.6542,2.5807,11.2874,2.5232,0.1088,-0.3874,0,0,0,0.00000,1
0.4094,4.2723,2.6540,12.2007,-1.6524,0.0146,-0.9923,0,1,0,0.78224,1
0.3912,4.0639,2.6844,11.5121,-2.9546,0.1407,-0.5483,0,0,0,0.00000,1
0.4616,4.9232,2.5737,12.0009,1.4494,0.0528,-0.9973,0,0,2,0.52207,1
0.4223,4.3424,2.6117,12.9544,-1.3280,0.0309,-1.7399,1,2,0,0.90920,1
0.3724,3.9574,2.7477,12.9279,-2.8757,0.0496,-1.5345,0,1,1,1.88282,1
0.4418,4.3874,2.5347,11.3400,-1.2180,0.0017,-0.3048,0,0,0,0.00000,3
0.4195,4.1882,2.5840,11.2209,-2.4300,0.0257,-0.2138,0,0,0,0.00000,3
0.4695,4.4704,2.4357,12.3320,2.0802,0.0111,-1.2783,0,1,0,0.98246,1
0.4465,4.7118,2.5927,12.4682,1.5486,0.0071,-1.3342,0,1,1,0.82549,1
0.5232,4.8380,2.2997,12.5223,0.4163,0.0199,-1.6679,0,1,0,1.09493,1
0.4074,4.3673,2.6893,11.6274,-2.0720,0.0648,-0.5743,0,0,1,0.29176,3
0.4652,4.5698,2.4769,12.0954,-2.8774,0.0021,-1.0255,0,0,1,0.55958,1
0.5789,5.7311,2.2472,11.4967,0.6073,0.0014,-0.6373,0,0,0,0.00000,3
0.4961,4.9734,2.4354,11.4717,2.8460,0.0351,-0.5302,0,0,0,0.00000,1
0.4617,4.5186,2.4797,11.2953,-1.1820,0.0694,-0.3645,0,0,0,0.00000,1
0.5420,5.3558,2.3253,12.8638,-0.9294,0.0254,-2.1497,1,1,0,1.33981,1
0.5727,5.3897,2.2140,11.6167,-0.8081,0.0254,-0.7902,0,0,0,0.00000,3
0.4233,4.5392,2.6577,11.4950,2.1894,0.0866,-0.5135,0,0,0,0.00000,3
0.4563,5.0128,2.6177,11.2915,2.5946,0.0161,-0.2958,0,0,0,0.00000,3
0.3505,3.7686,2.8041,12.5111,-2.8479,0.0981,-1.1879,0,1,0,1.32069,1
0.3980,4.3048,2.7190,12.8240,2.4875,0.0513,-1.5519,0,1,1,1.73272,1
0.3327,3.6458,2.8623,11.2890,-2.6598,0.0452,-0.2163,0,0,0,0.00000,1
0.4717,4.9334,2.5310,12.6984,2.2294,0.0047,-1.6469,0,1,0,1.44356,1
0.3607,3.8904,2.7885,12.3900,-3.0757,0.0723,-1.0879,1,1,0,0.94057,3
0.4013,4.0035,2.6179,11.4798,2.1038,0.0194,-0.3927,0,1,0,0.16826,3
0.4714,4.7695,2.4958,11.4120,-0.1222,0.0047,-0.4056,0,0,0,0.00000,1
0.5027,5.0790,2.4301,11.4103,0.0725,0.0136,-0.4539,0,0,0,0.00000,1
0.4201,4.0986,2.5570,11.6629,-2.2498,0.0019,-0.5460,0,1,0,0.23406,3
0.5047,5.1615,2.4384,11.4172,-0.2799,0.0031,-0.4511,0,0,0,0.00000,3
0.4667,4.4201,2.4353,11.9508,1.1793,0.0259,-0.9233,0,1,0,0.64358,1
0.4518,4.8204,2.5939,12.1731,1.3286,0.0451,-1.1257,0,1,0,0.85646,1
0.4840,5.1468,2.5232,11.2587,1.0488,0.0066,-0.2822,0,0,0,0.00000,1
0.4658,4.6182,2.4855,11.3955,1.2867,0.0392,-0.4240,0,0,0,0.00000,3
0.3879,4.0240,2.6891,11.3944,3.0554,0.0615,-0.3604,0,0,0,0.00000,3
0.4124,4.1960,2.6191,11.4113,-3.0800,0.0997,-0.4456,0,0,0,0.00000,1
0.4360,4.2603,2.5282,11.9524,-1.1209,0.0437,-0.8796,0,0,1,0.49300,1
0.4712,5.0422,2.5572,11.5290,-2.6805,0.1030,-0.6314,0,0,0,0.00000,1
0.4768,5.0287,2.5293,12.5197,0.9857,0.0036,-1.4829,0,1,0,1.19057,1
0.5199,4.7071,2.2864,11.4878,-0.5111,0.0441,-0.5890,0,0,0,0.00000,3
0.4854,4.7873,2.4404,11.9006,-0.8689,0.0754,-0.9836,0,0,1,0.30604,1
0.4449,4.3552,2.5128,11.3737,-0.9328,0.0546,-0.3984,0,0,0,0.00000,1
0.5220,5.0321,2.3425,11.6362,1.6396,0.0542,-0.7590,0,0,0,0.00000,1
0.5239,5.1965,2.3669,12.2168,-0.6284,0.0253,-1.3442,0,0,1,0.92047,1
0.4465,4.7084,2.5916,11.2793,1.8965,0.0116,-0.2702,0,0,0,0.00000,1
0.4505,4.7568,2.5852,11.7348,-1.2446,0.0027,-0.6633,0,0,1,0.19906,1
0.4928,5.3947,2.5361,11.4403,1.1333,0.0016,-0.4574,0,0,0,0.00000,1
0.3740,4.0807,2.7766,12.7697,-2.8746,0.0308,-1.3780,0,1,1,1.53656,1
0.5127,5.2281,2.4187,12.6147,-2.2078,0.0396,-1.7687,1,1,0,1.10200,1
0.4294,4.4318,2.6017,11.2664,-1.2060,0.0005,-0.2309,0,0,0,0.00000,1
0.3378,3.6699,2.8418,11.4422,3.0897,0.0480,-0.3245,0,1,0,0.24476,1
0.3583,3.7784,2.7656,13.0815,-2.6936,0.0538,-1.6090,0,1,0,1.86047,1
0.4517,4.2492,2.4572,11.6698,-1.4941,0.0459,-0.6590,0,0,1,0.23963,3
0.4115,4.2153,2.6284,12.0856,-3.0765,0.0518,-0.9500,0,0,1,0.76878,1
0.4601,4.8652,2.5668,12.1579,-2.2166,0.0268,-1.1084,0,1,0,0.62838,3
0.4545,4.2527,2.4464,12.1994,-1.7214,0.0111,-1.1065,0,1,1,0.45323,1
0.4695,4.6000,2.4654,11.4558,3.0162,0.0188,-0.4591,0,0,0,0.00000,1
0.4075,4.0349,2.5973,11.3355,2.2136,0.1009,-0.3802,0,0,0,0.00000,1
0.4947,4.8207,2.4094,11.3452,-1.5483,0.0202,-0.3887,0,0,0,0.00000,3
0.4820,4.9531,2.4906,11.3778,-2.4228,0.0388,-0.4272,0,0,0,0.00000,3
0.3855,4.0013,2.6941,11.3959,-2.2955,0.0093,-0.2990,0,0,0,0.00000,1
0.4672,4.5956,2.4739,11.7909,-0.7789,0.0113,-0.7555,0,0,1,0.25416,1
0.5508,5.4329,2.3046,12.6137,-1.0633,0.0042,-1.8518,0,1,0,1.10798,1
0.4077,4.2029,2.6430,11.4825,2.6959,0.0877,-0.4839,0,0,0,0.00000,1
0.4246,4.6180,2.6717,11.4476,-2.5626,0.0163,-0.3934,0,0,0,0.00000,1
0.5717,5.7938,2.2850,11.3949,1.8151,0.0150,-0.5311,0,0,0,0.00000,1
0.3995,4.3540,2.7248,13.1569,-2.0315,0.0145,-1.7957,1,1,1,1.57583,1
0.4668,4.8470,2.5332,13.0271,3.1089,0.0016,-1.9582,0,1,1,1.77212,1
0.3888,4.2154,2.7399,12.7276,2.2649,0.0402,-1.4140,0,1,0,1.46159,1
0.5300,5.3371,2.3694,11.2804,-1.9928,0.0037,-0.3457,0,0,0,0.00000,3
0.4017,4.4285,2.7343,12.4246,-2.2507,0.0223,-1.1726,0,1,1,1.05976,0
0.4493,4.8399,2.6099,11.8684,-2.4431,0.0782,-0.8784,0,1,0,0.58563,3
0.3887,4.0855,2.7030,11.3736,2.6403,0.0086,-0.2851,0,0,0,0.00000,1
0.6111,5.8541,2.1463,11.5631,-0.6609,0.0099,-0.7767,0,0,0,0.00000,1
0.3439,3.7821,2.8453,13.3800,-2.5525,0.0741,-1.8231,0,1,2,2.02486,1
0.4390,4.5899,2.5971,12.0857,2.4168,0.0883,-1.0688,0,0,3,0.72028,1
0.4682,4.3717,2.4180,11.3892,-1.7102,0.0076,-0.3830,0,0,0,0.00000,3
0.6449,6.0343,2.0502,11.5088,0.8755,0.0293,-0.7915,0,0,0,0.00000,1
0.4741,4.8227,2.4962,11.3458,-2.2686,0.0374,-0.3867,0,0,0,0.00000,3
0.5408,5.4514,2.3474,11.4142,-2.0201,0.0415,-0.5415,0,0,0,0.00000,1
0.4130,4.3194,2.6493,11.7468,3.0923,0.0882,-0.7116,0,0,1,0.47997,1
0.3691,3.8472,2.7308,11.5959,-2.1471,0.0511,-0.4754,0,1,0,0.32277,3
0.4745,4.3814,2.3944,12.0069,-1.9269,0.0188,-0.9848,0,1,0,0.20355,1
0.3635,3.8551,2.7622,12.1709,2.1164,0.0768,-0.9314,0,1,0,0.92454,3
0.4537,4.5917,2.5316,11.2967,2.9003,0.0410,-0.3254,0,0,0,0.00000,1
0.3625,3.8372,2.7619,12.4825,-2.7178,0.0321,-1.1082,1,1,0,1.18128,1
0.4727,4.6446,2.4621,11.3282,0.5773,0.0133,-0.3406,0,0,0,0.00000,1
0.4624,4.5634,2.4872,11.5194,-1.4828,0.0423,-0.5357,0,0,0,0.00000,3
0.5198,4.9583,2.3368,11.3511,1.0429,0.0325,-0.4380,0,0,0,0.00000,3
0.4575,4.7333,2.5482,11.4929,1.7223,0.0240,-0.4837,0,0,0,0.00000,3
0.3704,3.8483,2.7241,12.1617,2.3628,0.0309,-0.8799,0,1,0,0.78080,3
0.3853,3.9465,2.6791,11.3277,2.5901,0.0018,-0.2396,0,0,0,0.00000,1
0.4852,5.2534,2.5406,12.0294,1.3226,0.0137,-1.0312,0,1,0,0.63764,1
0.3797,4.0415,2.7355,12.1013,2.4774,0.0659,-0.9030,0,0,1,0.76149,3
0.3892,4.2143,2.7373,11.8729,3.0120,0.0120,-0.6737,0,1,0,0.38976,1
0.4206,4.2961,2.6073,12.0313,-0.7709,0.0018,-0.8582,0,0,1,0.77430,1
0.6330,5.7666,2.0551,12.1193,-0.2988,0.0195,-1.5297,0,0,1,0.40865,1
0.4966,4.6391,2.3630,12.6561,-0.0972,0.0011,-1.6856,0,1,0,0.68846,1
0.3964,4.1735,2.6899,11.6246,2.6420,0.1431,-0.6493,0,0,0,0.00000,1
0.4972,4.8796,2.4115,11.4531,0.6782,0.0213,-0.4968,0,0,0,0.00000,1
0.3826,4.0256,2.7158,11.3243,2.6136,0.0583,-0.2987,0,0,0,0.00000,3
0.5162,4.9313,2.3455,12.2945,1.0491,0.0218,-1.3988,0,1,0,0.91665,1
0.4083,4.0812,2.6068,12.5815,-2.1831,0.0129,-1.3145,0,1,0,1.34199,1
0.4505,4.7903,2.5928,12.8188,-2.3722,0.0186,-1.7071,1,1,0,1.52180,1
0.4221,4.3363,2.6109,11.7382,-2.9569,0.0204,-0.6363,0,1,0,0.27499,3
0.4207,4.4966,2.6594,11.4316,2.1539,0.0249,-0.3852,0,0,0,0.00000,1
0.4088,4.3611,2.6809,11.3994,3.0758,0.0268,-0.3476,0,0,0,0.00000,3
0.4475,4.7175,2.5892,11.3268,2.8839,0.1116,-0.4268,0,0,0,0.00000,1
0.5033,4.9532,2.4019,11.9156,-0.4128,0.0319,-0.9811,0,1,0,0.34517,1
0.4692,4.8644,2.5264,12.2038,2.4022,0.0487,-1.2083,0,0,2,0.73456,1
0.3981,4.1371,2.6712,12.6717,-3.1177,0.0011,-1.3387,0,1,2,1.13519,1
0.4238,4.6655,2.6876,13.2271,-2.4131,0.0291,-2.0064,0,1,1,1.87066,1
0.3938,4.0427,2.6654,12.3106,2.7248,0.0014,-1.0214,0,0,2,0.43825,1
0.5746,5.7678,2.2696,12.7861,1.3895,0.0170,-2.1793,0,0,1,1.45198,1
0.4760,4.7675,2.4757,12.0811,-0.6852,0.0003,-1.0377,0,0,1,0.64845,3
0.4632,4.4345,2.4533,12.3056,0.1192,0.0058,-1.2260,0,0,1,0.82664,1
0.5958,5.4606,2.1413,12.3250,0.3348,0.0745,-1.7659,0,1,0,0.80383,1
0.5842,5.5186,2.1926,11.5826,-1.2598,0.0099,-0.7523,0,0,0,0.00000,1
0.3341,3.6385,2.8515,11.8309,2.6547,0.0887,-0.6313,0,0,1,0.16738,3
0.4683,5.1388,2.5915,12.3617,-1.4657,0.0274,-1.3325,0,1,2,0.74672,1
0.3739,3.8917,2.7199,12.4790,-2.6315,0.0163,-1.1188,0,0,4,1.19716,1
0.5043,5.1667,2.4410,11.3388,1.0473,0.0397,-0.4174,0,0,0,0.00000,1
0.4789,4.4538,2.3932,11.2770,-2.0980,0.0232,-0.3111,0,0,0,0.00000,1
0.3797,4.0577,2.7402,12.8581,-2.7598,0.0290,-1.4715,0,1,0,1.52809,1
0.5095,5.1568,2.4176,11.3543,1.1024,0.0282,-0.4249,0,0,0,0.00000,3
0.4870,4.8068,2.4379,11.6288,1.7187,0.0087,-0.6350,0,0,1,0.18511,3
0.5452,5.1187,2.2694,11.4801,-0.4365,0.0588,-0.6371,0,0,0,0.00000,1
0.4868,5.0293,2.4865,11.3660,-2.2400,0.0313,-0.4132,0,0,0,0.00000,3
0.4580,4.9355,2.5923,12.9082,-2.6131,0.0060,-1.8075,0,0,2,1.08001,1
0.5205,5.1205,2.3659,11.6715,1.7053,0.0056,-0.7319,0,0,0,0.00000,3
0.4680,4.8451,2.5275,11.8660,1.7747,0.0028,-0.8179,0,0,1,0.33339,3
0.5145,4.8924,2.3447,11.7313,-0.9345,0.0575,-0.8478,0,1,0,0.23222,3
0.5634,5.1776,2.2118,11.3325,0.2046,0.0205,-0.4560,0,0,0,0.00000,3
0.4547,4.4760,2.4998,11.8857,0.5656,0.0106,-0.8164,0,0,1,0.28105,1
0.5386,5.2506,2.3190,11.6481,-2.9262,0.0003,-0.7330,0,1,0,0.23525,1
0.3686,3.8334,2.7289,12.3353,-2.5409,0.0619,-1.0540,0,1,1,0.80901,1
0.6225,5.9150,2.1138,12.3345,0.8452,0.0030,-1.7548,0,0,1,0.81126,1
0.4125,4.0689,2.5838,11.4462,2.6843,0.0241,-0.3854,0,0,0,0.00000,3
0.4448,4.2106,2.4769,12.3614,-0.9418,0.0304,-1.2600,0,1,1,1.02050,1
0.5417,5.4041,2.3351,11.4996,-1.9624,0.0473,-0.6398,0,0,0,0.00000,1
0.4456,4.8277,2.6242,13.2189,2.6647,0.0186,-2.0869,0,0,1,1.83049,1
0.5454,5.3268,2.3066,11.8336,0.4591,0.0038,-0.9503,0,0,1,0.37969,3
0.3890,4.0438,2.6895,11.3494,1.6638,0.0221,-0.2826,0,0,0,0.00000,1
0.4211,4.3930,2.6304,11.3676,-2.3482,0.0930,-0.4116,0,0,0,0.00000,3
0.5870,5.8620,2.2372,11.8456,0.4554,0.0128,-1.0692,0,1,0,0.37903,3
0.3907,3.9929,2.6659,11.8555,-2.0973,0.0191,-0.6709,0,1,0,0.58043,3
0.4711,4.8680,2.5189,11.3639,-0.1445,0.0044,-0.3618,0,0,0,0.00000,1
0.6121,6.0720,2.1744,11.4262,1.0154,0.0495,-0.6658,0,0,0,0.00000,3
0.3479,3.7547,2.8137,11.3618,-2.5112,0.1344,-0.3784,0,0,0,0.00000,3
0.5116,4.9814,2.3741,11.8250,-0.6718,0.0322,-0.9062,0,0,1,0.14266,1
0.3887,3.9788,2.6719,12.3721,-2.6248,0.0395,-1.1118,0,1,0,1.03274,1
0.5393,5.1883,2.3047,11.5869,0.3777,0.0443,-0.7244,0,0,0,0.00000,1
0.3832,3.9821,2.7002,11.3963,3.1246,0.0449,-0.3378,0,0,0,0.00000,3
0.4784,5.0267,2.5221,11.5576,-1.3495,0.0124,-0.5597,0,0,0,0.00000,1
0.5214,5.1217,2.3626,11.4752,1.1563,0.0260,-0.5580,0,0,0,0.00000,3
0.5654,5.6171,2.2799,11.9847,-1.7143,0.0234,-1.1938,0,0,1,0.32435,1
0.3479,3.8349,2.8403,12.6599,2.7155,0.0545,-1.2293,0,0,2,1.23341,0
0.4866,5.3320,2.5506,11.3863,-1.2920,0.0069,-0.4047,0,0,0,0.00000,1
0.3857,3.9327,2.6729,11.3880,2.7254,0.0171,-0.3021,0,0,0,0.00000,3
0.4142,4.2705,2.6306,12.6877,2.8183,0.0202,-1.4426,0,0,3,1.68135,1
0.5507,5.3609,2.2921,11.5440,-1.5814,0.0452,-0.6985,0,0,0,0.00000,1
0.3765,3.9443,2.7227,12.2425,-2.8809,0.0260,-0.9525,0,1,0,0.89514,3
0.3356,3.6620,2.8513,13.2364,-2.6938,0.0301,-1.5844,0,1,0,0.23636,1
0.3855,3.9484,2.6785,11.3533,-2.1730,0.0103,-0.2684,0,0,0,0.00000,1
0.4218,4.6298,2.6881,11.4115,3.0844,0.0454,-0.3941,0,0,0,0.00000,3
0.4047,4.0623,2.6186,11.4959,2.8101,0.0189,-0.4092,0,0,0,0.00000,3
0.4268,4.6257,2.6633,12.2574,2.8332,0.0581,-1.1516,0,1,0,0.77294,3
0.5037,5.4339,2.4968,13.2304,2.5186,0.0337,-2.4204,1,2,0,1.72320,1
0.5748,5.3941,2.2068,11.3207,0.5508,0.0458,-0.4880,0,0,0,0.00000,3
0.5292,5.0869,2.3249,11.3534,-2.1507,0.0022,-0.4158,0,0,0,0.00000,1
0.3457,3.8030,2.8425,12.9972,2.8423,0.0425,-1.4643,0,1,2,1.01160,1
0.3782,4.0447,2.7439,12.0776,2.0028,0.0566,-0.8681,0,1,0,0.76337,1
0.4424,4.5140,2.5632,11.3745,-0.9634,0.0041,-0.3380,0,0,0,0.00000,1
0.5358,5.2501,2.3301,11.3175,2.2764,0.0220,-0.4108,0,0,0,0.00000,1
0.3891,4.0572,2.6926,11.3957,-2.9464,0.0587,-0.3596,0,0,0,0.00000,3
0.3787,3.9957,2.7270,11.4504,-3.0204,0.0600,-0.3905,0,0,0,0.00000,3
0.4121,4.5174,2.7064,12.6994,2.3464,0.0183,-1.4435,0,1,0,1.44498,1
0.3950,4.1341,2.6856,11.3817,2.2333,0.0075,-0.2965,0,0,0,0.00000,1
0.4454,4.3421,2.5073,12.0594,-2.6930,0.0066,-0.9482,0,1,0,0.25057,1
0.4987,4.8280,2.3944,11.3473,-1.5158,0.0573,-0.4390,0,0,0,0.00000,3
0.4669,4.4211,2.4348,12.3633,0.9471,0.0401,-1.3450,0,1,0,1.19567,1
0.3705,4.0741,2.7932,12.8415,-2.5815,0.0759,-1.4957,0,0,2,1.42845,1
0.3478,3.7815,2.8232,11.4450,-3.1340,0.0773,-0.3711,0,0,0,0.00000,3
0.5440,4.9564,2.2438,12.0607,0.3761,0.0917,-1.3197,0,1,0,0.27691,1
0.3293,3.6115,2.8701,12.9405,2.7567,0.1138,-1.4679,0,1,0,1.71176,1
0.4212,4.1700,2.5710,11.2289,-1.3675,0.0345,-0.2314,0,0,0,0.00000,1
0.4874,5.0980,2.4983,11.3107,-0.9800,0.0012,-0.3273,0,0,0,0.00000,1
0.3447,3.7470,2.8288,13.1462,2.6357,0.0536,-1.5983,0,0,3,1.50375,1
0.4698,4.7696,2.5027,11.3569,2.7966,0.0094,-0.3593,0,0,0,0.00000,3
0.4683,5.0877,2.5803,13.3207,2.2502,0.0192,-2.3104,0,1,2,2.04015,1
0.3827,4.1736,2.7592,11.8371,3.0401,0.0174,-0.6396,0,1,0,0.45726,1
0.3934,4.1235,2.6906,12.0074,-2.9337,0.0160,-0.7941,0,1,0,0.44789,3
0.3730,3.8900,2.7240,11.2728,2.1326,0.1182,-0.3194,0,0,0,0.00000,3
0.4640,4.9761,2.5746,11.6631,2.7395,0.0900,-0.7302,0,0,0,0.00000,1
0.4552,5.0180,2.6240,13.2214,2.5948,0.0613,-2.2168,0,1,1,2.02767,0
0.3737,3.9983,2.7537,11.4469,-2.5436,0.0403,-0.3594,0,0,0,0.00000,3
0.5110,5.2441,2.4287,11.4569,-0.1958,0.0084,-0.5049,0,0,0,0.00000,1
0.4398,4.3084,2.5235,11.3751,-1.8272,0.0260,-0.3605,0,0,0,0.00000,3
0.5295,5.5221,2.4055,12.7665,-1.3079,0.0095,-1.9588,0,0,1,1.18093,1
0.4798,5.1912,2.5514,11.4423,2.9195,0.0615,-0.5124,0,0,0,0.00000,1
0.4982,5.4558,2.5250,13.2079,3.1013,0.0056,-2.3144,0,1,1,1.01405,1
0.4963,5.2487,2.4915,11.6517,-2.4739,0.0252,-0.6953,0,0,0,0.00000,3
0.4854,4.9939,2.4850,11.4146,2.0703,0.0552,-0.4855,0,0,0,0.00000,3
0.6399,6.1953,2.0899,12.1435,-1.0892,0.0291,-1.6001,0,0,1,0.39486,1
0.4343,4.4435,2.5821,11.2570,1.6751,0.0153,-0.2441,0,0,0,0.00000,1
0.3860,4.1767,2.7431,11.4549,-3.1384,0.1079,-0.4583,0,0,0,0.00000,3
0.4128,4.3371,2.6550,11.3550,2.7897,0.0589,-0.3533,0,0,0,0.00000,3
0.5318,5.2753,2.3506,11.3906,-0.6766,0.0107,-0.4678,0,0,0,0.00000,3
0.5480,5.2153,2.2764,11.4330,-1.3087,0.0051,-0.5257,0,0,0,0.00000,1
0.3931,4.3235,2.7487,11.9776,2.3463,0.0578,-0.8241,0,0,1,0.53724,3
0.5135,4.9329,2.3566,11.6170,-0.7730,0.0378,-0.7038,0,0,0,0.00000,3
0.4504,4.8038,2.5964,12.1948,-2.7401,0.0616,-1.1652,0,1,1,0.62458,1
0.5242,5.0338,2.3345,12.2796,-0.2729,0.0098,-1.3892,0,1,1,0.45466,1
0.3930,4.2465,2.7275,12.9891,-2.5966,0.0097,-1.6082,0,1,2,1.12940,1
0.4820,4.4950,2.3899,11.6847,-0.5715,0.0491,-0.7297,0,0,1,0.18028,1
0.3879,3.9649,2.6715,12.3045,1.7048,0.0252,-1.0332,0,1,0,1.08641,1
0.4341,4.3592,2.5618,11.3311,-1.7655,0.0304,-0.3226,0,0,0,0.00000,3
0.4382,4.5257,2.5852,11.9836,1.7922,0.0342,-0.9009,0,1,0,0.20142,3
0.4863,4.9740,2.4770,11.3976,0.9688,0.0107,-0.4180,0,0,0,0.00000,1
0.5642,5.4174,2.2506,12.0293,-0.7735,0.0084,-1.2193,0,0,1,0.61893,1
0.4115,4.5284,2.7124,13.2573,2.2267,0.0099,-1.9384,0,0,0,0.00000,1
0.4400,4.8194,2.6486,12.3783,2.3002,0.0201,-1.2487,0,0,1,0.99635,3
0.5109,5.3762,2.4552,11.5746,2.6592,0.0108,-0.6255,0,0,0,0.00000,3
0.5300,5.5845,2.4151,11.6375,1.1796,0.0192,-0.7329,0,0,0,0.00000,3
0.4691,5.1607,2.5925,11.7754,2.6336,0.0958,-0.8537,0,1,0,0.32614,1
0.5372,5.0768,2.2923,11.5107,0.0591,0.0004,-0.5854,0,0,0,0.00000,1
0.4517,4.9138,2.6164,12.1362,-2.3669,0.1082,-1.1766,0,1,0,0.73655,1
0.5004,4.5583,2.3304,12.2332,-0.7254,0.0602,-1.3425,0,0,1,0.55684,1
0.4956,5.0483,2.4534,12.1402,-0.9929,0.0141,-1.1683,0,1,0,0.81366,1
0.4025,4.3809,2.7171,12.7049,2.0023,0.0406,-1.4468,1,1,0,1.32262,1
0.4708,4.4970,2.4363,11.4351,1.4907,0.0332,-0.4588,0,0,0,0.00000,3
0.3623,3.8426,2.7650,12.0072,2.5356,0.0656,-0.7879,0,1,0,0.56672,3
0.3815,4.1445,2.7568,11.8141,2.5374,0.0281,-0.6328,0,1,0,0.25609,1
0.5261,5.4585,2.4078,11.3170,1.5397,0.0327,-0.4129,0,0,0,0.00000,3
0.5068,5.1642,2.4303,11.4903,1.9104,0.0562,-0.5895,0,0,0,0.00000,3
0.4757,4.7889,2.4818,11.3175,-2.0284,0.0668,-0.3964,0,0,0,0.00000,3
0.5197,5.2712,2.3981,11.3520,-2.8587,0.0286,-0.4354,0,0,0,0.00000,1
0.5122,5.3688,2.4483,11.9502,2.8959,0.0177,-1.0204,0,0,1,0.23262,3
0.4618,4.5961,2.4975,11.3359,-1.4566,0.0582,-0.3881,0,0,0,0.00000,3
0.5665,5.6619,2.2831,12.0369,2.0939,0.0096,-1.2380,0,0,1,0.35176,1
0.4487,4.7319,2.5876,11.3169,2.8283,0.0084,-0.3008,0,0,0,0.00000,3
0.4487,4.6368,2.5645,11.6814,-2.9418,0.0432,-0.6623,0,0,1,0.34286,1
0.4368,4.5525,2.5984,11.5954,-2.5395,0.0411,-0.5642,0,0,0,0.00000,3
0.4665,5.0447,2.5786,12.4580,2.7406,0.0649,-1.4779,0,1,0,1.18633,1
0.4447,4.8362,2.6304,13.0053,-2.6048,0.0256,-1.8801,0,1,0,1.86288,1
0.4040,4.2196,2.6658,11.4684,-2.0581,0.0147,-0.3822,0,0,0,0.00000,1
0.4408,4.5712,2.5846,11.5230,-2.7863,0.0694,-0.5412,0,0,0,0.00000,1
0.4087,4.2980,2.6645,12.2531,2.4667,0.0083,-1.0264,0,1,0,0.73013,1
0.3896,3.9422,2.6563,11.6310,1.9912,0.0180,-0.4925,0,1,0,0.21046,1
0.4759,4.9255,2.5111,11.3483,2.5084,0.0417,-0.3963,0,0,0,0.00000,3
0.4144,4.1820,2.6060,11.4168,1.3769,0.0352,-0.3772,0,0,0,0.00000,1
0.3907,4.1593,2.7141,11.5254,-3.0296,0.0720,-0.4770,0,0,0,0.00000,3
0.4901,5.2509,2.5187,11.3168,-0.7035,0.0074,-0.3434,0,0,0,0.00000,1
0.5576,5.3940,2.2715,11.4881,-1.4010,0.0162,-0.6127,0,0,0,0.00000,1
0.3778,4.0882,2.7592,11.8958,-2.5711,0.1114,-0.7940,0,0,1,0.54260,3
0.4064,4.2629,2.6656,12.7396,-2.2595,0.0260,-1.4693,1,1,0,1.03275,1
0.4591,4.6999,2.5335,11.3158,-1.4744,0.0243,-0.3285,0,0,0,0.00000,3
0.4320,4.6035,2.6333,11.4562,2.3213,0.1306,-0.5436,0,0,0,0.00000,3
0.5996,5.7254,2.1688,11.9886,-1.4170,0.0064,-1.2591,0,1,0,0.44438,1
0.4051,4.4479,2.7227,13.2977,2.4258,0.0542,-2.0268,0,1,1,2.10173,1
0.5451,5.1658,2.2784,11.2832,0.2855,0.0230,-0.3863,0,0,0,0.00000,3
0.4628,4.2984,2.4227,11.3620,-1.4437,0.0109,-0.3564,0,0,0,0.00000,3
0.4273,4.5750,2.6483,12.1754,3.0598,0.0469,-1.0632,0,1,0,0.51095,3
0.4462,4.5333,2.5510,12.9508,2.5903,0.0058,-1.7957,0,1,0,1.66379,1
0.5141,5.4862,2.4627,12.4349,2.6757,0.0542,-1.5981,0,0,1,0.74222,1
0.5401,5.2261,2.3089,11.3492,-1.1029,0.0441,-0.4746,0,0,0,0.00000,3
0.4441,4.2696,2.4949,12.7564,-2.4981,0.0235,-1.6258,0,1,1,1.45417,1
0.3542,3.8592,2.8135,12.5302,-2.5300,0.1148,-1.2394,1,1,0,1.20250,1
0.4508,4.2731,2.4669,11.7501,-1.9856,0.0346,-0.7157,0,1,0,0.21130,1
0.5944,5.7200,2.1873,11.7203,0.5064,0.0015,-0.9206,0,0,1,0.32068,1
0.4925,4.5955,2.3697,11.6943,-1.7269,0.0244,-0.7263,0,1,0,0.21999,1
0.5134,5.5104,2.4704,12.1355,-2.4884,0.0518,-1.2665,0,1,0,0.36823,1
0.3727,4.1099,2.7924,12.2187,3.0173,0.0496,-0.9560,0,1,0,0.26255,2
0.5208,4.9381,2.3290,11.4618,-2.3157,0.0075,-0.5204,0,0,0,0.00000,1
0.4063,4.2257,2.6559,12.8401,2.7793,0.0062,-1.5260,0,0,1,1.52699,1
0.4688,4.7363,2.4996,12.4732,2.5973,0.0335,-1.4522,1,1,0,0.92557,1
0.5319,5.2585,2.3469,11.3234,0.4238,0.0621,-0.4597,0,0,0,0.00000,1
0.3476,3.7635,2.8183,12.2147,2.6098,0.1949,-1.0830,0,0,1,0.64275,1
0.4076,4.3676,2.6886,13.0142,-2.2663,0.0007,-1.6792,0,1,0,1.75087,1
0.3809,4.1541,2.7629,11.4596,-3.0174,0.0426,-0.3800,0,0,0,0.00000,3
0.4044,4.3397,2.6967,13.0155,2.9235,0.0654,-1.7779,0,1,3,3.61244,1
0.3918,3.9671,2.6529,12.8430,-1.7849,0.0260,-1.5024,0,1,0,1.75182,1
0.3705,3.9267,2.7482,12.0260,-2.9422,0.0866,-0.8486,0,0,1,0.66403,3
0.3894,4.1999,2.7324,11.3644,-2.7592,0.0180,-0.2898,0,0,0,0.00000,1
0.4867,5.2226,2.5276,12.7449,-2.8395,0.0068,-1.7586,0,1,0,1.30006,1
0.5232,4.9018,2.3126,11.3855,-0.8105,0.0643,-0.5145,0,0,0,0.00000,3
0.3322,3.6532,2.8678,12.7760,2.9400,0.0253,-1.2137,1,2,0,1.59717,1
0.4847,5.2240,2.5365,11.4621,-1.4938,0.0201,-0.4887,0,0,0,0.00000,1
0.5597,5.5544,2.2911,11.3491,-0.5465,0.0923,-0.5571,0,0,0,0.00000,1
0.4354,4.2491,2.5278,11.4167,-1.9711,0.0141,-0.3767,0,0,0,0.00000,3
0.5275,4.8426,2.2843,12.0650,-1.9604,0.0027,-1.1535,0,0,1,0.20026,1
0.4971,5.0784,2.4532,12.7316,1.5070,0.0314,-1.8241,0,1,0,1.29496,1
0.4236,4.1750,2.5617,11.3239,2.8040,0.0393,-0.3161,0,0,0,0.00000,1
0.3494,3.7258,2.7961,13.1764,3.1272,0.0246,-1.5933,0,1,1,1.64261,1
0.3813,4.0850,2.7403,11.8503,3.0775,0.0141,-0.6427,0,0,1,0.25894,1
0.3931,4.3298,2.7505,12.3728,-2.6099,0.1516,-1.2852,0,1,0,0.47437,0
0.5445,5.5840,2.3564,11.5037,-2.4516,0.0071,-0.6000,0,0,0,0.00000,3
0.4423,4.7181,2.6134,11.3333,1.2417,0.0065,-0.3062,0,0,0,0.00000,1
0.3507,3.7865,2.8089,12.8513,-2.7519,0.0386,-1.3646,0,1,0,0.60635,1
0.4062,4.2840,2.6728,11.4073,-2.6809,0.0116,-0.3332,0,0,0,0.00000,1
0.5426,5.2903,2.3107,12.6577,-0.0067,0.0047,-1.8722,0,1,1,1.13123,1
0.5984,5.5752,2.1497,12.2286,0.2458,0.0258,-1.5778,0,0,1,0.69593,1
0.4143,4.3176,2.6428,11.4796,2.5571,0.1367,-0.5477,0,0,0,0.00000,1
0.3609,3.8436,2.7725,13.2136,-2.9949,0.0836,-1.7871,0,1,1,1.91466,1
0.5125,4.8131,2.3365,11.3788,2.7189,0.0054,-0.4241,0,0,0,0.00000,1
0.5432,5.5286,2.3515,11.6749,-2.4864,0.0270,-0.8055,0,0,0,0.00000,1
0.5046,5.2334,2.4530,12.1011,-1.0453,0.0123,-1.1507,1,1,2,0.84599,1
0.4243,4.2960,2.5902,11.9407,2.4277,0.0721,-0.8811,0,1,0,0.49901,1
0.4670,4.9176,2.5480,11.4833,2.1289,0.0456,-0.5141,0,0,0,0.00000,3
0.4902,4.5550,2.3701,12.1815,-2.5361,0.0046,-1.1781,0,1,0,0.67878,1
0.4626,4.5294,2.4785,11.3038,-2.6424,0.0281,-0.3253,0,0,0,0.00000,1
0.4503,4.6316,2.5564,11.3250,-2.4455,0.0817,-0.3935,0,0,0,0.00000,1
0.4880,4.7372,2.4187,12.6779,-1.4899,0.0138,-1.6999,0,1,0,1.22659,1
0.3896,3.9782,2.6668,12.3732,2.6740,0.0832,-1.1792,1,1,0,0.88436,1
0.3929,4.0523,2.6723,12.7585,-2.6789,0.0116,-1.4102,0,0,1,1.35183,1
0.3664,3.9562,2.7787,12.3560,-2.1914,0.0287,-1.0168,0,1,0,0.95767,1
0.4899,4.9871,2.4644,11.4451,-1.1207,0.0052,-0.4608,0,0,0,0.00000,3
0.4517,4.6008,2.5426,12.0275,2.6034,0.0311,-0.9687,0,1,0,0.52335,3
0.3338,3.6707,2.8645,11.3002,-2.5399,0.0597,-0.2406,0,0,0,0.00000,1
0.4127,4.2607,2.6352,12.2622,2.4123,0.0750,-1.1391,0,1,0,1.03085,1
0.4236,4.2690,2.5863,12.8216,-2.0865,0.0279,-1.6148,0,0,1,0.32931,1
0.3858,4.1997,2.7509,11.6285,2.9060,0.2101,-0.7159,0,0,0,0.00000,1
0.4794,5.0166,2.5155,13.1472,0.1351,0.0021,-2.1456,0,1,1,1.93838,1
0.4356,4.7407,2.6500,13.1873,-2.3622,0.0376,-2.0406,0,0,1,1.63331,1
0.4530,4.6871,2.5574,12.1004,2.9501,0.0010,-0.9992,0,0,1,0.60517,3
0.4428,4.8004,2.6306,11.8751,2.4192,0.0872,-0.8822,0,1,0,0.40588,3
0.5970,5.8537,2.1981,11.4258,-2.0841,0.0044,-0.5875,0,0,0,0.00000,1
0.4560,4.3747,2.4698,11.9212,1.0073,0.0225,-0.8672,0,0,1,0.38968,1
0.4025,4.1914,2.6651,11.3726,-2.8740,0.0069,-0.2967,0,0,0,0.00000,1
0.5628,5.8115,2.3228,12.2571,1.5623,0.0402,-1.5301,0,0,1,0.86648,1
0.3859,3.9356,2.6727,11.4484,3.0417,0.0602,-0.3977,0,0,0,0.00000,3
0.3554,3.9001,2.8205,11.6930,2.3889,0.0936,-0.5763,0,0,1,0.23346,3
0.4946,5.4407,2.5376,11.5833,-2.1578,0.0918,-0.7072,0,0,0,0.00000,3
0.4049,4.3447,2.6955,11.7428,2.0366,0.0341,-0.6268,0,1,0,0.30017,1
0.5123,5.5200,2.4769,11.4846,3.0991,0.0598,-0.5970,0,0,0,0.00000,1
0.3575,3.8336,2.7875,11.9582,2.9065,0.0702,-0.7466,0,1,0,0.48221,3
0.4499,4.9498,2.6328,13.3228,3.0178,0.0508,-2.2775,0,1,1,1.57421,1
0.5495,5.7829,2.3709,11.5674,-2.8881,0.0402,-0.7178,0,0,0,0.00000,1
0.4162,4.5265,2.6887,13.2076,-1.9842,0.0115,-1.9177,0,0,0,0.00000,1
0.4587,4.3101,2.4426,11.2972,0.2957,0.0413,-0.3303,0,0,0,0.00000,1
0.4282,4.3334,2.5818,11.2351,1.6900,0.0026,-0.2065,0,0,0,0.00000,1
0.4506,4.6156,2.5513,11.3383,-2.8994,0.0285,-0.3440,0,0,0,0.00000,3
0.5196,4.8758,2.3215,11.9864,-0.4606,0.0430,-1.1070,0,0,0,0.00000,1
0.4239,4.6582,2.6855,11.5021,2.5407,0.0984,-0.5342,0,0,0,0.00000,3
0.3652,3.9760,2.7915,12.7366,-2.5303,0.0441,-1.3378,1,1,1,1.18369,1
0.4437,4.8093,2.6286,12.5721,1.8428,0.0252,-1.4517,1,1,1,0.93483,1
0.3409,3.7157,2.8401,12.7288,2.7063,0.1290,-1.3715,0,1,0,1.64287,1
0.4762,5.2305,2.5755,11.7796,1.8324,0.0239,-0.7813,0,1,0,0.23910,1
0.3421,3.7551,2.8465,12.5154,-2.9217,0.1155,-1.1879,0,0,1,0.90734,3
0.5336,5.6762,2.4171,11.5773,-2.3745,0.0509,-0.7152,0,0,0,0.00000,1
0.4277,4.4065,2.6033,11.7330,-0.2082,0.0004,-0.6169,0,0,1,0.28662,1
0.5162,5.1167,2.3823,11.4825,0.0196,0.0101,-0.5389,0,0,0,0.00000,3
0.3573,3.9002,2.8099,12.7641,2.8008,0.0145,-1.2836,0,0,2,1.19202,1
0.4736,4.6703,2.4642,11.7792,1.6135,0.0367,-0.7896,0,1,0,0.29659,3
0.3815,3.9434,2.6971,11.2950,-2.4985,0.0288,-0.2426,0,0,0,0.00000,3
0.5108,4.9433,2.3694,11.6036,1.0808,0.0376,-0.6857,0,0,0,0.00000,3
0.4176,4.0846,2.5644,12.1091,2.1201,0.0337,-0.9604,0,1,0,0.79344,1
0.5076,4.7282,2.3382,11.8441,1.7201,0.0208,-0.9009,0,0,1,0.57787,1
0.3875,4.1016,2.7136,12.4262,1.8356,0.0361,-1.1484,0,0,1,1.20420,1
0.3603,3.8962,2.7924,13.2823,-2.9269,0.0086,-1.7027,0,1,1,1.94281,1
0.3863,4.1330,2.7290,11.2912,2.4669,0.0432,-0.2604,0,0,0,0.00000,3
0.4947,5.2501,2.4987,11.3678,1.1395,0.0268,-0.4195,0,0,0,0.00000,1
0.4040,4.2156,2.6644,12.0360,-1.7072,0.0275,-0.8574,0,1,0,0.71118,1
0.4443,4.6205,2.5805,11.4184,-2.9847,0.0392,-0.4191,0,0,0,0.00000,3
0.4668,4.7693,2.5154,12.0860,1.0724,0.0513,-1.0897,0,1,0,0.55829,1
0.4868,5.0645,2.4938,11.3490,2.9934,0.0253,-0.3904,0,0,0,0.00000,3
0.4980,5.0622,2.4460,12.8807,0.9061,0.0107,-1.9554,0,0,2,1.43364,1
0.4034,4.0679,2.6260,11.4548,-2.4563,0.0030,-0.3567,0,0,0,0.00000,3
0.4237,4.6234,2.6775,11.4801,-2.4131,0.0021,-0.4025,0,0,0,0.00000,1
0.4477,4.8821,2.6274,12.1665,1.8490,0.0410,-1.1029,0,1,0,0.72257,1
0.4602,4.5221,2.4868,11.9073,2.6918,0.0168,-0.8567,0,0,1,0.63833,1
0.5403,5.0595,2.2769,11.3956,-0.2482,0.0710,-0.5554,0,0,0,0.00000,1
0.5087,5.3622,2.4616,12.2324,-1.8228,0.0182,-1.3086,0,1,0,0.34590,3
0.3587,3.8085,2.7729,11.7074,2.7515,0.1497,-0.6608,0,1,0,0.37370,1
0.4285,4.2275,2.5534,11.3520,-2.9623,0.0322,-0.3362,0,0,0,0.00000,1
0.4662,4.5543,2.4686,11.3113,0.2817,0.0118,-0.3168,0,0,0,0.00000,1
0.4542,4.5027,2.5082,12.6258,-1.9529,0.0174,-1.5269,0,1,1,1.28487,1
0.4485,4.8014,2.6047,11.4316,2.9185,0.0518,-0.4508,0,0,0,0.00000,3
0.5204,5.1125,2.3649,11.2772,-0.5758,0.0658,-0.4042,0,0,0,0.00000,1
0.3687,3.9120,2.7532,11.3907,2.7200,0.0054,-0.2733,0,0,0,0.00000,1
0.3800,4.0018,2.7223,11.4265,-2.0994,0.0674,-0.3827,0,0,0,0.00000,3
0.5737,5.7394,2.2681,11.7814,2.4119,0.0009,-0.9501,1,1,1,0.64228,1
0.4980,4.5015,2.3278,11.2927,0.5208,0.0209,-0.3419,0,0,0,0.00000,3
0.3543,3.8339,2.8051,13.1009,2.5995,0.0449,-1.5903,0,1,1,1.72239,1
0.5236,5.1069,2.3509,11.2419,-0.4038,0.0209,-0.3198,0,0,0,0.00000,3
0.3952,4.2612,2.7204,13.0441,-2.7467,0.0274,-1.6971,1,0,3,3.15873,1
0.3572,3.7875,2.7741,12.5491,2.7905,0.1309,-1.2901,0,1,0,0.97362,1
0.3913,3.9588,2.6529,11.4644,-2.2410,0.0562,-0.4118,0,0,0,0.00000,3
0.3932,4.2759,2.7347,11.3225,2.1182,0.0408,-0.2878,0,0,0,0.00000,1
0.3977,4.3430,2.7309,11.4433,2.3965,0.0516,-0.3982,0,0,0,0.00000,3
0.4491,4.6391,2.5634,12.2435,2.1547,0.0277,-1.1595,0,0,1,0.72609,1
0.4748,4.4222,2.4026,11.3439,-1.2305,0.0148,-0.3580,0,0,0,0.00000,3
0.3737,3.9614,2.7424,12.2618,2.8655,0.0240,-0.9574,0,1,1,0.98194,3
0.5039,5.3475,2.4790,11.3903,-2.7894,0.0216,-0.4464,0,0,0,0.00000,3
0.3778,3.9577,2.7202,12.0932,3.0852,0.0213,-0.8321,0,1,0,0.22283,3
0.4106,4.5160,2.7136,12.4240,2.0749,0.0233,-1.2016,0,0,1,0.41394,1
0.4004,4.0971,2.6485,11.8882,-3.1024,0.0221,-0.7206,0,1,0,0.58650,3
0.5162,4.9412,2.3478,11.3351,-0.7924,0.0135,-0.3953,0,0,0,0.00000,3
0.4509,4.4569,2.5117,11.4324,-2.2811,0.0328,-0.4312,0,0,0,0.00000,3
0.3925,4.1461,2.7013,12.8210,2.7092,0.0771,-1.5700,0,1,0,1.67667,1
0.5093,4.6874,2.3232,12.4522,-0.3288,0.0290,-1.5569,0,0,1,0.74855,1
0.4862,4.8294,2.4462,12.2215,-3.1253,0.0040,-1.2093,0,0,0,0.00000,1
0.3930,3.9573,2.6444,12.9588,-2.7796,0.0189,-1.5964,0,0,3,0.84622,1
0.4819,5.3006,2.5651,11.3342,2.9491,0.0029,-0.3461,0,0,0,0.00000,1
0.4565,4.3263,2.4557,11.9353,0.5323,0.0146,-0.8705,0,1,0,0.20214,1
0.3880,4.0760,2.7037,11.3007,-3.0550,0.0930,-0.3252,0,0,0,0.00000,3
0.5573,5.5205,2.2946,11.6214,-0.1571,0.0134,-0.7548,0,0,0,0.00000,3
0.5039,5.0638,2.4219,11.3976,0.0801,0.0072,-0.4354,0,0,0,0.00000,3
0.3731,4.1084,2.7900,13.1556,-2.2617,0.0385,-1.7119,0,1,1,1.92970,0
0.4425,4.8387,2.6414,11.3961,3.0562,0.0524,-0.4134,0,0,0,0.00000,3
0.5242,4.9584,2.3198,11.4181,0.6566,0.0713,-0.5577,0,0,0,0.00000,1
0.5908,5.9731,2.2398,12.2858,0.8424,0.0422,-1.6548,0,0,1,0.60814,1
0.5084,5.3403,2.4585,11.2978,2.7355,0.0508,-0.3951,0,0,0,0.00000,1
0.4871,4.6437,2.4020,11.3390,-0.9051,0.0175,-0.3708,0,0,0,0.00000,3
0.4834,4.5954,2.4063,11.4541,2.7385,0.0173,-0.4737,0,0,0,0.00000,1
0.4488,4.3977,2.5065,11.4285,-2.7150,0.0388,-0.4322,0,0,0,0.00000,1
0.4489,4.6511,2.5674,12.7552,-2.8176,0.0011,-1.6082,0,0,1,1.34908,1
0.4357,4.7625,2.6550,13.0702,2.6722,0.0833,-2.0046,1,1,1,0.72990,1
0.4302,4.1402,2.5229,11.3568,-1.7207,0.0409,-0.3517,0,0,0,0.00000,3
0.4277,4.4522,2.6148,12.6274,-1.4163,0.0156,-1.4303,0,0,1,1.31735,1
0.4114,4.4161,2.6830,12.8140,3.0172,0.0066,-1.5248,0,1,1,1.48032,1
0.3973,4.0179,2.6413,11.3257,-3.0726,0.0142,-0.2634,0,0,0,0.00000,3
0.3897,4.0621,2.6912,12.1654,2.8477,0.0236,-0.9228,0,0,2,1.27243,3
0.3747,3.9524,2.7344,12.2229,2.2954,0.0265,-0.9330,0,0,1,0.89754,1
0.5693,5.8219,2.2989,11.3437,0.7529,0.0754,-0.5437,0,0,0,0.00000,1
0.3752,4.0102,2.7495,12.6249,-1.9952,0.0518,-1.2951,1,1,2,0.88614,1
0.4409,4.5127,2.5695,11.6384,-0.1545,0.0016,-0.5598,0,0,1,0.39848,1
0.4045,4.2271,2.6650,12.8908,2.3630,0.0844,-1.6958,1,1,0,1.61340,1
0.4028,4.2890,2.6904,12.1593,-1.9726,0.0110,-0.9354,0,0,1,0.85603,1
0.3352,3.6744,2.8580,11.3680,2.8870,0.0468,-0.2716,0,0,0,0.00000,1
0.4284,4.4047,2.5997,11.5433,-2.1715,0.0977,-0.5748,0,0,0,0.00000,3
0.5302,4.9492,2.2947,11.4460,0.0898,0.0006,-0.5085,0,0,0,0.00000,1
0.4992,4.9117,2.4098,12.3860,1.5695,0.0107,-1.4276,0,0,2,1.00122,1
0.4480,4.9190,2.6348,11.3608,1.9624,0.0037,-0.3330,0,0,0,0.00000,1
0.4647,4.2930,2.4137,11.3113,-2.9570,0.0033,-0.3045,0,0,0,0.00000,1
0.3818,4.0239,2.7194,11.4718,2.2078,0.0900,-0.4454,0,0,0,0.00000,3
0.5316,5.1062,2.3192,11.4611,-0.1551,0.0561,-0.5944,0,0,0,0.00000,1
0.4618,4.9014,2.5677,12.9241,-2.9993,0.0006,-1.8296,0,0,1,1.31420,1
0.4927,4.6085,2.3718,12.5356,-1.7903,0.0094,-1.5580,0,1,0,1.22027,1
0.5305,5.5655,2.4094,11.5422,-1.5076,0.0363,-0.6550,0,0,0,0.00000,3
0.3753,4.0225,2.7523,12.1958,2.5113,0.0128,-0.8950,0,1,1,0.83164,1
0.5437,5.5036,2.3452,11.4870,-0.1723,0.0068,-0.5804,0,0,0,0.00000,3
0.4916,4.9439,2.4481,11.3200,-2.6714,0.0108,-0.3511,0,0,0,0.00000,3
0.5257,4.9465,2.3115,11.3595,0.3792,0.0059,-0.4216,0,0,0,0.00000,3
0.4411,4.8438,2.6493,11.4532,2.7617,0.0613,-0.4715,0,0,0,0.00000,3
0.4580,4.8027,2.5619,11.3269,-2.0496,0.0561,-0.3741,0,0,0,0.00000,3
0.3537,3.8110,2.8010,12.3681,2.6267,0.0974,-1.0850,0,1,0,1.15041,3
0.5563,5.7141,2.3320,11.9737,1.0514,0.0221,-1.1582,0,0,1,0.30836,3
0.4214,4.2216,2.5838,11.2578,0.9290,0.0008,-0.2169,0,0,0,0.00000,1
0.4856,4.7656,2.4349,11.3650,2.2219,0.0570,-0.4404,0,0,1,0.14130,1
0.4368,4.8167,2.6627,11.3755,-1.6105,0.0674,-0.4066,0,0,0,0.00000,0
0.4177,4.1569,2.5837,11.7627,2.3565,0.0161,-0.6429,0,0,1,0.43428,3
0.5250,5.5154,2.4229,11.6203,-2.7456,0.0487,-0.7427,0,0,0,0.00000,1
0.3666,3.8859,2.7560,11.2837,2.5019,0.0225,-0.2149,0,0,0,0.00000,1
0.4215,4.4633,2.6470,13.0945,2.7343,0.0272,-1.8635,0,0,1,1.97499,1
0.5454,5.1482,2.2741,11.3330,-0.2883,0.0347,-0.4525,0,0,0,0.00000,3
0.4157,4.1281,2.5851,12.0249,-2.3921,0.0320,-0.8810,0,1,0,0.40075,3
0.5323,5.0831,2.3122,12.0360,-1.2484,0.0098,-1.1466,0,1,0,0.68281,1
0.3893,4.1054,2.7056,12.9263,-1.8988,0.0191,-1.5531,1,1,0,1.48040,1
0.4277,4.4978,2.6265,12.3012,-2.0431,0.0455,-1.1761,0,0,3,0.91837,3
0.3592,3.8120,2.7712,13.1242,2.7199,0.0314,-1.6090,1,1,0,1.61783,1
0.5379,5.6703,2.3984,12.6316,2.9876,0.0249,-1.8612,0,0,1,1.12224,1
0.5384,5.2593,2.3215,11.6305,-1.0804,0.0469,-0.7730,0,0,0,0.00000,3
0.3708,4.0442,2.7827,12.7549,-2.2846,0.0212,-1.3383,0,1,2,1.41763,1
0.3798,3.8918,2.6898,12.2100,1.7280,0.0306,-0.9419,0,0,2,1.00746,1
0.3908,4.1780,2.7189,12.1194,2.8122,0.1165,-1.0135,0,1,0,0.34095,1
0.4100,4.1213,2.6099,11.7003,2.3047,0.0105,-0.5710,0,1,0,0.37199,3
0.4565,4.6502,2.5332,11.4766,-1.1936,0.0356,-0.4813,0,0,0,0.00000,1
0.4867,4.9187,2.4634,12.5501,-0.4436,0.0077,-1.5530,0,0,1,1.20389,1
0.4377,4.5342,2.5896,11.4713,3.0698,0.0806,-0.5051,0,0,0,0.00000,1
0.5035,5.1770,2.4464,11.3564,1.5962,0.0338,-0.4267,0,0,0,0.00000,3
0.4229,4.2267,2.5784,12.9524,2.4030,0.0291,-1.7372,0,0,1,1.53653,1
0.4721,5.1610,2.5791,12.3309,-2.6466,0.0510,-1.3476,0,1,0,0.75188,3
0.3861,4.1485,2.7343,13.1599,-2.0955,0.0233,-1.7505,0,1,1,2.05772,1
0.4620,4.2964,2.4255,11.4752,-1.3264,0.0090,-0.4541,0,0,0,0.00000,3
0.3826,4.0244,2.7159,11.3621,-2.5169,0.0353,-0.3007,0,0,0,0.00000,3
0.3693,3.9545,2.7632,11.7276,-2.8169,0.0725,-0.5996,0,0,1,0.32263,3
0.4627,4.4208,2.4522,11.4113,-1.9103,0.0212,-0.4129,0,0,0,0.00000,3
0.4728,4.5207,2.4335,11.7117,-2.4978,0.0115,-0.6913,0,0,1,0.28363,1
0.4648,4.8730,2.5476,11.2947,-1.5816,0.0266,-0.3186,0,0,0,0.00000,1
0.3815,4.2088,2.7755,11.7197,-2.9092,0.0179,-0.5482,0,0,2,0.54774,0
0.4690,5.1133,2.5826,12.9389,-3.1257,0.0140,-1.9004,0,0,2,1.32726,1
0.4629,4.8446,2.5497,11.3149,2.6163,0.0351,-0.3443,0,0,0,0.00000,3
0.5138,5.2546,2.4192,11.4217,-1.8912,0.0349,-0.5053,0,0,0,0.00000,3
0.4507,4.8193,2.5989,11.6953,-1.5931,0.0233,-0.6541,0,0,1,0.21876,1
0.5117,5.4140,2.4590,11.7137,2.5952,0.0500,-0.8169,0,0,0,0.00000,1
0.5035,5.4211,2.4954,11.5949,2.5618,0.0068,-0.6294,0,0,0,0.00000,3
0.4717,4.7478,2.4896,11.2964,3.0844,0.0301,-0.3305,0,0,0,0.00000,1
0.4881,4.8330,2.4389,12.6254,1.9625,0.0129,-1.6443,0,0,1,0.96528,1
0.4928,4.5604,2.3611,12.0060,-0.4370,0.0255,-1.0374,0,0,1,0.69256,1
0.4479,4.5845,2.5559,12.3664,2.4334,0.0152,-1.2533,0,1,0,1.09361,1
0.4741,5.1239,2.5622,11.6413,-2.7584,0.0666,-0.6982,0,0,0,0.00000,1
0.4852,5.2790,2.5459,11.5127,2.5516,0.0129,-0.5289,0,0,0,0.00000,3
0.3888,4.1956,2.7343,11.7454,-2.1107,0.0663,-0.6398,0,0,1,0.36240,3
0.4649,4.4467,2.4490,12.2268,1.4904,0.0056,-1.1547,0,0,1,0.85142,1
0.4840,4.4912,2.3807,11.3683,0.8047,0.0238,-0.4016,0,0,0,0.00000,3
0.3741,3.9092,2.7243,12.1837,-2.5718,0.1473,-1.0657,0,1,0,0.40822,1
0.4958,5.3513,2.5146,11.8451,-1.6951,0.0287,-0.8914,0,1,0,0.52575,3
0.3653,3.9984,2.7976,12.1229,-2.4543,0.0952,-0.9229,0,0,1,0.45967,3
0.5870,5.5940,2.1946,11.6356,0.6121,0.0391,-0.8559,0,0,0,0.00000,3
0.3917,4.1477,2.7061,12.5797,-3.1148,0.0207,-1.2680,0,1,1,1.23479,1
0.5314,5.6196,2.4159,11.5525,1.9794,0.0388,-0.6705,0,0,0,0.00000,3
0.5078,4.8876,2.3700,11.3517,1.6487,0.0749,-0.4747,0,0,0,0.00000,1
0.4053,4.4242,2.7152,11.3050,-2.0018,0.0153,-0.2569,0,0,0,0.00000,1
0.3526,3.8023,2.8041,11.5561,2.0403,0.0438,-0.4154,0,0,0,0.00000,1
0.4694,4.5165,2.4465,11.8364,2.9154,0.0172,-0.8096,0,1,0,0.41953,1
0.5658,5.6551,2.2848,11.6511,-0.5017,0.0602,-0.8629,0,0,1,0.18995,1
0.4283,4.4511,2.6117,11.3561,0.8532,0.0017,-0.3048,0,0,0,0.00000,1
0.4147,4.1555,2.5972,11.3532,2.8469,0.0455,-0.3381,0,0,0,0.00000,1
0.3770,4.0004,2.7369,12.5965,2.7433,0.0497,-1.2750,0,1,1,0.91096,1
0.4745,4.7602,2.4803,11.3099,2.3773,0.0159,-0.3293,0,0,0,0.00000,3
0.4904,4.9697,2.4586,11.4100,1.5803,0.0303,-0.4579,0,0,0,0.00000,3
0.6293,6.1426,2.1211,11.3582,-0.3961,0.1169,-0.6903,0,0,0,0.00000,1
0.3436,3.7175,2.8254,11.9757,-2.7179,0.1030,-0.7712,0,1,0,0.81218,3
0.3977,4.1305,2.6712,11.7339,-2.4270,0.0014,-0.5661,0,1,0,0.39876,1
0.5032,4.5980,2.3282,11.3650,-0.4190,0.0358,-0.4350,0,0,0,0.00000,3
0.3944,4.2246,2.7144,12.7098,-2.3681,0.0113,-1.3744,1,1,0,0.39854,1
0.4437,4.7928,2.6246,12.1775,2.9732,0.0101,-1.0597,0,0,1,0.88993,3
0.3793,4.0174,2.7305,11.4492,2.5897,0.0732,-0.4056,0,0,0,0.00000,3
0.3586,3.9407,2.8159,11.3820,2.5756,0.0891,-0.3520,0,0,0,0.00000,3
0.5138,4.7383,2.3160,11.4214,0.8981,0.0259,-0.4921,0,0,0,0.00000,3
0.4040,4.4564,2.7306,12.1955,2.7864,0.1123,-1.1070,0,0,1,0.90697,0
0.3797,4.0859,2.7487,13.2057,-2.6646,0.0510,-1.8106,0,1,1,2.16826,1
0.4481,4.3205,2.4903,11.5318,-1.0033,0.0396,-0.5227,0,0,0,0.00000,1
0.4340,4.4291,2.5800,12.2305,-2.2552,0.0697,-1.1636,0,0,1,0.67973,1
0.4429,4.4158,2.5366,12.0293,-1.9794,0.0218,-0.9361,0,0,1,0.51886,3
0.4189,4.4286,2.6502,12.0077,-2.4558,0.1387,-1.0156,0,1,0,0.78010,1
0.4775,5.0262,2.5258,12.1097,-2.3623,0.0021,-1.0740,0,1,0,0.84501,3
0.4793,4.7234,2.4518,12.6143,1.5899,0.0393,-1.6430,0,1,0,1.12189,1
0.4216,4.1180,2.5553,11.3368,1.7585,0.0761,-0.3671,0,0,0,0.00000,3
0.4398,4.6370,2.6050,11.6573,1.3931,0.0072,-0.5818,0,1,0,0.16986,1
0.4089,4.1903,2.6341,11.6462,2.2323,0.0003,-0.5132,0,0,0,0.00000,1
0.4035,4.0976,2.6339,11.4609,2.6769,0.0365,-0.4009,0,0,0,0.00000,3
0.5089,5.2455,2.4376,11.9042,-2.8879,0.0056,-0.9487,0,1,0,0.37648,3
0.5169,5.5404,2.4615,11.3591,0.9541,0.0014,-0.4082,0,0,0,0.00000,1
0.5199,4.8475,2.3144,12.3463,0.6619,0.0353,-1.4865,0,1,1,1.10775,1
0.3868,4.2512,2.7602,12.2465,2.9393,0.1361,-1.1360,0,1,0,0.73908,1
0.4399,4.6569,2.6096,11.5406,2.5406,0.0171,-0.4929,0,0,2,0.49966,3
0.3993,4.0725,2.6471,11.7438,-1.9616,0.0746,-0.6674,0,1,0,0.21558,3
0.5545,5.3846,2.2818,11.3533,0.1935,0.0492,-0.5031,0,0,0,0.00000,1
0.4550,4.6483,2.5395,11.4165,2.5261,0.0600,-0.4546,0,0,0,0.00000,1
0.4210,4.3182,2.6113,11.3139,-2.5375,0.0774,-0.3493,0,0,0,0.00000,1
0.4645,4.5131,2.4664,11.5446,0.1605,0.0168,-0.5305,0,0,0,0.00000,1
0.5507,5.4427,2.3068,11.5228,-1.5941,0.0121,-0.6350,0,0,0,0.00000,3
0.3633,3.8332,2.7565,12.9784,-2.3235,0.0343,-1.5121,0,1,1,1.72052,1
0.5157,5.4687,2.4530,11.2993,-0.9277,0.0050,-0.3516,0,0,0,0.00000,1
0.4163,4.3883,2.6521,11.3480,2.5998,0.0826,-0.3784,0,0,0,0.00000,3
0.4429,4.8828,2.6500,12.2966,2.8028,0.0734,-1.2567,0,1,0,0.85093,2
0.3269,3.6077,2.8825,11.5031,3.0413,0.3018,-0.6452,0,0,0,0.00000,0
0.5448,5.1673,2.2799,11.3339,-1.8209,0.0241,-0.4402,0,0,0,0.00000,1
0.3671,3.9842,2.7837,11.7845,2.3462,0.0808,-0.6488,0,0,1,0.26959,3
0.4794,4.4885,2.3991,11.3504,0.5872,0.0376,-0.3960,0,0,0,0.00000,1
0.4804,4.8527,2.4755,11.2995,-1.1839,0.0031,-0.3112,0,0,0,0.00000,3
0.4215,4.1517,2.5649,12.5123,-2.8516,0.0222,-1.3123,0,1,0,0.98009,1
0.3913,4.2315,2.7317,12.7425,2.3659,0.0791,-1.4978,0,1,0,1.50069,1
0.3936,3.9625,2.6428,12.7601,1.3537,0.0011,-1.3966,0,1,0,1.12900,1
0.4889,4.7434,2.4162,11.2440,-0.3270,0.0055,-0.2706,0,0,0,0.00000,3
0.3769,3.9234,2.7142,11.2288,3.0733,0.0024,-0.1616,0,0,0,0.00000,1
0.5357,4.8748,2.2597,12.0732,-0.5879,0.0285,-1.2203,0,0,1,0.64002,1
0.4336,4.4955,2.5988,12.3941,-2.5631,0.0551,-1.2932,0,1,1,0.84774,1
0.4088,4.0874,2.6059,12.5699,-2.2358,0.0283,-1.3302,1,1,1,0.88445,1
0.4724,4.3709,2.4003,11.9518,-0.3736,0.0464,-0.9646,0,1,0,0.37024,1
0.5675,5.3680,2.2297,11.6031,1.3116,0.0161,-0.7542,0,0,0,0.00000,1
0.3671,3.9050,2.7591,13.1759,2.7593,0.0370,-1.6991,0,0,4,1.77797,1
0.4209,4.5503,2.6720,11.6791,-3.0920,0.0056,-0.5674,0,0,1,0.15203,1
0.4917,4.7083,2.3974,11.6444,-1.9419,0.0203,-0.6717,0,0,0,0.00000,1
0.4878,5.1242,2.5023,11.9878,1.9954,0.0269,-1.0128,0,1,0,0.59020,3
0.3465,3.7722,2.8274,12.4122,-2.9750,0.1032,-1.1053,0,1,0,1.12154,3
0.4107,4.1719,2.6204,11.4593,2.9610,0.0889,-0.4701,0,0,0,0.00000,1
0.4927,4.9221,2.4390,12.0647,-1.1650,0.0182,-1.0888,0,0,1,0.62991,3
0.4209,4.3413,2.6179,11.5672,-2.7471,0.0889,-0.5736,0,0,0,0.00000,1
0.4021,4.1406,2.6527,11.9042,2.9447,0.0394,-0.7596,0,0,1,0.23932,3
0.4409,4.6307,2.5986,11.7650,3.0871,0.0144,-0.6868,0,1,0,0.30853,3
0.5099,4.8724,2.3588,11.3878,-1.2700,0.0154,-0.4419,0,0,0,0.00000,3
0.3969,4.1338,2.6762,11.3541,-1.7430,0.0363,-0.3102,0,0,0,0.00000,1
0.4708,4.9664,2.5422,11.2770,-1.8028,0.0386,-0.3225,0,0,0,0.00000,3
0.4202,4.1818,2.5787,11.4679,-1.2569,0.0005,-0.3848,0,0,0,0.00000,1
0.4691,4.9099,2.5369,11.4667,1.9008,0.0410,-0.4962,0,0,0,0.00000,3
0.4002,4.0067,2.6240,12.7951,-2.7369,0.0174,-1.4794,0,1,1,1.03686,1
0.3500,3.7318,2.7948,12.8020,-2.9394,0.0842,-1.3960,0,1,0,1.59794,1
0.4159,4.2348,2.6131,11.3937,-2.3323,0.0745,-0.4058,0,0,0,0.00000,3
0.4601,4.3367,2.4434,11.3832,2.4290,0.0243,-0.3881,0,0,0,0.00000,1
0.4216,4.5577,2.6708,11.6061,-2.6554,0.1850,-0.7237,0,0,0,0.00000,1
0.5138,4.9236,2.3537,12.1943,-1.3001,0.0086,-1.2649,0,0,1,0.56075,1
0.3849,4.1545,2.7420,13.1052,2.3280,0.0072,-1.6686,1,1,0,1.68989,1
0.4634,4.8390,2.5463,11.3220,2.0650,0.1019,-0.4283,0,0,0,0.00000,3
0.4337,4.3416,2.5594,11.8739,-1.1591,0.0133,-0.7657,0,0,0,0.00000,1
0.4005,4.0039,2.6219,11.6645,-2.3425,0.0488,-0.5734,0,0,1,0.37237,3
0.4528,4.8716,2.6014,12.2658,1.6929,0.0093,-1.1664,0,0,1,0.82074,1
0.3831,4.2028,2.7654,11.8566,2.8610,0.0692,-0.7205,0,0,1,0.54303,3
0.6419,5.9236,2.0456,11.3811,0.0527,0.0385,-0.6386,0,0,0,0.00000,3
0.4876,4.9498,2.4663,11.3876,2.1458,0.0448,-0.4502,0,0,0,0.00000,3
0.4722,5.1041,2.5660,11.4501,2.2042,0.0332,-0.4763,0,0,0,0.00000,3
0.5200,5.6067,2.4607,11.5220,-2.6717,0.0377,-0.6200,0,0,0,0.00000,3
0.4858,4.7431,2.4293,11.5952,-2.0749,0.0166,-0.6104,0,0,0,0.00000,3
0.3617,3.9142,2.7905,11.9694,-2.7109,0.0914,-0.7913,0,1,0,0.66066,3
0.4543,4.7397,2.5640,11.3647,-1.8838,0.0392,-0.3838,0,0,0,0.00000,3
0.4062,4.4229,2.7104,11.4701,2.5784,0.0936,-0.4788,0,0,0,0.00000,3
0.4951,4.6826,2.3782,12.1031,1.2888,0.0122,-1.1236,0,1,0,0.42768,1
0.5128,5.1479,2.4025,11.3737,0.6712,0.0281,-0.4478,0,0,0,0.00000,1
0.4929,5.4043,2.5376,11.5567,-2.2118,0.0343,-0.6087,0,0,0,0.00000,3
0.6155,5.7550,2.1156,11.8234,-0.2184,0.0405,-1.1408,0,1,0,0.30884,1
0.5459,5.0054,2.2459,11.9022,0.4036,0.0609,-1.1019,0,0,1,0.23735,1
0.4475,4.2180,2.4674,11.2594,1.2682,0.0143,-0.2559,0,0,0,0.00000,3
0.3885,3.9868,2.6750,11.2313,2.3890,0.0284,-0.2009,0,0,0,0.00000,3
0.4559,4.5253,2.5062,11.2987,0.8931,0.0103,-0.2938,0,0,0,0.00000,1
0.4323,4.4157,2.5843,12.6640,-1.3138,0.0355,-1.5127,0,1,1,1.01797,1
0.4840,4.6881,2.4247,12.1620,0.1068,0.0097,-1.1503,0,1,1,0.81026,1
0.3722,3.9386,2.7431,11.5729,-2.9869,0.1422,-0.5710,0,0,0,0.00000,1
0.4396,4.1933,2.4953,11.3327,-0.7042,0.0233,-0.3209,0,0,0,0.00000,1
0.3815,4.2013,2.7736,13.3238,2.4261,0.0577,-1.9367,0,1,1,2.04899,0
0.4968,5.2692,2.4934,13.1056,2.3746,0.0113,-2.2018,0,2,1,1.38240,1
0.4265,4.1632,2.5453,11.4348,2.8518,0.0206,-0.3887,0,0,0,0.00000,3
0.4025,4.1020,2.6402,11.3461,3.0570,0.0901,-0.3711,0,0,0,0.00000,1
0.3921,4.0391,2.6726,12.4086,2.3842,0.0240,-1.1302,0,0,3,0.62781,1
0.4066,4.0266,2.5996,12.6563,-0.1892,0.0010,-1.3547,1,2,0,0.90762,1
0.3473,3.7910,2.8295,13.2344,2.8593,0.0764,-1.7233,1,1,3,1.88522,1
0.5620,5.1834,2.2181,11.5435,1.4938,0.0289,-0.6943,0,0,0,0.00000,1
0.5021,5.1171,2.4401,11.4770,0.4916,0.0116,-0.5159,0,0,0,0.00000,1
0.4457,4.2379,2.4801,11.3877,-2.2216,0.0225,-0.3735,0,0,0,0.00000,1
0.4884,5.2054,2.5166,11.3558,-2.3037,0.0358,-0.4112,0,0,0,0.00000,3
0.4469,4.8667,2.6276,11.4283,-2.4798,0.1097,-0.5137,0,0,0,0.00000,3
0.4496,4.7084,2.5776,12.4961,-2.7306,0.0573,-1.4468,0,1,0,1.11631,1
0.5431,5.4352,2.3350,11.4352,0.2331,0.0049,-0.5225,0,0,0,0.00000,3
0.4706,4.4379,2.4236,11.4550,-2.6363,0.0113,-0.4503,0,0,0,0.00000,1
0.4131,4.2041,2.6179,11.4078,2.1023,0.0267,-0.3586,0,0,0,0.00000,3
0.4542,4.5063,2.5090,11.6019,-1.7450,0.0754,-0.6387,0,0,0,0.00000,3
0.4571,4.4947,2.4938,11.9110,1.7529,0.0177,-0.8544,0,0,1,0.24775,3
0.4622,4.7905,2.5406,11.4151,2.6202,0.0791,-0.4849,0,0,0,0.00000,1
0.3584,3.7855,2.7670,12.9520,-2.3987,0.0105,-1.4297,0,1,0,1.76834,1
0.4827,4.5133,2.3910,11.7594,-1.2656,0.0137,-0.7574,0,0,1,0.29298,3
0.4007,4.0344,2.6297,11.3992,-1.9299,0.0609,-0.3774,0,0,0,0.00000,3
0.4987,4.7665,2.3815,12.7361,-1.2454,0.0181,-1.8105,0,1,0,1.27227,1
0.4116,4.2814,2.6457,13.0593,-1.7931,0.0021,-1.7398,1,1,1,1.89076,1
0.5366,5.2522,2.3273,11.2617,1.1335,0.0252,-0.3583,0,0,0,0.00000,3
0.4761,4.4369,2.4004,11.6413,0.5598,0.0052,-0.6227,0,0,0,0.00000,3
0.5255,5.2267,2.3665,11.8427,-0.4813,0.0439,-0.9706,0,1,0,0.56713,1
0.3947,4.2514,2.7203,11.3188,-2.8623,0.0702,-0.3195,0,0,0,0.00000,3
0.3674,3.9374,2.7675,12.7140,-2.5529,0.0143,-1.2816,0,1,0,1.28453,1
0.4220,4.5892,2.6771,12.2663,-2.7179,0.0029,-1.0689,0,1,0,0.52065,1
0.5069,4.9226,2.3809,12.2530,-1.8195,0.0220,-1.3274,0,0,2,0.50446,1
0.4505,4.3198,2.4798,11.3530,0.7401,0.0270,-0.3543,0,0,0,0.00000,1
0.4547,4.3692,2.4740,11.4910,-0.6376,0.0409,-0.4973,0,0,0,0.00000,1
0.3309,3.6248,2.8654,13.1367,2.7670,0.0220,-1.4713,0,1,1,2.05081,1
0.4316,4.1941,2.5306,11.2839,-0.7690,0.0222,-0.2713,0,0,0,0.00000,1
0.3841,4.1028,2.7310,13.0552,2.3898,0.0247,-1.6521,0,0,3,1.61394,1
0.4844,4.9491,2.4796,11.4302,1.7345,0.0076,-0.4425,0,0,0,0.00000,3
0.3724,3.9941,2.7588,11.8531,-2.3463,0.0858,-0.7174,0,1,0,0.21723,3
0.4120,4.3485,2.6620,11.2822,-1.8608,0.0333,-0.2653,0,0,0,0.00000,1
0.4425,4.2152,2.4880,11.5252,-2.0508,0.0172,-0.4818,0,1,0,0.22655,3
0.4810,4.9971,2.5046,11.9023,0.0760,0.0028,-0.8808,0,1,0,0.27304,1
0.4603,4.6031,2.5056,11.8219,0.7890,0.0210,-0.7833,0,1,0,0.15516,1
0.5821,5.8252,2.2501,11.6293,0.9910,0.0168,-0.8130,0,0,0,0.00000,3
0.5476,5.7239,2.3684,11.3410,-2.7443,0.0255,-0.4549,0,0,0,0.00000,1
0.5560,5.0590,2.2184,11.5712,1.0272,0.0060,-0.6851,0,0,0,0.00000,1
0.5005,5.4735,2.5187,11.5069,-1.6924,0.0153,-0.5487,0,0,1,0.17129,1
0.4950,4.6463,2.3706,11.4338,-1.3504,0.0314,-0.4866,0,0,0,0.00000,3
0.4651,4.4553,2.4503,11.5789,-1.2578,0.0549,-0.6093,0,0,0,0.00000,3
0.5240,5.6109,2.4447,13.0442,0.0844,0.0019,-2.2445,0,1,1,1.90776,1
0.3599,3.8546,2.7815,11.4849,-3.0020,0.1957,-0.5509,0,0,0,0.00000,1
