x,Q2,W,miss_mass,phih,pt2,t,secondary_pips,secondary_pims,secondary_pizs,secondary_esum,accepted
0.4390,4.6881,2.6214,12.8025,2.8163,0.0022,-1.6176,0,1,0,1.53546,1
0.4167,4.1136,2.5766,11.8806,-2.4900,0.0448,-0.7768,0,1,0,0.57510,1
0.5265,5.3754,2.3905,12.0746,2.4556,0.0207,-1.1916,0,1,0,0.76515,1
0.3812,4.0754,2.7381,11.9032,-2.2073,0.0338,-0.7082,0,1,0,0.42667,1
0.4278,4.2324,2.5577,12.3847,2.0750,0.0269,-1.2243,0,1,1,0.94450,1
0.5286,4.8875,2.2887,11.8369,-0.2910,0.0739,-1.0095,0,1,0,0.26447,1
0.4560,4.2825,2.4472,11.7168,2.1659,0.0410,-0.7030,0,1,0,0.28327,1
0.3898,4.0534,2.6881,11.8346,-2.7942,0.0250,-0.6604,0,1,0,0.25602,3
0.4115,4.2487,2.6376,11.4526,1.9213,0.0143,-0.3783,0,1,0,0.18893,1
0.4446,4.2912,2.4982,11.7747,-1.0501,0.0229,-0.7114,0,1,0,0.23657,1
0.5929,5.4619,2.1520,12.3603,0.2704,0.0361,-1.7401,0,1,0,0.40859,1
0.4731,4.8837,2.5137,12.0226,-1.5936,0.0206,-1.0026,0,1,0,0.29222,3
0.3846,4.2055,2.7585,11.9889,3.0529,0.0314,-0.7800,0,1,0,0.36148,3
0.4480,4.8084,2.6088,11.6301,2.0510,0.0120,-0.5776,0,1,0,0.18447,1
0.3801,3.9675,2.7111,11.9489,-3.0068,0.1027,-0.8306,0,1,0,0.55719,1
0.4147,4.2813,2.6313,11.7987,2.8724,0.0280,-0.6829,0,1,0,0.15089,3
0.4833,5.3005,2.5586,12.9504,-2.1729,0.0055,-1.9618,0,1,1,1.23571,1
0.5003,5.3301,2.4908,11.6109,2.1375,0.0173,-0.6524,0,1,0,0.22041,3
0.5221,5.5926,2.4493,11.9478,2.1375,0.0102,-1.0324,0,1,0,0.63310,3
0.4116,4.1812,2.6189,12.9256,-2.8684,0.0283,-1.6621,0,1,1,1.41099,1
0.4232,4.5556,2.6628,13.2855,2.5014,0.0175,-2.0380,0,1,0,2.20391,1
0.4203,4.2697,2.6016,11.8704,-2.5560,0.0904,-0.8349,0,1,0,0.29525,1
0.4936,5.4001,2.5337,12.7976,-2.1571,0.0141,-1.8560,0,1,0,1.46028,1
0.3361,3.6682,2.8504,11.8913,-2.3847,0.0611,-0.6427,0,1,0,0.64062,1
0.4524,4.6775,2.5579,11.9469,-2.3404,0.0182,-0.8788,0,1,0,0.46385,3
0.3873,4.2163,2.7479,11.9178,2.5148,0.0078,-0.6997,0,1,0,0.41224,1
0.3678,3.8699,2.7447,13.1707,3.0480,0.0734,-1.7648,1,2,0,1.92289,1
0.4075,4.4913,2.7224,12.8361,-2.5176,0.0465,-1.5936,0,1,1,1.38095,0
0.5107,5.4521,2.4707,12.1096,1.3059,0.0005,-1.1607,0,0,1,0.17398,3
0.3501,3.7350,2.7955,12.0428,2.7747,0.0464,-0.7616,0,1,0,0.74842,3
0.4694,4.6277,2.4723,12.3929,3.0116,0.0022,-1.3259,0,0,0,0.00000,1
0.4385,4.8352,2.6593,11.6165,2.9807,0.0586,-0.6071,0,1,0,0.25773,2
0.4567,4.9226,2.5953,11.7612,-1.8127,0.0108,-0.7094,0,1,0,0.28001,1
0.4535,4.3107,2.4648,12.0365,2.0495,0.0017,-0.9395,0,0,0,0.00000,1
0.4865,5.0335,2.4885,12.1559,1.2576,0.0327,-1.1860,0,1,0,0.25861,1
0.4182,4.5706,2.6904,11.7290,2.6798,0.0197,-0.6217,0,1,0,0.24448,1
0.5517,5.0810,2.2381,11.7657,0.5359,0.0005,-0.8823,0,1,0,0.18790,1
0.5192,5.4379,2.4323,12.1363,1.2444,0.0207,-1.2393,0,1,0,0.68298,3
0.3760,4.0153,2.7464,11.8188,2.7691,0.0948,-0.7092,0,1,0,0.47384,3
0.3610,3.7885,2.7541,11.6725,2.4093,0.0476,-0.5151,0,1,0,0.34690,2
0.4143,4.1441,2.5962,12.0093,-1.8128,0.0282,-0.8593,0,1,0,0.62398,3
0.3906,4.2365,2.7368,13.2792,2.4846,0.0169,-1.8667,0,1,1,2.24550,1
0.4142,4.4263,2.6720,12.6618,-2.3882,0.0528,-1.4708,0,1,3,1.22724,1
0.3767,4.0797,2.7625,12.6689,-2.1968,0.0245,-1.2950,0,1,1,1.43464,1
0.3458,3.7915,2.8377,13.1913,2.7612,0.1149,-1.7489,0,1,1,1.92924,1
0.3912,4.2065,2.7253,13.0360,2.7726,0.0431,-1.6989,0,1,3,1.39929,1
0.4636,4.6226,2.4958,11.7430,1.8702,0.0223,-0.7183,0,1,0,0.21760,3
0.3618,3.8019,2.7542,13.0777,-2.9453,0.0458,-1.6080,0,1,0,1.89218,1
0.4168,4.5072,2.6807,11.5898,3.0593,0.0489,-0.5387,0,1,0,0.39665,3
0.4226,4.5309,2.6593,12.1128,2.3754,0.0620,-1.0156,0,1,0,0.61422,3
0.4263,4.3345,2.5910,12.0584,2.9071,0.0134,-0.9108,0,1,2,0.90636,3
0.3928,4.3042,2.7448,11.8528,-2.1577,0.0657,-0.7324,0,1,0,0.51531,1
0.5492,5.5033,2.3233,11.8915,1.4146,0.0172,-1.0414,0,1,0,0.54454,3
0.3395,3.7458,2.8578,13.1876,-2.5410,0.0506,-1.6010,0,1,1,1.89775,0
0.3603,3.9008,2.7942,11.8675,2.3310,0.0229,-0.6255,0,1,0,0.32405,1
0.4325,4.6948,2.6534,11.7124,2.3681,0.0743,-0.7000,0,1,0,0.35841,3
0.3656,4.0277,2.8051,12.1974,2.9738,0.1490,-1.0545,0,1,1,0.67037,0
0.4911,4.5104,2.3566,11.8846,-0.2622,0.0470,-0.9411,0,1,0,0.18445,1
0.4650,4.7020,2.5081,11.8747,-2.7201,0.0411,-0.8689,0,1,0,0.19524,1
0.4678,5.0573,2.5755,11.6960,-2.4328,0.0848,-0.7617,0,1,0,0.26550,3
0.5037,4.7971,2.3679,11.8303,0.5616,0.0119,-0.8676,0,1,0,0.43496,3
0.4944,5.0692,2.4628,11.6363,0.4784,0.0179,-0.6671,0,1,0,0.30484,1
0.3487,3.7375,2.8037,12.7145,-2.2862,0.0546,-1.2751,0,2,0,1.17675,1
0.4432,4.7920,2.6270,12.2440,1.5852,0.0360,-1.1556,0,1,0,0.84820,1
0.5238,5.6315,2.4494,11.8326,3.0680,0.0569,-0.9751,0,1,0,0.34021,1
0.4876,5.1245,2.5031,11.6404,3.0712,0.0191,-0.6615,0,1,0,0.21983,3
0.4562,4.6203,2.5273,12.0355,2.3512,0.0387,-0.9974,0,1,0,0.22896,1
0.5155,5.0090,2.3637,11.9090,0.9453,0.0238,-0.9908,0,0,0,0.00000,3
0.4359,4.4724,2.5822,11.6423,-2.9548,0.0346,-0.5954,0,1,0,0.38788,3
0.4812,4.4894,2.3917,11.8610,1.0434,0.0321,-0.8768,0,1,0,0.28879,1
0.5801,5.4820,2.2018,12.3130,0.3226,0.0564,-1.6729,0,1,0,0.27447,1
0.4960,4.4990,2.3349,12.4036,-0.5688,0.0121,-1.4340,0,1,0,0.85011,1
0.4969,5.0597,2.4502,11.9195,-2.5955,0.0442,-0.9877,0,1,0,0.36462,1
0.3705,3.8694,2.7301,11.7749,2.9479,0.0580,-0.6197,0,1,0,0.34130,3
0.4249,4.2988,2.5883,11.9704,-3.0440,0.0422,-0.8688,0,1,0,0.72275,1
0.4621,4.6083,2.4991,11.7295,2.7324,0.0195,-0.6996,0,1,0,0.21478,1
0.4387,4.6051,2.6024,11.7634,2.6405,0.0992,-0.7877,0,1,0,0.44822,1
0.3468,3.7244,2.8096,12.5069,-2.6522,0.0533,-1.1070,0,1,0,0.82266,1
0.4141,4.1823,2.6071,11.8005,2.3937,0.0098,-0.6600,0,1,0,0.22941,3
0.4431,4.7381,2.6143,11.9063,-2.9020,0.1005,-0.9287,0,1,0,0.63923,1
0.5181,5.3569,2.4212,11.9210,1.2479,0.0126,-0.9965,0,1,0,0.32160,3
0.3642,3.8761,2.7656,11.5567,2.9177,0.0457,-0.4336,0,1,0,0.30760,3
0.4355,4.2184,2.5198,11.8045,0.9580,0.0046,-0.6968,0,1,0,0.24680,3
0.3995,4.0799,2.6483,11.8205,1.7104,0.0286,-0.6722,0,1,0,0.29019,1
0.3570,3.9395,2.8240,12.2213,-2.8522,0.1422,-1.0411,0,1,0,0.71607,2
0.4259,4.4960,2.6348,12.2960,2.1850,0.0167,-1.1251,0,1,0,0.89409,3
0.3746,4.0741,2.7718,11.8512,-2.6230,0.0154,-0.6321,0,1,0,0.61710,1
0.3713,3.9951,2.7649,11.7441,2.7734,0.1213,-0.6754,0,1,0,0.25332,3
0.3584,3.8448,2.7864,13.0812,2.7105,0.0210,-1.5515,0,2,0,0.74550,1
0.4911,4.7804,2.4155,11.5841,-1.7915,0.0044,-0.5931,0,1,0,0.14275,3
0.4660,5.0065,2.5724,12.0631,2.7900,0.0271,-1.0336,0,0,0,0.00000,3
0.3790,3.9483,2.7113,11.7347,2.2445,0.0330,-0.5731,0,1,0,0.19602,3
0.4312,4.3697,2.5778,12.6902,-2.0736,0.0357,-1.5333,0,1,2,1.31123,1
0.4466,4.3317,2.4994,11.9196,-3.0496,0.0019,-0.8181,0,1,0,0.30473,3
0.4249,4.2565,2.5773,12.5663,-1.9910,0.0147,-1.3616,0,1,0,1.18618,1
0.4667,4.8785,2.5408,11.9241,2.5545,0.0525,-0.9352,0,1,0,0.38434,1
0.3788,3.9546,2.7142,12.4177,-2.5211,0.0457,-1.1278,0,1,0,1.04788,1
0.3886,4.2226,2.7431,13.0508,-2.8555,0.0151,-1.6518,0,1,0,1.32434,1
0.3912,4.2546,2.7389,11.9599,-2.3515,0.1291,-0.8974,0,1,0,0.58656,3
0.3987,4.2792,2.7083,13.0780,-1.9004,0.0282,-1.7446,0,1,1,1.96990,1
0.4956,4.7236,2.3851,12.1785,-0.6445,0.0288,-1.2260,0,1,0,0.28590,1
0.4094,4.4870,2.7118,12.8326,2.9725,0.0941,-1.6752,0,1,1,1.41085,1
0.3633,3.8318,2.7562,12.5758,-2.8114,0.0034,-1.1408,0,1,1,1.31442,1
0.4179,4.3266,2.6281,12.4297,-1.6716,0.0107,-1.2104,0,1,1,1.08654,1
0.3846,4.2224,2.7632,12.4240,-2.8229,0.0648,-1.1788,0,1,1,0.98930,3
0.4197,4.3107,2.6154,11.8039,-3.0984,0.0345,-0.7050,0,1,0,0.18746,3
0.4651,4.5322,2.4684,11.5796,-1.0911,0.0085,-0.5532,0,1,0,0.22107,3
0.4395,4.6350,2.6059,12.4955,2.3054,0.0400,-1.3860,0,1,0,0.66718,1
0.4100,4.3723,2.6783,12.5692,-1.7528,0.0334,-1.3420,0,1,0,1.35909,1
0.3979,4.1285,2.6695,11.7159,2.5179,0.1489,-0.7343,0,1,0,0.19534,1
0.4459,4.6451,2.5794,11.7328,-2.5084,0.0379,-0.6967,0,1,0,0.16172,3
0.6014,5.6434,2.1494,12.1402,-0.3022,0.0801,-1.5578,0,0,1,0.27622,1
0.3492,3.8536,2.8396,12.4891,-2.7555,0.0499,-1.0959,0,1,0,1.19110,2
0.4406,4.3495,2.5303,11.6852,-2.7103,0.0510,-0.6608,0,1,0,0.18505,1
0.3514,3.7542,2.7945,11.9611,-2.6959,0.0731,-0.7394,0,1,0,0.60703,3
0.5159,5.2694,2.4134,12.7453,-0.1115,0.0124,-1.8829,0,1,0,1.37738,1
0.4124,4.1590,2.6090,11.8879,1.9371,0.0116,-0.7313,0,0,3,0.60166,3
0.3740,4.0945,2.7812,11.8578,3.0564,0.0569,-0.6878,0,1,0,0.15893,3
0.5129,4.7912,2.3305,12.3831,0.4375,0.0116,-1.4672,0,1,0,0.78527,1
0.5483,5.6607,2.3545,12.8286,0.8589,0.0157,-2.1202,0,1,2,1.00148,1
0.4997,4.9276,2.4113,11.8069,-0.4980,0.0005,-0.8221,0,1,0,0.42723,3
0.3889,4.0021,2.6777,11.9572,-2.3985,0.0733,-0.8183,0,1,0,0.64073,3
0.4469,4.8261,2.6178,11.9847,-2.9667,0.1016,-1.0115,0,1,0,0.72320,1
0.4491,4.5908,2.5519,11.7829,2.9806,0.0035,-0.7040,0,1,0,0.31274,3
0.3893,4.1154,2.7084,13.1164,-1.9759,0.0281,-1.7358,0,1,0,0.22773,1
0.5462,5.1076,2.2638,12.1136,0.1218,0.0062,-1.2622,0,1,0,0.60038,1
0.3602,3.9317,2.8042,12.7938,3.1039,0.1162,-1.4790,0,1,1,0.88628,1
0.4678,5.1635,2.5989,11.7910,2.9368,0.0378,-0.7931,0,1,0,0.20785,2
0.4185,4.5939,2.6953,11.6181,2.3752,0.0583,-0.5762,0,1,0,0.40903,3
0.4254,4.1407,2.5444,12.0862,-0.4862,0.0036,-0.9183,0,1,0,0.62131,1
0.3788,4.0566,2.7447,12.5615,2.2588,0.0268,-1.2178,0,2,0,1.14334,1
0.4098,4.3081,2.6619,12.0419,2.0412,0.0181,-0.8637,0,1,0,0.81058,1
0.4206,4.6206,2.6917,12.1899,2.8535,0.0565,-1.0715,0,1,1,0.55904,3
0.3863,3.9878,2.6863,12.1942,-1.6681,0.0106,-0.9191,0,1,0,0.94750,1
0.5825,5.9135,2.2626,11.9045,0.8754,0.0150,-1.1319,0,1,0,0.14679,3
0.3281,3.6172,2.8787,12.2732,2.2717,0.0737,-0.9078,0,1,0,0.69203,0
0.5175,5.5869,2.4677,12.5111,-2.1803,0.0022,-1.6157,0,1,2,1.15331,1
0.5279,5.2440,2.3600,12.0289,-1.4258,0.0094,-1.1290,0,1,0,0.44738,3
0.4561,4.5278,2.5058,12.7703,2.5766,0.0052,-1.6568,0,1,0,1.67818,1
0.3576,3.9468,2.8233,12.5949,3.1373,0.1539,-1.3607,0,1,1,1.40811,0
0.3946,4.2636,2.7243,12.9695,3.0269,0.0712,-1.7020,0,2,0,1.57509,1
0.3714,4.0083,2.7684,11.8823,2.7679,0.2053,-0.8891,0,1,0,0.15648,1
0.3550,3.8042,2.7913,12.0180,2.2607,0.0175,-0.7174,0,1,0,0.64085,1
0.3886,4.1054,2.7094,12.6078,2.4890,0.0860,-1.3808,0,1,1,1.10335,1
0.4684,4.4962,2.4459,11.9033,-0.9137,0.0156,-0.8686,0,1,0,0.48457,1
0.3752,3.9968,2.7454,12.2458,-2.5953,0.1382,-1.1067,0,1,0,0.81791,1
0.5674,5.3224,2.2221,12.4242,1.5728,0.0029,-1.6811,0,1,0,0.87852,1
0.4517,4.2355,2.4540,11.6478,0.0025,0.0270,-0.6154,0,0,0,0.00000,1
0.4094,4.1580,2.6227,12.0464,-1.7549,0.0058,-0.8495,0,1,0,0.57205,1
0.4072,4.4343,2.7085,12.0471,2.4027,0.0399,-0.8912,0,1,1,0.54467,3
0.3904,4.1494,2.7126,11.7946,-3.0683,0.1062,-0.7316,0,1,0,0.17461,1
0.3817,3.9121,2.6863,12.7685,1.9109,0.0012,-1.3586,0,1,1,1.46268,1
0.4486,4.5733,2.5497,11.6204,2.4577,0.0777,-0.6496,0,1,0,0.25079,1
0.4054,4.2381,2.6637,13.0145,-2.5130,0.0578,-1.7693,0,1,0,1.88886,1
0.5462,4.9764,2.2395,11.7399,0.7195,0.0251,-0.8753,0,1,0,0.26063,1
0.5016,5.1141,2.4417,12.6263,-1.4506,0.0058,-1.6854,0,1,1,1.24812,1
0.4041,4.4320,2.7232,11.9917,-2.2570,0.0698,-0.8764,0,1,0,0.43786,3
0.3856,3.9571,2.6804,12.2060,-2.4926,0.0516,-0.9834,0,1,1,0.54348,3
0.5246,5.6300,2.4459,11.9824,-2.5206,0.0360,-1.1098,0,1,0,0.45636,1
0.4186,4.5922,2.6943,12.7287,3.0502,0.1030,-1.6278,0,1,1,1.42217,1
0.5821,5.7450,2.2372,12.8619,-0.6732,0.0394,-2.3473,0,1,1,1.41479,1
0.3608,3.9143,2.7956,11.8947,-2.8039,0.0931,-0.7350,0,1,0,0.53141,3
0.3966,4.1959,2.6952,12.1168,1.6713,0.0360,-0.9177,0,1,0,0.75142,1
0.4931,4.8962,2.4319,12.4232,1.5411,0.0390,-1.4901,0,2,0,0.99829,1
0.3965,4.2031,2.6979,11.8096,2.9222,0.0545,-0.6905,0,1,0,0.51076,3
0.4813,4.7738,2.4545,11.9552,-0.0521,0.0105,-0.9417,0,1,0,0.40119,1
0.5286,5.2557,2.3597,11.8322,0.3713,0.0392,-0.9599,0,1,0,0.54557,1
0.3948,4.0704,2.6683,11.6250,-1.8724,0.0396,-0.5221,0,1,0,0.19854,1
0.4253,4.5589,2.6536,12.1155,-1.6296,0.0275,-0.9785,0,1,0,0.66334,1
0.3996,3.9964,2.6238,12.7601,1.7761,0.0250,-1.4589,1,1,3,2.16260,1
0.4570,4.9208,2.5937,12.5938,2.3717,0.0483,-1.5557,0,1,0,1.18788,1
0.3336,3.6626,2.8631,11.6565,2.5391,0.0396,-0.4522,0,1,0,0.38745,1
0.5171,5.1706,2.3894,12.0680,1.4851,0.0004,-1.1307,0,1,0,0.58649,3
0.3452,3.7258,2.8193,13.0887,2.9869,0.0202,-1.4964,0,1,1,1.95904,1
0.3937,4.3277,2.7468,12.9928,-3.0388,0.0418,-1.6690,0,1,1,1.82066,1
0.3972,4.1465,2.6781,12.1937,2.9961,0.0634,-1.0208,0,1,0,0.96224,1
0.3924,4.3194,2.7510,13.0759,-2.6418,0.1152,-1.8651,0,1,1,1.99071,1
0.4985,4.7442,2.3778,11.7598,1.5574,0.0376,-0.8198,0,1,0,0.14313,3
0.4932,4.6441,2.3773,11.9913,-2.5574,0.0021,-0.9920,0,1,0,0.63837,1
0.5588,5.8174,2.3397,12.0414,2.0437,0.0448,-1.2736,0,1,0,0.64230,1
0.4359,4.4745,2.5826,11.8876,-2.8828,0.0323,-0.8075,0,1,0,0.24819,3
0.3742,4.0189,2.7571,12.0941,-2.7201,0.1404,-0.9826,0,1,0,0.78531,1
0.3477,3.7823,2.8243,12.6550,2.4827,0.0513,-1.2198,1,2,0,1.38989,1
0.3846,4.2307,2.7661,11.7737,2.2884,0.0259,-0.6048,0,1,0,0.46553,1
0.4147,4.2988,2.6359,12.1640,2.5919,0.0442,-1.0156,0,1,0,0.69579,3
0.3419,3.7133,2.8331,13.2669,2.6186,0.0709,-1.7143,0,1,1,2.03194,1
0.3348,3.6742,2.8599,13.0529,2.9091,0.0827,-1.5286,0,1,0,1.89350,1
0.4010,4.2402,2.6861,11.9548,-2.6132,0.0545,-0.8185,0,1,0,0.22532,3
0.4094,4.1322,2.6155,11.9548,-2.5395,0.0501,-0.8312,0,1,0,0.63412,3
0.4337,4.5689,2.6165,11.9042,-2.4226,0.0072,-0.7855,0,1,0,0.64429,3
0.4608,5.0140,2.5974,11.7040,-2.6807,0.0292,-0.6877,0,1,0,0.30433,3
0.3807,3.9168,2.6932,12.3837,2.6378,0.0111,-1.0559,1,2,1,0.92333,1
0.3607,3.9238,2.7992,11.7852,2.5467,0.1311,-0.6995,0,1,0,0.35279,3
0.4202,4.4026,2.6374,11.6231,1.3879,0.0055,-0.5189,0,1,0,0.29554,1
0.3836,4.0351,2.7135,12.4278,-2.7043,0.0685,-1.1847,0,1,0,1.27394,1
0.3812,3.9169,2.6905,11.7851,-2.6432,0.0802,-0.6745,0,1,0,0.50311,3
0.4192,4.2253,2.5949,12.5738,-2.9420,0.0105,-1.3424,0,2,0,0.97499,1
0.4194,4.3434,2.6254,11.7844,1.9539,0.0259,-0.6773,0,1,0,0.52903,3
0.4326,4.1988,2.5273,11.7359,-1.4068,0.0434,-0.6812,0,1,0,0.26911,3
0.5244,5.0007,2.3272,12.0669,0.4845,0.0321,-1.1908,0,1,0,0.74874,1
0.3601,3.8354,2.7742,12.6139,-2.6267,0.0161,-1.1788,0,1,3,1.00327,1
0.3661,3.9246,2.7703,12.0823,2.1856,0.0399,-0.8205,0,1,0,0.77946,1
0.3869,3.9694,2.6776,12.0327,-3.1413,0.0612,-0.8591,0,1,0,0.70016,1
0.3569,3.7792,2.7732,12.2995,2.6377,0.0508,-0.9765,0,1,1,1.06996,3
0.3308,3.6264,2.8663,12.6758,2.9909,0.1760,-1.3641,1,2,1,1.07988,1
0.5054,5.0312,2.4090,12.6028,-1.1709,0.0192,-1.6949,0,1,1,1.19970,1
0.4443,4.7784,2.6187,12.5175,2.5565,0.0776,-1.4800,0,1,1,1.10073,1
0.4289,4.1933,2.5423,11.8492,-0.6007,0.0133,-0.7340,0,1,0,0.52919,1
0.4044,4.4172,2.7176,12.4700,-2.3030,0.0390,-1.2446,0,1,1,0.44567,3
0.4674,4.9351,2.5502,11.7740,2.6989,0.0596,-0.8029,0,1,0,0.34264,1
0.3900,4.3065,2.7600,12.3462,2.9792,0.0778,-1.1484,0,1,0,1.11236,2
0.4730,5.0295,2.5465,11.7658,-0.1963,0.0021,-0.7336,0,1,0,0.31651,1
0.3889,4.0607,2.6949,12.7991,2.9460,0.0022,-1.4142,0,1,2,1.35164,1
0.4901,4.4854,2.3553,11.8965,0.5285,0.0041,-0.8925,0,1,0,0.21305,1
0.3592,3.8497,2.7837,12.7269,-2.7931,0.0545,-1.3238,0,1,0,1.30660,1
0.4837,4.5507,2.3952,11.7556,-2.1175,0.0317,-0.7793,0,1,0,0.31227,1
0.4418,4.6318,2.5948,11.7737,-2.3535,0.0360,-0.7233,0,1,0,0.25915,3
0.4174,4.5826,2.6977,11.9129,-2.6872,0.1042,-0.8829,0,1,0,0.65847,3
0.4284,4.3868,2.5950,11.9515,2.1776,0.0216,-0.8334,0,1,0,0.67466,3
0.3642,3.9100,2.7760,12.0077,2.5229,0.0708,-0.7994,0,1,0,0.27674,3
0.4323,4.5760,2.6247,11.7411,-2.6034,0.0869,-0.7406,0,1,0,0.25419,1
0.3561,3.8066,2.7864,13.2043,3.0604,0.0616,-1.7151,0,1,2,1.31741,1
0.4515,4.6340,2.5517,11.7661,-1.7824,0.0696,-0.7770,0,1,0,0.35354,3
0.4523,4.6574,2.5533,11.7457,2.4943,0.0080,-0.6825,0,1,0,0.26823,3
0.4129,4.1136,2.5941,12.5820,1.9822,0.0122,-1.3299,0,1,1,1.28545,1
0.4508,4.4584,2.5124,11.6695,1.4302,0.0199,-0.6254,0,1,0,0.19612,3
0.4028,4.0961,2.6368,11.8479,-1.6922,0.0144,-0.6828,0,1,0,0.42818,1
0.4222,4.3779,2.6216,12.8349,-2.1633,0.0192,-1.6070,0,1,2,1.65395,1
0.3479,3.7833,2.8236,13.2804,2.8341,0.0584,-1.7317,0,1,0,1.42563,1
0.3785,3.9402,2.7112,11.8763,2.4869,0.0652,-0.7216,0,1,0,0.29567,3
0.4642,4.4102,2.4434,11.7470,2.8048,0.0147,-0.7124,0,1,0,0.22187,1
0.3904,3.9972,2.6686,12.2561,2.4537,0.0336,-1.0125,0,1,0,1.02747,1
0.3914,4.1367,2.7042,11.8346,1.9314,0.0121,-0.6474,0,1,0,0.39736,1
0.4303,4.4940,2.6134,11.7551,-2.0013,0.0176,-0.6624,0,1,0,0.45094,3
0.4082,4.3417,2.6788,12.0889,2.5115,0.1190,-1.0347,0,1,1,0.45290,1
0.4947,5.3736,2.5235,12.0297,-2.0470,0.0331,-1.0815,0,1,0,0.62730,3
0.5957,5.6324,2.1685,12.0676,-0.3496,0.0528,-1.4114,0,1,0,0.64223,1
0.3610,3.8715,2.7808,13.2011,2.2028,0.0164,-1.6537,0,1,1,2.10341,1
0.4481,4.6164,2.5624,11.8840,-2.7234,0.0068,-0.7974,0,0,0,0.00000,3
0.4347,4.2165,2.5224,11.8483,1.7621,0.0326,-0.7698,0,1,0,0.51261,3
0.4416,4.8327,2.6443,11.9598,2.6987,0.0202,-0.8700,0,1,0,0.46793,3
0.4273,4.4292,2.6110,12.0632,-2.2902,0.1027,-1.0381,0,1,0,0.83092,1
0.3924,4.1494,2.7029,11.8591,3.0389,0.0032,-0.6575,0,1,0,0.50692,1
0.3468,3.7684,2.8243,12.3805,2.9876,0.0238,-0.9703,0,1,0,1.14754,1
0.5349,5.5942,2.3967,12.0517,2.7141,0.0114,-1.1769,0,1,0,0.54514,3
0.4548,4.3580,2.4706,12.0286,0.5393,0.0251,-0.9677,0,1,0,0.35915,1
0.4068,4.2366,2.6567,11.8207,-2.8692,0.0687,-0.7375,0,1,0,0.42322,1
0.3527,3.7696,2.7928,12.5852,-2.3805,0.0606,-1.1977,0,1,1,1.03117,1
0.4537,4.5013,2.5099,12.4765,-2.5480,0.0005,-1.3540,0,1,1,1.15751,1
0.5130,4.8427,2.3404,11.7953,0.6989,0.0522,-0.9040,0,1,0,0.15438,1
0.3547,3.7818,2.7860,13.1795,-3.1257,0.0332,-1.6362,0,1,1,2.16123,1
0.3889,4.1603,2.7236,11.8201,2.0138,0.0381,-0.6639,0,1,0,0.41424,1
0.4516,4.6614,2.5577,11.6209,-1.9155,0.0165,-0.5799,0,1,0,0.25610,3
0.3625,3.8137,2.7543,12.7450,-2.9446,0.1070,-1.4349,0,1,2,1.45544,1
0.3995,4.2673,2.7010,11.8042,2.5793,0.0414,-0.6756,0,1,0,0.41176,3
0.4100,4.3516,2.6726,12.6770,2.2580,0.0232,-1.4226,0,1,2,1.19067,1
0.4628,4.5715,2.4875,11.6093,0.7842,0.0048,-0.5723,0,1,0,0.21093,3
0.4595,4.5549,2.4977,11.9889,-2.0083,0.0418,-0.9651,0,1,0,0.34778,3
0.4261,4.3194,2.5881,12.2356,-2.4292,0.0210,-1.0770,0,1,0,0.90278,1
0.4494,4.8811,2.6193,12.0498,1.6804,0.0142,-0.9626,0,1,0,0.61538,1
0.5609,5.2075,2.2263,12.1544,-0.9129,0.0556,-1.4222,0,1,0,0.47811,1
0.5383,5.0772,2.2882,12.3795,-1.6347,0.0209,-1.5607,0,2,0,0.82156,1
0.4388,4.4819,2.5713,12.0420,0.1929,0.0042,-0.9145,0,1,0,0.63308,1
0.3577,3.8845,2.8026,11.7592,-2.8461,0.0222,-0.5415,0,0,2,0.39077,1
0.4102,4.2732,2.6503,11.6770,-1.5371,0.0266,-0.5727,0,1,0,0.35539,1
0.5661,5.6165,2.2769,12.4403,1.7481,0.0173,-1.7226,0,2,0,0.62953,1
0.5046,4.8862,2.3828,12.1179,0.8561,0.0290,-1.1887,0,1,0,0.66753,1
0.5067,5.0563,2.4088,12.2168,-0.7322,0.0407,-1.3167,0,1,0,0.94098,1
0.4436,4.3870,2.5265,12.2975,-1.3844,0.0128,-1.1713,0,1,0,0.89181,1
0.4402,4.5060,2.5712,12.0991,-1.7136,0.0168,-0.9865,0,1,0,0.47202,3
0.3889,4.2853,2.7593,11.6592,2.0494,0.0711,-0.5780,0,1,0,0.15443,0
0.3917,4.0901,2.6894,12.5662,-2.8424,0.0252,-1.2633,0,1,1,1.17388,1
0.4795,5.0969,2.5323,11.8465,1.0969,0.0068,-0.8296,0,1,0,0.22887,1
0.4996,4.6480,2.3528,12.0057,0.5226,0.0080,-1.0295,0,1,0,0.61780,1
0.4033,4.3444,2.7032,12.2243,-2.4091,0.0944,-1.1062,0,1,1,0.40711,3
0.3531,3.7704,2.7906,12.2271,2.9078,0.0145,-0.8619,0,1,1,0.81342,1
0.4286,4.3514,2.5851,12.1822,2.4538,0.0491,-1.0756,0,1,0,0.78154,1
0.4251,4.1467,2.5471,11.9598,-2.5794,0.0253,-0.8372,0,1,0,0.21174,1
0.6061,6.0572,2.1948,12.1646,1.8261,0.0184,-1.5144,0,1,0,0.23622,1
0.3776,4.1339,2.7739,13.2018,2.4859,0.0311,-1.7603,0,1,0,1.83526,1
0.4758,4.7646,2.4757,12.1538,-1.4057,0.0161,-1.1305,0,1,0,0.68261,1
0.4835,5.0684,2.5088,11.9739,2.3540,0.0303,-0.9934,0,1,0,0.34561,3
0.4844,5.1207,2.5162,12.6783,-2.1678,0.0437,-1.7380,0,1,0,1.29864,1
0.4706,4.9014,2.5288,11.8311,2.3129,0.0191,-0.8115,0,1,0,0.22003,3
0.3368,3.6737,2.8487,12.3392,-2.6992,0.1713,-1.1158,0,1,0,0.33409,1
0.4103,4.0833,2.5979,11.5084,-1.2492,0.0214,-0.4295,0,1,0,0.18755,1
0.3931,4.0034,2.6573,12.1049,1.4947,0.0280,-0.8880,0,1,2,0.84219,1
0.3790,3.9522,2.7123,11.9780,-1.8219,0.0212,-0.7452,0,1,0,0.66967,1
0.5112,5.0195,2.3832,12.0092,0.6196,0.0397,-1.1075,0,1,0,0.50519,1
0.4172,4.2283,2.6053,12.9694,-1.1367,0.0085,-1.6920,0,1,1,1.69321,1
0.4388,4.5781,2.5952,11.7618,1.6967,0.0580,-0.7346,0,1,0,0.34383,3
0.3454,3.8082,2.8458,13.2414,2.8500,0.0371,-1.6479,0,1,1,2.14088,0
0.3300,3.6190,2.8687,13.3554,-3.1413,0.0665,-1.7170,0,1,0,2.02060,1
0.5416,5.5762,2.3666,11.8739,1.3457,0.0256,-1.0170,0,1,0,0.60397,3
0.4592,4.8573,2.5691,11.9220,-2.0448,0.0052,-0.8548,0,1,0,0.43119,3
0.4451,4.3416,2.5084,11.6047,3.0515,0.0153,-0.5529,0,1,0,0.28401,1
0.3568,3.8790,2.8059,11.9367,-2.2979,0.0541,-0.7086,0,1,1,0.61597,1
0.4571,5.0112,2.6138,11.7104,2.1824,0.0491,-0.7116,0,1,0,0.24311,3
0.4728,4.3955,2.4044,12.0265,-0.8256,0.0508,-1.0444,0,1,0,0.46671,1
0.5081,5.2660,2.4452,12.1999,0.3785,0.0139,-1.2656,0,0,0,0.00000,1
0.4411,4.8390,2.6480,12.4067,-2.4354,0.0841,-1.3716,0,1,0,0.95239,3
0.3946,4.3095,2.7370,11.8320,-2.2629,0.0869,-0.7459,0,1,0,0.17151,3
0.4738,4.6824,2.4658,11.8732,1.8504,0.0388,-0.8829,0,1,0,0.48336,3
0.3738,3.9785,2.7469,11.9880,-2.4166,0.0726,-0.8082,0,1,0,0.77085,3
0.3901,4.0748,2.6927,11.6007,2.3813,0.0496,-0.5081,0,1,0,0.30834,3
0.5004,5.0859,2.4411,12.9339,2.7473,0.0013,-2.0073,0,1,1,1.22994,1
0.4336,4.5930,2.6230,13.0871,-3.0637,0.0060,-1.8745,0,1,1,1.79125,1
0.5157,5.0052,2.3624,12.0210,2.7769,0.0025,-1.0792,0,1,0,0.31849,1
0.3509,3.8501,2.8288,12.7556,2.8482,0.0752,-1.3472,0,1,1,1.57421,1
0.4074,4.3384,2.6814,11.9773,-2.9834,0.0427,-0.8365,0,1,0,0.44602,3
0.3527,3.7496,2.7861,12.5721,2.5117,0.0673,-1.1976,0,2,0,0.97200,1
0.4110,4.0774,2.5930,11.9603,-1.7360,0.0139,-0.7914,0,1,1,0.34800,3
0.4115,4.0523,2.5837,12.0244,2.9730,0.0075,-0.8377,0,2,0,0.54522,1
0.5179,5.2710,2.4054,11.8292,-0.3215,0.0121,-0.8992,0,1,0,0.16009,1
0.4213,4.6298,2.6906,12.2139,-3.0242,0.0951,-1.1478,0,1,1,0.56815,1
0.3459,3.7147,2.8115,12.2515,-2.8662,0.0633,-0.9270,0,1,1,1.01262,3
0.4144,4.2973,2.6366,11.5478,2.3673,0.0116,-0.4558,0,1,0,0.27686,3
0.3528,3.8566,2.8204,12.4331,3.1118,0.0179,-1.0193,0,1,0,1.23198,1
0.4318,4.4754,2.6017,12.1515,2.6603,0.0516,-1.0601,0,1,0,0.61788,1
0.3990,4.3265,2.7198,11.9632,2.5346,0.1698,-0.9705,0,1,0,0.44781,1
0.4084,4.2994,2.6660,12.8546,-2.5605,0.0621,-1.6407,0,1,0,1.62184,1
0.4460,4.5724,2.5613,11.8470,-2.3132,0.0531,-0.8190,0,1,0,0.45521,3
0.3704,4.0655,2.7914,12.0889,2.8384,0.1025,-0.9182,0,0,2,0.27824,3
0.4418,4.7937,2.6338,12.0221,2.0796,0.0331,-0.9438,0,1,0,0.56687,3
0.4758,4.6666,2.4541,11.6243,1.9833,0.0189,-0.6245,0,1,0,0.31080,3
0.4567,4.8017,2.5674,12.0607,1.5862,0.0281,-1.0089,0,1,0,0.43423,1
0.3941,4.1869,2.7048,11.9597,1.9292,0.0627,-0.8182,0,1,0,0.60914,1
0.3926,4.2825,2.7396,13.1110,2.7742,0.0489,-1.7828,0,2,1,1.11944,1
0.4263,4.6099,2.6614,11.8460,-1.7382,0.0610,-0.7884,0,1,0,0.49406,1
0.5930,5.6461,2.1809,12.4090,-0.6070,0.0163,-1.7719,0,1,0,0.72278,1
0.4140,4.2203,2.6181,11.8564,-2.3254,0.0189,-0.7179,0,1,0,0.63185,3
0.3720,3.9413,2.7447,11.5486,2.6078,0.0168,-0.4043,0,1,0,0.32680,1
0.4678,4.5247,2.4552,11.8227,2.7611,0.0099,-0.7842,0,1,0,0.53754,1
0.4344,4.5357,2.6051,11.9523,2.6385,0.0395,-0.8713,0,1,0,0.46168,3
0.4450,4.2410,2.4840,12.5262,3.0217,0.0113,-1.3870,0,1,1,1.16427,1
0.4205,4.4101,2.6380,12.2669,-2.3201,0.0363,-1.1111,0,1,2,1.11210,3
0.4333,4.3554,2.5643,11.8828,1.9436,0.0115,-0.7706,0,1,0,0.61263,3
0.4006,4.3132,2.7081,11.8759,-2.8168,0.0128,-0.6999,0,1,0,0.61520,1
0.4168,4.2045,2.6007,11.8364,2.2654,0.1007,-0.8113,0,1,0,0.43151,1
0.4257,4.5052,2.6376,12.8495,2.5581,0.0662,-1.7140,0,1,0,1.53709,1
0.5254,4.8535,2.2943,12.1362,0.0615,0.0435,-1.2843,0,1,0,0.50224,1
0.4462,4.2397,2.4786,11.7727,0.0791,0.0065,-0.6912,0,1,0,0.19975,1
0.4672,4.6012,2.4754,12.2555,2.1439,0.0279,-1.2224,0,1,0,0.88220,1
0.5158,4.8620,2.3333,11.7283,-1.0333,0.0384,-0.8222,0,1,0,0.48366,3
0.4134,4.1237,2.5944,11.9308,-1.3862,0.0049,-0.7604,0,1,0,0.70106,1
0.3844,4.0848,2.7243,12.9327,-2.9449,0.0385,-1.5707,0,1,0,1.56698,1
0.5360,5.1733,2.3150,11.9157,-0.4316,0.0212,-1.0412,0,1,0,0.57980,1
0.4559,4.7429,2.5575,12.0372,2.8687,0.0165,-0.9689,0,1,0,0.77407,3
0.4897,4.6121,2.3845,12.1939,1.4510,0.0214,-1.2143,1,1,0,0.33398,1
0.5200,5.4080,2.4233,11.8494,-1.6736,0.0201,-0.9359,0,1,0,0.28805,3
0.3943,3.9973,2.6496,12.3716,2.9898,0.0590,-1.1570,0,1,0,1.05194,1
0.5216,5.0204,2.3421,12.0846,-1.9718,0.0243,-1.1920,0,1,0,0.34288,1
0.4513,4.8894,2.6123,12.8495,1.9823,0.0216,-1.7465,0,1,0,1.67013,1
0.4359,4.6574,2.6280,11.7134,2.5621,0.0104,-0.6280,0,1,0,0.39759,3
0.3935,4.3398,2.7513,11.9482,-3.0019,0.0149,-0.7463,0,1,0,0.70387,0
0.3801,4.1231,2.7579,12.8992,-2.4545,0.0739,-1.5817,0,1,1,1.43574,1
0.5135,5.0548,2.3810,11.7329,-1.4228,0.0192,-0.7990,0,1,0,0.20910,3
0.4549,4.7064,2.5534,12.1865,2.1040,0.0174,-1.1076,0,1,0,0.60203,3
0.4822,5.2551,2.5541,11.7580,3.0118,0.0954,-0.8621,0,1,0,0.28402,1
0.4173,4.0992,2.5701,11.6357,-1.6513,0.0230,-0.5450,0,1,0,0.25477,3
0.4538,4.6888,2.5542,12.5565,1.4836,0.0385,-1.4917,0,1,1,0.93395,1
0.3540,3.7559,2.7812,11.6900,2.7536,0.0556,-0.5261,0,1,0,0.21183,3
0.4407,4.4861,2.5639,12.1345,-3.1118,0.0138,-1.0157,0,1,0,0.74311,3
0.3938,4.1559,2.6979,11.8754,-2.7205,0.0893,-0.7826,0,1,0,0.15545,3
0.4372,4.4364,2.5675,12.2604,-2.6496,0.0127,-1.1190,0,1,0,0.83199,1
0.3983,4.1231,2.6660,11.8949,-2.0591,0.0346,-0.7380,0,1,0,0.39663,3
0.4569,4.4156,2.4759,12.7040,-3.0463,0.0056,-1.5935,0,0,4,1.14763,1
0.3687,3.9285,2.7581,11.5656,1.8998,0.0811,-0.4881,0,1,0,0.20027,1
0.3909,4.1587,2.7130,12.2642,3.0156,0.0987,-1.1116,0,1,1,0.76431,1
0.4609,4.4820,2.4744,12.3703,1.5696,0.0035,-1.2786,0,0,2,1.18555,1
0.5140,5.2242,2.4127,11.7522,2.0872,0.0829,-0.9025,0,0,0,0.00000,1
0.3442,3.7390,2.8292,12.4871,-2.6194,0.0364,-1.0589,0,1,0,1.24981,1
0.3721,4.0465,2.7763,11.9970,2.9816,0.0694,-0.8073,0,1,0,0.57308,3
0.4148,4.5718,2.7074,12.1615,-1.9728,0.0209,-0.9829,0,1,0,0.35058,0
0.4698,4.9913,2.5522,11.9966,1.4453,0.0321,-0.9853,0,1,0,0.20851,1
0.5335,5.4372,2.3740,11.9876,-0.6765,0.0275,-1.1240,1,1,0,0.32756,1
0.5047,4.8819,2.3813,11.7466,0.3326,0.0111,-0.7849,0,1,0,0.43233,3
0.3734,4.1052,2.7872,12.0816,-3.0291,0.1012,-0.9182,0,1,0,0.68409,3
0.4756,4.6932,2.4608,12.7650,-2.2728,0.0089,-1.7348,0,1,1,1.30676,1
0.5608,5.6904,2.3101,12.9767,-0.3573,0.0084,-2.3422,0,1,1,1.88026,1
0.3381,3.7090,2.8532,12.3606,2.8937,0.1843,-1.1541,0,1,1,1.19001,1
0.4024,4.2689,2.6871,11.8346,3.1371,0.1051,-0.7863,0,1,0,0.60355,1
0.4292,4.6737,2.6640,11.8794,2.1790,0.0282,-0.7817,0,1,0,0.38109,1
0.4270,4.1206,2.5320,12.7368,1.2271,0.0098,-1.5173,0,1,1,1.25570,0
0.4315,4.1887,2.5294,12.7441,-1.8208,0.0161,-1.5526,0,2,0,0.72344,1
0.3750,4.0826,2.7719,12.1341,3.1243,0.1690,-1.0552,0,1,0,0.68100,1
0.3385,3.6760,2.8396,12.3235,-2.7100,0.1315,-1.0538,0,1,0,0.95680,3
0.4447,4.5796,2.5690,11.8666,2.8709,0.0126,-0.7818,0,1,0,0.45433,3
0.3808,3.9256,2.6951,13.0402,-2.3089,0.0378,-1.6476,0,1,3,1.75968,1
0.3379,3.6886,2.8476,12.6428,3.0293,0.0858,-1.2277,0,0,1,0.16831,1
0.3913,4.2362,2.7332,13.0848,2.9242,0.0606,-1.7736,1,2,0,1.62473,1
0.4309,4.4777,2.6065,12.1501,-2.6555,0.0090,-0.9981,0,1,0,0.66489,3
0.4907,4.9772,2.4590,11.8001,2.0590,0.0217,-0.8254,0,1,0,0.52780,3
0.4902,4.9689,2.4592,12.2411,2.4098,0.0075,-1.2466,0,2,0,0.70465,1
0.3783,3.8831,2.6947,12.6271,-2.4509,0.0345,-1.2816,0,1,1,0.91551,1
0.5141,5.2941,2.4257,11.7493,0.3390,0.0138,-0.8114,0,1,0,0.19198,1
0.3769,4.0786,2.7609,13.0101,2.9501,0.0247,-1.5813,0,1,1,1.83285,1
0.4853,4.5608,2.3912,11.8580,0.4340,0.0022,-0.8429,0,1,0,0.39732,1
0.3775,4.0012,2.7347,11.7216,2.0060,0.0363,-0.5648,0,1,0,0.48001,1
0.4242,4.2210,2.5711,12.2272,1.8533,0.0061,-1.0428,0,1,0,0.88439,1
0.5003,5.5071,2.5259,12.7003,-2.6892,0.0181,-1.7842,0,1,0,1.38175,1
0.3914,4.0223,2.6712,12.1585,-2.0357,0.0428,-0.9476,0,1,0,0.56107,3
0.4655,4.2954,2.4110,12.2218,-0.6903,0.0093,-1.1555,0,1,0,0.76898,1
0.3932,4.2370,2.7240,13.1325,2.6117,0.0333,-1.7772,0,1,1,1.69377,1
0.4734,5.0369,2.5462,11.9372,-2.5990,0.0442,-0.9524,0,1,0,0.34623,3
0.4672,4.7705,2.5142,12.0500,-2.6357,0.0526,-1.0574,0,1,0,0.50848,1
0.5115,5.1343,2.4048,12.5053,0.8430,0.0567,-1.6697,0,1,0,0.98219,1
0.4248,4.3801,2.6099,12.0309,1.6054,0.0282,-0.9033,0,1,0,0.20161,1
0.3679,3.9761,2.7771,12.8614,-2.5395,0.0458,-1.4535,0,1,1,1.49064,1
0.4316,4.4304,2.5912,11.8011,-1.8698,0.0032,-0.6860,0,1,0,0.44113,1
0.4170,4.1807,2.5933,11.9196,-1.6047,0.0302,-0.7918,0,1,0,0.46639,3
0.4573,4.3821,2.4660,11.8498,0.9627,0.0100,-0.7876,0,1,0,0.47265,3
0.3745,4.1096,2.7831,11.8515,2.9866,0.0290,-0.6492,0,1,0,0.41512,1
0.4059,4.3371,2.6884,12.3956,-2.9349,0.0568,-1.2102,0,1,0,1.09905,3
0.4598,4.4552,2.4728,11.7559,1.6645,0.0033,-0.6983,0,1,0,0.23807,3
0.3681,3.8782,2.7454,11.9237,2.6087,0.1311,-0.8212,0,1,0,0.24593,1
0.4272,4.1897,2.5491,11.7280,1.5825,0.0041,-0.6153,0,1,0,0.15001,3
0.4803,4.5393,2.4069,11.6276,-1.4156,0.0105,-0.6237,0,1,0,0.17990,3
0.4070,4.1713,2.6377,12.6536,2.6492,0.0239,-1.3913,0,1,0,0.89328,1
0.3818,3.9567,2.6992,12.2339,2.3421,0.1075,-1.0737,0,1,1,0.91850,1
0.5432,4.9110,2.2384,11.6924,0.4660,0.0646,-0.8694,0,0,0,0.00000,1
0.4312,4.3385,2.5697,12.0216,1.3937,0.0246,-0.9050,0,1,0,0.57257,1
0.4373,4.6449,2.6187,12.6925,-2.9547,0.0570,-1.5931,0,1,0,1.47842,1
0.4709,4.6065,2.4611,11.9574,0.1038,0.0129,-0.9224,0,1,0,0.60799,1
0.4345,4.5513,2.6083,11.6741,-2.6739,0.0387,-0.6260,0,1,0,0.39607,3
0.4488,4.9404,2.6359,12.9456,2.7991,0.0365,-1.8570,0,1,1,1.45891,1
0.4119,4.1134,2.5989,12.0368,2.9349,0.0177,-0.8628,0,1,0,0.57956,3
0.3831,3.9404,2.6879,11.7084,2.9530,0.1154,-0.6613,0,1,0,0.36037,1
0.4122,4.3581,2.6637,11.5934,2.3932,0.0208,-0.5009,0,1,0,0.27166,3
0.3783,3.9063,2.7019,11.7962,2.9391,0.1047,-0.7084,0,0,1,0.16688,1
0.5104,5.4744,2.4762,12.4680,2.5568,0.0648,-1.6380,0,2,0,0.50803,1
0.4317,4.4340,2.5917,11.8584,-2.6113,0.0339,-0.7752,0,1,0,0.48586,3
0.4196,4.1671,2.5777,12.4950,2.5337,0.0319,-1.3053,0,1,0,1.18440,1
0.4164,4.1103,2.5772,11.7399,2.5385,0.0204,-0.6268,0,1,0,0.27113,3
0.3951,4.1318,2.6846,11.8524,-2.6856,0.0146,-0.6718,0,1,0,0.42914,3
0.3526,3.8392,2.8161,13.2099,-2.5023,0.0543,-1.6886,0,1,2,1.18075,1
0.4500,4.4304,2.5090,12.1373,1.8769,0.0606,-1.1073,0,1,0,0.74735,1
0.4273,4.5308,2.6368,12.3069,2.8624,0.0609,-1.2020,0,1,0,1.01602,1
0.3745,3.9725,2.7413,12.5281,2.6240,0.1086,-1.2979,0,2,0,1.23775,1
0.5541,5.1396,2.2398,12.1774,-0.4185,0.0871,-1.4764,0,1,0,0.72820,1
0.4774,4.6381,2.4407,11.7248,1.5761,0.0112,-0.7123,0,1,0,0.31159,3
0.3737,4.0572,2.7714,13.1192,2.8972,0.1016,-1.7951,0,2,0,1.78982,1
0.3945,4.2124,2.7105,11.9063,-2.3983,0.0652,-0.7784,0,1,0,0.25826,3
0.4456,4.6700,2.5864,11.9848,-2.9656,0.0337,-0.9190,0,1,0,0.38919,3
0.3855,3.9277,2.6723,11.6159,2.8867,0.0472,-0.5099,0,1,0,0.30097,3
0.3677,3.9335,2.7647,13.2657,2.4100,0.0534,-1.8093,0,2,2,2.10310,1
0.4402,4.3129,2.5230,12.2286,-2.7069,0.0062,-1.0881,0,2,0,0.74485,1
0.3631,3.7994,2.7469,12.2219,2.3724,0.0222,-0.8950,0,1,1,1.03149,0
0.3565,3.8794,2.8074,11.6288,-2.4298,0.1161,-0.5584,0,1,0,0.23012,3
0.4631,4.5158,2.4728,12.5494,2.6565,0.0110,-1.4729,0,1,1,0.84055,1
0.3729,4.1005,2.7887,12.1318,-2.1332,0.0567,-0.8977,0,1,0,0.74763,1
0.3418,3.7195,2.8362,13.3040,-2.5887,0.0286,-1.6652,0,1,1,2.16159,1
0.4833,4.4441,2.3730,12.2575,1.1720,0.0177,-1.2541,0,1,0,0.84032,1
0.4267,4.1546,2.5423,12.1122,2.8497,0.0131,-0.9574,0,1,1,0.72136,1
0.4314,4.6368,2.6444,12.2296,2.4453,0.0464,-1.1230,0,1,0,0.89594,3
0.4124,4.4171,2.6785,12.1548,-2.5958,0.1431,-1.1364,0,1,0,0.46681,1
0.4171,4.3866,2.6477,11.9147,-2.6745,0.0495,-0.8135,0,1,0,0.51170,3
0.4964,5.3972,2.5210,13.0792,-2.9204,0.0221,-2.1911,0,1,1,1.79773,1
0.4272,4.4526,2.6172,11.9855,1.3632,0.0183,-0.8564,0,1,0,0.61915,1
0.4036,4.0752,2.6270,12.4007,2.0282,0.0507,-1.1987,0,1,0,1.22846,1
0.4480,4.2381,2.4703,12.0449,-0.9371,0.0217,-0.9613,0,1,0,0.55535,1
0.5121,5.4114,2.4570,12.0993,0.5694,0.0126,-1.1697,0,1,0,0.40483,1
0.3818,3.9227,2.6891,11.6921,-2.7369,0.0256,-0.5363,0,1,0,0.27097,3
0.4943,4.4830,2.3382,11.8094,-1.3225,0.0167,-0.8320,0,1,0,0.26506,1
0.4709,4.3447,2.4003,12.1305,-2.0693,0.0180,-1.0945,0,2,0,0.69677,1
0.3627,4.0003,2.8125,12.3635,-2.7388,0.0571,-1.0515,0,1,0,1.14667,2
0.3935,4.1947,2.7104,12.5985,-2.9524,0.0522,-1.3383,0,1,1,1.06910,1
0.4315,4.5353,2.6183,13.1667,-2.9411,0.0036,-1.9370,0,1,0,0.30179,1
0.5031,5.0343,2.4193,12.3217,-0.4128,0.0260,-1.3956,0,2,0,0.96714,1
0.4727,4.7035,2.4755,12.0722,0.7063,0.0141,-1.0394,0,1,0,0.73469,1
0.5783,5.7841,2.2579,12.5297,0.5356,0.0005,-1.8481,0,0,0,0.00000,1
0.5020,5.2082,2.4590,11.9255,-0.9545,0.0089,-0.9592,0,1,0,0.53730,1
0.3412,3.6824,2.8267,12.3374,-2.5967,0.0689,-0.9849,0,1,0,1.09308,3
0.4037,4.0556,2.6214,12.3764,2.1507,0.0473,-1.1725,0,1,0,1.04867,1
0.4012,4.4212,2.7347,11.9087,-2.4740,0.0071,-0.7211,0,1,0,0.52967,0
0.4442,4.2004,2.4773,12.1978,-2.9551,0.0189,-1.0883,0,1,1,0.78465,1
0.4195,4.5743,2.6850,11.7157,-1.9715,0.0155,-0.6077,0,1,0,0.33443,1
0.3697,3.8938,2.7419,11.9482,-2.9052,0.0240,-0.7061,0,1,0,0.31258,3
0.4360,4.1960,2.5119,11.9750,2.5565,0.0298,-0.8809,0,1,0,0.46102,1
0.3967,4.2589,2.7126,12.2934,2.7435,0.0615,-1.1008,0,1,2,0.99990,3
0.4001,4.4042,2.7359,11.9975,2.6703,0.0148,-0.8005,0,1,0,0.43090,0
0.3954,4.1640,2.6920,12.1225,-2.7948,0.1075,-1.0160,0,1,0,0.71666,1
0.4691,4.4212,2.4256,12.0125,2.2086,0.0203,-0.9800,0,1,0,0.68197,1
0.4334,4.5893,2.6231,12.5244,2.6157,0.0246,-1.3690,0,1,1,1.02828,1
0.3478,3.7876,2.8253,12.8095,-2.3828,0.0354,-1.3152,0,1,1,0.85665,1
0.5001,5.2092,2.4673,11.5899,1.5760,0.0215,-0.6360,0,1,0,0.18863,3
0.4034,4.3560,2.7062,12.8036,2.5450,0.0151,-1.4971,0,1,0,1.66618,1
0.4308,4.2773,2.5558,11.8526,-1.7808,0.0159,-0.7444,0,1,0,0.23061,3
0.4309,4.7396,2.6722,11.7403,2.7346,0.0366,-0.6751,0,1,0,0.33820,3
0.3927,4.2606,2.7331,12.2628,-2.7894,0.1177,-1.1414,0,1,0,1.02317,1
0.4724,5.1757,2.5807,11.8457,2.4788,0.0515,-0.8719,0,1,0,0.55937,3
0.4411,4.2561,2.5045,11.9752,-1.1667,0.0306,-0.8941,0,1,0,0.59163,1
0.5432,4.9293,2.2419,12.2500,-1.0720,0.0149,-1.4182,0,0,0,0.00000,1
0.4284,4.1873,2.5433,11.9204,-2.5821,0.0492,-0.8417,0,1,0,0.23837,1
0.5149,4.8584,2.3360,11.7892,-0.0051,0.0192,-0.8582,0,1,0,0.25133,3
0.4357,4.5907,2.6126,11.8835,2.3623,0.0076,-0.7722,0,1,0,0.48700,3
0.3799,3.9617,2.7106,11.8827,-1.7837,0.0306,-0.6853,0,1,0,0.38482,1
0.4292,4.4407,2.6052,11.8594,-1.4567,0.0247,-0.7590,0,1,0,0.51812,1
0.4786,5.2510,2.5693,11.7301,1.5555,0.0231,-0.7374,0,1,0,0.41843,1
0.3583,3.9564,2.8226,12.5278,2.5473,0.0504,-1.1562,0,1,1,1.25216,2
0.4498,4.6710,2.5678,11.8262,3.1088,0.0211,-0.7671,0,1,0,0.27443,3
0.3670,3.9595,2.7766,12.0821,2.7438,0.1083,-0.9126,0,1,0,0.59232,3
0.4386,4.7516,2.6387,11.6848,2.4430,0.0045,-0.6008,0,1,0,0.17990,1
0.4828,4.7859,2.4508,12.1419,0.8350,0.0021,-1.1175,0,1,0,0.67188,1
0.3450,3.7106,2.8151,13.1741,-2.1711,0.0386,-1.5958,0,1,0,1.88889,1
0.4700,4.4176,2.4210,11.7689,0.3487,0.0439,-0.7814,0,0,0,0.00000,1
0.5183,5.5463,2.4568,11.8486,1.9486,0.0358,-0.9525,0,1,0,0.20420,3
0.4845,4.4009,2.3585,11.6072,1.9933,0.0121,-0.6123,0,1,0,0.34288,1
0.5957,5.8107,2.1963,12.3061,-0.4767,0.0754,-1.7449,0,1,0,0.97431,1
0.4765,5.2289,2.5740,12.2563,-1.4846,0.0130,-1.2324,0,1,0,0.79461,1
0.4236,4.4264,2.6275,13.1169,2.4781,0.0061,-1.8560,0,1,1,2.05979,1
0.4853,4.7808,2.4395,12.0327,0.4460,0.0120,-1.0292,0,1,0,0.27928,1
0.4870,5.2592,2.5339,11.5405,-2.8033,0.0039,-0.5470,0,1,0,0.23738,3
0.3404,3.6895,2.8337,12.2530,-2.6524,0.0201,-0.8541,0,1,0,0.90784,1
0.3802,3.9093,2.6930,12.4080,2.3420,0.0106,-1.0734,0,2,2,1.76898,1
0.3603,3.8819,2.7881,12.6506,2.2906,0.0306,-1.2303,0,1,0,1.08606,1
0.3976,4.1929,2.6895,13.0849,-2.7164,0.0729,-1.8258,0,1,0,0.79901,1
0.5682,5.3410,2.2225,11.7552,0.6195,0.1085,-1.0483,0,1,0,0.31586,1
0.3915,4.0128,2.6680,11.7282,-3.1259,0.0788,-0.6463,0,1,0,0.18445,1
0.3874,4.2023,2.7434,13.2160,2.6731,0.0604,-1.8740,0,1,1,2.18769,1
0.5349,5.0770,2.3009,11.8907,-2.5548,0.0040,-0.9878,0,1,0,0.30801,1
0.3713,4.0984,2.7963,13.0941,3.0100,0.0443,-1.6611,0,1,1,1.89067,0
0.3510,3.7622,2.7993,12.3149,-3.1002,0.0957,-1.0339,0,1,0,1.16548,3
0.4036,4.1451,2.6467,12.6844,-1.7165,0.0158,-1.3930,1,2,1,1.13606,1
0.3423,3.7684,2.8497,12.8021,2.7072,0.0735,-1.3477,0,0,1,0.47001,0
0.4209,4.1082,2.5559,11.8341,2.9382,0.0513,-0.7540,0,1,0,0.39052,1
0.5136,5.5034,2.4684,12.0204,2.1371,0.0003,-1.0746,0,1,0,0.64393,3
0.4399,4.4622,2.5616,11.9177,2.8834,0.0452,-0.8596,0,1,0,0.54710,1
0.3906,4.1896,2.7236,12.7416,2.2445,0.0216,-1.4033,0,1,1,1.50038,1
0.3631,3.9787,2.8035,13.3897,-2.9191,0.0404,-1.8673,0,1,1,2.40380,1
0.4121,4.1335,2.6034,11.6744,-3.1306,0.0716,-0.6286,0,1,0,0.22874,1
0.3510,3.8257,2.8205,12.2662,2.6156,0.0545,-0.9397,0,1,0,0.96515,3
0.4150,4.3680,2.6530,12.9045,-2.5672,0.0395,-1.6763,0,1,0,1.67281,1
0.4228,4.4191,2.6293,12.1668,3.0150,0.0083,-0.9903,0,1,0,0.74701,3
0.3754,4.0475,2.7596,12.8268,2.5205,0.1046,-1.5499,0,1,0,1.71805,1
0.4795,5.1173,2.5369,12.0194,-2.8390,0.0132,-1.0060,0,1,0,0.42257,3
0.3774,3.8851,2.7000,11.8006,-2.5251,0.0704,-0.6673,0,1,0,0.41623,3
0.3886,4.2074,2.7387,11.6863,2.3199,0.0195,-0.5362,0,1,0,0.29266,1
0.4692,4.6382,2.4755,11.9849,3.1355,0.0119,-0.9437,0,1,0,0.22535,1
0.4414,4.8723,2.6547,13.0136,2.3762,0.0270,-1.8758,0,2,3,2.11119,0
0.4198,4.3601,2.6280,12.4814,2.8913,0.0224,-1.2802,0,1,0,1.06852,1
0.3278,3.6167,2.8806,12.6132,2.9554,0.0613,-1.1333,0,1,0,1.33761,0
0.3595,3.8552,2.7835,11.6474,-2.3199,0.0466,-0.4936,0,1,0,0.23854,1
0.4224,4.5858,2.6742,11.8084,-2.6576,0.0761,-0.7669,0,1,0,0.29809,3
0.4387,4.5944,2.5999,11.7302,-0.4225,0.0021,-0.6368,0,1,0,0.37087,1
0.3638,3.9412,2.7882,11.8459,-2.9094,0.0745,-0.6809,0,1,0,0.27263,3
0.4760,5.0795,2.5442,11.8616,2.0807,0.0137,-0.8456,0,1,0,0.39091,3
0.4169,4.3211,2.6314,11.7852,1.7663,0.0529,-0.7070,0,1,0,0.35615,3
0.4185,4.5177,2.6756,12.0158,-2.9776,0.0389,-0.8900,0,1,0,0.58603,3
0.3822,3.9435,2.6933,12.2535,2.5576,0.0034,-0.9455,0,1,1,0.75970,1
0.3339,3.6373,2.8523,12.6423,2.8243,0.0462,-1.1536,0,1,0,1.44712,1
0.4281,4.5166,2.6295,12.9074,-2.5585,0.0067,-1.6791,0,1,1,1.58170,1
0.4264,4.2495,2.5685,11.9286,1.8646,0.0426,-0.8360,0,1,0,0.54916,3
0.5665,5.5822,2.2698,12.7909,-1.2511,0.0207,-2.1568,0,1,0,1.60348,1
0.4290,4.4477,2.6078,12.1171,3.0640,0.0394,-1.0051,0,1,0,0.41573,3
0.3388,3.7315,2.8573,12.3273,-2.3971,0.0355,-0.9240,0,1,0,0.85519,0
0.4764,4.4741,2.4077,12.4361,-2.3537,0.0043,-1.3928,0,1,1,1.18370,1
0.4357,4.7555,2.6531,11.8307,2.6778,0.0136,-0.7342,0,1,0,0.52776,3
0.5105,5.1913,2.4203,12.5504,-2.3709,0.0270,-1.6694,0,1,0,0.52847,1
0.4095,4.4141,2.6916,12.9286,3.0289,0.0263,-1.6535,0,1,1,1.64820,1
0.3539,3.8123,2.8002,12.9361,2.7322,0.1219,-1.5831,0,2,1,1.43359,1
0.3860,4.1975,2.7492,12.3375,-2.8762,0.0543,-1.0963,0,1,0,1.03734,3
0.3707,3.9045,2.7403,12.4535,1.9885,0.0361,-1.1174,0,1,1,1.22906,1
0.5122,5.4057,2.4555,11.7210,1.3654,0.0198,-0.7871,0,1,0,0.21228,3
0.4228,4.3885,2.6212,11.7907,2.2923,0.0208,-0.6827,0,1,0,0.34876,3
0.3806,4.1580,2.7652,11.8867,2.5571,0.0108,-0.6655,0,1,0,0.37567,1
0.3625,3.8914,2.7794,11.5884,3.0892,0.0103,-0.4124,0,1,0,0.27318,1
0.4039,4.2335,2.6698,12.8094,-3.0794,0.0198,-1.5115,0,1,0,0.18782,1
0.4548,4.6726,2.5459,11.7591,-1.2475,0.0065,-0.6972,0,1,0,0.36729,1
0.4265,4.5145,2.6364,12.4148,-1.9941,0.0272,-1.2494,0,1,0,1.07512,1
0.4893,4.8169,2.4307,12.3274,-3.1082,0.0155,-1.3425,0,1,1,0.95381,1
0.3661,3.8314,2.7411,12.5710,2.5565,0.0809,-1.2638,0,1,0,1.44642,1
0.3515,3.7643,2.7973,12.0580,2.9522,0.0336,-0.7593,0,1,1,0.53782,3
0.5253,4.9832,2.3203,11.8780,1.4019,0.0246,-0.9805,0,1,0,0.19371,1
0.3532,3.8226,2.8072,13.1875,-2.6759,0.0982,-1.7525,0,1,0,2.10630,1
0.3702,4.0769,2.7955,11.8772,-2.4741,0.0572,-0.6955,0,1,0,0.26160,0
0.3969,4.1129,2.6701,12.5901,2.0735,0.0271,-1.3049,0,1,0,1.43133,1
0.4573,4.4440,2.4806,11.6564,0.5403,0.0170,-0.6208,0,1,0,0.37391,1
0.4686,4.9199,2.5415,11.9543,-1.1666,0.0062,-0.9076,0,1,0,0.38662,1
0.3836,4.1899,2.7594,11.7234,-2.8257,0.1392,-0.7025,0,1,0,0.29312,3
0.4179,4.2631,2.6112,12.4102,-2.6783,0.0260,-1.2153,0,1,1,0.83313,1
0.3805,3.9244,2.6961,13.0853,-2.6016,0.0592,-1.7243,0,1,1,1.87470,1
0.3408,3.6974,2.8342,11.9462,-2.9881,0.0989,-0.7387,0,1,0,0.22534,3
0.4186,4.1719,2.5837,11.8536,2.4952,0.0652,-0.7841,0,1,0,0.18331,1
0.3266,3.6023,2.8822,13.2318,-3.0625,0.0399,-1.5548,0,1,0,0.15351,0
0.4761,4.4242,2.3977,11.7287,0.1432,0.0014,-0.6997,0,1,0,0.26072,3
0.3822,4.0284,2.7187,11.7004,1.8715,0.0323,-0.5517,0,1,0,0.28122,1
0.3480,3.7880,2.8246,13.0309,-2.5516,0.0378,-1.4935,1,2,0,1.49033,1
0.5119,4.9623,2.3688,12.0785,-1.5108,0.0136,-1.1453,0,1,0,0.50350,1
0.4818,4.4781,2.3867,12.0055,-0.4366,0.0301,-1.0169,0,1,0,0.65445,1
0.4204,4.5042,2.6628,12.2480,-2.7690,0.0228,-1.0757,0,1,0,0.91742,3
0.4001,4.4079,2.7368,12.7176,2.0034,0.0262,-1.4264,0,1,1,1.40161,0
0.4672,4.3694,2.4214,11.6808,2.4944,0.0069,-0.6464,0,0,0,0.00000,1
0.3711,4.0140,2.7719,11.8008,-2.9620,0.1142,-0.7100,0,1,0,0.26814,3
0.3583,3.7809,2.7664,12.4702,3.0904,0.0912,-1.1714,0,1,0,1.06821,1
0.5119,5.2539,2.4268,11.9619,0.6845,0.0162,-1.0293,0,1,0,0.41542,1
0.5198,4.8130,2.3081,11.8128,0.5434,0.0564,-0.9415,0,1,0,0.31759,1
0.4148,4.5145,2.6923,11.8208,1.9775,0.0433,-0.7216,0,2,0,0.43624,1
0.4896,5.3905,2.5497,12.8173,1.9308,0.0485,-1.9169,0,1,0,1.37342,0
0.3478,3.7241,2.8041,11.7871,-3.0314,0.1820,-0.7406,0,1,0,0.27669,1
0.4382,4.3562,2.5426,11.6846,-2.3704,0.0668,-0.6758,0,1,0,0.24145,1
0.5742,5.4553,2.2193,12.0020,0.5486,0.0113,-1.2170,0,1,0,0.25110,1
0.4302,4.4979,2.6151,11.8733,2.1671,0.0573,-0.8152,0,1,0,0.47683,3
0.4170,4.4995,2.6780,12.5193,-2.8239,0.0336,-1.3221,0,1,1,1.01602,1
0.3578,3.9283,2.8161,12.8290,2.3385,0.0793,-1.4397,0,1,1,1.51625,1
0.4969,5.1846,2.4758,12.0335,1.2683,0.0278,-1.0824,0,1,0,0.60325,1
0.3571,3.8756,2.8034,12.7830,2.6957,0.0159,-1.2997,0,1,0,1.63138,1
0.4579,4.9741,2.6016,12.2393,-2.6506,0.0735,-1.2461,0,1,1,0.89014,1
0.3950,4.0337,2.6570,11.5849,-1.4456,0.0085,-0.4534,0,0,0,0.00000,1
0.4017,4.0626,2.6328,11.7279,2.3733,0.0432,-0.6197,0,1,0,0.24624,3
0.5364,5.4882,2.3714,12.5920,0.9984,0.0230,-1.8051,0,1,0,0.87467,1
0.4166,4.1845,2.5960,12.0555,-2.5749,0.0452,-0.9275,0,1,0,0.42244,1
0.3845,3.9308,2.6783,11.7852,-2.1415,0.0232,-0.6094,0,1,0,0.18352,3
0.4529,4.6663,2.5529,11.6557,-0.7918,0.0085,-0.6035,0,1,0,0.28698,1
0.4192,4.3941,2.6399,11.9564,-2.6166,0.0729,-0.8844,0,1,0,0.27753,1
0.3694,3.9049,2.7470,11.8947,-2.1308,0.0395,-0.6847,0,1,0,0.60402,1
0.4885,5.1796,2.5109,12.9198,-1.8009,0.0094,-1.9565,0,1,3,2.46957,1
0.4199,4.1594,2.5743,11.7092,-1.0229,0.0028,-0.5855,0,1,0,0.48176,1
0.4747,4.3385,2.3836,11.7139,-2.7581,0.0065,-0.6893,0,1,0,0.18615,1
0.3908,4.0603,2.6853,11.6253,2.3850,0.0517,-0.5308,0,1,0,0.28037,3
0.4101,4.1410,2.6149,11.8523,-2.6896,0.0144,-0.7008,0,1,0,0.35525,3
0.4299,4.1719,2.5323,12.2926,-2.2508,0.0264,-1.1459,0,1,0,0.92049,1
0.5276,5.6691,2.4407,11.9734,1.1503,0.0492,-1.1251,0,1,0,0.42418,1
0.4365,4.2301,2.5183,11.9376,-0.1203,0.0146,-0.8287,0,1,0,0.52561,1
0.3646,3.9990,2.8018,12.0175,2.4270,0.1043,-0.8511,0,1,0,0.72014,3
0.4814,4.8148,2.4630,12.8621,2.7737,0.0014,-1.8479,0,1,1,1.17671,1
0.5010,4.8993,2.4002,12.0455,-2.9438,0.0161,-1.0867,0,1,0,0.40184,1
0.3983,4.2204,2.6939,11.9072,-2.4493,0.0545,-0.7736,0,1,0,0.52184,3
0.4839,4.4624,2.3749,11.8141,0.8369,0.0351,-0.8403,0,0,0,0.00000,1
0.4095,4.0928,2.6042,12.0290,2.4270,0.0448,-0.8871,0,1,0,0.61534,3
0.4784,5.2051,2.5604,13.1899,1.7281,0.0059,-2.1958,0,1,2,1.94780,1
0.5751,5.5625,2.2337,12.4380,-0.8236,0.0369,-1.7805,0,0,0,0.00000,1
0.3781,3.9121,2.7044,11.6070,-2.7435,0.0210,-0.4609,0,0,0,0.00000,3
0.4436,4.4218,2.5350,11.7860,1.4897,0.0257,-0.7239,0,1,0,0.45648,3
0.3737,3.9329,2.7333,12.5005,2.4223,0.1346,-1.3111,0,1,1,0.78834,1
0.3409,3.7405,2.8483,12.2438,2.4121,0.0868,-0.9392,0,1,0,0.68415,3
0.4956,5.3215,2.5091,12.1896,1.4919,0.0143,-1.2214,0,1,1,0.50675,1
0.3505,3.7661,2.8032,11.5319,2.9112,0.0611,-0.4161,0,1,0,0.19178,3
0.4247,4.3061,2.5912,11.8393,-2.2251,0.0341,-0.7443,0,1,0,0.16724,3
0.3495,3.8173,2.8259,13.0419,2.1544,0.0226,-1.4829,0,1,0,1.59980,1
0.4481,4.7550,2.5957,12.5922,2.5835,0.0207,-1.4792,0,1,1,1.23789,1
0.4078,4.0648,2.6045,11.9306,-2.6576,0.0120,-0.7573,0,1,0,0.42667,3
0.3678,3.9196,2.7602,11.9156,-3.1270,0.1120,-0.7895,0,1,0,0.62517,1
0.3918,4.0973,2.6910,11.9699,2.6265,0.1487,-0.9334,0,1,0,0.61656,1
0.4538,4.9549,2.6160,12.0254,1.5553,0.0342,-0.9774,0,1,0,0.61241,1
0.4401,4.2833,2.5157,11.7907,-1.8763,0.0140,-0.7059,0,1,0,0.26898,3
0.4417,4.2786,2.5078,11.7637,3.0820,0.0004,-0.6676,0,1,0,0.40957,3
0.4107,4.3769,2.6758,12.5026,2.3043,0.0211,-1.2673,1,0,1,0.81450,1
0.4095,4.2509,2.6478,12.1094,-1.8428,0.0272,-0.9320,0,1,0,0.73590,1
0.4614,4.6785,2.5185,12.0135,1.4125,0.0537,-1.0092,0,1,0,0.55276,3
0.5232,5.2211,2.3744,12.4416,-1.0983,0.0013,-1.5530,0,0,1,0.26630,1
0.4519,4.3677,2.4856,11.5965,-2.0482,0.0112,-0.5511,0,1,0,0.26843,3
0.6129,5.9598,2.1553,12.2646,-0.5498,0.0972,-1.7796,1,1,0,0.31590,1
0.4518,4.3295,2.4767,12.0503,0.6294,0.0315,-0.9894,0,1,1,0.74327,1
0.4684,4.4870,2.4439,11.8552,-0.7940,0.0285,-0.8400,0,0,0,0.00000,1
0.4317,4.5016,2.6091,13.0922,2.7762,0.0276,-1.9092,0,1,0,1.99462,1
0.4069,4.4116,2.7037,11.8420,2.0725,0.0166,-0.6900,0,1,0,0.52887,1
0.4026,4.4376,2.7322,11.9113,-3.0495,0.1451,-0.9018,0,1,0,0.47836,0
0.4302,4.7093,2.6679,12.3918,-1.7975,0.0080,-1.2132,0,1,0,1.10035,1
0.4690,4.8437,2.5229,11.7420,2.1054,0.0032,-0.7042,0,1,0,0.26683,3
0.3653,3.9921,2.7957,12.6412,-2.8305,0.0614,-1.2875,0,1,0,1.42250,1
0.3525,3.8073,2.8063,12.1677,2.1822,0.0309,-0.8385,0,1,0,0.81031,1
0.3942,4.2600,2.7254,12.4544,2.3050,0.0529,-1.2180,0,1,1,0.94021,3
0.5414,5.1260,2.2853,12.0803,-0.3498,0.0280,-1.2443,0,1,0,0.62658,1
0.5002,5.2621,2.4777,12.9271,2.9285,0.0188,-2.0317,0,1,0,1.47059,1
0.3384,3.7289,2.8583,12.3913,2.7806,0.1154,-1.0814,0,1,0,1.25314,2
0.4317,4.6534,2.6470,12.2783,2.4136,0.0380,-1.1566,0,1,0,0.24677,3
0.4211,4.5410,2.6689,11.8259,2.4562,0.0587,-0.7576,0,1,0,0.62134,3
0.5865,5.8889,2.2432,12.2852,0.5596,0.0094,-1.5908,0,1,0,0.79001,1
0.4768,5.1373,2.5529,11.7516,-1.2181,0.0238,-0.7552,0,1,0,0.23629,1
0.4578,4.3695,2.4609,11.7256,-1.0124,0.0285,-0.6987,0,1,0,0.48384,3
0.5478,5.6500,2.3546,11.8939,-2.2637,0.0454,-1.0797,0,1,0,0.19587,1
0.4216,4.3255,2.6106,11.9355,1.4315,0.0094,-0.7886,0,1,0,0.48958,1
0.3979,4.2299,2.6983,11.7631,-2.0313,0.0576,-0.6595,0,1,0,0.37701,3
0.3981,4.0559,2.6480,11.5932,-2.2308,0.0041,-0.4592,0,1,0,0.24267,1
0.4440,4.3886,2.5253,11.8971,-1.3919,0.0037,-0.7950,0,1,0,0.30583,3
0.4661,4.5470,2.4674,12.6876,-0.3676,0.0008,-1.6050,0,1,1,1.23638,1
0.4395,4.4112,2.5506,11.7472,-2.9304,0.0364,-0.6954,0,1,0,0.28883,1
0.4198,4.1551,2.5736,11.7819,2.0504,0.0355,-0.6873,0,1,0,0.51053,3
0.3574,3.9306,2.8192,12.9671,2.6322,0.0890,-1.5678,0,1,0,0.97444,1
0.3870,4.2392,2.7560,12.0411,-2.7078,0.1037,-0.9215,0,1,0,0.36885,3
0.4089,4.2844,2.6596,11.9320,-2.4739,0.0746,-0.8430,0,1,0,0.50546,3
0.4193,4.5245,2.6733,12.0575,2.0790,0.0705,-0.9700,0,1,0,0.66739,3
0.4750,4.3684,2.3894,12.4795,2.0524,0.0095,-1.4388,0,1,0,0.59380,1
0.4250,4.4165,2.6185,11.9278,-2.2835,0.0365,-0.8249,0,0,0,0.00000,3
0.3855,4.0586,2.7112,11.6852,-2.7996,0.0385,-0.5530,0,1,0,0.19023,3
0.4291,4.1669,2.5344,11.8910,-0.6133,0.0142,-0.7716,0,1,0,0.35886,1
0.4246,4.2247,2.5700,11.9093,2.4112,0.0411,-0.8135,0,1,0,0.40005,3
0.3709,3.9106,2.7412,12.3773,2.7545,0.1337,-1.1972,0,1,0,1.12949,1
0.3396,3.6989,2.8412,12.4276,-2.6985,0.1861,-1.2141,0,1,1,1.04472,1
0.4167,4.4403,2.6639,11.8622,3.0136,0.0940,-0.8246,0,1,0,0.53337,1
0.5343,5.0523,2.2989,12.4985,1.5441,0.0093,-1.6638,0,1,0,0.32827,1
0.3361,3.6976,2.8608,12.4355,-3.1170,0.0719,-1.0458,0,2,0,0.88308,3
0.4461,4.3285,2.5008,12.6786,-2.7097,0.0108,-1.5369,0,1,1,0.91797,1
0.4563,4.5936,2.5209,12.2523,-2.2048,0.0022,-1.1513,0,1,0,0.97101,1
0.4698,5.0382,2.5627,11.8208,-1.1883,0.0026,-0.7798,0,1,0,0.26487,1
0.4314,4.7375,2.6691,12.4812,-2.6851,0.0203,-1.3167,0,1,1,0.77127,3
0.4552,4.9282,2.6038,12.1277,2.6762,0.0279,-1.0683,0,1,0,0.58268,3
0.3320,3.6449,2.8662,12.3810,2.8190,0.0616,-0.9791,0,1,0,1.21798,3
0.3852,4.0024,2.6958,12.4046,-2.6657,0.0370,-1.1246,0,2,0,1.02063,1
0.4927,4.8828,2.4305,12.2375,1.0935,0.0379,-1.2934,0,1,0,0.66640,1
0.3374,3.7038,2.8556,12.4891,3.0812,0.1827,-1.2498,0,1,0,1.10532,1
0.4033,4.3819,2.7137,12.3322,-2.5747,0.1021,-1.2110,0,1,0,1.18129,3
0.4488,4.5217,2.5363,11.9331,-2.2856,0.0114,-0.8488,0,1,0,0.57073,3
0.4409,4.5756,2.5850,12.8700,-2.5201,0.0339,-1.7429,0,1,0,1.77117,1
0.5585,5.7041,2.3214,11.8053,-1.9959,0.0265,-0.9791,0,1,0,0.18838,1
0.4300,4.1627,2.5297,12.4835,3.0392,0.0070,-1.2904,0,1,0,0.99866,1
0.4610,4.6634,2.5167,12.9867,-1.2219,0.0125,-1.9087,0,1,1,1.68349,1
0.5034,5.2279,2.4570,12.9304,0.5599,0.0037,-2.0226,0,1,2,1.18130,1
0.5656,5.4498,2.2507,12.3487,1.2950,0.0131,-1.6033,0,1,1,0.71315,1
0.4060,4.2496,2.6639,12.1098,2.4316,0.1227,-1.0529,0,1,0,0.61795,1
0.4792,4.9283,2.4975,11.9074,-1.6534,0.0385,-0.9284,0,1,0,0.44892,3
0.5438,5.3137,2.3106,12.0168,-2.3696,0.0111,-1.1576,0,1,0,0.48570,1
0.4805,5.2549,2.5617,12.1250,-1.5766,0.0330,-1.1404,0,1,0,0.58518,1
0.4108,4.2928,2.6526,11.8190,3.0696,0.1110,-0.7975,0,1,0,0.42159,1
0.3831,3.9899,2.7026,11.8256,1.7987,0.0732,-0.7012,0,1,0,0.22069,1
0.4407,4.2323,2.5005,11.6970,2.3046,0.0566,-0.6780,0,1,0,0.29656,1
0.3862,3.9793,2.6841,13.0436,2.5437,0.0638,-1.7213,0,1,2,1.52601,1
0.4576,4.6265,2.5228,11.9966,-1.1460,0.0007,-0.9131,0,1,0,0.46284,3
0.4034,4.2624,2.6803,12.4588,1.6001,0.0153,-1.1965,0,1,0,1.17285,1
0.4077,4.1844,2.6379,11.9376,-2.8210,0.0441,-0.8053,0,1,0,0.22011,3
0.5221,5.2084,2.3766,12.6830,0.0732,0.0126,-1.8360,0,1,1,1.06468,1
0.4630,4.3342,2.4306,12.6092,2.2312,0.0022,-1.5154,0,1,0,0.57890,1
0.4196,4.4348,2.6483,11.5151,2.3537,0.0281,-0.4561,0,1,0,0.17057,3
0.5055,4.7025,2.3411,12.3184,-1.0104,0.0147,-1.3795,0,1,1,0.93801,1
0.3587,3.7754,2.7624,11.5495,2.2629,0.0247,-0.3964,0,1,0,0.15944,0
0.4594,4.6126,2.5118,11.9854,-2.0300,0.0338,-0.9510,0,1,0,0.68551,3
0.5155,5.2889,2.4191,11.6032,1.1251,0.0144,-0.6657,0,1,0,0.14622,3
0.4730,4.3641,2.3963,11.8523,1.8644,0.0273,-0.8444,0,1,0,0.29122,1
0.3272,3.6077,2.8805,13.2402,2.5746,0.0309,-1.5481,0,1,1,1.88571,0
0.3621,3.8084,2.7547,11.6432,2.2796,0.0418,-0.4886,0,1,0,0.23839,1
0.3433,3.7319,2.8318,11.6570,-2.9790,0.0910,-0.5285,0,1,0,0.19088,3
0.3547,3.8246,2.7997,12.9224,2.6332,0.0970,-1.5338,0,1,1,1.51578,1
0.3860,4.0340,2.7016,12.1763,-2.6411,0.0712,-0.9870,0,1,0,0.98154,3
0.3841,4.2412,2.7713,13.3012,-3.0080,0.0675,-1.9479,0,1,1,2.18100,0
0.5066,5.0053,2.3991,12.3185,-0.2691,0.0071,-1.3744,0,1,0,0.59155,1
0.5337,5.2252,2.3337,11.6013,-1.0961,0.0250,-0.7063,0,1,0,0.22143,3
0.4302,4.4533,2.6037,12.2699,1.2783,0.0238,-1.1238,0,1,0,0.89723,1
0.4893,4.9978,2.4690,12.4733,0.8991,0.0348,-1.5245,0,1,1,1.23405,1
0.4124,4.2985,2.6467,11.5949,-2.1125,0.0302,-0.5135,0,1,0,0.31122,3
0.4152,4.1033,2.5805,11.7693,2.0302,0.0663,-0.7072,0,0,0,0.00000,3
0.4564,4.4151,2.4776,11.6960,1.4170,0.0002,-0.6338,0,1,0,0.25514,3
0.4286,4.7228,2.6791,11.8623,2.0731,0.0247,-0.7615,0,1,0,0.18556,0
0.3856,3.9863,2.6892,12.4099,2.9677,0.0832,-1.1977,1,2,1,0.93500,1
0.4790,5.0334,2.5211,12.6179,2.4776,0.0569,-1.6744,0,1,0,0.23478,1
0.3957,4.3449,2.7415,12.4588,2.8891,0.1236,-1.3291,0,1,1,1.07559,1
0.3645,4.0113,2.8060,12.6403,2.6447,0.0719,-1.2996,0,1,0,1.40786,1
0.3782,4.1371,2.7715,12.1079,-2.6565,0.1023,-0.9528,0,1,0,0.59022,3
0.4272,4.5393,2.6394,12.1155,2.9197,0.0000,-0.9461,0,1,0,0.76576,1
0.3438,3.7296,2.8281,13.0807,-2.9898,0.1058,-1.6320,0,1,1,1.93583,1
0.4027,4.0109,2.6133,12.0423,1.1743,0.0037,-0.8270,0,1,0,0.28634,1
0.4085,4.0697,2.6027,12.4153,1.9293,0.0217,-1.1833,0,1,1,0.93438,1
0.3651,3.9603,2.7871,11.9206,2.2517,0.0764,-0.7422,0,1,0,0.47765,3
0.4066,4.4864,2.7254,12.0924,2.7804,0.0210,-0.9031,0,1,0,0.52757,0
0.4213,4.2514,2.5921,12.6104,2.5104,0.0462,-1.4393,0,1,0,1.33699,1
0.3693,3.9419,2.7592,11.8854,2.4517,0.1214,-0.7811,0,1,0,0.41587,3
0.4216,4.2586,2.5930,12.3998,1.9246,0.0336,-1.2287,0,1,0,0.33434,1
0.3902,4.2955,2.7558,12.5574,-3.1229,0.1154,-1.3853,0,1,0,1.39692,0
0.5265,5.5256,2.4187,11.9552,-2.2488,0.0359,-1.0842,0,1,1,0.52884,1
0.3804,4.0023,2.7202,11.9369,2.5307,0.0603,-0.7668,0,1,0,0.31078,3
0.3732,3.9077,2.7283,12.3295,2.6068,0.0155,-0.9971,0,1,0,0.62034,1
0.4708,4.3384,2.3994,12.1758,-2.1080,0.0125,-1.1301,0,1,0,0.38503,1
0.4416,4.3344,2.5222,11.6536,-1.4142,0.0125,-0.5867,0,1,0,0.20166,3
0.3461,3.7308,2.8161,11.8602,2.2627,0.0490,-0.6252,0,1,0,0.54851,1
0.4526,4.5986,2.5381,11.9668,-1.6567,0.0339,-0.9182,0,1,0,0.41300,3
0.4874,5.3060,2.5417,12.9599,-2.7822,0.0064,-1.9912,0,2,0,1.41527,1
0.4006,4.0724,2.6407,12.3786,-2.3584,0.0346,-1.1467,0,0,0,0.00000,1
0.4273,4.3044,2.5788,12.3421,-2.9576,0.0217,-1.1768,0,1,0,0.98081,1
0.5262,4.8434,2.2896,12.2632,-1.4110,0.0159,-1.3841,0,1,0,0.91102,1
0.5117,5.3679,2.4501,11.9088,-1.0044,0.0487,-1.0173,0,1,0,0.22594,1
0.5531,5.7714,2.3544,12.0061,-1.9109,0.0204,-1.1852,0,1,0,0.46491,3
0.4704,4.6689,2.4771,11.9789,-3.0073,0.0114,-0.9405,0,1,0,0.45762,1
0.3892,3.9476,2.6601,12.0564,-2.7103,0.0366,-0.8506,0,1,0,0.58057,3
0.3799,4.1806,2.7756,12.7625,2.5638,0.1174,-1.5307,0,1,1,1.59630,1
0.4022,4.2651,2.6871,13.1350,-2.6656,0.0103,-1.7802,0,1,1,1.62780,1
0.4714,4.6541,2.4695,11.8968,-2.4743,0.0165,-0.8710,0,1,0,0.54459,1
0.3522,3.8102,2.8087,12.0984,2.6884,0.1758,-0.9784,0,1,0,0.17347,1
0.3767,3.9242,2.7156,11.8107,-2.6295,0.0061,-0.5932,0,1,0,0.51268,1
0.4712,4.8305,2.5105,11.7919,-2.2466,0.0348,-0.7953,0,1,0,0.44819,3
0.3788,4.0766,2.7508,13.0418,2.5611,0.0276,-1.6215,0,1,1,1.36677,1
0.3811,3.9993,2.7155,11.9725,-3.0680,0.1189,-0.8726,0,1,0,0.58743,1
0.4812,5.2987,2.5679,12.6429,-1.7674,0.0330,-1.6725,0,1,0,1.44278,0
0.3576,3.7759,2.7681,12.4283,2.4157,0.0463,-1.0712,1,2,0,0.94643,1
0.3748,3.9719,2.7398,12.0128,-2.8243,0.0901,-0.8528,0,1,0,0.38879,3
0.3640,3.9994,2.8052,12.2601,-1.9552,0.0540,-0.9705,0,2,0,0.97802,1
0.3996,4.0618,2.6426,11.9396,-1.9982,0.0229,-0.7616,1,1,0,0.31829,3
0.4130,4.4655,2.6885,11.8011,2.6826,0.0042,-0.6524,0,1,0,0.23739,1
0.4099,4.3498,2.6726,11.9191,-3.0883,0.0419,-0.7920,0,1,0,0.67477,3
0.4463,4.3037,2.4940,12.4473,1.8120,0.0216,-1.3329,0,1,2,0.99567,1
0.4537,4.8344,2.5888,11.7900,2.2984,0.0516,-0.7810,0,1,0,0.51668,3
0.3519,3.7889,2.8033,11.8018,-3.0198,0.0148,-0.5524,0,1,0,0.40771,1
0.4368,4.2115,2.5121,12.0979,1.7475,0.0145,-0.9721,0,1,0,0.86848,1
0.4729,4.7684,2.4891,12.3956,2.2741,0.0183,-1.3650,0,2,0,0.89498,1
0.5269,4.9743,2.3122,11.8198,-0.1721,0.0186,-0.9141,0,1,0,0.27586,1
0.4507,4.4217,2.5041,12.3284,-2.6374,0.0171,-1.2275,0,1,0,0.25386,1
0.3980,4.1717,2.6815,11.5662,-2.6086,0.0063,-0.4411,0,1,0,0.25467,1
0.5360,5.3204,2.3423,11.8318,-0.3201,0.0017,-0.9258,0,1,0,0.44238,3
0.4409,4.4377,2.5511,12.5412,1.5229,0.0078,-1.3834,0,1,1,1.15346,1
0.3796,4.1219,2.7599,12.0761,-2.7968,0.1466,-0.9891,0,1,0,0.84169,1
0.4998,5.3211,2.4911,12.6056,2.2575,0.0228,-1.6856,0,2,0,1.38373,1
0.3741,3.8922,2.7190,11.8087,1.7868,0.0628,-0.6577,0,1,0,0.39133,1
0.4151,4.3420,2.6456,12.0604,-3.1412,0.0234,-0.8992,0,1,0,0.36257,3
0.3687,3.9066,2.7512,11.7146,2.6945,0.0963,-0.6180,0,1,0,0.27359,3
0.4900,4.9926,2.4652,12.0962,0.3921,0.0146,-1.1093,0,1,0,0.70550,1
0.4575,4.4088,2.4713,12.1036,1.1150,0.0443,-1.0720,0,0,1,0.60254,1
0.3796,4.1889,2.7796,12.8155,-3.0317,0.0483,-1.4658,0,2,0,1.65238,0
0.3719,4.0915,2.7910,13.3179,-2.8641,0.0545,-1.8770,0,1,1,0.42535,1
0.3795,3.9967,2.7229,12.9404,-3.0454,0.0588,-1.5912,0,1,3,1.09904,1
0.5519,5.0915,2.2393,12.2860,0.0584,0.0412,-1.5270,0,1,0,0.57342,1
0.4214,4.2655,2.5954,12.0155,-1.7096,0.0080,-0.8546,0,1,0,0.38277,1
0.3813,4.1847,2.7698,12.5431,-2.2862,0.0271,-1.2118,0,1,1,1.40706,1
0.4627,4.9529,2.5753,11.7601,-1.6957,0.0204,-0.7317,0,1,0,0.32602,1
0.4283,4.4715,2.6169,11.5030,2.8797,0.0526,-0.4867,0,0,0,0.00000,3
0.5271,5.0671,2.3295,11.8840,0.8778,0.0033,-0.9626,0,1,0,0.23558,3
0.3789,3.9907,2.7246,12.6241,-1.9570,0.0117,-1.2462,0,1,0,1.38754,1
0.3593,3.7818,2.7610,12.0196,2.4924,0.1392,-0.8869,0,1,0,0.75435,1
0.4035,4.2872,2.6868,11.7077,-2.7728,0.0149,-0.5721,0,1,0,0.25999,3
0.4179,4.4631,2.6643,13.0267,-2.5564,0.0272,-1.7824,0,1,1,1.78321,1
0.6531,6.1237,2.0329,12.0653,0.2953,0.1363,-1.6902,0,1,0,0.64200,1
0.4256,4.2327,2.5675,12.0199,-2.8405,0.0250,-0.8908,0,1,0,0.70589,3
0.4618,4.7607,2.5355,11.9658,0.9588,0.0150,-0.9138,0,1,0,0.44588,1
0.5106,5.3024,2.4417,12.5900,2.9289,0.0138,-1.6933,0,1,1,1.14916,1
0.4724,4.7388,2.4847,11.8786,-1.7670,0.0379,-0.8841,0,1,0,0.48562,3
0.3846,4.0583,2.7154,12.5248,-3.0462,0.0551,-1.2495,0,1,0,1.31138,1
0.4230,4.1681,2.5623,12.0344,2.7112,0.0394,-0.9165,0,1,0,0.68479,1
0.4137,4.5666,2.7113,13.2950,-2.7060,0.0480,-2.0566,0,1,0,2.13805,0
0.4217,4.1698,2.5688,12.1886,-3.0877,0.0224,-1.0249,0,0,0,0.00000,1
0.4392,4.8328,2.6554,12.5778,2.6684,0.1140,-1.5757,0,1,0,1.40721,1
0.3897,4.1004,2.7020,11.8635,2.2245,0.0589,-0.7261,0,1,0,0.42242,3
0.4585,4.5079,2.4909,12.0229,0.1325,0.0011,-0.9393,0,1,1,0.44600,1
0.3382,3.7183,2.8560,12.1644,2.7685,0.1078,-0.9020,0,1,0,0.82893,3
0.3756,4.1017,2.7747,13.0968,-2.4716,0.0466,-1.6875,0,1,1,1.47696,1
0.3985,4.1174,2.6635,11.8398,2.5299,0.0310,-0.6891,0,1,0,0.22313,3
0.4230,4.5019,2.6497,11.9983,1.7034,0.0448,-0.8930,0,1,0,0.70273,1
0.3670,3.8903,2.7553,11.9008,2.6220,0.0322,-0.6751,0,1,0,0.28179,3
0.3560,3.9128,2.8213,11.8557,3.0345,0.2183,-0.8525,0,1,0,0.43017,1
0.4377,4.8314,2.6621,11.9482,3.0207,0.0858,-0.9358,0,1,0,0.53285,2
0.4090,4.4433,2.7020,13.3060,2.3849,0.0069,-1.9656,0,2,2,1.70311,1
0.3755,3.9399,2.7265,11.6225,-2.1811,0.0620,-0.5178,0,1,0,0.15722,3
0.5153,5.2131,2.4052,11.9760,0.9066,0.0014,-1.0314,0,1,0,0.20373,3
0.4784,5.2031,2.5600,12.4087,-2.7763,0.0720,-1.4773,0,1,0,0.95943,1
0.3942,4.3008,2.7365,13.2589,-2.6168,0.0252,-1.8820,0,1,0,1.88427,1
0.4674,4.8067,2.5215,12.0013,2.0295,0.0320,-0.9832,0,1,0,0.37628,3
0.5334,5.5219,2.3896,12.0806,2.0646,0.0176,-1.2126,0,1,0,0.49675,3
0.5736,5.5115,2.2312,11.8322,-2.4237,0.0016,-1.0065,0,1,0,0.24011,1
0.3338,3.6389,2.8534,11.7693,2.1343,0.0914,-0.5914,0,1,0,0.34523,1
0.3446,3.7076,2.8166,11.9632,2.9757,0.0506,-0.6975,0,1,0,0.46165,3
0.5251,5.3902,2.3989,11.9452,2.0434,0.0318,-1.0641,0,1,0,0.34526,1
0.3782,4.0121,2.7342,11.9896,2.4046,0.1517,-0.9226,0,1,0,0.45797,1
0.4547,4.4560,2.4949,11.9395,0.8408,0.0178,-0.8754,0,1,0,0.18749,1
0.5419,5.1536,2.2884,11.8541,0.2037,0.0668,-1.0483,0,1,0,0.48614,1
0.4485,4.3590,2.4982,11.8267,-3.1386,0.0124,-0.7522,0,1,0,0.25373,1
0.3550,3.8670,2.8120,12.5153,2.6986,0.1266,-1.2471,0,1,0,1.29289,1
0.3822,4.1918,2.7669,12.8919,-2.9420,0.0173,-1.4915,0,2,0,1.44882,1
0.4508,4.4356,2.5067,11.9955,-1.5329,0.0522,-0.9647,0,1,0,0.52640,3
0.5171,4.7093,2.2974,11.8482,0.2783,0.0465,-0.9594,0,1,0,0.16200,1
0.3338,3.6471,2.8567,12.5444,-2.7618,0.1327,-1.2079,0,1,0,1.40925,1
0.4360,4.1694,2.5049,11.7038,1.6823,0.0152,-0.6236,0,1,0,0.24518,3
0.3838,3.9461,2.6863,11.8248,2.5306,0.1442,-0.7916,0,1,0,0.20650,1
0.3593,3.8568,2.7851,12.1617,-2.9185,0.1032,-0.9488,0,1,0,0.82759,3
0.3881,4.2525,2.7541,13.1343,-2.9810,0.0046,-1.7043,0,1,2,1.76336,1
0.4793,4.9826,2.5088,11.7732,0.1213,0.0044,-0.7551,0,1,0,0.25073,1
0.5234,5.3306,2.3946,12.2669,-2.7205,0.0152,-1.3838,0,1,0,0.42155,1
0.4112,4.1114,2.6014,12.5292,2.2109,0.0373,-1.3161,0,1,0,1.13962,1
0.3797,4.0543,2.7392,11.9241,2.6406,0.0038,-0.6832,0,1,0,0.62671,1
0.3891,3.9447,2.6595,11.6807,-2.9722,0.0465,-0.5649,0,1,0,0.18156,3
0.4593,4.6772,2.5273,12.8840,-2.0187,0.0164,-1.8038,0,0,3,0.84125,1
0.4044,4.4543,2.7278,12.0665,-3.0715,0.0264,-0.8831,0,1,1,0.61578,2
0.3763,4.0526,2.7565,11.6616,-2.4246,0.0150,-0.4920,0,1,0,0.37725,1
0.5355,5.0511,2.2937,12.1323,-0.1409,0.0459,-1.3120,0,1,0,0.53961,1
0.3903,4.1505,2.7138,11.7504,1.9682,0.0209,-0.5904,0,1,0,0.41361,1
0.4875,4.4286,2.3527,11.7898,0.2553,0.0454,-0.8372,0,1,0,0.16314,1
0.4413,4.2542,2.5031,11.8369,0.2733,0.0068,-0.7395,0,1,0,0.40707,1
0.4260,4.6085,2.6628,11.8990,-2.7369,0.0260,-0.7892,0,1,0,0.52317,3
0.3607,3.8410,2.7728,12.3484,-2.5627,0.0178,-0.9786,0,2,0,0.67028,1
0.4556,4.7327,2.5565,11.7764,1.9572,0.0142,-0.7245,0,1,0,0.26818,3
0.5031,5.1480,2.4424,11.8474,2.0359,0.0581,-0.9463,0,1,0,0.35654,1
0.4579,4.5615,2.5062,12.8024,2.6196,0.0141,-1.7110,0,1,1,0.95356,1
0.4526,4.7187,2.5668,11.9484,1.4642,0.0292,-0.8955,0,1,0,0.56942,1
0.4756,4.7013,2.4627,11.9265,2.9930,0.0297,-0.9261,0,1,0,0.28543,1
0.3815,3.9481,2.6985,11.9149,-3.1338,0.0237,-0.7048,0,1,0,0.42049,3
0.4391,4.6554,2.6129,13.1727,1.9107,0.0135,-1.9983,0,1,1,1.61669,1
0.4697,4.5744,2.4588,11.8424,1.5023,0.0243,-0.8254,0,1,0,0.34989,3
0.4776,4.4196,2.3906,11.9300,1.4943,0.0331,-0.9371,0,1,0,0.58378,1
0.4174,4.2023,2.5974,11.8328,-2.0895,0.0167,-0.7019,0,1,0,0.28161,3
0.3676,3.9275,2.7633,11.5723,-3.0084,0.0110,-0.4088,0,1,0,0.25117,1
0.4764,4.4614,2.4048,11.8554,1.8764,0.0173,-0.8417,0,1,0,0.38076,1
0.3396,3.6676,2.8306,12.7777,-3.0675,0.0750,-1.3214,0,1,1,1.36612,0
0.3642,3.9522,2.7893,12.5710,-2.9896,0.1094,-1.2986,0,2,0,1.03821,1
0.4114,4.2229,2.6311,12.5983,2.3984,0.0148,-1.3437,0,1,2,0.88101,1
0.3831,3.9207,2.6821,11.7415,3.1093,0.0080,-0.5545,0,1,0,0.44149,3
0.5057,5.4018,2.4821,11.8920,-2.3378,0.0196,-0.9486,0,1,0,0.17159,3
0.3723,4.0383,2.7729,11.8779,-2.7655,0.0113,-0.6426,0,1,0,0.56356,1
0.3504,3.7353,2.7937,11.9494,2.2130,0.0699,-0.7246,0,1,0,0.51315,3
0.3846,4.1049,2.7295,12.3167,2.3396,0.0472,-1.0648,0,1,0,0.75261,3
0.3841,4.1573,2.7470,11.6962,2.6952,0.0203,-0.5374,0,1,0,0.19755,1
0.5193,5.1404,2.3747,12.0908,0.5207,0.0300,-1.2016,0,1,0,0.43831,1
0.4217,4.5481,2.6679,12.9605,-1.6113,0.0181,-1.7216,0,1,2,1.74280,1
0.4772,5.0503,2.5326,11.9180,-2.7618,0.0346,-0.9297,0,1,0,0.26023,3
0.4210,4.4225,2.6388,11.7064,1.6063,0.0293,-0.6188,0,1,0,0.36523,1
0.3651,4.0304,2.8087,11.6087,2.1388,0.0521,-0.4804,0,1,0,0.26210,0
0.4325,4.2617,2.5439,11.8026,-1.0405,0.0086,-0.6950,0,1,0,0.41786,1
0.4162,4.3878,2.6523,11.9937,-1.5282,0.0069,-0.8234,0,1,0,0.49140,1
0.4261,4.1592,2.5460,12.0562,2.9947,0.0054,-0.8966,0,1,0,0.50067,1
0.3609,3.9579,2.8088,11.8123,2.9083,0.0643,-0.6376,0,1,0,0.44484,3
0.4211,4.5557,2.6728,13.2257,2.9121,0.0448,-2.0205,0,1,1,2.00593,1
0.3958,4.2882,2.7253,11.9642,2.4110,0.0865,-0.8561,0,1,0,0.47772,3
0.3811,4.1437,2.7585,11.6653,-3.1066,0.0440,-0.5375,0,1,0,0.37359,3
0.4361,4.4982,2.5880,12.1786,-2.4856,0.0040,-1.0301,0,1,1,0.66514,3
0.4618,4.4037,2.4522,11.8770,0.1755,0.0041,-0.8141,0,1,0,0.32993,1
0.4593,4.4330,2.4696,11.9368,1.2481,0.0145,-0.8786,0,1,0,0.18094,1
0.3841,3.9767,2.6937,12.6877,-3.1203,0.0378,-1.3586,0,1,2,1.42574,1
0.3475,3.7325,2.8090,12.8271,2.7218,0.0105,-1.2876,0,2,0,1.32586,1
0.4427,4.5284,2.5653,11.8805,1.5651,0.0089,-0.7852,0,1,0,0.26735,1
0.4483,4.9125,2.6316,13.3306,1.9662,0.0426,-2.2616,0,1,1,2.24800,1
0.3954,4.2832,2.7257,11.9719,3.1031,0.0468,-0.8104,0,1,1,0.36283,3
0.4560,4.7716,2.5636,11.6655,1.8638,0.0498,-0.6687,0,1,0,0.26106,3
0.3649,3.8295,2.7467,11.9736,3.0621,0.0373,-0.7319,0,1,0,0.70237,3
0.3824,4.0835,2.7341,12.8595,2.8371,0.0267,-1.4799,0,1,1,1.48222,1
0.4111,4.3354,2.6627,12.5573,2.5453,0.0666,-1.3858,0,1,2,1.33900,1
0.3663,3.9612,2.7808,13.2977,-1.8466,0.0316,-1.7885,1,3,1,1.70158,1
0.3639,3.8962,2.7734,13.0390,-2.5116,0.0227,-1.5445,0,1,0,1.95720,1
0.4811,5.0680,2.5192,12.1010,1.4780,0.0449,-1.1335,0,1,0,0.24671,1
0.3993,4.3780,2.7324,11.8003,-2.6149,0.0293,-0.6573,0,1,0,0.28995,1
0.4100,4.2200,2.6368,11.5647,-2.6070,0.0354,-0.4915,0,1,0,0.36644,3
0.4688,4.8010,2.5139,12.4194,2.0910,0.0339,-1.3997,0,1,1,0.93316,1
0.4140,4.1548,2.6004,11.8296,1.9953,0.0177,-0.6937,0,1,0,0.26336,3
0.3683,4.0503,2.7976,13.0964,-2.8649,0.0402,-1.6424,0,0,1,0.95731,1
0.4141,4.2408,2.6229,11.9652,2.2402,0.0041,-0.7903,0,1,0,0.56753,1
0.3974,4.1932,2.6903,12.8273,-1.6746,0.0389,-1.5328,0,1,0,1.22506,1
0.4307,4.6183,2.6428,12.2288,2.7112,0.0498,-1.1253,0,1,0,0.73576,3
0.4686,4.6255,2.4752,11.9244,2.3088,0.0606,-0.9496,0,1,0,0.46934,1
0.4203,4.4156,2.6402,13.1523,3.0042,0.0310,-1.9202,0,1,1,1.56898,1
0.4318,4.6317,2.6409,12.0200,-3.1334,0.1090,-1.0181,0,1,0,0.54206,1
0.3799,4.0647,2.7416,12.3630,-3.1082,0.0269,-1.0600,0,1,1,0.87695,3
0.4468,4.6838,2.5845,11.6906,1.7155,0.0632,-0.6921,0,1,0,0.40680,3
0.4405,4.3838,2.5392,12.0631,0.9121,0.0115,-0.9468,0,1,0,0.64782,1
0.3976,4.3853,2.7430,11.8535,2.7845,0.0531,-0.7268,0,1,0,0.26411,2
0.4094,4.4383,2.6986,11.9767,3.0342,0.1187,-0.9394,0,1,0,0.58346,1
0.5765,5.9339,2.2889,12.7859,-0.9838,0.0108,-2.1786,0,1,0,1.50295,1
0.4334,4.6074,2.6274,11.9468,2.4168,0.1282,-0.9804,0,1,0,0.34953,1
0.4644,4.8174,2.5369,11.8484,-2.3925,0.0199,-0.8160,0,1,0,0.40410,3
0.3554,3.7835,2.7827,13.0979,-2.5499,0.1078,-1.7047,0,1,2,2.06792,1
0.4931,5.3679,2.5295,13.0119,-2.4611,0.0236,-2.1035,0,1,1,1.49404,1
0.5019,5.0007,2.4171,11.9164,2.8788,0.0119,-0.9524,0,1,0,0.32718,1
0.4673,5.0145,2.5684,12.1109,-2.3171,0.0976,-1.1792,0,1,0,0.51246,1
0.3892,4.0456,2.6888,12.0254,3.1121,0.0544,-0.8494,0,1,0,0.69574,3
0.5793,5.5340,2.2136,12.1857,1.1336,0.0234,-1.4659,0,1,0,0.63530,1
0.3966,4.2942,2.7229,13.0560,2.6090,0.0147,-1.6919,0,1,1,1.77792,1
0.4392,4.6932,2.6216,12.1521,2.4612,0.0275,-1.0478,0,1,0,0.58484,3
0.4906,5.1661,2.4991,11.7903,-2.9819,0.0552,-0.8593,0,1,0,0.24526,1
0.3726,4.0922,2.7876,11.8616,-3.0922,0.1016,-0.7441,0,1,0,0.48114,3
0.3723,3.9010,2.7310,11.6180,-2.7487,0.0127,-0.4506,0,1,0,0.37000,1
0.3280,3.6067,2.8755,13.1258,2.5550,0.0270,-1.4587,0,1,1,1.92873,1
0.5193,4.9746,2.3419,12.0883,-2.1399,0.0170,-1.1795,0,1,0,0.57369,1
0.4833,4.7092,2.4321,11.8423,-1.6411,0.0164,-0.8433,0,1,0,0.33712,3
0.5558,5.3990,2.2793,12.1002,-0.9206,0.0120,-1.2839,0,1,0,0.60879,1
0.5605,5.7848,2.3273,12.6688,-0.2717,0.0060,-1.9613,0,1,1,1.10042,1
0.4218,4.3914,2.6270,12.7490,-2.8591,0.0460,-1.5695,0,1,4,2.35620,1
0.3959,4.0590,2.6597,12.3245,-3.0405,0.0183,-1.0632,0,1,1,1.09891,1
0.4064,4.3444,2.6881,12.1158,-2.7294,0.0080,-0.9043,0,1,0,0.68024,1
0.4921,5.2936,2.5186,11.8248,1.7821,0.0087,-0.8377,0,1,0,0.43045,3
0.4573,4.8332,2.5721,12.0282,-1.9239,0.0350,-0.9890,0,2,0,0.62921,3
0.4081,4.0774,2.6066,11.9517,3.0578,0.0129,-0.7766,0,1,0,0.63931,3
0.4298,4.6803,2.6626,11.7530,2.8858,0.0102,-0.6512,0,1,0,0.33165,1
0.4641,4.7953,2.5331,11.7263,-2.4028,0.0392,-0.7260,0,1,0,0.27564,3
0.5045,4.7287,2.3503,11.8794,-0.9264,0.0206,-0.9301,0,1,1,0.53394,1
0.4702,4.4666,2.4318,12.3145,0.9639,0.0291,-1.2902,0,1,1,0.72845,1
0.4210,4.3508,2.6201,11.9664,-2.8967,0.0861,-0.9145,0,1,1,0.49117,1
0.4628,4.9771,2.5804,12.5873,-2.1575,0.0273,-1.5380,0,1,1,1.18488,1
0.4970,4.5866,2.3500,11.7480,0.8460,0.0095,-0.7679,0,1,0,0.40965,1
0.4374,4.1730,2.4997,11.9356,2.1082,0.0330,-0.8531,0,1,0,0.40757,1
0.4593,4.4231,2.4673,12.0979,2.6286,0.0083,-1.0207,0,1,0,0.77427,1
0.3850,4.2384,2.7660,11.9232,2.5175,0.0884,-0.8015,0,1,0,0.40297,2
0.4316,4.5478,2.6211,12.8312,2.9134,0.0290,-1.6588,1,2,1,1.82069,1
0.4577,4.8381,2.5716,11.7698,-1.8736,0.0361,-0.7504,0,1,0,0.18582,3
0.4260,4.5438,2.6461,12.1921,-2.8937,0.0915,-1.1365,0,1,0,0.69742,1
0.5144,5.3224,2.4299,13.0806,0.0461,0.0094,-2.2527,0,1,2,1.68814,1
0.5804,5.4977,2.2034,12.0941,-0.9569,0.0248,-1.3610,0,1,0,0.49793,1
0.4674,4.8094,2.5221,11.9004,2.6735,0.0052,-0.8520,0,1,0,0.49712,3
0.5191,5.4368,2.4325,12.4013,-2.7522,0.0035,-1.5011,0,1,1,1.08944,1
0.4552,4.9592,2.6106,12.6857,2.9862,0.0551,-1.6520,0,1,1,1.41627,1
0.3573,3.9111,2.8134,12.6035,-2.7089,0.0260,-1.1760,0,1,1,1.30072,1
0.3523,3.8476,2.8205,12.4795,-2.6713,0.1746,-1.2792,0,0,0,0.00000,1
0.5250,5.1980,2.3630,12.3042,-1.2156,0.0143,-1.4267,0,1,0,0.80292,1
0.4377,4.3675,2.5478,12.8024,-1.9895,0.0087,-1.6205,0,1,0,0.21684,1
0.4917,4.7069,2.3970,12.4066,-1.7325,0.0093,-1.4213,0,1,1,0.47713,1
0.4498,4.7447,2.5853,12.0731,-2.3508,0.0241,-0.9977,0,0,0,0.00000,3
0.3665,3.8695,2.7511,12.6640,3.1048,0.0574,-1.3049,0,1,0,1.53953,1
0.4642,5.0582,2.5920,11.9787,2.9598,0.0860,-1.0264,0,1,0,0.48675,1
0.4559,4.5743,2.5178,11.8132,-2.7435,0.0446,-0.7970,0,1,0,0.27034,1
0.4195,4.3341,2.6226,12.2847,-2.6519,0.0401,-1.1293,0,1,0,0.79823,1
0.4990,4.5982,2.3444,11.9153,-1.5920,0.0015,-0.9277,0,1,0,0.32206,1
0.4339,4.4188,2.5780,11.9933,1.4104,0.0235,-0.8850,0,1,0,0.64911,1
0.3962,4.0504,2.6558,11.9281,1.6190,0.0289,-0.7529,0,1,0,0.33613,1
0.3857,3.9936,2.6911,11.9980,-2.9529,0.0190,-0.7729,0,1,0,0.61098,3
0.3582,3.9233,2.8122,12.0774,-2.5842,0.1232,-0.9071,0,1,0,0.54799,3
0.3924,4.1572,2.7052,11.7977,2.7314,0.0402,-0.6554,0,1,0,0.46826,3
0.4000,4.0299,2.6314,11.8975,2.2008,0.0584,-0.7741,0,1,0,0.48793,3
0.4629,4.8734,2.5564,12.3044,-2.2012,0.0424,-1.2799,0,1,0,0.89131,3
0.4710,4.6139,2.4624,11.9277,-1.7365,0.0545,-0.9498,0,1,0,0.51907,3
0.3585,3.8177,2.7768,12.0847,-2.7335,0.0996,-0.8828,0,1,0,0.79702,3
0.4205,4.4978,2.6608,11.9573,-2.9161,0.0644,-0.8771,0,1,0,0.25490,3
0.4422,4.4135,2.5393,11.9683,2.9048,0.0300,-0.8901,0,1,0,0.28891,1
0.3526,3.7840,2.7978,11.8982,-2.6876,0.0821,-0.7071,0,1,0,0.33908,3
0.4402,4.6499,2.6064,11.7490,-1.4361,0.0176,-0.6756,0,1,0,0.33426,1
0.4204,4.2167,2.5873,12.7168,-1.4333,0.0227,-1.4960,0,1,0,1.53366,1
0.4508,4.2891,2.4712,12.0807,-2.2852,0.0122,-0.9880,0,1,0,0.29168,1
0.5069,5.5034,2.4967,12.0189,2.3400,0.0571,-1.1331,0,1,0,0.46830,3
0.3853,4.2083,2.7560,11.7085,-2.4296,0.0401,-0.5728,0,1,0,0.21274,1
0.4536,4.2831,2.4577,11.7209,-0.8880,0.0082,-0.6607,0,1,0,0.49962,3
0.5165,4.7595,2.3100,12.2290,-0.2959,0.0252,-1.3326,0,1,0,0.61482,1
0.3647,3.8920,2.7679,11.7150,2.3097,0.0313,-0.5322,0,1,0,0.30830,1
0.4149,4.2836,2.6307,12.0401,-2.0234,0.0093,-0.8624,0,1,0,0.72638,1
0.3981,4.0410,2.6440,11.8129,-2.5338,0.0323,-0.6680,0,1,0,0.20435,3
0.3794,4.1205,2.7604,12.3510,2.1270,0.0236,-1.0445,0,1,0,1.12104,1
0.4100,4.1780,2.6255,11.6944,2.4623,0.0909,-0.6656,0,1,0,0.32002,1
0.4222,4.3070,2.6028,11.8408,-2.4437,0.0877,-0.8093,0,1,0,0.19287,1
0.4743,4.7755,2.4845,12.0904,-1.9159,0.0161,-1.0645,0,1,2,0.88692,3
0.4214,4.1295,2.5593,12.1233,2.9175,0.0072,-0.9457,0,1,0,0.61708,1
0.4268,4.4972,2.6304,12.1126,1.3279,0.0083,-0.9536,0,1,0,0.61172,1
0.4891,4.5393,2.3710,11.9417,-0.4346,0.0017,-0.9321,0,1,0,0.32639,1
0.4990,5.3057,2.4915,12.0047,-2.7438,0.0009,-1.0228,0,1,0,0.32615,3
0.3716,4.0054,2.7667,12.8024,3.1097,0.0808,-1.4753,0,1,0,0.59362,1
0.3508,3.8209,2.8196,12.4705,2.7646,0.1288,-1.2012,0,1,0,1.29663,1
0.5866,5.9943,2.2594,12.1187,-0.5335,0.0580,-1.4596,0,1,0,0.36198,1
0.5602,5.4660,2.2742,12.1764,-0.0196,0.0431,-1.4294,0,1,0,0.66793,1
0.3947,4.2617,2.7232,12.1715,2.8676,0.1027,-1.0488,0,1,0,0.97771,1
0.4663,5.0857,2.5886,12.2994,-2.2321,0.0116,-1.2424,0,1,0,1.02468,3
0.4464,4.3536,2.5057,12.8035,1.4845,0.0082,-1.6550,0,2,3,1.53573,1
0.3707,4.0723,2.7916,11.9751,-2.7383,0.2145,-0.9737,0,1,0,0.52147,1
0.3740,3.9070,2.7241,12.9154,-2.3433,0.0374,-1.5102,0,1,1,1.56531,1
0.4100,4.1720,2.6237,11.8327,2.7298,0.0839,-0.7731,0,1,0,0.49111,1
0.3515,3.8173,2.8150,12.5815,2.6416,0.0348,-1.1519,0,1,1,1.38190,1
0.5317,5.3952,2.3734,11.7069,1.0267,0.0744,-0.8783,0,0,2,0.29746,1
0.4699,4.3804,2.4129,12.2219,-0.7209,0.0249,-1.1913,0,1,0,0.49032,1
0.5209,4.8274,2.3065,11.6855,-0.0726,0.0292,-0.7752,0,1,0,0.27656,3
0.5540,5.0841,2.2300,11.9927,-0.9358,0.0007,-1.1387,0,1,0,0.36485,1
0.4282,4.2863,2.5698,11.7080,2.5349,0.0108,-0.6090,0,1,0,0.31916,3
0.3796,3.9447,2.7067,11.4438,-2.9209,0.0223,-0.3431,0,0,0,0.00000,3
0.4383,4.2645,2.5190,11.6996,-0.2362,0.0098,-0.6176,0,1,0,0.22704,1
0.4254,4.4118,2.6152,11.7132,2.3208,0.0911,-0.7088,0,1,0,0.35759,3
0.4339,4.4105,2.5756,11.7469,2.8484,0.0430,-0.6934,0,1,0,0.46917,1
0.4936,4.8037,2.4101,11.8686,-0.1839,0.0060,-0.8773,0,1,0,0.50035,3
0.6511,6.1309,2.0411,12.0981,0.9483,0.0245,-1.5635,0,1,0,0.57984,1
0.4154,4.2939,2.6312,12.3333,2.6067,0.0330,-1.1501,0,1,0,1.08123,1
0.3694,4.0483,2.7911,11.6525,-2.9066,0.0633,-0.5326,0,1,0,0.20330,3
0.3855,4.1077,2.7256,11.8224,2.4823,0.0850,-0.7179,0,0,2,0.28415,3
0.3595,3.8783,2.7913,12.9594,-3.1253,0.0477,-1.5023,0,1,0,1.86219,1
0.4410,4.3855,2.5374,12.7218,0.0642,0.0063,-1.5525,0,1,1,1.47272,1
0.3766,4.1514,2.7842,12.7521,2.9408,0.0201,-1.3568,0,1,3,1.54302,0
0.3822,4.0891,2.7367,11.4613,2.7018,0.0127,-0.3482,0,1,0,0.20720,1
0.4675,5.0380,2.5726,12.0618,2.3407,0.0319,-1.0427,0,1,0,0.63896,3
0.5302,5.2385,2.3499,11.8922,2.5408,0.0056,-0.9826,0,1,0,0.20357,1
0.4298,4.4775,2.6118,11.9737,0.1066,0.0013,-0.8296,0,1,0,0.53655,1
0.4588,4.4039,2.4648,11.7903,2.2662,0.0023,-0.7261,0,1,0,0.51124,3
0.3917,4.0280,2.6715,11.9159,-2.9363,0.1037,-0.8301,0,1,0,0.56766,1
0.3802,3.8999,2.6905,11.7195,-2.2377,0.0539,-0.5892,0,1,0,0.28438,3
0.4652,4.7915,2.5276,12.6162,2.6697,0.0179,-1.5598,0,1,2,2.31853,1
0.3839,4.1805,2.7547,12.7406,2.5001,0.0495,-1.4210,0,1,0,1.31620,1
0.4416,4.8354,2.6449,12.2180,-2.5527,0.0736,-1.1789,0,1,0,0.90319,3
0.4297,4.5993,2.6429,12.7438,1.9208,0.0229,-1.5586,0,1,2,1.30885,1
0.4983,4.7314,2.3757,12.2525,0.9604,0.0366,-1.3221,0,1,0,0.59788,1
0.4555,4.5022,2.5023,12.0982,1.6345,0.0169,-1.0243,0,1,0,0.39144,1
0.3918,4.3213,2.7548,12.0545,-2.8997,0.0581,-0.8841,0,1,0,0.82014,2
0.4154,4.4261,2.6662,12.0204,2.6782,0.0034,-0.8399,0,1,0,0.64534,1
0.5079,5.2981,2.4522,12.7924,-2.3855,0.0067,-1.8944,0,1,1,1.05128,1
0.4012,4.3243,2.7084,12.1505,-2.6835,0.0597,-0.9896,0,1,0,0.94254,3
0.4364,4.5341,2.5955,12.1677,-2.4610,0.0949,-1.1471,0,1,0,0.70443,1
0.3723,4.0172,2.7667,11.8275,-2.8517,0.0406,-0.6411,0,1,0,0.44997,3
0.3862,4.2152,2.7532,11.8353,2.1685,0.0443,-0.6785,0,1,0,0.31894,1
0.4055,4.1168,2.6297,11.8688,-2.2672,0.0616,-0.7658,0,1,0,0.20369,3
0.5382,5.1217,2.2966,11.7785,0.3347,0.0260,-0.9036,0,1,0,0.23340,3
0.4622,4.4430,2.4598,11.9368,-1.1756,0.0308,-0.9067,0,1,0,0.49130,1
0.3559,3.7844,2.7802,12.5178,2.3958,0.0601,-1.1553,0,1,1,1.14419,1
0.4553,4.6603,2.5409,11.7490,-2.2107,0.0705,-0.7696,0,1,0,0.29631,1
0.3987,4.0781,2.6513,11.9123,2.4821,0.0178,-0.7312,0,1,0,0.56868,3
0.4002,4.2269,2.6862,12.3943,-2.7055,0.0847,-1.2316,0,1,0,1.16079,1
0.3507,3.8022,2.8143,12.9834,-2.3774,0.0165,-1.4319,1,1,1,0.75550,1
0.3992,4.1594,2.6721,11.5843,2.2274,0.0319,-0.4874,0,1,0,0.24156,3
0.4407,4.4454,2.5538,11.5179,1.6924,0.0074,-0.4621,0,1,0,0.16246,3
0.4705,4.3693,2.4080,11.9290,1.6565,0.0167,-0.8981,0,1,0,0.35723,1
0.5360,5.6785,2.4077,11.7595,0.9173,0.0122,-0.8646,0,1,0,0.25478,1
0.3398,3.6757,2.8324,12.1061,-2.3756,0.1028,-0.8572,0,1,0,0.86163,3
0.3665,3.8950,2.7590,12.2670,-3.0258,0.0292,-0.9487,0,1,0,1.01953,3
0.4943,4.6979,2.3846,11.8737,0.3875,0.0181,-0.8993,0,0,0,0.00000,1
0.3724,3.9039,2.7311,11.5717,-1.7889,0.0236,-0.4297,0,1,0,0.39523,1
0.3571,3.8781,2.8042,12.3137,2.8446,0.1306,-1.0987,0,1,0,0.98726,1
0.3917,4.2308,2.7294,11.8129,-2.9551,0.0336,-0.6582,0,1,0,0.34370,3
0.4266,4.2154,2.5584,11.7859,3.1260,0.0120,-0.6737,0,1,0,0.29193,3
0.3769,4.0897,2.7646,11.9064,-2.5750,0.0764,-0.7559,0,1,0,0.24096,3
0.4915,5.2648,2.5153,11.8306,2.2919,0.0096,-0.8431,0,1,0,0.46170,3
0.4407,4.4661,2.5588,11.8740,-2.6340,0.0125,-0.7798,0,0,2,0.29820,3
0.3406,3.7564,2.8554,12.0307,-2.5687,0.1698,-0.8904,0,1,0,0.42422,2
0.6208,5.8569,2.1113,12.4172,1.1578,0.0144,-1.8745,0,1,0,0.39439,1
0.3990,4.2146,2.6885,11.9144,-2.1315,0.0241,-0.7420,0,1,0,0.61372,1
0.3593,3.9202,2.8054,11.7802,2.0997,0.0422,-0.5841,0,1,0,0.31706,1
0.4098,4.0547,2.5922,11.7060,1.7661,0.0223,-0.5897,0,1,0,0.18011,3
0.3593,3.9276,2.8077,13.2759,-2.1259,0.0330,-1.7376,0,1,1,2.10966,1
0.3756,3.9715,2.7354,11.6290,2.6981,0.0399,-0.4964,0,1,0,0.39939,3
0.4596,5.0269,2.6059,11.7230,-2.7326,0.0202,-0.6919,0,1,0,0.29658,3
0.4698,4.4922,2.4393,12.5678,2.5649,0.0096,-1.5116,0,1,1,1.22454,1
0.4651,4.3924,2.4356,11.6471,-0.9832,0.0194,-0.6277,0,1,0,0.44481,3
0.5588,5.7392,2.3264,12.0439,-0.1142,0.0234,-1.2464,0,1,0,0.56941,1
0.5420,5.3362,2.3217,11.8595,0.8740,0.0063,-0.9745,0,1,0,0.25994,3
0.4501,4.7473,2.5846,12.2526,-2.5164,0.0473,-1.1991,0,1,0,0.57495,3
0.4851,4.5707,2.3943,11.8930,-1.2436,0.0275,-0.9104,0,1,0,0.41623,1
0.3647,4.0033,2.8025,13.2328,3.0090,0.0269,-1.7168,0,1,1,1.98145,1
0.3375,3.6702,2.8436,13.2180,-3.1413,0.0746,-1.6593,0,1,1,1.76734,1
0.4827,4.9177,2.4798,11.9047,-2.2403,0.0202,-0.9093,0,1,0,0.46273,3
0.3446,3.7247,2.8219,12.9455,-2.6020,0.0146,-1.3736,0,1,2,1.44923,1
0.4759,4.3701,2.3859,11.9164,0.5321,0.0222,-0.9052,0,0,0,0.00000,1
0.3607,3.9733,2.8149,11.7856,3.1119,0.0154,-0.5576,0,1,1,0.37381,0
0.3657,3.9445,2.7791,12.3225,2.5287,0.1934,-1.2194,0,1,0,0.77733,1
0.4708,4.8924,2.5258,12.9838,-1.3652,0.0048,-1.9371,0,1,1,0.75429,1
0.3662,4.0257,2.8016,12.3796,2.5864,0.1619,-1.2226,0,1,1,1.12490,1
0.3791,4.0304,2.7352,11.7271,-2.4852,0.0101,-0.5398,0,1,0,0.19544,1
0.3340,3.6430,2.8540,12.5326,-2.8910,0.0898,-1.1370,0,2,1,1.03002,1
0.4983,4.8069,2.3918,11.7926,-0.8805,0.0028,-0.8072,0,1,0,0.14567,3
0.5246,5.0287,2.3320,12.5359,1.1013,0.0276,-1.7022,0,1,1,1.18981,1
0.3645,3.8642,2.7598,12.1900,-2.7851,0.0428,-0.9027,0,1,0,0.81021,3
0.3527,3.8876,2.8310,12.4171,2.8629,0.1574,-1.2050,0,1,1,1.08569,0
0.3525,3.7502,2.7871,11.7195,2.0588,0.0738,-0.5670,0,1,0,0.45388,1
0.4506,4.3104,2.4771,11.9811,0.6628,0.0008,-0.8808,0,1,0,0.71317,1
0.4021,4.2903,2.6943,12.1372,-2.4220,0.1082,-1.0465,0,1,0,0.64310,3
0.5162,5.0333,2.3658,12.3322,-1.0045,0.0475,-1.4795,0,1,3,1.00894,1
0.4872,4.7215,2.4189,12.8117,2.5724,0.0054,-1.8236,0,1,0,1.19823,1
0.5234,5.4810,2.4231,11.9343,1.5911,0.0050,-1.0134,0,1,0,0.21274,3
0.3575,3.8974,2.8078,12.5557,2.6958,0.0680,-1.2018,0,1,0,1.32845,1
0.4844,4.9486,2.4793,12.0328,1.7135,0.0254,-1.0467,0,1,1,0.70278,3
0.4886,4.7793,2.4255,12.1220,-0.9836,0.0247,-1.1444,0,1,0,0.59731,1
0.3732,4.0288,2.7654,11.7562,-2.6890,0.0371,-0.5846,0,1,0,0.37920,3
0.4292,4.2303,2.5506,11.7036,-2.5603,0.0232,-0.6223,0,1,0,0.17130,3
0.4065,4.2878,2.6723,11.8883,2.0592,0.0066,-0.7140,0,1,0,0.46064,1
0.3745,4.1268,2.7878,12.4711,2.5737,0.1355,-1.2878,0,1,0,1.39321,2
0.3633,3.9589,2.7960,12.6868,2.6630,0.1266,-1.4175,0,1,1,1.37379,1
0.3625,3.8502,2.7661,11.6194,2.9178,0.0483,-0.4798,0,1,0,0.29971,3
0.4177,4.1242,2.5750,12.2427,1.6213,0.0093,-1.0424,0,1,1,0.47391,1
0.4300,4.7312,2.6745,11.8811,2.4790,0.0379,-0.7976,0,1,0,0.36944,3
0.4635,4.4667,2.4599,11.7540,2.9533,0.0239,-0.7296,0,1,0,0.18809,1
0.4230,4.2433,2.5824,12.5889,-1.5750,0.0046,-1.3598,0,1,0,1.32205,1
0.4072,4.1985,2.6445,11.6645,2.5853,0.0313,-0.5631,0,1,0,0.30089,3
0.4778,4.4377,2.3940,11.8402,-0.3817,0.0491,-0.8718,0,1,0,0.27902,1
0.6293,5.7955,2.0723,12.0182,-0.0385,0.1004,-1.5075,0,1,0,0.49987,1
0.5466,5.1818,2.2757,12.1327,0.6192,0.0362,-1.3291,0,1,0,0.49078,1
0.3652,4.0167,2.8039,12.9106,2.5596,0.0301,-1.4574,0,1,0,1.59925,1
0.3769,4.0961,2.7661,13.2993,2.9186,0.0887,-1.9507,0,1,1,2.10226,1
0.5281,5.1367,2.3391,12.0639,-0.6420,0.0259,-1.1892,0,1,0,0.37380,1
0.4344,4.1683,2.5115,11.8364,-2.1618,0.0423,-0.7712,0,1,0,0.45155,1
0.5234,5.2557,2.3804,12.3057,-2.5954,0.0138,-1.4234,0,1,0,0.82734,1
0.4538,4.7210,2.5618,11.8388,-2.9665,0.0021,-0.7624,0,1,0,0.49332,3
0.4522,4.8779,2.6058,12.4187,2.1604,0.0489,-1.3678,0,1,0,1.04993,3
0.5653,5.5761,2.2734,12.4071,-1.5292,0.0183,-1.6811,0,1,1,1.00579,1
0.4744,4.3383,2.3847,12.1147,-1.0944,0.0129,-1.0807,0,1,0,0.71865,1
0.3501,3.7424,2.7976,12.9835,-3.0856,0.1096,-1.5871,0,1,4,2.32235,1
0.3721,4.0693,2.7832,11.8327,-3.0260,0.1115,-0.7332,0,1,0,0.59595,3
0.3887,4.0635,2.6963,11.7610,-2.6828,0.0915,-0.6833,0,1,0,0.20061,3
0.5450,5.5996,2.3571,12.2817,1.0659,0.0681,-1.5445,0,1,0,0.16502,1
0.5010,5.4441,2.5105,12.0175,2.6319,0.0904,-1.1615,0,1,0,0.27635,1
0.3376,3.6960,2.8517,13.0805,2.9283,0.0808,-1.5598,0,1,2,1.84170,1
0.4568,4.8183,2.5708,11.9839,-2.3441,0.0231,-0.9306,0,1,0,0.37074,3
0.3881,4.2363,2.7494,11.4875,-2.6202,0.0222,-0.3863,0,1,0,0.19150,1
0.3734,4.0024,2.7562,13.2131,2.4725,0.0186,-1.7273,0,1,1,2.08124,1
0.4670,5.1251,2.5941,12.4187,-2.5834,0.0937,-1.4821,0,1,0,1.03194,1
0.5197,5.6050,2.4618,12.3838,3.0748,0.0427,-1.5434,0,1,1,1.04232,1
0.3384,3.6947,2.8468,12.9848,-2.9747,0.0639,-1.4592,0,1,0,1.79171,1
0.3789,3.8990,2.6968,12.6856,2.0600,0.0166,-1.3039,0,1,1,1.18111,1
0.4255,4.1580,2.5484,12.0112,2.9519,0.0071,-0.8583,0,1,1,0.54399,1
0.5464,5.0376,2.2498,11.7882,-0.4252,0.0017,-0.8976,0,1,0,0.52695,1
0.4032,4.3974,2.7182,11.8461,2.4361,0.0905,-0.7791,0,0,0,0.00000,3
0.3566,3.9176,2.8193,11.9921,3.0423,0.0295,-0.7176,0,0,0,0.00000,1
0.3428,3.7095,2.8272,13.2847,-2.3082,0.0213,-1.6415,0,2,1,2.16137,1
0.4919,5.4206,2.5455,12.0070,2.3104,0.0836,-1.1189,0,1,0,0.63395,2
0.3945,4.1842,2.7022,12.2324,-3.0893,0.0020,-0.9611,0,1,0,0.97765,1
0.3629,3.8717,2.7709,11.7854,2.4246,0.0479,-0.6012,0,1,0,0.16364,3
0.4258,4.1472,2.5441,12.3988,0.7470,0.0124,-1.2087,0,1,0,1.06462,1
0.5080,5.4911,2.4898,12.2336,1.7900,0.0155,-1.3049,0,1,0,0.77890,3
0.3604,3.9274,2.8019,12.2065,2.3748,0.0177,-0.8705,0,1,1,1.01188,1
0.3413,3.7414,2.8464,11.7386,2.8991,0.1101,-0.6055,0,1,0,0.41600,3
0.5607,5.6336,2.3011,12.0777,-1.2978,0.0024,-1.2596,0,1,0,0.62650,3
0.3987,4.2905,2.7112,12.6799,2.6294,0.0778,-1.4682,0,1,1,0.76537,1
0.3921,4.0823,2.6853,12.4485,1.6943,0.0066,-1.1380,0,1,1,1.02252,1
0.4379,4.3464,2.5415,12.6919,2.4145,0.0379,-1.5639,0,1,1,1.32525,1
0.4550,5.0094,2.6231,12.2527,-2.4421,0.0602,-1.2321,0,1,0,0.32552,2
0.4137,4.2066,2.6156,12.0470,2.7033,0.0744,-0.9524,0,1,0,0.70517,1
0.3878,4.0174,2.6875,12.4100,1.6599,0.0108,-1.0988,0,1,1,0.97022,1
0.4643,5.0651,2.5932,11.9553,2.1690,0.0434,-0.9482,0,1,0,0.69579,3
0.4895,5.3194,2.5353,11.9720,-2.3780,0.0099,-0.9797,0,1,0,0.32459,3
0.3589,3.7952,2.7675,12.1543,2.6738,0.0110,-0.8182,0,1,0,0.78430,1
0.4470,4.2614,2.4802,12.2825,-1.1741,0.0176,-1.1734,1,2,1,1.36788,1
0.4764,4.6283,2.4427,12.3116,0.5606,0.0060,-1.2725,0,1,0,0.87542,1
0.4686,4.8364,2.5228,11.9069,-2.6274,0.0129,-0.8709,0,1,0,0.24613,3
0.4179,4.5599,2.6893,13.2121,-2.7817,0.0085,-1.9247,0,1,0,1.83428,1
0.4987,5.2393,2.4795,12.3268,-2.3234,0.0242,-1.3863,0,1,0,0.73565,1
0.3623,3.9452,2.7970,13.2666,-2.4016,0.0338,-1.7464,0,2,1,1.16533,1
0.3893,4.2245,2.7402,12.6316,-2.4879,0.0747,-1.3860,0,1,0,1.47640,1
0.4844,4.8837,2.4655,12.0714,-2.8220,0.0124,-1.0668,0,1,0,0.46550,1
0.4456,4.7480,2.6055,13.1392,-1.6994,0.0202,-2.0083,0,1,0,1.39555,1
0.4538,4.7376,2.5657,12.4100,2.9074,0.0207,-1.3224,0,1,2,6.38444,1
0.4794,4.9768,2.5070,12.0415,2.5587,0.0187,-1.0341,0,1,0,0.70630,3
0.5502,5.5253,2.3231,11.9852,-1.9154,0.0427,-1.1834,0,1,0,0.61410,1
0.4287,4.5203,2.6277,12.5072,2.2889,0.0049,-1.3074,0,1,1,1.02693,1
0.4945,5.1215,2.4729,12.7666,0.7668,0.0106,-1.8179,0,1,1,1.35675,1
0.3814,4.1430,2.7566,12.4757,2.6006,0.0755,-1.2274,0,1,1,1.18348,3
0.4082,4.2438,2.6518,11.8005,2.4292,0.0851,-0.7440,0,1,0,0.23086,3
0.4603,4.4470,2.4687,11.6566,-2.2591,0.0091,-0.6160,0,1,0,0.41590,3
0.4825,5.2945,2.5613,12.1217,-2.6265,0.0260,-1.1330,0,1,0,0.48593,3
0.5699,5.7575,2.2860,12.7516,0.7781,0.0658,-2.2013,0,1,1,1.34717,1
0.4725,5.1042,2.5647,12.2023,-3.1349,0.0803,-1.2608,0,1,0,0.86729,1
0.5325,5.3121,2.3545,12.3195,-0.3033,0.0150,-1.4688,0,1,1,0.66123,1
0.4091,4.3639,2.6804,12.0248,2.5243,0.0281,-0.8610,0,1,0,0.65535,3
0.4651,4.5732,2.4777,11.7517,0.2613,0.0050,-0.7069,0,1,0,0.19379,1
0.4946,4.6714,2.3777,12.1438,1.7949,0.0145,-1.1669,0,1,0,0.66586,1
0.3568,3.7716,2.7710,11.9300,2.7494,0.0160,-0.6552,0,1,0,0.42446,1
0.4282,4.2909,2.5711,11.9910,1.9231,0.0104,-0.8521,0,1,0,0.53943,3
0.4925,5.3295,2.5244,12.4958,-1.9486,0.0217,-1.5410,0,1,0,0.42918,1
0.4145,4.1443,2.5953,11.9516,2.3964,0.0782,-0.8767,0,1,0,0.20680,1
0.4622,4.9899,2.5857,12.1188,-2.3984,0.0095,-1.0535,0,1,1,0.89014,3
0.3588,3.8986,2.8015,12.5949,-2.3585,0.0518,-1.2130,0,1,1,1.19554,1
0.4532,4.6565,2.5494,12.4007,2.6138,0.0032,-1.2851,0,1,0,0.98815,1
0.4899,4.7607,2.4159,12.1776,2.5474,0.0204,-1.1980,0,0,1,0.36090,1
0.5245,5.2797,2.3805,12.0063,-0.8639,0.0491,-1.1511,0,1,0,0.27984,1
0.4488,4.3081,2.4843,11.6396,2.6318,0.0095,-0.5820,0,1,0,0.20087,3
0.3712,3.8858,2.7320,11.7211,2.3077,0.0047,-0.5151,0,1,0,0.18421,1
0.4320,4.4660,2.5985,11.5733,-2.2315,0.0551,-0.5549,0,1,0,0.23579,3
0.3986,4.3464,2.7276,12.7639,2.4900,0.0424,-1.4866,0,1,0,1.37160,1
0.5015,4.6183,2.3390,11.5201,-1.1819,0.0170,-0.5613,0,1,0,0.14267,3
0.4392,4.1990,2.4986,11.6373,2.8407,0.0263,-0.5851,0,1,0,0.20762,1
0.4606,4.9909,2.5933,12.0891,1.8476,0.0595,-1.0886,0,1,0,0.30183,3
0.5116,5.1594,2.4097,12.3295,1.3153,0.0036,-1.3975,0,1,0,0.61596,1
0.5247,5.4306,2.4081,12.0317,2.8163,0.0152,-1.1336,0,1,0,0.34442,1
0.3416,3.7382,2.8433,12.0323,-2.9064,0.2138,-0.9515,0,1,0,0.70850,1
0.3612,3.7893,2.7537,11.7513,2.4288,0.0343,-0.5563,0,1,0,0.56039,1
0.3774,4.0405,2.7470,12.5843,-1.9196,0.0271,-1.2320,0,1,3,1.24798,1
0.4619,4.8069,2.5457,12.0765,-2.9193,0.0099,-1.0118,0,1,0,0.20419,3
0.3697,3.9045,2.7452,12.7273,-2.6159,0.1263,-1.4778,0,1,1,1.40520,1
0.4885,4.6735,2.4030,11.9077,-0.0881,0.0002,-0.8963,0,1,0,0.29846,1
0.5236,5.0819,2.3461,11.6951,2.9088,0.0077,-0.7640,0,1,0,0.20548,1
0.3649,3.8707,2.7600,11.8680,-2.9767,0.0394,-0.6555,0,1,0,0.61859,3
0.3628,3.8995,2.7803,13.0150,-2.6986,0.0855,-1.6273,0,1,0,1.75953,1
0.4469,4.2919,2.4884,12.3698,0.9217,0.0176,-1.2553,0,1,0,0.98850,1
0.4473,4.3584,2.5032,11.8531,2.5954,0.0458,-0.8171,0,1,0,0.31392,1
0.4422,4.6613,2.6000,11.7870,2.9143,0.0826,-0.7948,0,1,0,0.30305,1
0.5153,4.8272,2.3282,11.8075,1.5723,0.0112,-0.8669,0,1,0,0.41907,1
0.4478,4.2242,2.4675,12.1293,2.2170,0.0009,-1.0092,0,1,1,0.75950,1
0.4887,5.3112,2.5371,12.0314,-3.0181,0.0622,-1.1070,0,0,0,0.00000,1
0.4799,5.1291,2.5376,13.0334,-2.6008,0.0340,-2.0841,0,1,1,1.59930,1
0.4223,4.1060,2.5492,12.0943,2.6906,0.0401,-0.9680,0,1,0,0.68788,1
0.5533,5.6392,2.3311,12.1003,-1.8341,0.0216,-1.2931,0,1,0,0.54837,3
0.4177,4.2586,2.6110,11.8548,2.1506,0.0702,-0.7899,0,1,0,0.34757,3
0.4846,4.9754,2.4844,11.7144,-0.9705,0.0327,-0.7442,0,1,0,0.15172,1
0.3404,3.7561,2.8565,12.9881,2.3873,0.0414,-1.4324,0,1,1,1.90820,0
0.4452,4.4402,2.5324,11.5811,-2.4493,0.0228,-0.5420,0,1,0,0.20433,3
0.4212,4.2576,2.5944,12.8790,1.5697,0.0124,-1.6321,0,1,1,0.90093,1
0.4588,4.6199,2.5157,12.1031,2.1549,0.0588,-1.0958,0,1,0,0.65478,1
0.3481,3.7350,2.8063,11.8755,2.8725,0.2065,-0.8380,0,1,0,0.14924,1
0.3886,4.2095,2.7394,12.0336,-3.0430,0.0910,-0.9027,0,1,0,0.57180,3
0.3636,3.9003,2.7759,13.2120,2.7164,0.0244,-1.6899,0,1,1,1.91594,1
0.4085,4.3908,2.6906,11.9956,-2.4908,0.1473,-0.9911,0,1,0,0.16390,1
0.5095,5.2293,2.4322,12.1908,-2.2720,0.0221,-1.2713,0,1,0,0.49776,1
0.3764,4.0411,2.7523,13.1467,-1.7960,0.0293,-1.7040,0,1,0,1.58519,1
0.4940,4.5772,2.3598,11.7440,2.5185,0.0076,-0.7558,0,1,0,0.21438,1
0.3549,3.8389,2.8031,12.3954,2.9077,0.0753,-1.0787,0,1,0,1.20377,3
0.3976,4.2086,2.6937,11.8853,-2.5271,0.0377,-0.7328,0,1,0,0.54775,3
0.3853,4.1516,2.7393,12.0007,-2.7531,0.0138,-0.7679,0,1,1,0.56529,1
0.4640,4.7473,2.5229,11.7451,-2.7822,0.0533,-0.7607,0,1,0,0.23334,1
0.6052,6.0367,2.1950,12.4481,-0.4769,0.0563,-1.9310,0,1,1,0.81657,1
0.3364,3.6816,2.8534,11.9561,-2.7347,0.1226,-0.7665,0,1,0,0.61293,3
0.5302,5.1845,2.3399,12.0195,1.1845,0.0267,-1.1477,0,1,0,0.58978,1
0.4356,4.4692,2.5828,11.6845,-3.1282,0.0023,-0.5917,0,1,0,0.22738,3
0.3628,3.7996,2.7484,11.9203,2.5569,0.0872,-0.7512,0,1,0,0.19672,3
0.4330,4.6718,2.6454,12.1050,2.5954,0.1105,-1.1009,0,1,0,0.55833,1
0.3855,3.9692,2.6847,12.3788,1.8620,0.0205,-1.0801,0,1,0,0.94456,1
0.5130,5.3175,2.4349,12.1013,0.8585,0.0086,-1.1679,0,1,0,0.33852,1
0.4601,4.8869,2.5718,12.3096,-1.4220,0.0243,-1.2510,0,1,1,0.99493,1
0.3919,4.1838,2.7152,12.6927,-2.4794,0.0024,-1.3365,1,1,2,1.34166,1
0.4702,5.0488,2.5629,12.0292,2.7948,0.0149,-0.9954,0,1,0,0.46099,3
0.3527,3.8694,2.8253,12.9264,2.6063,0.0227,-1.4057,0,1,0,1.72959,1
0.3795,3.9146,2.6984,11.7737,-2.7825,0.0833,-0.6664,0,1,0,0.41796,1
0.5193,5.3595,2.4169,12.4539,0.8523,0.0033,-1.5584,0,1,1,0.92703,1
0.3830,4.0915,2.7333,11.9046,2.9314,0.0111,-0.6843,0,1,0,0.43310,1
0.3309,3.6539,2.8757,12.6804,-2.3668,0.0700,-1.2066,0,1,0,1.42955,0
0.4690,4.3917,2.4191,11.9787,-0.3131,0.0055,-0.9270,0,1,0,0.50578,1
0.4246,4.5589,2.6568,12.5175,2.6964,0.0331,-1.3457,0,1,0,1.28316,1
0.5308,5.2344,2.3469,11.9610,0.0037,0.0121,-1.0664,0,1,0,0.56000,3
0.3678,3.9114,2.7577,12.3084,2.8257,0.0108,-0.9586,0,1,0,0.77587,1
0.4173,4.3840,2.6463,11.9828,2.1314,0.0228,-0.8374,0,1,0,0.37050,3
0.4824,4.7928,2.4544,12.0526,-1.8157,0.0250,-1.0598,0,1,0,0.77572,1
0.4679,5.1470,2.5948,12.9293,2.9041,0.0643,-1.9710,0,1,1,1.10155,1
0.4747,4.5516,2.4327,11.9875,0.6918,0.0558,-1.0181,0,1,0,0.21382,1
0.4108,4.1354,2.6098,11.8991,-2.8822,0.0553,-0.7940,0,1,0,0.49169,1
0.5451,5.2948,2.3019,11.9771,0.8067,0.0830,-1.2162,0,1,0,0.66873,1
0.3486,3.8488,2.8413,13.0571,2.4316,0.1010,-1.6241,0,0,3,1.53463,0
0.4613,4.4508,2.4655,11.8879,1.8538,0.0174,-0.8412,0,1,0,0.50208,3
0.4159,4.1770,2.5975,12.4042,-2.3515,0.0077,-1.1764,0,1,1,1.02888,1
0.5016,4.5927,2.3334,12.0541,0.5787,0.0612,-1.1586,0,1,0,0.44672,1
0.4482,4.8104,2.6084,12.0284,2.3689,0.0698,-1.0134,0,1,1,0.75113,3
0.3464,3.7579,2.8235,13.2079,-3.0913,0.0747,-1.6942,0,1,3,3.40890,1
0.4392,4.8139,2.6510,11.8518,-2.7801,0.0540,-0.8112,0,1,0,0.44850,3
0.3420,3.6860,2.8236,11.9660,2.4865,0.0798,-0.7312,0,1,0,0.33561,3
0.3851,4.0372,2.7068,12.0906,-2.9031,0.0149,-0.8395,0,1,0,0.67509,3
0.3986,4.1683,2.6774,12.1915,2.2022,0.0707,-1.0328,0,1,0,0.81142,3
0.3733,4.0636,2.7753,12.0997,-2.3335,0.1031,-0.9351,1,1,0,0.33131,3
0.4713,4.4839,2.4312,11.8431,-2.2897,0.0179,-0.8205,0,1,0,0.16112,1
0.3426,3.7803,2.8520,13.1157,2.8188,0.0977,-1.6398,0,1,1,1.82054,0
0.4396,4.4304,2.5550,11.8965,2.6848,0.0402,-0.8333,0,1,0,0.43921,1
0.4959,5.3479,2.5132,11.6374,1.1764,0.0321,-0.6896,0,1,0,0.34130,1
0.4203,4.1326,2.5650,12.5476,-1.6230,0.0230,-1.3415,0,1,0,0.99219,1
0.4535,4.2979,2.4615,11.9115,1.0782,0.0538,-0.8943,0,1,0,0.34154,1
0.3333,3.6650,2.8657,12.4648,2.0938,0.0626,-1.0452,0,2,0,1.18928,1
0.3880,4.0256,2.6891,12.0383,2.0932,0.0088,-0.7966,0,1,0,0.38034,1
0.4109,4.2126,2.6306,12.3289,-1.8536,0.0065,-1.0945,0,1,0,0.99363,1
0.3915,3.9940,2.6624,12.7522,-2.9016,0.0214,-1.4152,0,1,1,1.34158,1
0.4730,4.5808,2.4461,11.8589,-2.3505,0.0327,-0.8590,0,1,0,0.30703,1
0.5332,5.1528,2.3218,11.7489,-1.0318,0.0074,-0.8382,0,1,0,0.46146,3
0.4214,4.3094,2.6070,11.9717,-2.6974,0.0132,-0.8241,0,1,0,0.19937,3
0.3590,3.8205,2.7755,12.2265,2.8178,0.0412,-0.9135,0,1,0,0.89733,3
0.3769,4.1147,2.7719,12.4683,-3.1130,0.1414,-1.3020,0,1,0,1.27830,1
0.5793,5.4262,2.1957,11.7807,-0.3097,0.0482,-1.0208,0,1,0,0.31298,1
0.4811,4.8590,2.4743,12.0679,-0.7063,0.0152,-1.0586,0,1,0,0.22307,1
0.4330,4.6089,2.6298,12.8565,-3.0270,0.0129,-1.6622,0,1,1,0.84501,1
0.4971,5.2834,2.4951,12.9278,-2.6164,0.0009,-1.9883,0,2,0,1.68762,1
0.4722,4.7399,2.4857,11.7859,3.1109,0.0285,-0.7831,0,1,0,0.44412,1
0.4454,4.8377,2.6275,13.2840,-1.4898,0.0045,-2.1255,0,1,0,2.08601,1
0.4013,4.0727,2.6374,11.6585,2.5024,0.0741,-0.6010,0,1,0,0.20941,1
0.4289,4.2349,2.5531,11.9773,-2.0601,0.0117,-0.8432,0,1,0,0.77966,3
0.5459,4.9586,2.2372,12.0112,1.2309,0.0359,-1.1884,0,1,0,0.70367,1
0.5330,5.2825,2.3469,11.9356,-1.7359,0.0013,-1.0300,0,1,0,0.29632,3
0.4337,4.6155,2.6280,11.6432,1.5047,0.0152,-0.5696,0,1,0,0.24950,1
0.4349,4.4876,2.5908,12.1536,-3.0498,0.0057,-1.0069,0,2,0,0.69615,3
0.3758,3.9888,2.7398,12.4237,-2.8617,0.0585,-1.1419,0,1,0,1.12737,1
0.3859,4.1346,2.7311,12.9895,-2.2643,0.0499,-1.6462,0,1,3,1.62199,1
0.4909,4.9540,2.4531,11.9122,2.0663,0.0168,-0.9302,0,1,0,0.42430,3
0.4837,4.8095,2.4523,11.9680,0.7743,0.0087,-0.9575,0,1,0,0.58004,3
0.5404,5.2343,2.3091,11.9521,0.8784,0.0487,-1.1293,0,1,0,0.60847,1
0.4421,4.8177,2.6384,12.1062,-2.8827,0.0002,-0.9770,0,1,0,0.49863,1
0.4344,4.2105,2.5225,12.5710,-1.2233,0.0019,-1.3780,0,1,1,0.98387,1
0.4594,4.9978,2.6001,12.2758,-1.6701,0.0280,-1.2221,0,1,0,0.55570,1
0.4614,4.4211,2.4581,12.3970,1.7500,0.0372,-1.3568,0,1,1,0.79808,1
0.5445,5.7019,2.3770,11.7727,-1.9353,0.0039,-0.8853,0,1,0,0.14350,3
0.5568,5.3497,2.2667,12.4503,0.2390,0.0386,-1.7343,0,1,1,0.94354,1
0.3912,4.2454,2.7364,12.9262,3.0873,0.0905,-1.6801,0,1,1,1.56542,1
0.4666,4.9894,2.5660,12.3166,1.2310,0.0099,-1.2570,0,2,0,0.77541,1
0.3634,3.9267,2.7855,12.0488,-2.5215,0.2246,-1.0307,0,1,0,0.49100,1
0.4122,4.2277,2.6287,12.3455,2.6797,0.0714,-1.2064,1,2,0,0.76481,1
0.3745,3.9251,2.7271,13.1551,2.5939,0.0829,-1.8004,2,2,1,2.98920,1
0.3843,4.0971,2.7284,11.5372,2.0954,0.0716,-0.4771,0,1,0,0.16814,3
0.4649,4.7546,2.5204,12.1098,-2.9805,0.0002,-1.0374,0,1,0,0.55300,3
0.4772,4.9438,2.5095,12.8149,-1.2023,0.0167,-1.8083,0,1,0,0.54621,1
0.4789,4.3569,2.3708,11.6854,0.0005,0.0000,-0.6617,0,1,0,0.37564,1
0.3721,4.0293,2.7710,11.8108,-3.1119,0.1065,-0.7100,0,1,0,0.24018,3
0.4133,4.2360,2.6253,13.0024,-2.8536,0.0306,-1.7453,0,1,1,1.66411,1
0.4232,4.5915,2.6716,12.6953,-3.0045,0.0672,-1.5582,0,1,0,0.20929,1
0.4456,4.5017,2.5456,12.0786,-0.8277,0.0035,-0.9631,0,1,0,0.65002,1
0.4081,4.3261,2.6749,12.3878,2.8014,0.0884,-1.2560,0,1,0,1.14214,1
0.4795,5.1607,2.5459,12.7105,2.1818,0.0456,-1.7566,0,1,0,1.52594,1
0.4408,4.4757,2.5608,11.9200,2.4086,0.0625,-0.8864,0,1,0,0.33619,1
0.3623,3.8791,2.7764,13.1370,-1.9190,0.0337,-1.6376,0,1,1,1.47813,1
0.4630,4.7225,2.5214,11.9500,-2.3383,0.0661,-0.9693,0,1,0,0.63877,1
0.4832,4.6302,2.4153,12.0868,1.0816,0.0178,-1.0844,0,1,0,0.63200,1
0.5016,4.5367,2.3214,12.0358,0.3998,0.0484,-1.1212,0,1,0,0.39404,1
0.4788,4.9894,2.5121,12.0386,2.6918,0.0371,-1.0549,0,1,0,0.51228,1
0.4071,4.0737,2.6101,12.3154,2.7379,0.0467,-1.1293,0,1,0,1.07610,1
0.4889,4.4964,2.3623,11.7918,-2.0307,0.0196,-0.8082,0,1,0,0.28334,1
0.3377,3.6858,2.8478,13.1540,2.5732,0.1135,-1.6771,0,1,1,2.02650,1
0.4985,4.6958,2.3674,11.9141,-0.7251,0.0544,-0.9978,0,1,0,0.35405,1
0.4243,4.2088,2.5673,11.8666,3.0985,0.0330,-0.7653,0,1,0,0.47048,1
0.3855,3.9350,2.6744,12.1508,1.7877,0.0009,-0.8690,0,1,0,0.82329,1
0.3444,3.7711,2.8386,11.7197,2.7380,0.0458,-0.5198,0,1,0,0.29581,1
0.3636,3.9410,2.7889,11.9653,2.4173,0.0149,-0.6943,0,1,0,0.63193,1
0.3619,3.9017,2.7857,12.6358,-2.7133,0.0716,-1.2866,1,2,1,1.11676,1
0.4657,4.8300,2.5339,11.7683,2.6228,0.0241,-0.7491,0,1,0,0.32579,3
0.5324,5.6225,2.4120,12.0588,2.1507,0.0163,-1.1853,0,1,0,0.36388,3
0.4828,4.6741,2.4264,12.2728,-0.3631,0.0282,-1.2855,0,1,0,0.81211,1
0.5716,5.5369,2.2427,11.7328,1.5277,0.0039,-0.8928,0,1,0,0.41380,1
0.4330,4.7680,2.6689,11.8541,-2.8540,0.0036,-0.7368,0,1,0,0.35231,0
0.4193,4.5622,2.6832,11.6404,-2.6040,0.1050,-0.6527,0,1,0,0.17169,3
0.4424,4.6901,2.6061,11.7773,2.9000,0.0110,-0.6964,0,1,0,0.26239,3
0.4027,4.3773,2.7154,11.7595,3.1082,0.1452,-0.7739,0,1,0,0.28942,1
0.4751,4.8602,2.5001,11.8767,-0.5886,0.0145,-0.8581,0,2,0,0.56082,1
0.5350,5.6080,2.3991,11.8100,-0.5576,0.0117,-0.9156,0,1,0,0.38484,1
0.4784,4.6730,2.4444,11.9639,2.8027,0.0201,-0.9558,0,1,0,0.40403,1
0.3988,4.0932,2.6553,12.0225,-2.2480,0.0465,-0.8590,0,1,0,0.63444,3
0.4005,4.0255,2.6279,12.6971,-2.8946,0.0376,-1.4273,0,1,0,1.38653,1
0.4688,4.3126,2.4014,11.9485,-2.3872,0.0138,-0.9086,0,1,0,0.50560,1
0.4252,4.3174,2.5918,12.1701,2.4942,0.0687,-1.0829,0,1,0,0.58457,1
0.4506,4.4503,2.5114,11.8810,-2.9400,0.0251,-0.8226,0,1,0,0.35699,1
0.3368,3.6700,2.8473,11.6138,-3.1342,0.0440,-0.4334,0,0,0,0.00000,1
0.4596,4.3874,2.4573,12.0592,-1.7593,0.0046,-0.9798,0,1,0,0.79193,1
0.3861,4.1774,2.7425,12.0161,2.4055,0.0489,-0.8278,0,0,0,0.00000,3
0.5045,5.0704,2.4210,11.6178,-0.5259,0.0249,-0.6743,0,1,0,0.30294,1
0.4589,4.5919,2.5090,11.8148,1.5447,0.0289,-0.7843,0,1,0,0.35867,3
0.3888,4.1744,2.7283,12.2451,2.0737,0.0134,-0.9715,1,1,0,0.47786,1
0.5010,4.6925,2.3568,11.7599,-0.6067,0.0551,-0.8472,0,1,0,0.40427,1
0.4794,4.4185,2.3829,12.2053,-1.6406,0.0060,-1.1735,0,1,0,0.44664,1
0.4185,4.2411,2.6024,12.0804,2.1242,0.0085,-0.9041,0,1,0,0.63540,3
0.3662,3.8786,2.7558,12.7634,2.8672,0.0111,-1.3112,0,1,0,1.26859,1
0.4041,4.4224,2.7204,11.7872,-2.8940,0.0355,-0.6634,0,1,0,0.36471,3
0.3288,3.6155,2.8741,12.3814,2.9073,0.1031,-1.0280,0,1,0,1.05443,3
0.3559,3.7596,2.7722,12.5223,-2.9500,0.1170,-1.2434,0,1,0,0.45705,0
0.3752,4.0590,2.7639,12.3832,2.5234,0.1067,-1.1757,0,1,1,0.79470,3
0.3553,3.8053,2.7904,12.7341,2.5837,0.0246,-1.2681,0,1,1,1.09453,1
0.5262,5.6080,2.4351,12.0355,2.3283,0.0364,-1.1715,0,1,0,0.35641,3
0.3777,4.1107,2.7663,12.1369,-3.0233,0.0987,-0.9702,0,1,0,0.88593,3
0.4453,4.8779,2.6376,11.7186,-2.9982,0.0314,-0.6757,0,1,0,0.45081,3
0.4934,4.5102,2.3475,12.2045,-1.0447,0.0139,-1.2235,0,1,0,0.26146,1
0.5744,5.2228,2.1795,12.0077,-1.2947,0.0318,-1.2507,0,1,0,0.44059,1
0.3359,3.6874,2.8584,11.7795,-2.8159,0.0915,-0.6021,0,1,0,0.35735,3
0.4621,4.3818,2.4456,11.9111,-1.7579,0.0063,-0.8494,0,1,0,0.19189,1
0.3540,3.9001,2.8277,12.1620,-2.6982,0.0859,-0.9117,0,1,0,0.67798,2
0.3596,3.8239,2.7734,12.1529,3.0862,0.1370,-0.9882,0,1,0,0.90499,1
0.3684,4.0423,2.7948,12.3202,-2.2868,0.0488,-1.0229,0,1,0,1.05917,1
0.3966,3.9746,2.6322,11.8813,-2.7868,0.0217,-0.7063,0,1,0,0.52403,3
0.3439,3.7665,2.8399,12.7242,2.8932,0.0518,-1.2600,0,1,1,1.64353,1
0.4245,4.1277,2.5449,11.8534,1.4537,0.0155,-0.7314,0,1,0,0.50974,3
0.3739,3.8609,2.7104,12.4358,-2.3771,0.0556,-1.1419,1,1,1,0.63367,1
0.4267,4.5553,2.6458,12.1287,-3.1284,0.0133,-0.9745,0,1,0,0.75410,3
0.4158,4.5170,2.6881,12.1759,2.8688,0.1074,-1.1156,0,1,1,0.78954,1
0.3579,3.8286,2.7838,12.6551,2.7971,0.0356,-1.2328,0,1,0,1.52893,1
0.3552,3.7951,2.7872,12.9779,2.1335,0.0153,-1.4448,0,2,0,1.82274,1
0.5072,4.6239,2.3181,12.4351,1.5613,0.0139,-1.5070,0,1,1,0.81031,1
0.4118,4.5319,2.7116,12.0322,-2.4839,0.1471,-1.0305,0,1,0,0.71515,1
0.5647,5.3003,2.2284,11.7675,-0.5129,0.0160,-0.9322,0,1,0,0.26225,3
0.5310,5.3159,2.3612,11.5384,-2.9014,0.0056,-0.6130,0,1,0,0.18087,1
0.4845,4.5563,2.3933,11.7609,0.7481,0.0785,-0.8467,0,1,0,0.16263,1
0.4564,4.9313,2.5988,12.3715,-2.6965,0.0829,-1.3846,1,1,2,1.02009,1
0.4622,4.9753,2.5826,12.3827,-2.5383,0.0463,-1.3610,0,1,0,0.70336,3
0.4340,4.4285,2.5798,12.5198,1.6809,0.0099,-1.3436,0,1,0,1.17659,1
0.3433,3.7244,2.8294,12.6401,-3.0071,0.0518,-1.1935,0,1,0,1.40246,1
0.3886,4.0339,2.6883,11.6173,2.9232,0.0045,-0.4645,0,1,0,0.22331,1
0.4094,4.3661,2.6796,11.9946,-3.1190,0.0456,-0.8593,0,1,0,0.57197,3
0.3961,4.3628,2.7447,12.2660,-2.9100,0.0835,-1.1062,0,1,0,0.92513,2
0.4148,4.1987,2.6085,12.4865,3.0143,0.0243,-1.2705,0,1,1,1.17686,1
0.4206,4.5793,2.6813,12.2359,-2.0436,0.0041,-1.0400,0,1,0,0.65834,1
0.3803,4.1427,2.7625,12.1566,2.7149,0.1325,-1.0383,0,1,0,0.68436,1
0.4388,4.6290,2.6079,12.0177,-2.5346,0.1012,-1.0225,0,1,0,0.52490,1
0.4976,5.4013,2.5165,12.8712,1.5591,0.0207,-1.9636,0,1,1,1.49131,1
0.3872,4.2479,2.7572,12.9253,2.8596,0.0677,-1.6242,0,1,1,1.65582,1
0.4008,4.0696,2.6391,11.9300,3.0540,0.0306,-0.7663,0,1,1,0.46215,3
0.4357,4.6823,2.6355,12.0125,-2.5796,0.0474,-0.9390,0,1,0,0.61637,3
0.4365,4.7308,2.6434,12.8838,2.5914,0.0360,-1.7418,0,1,2,1.79708,1
0.4569,4.9782,2.6071,12.2816,2.5336,0.1012,-1.3236,0,1,0,1.02748,1
0.4713,5.0816,2.5654,11.9314,2.6464,0.1123,-1.0313,0,1,0,0.66790,1
0.4710,4.3668,2.4054,11.7755,0.4280,0.0150,-0.7516,0,1,0,0.31997,1
0.3811,4.1649,2.7650,12.8831,2.8730,0.0475,-1.5284,0,1,1,1.65498,1
0.4139,4.1283,2.5937,12.2353,1.5013,0.0073,-1.0228,0,0,0,0.00000,1
0.4609,4.3323,2.4387,11.6285,-2.0863,0.0159,-0.5994,0,1,0,0.23013,1
0.5327,5.5418,2.3962,12.1501,0.2898,0.0113,-1.2784,0,1,0,0.26213,1
0.3844,4.0330,2.7091,11.7436,2.8705,0.0718,-0.6373,0,1,0,0.54040,3
0.4127,4.3222,2.6516,12.1314,2.7090,0.0428,-0.9802,0,1,0,0.58669,3
0.3826,4.1472,2.7521,13.1145,3.0371,0.0313,-1.7082,0,1,1,1.90065,1
0.4980,5.1057,2.4548,12.5684,2.2601,0.0285,-1.6465,0,1,1,1.05723,1
0.4107,4.3390,2.6660,11.7736,-2.1024,0.0190,-0.6434,0,1,0,0.38539,1
0.4527,4.6433,2.5482,11.7577,-0.6301,0.0083,-0.6944,0,1,0,0.17624,1
0.4458,4.3667,2.5116,11.7229,0.7093,0.0175,-0.6611,0,1,0,0.29841,1
0.3308,3.6460,2.8736,12.5437,-3.0375,0.0887,-1.1325,0,1,0,1.30148,2
0.4182,4.5300,2.6803,12.3587,-2.8147,0.0938,-1.2683,0,1,0,1.10032,1
0.4810,5.0376,2.5133,12.0457,-2.7341,0.0363,-1.0662,0,1,0,0.75610,1
0.5030,5.3531,2.4840,12.0169,0.9567,0.0207,-1.0717,0,1,0,0.50575,1
0.4454,4.3814,2.5172,11.9610,-1.4943,0.0157,-0.8714,0,0,0,0.00000,3
0.3680,3.8592,2.7401,13.1627,-3.1415,0.0321,-1.6835,0,1,0,2.04574,1
0.3758,3.9853,2.7387,12.0990,2.6205,0.1055,-0.9443,0,1,0,0.75255,3
0.4447,4.4418,2.5351,11.6967,-2.4739,0.0056,-0.6215,0,1,0,0.44521,3
0.4287,4.6667,2.6645,11.7402,2.9539,0.1073,-0.7584,0,1,0,0.37214,1
0.4038,4.3176,2.6938,13.1723,1.5928,0.0220,-1.8433,0,2,1,1.90549,1
0.4071,4.3625,2.6898,12.0180,2.7321,0.0475,-0.8762,0,1,0,0.32707,3
0.3729,3.9560,2.7447,13.0742,2.4811,0.0324,-1.6313,0,1,1,1.97016,1
0.3971,4.0247,2.6439,11.8763,2.6037,0.0298,-0.7139,0,1,0,0.50993,3
0.4031,4.0623,2.6258,12.7384,2.1854,0.0128,-1.4334,0,1,0,1.43093,1
0.4395,4.4925,2.5711,12.7494,-1.5872,0.0186,-1.5940,0,1,1,1.25376,1
0.4256,4.2721,2.5782,12.8350,-0.7460,0.0052,-1.5965,0,1,0,1.58185,1
0.4250,4.6731,2.6840,12.0122,-2.4168,0.0205,-0.8784,0,0,1,0.38119,1
0.3804,4.1157,2.7537,13.0685,2.5647,0.0850,-1.7520,1,2,1,1.78578,1
0.4894,4.9043,2.4487,11.5591,1.6279,0.0423,-0.6137,0,1,0,0.20770,3
0.4087,4.2315,2.6463,12.0568,2.1779,0.0264,-0.8843,0,1,1,0.45581,3
0.3574,3.9384,2.8216,13.1715,-2.7509,0.0831,-1.7303,0,2,1,1.77754,0
0.3816,4.0329,2.7233,12.8699,1.8826,0.0292,-1.4895,0,1,1,1.41619,1
0.3433,3.7740,2.8461,12.0278,-2.5305,0.0614,-0.7546,0,1,0,0.76614,1
0.5814,5.7964,2.2480,12.4446,-2.1940,0.0011,-1.7557,0,1,0,0.70115,1
0.4676,5.0729,2.5802,11.9400,1.3856,0.0158,-0.9051,0,1,0,0.27181,1
0.4295,4.3420,2.5781,11.9291,-1.4116,0.0350,-0.8337,0,1,0,0.52200,1
0.4486,4.6420,2.5665,12.0032,3.0383,0.0002,-0.8978,0,0,2,0.38193,1
0.4393,4.2224,2.5039,11.8800,2.2324,0.0043,-0.7701,0,1,0,0.42898,3
0.4111,4.1527,2.6135,11.8843,2.6546,0.0279,-0.7467,0,1,0,0.53405,3
0.4046,4.0571,2.6172,12.6214,-2.7357,0.0004,-1.3169,0,1,0,1.39056,1
0.4275,4.5269,2.6349,13.0143,-1.8688,0.0040,-1.7732,1,2,3,1.60718,1
0.3805,4.0374,2.7299,12.2518,2.6162,0.0422,-0.9937,1,1,1,0.72488,3
0.4066,4.2342,2.6572,11.7723,3.1332,0.0292,-0.6474,0,1,0,0.48344,3
0.4176,4.1530,2.5833,11.8426,-1.7808,0.0013,-0.6905,0,1,0,0.51190,3
0.3820,4.1203,2.7471,11.7500,3.0693,0.1567,-0.7426,0,1,0,0.45703,1
0.3964,4.1320,2.6780,12.7127,2.3959,0.0087,-1.3797,0,1,0,1.49225,1
0.4645,4.6912,2.5077,11.7670,1.4337,0.0356,-0.7595,0,1,0,0.20812,3
0.3600,3.9339,2.8063,11.6395,2.8980,0.1085,-0.5623,0,1,0,0.20436,3
0.4797,4.8789,2.4843,11.8947,2.2666,0.0125,-0.8827,0,1,0,0.58419,3
0.3945,4.1601,2.6953,11.7830,2.7002,0.0066,-0.6058,0,1,0,0.19040,1
0.3656,4.0102,2.8001,13.3120,-2.1897,0.0155,-1.7667,0,1,0,0.21183,1
0.5110,5.3778,2.4548,11.8186,2.3952,0.0732,-0.9537,0,1,0,0.29080,1
0.3585,3.7963,2.7699,12.3006,-2.6163,0.1434,-1.1116,0,1,1,0.85998,1
0.3413,3.6975,2.8314,13.2381,3.0967,0.0792,-1.7029,0,1,0,2.27566,1
0.4381,4.1881,2.5002,11.7374,1.2384,0.0163,-0.6580,0,1,0,0.25953,3
0.4683,4.9191,2.5429,11.5948,2.9925,0.0162,-0.5830,0,0,0,0.00000,3
0.3816,4.0190,2.7188,11.9903,2.2662,0.0333,-0.7766,0,1,0,0.43811,3
0.4374,4.4232,2.5631,11.9454,1.3425,0.0403,-0.8725,0,1,0,0.56372,1
0.4481,4.6485,2.5702,12.3006,2.2126,0.0019,-1.1734,0,1,0,0.31123,1
0.3361,3.7014,2.8619,11.9207,2.4278,0.1677,-0.7972,0,1,0,0.65962,2
0.3584,3.7963,2.7706,12.2626,-2.2488,0.0263,-0.9187,0,1,0,1.00080,1
0.4251,4.3678,2.6053,11.6703,2.8761,0.0106,-0.5721,0,1,0,0.33174,3
0.4616,4.4009,2.4523,12.0113,-1.4731,0.0144,-0.9530,0,1,0,0.50910,1
0.3992,4.1707,2.6752,12.2883,-2.6687,0.0915,-1.1464,0,1,0,0.93469,1
0.3693,3.8362,2.7263,11.6784,1.7116,0.0310,-0.5124,0,1,0,0.39842,1
0.3636,3.9059,2.7781,11.9266,-2.4050,0.0409,-0.6985,0,1,0,0.40638,1
0.4978,5.4221,2.5201,11.7842,-1.5360,0.0224,-0.8269,0,1,0,0.51114,1
0.3802,4.0679,2.7409,11.9247,2.8825,0.0408,-0.7319,0,1,0,0.55375,3
0.3440,3.7073,2.8193,11.6669,2.1525,0.0863,-0.5310,0,1,0,0.38056,1
0.3376,3.6685,2.8424,11.8026,-2.9085,0.0758,-0.6021,0,1,0,0.43781,3
0.4227,4.5698,2.6688,11.7638,-2.8193,0.0618,-0.7112,0,1,0,0.30375,3
0.4057,4.3492,2.6927,12.5776,-2.8380,0.0117,-1.3019,0,1,0,1.11384,1
0.3810,3.9826,2.7113,12.9096,2.3765,0.0814,-1.6088,0,1,0,1.87583,1
0.4299,4.2911,2.5633,11.8300,-2.0388,0.0511,-0.7684,0,1,0,0.22220,3
0.3774,4.1466,2.7787,12.4056,2.7381,0.0411,-1.1073,0,1,1,1.05429,3
0.4504,4.5393,2.5339,12.1579,-2.0499,0.0035,-1.0482,0,1,0,0.47195,1
0.3686,4.0523,2.7966,13.0141,2.7523,0.1293,-1.7252,0,1,1,1.64684,1
0.4462,4.3354,2.5022,11.6769,-2.0422,0.0105,-0.6121,0,1,0,0.20924,3
0.4710,5.1031,2.5714,11.6890,-2.7984,0.0258,-0.6877,0,1,0,0.41507,3
0.4852,4.8265,2.4499,12.3611,1.8015,0.0247,-1.3784,0,1,1,0.92560,1
0.4730,5.2100,2.5855,12.1325,-2.5961,0.1161,-1.2412,0,1,0,0.25393,0
0.4304,4.3272,2.5702,11.8465,-3.0370,0.0178,-0.7410,0,1,0,0.43794,3
0.4273,4.7010,2.6796,12.4312,-2.3481,0.0465,-1.2954,1,1,0,0.35232,3
0.3402,3.6837,2.8330,11.7931,2.8539,0.0481,-0.5662,0,1,0,0.42854,1
0.5499,5.6083,2.3389,12.0294,-0.0189,0.0172,-1.1978,0,1,0,0.46642,1
0.5412,4.9863,2.2600,12.2319,1.1201,0.0137,-1.3909,0,1,0,0.80262,1
0.4624,4.9894,2.5849,11.8103,-2.1523,0.0243,-0.7827,0,1,0,0.24103,3
0.3868,4.1225,2.7233,12.4245,2.7366,0.1149,-1.2590,0,1,0,0.97620,1
0.4012,4.2285,2.6818,12.2916,-1.8663,0.0191,-1.0528,0,1,1,1.05388,1
0.4222,4.2293,2.5822,12.6256,3.1362,0.0283,-1.4280,0,1,1,1.32139,1
0.4387,4.3064,2.5278,11.7024,2.0563,0.0519,-0.6736,0,1,0,0.27444,3
0.5946,5.7075,2.1843,12.3252,-0.6668,0.0241,-1.6857,0,1,0,0.92603,1
0.4411,4.5807,2.5855,12.0262,2.0612,0.0484,-0.9653,0,1,0,0.59191,3
0.4181,4.4794,2.6672,12.0739,-2.2856,0.0545,-0.9602,0,1,0,0.65041,3
0.3545,3.7618,2.7803,12.8411,-2.7911,0.0146,-1.3328,1,1,3,1.50470,1
0.4274,4.3756,2.5964,11.6692,2.9228,0.0276,-0.5960,0,1,0,0.31256,3
0.4353,4.5664,2.6084,11.8321,1.6178,0.0098,-0.7290,0,1,0,0.25554,1
0.4388,4.4531,2.5641,12.4680,-2.2532,0.0393,-1.3560,0,2,0,1.00368,1
0.4368,4.3895,2.5574,11.7590,2.1749,0.0378,-0.7026,0,1,0,0.35440,3
0.5739,5.3527,2.2032,11.9703,0.2483,0.0060,-1.1708,0,1,0,0.58418,1
0.4152,4.1599,2.5961,11.8206,-3.1039,0.0093,-0.6780,0,1,0,0.36367,3
0.4605,4.4581,2.4707,12.0195,-2.1608,0.0133,-0.9570,0,1,0,0.63098,1
0.4734,5.1442,2.5695,12.7738,-2.6936,0.0423,-1.7936,0,1,0,1.36154,1
0.4461,4.5639,2.5587,11.9311,1.3172,0.0267,-0.8614,0,1,0,0.54029,1
0.3591,3.8520,2.7847,12.8288,2.4297,0.0844,-1.4540,0,1,1,1.65664,1
0.4732,5.1808,2.5785,12.8559,-1.8906,0.0218,-1.8451,0,1,1,1.30168,1
0.3655,3.9254,2.7738,13.0984,-2.4368,0.0268,-1.6083,0,1,1,1.98356,1
0.4006,4.1372,2.6592,12.0432,1.6562,0.0327,-0.8619,0,1,0,0.75308,1
0.4550,4.5872,2.5247,12.4957,-2.3078,0.0191,-1.4060,0,1,1,1.13067,1
0.4815,4.8177,2.4634,12.6031,-1.1755,0.0489,-1.6549,0,1,1,1.10672,1
0.3557,3.8115,2.7900,13.0860,2.9122,0.0318,-1.5622,0,1,3,2.54090,1
0.4842,5.2733,2.5490,11.9305,2.1590,0.0324,-0.9558,0,1,0,0.26147,3
0.4601,4.3909,2.4564,11.7700,2.2420,0.0175,-0.7294,0,1,0,0.31239,1
0.4464,4.4685,2.5340,11.7787,2.3879,0.0513,-0.7554,0,1,0,0.33952,1
0.4829,4.4696,2.3806,12.0870,0.7596,0.0850,-1.1785,0,1,0,0.45793,1
0.4238,4.3777,2.6139,11.8320,-1.6587,0.0476,-0.7538,0,1,0,0.33266,1
0.4045,4.1358,2.6400,11.7777,-1.4908,0.0023,-0.6140,0,1,0,0.31925,1
0.5125,5.3297,2.4392,12.7021,2.4593,0.0357,-1.8602,0,1,0,0.23847,1
0.4443,4.5638,2.5668,11.6905,-2.9018,0.0123,-0.6242,0,1,0,0.37553,3
0.4151,4.0711,2.5724,11.8850,-2.0614,0.0833,-0.8274,0,1,0,0.49683,1
0.4955,5.4486,2.5355,13.2918,-2.1364,0.0243,-2.4308,0,1,3,1.65921,1
0.5417,4.9622,2.2536,12.3033,-0.0856,0.0159,-1.4760,0,1,0,0.64389,1
0.4603,4.3345,2.4417,12.0803,0.1460,0.0101,-1.0086,0,1,0,0.62226,1
0.5048,4.5880,2.3199,12.2057,1.6132,0.0045,-1.2426,0,1,0,0.82737,1
0.3967,4.2079,2.6982,11.8995,-3.0300,0.0380,-0.7429,0,1,0,0.51030,3
0.5412,5.0732,2.2762,11.7593,0.2428,0.0320,-0.8965,0,1,0,0.21885,3
0.4167,4.3090,2.6289,11.7516,2.8169,0.0780,-0.7098,0,1,0,0.31265,1
0.4701,4.3324,2.4007,11.5313,-1.2820,0.0162,-0.5247,0,1,0,0.22579,3
0.3820,3.9508,2.6965,12.5995,2.0799,0.0573,-1.3069,0,1,0,1.33500,1
0.3509,3.8369,2.8247,13.2958,-2.9731,0.0676,-1.7762,0,1,1,1.93674,1
0.3498,3.8486,2.8344,12.8449,-3.0563,0.0796,-1.4209,0,1,0,1.45379,1
0.4726,4.4213,2.4112,11.9941,1.8733,0.0287,-0.9820,0,1,0,0.28817,1
0.4571,4.4268,2.4777,11.8383,-2.8334,0.0027,-0.7674,0,1,0,0.24406,3
0.4627,4.6091,2.4965,11.7393,-0.7132,0.0106,-0.6984,0,0,0,0.00000,1
0.3920,4.1228,2.6974,11.9380,2.9004,0.0007,-0.7158,0,1,0,0.60621,1
0.4007,4.0515,2.6342,11.6796,2.6482,0.0558,-0.5947,0,1,0,0.44515,3
0.4743,4.9064,2.5136,12.5784,2.0552,0.0088,-1.5406,0,2,0,1.36394,1
0.3769,4.0116,2.7410,12.6755,2.7629,0.0452,-1.3331,0,1,0,1.45702,1
0.4260,4.2657,2.5744,11.7896,2.9930,0.0248,-0.6923,0,1,0,0.15246,3
0.4830,4.6207,2.4139,11.9607,-1.3184,0.0064,-0.9441,0,1,0,0.40455,1
0.3330,3.6529,2.8633,13.1746,3.0991,0.0316,-1.5266,0,1,1,2.08911,1
0.3890,4.1462,2.7191,11.9228,-2.4441,0.0546,-0.7666,0,1,0,0.59283,3
0.4633,4.4145,2.4483,11.8708,1.8241,0.0272,-0.8421,0,1,0,0.35702,1
0.4058,4.4004,2.7065,11.8922,2.1250,0.0056,-0.7148,0,1,0,0.38961,1
0.4670,5.0125,2.5695,11.7579,2.8499,0.0225,-0.7405,0,1,0,0.40590,3
0.4810,4.5497,2.4060,11.8603,1.5965,0.0295,-0.8726,0,1,0,0.16061,1
0.5256,4.7966,2.2825,11.7939,-0.5010,0.0128,-0.8750,0,1,0,0.18174,1
0.3634,3.8451,2.7599,12.0567,-3.0721,0.1161,-0.8948,0,1,0,0.52588,1
0.3929,4.0759,2.6793,12.0046,-2.7956,0.0614,-0.8503,0,1,0,0.53263,3
0.4926,5.0032,2.4563,12.0879,1.0039,0.0203,-1.1157,0,1,0,0.71888,1
0.4613,4.8775,2.5646,11.8725,-2.6025,0.0090,-0.8183,0,1,0,0.31166,3
0.3672,3.9194,2.7630,11.9185,2.7904,0.0702,-0.7373,0,1,0,0.52697,3
0.3283,3.6249,2.8806,12.7194,-3.0506,0.1170,-1.2978,0,1,1,1.28420,0
0.3695,4.0281,2.7848,12.4917,2.0942,0.0563,-1.1734,0,1,0,1.06398,1
0.3972,4.2441,2.7059,11.8447,-2.8287,0.0902,-0.7654,0,1,0,0.52604,3
0.4358,4.3066,2.5410,12.0088,-2.1054,0.0451,-0.9317,0,1,0,0.57848,3
0.3767,4.0837,2.7637,11.5879,-2.8434,0.0315,-0.4574,0,1,0,0.18346,1
0.4729,4.4002,2.4054,12.0096,-0.9563,0.0131,-0.9758,0,1,0,0.46665,1
0.4689,5.0192,2.5625,11.7957,-1.4693,0.0304,-0.7897,0,1,0,0.26131,1
0.5193,4.9834,2.3439,12.5296,-2.4594,0.0059,-1.6411,0,1,1,0.92703,1
0.3915,4.3028,2.7512,11.6951,2.4586,0.0387,-0.5712,0,1,0,0.20215,1
0.3381,3.7024,2.8512,12.9298,-2.9714,0.0427,-1.3802,1,2,0,1.54249,1
0.4680,4.9479,2.5505,11.8622,2.0707,0.0706,-0.9025,0,1,0,0.27426,3
0.4336,4.4805,2.5948,11.7978,-2.0884,0.0379,-0.7311,0,1,0,0.14033,3
0.3642,3.8468,2.7563,11.8060,-2.9522,0.0294,-0.5957,0,1,0,0.54142,3
0.4906,4.9796,2.4599,11.7851,-2.8568,0.0085,-0.7936,0,1,0,0.37185,3
0.3985,4.3933,2.7407,11.9173,-2.2902,0.0432,-0.7681,0,1,1,0.68609,0
0.3862,4.1075,2.7221,12.5794,-2.7536,0.1114,-1.3860,0,1,1,1.09791,1
0.4059,4.1885,2.6477,11.8774,-1.4750,0.0158,-0.7153,0,1,0,0.14961,1
0.4311,4.7376,2.6706,13.3803,-2.6580,0.0129,-2.1639,0,1,1,2.15797,1
0.4439,4.5663,2.5691,12.4465,-1.2590,0.0331,-1.3433,0,1,0,1.01063,1
0.5405,4.9741,2.2604,12.3317,-0.6893,0.0106,-1.4963,0,1,0,0.82362,1
0.5236,4.9335,2.3173,11.5677,-0.6902,0.0316,-0.6619,0,1,0,0.28030,3
0.4811,5.1455,2.5357,11.5737,2.4719,0.0044,-0.5698,0,1,0,0.32708,3
0.4163,4.4745,2.6749,11.7987,2.2640,0.1129,-0.7929,0,1,0,0.42297,3
0.3955,4.1335,2.6828,12.0927,-2.8971,0.0900,-0.9676,0,1,0,0.64779,1
0.3693,4.0346,2.7876,13.2310,2.5681,0.0472,-1.7747,0,1,1,2.18960,1
0.3610,3.9380,2.8022,12.6693,-2.5804,0.0123,-1.2197,0,1,1,1.28347,1
0.5067,4.6021,2.3152,11.8470,0.5057,0.0541,-0.9459,0,1,0,0.40729,1
0.4254,4.5262,2.6446,11.5818,-3.0362,0.0155,-0.5048,0,1,0,0.25308,3
0.4436,4.2507,2.4922,12.0246,-0.8736,0.0235,-0.9349,0,1,0,0.42049,1
0.4663,4.3853,2.4289,11.8281,1.6442,0.0229,-0.8023,0,0,0,0.00000,1
0.4528,4.3305,2.4725,11.8881,-0.1492,0.0079,-0.8103,0,1,0,0.38539,1
0.4115,4.1436,2.6087,12.0321,2.1389,0.0100,-0.8480,0,1,1,0.62153,3
0.4775,4.5426,2.4189,11.6934,-1.6004,0.0399,-0.7187,0,1,0,0.22235,3
0.3997,4.1536,2.6680,11.8765,1.8205,0.0134,-0.6988,0,1,0,0.34844,1
0.3767,4.0893,2.7655,12.4975,-3.0998,0.0079,-1.1310,0,1,1,1.10017,1
0.4901,5.3184,2.5327,12.1048,2.1478,0.0389,-1.1536,0,1,0,0.49532,3
0.4145,4.3748,2.6573,12.8994,1.6272,0.0198,-1.6362,0,2,1,1.12172,1
0.4888,4.8347,2.4367,12.1370,-1.0453,0.0381,-1.1793,0,1,0,0.55140,1
0.3637,3.8531,2.7607,12.0593,2.7595,0.0069,-0.7538,0,1,1,0.87354,1
0.3999,4.3482,2.7211,13.1467,2.6069,0.0968,-1.9360,1,2,3,1.73078,1
0.4135,4.1026,2.5882,11.9094,-2.9641,0.0026,-0.7396,0,1,0,0.52635,3
0.3836,3.9341,2.6837,11.7783,2.3998,0.0409,-0.6245,0,1,0,0.38475,3
0.4837,5.2006,2.5360,12.1285,-2.7518,0.0464,-1.1706,0,1,0,0.52382,1
0.5424,5.2622,2.3064,12.0950,0.8015,0.0316,-1.2696,0,1,0,0.61311,1
0.3583,3.8995,2.8041,12.8935,2.3371,0.0652,-1.4723,0,0,1,0.82224,1
0.3276,3.6135,2.8803,12.6717,2.8518,0.0644,-1.1800,0,1,1,1.18985,0
0.4339,4.4676,2.5902,12.5168,2.3398,0.0433,-1.3917,0,1,0,0.98733,1
0.5455,5.1689,2.2774,11.9655,1.6145,0.0071,-1.0981,0,1,0,0.54500,1
0.4076,4.1577,2.6314,11.9536,-2.7440,0.0450,-0.8195,0,1,0,0.64643,3
0.3716,3.8471,2.7176,11.5006,2.4031,0.0382,-0.3937,0,1,0,0.20732,3
0.4046,4.2659,2.6753,11.8509,-2.9918,0.0447,-0.7278,0,1,0,0.20281,3
0.3999,4.1554,2.6678,12.3892,2.4870,0.0054,-1.1111,0,1,0,1.03241,1
0.3715,3.9365,2.7461,11.7337,2.3863,0.0666,-0.6007,0,1,0,0.31402,3
0.3914,4.1161,2.6982,12.0134,-2.0047,0.0339,-0.8180,0,1,0,0.41706,1
0.5867,5.6737,2.2083,12.0748,-0.6106,0.0632,-1.4115,0,1,0,0.67885,1
0.5058,5.1275,2.4268,12.6133,1.1481,0.0218,-1.7128,0,1,0,0.26627,1
0.3808,4.0034,2.7187,13.1563,-1.8786,0.0276,-1.7299,1,2,1,1.90293,1
0.3841,4.1416,2.7424,12.3344,-2.5394,0.1426,-1.2128,0,1,1,0.74179,1
0.3732,3.9733,2.7485,12.0826,-3.0982,0.0529,-0.8548,0,1,0,0.74931,3
0.5573,5.7422,2.3327,11.7747,2.4343,0.0310,-0.9486,0,1,0,0.17803,1
0.4992,4.6504,2.3548,12.3294,-1.3323,0.0072,-1.3603,0,1,0,0.95389,1
0.4705,4.3871,2.4118,12.6356,-0.9517,0.0105,-1.5831,0,1,1,1.54068,1
0.4294,4.6151,2.6481,11.6935,-2.2092,0.0045,-0.5924,0,1,0,0.41877,1
0.3329,3.6482,2.8622,12.0262,3.0740,0.1809,-0.8839,0,1,0,0.32936,1
0.5154,4.8412,2.3309,12.2201,-1.6946,0.0175,-1.3091,0,1,0,0.84376,1
0.3775,4.0313,2.7436,11.9702,2.5596,0.0204,-0.7352,0,1,0,0.42196,1
0.4303,4.5706,2.6330,12.5192,2.2594,0.0352,-1.3695,0,1,1,0.94635,1
0.3864,3.9891,2.6863,12.6327,-2.9378,0.0730,-1.3750,0,1,0,0.30463,1
0.4898,4.6998,2.4035,11.9567,1.6658,0.0071,-0.9571,0,1,0,0.34284,1
0.4381,4.3548,2.5427,11.9573,2.8763,0.0058,-0.8388,0,1,0,0.47207,3
0.5091,4.6745,2.3210,11.9327,0.5453,0.0028,-0.9700,0,1,0,0.42277,1
0.3944,3.9644,2.6395,11.9459,2.4844,0.0941,-0.8485,0,1,0,0.14504,1
0.4512,4.3391,2.4815,12.1730,-0.1338,0.0007,-1.0589,0,1,0,0.57042,1
0.3658,3.9823,2.7901,13.1941,-2.4356,0.0224,-1.6817,0,1,1,1.99683,1
0.5322,4.8732,2.2725,12.3577,-0.0551,0.0223,-1.5172,0,1,1,0.50287,1
0.4022,4.1731,2.6614,12.0797,-2.2691,0.0912,-0.9749,0,1,0,0.42751,3
0.3701,3.8615,2.7300,11.9337,-3.0501,0.0504,-0.7295,0,1,0,0.67300,3
0.4197,4.1220,2.5649,11.8893,1.6483,0.0032,-0.7363,0,1,0,0.40830,3
0.4223,4.2115,2.5772,11.9567,-1.3945,0.0252,-0.8284,0,1,0,0.52097,1
0.3929,4.2240,2.7216,12.9418,1.9962,0.0135,-1.5727,0,1,1,1.19208,1
0.4448,4.4980,2.5484,12.2435,1.8830,0.0319,-1.1527,0,1,0,0.89562,1
0.3906,3.9787,2.6625,11.9641,2.7470,0.0339,-0.7761,0,1,1,0.57252,3
0.3653,3.8171,2.7409,12.1818,-2.3720,0.0549,-0.9147,0,1,0,0.94395,3
0.4149,4.3222,2.6411,11.7318,1.5949,0.0177,-0.6149,0,1,0,0.47822,1
0.4111,4.1668,2.6172,12.7132,-1.3165,0.0033,-1.4262,0,1,1,0.89457,1
0.3678,3.8725,2.7455,12.4292,-2.5505,0.0727,-1.1419,0,1,0,1.11039,1
0.4441,4.4297,2.5346,11.6985,2.6606,0.0392,-0.6640,0,1,0,0.16357,1
0.4531,4.5812,2.5319,12.3719,1.0308,0.0314,-1.2985,0,0,0,0.00000,1
0.4213,4.5250,2.6637,12.6775,-2.6694,0.0861,-1.5638,0,1,1,1.08700,1
0.4754,5.2342,2.5800,11.8074,-2.2817,0.0530,-0.8431,0,1,0,0.43361,2
0.4013,4.1080,2.6473,12.7348,2.4840,0.0534,-1.4895,0,1,0,1.52097,1
0.4390,4.4082,2.5520,12.2498,2.5001,0.0110,-1.1121,0,1,0,0.93751,1
0.4022,4.3358,2.7065,11.8570,2.5833,0.1270,-0.8323,0,1,0,0.42452,1
0.4584,4.6836,2.5325,12.3517,2.8009,0.0082,-1.2618,0,1,1,1.09235,1
0.4964,5.3909,2.5197,13.0198,-1.9472,0.0063,-2.0970,0,1,0,1.70522,1
0.4384,4.1942,2.5006,11.7967,0.8913,0.0009,-0.6907,0,1,0,0.31122,3
0.4303,4.4993,2.6150,11.8697,2.0248,0.0087,-0.7499,0,1,0,0.36135,1
0.3571,3.8766,2.8034,11.8912,2.9053,0.1286,-0.7695,0,1,0,0.40142,3
0.5285,5.6654,2.4362,11.8245,1.1586,0.0043,-0.9085,0,1,0,0.21227,3
0.5601,5.8237,2.3353,11.9808,-0.2208,0.0160,-1.1681,0,1,0,0.53901,1
0.3401,3.7081,2.8418,12.7653,-2.2871,0.0324,-1.2468,0,1,1,1.44904,1
0.3722,3.9192,2.7369,11.7743,2.6286,0.0695,-0.6365,0,1,0,0.43437,3
0.4280,4.1858,2.5443,11.9431,-2.3080,0.0104,-0.8095,0,1,0,0.34060,3
0.4697,4.9262,2.5380,11.7982,-2.8875,0.0160,-0.7750,0,1,0,0.28062,3
0.4339,4.6225,2.6290,12.0305,-2.4274,0.0561,-0.9624,0,1,0,0.54630,3
0.4284,4.3663,2.5898,11.6558,-1.4684,0.0501,-0.6137,0,1,0,0.19672,1
0.6201,5.8107,2.1072,11.8942,-0.0900,0.0568,-1.2630,0,1,0,0.57832,1
0.4930,5.4340,2.5434,12.4381,0.9786,0.0002,-1.4513,0,1,0,0.97330,0
0.4557,4.6106,2.5272,11.9408,2.7103,0.0215,-0.8847,0,1,0,0.51858,3
0.4775,4.6138,2.4351,11.9829,-0.6744,0.0349,-0.9919,0,1,0,0.43886,1
0.4160,4.4356,2.6659,13.0325,2.4702,0.0529,-1.8247,1,2,0,1.73803,1
0.4061,4.4626,2.7215,12.2798,-2.2478,0.0099,-1.0449,0,1,0,1.02868,1
0.5467,5.3777,2.3108,11.8772,0.2568,0.0294,-1.0354,0,0,0,0.00000,1
0.4705,4.8096,2.5087,12.1827,1.5798,0.0466,-1.1878,0,1,0,0.89250,1
0.4227,4.5645,2.6674,11.5295,-2.4276,0.0694,-0.5214,0,1,0,0.21602,3
0.4138,4.3980,2.6667,11.8471,-2.6200,0.0840,-0.7929,0,1,0,0.23415,3
0.4068,4.4369,2.7112,12.7582,2.6159,0.0772,-1.5688,1,1,0,1.19722,1
0.4969,4.5079,2.3334,12.0307,-0.3202,0.0095,-1.0494,0,0,1,0.29226,1
0.4109,4.1147,2.6037,12.7169,-0.6490,0.0006,-1.4239,0,1,1,1.45509,1
0.4639,4.8080,2.5370,11.3468,-0.8974,0.0220,-0.3587,0,0,0,0.00000,1
0.4210,4.5116,2.6619,11.4844,-2.9819,0.0450,-0.4526,0,0,0,0.00000,3
0.4493,4.5643,2.5446,11.3146,-2.4940,0.0865,-0.3888,0,0,0,0.00000,1
0.5110,4.8503,2.3500,11.5769,0.3578,0.0408,-0.6624,0,0,0,0.00000,1
0.4937,4.5360,2.3522,11.6683,0.6578,0.0495,-0.7345,0,0,1,0.18984,3
0.4566,4.8899,2.5885,11.4772,2.9907,0.0024,-0.4435,0,0,0,0.00000,1
0.4762,4.8225,2.4871,12.7673,-0.7846,0.0047,-1.7336,0,0,1,1.43310,1
0.4225,4.2497,2.5865,12.4207,3.0105,0.0001,-1.2004,0,0,1,1.00476,1
0.5544,5.3167,2.2703,11.6403,0.6961,0.0074,-0.7613,0,0,1,0.38316,3
0.3900,4.0669,2.6911,12.9089,-2.5329,0.0621,-1.6135,0,1,0,1.54544,1
0.4605,4.8530,2.5625,11.4372,-2.5502,0.1143,-0.5445,0,0,0,0.00000,1
0.4050,4.2198,2.6607,12.6532,2.9541,0.0030,-1.3512,0,1,1,1.18851,1
0.5173,5.4783,2.4480,11.6039,2.1432,0.0018,-0.6548,0,0,0,0.00000,3
0.3892,4.1108,2.7075,11.4264,-2.8987,0.0617,-0.3867,0,0,0,0.00000,3
0.4422,4.3253,2.5172,11.4000,0.8701,0.0109,-0.3668,0,0,0,0.00000,1
0.5410,5.4015,2.3374,11.4102,-0.7699,0.0177,-0.5087,0,0,0,0.00000,3
0.6067,5.6547,2.1321,11.3244,-0.6422,0.1122,-0.6122,0,0,0,0.00000,3
0.3644,3.9018,2.7723,12.1745,-2.7422,0.0649,-0.9202,0,1,0,0.64358,3
0.5104,5.5159,2.4844,11.3649,2.3865,0.0807,-0.4990,0,0,0,0.00000,1
0.3687,4.0366,2.7913,13.3137,-2.7629,0.0715,-1.8890,0,1,1,2.17008,1
0.3480,3.8105,2.8319,11.4224,-2.8163,0.1604,-0.4505,0,0,0,0.00000,3
0.3902,4.0429,2.6831,12.1242,2.8423,0.0074,-0.8687,0,0,1,0.56982,1
0.4939,4.5973,2.3646,12.2563,-1.4940,0.0182,-1.2850,0,0,3,0.59092,1
0.3602,3.8168,2.7674,12.8934,-2.2156,0.0101,-1.3898,0,0,1,1.74322,1
0.4136,4.1329,2.5960,11.8447,-0.8804,0.0074,-0.6924,0,1,0,0.31912,1
0.4930,5.3933,2.5353,11.3439,-2.9179,0.0341,-0.4037,0,0,0,0.00000,3
0.4144,4.2050,2.6121,12.5047,2.7170,0.0026,-1.2524,0,1,1,1.07448,1
0.5522,5.3236,2.2800,11.4173,1.6740,0.0462,-0.5650,0,0,0,0.00000,1
0.3362,3.6886,2.8573,12.9703,2.6026,0.0904,-1.4820,1,1,1,1.86840,1
0.4950,4.8856,2.4217,12.0863,-2.6011,0.0079,-1.1019,0,0,1,0.45739,1
0.3490,3.7358,2.8016,11.4703,2.1076,0.0368,-0.3434,0,0,0,0.00000,1
0.4885,4.9376,2.4598,12.7171,-1.8048,0.0100,-1.7387,0,1,0,1.33002,1
0.5115,5.3532,2.4481,12.0216,2.3572,0.0676,-1.1609,0,0,1,0.47919,1
0.3647,3.9330,2.7808,13.1957,-2.8001,0.0073,-1.6502,0,0,1,1.92512,1
0.4029,4.1474,2.6507,11.5388,2.3585,0.1083,-0.5475,0,0,0,0.00000,3
0.4621,4.6052,2.4983,11.4921,-2.2700,0.0264,-0.4916,0,0,0,0.00000,3
0.6160,5.8347,2.1253,11.5062,-1.2337,0.0567,-0.7754,0,0,0,0.00000,1
0.3676,3.8249,2.7316,11.8167,3.0918,0.0041,-0.5783,0,0,1,0.35732,1
0.4890,4.6819,2.4027,11.5326,0.8743,0.0167,-0.5553,0,0,0,0.00000,3
0.3862,4.0978,2.7191,11.9636,2.2054,0.0151,-0.7421,0,1,0,0.36870,1
0.3604,3.9234,2.8004,11.4363,2.8943,0.1458,-0.4579,0,0,0,0.00000,3
0.3989,4.2427,2.6970,11.4125,-2.1548,0.0495,-0.3730,0,0,0,0.00000,3
0.5301,5.1502,2.3335,11.3431,0.7646,0.0069,-0.4123,0,0,0,0.00000,3
0.4027,4.1379,2.6490,11.9909,1.9135,0.0214,-0.8088,0,1,1,0.47023,1
0.4504,4.8671,2.6114,11.3136,-1.7972,0.0005,-0.2911,0,0,0,0.00000,1
0.4129,4.1263,2.5976,12.0340,0.8193,0.0059,-0.8472,0,1,0,0.75930,1
0.3983,3.9934,2.6294,12.8715,2.1785,0.0250,-1.5520,0,1,1,1.39725,1
0.5315,5.1958,2.3366,11.5214,1.7670,0.0134,-0.6051,0,0,0,0.00000,1
0.3633,3.9223,2.7845,11.3179,-3.1040,0.0208,-0.2343,0,0,0,0.00000,1
0.5581,5.0560,2.2099,11.3165,0.5460,0.0325,-0.4465,0,0,0,0.00000,3
0.4346,4.2648,2.5353,11.9616,1.3670,0.0075,-0.8366,0,0,1,0.64055,3
0.3798,4.1664,2.7718,12.7275,-2.0789,0.0543,-1.4016,1,0,2,2.46372,1
0.5833,5.8262,2.2455,11.7259,-0.4522,0.0560,-0.9777,0,0,0,0.00000,1
0.5561,5.0613,2.2183,11.5668,0.6155,0.1504,-0.8640,0,0,0,0.00000,1
0.5019,5.1446,2.4467,13.0082,2.1594,0.0395,-2.1665,0,1,0,1.41530,1
0.4596,4.2674,2.4285,11.2380,0.3030,0.0006,-0.2324,0,0,0,0.00000,3
0.3849,3.9344,2.6771,12.2794,-2.4592,0.0443,-1.0312,0,0,1,0.95326,1
0.4394,4.2649,2.5142,11.6794,0.7092,0.0010,-0.5909,0,0,1,0.27703,3
0.4521,4.4991,2.5165,11.3764,1.0716,0.0133,-0.3608,0,0,0,0.00000,1
0.4537,4.6267,2.5400,11.2619,-1.1915,0.0805,-0.3400,0,0,0,0.00000,1
0.3962,4.0633,2.6597,11.9035,3.0118,0.0707,-0.7868,0,1,0,0.59492,1
0.4323,4.6831,2.6513,12.9183,1.6728,0.0207,-1.7319,0,1,1,1.72257,1
0.5205,5.6114,2.4594,12.1963,1.5860,0.0383,-1.3337,0,0,1,0.79834,3
0.3949,4.2241,2.7118,12.0375,-2.8904,0.0677,-0.8902,0,0,1,0.31627,3
0.4521,4.7927,2.5863,12.1499,-2.8028,0.0081,-1.0533,0,0,1,0.84716,3
0.5338,5.3728,2.3606,12.0076,-2.8754,0.0095,-1.1217,0,1,0,0.48857,1
0.4654,4.5042,2.4606,11.3798,-0.0671,0.0215,-0.3884,0,0,0,0.00000,1
0.4717,4.3471,2.3979,11.5661,3.1003,0.0064,-0.5470,0,0,0,0.00000,1
0.5305,5.1627,2.3344,11.5603,-0.3625,0.0320,-0.6667,0,0,0,0.00000,1
0.3964,4.0159,2.6450,11.2518,1.9394,0.0103,-0.2021,0,0,0,0.00000,1
0.3865,4.1480,2.7322,11.3152,2.4072,0.0916,-0.3332,0,0,0,0.00000,3
0.4399,4.7393,2.6297,12.0607,-3.1008,0.0063,-0.9382,0,0,1,0.38665,3
0.5232,5.4336,2.4149,11.5343,-1.7169,0.0347,-0.6332,0,0,0,0.00000,3
0.3578,3.9302,2.8166,12.0096,3.0882,0.1407,-0.8765,0,0,1,0.63682,3
0.5631,5.1411,2.2066,11.9084,0.6385,0.0371,-1.1159,0,0,1,0.53034,1
0.4109,4.4438,2.6930,11.4352,-2.4800,0.0713,-0.4303,0,0,0,0.00000,3
0.3978,4.1865,2.6867,12.1166,-2.5678,0.1428,-1.0649,0,1,2,0.90899,1
0.4225,4.5675,2.6688,12.2675,2.9727,0.0520,-1.1399,0,1,0,1.03529,3
0.3805,4.1941,2.7762,12.9586,-3.1223,0.0944,-1.6692,0,1,1,1.56552,0
0.4134,4.2358,2.6249,11.4034,2.7275,0.0425,-0.3739,0,0,0,0.00000,3
0.4602,4.5178,2.4858,11.5966,-1.1570,0.0385,-0.5981,0,0,0,0.00000,1
0.5004,4.7163,2.3642,11.7346,-0.0261,0.0113,-0.7641,0,0,1,0.19675,3
0.3436,3.7565,2.8382,11.9556,2.4137,0.0784,-0.7253,0,1,0,0.67820,3
0.4735,5.0567,2.5500,11.2828,2.3800,0.0080,-0.2956,0,0,0,0.00000,3
0.3481,3.7164,2.8002,13.0660,-2.6772,0.0172,-1.4864,0,1,0,1.95087,1
0.4703,5.0238,2.5569,11.4084,2.6275,0.0165,-0.4159,0,0,0,0.00000,3
0.3608,3.9646,2.8114,11.3473,2.7918,0.0674,-0.3052,0,0,0,0.00000,3
0.4770,4.8651,2.4929,11.3765,0.9796,0.0374,-0.4184,0,0,0,0.00000,1
0.5476,5.3715,2.3062,11.4194,0.6633,0.0511,-0.5672,0,0,0,0.00000,1
0.5226,5.3598,2.4035,12.7649,1.0291,0.0083,-1.9255,1,0,2,1.00714,1
0.4618,4.3157,2.4311,11.3118,-2.2919,0.0090,-0.3088,0,0,0,0.00000,1
0.4564,5.0045,2.6158,11.6998,2.7298,0.1528,-0.8286,0,0,3,0.88757,1
0.3981,4.1340,2.6703,12.1339,2.1627,0.0005,-0.8874,0,1,0,0.90078,1
0.5866,5.9078,2.2459,11.4375,-1.1993,0.0312,-0.6193,0,0,0,0.00000,3
0.4445,4.3451,2.5121,11.9969,-2.3115,0.0111,-0.8955,0,0,1,0.29111,1
0.4458,4.5624,2.5599,12.1759,-2.7021,0.0499,-1.1177,0,1,0,0.79587,1
0.5245,5.0246,2.3316,11.4455,-1.6894,0.0291,-0.5354,0,0,0,0.00000,1
0.4600,4.9419,2.5849,11.3957,-2.5079,0.0255,-0.4024,0,0,0,0.00000,3
0.5983,5.8470,2.1924,12.1891,-0.8294,0.0856,-1.6198,0,0,1,0.89896,1
0.3671,3.9172,2.7632,11.9397,-2.7673,0.1607,-0.8691,0,1,0,0.34485,1
0.4817,5.3150,2.5687,11.5734,-2.7283,0.0869,-0.6709,0,0,0,0.00000,0
0.4012,4.1953,2.6723,11.5735,-2.8646,0.1054,-0.5697,0,0,0,0.00000,1
0.4179,4.5297,2.6815,11.4136,2.1778,0.0799,-0.4310,0,0,0,0.00000,3
0.5269,5.3256,2.3796,12.5627,0.6269,0.0121,-1.7186,0,1,0,1.28851,1
0.5251,5.4240,2.4055,11.3570,-0.6476,0.0199,-0.4370,0,0,0,0.00000,1
0.4605,4.4774,2.4749,11.4280,-0.9175,0.0214,-0.4256,0,0,0,0.00000,1
0.4332,4.5598,2.6165,12.5874,-2.3459,0.0273,-1.4313,0,0,1,1.14986,1
0.5217,5.4814,2.4301,12.5481,1.4044,0.0331,-1.7183,0,1,0,0.87024,1
0.3562,3.8238,2.7911,11.5743,2.5393,0.0535,-0.4446,0,1,0,0.30281,3
0.3807,4.1986,2.7765,11.9371,2.2464,0.1066,-0.8267,0,1,0,0.50215,2
0.4691,4.6244,2.4728,11.2715,2.7700,0.0189,-0.2924,0,0,0,0.00000,1
0.5019,4.6003,2.3338,11.4321,0.8773,0.0003,-0.4558,0,0,0,0.00000,1
0.5960,6.0078,2.2257,11.4463,-0.9784,0.0040,-0.6100,0,0,0,0.00000,3
0.5675,5.1975,2.2004,11.6189,-0.6756,0.0185,-0.7736,0,0,0,0.00000,3
0.4596,4.2890,2.4338,12.0795,-0.0052,0.0154,-1.0131,0,0,1,0.56931,1
0.5005,4.8683,2.3955,11.3216,0.7586,0.0042,-0.3540,0,0,0,0.00000,3
0.4911,4.7929,2.4182,12.6103,-0.8925,0.0061,-1.6275,0,0,1,1.10279,1
0.4450,4.3681,2.5156,11.5111,-1.0472,0.0823,-0.5518,0,0,0,0.00000,1
0.4883,4.4990,2.3653,12.1176,0.4100,0.0015,-1.1040,0,1,0,0.22590,1
0.4606,4.7601,2.5405,11.3543,-2.6199,0.0280,-0.3686,0,0,0,0.00000,3
0.4054,4.1538,2.6408,12.2456,-2.0802,0.0119,-1.0151,1,1,0,0.74808,1
0.5037,5.3058,2.4714,12.0264,-1.7202,0.0300,-1.0955,0,0,1,0.52246,3
0.3991,4.0191,2.6326,12.5048,2.7448,0.0417,-1.2609,0,1,0,1.14215,1
0.3935,4.1819,2.7067,12.2216,-2.9497,0.1043,-1.0905,0,1,0,0.18643,1
0.3717,3.9801,2.7584,12.9994,-3.0607,0.0031,-1.5126,0,1,0,1.64761,1
0.4557,4.4162,2.4809,11.4507,2.9666,0.0335,-0.4541,0,0,0,0.00000,1
0.3546,3.7573,2.7784,12.8142,-2.0179,0.0164,-1.3150,0,1,0,1.46265,1
0.3519,3.7992,2.8067,11.6018,-2.7248,0.2164,-0.6511,0,0,0,0.00000,1
0.4658,4.4482,2.4456,11.4426,-2.6617,0.0186,-0.4417,0,0,0,0.00000,1
0.4613,4.2966,2.4285,12.6127,1.1914,0.0146,-1.5332,0,1,0,0.90707,1
0.4021,4.1382,2.6522,11.3132,2.5926,0.0351,-0.2822,0,0,0,0.00000,3
0.4826,5.1747,2.5354,11.4294,-2.9315,0.0771,-0.5222,0,0,0,0.00000,1
0.3858,4.2328,2.7601,12.9349,3.1119,0.0524,-1.6013,1,1,0,1.66367,1
0.5997,5.8633,2.1896,12.4295,-0.7807,0.0779,-1.9209,0,0,1,0.47119,1
0.4832,4.7848,2.4489,11.3816,0.7513,0.0183,-0.4077,0,0,0,0.00000,1
0.4696,5.1618,2.5904,11.4230,1.7443,0.0320,-0.4469,0,0,0,0.00000,1
0.4767,4.9743,2.5181,11.4900,2.1954,0.0473,-0.5357,0,0,0,0.00000,3
0.4143,4.0945,2.5824,11.3097,-3.1102,0.0190,-0.2724,0,0,0,0.00000,3
0.4917,4.8981,2.4380,11.6840,2.2273,0.0255,-0.7178,0,0,1,0.23371,1
0.4563,4.3390,2.4596,11.9445,2.5628,0.0012,-0.8607,0,0,1,0.50096,1
0.4099,4.0586,2.5931,11.4045,-2.3511,0.0385,-0.3658,0,0,0,0.00000,3
0.3585,3.8809,2.7972,12.0221,-3.0411,0.0227,-0.7351,0,0,1,0.44450,1
0.4148,4.4163,2.6666,11.3950,-2.5604,0.0481,-0.3753,0,0,0,0.00000,3
0.3853,4.0082,2.6972,11.9596,3.0443,0.0082,-0.7279,0,1,1,0.58611,1
0.5590,5.7142,2.3212,12.3883,-1.9086,0.0230,-1.6471,0,0,1,0.87917,1
0.3933,4.1560,2.7003,11.7052,3.0104,0.1457,-0.7132,0,1,0,0.25229,1
0.4629,4.4576,2.4603,11.4303,-1.7500,0.0115,-0.4186,0,0,0,0.00000,3
0.4304,4.1951,2.5362,11.7121,-2.6375,0.0133,-0.6189,0,0,1,0.24868,3
0.5357,5.4374,2.3648,11.5492,-0.0920,0.0227,-0.6532,0,0,0,0.00000,1
0.4107,4.4207,2.6877,11.3603,-1.7154,0.0465,-0.3412,0,0,0,0.00000,1
0.5690,5.8214,2.3001,11.5420,-2.0258,0.0040,-0.6766,0,0,0,0.00000,3
0.4581,4.8944,2.5825,11.7523,-2.4033,0.0363,-0.7357,0,1,0,0.29673,3
0.5492,5.5616,2.3335,11.3548,2.6855,0.0084,-0.4506,0,0,0,0.00000,1
0.3532,3.7667,2.7891,12.5449,2.5019,0.1194,-1.2555,0,1,0,1.42252,1
0.4955,5.3460,2.5148,11.4397,2.4642,0.0286,-0.4920,0,0,0,0.00000,3
0.3877,4.2186,2.7466,11.4189,2.6148,0.0787,-0.3987,0,0,0,0.00000,3
0.4684,4.9569,2.5508,11.8112,-3.1005,0.0370,-0.8115,0,0,2,0.63795,3
0.4163,4.1838,2.5975,12.3215,-2.4305,0.0031,-1.0985,0,1,0,0.78992,1
0.5003,5.4034,2.5054,11.3456,-2.9525,0.0474,-0.4291,0,0,0,0.00000,1
0.4493,4.5326,2.5367,11.7572,-0.4629,0.0017,-0.6788,0,1,0,0.36618,1
0.4128,4.3537,2.6598,11.4347,-2.5699,0.0860,-0.4493,0,0,0,0.00000,3
0.4768,4.9934,2.5219,11.4319,-2.9197,0.0037,-0.4301,0,0,0,0.00000,3
0.4957,4.6629,2.3717,11.4196,-1.3905,0.0465,-0.4918,0,0,0,0.00000,3
0.4715,4.5613,2.4482,11.5606,1.2474,0.0244,-0.5648,0,0,0,0.00000,3
0.4478,4.5039,2.5364,11.8547,-2.5804,0.0068,-0.7698,0,1,0,0.39037,3
0.4818,4.8236,2.4633,12.0744,2.2721,0.0620,-1.1314,0,0,1,0.46376,1
0.3773,3.9660,2.7249,11.9038,-2.7666,0.0498,-0.7211,0,1,0,0.53937,3
0.3877,4.2179,2.7460,12.7407,2.8924,0.0514,-1.4386,0,0,1,1.60562,1
0.3874,3.9702,2.6756,12.7517,-2.5278,0.0337,-1.4189,1,1,1,1.39611,1
0.4447,4.2890,2.4972,11.3595,1.3630,0.0021,-0.3246,0,0,0,0.00000,3
0.4926,5.0182,2.4597,11.2457,1.8757,0.0143,-0.2864,0,0,0,0.00000,3
0.4654,4.5354,2.4678,11.4942,-1.9827,0.0323,-0.5047,0,0,0,0.00000,3
0.4403,4.6587,2.6082,11.6114,-2.3969,0.1237,-0.6843,0,0,0,0.00000,1
0.4692,4.3198,2.4015,11.5374,0.2035,0.0437,-0.5628,0,0,0,0.00000,1
0.5065,4.5774,2.3111,11.4290,-0.3210,0.0140,-0.4750,0,0,0,0.00000,3
0.3734,4.0320,2.7654,12.9608,3.1155,0.0618,-1.5866,0,0,4,1.27121,1
0.5063,4.8141,2.3612,11.4634,0.6883,0.0603,-0.5659,0,0,0,0.00000,1
0.5258,5.5202,2.4204,11.6444,2.6333,0.0393,-0.7576,0,0,0,0.00000,1
0.4804,4.6199,2.4245,11.5235,2.1872,0.0118,-0.5280,0,0,0,0.00000,1
0.4809,4.7359,2.4481,11.4588,1.5487,0.0211,-0.4800,0,0,0,0.00000,3
0.3378,3.6947,2.8500,13.2564,2.8063,0.0722,-1.6874,0,1,0,2.21761,1
0.4437,4.5939,2.5768,11.3336,-2.9379,0.0012,-0.3015,0,0,0,0.00000,3
0.3657,3.8569,2.7514,12.3536,2.7700,0.0864,-1.0946,0,1,1,0.83413,1
0.3619,3.8231,2.7608,12.0566,2.4375,0.0244,-0.7705,0,1,0,0.71501,1
0.4069,4.3975,2.7002,12.1364,-3.1039,0.0496,-0.9789,0,0,1,0.71781,3
0.4648,4.9814,2.5721,11.5588,-2.6246,0.0313,-0.5632,0,0,0,0.00000,3
0.4595,4.3711,2.4541,11.3879,1.9118,0.0139,-0.3795,0,0,0,0.00000,3
0.5468,5.3602,2.3071,11.5322,-1.9013,0.0081,-0.6337,0,0,0,0.00000,1
0.3999,4.0156,2.6280,11.8137,-3.0578,0.0745,-0.7256,0,1,0,0.53345,1
0.4613,4.7789,2.5420,11.8103,-1.6940,0.0127,-0.7648,0,0,1,0.37675,3
0.4781,5.1178,2.5429,12.0051,-2.0161,0.0078,-0.9817,0,0,3,0.71568,3
0.4668,4.6662,2.4921,12.3842,2.9886,0.0136,-1.3270,0,1,1,0.86996,1
0.6305,6.1312,2.1152,11.4866,0.8379,0.0177,-0.7272,0,0,0,0.00000,1
0.4302,4.2806,2.5594,11.7006,2.5282,0.0430,-0.6462,0,0,1,0.26240,1
0.4085,4.0854,2.6070,12.0888,-2.4340,0.0724,-0.9730,0,1,0,0.82377,1
0.4837,4.7080,2.4303,11.4126,-0.7300,0.0188,-0.4374,0,0,0,0.00000,3
0.5070,4.9275,2.3815,11.4832,-2.4011,0.0235,-0.5422,0,0,0,0.00000,1
0.3864,4.1860,2.7435,11.4114,-2.6388,0.1251,-0.4450,0,0,0,0.00000,3
0.3763,4.0958,2.7692,12.0396,-2.3722,0.0112,-0.7743,0,0,1,0.47883,1
0.3272,3.6083,2.8811,12.6683,-2.8022,0.0451,-1.1469,0,1,1,1.42984,0
0.3546,3.7548,2.7772,12.4084,2.3782,0.0267,-1.0187,0,0,2,0.71153,1
0.3598,3.8061,2.7663,11.6787,2.5927,0.0507,-0.5214,0,1,0,0.46365,3
0.4938,5.0418,2.4596,11.4960,0.8337,0.0299,-0.5445,0,0,0,0.00000,1
0.4657,4.6351,2.4898,11.2847,-2.3339,0.0802,-0.3715,0,0,0,0.00000,1
0.5093,5.4053,2.4675,11.6753,-3.1402,0.0641,-0.7909,0,0,0,0.00000,1
0.4400,4.6256,2.6016,11.3945,-2.8286,0.0124,-0.3622,0,0,0,0.00000,3
0.3579,3.8633,2.7949,13.2608,2.0627,0.0376,-1.7268,0,1,1,0.96401,1
0.3730,4.0024,2.7582,13.0153,-2.6248,0.0268,-1.5721,0,1,1,1.70087,1
0.3958,4.1775,2.6939,11.8652,-2.8868,0.0254,-0.6973,0,1,0,0.56684,3
0.5651,5.7076,2.2963,11.5218,0.3474,0.0282,-0.6774,0,0,0,0.00000,1
0.4100,4.1010,2.6041,12.1479,2.4514,0.0695,-1.0241,0,1,0,0.96163,1
0.3684,3.8844,2.7460,11.7279,3.1250,0.0530,-0.5745,0,1,0,0.17704,3
0.5732,5.8882,2.2946,11.5045,-0.2371,0.0109,-0.6502,0,0,0,0.00000,3
0.5239,5.3136,2.3893,11.3393,-0.9016,0.0523,-0.4556,0,0,0,0.00000,1
0.4159,4.1253,2.5834,11.5016,2.2137,0.0457,-0.4603,0,0,0,0.00000,3
0.5398,5.4715,2.3548,11.5451,2.8628,0.0129,-0.6432,0,0,0,0.00000,1
0.4675,4.3158,2.4075,11.7585,0.8558,0.0493,-0.7734,0,0,1,0.43157,1
0.6378,5.8513,2.0500,11.7110,-0.2877,0.0797,-1.0998,0,0,0,0.00000,1
0.4720,5.1043,2.5670,11.9692,2.8906,0.0232,-0.9530,0,0,2,0.55025,3
0.4535,4.4885,2.5077,11.6058,2.2371,0.0939,-0.6641,0,0,0,0.00000,1
0.4675,5.1264,2.5922,12.0169,-1.7648,0.0219,-0.9867,0,0,1,0.45854,1
0.3637,3.8167,2.7490,12.3987,3.0722,0.0022,-1.0038,0,1,0,1.01660,1
0.4541,4.7659,2.5709,11.9374,1.2415,0.0099,-0.8636,0,1,0,0.50404,1
0.4284,4.3155,2.5766,11.4634,2.4482,0.0270,-0.4229,0,0,0,0.00000,3
0.4424,4.7285,2.6154,12.6513,1.7453,0.0071,-1.4942,1,1,0,1.26091,1
0.4389,4.4274,2.5575,12.8282,1.5011,0.0350,-1.6951,1,0,1,1.43418,1
0.5964,5.9168,2.2101,11.4058,-1.0186,0.0591,-0.6306,0,0,0,0.00000,3
0.5802,5.7179,2.2400,12.1585,0.5928,0.0520,-1.4795,0,0,1,0.85698,1
0.3737,3.8738,2.7151,11.6681,2.6279,0.0619,-0.5493,0,0,1,0.17674,3
0.3930,4.0009,2.6570,12.3117,2.6396,0.0612,-1.1055,0,1,1,0.75356,1
0.4329,4.1861,2.5227,11.6667,0.4055,0.0009,-0.5688,0,1,0,0.45812,3
0.4807,4.8118,2.4657,11.4357,2.5066,0.0134,-0.4493,0,0,0,0.00000,3
0.4675,4.8499,2.5310,11.2557,1.8746,0.0056,-0.2622,0,0,0,0.00000,3
0.4593,4.9205,2.5833,11.4946,2.7248,0.0280,-0.4929,0,0,0,0.00000,3
0.4025,4.0746,2.6324,12.8654,-1.2625,0.0066,-1.5327,1,1,0,0.53207,1
0.3869,4.1882,2.7418,12.1671,-2.7120,0.1043,-1.0264,0,1,0,0.97777,3
0.4086,4.3226,2.6714,11.7613,2.8476,0.0502,-0.6685,0,1,0,0.30401,3
0.5184,4.8378,2.3185,11.5387,0.8170,0.0798,-0.6836,0,0,0,0.00000,3
0.4490,4.5502,2.5424,11.6926,-2.3995,0.0470,-0.6773,0,0,0,0.00000,1
0.4293,4.4016,2.5948,13.0622,-2.5115,0.0509,-1.9111,0,1,0,1.88775,1
0.4410,4.2300,2.4982,12.2429,2.8450,0.0254,-1.1309,0,0,1,0.83601,1
0.4825,5.2534,2.5522,11.4783,-1.8984,0.0518,-0.5389,0,0,0,0.00000,3
0.4917,4.5202,2.3564,12.2987,-1.7161,0.0085,-1.3070,0,0,1,0.89636,1
0.3617,3.9478,2.8015,12.1447,2.5765,0.1146,-0.9565,1,1,0,0.49718,3
0.5390,5.6703,2.3936,11.4986,2.5261,0.0329,-0.6185,0,0,0,0.00000,1
0.4588,4.4633,2.4788,11.2593,-0.9520,0.0422,-0.2985,0,0,0,0.00000,1
0.3562,3.8551,2.8015,11.3838,2.8738,0.1254,-0.3920,0,0,0,0.00000,3
0.4475,4.8724,2.6261,11.5256,3.0840,0.0721,-0.5566,0,0,0,0.00000,3
0.4795,4.7782,2.4633,11.2994,0.1064,0.0030,-0.3098,0,0,0,0.00000,3
0.4579,4.7164,2.5423,11.4130,2.3028,0.0622,-0.4577,0,0,0,0.00000,3
0.5076,5.3573,2.4653,11.5557,-3.0255,0.0601,-0.6616,0,0,0,0.00000,1
0.4495,4.6287,2.5592,12.7827,-2.5129,0.0428,-1.7063,0,1,0,1.52286,1
0.3303,3.6323,2.8715,12.0091,3.0869,0.1633,-0.8429,0,1,0,0.68425,3
0.5087,5.2285,2.4350,11.9210,-2.2755,0.0039,-0.9631,0,1,0,0.22257,3
0.4230,4.3090,2.5995,12.2324,-2.5492,0.0393,-1.0916,0,1,0,0.94046,1
0.4074,4.2209,2.6498,12.2038,2.4847,0.0244,-1.0027,0,1,0,0.78395,3
0.3626,3.9320,2.7912,12.5075,-2.3422,0.0754,-1.1916,1,1,0,0.44394,1
0.4518,4.6549,2.5553,11.3200,0.1445,0.0031,-0.3002,0,0,0,0.00000,1
0.5183,4.6908,2.2890,11.3121,-1.1481,0.0193,-0.3808,0,0,0,0.00000,1
0.4140,4.2049,2.6138,11.3067,-2.6091,0.0160,-0.2666,0,0,0,0.00000,3
0.3617,3.9371,2.7978,11.8249,-2.6814,0.2300,-0.8548,0,1,0,0.46556,1
0.4549,4.7574,2.5654,11.2768,-1.6894,0.0043,-0.2675,0,0,0,0.00000,1
0.3554,3.8219,2.7953,11.6879,-2.9874,0.1004,-0.5809,0,1,0,0.25181,3
0.4113,4.1157,2.6023,11.2884,-2.0956,0.0071,-0.2393,0,0,0,0.00000,3
0.5184,5.1507,2.3804,12.6433,1.0763,0.0134,-1.7783,0,0,1,1.47399,1
0.4445,4.2531,2.4893,11.5185,0.8669,0.0104,-0.4706,0,0,0,0.00000,3
0.5672,5.5754,2.2659,11.2701,1.3915,0.0391,-0.4167,0,0,0,0.00000,3
0.4642,4.9769,2.5741,12.2849,2.5656,0.0919,-1.3355,0,1,0,0.52792,1
0.3707,3.8670,2.7283,11.3199,2.9083,0.0976,-0.3288,0,0,0,0.00000,3
0.3852,3.9459,2.6793,11.3353,1.7101,0.0351,-0.2830,0,0,0,0.00000,1
0.5502,5.6559,2.3460,12.9472,0.9505,0.0232,-2.2854,0,1,1,1.04195,1
0.5091,5.1404,2.4158,11.3300,1.8690,0.0108,-0.3803,0,0,0,0.00000,3
0.4142,4.1715,2.6038,11.2719,2.2626,0.0298,-0.2547,0,0,0,0.00000,3
0.3840,3.9999,2.7011,11.6643,3.0973,0.0541,-0.5534,0,0,1,0.21816,3
0.4349,4.7953,2.6668,12.7056,2.5352,0.0272,-1.5498,0,1,1,1.44226,0
0.3767,4.0437,2.7516,12.4829,2.5253,0.0186,-1.1348,0,1,1,1.02016,1
0.3811,3.9201,2.6918,11.6981,3.0169,0.1012,-0.6324,0,0,1,0.20907,1
0.5509,5.1948,2.2619,12.3245,-1.5896,0.0152,-1.5295,0,0,1,0.84374,1
0.4689,5.0858,2.5771,12.3134,-2.8970,0.0347,-1.2967,0,1,0,0.98353,3
0.4800,4.9092,2.4899,12.4606,-0.7651,0.0109,-1.4432,0,1,0,0.96472,1
0.3772,4.0222,2.7423,11.5797,-2.8172,0.0518,-0.4761,0,1,0,0.16129,3
0.4399,4.7671,2.6361,11.4296,2.4124,0.0315,-0.4147,0,0,0,0.00000,3
0.5436,5.3094,2.3104,11.3510,0.0077,0.0664,-0.5077,0,0,0,0.00000,1
0.4642,4.5494,2.4763,12.0751,-2.9797,0.0246,-1.0348,0,0,1,0.51893,1
0.4379,4.3779,2.5494,11.3435,-2.7504,0.0134,-0.3174,0,0,0,0.00000,3
0.4345,4.3598,2.5601,11.3439,0.6395,0.0153,-0.3163,0,0,0,0.00000,1
0.4695,5.1749,2.5937,11.3462,1.6614,0.0261,-0.3700,0,0,0,0.00000,0
0.4142,4.3923,2.6632,11.2892,-1.6273,0.0029,-0.2385,0,0,0,0.00000,1
0.5335,5.3050,2.3493,11.5193,0.7776,0.0988,-0.7114,0,0,0,0.00000,1
0.3544,3.7784,2.7860,12.2683,2.6555,0.0924,-1.0034,0,0,2,0.85256,3
0.4022,4.2429,2.6808,11.4820,-2.6429,0.0219,-0.3992,0,0,0,0.00000,3
0.3892,4.2547,2.7494,12.9237,-2.7407,0.0904,-1.6686,0,1,1,1.75234,1
0.4202,4.4686,2.6546,11.7535,-2.4137,0.0225,-0.6488,0,0,1,0.36489,3
0.4751,5.0899,2.5503,11.2613,-2.6942,0.0227,-0.2944,0,0,0,0.00000,3
0.4293,4.7353,2.6785,12.8375,-2.4527,0.0319,-1.6608,1,2,0,1.41305,0
0.4700,4.3888,2.4145,11.7414,-0.4613,0.0002,-0.6989,0,0,1,0.44073,3
0.4247,4.6299,2.6743,12.6048,-1.7843,0.0412,-1.4389,0,1,0,0.27188,1
0.4304,4.3491,2.5759,11.4100,2.4567,0.0465,-0.4035,0,0,0,0.00000,3
0.5030,5.1551,2.4443,11.9349,2.9232,0.0136,-0.9769,0,0,1,0.44509,1
0.5752,5.7946,2.2715,12.2873,-0.2926,0.0388,-1.6019,0,0,1,0.57449,1
0.5655,5.6195,2.2799,11.4629,0.1844,0.0573,-0.6482,0,0,0,0.00000,1
0.5367,5.2529,2.3268,11.8551,-3.0817,0.0011,-0.9511,0,1,0,0.35653,1
0.5160,5.2291,2.4052,11.3527,-0.9892,0.0207,-0.4224,0,0,0,0.00000,3
0.5207,5.1802,2.3767,12.4698,0.7012,0.0397,-1.6353,0,0,1,0.82491,1
0.4566,4.5614,2.5118,11.3227,-2.4425,0.0067,-0.3114,0,0,0,0.00000,3
0.3990,4.0835,2.6519,11.9036,-1.9210,0.0171,-0.7235,0,0,1,0.52611,1
0.4356,4.3112,2.5429,12.0392,0.8925,0.0002,-0.8978,0,1,0,0.42424,1
0.3744,3.8698,2.7106,12.1184,-3.1046,0.0396,-0.8679,0,1,0,0.51801,3
0.4969,4.5992,2.3531,11.4350,-0.2826,0.0687,-0.5348,0,0,0,0.00000,1
0.4817,5.1881,2.5424,11.5278,2.8755,0.0591,-0.5933,0,0,0,0.00000,1
0.5007,4.9856,2.4190,11.8109,-1.5002,0.0053,-0.8347,0,1,0,0.33113,3
0.4564,4.7332,2.5530,11.5068,2.9611,0.0778,-0.5589,0,0,0,0.00000,1
0.3911,3.9573,2.6538,11.3629,1.6100,0.0056,-0.2756,0,0,0,0.00000,1
0.5087,5.5516,2.4986,11.8123,-3.0459,0.0029,-0.8527,0,1,0,0.26211,3
0.3520,3.8082,2.8093,11.2736,2.3880,0.0335,-0.2085,0,0,0,0.00000,1
0.4911,5.0492,2.4724,11.5588,1.4712,0.0043,-0.5701,0,0,0,0.00000,3
0.5204,5.1203,2.3663,11.4626,-0.4824,0.0554,-0.5796,0,0,0,0.00000,1
0.4021,4.2378,2.6797,11.7586,1.6167,0.0132,-0.6085,0,1,0,0.33422,1
0.3274,3.6151,2.8820,12.3404,2.7127,0.0596,-0.9341,0,1,2,1.12020,0
0.4634,4.6565,2.5045,12.0391,1.1059,0.0367,-1.0156,0,1,0,0.60166,1
0.4717,4.5341,2.4410,11.5360,1.0160,0.0235,-0.5412,0,0,0,0.00000,3
0.4314,4.1895,2.5301,11.4004,-1.6814,0.0073,-0.3503,0,0,0,0.00000,3
0.4461,4.7393,2.6012,11.5595,-2.9591,0.0480,-0.5556,0,0,0,0.00000,3
0.4570,4.6048,2.5201,11.2973,-2.9313,0.0020,-0.2844,0,0,0,0.00000,3
0.3918,4.2548,2.7360,11.3671,2.9998,0.0189,-0.2953,0,0,0,0.00000,1
0.4480,4.5531,2.5475,12.5738,2.7818,0.0130,-1.4480,0,0,1,1.31089,1
0.6481,5.9630,2.0292,11.6537,-0.2101,0.1352,-1.1206,0,0,0,0.00000,1
0.4867,5.1985,2.5223,11.6408,3.0382,0.0221,-0.6646,0,1,0,0.40904,3
0.4359,4.4827,2.5847,11.5127,-1.3176,0.0128,-0.4579,0,0,0,0.00000,1
0.5565,5.7162,2.3316,11.3567,-2.2013,0.0065,-0.4598,0,0,0,0.00000,3
0.4724,4.6573,2.4663,11.5213,0.3891,0.0010,-0.5019,0,0,0,0.00000,3
0.5635,5.3655,2.2442,11.5403,-0.7379,0.0760,-0.7533,0,0,0,0.00000,3
0.4825,5.2209,2.5456,12.2159,-2.4878,0.0398,-1.2467,0,1,0,0.77832,3
0.5272,5.1523,2.3453,11.5781,0.7879,0.0914,-0.7541,0,0,0,0.00000,1
0.4063,4.3377,2.6866,11.9990,3.1416,0.0096,-0.8089,0,1,0,0.46532,1
0.4302,4.4955,2.6144,11.3516,2.2340,0.0429,-0.3505,0,0,0,0.00000,3
0.4560,4.5040,2.5009,12.8000,-2.5951,0.0128,-1.6983,0,1,1,1.57698,1
0.4416,4.7771,2.6309,11.6860,-2.3182,0.0371,-0.6471,0,0,1,0.31334,3
0.4021,4.2340,2.6787,11.4186,-2.9378,0.1068,-0.4477,0,0,0,0.00000,1
0.4016,4.0192,2.6208,12.4047,2.4448,0.0392,-1.1787,0,1,1,0.74030,1
0.3312,3.6504,2.8727,11.8380,3.0324,0.0456,-0.5775,0,0,1,0.17569,0
0.4889,4.8297,2.4352,11.3723,1.6158,0.0376,-0.4284,0,0,0,0.00000,3
0.4441,4.4684,2.5442,11.6616,-2.7490,0.0553,-0.6513,0,0,1,0.21424,1
0.5093,5.3217,2.4509,11.7821,-0.1031,0.0018,-0.8206,0,0,1,0.30486,1
0.4858,5.1732,2.5211,12.5432,-0.5505,0.0061,-1.5427,1,1,1,0.90394,1
0.4559,4.7057,2.5490,11.2591,3.0827,0.0521,-0.3072,0,0,0,0.00000,1
0.4070,4.3879,2.6970,12.6306,2.5631,0.1113,-1.5059,0,0,1,1.32196,1
0.5434,5.5488,2.3543,11.7188,-1.7758,0.0280,-0.8547,0,1,0,0.20437,3
0.4877,4.7475,2.4222,11.4194,2.5929,0.0165,-0.4463,0,0,0,0.00000,1
0.4049,4.0638,2.6181,11.8688,2.3717,0.0094,-0.6973,0,1,0,0.49827,3
0.4479,4.7049,2.5843,12.5672,-2.5936,0.0166,-1.4480,0,1,0,1.34110,1
0.4086,4.0902,2.6075,11.3288,2.6906,0.0635,-0.3331,0,0,0,0.00000,1
0.3985,4.0338,2.6401,12.6934,-1.8675,0.0303,-1.4047,0,1,1,1.51194,1
0.4859,4.9546,2.4744,11.2468,-1.0841,0.0117,-0.2782,0,0,0,0.00000,3
0.5461,5.5522,2.3444,11.6461,1.6170,0.0095,-0.7574,0,0,1,0.33483,3
0.3689,3.8815,2.7425,12.7617,-2.5195,0.0180,-1.3312,0,1,1,1.50984,1
0.3892,3.9397,2.6575,11.4111,1.8556,0.0430,-0.3532,0,0,0,0.00000,3
0.4423,4.5618,2.5753,13.0416,-2.2539,0.0218,-1.8977,0,1,1,1.89512,1
0.4520,4.6541,2.5538,11.5085,2.1289,0.0224,-0.4881,0,0,0,0.00000,3
0.4848,4.8859,2.4641,11.4426,3.1105,0.0000,-0.4454,0,0,0,0.00000,3
0.4059,4.0219,2.6012,12.1743,2.8340,0.0607,-1.0238,0,0,2,0.80403,1
0.5275,4.9064,2.2967,11.3937,-1.2564,0.0180,-0.4726,0,0,0,0.00000,1
0.3895,4.1332,2.7127,12.3795,2.3484,0.0399,-1.1213,1,1,1,1.56997,1
0.4418,4.7981,2.6350,12.8062,3.1101,0.0288,-1.6763,0,1,2,1.33647,1
0.4465,4.5341,2.5499,11.4693,-0.9645,0.0305,-0.4555,0,0,0,0.00000,1
0.3944,4.1257,2.6860,12.7759,2.0488,0.0063,-1.4227,1,1,1,1.27156,1
0.4904,4.5254,2.3630,11.8455,-2.8982,0.0004,-0.8384,0,1,0,0.43601,1
0.3851,3.9613,2.6843,11.7004,3.0881,0.0574,-0.5871,0,1,0,0.23483,3
0.3702,4.0568,2.7896,11.9935,2.8927,0.0656,-0.7953,0,1,0,0.67020,3
0.3699,3.9903,2.7710,12.5341,-2.7850,0.0431,-1.1895,0,0,2,1.28023,1
0.4962,4.5185,2.3384,11.4761,0.6222,0.0221,-0.5169,0,0,0,0.00000,3
0.3735,3.8993,2.7240,12.3005,2.4580,0.0766,-1.0613,0,1,1,0.59075,1
0.3819,4.1743,2.7634,12.5802,-2.8821,0.0157,-1.2275,0,1,1,1.05939,1
0.3773,4.0811,2.7600,12.7899,-2.7249,0.0621,-1.4572,0,1,0,1.53335,1
0.4970,4.9463,2.4263,11.4563,2.0369,0.0215,-0.5000,0,0,0,0.00000,3
0.5293,5.6134,2.4234,12.7422,-2.8496,0.0277,-1.9605,0,1,1,0.90064,1
0.5013,5.3943,2.4993,11.3790,2.6685,0.0329,-0.4457,0,0,0,0.00000,3
0.4871,5.3388,2.5498,12.2940,-2.2826,0.0407,-1.3417,0,1,0,0.99317,3
0.4680,4.3317,2.4094,11.3137,-0.5450,0.0588,-0.3747,0,0,0,0.00000,1
0.3521,3.7477,2.7885,11.8665,2.7208,0.0279,-0.6149,0,0,0,0.00000,1
0.4089,4.4456,2.7033,12.8224,2.3814,0.0074,-1.5237,0,2,0,1.03799,1
0.4372,4.3601,2.5482,11.2960,1.2713,0.0046,-0.2667,0,0,0,0.00000,1
0.4348,4.6097,2.6214,12.2228,-3.0835,0.0729,-1.1635,0,1,0,0.89875,1
0.3573,3.8123,2.7819,11.8258,2.2695,0.0817,-0.6625,0,0,1,0.31093,3
0.4666,4.3985,2.4307,11.4108,1.7176,0.0173,-0.4124,0,0,0,0.00000,3
0.3387,3.7297,2.8567,11.3737,-2.5305,0.0377,-0.2685,0,0,0,0.00000,0
0.4146,4.1748,2.6030,11.2338,-2.6405,0.0114,-0.2041,0,0,0,0.00000,3
0.4550,4.4083,2.4820,11.4172,-2.8835,0.0314,-0.4210,0,0,0,0.00000,1
0.4141,4.2215,2.6180,11.4415,-2.6676,0.0406,-0.4032,0,0,0,0.00000,3
0.3774,4.0795,2.7586,11.4101,-2.6838,0.0833,-0.3859,0,0,0,0.00000,3
0.4323,4.6831,2.6514,13.1383,-2.4456,0.0249,-1.9529,0,1,0,2.01455,1
0.4957,5.3327,2.5111,12.8688,0.3475,0.0021,-1.9209,0,1,0,1.24923,1
0.3486,3.7738,2.8162,12.0566,-2.2425,0.0794,-0.8114,0,0,1,0.45697,3
0.4494,4.8162,2.6041,11.4088,-2.2630,0.0318,-0.4086,0,0,0,0.00000,3
0.4465,4.3962,2.5158,12.2994,1.6842,0.0040,-1.1689,0,0,1,0.68654,1
0.4070,4.4041,2.7013,13.2913,-2.8655,0.0433,-2.0105,1,1,1,2.17638,1
0.6125,6.0478,2.1695,11.5138,0.0458,0.0463,-0.7671,0,0,0,0.00000,3
0.5079,5.0936,2.4117,11.9529,2.3824,0.0253,-1.0217,0,0,1,0.49106,1
0.3842,3.9645,2.6897,11.9893,-3.0037,0.1133,-0.8861,0,1,0,0.55806,1
0.4346,4.3535,2.5580,11.2783,-1.6051,0.0291,-0.2776,0,0,0,0.00000,3
0.4860,4.5635,2.3891,11.7242,0.8186,0.0180,-0.7354,0,1,0,0.16453,3
0.4728,5.1501,2.5736,11.3472,2.8350,0.1108,-0.4724,0,0,0,0.00000,1
0.4506,4.6878,2.5682,11.6420,-0.8762,0.0087,-0.5878,0,1,0,0.24072,1
0.5379,5.2153,2.3153,11.4549,1.5765,0.0044,-0.5342,0,0,0,0.00000,3
0.3840,3.9137,2.6755,11.4504,1.8140,0.0384,-0.3717,0,0,0,0.00000,1
0.4849,4.9215,2.4717,11.7217,-1.7907,0.0036,-0.7146,0,0,1,0.34088,3
0.4987,5.0453,2.4395,12.4654,-2.1313,0.0108,-1.5110,0,0,1,1.07021,1
0.5073,4.9895,2.3929,11.5978,-1.9854,0.0277,-0.6620,0,0,0,0.00000,1
0.4948,4.9523,2.4365,11.3694,0.1879,0.0045,-0.3940,0,0,0,0.00000,3
0.4942,5.0087,2.4510,11.3747,1.3307,0.0157,-0.4117,0,0,0,0.00000,3
0.5156,4.9951,2.3610,11.4751,1.3092,0.0153,-0.5364,0,0,0,0.00000,3
0.3528,3.7753,2.7941,11.9158,-3.0876,0.0228,-0.6453,0,1,0,0.21508,1
0.4221,4.3629,2.6178,12.1417,-2.4560,0.0746,-1.0573,0,0,1,0.50307,1
0.4071,4.1671,2.6361,12.5979,0.7747,0.0012,-1.3071,0,0,1,1.15841,1
0.5261,5.2900,2.3762,11.6825,-1.0296,0.0186,-0.7705,0,0,0,0.00000,3
0.5682,5.5495,2.2579,11.3686,-0.4511,0.1009,-0.5997,0,0,0,0.00000,1
0.4485,4.9457,2.6386,12.1820,2.0835,0.0296,-1.1041,0,1,0,0.67605,2
0.4562,4.4711,2.4921,11.5746,1.3932,0.0173,-0.5459,0,0,0,0.00000,3
0.4333,4.1710,2.5170,11.3521,0.1970,0.0065,-0.3113,0,0,0,0.00000,1
0.3821,4.0964,2.7396,11.8963,-2.7782,0.0878,-0.7733,0,1,0,0.56463,3
0.4662,4.5383,2.4651,11.3920,-0.9836,0.0535,-0.4382,0,0,0,0.00000,1
0.4293,4.6838,2.6661,11.4694,3.0728,0.1214,-0.5405,0,0,0,0.00000,1
0.4692,5.0471,2.5671,12.0323,-2.1288,0.0155,-0.9966,0,0,1,0.54788,3
0.4274,4.2971,2.5764,12.4476,2.4840,0.0509,-1.3166,1,1,1,0.73499,1
0.3757,4.0105,2.7469,11.5773,-2.7193,0.1843,-0.6294,0,0,0,0.00000,1
0.5164,5.3666,2.4301,11.7848,1.0703,0.0073,-0.8446,0,1,0,0.24360,3
0.5188,5.5763,2.4601,11.3209,-1.0636,0.0633,-0.4446,0,0,0,0.00000,1
0.4211,4.4558,2.6469,11.7992,2.7153,0.0467,-0.7193,0,1,0,0.44138,3
0.3785,4.0752,2.7518,12.2925,2.9765,0.0513,-1.0334,0,1,0,0.80649,3
0.4731,4.7851,2.4917,12.7101,-2.0413,0.0015,-1.6576,1,1,1,0.84493,1
0.4716,5.1538,2.5795,12.0788,-2.8175,0.0147,-1.0469,0,1,0,0.68346,3
0.4556,4.6963,2.5480,11.3925,-1.8846,0.0859,-0.4643,0,0,0,0.00000,3
0.5566,5.2835,2.2561,11.8411,0.8768,0.0086,-0.9880,0,1,0,0.37161,1
0.5039,4.9895,2.4066,12.0539,0.8247,0.0366,-1.1318,0,0,1,0.33206,1
0.3676,3.9809,2.7803,12.8323,2.5964,0.0072,-1.3662,0,0,2,1.35987,1
0.4291,4.5461,2.6322,12.6878,2.7554,0.0313,-1.5168,0,0,1,1.25258,1
0.4992,5.4233,2.5143,11.2992,2.4857,0.0389,-0.3732,0,0,0,0.00000,3
0.4149,4.1622,2.5980,11.3060,1.4705,0.0663,-0.3241,0,0,0,0.00000,1
0.3531,3.8734,2.8242,12.4682,2.6689,0.0501,-1.0929,0,1,0,0.98015,3
0.4465,4.8988,2.6370,11.3855,-2.9375,0.1497,-0.5217,0,0,0,0.00000,1
0.4861,4.6993,2.4184,11.3584,1.7780,0.0126,-0.3822,0,0,0,0.00000,3
0.6341,6.0513,2.0910,11.5664,0.9129,0.0195,-0.8331,0,0,0,0.00000,1
0.5013,5.3998,2.5005,11.4987,-2.4828,0.0291,-0.5581,0,0,0,0.00000,3
0.3726,4.0906,2.7874,12.3486,2.2223,0.0659,-1.0816,0,1,0,0.93620,3
0.5242,5.0044,2.3285,12.2074,1.0681,0.0161,-1.3196,0,1,0,0.71960,1
0.3458,3.7597,2.8271,12.2338,3.1078,0.1661,-1.0534,0,1,0,0.97586,1
0.4604,4.4035,2.4579,11.8536,-0.1703,0.0031,-0.7885,0,0,1,0.31738,3
0.3772,3.9236,2.7127,11.2930,3.0583,0.0110,-0.2175,0,0,0,0.00000,1
0.4647,4.4672,2.4551,11.4400,-1.2509,0.0451,-0.4697,0,0,0,0.00000,3
0.4901,4.4999,2.3584,11.2953,1.5122,0.0275,-0.3442,0,0,0,0.00000,1
0.5490,5.2643,2.2813,11.6057,-0.7952,0.1197,-0.8567,0,0,0,0.00000,1
0.4386,4.7290,2.6333,12.3447,-2.5333,0.0057,-1.1923,0,1,0,1.20930,1
0.4684,4.6216,2.4750,11.3119,2.2269,0.0398,-0.3521,0,0,0,0.00000,1
0.3902,4.2941,2.7551,12.7844,-2.4209,0.0889,-1.5455,1,1,1,1.28353,1
0.5018,4.8063,2.3774,11.3550,-2.0885,0.0405,-0.4301,0,0,0,0.00000,1
0.3944,4.2135,2.7111,11.8896,-2.6237,0.0194,-0.7065,0,1,0,0.49541,3
0.4702,5.1223,2.5792,12.5801,2.8692,0.0710,-1.6249,0,0,1,0.85116,1
0.3535,3.7946,2.7964,12.6370,-2.9287,0.1097,-1.3158,0,1,3,1.57432,1
0.4247,4.1777,2.5572,12.2158,2.7526,0.0329,-1.0718,0,1,0,0.88847,1
0.5202,4.7056,2.2848,11.3579,0.5601,0.0132,-0.4211,0,0,0,0.00000,3
0.4305,4.7222,2.6695,12.0715,-3.0676,0.0780,-1.0204,0,1,0,0.44274,3
0.5167,5.1318,2.3836,11.4069,0.0498,0.0423,-0.5025,0,0,0,0.00000,1
0.4658,4.7971,2.5264,11.7397,1.9289,0.0049,-0.6982,0,0,1,0.35746,3
0.5664,5.2121,2.2069,11.6351,0.4968,0.0111,-0.7803,0,0,0,0.00000,3
0.3658,4.0369,2.8072,13.3960,2.9168,0.0113,-1.8307,0,2,1,0.94861,0
0.3523,3.7924,2.8024,11.3241,3.0413,0.0249,-0.2334,0,0,0,0.00000,1
0.5252,5.0364,2.3309,12.6716,-2.3505,0.0015,-1.8143,0,1,0,0.97336,1
0.5674,5.6361,2.2753,11.3412,0.4313,0.0403,-0.4962,0,0,0,0.00000,1
0.4597,4.3790,2.4549,11.8718,-1.4516,0.0467,-0.8613,0,0,1,0.57685,1
0.4013,4.0080,2.6190,11.7732,-2.6586,0.0201,-0.6266,0,1,0,0.26617,3
0.4060,4.3375,2.6881,12.0064,-2.5034,0.0080,-0.8123,0,1,1,0.52241,1
0.3706,4.0067,2.7724,13.3268,-2.2142,0.0150,-1.8037,1,2,0,1.93195,1
0.5924,5.6933,2.1905,11.5598,0.7309,0.1109,-0.8686,0,0,0,0.00000,3
0.4376,4.4545,2.5703,11.9334,1.4331,0.0288,-0.8472,0,1,0,0.60101,1
0.5154,5.4217,2.4450,12.6549,-1.1771,0.0366,-1.8205,0,1,1,1.39261,1
0.4968,5.0540,2.4496,11.6632,1.9771,0.0235,-0.7044,0,0,1,0.18838,3
0.5333,5.2753,2.3447,11.3933,-0.1358,0.0431,-0.5112,0,0,0,0.00000,1
0.4917,4.7842,2.4136,11.8728,-0.8049,0.0265,-0.9045,0,0,1,0.34296,1
0.4112,4.1319,2.6071,12.5311,2.6994,0.0047,-1.2676,0,1,0,1.20020,1
0.4190,4.3883,2.6394,11.3955,2.7619,0.0101,-0.3365,0,0,0,0.00000,3
0.4672,4.4124,2.4316,12.5504,1.8153,0.0231,-1.5063,0,2,2,1.45876,1
0.4594,4.5967,2.5079,11.7959,-1.3644,0.0020,-0.7332,0,0,1,0.30625,3
0.4708,4.3990,2.4135,11.9587,2.8482,0.0093,-0.9171,0,0,1,0.37398,1
0.5100,5.0859,2.4015,11.4205,0.1641,0.0240,-0.4855,0,0,0,0.00000,1
0.4523,4.6552,2.5529,11.9377,-1.3723,0.0363,-0.8940,0,0,1,0.34297,1
0.3781,3.9701,2.7223,11.3293,2.9931,0.0623,-0.3027,0,0,0,0.00000,3
0.5821,5.6044,2.2146,11.4772,0.7165,0.1411,-0.7925,0,0,0,0.00000,1
0.5828,5.7917,2.2418,11.4345,0.8163,0.0494,-0.6323,0,0,0,0.00000,3
0.5239,4.9343,2.3163,11.4604,-1.7089,0.0569,-0.5832,0,0,0,0.00000,1
0.3677,4.0508,2.8014,13.1470,2.7987,0.0985,-1.7848,1,1,1,1.80628,0
0.5036,5.2862,2.4682,12.5539,-1.3121,0.0113,-1.6248,0,0,1,0.80242,1
0.4650,5.0125,2.5782,11.6612,-2.4702,0.0085,-0.6300,0,0,1,0.30772,3
0.4675,4.6037,2.4748,11.3148,-2.4320,0.0337,-0.3467,0,0,0,0.00000,1
0.3528,3.8512,2.8188,12.9605,-3.0555,0.0640,-1.5016,0,0,1,1.82751,1
0.4126,4.0609,2.5809,11.4561,-1.5909,0.0319,-0.4026,0,0,0,0.00000,3
0.5073,5.0288,2.4009,11.5516,-1.4844,0.0071,-0.5907,0,0,0,0.00000,3
0.3992,4.3072,2.7136,11.8902,-2.7481,0.0468,-0.7518,0,1,0,0.46435,3
0.4428,4.2942,2.5069,11.4192,-1.1781,0.0345,-0.4116,0,0,0,0.00000,1
0.5828,5.9330,2.2646,12.6699,0.6669,0.0519,-2.1261,0,0,2,0.60295,1
0.6571,6.0299,2.0067,11.5481,0.0585,0.1271,-0.9883,0,0,0,0.00000,1
0.4996,5.0620,2.4396,12.3444,2.5842,0.0284,-1.4125,0,0,1,0.84871,1
0.5060,4.5733,2.3120,12.1809,-1.1324,0.0075,-1.2243,0,0,1,0.64135,1
0.4359,4.8008,2.6634,12.0530,2.3478,0.0081,-0.9245,0,1,0,0.73299,0
0.5180,5.6096,2.4700,11.5534,-1.2011,0.0181,-0.6251,0,0,0,0.00000,1
0.4901,4.6856,2.3990,11.2568,-1.3870,0.0252,-0.3061,0,0,0,0.00000,3
0.3407,3.7502,2.8524,12.5479,3.0779,0.1525,-1.2628,0,1,0,1.20509,1
0.4663,4.9127,2.5501,11.3858,2.4080,0.0646,-0.4464,0,0,0,0.00000,3
0.4668,5.1081,2.5914,12.3914,2.9723,0.0331,-1.3655,0,0,0,0.00000,3
0.4220,4.1287,2.5564,11.3858,2.4823,0.0336,-0.3584,0,0,0,0.00000,3
0.4964,4.6635,2.3689,12.1370,0.7649,0.0355,-1.1949,0,0,1,0.64909,1
0.4260,4.3165,2.5879,12.6243,1.6761,0.0019,-1.3988,0,1,0,1.17258,1
0.5633,5.8144,2.3211,11.4337,1.4721,0.0195,-0.5679,0,0,0,0.00000,3
0.5170,5.3978,2.4339,11.4735,-1.0220,0.0395,-0.5677,0,0,0,0.00000,1
0.5544,5.2103,2.2512,11.8931,-0.7214,0.0034,-1.0334,0,0,2,0.94419,1
0.4493,4.5353,2.5377,11.9672,0.7008,0.0090,-0.8777,0,0,1,0.65768,1
0.4798,4.6219,2.4271,11.3350,-1.5937,0.0292,-0.3728,0,0,0,0.00000,3
0.4591,4.3226,2.4442,11.3974,-1.2814,0.0190,-0.3933,0,0,0,0.00000,3
0.3460,3.7316,2.8166,13.2161,-3.0080,0.0287,-1.6162,0,1,1,2.19088,1
0.5007,4.8616,2.3935,11.5640,-0.3414,0.0072,-0.5922,0,0,0,0.00000,3
0.4298,4.1513,2.5273,11.9557,-2.5043,0.0170,-0.8329,0,0,1,0.59420,1
0.4101,4.1163,2.6079,12.7942,-2.8292,0.0124,-1.5095,1,1,1,1.50444,1
0.4000,4.2920,2.7053,11.7514,-2.7737,0.0508,-0.6455,0,0,1,0.26860,3
0.3574,3.9365,2.8208,12.0176,-1.9980,0.0596,-0.7769,0,0,1,0.37004,0
0.5246,4.7463,2.2762,11.5712,0.0003,0.0306,-0.6648,0,0,0,0.00000,3
0.3599,3.7833,2.7585,12.8217,-2.5064,0.0240,-1.3540,0,1,0,1.33599,1
0.3886,3.9791,2.6720,12.7100,3.0347,0.0430,-1.4028,0,1,0,1.56383,1
0.4157,4.3366,2.6414,12.4252,2.2940,0.0173,-1.2092,0,1,1,0.50241,1
0.4804,4.8471,2.4746,12.0322,-1.8041,0.0064,-1.0098,0,0,1,0.53317,3
0.4695,4.9520,2.5447,12.7486,2.8967,0.0356,-1.7402,1,1,0,1.23627,1
0.4526,4.8995,2.6087,11.5268,-2.5569,0.1354,-0.6408,0,0,0,0.00000,1
0.3929,4.1812,2.7094,11.6034,-2.3346,0.0558,-0.5219,0,1,0,0.17536,3
0.4388,4.3234,2.5316,11.8288,-1.3574,0.0240,-0.7501,0,0,1,0.38191,3
0.4818,4.4074,2.3707,12.3026,-1.0110,0.0166,-1.2934,0,1,0,0.67009,1
0.5137,4.9114,2.3515,12.1798,-1.0613,0.0090,-1.2497,0,1,0,0.44806,1
0.4135,4.4246,2.6752,12.1906,2.9679,0.0817,-1.0873,0,1,1,0.73396,1
0.4132,4.3636,2.6605,11.3081,1.6695,0.0373,-0.2914,0,0,0,0.00000,1
0.4755,4.8305,2.4918,11.9514,2.7508,0.0199,-0.9378,0,1,0,0.32895,1
0.4055,4.3437,2.6921,12.9335,2.8539,0.0848,-1.7394,0,1,0,0.90346,1
0.4809,5.2230,2.5529,13.0223,1.7410,0.0334,-2.0761,1,2,0,1.24578,1
0.4352,4.6177,2.6218,11.3856,-2.0528,0.0093,-0.3458,0,0,0,0.00000,1
0.4084,4.2543,2.6540,11.3725,2.9930,0.0616,-0.3657,0,0,0,0.00000,3
0.4456,4.3290,2.5033,12.6056,-2.3447,0.0148,-1.4712,0,0,1,1.08314,1
0.4869,4.5698,2.3866,11.2352,-0.5548,0.0228,-0.2799,0,0,0,0.00000,3
0.3633,3.8190,2.7518,12.4031,3.0179,0.0046,-1.0093,0,1,1,1.26027,1
0.5824,5.5527,2.2050,12.3958,-0.8127,0.0585,-1.7867,0,0,1,0.61346,1
0.4676,4.6724,2.4899,11.5170,-1.8425,0.0228,-0.5177,0,0,0,0.00000,3
0.4667,4.9026,2.5462,13.1589,-2.6457,0.0049,-2.1018,0,0,1,1.79617,1
0.4536,4.2401,2.4472,11.2566,0.6042,0.0640,-0.3158,0,0,0,0.00000,0
0.4191,4.4717,2.6603,11.2582,-1.9841,0.0255,-0.2437,0,0,0,0.00000,1
0.5238,4.9875,2.3268,11.4395,-0.5877,0.0105,-0.5058,0,0,0,0.00000,3
0.4395,4.4860,2.5693,12.7758,-2.6572,0.0089,-1.6034,0,0,1,1.02770,1
0.4102,4.0666,2.5936,11.3048,1.3902,0.0059,-0.2498,0,0,0,0.00000,1
0.3966,3.9783,2.6330,12.8646,2.6743,0.0076,-1.5094,0,1,1,1.50570,1
0.4635,5.0713,2.5983,12.5853,2.5314,0.0017,-1.4999,0,0,1,0.97057,1
0.5653,5.2972,2.2258,12.2368,-0.4264,0.0701,-1.5546,0,0,1,0.64054,1
0.4987,4.8614,2.4014,11.7059,0.3126,0.0100,-0.7320,0,1,0,0.31302,3
0.5684,5.8251,2.3028,11.4438,0.9886,0.0196,-0.5862,0,0,0,0.00000,3
0.5256,5.3312,2.3859,11.3657,0.3628,0.0013,-0.4241,0,0,0,0.00000,3
0.3861,4.0822,2.7150,11.8579,1.7229,0.0548,-0.7092,0,1,0,0.54176,1
0.4427,4.4991,2.5583,11.4161,2.3353,0.0233,-0.3962,0,0,0,0.00000,3
0.4561,4.4325,2.4834,11.2478,-1.9553,0.0026,-0.2407,0,0,0,0.00000,3
0.3576,3.8895,2.8047,12.0758,-2.5285,0.0300,-0.7822,0,1,0,0.24172,1
0.4390,4.7702,2.6414,11.6805,-2.3605,0.1035,-0.7192,0,1,0,0.22099,3
0.3559,3.9175,2.8229,11.3948,2.8049,0.0829,-0.3513,0,0,0,0.00000,3
0.4410,4.2640,2.5069,12.2257,-2.0296,0.0121,-1.0961,0,0,1,0.65698,1
0.4281,4.5063,2.6271,13.1880,2.6531,0.0434,-2.0157,0,1,1,1.81846,1
0.4833,4.9692,2.4888,12.1830,-3.0546,0.0025,-1.1615,0,0,2,1.11504,3
0.5895,5.7252,2.2061,11.5149,1.7405,0.0279,-0.7072,0,0,0,0.00000,1
0.6331,6.1846,2.1129,12.0422,-1.2306,0.0354,-1.4581,0,0,2,0.36631,1
0.5371,5.0177,2.2813,11.4416,1.4048,0.0232,-0.5411,0,0,0,0.00000,1
0.4374,4.7720,2.6491,13.0711,1.6323,0.0311,-1.9219,0,1,1,1.39133,1
0.4411,4.4695,2.5582,11.3953,2.3561,0.0123,-0.3637,0,0,0,0.00000,3
0.4818,5.2670,2.5585,11.4547,2.5140,0.0621,-0.5276,0,0,0,0.00000,3
0.4132,4.1185,2.5939,11.3995,-0.5462,0.0050,-0.3268,0,0,0,0.00000,1
0.3872,4.1414,2.7266,13.0259,-2.5788,0.0109,-1.6165,1,1,1,1.68471,1
0.4281,4.2015,2.5483,12.5124,2.8917,0.0295,-1.3459,0,0,2,0.89240,1
0.3435,3.7383,2.8329,11.7442,2.4639,0.0635,-0.5566,0,1,0,0.22077,1
0.4262,4.5587,2.6490,11.4482,2.0251,0.0119,-0.3906,0,0,0,0.00000,1
0.4068,4.0805,2.6135,11.4978,-1.6474,0.0168,-0.4110,0,0,0,0.00000,1
0.4486,4.3522,2.4958,11.2611,-1.1320,0.0427,-0.2910,0,0,0,0.00000,1
0.4315,4.2860,2.5548,11.5553,1.2866,0.0143,-0.4891,0,0,0,0.00000,1
0.4576,4.8865,2.5832,11.3771,2.6624,0.0401,-0.3999,0,0,0,0.00000,3
0.5747,5.6654,2.2524,11.4915,0.7316,0.0121,-0.6381,0,0,0,0.00000,3
0.3525,3.8220,2.8106,11.6976,3.1069,0.0746,-0.5521,0,1,0,0.47323,3
0.4625,4.3083,2.4263,11.3008,2.0871,0.0464,-0.3431,0,0,0,0.00000,1
0.5127,5.4067,2.4533,11.6652,-2.8437,0.0257,-0.7387,0,0,1,0.26644,1
0.4661,4.4471,2.4444,11.4030,1.1618,0.0262,-0.4153,0,0,0,0.00000,3
0.5425,5.1722,2.2895,11.3626,0.8633,0.0532,-0.5023,0,0,0,0.00000,3
0.3653,3.9738,2.7899,13.1081,-2.9118,0.0223,-1.6075,0,1,1,1.97025,1
0.4899,5.1720,2.5032,12.0094,1.9516,0.0375,-1.0540,0,1,0,0.37179,3
0.3511,3.7686,2.8011,11.3297,2.9120,0.0748,-0.2921,0,0,0,0.00000,3
0.3888,4.0402,2.6893,11.3766,-2.9425,0.0198,-0.3001,0,0,0,0.00000,3
0.4902,4.5246,2.3635,11.4608,0.8647,0.0253,-0.4982,0,0,0,0.00000,3
0.5137,4.9266,2.3544,12.1290,-2.0669,0.0027,-1.1874,0,0,0,0.00000,1
0.4467,4.2597,2.4812,11.4436,0.8503,0.0281,-0.4297,0,0,0,0.00000,1
0.5113,4.9275,2.3643,11.3173,-0.5203,0.0034,-0.3607,0,0,0,0.00000,3
0.4400,4.3382,2.5299,11.3474,-2.0909,0.0014,-0.3088,0,0,0,0.00000,3
0.5092,5.0748,2.4026,11.5918,0.9664,0.0417,-0.6768,0,0,0,0.00000,1
0.4662,4.4328,2.4405,11.5259,-0.1917,0.0276,-0.5287,0,0,0,0.00000,1
0.4925,4.8126,2.4165,11.3729,-2.9081,0.0202,-0.4126,0,0,0,0.00000,1
0.4659,4.9962,2.5705,11.6317,-2.8794,0.1052,-0.7226,0,0,0,0.00000,1
0.3699,3.8693,2.7335,12.0996,-2.9152,0.0824,-0.8995,0,0,1,0.59220,3
0.3847,4.1534,2.7431,12.1479,-1.8119,0.0324,-0.9080,1,1,0,0.64017,1
0.4900,5.0265,2.4721,12.1081,2.6789,0.0178,-1.1262,0,0,1,0.68477,1
0.4589,5.0108,2.6056,11.5871,-1.9668,0.0307,-0.5795,0,0,0,0.00000,1
0.4357,4.6271,2.6217,11.2694,-1.8694,0.0275,-0.2699,0,0,0,0.00000,1
0.5955,5.9977,2.2257,11.5692,1.3264,0.0056,-0.7537,0,0,0,0.00000,3
0.5234,5.1918,2.3680,11.3289,-0.5041,0.0524,-0.4441,0,0,0,0.00000,1
0.4428,4.3341,2.5168,11.9554,-1.8234,0.0227,-0.8697,0,0,1,0.54357,3
0.5087,4.9414,2.3774,11.7968,-1.6781,0.0657,-0.9152,0,1,0,0.48432,1
0.4481,4.6606,2.5730,12.5550,-2.3002,0.0237,-1.4475,1,1,0,1.29671,1
0.4466,4.5311,2.5486,11.3803,-1.2025,0.0157,-0.3611,0,0,0,0.00000,1
0.4750,4.9204,2.5137,11.4251,-2.9693,0.0607,-0.4886,0,0,0,0.00000,1
0.5329,5.5912,2.4044,11.4890,-3.0942,0.0124,-0.5743,0,0,0,0.00000,3
0.5483,5.7461,2.3696,11.5669,-0.8249,0.0079,-0.6752,0,0,0,0.00000,3
0.4329,4.4721,2.5958,12.6147,2.6136,0.0417,-1.4782,1,1,0,1.00780,1
0.4327,4.5911,2.6269,11.4392,-0.9575,0.0009,-0.3780,0,0,0,0.00000,1
0.3760,4.0950,2.7704,13.0129,2.5760,0.0670,-1.6518,0,1,2,1.90546,1
0.5269,4.7732,2.2729,11.2769,-0.6387,0.0035,-0.3364,0,0,0,0.00000,1
0.5795,5.4810,2.2041,11.4917,-0.8550,0.0552,-0.6979,0,0,0,0.00000,3
0.4338,4.3427,2.5591,11.3768,2.1994,0.1033,-0.4454,0,0,0,0.00000,1
0.3910,4.0466,2.6802,11.5640,3.1002,0.1064,-0.5485,0,0,0,0.00000,1
0.5032,5.2024,2.4529,11.5058,0.4163,0.0239,-0.5608,0,0,0,0.00000,1
0.4332,4.2491,2.5378,11.3394,1.4622,0.0285,-0.3262,0,0,0,0.00000,3
0.4897,4.9817,2.4642,11.4455,2.9237,0.0239,-0.4832,0,0,0,0.00000,1
0.4288,4.4825,2.6175,11.4401,2.4919,0.0224,-0.3989,0,0,0,0.00000,3
0.3589,3.7824,2.7636,12.7165,2.6013,0.0925,-1.3743,0,1,0,1.40615,1
0.4637,4.4070,2.4447,11.3555,-1.7583,0.0171,-0.3593,0,0,0,0.00000,3
0.4450,4.3685,2.5159,11.5358,1.4422,0.0463,-0.5301,0,1,0,0.30998,3
0.3507,3.7513,2.7973,13.0162,2.7046,0.0735,-1.5551,0,1,1,1.80958,1
0.4243,4.1129,2.5420,11.9454,1.1030,0.0098,-0.8022,0,1,0,0.51626,1
0.3540,3.8972,2.8272,11.6073,3.1322,0.2657,-0.7164,0,0,0,0.00000,0
0.4453,4.6099,2.5736,11.9875,-2.2425,0.0971,-1.0046,0,1,0,0.67822,1
0.5827,5.4853,2.1927,11.9168,-0.2430,0.0277,-1.1605,0,1,0,0.34211,1
0.4212,4.4371,2.6413,12.9083,2.1030,0.0175,-1.6692,0,1,0,0.33957,1
0.3901,4.0309,2.6802,11.9768,-2.2038,0.0254,-0.7742,0,0,1,0.43123,3
0.4789,5.0276,2.5202,11.3699,-2.7147,0.0316,-0.4082,0,0,0,0.00000,3
0.4668,4.8076,2.5242,11.7788,-1.1139,0.0262,-0.7636,0,1,0,0.25001,1
0.4028,4.2632,2.6837,11.7345,-1.8444,0.0774,-0.6694,0,0,1,0.32477,3
0.4391,4.3630,2.5404,11.3792,-3.1203,0.0285,-0.3663,0,0,0,0.00000,1
0.3661,3.8234,2.7387,12.4712,-2.8779,0.1109,-1.2269,0,1,0,1.21314,1
0.5333,5.0965,2.3111,12.0090,1.6558,0.0201,-1.1340,0,0,2,0.55094,1
0.3818,4.1815,2.7661,12.0120,3.0753,0.0247,-0.7832,0,1,0,0.55388,1
0.4921,4.6758,2.3888,12.0135,-2.9321,0.0092,-1.0216,0,0,2,0.61468,1
0.5572,5.4251,2.2786,11.3760,1.1313,0.0572,-0.5407,0,0,0,0.00000,3
0.5858,5.4126,2.1698,11.4486,-0.1760,0.0185,-0.6122,0,0,0,0.00000,3
0.5336,5.3749,2.3620,11.5142,-1.0860,0.0351,-0.6282,0,0,0,0.00000,3
0.5052,4.9760,2.3988,11.5573,0.2454,0.0082,-0.5942,0,0,0,0.00000,3
0.4557,4.3607,2.4676,11.3108,1.8119,0.0133,-0.3070,0,0,0,0.00000,3
0.3798,3.9605,2.7109,13.0567,-2.4919,0.0187,-1.6231,1,1,1,1.55451,1
0.3627,3.9165,2.7860,12.7672,-2.6728,0.1093,-1.4563,0,1,0,1.45850,1
0.4592,4.7112,2.5356,11.3779,-2.4019,0.0223,-0.3813,0,0,0,0.00000,3
0.4335,4.3472,2.5613,11.4776,-2.3463,0.0282,-0.4428,0,0,0,0.00000,3
0.5275,5.3845,2.3880,11.5355,1.7704,0.0527,-0.6627,0,0,0,0.00000,3
0.4593,4.2813,2.4332,12.3665,-0.9520,0.0247,-1.3005,0,1,0,1.16254,1
0.3807,3.9022,2.6885,11.3933,2.2918,0.0540,-0.3432,0,0,0,0.00000,3
0.4065,4.2143,2.6519,12.8066,-3.1059,0.0351,-1.5445,1,1,0,0.35985,1
0.5375,5.3782,2.3469,11.3282,-1.0368,0.0856,-0.4994,0,0,0,0.00000,3
0.3684,4.0119,2.7857,12.9000,-2.9863,0.0636,-1.5166,0,1,0,1.65877,1
0.4360,4.7395,2.6480,11.4555,-2.4709,0.0164,-0.4143,0,0,0,0.00000,1
0.4084,4.4381,2.7034,12.4612,2.9650,0.1168,-1.3638,0,0,1,0.99055,1
0.5000,4.9815,2.4210,11.4222,0.8857,0.0647,-0.5227,0,0,0,0.00000,1
0.3992,4.0735,2.6481,12.6669,-1.7535,0.0190,-1.3664,0,0,1,1.42273,1
0.3742,3.9993,2.7514,11.4750,-2.5245,0.0933,-0.4422,0,0,0,0.00000,3
0.4176,4.1290,2.5764,11.6884,-0.5867,0.0042,-0.5661,0,0,1,0.41493,1
0.3966,4.0451,2.6521,12.4268,-2.9147,0.0734,-1.2326,0,0,1,1.09643,1
0.4424,4.8131,2.6355,11.6487,2.5790,0.0198,-0.5946,0,0,1,0.24110,3
0.5434,5.2359,2.2979,11.3126,-1.3821,0.0223,-0.4146,0,0,0,0.00000,3
0.4072,4.2908,2.6697,11.6271,-2.9370,0.0628,-0.5712,0,0,1,0.14524,3
0.3480,3.7252,2.8033,13.0327,-2.5771,0.0162,-1.4585,0,1,1,1.72441,1
0.4083,4.1860,2.6357,11.3158,-1.6656,0.0207,-0.2738,0,0,0,0.00000,1
0.5410,5.4677,2.3491,11.4913,1.6908,0.0176,-0.5942,0,0,0,0.00000,3
0.3558,3.8818,2.8120,11.7871,-2.5370,0.0312,-0.5694,0,1,0,0.28470,1
0.4599,4.3349,2.4438,12.5625,0.2893,0.0211,-1.4893,1,1,0,1.21450,1
0.4838,5.1767,2.5307,12.0941,-0.1254,0.0042,-1.0785,0,0,1,0.53551,1
0.4431,4.3069,2.5088,11.3907,1.1348,0.0016,-0.3490,0,0,0,0.00000,3
0.4141,4.3743,2.6590,11.2886,2.5696,0.0984,-0.3459,0,0,0,0.00000,3
0.4190,4.4746,2.6619,13.0215,1.6985,0.0268,-1.7818,0,1,1,1.68314,1
0.4888,4.7339,2.4148,11.2305,2.7819,0.0103,-0.2635,0,0,0,0.00000,1
0.4068,4.3659,2.6920,11.5229,-2.4265,0.0120,-0.4261,0,1,0,0.19075,1
0.3927,4.1677,2.7068,11.7941,2.1736,0.0656,-0.6847,0,1,0,0.57856,3
0.4225,4.5677,2.6690,11.5252,-3.0071,0.0907,-0.5427,0,0,0,0.00000,3
0.3827,4.0642,2.7269,11.5830,-2.0873,0.0162,-0.4440,0,0,2,0.45941,1
0.4624,4.7683,2.5345,11.6365,-3.1304,0.0384,-0.6388,0,0,0,0.00000,1
0.3495,3.7589,2.8067,12.5430,2.6224,0.0170,-1.0896,0,1,0,0.94415,1
0.5109,4.9529,2.3712,11.5843,-1.9637,0.0222,-0.6471,0,0,0,0.00000,1
0.6650,6.2645,2.0089,12.2638,0.0288,0.0834,-1.9237,0,0,1,0.76805,1
0.4912,4.8941,2.4393,12.1855,-2.0003,0.0682,-1.2787,0,1,1,0.73418,1
0.4219,4.2687,2.5943,12.9733,1.0936,0.0088,-1.7165,1,1,1,1.73990,1
0.4340,4.3668,2.5643,11.3345,-1.1941,0.0284,-0.3231,0,0,0,0.00000,1
0.4182,4.3174,2.6242,11.6948,-2.0200,0.0256,-0.5995,0,0,1,0.21783,3
0.4682,4.8889,2.5363,11.5249,-2.5599,0.0008,-0.5002,0,0,0,0.00000,3
0.4294,4.2312,2.5502,11.5948,2.1760,0.0901,-0.6115,0,0,0,0.00000,1
0.6389,6.0950,2.0799,11.4789,-0.1102,0.1015,-0.8360,0,0,0,0.00000,1
0.4803,4.4893,2.3953,11.3729,2.2979,0.0102,-0.3856,0,0,0,0.00000,1
0.4777,4.8894,2.4952,11.4933,-2.9084,0.0411,-0.5325,0,0,0,0.00000,1
0.4679,4.7738,2.5116,11.3846,-1.4061,0.0205,-0.3954,0,0,0,0.00000,3
0.3765,3.8772,2.7020,11.3048,2.1598,0.0711,-0.2930,0,0,0,0.00000,3
0.5003,5.0355,2.4308,12.1769,-1.6196,0.0078,-1.2098,0,0,1,0.37993,1
0.5789,5.7778,2.2546,11.5474,-1.6066,0.0070,-0.7018,0,0,0,0.00000,1
0.4440,4.8395,2.6347,11.8084,-2.9678,0.0011,-0.7152,0,0,1,0.48164,1
0.4320,4.2971,2.5556,11.4148,2.7039,0.0120,-0.3688,0,0,0,0.00000,3
0.4137,4.1428,2.5986,11.2988,-3.0146,0.0002,-0.2419,0,0,0,0.00000,1
0.4145,4.4800,2.6847,13.0315,-2.8982,0.0338,-1.7836,0,1,2,1.91512,1
0.4247,4.3952,2.6143,12.0214,1.6977,0.0376,-0.9073,0,0,1,0.62992,1
0.4758,4.3461,2.3810,11.7222,1.8888,0.0126,-0.7069,0,1,0,0.27744,1
0.4680,4.7590,2.5079,12.1592,-0.6296,0.0173,-1.1167,0,1,0,0.53802,1
0.5207,5.0217,2.3458,12.3171,0.3600,0.0165,-1.4296,0,0,2,0.78207,1
0.4577,4.4915,2.4905,11.3699,0.8052,0.0435,-0.3966,0,0,0,0.00000,1
0.4946,5.3132,2.5120,12.3472,-1.6503,0.0259,-1.3980,0,1,0,1.00964,3
0.4173,4.3178,2.6288,11.6017,-2.5799,0.0982,-0.6086,0,0,0,0.00000,1
0.5432,5.2736,2.3054,11.8315,0.3973,0.0608,-1.0188,0,0,1,0.24684,1
0.5327,5.5975,2.4063,11.6380,1.8426,0.0156,-0.7337,0,0,0,0.00000,3
0.3667,3.8187,2.7344,11.3576,-2.5495,0.1649,-0.4290,0,0,0,0.00000,0
0.3807,4.1102,2.7508,11.5897,2.9695,0.0327,-0.4659,0,1,0,0.15566,3
0.4617,4.8340,2.5528,12.8737,2.2356,0.0128,-1.7983,0,1,0,1.43527,1
0.4985,4.5589,2.3381,11.3025,0.3222,0.0030,-0.3310,0,0,0,0.00000,3
0.4952,5.1084,2.4672,11.5304,0.3956,0.0178,-0.5655,0,0,0,0.00000,1
0.3797,3.9590,2.7107,11.8773,-2.5710,0.0695,-0.7303,0,1,0,0.47445,3
0.4024,4.0495,2.6255,11.9631,-1.9212,0.0067,-0.7656,0,1,0,0.54584,1
0.4911,5.1024,2.4837,11.8217,2.3903,0.0225,-0.8492,0,0,1,0.54843,3
0.4461,4.5766,2.5619,12.3697,3.0650,0.0076,-1.2398,0,1,1,0.59190,1
0.4378,4.2967,2.5295,12.2485,-2.6962,0.0321,-1.1369,0,1,0,1.03684,1
0.4298,4.3590,2.5813,11.8957,-2.7680,0.0220,-0.7881,0,1,0,0.43460,3
0.5263,5.3836,2.3927,11.4096,-2.2015,0.0047,-0.4736,0,0,0,0.00000,3
0.4324,4.3971,2.5792,11.4802,-2.3008,0.0430,-0.4612,0,0,0,0.00000,3
0.4806,4.3903,2.3716,11.4618,0.5742,0.0572,-0.5247,0,0,0,0.00000,1
0.4376,4.2646,2.5223,11.3906,2.1304,0.0451,-0.3934,0,0,0,0.00000,3
0.3944,4.0350,2.6599,11.2749,2.7481,0.0806,-0.2971,0,0,0,0.00000,3
0.5762,5.3212,2.1897,11.5579,-0.4370,0.1182,-0.8471,0,0,0,0.00000,1
0.5119,4.7922,2.3346,11.8606,0.0813,0.0472,-0.9626,0,0,1,0.31705,1
0.3885,4.1887,2.7339,12.0173,2.8419,0.1679,-0.9898,0,1,0,0.68423,1
0.5579,5.8042,2.3410,11.5579,-1.9830,0.0155,-0.6905,0,0,0,0.00000,3
0.5385,5.6090,2.3846,12.3938,-0.5242,0.0066,-1.5615,0,0,2,0.57822,1
0.4000,4.0399,2.6343,11.8586,2.9168,0.0113,-0.6818,0,1,0,0.20893,3
0.6638,6.1644,2.0008,12.2046,-0.4852,0.1050,-1.8690,0,0,1,0.72966,1
0.5832,5.6613,2.2195,11.7073,1.5594,0.0118,-0.8971,0,1,0,0.22150,1
0.4795,4.8472,2.4783,11.3452,-2.5003,0.0008,-0.3495,0,0,0,0.00000,3
0.3857,4.0581,2.7097,12.0568,-2.9042,0.0692,-0.8863,0,1,0,0.58617,3
0.3604,3.8671,2.7826,11.5767,2.6224,0.1387,-0.5527,0,1,0,0.16950,3
0.4825,4.6314,2.4182,11.8080,0.8183,0.0201,-0.8130,0,1,0,0.17454,3
0.3497,3.7642,2.8073,12.7087,-2.3898,0.0412,-1.2533,1,1,0,0.95491,1
0.3883,4.2737,2.7591,11.4093,-2.5928,0.0537,-0.3635,0,0,0,0.00000,3
0.5201,5.2034,2.3836,11.4260,-2.5805,0.0250,-0.5057,0,0,0,0.00000,1
0.3580,3.8609,2.7935,12.0739,-2.2613,0.0353,-0.7886,0,0,3,0.83403,1
0.5685,5.6011,2.2654,11.6426,2.1825,0.0105,-0.7945,0,0,0,0.00000,1
0.5028,5.0453,2.4229,11.4116,-2.3341,0.0053,-0.4452,0,0,0,0.00000,3
0.3331,3.6646,2.8665,13.1617,-2.6521,0.0930,-1.6251,0,1,0,0.30391,1
0.5607,5.7365,2.3183,11.5855,-0.5738,0.0215,-0.7325,0,0,0,0.00000,3
0.5158,5.5075,2.4597,11.5201,-2.4589,0.0170,-0.5864,0,0,0,0.00000,3
0.3857,4.1705,2.7429,11.8351,2.4459,0.0797,-0.7216,0,1,0,0.66624,3
0.5041,5.1348,2.4354,12.6682,-0.3180,0.0047,-1.7385,0,1,0,1.17796,1
0.4551,4.3341,2.4635,11.3578,-0.6912,0.0113,-0.3451,0,0,0,0.00000,3
0.4376,4.5978,2.6056,11.9325,-2.9921,0.0521,-0.8774,0,1,0,0.63308,1
0.4156,4.1099,2.5807,11.8951,-1.2902,0.0239,-0.7597,0,1,0,0.45149,1
0.4412,4.2855,2.5115,11.2908,-3.1245,0.0313,-0.2965,0,0,0,0.00000,1
0.4712,4.9023,2.5262,11.3142,-2.0797,0.0208,-0.3359,0,0,0,0.00000,3
0.4898,4.8280,2.4308,11.7869,1.1319,0.0075,-0.7915,0,0,1,0.16165,3
0.5018,4.6955,2.3541,11.4210,1.4947,0.0261,-0.4765,0,0,0,0.00000,3
0.3758,3.9953,2.7416,13.0319,3.0311,0.0745,-1.6814,1,1,0,1.75140,1
0.4969,5.3244,2.5041,12.1067,-2.0760,0.0212,-1.1494,0,0,1,0.32195,3
0.3942,4.2759,2.7297,12.3529,2.6794,0.0131,-1.0755,0,0,2,0.82794,1
0.4572,5.0397,2.6199,12.1088,2.2263,0.0094,-1.0314,0,0,1,0.54266,0
0.5490,5.6128,2.3435,11.4626,0.8383,0.0483,-0.6130,0,0,0,0.00000,1
0.4386,4.6038,2.6026,12.9634,2.6609,0.0550,-1.8618,0,1,1,1.52193,1
0.3697,3.9501,2.7595,12.7893,2.2300,0.0283,-1.3734,1,1,0,1.43689,1
0.3999,4.0847,2.6477,11.8229,3.0205,0.0964,-0.7609,0,0,0,0.00000,1
0.3963,4.1620,2.6871,11.3320,-2.1063,0.0391,-0.2959,0,0,0,0.00000,3
0.5498,5.4649,2.3144,11.4783,-0.7996,0.0361,-0.6155,0,0,0,0.00000,3
0.4731,4.7594,2.4864,11.4041,1.7566,0.0202,-0.4186,0,0,0,0.00000,3
0.3816,4.0001,2.7133,11.8183,2.1843,0.0456,-0.6580,0,0,2,0.44296,3
0.4763,4.9434,2.5132,12.9308,-2.2586,0.0374,-1.9629,1,1,1,1.35569,1
0.5691,5.7238,2.2833,12.5737,0.6903,0.0303,-1.9167,0,1,1,1.29493,1
0.3632,3.9436,2.7920,12.4027,2.6898,0.0696,-1.1016,0,0,1,1.04752,3
0.4781,4.4051,2.3850,11.4913,-0.9988,0.0751,-0.5711,0,0,0,0.00000,3
0.3985,4.0832,2.6542,11.6562,2.3724,0.0768,-0.5978,0,0,1,0.19071,3
0.5675,5.1662,2.1949,12.0959,-1.2511,0.0225,-1.3224,0,1,0,0.25865,1
0.5464,5.1576,2.2719,11.3486,0.0310,0.0522,-0.4910,0,0,0,0.00000,1
0.5239,5.3200,2.3905,12.1920,2.0403,0.0017,-1.2844,0,1,0,0.58782,1
0.4067,4.0341,2.6013,11.6595,-1.7874,0.0342,-0.5614,0,1,0,0.30463,3
0.5315,5.3517,2.3658,11.3836,1.3849,0.0293,-0.4828,0,0,0,0.00000,3
0.5005,5.0337,2.4297,12.0092,-1.9655,0.0698,-1.1228,0,0,2,0.62735,1
0.4706,4.6903,2.4814,11.9444,-3.1017,0.0214,-0.9212,0,0,1,0.58236,1
0.4467,4.3102,2.4938,11.7174,-2.1446,0.0007,-0.6363,0,1,0,0.45507,3
0.4372,4.7051,2.6338,11.3939,-1.7355,0.0709,-0.4266,0,0,0,0.00000,1
0.5384,5.1141,2.2945,11.5658,-0.4475,0.0430,-0.6985,0,0,0,0.00000,3
0.4143,4.4280,2.6720,12.0071,2.3956,0.0029,-0.8255,0,1,0,0.51054,1
0.4342,4.6615,2.6371,12.5746,-2.5650,0.0071,-1.3925,0,1,1,1.36143,1
0.3734,3.9869,2.7516,12.7905,3.1319,0.0424,-1.4111,0,1,1,1.29322,1
0.4681,5.1395,2.5924,13.1713,1.4189,0.0006,-2.1161,1,1,0,2.01514,1
0.5125,4.9690,2.3680,11.2877,1.9229,0.0197,-0.3522,0,0,0,0.00000,1
0.4786,4.8343,2.4792,11.5304,-2.3229,0.0559,-0.5865,0,0,0,0.00000,1
0.3841,4.1369,2.7409,12.1646,2.1872,0.0625,-0.9606,0,1,0,0.84232,3
0.5073,4.7511,2.3440,11.4196,2.6213,0.0013,-0.4525,0,0,0,0.00000,1
0.4722,4.5263,2.4370,11.4018,1.6384,0.0656,-0.4686,0,0,0,0.00000,3
0.5093,5.1994,2.4268,11.9013,-0.5696,0.0160,-0.9600,0,1,0,0.49223,1
0.4860,4.8120,2.4434,11.9032,0.5083,0.0005,-0.8881,0,0,1,0.31109,3
0.4504,4.9439,2.6294,12.4554,1.9454,0.0118,-1.3433,0,0,0,0.00000,1
0.4476,4.5035,2.5375,12.9134,1.9200,0.0206,-1.7905,0,1,1,1.78390,1
0.5113,5.1449,2.4078,12.4444,2.9173,0.0042,-1.5208,0,0,2,0.99574,1
0.3485,3.8450,2.8403,11.8872,2.7840,0.1878,-0.8232,0,1,1,0.42729,0
0.5367,5.2660,2.3296,12.0183,-0.1345,0.0399,-1.1814,0,0,1,0.23932,1
0.5381,5.4925,2.3655,11.5462,2.5967,0.0264,-0.6585,0,0,0,0.00000,1
0.3309,3.6404,2.8709,12.7132,2.4776,0.0415,-1.1876,1,1,0,1.03139,1
0.3899,4.1906,2.7271,11.8852,-1.7791,0.0361,-0.7150,0,0,1,0.34735,1
0.4525,4.4633,2.5062,12.5556,0.5952,0.0009,-1.4261,0,1,1,0.86493,1
0.5580,5.0696,2.2126,11.2345,0.0946,0.0042,-0.3259,0,0,0,0.00000,1
0.4300,4.5802,2.6368,11.3079,-2.5762,0.0315,-0.3010,0,0,0,0.00000,3
0.3789,3.9156,2.7014,12.7691,-2.9919,0.0595,-1.4428,0,0,1,1.23958,1
0.4703,5.0877,2.5712,11.3417,3.0183,0.0250,-0.3653,0,0,0,0.00000,3
0.5488,5.2289,2.2758,11.3979,1.9879,0.0103,-0.4960,0,0,0,0.00000,1
0.5065,5.5236,2.5024,11.4495,-2.6502,0.0674,-0.5629,0,0,0,0.00000,1
0.3717,4.0615,2.7832,12.2907,-2.2205,0.0338,-0.9883,0,1,0,0.94899,1
0.3974,3.9947,2.6340,11.3908,-2.2974,0.0015,-0.2987,0,0,0,0.00000,1
0.3769,4.1069,2.7693,11.3261,-1.9404,0.0455,-0.2804,0,0,0,0.00000,1
0.5154,5.4875,2.4576,11.3497,-2.8666,0.0144,-0.4122,0,0,0,0.00000,3
0.6526,5.9211,2.0082,11.6712,-0.1882,0.0544,-1.0443,0,0,0,0.00000,1
0.4054,4.3813,2.7031,11.2651,-2.6780,0.0022,-0.2112,0,0,0,0.00000,1
0.4881,4.6685,2.4036,12.0322,-0.1968,0.0317,-1.0618,0,0,1,0.52018,1
0.4071,4.2771,2.6664,11.5160,-1.8371,0.0596,-0.4769,0,0,0,0.00000,1
0.3849,4.0200,2.7027,12.5285,2.3126,0.0443,-1.2374,1,0,0,0.17550,1
0.3788,3.9760,2.7203,12.6295,-2.5256,0.0274,-1.2745,0,1,0,0.19992,1
0.6426,5.9732,2.0499,11.5706,0.2814,0.0154,-0.8470,0,0,0,0.00000,1
0.4765,5.0099,2.5268,12.2822,-2.4078,0.0641,-1.3301,0,1,0,0.74592,1
0.3804,3.9069,2.6914,11.4492,3.1270,0.1139,-0.4543,0,0,0,0.00000,1
0.4611,4.3637,2.4457,12.3994,-2.6869,0.0043,-1.3073,0,0,1,1.05002,1
0.4366,4.2695,2.5279,11.3433,-1.9440,0.0232,-0.3269,0,0,0,0.00000,3
0.4119,4.2714,2.6416,12.5980,-2.1923,0.0233,-1.3588,0,0,1,1.24002,1
0.4400,4.6596,2.6096,12.7006,2.1554,0.0585,-1.6139,1,1,1,1.31612,1
0.4190,4.4929,2.6666,12.7122,1.5976,0.0168,-1.4784,1,1,1,1.40407,1
0.5073,4.8364,2.3618,11.3120,2.5721,0.0070,-0.3551,0,0,0,0.00000,1
0.4498,4.8318,2.6057,11.5231,-2.7502,0.1008,-0.5918,0,0,0,0.00000,1
0.4345,4.6092,2.6227,12.0620,2.4392,0.1319,-1.0941,0,0,1,0.34091,1
0.4304,4.5775,2.6341,12.1691,-2.8704,0.0702,-1.0981,0,1,0,0.51814,1
0.3569,3.7832,2.7742,12.4004,-2.8426,0.0328,-1.0283,0,1,0,1.11449,1
0.4404,4.5649,2.5847,11.6174,2.8553,0.0793,-0.6357,0,0,0,0.00000,1
0.3907,4.0540,2.6836,12.2113,2.7806,0.0609,-1.0145,0,1,0,0.94166,3
0.4676,5.1594,2.5992,11.8942,3.0891,0.0093,-0.8538,0,1,0,0.16491,2
0.4061,4.0426,2.6064,11.9727,1.4231,0.0415,-0.8273,0,1,0,0.62562,1
0.3865,4.2586,2.7643,13.0826,-3.0116,0.0057,-1.6540,1,1,1,1.48777,0
0.4547,4.6643,2.5445,12.9784,-1.5784,0.0151,-1.8775,0,1,0,1.52441,1
0.4363,4.1725,2.5042,12.4434,-2.7114,0.0261,-1.3035,0,1,1,0.84648,1
0.4162,4.1417,2.5865,11.4098,-2.8156,0.0745,-0.4193,0,0,0,0.00000,1
0.3938,4.0814,2.6765,12.2806,2.8131,0.0558,-1.0738,1,1,1,0.82871,1
0.5952,5.8893,2.2103,12.6265,0.3997,0.0210,-2.0661,0,0,1,0.76595,1
0.3749,4.0685,2.7683,12.7067,-2.5867,0.0290,-1.3267,0,0,4,2.14230,1
0.5338,5.5866,2.4000,11.5304,-0.8365,0.0646,-0.6824,0,0,0,0.00000,1
0.4878,4.5296,2.3743,11.3848,0.6246,0.0332,-0.4327,0,0,0,0.00000,3
0.5249,4.7516,2.2762,11.5433,0.4524,0.0375,-0.6451,0,0,0,0.00000,3
0.5170,5.0929,2.3745,11.5866,0.2634,0.0396,-0.6815,0,0,0,0.00000,1
0.4387,4.5625,2.5919,11.3889,-2.3482,0.0588,-0.4098,0,0,0,0.00000,3
0.4488,4.5786,2.5502,12.0591,-2.3390,0.0158,-0.9702,0,1,0,0.45147,3
0.4684,4.7892,2.5133,12.9071,-2.1620,0.0084,-1.8525,1,1,0,1.45983,1
0.4814,4.8152,2.4631,11.5735,2.1734,0.0174,-0.5844,0,0,0,0.00000,3
0.4729,4.3821,2.4011,11.8348,0.5815,0.0119,-0.8071,0,0,1,0.36881,1
0.4834,4.7708,2.4451,11.3213,-1.9889,0.0098,-0.3419,0,0,0,0.00000,3
0.3696,3.9976,2.7749,12.4497,2.5512,0.0361,-1.1107,1,1,0,0.71693,3
0.5237,5.5287,2.4309,11.3248,1.4593,0.0400,-0.4267,0,0,0,0.00000,3
0.5119,5.5218,2.4791,12.6465,1.7476,0.0304,-1.7884,0,0,1,1.14638,1
0.4600,4.4912,2.4806,12.3315,-0.1803,0.0131,-1.2527,0,1,0,1.04988,1
0.4431,4.4186,2.5367,11.4773,0.4456,0.0086,-0.4317,0,0,0,0.00000,1
0.4898,4.4982,2.3592,12.5714,0.4906,0.0044,-1.5761,0,0,1,0.91148,1
0.3785,4.0838,2.7544,12.0448,3.0500,0.0443,-0.8266,0,1,0,0.62818,3
0.5687,5.2271,2.2011,11.5104,1.2988,0.0183,-0.6550,0,0,0,0.00000,1
0.5496,5.6358,2.3450,11.3307,-0.3944,0.0057,-0.4226,0,0,0,0.00000,3
0.3639,3.9449,2.7887,11.4733,-2.6084,0.1438,-0.4868,0,0,0,0.00000,3
0.5099,5.4211,2.4680,11.7529,-1.5633,0.0064,-0.7985,0,1,0,0.31193,3
0.5105,5.0721,2.3968,11.3501,-0.7900,0.0547,-0.4527,0,0,0,0.00000,1
0.4292,4.6250,2.6516,12.5559,2.9663,0.0336,-1.3978,0,1,1,1.14265,1
0.3997,4.0353,2.6348,12.4494,-2.6379,0.0193,-1.1813,0,1,0,1.04548,1
0.4092,4.3675,2.6807,13.1368,-1.6976,0.0182,-1.8295,0,1,1,1.16110,1
0.5148,5.1617,2.3968,12.2095,0.3132,0.0260,-1.3114,0,0,1,0.56932,1
0.3473,3.8200,2.8391,11.2685,-2.9321,0.0544,-0.2245,0,0,0,0.00000,1
0.4935,4.8098,2.4116,11.3112,0.9744,0.0383,-0.3764,0,0,0,0.00000,3
0.6327,6.1319,2.1070,11.6747,-0.3567,0.0776,-1.0424,0,0,0,0.00000,1
0.4116,4.5322,2.7127,12.9464,2.6768,0.0077,-1.6480,0,1,1,1.50824,0
0.4499,4.8355,2.6064,12.2755,1.4771,0.0307,-1.1970,0,1,0,1.12029,1
0.4267,4.1306,2.5356,11.2949,2.1723,0.0401,-0.2962,0,0,0,0.00000,3
0.4289,4.6590,2.6618,12.2802,-2.7557,0.0206,-1.1258,0,0,1,0.76642,3
0.4178,4.2030,2.5957,11.5863,3.1397,0.0006,-0.4783,0,1,0,0.32005,3
0.4870,4.7934,2.4353,11.4720,2.7240,0.0252,-0.5056,0,0,0,0.00000,1
0.4497,4.3968,2.5023,12.0361,1.7555,0.0081,-0.9394,0,1,0,0.47683,1
0.4802,5.1793,2.5468,12.3196,-3.0896,0.0132,-1.3067,0,1,0,0.97030,3
0.4720,5.1879,2.5852,12.6935,-2.4367,0.0550,-1.7246,0,1,0,0.75846,1
0.4773,4.4784,2.4054,11.4237,-1.1778,0.0111,-0.4299,0,0,0,0.00000,3
0.4424,4.2872,2.5066,12.1021,-2.8586,0.0120,-0.9870,0,0,1,0.68628,1
0.6307,6.1709,2.1199,12.3620,0.5584,0.0726,-1.9302,0,1,0,0.72996,1
0.4300,4.1449,2.5247,12.0039,-0.5111,0.0055,-0.8600,0,0,1,0.43626,1
0.4407,4.6661,2.6082,12.4915,-1.7533,0.0357,-1.3797,0,1,0,0.61718,1
0.4050,4.1020,2.6279,11.3011,-1.1807,0.0176,-0.2556,0,0,0,0.00000,1
0.4190,4.4281,2.6495,11.9255,2.7584,0.0278,-0.7989,0,0,1,0.32135,3
0.4872,5.1089,2.5015,11.3454,-0.1858,0.0053,-0.3644,0,0,0,0.00000,1
0.4386,4.6796,2.6210,12.2896,2.8392,0.0478,-1.2012,0,0,1,1.01257,3
0.3947,4.2567,2.7217,11.4591,-2.3530,0.1180,-0.4839,0,0,0,0.00000,3
0.3691,4.0232,2.7852,11.3588,-2.4095,0.0385,-0.2887,0,0,0,0.00000,1
0.4140,4.3792,2.6608,11.9940,-1.9375,0.0392,-0.8608,0,0,1,0.30269,3
0.5418,5.2480,2.3063,11.8728,2.7098,0.0009,-0.9806,0,1,0,0.24168,1
0.3702,4.0720,2.7942,12.0835,2.8213,0.0292,-0.8173,0,1,0,0.77035,1
0.4450,4.7546,2.6095,12.8001,2.2300,0.0181,-1.6656,0,1,0,1.43637,1
0.3820,4.1077,2.7434,12.5477,-3.1383,0.0313,-1.2241,0,1,1,1.22788,1
0.3564,3.8325,2.7931,11.8439,-2.5805,0.1013,-0.6986,0,1,0,0.63148,3
0.3870,3.9660,2.6761,11.2703,-2.7034,0.0521,-0.2552,0,0,0,0.00000,3
0.5823,5.3921,2.1791,12.0277,0.3064,0.0253,-1.2865,0,0,1,0.40607,1
0.4622,4.8829,2.5617,11.4015,2.6503,0.0015,-0.3819,0,0,0,0.00000,3
0.4074,4.3053,2.6726,11.7598,-2.9888,0.0385,-0.6505,0,1,0,0.33204,3
0.3751,3.9921,2.7443,13.1485,2.3881,0.0065,-1.6584,0,0,1,1.97716,1
0.3861,3.9273,2.6695,11.4390,2.7726,0.1255,-0.4667,0,0,0,0.00000,1
0.4561,4.2786,2.4461,12.0804,-2.3657,0.0154,-1.0051,0,1,0,0.32801,1
0.4463,4.3896,2.5153,11.9904,2.3165,0.0423,-0.9359,0,1,0,0.46784,1
0.4527,4.3316,2.4731,11.3958,1.5529,0.0292,-0.3966,0,0,0,0.00000,3
0.4859,5.0157,2.4876,11.5871,1.0666,0.0304,-0.6210,0,0,0,0.00000,1
0.3499,3.7982,2.8176,12.1474,2.6181,0.1985,-1.0407,0,1,0,0.87011,1
0.5525,5.4771,2.3059,11.4274,-1.6201,0.0554,-0.5879,0,0,0,0.00000,1
0.4894,4.6669,2.3978,11.4865,1.9010,0.0519,-0.5545,0,0,0,0.00000,1
0.5088,4.6611,2.3196,11.9546,1.3214,0.0058,-0.9957,0,0,1,0.19193,1
0.4148,4.4903,2.6860,11.3802,1.8514,0.0183,-0.3294,0,0,0,0.00000,1
0.4866,5.3350,2.5512,12.5815,2.1099,0.0516,-1.6566,0,1,1,1.01726,1
0.6343,6.2244,2.1141,11.2762,-0.4121,0.0050,-0.4619,0,0,0,0.00000,1
0.4802,5.2229,2.5560,11.3635,-2.9176,0.0163,-0.3866,0,0,0,0.00000,3
0.5553,5.6684,2.3282,11.3686,2.2018,0.0144,-0.4802,0,0,0,0.00000,1
0.4442,4.5072,2.5532,12.1251,2.7008,0.0437,-1.0576,0,0,1,0.54433,1
0.3455,3.7747,2.8337,12.4486,-2.6905,0.0392,-1.0385,0,0,0,0.00000,1
0.3870,4.1447,2.7288,12.4773,3.0654,0.1035,-1.2882,0,1,0,1.23943,1
0.4631,4.3167,2.4257,11.7254,0.7474,0.0467,-0.7310,0,0,1,0.14835,1
0.4528,4.8913,2.6062,11.2688,3.1355,0.0554,-0.3169,0,0,0,0.00000,3
0.5764,5.4645,2.2127,11.5310,-0.7925,0.1064,-0.8020,0,0,0,0.00000,3
0.4211,4.4778,2.6524,11.8039,-2.7624,0.0968,-0.7867,0,0,1,0.51789,1
0.4059,4.4559,2.7206,13.2192,-2.9597,0.0523,-1.9526,1,1,1,2.02067,1
0.4197,4.2279,2.5937,11.8646,-2.9116,0.0651,-0.7956,0,0,1,0.34999,1
0.3580,3.8374,2.7863,13.2069,-2.4846,0.0322,-1.6724,1,1,1,1.10097,1
0.4278,4.3353,2.5845,11.4515,1.8256,0.0469,-0.4356,0,0,0,0.00000,3
0.5255,4.8871,2.3009,11.3699,-0.3866,0.0532,-0.4880,0,0,0,0.00000,1
0.4157,4.2546,2.6192,11.2554,-2.3076,0.0001,-0.2096,0,0,0,0.00000,1
0.5144,4.7709,2.3203,11.9765,-0.9896,0.0285,-1.0637,0,0,1,0.28806,1
0.4771,4.5308,2.4180,11.4306,-1.1528,0.0441,-0.4755,0,0,0,0.00000,3
0.4680,4.9717,2.5556,11.4752,1.3886,0.0210,-0.4790,0,0,0,0.00000,1
0.3981,4.0624,2.6502,12.3235,-1.4274,0.0310,-1.0870,0,0,1,1.10472,1
0.4064,4.2594,2.6649,11.3252,-2.3890,0.0435,-0.3054,0,0,0,0.00000,3
0.3974,4.1013,2.6643,12.6267,-2.5068,0.0108,-1.3128,0,0,2,1.17687,1
0.4719,4.5539,2.4446,11.4951,-2.4705,0.0332,-0.5156,0,0,0,0.00000,1
0.4929,4.9590,2.4459,11.3191,-0.5209,0.0071,-0.3473,0,0,0,0.00000,3
0.4960,4.9205,2.4250,11.6753,-0.9624,0.0490,-0.7465,0,0,2,0.59833,1
0.5187,5.4829,2.4429,11.4057,-2.7573,0.0079,-0.4644,0,0,0,0.00000,3
0.3821,4.0416,2.7233,12.8923,2.7166,0.0189,-1.4935,0,1,1,1.49529,1
0.4734,4.9381,2.5245,11.5793,2.1272,0.0579,-0.6275,0,0,0,0.00000,3
0.4639,5.0251,2.5861,11.3980,-1.8276,0.0050,-0.3854,0,0,0,0.00000,1
0.5398,5.2202,2.3089,11.5390,-0.3563,0.0494,-0.6807,0,0,0,0.00000,1
0.4013,4.3527,2.7156,12.1924,-2.2479,0.0373,-0.9950,0,0,3,0.90447,3
0.4614,4.3305,2.4365,11.3468,0.0130,0.0318,-0.3660,0,0,0,0.00000,1
0.4369,4.4578,2.5742,11.7904,2.0675,0.0211,-0.7094,0,0,2,0.48228,3
0.4314,4.3841,2.5804,11.2925,-2.1180,0.0237,-0.2804,0,0,0,0.00000,3
0.5845,5.5709,2.2000,11.3485,-1.4478,0.0016,-0.4784,0,0,0,0.00000,1
0.3829,4.0760,2.7294,13.0319,3.0667,0.0301,-1.6358,1,2,3,1.68962,1
0.3357,3.6657,2.8521,11.4155,-2.6682,0.1578,-0.4295,0,0,0,0.00000,3
0.4436,4.7009,2.6031,11.3764,2.9430,0.0535,-0.3987,0,0,0,0.00000,3
0.4276,4.3801,2.5969,11.3822,1.5771,0.0534,-0.3852,0,0,0,0.00000,1
0.4610,4.6678,2.5176,12.9435,2.9910,0.0082,-1.8571,0,0,1,1.57737,1
0.4661,4.9423,2.5576,11.6138,-2.1258,0.0039,-0.5824,0,0,1,0.28303,3
0.4143,4.5656,2.7082,12.6444,2.4014,0.0920,-1.5152,0,1,0,1.53597,0
0.3948,4.1067,2.6787,12.9417,-2.9763,0.0357,-1.6182,0,0,1,1.72158,1
0.4364,4.2247,2.5173,12.8174,0.8858,0.0029,-1.6185,0,0,2,1.32411,1
0.4875,4.8679,2.4491,11.3547,-2.9589,0.0378,-0.4105,0,0,0,0.00000,1
0.4917,4.7764,2.4120,11.2965,-2.2175,0.0197,-0.3388,0,0,0,0.00000,1
0.4450,4.4456,2.5349,12.9356,0.7302,0.0012,-1.7667,0,0,1,1.49518,1
0.4682,4.5535,2.4600,12.7995,0.7616,0.0146,-1.7499,0,1,1,1.28266,1
0.4426,4.3444,2.5204,11.4608,2.0313,0.0425,-0.4569,0,0,0,0.00000,3
0.4016,4.1008,2.6440,11.4357,-1.7222,0.0069,-0.3444,0,0,0,0.00000,1
0.4286,4.2126,2.5488,11.2549,2.9598,0.0018,-0.2217,0,0,0,0.00000,3
0.5540,5.0987,2.2328,11.5191,0.6328,0.0668,-0.7022,0,0,0,0.00000,3
0.5075,4.7448,2.3421,11.4366,1.0605,0.0004,-0.4681,0,0,0,0.00000,3
0.3958,4.1930,2.6983,11.8829,2.5979,0.0862,-0.7891,0,1,0,0.44594,3
0.6092,6.0149,2.1768,12.5633,0.2037,0.0123,-2.0236,0,1,1,1.26034,1
0.4361,4.5358,2.5973,11.8634,2.6920,0.0680,-0.8326,0,1,0,0.15786,1
0.4850,4.5215,2.3838,12.0884,-0.1350,0.0402,-1.1216,0,0,1,0.19567,1
0.4685,4.6132,2.4727,12.8383,-2.8388,0.0108,-1.7847,1,1,1,1.49586,1
0.4465,4.7006,2.5899,12.6740,2.6618,0.0156,-1.5443,1,0,0,0.60000,1
0.4913,5.2283,2.5089,11.3330,2.5733,0.0754,-0.4388,0,0,0,0.00000,1
0.4569,4.8557,2.5790,12.2464,-2.2236,0.0233,-1.1793,0,1,0,0.71622,3
0.5086,5.1426,2.4186,12.4518,1.4990,0.0145,-1.5355,0,1,0,1.11718,1
0.4180,4.1475,2.5800,11.2653,0.4946,0.0056,-0.2253,0,0,0,0.00000,1
0.4658,4.9089,2.5513,11.3707,2.2282,0.0367,-0.3995,0,0,0,0.00000,3
0.4471,4.7574,2.6008,12.8057,-1.7660,0.0276,-1.6949,1,1,1,1.30738,1
0.5301,5.4159,2.3836,11.5614,2.6948,0.0215,-0.6554,0,0,0,0.00000,1
0.4534,4.4392,2.4965,11.4723,-1.6172,0.0375,-0.4751,0,0,0,0.00000,3
0.5426,5.4574,2.3411,11.9203,-0.2453,0.0122,-1.0512,0,0,2,0.44071,3
0.5147,4.8431,2.3339,12.3286,-1.4653,0.0172,-1.4233,0,0,1,0.97872,1
0.4483,4.7110,2.5841,11.6820,2.1904,0.0079,-0.6187,0,1,0,0.25446,3
0.5417,5.1703,2.2924,11.7032,-1.6114,0.0283,-0.8326,0,0,1,0.19278,1
0.4257,4.4767,2.6307,11.4305,-2.8860,0.0469,-0.4158,0,0,0,0.00000,3
0.4120,4.3627,2.6660,11.9849,-2.1016,0.0169,-0.8194,0,1,0,0.30045,1
0.4666,4.3108,2.4099,12.3939,-0.6467,0.0070,-1.3228,0,1,0,1.11464,1
0.5268,5.1518,2.3470,12.0924,-0.1961,0.0031,-1.1849,0,0,1,0.68871,1
0.4235,4.6007,2.6729,12.4372,-2.0883,0.0171,-1.2455,0,1,0,1.27428,1
0.4121,4.3800,2.6699,11.9964,1.7971,0.0037,-0.8122,0,1,0,0.60340,1
0.4284,4.1406,2.5310,11.3888,-1.9742,0.0619,-0.4010,0,0,0,0.00000,3
0.6173,5.9808,2.1419,12.3121,1.4002,0.0219,-1.7400,0,0,1,0.77514,1
0.4732,4.5563,2.4397,12.2663,-2.7320,0.0017,-1.2115,0,1,0,0.50441,1
0.4648,4.9148,2.5574,11.3021,0.5583,0.0060,-0.3016,0,0,0,0.00000,1
0.3763,3.9033,2.7112,11.3245,3.0240,0.0854,-0.3235,0,0,0,0.00000,3
0.4811,4.8376,2.4693,11.3952,-2.0074,0.0130,-0.4118,0,0,0,0.00000,3
0.4934,4.9146,2.4345,11.4514,1.0169,0.0054,-0.4712,0,0,0,0.00000,3
0.4181,4.2449,2.6056,11.3691,1.5955,0.0239,-0.3298,0,0,0,0.00000,1
0.4305,4.6115,2.6422,11.5388,1.9320,0.0268,-0.4897,0,0,1,0.17618,1
0.4214,4.1475,2.5643,12.8595,1.4491,0.0045,-1.6003,2,2,2,1.85966,1
0.4229,4.5775,2.6699,12.1057,-2.8273,0.1290,-1.1002,0,0,3,1.14097,1
0.3619,3.8106,2.7567,12.2976,3.0738,0.0332,-0.9647,0,1,0,1.00185,3
0.4739,4.6166,2.4507,11.3656,-2.2317,0.0114,-0.3736,0,0,0,0.00000,3
0.4627,4.8423,2.5504,11.5055,-1.5562,0.0287,-0.5080,0,0,0,0.00000,1
0.4035,4.2402,2.6738,12.0670,-2.4325,0.0603,-0.9258,0,0,1,0.30649,3
0.6030,5.6042,2.1379,11.5280,-0.3760,0.1320,-0.8749,0,0,0,0.00000,1
0.4197,4.6010,2.6911,11.9598,3.0727,0.0120,-0.8099,0,1,0,0.38544,1
0.3889,4.2864,2.7596,12.4500,1.9822,0.0458,-1.1870,0,1,0,1.17543,0
0.4852,4.8559,2.4559,12.1741,1.6285,0.0216,-1.1842,0,1,0,0.46940,1
0.5270,5.5292,2.4171,11.3587,0.9009,0.0309,-0.4544,0,0,0,0.00000,1
0.4191,4.3235,2.6216,11.6849,2.7645,0.0899,-0.6720,0,1,0,0.26307,1
0.4650,4.7272,2.5137,11.3131,-0.9421,0.0040,-0.3087,0,0,0,0.00000,1
0.3913,4.1369,2.7046,11.6538,-2.1223,0.0190,-0.5145,0,1,0,0.19370,1
0.4867,4.6285,2.4004,11.7985,-2.5117,0.0151,-0.8053,0,0,1,0.46601,1
0.3758,4.0215,2.7494,12.5705,-2.7671,0.0449,-1.2421,0,1,0,1.19084,1
0.3866,4.2355,2.7569,11.4007,2.7934,0.0788,-0.3838,0,0,0,0.00000,3
0.4537,4.9710,2.6202,11.4863,-1.4833,0.0547,-0.5098,0,0,0,0.00000,1
0.4530,4.5402,2.5226,11.4420,1.4903,0.0085,-0.4137,0,0,0,0.00000,3
0.4785,5.0636,2.5297,11.3387,-1.9749,0.0452,-0.3946,0,0,0,0.00000,3
0.3624,3.9205,2.7888,11.4727,-3.0490,0.0296,-0.3525,0,0,0,0.00000,1
0.5134,5.2832,2.4265,11.4492,2.3870,0.0436,-0.5428,0,0,0,0.00000,1
0.4896,4.5834,2.3788,11.4149,0.2689,0.0341,-0.4645,0,0,0,0.00000,1
0.3593,3.7963,2.7660,11.6124,-2.7117,0.0381,-0.4578,0,1,0,0.39155,3
0.4786,4.6000,2.4274,11.4938,2.1246,0.0027,-0.4868,0,0,0,0.00000,3
0.4389,4.3235,2.5313,11.4260,2.5608,0.0531,-0.4348,0,0,0,0.00000,1
0.4187,4.5257,2.6763,12.8486,-1.9565,0.0174,-1.6036,1,2,0,1.37588,1
0.4060,4.4486,2.7181,11.4553,3.0798,0.0060,-0.3649,0,0,0,0.00000,1
0.4578,4.4645,2.4834,11.4554,-1.1292,0.0409,-0.4699,0,0,0,0.00000,1
0.4613,4.6052,2.5019,11.5210,-2.2628,0.0621,-0.5596,0,0,0,0.00000,1
0.5459,5.3472,2.3082,11.4217,2.2144,0.0187,-0.5282,0,0,0,0.00000,1
0.4788,4.4319,2.3886,11.3321,1.8646,0.0151,-0.3518,0,0,0,0.00000,1
0.4251,4.2179,2.5660,11.3333,-2.4955,0.0038,-0.2845,0,0,0,0.00000,3
0.4004,4.2579,2.6936,11.4846,2.5568,0.0356,-0.4151,0,0,0,0.00000,3
0.4252,4.6046,2.6655,11.2913,-2.9691,0.0363,-0.2884,0,0,0,0.00000,3
0.4303,4.6686,2.6573,12.4562,1.5442,0.0454,-1.3266,1,1,0,1.00257,1
0.4281,4.5652,2.6416,12.5538,2.1311,0.0220,-1.3744,0,1,1,1.21363,1
0.3700,4.0380,2.7850,11.3290,-2.4222,0.0316,-0.2604,0,0,0,0.00000,1
0.3979,4.0807,2.6561,12.8029,2.5228,0.0633,-1.5535,0,1,0,1.66057,1
0.4631,4.4755,2.4636,11.2638,-2.5676,0.0172,-0.2777,0,0,0,0.00000,1
0.4100,4.1769,2.6249,12.7022,-2.5068,0.0264,-1.4498,0,0,1,1.32108,1
0.5824,5.8908,2.2592,11.6375,1.1788,0.0638,-0.8832,0,0,0,0.00000,3
0.4308,4.4694,2.6048,11.9783,-1.7354,0.0296,-0.8732,0,1,0,0.74515,3
0.4747,4.6718,2.4596,12.4861,-1.7997,0.0378,-1.4917,0,0,1,1.26401,1
0.6251,6.0259,2.1199,11.6567,-0.8938,0.0932,-1.0248,0,0,0,0.00000,3
0.4947,4.5196,2.3447,11.3671,0.6229,0.0200,-0.4082,0,0,0,0.00000,3
0.3582,3.8037,2.7742,12.3152,-2.3778,0.0470,-0.9869,0,1,1,0.78825,3
0.6100,5.7384,2.1328,11.3633,-0.2272,0.0383,-0.5730,0,0,0,0.00000,3
0.5017,5.1789,2.4546,11.5418,-1.4856,0.0018,-0.5669,0,0,0,0.00000,3
0.4002,4.2289,2.6865,11.4731,-2.8635,0.0674,-0.4430,0,0,0,0.00000,3
0.5038,4.5799,2.3219,11.5144,1.2588,0.0120,-0.5525,0,0,0,0.00000,1
0.3756,4.0803,2.7685,11.3215,1.9692,0.0866,-0.3220,0,0,0,0.00000,1
0.4048,4.3105,2.6865,11.3085,-2.6280,0.0339,-0.2799,0,0,0,0.00000,3
0.4785,4.5057,2.4066,12.4513,1.0854,0.0167,-1.4344,0,0,2,1.10817,1
0.6110,6.0844,2.1806,12.0152,0.5030,0.0603,-1.4000,0,0,1,0.61722,1
0.4697,4.8082,2.5117,11.5331,-2.7832,0.0613,-0.5825,0,0,0,0.00000,1
0.5449,5.5460,2.3479,11.3822,2.2129,0.0391,-0.5105,0,0,0,0.00000,1
0.5321,5.3275,2.3589,11.2498,2.2550,0.0138,-0.3287,0,0,0,0.00000,1
0.3552,3.9045,2.8226,12.9000,2.8971,0.0615,-1.4585,0,2,1,1.64980,1
0.4163,4.1472,2.5877,11.2333,1.4002,0.0099,-0.2033,0,0,0,0.00000,1
0.4755,4.3695,2.3874,11.2474,-1.0632,0.0066,-0.2617,0,0,0,0.00000,3
0.4432,4.7316,2.6124,12.3566,-2.5941,0.0705,-1.3107,0,1,0,0.76776,1
0.4349,4.1680,2.5094,11.3819,-1.1789,0.0185,-0.3518,0,0,0,0.00000,3
0.3509,3.7849,2.8075,12.6038,2.7328,0.0602,-1.2052,0,1,0,0.83330,1
0.4222,4.2126,2.5778,11.3079,-1.6384,0.0149,-0.2739,0,0,0,0.00000,3
0.3959,4.3106,2.7309,12.5187,2.8844,0.0431,-1.2643,1,1,0,0.43371,1
0.5584,5.6534,2.3132,11.5843,-0.6248,0.0637,-0.7796,0,0,0,0.00000,1
0.4295,4.5088,2.6208,12.7748,-2.5328,0.0443,-1.6217,0,1,1,1.13549,1
0.5162,4.7525,2.3099,11.6006,-1.3586,0.0434,-0.6975,0,0,0,0.00000,1
0.6246,6.0393,2.1239,11.6124,-0.2927,0.0038,-0.8531,0,0,0,0.00000,1
0.4949,5.3636,2.5208,12.0678,-1.4338,0.0118,-1.0918,0,1,0,0.66935,1
0.3883,4.0734,2.7014,13.1720,2.6143,0.0267,-1.7778,0,0,1,1.84258,1
0.4759,4.4673,2.4085,11.5093,2.2247,0.0167,-0.5137,0,0,0,0.00000,1
0.3935,4.2600,2.7289,12.9862,-2.9392,0.0845,-1.7348,0,0,1,1.80350,1
0.3780,4.0608,2.7502,12.1028,-2.8247,0.1378,-0.9956,0,1,0,0.46702,1
0.3624,3.9850,2.8092,11.4333,2.4068,0.0494,-0.3474,0,0,0,0.00000,1
0.5253,5.2659,2.3748,11.2711,-1.4286,0.0056,-0.3336,0,0,0,0.00000,3
0.5268,5.4517,2.4037,12.2366,-0.7862,0.0017,-1.3421,0,0,1,0.69813,1
0.5863,5.8318,2.2351,11.3713,-2.3725,0.0036,-0.5100,0,0,0,0.00000,1
0.4673,4.4649,2.4435,11.4520,-1.1119,0.0421,-0.4804,0,0,0,0.00000,3
0.4141,4.5680,2.7098,12.0912,-2.2840,0.0956,-1.0200,0,0,1,0.46490,2
0.4396,4.8270,2.6520,11.4761,2.8716,0.1013,-0.5366,0,0,0,0.00000,3
0.4561,4.5950,2.5220,11.6515,-2.5443,0.0253,-0.6254,0,1,0,0.22618,3
0.4976,4.6556,2.3623,12.0436,1.6245,0.0330,-1.0984,0,0,1,0.50733,1
0.3793,4.0955,2.7534,11.5334,2.6492,0.0170,-0.4034,0,1,0,0.16762,1
0.5907,5.3421,2.1406,11.5529,0.9951,0.0291,-0.7518,0,0,0,0.00000,1
0.4511,4.4897,2.5186,11.8845,2.5841,0.0529,-0.8635,0,1,0,0.66072,1
0.4922,4.7798,2.4107,12.0050,0.2055,0.0229,-1.0331,0,0,1,0.42045,1
0.4313,4.7080,2.6625,11.4689,-1.7564,0.0626,-0.4739,0,0,0,0.00000,1
0.4283,4.4395,2.6088,11.2646,-2.7563,0.0047,-0.2332,0,0,0,0.00000,3
0.4172,4.3740,2.6439,11.8536,-2.6114,0.0385,-0.7476,0,0,1,0.50776,3
0.5144,5.2161,2.4091,11.4543,2.8795,0.0011,-0.4979,0,0,0,0.00000,3
0.3810,4.0330,2.7263,12.6590,-2.6342,0.0174,-1.2914,0,1,0,1.15990,1
0.5359,5.4002,2.3574,11.5511,0.9289,0.0776,-0.7231,0,0,0,0.00000,1
0.5505,5.6853,2.3502,12.0617,-2.0592,0.0586,-1.2938,0,1,0,0.54713,1
0.4274,4.2862,2.5734,11.7001,3.1078,0.0363,-0.6326,0,0,1,0.26406,1
0.4807,5.2587,2.5613,11.4385,1.9451,0.0039,-0.4424,0,0,0,0.00000,1
0.5278,5.3997,2.3900,11.6320,-1.6017,0.0161,-0.7183,0,0,0,0.00000,3
0.4544,4.9706,2.6169,13.0600,2.4865,0.0616,-2.0430,0,1,1,1.07485,1
0.5359,5.0493,2.2920,11.8309,0.6925,0.0601,-1.0005,0,1,0,0.29285,1
0.4208,4.5776,2.6799,12.3462,-2.4586,0.0604,-1.2173,1,1,0,0.99599,3
0.3728,3.8560,2.7144,12.0987,2.9705,0.0009,-0.7970,0,0,1,0.64560,1
0.3672,4.0485,2.8032,12.5349,3.1003,0.0568,-1.2011,0,1,0,1.35071,2
0.5482,5.3960,2.3081,11.6920,-0.5988,0.0417,-0.8511,0,0,0,0.00000,1
0.3806,3.9334,2.6985,12.3206,2.6950,0.0673,-1.0851,0,1,0,0.94874,1
0.5871,5.3616,2.1567,11.4271,-1.0522,0.0808,-0.6664,0,0,0,0.00000,1
0.5671,5.3903,2.2351,11.8319,1.5764,0.0107,-1.0035,0,1,0,0.42017,1
0.4736,4.7693,2.4861,11.2597,2.8112,0.0313,-0.3006,0,0,0,0.00000,1
0.5482,5.4720,2.3217,11.5079,-0.6262,0.0186,-0.6235,0,0,0,0.00000,3
0.4396,4.2714,2.5152,11.6154,-2.7921,0.0309,-0.5726,0,1,0,0.14201,1
0.3341,3.6814,2.8668,12.2371,-2.4240,0.0580,-0.8770,0,1,0,0.28836,0
0.4789,5.0473,2.5244,11.5084,2.5181,0.0349,-0.5415,0,0,0,0.00000,3
0.4012,4.3653,2.7197,11.9482,-1.8958,0.0199,-0.7691,0,1,0,0.25817,1
0.4595,4.9260,2.5836,13.1956,-2.5220,0.0526,-2.1949,0,1,1,1.86665,1
0.5250,4.9603,2.3169,11.3681,0.5511,0.0158,-0.4414,0,0,0,0.00000,3
0.5528,5.7315,2.3488,12.8132,0.4396,0.0067,-2.1056,0,0,1,1.47806,1
0.4060,4.0565,2.6106,11.8270,-1.0080,0.0035,-0.6579,0,1,0,0.24880,1
0.6237,5.7117,2.0800,11.3296,0.3639,0.0094,-0.5151,0,0,0,0.00000,1
0.4689,4.5090,2.4471,11.5611,0.6920,0.0220,-0.5582,0,0,0,0.00000,1
0.3648,4.0065,2.8030,11.6697,3.0266,0.1615,-0.6560,0,1,0,0.40910,1
0.3349,3.6743,2.8594,12.5047,3.0614,0.0753,-1.0982,1,1,1,1.00560,3
0.5232,5.3715,2.4033,12.0108,0.1235,0.0076,-1.0967,0,0,1,0.54751,1
0.5084,4.6046,2.3094,11.4030,-0.1562,0.0120,-0.4497,0,0,0,0.00000,3
0.3983,4.2805,2.7106,11.4125,-3.0710,0.0232,-0.3420,0,0,0,0.00000,3
0.3922,3.9740,2.6531,11.2843,-2.2748,0.0471,-0.2646,0,0,0,0.00000,3
0.3786,4.1421,2.7712,12.0845,-2.8494,0.0723,-0.8952,0,0,3,1.04338,3
0.4568,4.9012,2.5900,12.8313,-2.8157,0.0160,-1.7413,0,1,1,1.72972,1
0.5477,5.5433,2.3361,11.4797,-1.2206,0.0028,-0.5739,0,0,0,0.00000,3
0.4624,4.4554,2.4617,11.6080,1.5334,0.0554,-0.6326,0,0,0,0.00000,3
0.3677,3.8996,2.7543,12.3191,2.5605,0.0203,-0.9800,0,0,1,1.15287,1
0.4200,4.2100,2.5873,11.3206,2.4571,0.0162,-0.2835,0,0,0,0.00000,3
0.3601,3.9053,2.7963,11.9044,-3.0298,0.1890,-0.8623,0,1,0,0.17352,1
0.4760,5.0566,2.5391,12.0511,-1.5793,0.0249,-1.0440,0,0,1,0.66155,1
0.5927,5.9162,2.2238,11.5559,0.3781,0.0577,-0.7984,0,0,0,0.00000,1
0.4950,5.1892,2.4847,11.9648,-1.5781,0.0053,-0.9783,0,0,2,0.36792,3
0.5166,5.5083,2.4567,11.8401,-3.0628,0.0462,-0.9534,0,1,0,0.35033,1
0.5845,5.6352,2.2105,11.6957,0.7517,0.0389,-0.9213,0,0,1,0.28886,3
0.4852,5.0997,2.5082,12.4964,2.3539,0.0457,-1.5520,0,0,1,1.28974,1
0.4997,4.6935,2.3622,11.4236,-0.4048,0.0274,-0.4778,0,0,0,0.00000,3
0.4527,4.5216,2.5192,12.1206,-2.2728,0.0081,-1.0259,0,0,1,0.61845,1
0.5147,5.1412,2.3935,11.5419,1.8358,0.0406,-0.6339,0,0,0,0.00000,3
0.4789,4.9776,2.5092,11.7531,-1.2092,0.0103,-0.7426,0,0,1,0.23759,1
0.5702,5.3209,2.2116,11.5410,-1.4158,0.0099,-0.6813,0,0,0,0.00000,1
0.3464,3.7987,2.8367,12.4475,-2.6129,0.1159,-1.1502,0,1,0,1.15660,3
0.4635,4.3196,2.4251,11.8446,-2.2761,0.0218,-0.8102,0,0,1,0.48248,1
0.5252,4.8300,2.2907,12.2161,-1.3312,0.0118,-1.3236,0,0,1,0.71968,1
0.5225,4.7637,2.2877,11.3176,-0.2497,0.0116,-0.3819,0,0,0,0.00000,3
0.5215,5.1744,2.3722,11.3019,-1.5752,0.0634,-0.4277,0,0,0,0.00000,3
0.3598,3.9147,2.8012,11.3071,-2.3785,0.0256,-0.2291,0,0,0,0.00000,1
0.5522,5.8013,2.3631,11.5508,1.7943,0.0353,-0.6981,0,0,0,0.00000,3
0.4377,4.5206,2.5862,11.7847,-2.8450,0.0636,-0.7599,0,0,1,0.37037,1
0.4726,4.8952,2.5186,12.0335,-1.9096,0.0185,-1.0090,0,1,0,0.76100,3
0.5236,5.2037,2.3694,11.2451,0.6357,0.0316,-0.3359,0,0,0,0.00000,1
0.3634,3.9387,2.7895,11.8088,2.7536,0.1413,-0.7351,0,1,0,0.53610,3
0.4301,4.6852,2.6623,11.5033,3.1373,0.0495,-0.4861,0,0,0,0.00000,3
0.5109,5.1934,2.4191,12.2888,-2.7175,0.0066,-1.3567,0,1,0,0.36010,1
0.4369,4.5022,2.5853,11.7560,1.1979,0.0022,-0.6557,0,1,0,0.36989,1
0.4853,5.0503,2.4972,12.9949,2.4569,0.0310,-2.0613,0,1,2,1.70230,1
0.4065,4.3783,2.6967,11.8808,-2.7749,0.0516,-0.7654,0,0,1,0.51017,3
0.5484,4.9911,2.2340,11.5551,1.1758,0.0315,-0.6877,0,0,0,0.00000,1
0.4108,4.0975,2.5994,11.5772,-2.4669,0.0616,-0.5342,0,1,0,0.19890,1
0.4650,4.7983,2.5300,11.2788,-2.3003,0.0054,-0.2801,0,0,0,0.00000,3
0.4357,4.3643,2.5560,11.3114,2.0785,0.0770,-0.3611,0,0,0,0.00000,3
0.5073,5.1652,2.4283,11.4247,2.4476,0.0472,-0.5141,0,0,0,0.00000,1
0.4080,4.4982,2.7218,12.7389,-3.0459,0.0617,-1.5311,0,1,0,1.37758,0
0.5495,5.0007,2.2316,11.6186,-0.5269,0.1355,-0.8917,0,0,0,0.00000,1
0.4416,4.5573,2.5774,12.0416,1.9499,0.0287,-0.9542,0,0,1,0.40518,3
0.4857,5.1194,2.5101,12.6403,2.8336,0.0155,-1.6578,0,0,1,1.07808,1
0.3849,3.9618,2.6855,11.3612,2.6999,0.0240,-0.2893,0,0,0,0.00000,3
0.3774,3.9218,2.7109,11.6308,-2.6668,0.1753,-0.6638,0,0,0,0.00000,1
0.3601,3.7852,2.7580,11.4022,-2.8950,0.0339,-0.3049,0,0,0,0.00000,3
0.3783,4.1097,2.7630,11.7467,-1.9299,0.0352,-0.5842,0,1,0,0.46588,1
0.3725,4.1127,2.7942,12.8356,2.5959,0.0217,-1.4121,0,1,0,1.59761,0
0.4087,4.2087,2.6401,12.2493,2.7355,0.0622,-1.0984,0,1,0,0.73937,1
0.3727,3.9681,2.7496,12.8035,-2.7468,0.0453,-1.4239,0,1,0,1.50377,1
0.5044,5.1168,2.4305,11.4586,-0.6488,0.0025,-0.4901,0,0,0,0.00000,3
0.5539,5.6088,2.3234,11.4265,2.2672,0.0240,-0.5515,0,0,0,0.00000,1
0.5117,5.2544,2.4281,11.5333,0.1280,0.0118,-0.5860,0,0,0,0.00000,1
0.6083,5.9915,2.1767,11.6360,-0.2081,0.0413,-0.9004,0,0,0,0.00000,3
0.4609,5.0085,2.5957,11.5899,2.4420,0.1470,-0.7260,0,0,0,0.00000,1
0.4965,4.8758,2.4134,11.5378,-0.9120,0.0065,-0.5597,0,0,0,0.00000,3
0.3463,3.7558,2.8234,11.3978,2.9645,0.0482,-0.3039,0,0,0,0.00000,1
0.5590,5.3446,2.2578,11.5551,0.5690,0.0866,-0.7756,0,0,0,0.00000,1
0.3402,3.7367,2.8508,13.1877,-3.0822,0.0976,-1.6880,0,1,1,2.04135,1
0.4594,4.5124,2.4883,11.5692,-3.0318,0.0384,-0.5716,0,0,0,0.00000,1
0.4573,5.0218,2.6153,11.3724,-2.7917,0.0696,-0.4298,0,0,0,0.00000,3
0.3875,4.1347,2.7232,11.3809,-1.8869,0.0329,-0.3171,0,0,0,0.00000,1
0.4741,4.8950,2.5122,12.2950,2.3481,0.0378,-1.2974,0,0,2,0.57323,1
0.4266,4.7065,2.6847,13.0006,2.7629,0.0762,-1.8804,0,1,1,1.44402,0
0.3451,3.7081,2.8139,12.2640,-2.4624,0.1063,-0.9930,1,1,0,0.78649,3
0.4723,4.9157,2.5246,12.3236,-1.8182,0.0470,-1.3342,0,1,0,0.86516,1
0.4142,4.3048,2.6398,12.8628,-2.3923,0.0614,-1.6713,0,0,0,0.00000,1
0.5474,5.1237,2.2621,11.3097,-0.4184,0.0075,-0.3978,0,0,0,0.00000,3
0.5036,5.0507,2.4207,11.3822,0.1978,0.0116,-0.4252,0,0,0,0.00000,1
0.4888,4.5453,2.3734,11.4461,-1.8231,0.0493,-0.5115,0,0,0,0.00000,1
0.4800,4.7138,2.4468,11.4610,-0.3667,0.0068,-0.4637,0,0,0,0.00000,3
0.3644,3.9567,2.7899,12.9674,-3.0654,0.0878,-1.5968,0,1,0,1.80872,1
0.4780,5.1298,2.5459,11.3312,-0.9239,0.0068,-0.3431,0,0,0,0.00000,1
0.4011,4.0974,2.6453,11.7379,1.9061,0.0073,-0.5823,1,0,1,0.50164,1
0.4541,4.2876,2.4565,12.1388,0.8028,0.0436,-1.0951,0,0,1,0.55220,1
0.4699,4.4302,2.4247,11.2792,-2.5311,0.0226,-0.3037,0,0,0,0.00000,1
0.3639,3.8592,2.7618,12.2012,-1.8806,0.0380,-0.9029,0,1,0,0.49192,1
0.4241,4.5465,2.6560,11.6524,-1.8901,0.0396,-0.5914,0,0,1,0.24819,1
0.5057,4.7123,2.3422,11.4454,3.0377,0.0023,-0.4766,0,0,0,0.00000,1
0.5081,4.9126,2.3743,12.0284,-1.7645,0.0091,-1.0769,0,0,1,0.47736,1
0.4348,4.4971,2.5935,12.2727,-2.9032,0.0084,-1.1180,0,1,0,0.94185,1
0.5448,5.1619,2.2789,12.3848,1.8033,0.0044,-1.5626,0,1,0,1.01299,1
0.5103,5.4538,2.4726,11.4888,-2.9893,0.0165,-0.5463,0,0,0,0.00000,3
0.4575,4.2940,2.4438,11.4973,-0.1811,0.0147,-0.4748,0,0,0,0.00000,1
0.4972,5.3539,2.5087,12.2438,-3.0845,0.0596,-1.3462,0,0,1,0.67224,1
0.5074,5.2670,2.4481,11.3937,0.3525,0.0157,-0.4469,0,0,0,0.00000,1
0.4240,4.2718,2.5854,12.3414,1.9153,0.0102,-1.1494,0,0,1,0.94777,1
0.5109,4.7872,2.3372,11.4834,0.1268,0.0117,-0.5328,0,0,0,0.00000,3
0.4546,4.7738,2.5706,12.3583,-2.8809,0.0043,-1.2515,0,0,1,0.82463,1
0.4098,4.4733,2.7058,12.1010,-3.0927,0.0303,-0.9307,0,0,1,0.65961,3
0.3596,3.8755,2.7898,12.0051,2.5158,0.0570,-0.7692,0,1,0,0.31859,3
0.3885,4.2777,2.7595,11.7475,1.8536,0.0836,-0.6621,0,1,0,0.31267,0
0.4104,4.0821,2.5969,11.4099,-1.9057,0.0074,-0.3346,0,0,0,0.00000,3
0.4344,4.3481,2.5576,11.4341,2.5753,0.0370,-0.4174,0,0,0,0.00000,3
0.4475,4.5174,2.5410,11.4367,-2.8900,0.0574,-0.4601,0,0,0,0.00000,1
0.5138,4.8939,2.3477,11.3812,-1.4264,0.0399,-0.4694,0,0,0,0.00000,3
0.4809,5.0077,2.5073,11.3229,1.1876,0.0091,-0.3407,0,0,0,0.00000,1
0.6510,6.2670,2.0590,11.7020,-0.7522,0.0483,-1.0759,0,0,1,0.26874,3
0.3892,4.0682,2.6954,11.6539,2.5093,0.0751,-0.5790,0,1,0,0.33344,3
0.4636,4.7843,2.5331,12.4023,1.1459,0.0045,-1.3219,1,1,0,0.80670,1
0.4661,4.7540,2.5152,11.3781,2.2794,0.0190,-0.3855,0,0,0,0.00000,3
0.3655,3.8334,2.7451,12.2622,2.9488,0.0142,-0.9212,0,1,0,0.75474,1
0.4725,4.4788,2.4251,11.2788,-0.0053,0.0185,-0.3012,0,0,0,0.00000,1
0.4511,4.7332,2.5768,11.3049,1.3683,0.0703,-0.3638,0,0,0,0.00000,1
0.3763,3.8936,2.7082,11.5013,3.1018,0.0449,-0.4079,0,0,0,0.00000,3
0.4207,4.1207,2.5601,11.6451,2.7693,0.0432,-0.5831,0,0,1,0.21249,1
0.4875,4.5491,2.3798,11.5654,1.6923,0.0007,-0.5639,0,0,0,0.00000,3
0.5054,4.9370,2.3899,11.9299,-0.3449,0.0159,-0.9788,0,0,0,0.00000,1
0.4601,4.3767,2.4527,11.7117,2.7888,0.0097,-0.6662,0,0,1,0.39557,1
0.3441,3.7094,2.8200,11.5764,2.4153,0.1115,-0.4976,0,1,0,0.24551,3
0.5188,5.5188,2.4492,11.5477,-3.1020,0.0419,-0.6494,0,0,0,0.00000,1
0.4981,5.4937,2.5328,11.9160,-2.1314,0.0344,-0.9761,0,0,1,0.39627,2
0.4556,4.5462,2.5126,11.3114,1.9514,0.0468,-0.3466,0,0,0,0.00000,3
0.4692,4.6332,2.4742,11.3049,-2.0561,0.0322,-0.3379,0,0,0,0.00000,3
0.4974,4.6653,2.3653,11.9299,-0.6762,0.0156,-0.9585,0,1,0,0.41052,1
0.4268,4.3669,2.5971,12.2250,-2.2824,0.0636,-1.1298,0,0,1,0.38470,1
0.4037,4.0486,2.6192,11.3968,-2.5227,0.0081,-0.3178,0,0,0,0.00000,3
0.4726,5.0914,2.5617,12.9712,1.3338,0.0231,-1.9654,0,1,2,1.22966,1
0.3955,4.0506,2.6591,11.4503,2.7536,0.0821,-0.4363,0,0,0,0.00000,1
0.4104,4.2524,2.6436,12.3426,3.1036,0.0767,-1.2063,1,1,0,0.42777,1
0.4087,4.4423,2.7031,11.4442,-3.1031,0.0286,-0.3854,0,0,0,0.00000,3
0.4646,5.0092,2.5793,13.2731,-2.5599,0.0034,-2.2100,0,0,3,1.33304,1
0.3674,3.9381,2.7677,13.0520,2.8095,0.0432,-1.6067,0,1,0,1.36314,1
0.5435,5.1461,2.2809,11.4334,-1.2583,0.0300,-0.5501,0,0,0,0.00000,3
0.4449,4.7313,2.6047,12.3368,-1.8283,0.0209,-1.2256,1,0,2,0.91315,1
0.3311,3.6445,2.8713,13.3746,2.3392,0.0293,-1.6677,0,1,0,0.25222,0
0.4505,4.4200,2.5043,11.4608,-1.0658,0.0717,-0.5020,0,0,0,0.00000,1
0.4283,4.3127,2.5761,11.3776,2.7041,0.0853,-0.4191,0,0,0,0.00000,1
0.4600,4.8911,2.5732,11.4972,-2.9402,0.0700,-0.5463,0,0,0,0.00000,1
0.5462,4.9877,2.2415,12.1764,0.7740,0.0131,-1.3416,0,0,0,0.00000,1
0.4768,4.8438,2.4889,11.4391,-1.0242,0.0327,-0.4707,0,0,0,0.00000,1
0.3956,4.1968,2.7006,13.1488,2.9655,0.0234,-1.7856,0,1,1,2.08139,1
0.4308,4.4288,2.5945,11.9178,1.7092,0.0234,-0.8116,0,1,0,0.76408,3
0.4523,4.9277,2.6166,11.3329,2.8620,0.0832,-0.4047,0,0,0,0.00000,3
0.5312,4.9876,2.2984,12.3269,-0.5625,0.0171,-1.4728,0,0,1,0.91202,1
0.4226,4.5284,2.6586,13.2366,-2.7738,0.0049,-1.9640,0,0,1,1.58183,1
0.4462,4.4048,2.5196,11.3016,1.8000,0.0830,-0.3701,0,0,0,0.00000,3
0.5233,5.4900,2.4253,11.3071,0.8481,0.0026,-0.3649,0,0,0,0.00000,3
0.3599,3.8781,2.7887,12.7884,-3.0303,0.1060,-1.4581,0,1,1,1.25346,1
0.3697,3.9311,2.7537,11.3278,2.3620,0.0254,-0.2521,0,0,0,0.00000,1
0.4484,4.7073,2.5828,12.1632,-2.9834,0.0068,-1.0539,0,0,1,0.50346,3
0.4970,5.4008,2.5192,12.8596,-2.9708,0.0127,-1.9347,0,0,2,0.78413,1
0.5338,4.9702,2.2849,11.5246,1.5226,0.0455,-0.6503,0,0,0,0.00000,1
0.4037,4.4358,2.7263,11.3843,-1.9850,0.0250,-0.3283,0,0,0,0.00000,1
0.3631,3.9534,2.7953,12.0621,-2.6045,0.0476,-0.8081,0,1,0,0.75641,3
0.4206,4.3063,2.6101,11.3174,0.9457,0.0094,-0.2741,0,0,0,0.00000,1
0.4960,4.6377,2.3651,11.3192,2.9418,0.0027,-0.3442,0,0,0,0.00000,1
0.5727,5.3331,2.2045,11.6490,-0.3030,0.0244,-0.8250,0,0,0,0.00000,3
0.4365,4.8102,2.6626,12.1177,2.2068,0.0025,-0.9765,0,1,0,0.78394,0
0.4770,4.9303,2.5073,11.6869,0.8873,0.0312,-0.7021,0,0,1,0.13883,1
0.4652,4.9297,2.5588,12.2339,-2.9199,0.0680,-1.2540,0,1,0,0.59972,1
0.4270,4.1911,2.5505,11.4803,2.6975,0.0465,-0.4580,0,0,0,0.00000,1
0.4661,4.9152,2.5517,12.3543,-2.8893,0.0547,-1.3570,0,1,0,1.00323,1
0.4682,4.6974,2.4933,12.4250,-1.9622,0.0053,-1.3592,0,0,1,1.19124,1
0.4139,4.2591,2.6289,12.3459,-1.3623,0.0238,-1.1432,0,0,0,0.00000,1
0.5255,4.9830,2.3196,12.5717,0.6327,0.0063,-1.7102,0,1,0,0.93929,1
0.4322,4.2519,2.5430,11.3464,2.8258,0.0616,-0.3693,0,0,0,0.00000,1
0.3440,3.7474,2.8334,11.9119,-2.3657,0.0325,-0.6369,0,1,1,0.66399,1
0.4689,4.7074,2.4926,11.4770,-2.0102,0.0426,-0.5066,0,0,0,0.00000,3
0.3901,4.1888,2.7259,12.6531,-2.4146,0.0403,-1.3549,0,1,1,1.13449,1
0.4144,4.3175,2.6424,12.1621,1.6506,0.0066,-0.9616,0,0,1,0.77677,1
0.3910,4.0013,2.6671,11.4837,2.9152,0.0387,-0.4058,0,0,0,0.00000,3
0.4384,4.6584,2.6168,13.0320,2.3616,0.0395,-1.9023,0,1,2,1.58285,1
0.3856,3.9277,2.6719,12.8260,2.7462,0.0220,-1.4561,0,1,1,1.11269,1
0.5201,5.0125,2.3464,11.5125,-0.3602,0.0386,-0.6090,0,0,0,0.00000,1
0.5793,5.6656,2.2348,11.4631,-0.6847,0.0290,-0.6339,0,0,0,0.00000,3
0.4860,4.4369,2.3606,11.7617,-1.0379,0.0113,-0.7622,0,1,0,0.43878,1
0.4512,4.6602,2.5592,11.5199,-1.8242,0.0577,-0.5392,0,0,0,0.00000,3
0.4178,4.4009,2.6480,11.8867,-3.1259,0.0932,-0.8472,0,1,0,0.56216,1
0.5122,5.1997,2.4150,11.2709,-2.2307,0.0622,-0.3854,0,0,0,0.00000,1
0.4805,5.1508,2.5394,11.2661,-3.0424,0.0425,-0.3266,0,0,0,0.00000,3
0.4039,4.1272,2.6402,11.3158,-2.3138,0.0169,-0.2653,0,0,0,0.00000,3
0.4049,4.3076,2.6856,11.6452,-2.3398,0.0133,-0.5224,0,1,0,0.31209,1
0.4195,4.3111,2.6164,12.4703,-2.4342,0.0016,-1.2379,0,0,1,1.04825,1
0.5415,5.2551,2.3088,11.5198,1.5359,0.0187,-0.6251,0,0,0,0.00000,3
0.4717,4.7221,2.4838,11.4866,2.8690,0.0152,-0.4865,0,0,0,0.00000,3
0.3960,4.3204,2.7330,12.1140,2.9497,0.1185,-1.0244,0,1,0,0.68576,1
0.5230,4.7815,2.2894,11.4419,1.6610,0.0244,-0.5229,0,0,0,0.00000,1
0.6234,5.9727,2.1185,11.4364,0.0423,0.0330,-0.6735,0,0,0,0.00000,3
0.4511,4.6513,2.5574,12.4726,1.8231,0.0429,-1.4070,0,0,3,0.96728,1
0.4113,4.3852,2.6750,12.6320,-3.0493,0.0056,-1.3603,0,1,1,1.55928,1
0.4194,4.5728,2.6853,12.1028,2.7058,0.1217,-1.0788,0,1,0,0.50384,1
0.4581,4.7624,2.5524,12.4051,1.3757,0.0200,-1.3302,0,0,1,1.09652,1
0.4565,4.5511,2.5097,11.3125,-2.9211,0.0215,-0.3193,0,0,0,0.00000,1
0.4548,4.6741,2.5463,11.3441,-3.0774,0.0149,-0.3380,0,0,0,0.00000,3
0.3923,4.0709,2.6810,12.1581,2.0418,0.0223,-0.9217,0,0,2,0.75925,1
0.3966,4.1860,2.6923,11.5916,-2.9498,0.0045,-0.4568,0,1,0,0.27353,1
0.4049,4.2219,2.6618,11.4140,-2.9178,0.0420,-0.3721,0,0,0,0.00000,3
0.5559,5.3170,2.2647,11.6401,-0.3150,0.0342,-0.7979,0,0,0,0.00000,3
0.3675,3.9512,2.7714,11.4429,-2.2788,0.0238,-0.3305,0,0,0,0.00000,1
0.4457,4.7805,2.6128,12.4305,-3.0905,0.0642,-1.3803,0,0,0,0.00000,1
0.3881,4.0090,2.6838,11.4940,2.2967,0.0542,-0.4283,0,0,0,0.00000,3
0.4341,4.2809,2.5421,11.7046,1.1312,0.0022,-0.6052,0,1,0,0.39754,3
0.4733,4.3754,2.3979,11.5325,-0.9687,0.0677,-0.5938,0,0,0,0.00000,3
0.3986,4.2415,2.6982,11.4809,-2.8116,0.0590,-0.4372,0,0,0,0.00000,3
0.3392,3.7450,2.8591,11.9468,-2.6324,0.1519,-0.8027,0,0,1,0.35721,2
0.4558,4.5863,2.5212,11.9394,-0.7834,0.0128,-0.8718,0,1,0,0.37151,1
0.4539,4.7782,2.5748,11.8834,0.4141,0.0036,-0.8055,0,1,0,0.48190,1
0.5179,5.5886,2.4662,13.2098,-2.9288,0.0296,-2.4609,1,1,1,1.86740,1
0.5029,5.2893,2.4715,11.6462,1.2551,0.0344,-0.7129,0,0,1,0.25149,1
0.5612,5.1422,2.2137,11.3435,1.0567,0.0680,-0.5223,0,0,0,0.00000,3
0.4153,4.1569,2.5948,11.3122,2.4898,0.0230,-0.2800,0,0,0,0.00000,3
0.4292,4.2239,2.5489,11.6704,2.1250,0.0462,-0.6223,0,0,1,0.15586,3
0.4417,4.5748,2.5813,11.4556,2.3945,0.0292,-0.4361,0,0,0,0.00000,3
0.4860,4.9070,2.4639,11.3736,-3.0455,0.0443,-0.4343,0,0,0,0.00000,1
0.3739,4.0134,2.7568,12.0430,2.9890,0.1277,-0.9238,0,1,0,0.68865,1
0.5361,5.4003,2.3566,11.5503,-0.9632,0.0321,-0.6662,0,0,0,0.00000,3
0.3621,3.8844,2.7789,11.5413,2.9152,0.0905,-0.4724,0,0,0,0.00000,3
0.3779,4.1374,2.7732,12.2237,-3.0192,0.0229,-0.9379,0,1,0,0.82048,1
0.4592,5.0019,2.6020,12.1740,-1.9537,0.0309,-1.1276,0,0,1,0.54214,3
0.4140,4.1832,2.6080,11.3537,1.8715,0.0417,-0.3335,0,0,0,0.00000,3
0.6064,5.8596,2.1643,12.3216,0.2564,0.0089,-1.6961,0,1,0,1.07482,1
0.4914,4.8766,2.4345,11.3443,2.9665,0.0179,-0.3819,0,0,0,0.00000,1
0.3776,4.0412,2.7463,11.4482,-2.6741,0.0097,-0.3296,0,0,0,0.00000,1
0.4394,4.2405,2.5081,11.2922,0.5930,0.0022,-0.2625,0,0,0,0.00000,3
0.4295,4.3851,2.5893,11.5221,-2.5895,0.0574,-0.5100,0,0,0,0.00000,1
0.5322,4.9860,2.2942,11.2741,-0.7572,0.0612,-0.4075,0,0,0,0.00000,3
0.5489,5.0665,2.2458,11.3975,0.1105,0.0528,-0.5464,0,0,0,0.00000,3
0.5033,4.9842,2.4083,11.4199,1.8362,0.0095,-0.4587,0,0,0,0.00000,3
0.3727,3.9541,2.7452,11.4499,2.2804,0.0224,-0.3399,0,0,0,0.00000,1
0.3606,3.8645,2.7810,11.2800,2.9105,0.0242,-0.2093,0,0,0,0.00000,1
0.3887,3.9413,2.6604,11.8406,-1.9771,0.0519,-0.6969,0,1,0,0.53798,3
0.4196,4.3709,2.6320,11.4040,2.2288,0.0700,-0.4133,0,0,0,0.00000,3
0.5063,5.3070,2.4607,11.4256,-0.3775,0.0154,-0.4766,0,0,0,0.00000,1
0.4523,4.7035,2.5645,11.2745,-2.8665,0.0079,-0.2671,0,0,0,0.00000,3
0.4746,4.4253,2.4039,11.3907,-1.0317,0.0118,-0.3971,0,0,0,0.00000,3
0.4210,4.1534,2.5678,12.1956,-2.7214,0.0455,-1.0616,0,0,2,0.77703,1
0.3808,4.0554,2.7337,11.3718,-3.0575,0.0993,-0.3791,0,0,0,0.00000,3
0.3967,4.0888,2.6642,12.9384,-2.8605,0.0079,-1.5757,0,1,0,1.48954,1
0.4086,4.4445,2.7044,12.3387,3.1343,0.0016,-1.0906,0,0,1,0.86557,1
0.4308,4.6394,2.6479,12.5316,-3.0001,0.0158,-1.3538,0,1,0,0.59095,1
0.4827,4.5080,2.3898,11.4184,1.3912,0.0383,-0.4642,0,0,0,0.00000,3
0.4956,5.2548,2.4958,11.3244,0.8598,0.0018,-0.3501,0,0,0,0.00000,1
0.4521,4.8333,2.5957,13.0658,-1.7075,0.0220,-1.9681,0,0,2,1.29696,1
0.4878,4.4989,2.3675,11.2733,-0.2706,0.0350,-0.3300,0,0,0,0.00000,1
0.4421,4.6656,2.6014,13.1400,2.1730,0.0067,-1.9676,0,0,1,1.91726,1
0.4125,4.2654,2.6374,11.2601,1.7493,0.0300,-0.2442,0,0,0,0.00000,1
0.5716,5.6947,2.2689,11.8084,0.6272,0.0058,-0.9825,0,1,0,0.28156,3
0.4203,4.5822,2.6835,12.1012,2.3403,0.0324,-0.9601,0,1,0,0.71895,3
0.3896,3.9989,2.6731,11.6265,2.9231,0.0279,-0.5011,0,1,0,0.36160,3
0.3532,3.8035,2.8008,11.4070,-3.0958,0.0217,-0.2873,0,0,0,0.00000,1
0.4041,4.0846,2.6274,11.3721,1.2262,0.0235,-0.3168,0,0,0,0.00000,1
0.4940,4.6242,2.3699,11.8984,-0.3354,0.0099,-0.9116,1,1,0,0.41962,1
0.3933,4.2193,2.7185,13.2789,2.9958,0.0299,-1.9043,0,1,0,2.00685,1
0.5130,5.0987,2.3919,11.5207,-0.9166,0.0235,-0.5888,0,0,0,0.00000,3
0.4174,4.4621,2.6661,12.2569,3.1120,0.0561,-1.1214,0,0,1,0.84765,3
0.3595,3.8594,2.7850,12.1798,2.8537,0.1670,-1.0496,0,1,0,0.52542,1
0.3635,4.0059,2.8096,12.7273,2.3311,0.0286,-1.3002,0,1,0,0.37032,0
0.3758,4.1338,2.7832,12.5553,2.6366,0.0798,-1.2812,0,1,0,1.36216,1
0.3894,4.1313,2.7127,11.4109,2.6488,0.0645,-0.3782,0,0,0,0.00000,3
0.5719,5.5707,2.2472,11.3823,2.2294,0.0022,-0.5008,0,0,0,0.00000,1
0.3803,4.1651,2.7689,13.2868,-2.7614,0.0222,-1.8318,0,1,0,2.13647,1
0.4085,4.1755,2.6320,12.3991,-3.0768,0.0302,-1.1822,1,1,0,0.70215,1
0.3965,4.3663,2.7435,12.4129,3.1357,0.0197,-1.1424,0,1,1,0.89043,0
0.5009,5.2730,2.4766,11.4712,1.3351,0.0187,-0.5178,0,0,0,0.00000,1
0.4428,4.7221,2.6120,11.3465,2.0974,0.0656,-0.3859,0,0,0,0.00000,3
0.4547,4.8717,2.5926,11.6580,2.1781,0.0190,-0.6223,0,0,1,0.18407,3
0.3656,3.9180,2.7714,12.3975,-2.6552,0.0296,-1.0478,0,1,0,1.29190,3
0.3755,3.8897,2.7109,12.3638,2.9428,0.1055,-1.1603,0,0,1,0.96231,1
0.4194,4.1811,2.5822,11.8394,2.1783,0.0193,-0.7147,0,0,1,0.58928,3
0.4307,4.1489,2.5226,11.2709,-1.2166,0.0101,-0.2458,0,0,0,0.00000,3
0.3961,4.3178,2.7318,12.0061,2.1539,0.0509,-0.8454,1,1,0,0.51559,1
0.4038,4.3475,2.7018,11.4276,-2.5656,0.0401,-0.3796,0,0,0,0.00000,3
0.5237,4.7502,2.2804,11.4143,-0.4225,0.0330,-0.5062,0,0,0,0.00000,3
0.3788,3.8962,2.6960,11.4671,-2.0808,0.0856,-0.4330,0,0,0,0.00000,3
0.5285,4.8298,2.2781,11.9896,-0.1080,0.0050,-1.0781,0,0,1,0.43308,1
0.5251,5.1675,2.3568,11.4861,2.4231,0.0028,-0.5464,0,0,0,0.00000,1
0.4671,4.6147,2.4790,11.8322,1.7002,0.0086,-0.7904,0,1,0,0.33409,3
0.5608,5.7769,2.3246,11.3188,-2.3692,0.0232,-0.4443,0,0,0,0.00000,1
0.5172,4.9348,2.3426,11.4368,0.9228,0.0449,-0.5356,0,0,0,0.00000,3
0.4320,4.4649,2.5982,12.2405,1.6342,0.0173,-1.0934,0,0,2,0.73289,1
0.4079,4.0943,2.6122,11.3467,2.8753,0.0002,-0.2739,0,0,0,0.00000,1
0.4770,4.3517,2.3773,11.2630,-2.8554,0.0002,-0.2696,0,0,0,0.00000,1
0.4885,4.8281,2.4364,11.6331,2.0230,0.0774,-0.7273,0,0,0,0.00000,1
0.4296,4.1908,2.5388,11.5228,1.9954,0.0324,-0.4803,0,0,0,0.00000,3
0.4014,4.1640,2.6627,12.9948,3.0380,0.0268,-1.6790,0,1,1,1.54864,1
0.4097,4.0858,2.6012,11.4754,3.0181,0.0358,-0.4193,0,0,0,0.00000,3
0.4778,4.6149,2.4341,11.4373,1.1615,0.0195,-0.4536,0,0,0,0.00000,3
0.5194,5.2163,2.3888,12.0505,1.6886,0.0206,-1.1464,0,0,1,0.49168,3
0.4238,4.3979,2.6192,12.2090,-2.2603,0.0245,-1.0525,0,1,0,0.50122,3
0.4699,4.9460,2.5416,11.3061,1.1675,0.0049,-0.3091,0,0,0,0.00000,1
0.4106,4.3528,2.6700,11.5683,2.2461,0.0119,-0.4675,0,1,0,0.34885,1
0.5343,5.6907,2.4165,12.9038,-2.2556,0.0129,-2.1463,0,1,0,1.25194,1
0.4946,4.7726,2.3994,11.5908,-1.7542,0.0429,-0.6527,0,0,0,0.00000,1
0.3574,3.9429,2.8229,12.5377,-2.9748,0.0718,-1.1927,0,1,1,1.05968,2
0.4588,4.5629,2.5025,12.8817,2.1843,0.0009,-1.7715,1,1,0,1.49011,1
0.3924,4.2799,2.7401,11.4848,2.7331,0.1232,-0.5074,0,0,0,0.00000,3
0.3639,3.8822,2.7691,13.2328,-2.8906,0.0294,-1.7175,0,0,1,2.01424,1
0.5524,5.4446,2.3004,11.4584,-0.4705,0.0513,-0.6163,0,0,0,0.00000,1
0.4382,4.2473,2.5152,11.3106,-1.8733,0.0168,-0.2936,0,0,0,0.00000,3
0.5146,4.9463,2.3552,11.6216,-0.1297,0.0137,-0.6799,0,0,0,0.00000,3
0.4771,4.9700,2.5154,11.4291,1.8400,0.0088,-0.4338,0,0,0,0.00000,3
0.3586,3.8428,2.7847,12.5640,-3.0105,0.0843,-1.2366,0,1,0,1.29481,1
0.4482,4.6202,2.5631,12.7437,-2.4266,0.0123,-1.6124,0,0,1,1.50444,1
0.5579,5.3802,2.2680,11.6463,0.6230,0.0955,-0.8872,0,0,0,0.00000,1
0.5141,4.7480,2.3168,11.3871,0.8915,0.0186,-0.4497,0,0,0,0.00000,3
0.4780,4.7456,2.4622,11.2896,2.1453,0.0160,-0.3143,0,0,0,0.00000,3
0.3653,3.9319,2.7769,11.4018,2.1778,0.0580,-0.3378,0,0,0,0.00000,1
0.4097,4.3071,2.6620,11.8964,-3.1276,0.0207,-0.7453,0,1,0,0.35445,3
0.3911,4.2068,2.7259,12.0286,-2.4628,0.0824,-0.8932,0,1,0,0.42989,3
0.5133,5.2938,2.4290,11.6180,-1.2048,0.0437,-0.7134,0,0,0,0.00000,3
0.4695,4.9449,2.5431,11.5613,-2.6200,0.0997,-0.6553,0,0,0,0.00000,1
0.3790,3.9085,2.6989,12.9177,-2.7682,0.0594,-1.5709,0,0,1,1.63159,1
0.5040,5.4603,2.5010,12.2957,1.7495,0.0227,-1.3689,0,0,1,0.74128,3
0.4357,4.3869,2.5617,11.7544,-0.2733,0.0023,-0.6517,0,1,0,0.27000,1
0.4756,4.4874,2.4143,11.4688,3.0616,0.0081,-0.4656,0,0,0,0.00000,1
0.5188,5.6114,2.4669,11.3681,2.8552,0.0714,-0.5018,0,0,0,0.00000,1
0.4380,4.3270,2.5361,12.4030,-2.8165,0.0333,-1.2828,0,1,1,0.85586,1
0.5701,5.3346,2.2144,11.4704,1.2335,0.0013,-0.5925,0,0,0,0.00000,1
0.4821,4.6421,2.4221,12.4419,-2.6452,0.0147,-1.4347,0,1,1,0.91194,1
0.4059,4.0220,2.6014,12.0179,-0.8316,0.0050,-0.8159,0,1,1,0.45788,1
0.4319,4.3914,2.5799,11.6865,2.7175,0.0051,-0.5904,0,1,0,0.27366,3
0.4249,4.2716,2.5810,12.9082,-1.1722,0.0100,-1.6708,0,1,1,1.61983,1
0.3800,4.0683,2.7419,11.3885,2.8583,0.1835,-0.4873,0,0,0,0.00000,1
0.3808,4.1999,2.7765,11.5269,2.7100,0.0962,-0.4933,0,0,0,0.00000,2
0.3525,3.7600,2.7906,11.5195,2.5082,0.1294,-0.4895,0,0,0,0.00000,3
0.4049,4.3801,2.7050,11.8979,-1.6460,0.0578,-0.7841,0,0,1,0.23419,1
0.4951,4.7104,2.3843,11.5629,1.1298,0.0733,-0.6636,0,0,0,0.00000,3
0.4605,4.7148,2.5307,11.4550,-1.5290,0.0051,-0.4313,0,0,0,0.00000,3
0.5473,5.0553,2.2500,11.4032,1.5602,0.0367,-0.5308,0,0,0,0.00000,1
0.3626,3.8704,2.7722,12.2256,-2.2461,0.0230,-0.8976,0,0,0,0.00000,1
0.3940,4.1041,2.6818,11.9477,1.8300,0.0007,-0.7277,0,1,0,0.25995,1
0.3949,3.9711,2.6392,12.5275,-2.0906,0.0275,-1.2445,0,1,0,1.16591,1
0.5226,5.1236,2.3583,11.3842,-2.1154,0.0142,-0.4534,0,0,0,0.00000,1
0.5785,5.4996,2.2107,11.5757,0.0669,0.0888,-0.8348,0,0,0,0.00000,1
0.5465,5.6623,2.3621,11.4874,1.8537,0.0329,-0.6175,0,0,0,0.00000,3
0.3774,4.0952,2.7635,12.3387,-2.7232,0.0300,-1.0376,0,0,1,0.91724,3
0.4105,4.2052,2.6305,11.2412,-1.9066,0.0406,-0.2395,0,0,0,0.00000,3
0.3908,3.9606,2.6558,11.8227,2.2827,0.0118,-0.6360,0,0,1,0.30820,3
0.3845,4.0786,2.7220,11.4508,-1.8465,0.0201,-0.3516,0,0,0,0.00000,1
0.3570,3.7893,2.7757,12.8712,-2.7188,0.0264,-1.3860,0,1,1,1.81970,1
0.3788,4.0310,2.7368,11.8664,1.9057,0.0169,-0.6537,0,1,0,0.57955,1
0.4637,4.8110,2.5385,11.7907,2.0759,0.0633,-0.8160,0,1,0,0.39475,3
0.4479,4.7473,2.5948,11.3952,-2.3777,0.0858,-0.4576,0,0,0,0.00000,3
0.3842,4.0582,2.7173,12.2128,1.6992,0.0338,-0.9607,0,0,1,0.81494,1
0.5238,5.4555,2.4166,11.4903,-1.2207,0.0627,-0.6227,0,0,0,0.00000,1
0.5284,5.6394,2.4317,11.5277,1.7421,0.0014,-0.5946,0,0,0,0.00000,3
0.4336,4.6176,2.6292,12.6056,2.5939,0.0770,-1.5267,0,0,1,1.28591,1
0.4759,4.4741,2.4097,11.2539,1.4191,0.0011,-0.2619,0,0,0,0.00000,3
0.4284,4.1826,2.5418,11.4277,1.5807,0.0357,-0.4029,0,0,0,0.00000,3
0.4271,4.2568,2.5672,12.0506,1.2547,0.0472,-0.9513,0,0,1,0.77228,1
0.3666,3.8592,2.7477,13.0236,-2.7585,0.0335,-1.5625,1,1,2,1.67036,1
0.5073,4.7099,2.3355,11.4546,-0.5571,0.0394,-0.5327,0,0,0,0.00000,3
0.5403,5.4175,2.3432,11.5929,2.5969,0.0055,-0.6851,0,0,0,0.00000,1
0.3912,3.9632,2.6546,11.7506,-2.8176,0.0573,-0.6369,0,1,0,0.44237,3
0.4678,4.7313,2.5024,11.5843,-2.6189,0.0569,-0.6217,0,0,0,0.00000,1
0.4550,4.7691,2.5676,11.3461,1.5003,0.0614,-0.3940,0,0,0,0.00000,1
0.4879,4.5305,2.3740,12.5291,-0.0232,0.0122,-1.5387,0,0,1,1.12303,1
0.4688,5.0479,2.5693,11.8402,-3.0805,0.0946,-0.9139,0,1,0,0.25032,1
0.4532,4.9119,2.6092,12.8641,-1.8280,0.0177,-1.7622,0,0,1,1.62436,1
0.6193,5.9310,2.1274,11.5839,-1.2239,0.0014,-0.8053,0,0,0,0.00000,1
0.4540,4.2795,2.4550,11.5543,-1.2617,0.0108,-0.5158,0,1,0,0.19328,3
0.4058,4.3377,2.6892,12.2411,2.6472,0.1281,-1.1748,0,1,0,0.96187,1
0.4161,4.4659,2.6732,11.4328,2.1407,0.0395,-0.3977,0,0,0,0.00000,3
0.3801,4.1257,2.7584,12.6608,3.0302,0.0489,-1.3382,0,1,1,1.28011,1
0.4345,4.7309,2.6529,12.6445,-2.2911,0.0058,-1.4572,0,1,0,1.21199,1
0.4272,4.5674,2.6467,13.0929,2.9035,0.0257,-1.8857,1,2,1,1.92998,1
0.4269,4.6442,2.6673,13.2568,2.5910,0.0516,-2.0931,1,2,1,1.98710,1
0.4900,4.7805,2.4201,12.0513,-1.1553,0.0214,-1.0721,1,1,0,0.34808,1
0.4479,4.2931,2.4845,11.8304,-2.4558,0.0238,-0.7687,0,0,1,0.52848,1
0.3796,4.1322,2.7629,11.4537,2.2855,0.1085,-0.4503,0,1,0,0.20181,3
0.4789,4.6754,2.4429,12.1781,2.0342,0.0065,-1.1483,0,0,1,0.45589,1
0.5588,5.6772,2.3158,11.4570,1.8558,0.0288,-0.5975,0,0,0,0.00000,1
0.4736,4.9394,2.5239,11.5708,2.6483,0.0567,-0.6183,0,0,1,0.16564,1
0.4789,4.8470,2.4808,11.4415,1.1989,0.0215,-0.4622,0,0,0,0.00000,3
0.3519,3.8347,2.8181,11.5910,2.9084,0.2091,-0.6342,0,0,0,0.00000,1
0.4627,4.4632,2.4623,11.6769,-1.1665,0.0024,-0.6301,0,1,0,0.30056,3
0.4660,4.3710,2.4266,12.5100,-0.8921,0.0163,-1.4509,0,1,1,1.19497,1
0.4013,4.0157,2.6215,11.4962,1.4272,0.0160,-0.4017,0,1,0,0.16578,1
0.3777,4.0797,2.7575,12.5574,2.5101,0.0768,-1.2852,0,1,1,1.38974,1
0.4732,4.9893,2.5365,11.4628,1.1953,0.0139,-0.4661,0,0,0,0.00000,1
0.4047,4.2972,2.6833,12.9793,2.0231,0.0083,-1.6480,0,1,0,1.50755,1
0.5062,5.5192,2.5030,11.8578,-1.5919,0.0242,-0.9212,0,0,1,0.17095,1
0.4157,4.2370,2.6145,12.0295,2.4503,0.0400,-0.8960,0,1,0,0.33012,3
0.4270,4.2699,2.5710,12.3269,2.3062,0.0651,-1.2256,0,1,1,1.07176,1
0.4756,4.7582,2.4751,11.2392,2.2995,0.0250,-0.2766,0,0,0,0.00000,3
0.5574,5.2863,2.2536,11.3904,-0.5446,0.0390,-0.5339,0,0,0,0.00000,3
0.5164,4.7772,2.3141,11.6823,-1.3304,0.0026,-0.7293,0,0,1,0.33479,1
0.4272,4.1447,2.5375,11.5783,0.2274,0.0052,-0.4905,0,1,0,0.17000,1
0.4678,4.7975,2.5177,11.3918,2.2176,0.0568,-0.4443,0,0,0,0.00000,3
0.5413,5.1557,2.2913,11.5848,2.3977,0.0044,-0.6750,0,0,0,0.00000,1
0.3527,3.8542,2.8200,12.3625,2.1274,0.0547,-1.0176,0,1,0,1.24380,1
0.3339,3.6789,2.8672,11.6417,2.7586,0.2105,-0.6455,0,0,0,0.00000,2
0.4382,4.2870,2.5253,11.3407,-0.0476,0.0013,-0.3011,0,0,0,0.00000,3
0.4221,4.4246,2.6342,11.3209,-2.6891,0.0724,-0.3504,0,0,0,0.00000,3
0.4294,4.6052,2.6458,12.0439,-2.6105,0.0412,-0.9437,0,0,3,0.74403,3
0.5748,5.9002,2.2902,11.3443,-2.0167,0.0079,-0.4712,0,0,0,0.00000,3
0.4783,4.3887,2.3805,12.0584,-1.0111,0.0326,-1.0636,0,0,1,0.23703,1
0.4069,4.2791,2.6678,11.3054,-2.9618,0.0631,-0.3125,0,0,0,0.00000,3
0.4531,4.8736,2.6006,11.6573,2.2288,0.0034,-0.5998,0,1,0,0.14673,1
0.4080,4.1026,2.6142,11.4796,-1.6148,0.0192,-0.4009,0,0,0,0.00000,1
0.4512,4.5457,2.5316,11.7436,-1.0641,0.0230,-0.6970,0,1,0,0.31338,1
0.3970,4.2797,2.7167,12.3135,-2.9388,0.0420,-1.0915,1,1,0,0.76138,3
0.5010,5.4744,2.5165,12.3924,1.2793,0.0417,-1.4902,0,0,1,0.73225,1
0.5335,5.3013,2.3485,11.4109,-0.0505,0.0222,-0.5048,0,0,0,0.00000,1
0.3308,3.6389,2.8707,12.5937,-3.0670,0.1692,-1.2893,0,1,0,1.03260,1
0.4302,4.2429,2.5493,11.7497,-2.3714,0.0196,-0.6590,0,0,1,0.18464,3
0.3594,3.7852,2.7619,11.8128,2.3548,0.0637,-0.6344,0,1,0,0.49540,3
0.3697,3.9453,2.7582,12.8488,2.7957,0.0763,-1.5002,0,0,1,1.32564,1
0.4498,4.6130,2.5541,11.3099,1.9690,0.0325,-0.3233,0,0,0,0.00000,3
0.3878,4.1840,2.7361,12.9776,3.0295,0.0735,-1.6835,0,0,3,2.50357,1
0.3644,3.8827,2.7665,12.1248,-2.8896,0.0803,-0.9024,0,1,0,0.77697,3
0.4962,4.6512,2.3671,12.2699,-1.9093,0.0028,-1.2831,0,0,1,0.69308,1
0.4632,4.4672,2.4611,11.4692,-0.6509,0.0126,-0.4553,0,0,0,0.00000,3
0.6119,6.0439,2.1712,12.1380,-0.8958,0.0671,-1.5682,0,0,1,0.57588,1
0.5270,5.2339,2.3619,11.4236,1.6174,0.0072,-0.4910,0,0,0,0.00000,3
0.6104,5.8212,2.1438,11.3380,-0.3261,0.0027,-0.5012,0,0,0,0.00000,1
0.3453,3.8047,2.8450,13.1270,2.3437,0.0371,-1.5563,0,0,1,1.93778,0
0.5687,5.5947,2.2634,11.4080,2.0160,0.0207,-0.5474,0,0,0,0.00000,1
0.3299,3.6392,2.8764,12.1286,-2.5459,0.0703,-0.8060,0,1,1,0.80515,0
0.3906,4.2075,2.7283,12.2936,1.8221,0.0215,-1.0277,0,0,1,0.92412,1
0.5090,4.7872,2.3449,11.4438,1.2046,0.0239,-0.5058,0,0,0,0.00000,3
0.4090,4.2974,2.6627,12.4231,2.1703,0.0200,-1.1903,0,1,2,1.55901,1
0.4396,4.4709,2.5649,11.3740,-1.7014,0.0373,-0.3730,0,0,0,0.00000,3
0.4216,4.2322,2.5858,11.3064,3.1230,0.0364,-0.2967,0,0,0,0.00000,3
0.4549,4.2665,2.4482,11.3111,2.0377,0.0014,-0.2924,0,0,0,0.00000,3
0.5498,5.1964,2.2660,12.0649,-0.4228,0.0088,-1.2219,0,1,0,0.54178,1
0.4726,4.9189,2.5239,11.6855,1.7888,0.0305,-0.6923,0,1,0,0.35937,3
0.4484,4.8823,2.6244,11.6244,-1.5780,0.0381,-0.6051,0,0,1,0.26372,1
0.4047,4.2368,2.6668,11.8419,2.2735,0.0713,-0.7544,0,0,1,0.47451,3
0.5380,5.2849,2.3280,11.8151,-0.7085,0.0768,-1.0109,0,0,1,0.28380,1
0.4504,4.5345,2.5326,11.3772,-2.4422,0.0115,-0.3577,0,0,0,0.00000,3
0.4314,4.3359,2.5679,11.2885,-2.3483,0.0234,-0.2766,0,0,0,0.00000,3
0.4503,4.6319,2.5564,12.9311,-1.9738,0.0138,-1.8086,1,1,1,1.47221,1
0.3595,3.9552,2.8153,13.2719,2.7889,0.0233,-1.7174,0,1,1,1.81939,1
0.5315,5.0409,2.3072,11.5227,-0.0158,0.0414,-0.6402,0,0,0,0.00000,1
0.5320,5.0916,2.3152,11.5784,-0.8267,0.0314,-0.6869,0,0,1,0.13952,3
0.3985,4.0701,2.6503,11.2680,-2.5799,0.1181,-0.3376,0,0,0,0.00000,1
0.5161,5.4013,2.4381,11.5046,2.5994,0.0280,-0.5840,0,0,0,0.00000,1
0.3962,4.3239,2.7333,11.6403,3.0043,0.1715,-0.6957,0,0,0,0.00000,1
0.4666,4.3971,2.4305,11.2858,1.5329,0.0039,-0.2848,0,0,0,0.00000,3
0.4883,4.6217,2.3923,12.3695,-3.1321,0.0044,-1.3642,0,1,0,0.78352,1
0.4344,4.5276,2.6029,12.2223,2.5814,0.0287,-1.0998,0,1,0,0.79333,3
0.4791,4.6285,2.4318,12.4443,0.2099,0.0233,-1.4405,0,1,0,0.90741,1
0.5437,5.3178,2.3116,11.7118,0.2384,0.0539,-0.8796,0,0,1,0.29107,1
0.4004,4.0046,2.6226,12.0952,-3.1191,0.0427,-0.9178,0,1,0,0.66223,1
0.4637,4.4366,2.4520,11.4768,0.5951,0.0237,-0.4759,0,0,0,0.00000,1
0.4915,4.7576,2.4087,11.3609,1.7483,0.0188,-0.3982,0,0,0,0.00000,3
0.4724,4.8506,2.5095,12.1543,1.2757,0.0340,-1.1474,0,0,1,0.61355,1
0.3800,4.0005,2.7219,12.7318,2.2976,0.0274,-1.3637,0,0,1,1.48038,1
0.5395,5.3664,2.3370,11.5286,1.4847,0.0593,-0.6820,0,0,0,0.00000,3
0.4430,4.5561,2.5709,11.4369,2.8172,0.0005,-0.3877,0,0,0,0.00000,3
0.4137,4.4008,2.6679,11.4308,-2.8690,0.1547,-0.5271,0,0,0,0.00000,1
0.4186,4.4340,2.6533,11.5370,-2.5107,0.0434,-0.4908,0,0,0,0.00000,3
0.5606,5.6583,2.3057,11.3496,-2.0845,0.0308,-0.4858,0,0,0,0.00000,1
0.5728,5.4092,2.2170,11.5232,-0.6476,0.1290,-0.8154,0,0,0,0.00000,1
0.4982,5.0980,2.4528,11.5405,-1.8799,0.0155,-0.5769,0,0,0,0.00000,3
0.3493,3.7488,2.8042,11.4351,3.0753,0.0441,-0.3279,0,0,0,0.00000,3
0.4678,4.3780,2.4210,11.2764,-1.0630,0.0383,-0.3172,0,0,0,0.00000,3
0.3594,3.8938,2.7964,11.9934,-3.1257,0.0240,-0.7177,0,0,1,0.45497,1
0.3961,4.0373,2.6526,11.3387,-2.6745,0.0070,-0.2641,0,0,0,0.00000,3
0.3453,3.7636,2.8312,11.7596,2.7524,0.0302,-0.5301,0,1,0,0.25928,1
0.4805,4.4776,2.3919,11.9188,-1.0291,0.0056,-0.8958,0,0,1,0.47891,1
0.3760,3.8956,2.7104,12.4476,-3.1087,0.0048,-1.0834,0,1,1,1.18542,1
0.4320,4.3530,2.5700,11.3314,-1.9264,0.0657,-0.3614,0,0,0,0.00000,3
0.4253,4.5343,2.6472,11.7965,1.6238,0.0040,-0.6717,0,0,2,0.48511,1
0.3493,3.7278,2.7975,12.3679,2.4044,0.0241,-0.9684,0,1,1,1.12981,1
0.4445,4.5865,2.5715,11.8376,-2.3762,0.0240,-0.7702,1,1,1,0.98294,3
0.4458,4.8215,2.6217,12.5988,-2.4258,0.0356,-1.5008,1,0,0,0.82131,1
0.6099,5.7806,2.1395,11.4514,-1.3113,0.0219,-0.6567,0,0,0,0.00000,1
0.4386,4.3128,2.5299,11.9275,-0.7234,0.0178,-0.8290,0,1,0,0.36855,1
0.4189,4.1737,2.5828,11.9960,2.9233,0.0396,-0.8737,0,0,1,0.44182,1
0.4078,4.1945,2.6402,11.9386,2.7478,0.1020,-0.8818,0,1,0,0.36153,1
0.5249,5.2128,2.3661,11.4355,-0.9377,0.0166,-0.5116,0,0,0,0.00000,3
0.5027,5.1457,2.4434,12.4009,-2.7105,0.0219,-1.4733,0,0,1,0.83737,1
0.5083,5.1586,2.4230,12.7050,-3.0774,0.0115,-1.8058,0,0,3,1.27450,1
0.5785,5.7608,2.2535,11.8426,-1.1569,0.0396,-1.0821,0,0,1,0.34728,3
0.5875,5.7887,2.2239,11.4949,0.1021,0.0472,-0.7054,0,0,0,0.00000,1
0.4007,4.3977,2.7307,12.4505,2.5131,0.0635,-1.2511,0,1,0,0.84035,3
0.3876,4.0962,2.7118,11.3427,-2.3483,0.0397,-0.2962,0,0,0,0.00000,3
0.5101,5.2973,2.4428,12.1257,1.8819,0.0027,-1.1777,1,1,0,0.59642,3
0.4782,5.1040,2.5394,11.6453,-1.3197,0.0228,-0.6552,0,0,1,0.27612,1
0.3693,3.8879,2.7425,11.3843,-3.0228,0.0132,-0.2782,0,0,0,0.00000,1
0.4400,4.2920,2.5187,11.4255,0.4785,0.0183,-0.3946,0,0,0,0.00000,1
0.5066,5.3416,2.4662,11.5184,-1.3561,0.0304,-0.5866,0,0,0,0.00000,3
0.3957,4.2397,2.7118,11.5236,3.0212,0.0797,-0.4915,0,0,0,0.00000,3
0.5158,4.6694,2.2942,11.6661,0.9153,0.0657,-0.7923,0,0,0,0.00000,1
0.5390,5.0907,2.2877,12.5481,-0.3785,0.0218,-1.7580,0,0,2,1.05683,1
0.4449,4.3208,2.5044,11.3836,-2.3775,0.0494,-0.4008,0,0,0,0.00000,1
0.5274,5.5665,2.4226,13.0279,2.4875,0.0232,-2.2788,0,0,2,1.50576,1
0.3605,3.9190,2.7987,11.3659,-2.4631,0.1699,-0.4340,0,0,0,0.00000,3
0.4417,4.6370,2.5966,12.3018,-1.6682,0.0125,-1.1709,0,1,0,0.75373,1
0.4240,4.1847,2.5621,12.0011,1.3878,0.0025,-0.8403,0,0,1,0.51119,3
0.4011,4.3617,2.7193,11.5599,-2.7418,0.1037,-0.5562,0,0,0,0.00000,3
0.4433,4.5226,2.5612,11.8520,-1.6300,0.0193,-0.7745,0,0,1,0.35653,3
0.4182,4.4786,2.6668,12.2258,2.7328,0.1214,-1.1865,0,1,0,0.75488,1
0.3733,3.9238,2.7330,12.2060,2.5715,0.0849,-0.9958,0,1,0,0.37471,3
0.4057,4.1651,2.6424,12.3376,-2.6080,0.0867,-1.2019,0,0,2,1.45017,1
0.5426,5.5201,2.3522,11.5218,-1.7928,0.0712,-0.6948,0,0,0,0.00000,1
0.4044,4.2982,2.6851,11.3457,-1.8940,0.0253,-0.2989,0,0,0,0.00000,1
0.4263,4.6279,2.6661,12.0653,-3.0532,0.1044,-1.0395,0,1,0,0.24201,1
0.5018,5.0228,2.4221,11.3592,1.0315,0.0185,-0.4090,0,0,0,0.00000,3
0.3638,3.8303,2.7530,12.3494,2.2814,0.0125,-0.9809,0,1,0,0.75379,1
0.4224,4.1360,2.5564,11.3611,1.5828,0.0164,-0.3188,0,0,0,0.00000,3
0.4023,4.2483,2.6816,11.3631,-1.8016,0.0563,-0.3457,0,0,0,0.00000,1
0.3649,3.9900,2.7973,12.9507,-2.6901,0.0539,-1.5283,1,1,2,2.25474,1
0.5255,5.1472,2.3513,11.4833,-0.4736,0.0343,-0.5823,0,0,0,0.00000,1
0.5332,4.9059,2.2748,11.4427,-1.4404,0.0513,-0.5708,0,0,0,0.00000,1
0.3844,3.9195,2.6753,11.9594,-2.2935,0.0060,-0.7226,0,1,0,0.69015,1
0.4334,4.2584,2.5393,11.3113,2.4889,0.0201,-0.2933,0,0,0,0.00000,3
0.3801,4.1398,2.7628,11.4781,-2.8148,0.0276,-0.3755,0,0,0,0.00000,1
0.4805,5.0695,2.5221,12.0473,-0.8763,0.0016,-1.0200,0,0,1,0.57822,1
0.4508,4.5333,2.5306,11.4503,2.7167,0.0546,-0.4728,0,0,0,0.00000,1
0.4459,4.4102,2.5219,11.4506,0.7564,0.0074,-0.4108,0,0,0,0.00000,1
0.4633,4.5032,2.4691,11.9321,-0.7742,0.0153,-0.8844,0,0,1,0.57627,1
0.3750,4.0929,2.7754,12.1633,-2.3002,0.0631,-0.9364,0,1,0,0.30041,3
0.4712,5.1375,2.5780,11.6429,2.3853,0.0513,-0.6762,0,1,0,0.28704,3
0.4291,4.2373,2.5531,11.7324,1.0283,0.0225,-0.6458,0,1,0,0.16842,1
0.4562,4.3024,2.4514,11.4155,2.3405,0.0118,-0.3973,0,0,0,0.00000,1
0.5465,5.6040,2.3516,11.5429,1.6224,0.0391,-0.6844,0,0,0,0.00000,3
0.5340,4.8509,2.2612,11.5061,-0.3190,0.0396,-0.6233,0,0,0,0.00000,3
0.4446,4.3627,2.5162,11.3710,0.7031,0.0065,-0.3397,0,0,0,0.00000,1
0.5215,4.9779,2.3342,11.3706,-1.2152,0.0441,-0.4735,0,0,0,0.00000,3
0.4766,4.4249,2.3956,12.1048,0.0183,0.0204,-1.0880,1,1,0,0.32256,1
0.4089,4.4673,2.7087,12.5810,2.6165,0.0394,-1.3582,0,1,1,1.04376,1
0.4064,4.2065,2.6505,12.0923,2.8874,0.0657,-0.9617,0,0,1,0.72774,1
0.4288,4.5204,2.6271,11.3488,3.0783,0.0359,-0.3387,0,0,0,0.00000,3
0.4086,4.1620,2.6275,11.2928,-2.3271,0.0565,-0.2966,0,0,0,0.00000,3
0.4088,4.4150,2.6954,11.3524,-2.5656,0.1494,-0.4506,0,0,0,0.00000,1
0.3859,4.0305,2.7009,11.3078,-2.6477,0.0444,-0.2737,0,0,0,0.00000,3
0.4983,5.2017,2.4736,12.2418,-2.8729,0.0384,-1.3162,0,1,0,0.71415,1
0.3896,3.9798,2.6673,11.4743,2.8830,0.0876,-0.4542,0,0,0,0.00000,1
0.5496,5.5678,2.3330,11.4660,1.6745,0.0007,-0.5595,0,0,0,0.00000,3
0.4320,4.5795,2.6270,11.5028,1.6085,0.0299,-0.4647,0,0,0,0.00000,1
0.3875,4.0752,2.7057,11.7936,3.0694,0.0319,-0.6327,0,1,0,0.37403,3
0.5416,5.5513,2.3618,11.8939,-1.2953,0.0283,-1.0423,0,0,1,0.39676,3
0.3482,3.7810,2.8209,12.9385,2.1571,0.0437,-1.4312,0,1,2,2.13873,1
0.4092,4.1026,2.6084,11.3581,-2.0207,0.0127,-0.2985,0,0,0,0.00000,3
0.4304,4.3724,2.5822,11.6165,2.3811,0.0301,-0.5587,0,1,0,0.21623,3
0.4336,4.2245,2.5298,12.4080,-0.9190,0.0163,-1.2475,0,1,0,0.92626,1
0.5443,5.1477,2.2782,11.3180,-1.7157,0.0117,-0.4082,0,0,0,0.00000,1
0.6471,6.2109,2.0658,11.9281,0.3844,0.0331,-1.3413,0,0,1,0.47346,1
0.4668,4.7099,2.5019,11.3154,1.8000,0.0415,-0.3559,0,0,0,0.00000,3
0.4549,4.4961,2.5035,12.1390,2.4012,0.0516,-1.1094,0,1,0,0.77600,1
0.5282,4.9215,2.2971,11.5010,-2.2030,0.0001,-0.5612,0,0,0,0.00000,1
0.4104,4.1462,2.6149,12.6608,-2.5100,0.0558,-1.4609,1,1,1,1.17450,1
0.4794,5.1562,2.5457,11.2740,-2.7398,0.0901,-0.3873,0,0,0,0.00000,1
0.4995,5.3265,2.4936,11.5497,-1.9918,0.0199,-0.5942,0,0,0,0.00000,3
0.4272,4.2844,2.5739,11.9359,0.6424,0.0055,-0.7956,0,1,0,0.50716,1
0.4428,4.2397,2.4932,11.2385,-1.0723,0.0392,-0.2625,0,0,0,0.00000,1
0.5567,5.4554,2.2857,11.3086,1.5729,0.0385,-0.4454,0,0,0,0.00000,1
0.3821,3.9540,2.6970,12.6006,2.3338,0.0129,-1.2399,0,0,1,1.32733,1
0.5234,5.5237,2.4313,11.3209,2.5818,0.0026,-0.3788,0,0,0,0.00000,3
0.4143,4.1939,2.6096,11.9604,-2.1352,0.0445,-0.8394,0,0,1,0.40199,3
0.5275,5.3069,2.3737,11.6115,0.6593,0.0094,-0.6878,0,0,0,0.00000,3
0.4557,4.7255,2.5545,13.1189,1.6949,0.0072,-2.0110,0,0,1,1.57348,1
0.4401,4.7052,2.6205,12.4980,-1.6710,0.0053,-1.3385,0,1,0,1.16317,1
0.4421,4.3843,2.5326,12.1414,1.9710,0.0131,-1.0239,0,0,1,0.71415,1
0.3483,3.7980,2.8263,12.5418,3.0444,0.0836,-1.1825,0,0,3,1.14988,1
0.4481,4.2291,2.4677,11.8049,-0.3109,0.0220,-0.7435,0,0,0,0.00000,1
0.5028,4.8543,2.3834,11.2774,1.6958,0.0106,-0.3214,0,0,0,0.00000,3
0.5119,4.8179,2.3397,11.5151,-0.0241,0.0036,-0.5558,0,0,0,0.00000,3
0.5377,4.8867,2.2542,11.6684,0.0215,0.0449,-0.8078,0,0,0,0.00000,1
0.5110,4.6877,2.3166,11.4315,-0.4212,0.0736,-0.5560,0,0,0,0.00000,1
0.3759,3.9801,2.7365,11.4770,2.6255,0.0911,-0.4433,0,0,0,0.00000,3
0.4595,4.2805,2.4322,11.9104,-1.2700,0.0061,-0.8421,0,0,1,0.53414,1
0.4334,4.7259,2.6566,13.2800,-2.9379,0.0532,-2.1525,0,1,1,1.47579,1
0.4067,4.1658,2.6377,11.9538,1.5630,0.0332,-0.8024,0,1,0,0.68016,1
0.3619,3.9914,2.8138,13.1078,-3.0467,0.0385,-1.6195,0,1,0,1.93412,0
0.5120,4.7724,2.3301,11.2741,-1.3675,0.0213,-0.3396,0,0,0,0.00000,3
0.3872,4.2537,2.7589,11.2807,-2.3715,0.0442,-0.2546,0,0,0,0.00000,1
0.4405,4.4338,2.5517,11.7835,2.8346,0.0541,-0.7520,0,0,1,0.43565,1
0.4673,4.4881,2.4488,11.3172,0.8016,0.0748,-0.3961,0,0,0,0.00000,1
0.4012,4.2986,2.7013,12.7930,-2.7247,0.0883,-1.5969,0,0,0,0.00000,1
0.3354,3.6671,2.8544,12.4739,-2.7643,0.0327,-1.0158,0,0,2,0.92757,1
0.4360,4.4715,2.5814,11.2745,3.0812,0.0413,-0.2897,0,0,0,0.00000,3
0.3300,3.6440,2.8771,12.1688,-2.5811,0.1343,-0.9196,0,1,0,0.59361,2
0.4054,4.2885,2.6775,11.3887,-2.8703,0.1459,-0.4726,0,0,0,0.00000,1
0.4074,4.2307,2.6524,11.7737,2.9740,0.1078,-0.7483,0,0,1,0.33712,1
0.3815,4.0045,2.7155,12.2062,-2.0708,0.0179,-0.9262,1,0,0,0.21100,1
0.5825,5.6246,2.2164,11.4908,-1.0273,0.0369,-0.6794,0,0,0,0.00000,3
0.4156,4.5389,2.6952,11.6275,2.4395,0.1858,-0.7335,0,0,0,0.00000,1
0.5783,5.6566,2.2372,11.6269,1.9704,0.0168,-0.8024,0,0,0,0.00000,1
0.4721,5.1221,2.5706,12.7106,2.6235,0.0156,-1.6801,0,1,0,1.21748,1
0.3352,3.6455,2.8478,11.9394,-2.5319,0.0358,-0.6424,0,0,2,0.52884,1
0.3672,3.8357,2.7368,12.2922,2.1588,0.0392,-0.9841,1,1,2,1.19470,3
0.4135,4.1677,2.6061,11.8116,-2.7091,0.0766,-0.7527,0,0,1,0.19522,1
0.3528,3.7625,2.7899,11.8001,-2.7938,0.0522,-0.5988,0,1,0,0.53164,3
0.5413,5.2910,2.3162,11.8738,-2.6907,0.0031,-0.9839,0,0,1,0.28244,1
0.3519,3.8596,2.8267,12.8690,-2.8023,0.0130,-1.3417,0,0,1,1.47690,1
0.5258,5.3162,2.3822,11.9426,1.4269,0.0252,-1.0535,0,0,1,0.60983,3
0.5080,4.9881,2.3900,11.5191,-1.3806,0.0479,-0.6092,0,0,0,0.00000,3
0.3342,3.6907,2.8690,12.2966,2.9378,0.0861,-0.9585,1,1,0,0.81798,2
0.4365,4.7946,2.6589,13.2081,-2.5365,0.0805,-2.1448,0,1,2,2.09651,1
0.5091,5.0158,2.3909,12.1908,0.1832,0.0297,-1.2797,0,0,1,0.72618,1
0.4748,5.0976,2.5533,12.9798,1.7621,0.0088,-1.9593,0,0,2,1.83609,1
0.5160,5.1723,2.3943,12.7596,2.3914,0.0009,-1.8786,0,0,1,1.23782,1
0.5085,5.3170,2.4536,11.5888,2.1092,0.0049,-0.6284,0,0,0,0.00000,3
0.4659,5.0349,2.5792,11.3464,2.7570,0.0065,-0.3432,0,0,0,0.00000,3
0.4934,4.7747,2.4048,11.4748,1.5583,0.0239,-0.5152,0,0,0,0.00000,3
0.4048,4.3715,2.7035,11.6802,2.5480,0.0431,-0.5867,0,0,1,0.23184,3
0.4221,4.3741,2.6210,11.8529,-2.4203,0.0210,-0.7342,0,0,1,0.56518,3
0.4138,4.4164,2.6716,11.6119,2.6125,0.0421,-0.5441,0,0,0,0.00000,3
0.3998,4.3862,2.7324,11.7901,-2.8908,0.0942,-0.7305,0,1,0,0.37356,3
0.4608,4.5065,2.4808,11.4138,-2.1804,0.0599,-0.4588,0,0,0,0.00000,1
0.3912,4.2438,2.7358,11.9489,3.0617,0.0943,-0.8435,0,0,1,0.35684,3
0.3684,3.9325,2.7607,11.8682,-2.0858,0.0880,-0.7240,0,1,0,0.29405,3
0.5417,5.6268,2.3750,11.5840,-0.7904,0.0386,-0.7202,0,0,0,0.00000,1
0.4236,4.2042,2.5694,12.5740,-2.8335,0.0069,-1.3515,0,0,1,1.11471,1
0.4236,4.3965,2.6197,12.4745,-1.5915,0.0070,-1.2634,0,0,1,0.78327,1
0.4073,4.2926,2.6695,12.0967,-2.5406,0.0140,-0.8984,0,0,1,0.74532,3
0.3985,4.2480,2.7005,11.4005,-2.2268,0.0378,-0.3497,0,0,0,0.00000,3
0.3493,3.7245,2.7959,11.7481,2.3595,0.0576,-0.5623,0,1,0,0.31632,1
0.3699,4.0667,2.7945,11.5838,-2.6738,0.0339,-0.4476,0,1,0,0.27711,1
0.5893,5.6244,2.1909,11.5816,0.2309,0.0302,-0.7861,0,0,0,0.00000,3
0.4431,4.7101,2.6076,11.6638,-2.4202,0.0812,-0.6839,0,0,0,0.00000,3
0.4361,4.6440,2.6240,12.2576,-1.5027,0.0227,-1.1288,0,1,0,0.53614,1
0.3673,3.9626,2.7758,12.4032,-2.9784,0.0384,-1.0703,0,1,0,1.12537,3
0.5040,4.6373,2.3334,11.3048,1.0387,0.0316,-0.3727,0,0,0,0.00000,3
0.4614,4.7373,2.5317,12.4664,-0.7944,0.0059,-1.3795,0,1,0,0.87224,1
0.4019,4.3875,2.7221,12.7676,2.5254,0.0444,-1.5062,0,1,1,1.28240,1
0.3535,3.8190,2.8043,11.5560,2.7486,0.0199,-0.3886,0,1,0,0.29178,1
0.4816,4.5816,2.4110,11.4858,-2.2961,0.0115,-0.4939,0,0,0,0.00000,1
0.4928,4.7141,2.3943,11.4565,0.8882,0.0044,-0.4731,0,0,0,0.00000,3
0.4370,4.6746,2.6273,12.9663,2.3641,0.0329,-1.8194,0,1,1,1.30441,1
0.4366,4.7784,2.6547,11.3836,2.7863,0.0063,-0.3427,0,0,0,0.00000,1
0.4801,4.7638,2.4574,11.6228,2.3148,0.0412,-0.6583,0,0,0,0.00000,1
0.3764,4.1238,2.7771,12.2203,3.0829,0.0527,-0.9715,0,0,1,0.96518,3
0.4455,4.6192,2.5750,11.3682,2.7553,0.0443,-0.3829,0,0,0,0.00000,3
0.4685,4.3914,2.4214,11.4422,0.7742,0.0142,-0.4392,0,0,0,0.00000,3
0.5147,5.5263,2.4678,12.7773,-2.9003,0.0031,-1.9013,0,1,0,1.36864,1
0.5092,5.0216,2.3919,12.0546,0.4801,0.0389,-1.1490,0,1,0,0.74358,1
0.4845,5.3439,2.5623,11.3364,-2.4976,0.0182,-0.3686,0,0,0,0.00000,2
0.4673,4.6159,2.4782,11.4143,0.8841,0.0600,-0.4676,0,0,0,0.00000,1
0.4583,4.9117,2.5856,13.1034,-1.5546,0.0162,-2.0254,1,1,0,1.35954,1
0.3884,4.0682,2.6992,11.4761,-2.7227,0.0609,-0.4229,0,1,0,0.21418,3
0.4588,4.4925,2.4861,12.6616,1.1140,0.0271,-1.5947,0,1,1,1.30846,1
0.5674,5.2536,2.2105,11.3070,0.9277,0.0172,-0.4296,0,0,0,0.00000,1
0.5060,5.4037,2.4812,11.3081,-2.9188,0.0323,-0.3813,0,0,0,0.00000,3
0.5567,5.4228,2.2800,11.4493,2.1365,0.0156,-0.5688,0,0,0,0.00000,1
0.3928,4.1268,2.6942,11.5328,2.4875,0.0254,-0.4306,0,1,0,0.15497,3
0.5070,4.9126,2.3787,12.2158,1.4501,0.0146,-1.2773,0,0,1,0.64240,1
0.3477,3.7151,2.8016,11.4637,2.4373,0.0462,-0.3482,0,0,0,0.00000,1
0.4453,4.3122,2.5002,12.3875,-2.3043,0.0001,-1.2409,0,0,1,1.08576,1
0.4139,4.1900,2.6103,11.3881,1.8224,0.0848,-0.4110,0,0,0,0.00000,3
0.4402,4.3166,2.5237,11.9280,-2.5240,0.0431,-0.8665,0,1,0,0.60967,1
0.5518,5.7694,2.3593,11.4357,1.3124,0.0012,-0.5320,0,0,0,0.00000,3
0.5636,5.7286,2.3058,11.5472,2.5496,0.0047,-0.6740,0,0,0,0.00000,1
0.4507,4.5361,2.5317,12.3836,0.0388,0.0017,-1.2579,0,0,1,0.52638,1
0.4581,4.8889,2.5815,11.3403,-2.3907,0.0452,-0.3737,0,0,0,0.00000,3
0.3888,4.2731,2.7564,13.3264,-2.0897,0.0165,-1.8993,0,1,1,2.29254,1
0.5250,5.3888,2.3991,11.4575,-2.4519,0.0005,-0.5155,0,0,0,0.00000,3
0.6188,5.5945,2.0800,12.0481,0.9108,0.0219,-1.4021,0,0,1,0.49882,1
0.4378,4.6584,2.6199,12.6548,-2.6801,0.0800,-1.5943,1,1,2,1.58247,1
0.5263,5.0357,2.3267,11.6688,-0.9791,0.0628,-0.8116,0,0,0,0.00000,3
0.5215,5.6268,2.4585,11.4423,-1.3870,0.0096,-0.5073,0,0,0,0.00000,1
0.5411,5.1749,2.2953,11.7550,-0.2792,0.0064,-0.8589,0,0,1,0.21612,3
0.3673,4.0437,2.8009,12.0194,2.9692,0.0640,-0.8066,0,1,1,0.74773,2
0.4279,4.1923,2.5465,11.3734,-2.5828,0.0229,-0.3424,0,0,0,0.00000,3
0.4590,4.3800,2.4581,11.3780,2.6391,0.0235,-0.3815,0,0,0,0.00000,1
0.3649,3.8298,2.7473,11.4045,-1.9635,0.0350,-0.3128,0,0,0,0.00000,1
0.4735,4.9409,2.5247,11.2670,2.0364,0.0305,-0.3066,0,0,0,0.00000,3
0.4790,4.6791,2.4432,11.4042,0.1494,0.0032,-0.4054,0,0,0,0.00000,3
0.4950,4.7948,2.4025,11.2503,-2.7153,0.0157,-0.2940,0,0,0,0.00000,1
0.4124,4.3332,2.6560,11.3600,-2.5881,0.0636,-0.3623,0,0,0,0.00000,3
0.4632,4.5741,2.4861,11.3132,-2.0646,0.0512,-0.3612,0,0,0,0.00000,1
0.4461,4.3167,2.4979,12.6622,-1.1017,0.0191,-1.5346,0,1,0,1.46065,1
0.3528,3.7910,2.7993,11.9831,-2.1687,0.0600,-0.7416,0,0,1,0.52988,1
0.4056,4.2490,2.6660,11.4803,2.1328,0.0463,-0.4307,0,0,0,0.00000,3
0.4415,4.6781,2.6076,11.3680,-1.9004,0.0283,-0.3598,0,0,0,0.00000,3
0.4697,4.9824,2.5505,11.4741,2.5003,0.0069,-0.4636,0,0,0,0.00000,3
0.3763,4.0644,2.7598,12.5221,-2.2025,0.0259,-1.1761,0,1,1,1.31253,1
0.4205,4.1022,2.5559,12.5028,-1.9991,0.0185,-1.2946,0,1,1,0.91210,1
0.4482,4.7964,2.6049,11.4020,2.5730,0.0429,-0.4140,0,0,0,0.00000,3
0.4675,5.1622,2.6000,11.3922,-1.7917,0.0042,-0.3840,0,0,0,0.00000,0
0.5815,5.3889,2.1816,11.4636,0.5552,0.0133,-0.6163,0,0,0,0.00000,1
0.5459,5.2252,2.2862,11.4303,0.1359,0.0053,-0.5203,0,0,0,0.00000,3
0.4651,4.6110,2.4867,11.5199,0.9022,0.0519,-0.5518,0,0,0,0.00000,1
0.5030,4.9170,2.3957,12.3749,2.6399,0.0070,-1.4219,0,0,1,0.72709,1
0.4314,4.1797,2.5278,11.3295,2.7364,0.0334,-0.3216,0,0,0,0.00000,1
0.5896,5.3978,2.1535,11.5510,0.4187,0.0107,-0.7249,0,0,0,0.00000,1
0.4540,4.3880,2.4813,11.8015,1.8459,0.0289,-0.7616,0,0,1,0.44687,3
0.4062,4.1856,2.6455,11.5838,-2.4224,0.0902,-0.5672,0,0,0,0.00000,3
0.4164,4.4914,2.6787,12.8834,-2.6510,0.0986,-1.7609,0,1,4,3.20312,1
0.4782,4.5584,2.4194,11.4017,-2.4463,0.0004,-0.3983,0,0,0,0.00000,3
0.4764,4.3646,2.3826,11.2957,0.5149,0.0224,-0.3245,0,0,0,0.00000,3
0.4606,4.7939,2.5484,12.4992,-2.9012,0.0522,-1.4797,0,1,1,0.90149,1
0.3999,4.1070,2.6540,11.4323,-2.4348,0.0234,-0.3591,0,0,0,0.00000,3
0.3927,4.0451,2.6713,12.7974,2.1162,0.0006,-1.4248,0,0,1,1.37838,1
0.4426,4.8397,2.6411,12.4796,3.0283,0.0378,-1.3785,0,0,1,0.99982,3
0.5704,5.2995,2.2071,11.4200,0.1782,0.0648,-0.6152,0,0,0,0.00000,3
0.3817,4.0852,2.7383,12.0882,-3.1068,0.0515,-0.8781,0,1,1,0.73445,3
0.4620,5.0947,2.6102,11.2865,1.8581,0.0039,-0.2832,0,0,0,0.00000,0
0.5337,5.0076,2.2925,11.3556,1.1698,0.0334,-0.4601,0,0,0,0.00000,3
0.5304,5.3054,2.3615,11.5098,-0.8692,0.1172,-0.7191,0,0,0,0.00000,1
0.4155,4.3522,2.6461,11.4761,-2.9051,0.0416,-0.4345,0,0,0,0.00000,3
0.4975,4.9299,2.4205,11.3928,-1.1275,0.0372,-0.4581,0,0,0,0.00000,3
0.4332,4.3873,2.5731,11.4234,1.5509,0.0428,-0.4137,0,0,0,0.00000,3
0.3697,4.0160,2.7797,12.1596,2.9673,0.0758,-0.9370,0,1,0,0.58076,3
0.4588,4.8242,2.5634,11.6494,-2.6878,0.0835,-0.7003,0,0,0,0.00000,1
0.4674,4.3762,2.4224,11.3209,2.9090,0.0058,-0.3190,0,0,0,0.00000,1
0.5606,5.5289,2.2834,11.4465,0.5772,0.0681,-0.6359,0,0,0,0.00000,1
0.4072,4.4357,2.7089,11.5114,3.0904,0.0454,-0.4570,0,1,0,0.16759,3
0.4342,4.3132,2.5496,11.2968,0.1828,0.0104,-0.2712,0,0,0,0.00000,1
0.4415,4.5300,2.5711,11.5486,2.7493,0.0692,-0.5643,0,0,0,0.00000,1
0.4255,4.3221,2.5914,12.3295,1.4085,0.0317,-1.1748,0,0,2,0.82667,1
0.4186,4.0814,2.5591,11.5080,3.0186,0.0421,-0.4646,0,0,0,0.00000,0
0.4262,4.3164,2.5867,11.5502,-2.3487,0.1240,-0.6094,0,0,0,0.00000,1
0.5377,4.8783,2.2525,11.6041,0.2285,0.0418,-0.7352,0,0,0,0.00000,3
0.3855,3.9766,2.6869,11.2839,2.6558,0.0072,-0.2137,0,0,0,0.00000,1
0.3837,4.0717,2.7240,12.5399,-1.9627,0.0368,-1.2316,0,1,1,1.26877,1
0.4187,4.1480,2.5769,11.3862,-1.0902,0.0166,-0.3355,0,0,0,0.00000,1
0.3837,4.0019,2.7032,11.6009,-2.3681,0.0129,-0.4549,0,0,1,0.17219,1
0.5603,5.6759,2.3098,11.4839,1.7161,0.0579,-0.6646,0,0,0,0.00000,1
0.4574,4.4728,2.4874,12.4347,-2.6410,0.0120,-1.3427,0,0,0,0.00000,1
0.3414,3.7400,2.8452,12.9743,2.6141,0.1496,-1.6062,0,1,1,1.73507,1
0.5015,4.7341,2.3636,11.7838,-0.4683,0.0173,-0.8231,0,1,0,0.44613,3
0.5366,5.4649,2.3664,11.9807,-2.2939,0.0246,-1.1202,0,0,1,0.34197,1
0.3802,3.9485,2.7052,11.6649,-3.1372,0.0540,-0.5475,0,1,0,0.39644,3
0.5096,5.2549,2.4366,11.5162,0.7389,0.0183,-0.5739,0,0,0,0.00000,1
0.5046,5.4032,2.4868,12.0249,-1.6487,0.0433,-1.1148,0,0,1,0.46745,3
0.4753,5.0556,2.5417,11.2840,-2.7954,0.0244,-0.3171,0,0,0,0.00000,3
0.5040,4.8430,2.3762,11.4219,-0.2551,0.0161,-0.4689,0,0,0,0.00000,3
0.3308,3.6219,2.8650,13.0362,-2.7967,0.1188,-1.5586,0,1,1,1.86796,1
0.3396,3.7180,2.8479,11.2970,-2.8450,0.0315,-0.2119,0,0,0,0.00000,1
0.4165,4.2420,2.6121,12.0632,-2.5451,0.0395,-0.9263,0,1,0,0.78327,3
0.4950,5.1942,2.4860,11.7480,1.2432,0.0083,-0.7664,1,1,1,0.69859,1
0.5092,5.1611,2.4197,11.4168,-0.6520,0.0067,-0.4607,0,0,0,0.00000,3
0.3992,4.3261,2.7189,13.2995,2.6456,0.0520,-1.9948,0,0,1,1.97691,1
0.4400,4.7661,2.6355,12.5796,2.1256,0.0129,-1.4270,0,1,1,1.27207,1
0.3925,4.0905,2.6856,11.8603,-2.0648,0.0268,-0.6883,0,1,0,0.52009,1
0.3733,3.8948,2.7236,12.3870,-2.8187,0.0892,-1.1490,0,1,1,0.74998,1
0.4138,4.1385,2.5966,12.4116,1.5364,0.0011,-1.1663,0,1,1,0.95071,1
0.3683,3.8671,2.7410,12.0536,-3.1411,0.0600,-0.8302,0,1,3,1.23489,3
0.5434,5.2256,2.2959,11.5311,1.9196,0.0293,-0.6529,0,0,0,0.00000,1
0.3742,3.9556,2.7377,11.3530,2.0466,0.0304,-0.2802,0,0,0,0.00000,1
0.4139,4.2811,2.6350,11.7849,2.9386,0.0268,-0.6683,0,0,1,0.34675,3
0.4297,4.4599,2.6077,11.4362,-1.7962,0.0339,-0.4101,0,0,0,0.00000,3
0.4055,4.2058,2.6545,11.4157,0.7866,0.0003,-0.3259,0,0,0,0.00000,1
0.4288,4.6125,2.6504,11.9348,-2.4703,0.0226,-0.8219,0,1,0,0.38531,3
0.4178,4.5306,2.6823,11.4662,2.8767,0.0509,-0.4404,0,0,0,0.00000,3
0.4025,4.2900,2.6924,12.1266,-2.9503,0.0066,-0.9014,0,1,0,0.48594,1
0.3604,3.9454,2.8076,12.2806,-2.7638,0.0690,-0.9969,0,0,3,0.78197,3
0.4675,5.0058,2.5654,11.2476,2.1877,0.0338,-0.2875,0,0,0,0.00000,3
0.4364,4.1898,2.5082,12.6351,2.0190,0.0255,-1.4832,1,1,1,1.21358,1
0.4600,4.5061,2.4842,11.8355,2.1395,0.0141,-0.7858,0,0,1,0.19231,3
0.5365,5.2113,2.3200,11.2980,1.6890,0.0339,-0.4054,0,0,0,0.00000,1
0.4312,4.6712,2.6539,11.7943,2.7773,0.0547,-0.7448,0,0,1,0.43657,3
0.3379,3.7007,2.8517,13.0102,-2.9574,0.0231,-1.4085,0,1,1,1.82419,1
0.4185,4.3937,2.6431,11.3196,3.1264,0.0810,-0.3555,0,0,0,0.00000,1
0.5036,4.8645,2.3824,11.5052,-0.7954,0.0606,-0.6041,0,0,0,0.00000,1
0.3944,4.0111,2.6532,11.3071,2.4829,0.0890,-0.3314,0,0,0,0.00000,3
0.4505,4.4436,2.5100,11.3873,1.2233,0.0053,-0.3591,0,0,0,0.00000,3
0.3576,3.8910,2.8054,12.2636,2.2540,0.0523,-0.9532,0,0,1,0.91080,1
0.4413,4.3895,2.5374,12.8209,-2.1455,0.0384,-1.7034,0,1,1,1.38492,1
0.4466,4.5323,2.5489,11.4559,2.0854,0.0548,-0.4727,0,0,0,0.00000,3
0.5341,5.5780,2.3972,12.8338,2.7134,0.0224,-2.0778,0,0,1,1.26161,1
0.4948,5.2619,2.5008,11.5726,1.4596,0.0462,-0.6410,0,0,0,0.00000,1
0.4841,4.5491,2.3934,11.4945,-2.1478,0.0029,-0.4949,0,0,0,0.00000,1
0.4404,4.1987,2.4930,11.3267,-1.9553,0.0055,-0.2961,0,0,0,0.00000,3
0.4848,5.0886,2.5075,11.4840,2.6644,0.0531,-0.5486,0,0,0,0.00000,1
0.5160,5.2173,2.4029,11.3759,1.7085,0.0086,-0.4310,0,0,0,0.00000,3
0.3993,4.0856,2.6506,12.1390,-1.9746,0.0564,-0.9707,0,1,0,0.82747,3
0.4562,4.5754,2.5168,11.4683,-2.0722,0.0181,-0.4525,0,0,0,0.00000,3
0.4527,4.6470,2.5491,11.4592,-0.9147,0.0179,-0.4401,0,0,0,0.00000,1
0.4626,4.7292,2.5246,11.4444,-1.8561,0.0834,-0.5172,0,0,0,0.00000,3
0.3627,3.7981,2.7485,12.4187,2.1703,0.0627,-1.1032,0,1,1,0.86382,1
0.5548,5.2836,2.2627,11.6599,0.3441,0.0502,-0.8382,0,0,0,0.00000,1
0.4219,4.4381,2.6384,11.7017,1.9979,0.0300,-0.6173,0,1,0,0.22239,3
0.4035,4.0592,2.6230,11.2474,2.8334,0.0605,-0.2609,0,0,0,0.00000,1
0.4254,4.3177,2.5908,12.2129,2.9766,0.0517,-1.0982,0,1,0,0.67210,1
0.5250,5.2191,2.3668,11.3620,-0.3294,0.0036,-0.4219,0,0,0,0.00000,3
0.4763,4.9810,2.5215,11.4303,-3.0820,0.0733,-0.5101,0,0,0,0.00000,1
0.4825,4.7378,2.4416,11.3285,2.8436,0.0223,-0.3620,0,0,0,0.00000,1
0.5729,5.6409,2.2552,11.3511,-0.8307,0.0182,-0.4873,0,0,0,0.00000,3
0.3610,3.8098,2.7609,11.5117,-2.4062,0.0978,-0.4580,0,0,0,0.00000,3
0.5064,5.2551,2.4500,12.3920,-1.6822,0.0145,-1.4653,0,1,0,0.89957,1
0.4439,4.2369,2.4878,11.4129,-1.6041,0.0426,-0.4167,0,0,0,0.00000,3
0.4322,4.3614,2.5711,11.6076,1.7811,0.0057,-0.5241,0,0,1,0.25750,3
0.4688,4.5777,2.4632,12.7713,0.8041,0.0145,-1.7233,0,0,2,1.58912,1
0.4679,4.4408,2.4352,11.7450,-3.0676,0.0105,-0.7121,0,0,1,0.37905,1
0.4467,4.2107,2.4690,11.2205,-2.2183,0.0286,-0.2383,0,0,0,0.00000,1
0.5018,5.1010,2.4383,11.2946,0.9756,0.0016,-0.3273,0,0,0,0.00000,3
0.4844,4.8232,2.4525,11.4862,1.4003,0.0271,-0.5179,0,0,0,0.00000,3
0.4408,4.2038,2.4926,12.5197,2.6398,0.0209,-1.3818,0,0,1,1.02816,1
0.4364,4.7697,2.6533,11.6508,1.6562,0.0647,-0.6411,0,0,0,0.00000,1
0.4047,4.2977,2.6838,12.2385,2.7632,0.1068,-1.1398,0,1,0,0.94078,1
0.4157,4.0852,2.5733,12.4942,2.4500,0.0108,-1.2591,0,1,1,1.13241,1
0.4729,4.8389,2.5047,12.6419,2.9925,0.0060,-1.5951,0,0,1,1.29246,1
0.5011,5.2352,2.4685,11.9830,2.6848,0.0289,-1.0426,0,1,0,0.70551,1
0.5201,5.5446,2.4486,13.0722,1.9788,0.0012,-2.2570,1,1,2,1.71454,1
0.4048,4.0185,2.6055,11.4203,-3.1081,0.0336,-0.3668,0,0,0,0.00000,3
0.4195,4.1063,2.5616,11.6696,-0.7685,0.0069,-0.5568,0,1,0,0.37031,1
0.4338,4.5980,2.6233,11.5634,-2.6763,0.1307,-0.6400,0,0,0,0.00000,1
0.3855,4.2239,2.7592,12.2238,-2.7172,0.0967,-1.0592,0,1,0,0.86144,3
0.3932,4.3018,2.7421,12.7174,-2.9230,0.1254,-1.5546,0,1,1,1.41924,1
0.5067,5.3455,2.4665,11.5279,2.2175,0.0032,-0.5634,0,0,0,0.00000,3
0.3615,3.8387,2.7676,12.0509,3.1008,0.0174,-0.7562,0,1,0,0.71011,1
0.3568,3.7966,2.7794,11.6529,-2.9850,0.0732,-0.5251,0,1,0,0.15345,3
0.5589,5.6787,2.3156,11.5354,-0.7321,0.0516,-0.7115,0,0,0,0.00000,1
0.3933,4.0156,2.6600,11.2587,-2.7026,0.0093,-0.2037,0,0,0,0.00000,3
0.4922,5.3215,2.5239,12.2109,2.3945,0.0507,-1.2849,0,0,1,0.83613,3
0.4949,5.3852,2.5251,12.0587,-2.1767,0.0585,-1.1457,0,0,1,0.77512,3
0.5453,5.7259,2.3781,11.4094,-0.9016,0.0131,-0.5094,0,0,0,0.00000,3
0.5341,5.2157,2.3303,11.5435,-1.8634,0.0270,-0.6488,0,0,1,0.14678,1
0.4345,4.3462,2.5567,11.6473,-2.6937,0.0149,-0.5728,0,0,1,0.23982,3
0.3993,4.0205,2.6324,12.9967,-2.2772,0.0004,-1.6242,1,1,0,1.58861,1
0.3510,3.8668,2.8338,13.3879,2.9543,0.0803,-1.8785,0,1,0,2.25724,0
0.5680,5.5489,2.2585,12.8130,1.0921,0.0093,-2.1697,0,1,4,2.29624,1
0.3436,3.7534,2.8377,11.3275,2.7152,0.0372,-0.2418,0,0,0,0.00000,1
0.3912,4.2881,2.7484,12.2032,-2.7531,0.1647,-1.1503,0,1,1,0.84561,1
0.5348,4.9764,2.2822,11.4406,-0.7618,0.0696,-0.5934,0,0,0,0.00000,3
0.3588,3.8906,2.7987,12.3031,-2.9270,0.0578,-0.9943,0,1,0,0.26894,3
0.4532,4.7041,2.5606,13.0557,2.8499,0.0189,-1.9564,0,1,1,1.20101,1
0.4768,4.5120,2.4148,11.3628,2.3315,0.0331,-0.3994,0,0,0,0.00000,1
0.4324,4.5049,2.6063,12.1067,1.8983,0.0018,-0.9537,0,1,0,0.76920,1
0.4021,4.3744,2.7173,12.1474,-2.7229,0.1189,-1.0695,0,0,1,0.61347,1
0.5455,5.1175,2.2682,11.3157,0.4701,0.0104,-0.4054,0,0,0,0.00000,3
0.4760,5.0321,2.5336,11.5324,-1.3909,0.0401,-0.5661,0,0,0,0.00000,1
0.3396,3.7489,2.8582,12.1581,-2.9737,0.1441,-0.9493,0,0,1,0.72954,2
0.4322,4.3931,2.5792,11.3569,1.1369,0.0225,-0.3331,0,0,0,0.00000,1
0.4803,4.9951,2.5069,12.1080,2.4621,0.0224,-1.1071,1,1,0,0.40233,3
0.3873,4.0096,2.6878,11.7824,2.9027,0.0530,-0.6497,0,1,0,0.28615,3
0.4106,4.4396,2.6934,11.8093,-2.7347,0.0263,-0.6823,1,1,0,0.50300,3
0.4366,4.3897,2.5583,11.3598,-1.4849,0.0051,-0.3201,0,0,0,0.00000,3
0.4402,4.3750,2.5386,11.3936,0.6760,0.0172,-0.3666,0,0,0,0.00000,1
0.4298,4.2550,2.5545,11.8351,1.6486,0.0115,-0.7216,0,1,0,0.30489,3
0.6143,5.6943,2.1110,11.3684,-0.4359,0.0498,-0.5984,0,0,0,0.00000,3
0.4354,4.1646,2.5063,11.3449,-0.5209,0.0058,-0.3065,0,0,0,0.00000,1
0.4500,4.2947,2.4759,11.5491,1.5520,0.0154,-0.5112,0,0,0,0.00000,3
0.3697,3.9387,2.7559,11.3821,3.0105,0.1477,-0.4304,0,0,0,0.00000,1
0.4470,4.2357,2.4739,11.5075,-0.3460,0.0172,-0.4725,0,0,0,0.00000,1
0.4339,4.6681,2.6400,11.7749,-2.0887,0.0116,-0.6794,0,0,1,0.38160,1
0.4887,4.5004,2.3640,12.1164,2.0124,0.0011,-1.1033,0,0,1,0.42448,1
0.4352,4.3081,2.5437,11.3150,-2.3590,0.0590,-0.3431,0,0,0,0.00000,1
0.4180,4.2954,2.6193,11.3869,-2.1269,0.0554,-0.3806,0,0,0,0.00000,3
0.4523,4.6964,2.5629,12.0606,-1.4606,0.0442,-1.0190,0,0,1,0.66840,1
0.4998,4.6104,2.3440,11.5451,-0.7157,0.0777,-0.6584,0,0,0,0.00000,1
0.4945,4.5653,2.3554,11.4586,2.8693,0.0060,-0.4785,0,0,0,0.00000,1
0.3687,3.8593,2.7366,12.4359,-3.0918,0.0498,-1.1169,0,1,0,1.19145,1
0.4605,4.5871,2.5008,11.3885,2.3208,0.0278,-0.3983,0,0,0,0.00000,3
0.6046,5.7552,2.1550,11.9340,-0.2491,0.0042,-1.2021,0,0,1,0.42997,1
0.5103,5.1992,2.4228,11.5345,1.5413,0.0238,-0.5995,0,0,0,0.00000,3
0.3960,4.2213,2.7054,12.9214,-1.9242,0.0167,-1.5733,0,1,1,1.62342,1
0.6141,5.6379,2.1033,11.5685,0.0954,0.1019,-0.9046,0,0,0,0.00000,1
0.4504,4.7176,2.5764,12.2294,1.7185,0.0099,-1.1252,0,0,2,0.72632,1
0.4639,4.8268,2.5412,12.6349,1.4991,0.0018,-1.5487,0,1,0,1.28178,1
0.3958,4.0377,2.6541,11.2902,1.8385,0.0210,-0.2428,0,0,0,0.00000,1
0.4576,4.9185,2.5903,11.2822,-1.5536,0.0082,-0.2797,0,0,0,0.00000,1
0.4560,4.9615,2.6074,11.5067,3.0299,0.0852,-0.5676,0,1,0,0.19487,1
0.5303,5.0891,2.3212,11.3647,0.3275,0.0036,-0.4302,0,0,0,0.00000,3
0.4411,4.5831,2.5860,11.3518,2.0133,0.0195,-0.3354,0,0,0,0.00000,3
0.4999,5.2207,2.4705,13.1257,2.8654,0.0266,-2.2673,1,1,0,0.95831,1
0.4888,4.7591,2.4203,11.5432,2.5122,0.0242,-0.5746,0,0,0,0.00000,1
0.4573,4.8314,2.5718,11.4261,-2.3018,0.0289,-0.4299,0,0,0,0.00000,3
0.4490,4.5740,2.5482,11.4072,3.0613,0.0312,-0.4054,0,0,0,0.00000,3
0.5050,4.6896,2.3403,11.7160,-1.8724,0.0241,-0.7703,0,0,1,0.25107,1
0.5533,5.7447,2.3491,11.6739,-2.8599,0.0293,-0.8268,0,0,1,0.25071,1
0.3919,4.2777,2.7420,11.3954,2.1664,0.0736,-0.3796,0,0,0,0.00000,1
0.6252,6.1850,2.1418,12.8126,0.2835,0.0105,-2.4176,0,0,1,1.53795,1
0.4064,4.0387,2.6037,11.3526,-2.1134,0.0164,-0.2956,0,0,0,0.00000,3
0.4278,4.3934,2.5992,11.7311,-3.1149,0.0181,-0.6376,0,1,0,0.28342,3
0.4965,4.8576,2.4095,11.3948,-2.2577,0.0065,-0.4222,0,0,0,0.00000,3
0.4698,4.4163,2.4216,11.5481,-2.2057,0.0374,-0.5663,0,0,0,0.00000,1
0.3727,3.9300,2.7380,11.4527,2.8289,0.1220,-0.4570,0,0,0,0.00000,3
0.4039,4.3951,2.7141,11.8011,2.0320,0.0409,-0.6811,0,0,1,0.43270,1
0.4321,4.1734,2.5228,11.3336,-0.3552,0.0071,-0.2954,0,0,0,0.00000,1
0.4808,5.0815,2.5233,12.0762,-1.0238,0.0006,-1.0478,0,0,0,0.00000,1
0.4607,4.9725,2.5887,13.2509,-2.7802,0.0201,-2.1984,1,1,0,1.86527,1
0.4330,4.7806,2.6720,13.1275,-2.0068,0.0049,-1.9106,2,2,2,2.06436,0
0.4391,4.5888,2.5964,11.5113,1.8251,0.0493,-0.5048,0,0,0,0.00000,3
0.4470,4.5162,2.5433,11.3424,-2.9857,0.0100,-0.3223,0,0,0,0.00000,3
0.4213,4.4893,2.6547,11.5525,-2.4655,0.0966,-0.5711,0,0,0,0.00000,3
0.4563,4.9190,2.5963,12.0101,1.1025,0.0042,-0.9292,0,0,1,0.41188,1
0.3816,3.9155,2.6880,11.9924,-2.8810,0.0156,-0.7547,0,1,0,0.70009,3
0.6536,6.2234,2.0441,11.5077,-0.8034,0.0954,-0.8899,0,0,0,0.00000,3
0.4311,4.5725,2.6295,11.3546,-2.4981,0.0220,-0.3301,0,0,0,0.00000,3
0.4595,4.6643,2.5231,11.7682,-2.1065,0.0201,-0.7316,0,1,0,0.40728,3
0.4724,4.3895,2.4045,12.1010,1.1223,0.0055,-1.0523,0,0,1,0.51930,1
0.4127,4.3382,2.6560,11.3798,-3.1202,0.0723,-0.3886,0,0,0,0.00000,3
0.4241,4.4722,2.6371,11.3402,-1.4170,0.0071,-0.2937,0,0,0,0.00000,1
0.4335,4.5500,2.6128,11.3515,2.9944,0.0737,-0.3893,0,0,0,0.00000,1
0.4359,4.7620,2.6536,12.2066,1.9471,0.0044,-1.0573,0,1,0,0.70603,1
0.3846,4.1189,2.7335,12.8942,2.8231,0.0218,-1.5103,1,1,2,1.39928,1
0.4147,4.1041,2.5830,11.4101,-2.9882,0.0190,-0.3531,0,0,0,0.00000,3
0.4101,4.3603,2.6745,12.5963,2.7437,0.0718,-1.4254,0,1,0,1.50373,1
0.4137,4.1875,2.6104,12.0463,2.5721,0.0535,-0.9238,0,0,1,0.42221,1
0.4178,4.3174,2.6263,12.1901,-0.5526,0.0005,-0.9860,0,1,0,0.27732,1
0.3967,4.0591,2.6558,11.4592,2.4071,0.1735,-0.5519,0,0,0,0.00000,1
0.5333,5.2337,2.3370,11.5536,1.1899,0.0616,-0.7010,0,0,0,0.00000,3
0.4847,5.0343,2.4966,11.6128,-2.8887,0.0496,-0.6674,0,0,0,0.00000,1
0.3502,3.8569,2.8349,11.3741,2.5758,0.0505,-0.2944,0,0,0,0.00000,0
0.4070,4.1844,2.6414,11.7859,-3.0883,0.0224,-0.6506,0,1,0,0.45051,3
0.4932,4.6985,2.3894,11.5532,-0.5380,0.0181,-0.5829,0,0,0,0.00000,3
0.4152,4.5505,2.7000,11.7743,2.9472,0.0399,-0.6790,0,0,1,0.19340,3
0.3475,3.7955,2.8296,12.0650,-2.6235,0.1654,-0.9272,0,1,0,0.78578,3
0.3645,3.9190,2.7772,12.6149,2.9552,0.0198,-1.2007,1,1,0,1.23088,1
0.3318,3.6331,2.8632,13.3368,2.1698,0.0479,-1.6766,0,1,0,2.34244,1
0.5018,4.6259,2.3396,12.3127,0.2895,0.0000,-1.3392,0,0,1,0.83227,1
0.4766,5.0199,2.5286,11.3595,0.7922,0.0144,-0.3758,0,0,0,0.00000,1
0.3859,4.2170,2.7552,11.4942,-3.0783,0.1473,-0.5345,0,0,0,0.00000,1
0.3581,3.8179,2.7791,11.3899,2.9191,0.1088,-0.3796,0,0,0,0.00000,3
0.4027,4.0705,2.6303,11.2564,-2.6267,0.0478,-0.2529,0,0,0,0.00000,3
0.4084,4.1855,2.6351,12.3029,2.7613,0.0057,-1.0635,1,1,1,1.19421,1
0.4554,4.9782,2.6140,12.7199,2.9861,0.0647,-1.7024,0,0,1,1.37628,1
0.3464,3.7289,2.8135,11.3121,2.1502,0.0991,-0.3030,0,0,0,0.00000,1
0.5282,5.0758,2.3269,12.2645,-0.5396,0.0473,-1.4408,0,0,1,1.04212,1
0.4813,4.5119,2.3964,12.4056,1.8222,0.0057,-1.3800,0,0,2,0.59189,1
0.3857,3.9219,2.6694,12.8042,-2.4765,0.0279,-1.4479,0,0,1,1.61075,1
0.5070,5.0362,2.4035,11.3080,-2.9388,0.0257,-0.3736,0,0,0,0.00000,1
0.4614,4.4238,2.4587,11.2869,-0.0655,0.0289,-0.3098,0,0,0,0.00000,1
0.4171,4.4701,2.6697,11.2408,1.9354,0.0070,-0.2073,0,0,0,0.00000,1
0.5207,4.7499,2.2919,11.4753,0.5421,0.0520,-0.5873,0,0,0,0.00000,3
0.4366,4.2370,2.5196,11.3960,-2.3144,0.0371,-0.3874,0,0,0,0.00000,1
0.4953,5.3798,2.5224,12.6839,-1.3406,0.0003,-1.7180,1,1,0,1.09926,1
0.3824,4.1728,2.7605,12.5633,2.9650,0.0652,-1.2889,0,1,1,0.97695,1
0.4166,4.2659,2.6183,11.4692,-1.9714,0.0369,-0.4245,0,0,0,0.00000,3
0.4733,4.7739,2.4884,12.5085,-1.2322,0.0290,-1.4968,0,0,1,1.05539,1
0.4516,4.7069,2.5685,11.9900,2.9676,0.0268,-0.9284,0,0,1,0.45235,3
0.5264,5.1499,2.3482,11.5541,-0.8173,0.0273,-0.6479,0,0,0,0.00000,3
0.3617,3.9391,2.7984,11.6109,3.0469,0.1515,-0.5951,0,0,0,0.00000,3
0.4738,4.5741,2.4414,12.3366,-0.8496,0.0565,-1.3649,0,1,0,0.94413,1
0.3410,3.6844,2.8284,11.8781,3.0961,0.0205,-0.5925,0,1,0,0.54441,1
0.3896,3.9774,2.6667,12.8694,1.9310,0.0115,-1.4920,1,1,1,1.47552,1
0.4654,4.7206,2.5104,11.3385,2.4020,0.0655,-0.4031,0,0,0,0.00000,1
0.4323,4.4514,2.5937,12.1529,-2.6423,0.0736,-1.0930,0,0,3,0.87439,1
0.4844,4.5672,2.3963,11.4670,1.0412,0.0293,-0.5014,0,0,0,0.00000,3
0.5652,5.4273,2.2486,12.4306,1.6778,0.0232,-1.7149,0,1,0,1.00903,1
0.3734,3.9933,2.7536,11.4852,-3.0223,0.1673,-0.5350,0,0,0,0.00000,1
0.3702,3.9948,2.7709,11.3838,-1.8269,0.0658,-0.3388,0,0,0,0.00000,1
0.4178,4.5439,2.6857,12.2213,2.8917,0.0111,-1.0290,0,0,1,0.58505,1
0.4357,4.1980,2.5135,11.7891,1.7626,0.0304,-0.7168,0,1,0,0.19232,3
0.4892,4.5331,2.3695,11.8437,-2.2106,0.0132,-0.8512,0,0,1,0.63593,1
0.5881,5.9630,2.2487,12.8490,1.7409,0.0155,-2.3157,1,1,0,1.20648,1
0.3638,3.9044,2.7765,11.8633,-2.7894,0.0744,-0.6939,0,0,1,0.47104,3
0.5169,5.4966,2.4531,13.0879,2.6642,0.0090,-2.2737,0,0,2,1.65110,1
0.4456,4.4390,2.5304,11.3448,2.5713,0.0742,-0.3970,0,0,0,0.00000,1
0.4098,4.3092,2.6622,11.5623,2.7119,0.1417,-0.6165,0,0,0,0.00000,1
0.3682,3.9465,2.7662,12.1004,-2.9391,0.1197,-0.9453,0,1,0,0.68362,1
0.4762,4.4590,2.4051,11.2720,1.1615,0.0417,-0.3254,0,0,0,0.00000,3
0.5086,5.5056,2.4899,11.5554,2.0789,0.0212,-0.6160,0,0,0,0.00000,3
0.4004,4.1780,2.6717,11.7269,-2.0774,0.0132,-0.5797,0,1,0,0.22550,1
0.3593,3.8451,2.7815,11.7207,2.4544,0.0513,-0.5518,0,0,1,0.32978,3
0.5502,5.6601,2.3470,11.6010,-0.6171,0.0436,-0.7591,0,0,0,0.00000,1
0.3734,4.0677,2.7761,11.5995,-2.9778,0.2150,-0.6795,0,0,0,0.00000,1
0.4860,4.4242,2.3580,11.5538,0.5781,0.0140,-0.5663,0,0,0,0.00000,3
0.5600,5.3692,2.2581,12.0709,0.0524,0.0023,-1.2472,0,0,3,0.97786,1
0.4035,4.3793,2.7117,12.5122,-2.1454,0.0723,-1.3276,0,1,0,1.30381,1
0.4226,4.2192,2.5777,11.3671,2.3751,0.0143,-0.3218,0,0,0,0.00000,3
0.5143,4.9789,2.3629,11.3834,2.4050,0.0094,-0.4363,0,0,0,0.00000,1
0.4260,4.5713,2.6535,12.9471,-1.8825,0.0071,-1.7088,0,1,0,0.45450,1
0.4252,4.1489,2.5473,11.9410,1.8301,0.0175,-0.8107,0,1,0,0.68358,3
0.5096,4.6716,2.3188,11.3784,-1.0319,0.0498,-0.4726,0,0,0,0.00000,3
0.4465,4.7527,2.6024,11.5267,2.1584,0.0565,-0.5373,0,0,0,0.00000,3
0.4455,4.5079,2.5478,11.8857,-2.8491,0.0402,-0.8362,0,1,0,0.52826,1
0.5493,5.7266,2.3621,11.5946,0.6562,0.0339,-0.7388,0,0,0,0.00000,1
0.4542,4.3029,2.4598,12.0073,-2.5759,0.0244,-0.9453,0,0,1,0.38831,1
0.5292,5.6306,2.4268,11.8612,-1.1656,0.0174,-0.9659,0,0,1,0.47189,1
0.3943,4.3204,2.7419,12.3938,3.0516,0.1436,-1.2963,0,0,3,0.90748,1
0.4048,4.3074,2.6861,12.2107,2.3604,0.0249,-1.0027,0,0,1,0.48793,3
0.3706,3.9027,2.7400,13.0712,-2.7256,0.0575,-1.6630,0,1,1,1.59569,1
0.5245,5.5533,2.4320,11.8548,1.4252,0.0319,-0.9675,0,0,1,0.33075,3
0.5505,5.5963,2.3347,11.5507,-0.4684,0.0176,-0.6724,0,0,0,0.00000,3
0.4268,4.1598,2.5430,11.3227,-1.8162,0.0176,-0.2933,0,0,0,0.00000,3
0.5202,5.2421,2.3907,11.4431,2.2937,0.0431,-0.5451,0,0,0,0.00000,1
0.5204,5.0746,2.3573,11.4761,1.5935,0.0037,-0.5304,0,0,0,0.00000,3
0.3981,4.1492,2.6744,12.1642,3.0517,0.0242,-0.9449,0,1,0,0.71021,3
0.4615,4.7275,2.5292,11.3117,2.1635,0.0478,-0.3544,0,0,0,0.00000,3
0.4783,5.1425,2.5475,11.3321,-2.4162,0.0232,-0.3631,0,0,0,0.00000,3
0.4464,4.7247,2.5962,11.3127,-2.6856,0.0645,-0.3592,0,0,0,0.00000,3
0.3868,4.1052,2.7182,11.4088,3.0878,0.1158,-0.4327,0,0,0,0.00000,1
0.3425,3.7507,2.8426,12.4938,3.0901,0.0430,-1.0680,0,0,3,1.10480,3
0.5063,4.6052,2.3176,11.5186,0.2506,0.0393,-0.5940,0,0,0,0.00000,3
0.5045,5.3580,2.4785,11.8658,1.1794,0.0519,-0.9609,1,0,1,0.50894,1
0.5270,5.2660,2.3679,11.7944,-0.8328,0.0101,-0.8784,0,1,0,0.32436,3
0.4060,4.2687,2.6696,11.3716,1.6796,0.0009,-0.2927,0,0,0,0.00000,1
0.4766,5.1990,2.5671,12.0945,-2.2403,0.0273,-1.0921,0,0,1,0.39452,3
0.4786,4.4288,2.3887,11.9867,-0.7581,0.0134,-0.9676,0,1,0,0.62496,1
0.3777,3.8921,2.7007,13.0466,-2.8910,0.0569,-1.6732,0,1,1,1.93495,1
0.5452,5.6533,2.3657,11.4778,1.5687,0.0221,-0.5922,0,0,0,0.00000,3
0.4885,5.1873,2.5123,11.4457,-1.7607,0.0178,-0.4753,0,0,0,0.00000,3
0.3883,4.2676,2.7574,12.2515,-2.8679,0.0076,-0.9678,0,1,1,0.80122,1
0.4795,5.0158,2.5148,11.9443,-2.8675,0.0527,-0.9845,0,1,0,0.78367,1
0.4345,4.7211,2.6506,12.2169,2.7756,0.0060,-1.0646,0,0,1,0.62178,1
0.3709,3.8779,2.7309,12.0351,-2.1164,0.0536,-0.8134,0,0,1,0.50944,3
0.4062,4.2612,2.6665,13.0721,1.5281,0.0023,-1.7273,0,0,1,1.74905,1
0.4445,4.5980,2.5742,11.8234,1.4613,0.0445,-0.7837,0,1,0,0.23212,1
0.5186,4.8367,2.3172,11.7956,-1.9526,0.0083,-0.8576,0,0,1,0.46352,1
0.3815,4.1853,2.7689,12.9748,3.1095,0.0427,-1.6012,0,1,0,0.23445,1
0.4140,4.1104,2.5883,12.1417,2.7165,0.0370,-0.9839,0,1,0,0.84847,1
0.4781,5.1010,2.5395,11.5544,-2.7090,0.0221,-0.5684,0,0,0,0.00000,3
0.4363,4.3998,2.5620,12.8519,1.4571,0.0107,-1.6662,0,1,0,1.44700,1
0.5812,5.7732,2.2452,11.3764,0.1602,0.0367,-0.5488,0,0,0,0.00000,3
0.4319,4.2009,2.5310,11.6760,2.6146,0.0160,-0.5940,0,1,0,0.22542,3
0.5153,5.2386,2.4100,11.2863,-1.7085,0.0122,-0.3459,0,0,0,0.00000,3
0.4971,5.0632,2.4501,11.9439,-2.3612,0.0387,-1.0055,0,1,0,0.41880,1
0.3617,3.9915,2.8149,12.6613,-2.1377,0.0490,-1.2717,0,1,1,1.09078,0
0.4878,4.6353,2.3976,11.5063,0.9380,0.0286,-0.5427,0,0,0,0.00000,3
0.3818,4.1385,2.7536,12.8873,-2.7209,0.0295,-1.5055,0,1,0,1.68928,1
0.4531,4.7049,2.5609,11.8268,1.0811,0.0222,-0.7758,0,1,0,0.57285,1
0.3729,4.0950,2.7868,12.6049,2.3916,0.0715,-1.2999,0,1,1,1.33899,1
0.4002,4.2343,2.6882,11.4288,-2.0378,0.0528,-0.3910,0,0,0,0.00000,3
0.5299,5.3802,2.3776,11.9216,0.4772,0.0059,-1.0149,0,0,1,0.19410,3
0.4011,4.3621,2.7193,11.4685,2.4391,0.1599,-0.5483,0,0,0,0.00000,3
0.4555,4.5185,2.5063,11.2730,-2.4851,0.0378,-0.3025,0,0,0,0.00000,1
0.4812,4.5230,2.3993,12.4997,-1.1497,0.0274,-1.5102,0,0,1,0.96156,1
0.3778,4.1519,2.7782,12.0173,-2.6272,0.0982,-0.8734,0,0,2,0.39611,3
0.3835,4.1093,2.7359,11.8810,2.9758,0.0338,-0.6958,0,0,1,0.43105,3
0.5110,4.8833,2.3566,11.5003,1.6054,0.0214,-0.5620,0,0,0,0.00000,3
0.4274,4.2835,2.5726,11.3725,2.4715,0.1012,-0.4322,0,0,0,0.00000,1
0.4520,4.9067,2.6132,11.5714,-2.9690,0.0984,-0.6360,0,0,0,0.00000,1
0.3585,3.8311,2.7811,12.7618,2.7600,0.0231,-1.2998,1,1,1,1.44264,1
0.5078,5.0781,2.4088,11.5025,1.5698,0.0046,-0.5402,0,0,0,0.00000,3
0.5313,5.3730,2.3707,11.9717,-1.3201,0.0166,-1.0864,0,0,1,0.45124,3
0.3636,3.8487,2.7597,12.8122,-2.4029,0.0155,-1.3474,0,1,1,1.56167,1
0.3614,3.9656,2.8087,13.1690,-2.7556,0.0926,-1.7642,0,1,0,2.03422,1
0.3634,3.9459,2.7917,11.6481,-2.3059,0.1319,-0.6021,0,0,0,0.00000,3
0.4486,4.7985,2.6037,11.8033,-2.7195,0.0267,-0.7517,0,0,2,0.53186,3
0.4994,5.4888,2.5263,11.4048,-2.7775,0.0520,-0.4912,0,0,0,0.00000,3
0.4039,4.1852,2.6565,11.2758,-1.5264,0.0318,-0.2511,0,0,0,0.00000,1
0.4412,4.7957,2.6371,11.3836,-2.7646,0.0156,-0.3585,0,0,0,0.00000,3
0.5217,5.0795,2.3532,11.4226,0.9466,0.0078,-0.4832,0,0,0,0.00000,3
0.4404,4.6319,2.6013,12.3819,-1.5285,0.0413,-1.2834,0,1,0,0.21309,1
0.4352,4.2212,2.5218,11.9587,-2.1769,0.0274,-0.8615,0,0,1,0.28622,1
0.6165,6.0458,2.1542,11.6128,0.4988,0.0333,-0.8772,0,0,0,0.00000,3
0.4133,4.3589,2.6586,11.2827,-2.0286,0.0250,-0.2574,0,0,0,0.00000,1
0.4517,4.8968,2.6121,11.9029,-2.6370,0.0273,-0.8500,0,0,3,0.73581,3
0.4620,4.3190,2.4310,11.5594,1.5497,0.0157,-0.5381,0,0,0,0.00000,3
0.4931,5.4447,2.5452,11.4907,2.0619,0.0015,-0.5060,0,0,0,0.00000,0
0.3769,3.9219,2.7136,11.7324,3.0460,0.1226,-0.6783,0,1,0,0.36887,1
0.5108,4.9940,2.3800,11.6830,2.7639,0.0081,-0.7288,0,0,1,0.27925,1
0.4030,4.1100,2.6397,12.0816,-2.9965,0.0562,-0.9314,0,0,1,0.54189,1
0.3796,4.0637,2.7425,11.3212,2.3818,0.0254,-0.2566,0,0,0,0.00000,1
0.4585,4.7045,2.5371,11.6712,-2.3507,0.0550,-0.6844,0,1,0,0.30783,1
0.4100,4.0912,2.6013,12.5410,2.8993,0.0254,-1.3041,0,1,0,1.33072,1
0.4382,4.7614,2.6429,12.6909,2.0372,0.0058,-1.5147,0,1,0,1.26534,1
0.4327,4.3544,2.5671,11.2826,-2.1473,0.0550,-0.3089,0,0,0,0.00000,3
0.6031,5.5849,2.1345,12.0487,-1.1997,0.0240,-1.3650,0,1,0,0.25617,1
0.5078,5.0337,2.3999,11.9861,2.3393,0.0052,-1.0281,0,1,0,0.60037,3
0.4947,5.0641,2.4603,11.4230,1.2876,0.0507,-0.5001,0,0,0,0.00000,3
0.4244,4.3920,2.6150,12.9031,2.9427,0.0408,-1.7170,1,1,1,1.37456,1
0.4542,4.3076,2.4610,12.3844,1.5205,0.0161,-1.2893,0,1,0,0.84703,1
0.4617,4.6619,2.5133,12.1797,1.1717,0.0266,-1.1319,0,0,1,0.67424,1
0.3834,4.0867,2.7301,11.3830,-2.8248,0.1390,-0.4358,0,0,0,0.00000,1
0.4351,4.4739,2.5862,11.8822,-3.0589,0.0172,-0.7816,0,1,0,0.43951,3
0.4789,4.9876,2.5113,11.8561,-1.0472,0.0014,-0.8301,0,1,0,0.49071,1
0.5173,5.0247,2.3598,11.3119,0.5541,0.0127,-0.3732,0,0,0,0.00000,3
0.3910,4.1181,2.7010,11.4077,2.4519,0.1658,-0.4944,0,0,0,0.00000,1
0.4036,4.3138,2.6937,12.1085,-2.6589,0.0442,-0.9395,0,1,0,0.72120,3
0.5697,5.3164,2.2128,12.0202,1.2446,0.0332,-1.2565,0,0,1,0.44013,1
0.5398,5.6050,2.3786,11.3483,0.8563,0.0249,-0.4522,0,0,0,0.00000,1
0.3535,3.7690,2.7880,13.1856,2.5970,0.0904,-1.7398,0,1,1,1.63651,1
0.4771,4.9694,2.5153,11.4022,0.8491,0.0070,-0.4070,0,0,0,0.00000,1
0.4258,4.3779,2.6046,11.7263,1.5966,0.0166,-0.6280,0,0,1,0.26907,1
0.4509,4.8955,2.6158,11.9177,2.4922,0.0481,-0.8886,0,1,2,0.96411,3
0.4569,4.9682,2.6049,12.1214,2.5817,0.1193,-1.1913,0,0,1,0.59513,1
0.5443,5.3926,2.3227,12.1620,-1.8392,0.0074,-1.3162,0,0,3,0.81520,1
0.4669,4.4887,2.4505,12.0852,-3.0459,0.0161,-1.0392,0,0,2,1.04461,1
0.5058,5.1381,2.4290,12.4847,-1.6853,0.0044,-1.5462,0,1,0,1.00226,1
0.4526,4.9650,2.6242,11.4520,1.4988,0.0031,-0.4171,0,0,0,0.00000,1
0.4486,4.3288,2.4902,11.9952,-2.2056,0.0361,-0.9371,1,1,1,0.56308,1
0.4186,4.3889,2.6412,11.8814,-1.8213,0.0215,-0.7523,0,0,1,0.29013,1
0.4900,4.8475,2.4342,11.9186,3.1345,0.0164,-0.9334,0,0,1,0.37368,1
0.4193,4.0850,2.5567,11.3474,-2.2692,0.0018,-0.2876,0,0,0,0.00000,2
0.4426,4.5061,2.5605,11.3121,1.1071,0.0046,-0.2858,0,0,0,0.00000,1
0.5042,5.0498,2.4178,11.3169,-3.1324,0.0047,-0.3548,0,0,0,0.00000,3
0.4074,4.1524,2.6307,12.7831,1.3733,0.0116,-1.4878,0,0,2,2.89924,1
0.5003,5.5046,2.5255,11.3107,-2.7533,0.0931,-0.4483,0,0,0,0.00000,1
0.4904,5.1107,2.4883,11.9050,-0.9291,0.0031,-0.9049,0,1,0,0.28759,1
0.5603,5.1398,2.2168,11.9547,0.5701,0.0103,-1.1246,0,1,0,0.43533,1
0.3497,3.7872,2.8150,12.0984,-2.4736,0.1158,-0.8926,0,1,0,0.71779,3
0.5379,5.2102,2.3143,11.3229,-1.5243,0.0082,-0.4023,0,0,0,0.00000,3
0.4945,5.0316,2.4543,11.5546,-1.5930,0.0094,-0.5773,0,0,0,0.00000,3
0.3849,4.1953,2.7542,11.3816,3.1321,0.1849,-0.4886,0,0,0,0.00000,1
0.5944,5.6433,2.1750,12.3060,-0.7852,0.0196,-1.6533,0,1,0,0.33145,1
0.5203,5.5587,2.4506,13.2415,2.2564,0.0231,-2.4978,0,0,1,1.95713,1
0.3826,3.9242,2.6855,11.4706,-2.2175,0.0648,-0.4160,0,0,0,0.00000,3
0.4523,4.9330,2.6178,11.3394,-1.5401,0.0054,-0.3211,0,0,0,0.00000,1
0.4128,4.2675,2.6366,11.4465,-2.6016,0.1171,-0.4953,0,0,0,0.00000,1
0.3754,3.8788,2.7082,12.2613,-2.2394,0.0265,-0.9649,0,0,1,0.95957,1
0.4216,4.4769,2.6499,11.9468,-2.2989,0.0348,-0.8320,0,1,0,0.56986,3
0.4051,4.3427,2.6940,12.8843,2.7831,0.0091,-1.5659,0,0,2,1.36361,1
0.4688,5.1154,2.5841,11.2858,-2.9754,0.0081,-0.2939,0,0,0,0.00000,3
0.4971,5.1250,2.4629,11.9096,3.1312,0.0396,-0.9723,0,0,1,0.59379,1
0.5352,5.3759,2.3558,12.1339,-1.0212,0.0548,-1.3276,0,0,1,0.47049,1
0.5153,5.5212,2.4644,12.1610,-1.4106,0.0602,-1.3110,0,0,1,0.52238,1
0.4651,4.6832,2.5033,11.3157,0.7955,0.0056,-0.3128,0,0,0,0.00000,1
0.4223,4.2847,2.5966,12.3338,2.0573,0.0241,-1.1579,0,1,0,1.01188,1
0.3589,3.7831,2.7640,12.2606,-1.9909,0.0435,-0.9422,0,1,0,0.52463,1
0.5647,5.7253,2.3010,11.3928,0.1794,0.0443,-0.5544,0,0,0,0.00000,1
0.5771,5.6620,2.2427,11.3054,0.8511,0.0325,-0.4590,0,0,0,0.00000,3
0.3798,3.9475,2.7069,12.4498,-2.0550,0.0335,-1.1394,0,1,0,1.23809,1
0.4283,4.4478,2.6111,12.4649,-2.9961,0.0329,-1.3089,0,1,0,1.13457,1
0.4807,4.5603,2.4096,11.2580,1.3586,0.0284,-0.3017,0,0,0,0.00000,3
0.4540,4.4685,2.5009,11.4942,0.9518,0.0376,-0.4956,0,0,0,0.00000,1
0.4020,4.0189,2.6187,12.7065,2.9831,0.0192,-1.4115,0,1,1,1.03876,1
0.3927,4.2248,2.7230,11.4813,3.0783,0.0748,-0.4486,0,0,0,0.00000,3
0.4531,4.9521,2.6188,12.3442,2.7571,0.0001,-1.2289,0,1,0,0.97065,1
0.4249,4.6655,2.6826,12.8286,2.3959,0.0071,-1.5939,0,0,1,1.49464,1
0.3880,4.2091,2.7422,11.4096,2.3116,0.1014,-0.4181,0,0,0,0.00000,3
0.3412,3.7142,2.8377,11.7841,2.6982,0.1313,-0.6636,0,1,0,0.41105,3
0.4247,4.6795,2.6867,11.4780,2.7626,0.0749,-0.4873,0,0,0,0.00000,2
0.4136,4.2283,2.6221,12.4904,-2.8962,0.0446,-1.3008,0,1,0,0.35465,1
0.5244,4.8894,2.3053,11.5875,-0.8370,0.0874,-0.7536,0,0,0,0.00000,3
0.4886,4.7925,2.4282,12.7332,-1.0768,0.0212,-1.7738,0,0,1,1.50138,1
0.4898,5.0392,2.4758,11.4446,1.0403,0.0352,-0.4961,0,0,0,0.00000,1
0.3976,4.0244,2.6414,12.1674,-1.5639,0.0269,-0.9494,0,1,1,0.63168,1
0.4451,4.6802,2.5912,11.3264,3.1150,0.0752,-0.3819,0,0,0,0.00000,1
0.4569,4.8373,2.5749,13.1718,2.5430,0.0026,-2.0636,1,1,0,1.70994,1
0.4770,5.1859,2.5627,12.1447,-2.5717,0.0801,-1.2150,0,0,1,0.28673,1
0.3472,3.7749,2.8247,11.6633,2.8579,0.0524,-0.4927,0,1,0,0.35908,3
0.4439,4.4224,2.5339,11.8487,-2.7819,0.0143,-0.7656,0,0,1,0.41039,3
0.3998,4.0795,2.6466,11.2492,2.3721,0.0125,-0.2055,0,0,0,0.00000,3
0.4889,4.8337,2.4358,12.0076,-1.4022,0.0090,-1.0092,0,1,1,0.44866,3
0.3698,3.8919,2.7410,12.1190,-2.7732,0.0063,-0.8126,0,0,1,0.48353,1
0.3527,3.7948,2.8006,12.9186,2.8595,0.0067,-1.3735,0,0,1,1.13435,1
0.4688,4.7651,2.5061,11.5319,2.1256,0.0026,-0.5089,0,1,0,0.15602,3
0.4782,4.7330,2.4586,12.4285,0.3566,0.0171,-1.4129,0,1,1,1.06393,1
0.4369,4.1871,2.5054,11.7167,3.0036,0.0191,-0.6414,0,0,0,0.00000,1
0.4622,4.4497,2.4613,12.7647,-0.9913,0.0138,-1.6886,0,1,1,1.46079,1
0.5369,5.4755,2.3670,11.5682,1.7296,0.0008,-0.6482,0,0,0,0.00000,3
0.4024,4.2179,2.6730,11.3538,-2.0053,0.0304,-0.3089,0,0,0,0.00000,1
0.5186,5.1306,2.3754,11.6589,-2.2297,0.0234,-0.7381,0,0,0,0.00000,1
0.4216,4.4057,2.6316,11.4037,-1.8444,0.0439,-0.3852,0,0,0,0.00000,3
0.3540,3.8223,2.8027,11.9377,-2.4906,0.1041,-0.7671,0,1,0,0.42836,3
0.4406,4.8061,2.6423,11.3955,2.7370,0.0223,-0.3758,0,0,0,0.00000,3
0.4905,4.5593,2.3700,11.4565,0.2560,0.0244,-0.4935,0,0,0,0.00000,3
0.4301,4.5238,2.6219,13.1108,-2.6020,0.0114,-1.8907,0,1,1,2.00932,1
0.3637,3.8429,2.7573,11.6084,-3.1107,0.0824,-0.5142,0,1,0,0.24437,3
0.3611,3.8263,2.7661,11.3624,-2.6612,0.0763,-0.3260,0,0,0,0.00000,3
0.4641,4.8954,2.5561,11.8871,2.1664,0.0328,-0.8687,0,0,1,0.51746,3
0.4765,4.3691,2.3833,11.6557,1.6306,0.0008,-0.6308,0,1,0,0.38940,3
0.5573,5.4218,2.2777,11.5902,-1.4886,0.0257,-0.7355,0,0,0,0.00000,1
0.3810,4.2070,2.7777,11.3919,-2.8268,0.0627,-0.3527,0,0,0,0.00000,2
0.4284,4.4729,2.6171,13.1265,-1.4952,0.0204,-1.9140,0,1,1,1.50722,1
0.4882,4.9128,2.4557,12.3330,-1.3928,0.0026,-1.3267,0,1,0,0.54433,1
0.3947,4.1594,2.6941,12.7908,2.2050,0.0056,-1.4358,0,1,0,1.42368,1
0.5471,5.0888,2.2568,11.5210,1.1999,0.0439,-0.6651,0,0,0,0.00000,3
0.4217,4.3338,2.6121,13.0127,-2.4435,0.0468,-1.8212,0,0,5,1.79314,1
0.5896,5.7046,2.2025,11.6166,0.0575,0.0241,-0.8199,0,0,0,0.00000,3
0.3618,3.9044,2.7871,12.6695,2.9330,0.0443,-1.2717,0,0,2,0.57158,1
0.4471,4.3985,2.5138,11.4631,-2.9407,0.0482,-0.4716,0,0,0,0.00000,1
0.4605,4.3005,2.4327,11.3505,0.4215,0.0540,-0.3943,0,0,0,0.00000,1
0.4804,4.6638,2.4341,11.5145,-3.0498,0.0028,-0.5090,0,0,0,0.00000,3
0.4362,4.7535,2.6503,12.0745,-2.8298,0.0058,-0.9411,0,0,1,0.63405,1
0.4561,4.7145,2.5499,12.6114,-1.6270,0.0114,-1.5118,1,2,0,1.21889,1
0.3782,3.9791,2.7246,12.9564,-2.8200,0.0555,-1.5936,1,1,0,1.48371,1
0.4664,4.9550,2.5591,11.3673,2.4583,0.0392,-0.4002,0,0,0,0.00000,3
0.5786,5.4427,2.2011,11.3985,0.3907,0.0345,-0.5658,0,0,0,0.00000,3
0.3692,3.9362,2.7579,11.5863,2.5983,0.0447,-0.4610,0,1,0,0.19640,3
0.5884,5.5807,2.1872,11.9462,-1.2994,0.0091,-1.1837,0,1,0,0.18258,1
0.4803,4.8869,2.4837,12.1366,-0.1962,0.0001,-1.1036,0,1,0,0.20605,3
0.4968,4.6580,2.3659,11.4373,0.5197,0.0471,-0.5112,0,0,0,0.00000,1
0.4031,4.2228,2.6708,11.9398,2.0469,0.0150,-0.7595,0,1,0,0.28315,1
0.4068,4.1610,2.6360,11.8835,2.9442,0.0729,-0.7952,0,0,1,0.49126,1
0.5184,4.8710,2.3250,12.0644,0.2717,0.0106,-1.1416,0,0,1,0.52502,1
0.3956,4.1736,2.6940,13.1912,2.4435,0.0244,-1.8256,1,0,1,1.19295,1
0.5987,5.8131,2.1858,11.6788,1.3620,0.0255,-0.9120,0,0,0,0.00000,1
0.5280,4.9896,2.3108,11.8869,-0.0464,0.0518,-1.0327,0,0,0,0.00000,1
0.4574,4.2828,2.4417,11.9221,-0.5016,0.0191,-0.8660,0,1,0,0.29329,1
0.3618,3.9916,2.8144,12.5426,-2.7846,0.0470,-1.1749,1,1,1,0.88948,2
0.4248,4.2487,2.5754,12.4685,2.1032,0.0041,-1.2565,0,1,0,1.23583,1
0.4699,4.8261,2.5151,11.9516,-2.5147,0.0695,-0.9912,0,1,0,0.58979,1
0.4426,4.4405,2.5441,12.1620,-2.9818,0.0178,-1.0511,0,1,0,0.84728,1
0.3843,4.0031,2.7005,12.0911,2.6820,0.0625,-0.9016,0,0,1,0.88563,3
0.4776,4.5157,2.4124,11.3884,-0.4002,0.0282,-0.4181,0,0,0,0.00000,1
0.4167,4.4520,2.6667,11.4515,-3.0817,0.0329,-0.4060,0,0,0,0.00000,3
0.4151,4.2956,2.6333,11.6727,-1.1922,0.0001,-0.5447,0,1,0,0.22235,1
0.4837,4.6453,2.4163,12.6940,-0.9710,0.0023,-1.6804,0,1,0,0.65017,1
0.4450,4.6898,2.5942,11.9512,2.1098,0.0109,-0.8571,0,1,0,0.32112,3
0.4077,4.1017,2.6153,11.3459,-1.2172,0.0039,-0.2774,0,0,0,0.00000,1
0.5654,5.5940,2.2760,12.7644,-2.4477,0.0008,-2.0851,0,0,2,2.82409,1
0.4155,4.5542,2.6992,12.0934,-2.8353,0.0452,-0.9585,0,1,0,0.86815,3
0.4942,4.7386,2.3938,11.5704,-1.1838,0.0352,-0.6225,0,0,1,0.14081,3
0.4439,4.8337,2.6337,12.9788,2.5120,0.0240,-1.8471,1,1,2,2.10415,1
0.4658,4.9698,2.5653,11.4549,-3.1372,0.0719,-0.5176,0,0,0,0.00000,1
0.4066,4.4216,2.7079,12.0534,-3.0516,0.1193,-1.0000,0,1,1,0.58797,1
0.4776,4.8934,2.4966,11.5089,-1.8644,0.0464,-0.5534,0,0,0,0.00000,3
0.3779,4.0393,2.7443,12.4676,1.9871,0.0423,-1.1608,0,2,1,1.26382,1
0.4606,4.8964,2.5717,12.3451,-2.6015,0.0585,-1.3364,0,0,2,0.66878,1
0.4199,4.4671,2.6555,13.0605,2.5516,0.0089,-1.7913,0,1,0,1.90396,1
0.4441,4.2711,2.4953,11.9387,2.7255,0.0227,-0.8572,0,0,1,0.64711,1
0.5844,5.9703,2.2643,11.5834,-0.6032,0.0531,-0.8108,0,0,0,0.00000,1
0.4165,4.2312,2.6090,12.2223,2.4117,0.0400,-1.0654,0,1,0,0.83710,1
0.3632,3.8988,2.7779,12.3758,-2.9822,0.1302,-1.1666,0,1,0,0.86690,1
0.5128,4.6348,2.2987,11.4606,0.8707,0.0013,-0.4991,0,0,0,0.00000,1
0.4946,4.6892,2.3815,11.3301,2.3138,0.0236,-0.3778,0,0,0,0.00000,1
0.3762,3.9733,2.7331,12.6779,1.9503,0.0203,-1.2937,0,1,0,1.46374,1
0.4354,4.3747,2.5598,12.1613,1.9555,0.0052,-1.0137,0,1,0,0.82847,1
0.6296,6.1024,2.1142,11.6505,-0.6599,0.0170,-0.9268,0,0,0,0.00000,3
0.5268,5.0115,2.3197,11.4287,1.9131,0.0229,-0.5138,0,0,0,0.00000,1
0.5144,5.4431,2.4532,11.8642,2.0195,0.0106,-0.9272,0,0,1,0.23499,3
0.4405,4.4163,2.5475,12.2007,-0.3346,0.0075,-1.0662,0,0,0,0.00000,1
0.4618,4.5883,2.4956,11.3452,2.6043,0.0187,-0.3506,0,0,0,0.00000,3
0.4083,4.2675,2.6577,11.4849,-1.7090,0.0546,-0.4477,0,0,0,0.00000,1
0.5154,5.4352,2.4478,11.4755,0.9300,0.0045,-0.5255,0,0,0,0.00000,1
0.4341,4.5472,2.6092,11.8724,1.3156,0.0244,-0.7805,0,0,2,0.45927,1
0.3631,3.9504,2.7944,11.7222,-3.1348,0.1014,-0.6202,0,0,1,0.19149,3
0.4415,4.8447,2.6472,11.4619,-2.6625,0.0600,-0.4781,0,0,0,0.00000,3
0.3689,3.9993,2.7791,12.6441,2.6977,0.0652,-1.3085,0,1,0,0.84976,1
0.5011,5.1428,2.4496,12.0251,2.8061,0.0310,-1.0883,0,1,0,0.67779,1
0.4188,4.1919,2.5880,11.3175,2.6488,0.0441,-0.3119,0,0,0,0.00000,3
0.5731,5.8817,2.2937,11.4975,-0.9490,0.0260,-0.6609,0,0,0,0.00000,3
0.5085,5.2938,2.4490,11.4305,-1.8835,0.0147,-0.4832,0,0,0,0.00000,3
0.4416,4.2538,2.5020,11.3337,-0.8649,0.0012,-0.2983,0,0,0,0.00000,3
0.3675,3.8913,2.7527,11.7501,2.6436,0.0328,-0.5648,0,1,0,0.38533,3
0.5630,5.5898,2.2845,12.0764,0.8085,0.0691,-1.3582,0,1,0,0.41876,1
0.4961,5.1296,2.4678,11.9861,3.1112,0.0131,-1.0123,0,0,1,0.64491,3
0.4248,4.4444,2.6267,13.1127,-2.5698,0.0532,-1.9436,1,1,0,1.88428,1
0.6077,5.5817,2.1174,11.5384,0.3030,0.1014,-0.8562,0,0,0,0.00000,1
0.5156,5.4739,2.4544,11.4836,-0.9657,0.0187,-0.5512,0,0,0,0.00000,1
0.3986,4.0980,2.6576,11.4320,-2.9794,0.0454,-0.3829,0,0,0,0.00000,3
0.4725,4.6596,2.4664,11.5268,-1.0695,0.0513,-0.5680,0,0,0,0.00000,1
0.6371,5.9140,2.0614,11.4829,0.8888,0.0508,-0.7731,0,0,0,0.00000,1
0.3507,3.7567,2.7991,12.1313,2.2429,0.0260,-0.8009,0,0,2,0.48961,1
0.4363,4.1933,2.5094,11.3006,-2.5848,0.0234,-0.2908,0,0,0,0.00000,1
0.4957,5.4267,2.5302,11.4255,3.1244,0.0517,-0.5060,0,0,0,0.00000,3
0.4769,5.0097,2.5249,11.2885,-2.2711,0.0515,-0.3537,0,0,0,0.00000,3
0.4348,4.1634,2.5087,11.4567,1.8627,0.0308,-0.4292,0,0,0,0.00000,3
0.4114,4.2006,2.6250,13.0022,-1.8426,0.0284,-1.7324,0,2,2,1.74934,1
0.4672,4.3128,2.4080,11.4017,-2.7892,0.0017,-0.3860,0,0,0,0.00000,1
0.4952,5.4610,2.5390,12.7145,-2.8879,0.0329,-1.8029,0,0,1,1.10174,0
0.3567,3.9262,2.8217,11.9757,2.9004,0.0305,-0.7070,0,1,0,0.65241,1
0.3644,3.8156,2.7451,11.3327,2.8553,0.0257,-0.2510,0,0,0,0.00000,3
0.5169,5.2058,2.3970,11.5723,-0.9513,0.0340,-0.6604,0,0,0,0.00000,3
0.4469,4.2175,2.4697,11.3642,-2.3577,0.0342,-0.3682,0,0,0,0.00000,1
0.4162,4.5801,2.7025,12.1592,-1.7982,0.0310,-0.9983,0,0,1,0.67104,1
0.5478,5.3098,2.2941,11.3884,-1.5088,0.0088,-0.4835,0,0,0,0.00000,1
0.4446,4.5818,2.5696,11.2263,-0.8057,0.0035,-0.2141,0,0,0,0.00000,1
0.4079,4.1771,2.6350,11.8107,-2.7270,0.0935,-0.7626,0,0,1,0.37769,1
0.3445,3.7679,2.8374,11.7852,2.9449,0.0347,-0.5519,0,1,0,0.17978,1
0.3989,4.3287,2.7208,11.6123,2.5091,0.0546,-0.5367,0,0,1,0.21971,3
0.5387,5.0951,2.2899,11.6363,-1.1881,0.0373,-0.7667,0,0,0,0.00000,3
0.5062,5.2453,2.4490,11.3537,1.5351,0.0229,-0.4146,0,0,0,0.00000,3
0.5086,4.9529,2.3804,11.3758,1.8528,0.0084,-0.4208,0,0,0,0.00000,3
0.3501,3.7339,2.7951,11.8356,3.0509,0.1791,-0.7777,0,1,0,0.49257,1
0.3584,3.9341,2.8150,12.6999,-2.7932,0.1389,-1.4283,0,1,0,1.38005,1
0.3359,3.6854,2.8575,13.1819,-2.2835,0.0495,-1.5778,0,1,0,0.47446,1
0.5166,4.8631,2.3305,12.0768,1.8790,0.0121,-1.1522,0,0,1,0.60932,1
0.4357,4.2194,2.5191,11.3777,2.6386,0.0058,-0.3345,0,0,0,0.00000,3
0.5730,5.5548,2.2403,11.7059,1.5684,0.0131,-0.8771,0,0,1,0.22437,1
0.5038,5.5315,2.5158,11.3670,2.1748,0.0233,-0.4261,0,0,0,0.00000,3
0.4175,4.2620,2.6130,11.5701,1.3057,0.0301,-0.5004,0,0,1,0.32915,1
0.4894,5.3505,2.5423,11.4508,3.0874,0.0289,-0.4950,0,0,0,0.00000,3
0.3791,4.0949,2.7542,12.6993,-2.9142,0.0561,-1.3782,0,1,2,1.89010,1
0.5747,5.4375,2.2144,11.5854,-0.0381,0.0521,-0.7926,0,0,0,0.00000,3
0.6463,5.9805,2.0378,11.3539,0.7742,0.0317,-0.6028,0,0,0,0.00000,1
0.4578,4.6747,2.5332,11.4474,-2.9959,0.0041,-0.4197,0,0,0,0.00000,3
0.5019,5.1675,2.4511,12.0031,-1.7053,0.0079,-1.0364,0,0,1,0.53379,3
0.3786,3.9467,2.7126,11.3276,2.6831,0.1561,-0.4083,0,0,0,0.00000,1
0.3986,4.1248,2.6653,11.7623,2.2499,0.0636,-0.6675,0,0,1,0.22850,3
0.4981,4.8115,2.3935,11.9125,-1.0102,0.0433,-0.9809,0,0,1,0.42797,1
0.5015,4.9258,2.4036,11.6037,1.7549,0.0033,-0.6279,0,0,0,0.00000,3
0.3822,4.1401,2.7519,12.0668,1.8916,0.0669,-0.8826,0,1,0,0.49507,1
0.4104,4.5019,2.7108,12.0865,-2.8861,0.1231,-1.0431,0,1,0,0.81969,1
0.4068,4.0948,2.6175,11.8159,2.4088,0.0104,-0.6593,0,1,0,0.36009,3
0.5216,4.7280,2.2841,11.2976,0.7781,0.0362,-0.3899,0,0,0,0.00000,3
0.3495,3.7657,2.8089,11.7372,2.8947,0.1644,-0.6849,0,1,0,0.43678,1
0.4231,4.5196,2.6537,11.7315,-1.9726,0.0548,-0.6755,0,1,0,0.37554,3
0.3608,3.8374,2.7710,11.5494,2.3858,0.0880,-0.4736,0,0,0,0.00000,3
0.3777,4.0919,2.7607,11.7705,-3.0496,0.0873,-0.6654,0,1,0,0.55371,3
0.4358,4.6195,2.6196,12.3610,2.9595,0.0430,-1.2519,0,1,0,0.82843,3
0.5541,5.4065,2.2871,11.6690,-0.5582,0.0448,-0.8408,0,0,0,0.00000,1
0.5271,5.1713,2.3493,11.4226,-1.5197,0.0102,-0.4935,0,0,0,0.00000,3
0.6333,6.0895,2.0993,11.5988,-0.8179,0.0659,-0.9321,0,0,0,0.00000,3
0.4719,4.8372,2.5089,11.2617,2.5233,0.0508,-0.3232,0,0,0,0.00000,1
0.4650,4.3236,2.4199,11.3046,-0.4455,0.0467,-0.3494,0,0,0,0.00000,1
0.3954,4.1931,2.7006,12.5240,3.0262,0.0081,-1.2148,0,1,0,1.00453,1
0.4717,5.0327,2.5527,12.5896,-2.9297,0.0074,-1.5418,1,1,0,0.61191,1
0.5087,5.2967,2.4488,11.9044,-2.7606,0.0313,-0.9827,0,0,1,0.36657,1
0.4334,4.1538,2.5120,12.1665,1.8516,0.0334,-1.0515,0,1,0,0.52418,1
0.4602,4.7659,2.5436,11.8148,2.4117,0.0117,-0.7656,0,0,1,0.48394,3
0.6275,5.7853,2.0770,11.5520,-0.8222,0.0137,-0.7949,0,0,0,0.00000,1
0.4660,4.9437,2.5585,11.4823,-0.2769,0.0034,-0.4618,0,0,0,0.00000,1
0.5470,5.3621,2.3066,12.6518,1.0055,0.0114,-1.8937,0,0,1,1.24200,1
0.3798,3.9408,2.7045,11.4966,2.9311,0.1459,-0.5273,0,0,0,0.00000,1
0.4516,4.9394,2.6225,12.5080,2.3967,0.0121,-1.3983,1,1,0,0.90804,3
0.4547,4.4781,2.5000,11.7508,-1.9663,0.0279,-0.7158,0,0,1,0.31100,3
0.5132,5.4657,2.4626,12.1050,1.4474,0.0199,-1.1892,0,0,1,0.52274,3
0.3906,4.3052,2.7561,12.4218,2.7423,0.0894,-1.2312,0,1,1,1.02203,2
0.3570,3.9215,2.8185,11.6084,-2.9066,0.2594,-0.7144,0,0,0,0.00000,1
0.3761,4.0282,2.7500,11.4850,-2.2118,0.0490,-0.4004,0,0,0,0.00000,1
0.5070,5.2466,2.4460,11.5260,-2.8008,0.0364,-0.6016,0,0,0,0.00000,1
0.4707,5.0774,2.5669,11.3818,-2.4160,0.0373,-0.4164,0,0,0,0.00000,3
0.4795,5.1000,2.5333,12.0959,1.2947,0.0073,-1.0731,0,0,1,0.75082,1
0.4635,4.8090,2.5390,11.9784,2.6008,0.0104,-0.9237,0,1,0,0.56608,3
0.4688,4.8121,2.5167,12.1408,1.6538,0.0074,-1.0874,0,0,1,0.57356,3
0.4631,4.5902,2.4904,11.2142,0.7009,0.0161,-0.2330,0,0,0,0.00000,1
0.3973,4.1121,2.6681,11.4339,-2.3441,0.0164,-0.3492,0,0,0,0.00000,3
0.3899,4.2211,2.7360,12.2423,-2.1269,0.0103,-0.9682,0,1,0,0.87257,1
0.5928,5.7084,2.1912,12.2600,0.1007,0.0141,-1.5837,0,0,1,0.61325,1
0.3628,3.8012,2.7489,11.9328,-1.9481,0.0489,-0.7117,0,1,0,0.55327,1
0.3352,3.6654,2.8545,11.5417,2.7913,0.2816,-0.6602,0,0,0,0.00000,1
0.5053,5.4928,2.5016,11.9292,-2.7456,0.0101,-0.9739,0,0,1,0.36593,3
0.5526,5.3431,2.2817,11.4939,-0.1168,0.0713,-0.6793,0,0,0,0.00000,1
0.3497,3.8521,2.8362,11.8382,-2.3495,0.0415,-0.6072,0,1,0,0.57601,0
0.4527,4.2663,2.4574,12.2134,-2.0965,0.0178,-1.1246,1,1,1,0.76827,1
0.4185,4.4491,2.6573,13.1445,2.9601,0.0394,-1.9197,0,1,0,2.07932,1
0.4685,5.1591,2.5950,11.5928,3.1272,0.1182,-0.7060,0,0,0,0.00000,0
0.4887,4.9986,2.4718,11.3172,-1.7165,0.0631,-0.4063,0,0,0,0.00000,3
0.4378,4.4562,2.5695,12.4384,-2.0197,0.0203,-1.2964,0,0,1,0.82928,1
0.3731,3.9435,2.7400,11.9438,2.7596,0.0633,-0.7603,0,1,1,0.61383,3
0.4265,4.5073,2.6345,12.1523,3.0170,0.0141,-0.9957,1,1,0,0.44193,3
0.3597,3.7996,2.7648,12.8460,-3.1286,0.0159,-1.3594,0,1,1,1.65307,1
0.4326,4.1844,2.5237,12.1078,2.1664,0.0249,-0.9848,0,1,0,0.76435,1
0.4825,4.4102,2.3687,11.4144,0.0670,0.0021,-0.4165,0,0,0,0.00000,3
0.4694,4.4384,2.4286,11.3424,0.1162,0.0138,-0.3499,0,0,0,0.00000,3
0.3599,3.7822,2.7584,11.3876,-2.7368,0.0944,-0.3633,0,0,0,0.00000,3
0.4053,4.3714,2.7009,11.3940,-3.0915,0.0705,-0.3897,0,0,0,0.00000,3
0.5339,5.0994,2.3090,12.5599,0.7716,0.0052,-1.7264,0,1,0,0.73163,1
0.4600,4.7790,2.5477,12.7976,-2.2407,0.0185,-1.7236,1,1,0,1.36243,1
0.4755,4.8289,2.4914,11.3005,-2.2413,0.0038,-0.3080,0,0,0,0.00000,3
0.4023,4.1626,2.6580,12.7636,1.8771,0.0073,-1.4440,0,1,1,1.43374,1
0.4929,4.6724,2.3849,11.3625,-0.2297,0.0244,-0.4076,0,0,0,0.00000,1
0.4431,4.2264,2.4885,11.7291,-0.0780,0.0225,-0.6675,0,0,1,0.18287,1
0.4761,4.3666,2.3844,12.2106,-0.8514,0.0029,-1.1647,0,0,1,0.77058,1
0.4715,4.8552,2.5147,11.4556,1.9200,0.0441,-0.4926,0,0,0,0.00000,3
0.5034,5.0943,2.4301,11.4841,-1.6710,0.0476,-0.5680,0,0,0,0.00000,3
0.4056,4.1333,2.6337,12.4049,2.0499,0.0167,-1.1585,0,0,1,0.88324,1
0.3880,3.9869,2.6774,11.4505,-2.7837,0.0106,-0.3441,0,0,0,0.00000,3
0.3642,3.9842,2.7992,11.6699,2.7528,0.0926,-0.5724,0,1,0,0.37725,3
0.4058,4.4580,2.7216,11.4112,2.8546,0.1711,-0.5203,0,0,0,0.00000,1
0.3733,3.9866,2.7519,11.4123,2.3530,0.0610,-0.3574,0,0,0,0.00000,3
0.5137,5.2824,2.4250,11.3286,0.7777,0.0047,-0.3773,0,0,0,0.00000,3
0.3762,3.9281,2.7189,12.6990,-2.1144,0.0367,-1.3370,1,1,0,1.45637,1
0.4221,4.6299,2.6869,12.4361,-2.8186,0.0177,-1.2412,0,1,0,0.86413,3
0.5280,5.6390,2.4332,11.5039,-0.4838,0.0146,-0.5856,0,0,0,0.00000,1
0.3855,4.1688,2.7433,11.3759,2.4218,0.0662,-0.3494,0,0,0,0.00000,3
0.4667,4.5720,2.4707,11.4413,-1.0351,0.0183,-0.4418,0,0,0,0.00000,3
0.3604,3.8650,2.7818,11.9400,-2.6341,0.1100,-0.7901,0,1,0,0.19085,3
0.5256,4.9738,2.3174,12.0893,2.0846,0.0011,-1.1737,0,0,1,0.31014,1
0.5234,4.9561,2.3224,11.4520,-0.1614,0.0591,-0.5768,0,0,0,0.00000,1
0.3504,3.7741,2.8068,13.2059,2.6192,0.0308,-1.6326,0,1,1,1.31133,1
0.3932,3.9970,2.6550,11.9971,2.2217,0.0126,-0.7804,0,0,2,0.67503,3
0.3830,3.9649,2.6957,12.0539,2.3445,0.0855,-0.8991,0,1,0,0.65709,3
0.4829,4.4408,2.3739,11.3083,-2.3032,0.0050,-0.3225,0,0,0,0.00000,1
0.4634,5.0580,2.5956,12.6403,2.1559,0.0280,-1.5951,0,0,2,0.71276,1
0.4055,4.0347,2.6068,11.4566,-2.0263,0.0248,-0.3860,0,0,0,0.00000,3
0.5460,5.4193,2.3208,11.3730,1.7191,0.0227,-0.4821,0,0,0,0.00000,1
0.5875,5.4478,2.1691,11.5772,1.0013,0.0668,-0.8235,0,0,0,0.00000,3
0.4305,4.5682,2.6312,11.4462,-2.5744,0.1181,-0.5184,0,0,0,0.00000,1
0.4592,4.7696,2.5490,11.8595,1.6740,0.0226,-0.8190,0,0,1,0.25670,3
0.4246,4.6365,2.6764,11.9339,-2.2522,0.0263,-0.8170,0,1,0,0.59131,1
0.4994,5.0156,2.4305,11.3028,-0.8043,0.0435,-0.3811,0,0,0,0.00000,1
0.3439,3.7071,2.8202,12.8886,-2.8669,0.0544,-1.3918,0,1,1,1.78285,1
0.5276,4.9530,2.3055,11.3691,1.0814,0.0001,-0.4266,0,0,0,0.00000,1
0.3620,3.9349,2.7956,11.4714,2.7677,0.1428,-0.4819,0,1,0,0.15901,3
0.3839,4.1463,2.7450,12.4354,-2.0011,0.0229,-1.1257,0,0,1,0.64598,1
0.4547,4.8737,2.5934,11.4985,-3.1243,0.0365,-0.5002,0,0,0,0.00000,3
0.3465,3.7648,2.8248,12.0152,2.7699,0.0256,-0.7069,0,0,0,0.00000,1
0.4497,4.5876,2.5486,11.4859,-2.3439,0.0829,-0.5367,0,0,0,0.00000,1
0.5320,5.6234,2.4139,11.3588,2.1373,0.0043,-0.4296,0,0,0,0.00000,3
0.5225,5.2289,2.3790,12.1819,-0.4608,0.0117,-1.2828,0,0,1,0.52976,1
0.3935,4.3383,2.7510,11.8277,2.6916,0.1316,-0.7958,0,1,0,0.30068,2
0.3680,4.0447,2.7974,11.3826,-2.3829,0.0727,-0.3435,0,0,0,0.00000,1
0.6217,5.7560,2.0936,11.9303,0.3904,0.0960,-1.3673,0,0,1,0.23231,1
0.4168,4.3277,2.6334,12.3685,3.0943,0.0141,-1.1582,0,1,0,1.21809,1
0.4212,4.4346,2.6407,12.7593,-2.6278,0.0088,-1.5169,0,1,0,1.30884,1
0.4823,4.8868,2.4750,11.5980,0.8280,0.0369,-0.6332,0,0,0,0.00000,1
0.5475,5.6163,2.3501,11.4960,-1.6297,0.0659,-0.6682,0,0,0,0.00000,3
0.4376,4.3695,2.5487,12.3835,-2.5505,0.0556,-1.2968,0,1,0,1.06978,1
0.5607,5.4647,2.2721,11.5614,1.9086,0.0040,-0.6825,0,0,0,0.00000,1
0.4898,4.8546,2.4366,11.5047,-1.3833,0.0158,-0.5295,0,0,0,0.00000,3
0.4825,4.5097,2.3911,11.3996,-0.3986,0.0352,-0.4425,0,0,0,0.00000,1
0.4128,4.3382,2.6556,12.9156,2.6365,0.0671,-1.7243,0,0,1,1.73012,1
0.4379,4.6073,2.6066,13.0765,3.0407,0.0338,-1.9339,0,1,0,1.65653,1
0.5679,5.3168,2.2195,11.3106,1.0231,0.0165,-0.4335,0,0,0,0.00000,1
0.4504,4.8856,2.6158,12.4466,-2.6996,0.0699,-1.4200,0,1,0,1.14640,1
0.4053,4.3901,2.7060,11.3634,2.2089,0.0643,-0.3584,0,0,0,0.00000,3
0.4497,4.6796,2.5704,12.7417,2.2267,0.0577,-1.6907,0,1,1,1.37916,1
0.3603,3.9502,2.8095,11.3787,-3.0225,0.1013,-0.3652,0,0,0,0.00000,3
0.4418,4.4436,2.5483,11.4923,1.6028,0.0053,-0.4392,0,0,0,0.00000,3
0.5594,5.3380,2.2549,11.4340,0.3762,0.0055,-0.5433,0,0,0,0.00000,3
0.4838,5.2183,2.5395,11.4464,2.7319,0.0627,-0.5229,0,0,0,0.00000,1
0.4507,4.5253,2.5292,12.6658,-1.4689,0.0111,-1.5431,0,1,1,1.07624,1
0.4161,4.1656,2.5935,11.8794,2.5430,0.0195,-0.7419,0,1,0,0.54068,3
0.4776,5.1396,2.5500,12.8225,-2.8764,0.0222,-1.8288,0,0,4,1.58819,1
0.4097,4.2710,2.6520,12.0026,2.7552,0.0661,-0.8937,0,1,0,0.56260,1
0.4329,4.2715,2.5450,11.5541,2.4522,0.0855,-0.5759,0,0,0,0.00000,1
0.4372,4.3802,2.5532,11.7677,-2.6664,0.0052,-0.6697,0,1,0,0.21375,3
0.4952,4.8411,2.4113,11.5552,-0.5243,0.0133,-0.5828,0,0,1,0.25968,3
0.5261,5.3758,2.3922,11.5824,-2.0150,0.0197,-0.6685,0,0,0,0.00000,3
0.4640,4.4491,2.4534,11.4956,0.6997,0.0464,-0.5209,0,0,0,0.00000,1
0.4936,5.1349,2.4796,11.4101,2.2903,0.0416,-0.4758,0,0,0,0.00000,3
0.3850,4.0088,2.6991,11.3818,-3.1130,0.1483,-0.4473,0,0,0,0.00000,1
0.3359,3.6727,2.8532,12.7059,2.7009,0.1641,-1.3888,0,1,1,1.44667,1
0.3649,3.9971,2.7994,11.3291,-2.7451,0.0321,-0.2564,0,0,0,0.00000,1
0.4046,4.3522,2.6991,13.2029,-2.9572,0.0234,-1.8783,1,1,1,2.16212,1
0.4235,4.2318,2.5771,11.8348,-2.5917,0.0674,-0.7806,0,1,0,0.38594,1
0.4901,5.0936,2.4860,11.2565,-1.1984,0.0009,-0.2791,0,0,0,0.00000,3
0.4179,4.4736,2.6667,12.4109,1.5189,0.0328,-1.2268,0,1,0,0.99419,1
0.5376,5.3781,2.3467,11.5011,-2.6242,0.0160,-0.5969,0,0,0,0.00000,1
0.4962,4.5679,2.3492,11.3469,0.6116,0.0413,-0.4160,0,0,0,0.00000,3
0.3773,4.1316,2.7750,11.4464,2.6488,0.1286,-0.4651,0,0,0,0.00000,3
0.4603,4.4962,2.4802,11.4040,1.9893,0.0292,-0.4132,0,0,0,0.00000,3
0.4505,4.5140,2.5270,12.5896,2.2193,0.0354,-1.5072,0,0,0,0.00000,1
0.5669,5.7837,2.3018,12.1056,-0.8101,0.0128,-1.3245,0,0,1,0.69097,3
0.3908,4.1973,2.7245,11.6930,-2.2891,0.0267,-0.5537,0,0,1,0.21006,1
0.5015,4.7261,2.3618,11.2356,0.7846,0.0432,-0.3174,0,0,0,0.00000,3
0.3411,3.7322,2.8445,12.2712,-2.8944,0.0249,-0.8756,0,1,0,0.98084,1
0.4348,4.4608,2.5844,11.2998,-3.0089,0.0473,-0.3166,0,0,0,0.00000,1
0.4179,4.5193,2.6785,13.2681,-2.2178,0.0130,-1.9865,0,1,1,1.92489,1
0.4271,4.6666,2.6721,12.7497,2.6520,0.0958,-1.6701,1,1,1,1.43466,1
0.5184,4.8738,2.3256,11.5486,-2.0694,0.0028,-0.5981,0,0,0,0.00000,1
0.3835,3.9732,2.6958,12.0054,2.9112,0.0922,-0.8699,0,1,0,0.48248,1
0.4801,4.9982,2.5087,11.4516,-1.9936,0.0358,-0.4907,0,0,0,0.00000,3
0.5614,5.6530,2.3013,11.8794,1.8220,0.0234,-1.0645,0,1,0,0.59777,1
0.4778,4.5194,2.4125,11.5272,2.8003,0.0014,-0.5147,0,0,0,0.00000,3
0.3437,3.6990,2.8185,12.9849,-2.3958,0.0433,-1.4480,0,1,0,1.60032,1
0.4795,5.1701,2.5480,12.0290,-2.1961,0.0091,-1.0104,0,1,0,0.43390,3
0.5076,5.4574,2.4848,11.3666,-2.8410,0.0234,-0.4302,0,0,0,0.00000,3
0.4157,4.4111,2.6610,12.1115,-2.3179,0.0115,-0.9287,0,1,0,0.56149,1
0.5538,5.4470,2.2955,11.6903,2.1570,0.0110,-0.8203,0,0,0,0.00000,1
0.4466,4.5183,2.5455,12.7251,-1.3083,0.0003,-1.5679,1,1,0,0.93781,1
0.3874,4.1034,2.7146,11.3407,-2.3510,0.0553,-0.3123,0,0,0,0.00000,3
0.5722,5.5681,2.2458,11.9240,0.2546,0.0579,-1.1865,0,0,1,0.55777,1
0.4762,4.8756,2.4987,11.4225,-0.9589,0.0542,-0.4799,0,0,0,0.00000,1
0.3537,3.7855,2.7924,12.0154,-2.5833,0.0253,-0.7225,0,0,2,0.47118,1
0.4411,4.3081,2.5176,12.2026,1.1287,0.0413,-1.1171,0,1,0,0.50613,1
0.4019,4.2269,2.6780,11.4274,1.8344,0.0268,-0.3616,0,0,0,0.00000,1
0.3672,3.8644,2.7461,11.4596,2.7798,0.1251,-0.4592,0,0,0,0.00000,3
0.5580,5.7291,2.3278,11.9127,2.2409,0.0269,-1.0997,0,0,1,0.48816,1
0.4453,4.2935,2.4955,11.5478,-0.8725,0.0491,-0.5444,0,0,0,0.00000,1
0.4216,4.5987,2.6815,12.5014,2.7499,0.1082,-1.4321,0,0,1,1.09081,1
0.3934,4.0960,2.6825,11.8321,2.7801,0.1070,-0.7691,0,0,2,0.77660,1
0.4554,4.7026,2.5502,11.9230,1.6690,0.0008,-0.8409,0,1,0,0.39150,1
0.3572,3.8359,2.7900,11.3502,-2.6123,0.0297,-0.2612,0,0,0,0.00000,1
0.4188,4.4838,2.6652,11.3675,-1.9961,0.0431,-0.3517,0,0,0,0.00000,1
0.5652,5.4973,2.2603,11.3965,0.4812,0.1062,-0.6330,0,0,0,0.00000,1
0.4895,4.8557,2.4383,11.5382,2.5142,0.0015,-0.5436,0,0,0,0.00000,3
0.3534,3.7487,2.7818,12.5232,2.6626,0.0510,-1.1380,0,1,0,1.20579,1
0.4630,4.2819,2.4180,12.0197,0.7000,0.0325,-0.9885,0,1,0,0.66562,1
0.5319,5.4535,2.3834,11.4377,2.1804,0.0288,-0.5388,0,0,0,0.00000,1
0.4237,4.3811,2.6153,11.4294,2.9356,0.0696,-0.4389,0,0,0,0.00000,1
0.3998,4.0409,2.6355,12.2040,-2.3778,0.0050,-0.9552,0,1,0,0.89529,1
0.3399,3.7105,2.8438,13.1297,2.0675,0.0391,-1.5370,0,1,3,2.23663,1
0.5974,6.0185,2.2217,12.4459,0.1397,0.0230,-1.8485,1,1,0,0.30020,1
0.4891,5.3696,2.5476,13.3554,-2.1002,0.0076,-2.4364,0,1,1,2.07297,1
0.4095,4.3370,2.6708,11.3309,2.8387,0.0809,-0.3557,0,0,0,0.00000,3
0.3549,3.7755,2.7824,11.3232,2.9539,0.0123,-0.2210,0,0,0,0.00000,1
0.3634,3.8869,2.7728,13.2029,-3.1373,0.0459,-1.7205,0,1,2,1.90909,1
0.4072,4.1044,2.6184,12.1255,-1.2446,0.0230,-0.9335,0,1,1,0.87257,1
0.4234,4.2328,2.5778,11.3212,-1.2652,0.0494,-0.3254,0,0,0,0.00000,1
0.5262,4.9268,2.3057,11.4870,-0.3658,0.0898,-0.6543,0,0,0,0.00000,1
0.3933,3.9902,2.6525,12.5927,2.1440,0.0536,-1.3352,0,1,1,1.26226,1
0.5128,5.0307,2.3791,11.3325,-1.1451,0.0613,-0.4457,0,0,0,0.00000,3
0.3768,4.0424,2.7506,11.9298,-3.0206,0.0151,-0.6959,0,0,1,0.51763,1
0.4371,4.6006,2.6086,11.3555,-2.0027,0.0394,-0.3572,0,0,0,0.00000,3
0.3846,3.9342,2.6789,11.4373,1.6201,0.0696,-0.3986,0,0,0,0.00000,1
0.5232,5.2905,2.3878,11.3175,2.6253,0.0069,-0.3794,0,0,0,0.00000,3
0.4359,4.1979,2.5128,12.6297,-2.0603,0.0270,-1.4784,0,0,1,1.08785,1
0.4480,4.8307,2.6137,12.2239,1.8130,0.0404,-1.1566,1,1,0,0.61092,3
0.4944,5.1978,2.4894,11.3854,-2.0753,0.0488,-0.4616,0,0,0,0.00000,3
0.5218,5.0912,2.3549,11.4354,0.2580,0.0110,-0.5002,0,0,0,0.00000,3
0.6511,6.2390,2.0553,11.6807,0.8763,0.0760,-1.0848,0,0,1,0.18739,3
0.3498,3.7695,2.8084,13.2443,2.6583,0.0220,-1.6450,0,1,2,2.20639,1
0.5607,5.3120,2.2454,11.3982,-0.5785,0.0005,-0.5002,0,0,0,0.00000,1
0.5549,5.2979,2.2648,11.5354,-0.3846,0.0386,-0.6873,0,0,0,0.00000,3
0.3862,3.9675,2.6808,12.4028,2.3902,0.0689,-1.1725,0,1,0,1.12387,1
0.5007,4.5634,2.3306,11.2983,-0.3740,0.0500,-0.3844,0,0,0,0.00000,1
0.3700,3.9051,2.7443,11.8773,-2.8083,0.0401,-0.6735,0,0,1,0.31656,3
0.4453,4.6161,2.5751,11.4313,-2.9085,0.0267,-0.4167,0,0,0,0.00000,3
0.3851,3.9303,2.6752,12.0453,-1.5277,0.0008,-0.7844,0,1,0,0.69389,1
0.4921,5.2256,2.5049,11.5109,2.3352,0.0562,-0.5888,0,0,0,0.00000,3
0.3946,3.9768,2.6423,11.3262,-1.7706,0.0411,-0.2918,0,0,0,0.00000,1
0.4003,4.3713,2.7258,11.5256,-1.9092,0.0908,-0.5124,0,0,0,0.00000,1
0.4578,4.6496,2.5272,11.4139,-0.5200,0.0152,-0.4031,0,0,0,0.00000,1
0.4503,4.8944,2.6185,12.6803,-3.1317,0.0616,-1.6377,0,0,1,1.20261,1
0.3351,3.6925,2.8649,11.6401,2.9828,0.2683,-0.7150,0,0,0,0.00000,0
0.4943,5.4362,2.5383,12.8946,-1.2626,0.0002,-1.9408,0,0,1,1.57035,1
0.3469,3.8288,2.8439,12.8884,-2.4688,0.0224,-1.3520,0,1,0,1.52625,0
0.4830,5.2134,2.5419,11.2850,2.6200,0.0164,-0.3169,0,0,0,0.00000,3
0.5518,5.4275,2.2997,12.1502,1.4030,0.0201,-1.3421,0,1,0,0.58113,1
0.4154,4.4070,2.6614,11.4566,2.8147,0.0975,-0.4839,0,0,0,0.00000,1
0.3506,3.8267,2.8226,12.4807,2.4515,0.0859,-1.1464,0,1,0,0.94206,3
0.4300,4.2644,2.5558,11.4647,1.7655,0.0559,-0.4601,0,0,0,0.00000,3
0.4931,5.2867,2.5128,11.6268,1.8661,0.0677,-0.7181,0,0,0,0.00000,3
0.4740,4.5286,2.4300,11.3248,1.9699,0.0487,-0.3799,0,0,0,0.00000,1
0.4783,4.5644,2.4205,12.1858,-1.9733,0.0220,-1.1757,0,1,0,0.77359,1
0.3631,3.9403,2.7912,11.3837,-2.6912,0.1595,-0.4380,0,0,0,0.00000,3
0.5293,5.4090,2.3856,12.1508,1.5607,0.0241,-1.2868,0,0,2,0.42648,3
0.3688,3.9459,2.7631,12.3837,-2.7950,0.1251,-1.1829,0,0,2,0.95425,1
0.4673,4.9216,2.5476,11.5238,2.7274,0.0344,-0.5383,0,0,0,0.00000,3
0.4104,4.1614,2.6187,11.4899,-1.2773,0.0056,-0.3964,0,0,0,0.00000,1
0.4076,4.4353,2.7065,11.9057,3.0929,0.0368,-0.7697,0,0,1,0.36776,3
0.3873,4.0545,2.7007,11.5773,1.8693,0.0824,-0.5250,0,1,0,0.15691,3
0.4785,5.0080,2.5175,11.5677,2.9905,0.0147,-0.5721,0,0,0,0.00000,3
0.4542,4.3238,2.4651,12.1546,-1.3113,0.0191,-1.0756,0,0,0,0.00000,1
0.6091,5.5564,2.1087,11.5062,0.0029,0.1230,-0.8469,0,0,0,0.00000,1
0.3765,3.9276,2.7173,11.3331,2.0806,0.0257,-0.2626,0,0,0,0.00000,1
0.3537,3.7992,2.7969,13.1622,2.9319,0.0553,-1.6570,0,1,0,2.07254,1
0.4306,4.6813,2.6590,11.2804,3.0579,0.0058,-0.2500,0,0,0,0.00000,1
0.5154,5.3471,2.4307,12.2266,0.3205,0.0178,-1.3209,0,0,2,0.63647,1
0.3604,3.8459,2.7760,12.9371,-1.9766,0.0165,-1.4361,0,1,0,0.42544,1
0.3685,4.0407,2.7940,13.1673,-2.8637,0.0249,-1.6761,0,1,1,1.97714,1
0.5355,5.4987,2.3771,11.2922,-2.0582,0.0207,-0.3839,0,0,0,0.00000,3
0.5741,5.5001,2.2272,11.4635,-0.5764,0.0725,-0.6795,0,0,0,0.00000,3
0.4890,4.5487,2.3735,11.4143,-2.0418,0.0096,-0.4339,0,0,0,0.00000,1
0.4902,4.7388,2.4101,11.5173,-2.9645,0.0143,-0.5397,0,0,0,0.00000,1
0.4130,4.0830,2.5853,11.2689,-2.2490,0.0558,-0.2806,0,0,0,0.00000,3
0.5191,5.4983,2.4440,11.4891,2.2582,0.1074,-0.6689,0,0,0,0.00000,1
0.4420,4.6945,2.6092,12.9663,2.8328,0.0508,-1.8721,1,0,3,1.71661,1
0.4238,4.3834,2.6152,12.0290,1.3260,0.0401,-0.9152,0,0,1,0.69045,1
0.5705,5.7449,2.2817,11.5735,-1.1091,0.0245,-0.7391,0,0,0,0.00000,3
0.4631,5.0408,2.5932,11.8372,-2.8165,0.0208,-0.8050,0,1,0,0.43530,3
0.3739,3.9345,2.7328,11.7000,2.8294,0.0580,-0.5689,0,0,1,0.30861,3
0.4313,4.1957,2.5323,11.7957,2.1077,0.0190,-0.6997,0,0,2,0.62271,3
0.4813,4.7205,2.4430,12.8397,1.0490,0.0293,-1.8716,0,1,0,1.27905,1
0.4213,4.1898,2.5761,11.6474,0.8438,0.0152,-0.5518,0,1,0,0.29115,1
0.3874,4.1960,2.7413,11.2653,-2.3565,0.0545,-0.2547,0,0,0,0.00000,3
0.3764,3.9646,2.7293,11.7474,-2.5907,0.1132,-0.6772,0,1,0,0.30407,3
0.4907,4.7645,2.4138,11.4780,-0.7751,0.0770,-0.5788,0,0,0,0.00000,1
0.5173,4.8101,2.3172,12.1900,-0.6947,0.0260,-1.2943,0,0,1,0.56984,1
0.4366,4.6831,2.6311,11.8355,2.1448,0.0583,-0.7967,0,1,0,0.55411,3
0.4760,4.3406,2.3788,11.9892,1.6170,0.0384,-0.9981,0,0,1,0.54478,1
0.4015,4.0305,2.6245,11.6863,0.9224,0.0009,-0.5337,0,1,0,0.22321,1
0.4692,4.8568,2.5250,11.8047,0.2043,0.0041,-0.7645,0,0,1,0.39897,1
