x,Q2,W,miss_mass,phih,pt2,t,secondary_pips,secondary_pims,secondary_pizs,secondary_esum,accepted
0.4337,4.6905,2.6466,12.0086,-3.0415,0.0125,-0.8851,0,1,0,0.55268,3
0.4531,4.5684,2.5286,12.5055,-0.9098,0.0142,-1.4016,0,1,3,1.40257,1
0.4461,4.3975,2.5182,11.8980,-0.9063,0.0195,-0.8210,0,1,0,0.51590,1
0.4279,4.1645,2.5393,12.0454,2.8472,0.0166,-0.9066,0,1,0,0.17354,1
0.3683,3.9493,2.7668,12.0217,2.3945,0.0159,-0.7481,0,1,0,0.68911,1
0.3545,3.7919,2.7900,11.7578,-3.0496,0.0649,-0.5870,0,1,0,0.22493,3
0.4329,4.1777,2.5204,12.0732,1.5969,0.0227,-0.9517,0,1,0,0.54392,1
0.4470,4.3507,2.5026,12.0498,0.8813,0.0439,-0.9943,0,1,0,0.47857,1
0.6126,6.0071,2.1630,12.3156,0.7331,0.0407,-1.7589,0,1,1,0.65765,1
0.3589,3.8633,2.7897,12.8539,-2.5666,0.0255,-1.3782,0,1,1,1.41530,1
0.3623,3.9974,2.8139,13.3970,2.6848,0.0737,-1.9327,0,1,2,2.34150,0
0.4655,4.5309,2.4663,12.0798,1.0302,0.0497,-1.0773,0,1,0,0.64530,1
0.4535,4.8250,2.5874,12.9344,2.3585,0.0124,-1.8246,0,1,0,1.31422,1
0.4367,4.2305,2.5174,11.9782,1.4833,0.0006,-0.8464,0,1,2,0.63564,1
0.3613,3.8362,2.7683,11.5568,2.9772,0.1517,-0.5547,0,0,0,0.00000,1
0.4336,4.1755,2.5169,12.2963,-1.1416,0.0287,-1.1634,0,1,0,0.96575,1
0.4595,4.2759,2.4309,12.1017,-0.5822,0.0050,-1.0191,0,1,0,0.81620,1
0.5093,5.0613,2.3994,12.3554,0.9451,0.0105,-1.4275,0,1,1,0.89840,1
0.5010,5.3039,2.4825,11.8014,2.7290,0.0023,-0.8242,0,1,0,0.27160,3
0.4404,4.2061,2.4950,11.7123,-0.6706,0.0060,-0.6272,0,1,0,0.15039,3
0.4876,4.7035,2.4133,11.9259,-1.1001,0.0038,-0.9173,0,1,0,0.31221,1
0.3533,3.7759,2.7915,13.2722,-2.9722,0.0429,-1.7237,0,1,1,1.96632,1
0.4074,4.2445,2.6558,12.1506,2.5675,0.0434,-0.9838,0,1,0,0.31723,3
0.3851,4.0485,2.7104,12.2202,-1.8234,0.0293,-0.9628,0,1,0,0.91172,1
0.4838,5.0633,2.5067,12.2402,2.0408,0.0457,-1.2825,0,1,0,0.88148,3
0.4600,4.3119,2.4377,12.0537,-1.0602,0.0269,-1.0060,0,1,1,0.49206,1
0.3608,3.8587,2.7779,11.8323,2.1789,0.0909,-0.6855,0,1,0,0.16186,3
0.4955,4.8065,2.4030,11.6085,0.3008,0.0175,-0.6400,0,1,0,0.18264,1
0.3743,3.9471,2.7346,11.7117,-2.1172,0.0271,-0.5407,0,1,0,0.29523,1
0.4434,4.4101,2.5332,12.3811,1.8101,0.0282,-1.2718,0,1,0,0.94905,1
0.4813,4.7943,2.4591,12.2146,-1.1809,0.0456,-1.2481,0,1,0,0.20714,1
0.4658,4.8453,2.5373,11.8027,3.0439,0.0044,-0.7562,0,1,0,0.24142,3
0.4854,4.3928,2.3530,11.7717,1.2103,0.0054,-0.7626,0,1,0,0.43677,1
0.4079,4.2305,2.6495,12.1743,-2.8396,0.0416,-1.0030,0,1,0,0.87259,3
0.5436,5.1149,2.2748,12.0897,0.0861,0.0020,-1.2231,0,1,0,0.56775,1
0.4225,4.5384,2.6613,12.5500,2.9285,0.0046,-1.3253,0,1,1,0.98092,1
0.3556,3.8556,2.8049,11.8590,2.9176,0.0382,-0.6294,0,1,0,0.19398,1
0.4265,4.2648,2.5720,11.7817,-1.0364,0.0062,-0.6628,0,1,0,0.35467,1
0.4741,4.9508,2.5241,11.8603,-1.2030,0.0372,-0.8703,0,1,0,0.58056,1
0.4317,4.6424,2.6443,12.1239,-2.8224,0.0078,-0.9760,0,1,0,0.46349,3
0.5029,5.4897,2.5111,12.2055,2.8136,0.0107,-1.2543,0,1,0,0.83523,3
0.4184,4.5615,2.6874,12.3165,3.0814,0.0532,-1.1732,0,0,0,0.00000,3
0.4141,4.2436,2.6237,12.4071,2.6612,0.0346,-1.2135,0,2,0,0.71070,1
0.3677,3.8610,2.7421,12.1059,2.5464,0.0077,-0.7993,0,1,0,0.63944,1
0.4931,4.8131,2.4141,12.7115,1.8965,0.0078,-1.7453,0,1,1,0.81938,1
0.3681,3.8543,2.7383,12.5213,-2.3731,0.0101,-1.1241,0,1,0,1.19214,1
0.5720,5.5332,2.2406,11.6756,-1.0404,0.0345,-0.8684,0,1,0,0.26851,3
0.4668,4.7047,2.5007,11.7366,1.6734,0.0150,-0.7095,0,0,2,0.30041,3
0.5800,5.4359,2.1947,12.0467,-0.5695,0.0031,-1.2719,0,1,0,0.69879,1
0.4490,4.6445,2.5650,12.1824,-2.7557,0.0496,-1.1325,0,1,0,0.26254,1
0.4407,4.5258,2.5736,11.9674,1.6600,0.0258,-0.8810,0,1,0,0.59278,3
0.4890,4.8066,2.4298,11.7850,0.6973,0.0222,-0.8069,0,1,0,0.33694,1
0.3526,3.8170,2.8084,12.4184,-2.2161,0.0384,-1.0369,0,1,0,1.12334,1
0.3701,3.9754,2.7654,11.8745,-3.0153,0.1511,-0.8117,0,1,0,0.28286,1
0.3603,3.9463,2.8085,12.0756,3.1222,0.0561,-0.8226,0,1,0,0.65698,3
0.4147,4.4073,2.6648,12.2804,2.8880,0.0977,-1.1928,0,1,0,0.81730,1
0.5210,5.1545,2.3706,12.0047,-0.0966,0.0109,-1.0876,0,1,0,0.55335,3
0.4107,4.2340,2.6372,12.1556,-0.8178,0.0006,-0.9381,0,1,0,0.84418,1
0.4380,4.4939,2.5781,11.9775,-0.4856,0.0010,-0.8510,0,1,0,0.58427,1
0.4967,5.4301,2.5263,11.5298,-1.5253,0.0042,-0.5521,0,1,0,0.31065,1
0.4977,4.6700,2.3652,12.0721,-0.5398,0.0572,-1.1620,0,0,1,0.19268,1
0.3483,3.7214,2.8004,11.6030,2.5661,0.0727,-0.4764,0,1,0,0.24603,3
0.3854,3.9428,2.6773,12.0251,1.9455,0.0215,-0.7968,0,1,0,0.73888,1
0.3801,4.1155,2.7554,12.8181,2.6006,0.0335,-1.4466,0,1,1,1.43803,1
0.4600,4.7998,2.5525,12.0502,-3.0611,0.0254,-1.0032,0,1,0,0.59900,3
0.4494,4.6017,2.5532,12.6551,-2.8789,0.0175,-1.5389,1,2,1,1.47938,1
0.4680,4.9515,2.5513,12.5878,2.9586,0.0002,-1.5149,0,1,0,1.01961,1
0.4128,4.1992,2.6178,12.0741,2.9414,0.0018,-0.8757,0,1,0,0.47080,3
0.5083,5.0726,2.4055,11.8332,1.1079,0.0086,-0.8776,0,1,0,0.20639,3
0.3628,3.9031,2.7812,11.9435,2.9657,0.1390,-0.8349,0,1,0,0.23894,1
0.3832,4.0445,2.7188,11.5345,-2.9495,0.0535,-0.4520,0,1,0,0.31071,3
0.5493,5.2099,2.2704,12.2990,-0.4064,0.0612,-1.5659,0,1,1,0.84381,1
0.3979,4.1703,2.6815,11.8532,-2.9924,0.1229,-0.8156,0,1,0,0.37397,1
0.4517,4.7430,2.5763,11.8033,-2.8416,0.0124,-0.7395,0,1,0,0.16985,3
0.3928,4.3116,2.7471,12.5217,-2.1725,0.0288,-1.2353,0,1,1,1.13156,1
0.3473,3.7804,2.8257,11.8593,3.1213,0.0839,-0.6705,0,1,0,0.52848,3
0.3558,3.7997,2.7856,12.2571,-2.9626,0.0424,-0.9297,0,1,1,0.89123,3
0.5224,4.7972,2.2948,11.8486,1.8036,0.0139,-0.9274,0,0,0,0.00000,1
0.4855,4.7691,2.4362,12.2608,1.0640,0.0567,-1.3234,0,1,1,0.79925,1
0.3955,4.3425,2.7419,13.2054,-2.9615,0.0344,-1.8563,0,1,0,1.91826,1
0.5511,5.1235,2.2481,12.3641,0.8992,0.0405,-1.6148,0,1,0,0.76989,1
0.4333,4.1756,2.5182,11.7752,2.1971,0.0053,-0.6681,0,0,0,0.00000,3
0.3607,3.8052,2.7611,11.9002,-2.5946,0.0463,-0.6799,0,1,0,0.45763,3
0.3433,3.7807,2.8484,13.4003,3.0821,0.0895,-1.8664,0,1,0,2.46153,0
0.4835,5.0782,2.5111,12.1052,2.1002,0.0389,-1.1356,0,1,0,0.59743,3
0.4360,4.6191,2.6185,12.0336,2.5030,0.0409,-0.9499,0,1,0,0.55401,3
0.4300,4.4589,2.6060,12.9208,2.3719,0.0056,-1.6974,0,1,0,1.76976,1
0.4653,4.8249,2.5348,12.4279,-2.2877,0.0504,-1.4215,0,1,0,1.03879,1
0.3788,3.9129,2.7013,12.0299,-2.3120,0.0061,-0.7652,0,1,0,0.85159,1
0.4017,4.3031,2.6999,12.0610,-2.2406,0.0188,-0.8615,0,1,0,0.55896,1
0.4013,4.3415,2.7127,12.0257,2.6886,0.0687,-0.8968,0,1,0,0.47501,3
0.3666,3.9298,2.7696,12.2887,2.4592,0.1339,-1.1113,0,1,0,0.78760,3
0.3807,4.0159,2.7226,12.2171,2.9392,0.0879,-1.0291,0,1,0,0.91458,1
0.4015,4.3372,2.7104,12.1903,3.0008,0.0752,-1.0454,0,1,0,0.68617,3
0.4714,5.1089,2.5707,12.2801,1.9534,0.0184,-1.2482,0,1,0,0.29986,3
0.3747,3.8990,2.7179,11.9689,2.5748,0.0120,-0.7169,0,1,0,0.53385,1
0.3731,3.9510,2.7423,11.5000,2.9561,0.0107,-0.3631,0,1,0,0.23580,1
0.4394,4.6034,2.5986,12.0064,-1.5601,0.0012,-0.8809,0,1,0,0.59199,1
0.4123,4.4209,2.6800,12.0659,-2.2102,0.0311,-0.9076,0,1,0,0.69637,3
0.4654,5.0470,2.5844,11.9798,-3.1140,0.0410,-0.9709,0,1,0,0.21240,3
0.4030,4.0575,2.6253,12.2380,2.4759,0.0596,-1.0689,0,1,0,0.81949,1
0.4380,4.5728,2.5978,12.2447,3.0341,0.0203,-1.1186,0,1,1,0.67925,3
0.3556,3.8784,2.8123,11.8934,-2.4879,0.1515,-0.7968,0,1,0,0.57491,3
0.4323,4.6808,2.6511,12.6331,-2.1442,0.0206,-1.4610,0,2,1,1.04312,1
0.3950,4.0114,2.6503,12.9397,-1.8744,0.0050,-1.5641,0,1,1,0.83966,1
0.4141,4.5337,2.7008,11.9894,-2.5244,0.1613,-1.0168,0,1,0,0.34506,1
0.4021,4.2102,2.6720,11.8246,1.7301,0.0317,-0.6849,0,1,0,0.23326,1
0.4303,4.6799,2.6601,13.3010,-2.7358,0.0388,-2.1303,0,1,1,2.08085,1
0.4604,4.7231,2.5331,12.3487,2.6758,0.0005,-1.2539,0,1,1,0.92235,1
0.4048,4.2660,2.6743,11.9287,-3.0721,0.0610,-0.8137,0,1,0,0.30906,3
0.4407,4.7651,2.6322,12.1551,2.0983,0.0390,-1.0705,0,1,1,0.68950,3
0.4386,4.5100,2.5794,12.1810,-1.1733,0.0050,-1.0404,0,1,0,0.75015,1
0.3741,4.0728,2.7738,11.8772,1.9731,0.0372,-0.6783,0,1,0,0.32307,1
0.3967,4.2462,2.7091,11.9115,2.5337,0.0623,-0.7836,0,1,1,0.61522,3
0.3705,4.0128,2.7744,12.6716,2.4469,0.0322,-1.2867,0,1,1,1.56532,1
0.5361,4.9034,2.2634,12.1164,-0.5382,0.0355,-1.2796,0,1,0,0.67965,1
0.4084,4.1952,2.6376,11.9054,2.5679,0.0609,-0.8016,0,1,0,0.33818,3
0.3786,4.0508,2.7440,11.6340,-2.1135,0.0590,-0.5276,0,1,0,0.22002,1
0.3903,4.0182,2.6752,11.7798,-1.7652,0.0201,-0.6121,0,1,0,0.39143,1
0.4205,4.2358,2.5917,12.3623,2.9011,0.0365,-1.1961,0,1,0,0.74345,1
0.4726,4.9242,2.5248,12.2073,-2.9659,0.0501,-1.2235,0,1,0,0.88205,1
0.4529,4.4810,2.5087,12.0117,-1.4231,0.0206,-0.9421,0,1,0,0.29104,3
0.4303,4.6215,2.6454,11.6119,-2.1608,0.0959,-0.6351,0,1,0,0.29904,3
0.4283,4.2500,2.5598,11.7516,0.9034,0.0056,-0.6396,0,1,0,0.31310,1
0.4330,4.5271,2.6095,11.7785,2.0081,0.0338,-0.7079,0,1,0,0.27804,3
0.3761,4.0333,2.7517,11.8984,1.7264,0.0734,-0.7443,0,1,0,0.23524,1
0.4277,4.5163,2.6314,11.7505,1.4186,0.0179,-0.6541,0,1,0,0.35723,1
0.3476,3.7937,2.8288,11.7795,3.0235,0.2369,-0.8015,0,1,0,0.38737,1
0.4873,5.3236,2.5461,12.1918,2.7384,0.0934,-1.3105,0,1,0,0.95339,1
0.3496,3.7859,2.8149,12.8922,-2.8983,0.1309,-1.5428,0,1,0,1.78599,1
0.3450,3.7635,2.8328,11.9595,-2.8193,0.0281,-0.6672,0,1,0,0.42116,1
0.3936,4.0211,2.6601,12.1799,-2.8653,0.0145,-0.9320,0,1,0,0.76606,3
0.4799,5.0074,2.5116,12.2714,-0.8209,0.0075,-1.2479,0,1,0,0.57739,1
0.5449,5.6396,2.3644,12.9214,1.1193,0.0351,-2.2518,0,1,3,0.98178,1
0.6231,6.0400,2.1293,12.1040,0.1504,0.0624,-1.5488,0,1,0,0.51808,1
0.4383,4.2276,2.5098,11.8398,-0.8469,0.0223,-0.7560,0,1,0,0.49564,1
0.3657,3.8649,2.7539,12.3263,2.5120,0.0196,-0.9788,0,1,1,1.05232,1
0.4652,4.3222,2.4186,12.1921,2.7774,0.0057,-1.1210,0,1,0,0.81647,1
0.3962,4.0089,2.6440,12.7097,1.8148,0.0380,-1.4229,0,1,1,1.56540,1
0.4843,4.6196,2.4081,11.8246,0.4718,0.0210,-0.8338,0,1,0,0.45283,1
0.4641,4.7331,2.5191,12.1661,-1.9654,0.0018,-1.0910,0,1,1,0.68889,3
0.3622,3.8811,2.7775,11.8282,3.0811,0.0860,-0.6791,0,1,0,0.29832,3
0.4688,4.3213,2.4035,11.9579,1.0476,0.0021,-0.9016,0,1,0,0.46116,1
0.4009,4.3735,2.7233,11.9079,-2.8186,0.0542,-0.7793,0,1,0,0.46509,3
0.4778,4.6378,2.4392,11.7461,-1.4609,0.0230,-0.7483,0,1,0,0.32881,3
0.3687,3.8932,2.7470,11.9860,2.8753,0.0660,-0.7869,0,1,0,0.66128,3
0.3594,3.8287,2.7756,11.6467,2.5497,0.0714,-0.5225,0,1,0,0.37831,3
0.5074,4.7004,2.3331,11.5417,2.6318,0.0010,-0.5718,0,1,0,0.21425,1
0.5106,5.4786,2.4763,11.7893,-1.5127,0.0248,-0.8607,0,1,0,0.23699,3
0.4322,4.3303,2.5630,12.4812,-2.3096,0.0223,-1.3202,0,0,0,0.00000,1
0.4655,5.0341,2.5809,12.9714,2.3252,0.0469,-1.9750,0,1,1,1.70722,1
0.3842,4.2349,2.7692,13.3173,2.2680,0.0486,-1.9276,0,1,1,2.29106,0
0.3753,4.0106,2.7487,13.1160,-2.5487,0.0226,-1.6607,0,1,1,1.79916,1
0.4121,4.2090,2.6240,11.9606,2.5803,0.0267,-0.8114,0,1,0,0.49815,3
0.4202,4.4054,2.6378,11.7898,-1.8435,0.0398,-0.7010,0,1,0,0.24846,3
0.4216,4.5285,2.6634,12.2497,2.5803,0.0152,-1.0700,0,1,0,0.66376,3
0.4326,4.3828,2.5745,12.7211,2.4046,0.0365,-1.5696,0,1,2,1.88290,1
0.3394,3.7146,2.8481,12.3925,-2.3398,0.0341,-0.9711,0,1,1,0.96524,1
0.4384,4.5765,2.5969,11.9299,-2.1164,0.0242,-0.8403,0,1,0,0.56947,3
0.4209,4.3551,2.6217,11.8123,1.2306,0.0093,-0.6826,0,1,0,0.15142,1
0.4056,4.0279,2.6046,12.0060,-2.9026,0.0396,-0.8515,0,1,0,0.70954,1
0.4173,4.1581,2.5857,11.7602,2.6514,0.0474,-0.6796,0,1,0,0.54763,1
0.5460,5.5431,2.3429,12.3354,0.1615,0.0281,-1.5501,0,1,1,0.86869,1
0.5144,4.9415,2.3550,12.6883,0.9185,0.0336,-1.8457,0,1,1,1.29013,1
0.4789,5.1195,2.5400,12.2924,-3.1355,0.0465,-1.3226,0,2,0,0.98174,1
0.4030,4.0418,2.6207,11.8672,1.4377,0.0191,-0.7047,0,1,0,0.41268,1
0.3578,3.8707,2.7979,12.5306,-2.7370,0.0270,-1.1226,0,1,0,1.01331,1
0.3785,4.1685,2.7795,11.7846,-2.6576,0.1038,-0.6981,0,1,0,0.32228,2
0.4588,4.8553,2.5705,13.1778,1.4640,0.0037,-2.0812,0,1,2,1.63349,1
0.3531,3.7653,2.7890,12.3415,-2.7974,0.0069,-0.9360,0,1,0,1.08709,1
0.5412,5.7293,2.3953,12.6458,0.5583,0.0039,-1.8572,0,1,0,1.32129,1
0.4393,4.4956,2.5728,11.8510,0.3796,0.0009,-0.7416,0,1,0,0.23721,1
0.4085,4.3507,2.6796,12.2071,-2.6527,0.1009,-1.1146,0,1,0,0.86705,1
0.4119,4.1772,2.6163,12.1731,-2.8057,0.0289,-0.9946,0,1,0,0.82091,1
0.4680,4.9481,2.5506,12.2466,2.9088,0.0644,-1.2696,0,0,2,0.49282,1
0.4169,4.4715,2.6710,13.1951,-2.4419,0.0121,-1.9101,0,1,0,1.85177,1
0.5585,5.1527,2.2259,12.2673,-0.2354,0.0663,-1.5639,0,1,0,0.53076,1
0.4358,4.6135,2.6180,11.9775,2.7099,0.0394,-0.8971,0,1,0,0.35781,3
0.5118,5.4928,2.4737,12.5691,2.6177,0.0041,-1.6615,0,1,1,0.87584,1
0.4714,4.5541,2.4470,11.6419,0.2158,0.0006,-0.6106,0,0,0,0.00000,3
0.3590,3.8844,2.7959,11.9513,2.5516,0.1055,-0.7897,0,1,0,0.48762,3
0.5006,4.8548,2.3926,12.5977,-0.7156,0.0256,-1.6806,0,1,3,1.56413,1
0.3609,3.9686,2.8121,11.9121,2.6316,0.2027,-0.8868,0,1,0,0.72975,1
0.5296,4.9543,2.2981,11.9104,-0.4599,0.0598,-1.0723,0,1,0,0.47636,1
0.4365,4.8012,2.6605,12.2634,1.7809,0.0106,-1.1193,0,1,1,0.68853,1
0.4438,4.6127,2.5808,12.6004,-1.3302,0.0405,-1.5021,0,1,0,1.14166,1
0.4788,4.5199,2.4085,11.9779,-0.7984,0.0236,-0.9742,0,1,0,0.23873,1
0.3543,3.8384,2.8064,12.7625,-2.5209,0.0185,-1.2770,0,1,1,1.38711,1
0.3956,4.2932,2.7277,12.5020,-2.7383,0.0712,-1.2903,0,1,0,1.24159,1
0.4772,4.4734,2.4044,12.1236,0.4873,0.0079,-1.0905,0,1,0,0.16519,1
0.4344,4.6770,2.6399,12.9420,-2.3844,0.0143,-1.7529,0,1,0,0.34353,1
0.4923,5.3562,2.5307,13.1999,2.7438,0.0330,-2.3267,0,1,0,2.01246,1
0.4537,4.8172,2.5847,12.0203,-3.0733,0.0712,-1.0211,0,1,0,0.26681,1
0.3394,3.7436,2.8577,12.1187,2.8913,0.0284,-0.7675,0,1,1,0.69563,0
0.3562,3.8311,2.7940,12.2632,3.0564,0.1495,-1.0828,0,1,0,1.07819,1
0.4714,4.9182,2.5288,11.6404,0.9024,0.0222,-0.6378,0,1,0,0.18163,1
0.5821,5.8082,2.2472,11.9603,2.8728,0.0025,-1.1786,0,1,0,0.20491,1
0.5417,5.0333,2.2670,11.9274,-1.3113,0.0083,-1.0478,0,1,0,0.44124,1
0.4041,4.2942,2.6857,12.7259,-2.3579,0.0053,-1.4156,0,1,0,1.45318,1
0.4469,4.3842,2.5112,11.7501,-2.8729,0.0172,-0.6870,0,1,0,0.37739,1
0.3926,4.0984,2.6871,12.6565,-2.0081,0.0017,-1.3069,0,1,1,1.18369,1
0.3503,3.7409,2.7960,12.6513,-2.2391,0.0148,-1.1711,0,1,1,1.12665,1
0.4355,4.2895,2.5376,11.7269,1.8978,0.0386,-0.6728,0,1,0,0.33452,3
0.3756,4.1303,2.7832,12.7923,2.8211,0.0469,-1.4283,0,1,0,1.54848,1
0.5190,4.8213,2.3128,11.8308,0.9027,0.0158,-0.9046,0,1,0,0.18137,1
0.4173,4.2984,2.6235,12.0395,1.8693,0.0217,-0.8840,0,1,0,0.60788,3
0.4040,4.1541,2.6474,11.8134,-1.6318,0.0028,-0.6427,0,1,0,0.44470,1
0.3546,3.9042,2.8262,11.9648,-2.9323,0.2400,-0.9621,0,1,0,0.35590,0
0.3945,4.1609,2.6957,12.3385,-2.2777,0.0243,-1.0799,0,1,0,1.11651,3
0.4215,4.6526,2.6956,11.8919,2.3325,0.0883,-0.8531,0,1,0,0.40594,2
0.4185,4.4688,2.6625,12.0368,-2.8558,0.0336,-0.9012,0,1,0,0.56556,3
0.4221,4.2113,2.5782,11.9549,2.7371,0.0622,-0.8754,0,0,0,0.00000,1
0.5333,5.0997,2.3116,11.9363,0.4716,0.0606,-1.1108,0,1,0,0.48381,1
0.4031,4.0152,2.6127,12.9152,-1.2116,0.0195,-1.6014,0,1,2,1.38380,1
0.3614,3.9564,2.8058,13.2277,-2.9563,0.0689,-1.7723,0,1,1,2.16679,1
0.5096,4.7332,2.3315,11.8430,1.6532,0.0178,-0.8998,0,1,0,0.46343,1
0.5767,5.8205,2.2701,12.1057,-0.5198,0.0400,-1.3897,0,1,0,0.41919,1
0.4745,4.8894,2.5089,12.0427,-0.3552,0.0006,-0.9982,0,0,0,0.00000,1
0.3989,4.1477,2.6702,12.2200,-1.9218,0.0189,-0.9858,0,1,0,0.26999,1
0.4190,4.6126,2.6972,11.5805,-1.9847,0.0273,-0.5088,0,1,0,0.19115,1
0.3375,3.7183,2.8599,12.5620,3.0719,0.1374,-1.2406,0,1,1,1.41298,0
0.3360,3.7098,2.8659,11.7289,2.1053,0.0787,-0.5517,0,1,0,0.49236,0
0.3688,3.9287,2.7574,13.0362,2.5629,0.0162,-1.5529,0,1,2,2.44645,1
0.4174,4.2942,2.6221,12.7786,0.5505,0.0009,-1.5056,0,1,1,1.35678,1
0.3646,3.8650,2.7595,11.6867,2.7675,0.0228,-0.5013,0,1,0,0.35473,1
0.3705,4.0715,2.7923,12.8114,2.6095,0.0558,-1.4384,0,1,1,1.61620,1
0.4238,4.1947,2.5657,12.1053,2.2971,0.0167,-0.9496,0,1,0,0.70409,1
0.4548,4.4430,2.4911,11.7641,1.5244,0.0217,-0.7202,0,1,0,0.30500,3
0.4521,4.3321,2.4761,12.0113,-0.5774,0.0315,-0.9539,0,1,0,0.59568,1
0.3515,3.8661,2.8307,11.9948,2.8835,0.0421,-0.7244,0,1,0,0.70641,1
0.4253,4.3305,2.5944,11.9319,2.0237,0.0533,-0.8509,0,1,0,0.18015,3
0.3770,3.9609,2.7250,11.8812,-2.4269,0.0781,-0.7388,0,1,0,0.58086,3
0.5697,5.8733,2.3059,12.2504,1.9601,0.0067,-1.4944,0,1,0,0.26571,1
0.5907,5.4857,2.1637,12.3369,0.6282,0.0227,-1.6830,0,1,0,0.27619,1
0.4523,4.8559,2.6001,11.8925,1.7522,0.0006,-0.8071,0,1,0,0.58591,1
0.4464,4.5973,2.5653,12.0196,1.5269,0.0085,-0.9186,0,1,0,0.60002,1
0.4398,4.2352,2.5052,11.7491,-1.8387,0.0012,-0.6522,0,1,0,0.31554,3
0.4783,4.6299,2.4354,11.6907,2.1201,0.0173,-0.6892,0,1,0,0.28815,1
0.5078,4.6456,2.3203,11.6748,2.5167,0.0009,-0.7038,0,1,0,0.16252,1
0.4636,4.6916,2.5118,12.4091,-2.8723,0.0174,-1.3472,0,1,0,1.23157,1
0.4451,4.6257,2.5781,11.9574,-2.9579,0.0615,-0.9292,0,1,0,0.48395,1
0.5896,5.9059,2.2343,12.3342,0.2825,0.0457,-1.7160,0,1,0,0.27511,1
0.3674,4.0167,2.7924,12.1079,2.4677,0.0195,-0.8162,0,1,0,0.78072,1
0.4460,4.7776,2.6107,12.3281,-2.6196,0.0157,-1.2136,0,1,1,0.44837,3
0.4327,4.6363,2.6381,11.9121,-2.8348,0.1063,-0.9185,0,1,0,0.62394,1
0.5337,5.0002,2.2912,12.1392,-2.0327,0.0010,-1.2491,0,1,0,0.39150,1
0.4169,4.1977,2.5985,12.1484,1.1495,0.0253,-0.9813,0,1,0,0.52281,1
0.4840,4.4131,2.3632,11.7909,1.7039,0.0102,-0.7849,0,1,0,0.26328,1
0.4149,4.4978,2.6877,12.2442,-2.7026,0.0108,-1.0404,0,1,0,0.85304,1
0.5220,5.5028,2.4331,11.8555,-2.1535,0.0044,-0.9266,0,1,0,0.22847,3
0.4247,4.4597,2.6311,12.5213,1.7978,0.0100,-1.3141,0,1,0,1.32454,1
0.4331,4.6179,2.6316,11.8672,-1.5919,0.0388,-0.7925,0,1,0,0.44177,1
0.4330,4.5202,2.6076,12.1596,2.3048,0.0252,-1.0344,0,1,0,0.35367,3
0.4679,4.5051,2.4500,11.6838,-2.5078,0.0314,-0.6820,0,1,0,0.30622,1
0.5030,5.4743,2.5079,12.1167,-2.3854,0.0398,-1.2019,0,1,0,0.68583,3
0.3924,3.9564,2.6468,11.9085,-2.4039,0.0002,-0.6919,0,1,0,0.54196,1
0.5913,5.7855,2.2088,12.1390,1.0881,0.0391,-1.4687,0,1,0,0.53285,1
0.3976,4.0222,2.6410,11.7851,2.2685,0.0648,-0.6856,0,1,0,0.39184,3
0.4755,4.8905,2.5051,11.9180,-2.1619,0.0390,-0.9310,0,1,0,0.46308,3
0.5121,4.9135,2.3584,12.2433,1.5725,0.0138,-1.3197,0,1,0,0.86002,1
0.4729,5.1337,2.5694,12.6659,2.4708,0.0608,-1.7084,0,1,1,1.20691,1
0.3841,4.0046,2.7021,13.0578,2.8233,0.0199,-1.6459,1,2,0,1.82589,1
0.4629,4.3836,2.4426,12.2667,-1.3162,0.0170,-1.2036,0,1,0,0.62745,1
0.3694,4.0699,2.7979,12.0339,3.0244,0.0472,-0.8008,0,1,0,0.55175,2
0.4686,4.6232,2.4745,11.6744,2.2962,0.0106,-0.6488,0,1,0,0.34617,3
0.6338,5.9634,2.0799,11.8693,0.2630,0.0413,-1.2427,0,1,0,0.23459,1
0.4147,4.1044,2.5831,11.8645,2.3537,0.0121,-0.7169,0,1,0,0.32054,3
0.3486,3.7716,2.8160,13.0705,3.0540,0.0675,-1.5788,0,1,1,1.96172,1
0.4200,4.1813,2.5797,11.6696,-2.5147,0.0647,-0.6293,0,1,0,0.22271,1
0.4382,4.5691,2.5958,12.0875,2.7265,0.0469,-1.0122,0,1,0,0.61338,1
0.4090,4.4375,2.7004,11.9860,2.6008,0.0302,-0.8313,0,1,0,0.75292,3
0.4434,4.2175,2.4850,11.7737,0.0016,0.0178,-0.7014,0,1,0,0.36294,1
0.3896,4.1367,2.7134,13.1000,2.9934,0.0026,-1.6767,0,1,1,1.81766,1
0.4304,4.2728,2.5566,11.7164,-3.0720,0.0206,-0.6321,0,1,0,0.26066,3
0.3889,4.1631,2.7242,12.8802,-2.9399,0.0166,-1.5078,0,1,1,1.43221,1
0.4138,4.3463,2.6527,12.7173,2.9978,0.0636,-1.5375,0,1,0,1.52576,1
0.4830,4.8759,2.4695,11.7120,-0.4993,0.0072,-0.7066,0,1,0,0.36527,1
0.4629,4.3759,2.4408,11.8873,1.8407,0.0029,-0.8244,0,1,0,0.46117,1
0.4744,5.1796,2.5728,12.7856,-2.6190,0.0734,-1.8606,0,1,0,1.61941,1
0.3923,4.0633,2.6786,12.9574,2.3864,0.0625,-1.6678,0,1,1,1.65602,1
0.4648,4.8999,2.5538,12.1158,-1.1829,0.0005,-1.0444,0,1,0,0.21247,1
0.4603,4.4022,2.4579,11.9307,-0.5904,0.0147,-0.8752,0,1,0,0.53575,1
0.4087,4.0883,2.6066,11.7976,-1.5140,0.0139,-0.6523,0,1,0,0.41305,1
0.3660,3.8307,2.7414,11.9477,2.5749,0.0080,-0.6771,0,1,0,0.58142,1
0.4415,4.3456,2.5252,12.4110,-0.1110,0.0091,-1.2649,0,0,0,0.00000,1
0.4797,4.6967,2.4445,11.8158,-0.8139,0.0150,-0.8087,0,1,0,0.25028,3
0.4445,4.7590,2.6132,12.4543,-3.0786,0.0504,-1.3789,0,1,0,1.19750,1
0.4415,4.2348,2.4975,12.7578,2.5167,0.0212,-1.6128,0,1,1,1.37202,1
0.3459,3.7038,2.8079,11.7066,-2.9415,0.0507,-0.5189,0,1,0,0.29131,2
0.3619,3.9891,2.8129,13.0364,-2.3417,0.0153,-1.5213,0,1,1,1.65185,0
0.3572,3.7802,2.7717,11.9079,-3.1082,0.0566,-0.6915,0,1,0,0.63089,3
0.3908,4.0427,2.6798,11.8605,-2.3955,0.0131,-0.6677,0,1,0,0.20983,3
0.5106,4.9580,2.3734,11.7755,1.1582,0.0146,-0.8304,0,1,0,0.43955,3
0.4091,4.0644,2.5981,11.9332,-2.3742,0.0425,-0.8023,0,1,0,0.44473,3
0.3943,4.0235,2.6571,12.4663,-2.2471,0.0221,-1.1828,0,1,0,1.33803,1
0.6465,5.8844,2.0242,12.0195,0.3328,0.0980,-1.5520,0,1,0,0.26363,1
0.5310,5.3821,2.3738,12.1531,0.8541,0.0002,-1.2598,0,1,1,0.66467,1
0.6236,5.7983,2.0927,11.7159,0.3456,0.0593,-1.0500,0,1,0,0.24328,3
0.4056,4.0286,2.6048,12.6849,-2.7311,0.0354,-1.4319,0,1,1,0.95463,1
0.4862,5.1709,2.5188,12.4675,2.4984,0.0622,-1.5503,0,1,0,1.02891,1
0.3918,4.1437,2.7040,12.0899,2.6109,0.0463,-0.8975,0,1,0,0.59890,3
0.5583,5.4473,2.2783,12.0348,0.3343,0.0150,-1.2202,0,1,0,0.34480,1
0.3747,3.9557,2.7353,11.8891,-2.3751,0.1102,-0.7810,0,1,0,0.52854,3
0.3745,4.0141,2.7542,11.7851,-2.7285,0.0534,-0.6289,0,1,0,0.39421,3
0.4760,4.8666,2.4977,12.2925,-0.9561,0.0165,-1.2694,0,2,0,0.86070,1
0.3971,4.0047,2.6385,12.9380,1.6907,0.0041,-1.5695,0,1,3,1.45402,1
0.4622,4.2916,2.4235,11.9319,-1.1870,0.0353,-0.9076,0,1,0,0.19383,1
0.4271,4.2742,2.5716,11.7885,-2.5275,0.0331,-0.7039,0,1,0,0.26171,3
0.3973,4.1054,2.6659,11.6489,-2.6633,0.0265,-0.5290,0,1,0,0.15968,3
0.4943,4.5776,2.3587,11.9674,1.2129,0.0100,-0.9809,0,1,0,0.30081,1
0.3904,4.0964,2.6977,12.8258,2.8236,0.0588,-1.5357,0,1,0,1.51529,1
0.3662,3.8834,2.7572,11.6686,2.1226,0.0674,-0.5443,0,1,0,0.43320,1
0.4029,4.3420,2.7045,12.3230,2.1617,0.0452,-1.1216,0,1,1,0.92977,3
0.4313,4.6404,2.6458,13.2504,-3.0387,0.0136,-2.0371,0,2,1,1.69751,1
0.4997,5.0721,2.4409,12.3586,-3.1078,0.0174,-1.4117,0,1,0,0.18888,1
0.4356,4.6986,2.6399,11.7383,1.1575,0.0001,-0.6363,0,1,0,0.27092,1
0.3475,3.7578,2.8172,12.0037,-2.5294,0.1274,-0.8320,0,1,0,0.71851,3
0.3626,3.8670,2.7711,11.5391,2.9936,0.0669,-0.4436,0,1,0,0.26291,3
0.4347,4.7408,2.6543,11.6216,-2.5212,0.0174,-0.5557,0,1,0,0.33673,3
0.4518,4.4478,2.5054,12.0263,-0.4401,0.0173,-0.9483,0,1,0,0.24358,1
0.4351,4.7261,2.6490,11.8421,2.3831,0.0368,-0.7722,0,1,0,0.41795,3
0.4051,4.0462,2.6118,11.9785,-1.7426,0.0350,-0.8216,0,1,0,0.72748,3
0.5130,5.5154,2.4731,11.6904,-2.8843,0.0701,-0.8210,0,1,0,0.29524,1
0.3580,3.8073,2.7766,11.8838,2.8772,0.1250,-0.7615,0,1,0,0.35947,1
0.4520,4.2518,2.4565,12.1503,2.0670,0.0356,-1.0891,0,1,0,0.69968,1
0.4728,5.1948,2.5832,11.5686,-2.6353,0.0437,-0.6001,0,1,0,0.18939,3
0.4702,4.7891,2.5053,12.9626,-1.0589,0.0361,-1.9673,1,2,0,1.23712,1
0.4135,4.3882,2.6653,13.2321,2.7445,0.0214,-1.9456,0,1,1,2.14051,1
0.4486,4.5732,2.5500,11.8181,-0.2266,0.0002,-0.7302,0,1,0,0.41387,1
0.5617,5.0994,2.2044,11.9395,0.7811,0.0069,-1.1056,0,1,0,0.34977,1
0.3755,3.8895,2.7110,11.8435,2.4938,0.0238,-0.6381,0,1,0,0.26510,3
0.4999,4.9935,2.4241,12.4399,-2.8968,0.0184,-1.4990,0,1,0,1.01019,1
0.4254,4.1304,2.5416,12.0650,1.9843,0.0071,-0.9046,0,1,0,0.66030,1
0.4037,4.1417,2.6452,12.2236,2.3288,0.0777,-1.0841,0,1,0,0.81011,1
0.3443,3.7426,2.8297,13.3423,-2.3202,0.0198,-1.6922,0,0,1,0.63772,1
0.4981,4.5230,2.3321,12.1118,-1.1682,0.0438,-1.1844,0,1,0,0.38308,1
0.4418,4.6480,2.5987,11.5914,1.3010,0.0251,-0.5493,0,1,0,0.34725,1
0.4090,4.1145,2.6124,11.7723,-2.2882,0.0242,-0.6453,0,1,0,0.38562,3
0.5121,5.5410,2.4816,12.5153,1.5916,0.0269,-1.6390,0,1,1,0.99834,1
0.3684,4.0101,2.7848,12.1946,-2.6335,0.1196,-1.0203,0,1,0,0.94863,3
0.5761,5.3120,2.1883,12.1208,0.2143,0.0682,-1.4435,0,1,0,0.74145,1
0.4746,4.3944,2.3969,12.0388,-0.2696,0.0094,-1.0028,0,1,0,0.40724,1
0.4253,4.6917,2.6870,12.8163,-2.5563,0.0922,-1.7213,0,1,0,1.48866,0
0.4665,5.1083,2.5928,11.7321,-2.5334,0.0147,-0.7062,0,1,0,0.14531,3
0.3857,4.2537,2.7670,11.9149,-2.2286,0.0917,-0.8005,0,1,0,0.40148,2
0.4093,4.1362,2.6170,12.4670,-2.2884,0.0103,-1.2143,0,1,1,0.87068,1
0.3476,3.7262,2.8060,11.9682,2.1356,0.0283,-0.6790,0,1,0,0.49769,1
0.4423,4.4573,2.5498,11.9061,-1.2153,0.0378,-0.8446,0,1,0,0.38151,1
0.4363,4.8146,2.6649,11.6588,-3.0433,0.1374,-0.7366,0,1,0,0.26170,0
0.4081,4.2243,2.6473,11.9313,-2.0778,0.0274,-0.7793,0,1,0,0.38815,3
0.4167,4.2112,2.6029,11.7084,1.4876,0.0206,-0.6018,0,1,0,0.21591,1
0.3984,4.2496,2.7012,12.1493,-2.3460,0.0491,-0.9672,0,1,0,0.73454,3
0.3659,3.8447,2.7466,11.9648,1.9890,0.0190,-0.7037,0,2,0,0.57281,1
0.5014,4.5499,2.3250,12.1384,-0.2686,0.0053,-1.1646,0,1,0,0.57340,1
0.5007,5.1953,2.4621,12.1685,-2.0476,0.0039,-1.1978,0,1,0,0.65593,3
0.4102,4.3817,2.6798,12.0381,2.3593,0.0045,-0.8438,0,1,0,0.50012,1
0.3683,4.0626,2.8016,12.4118,-2.7088,0.1199,-1.1959,0,0,2,0.27126,2
0.4825,5.1580,2.5321,11.8243,1.7052,0.0016,-0.8080,0,1,0,0.48202,1
0.4478,4.2564,2.4755,11.7423,-0.5837,0.0038,-0.6640,0,1,0,0.22387,3
0.3863,4.0715,2.7108,12.5551,-2.8874,0.0957,-1.3420,0,1,0,1.34738,1
0.4085,4.2144,2.6427,11.9727,-1.7428,0.0010,-0.7800,0,1,0,0.58288,1
0.4034,4.2740,2.6837,12.3312,-1.9897,0.0213,-1.0958,0,0,3,0.69105,1
0.4601,4.3212,2.4393,11.8026,-0.9083,0.0584,-0.8125,0,1,0,0.15841,1
0.4378,4.2169,2.5091,11.8611,2.9788,0.0258,-0.7784,0,1,0,0.21101,1
0.4344,4.3133,2.5487,12.0624,-0.5730,0.0056,-0.9231,0,1,0,0.57659,1
0.3446,3.7102,2.8170,11.8550,-2.7431,0.0841,-0.6626,0,1,0,0.53421,3
0.4640,4.9506,2.5689,12.0056,2.1012,0.0794,-1.0431,0,1,0,0.75862,3
0.4126,4.2922,2.6440,12.4912,2.9139,0.0638,-1.3272,1,1,0,0.79934,1
0.4498,4.6479,2.5623,12.3643,1.4651,0.0172,-1.2607,0,2,0,0.47293,1
0.4187,4.5743,2.6892,12.1627,-2.9560,0.0274,-1.0028,0,1,0,0.81885,3
0.5120,5.0314,2.3824,11.7669,2.2501,0.0062,-0.8139,0,1,0,0.30928,1
0.4858,4.9832,2.4808,11.9843,1.7632,0.0455,-1.0289,0,1,0,0.56977,3
0.5228,4.8830,2.3103,11.7162,-0.5630,0.0015,-0.7749,0,1,0,0.25560,3
0.3964,4.0939,2.6671,11.6365,-2.2896,0.0950,-0.6008,0,1,0,0.25073,3
0.4657,4.9909,2.5703,11.9261,1.7990,0.0791,-0.9701,0,1,0,0.36898,3
0.4119,4.1293,2.6030,11.6209,-2.4689,0.0153,-0.5154,0,1,0,0.39288,3
0.3620,3.8637,2.7729,12.1471,2.1093,0.0583,-0.8841,0,1,0,0.87679,1
0.4995,4.6675,2.3572,12.6301,0.8512,0.0233,-1.7066,0,1,1,1.22058,1
0.3882,4.2481,2.7525,12.4885,-2.8174,0.0223,-1.1825,0,1,0,1.15800,3
0.4685,4.7567,2.5055,11.9080,0.8878,0.0244,-0.8863,0,1,0,0.53092,1
0.3869,4.1893,2.7422,11.9836,-2.6066,0.0746,-0.8366,0,1,0,0.66064,3
0.4200,4.2097,2.5874,12.2500,-2.5504,0.0599,-1.1277,0,1,0,0.46945,1
0.3807,4.1069,2.7497,11.8728,-2.2143,0.0145,-0.6594,0,1,0,0.27930,1
0.5048,4.9991,2.4050,12.0327,-2.3796,0.0213,-1.0910,0,1,0,0.77186,1
0.3902,4.3026,2.7577,12.2129,-2.4711,0.0748,-1.0332,0,1,1,0.77830,2
0.5508,5.3831,2.2957,12.1805,1.9342,0.0157,-1.3670,0,1,0,0.29487,1
0.5888,5.9434,2.2429,11.9617,-0.6244,0.0321,-1.2383,0,1,0,0.45140,3
0.3898,4.2600,2.7475,11.8669,1.8521,0.0567,-0.7264,0,1,0,0.54276,1
0.3674,4.0064,2.7893,11.8883,3.0285,0.1163,-0.7726,0,1,0,0.42879,3
0.4250,4.3935,2.6123,11.9166,-2.5198,0.0392,-0.8188,0,1,0,0.50461,3
0.3636,3.8347,2.7555,11.6569,2.7267,0.0253,-0.4809,0,1,0,0.27209,1
0.4403,4.7977,2.6416,11.8698,3.0493,0.0415,-0.8138,0,1,0,0.38719,3
0.3401,3.7437,2.8538,11.7583,-2.8700,0.0730,-0.5722,0,1,0,0.32284,3
0.4813,4.7496,2.4491,11.6188,3.0009,0.0259,-0.6374,0,1,0,0.20241,1
0.4219,4.5090,2.6569,12.0580,2.5292,0.1097,-1.0291,0,1,0,0.60345,1
0.4768,5.2482,2.5769,11.8362,2.0155,0.0016,-0.8084,0,1,0,0.26064,1
0.4032,4.2323,2.6729,11.9637,3.1184,0.0454,-0.8190,0,1,0,0.52115,3
0.3691,3.9106,2.7506,11.8751,-2.8852,0.0605,-0.6957,0,1,0,0.36038,3
0.3455,3.7066,2.8109,11.5547,2.7590,0.1441,-0.5226,0,1,0,0.23215,3
0.4124,4.0660,2.5834,11.7723,-2.5104,0.0630,-0.7003,0,1,0,0.27007,1
0.5043,4.8752,2.3818,11.9182,0.5145,0.0167,-0.9649,0,1,0,0.60290,1
0.3656,3.8491,2.7495,12.8150,2.4518,0.0319,-1.3839,0,1,0,1.58548,1
0.3823,3.9894,2.7068,11.7052,2.7252,0.0074,-0.5249,0,1,0,0.17509,1
0.4700,5.0957,2.5741,11.8805,-2.7681,0.0897,-0.9493,0,1,0,0.19102,1
0.4774,5.1321,2.5492,12.2860,-2.4183,0.0472,-1.3127,0,1,0,0.92112,3
0.3370,3.7206,2.8636,12.5995,-2.4941,0.0438,-1.1291,0,1,1,1.27965,0
0.4677,4.8017,2.5189,12.0337,2.7354,0.0243,-1.0048,0,1,0,0.71318,3
0.5111,4.8628,2.3518,11.9996,2.3770,0.0079,-1.0522,0,1,0,0.37509,1
0.4510,4.6678,2.5617,11.9878,1.5303,0.0046,-0.8954,0,1,0,0.57115,1
0.3716,4.1020,2.7958,12.0268,2.9960,0.0763,-0.8382,0,1,0,0.61057,2
0.4519,4.6399,2.5513,11.7505,-1.3405,0.0589,-0.7500,0,1,0,0.47879,1
0.5343,5.0420,2.2969,11.9738,-1.2390,0.0045,-1.0761,0,2,0,0.39592,1
0.5295,5.3805,2.3793,11.9708,-0.2760,0.0098,-1.0721,0,1,0,0.36485,1
0.3763,3.8766,2.7030,12.4638,-2.6254,0.0774,-1.2047,0,1,0,1.32428,1
0.4627,4.4958,2.4701,11.8486,2.2481,0.0139,-0.8032,0,1,0,0.27354,3
0.4634,4.5215,2.4731,12.6677,0.9171,0.0058,-1.5829,0,1,1,0.90105,1
0.4883,5.3197,2.5405,11.9737,3.0601,0.0014,-0.9675,0,1,0,0.44917,3
0.5465,5.4316,2.3210,11.9178,0.0384,0.0400,-1.0948,0,1,0,0.22697,1
0.5247,4.8086,2.2884,11.7784,0.6876,0.0072,-0.8498,0,1,0,0.42946,1
0.4487,4.5692,2.5485,12.0198,0.8425,0.0112,-0.9276,0,1,0,0.21402,1
0.5177,5.4915,2.4489,12.1100,1.3195,0.0179,-1.2036,0,1,0,0.62455,3
0.4647,4.7108,2.5114,11.8738,-2.7117,0.0181,-0.8375,0,1,0,0.29618,3
0.4796,5.2721,2.5692,12.5817,-3.0662,0.0182,-1.5801,0,1,1,0.90550,1
0.4128,4.3193,2.6503,12.4998,-3.1349,0.0087,-1.2529,0,1,0,1.16021,1
0.5316,4.8781,2.2757,12.3008,1.3348,0.0215,-1.4507,0,1,1,0.81393,1
0.4234,4.2774,2.5896,11.6925,-2.9697,0.0042,-0.5796,0,1,0,0.40964,3
0.4089,4.3989,2.6905,11.8971,2.6081,0.0421,-0.7719,0,1,0,0.53339,3
0.3882,4.1025,2.7101,13.0768,2.2766,0.0320,-1.7027,0,0,3,1.64341,1
0.4633,5.0438,2.5930,12.4022,-2.8918,0.0082,-1.3285,0,1,0,0.82521,3
0.5281,5.3158,2.3728,12.0809,1.3349,0.0143,-1.1930,0,1,0,0.58537,3
0.5040,5.2631,2.4619,11.9347,-1.9927,0.0418,-1.0170,0,1,0,0.40025,3
0.4403,4.7147,2.6219,11.8896,1.4617,0.0373,-0.8258,0,1,0,0.33583,1
0.5828,5.4907,2.1934,12.0956,0.3349,0.0024,-1.3367,0,1,0,0.46848,1
0.4482,4.7861,2.6027,12.2055,1.7615,0.0382,-1.1364,0,2,0,0.86572,3
0.3789,3.9432,2.7101,11.6682,-2.5045,0.0293,-0.5180,0,1,0,0.35771,3
0.4822,4.6307,2.4195,12.1824,-0.9616,0.0028,-1.1555,0,1,0,0.74128,1
0.3898,4.2797,2.7529,11.7522,2.4244,0.0276,-0.5996,0,1,0,0.49855,1
0.4624,4.7103,2.5213,11.7065,2.2119,0.0019,-0.6573,0,1,0,0.20669,3
0.4663,4.8791,2.5427,12.0840,1.2237,0.0144,-1.0365,0,1,0,0.41094,1
0.3650,4.0002,2.8001,12.7923,2.7042,0.0187,-1.3423,0,1,1,1.46429,1
0.5211,4.7924,2.2989,11.8564,-2.3094,0.0015,-0.9161,0,1,0,0.32349,1
0.4389,4.7912,2.6466,12.4827,-2.7917,0.0530,-1.3915,0,1,0,1.09496,3
0.4894,5.3054,2.5329,12.3509,-2.1539,0.0152,-1.3704,0,1,1,0.73364,3
0.3548,3.7546,2.7763,13.0737,-2.7733,0.0812,-1.6351,0,2,0,1.61978,1
0.3602,3.7927,2.7597,12.7799,-2.9474,0.0489,-1.3619,0,1,0,1.41385,1
0.4668,4.3252,2.4127,12.4027,2.1978,0.0074,-1.3326,0,1,1,0.77590,1
0.4580,4.3632,2.4582,12.3628,1.3929,0.0071,-1.2670,0,1,0,0.89863,1
0.4144,4.1344,2.5927,11.6838,-2.0249,0.0351,-0.5953,0,1,0,0.22918,3
0.4483,4.4511,2.5214,11.9593,2.1891,0.0365,-0.9045,0,1,0,0.52928,3
0.4539,4.8164,2.5838,12.0048,2.8506,0.0282,-0.9498,0,1,0,0.59480,3
0.4630,4.4393,2.4556,12.0327,-0.3279,0.0083,-0.9684,0,1,0,0.35487,1
0.4413,4.7239,2.6194,11.6119,-2.1108,0.0089,-0.5471,0,1,0,0.30332,1
0.3662,3.9867,2.7893,12.2787,-2.4499,0.1576,-1.1343,0,1,0,0.86247,3
0.5127,5.4629,2.4645,12.8123,0.8814,0.0093,-1.9417,0,1,0,0.84671,1
0.4715,4.8185,2.5064,11.8409,-0.4404,0.0040,-0.8027,0,1,0,0.48196,1
0.3721,3.8637,2.7202,11.9247,2.9983,0.0462,-0.7217,0,1,0,0.48945,3
0.4560,4.4876,2.4969,12.0360,2.2998,0.0547,-1.0186,0,1,0,0.59534,1
0.5290,5.3913,2.3835,12.4416,-1.3023,0.0207,-1.6036,0,1,1,0.57597,1
0.4358,4.6386,2.6240,11.7443,1.5629,0.0278,-0.6762,0,1,0,0.42212,1
0.3293,3.6110,2.8695,11.7720,-3.0774,0.0355,-0.5175,0,1,0,0.41046,1
0.4198,4.1715,2.5782,12.3574,-2.6986,0.0444,-1.2007,0,1,1,0.98793,1
0.4664,4.5168,2.4594,11.6568,-2.5921,0.0261,-0.6477,0,1,0,0.41224,1
0.3829,3.9951,2.7051,11.5938,-2.0884,0.0596,-0.5041,0,1,0,0.26978,3
0.4965,4.6442,2.3644,12.0489,-2.6515,0.0073,-1.0648,0,1,0,0.24441,1
0.4680,4.7481,2.5054,11.9458,2.1921,0.0703,-0.9823,0,1,0,0.57891,1
0.4070,4.1322,2.6272,11.7046,-2.5703,0.0933,-0.6719,0,1,0,0.35116,1
0.3759,3.8829,2.7068,11.7605,1.7989,0.0544,-0.6139,0,1,0,0.26352,1
0.4784,4.4987,2.4051,11.8112,-2.7823,0.0124,-0.7971,0,1,0,0.26500,1
0.4792,5.1871,2.5531,13.0446,-2.6840,0.0334,-2.0921,0,1,1,1.46796,1
0.3538,3.7894,2.7930,12.4700,-2.5883,0.0297,-1.0672,0,1,1,0.93741,1
0.4789,5.1301,2.5420,11.8861,-2.0683,0.0170,-0.8800,0,1,0,0.41077,3
0.3972,4.3626,2.7390,11.5960,-2.3825,0.0577,-0.5249,0,1,0,0.27675,3
0.4281,4.2505,2.5610,11.7439,-1.3044,0.0013,-0.6273,0,1,0,0.19187,3
0.4481,4.9030,2.6305,12.0487,1.9817,0.0194,-0.9655,0,1,0,0.26187,1
0.3687,4.0324,2.7900,11.9190,-2.5616,0.1406,-0.8302,0,1,0,0.30587,3
0.5088,5.2806,2.4452,11.8948,2.8529,0.0331,-0.9753,0,1,0,0.36036,1
0.4531,4.6333,2.5443,12.2713,-2.3540,0.0330,-1.2046,0,1,1,0.94890,1
0.4889,4.6901,2.4047,12.0454,-1.5027,0.0367,-1.0843,0,1,0,0.21605,1
0.4390,4.5051,2.5763,12.2852,-3.0540,0.0323,-1.1755,0,0,0,0.00000,1
0.5435,4.9541,2.2453,12.3541,-1.4519,0.0052,-1.5222,0,1,0,0.83631,1
0.4705,5.1122,2.5755,12.2128,-3.0325,0.0491,-1.2221,0,1,0,0.27300,1
0.5374,5.4119,2.3535,11.8198,0.1497,0.0126,-0.9310,0,1,0,0.22667,3
0.4278,4.4245,2.6072,11.7821,-2.8296,0.0002,-0.6589,0,1,0,0.39382,1
0.3922,4.0904,2.6868,12.2729,-2.3587,0.0067,-0.9939,0,1,0,0.53116,1
0.4860,4.7794,2.4363,11.6036,-1.8427,0.0501,-0.6604,0,1,0,0.19584,3
0.3952,4.3001,2.7315,12.5863,1.9962,0.0236,-1.2908,0,1,0,1.23195,1
0.3513,3.8673,2.8324,12.3545,2.8815,0.0306,-0.9736,0,1,0,0.83145,0
0.4393,4.3376,2.5329,12.7276,2.4592,0.0226,-1.5782,0,1,2,1.26895,1
0.4325,4.3953,2.5784,11.7290,2.8304,0.0495,-0.6831,0,1,0,0.37841,1
0.3696,3.9502,2.7601,11.6546,2.7037,0.0750,-0.5484,0,1,0,0.22036,3
0.5049,4.8073,2.3651,12.1818,-0.5396,0.0500,-1.2866,0,1,0,0.73505,1
0.5015,5.2307,2.4659,12.0244,3.0077,0.0218,-1.0763,0,0,0,0.00000,1
0.4310,4.3645,2.5774,11.9527,-1.8812,0.0231,-0.8419,0,1,0,0.54702,3
0.4450,4.3535,2.5119,12.5962,-0.7520,0.0165,-1.4630,0,1,1,1.11877,1
0.4900,5.0219,2.4714,11.9543,-1.5337,0.0608,-1.0292,0,1,0,0.38813,3
0.3898,4.1439,2.7144,11.8589,3.0601,0.0037,-0.6530,0,0,0,0.00000,1
0.3897,4.0075,2.6751,11.8619,2.6709,0.0696,-0.7384,0,0,0,0.00000,3
0.5313,5.1905,2.3364,11.9103,0.1726,0.0442,-1.0561,0,1,0,0.27393,1
0.4082,4.4019,2.6947,11.9170,-1.9038,0.0607,-0.8109,0,1,0,0.47153,1
0.3763,4.0661,2.7605,13.0473,3.1126,0.0338,-1.6257,1,2,2,2.06643,1
0.4203,4.3696,2.6281,11.8034,-2.8534,0.0159,-0.6824,0,1,0,0.44158,3
0.3989,4.2304,2.6935,12.4406,-2.7237,0.0014,-1.1462,0,1,0,1.12112,1
0.4150,4.4635,2.6782,11.7163,1.7648,0.0261,-0.6131,0,1,0,0.21364,1
0.4113,4.3070,2.6542,12.0274,-2.2495,0.0857,-0.9446,0,1,0,0.62741,3
0.5399,5.0444,2.2757,12.1149,0.0137,0.0228,-1.2707,0,1,0,0.56029,1
0.4544,4.5105,2.5094,11.9598,-0.9369,0.0413,-0.9252,0,1,0,0.42125,1
0.4330,4.2710,2.5443,12.3149,1.4498,0.0272,-1.1768,0,1,0,1.00513,1
0.4654,4.5374,2.4685,11.8267,-1.7572,0.0018,-0.7726,0,1,0,0.37210,3
0.3800,4.0286,2.7302,11.6566,1.7970,0.0360,-0.5193,0,1,0,0.20631,1
0.4449,4.8924,2.6427,11.9434,2.1739,0.0264,-0.8710,0,1,1,0.39173,3
0.4648,5.1261,2.6045,11.9727,-2.9308,0.0931,-1.0314,0,1,0,0.63170,0
0.4101,4.0577,2.5918,12.0060,-2.4540,0.0650,-0.8959,0,1,0,0.64340,1
0.4394,4.8139,2.6499,11.7906,2.6137,0.0343,-0.7323,0,1,0,0.27181,3
0.3802,4.1380,2.7614,11.6302,2.9143,0.0765,-0.5483,0,1,0,0.32728,3
0.4196,4.3916,2.6371,12.0683,-2.6270,0.1170,-1.0427,1,1,0,0.56322,1
0.4547,4.7897,2.5736,11.7128,1.1833,0.0033,-0.6519,0,1,0,0.38153,1
0.3913,4.1983,2.7221,12.1132,-2.7561,0.1541,-1.0600,0,1,0,0.23591,1
0.4354,4.4523,2.5796,11.9255,-1.6971,0.0035,-0.8023,0,1,0,0.60770,1
0.3992,4.2901,2.7088,12.3608,-2.5816,0.0622,-1.1668,0,1,1,0.95797,3
0.4576,4.6903,2.5376,12.9236,-1.0458,0.0019,-1.8118,0,1,1,1.56059,1
0.3585,3.8091,2.7743,12.7187,-2.8213,0.0165,-1.2555,0,1,1,1.26267,1
0.3555,3.8122,2.7912,11.7558,-2.1680,0.0474,-0.5660,0,1,0,0.38736,1
0.4477,4.5422,2.5465,11.9803,-2.9335,0.0374,-0.9240,0,1,0,0.42526,1
0.3742,4.0694,2.7721,12.3722,-2.7152,0.0924,-1.1433,0,1,1,0.51128,3
0.3645,3.9451,2.7853,12.1402,2.5110,0.0226,-0.8376,0,1,0,0.78631,1
0.3544,3.7969,2.7921,13.2674,2.9525,0.0364,-1.7133,0,1,1,1.76265,1
0.5098,5.2012,2.4251,11.8700,0.8401,0.0075,-0.9178,0,1,0,0.30243,3
0.4087,4.2011,2.6379,11.8158,2.6131,0.0523,-0.7162,0,1,0,0.20623,3
0.4766,4.5285,2.4194,11.9848,1.9431,0.0093,-0.9563,0,1,0,0.48317,1
0.4619,4.3622,2.4418,11.8626,2.0648,0.0517,-0.8637,0,1,0,0.20365,1
0.4484,4.9303,2.6353,11.6790,2.7034,0.0304,-0.6447,0,1,0,0.16803,3
0.4109,4.0966,2.5986,11.6303,-1.6080,0.0216,-0.5291,0,1,0,0.35906,1
0.4664,4.5051,2.4568,12.1021,-0.3407,0.0131,-1.0498,0,1,0,0.79904,1
0.4076,4.1559,2.6307,12.1628,-1.4473,0.0173,-0.9586,0,1,0,0.76049,1
0.4483,4.6576,2.5714,12.0374,1.0315,0.0058,-0.9360,1,1,0,0.40401,1
0.4525,4.8591,2.5998,11.7822,-3.0445,0.0218,-0.7341,0,1,0,0.31290,3
0.4115,4.2420,2.6358,11.9148,1.4600,0.0169,-0.7591,0,1,0,0.37555,1
0.3947,4.1201,2.6831,11.7347,2.3227,0.0410,-0.6104,0,1,0,0.48725,3
0.4314,4.3823,2.5800,11.7092,-2.0195,0.0504,-0.6652,0,1,0,0.28560,3
0.3498,3.7627,2.8062,12.6783,-2.9963,0.1106,-1.3369,0,1,3,1.19595,1
0.3485,3.7606,2.8128,12.0597,3.0389,0.0548,-0.7811,0,1,1,0.79421,3
0.3752,3.9510,2.7311,12.9855,2.5121,0.0785,-1.6456,0,1,4,1.22848,1
0.4244,4.1699,2.5565,11.6038,1.8549,0.0073,-0.5105,0,1,0,0.16173,3
0.3948,4.1357,2.6872,12.9220,-2.6200,0.0129,-1.5619,0,1,1,1.71331,1
0.3528,3.7455,2.7839,11.8978,2.6286,0.0837,-0.7094,0,1,0,0.48335,3
0.3843,4.0095,2.7025,12.9605,2.6108,0.0742,-1.6561,1,2,0,1.76699,1
0.4529,4.6149,2.5408,12.0450,-1.7602,0.0224,-0.9761,0,1,0,0.36869,3
0.3740,4.1034,2.7838,12.0361,2.3313,0.0512,-0.8183,0,1,0,0.55185,1
0.3669,3.9245,2.7664,13.0849,-2.7131,0.0173,-1.5864,0,1,1,1.97064,1
0.4582,4.5219,2.4954,11.8214,-0.5249,0.0041,-0.7565,0,1,0,0.26277,1
0.4416,4.5225,2.5687,11.9749,-2.8508,0.0353,-0.9024,0,1,0,0.47663,1
0.4785,4.9968,2.5154,12.0897,-2.0451,0.0450,-1.1153,0,1,0,0.50779,3
0.3569,3.7961,2.7788,12.7186,-2.6996,0.1022,-1.3834,0,1,1,1.40743,1
0.4357,4.6791,2.6347,12.5381,2.6052,0.0629,-1.4478,0,1,1,1.23820,1
0.4367,4.6294,2.6174,12.2838,2.3061,0.0467,-1.1885,0,1,1,1.01895,3
0.4174,4.5074,2.6782,11.7752,2.8918,0.0178,-0.6561,0,1,0,0.20070,3
0.4849,4.5930,2.3999,12.3680,-1.0063,0.0067,-1.3553,0,1,0,0.93135,1
0.4535,4.3353,2.4709,11.7200,0.2086,0.0202,-0.6752,0,1,0,0.31323,1
0.5190,5.1971,2.3867,11.7636,1.0661,0.0171,-0.8393,0,1,0,0.26772,3
0.3662,3.8391,2.7433,12.9080,-2.6800,0.0516,-1.4954,0,1,0,1.81094,1
0.4415,4.3494,2.5262,12.4046,2.1454,0.0162,-1.2697,0,1,0,1.09833,1
0.3802,3.9310,2.7000,12.2725,-2.8249,0.0185,-0.9760,0,1,0,0.80151,1
0.4629,4.5325,2.4778,11.8523,2.9647,0.0045,-0.7950,0,1,0,0.42231,3
0.4761,4.9388,2.5131,12.1269,2.9673,0.0301,-1.1252,0,1,0,0.80488,1
0.3848,4.2282,2.7640,12.9048,-3.0219,0.0142,-1.5083,0,1,1,1.51827,1
0.4323,4.2463,2.5411,11.9462,-0.1961,0.0039,-0.8131,0,1,0,0.46170,1
0.4625,4.4800,2.4672,11.8627,1.9797,0.0230,-0.8277,0,1,0,0.25256,3
0.4437,4.6996,2.6024,12.1356,2.3390,0.0586,-1.0869,0,1,0,0.72792,3
0.4310,4.4196,2.5913,12.0552,2.4521,0.0148,-0.9216,0,1,0,0.24212,3
0.4507,4.7698,2.5872,11.8871,0.5057,0.0019,-0.8000,0,1,0,0.33927,1
0.4642,5.0934,2.6000,12.0972,2.7555,0.0314,-1.0681,0,1,0,0.86276,3
0.4027,4.0923,2.6362,11.9729,1.4849,0.0223,-0.7949,0,1,0,0.57207,1
0.3653,3.9184,2.7726,11.8536,-2.6919,0.0094,-0.6083,0,1,0,0.29333,1
0.3953,4.3006,2.7309,11.8502,-2.7531,0.1682,-0.8645,0,1,0,0.21165,1
0.5569,5.2087,2.2417,11.6341,1.3742,0.0227,-0.7777,0,1,0,0.17540,1
0.4069,4.4724,2.7204,12.9059,-2.7501,0.0758,-1.7033,0,1,0,1.67223,1
0.4693,4.7818,2.5077,11.8874,2.3215,0.0438,-0.8939,0,1,0,0.31282,1
0.5271,5.5994,2.4300,11.8486,2.7260,0.0458,-0.9847,0,1,0,0.27264,1
0.4383,4.5629,2.5940,11.8384,2.3899,0.0501,-0.7918,0,1,0,0.27393,3
0.4300,4.4775,2.6105,12.8228,-3.0346,0.0522,-1.6829,0,2,0,1.35060,1
0.4936,5.0875,2.4699,12.4056,2.8451,0.0186,-1.4436,0,1,0,1.03579,1
0.4442,4.6237,2.5818,11.7751,3.1221,0.0238,-0.7137,0,1,0,0.26618,3
0.4756,5.1834,2.5682,11.6835,-2.1561,0.0127,-0.6746,0,1,0,0.17185,3
0.4077,4.3759,2.6903,11.8898,2.9060,0.0743,-0.8043,0,1,0,0.38427,3
0.4181,4.3628,2.6367,11.9962,2.8779,0.0039,-0.8257,0,1,0,0.47925,3
0.4067,4.4317,2.7103,13.3345,-2.8951,0.0662,-2.0939,1,3,0,2.04051,1
0.5084,4.8512,2.3603,12.0410,2.3729,0.0123,-1.0947,0,1,0,0.54395,1
0.5058,5.0041,2.4019,12.1013,-0.7268,0.0064,-1.1438,0,1,0,0.66875,1
0.4183,4.4417,2.6567,12.9686,2.3351,0.0522,-1.7727,0,1,1,1.43894,1
0.4348,4.2830,2.5394,11.8106,-2.7653,0.0326,-0.7371,0,1,0,0.43419,1
0.3487,3.7494,2.8078,12.3623,2.6537,0.0913,-1.0571,0,1,1,1.12728,3
0.4726,5.1301,2.5700,11.8869,-2.4669,0.0005,-0.8461,0,1,0,0.35962,1
0.4310,4.6052,2.6381,11.7304,-3.0531,0.0639,-0.7002,0,1,0,0.25563,3
0.4385,4.2758,2.5210,11.8871,0.6182,0.0017,-0.7716,0,1,1,0.62663,3
0.4840,5.0277,2.4983,12.2529,1.6518,0.0417,-1.2902,0,0,1,0.41011,3
0.3547,3.8633,2.8121,11.9159,-2.4332,0.0734,-0.7135,0,1,0,0.29569,3
0.4325,4.2478,2.5404,11.7887,1.6518,0.0121,-0.6873,0,1,0,0.38531,3
0.4200,4.4344,2.6467,12.3303,-3.0981,0.0374,-1.1677,0,1,0,0.87465,3
0.4632,4.8981,2.5608,11.8764,0.8026,0.0046,-0.8204,0,1,0,0.62722,1
0.3832,3.9306,2.6846,11.8759,-1.7840,0.0372,-0.6951,0,1,0,0.44138,1
0.4463,4.9117,2.6411,12.9888,1.6621,0.0254,-1.8703,0,1,1,1.40239,1
0.4504,4.9166,2.6228,12.3543,-1.6633,0.0010,-1.2316,0,1,1,0.88151,1
0.3507,3.8293,2.8230,13.0902,-2.9652,0.0950,-1.6520,0,1,0,1.84318,1
0.3697,3.9018,2.7444,12.0709,2.4580,0.0827,-0.8769,0,1,0,0.47277,3
0.4417,4.3468,2.5249,11.9333,-2.5948,0.0457,-0.8778,0,1,0,0.45731,1
0.4377,4.1993,2.5049,11.7754,-2.3547,0.0175,-0.6919,0,1,0,0.22291,3
0.5536,5.2771,2.2662,12.4888,-1.5913,0.0026,-1.7103,0,1,1,0.43426,1
0.3900,4.2414,2.7415,11.9494,2.9021,0.1249,-0.8805,0,1,0,0.23061,1
0.4589,4.2731,2.4329,11.9977,-0.4947,0.0031,-0.9176,0,1,0,0.61452,1
0.4227,4.3432,2.6098,11.9592,2.9247,0.0458,-0.8593,0,1,0,0.24355,1
0.3963,3.9845,2.6362,12.0384,1.8166,0.0379,-0.8546,0,1,0,0.80700,3
0.3706,3.9357,2.7501,12.2964,-2.0310,0.0161,-0.9649,0,1,1,0.94502,1
0.4840,4.5716,2.3989,11.8425,-1.6017,0.0071,-0.8318,0,1,0,0.19911,1
0.3821,3.9315,2.6904,11.9118,3.0357,0.1014,-0.8036,0,1,0,0.50068,1
0.3973,4.1020,2.6653,11.8310,2.0907,0.0513,-0.7052,0,1,0,0.16564,3
0.4033,4.1986,2.6632,12.6929,1.9930,0.0429,-1.4426,0,1,1,1.02804,1
0.5773,5.3938,2.1978,12.4443,-0.3128,0.0147,-1.7577,0,1,0,0.77120,1
0.4660,4.6503,2.4918,11.7985,-0.8180,0.0231,-0.7757,0,1,0,0.19834,1
0.4454,4.6202,2.5754,11.5182,-1.4204,0.0168,-0.4808,0,1,0,0.18591,1
0.5586,5.5080,2.2874,12.1088,1.9253,0.0329,-1.3322,0,1,0,0.59694,1
0.4217,4.4394,2.6398,12.1588,2.1760,0.0195,-0.9960,0,1,0,0.88416,3
0.4640,5.0655,2.5945,12.0048,-2.0658,0.0222,-0.9669,0,1,0,0.62479,3
0.3566,3.9238,2.8213,12.5319,2.6990,0.0401,-1.1390,0,1,0,1.20677,3
0.4722,4.9553,2.5336,11.9345,1.5025,0.0096,-0.9013,0,1,0,0.42061,1
0.4603,5.0332,2.6041,12.6945,2.4883,0.0437,-1.6626,0,1,0,1.33759,1
0.4742,4.3377,2.3855,11.8780,-1.3315,0.0209,-0.8626,0,1,0,0.21310,1
0.4449,4.2449,2.4852,12.1415,-2.2548,0.0260,-1.0486,0,1,1,0.47107,1
0.5025,4.7539,2.3635,12.4308,-0.2630,0.0149,-1.4904,0,1,1,0.95415,1
0.4808,4.5603,2.4095,11.5202,0.9242,0.0243,-0.5405,0,1,0,0.18568,3
0.5198,4.9470,2.3347,12.2958,-0.7211,0.0571,-1.4644,0,1,1,1.01224,1
0.4594,4.8415,2.5645,11.9698,-1.2367,0.0069,-0.9020,0,1,0,0.60157,1
0.3849,4.0350,2.7070,12.9994,-1.9377,0.0149,-1.5902,1,2,0,1.50847,1
0.4134,4.1673,2.6065,12.6318,3.1182,0.0035,-1.3626,0,1,1,1.23463,1
0.5023,5.1434,2.4448,11.8448,-1.0668,0.0439,-0.9234,0,1,0,0.17389,1
0.4860,4.6758,2.4138,12.0800,3.0861,0.0009,-1.0614,0,1,0,0.37610,1
0.4489,4.4375,2.5158,12.1886,-2.9319,0.0133,-1.0858,0,1,0,0.58742,1
0.4128,4.4884,2.6954,12.5035,2.8234,0.0543,-1.3245,0,1,2,1.72380,1
0.4176,4.1652,2.5865,11.8627,-3.0096,0.0555,-0.7774,0,1,0,0.50183,1
0.4682,4.9753,2.5555,12.3853,-3.0954,0.0280,-1.3559,0,1,1,1.06838,1
0.4399,4.4213,2.5516,11.9492,-1.6186,0.0276,-0.8646,0,1,0,0.37571,3
0.3666,3.9286,2.7691,12.3715,2.8321,0.0856,-1.1102,0,1,1,0.82686,3
0.4114,4.3528,2.6661,11.8251,2.6375,0.0737,-0.7565,0,1,1,0.54185,3
0.4388,4.6675,2.6172,11.8017,2.0436,0.0055,-0.7042,0,1,0,0.45633,1
0.4316,4.2953,2.5568,11.7307,-1.1521,0.0153,-0.6400,0,1,0,0.36789,1
0.3560,3.8777,2.8099,13.1583,3.0001,0.0781,-1.7044,0,1,0,2.01802,1
0.4060,4.2955,2.6769,12.6709,2.1679,0.0085,-1.3791,0,1,1,1.45233,1
0.3689,3.8675,2.7379,12.5810,2.5683,0.0288,-1.2026,0,1,1,1.35864,1
0.5034,5.4709,2.5053,12.1496,0.9899,0.0002,-1.1828,0,1,0,0.73746,1
0.3738,4.0685,2.7741,11.4375,2.9570,0.0176,-0.3267,0,1,0,0.17412,1
0.4353,4.3066,2.5430,12.1773,-2.1572,0.0677,-1.1154,0,1,0,0.45468,1
0.4270,4.3090,2.5814,11.5080,1.0380,0.0082,-0.4360,0,1,0,0.21990,1
0.4496,4.8542,2.6119,11.8269,-2.7111,0.0265,-0.7751,0,1,0,0.31745,3
0.3427,3.7549,2.8430,12.1362,3.0015,0.0677,-0.8397,0,1,0,0.79257,3
0.4569,4.8136,2.5695,12.8665,2.8022,0.0462,-1.8274,0,1,1,1.32242,1
0.3884,4.2598,2.7549,12.2223,-2.8949,0.0178,-0.9582,0,1,1,0.74682,1
0.5159,4.9341,2.3476,11.7501,0.9769,0.0487,-0.8586,0,1,0,0.23278,3
0.4046,4.0791,2.6235,11.9156,2.2586,0.0233,-0.7531,0,1,0,0.24360,3
0.5605,5.7400,2.3197,12.0509,-2.5051,0.0219,-1.2568,0,1,0,0.55058,1
0.3793,4.0334,2.7353,11.7372,2.8145,0.0401,-0.5844,0,1,0,0.18991,3
0.5193,5.4535,2.4348,12.2215,-2.4473,0.0151,-1.3236,0,1,0,0.38713,3
0.4376,4.6290,2.6135,12.0311,-1.9206,0.0447,-0.9565,0,1,0,0.52112,3
0.3635,3.9908,2.8049,11.7672,-2.1509,0.0427,-0.5826,0,1,0,0.19200,1
0.4396,4.2467,2.5090,12.1195,-1.8334,0.0164,-1.0013,0,1,0,0.78962,1
0.4582,4.7643,2.5523,11.9874,-0.7862,0.0044,-0.9116,0,1,0,0.66040,1
0.4890,4.4572,2.3533,11.9862,-0.0872,0.0140,-0.9920,0,1,0,0.44438,1
0.4442,4.7752,2.6181,11.8037,-2.3461,0.0503,-0.7733,0,1,0,0.39380,3
0.4185,4.2434,2.6034,11.8960,-2.3568,0.0676,-0.8235,0,1,0,0.40478,1
0.3861,4.0301,2.6999,12.6936,1.6943,0.0087,-1.3249,0,0,3,0.92752,1
0.4282,4.6810,2.6704,11.7696,2.6896,0.1057,-0.7814,0,1,0,0.16371,3
0.4543,4.5076,2.5090,11.9564,2.4769,0.0005,-0.8674,0,1,0,0.60030,3
0.4844,5.1095,2.5139,12.9368,-1.7749,0.0092,-1.9560,0,1,0,1.62970,1
0.4387,4.2446,2.5122,12.0947,-1.2889,0.0276,-0.9923,0,1,0,0.71725,1
0.5157,5.0987,2.3807,12.5178,0.8188,0.0118,-1.6269,0,1,0,0.97448,1
0.4348,4.4707,2.5867,13.0146,1.7744,0.0283,-1.8486,0,1,1,1.73548,1
0.3811,4.0279,2.7243,12.2028,-3.1359,0.0182,-0.9230,0,1,0,0.89345,3
0.3614,3.9464,2.8022,13.2760,-2.9215,0.0221,-1.7282,0,1,0,1.68369,1
0.3840,4.1421,2.7433,11.8291,2.3963,0.0139,-0.6314,0,1,0,0.49401,1
0.5399,5.4649,2.3534,12.1627,-0.8315,0.0780,-1.4066,0,1,0,0.63084,1
0.5163,4.9004,2.3390,11.9092,-0.2502,0.0017,-0.9619,0,1,0,0.41616,1
0.4349,4.1874,2.5143,11.7406,-1.8731,0.0234,-0.6640,0,1,0,0.24504,3
0.4527,4.5442,2.5246,11.8057,-0.4568,0.0136,-0.7440,0,1,0,0.24023,1
0.4104,4.3746,2.6766,11.7628,1.7845,0.0234,-0.6398,0,1,0,0.53780,1
0.5108,5.1616,2.4134,11.7338,2.0270,0.0476,-0.8317,0,1,0,0.21321,1
0.4017,4.3162,2.7036,11.9732,2.7744,0.1214,-0.9224,0,1,0,0.76963,1
0.4324,4.6807,2.6504,11.8342,-1.8494,0.0115,-0.7278,0,1,0,0.44371,1
0.5595,5.5400,2.2897,11.8850,-1.7957,0.0075,-1.0442,0,1,0,0.58242,1
0.4029,4.0417,2.6212,12.6314,-2.5062,0.0239,-1.3564,0,1,0,1.27881,1
0.4108,4.2065,2.6294,11.6249,-2.9560,0.0588,-0.5701,0,1,0,0.36079,1
0.4589,4.3980,2.4628,12.4681,-0.9827,0.0010,-1.3623,0,1,1,0.78322,1
0.3705,3.8781,2.7328,11.8284,-2.7353,0.0512,-0.6516,0,1,0,0.61253,3
0.3636,3.8277,2.7532,12.0568,-2.9919,0.0128,-0.7593,0,2,0,0.71061,1
0.5079,4.8666,2.3654,12.3107,-0.4457,0.0249,-1.3956,0,1,1,0.66052,1
0.4259,4.4785,2.6300,12.9038,2.9985,0.0426,-1.7273,0,2,2,1.27842,1
0.4326,4.4579,2.5939,12.6060,1.3034,0.0298,-1.4499,0,1,1,0.83535,1
0.5582,5.6980,2.3216,12.1357,2.0898,0.0020,-1.3197,0,1,0,0.87211,3
0.3756,4.1018,2.7745,13.1868,2.6081,0.0085,-1.6975,0,1,1,1.57933,1
0.3512,3.8551,2.8287,13.3905,-2.8425,0.0884,-1.8978,0,1,2,1.95830,1
0.5492,5.1143,2.2535,12.1789,-0.0454,0.0352,-1.3869,1,1,0,0.55341,1
0.3999,4.3520,2.7225,12.7761,-1.8683,0.0156,-1.4600,0,1,1,1.30184,1
0.4374,4.6120,2.6101,13.0315,-1.7536,0.0022,-1.8309,0,1,1,1.96547,1
0.4411,4.2074,2.4922,11.8553,-1.9332,0.0001,-0.7463,0,1,0,0.45072,3
0.5326,4.9188,2.2796,11.9803,0.8680,0.0152,-1.0930,0,1,0,0.59022,1
0.4271,4.2988,2.5783,11.7557,2.5195,0.0626,-0.7128,0,1,0,0.17246,1
0.5133,5.5574,2.4799,13.2704,1.7913,0.0196,-2.4895,0,1,1,2.03369,1
0.4225,4.5341,2.6604,11.7950,1.7133,0.0209,-0.6863,0,1,0,0.33894,1
0.5289,5.1044,2.3297,12.1298,0.3306,0.0201,-1.2546,0,1,0,0.75162,1
0.3763,4.1025,2.7712,11.8889,-2.6221,0.0982,-0.7687,0,1,0,0.66370,3
0.3572,3.8607,2.7978,11.6877,2.4714,0.0201,-0.4870,0,1,1,0.38593,1
0.4717,4.6760,2.4735,11.8958,2.7429,0.0192,-0.8743,0,1,0,0.25567,1
0.4027,4.4354,2.7312,11.8329,2.9851,0.1807,-0.8801,0,1,0,0.37017,0
0.4858,4.7845,2.4382,12.1679,-0.1239,0.0021,-1.1512,0,1,1,0.52738,1
0.6244,5.9939,2.1181,11.6319,-0.3502,0.0280,-0.9076,0,1,0,0.22906,3
0.3943,4.1808,2.7022,13.1870,-2.6234,0.0105,-1.7902,0,1,0,2.09561,1
0.3998,4.3809,2.7309,11.9670,2.9998,0.0724,-0.8492,0,1,0,0.27157,3
0.4929,5.3812,2.5330,12.1869,-3.0131,0.0620,-1.2779,0,1,0,0.69339,1
0.3851,3.9382,2.6774,11.8166,-2.1290,0.0492,-0.6676,0,1,0,0.44096,3
0.4456,4.5027,2.5460,11.8676,-2.7176,0.0419,-0.8223,0,1,0,0.33038,1
0.3621,3.9595,2.8026,12.5140,2.9314,0.0305,-1.1294,0,1,1,1.20698,3
0.3682,3.8699,2.7425,11.8584,-3.0264,0.0581,-0.6784,0,1,0,0.30455,3
0.4044,4.0298,2.6106,12.2174,3.0322,0.0215,-1.0015,0,1,0,1.08273,1
0.4645,5.0860,2.5968,12.8267,-3.0493,0.0214,-1.7781,0,1,0,1.55101,1
0.5170,5.2743,2.4101,12.3515,2.6157,0.0128,-1.4525,0,1,0,0.79538,1
0.3879,4.1396,2.7224,12.0163,2.6810,0.0376,-0.8172,0,1,0,0.69156,3
0.4497,4.9611,2.6367,11.8704,2.9999,0.0300,-0.8195,0,1,0,0.54757,2
0.4462,4.4562,2.5321,12.0705,2.6085,0.0056,-0.9596,0,1,0,0.55682,3
0.4956,5.1335,2.4710,11.8461,-0.5101,0.0070,-0.8627,0,1,0,0.39911,1
0.4575,4.8488,2.5748,11.9043,-1.2985,0.0037,-0.8328,0,1,0,0.25441,1
0.4350,4.2756,2.5363,11.8110,-1.9012,0.0033,-0.7002,0,1,0,0.32624,3
0.3928,4.0240,2.6647,12.2022,2.3597,0.0572,-1.0074,0,1,0,0.83760,1
0.3511,3.7776,2.8040,11.8517,2.6893,0.0815,-0.6694,0,1,0,0.38158,3
0.4978,4.7753,2.3870,11.9694,-0.6574,0.0583,-1.0585,0,1,0,0.58604,1
0.5290,5.6236,2.4265,11.9730,2.3184,0.0507,-1.1298,0,1,0,0.43594,1
0.3999,4.3798,2.7302,11.6076,-2.6539,0.0220,-0.4955,0,1,0,0.15777,1
0.5595,5.4752,2.2785,12.7630,-0.4730,0.0157,-2.0840,0,1,1,1.40146,1
0.4444,4.3734,2.5195,12.0725,1.5672,0.0183,-0.9740,0,1,0,0.87551,1
0.4331,4.3948,2.5756,11.7843,-1.0018,0.0021,-0.6726,0,1,0,0.17163,1
0.4449,4.3915,2.5220,11.7776,-0.9659,0.0212,-0.7129,0,1,0,0.52412,1
0.4795,4.5056,2.4023,12.0407,0.9619,0.0070,-1.0141,0,1,0,0.60854,1
0.4504,4.7417,2.5818,11.9074,-2.5719,0.0283,-0.8520,0,1,0,0.23020,3
0.4779,4.9650,2.5110,12.2354,-2.0295,0.0055,-1.2031,0,1,0,0.62745,3
0.3715,4.0485,2.7804,12.0323,2.7049,0.0915,-0.8619,0,1,0,0.73901,3
0.4112,4.4206,2.6853,12.6681,-2.4277,0.0456,-1.4540,0,1,0,1.45714,1
0.4551,4.8258,2.5803,12.6782,2.4445,0.0241,-1.5946,0,1,0,1.27835,1
0.4969,5.2649,2.4922,11.9925,-2.3199,0.1024,-1.1411,0,1,0,0.53476,1
0.4733,5.0885,2.5580,11.9479,-1.3838,0.0295,-0.9435,0,1,0,0.28528,1
0.4690,4.3640,2.4127,11.7442,1.7032,0.0155,-0.7192,0,1,0,0.17310,1
0.4370,4.3945,2.5579,11.9846,2.9556,0.0259,-0.8875,0,1,0,0.65644,1
0.3579,3.9078,2.8092,12.5139,-2.9956,0.1039,-1.2224,0,1,1,0.99673,3
0.4576,4.8045,2.5643,11.6615,-3.1232,0.0625,-0.6835,0,1,0,0.17351,1
0.4505,4.8036,2.5959,12.1310,-2.9233,0.0132,-1.0389,0,1,0,0.74533,3
0.4359,4.5436,2.5999,12.8332,-1.6708,0.0016,-1.6324,1,1,0,1.21421,1
0.4343,4.4924,2.5946,11.6581,2.4995,0.0365,-0.6090,0,1,0,0.39391,3
0.4005,3.9962,2.6197,12.0231,1.1135,0.0002,-0.8013,0,1,0,0.20583,1
0.4819,4.9147,2.4828,11.9680,1.5644,0.0304,-0.9831,0,1,0,0.47018,3
0.4650,4.7758,2.5251,12.5499,1.6177,0.0171,-1.4911,1,2,1,0.97733,1
0.4448,4.6320,2.5813,12.0414,-2.3181,0.0443,-0.9828,0,1,0,0.50221,3
0.4320,4.5674,2.6239,11.8471,2.6081,0.0924,-0.8410,0,1,0,0.45419,1
0.4518,4.3733,2.4874,12.3034,1.4724,0.0150,-1.2038,0,1,2,0.82718,1
0.3849,4.1442,2.7392,11.7905,-2.3525,0.0547,-0.6538,0,1,0,0.30074,3
0.4723,4.6954,2.4751,12.0666,-1.9516,0.0328,-1.0588,0,1,0,0.59646,1
0.4924,4.7080,2.3946,11.8671,-1.8092,0.0273,-0.9009,0,1,0,0.46201,1
0.5167,4.6939,2.2957,12.0884,-1.3897,0.0154,-1.1680,0,1,0,0.61131,1
0.4270,4.3025,2.5795,11.6009,-2.6865,0.0549,-0.5703,0,1,0,0.24652,1
0.4299,4.7246,2.6731,12.9008,2.8214,0.0335,-1.7263,0,1,1,1.41013,1
0.3564,3.8144,2.7874,12.1426,-2.7318,0.0336,-0.8335,0,1,1,0.77361,3
0.4716,4.6301,2.4633,11.5593,3.1050,0.0171,-0.5553,0,1,0,0.25642,1
0.3432,3.6941,2.8194,12.0668,2.9612,0.0730,-0.7978,0,1,0,0.53503,3
0.4790,5.2637,2.5700,11.8353,2.4752,0.0177,-0.8327,0,1,0,0.37986,3
0.3411,3.7544,2.8520,12.3807,-3.1322,0.1115,-1.0761,0,1,0,1.01103,3
0.4071,4.2015,2.6456,12.3106,-1.6986,0.0123,-1.0760,0,1,0,1.05835,1
0.3981,4.0077,2.6344,11.7960,-2.8965,0.0472,-0.6731,0,1,0,0.16672,3
0.4588,4.8465,2.5686,12.1139,2.5757,0.0055,-1.0337,0,1,0,0.38279,3
0.5154,4.9271,2.3480,12.4291,-1.4436,0.0238,-1.5457,0,1,0,0.33883,1
0.4392,4.1898,2.4961,12.5416,-2.6222,0.0014,-1.3659,0,2,0,1.16675,1
0.4987,4.6962,2.3665,11.5371,-0.4315,0.0186,-0.5762,0,1,0,0.19185,3
0.3704,4.0856,2.7975,12.1066,2.7886,0.0680,-0.8866,0,1,0,0.69878,2
0.4081,4.0749,2.6057,12.0035,1.0615,0.0150,-0.8226,0,0,0,0.00000,1
0.3718,4.0886,2.7910,12.0579,-2.6276,0.2041,-1.0304,0,1,0,0.66945,1
0.4816,5.0809,2.5197,11.9218,3.0892,0.0567,-0.9725,0,1,0,0.39850,1
0.3813,3.9433,2.6980,11.7480,3.0826,0.1029,-0.6739,0,1,0,0.41089,1
0.4410,4.4226,2.5470,11.6893,0.1095,0.0045,-0.6072,0,1,0,0.35511,1
0.5995,5.8132,2.1827,11.9768,0.7307,0.0084,-1.2483,0,1,1,0.45795,1
0.4526,4.7678,2.5784,12.1839,1.8216,0.0015,-1.0771,0,1,0,0.19513,1
0.4681,5.0315,2.5688,11.8777,2.8441,0.0516,-0.8931,0,1,0,0.35222,3
0.3508,3.8608,2.8327,12.9241,-2.8128,0.1285,-1.5691,0,1,1,1.82088,1
0.5092,5.3817,2.4633,12.0229,-1.1703,0.0486,-1.1309,0,1,0,0.35240,1
0.5100,5.1075,2.4058,11.7328,-0.0531,0.0064,-0.7763,0,1,0,0.32812,3
0.5231,4.9940,2.3310,12.2351,-1.6019,0.0303,-1.3676,0,1,1,0.50731,1
0.4269,4.3452,2.5909,11.5092,-1.1323,0.0076,-0.4363,0,1,0,0.21423,1
0.4460,4.7235,2.5975,11.9802,-2.0719,0.0873,-0.9865,0,1,0,0.52036,3
0.4648,4.4654,2.4541,11.7758,-2.9868,0.0064,-0.7297,0,0,3,0.50161,1
0.5092,5.3458,2.4562,12.3891,-2.7717,0.0316,-1.4973,0,1,1,0.54415,1
0.4651,4.8737,2.5465,12.0208,1.5530,0.0195,-0.9802,0,1,0,0.68498,1
0.4062,4.0604,2.6108,11.6643,0.4788,0.0020,-0.5251,0,1,0,0.35634,1
0.4875,4.9494,2.4666,12.7479,0.7271,0.0138,-1.7738,0,1,0,1.15001,1
0.4038,4.3431,2.7008,12.1050,2.6150,0.1196,-1.0381,0,1,0,0.76381,1
0.5294,5.1507,2.3365,11.7303,-0.4325,0.0370,-0.8497,0,1,0,0.37945,1
0.4376,4.4598,2.5716,11.7250,-0.1798,0.0048,-0.6330,0,1,0,0.44116,1
0.3848,3.9485,2.6821,11.7010,-2.5372,0.0350,-0.5596,0,1,0,0.45976,3
0.4526,4.9662,2.6245,12.1454,-2.6705,0.1036,-1.1814,0,1,0,0.55034,1
0.4321,4.5530,2.6200,12.5569,1.3961,0.0216,-1.3902,0,1,1,1.11630,1
0.4475,4.6763,2.5794,12.9549,0.0820,0.0001,-1.7969,0,1,0,1.38446,1
0.3905,4.2215,2.7329,12.2601,2.0390,0.0217,-1.0001,0,1,1,0.90995,1
0.4402,4.7363,2.6276,11.9732,2.5725,0.0637,-0.9354,0,1,0,0.63394,3
0.3884,4.2292,2.7458,12.4113,-2.9145,0.1331,-1.2783,0,1,1,1.10088,1
0.5194,4.9240,2.3316,11.5556,-0.9601,0.0369,-0.6495,0,1,0,0.35295,3
0.4436,4.5401,2.5641,12.3947,-2.1549,0.0209,-1.2750,0,1,0,1.17144,1
0.4086,4.1941,2.6367,11.6385,-1.4119,0.0336,-0.5469,0,1,0,0.26257,1
0.4626,4.8946,2.5625,12.1108,-1.5078,0.0053,-1.0405,0,1,0,0.48959,1
0.3527,3.8500,2.8187,11.6662,-3.0167,0.0210,-0.4659,0,1,0,0.30082,1
0.3585,3.7879,2.7671,12.0256,-3.0502,0.0851,-0.8189,0,1,0,0.71431,3
0.4147,4.0729,2.5748,12.0922,2.9697,0.0018,-0.8947,0,1,1,0.72247,1
0.5441,5.5918,2.3591,12.0207,0.5068,0.0247,-1.1839,0,1,0,0.26437,1
0.3720,4.0365,2.7742,11.9422,1.9914,0.0402,-0.7273,0,1,0,0.20237,1
0.4458,4.2792,2.4902,11.8321,-0.7239,0.0163,-0.7563,0,1,0,0.36182,1
0.3978,4.1556,2.6780,11.9699,2.5304,0.0544,-0.8238,0,1,0,0.64381,3
0.5268,5.6279,2.4363,11.8331,-1.6413,0.0169,-0.9301,0,1,0,0.18883,3
0.3597,3.8203,2.7717,11.7960,-2.5522,0.0869,-0.6514,0,1,0,0.41508,3
0.3831,3.9742,2.6982,11.7710,-2.9739,0.1106,-0.7048,0,1,0,0.41813,1
0.4741,4.6347,2.4539,12.0166,2.0866,0.0054,-0.9766,0,1,0,0.60701,1
0.5030,4.6702,2.3443,12.1370,-0.6605,0.0138,-1.1808,0,1,0,0.63132,1
0.4656,4.6628,2.4965,11.9786,1.3714,0.0154,-0.9343,0,1,0,0.39295,3
0.5072,5.0749,2.4107,12.0841,-1.9316,0.0070,-1.1309,0,1,0,0.70131,1
0.5099,5.0076,2.3862,12.1907,1.5706,0.0357,-1.2902,0,1,0,0.48685,1
0.3789,4.0657,2.7470,12.9172,2.2482,0.0161,-1.4967,0,1,1,1.65415,1
0.4470,4.3286,2.4973,12.1168,-2.4603,0.0117,-1.0114,0,1,0,0.60260,1
0.3759,4.0889,2.7692,11.7023,-2.6740,0.0156,-0.5227,0,1,0,0.34514,1
0.3799,4.1858,2.7773,13.3362,3.0445,0.0708,-1.9646,0,1,2,2.17815,0
0.5253,4.9155,2.3070,12.1145,1.7385,0.0034,-1.2028,0,1,0,0.65436,1
0.4419,4.6901,2.6084,11.9055,-2.8018,0.0517,-0.8620,0,1,0,0.45547,3
0.3951,4.0794,2.6692,11.8375,-2.5658,0.1047,-0.7741,0,1,0,0.26576,1
0.4753,5.1540,2.5634,11.8979,2.6959,0.0075,-0.8714,0,1,0,0.49959,3
0.5904,5.9982,2.2453,12.0748,-0.1741,0.0084,-1.3461,0,1,1,0.54816,3
0.4420,4.8512,2.6468,12.0502,1.9343,0.0143,-0.9449,0,1,0,0.66250,1
0.4502,4.7990,2.5963,12.9170,-2.8147,0.0267,-1.8173,0,1,0,1.64627,1
0.5863,5.3072,2.1505,11.6567,0.6938,0.0192,-0.8511,0,1,0,0.23864,1
0.4314,4.2898,2.5563,12.1402,0.8718,0.0191,-1.0032,0,1,0,0.75625,1
0.5443,5.0676,2.2633,11.7965,1.4330,0.0289,-0.9389,0,1,0,0.32710,1
0.4311,4.5712,2.6291,12.4580,-2.9026,0.0675,-1.3636,0,1,0,1.10378,1
0.3753,3.9808,2.7399,12.0140,2.5223,0.0492,-0.8014,0,1,0,0.66701,3
0.4548,4.3774,2.4753,12.2047,1.9875,0.0335,-1.1457,1,1,0,0.56963,1
0.4484,4.8689,2.6212,12.0108,1.6087,0.0038,-0.9105,0,1,0,0.69111,1
0.3891,4.1792,2.7280,11.8532,-2.8959,0.1355,-0.8133,0,1,0,0.19107,1
0.4435,4.7918,2.6254,11.8012,-2.0057,0.0403,-0.7571,0,1,0,0.47167,3
0.5062,4.6410,2.3254,11.9634,0.3698,0.0340,-1.0376,0,1,0,0.66016,1
0.4282,4.4716,2.6174,11.9131,-3.1288,0.0743,-0.8682,0,1,0,0.23482,1
0.4311,4.3749,2.5796,12.1947,-2.3841,0.0703,-1.1234,1,1,1,0.70051,1
0.4230,4.1312,2.5525,12.3304,-1.7185,0.0090,-1.1340,0,1,0,0.92548,1
0.3652,4.0046,2.8005,12.1309,2.8679,0.1298,-0.9746,0,1,0,0.82241,3
0.4507,4.8497,2.6061,11.9227,-2.5123,0.0117,-0.8455,0,1,0,0.53238,3
0.3969,4.0068,2.6400,11.7465,2.4613,0.0765,-0.6677,0,1,0,0.22497,1
0.4602,4.2762,2.4282,12.4146,1.4048,0.0144,-1.3343,0,1,0,0.29334,1
0.4637,4.8307,2.5432,12.9968,2.0497,0.0290,-1.9619,0,1,1,1.69418,1
0.5117,4.9376,2.3646,12.1519,1.8124,0.0314,-1.2474,0,1,0,0.64422,1
0.3320,3.6289,2.8602,11.8979,2.3350,0.0963,-0.6832,0,1,0,0.50190,1
0.4671,4.5460,2.4632,12.0455,-1.4221,0.0160,-1.0016,1,1,1,0.56375,1
0.4118,4.1372,2.6056,12.0662,-1.8731,0.0172,-0.8870,0,1,0,0.57936,3
0.3665,3.9172,2.7661,11.7797,-2.7697,0.0161,-0.5643,0,1,0,0.25123,1
0.4592,4.9330,2.5867,12.2181,-2.0466,0.0394,-1.1813,0,2,0,0.94059,3
0.4867,5.3107,2.5457,12.1738,-3.0294,0.0254,-1.1962,0,1,0,0.67062,3
0.5039,5.0794,2.4252,12.0253,-1.6449,0.0207,-1.0808,0,1,0,0.37160,3
0.4139,4.2103,2.6156,12.0631,2.1136,0.0365,-0.9158,0,1,0,0.31058,3
0.3884,3.9527,2.6656,12.2661,-1.7608,0.0139,-0.9872,0,1,1,0.76158,1
0.3978,4.1830,2.6857,11.9088,3.0542,0.0146,-0.7226,0,1,0,0.22018,3
0.4194,4.1197,2.5660,12.0160,-3.1306,0.0218,-0.8680,0,1,0,0.31630,1
0.4920,4.7734,2.4101,11.8636,1.1105,0.0269,-0.8965,0,1,0,0.31494,3
0.4672,4.5345,2.4600,11.7616,-0.0227,0.0245,-0.7447,0,1,0,0.19358,1
0.3953,4.0931,2.6725,12.0821,3.0872,0.0492,-0.9034,0,1,0,0.90751,3
0.4746,4.3564,2.3883,12.1478,0.9639,0.0056,-1.1029,1,1,0,0.52340,1
0.4323,4.3798,2.5752,12.3936,-1.6156,0.0419,-1.2692,0,1,0,1.10344,1
0.4245,4.3644,2.6070,11.8574,2.4175,0.0226,-0.7451,0,1,0,0.34811,3
0.4293,4.6403,2.6550,12.2599,2.7734,0.0094,-1.0931,0,1,0,0.82478,3
0.4190,4.3690,2.6340,11.9167,-2.7711,0.0977,-0.8817,0,1,0,0.58786,1
0.4647,4.6067,2.4875,12.8603,1.9661,0.0021,-1.7765,0,1,1,1.67419,1
0.4907,5.3171,2.5295,12.8624,-2.5856,0.0423,-1.9605,0,1,0,1.44582,1
0.3558,3.8791,2.8116,12.5145,2.8180,0.1542,-1.2896,0,1,2,0.81411,1
0.3585,3.9516,2.8199,13.2133,-2.0497,0.0320,-1.6796,0,1,5,1.55603,0
0.4528,4.7972,2.5839,12.7627,2.2401,0.0350,-1.6873,0,1,0,1.52751,1
0.3850,3.9767,2.6893,12.5662,2.4288,0.0327,-1.2518,0,1,0,1.30019,1
0.4366,4.2093,2.5126,11.9675,-1.6333,0.0402,-0.8897,0,1,0,0.38993,1
0.4425,4.6228,2.5893,12.2837,-0.1059,0.0012,-1.1404,0,1,0,1.07655,1
0.3922,4.3036,2.7477,13.3100,2.0979,0.0226,-1.9132,0,1,1,2.16590,1
0.4068,4.3950,2.6999,11.9001,-2.7664,0.0856,-0.8255,0,1,0,0.50875,3
0.3524,3.8787,2.8301,13.2925,-2.9209,0.0793,-1.8020,0,1,0,2.13623,1
0.3626,3.9125,2.7855,12.8902,2.8263,0.0811,-1.5133,0,1,3,1.70874,1
0.3419,3.7686,2.8519,11.7860,2.5210,0.0851,-0.6095,0,1,0,0.39538,2
0.4147,4.0699,2.5740,11.6045,2.8653,0.0150,-0.5055,0,1,0,0.24191,3
0.3381,3.7031,2.8515,12.0038,-2.5853,0.1496,-0.8390,0,1,0,0.33519,3
0.4509,4.2793,2.4680,12.3244,1.5144,0.0086,-1.2108,0,1,1,0.88244,1
0.3493,3.7304,2.7980,11.8061,-2.2311,0.0549,-0.6001,0,1,0,0.26256,1
0.4789,4.8758,2.4873,11.8491,2.2136,0.0355,-0.8667,0,1,0,0.30417,3
0.3981,4.0429,2.6446,12.0396,-1.8759,0.0196,-0.8354,0,1,0,0.74897,1
0.3409,3.7391,2.8480,12.1929,-2.2454,0.0522,-0.8555,0,1,0,0.96673,1
0.4712,4.5707,2.4514,12.7879,-0.2533,0.0068,-1.7365,0,1,1,1.48786,1
0.4409,4.7984,2.6391,12.5274,3.1219,0.0758,-1.4751,1,1,0,0.29652,1
0.3552,3.9214,2.8284,11.7546,-2.2560,0.0587,-0.5783,0,1,0,0.34819,0
0.3958,4.1071,2.6741,12.3348,-2.7871,0.0371,-1.0986,0,1,0,1.02378,1
0.4277,4.3483,2.5882,12.7575,1.7573,0.0042,-1.5317,0,1,0,1.55508,1
0.3799,3.9082,2.6943,12.4663,2.6788,0.0939,-1.2430,0,1,0,1.34393,1
0.5225,5.6340,2.4552,12.2582,-1.9959,0.0087,-1.3651,0,1,0,0.81100,3
0.4820,5.2979,2.5641,11.8533,1.0831,0.0035,-0.8382,0,1,0,0.24601,1
0.3760,3.9976,2.7415,12.2366,2.7189,0.0155,-0.9322,0,1,0,0.91754,1
0.3890,3.9530,2.6626,11.9447,2.4383,0.0276,-0.7488,0,1,0,0.58638,3
0.4512,4.8614,2.6062,11.6311,-1.3505,0.0268,-0.6018,0,1,0,0.27016,1
0.4114,4.4251,2.6856,12.6034,-2.5949,0.1249,-1.5175,0,1,0,1.35109,1
0.3933,4.2606,2.7302,12.1681,1.8842,0.0426,-0.9606,0,2,0,0.59137,1
0.4349,4.3298,2.5507,12.3013,1.7388,0.0077,-1.1420,0,1,1,0.72812,1
0.6410,5.9801,2.0564,12.0100,0.2788,0.0247,-1.4189,0,0,0,0.00000,1
0.4849,4.8844,2.4636,11.8508,-1.9663,0.0116,-0.8497,0,1,0,0.28287,3
0.3489,3.8357,2.8351,11.8241,2.2690,0.0897,-0.6552,0,1,0,0.34846,1
0.3862,4.0132,2.6942,12.0089,-1.9801,0.0066,-0.7665,0,1,0,0.70139,1
0.3657,3.9738,2.7877,13.1304,-2.8698,0.0525,-1.6811,0,1,1,1.95537,1
0.3658,3.8680,2.7545,11.5634,-2.1711,0.0291,-0.4211,0,1,0,0.23128,1
0.4249,4.2568,2.5773,11.7758,-1.7330,0.0214,-0.6741,0,1,0,0.50635,3
0.4237,4.4660,2.6373,11.8760,3.1165,0.0116,-0.7456,0,0,0,0.00000,3
0.3746,4.0622,2.7681,12.3715,2.4951,0.0248,-1.0482,0,1,0,1.19846,1
0.3984,4.2582,2.7038,12.1099,-2.5534,0.0338,-0.9137,0,1,0,0.63148,3
0.4145,4.5375,2.7001,12.8926,-2.7187,0.1065,-1.7740,0,1,0,1.75396,1
0.4158,4.3187,2.6359,11.5059,2.8708,0.0570,-0.4774,0,1,0,0.24242,3
0.5100,4.8241,2.3486,12.1242,1.3875,0.0117,-1.1843,0,0,0,0.00000,1
0.3873,4.0083,2.6875,12.0429,-1.9545,0.0148,-0.8064,0,1,0,0.72648,1
0.5486,5.1007,2.2533,12.2109,0.2183,0.0422,-1.4322,0,0,1,0.30232,1
0.6133,6.0105,2.1611,12.1654,1.0787,0.0054,-1.5161,0,1,0,0.52574,1
0.4873,4.8413,2.4443,11.9890,2.0582,0.0116,-0.9905,0,1,1,0.51019,3
0.3941,3.9740,2.6436,11.9124,3.0663,0.0828,-0.8056,0,1,0,0.29254,1
0.3739,4.0892,2.7797,11.8786,2.8897,0.1374,-0.8051,0,1,0,0.50662,3
0.3396,3.6975,2.8409,12.7431,3.0806,0.0860,-1.3115,0,1,0,1.43463,1
0.3406,3.7406,2.8497,12.2175,2.2129,0.0865,-0.9188,0,1,0,0.91568,1
0.4605,4.9655,2.5878,11.6476,2.5838,0.0496,-0.6603,0,1,0,0.17098,3
0.3891,4.2633,2.7521,12.1083,2.0255,0.0817,-0.9530,0,1,0,0.88331,1
0.3873,3.9368,2.6662,12.5997,1.4187,0.0030,-1.2415,0,1,1,0.98994,1
0.3666,3.9161,2.7655,12.2357,2.7822,0.0201,-0.9122,0,1,1,0.97521,1
0.3577,3.9362,2.8195,12.9121,-2.8248,0.0211,-1.4126,0,1,3,1.55318,1
0.3727,3.9089,2.7315,11.6960,-1.8422,0.0197,-0.5172,0,1,0,0.44361,1
0.4860,4.4368,2.3608,12.4126,1.2773,0.0153,-1.4161,0,1,0,0.72028,1
0.3572,3.7880,2.7746,11.9719,2.6869,0.0552,-0.7368,0,1,0,0.60693,3
0.3845,4.0306,2.7077,12.7021,2.6190,0.0038,-1.3186,0,1,2,2.25694,1
0.3718,3.8478,2.7169,11.7983,1.7349,0.0286,-0.6029,0,1,0,0.48244,1
0.3641,4.0148,2.8093,11.6951,-2.3552,0.0515,-0.5415,0,1,0,0.24902,0
0.3915,4.0717,2.6847,11.8784,2.0382,0.0180,-0.6896,0,1,1,0.50270,1
0.4059,4.3383,2.6887,11.8626,2.9156,0.0556,-0.7540,0,1,0,0.60008,3
0.4615,4.5323,2.4839,11.8498,1.1642,0.0293,-0.8221,0,0,0,0.00000,3
0.3851,4.0160,2.7005,12.0681,2.8968,0.0476,-0.8651,0,1,0,0.68518,3
0.4562,4.7994,2.5695,11.9845,-2.8450,0.0308,-0.9396,0,1,0,0.36921,3
0.3840,4.1291,2.7393,12.0081,1.8668,0.0245,-0.7847,0,1,0,0.51576,1
0.3748,4.0803,2.7726,12.0605,2.6980,0.0816,-0.8790,0,1,0,0.84468,3
0.4801,5.1664,2.5446,12.0337,2.4700,0.0577,-1.0815,0,1,0,0.71839,3
0.3605,3.8537,2.7780,11.6002,-3.0474,0.0264,-0.4370,0,1,0,0.32202,1
0.3582,3.7798,2.7666,11.8306,2.9218,0.1371,-0.7371,0,1,0,0.23735,1
0.4864,4.7334,2.4246,12.3238,-1.1727,0.0057,-1.3148,0,1,0,0.80991,1
0.4369,4.2114,2.5116,11.6019,2.8182,0.0188,-0.5419,0,1,0,0.29892,1
0.3924,4.2104,2.7203,12.4269,-2.8130,0.0733,-1.2185,0,1,1,0.76084,1
0.4603,4.6016,2.5053,12.8100,0.0545,0.0009,-1.7059,0,1,0,1.54716,1
0.3619,3.9672,2.8065,11.8289,-2.1914,0.0611,-0.6478,0,1,0,0.49928,1
0.4360,4.6043,2.6146,12.0745,-2.6084,0.0392,-0.9845,0,1,0,0.65697,3
0.4342,4.4910,2.5948,11.9203,-2.6534,0.0145,-0.8098,0,1,0,0.21069,3
0.4508,4.8796,2.6125,12.0666,2.1828,0.0195,-0.9886,0,1,0,0.30349,3
0.4646,5.1127,2.6021,12.1987,2.4818,0.0819,-1.2371,0,1,0,0.79162,3
0.4635,4.6940,2.5127,12.1748,-2.2230,0.0509,-1.1666,0,1,0,0.50014,1
0.4722,4.5850,2.4507,12.0244,0.3972,0.0298,-1.0127,0,0,4,0.86977,1
0.3669,3.9271,2.7670,13.2324,2.8696,0.0526,-1.7751,0,1,1,1.99682,1
0.3717,4.0166,2.7695,12.4808,3.0280,0.0640,-1.1832,0,1,0,1.24174,1
0.4099,4.2766,2.6529,11.8478,3.0040,0.0769,-0.7767,0,1,0,0.19744,1
0.5038,4.9762,2.4043,12.1395,-1.6906,0.0090,-1.1816,0,1,0,0.77005,1
0.3652,3.9274,2.7761,11.7257,-2.3805,0.0181,-0.5251,0,1,0,0.52599,1
0.4384,4.6807,2.6221,11.7262,2.3538,0.0425,-0.6833,0,1,0,0.28581,3
0.3800,4.0956,2.7499,11.9038,-1.9509,0.0640,-0.7447,0,1,0,0.37992,1
0.4380,4.3488,2.5415,11.8965,2.9393,0.0095,-0.7896,0,1,1,0.40944,3
0.3607,3.8953,2.7899,11.6853,2.0863,0.0316,-0.5048,0,1,0,0.35794,1
0.4290,4.4901,2.6183,12.5134,2.6219,0.0163,-1.3313,0,1,1,0.99898,1
0.3385,3.6727,2.8383,12.0889,2.7535,0.0593,-0.7846,0,1,0,0.85150,3
0.5234,5.5080,2.4282,11.9227,0.7981,0.0259,-1.0289,0,1,0,0.54240,1
0.4058,4.0216,2.6016,12.0223,2.6939,0.0561,-0.8879,0,1,0,0.23495,1
0.3732,4.0205,2.7629,12.2038,2.2701,0.0414,-0.9343,0,1,0,0.79706,1
0.3805,4.0933,2.7465,13.1191,-3.0098,0.0649,-1.7627,0,1,1,2.12316,1
0.3922,4.3143,2.7507,11.9331,2.7672,0.1316,-0.8804,0,1,0,0.21215,3
0.3317,3.6258,2.8610,13.3490,2.9390,0.0366,-1.6649,0,1,1,2.16625,1
0.4564,4.3335,2.4581,11.7630,2.9761,0.0176,-0.7161,0,1,0,0.39236,1
0.3693,4.0474,2.7917,11.8215,-3.0307,0.0885,-0.6903,0,1,0,0.43078,3
0.4407,4.2205,2.4973,12.4845,0.4618,0.0090,-1.3298,0,1,1,1.13386,1
0.5456,5.3157,2.3038,12.1823,-0.6723,0.0525,-1.4075,0,1,0,0.28604,1
0.4291,4.3198,2.5745,12.3902,-2.1503,0.0125,-1.2124,0,1,1,0.74279,1
0.3619,3.8131,2.7572,12.9614,-2.9683,0.0374,-1.4975,0,1,1,1.35971,1
0.3952,4.1614,2.6925,11.6489,-2.7366,0.0274,-0.5268,0,1,0,0.23884,3
0.4558,4.7905,2.5692,12.1745,-1.3072,0.0035,-1.0798,0,1,0,0.75717,1
0.5008,5.0215,2.4262,11.7971,1.5635,0.0128,-0.8310,0,1,0,0.43245,3
0.5219,5.1699,2.3697,11.8012,1.2153,0.0171,-0.8841,0,1,0,0.46248,3
0.4121,4.4927,2.7000,12.1779,2.0845,0.0780,-1.0672,0,1,0,0.87958,3
0.4999,5.0912,2.4441,11.9473,0.9457,0.0284,-1.0019,0,1,1,0.43458,1
0.4732,5.1643,2.5747,11.7172,-0.0887,0.0011,-0.6879,0,1,0,0.34528,1
0.3591,3.8100,2.7713,11.7566,-2.3874,0.0341,-0.5564,0,1,0,0.41439,1
0.3928,4.0412,2.6696,12.0198,-2.8026,0.0125,-0.7979,0,1,0,0.67687,3
0.4721,4.4938,2.4303,12.0572,2.8692,0.0140,-1.0218,0,1,0,0.52917,1
0.4347,4.4377,2.5792,11.6855,-2.5300,0.0785,-0.6852,0,1,0,0.40714,1
0.5206,4.8552,2.3134,11.7382,2.3220,0.0008,-0.7924,0,1,0,0.40158,1
0.4334,4.4029,2.5759,12.6630,2.7544,0.0448,-1.5306,0,0,3,0.91677,1
0.3577,3.8064,2.7774,11.8876,2.9777,0.0245,-0.6371,0,1,0,0.48075,1
0.4024,4.4310,2.7314,12.9496,2.5684,0.0147,-1.6227,0,2,0,1.70029,0
0.4582,5.0254,2.6122,11.8530,-3.1280,0.0471,-0.8432,0,1,0,0.32595,3
0.3820,3.9234,2.6886,11.8951,2.4453,0.0025,-0.6632,0,1,0,0.57503,1
0.4252,4.2250,2.5675,11.6548,-2.3201,0.0491,-0.6060,0,1,0,0.43434,3
0.3537,3.8808,2.8232,13.0559,2.5091,0.0288,-1.5235,0,1,1,1.97493,1
0.4412,4.1951,2.4885,12.1207,2.0928,0.0306,-1.0264,0,1,0,0.65571,1
0.4178,4.4539,2.6624,11.6441,2.4754,0.0906,-0.6360,0,1,0,0.15775,3
0.4143,4.0783,2.5779,11.6687,-2.4208,0.0475,-0.5977,0,1,0,0.26245,1
0.4716,4.7215,2.4840,12.2948,2.8414,0.0057,-1.2423,0,1,0,0.74830,1
0.4625,4.4295,2.4552,11.9225,0.1447,0.0097,-0.8656,0,1,0,0.26952,1
0.4112,4.3873,2.6762,12.5404,-1.6730,0.0322,-1.3191,0,1,2,0.91795,1
0.4637,5.0085,2.5833,12.3013,-2.9427,0.0587,-1.3030,0,1,0,0.75680,1
0.3636,3.8097,2.7473,11.8145,-2.9314,0.0918,-0.6787,0,1,0,0.32609,3
0.4160,4.1312,2.5845,12.5496,2.5119,0.0253,-1.3322,0,1,0,1.04517,1
0.3399,3.7154,2.8451,12.1329,-2.7319,0.2193,-1.0315,0,1,0,0.59109,1
0.4027,4.3921,2.7192,12.9693,2.5681,0.0984,-1.7829,0,1,0,1.82306,1
0.4529,4.9025,2.6080,12.6510,2.3023,0.0159,-1.5474,0,1,0,1.46934,1
0.4591,4.4760,2.4808,11.7650,-1.0406,0.0250,-0.7331,0,1,0,0.43406,1
0.4206,4.2374,2.5916,11.6543,0.9804,0.0058,-0.5452,0,1,0,0.19192,1
0.4446,4.6852,2.5948,11.9363,2.2822,0.0089,-0.8401,0,1,0,0.22066,3
0.4289,4.4734,2.6145,11.5819,1.4490,0.0323,-0.5301,0,1,0,0.32934,1
0.4538,4.4279,2.4919,11.5895,-0.0789,0.0041,-0.5393,0,1,0,0.21587,1
0.4792,4.5159,2.4060,11.8295,0.7568,0.0137,-0.8180,0,1,0,0.29172,1
0.5183,4.8319,2.3175,11.8643,-0.7288,0.0362,-0.9656,0,1,0,0.35166,1
0.4171,4.5031,2.6783,12.2451,2.2292,0.0619,-1.1181,0,1,0,0.52664,3
0.4409,4.8127,2.6424,12.2715,2.6974,0.0323,-1.1696,0,1,0,0.76108,3
0.3794,3.9221,2.7010,12.3028,2.9372,0.0891,-1.0980,0,1,0,0.89406,1
0.4606,4.9776,2.5904,12.0009,-2.9427,0.0345,-0.9709,0,1,1,0.48867,3
0.4453,4.6544,2.5841,12.0399,1.1474,0.0135,-0.9416,0,1,0,0.62120,1
0.4297,4.2953,2.5652,12.4702,2.8938,0.0196,-1.2978,0,1,0,1.20658,1
0.5239,5.2062,2.3689,11.8091,-1.8999,0.0246,-0.9062,0,1,0,0.42242,1
0.3974,4.0120,2.6387,11.8624,2.7639,0.0453,-0.7232,0,1,0,0.39903,3
0.4142,4.2588,2.6275,12.8932,1.4662,0.0070,-1.6071,0,2,1,1.44652,1
0.3445,3.7436,2.8290,12.8359,-2.4809,0.0654,-1.3704,0,1,0,1.72010,1
0.3868,3.9936,2.6855,12.0438,3.0844,0.0533,-0.8572,0,1,0,0.69196,3
0.4534,4.7170,2.5628,11.9019,-2.9984,0.0031,-0.8202,0,1,0,0.32138,3
0.5508,5.6153,2.3366,11.9853,-1.4202,0.0170,-1.1502,0,1,0,0.41425,3
0.4913,4.9609,2.4529,11.8933,-1.9798,0.0267,-0.9254,0,1,0,0.64960,3
0.4507,4.8039,2.5953,12.0821,-2.4250,0.0533,-1.0478,0,1,2,0.93882,3
0.3599,3.7875,2.7597,11.9689,3.1183,0.0622,-0.7497,0,1,1,0.52105,3
0.4356,4.2588,2.5295,11.7288,1.0417,0.0113,-0.6400,0,1,0,0.46060,1
0.3807,4.0924,2.7457,11.9654,-2.8555,0.1404,-0.8932,0,1,0,0.29042,1
0.3954,4.0624,2.6634,11.7789,3.0780,0.0330,-0.6367,0,1,0,0.42094,3
0.4320,4.4403,2.5922,11.7976,1.8562,0.0187,-0.7033,0,1,0,0.29332,3
0.3669,3.8369,2.7386,11.6831,-1.8330,0.0239,-0.5035,0,1,0,0.42570,1
0.3486,3.8179,2.8310,12.3840,3.0077,0.0272,-0.9829,0,1,0,1.14509,1
0.3713,4.0646,2.7863,12.0428,2.1745,0.0721,-0.8444,0,1,0,0.83116,1
0.3730,3.9998,2.7576,12.6182,3.0333,0.1028,-1.3594,0,1,0,1.46287,1
0.5110,5.2644,2.4327,12.1732,0.0516,0.0135,-1.2450,0,1,0,0.61786,1
0.4753,4.6751,2.4581,12.6782,2.7843,0.0154,-1.6547,0,1,1,1.06440,1
0.3581,3.7992,2.7730,11.7208,2.1511,0.0223,-0.5146,0,1,0,0.18254,1
0.4138,4.0626,2.5761,11.6381,-2.0642,0.0574,-0.5836,0,1,0,0.31082,3
0.6018,5.6710,2.1525,11.8895,0.0625,0.0393,-1.1891,0,1,0,0.60038,1
0.4747,4.9950,2.5313,11.9800,-1.6602,0.0021,-0.9411,0,1,0,0.55033,1
0.5211,5.2393,2.3864,11.8825,1.1151,0.0007,-0.9462,0,1,0,0.34172,3
0.3491,3.7828,2.8169,12.5525,2.8283,0.0329,-1.1189,0,1,0,0.96768,1
0.4177,4.2542,2.6097,12.2846,-2.0779,0.0679,-1.1636,0,1,0,0.90454,1
0.4399,4.4778,2.5655,12.1188,2.5745,0.0234,-1.0126,0,1,0,0.63612,3
0.3876,4.1014,2.7129,11.9152,-2.1826,0.0854,-0.7972,0,1,0,0.25683,3
0.4252,4.3927,2.6114,12.3060,2.0388,0.0494,-1.1783,0,1,1,0.86744,1
0.4919,5.3451,2.5300,12.0869,1.3799,0.0144,-1.1071,0,1,0,0.73241,1
0.4680,5.0505,2.5732,11.8698,-1.3400,0.0199,-0.8448,0,1,0,0.42294,1
0.4112,4.1791,2.6198,11.5646,-2.7910,0.0086,-0.4610,0,1,0,0.24923,3
0.4160,4.3525,2.6440,12.0056,-2.2183,0.1001,-0.9559,0,1,0,0.49473,3
0.5135,5.2056,2.4110,11.6930,1.8530,0.0238,-0.7649,0,1,0,0.17902,3
0.3950,4.2994,2.7322,12.0333,3.0433,0.0672,-0.8864,0,1,0,0.40890,3
0.3899,4.0040,2.6729,11.9330,-2.3031,0.0273,-0.7414,0,1,0,0.55769,3
0.5353,5.2514,2.3323,11.7150,-0.1866,0.0361,-0.8440,0,1,0,0.36147,1
0.5090,5.1778,2.4240,12.2441,-2.1461,0.0008,-1.2953,0,1,0,0.77026,1
0.3300,3.6178,2.8683,12.3930,2.7876,0.1367,-1.0872,0,1,0,1.12249,3
0.4738,4.6473,2.4579,12.1080,-1.4702,0.0269,-1.0946,0,1,1,0.72926,1
0.3594,3.8185,2.7724,12.1490,-2.8443,0.0270,-0.8370,0,1,0,0.72379,3
0.3337,3.6685,2.8643,12.7669,2.8401,0.0937,-1.3190,0,1,0,1.68926,1
0.3582,3.8066,2.7750,12.9514,-2.9368,0.0112,-1.4295,0,2,1,1.18301,1
0.4619,5.0160,2.5931,11.7228,-2.1940,0.0505,-0.7333,0,1,0,0.41867,3
0.4538,4.2608,2.4512,11.8713,3.1036,0.0109,-0.8007,0,1,0,0.25265,1
0.4382,4.6552,2.6170,12.4103,-1.6335,0.0306,-1.2875,0,1,0,0.83851,1
0.4495,4.4238,2.5096,11.7074,1.6771,0.0109,-0.6456,0,1,0,0.22819,3
0.3903,4.0162,2.6750,11.9581,2.9670,0.0003,-0.7270,0,1,0,0.54153,1
0.4811,5.1262,2.5318,12.1624,3.1401,0.0548,-1.2090,0,1,0,0.77117,1
0.5486,5.6970,2.3595,11.9832,1.0564,0.0278,-1.1580,0,1,0,0.63764,3
0.5217,5.1826,2.3730,11.6718,0.4069,0.0166,-0.7486,0,1,0,0.35619,3
0.3789,4.1074,2.7593,11.5984,-2.9204,0.0136,-0.4472,0,1,0,0.21409,1
0.4393,4.3424,2.5343,11.7737,-2.4525,0.0045,-0.6775,0,1,0,0.35497,3
0.4067,4.4340,2.7111,11.9843,2.1233,0.0583,-0.8611,0,1,0,0.61257,3
0.3925,4.2893,2.7422,11.6355,2.6569,0.1694,-0.6831,0,1,0,0.22788,1
0.4033,4.1778,2.6575,12.3366,-1.9683,0.0107,-1.0846,0,1,1,1.04547,1
0.5051,5.3813,2.4806,11.9471,-2.8761,0.0410,-1.0319,0,1,0,0.27564,1
0.4449,4.7094,2.5994,12.5433,-1.7682,0.0319,-1.4377,0,1,1,0.94707,1
0.4611,4.5360,2.4862,12.3003,-2.7389,0.0163,-1.2311,0,1,1,1.07005,1
0.4698,4.8601,2.5230,11.7415,1.6172,0.0400,-0.7517,0,1,0,0.17391,3
0.3356,3.6870,2.8598,11.5696,-2.9525,0.0742,-0.4376,0,1,0,0.31284,3
0.6101,5.8787,2.1535,12.6573,0.4660,0.0128,-2.1485,0,1,0,1.08863,1
0.4399,4.7197,2.6250,11.5403,2.3332,0.0134,-0.4884,0,1,0,0.24542,3
0.3810,4.0673,2.7367,12.0126,2.9329,0.0749,-0.8469,0,1,0,0.63972,3
0.4270,4.6396,2.6660,13.1918,3.0437,0.0447,-2.0158,0,1,1,1.94356,1
0.4578,4.5694,2.5083,12.8984,-1.3713,0.0171,-1.8128,0,1,0,1.79730,1
0.5003,4.6062,2.3413,11.7880,-0.1232,0.0213,-0.8293,0,1,0,0.42381,1
0.5216,4.9097,2.3201,11.8015,-0.1695,0.0405,-0.9128,0,1,0,0.22792,1
0.4170,4.1554,2.5866,12.3784,2.3102,0.0103,-1.1606,0,2,0,0.94395,1
0.4943,4.9008,2.4278,11.9479,1.7775,0.0149,-0.9705,0,1,0,0.63579,3
0.3751,3.9597,2.7342,12.3462,-2.2580,0.0048,-1.0010,0,1,2,0.95600,1
0.4589,4.7695,2.5504,11.9023,1.8580,0.0087,-0.8399,0,1,1,0.48920,3
0.6209,5.6864,2.0862,11.7840,0.6781,0.0700,-1.1431,0,1,0,0.26615,1
0.4710,4.6555,2.4715,11.8374,-1.5890,0.0005,-0.7929,0,1,0,0.40391,3
0.5132,5.0701,2.3853,11.9179,-1.7690,0.0129,-0.9807,0,1,0,0.20365,3
0.4768,4.9402,2.5103,11.9847,1.6481,0.0115,-0.9626,0,1,0,0.19767,3
0.5606,5.7343,2.3182,12.1054,2.3829,0.0093,-1.3021,0,1,0,0.19034,1
0.3862,3.9314,2.6699,12.8635,-2.0227,0.0412,-1.5231,0,1,1,1.20450,1
0.3790,4.1679,2.7764,12.3918,-2.9926,0.0780,-1.1534,0,1,1,0.92278,3
0.4029,4.0634,2.6274,11.8637,2.5412,0.0010,-0.6784,0,1,0,0.50190,1
0.5793,5.7662,2.2512,11.9803,-0.2371,0.0594,-1.2736,0,1,0,0.45275,1
0.4175,4.4145,2.6534,11.5057,-2.4918,0.0299,-0.4476,0,1,0,0.18176,3
0.4046,4.4114,2.7150,11.8873,-2.2223,0.0469,-0.7610,0,1,0,0.39504,3
0.4047,4.4114,2.7147,11.9946,1.7210,0.0645,-0.8733,0,1,0,0.78312,1
0.3666,3.8680,2.7502,13.1123,-3.0320,0.0389,-1.6465,0,1,0,1.83211,1
0.3912,4.1071,2.6968,12.2082,-2.7407,0.0873,-1.0496,0,1,0,0.31335,1
0.3763,4.1323,2.7801,13.1744,2.9923,0.0343,-1.7362,0,1,4,1.71931,1
0.4711,4.6656,2.4737,11.7672,2.7685,0.0254,-0.7589,0,1,0,0.42430,1
0.3924,4.2851,2.7416,12.9059,2.3637,0.0930,-1.6705,0,1,1,1.76320,1
0.3375,3.7124,2.8582,11.7993,2.6100,0.0486,-0.5662,0,0,0,0.00000,1
0.3433,3.7484,2.8375,11.6104,-2.7382,0.0670,-0.4675,0,1,0,0.41506,3
0.3529,3.7810,2.7953,12.0438,2.4242,0.0475,-0.7703,0,1,0,0.48562,1
0.3649,3.8719,2.7603,11.7758,2.3151,0.0179,-0.5607,0,1,0,0.14481,1
0.4508,4.3527,2.4866,11.8745,-3.1069,0.0135,-0.8014,0,1,0,0.39264,1
0.4123,4.4700,2.6931,11.9035,3.0196,0.0685,-0.8182,0,1,0,0.49578,3
0.4175,4.4022,2.6500,12.1088,-2.2735,0.0097,-0.9284,0,1,0,0.76610,1
0.4087,4.4384,2.7024,12.6453,2.5999,0.0163,-1.3793,0,1,1,1.24147,1
0.3642,3.8540,2.7585,12.6725,-2.2940,0.0086,-1.2277,0,1,1,1.30599,1
0.4576,4.8695,2.5793,12.1527,2.3268,0.0167,-1.0828,0,1,0,0.72886,3
0.4424,4.7958,2.6317,11.9127,-3.0081,0.0036,-0.8079,0,1,0,0.38948,1
0.4491,4.6444,2.5646,11.9139,-0.1650,0.0002,-0.8180,0,1,0,0.52082,1
0.3910,4.2461,2.7375,13.2972,2.2142,0.0196,-1.8901,0,1,1,2.24479,1
0.4071,4.3903,2.6972,11.8267,-3.1039,0.0550,-0.7258,0,1,0,0.24093,3
0.5094,5.4975,2.4850,11.7391,1.4367,0.0316,-0.8158,0,1,0,0.27547,1
0.5141,4.7998,2.3276,11.9625,0.0542,0.0322,-1.0535,0,1,0,0.53109,1
0.4824,4.9543,2.4894,11.9910,1.3526,0.0130,-0.9837,0,1,0,0.57764,3
0.3616,3.8666,2.7763,11.9585,2.6178,0.0692,-0.7544,0,1,0,0.78197,3
0.4001,4.2290,2.6873,12.8264,-2.9585,0.0550,-1.5690,0,1,1,1.25797,1
0.4643,4.4524,2.4532,11.9946,0.1506,0.0191,-0.9503,0,1,0,0.39789,1
0.3581,3.8041,2.7746,12.2836,2.8315,0.0995,-1.0356,0,1,0,0.87600,3
0.4428,4.7209,2.6116,11.7725,-2.5050,0.0453,-0.7362,0,1,0,0.26845,3
0.4964,5.4603,2.5339,12.3672,-2.3494,0.0039,-1.3938,0,1,0,0.68517,3
0.5175,5.2919,2.4113,12.0428,2.8885,0.0290,-1.1455,0,1,0,0.58329,1
0.4767,4.3855,2.3863,11.7552,0.0984,0.0151,-0.7433,0,1,1,0.33926,1
0.4287,4.2953,2.5700,12.0804,-2.8606,0.0159,-0.9390,0,1,0,0.62817,3
0.4138,4.2599,2.6299,11.7481,2.6958,0.0094,-0.6157,0,0,0,0.00000,3
0.4216,4.1707,2.5695,11.8709,2.6745,0.0465,-0.7809,0,1,0,0.46804,1
0.5035,4.7755,2.3643,11.6819,1.3276,0.0024,-0.7063,0,1,0,0.38078,3
0.4292,4.2336,2.5516,11.6918,-1.8299,0.0206,-0.6089,0,1,0,0.20275,3
0.5058,4.7761,2.3552,11.8840,-1.9168,0.0196,-0.9365,0,0,2,0.29671,1
0.4497,4.8966,2.6215,11.7951,-2.3628,0.0482,-0.7739,0,1,0,0.52096,3
0.4779,4.5391,2.4163,11.7323,0.6138,0.0139,-0.7232,0,1,0,0.33785,3
0.4422,4.8022,2.6340,12.0833,-2.3542,0.0052,-0.9631,0,1,0,0.75654,1
0.4155,4.0905,2.5756,11.5939,-1.2244,0.0093,-0.4914,0,1,0,0.27502,1
0.4179,4.1067,2.5692,11.8694,-2.1150,0.0035,-0.7162,0,1,0,0.44559,3
0.4074,4.4644,2.7155,12.8346,-2.3152,0.0181,-1.5462,0,1,1,1.27939,1
0.3652,3.9410,2.7803,12.8909,-3.0024,0.0879,-1.5361,0,1,1,1.64314,1
0.4972,5.0692,2.4508,11.8510,0.5625,0.0010,-0.8628,0,1,0,0.58991,3
0.4479,4.6636,2.5745,11.7569,-3.0425,0.0230,-0.7035,0,1,0,0.30548,3
0.4183,4.4562,2.6602,12.1651,2.6988,0.0139,-0.9851,0,1,0,0.67422,3
0.3510,3.8323,2.8222,11.9715,-3.1220,0.1649,-0.8635,0,2,0,0.66291,1
0.4979,4.8518,2.4029,12.1588,-2.3538,0.0195,-1.1996,0,1,0,0.47519,1
0.4561,4.5035,2.5001,12.2571,-1.5891,0.0452,-1.2168,0,0,0,0.00000,1
0.3904,4.0852,2.6945,12.3484,-3.0822,0.0376,-1.0947,0,1,0,0.40139,1
0.4308,4.5086,2.6148,11.7319,-2.7029,0.0935,-0.7379,0,1,0,0.36618,1
0.4844,5.0952,2.5107,11.9462,-3.1008,0.0396,-0.9803,0,1,0,0.31330,1
0.4537,4.8889,2.6016,11.8400,-1.4417,0.0071,-0.7705,0,1,0,0.43328,1
0.3716,3.8461,2.7172,11.9639,-2.8181,0.0260,-0.7243,0,1,0,0.68440,3
0.5292,5.6545,2.4314,13.1733,0.6465,0.0010,-2.4193,0,1,0,1.03807,1
0.4221,4.4407,2.6383,12.9100,-2.6006,0.0117,-1.6645,1,1,1,1.29705,1
0.5120,5.3080,2.4371,12.6727,2.7602,0.0126,-1.7877,0,1,0,1.07309,1
0.5093,5.0376,2.3945,11.9551,-2.5423,0.0186,-1.0178,0,1,0,0.28196,1
0.4720,4.7048,2.4785,11.6997,-2.0761,0.0414,-0.7176,0,1,0,0.16965,3
0.4627,4.3681,2.4398,11.9907,1.1780,0.0104,-0.9306,0,1,0,0.20460,1
0.5551,5.5983,2.3169,11.7365,1.5685,0.0214,-0.8881,0,1,0,0.24321,3
0.3834,4.1926,2.7608,12.2436,2.8945,0.0668,-1.0289,0,1,0,0.82630,3
0.4211,4.3264,2.6129,11.6733,2.9821,0.0644,-0.6341,0,1,0,0.16737,1
0.4151,4.4407,2.6714,11.7983,-2.6600,0.0050,-0.6551,0,1,0,0.39685,1
0.5317,5.6779,2.4252,11.8014,2.1996,0.0488,-0.9480,0,1,0,0.40907,3
0.4442,4.4966,2.5509,11.9837,2.6956,0.0220,-0.8983,0,1,0,0.26250,3
0.4737,4.3332,2.3863,12.0195,-0.1762,0.0007,-0.9696,0,1,0,0.59363,1
0.4258,4.3538,2.5984,11.7396,-1.4394,0.0232,-0.6475,0,1,0,0.35654,1
0.5209,5.3022,2.3994,12.1782,-1.9478,0.0227,-1.2909,0,1,0,0.77546,1
0.4490,4.5857,2.5510,12.0872,-2.3330,0.0138,-0.9939,0,1,0,0.33315,3
0.4034,4.1652,2.6532,12.3458,1.6457,0.0121,-1.0949,0,2,0,1.02921,1
0.4354,4.7924,2.6638,12.6409,-2.3646,0.0252,-1.4872,0,1,0,1.31006,1
0.5162,4.8834,2.3360,12.0027,1.6173,0.0254,-1.0919,0,1,0,0.20868,1
0.4695,4.5834,2.4617,12.7970,-1.1534,0.0220,-1.7654,0,1,1,1.60278,1
0.4538,4.7565,2.5700,11.7725,-1.6168,0.0359,-0.7451,0,1,0,0.44955,1
0.5562,5.1075,2.2261,11.7011,-0.3322,0.0661,-0.9062,0,1,0,0.30416,1
0.4493,4.5360,2.5376,11.7909,0.8876,0.0002,-0.7071,0,1,0,0.48666,3
0.4756,4.8698,2.4999,12.6915,-1.3318,0.0049,-1.6542,0,1,1,1.15174,1
0.5268,5.1395,2.3446,12.1576,2.8994,0.0026,-1.2544,0,1,1,0.79693,1
0.3906,4.1332,2.7073,12.4485,-2.8189,0.1115,-1.2872,0,1,0,1.28548,1
0.3773,4.0507,2.7508,11.9364,-2.9332,0.0089,-0.6939,0,1,0,0.41906,1
0.4483,4.3860,2.5058,12.2897,-0.1255,0.0027,-1.1627,0,2,0,0.96433,1
0.4236,4.3616,2.6107,12.6485,1.1521,0.0026,-1.4139,0,2,0,1.20379,1
0.4611,4.7066,2.5262,12.0835,-0.6503,0.0112,-1.0176,0,1,0,0.91983,1
0.3618,3.9134,2.7899,12.4846,-3.0425,0.1032,-1.2111,0,1,0,0.30965,1
0.4523,4.5699,2.5326,11.9027,-2.6819,0.0447,-0.8725,0,1,0,0.42498,1
0.4182,4.0817,2.5610,11.5850,2.2673,0.0375,-0.5222,0,1,0,0.23168,3
0.3450,3.7612,2.8324,11.8164,2.5118,0.1402,-0.7048,0,1,0,0.18323,3
0.4108,4.4505,2.6953,11.7233,2.8894,0.0745,-0.6710,0,1,0,0.33092,3
0.4112,4.3086,2.6552,11.7501,-2.5497,0.0013,-0.6030,0,1,0,0.28231,1
0.4081,4.2007,2.6405,11.6213,2.6545,0.1181,-0.6349,0,1,0,0.26613,1
0.4079,4.0559,2.6016,12.0609,-1.5463,0.0038,-0.8547,0,1,0,0.69659,1
0.4425,4.3453,2.5207,12.1261,-1.0905,0.0530,-1.0666,0,1,0,0.61008,1
0.4150,4.1877,2.6047,12.0612,2.7128,0.0024,-0.8707,0,1,0,0.67734,3
0.5169,4.7262,2.3016,11.9065,0.3861,0.0698,-1.0522,0,1,0,0.49612,1
0.4609,4.5615,2.4931,11.7863,2.1011,0.0302,-0.7633,0,1,0,0.34753,3
0.3742,3.9472,2.7353,12.0207,-2.5120,0.0642,-0.8238,0,1,0,0.61264,3
0.3719,4.0092,2.7664,12.6164,2.7425,0.0494,-1.2726,0,1,1,1.22411,1
0.3678,3.8792,2.7472,12.0878,1.9218,0.0302,-0.8157,0,1,0,0.37850,1
0.3779,4.0609,2.7505,13.2341,2.3676,0.0190,-1.7679,0,1,1,2.11221,1
0.4764,5.1691,2.5616,12.3457,-2.8706,0.0112,-1.3184,0,1,0,0.79329,3
0.5099,4.7927,2.3425,11.6894,-0.5746,0.0792,-0.8236,0,1,0,0.19483,1
0.5022,5.4779,2.5120,12.0343,1.7069,0.0066,-1.0696,0,1,0,0.64202,1
0.4112,4.1263,2.6055,11.9733,1.1518,0.0147,-0.8041,0,1,0,0.45715,1
0.5157,4.9550,2.3523,12.2605,-1.0769,0.0314,-1.3751,0,1,0,0.67292,1
0.5567,5.8202,2.3484,12.3188,-0.0100,0.0174,-1.5507,0,1,0,0.84191,1
0.4637,4.8231,2.5416,11.6884,1.7306,0.0163,-0.6615,0,1,0,0.21458,3
0.6046,5.6873,2.1448,12.4344,-0.6889,0.0026,-1.8209,0,1,0,0.81578,1
0.5318,5.5041,2.3929,12.0462,-0.3466,0.0003,-1.1470,0,0,0,0.00000,3
0.4429,4.6446,2.5930,12.0613,2.0272,0.0154,-0.9576,0,1,0,0.50828,3
0.4574,4.5620,2.5086,11.9695,2.2152,0.0427,-0.9431,0,1,0,0.46176,1
0.4145,4.2278,2.6177,12.6120,-2.2486,0.0071,-1.3548,0,1,1,1.10665,1
0.3546,3.8091,2.7955,11.7359,-2.5940,0.0866,-0.5978,0,1,0,0.51438,3
0.5208,5.3585,2.4105,12.2492,-1.5817,0.0486,-1.4057,0,1,0,0.55105,1
0.3661,3.9160,2.7679,11.4367,-2.6106,0.0385,-0.3414,0,1,0,0.18808,1
0.4337,4.1623,2.5128,12.1019,2.2735,0.0339,-0.9949,0,1,0,0.48896,1
0.3622,3.9556,2.8008,11.8506,-2.2804,0.0569,-0.6595,0,1,0,0.60107,1
0.4361,4.4901,2.5857,12.2409,-2.9653,0.0357,-1.1312,0,1,0,0.91247,1
0.4162,4.2146,2.6060,11.6724,1.8708,0.0247,-0.5762,0,1,0,0.18036,3
0.4886,5.2859,2.5322,11.9625,-1.7739,0.0163,-0.9765,0,1,0,0.59995,3
0.4667,4.7082,2.5019,12.2213,-1.1822,0.0500,-1.2198,0,1,0,0.59862,1
0.4711,4.9445,2.5360,11.7468,-1.3462,0.0031,-0.7131,0,1,0,0.46802,1
0.3552,3.7989,2.7885,13.2477,3.0856,0.0250,-1.6797,0,1,0,2.18557,1
0.4121,4.3745,2.6687,12.0311,2.6827,0.1185,-0.9931,0,1,0,0.49474,1
0.4208,4.5432,2.6707,12.2921,-1.9228,0.0121,-1.1010,0,1,0,0.94563,1
0.3578,3.8618,2.7950,11.7923,1.9880,0.0728,-0.6278,0,0,2,0.27616,1
0.4191,4.2860,2.6117,11.8933,2.8410,0.0379,-0.7842,0,1,0,0.18573,3
0.3434,3.7478,2.8368,12.3685,-2.4971,0.0851,-1.0369,0,1,0,1.12253,3
0.3748,4.0681,2.7690,11.9253,-2.6336,0.0570,-0.7416,0,0,0,0.00000,3
0.4053,4.2732,2.6741,12.9491,-2.2964,0.0214,-1.6453,1,2,0,1.38234,1
0.4723,4.8761,2.5158,12.1631,-1.4848,0.0256,-1.1442,0,1,0,0.43708,3
0.5230,4.8383,2.3005,11.9954,1.2275,0.0275,-1.1031,0,1,0,0.39220,1
0.3682,3.9746,2.7750,13.2403,-2.3047,0.0289,-1.7440,0,1,1,2.18995,1
0.3765,4.1155,2.7742,12.8099,-3.1409,0.0180,-1.4007,0,1,0,1.41909,1
0.3815,4.1598,2.7614,11.8986,-2.2528,0.0664,-0.7467,0,1,0,0.24869,3
0.4284,4.4882,2.6207,11.6798,-2.8566,0.0762,-0.6668,0,1,0,0.30801,1
0.4169,4.1878,2.5955,11.7751,1.6283,0.0409,-0.6832,0,1,0,0.37532,3
0.4392,4.8432,2.6579,12.0676,1.9069,0.0399,-0.9879,0,1,0,0.58885,0
0.4763,4.8756,2.4981,12.1423,2.5382,0.0232,-1.1311,0,1,0,0.48089,3
0.4902,5.1274,2.4925,12.9460,2.4148,0.0237,-2.0168,0,1,1,1.62279,1
0.4614,4.2814,2.4244,11.7023,-0.9190,0.0319,-0.6875,0,1,0,0.20787,3
0.4582,4.9415,2.5930,11.6636,2.5643,0.0780,-0.7058,0,1,0,0.26236,3
0.3615,3.8362,2.7669,11.8014,3.1018,0.1250,-0.7062,0,1,0,0.18478,1
0.4823,4.4374,2.3758,12.5039,-0.4366,0.0348,-1.5293,0,1,0,1.02777,1
0.5460,5.0485,2.2535,11.8185,0.3779,0.0623,-1.0112,0,1,0,0.23078,1
0.3962,4.0243,2.6484,11.7340,-1.4236,0.0175,-0.5830,0,1,0,0.24643,1
0.3745,3.9424,2.7322,11.9567,-2.8068,0.0829,-0.7987,0,1,0,0.34569,3
0.3590,3.8810,2.7947,13.3174,-3.0410,0.0447,-1.7931,0,1,1,2.21464,1
0.4126,4.3545,2.6610,11.7293,1.9303,0.0575,-0.6580,0,1,0,0.21132,3
0.4119,4.3958,2.6752,12.0236,2.4371,0.0863,-0.9435,0,1,0,0.51916,3
0.4912,5.3737,2.5389,12.1759,2.2022,0.0311,-1.2188,0,1,1,0.55611,3
0.5060,5.1397,2.4285,12.3917,2.5362,0.0263,-1.4806,0,2,0,1.06636,1
0.3636,3.8035,2.7456,11.5734,-1.8879,0.0311,-0.4276,0,1,0,0.16551,1
0.4114,4.1125,2.6010,12.3423,2.9466,0.0013,-1.0991,0,1,2,1.06418,1
0.4892,4.6596,2.3972,11.8065,1.3550,0.0256,-0.8320,0,1,0,0.36057,3
0.3527,3.8887,2.8315,13.3035,2.7164,0.0155,-1.6950,1,2,0,2.00253,0
0.4806,5.1710,2.5432,12.3371,-2.5853,0.0326,-1.3538,0,1,0,0.31430,3
0.5689,5.5580,2.2566,11.9603,0.7936,0.0677,-1.2347,0,1,0,0.40435,1
0.5769,5.3295,2.1884,12.1642,-0.7277,0.0587,-1.4841,0,1,1,0.52890,1
0.3531,3.8794,2.8262,12.8983,-3.0216,0.0475,-1.4255,0,1,1,1.56570,1
0.4357,4.8076,2.6661,11.8238,-2.8225,0.0860,-0.8194,0,1,0,0.47809,2
0.4960,5.3041,2.5041,11.9319,1.2233,0.0247,-0.9737,0,1,0,0.52947,1
0.3418,3.7700,2.8534,11.7236,-2.5360,0.0984,-0.5815,0,1,0,0.40956,2
0.4200,4.2005,2.5850,12.2884,0.9949,0.0174,-1.1009,0,1,0,0.96369,1
0.4412,4.5119,2.5680,12.0766,1.2811,0.0123,-0.9625,0,1,0,0.54837,1
0.3783,4.1428,2.7729,12.2053,2.6789,0.0461,-0.9558,0,1,1,0.66633,3
0.3526,3.8424,2.8172,11.8723,2.6597,0.0999,-0.7103,0,1,0,0.43886,3
0.4656,4.8985,2.5502,12.0288,-2.9680,0.0245,-0.9957,0,1,0,0.41455,3
0.3786,3.9466,2.7124,11.9324,1.9866,0.0036,-0.6865,0,1,0,0.58347,1
0.5214,4.9937,2.3376,11.9191,1.3046,0.0058,-0.9899,0,1,0,0.43058,1
0.4956,5.1411,2.4725,12.4548,-0.9548,0.0001,-1.4741,0,1,1,1.05432,1
0.5609,5.3846,2.2574,12.0711,0.5115,0.0187,-1.2731,0,1,0,0.37266,1
0.5024,4.8668,2.3875,11.7358,-0.2546,0.0151,-0.7750,0,1,0,0.27754,3
0.3961,4.2359,2.7087,12.0584,-2.9464,0.1318,-0.9956,0,1,0,0.55889,1
0.4466,4.5687,2.5577,12.1053,1.1136,0.0064,-0.9943,0,1,0,0.32380,1
0.4246,4.1272,2.5443,11.8112,2.3889,0.0077,-0.6856,0,1,0,0.18776,3
0.4424,4.3300,2.5174,12.1283,-3.0962,0.0063,-1.0030,0,1,0,0.25322,1
0.4486,4.8734,2.6212,12.0359,3.1104,0.0397,-0.9816,0,1,0,0.66471,3
0.4048,4.0797,2.6226,11.8431,-2.9931,0.0112,-0.6787,0,1,0,0.26400,3
0.4500,4.9666,2.6365,12.2463,-2.1140,0.0704,-1.2254,0,1,0,0.69651,2
0.4407,4.4204,2.5478,12.6826,2.6694,0.0136,-1.5259,0,1,1,0.99187,1
0.5181,5.4507,2.4391,12.9014,2.0417,0.0022,-2.0529,0,1,1,1.38439,1
0.5051,5.1644,2.4374,11.9061,-0.2867,0.0185,-0.9587,0,1,0,0.42367,1
0.3976,3.9928,2.6325,11.9218,-0.8705,0.0035,-0.7176,0,1,0,0.51389,1
0.4060,4.3547,2.6929,11.9173,2.9027,0.0722,-0.8211,0,1,0,0.49982,3
0.4251,4.6129,2.6680,12.1373,2.7928,0.0775,-1.0652,0,1,0,0.72359,3
0.3871,4.2311,2.7532,12.9423,3.0538,0.0928,-1.6806,0,1,1,1.80229,1
0.4569,4.9333,2.5969,11.8522,-1.6945,0.0216,-0.8070,0,1,0,0.31606,1
0.4811,5.1217,2.5308,12.1815,-2.2166,0.0133,-1.1705,0,1,0,0.82097,3
0.4330,4.4472,2.5892,12.2664,1.7877,0.0498,-1.1657,0,1,0,0.81339,1
0.3747,4.0987,2.7785,12.0439,-2.6477,0.0724,-0.8538,0,1,1,0.61548,3
0.4387,4.4490,2.5636,11.8405,-2.4244,0.0291,-0.7673,0,1,0,0.29263,3
0.4416,4.8707,2.6533,12.4209,2.6122,0.0776,-1.3772,0,1,0,1.15508,2
0.5257,5.3652,2.3917,11.8756,1.3549,0.0334,-0.9930,0,1,0,0.59713,3
0.4659,4.8208,2.5312,12.1896,2.9107,0.0142,-1.1365,0,1,0,0.24821,3
0.4940,4.7956,2.4070,11.9254,-0.6490,0.0007,-0.9273,0,1,0,0.35942,3
0.3831,4.0494,2.7204,11.8449,-1.8556,0.0742,-0.7176,0,1,0,0.34722,1
0.3967,4.0288,2.6470,11.8489,3.0331,0.0042,-0.6586,0,1,0,0.39273,3
0.4618,4.8504,2.5561,12.2870,-2.4255,0.0422,-1.2594,0,1,0,0.66991,3
0.3489,3.8120,2.8275,13.2512,3.0493,0.0238,-1.6491,0,1,2,2.03744,1
0.3921,4.1515,2.7049,12.1707,-2.7372,0.0063,-0.9102,0,1,0,0.63072,1
0.3968,4.0673,2.6577,11.9328,-1.3547,0.0114,-0.7352,0,1,0,0.39496,1
0.3784,3.8976,2.6986,12.2043,3.0726,0.0635,-0.9791,0,1,0,0.53983,1
0.4532,4.5754,2.5300,12.2157,1.5088,0.0179,-1.1303,0,1,0,0.60193,1
0.3617,3.8059,2.7560,12.0648,2.2949,0.0184,-0.7683,0,1,0,0.85587,1
0.3609,3.9334,2.8011,13.0623,-2.3671,0.0337,-1.5692,0,1,0,2.04815,1
0.4819,5.3189,2.5690,11.9506,1.5616,0.0109,-0.9424,0,2,0,0.64488,0
0.3812,3.9269,2.6936,11.9932,2.1310,0.0278,-0.7704,0,1,0,0.56357,3
0.5502,5.6149,2.3390,11.8798,0.0876,0.0169,-1.0311,0,1,0,0.27387,1
0.3452,3.7773,2.8367,11.7561,2.8889,0.0553,-0.5580,0,1,0,0.25984,3
0.4932,5.4007,2.5358,12.1623,2.4532,0.0511,-1.2381,0,1,0,0.70816,3
0.3897,4.0264,2.6805,12.0377,2.4515,0.0296,-0.8277,0,1,0,0.50741,3
0.3763,4.1407,2.7827,12.6831,2.9614,0.0520,-1.3474,0,1,1,0.55877,1
0.4080,4.3309,2.6766,11.8205,-2.8525,0.0476,-0.7131,0,1,0,0.31302,3
0.4637,5.0873,2.6008,12.5643,-2.8421,0.0891,-1.6127,0,1,1,0.69812,1
0.4568,4.8656,2.5821,13.1213,1.9746,0.0079,-2.0212,0,1,2,3.08026,1
0.3857,4.2212,2.7577,13.1574,2.5684,0.0567,-1.8055,1,2,1,1.81013,1
0.4826,5.1653,2.5336,11.9762,-2.3534,0.0546,-1.0260,0,1,0,0.33775,3
0.4071,4.1624,2.6349,12.1129,2.0304,0.0260,-0.9270,0,1,0,0.47447,3
0.4835,4.9246,2.4782,11.9269,-1.8040,0.0295,-0.9451,0,0,2,0.30841,3
0.4553,4.4405,2.4884,11.8552,-0.0153,0.0138,-0.7938,0,1,0,0.32500,1
0.4367,4.7627,2.6503,12.0629,2.8241,0.0451,-0.9842,0,1,0,0.52131,3
0.3493,3.8469,2.8369,12.5668,-2.5060,0.1144,-1.2505,0,1,0,1.39935,0
0.4721,4.5618,2.4458,11.9786,0.7417,0.0056,-0.9353,0,1,0,0.26024,1
0.3443,3.7490,2.8321,12.0329,-2.8257,0.0703,-0.7722,0,1,0,0.39614,3
0.3969,4.1096,2.6691,11.9337,3.1168,0.0861,-0.8333,0,1,0,0.49947,1
0.3394,3.7245,2.8512,12.1606,2.4778,0.0698,-0.8519,0,1,0,0.60274,1
0.4012,4.1647,2.6637,11.8142,2.1856,0.0870,-0.7444,0,1,0,0.48210,3
0.4425,4.3914,2.5325,11.7869,1.3086,0.0056,-0.6967,0,1,0,0.47505,3
0.3718,3.8473,2.7166,12.1320,-2.4826,0.0062,-0.8271,0,1,1,0.80325,1
0.3900,4.1260,2.7083,11.6079,2.5626,0.0020,-0.4567,0,1,0,0.25596,1
0.4500,4.7005,2.5742,11.8033,-2.0673,0.0245,-0.7510,0,1,0,0.36039,3
0.4562,4.5716,2.5161,12.6489,1.8169,0.0062,-1.5391,0,1,1,1.15303,1
0.5026,4.9336,2.4005,12.0165,-1.8977,0.0287,-1.0787,1,1,0,0.30455,1
0.4015,4.3719,2.7196,11.8453,-2.6750,0.1109,-0.8006,0,1,0,0.47867,3
0.3344,3.6910,2.8683,12.7304,-2.1943,0.0401,-1.2112,0,1,0,1.62031,0
0.3570,3.7861,2.7748,12.8314,-2.7916,0.0611,-1.4104,0,1,1,1.45969,1
0.5012,4.6371,2.3443,11.8678,-1.0029,0.0131,-0.9006,0,1,0,0.23129,1
0.3468,3.7536,2.8196,12.5701,2.6385,0.1688,-1.3266,0,2,0,1.30125,1
0.3837,4.1048,2.7337,12.5853,3.0378,0.0425,-1.2782,0,1,0,1.17364,1
0.3896,4.1646,2.7215,11.8019,-1.7023,0.0588,-0.6767,0,1,0,0.35405,1
0.4394,4.2923,2.5213,11.9297,-2.4347,0.0553,-0.8822,0,1,0,0.23767,1
0.3824,3.9927,2.7072,12.8864,-2.8507,0.0665,-1.5693,0,2,0,1.42734,1
0.4069,4.0411,2.6022,11.8316,1.4469,0.0046,-0.6647,0,1,0,0.43490,1
0.4010,4.3214,2.7085,11.8481,-2.3574,0.0418,-0.7147,0,1,0,0.40605,3
0.5012,4.9801,2.4160,11.8018,-2.3979,0.0116,-0.8348,1,1,0,0.35523,1
0.4752,5.0693,2.5455,12.3306,3.0148,0.0018,-1.2854,0,2,0,1.07937,3
0.5330,5.4988,2.3873,12.3080,-2.4874,0.0191,-1.4650,0,1,0,0.79236,1
0.4144,4.1281,2.5912,12.1316,1.0490,0.0034,-0.9300,0,0,0,0.00000,1
0.4188,4.2660,2.6076,12.6008,2.8457,0.0544,-1.4344,0,1,0,1.31084,1
0.4826,5.2228,2.5455,11.9773,1.7559,0.0238,-0.9867,0,1,0,0.57754,3
0.5160,5.5000,2.4577,11.7742,-1.2494,0.0521,-0.8908,0,1,0,0.37266,1
0.4192,4.6045,2.6943,12.7330,2.5139,0.0599,-1.5665,0,1,0,1.37263,1
0.4247,4.2260,2.5700,11.7882,1.4844,0.0041,-0.6622,0,1,0,0.24223,1
0.3377,3.6722,2.8431,12.4610,-2.3965,0.0657,-1.0610,0,1,0,1.09308,3
0.4275,4.6715,2.6713,12.4724,2.6927,0.0155,-1.2885,0,1,0,1.05878,3
0.4621,5.0938,2.6096,11.7557,-1.4508,0.0402,-0.7518,0,1,0,0.23054,0
0.5728,5.2526,2.1905,12.2005,0.1346,0.0006,-1.4277,0,1,0,0.52231,1
0.3379,3.6663,2.8400,13.0082,3.0417,0.1291,-1.5855,2,2,0,1.09523,1
0.4950,5.3356,2.5145,11.9954,2.3404,0.0496,-1.0690,0,1,1,0.42419,3
0.3620,3.9225,2.7915,12.9573,-2.8980,0.0144,-1.4559,0,1,0,1.78526,1
0.4341,4.3127,2.5502,11.8857,1.4646,0.0354,-0.8055,0,1,0,0.19956,3
0.3885,3.9807,2.6730,11.8551,1.7148,0.0095,-0.6542,0,1,0,0.16989,1
0.3368,3.6520,2.8413,11.9859,-3.1279,0.1205,-0.7860,0,1,0,0.27452,3
0.4554,4.2524,2.4427,11.8262,-0.4355,0.0198,-0.7742,0,1,0,0.31049,1
0.4123,4.4096,2.6770,12.4686,-3.0657,0.0704,-1.3153,0,1,2,1.06342,1
0.4774,4.4869,2.4067,11.8388,0.5787,0.0392,-0.8568,0,1,0,0.28705,1
0.4117,4.1559,2.6113,12.8928,3.1100,0.0345,-1.6433,0,0,1,0.86677,1
0.4633,5.1096,2.6078,11.9684,-2.6705,0.0106,-0.9157,0,1,0,0.52542,2
0.4792,5.2662,2.5697,12.2370,-2.7860,0.0713,-1.3028,0,1,0,0.38837,1
0.4092,4.4866,2.7128,11.5210,-2.3964,0.0617,-0.4866,0,1,0,0.18982,3
0.3649,3.9323,2.7795,11.6802,-2.3624,0.0647,-0.5475,0,1,0,0.33618,3
0.3771,4.1505,2.7813,11.9445,-3.0098,0.1395,-0.8668,0,1,0,0.57068,1
0.4674,4.9409,2.5516,11.9310,-2.8516,0.0642,-0.9589,0,1,0,0.47782,1
0.4437,4.2153,2.4828,11.6098,1.2492,0.0537,-0.6022,0,1,0,0.18395,3
0.4344,4.4587,2.5856,12.0616,2.7833,0.0666,-1.0057,0,1,0,0.81466,1
0.4046,4.3199,2.6901,12.2232,-2.8121,0.0019,-0.9812,0,1,0,0.74652,1
0.4553,5.0136,2.6226,11.9411,-3.1185,0.0170,-0.8803,0,1,0,0.52030,2
0.3549,3.7761,2.7829,12.3091,-2.6724,0.0071,-0.9172,0,1,1,1.13610,1
0.3842,4.0841,2.7250,11.7943,-2.6393,0.0370,-0.6336,0,1,0,0.34408,3
0.3640,3.8274,2.7512,13.1112,-2.6140,0.0559,-1.6639,0,1,1,2.05811,1
0.3376,3.7037,2.8546,12.7162,2.9408,0.0511,-1.2292,0,0,1,0.28585,1
0.3926,4.0495,2.6733,12.6225,-3.0994,0.0092,-1.2892,0,1,0,1.24791,1
0.3975,4.3681,2.7387,11.8489,-3.0638,0.0527,-0.7224,0,1,0,0.27296,3
0.3752,3.9446,2.7291,11.9158,-2.2987,0.0051,-0.6689,0,1,0,0.46189,1
0.4570,4.2885,2.4444,11.8429,0.1337,0.0100,-0.7802,0,1,0,0.31266,1
0.4562,4.9343,2.6005,12.6542,1.8402,0.0045,-1.5449,0,1,0,1.25126,1
0.5111,5.1578,2.4112,11.8817,1.3422,0.0129,-0.9394,0,1,0,0.46327,3
0.3909,4.2896,2.7504,11.7690,-2.1026,0.0795,-0.6787,0,1,0,0.30347,1
0.3976,3.9877,2.6311,11.7342,-2.7301,0.0517,-0.6280,0,1,0,0.35379,3
0.5286,5.0716,2.3246,11.9595,-0.8192,0.0068,-1.0509,0,1,0,0.42256,1
0.4775,5.2045,2.5643,12.0178,-1.2700,0.0124,-0.9992,0,1,0,0.28738,1
0.5418,5.2465,2.3060,11.8999,-0.8122,0.0676,-1.1004,0,1,0,0.34709,1
0.4662,4.8532,2.5371,12.5691,1.6650,0.0270,-1.5309,0,2,0,0.87238,1
0.4122,4.3717,2.6673,12.8879,-2.3890,0.0360,-1.6434,0,1,2,0.98126,1
0.3706,3.9892,2.7667,11.7527,3.1015,0.0631,-0.6094,0,1,0,0.38776,3
0.4713,5.0072,2.5490,12.3541,-2.6056,0.0449,-1.3591,0,1,1,0.34046,1
0.3737,3.9076,2.7256,12.2134,-2.8828,0.1289,-1.0639,0,2,0,0.72015,1
0.4836,4.4289,2.3686,12.0597,2.0156,0.0024,-1.0354,0,1,0,0.71036,1
0.5215,4.9395,2.3267,12.2130,-0.1885,0.0225,-1.3268,0,1,0,0.31168,1
0.5482,5.5760,2.3401,12.7973,-2.5324,0.0122,-2.0751,0,0,2,0.38303,1
0.4833,4.6112,2.4105,12.1163,1.4866,0.0076,-1.0996,0,1,2,0.99871,1
0.4566,4.9892,2.6114,13.2351,-2.4671,0.0310,-2.1816,0,1,1,1.49422,1
0.3687,3.9616,2.7684,12.0093,-3.0764,0.1350,-0.8943,0,1,0,0.58956,1
0.4074,4.0891,2.6129,12.4964,-2.1303,0.0221,-1.2513,0,2,0,1.15450,1
0.3950,4.1415,2.6879,12.3715,-3.0048,0.0438,-1.1369,0,1,0,0.96022,1
0.4721,4.8089,2.5016,11.7531,1.2094,0.0194,-0.7406,0,1,0,0.27168,1
0.5982,5.8945,2.1999,11.8788,-1.7276,0.0351,-1.1641,0,1,0,0.48285,1
0.4479,4.5412,2.5452,12.8387,2.3348,0.0142,-1.7071,0,1,0,1.50601,1
0.4964,4.6044,2.3562,11.8732,-0.0370,0.0171,-0.9011,0,1,0,0.38431,1
0.3529,3.8822,2.8280,12.8590,2.7786,0.1056,-1.4867,0,1,1,1.55507,1
0.3875,4.2776,2.7643,12.9089,2.4697,0.0362,-1.5591,0,1,1,1.67964,0
0.3703,4.0632,2.7911,11.8924,-2.9951,0.1762,-0.8574,0,1,0,0.22919,1
0.3783,3.9339,2.7103,12.3087,-2.7451,0.0128,-0.9915,0,1,2,1.11145,1
0.3539,3.8230,2.8035,11.9221,2.3507,0.0220,-0.6512,0,1,1,0.51741,1
0.4529,4.5501,2.5255,12.1624,-0.1121,0.0067,-1.0634,0,1,0,0.71132,1
0.3675,3.8761,2.7482,12.8570,-2.9045,0.0756,-1.4975,0,2,0,1.42625,1
0.3808,3.9840,2.7126,11.9671,1.9559,0.0566,-0.7866,0,1,0,0.80606,1
0.3892,3.9410,2.6579,11.5738,1.8961,0.0055,-0.4330,0,1,0,0.24945,1
0.3743,3.9733,2.7428,11.8298,2.3815,0.0299,-0.6331,0,1,0,0.47969,1
0.3860,4.0134,2.6951,11.8704,-1.7656,0.0039,-0.6542,0,1,0,0.43430,1
0.4444,4.5256,2.5572,12.0702,2.3446,0.0538,-1.0210,0,1,0,0.81291,1
0.4645,4.4863,2.4601,12.5538,-2.7394,0.0085,-1.4777,0,1,0,0.86489,1
0.5000,5.1063,2.4467,11.9213,0.8165,0.0284,-0.9757,0,1,0,0.24281,1
0.4486,4.4633,2.5232,12.0139,-2.8430,0.0234,-0.9377,0,0,0,0.00000,1
0.5092,5.0636,2.4002,11.9664,-0.8316,0.0586,-1.0838,0,1,0,0.57247,1
0.3377,3.7110,2.8562,11.7389,2.7058,0.0488,-0.5255,0,1,0,0.41366,1
0.4008,3.9995,2.6190,11.7657,3.0470,0.0209,-0.6206,0,1,0,0.30494,3
0.5710,5.7376,2.2783,12.2733,-1.9423,0.0405,-1.5743,0,1,0,0.47223,1
0.4405,4.7813,2.6370,12.1979,1.6487,0.0179,-1.0804,0,1,0,0.60005,1
0.3765,4.0349,2.7500,12.1193,-2.7468,0.0203,-0.8484,0,1,0,0.73105,1
0.3805,4.1727,2.7701,12.9920,3.1412,0.0088,-1.5550,0,1,1,1.12245,1
0.4916,5.1355,2.4884,11.9583,-2.7106,0.0109,-0.9710,0,2,0,0.51731,3
0.4857,5.3348,2.5551,12.6096,-3.1168,0.0463,-1.6749,0,1,0,1.40176,1
0.3461,3.8214,2.8461,11.7461,3.0708,0.0578,-0.5556,0,1,0,0.45808,2
0.4187,4.1788,2.5848,12.1751,-2.5610,0.0245,-1.0083,0,1,1,0.84328,1
0.3379,3.6746,2.8425,12.6861,-2.8459,0.0447,-1.1982,0,1,1,1.25186,1
0.3961,4.2877,2.7234,11.8926,2.4498,0.0038,-0.6929,0,1,0,0.53148,1
0.4027,4.0657,2.6289,12.9184,-1.7237,0.0263,-1.6147,0,1,1,1.32113,1
0.3630,3.8128,2.7518,11.7956,2.8834,0.0990,-0.6722,0,1,0,0.50164,3
0.3901,3.9508,2.6563,12.0763,2.4987,0.0180,-0.8440,0,1,0,0.69363,3
0.4555,4.3253,2.4599,11.9430,0.7083,0.0235,-0.8873,0,1,0,0.55763,1
0.3468,3.8254,2.8433,12.0039,2.7916,0.0726,-0.7597,0,1,0,0.70349,2
0.4519,4.2349,2.4531,11.7209,0.7039,0.0148,-0.6657,0,1,0,0.32847,3
0.4103,4.3979,2.6838,11.9695,-2.4979,0.1059,-0.9185,0,1,0,0.21887,3
0.4793,4.8969,2.4902,11.9697,3.1116,0.0102,-0.9515,0,1,0,0.50342,3
0.4221,4.2629,2.5914,11.9320,-3.1205,0.0688,-0.8643,0,1,0,0.43926,1
0.3681,3.9276,2.7608,12.9576,2.4138,0.0207,-1.4925,0,1,1,1.69695,1
0.3660,3.9366,2.7748,13.1606,-2.8354,0.0141,-1.6397,0,1,1,2.01105,1
0.5654,5.7815,2.3075,12.9420,1.0572,0.0190,-2.3398,0,1,1,1.30967,1
0.3890,3.9447,2.6602,12.7059,-2.4891,0.0389,-1.3941,0,1,0,1.43861,1
0.4389,4.6575,2.6145,12.9784,-2.8357,0.0411,-1.8536,0,1,1,1.69519,1
0.3756,3.9467,2.7278,12.9949,2.6770,0.0447,-1.5973,0,0,0,0.00000,1
0.3896,4.1228,2.7093,11.9421,-2.7923,0.0981,-0.8395,0,1,0,0.35735,1
0.4253,4.2713,2.5790,11.8246,-0.1432,0.0057,-0.6965,0,1,0,0.47465,1
0.4127,4.4316,2.6806,12.3269,2.3956,0.0458,-1.1550,1,1,0,0.84519,3
0.4470,4.4353,2.5234,11.7840,2.4687,0.0413,-0.7484,0,1,1,0.28065,1
0.3576,3.9324,2.8188,12.3508,2.7346,0.0829,-1.0624,0,1,0,1.06015,3
0.3388,3.7148,2.8513,11.6136,3.0657,0.0935,-0.4946,0,1,0,0.36169,3
0.4992,5.1684,2.4630,12.5466,2.6464,0.0173,-1.6100,0,1,1,1.01425,1
0.3890,3.9833,2.6717,11.7060,-3.0037,0.0163,-0.5475,0,1,0,0.26251,3
0.3731,4.0131,2.7611,11.7844,-1.7600,0.0653,-0.6405,0,1,0,0.48278,1
0.4377,4.7442,2.6411,12.1948,-1.7591,0.0533,-1.1184,0,1,0,0.51154,1
0.3866,4.1424,2.7301,12.4761,2.9867,0.1020,-1.2838,0,1,1,0.93912,1
0.4213,4.3768,2.6255,11.7413,1.8114,0.0142,-0.6297,0,1,0,0.18713,1
0.5073,4.8930,2.3733,12.0363,0.7762,0.0939,-1.2012,0,1,0,0.31998,1
0.3323,3.6301,2.8588,11.9363,2.9271,0.1810,-0.8177,0,1,0,0.71196,1
0.4628,4.9897,2.5831,13.2204,3.0418,0.0258,-2.1876,0,1,0,1.99888,1
0.4177,4.5916,2.6985,12.1779,-3.1406,0.0198,-1.0032,0,1,0,0.74239,3
0.5799,5.4699,2.2005,11.6570,0.9237,0.0198,-0.8421,0,1,0,0.18304,3
0.5448,5.6816,2.3721,11.8195,-1.5190,0.0238,-0.9626,0,1,0,0.22537,3
0.4794,5.2834,2.5726,12.0770,-2.7976,0.0787,-1.1515,0,1,0,0.50343,0
0.4168,4.1439,2.5842,11.7942,1.0475,0.0187,-0.6708,0,1,0,0.18423,1
0.5584,5.8222,2.3420,12.1293,-0.6523,0.0246,-1.3460,0,1,0,0.37129,1
0.4540,4.3723,2.4776,12.3098,-0.6476,0.0192,-1.2226,0,1,2,0.76922,1
0.3986,4.3161,2.7189,11.9112,2.6623,0.0505,-0.7725,1,0,0,0.14330,3
0.4272,4.1814,2.5470,11.7069,2.5558,0.0493,-0.6541,0,1,0,0.29785,1
0.4329,4.2678,2.5438,11.7772,1.0258,0.0189,-0.6868,0,1,0,0.39632,1
0.4339,4.4997,2.5982,12.0485,1.1088,0.0061,-0.9114,0,1,0,0.55342,1
0.4105,4.1187,2.6066,12.9667,-2.1957,0.0432,-1.7222,0,1,0,1.68755,1
0.4377,4.4084,2.5580,11.7126,0.7303,0.0012,-0.6178,0,1,0,0.18351,1
0.4561,4.7211,2.5515,12.3846,2.8643,0.0015,-1.2768,0,2,0,0.92812,1
0.4874,5.1355,2.5061,11.9368,2.0110,0.0090,-0.9378,0,1,0,0.52148,3
0.4606,4.7066,2.5281,12.5317,1.8320,0.0144,-1.4537,0,2,1,0.67759,1
0.3870,4.0717,2.7076,11.7627,2.2316,0.0843,-0.6724,0,1,0,0.26120,3
0.4411,4.4545,2.5543,12.0182,-2.9575,0.0434,-0.9510,0,1,0,0.34916,1
0.3977,4.0509,2.6485,11.8471,2.1360,0.0029,-0.6575,0,1,0,0.34729,1
0.4073,4.1722,2.6366,12.7944,1.6233,0.0106,-1.4961,0,1,1,1.19107,1
0.3498,3.7999,2.8184,12.1024,-2.9149,0.1698,-0.9674,0,1,0,0.66596,1
0.3871,3.9776,2.6794,11.8629,2.2979,0.0336,-0.6880,0,1,0,0.20267,3
0.3323,3.6359,2.8614,11.9429,2.9471,0.2588,-0.9211,0,1,0,0.27286,1
0.4006,4.0044,2.6216,11.6835,1.4384,0.0021,-0.5314,0,1,0,0.35939,1
0.4828,4.8782,2.4710,12.0362,2.0266,0.0411,-1.0671,0,1,0,0.32010,3
0.3900,4.1818,2.7244,11.6699,2.1982,0.0122,-0.5167,0,1,0,0.19063,1
0.3657,3.9472,2.7797,13.0639,-2.4995,0.0096,-1.5506,0,1,1,2.01836,1
0.4141,4.0656,2.5753,11.9821,-2.5314,0.0240,-0.8300,0,1,0,0.65670,3
0.4336,4.4363,2.5839,12.5513,-0.9260,0.0058,-1.3650,0,1,1,1.18698,1
0.4836,5.2298,2.5424,12.0429,-2.8288,0.0467,-1.0850,0,1,0,0.43195,1
0.4062,4.3528,2.6914,11.8100,2.6449,0.0418,-0.6937,0,1,0,0.62938,3
0.5268,5.6095,2.4330,11.7969,2.5076,0.0471,-0.9305,0,0,0,0.00000,1
0.4211,4.4385,2.6425,12.4840,2.0647,0.0360,-1.3073,0,1,0,1.26187,1
0.4198,4.0929,2.5568,11.7910,-3.0931,0.0291,-0.6867,0,1,0,0.30390,1
0.4244,4.3624,2.6072,11.6709,-2.3698,0.0392,-0.6065,0,1,0,0.28711,3
0.3463,3.7801,2.8311,12.1475,-2.5700,0.0280,-0.8045,0,1,0,0.30720,1
0.3947,3.9859,2.6445,11.8454,-2.5222,0.0096,-0.6585,0,1,0,0.52365,3
0.4018,4.2653,2.6892,11.9215,2.7540,0.1178,-0.8742,0,1,0,0.41441,1
0.4266,4.2312,2.5626,11.6317,1.0645,0.0094,-0.5400,0,1,0,0.26872,1
0.4079,4.0830,2.6090,11.8593,1.7038,0.0043,-0.6890,0,1,0,0.21002,1
0.4106,4.0630,2.5909,12.3524,-2.1180,0.0225,-1.1364,1,1,2,1.20925,1
0.3842,4.2064,2.7610,12.9766,-2.8535,0.0813,-1.6795,0,1,0,1.68514,1
0.4744,4.9963,2.5328,12.8577,1.3776,0.0128,-1.8359,0,2,1,1.62770,1
0.3478,3.7904,2.8261,12.0495,2.7611,0.0650,-0.7855,0,1,0,0.90607,3
0.5787,5.9117,2.2771,12.1170,-0.7309,0.0671,-1.4479,0,1,0,0.25463,1
0.4934,5.3496,2.5245,12.1350,-2.1500,0.0446,-1.2013,0,1,0,0.72922,3
0.3797,4.0848,2.7485,12.4709,3.0078,0.1247,-1.2898,0,1,0,1.16199,1
0.4098,4.1708,2.6243,12.6297,2.3387,0.0782,-1.4658,0,1,1,1.16496,1
0.4981,5.2365,2.4813,12.3081,0.3238,0.0065,-1.3393,0,1,0,0.77204,1
0.4979,4.5231,2.3328,11.9998,0.6138,0.0536,-1.0823,0,1,0,0.51189,1
0.4929,4.8440,2.4217,12.2647,2.1862,0.0340,-1.3161,0,1,0,0.99360,1
0.4612,4.3493,2.4417,12.1907,1.8694,0.0349,-1.1515,0,1,0,0.78481,1
0.3978,4.0478,2.6473,12.6631,1.7504,0.0097,-1.3431,0,1,0,1.35848,1
0.3494,3.7858,2.8158,11.8107,2.5946,0.0993,-0.6585,0,1,0,0.51616,3
0.5934,5.9086,2.2200,12.7102,0.7313,0.0352,-2.1917,0,1,0,0.55793,1
0.5020,4.5543,2.3236,11.7184,-0.0805,0.0112,-0.7496,0,1,0,0.30943,1
0.4547,4.8741,2.5932,11.8938,-2.8513,0.0715,-0.9050,0,1,0,0.56243,1
0.4620,4.6734,2.5145,12.1375,2.7072,0.0195,-1.0825,0,1,0,0.40092,1
0.3841,3.9880,2.6972,12.5258,-2.8660,0.0777,-1.2827,1,1,1,1.21658,1
0.3459,3.7644,2.8280,12.0807,2.6432,0.0481,-0.7816,0,1,0,0.83555,1
0.4063,4.3213,2.6823,11.6361,-2.9347,0.1234,-0.6505,0,1,0,0.17164,1
0.3802,3.9442,2.7039,12.0617,2.6726,0.1345,-0.9639,0,1,0,0.49678,1
0.4178,4.1586,2.5835,12.5805,1.5414,0.0018,-1.3295,0,2,0,1.35962,1
0.4072,4.0566,2.6052,11.8063,-1.9586,0.0164,-0.6596,0,1,0,0.35559,3
0.3685,3.9436,2.7636,11.8903,2.8387,0.0285,-0.6658,0,1,0,0.21841,3
0.3881,4.1171,2.7151,11.9113,-2.9887,0.0415,-0.7388,0,1,0,0.19304,3
0.3518,3.8533,2.8249,12.7393,-2.8319,0.1025,-1.3800,0,1,1,1.34960,1
0.4322,4.2114,2.5326,12.1948,-2.8978,0.0284,-1.0670,0,1,0,0.96264,1
0.3992,4.3816,2.7341,11.6234,2.6010,0.0434,-0.5326,0,1,0,0.20861,3
0.3939,4.1671,2.7004,11.9605,-3.0124,0.0528,-0.8054,0,1,0,0.28082,3
0.3632,3.9067,2.7801,11.6225,2.4548,0.0716,-0.5109,0,1,0,0.23571,3
0.4302,4.6358,2.6497,12.0367,3.0155,0.0291,-0.9233,0,1,0,0.29612,3
0.3598,3.8704,2.7871,12.0230,3.0111,0.1641,-0.9225,0,1,1,0.73915,1
0.3547,3.8151,2.7969,12.4235,2.4647,0.0760,-1.1008,0,1,0,1.21716,3
0.5575,5.1293,2.2254,11.9979,0.2089,0.0286,-1.1926,0,1,0,0.28497,1
0.4474,4.7652,2.6012,11.7845,1.3862,0.0177,-0.7210,0,1,0,0.26277,1
0.4659,4.6317,2.4879,12.4070,-0.9925,0.0247,-1.3631,0,1,1,0.92738,1
0.4796,4.8374,2.4756,12.3020,-2.9948,0.0305,-1.3100,0,1,0,0.74529,1
0.4221,4.2217,2.5808,11.7584,-2.5912,0.0798,-0.7277,0,1,0,0.21447,1
0.4317,4.6503,2.6463,11.7682,-2.0386,0.0859,-0.7619,0,1,0,0.21707,3
0.3766,3.9211,2.7152,11.9630,-2.7656,0.0401,-0.7528,0,1,0,0.62689,3
0.4919,4.5382,2.3595,11.8102,2.4596,0.0056,-0.8140,0,1,0,0.18822,1
0.4635,5.0020,2.5825,11.9549,-2.6451,0.0128,-0.9059,0,1,0,0.37288,3
0.4989,4.7936,2.3863,11.7365,-2.3764,0.0178,-0.7722,0,1,0,0.23536,1
0.4119,4.2894,2.6468,12.4689,-2.8622,0.0094,-1.2236,1,1,1,0.68361,1
0.5476,5.2625,2.2863,11.7230,-0.4705,0.0263,-0.8633,0,1,0,0.47132,3
0.4022,4.4212,2.7299,11.9734,-2.7399,0.1034,-0.9001,0,1,0,0.42378,3
0.3623,3.8543,2.7686,11.8775,2.7179,0.0944,-0.7268,0,0,2,0.53585,3
0.5139,5.0307,2.3746,11.8175,0.5528,0.0011,-0.8628,0,1,0,0.52252,3
0.4002,4.3037,2.7076,11.9444,1.8768,0.0416,-0.7917,0,0,0,0.00000,1
0.4507,4.5000,2.5228,12.1098,2.0222,0.0460,-1.0631,0,1,0,0.69541,1
0.4781,4.5986,2.4292,12.2373,1.7081,0.0293,-1.2372,0,1,1,0.61562,1
0.4193,4.2281,2.5956,12.0194,1.4210,0.0176,-0.8656,0,1,0,0.76023,1
0.4339,4.7892,2.6700,13.3101,2.3629,0.0126,-2.1084,0,1,0,2.28985,0
0.3369,3.6718,2.8476,12.3477,-2.3048,0.0297,-0.9252,1,1,1,1.10377,1
0.4519,4.4886,2.5148,12.0990,1.7340,0.0382,-1.0452,0,1,0,0.53420,1
0.3734,4.0313,2.7647,13.2439,2.9461,0.0756,-1.8593,0,1,2,2.14281,1
0.5168,4.8195,2.3208,12.0263,-0.1148,0.0258,-1.1184,0,1,0,0.25059,1
0.4045,4.1979,2.6572,12.3653,2.4169,0.0774,-1.2091,0,1,0,0.92975,1
0.3680,4.0363,2.7951,11.8678,2.8186,0.1282,-0.7730,0,1,0,0.20329,3
0.3652,3.8206,2.7428,11.8475,-2.6487,0.0481,-0.6517,0,1,0,0.64938,3
0.4669,4.5540,2.4660,12.0862,-2.4618,0.0005,-1.0185,0,1,0,0.51138,1
0.4392,4.4086,2.5515,11.9263,-2.0871,0.0211,-0.8340,0,1,0,0.58403,3
0.4340,4.5433,2.6089,12.7323,2.1139,0.0183,-1.5564,0,1,1,1.15699,1
0.3666,3.8460,2.7435,12.0616,2.1588,0.0222,-0.7822,0,1,0,0.73053,1
0.4314,4.2581,2.5481,11.7905,2.9506,0.0471,-0.7314,0,1,0,0.18096,1
0.3888,4.1834,2.7306,12.5560,-2.8659,0.1032,-1.3621,0,1,0,1.36816,1
0.4573,4.7432,2.5515,12.9474,-2.2862,0.0378,-1.8977,0,1,0,1.21904,1
0.4779,5.1132,2.5428,11.8649,2.0265,0.0639,-0.9179,0,1,0,0.31816,3
0.4671,5.1560,2.6004,12.0030,2.6834,0.0011,-0.9452,0,1,0,0.43823,0
0.4843,5.2560,2.5449,11.9936,2.7324,0.0788,-1.0800,0,1,0,0.74902,1
0.4481,4.7637,2.5975,12.1057,-2.7673,0.0047,-0.9975,0,1,0,0.60356,3
0.4964,4.7939,2.3966,11.9359,-1.1599,0.0024,-0.9455,0,1,0,0.48462,1
0.4179,4.4112,2.6503,11.6756,2.8903,0.0545,-0.6187,0,1,0,0.37610,3
0.4059,4.1666,2.6417,11.5901,-2.9692,0.0572,-0.5322,0,1,0,0.21346,3
0.4777,4.6245,2.4366,11.9656,1.6127,0.0162,-0.9502,0,1,0,0.34513,1
0.4920,5.3172,2.5238,12.4827,2.0395,0.0425,-1.5571,0,1,1,0.90808,1
0.3582,3.8195,2.7790,13.1568,2.2430,0.0268,-1.6228,0,1,0,1.97491,1
0.4534,4.5340,2.5191,11.9662,2.5702,0.0067,-0.8830,0,1,0,0.56821,3
0.3436,3.7354,2.8315,13.0015,2.7739,0.0461,-1.4649,0,1,0,1.64705,1
0.4708,4.9875,2.5468,11.8734,-0.1197,0.0034,-0.8323,0,1,0,0.17070,1
0.4575,4.2989,2.4448,11.8449,0.4263,0.0311,-0.8109,0,1,0,0.32281,1
0.3551,3.9149,2.8270,11.6096,-2.1881,0.0678,-0.4850,0,1,0,0.24332,0
0.4750,5.2093,2.5765,12.8349,1.5261,0.0146,-1.8191,0,0,2,1.08736,1
0.3625,3.9665,2.8027,11.7962,-3.0562,0.0295,-0.5859,0,1,0,0.38240,1
0.4099,4.3365,2.6689,12.5625,-3.1339,0.0006,-1.2862,0,1,3,1.91261,1
0.3652,3.9124,2.7716,12.6572,2.3265,0.0692,-1.3122,0,1,0,1.40765,1
0.5151,5.1869,2.4007,12.1319,-1.7711,0.0050,-1.1997,0,1,0,0.48029,1
0.4036,4.3608,2.7063,12.1314,2.3218,0.0174,-0.9230,0,1,1,0.56425,1
0.3951,4.2828,2.7274,12.0711,2.0629,0.0444,-0.8876,0,1,0,0.63296,1
0.4501,4.7622,2.5883,12.6574,1.2290,0.0078,-1.5295,1,2,0,1.40836,1
0.4318,4.5234,2.6140,11.8425,-2.4727,0.0346,-0.7625,0,1,0,0.56954,3
0.3591,3.9093,2.8030,12.6174,2.0460,0.0438,-1.2199,0,1,1,1.35073,1
0.3638,3.8317,2.7532,12.2734,2.6438,0.0690,-1.0014,0,1,0,0.88421,3
0.4726,4.3430,2.3930,11.6483,-0.7353,0.0694,-0.7040,0,1,0,0.33901,1
0.3762,4.0231,2.7478,12.0582,-2.2105,0.0983,-0.9028,0,1,0,0.20330,3
0.4567,4.6055,2.5216,11.7042,-2.1213,0.0027,-0.6459,0,1,0,0.38764,3
0.5022,4.6382,2.3405,11.8184,-0.2069,0.0414,-0.8906,0,1,0,0.35252,1
0.4294,4.5410,2.6295,11.9877,2.5157,0.0954,-0.9651,0,1,0,0.68234,1
0.4284,4.2204,2.5516,12.0048,-2.4020,0.0589,-0.9295,0,1,0,0.25742,1
0.4764,4.6898,2.4567,12.2776,1.0493,0.0068,-1.2404,0,1,1,0.96474,1
0.4307,4.1526,2.5239,11.8143,2.1699,0.0364,-0.7368,0,1,0,0.25866,1
0.3327,3.6531,2.8649,13.1293,-2.8046,0.0630,-1.5450,0,1,1,1.94631,1
0.4574,4.9448,2.5972,11.6718,2.6148,0.0929,-0.7305,0,1,0,0.17679,1
0.4325,4.4711,2.5977,11.9020,2.3818,0.0921,-0.8906,0,1,0,0.36106,1
0.3437,3.7016,2.8191,12.5680,2.3248,0.0319,-1.1112,0,1,1,1.06479,1
0.4926,4.8524,2.4244,11.7146,1.6065,0.0048,-0.7229,0,1,0,0.21608,3
0.5098,5.2992,2.4444,12.1722,2.2249,0.0237,-1.2553,0,1,0,0.74548,3
0.4992,4.5451,2.3323,12.2600,-1.5899,0.0023,-1.2796,0,1,1,0.90897,1
0.4339,4.1821,2.5172,11.8671,-0.9358,0.0013,-0.7438,0,1,0,0.38926,3
0.4603,4.6880,2.5252,11.7628,-3.0110,0.0025,-0.7058,0,1,0,0.45725,3
0.3496,3.8126,2.8238,13.0141,3.1029,0.0460,-1.5009,0,1,0,1.86261,1
0.4538,4.8971,2.6026,12.1295,1.6229,0.0272,-1.0656,0,1,0,0.65359,1
0.3919,4.2108,2.7230,12.2082,2.7529,0.0304,-0.9732,0,1,1,0.71466,3
0.4454,4.7053,2.5960,12.0375,2.7262,0.0659,-1.0099,0,1,0,0.70715,1
0.4930,4.5942,2.3677,11.8491,0.5206,0.0134,-0.8650,0,1,0,0.35113,1
0.4684,4.7656,2.5077,11.7760,-1.8235,0.0047,-0.7364,0,1,0,0.38392,3
0.4014,4.1221,2.6507,12.2751,-2.7305,0.0493,-1.0819,0,1,0,0.28742,1
0.4295,4.3476,2.5800,12.2378,1.4853,0.0430,-1.1197,0,1,0,1.06029,1
0.3755,3.9269,2.7226,11.7982,-1.9630,0.0323,-0.6142,0,1,0,0.59040,1
0.3665,3.9418,2.7739,11.8314,2.6827,0.0122,-0.5976,0,1,0,0.54294,1
0.4639,4.8449,2.5456,12.8560,-1.1440,0.0183,-1.7986,0,1,2,1.58536,1
0.3966,4.2192,2.7019,12.6985,-2.9404,0.0760,-1.4743,0,1,0,1.45934,1
0.4717,4.3406,2.3960,11.8746,2.4793,0.0061,-0.8345,0,1,0,0.53710,1
0.4686,4.3608,2.4138,12.0798,1.2986,0.0226,-1.0460,0,1,1,0.66325,1
0.4628,4.9741,2.5797,11.7301,1.8716,0.0307,-0.7170,0,1,0,0.37683,3
0.3448,3.7741,2.8378,12.3745,-3.0208,0.1770,-1.1749,0,1,0,1.12083,1
0.4032,4.4134,2.7225,12.1712,-2.4789,0.0134,-0.9501,0,1,0,0.85211,1
0.4319,4.4407,2.5924,11.8610,-1.7355,0.0210,-0.7613,0,1,0,0.40694,3
0.5450,5.6696,2.3694,12.4281,-0.7377,0.0144,-1.6342,0,1,0,0.97163,1
0.4585,4.4253,2.4713,11.6718,0.4038,0.0233,-0.6445,0,1,0,0.38894,1
0.4297,4.2344,2.5496,11.7760,1.0527,0.0415,-0.7085,0,1,0,0.18130,1
0.3893,4.0128,2.6788,11.7540,-2.8301,0.0432,-0.6186,0,1,0,0.32944,3
0.4381,4.2316,2.5114,12.2783,-1.0110,0.0255,-1.1554,0,1,0,0.64943,1
0.4665,4.8834,2.5425,12.0462,-0.9924,0.0113,-0.9968,0,1,0,0.59457,1
0.3740,4.0179,2.7581,11.8543,-2.6395,0.0926,-0.7300,0,1,0,0.42416,3
0.4153,4.1165,2.5838,12.1061,2.9331,0.0110,-0.9208,0,1,0,0.47035,1
0.3379,3.6589,2.8375,11.7950,-2.4326,0.0582,-0.5757,0,1,0,0.34846,1
0.4457,4.7824,2.6131,12.9806,-3.0305,0.0489,-1.8997,0,1,0,1.63042,1
0.4295,4.4657,2.6102,11.6373,-2.2297,0.0530,-0.6033,0,1,0,0.26060,3
0.4363,4.6436,2.6229,12.3810,-2.1516,0.0400,-1.2680,0,2,0,0.46882,3
0.3907,4.0518,2.6829,12.4401,-2.7992,0.0763,-1.2293,0,1,0,1.33303,1
0.3731,4.1091,2.7900,12.4407,3.1114,0.1198,-1.2351,0,1,0,1.23306,0
0.4485,4.7325,2.5885,11.9849,-2.8838,0.0633,-0.9649,0,1,0,0.61432,1
0.3914,4.2421,2.7345,11.7923,-2.1897,0.0305,-0.6373,0,1,0,0.29034,1
0.4473,4.8659,2.6254,12.1191,-2.8846,0.0194,-1.0283,0,1,0,0.30494,3
0.3505,3.8574,2.8334,11.9097,-3.0150,0.1279,-0.7687,0,1,0,0.32992,3
0.3654,3.8970,2.7654,11.8878,3.1089,0.0598,-0.6972,0,1,0,0.16783,3
0.3359,3.6528,2.8467,12.4509,2.7671,0.0203,-0.9829,0,1,0,1.07589,1
0.5878,5.9429,2.2469,12.2603,-0.6750,0.0660,-1.6491,0,1,0,0.25091,1
0.3689,3.9460,2.7625,11.7840,2.3215,0.0775,-0.6476,0,1,0,0.45425,3
0.5146,5.5897,2.4803,12.2094,1.0209,0.0211,-1.3068,0,1,0,0.93019,1
0.4851,4.5274,2.3847,11.5714,0.5360,0.0082,-0.5751,0,1,0,0.28964,3
0.5246,5.0218,2.3304,11.6612,0.1109,0.0121,-0.7359,0,1,0,0.33755,3
0.3956,4.0350,2.6542,11.9069,-1.6886,0.0418,-0.7512,0,1,0,0.33840,1
0.3914,4.1274,2.7014,11.7000,2.5522,0.0343,-0.5692,0,1,0,0.32852,3
0.6110,5.6210,2.1117,11.8823,0.8867,0.0220,-1.1769,0,1,0,0.41668,1
0.4306,4.5902,2.6365,11.9224,-2.7733,0.1137,-0.9327,0,0,0,0.00000,1
0.4377,4.2324,2.5134,11.8222,-1.1302,0.0023,-0.7135,0,1,0,0.18601,3
0.5151,5.2398,2.4110,11.9750,1.0456,0.0573,-1.1058,1,1,0,0.31562,1
0.4014,4.0976,2.6441,12.0139,-1.3981,0.0467,-0.8580,0,1,0,0.75845,1
0.4687,4.7600,2.5050,12.0262,-1.2244,0.0113,-0.9822,0,1,0,0.58106,1
0.3597,3.7973,2.7640,13.2056,-2.5890,0.0254,-1.6678,0,1,1,2.17178,1
0.3515,3.7649,2.7978,12.9695,-2.9560,0.0365,-1.4576,0,1,1,1.88886,1
0.4261,4.2723,2.5757,11.7379,1.9946,0.0535,-0.6843,0,1,0,0.27619,3
0.3520,3.8038,2.8077,12.0914,-2.8691,0.1269,-0.9078,0,1,0,0.82260,3
0.3847,3.9166,2.6728,12.3549,-1.4326,0.0398,-1.0862,0,1,0,0.99520,1
0.4494,4.9347,2.6318,11.7811,2.5128,0.0695,-0.7872,0,1,0,0.26578,3
0.4426,4.8179,2.6357,11.7535,2.6048,0.0066,-0.6710,0,1,0,0.37973,1
0.3849,3.9176,2.6724,12.4790,3.0866,0.0044,-1.1363,0,1,1,1.10827,1
0.4399,4.6136,2.5988,11.8959,-2.9378,0.0852,-0.8923,0,1,0,0.55661,1
0.3661,3.8687,2.7528,11.8561,2.5161,0.0250,-0.6310,0,1,0,0.54539,1
0.4932,5.0300,2.4595,12.0223,1.0018,0.0389,-1.0762,0,1,0,0.51121,1
0.3963,4.0071,2.6430,11.7552,2.4696,0.0096,-0.5901,0,1,0,0.24551,3
0.3901,4.2341,2.7385,11.7874,-3.0295,0.0410,-0.6442,0,1,0,0.15697,3
0.3850,4.0389,2.7077,12.0529,-2.6129,0.0448,-0.8491,0,1,0,0.69015,3
0.4182,4.1491,2.5791,11.8895,1.4666,0.0076,-0.7393,1,1,0,0.48485,1
0.3852,4.1436,2.7377,13.0544,2.2944,0.0294,-1.6642,0,2,1,1.65456,1
0.4175,4.1783,2.5905,12.4556,1.8202,0.0207,-1.2460,0,1,0,1.06645,1
0.4287,4.3158,2.5752,11.8366,-2.0389,0.0134,-0.7234,0,1,0,0.37376,3
0.4747,4.4883,2.4180,12.0601,1.3610,0.0357,-1.0614,0,1,0,0.48770,1
0.4802,4.5147,2.4015,12.1585,0.3756,0.0240,-1.1561,0,1,0,0.66140,1
0.3424,3.7044,2.8273,11.5644,2.5759,0.0574,-0.4235,0,1,0,0.28717,1
0.3917,4.0278,2.6710,12.7453,-2.9709,0.0007,-1.3768,0,1,1,1.34304,1
0.4814,4.3913,2.3686,11.9239,-0.7057,0.0211,-0.9230,0,1,0,0.64430,1
0.3471,3.8201,2.8400,13.1802,-2.8409,0.0174,-1.5724,0,1,1,1.90398,1
0.3963,4.2533,2.7130,12.0632,-2.3732,0.0640,-0.9100,0,1,0,0.84274,3
0.3574,3.8561,2.7954,12.8773,-3.0202,0.0863,-1.4898,0,1,1,1.42748,1
0.4628,4.5530,2.4830,12.7296,1.2824,0.0152,-1.6588,0,1,1,1.28370,1
0.4623,5.0402,2.5965,11.8594,2.6593,0.0633,-0.8786,0,1,0,0.58224,3
0.3552,3.8385,2.8013,13.2256,-2.3395,0.0500,-1.7071,0,1,1,2.01258,1
0.4785,4.9003,2.4943,12.1240,2.1244,0.0001,-1.0867,0,1,0,0.51201,3
0.5142,5.5324,2.4711,12.5543,1.2096,0.0078,-1.6598,0,1,1,1.00137,1
0.4586,4.4479,2.4762,11.8332,-1.4079,0.0061,-0.7703,0,1,0,0.38079,3
0.3631,3.9726,2.8016,11.7613,-2.8742,0.0548,-0.5924,0,1,0,0.36806,3
0.3888,4.2495,2.7495,11.8952,-2.8610,0.1101,-0.8147,0,1,0,0.28636,3
0.4224,4.4433,2.6374,12.0490,2.3839,0.0132,-0.8937,0,1,0,0.52713,3
0.3757,4.0746,2.7662,13.2914,2.2213,0.0276,-1.8226,0,1,0,2.13207,1
0.4250,4.4167,2.6183,12.8071,-1.7680,0.0022,-1.5647,0,2,0,1.37751,1
0.4092,4.1886,2.6319,11.6920,1.4794,0.0081,-0.5603,0,1,0,0.42407,1
0.4864,4.6900,2.4152,12.0315,0.7004,0.0413,-1.0703,0,1,0,0.61448,1
0.3765,4.1281,2.7778,11.4319,-2.1792,0.0277,-0.3373,0,1,0,0.15057,1
0.4215,4.2919,2.6022,12.0188,-2.6582,0.0675,-0.9372,0,1,0,0.48945,1
0.4459,4.2403,2.4799,12.1551,0.7909,0.0244,-1.0614,0,1,0,0.71048,1
0.3559,3.9221,2.8246,11.7847,-2.9561,0.1749,-0.7440,0,1,0,0.58994,0
0.3740,3.8936,2.7197,11.8494,2.4591,0.1227,-0.7646,0,1,0,0.55307,1
0.4143,4.1499,2.5974,11.9979,-1.5008,0.0353,-0.8592,0,1,0,0.26576,1
0.4112,4.5113,2.7092,12.2750,2.6092,0.0515,-1.1131,0,1,0,1.11878,3
0.4013,4.4260,2.7354,11.8207,2.2875,0.0162,-0.6614,0,1,1,0.51168,0
0.4705,4.5044,2.4393,12.0099,0.7575,0.0200,-0.9808,0,1,0,0.36494,1
0.4363,4.7611,2.6517,12.4729,2.6305,0.0145,-1.3167,0,1,1,1.01170,3
0.3559,3.7609,2.7724,11.7583,2.4257,0.0126,-0.5257,0,1,0,0.24392,1
0.4030,4.3166,2.6973,12.4444,-2.7688,0.0355,-1.2124,0,1,0,0.99790,1
0.4381,4.5442,2.5900,11.6867,-1.3438,0.0215,-0.6219,0,1,0,0.26992,1
0.4626,4.8220,2.5462,12.0732,-2.0806,0.0666,-1.0875,0,1,0,0.71176,3
0.4428,4.7141,2.6102,11.9377,1.8077,0.0264,-0.8603,0,1,0,0.77920,1
0.3440,3.7788,2.8437,11.6820,-2.8219,0.0507,-0.4989,0,1,0,0.27177,1
0.4074,4.3345,2.6804,12.5178,2.5684,0.0627,-1.3318,0,2,1,1.13245,1
0.4298,4.5468,2.6291,11.7547,2.8071,0.0769,-0.7353,0,1,0,0.24532,1
0.6044,5.5749,2.1283,11.4889,0.2286,0.0288,-0.7000,0,0,0,0.00000,3
0.4251,4.6063,2.6666,11.4984,2.0825,0.0672,-0.4959,0,0,0,0.00000,3
0.4998,4.7047,2.3639,11.5420,0.7615,0.0914,-0.6725,0,0,0,0.00000,1
0.3884,3.9805,2.6734,11.8631,-3.0135,0.0547,-0.7178,0,1,1,0.46974,3
0.3785,3.8924,2.6964,12.5323,-2.9223,0.0151,-1.1749,0,0,2,0.58202,1
0.4512,4.3590,2.4864,11.4446,0.6421,0.0123,-0.4176,0,0,0,0.00000,1
0.4708,4.6845,2.4793,11.3560,-0.4651,0.0091,-0.3590,0,0,0,0.00000,1
0.3698,3.9083,2.7459,11.3101,-2.4197,0.0499,-0.2671,0,0,0,0.00000,3
0.5376,5.7108,2.4068,12.5602,-1.0590,0.0108,-1.7557,0,1,0,0.84292,1
0.5339,5.2206,2.3318,11.3786,0.1474,0.0135,-0.4612,0,0,0,0.00000,3
0.5000,5.3570,2.4976,11.3514,-2.5461,0.0813,-0.4737,0,0,0,0.00000,1
0.4959,4.7117,2.3810,12.6197,0.3484,0.0190,-1.6756,0,1,1,1.36431,1
0.3836,4.1392,2.7442,12.6304,2.8600,0.0546,-1.3342,0,1,0,1.31131,1
0.3524,3.7759,2.7963,11.2687,2.2269,0.0288,-0.2002,0,0,0,0.00000,1
0.4874,5.0621,2.4908,12.5040,-2.4496,0.0270,-1.5386,0,0,1,1.18028,1
0.3810,4.0660,2.7361,12.2214,2.7940,0.0382,-0.9650,0,0,0,0.00000,3
0.4532,4.8182,2.5873,11.3272,1.6089,0.0080,-0.3141,0,0,0,0.00000,1
0.3812,4.1704,2.7661,11.9536,-2.8661,0.0464,-0.7638,0,0,1,0.26299,3
0.5132,5.1815,2.4074,11.4915,2.5549,0.0173,-0.5527,0,0,0,0.00000,1
0.4342,4.5932,2.6201,11.4316,1.8318,0.0414,-0.4208,0,1,0,0.15271,3
0.5450,5.3783,2.3174,11.3719,-0.5279,0.0100,-0.4644,0,0,0,0.00000,3
0.3590,3.9301,2.8104,12.2211,-2.6405,0.0313,-0.8961,0,0,1,0.82097,1
0.3846,3.9986,2.6979,11.4008,3.1100,0.1376,-0.4494,0,0,0,0.00000,1
0.4286,4.1587,2.5349,11.2881,-2.7363,0.0201,-0.2695,0,0,0,0.00000,3
0.4748,5.1542,2.5653,11.4774,2.7423,0.0341,-0.5062,0,0,0,0.00000,3
0.4732,5.0903,2.5588,11.5409,2.0717,0.0480,-0.5795,0,0,0,0.00000,3
0.5042,4.6281,2.3305,11.8040,0.6485,0.0527,-0.8950,0,1,0,0.17838,1
0.4470,4.4695,2.5318,12.0629,-1.9549,0.0270,-0.9839,0,0,1,0.63483,3
0.5364,5.1629,2.3113,11.3781,1.2777,0.0051,-0.4534,0,0,0,0.00000,3
0.5727,5.6892,2.2637,11.6831,-0.9529,0.0638,-0.9170,0,0,0,0.00000,3
0.5156,4.8171,2.3250,11.4743,0.5026,0.0455,-0.5715,0,0,0,0.00000,3
0.5444,5.1317,2.2750,11.5859,1.2986,0.0175,-0.6974,0,0,0,0.00000,1
0.4415,4.6015,2.5889,12.4573,-2.7654,0.0700,-1.4010,0,0,1,0.97819,1
0.4542,4.9808,2.6203,11.5450,-2.9473,0.0744,-0.5867,0,0,0,0.00000,3
0.4407,4.4474,2.5542,11.4445,-2.2951,0.0004,-0.3910,0,0,0,0.00000,3
0.4377,4.4051,2.5574,11.3463,1.9625,0.0523,-0.3645,0,0,0,0.00000,3
0.3902,4.1775,2.7219,12.6495,2.5733,0.0512,-1.3691,0,1,0,1.22685,1
0.5305,4.9951,2.3025,11.6493,1.1354,0.0002,-0.7183,0,0,0,0.00000,1
0.4246,4.2121,2.5668,11.2983,1.0970,0.0088,-0.2615,0,0,0,0.00000,1
0.5353,5.2605,2.3339,11.3291,0.2137,0.0075,-0.4051,0,0,0,0.00000,3
0.4868,4.9678,2.4733,11.3542,-2.4756,0.0700,-0.4472,0,0,0,0.00000,1
0.3606,3.8373,2.7720,12.9190,-2.6514,0.0560,-1.4883,1,0,1,1.72496,1
0.3598,3.8990,2.7961,12.8706,-3.1195,0.0852,-1.4920,0,1,1,1.61433,1
0.5071,5.4245,2.4805,11.6516,1.2117,0.0285,-0.7187,0,1,0,0.23974,1
0.4263,4.2029,2.5565,11.5445,2.0043,0.0210,-0.4804,0,0,0,0.00000,3
0.5089,4.6949,2.3262,11.4051,-0.5462,0.0414,-0.4882,0,0,0,0.00000,3
0.4047,4.0580,2.6174,11.3876,-2.6868,0.0522,-0.3626,0,0,0,0.00000,3
0.4993,4.5635,2.3360,12.2032,-0.7881,0.0049,-1.2254,0,0,2,0.75825,1
0.5049,4.8856,2.3815,11.2598,2.0596,0.0176,-0.3148,0,0,0,0.00000,1
0.4211,4.3040,2.6073,11.2962,1.2193,0.0375,-0.2893,0,0,0,0.00000,1
0.3816,3.9108,2.6867,11.8691,2.4837,0.0873,-0.7503,0,0,1,0.29775,3
0.3959,4.2599,2.7166,11.9380,2.3170,0.0338,-0.7672,0,1,0,0.37157,3
0.4618,4.6570,2.5117,12.1317,2.2890,0.0563,-1.1274,0,1,0,0.79548,1
0.3401,3.7168,2.8444,12.5050,2.8613,0.0317,-1.0523,1,2,0,1.03414,1
0.3988,4.1721,2.6776,12.2303,-1.7910,0.0223,-0.9989,0,1,0,0.75694,1
0.4901,4.7776,2.4190,11.4474,2.0617,0.0083,-0.4660,0,0,0,0.00000,3
0.3373,3.6621,2.8415,12.0353,3.0492,0.1447,-0.8544,0,0,3,1.07901,3
0.4945,4.9221,2.4316,11.9375,-0.3843,0.0295,-0.9801,0,0,1,0.63348,1
0.4686,4.7001,2.4919,11.3687,-1.7507,0.0440,-0.4090,0,0,0,0.00000,3
0.4405,4.1908,2.4906,12.0847,-1.1233,0.0225,-0.9804,0,0,1,0.54335,1
0.3825,3.9103,2.6818,12.9112,2.6130,0.0275,-1.5257,0,1,0,0.34334,1
0.5019,4.8442,2.3851,11.9556,-0.6450,0.0423,-1.0322,0,0,1,0.48986,1
0.4821,4.9762,2.4951,12.2528,-0.0892,0.0015,-1.2270,0,0,1,0.71905,1
0.5727,5.3866,2.2136,11.3456,-0.5345,0.0595,-0.5293,0,0,0,0.00000,3
0.4086,4.3618,2.6821,12.8893,2.3970,0.0222,-1.6067,0,1,1,1.62872,1
0.5151,4.6716,2.2975,11.5144,-0.5949,0.0417,-0.6059,0,0,0,0.00000,3
0.5181,4.9671,2.3454,11.3538,1.6832,0.0168,-0.4200,0,0,0,0.00000,1
0.3692,3.9863,2.7735,11.7273,-2.9231,0.0451,-0.5659,0,1,0,0.21630,3
0.4030,4.3329,2.7018,11.3623,-2.5582,0.0368,-0.3236,0,0,0,0.00000,3
0.5374,5.0494,2.2862,11.3465,2.2261,0.0043,-0.4206,0,0,0,0.00000,1
0.4750,4.7898,2.4846,11.3504,1.7361,0.0689,-0.4288,0,0,0,0.00000,3
0.4980,5.1216,2.4584,11.3410,1.1884,0.0145,-0.3829,0,0,0,0.00000,3
0.4267,4.1862,2.5504,11.6493,-1.4975,0.0197,-0.5675,0,0,1,0.15790,3
0.4483,4.4794,2.5282,12.6549,-0.9988,0.0197,-1.5376,0,1,0,0.79241,1
0.4083,4.3194,2.6721,11.9315,1.8962,0.0068,-0.7536,0,1,0,0.47185,1
0.5409,5.1996,2.3006,11.3806,1.0157,0.0890,-0.5623,0,0,0,0.00000,3
0.4142,4.4623,2.6817,13.1701,-1.9680,0.0105,-1.8705,0,1,2,1.78347,1
0.4966,5.1377,2.4677,11.5714,-0.8093,0.0235,-0.6145,0,0,0,0.00000,1
0.6210,6.0198,2.1342,11.6396,0.4207,0.1271,-1.0395,0,0,0,0.00000,1
0.4719,5.0950,2.5654,12.8433,-2.3669,0.0285,-1.8376,0,0,2,1.29424,1
0.3986,4.0600,2.6471,11.3648,-2.7229,0.0865,-0.3776,0,0,0,0.00000,1
0.4931,4.6050,2.3693,11.2610,-2.6794,0.0078,-0.2924,0,0,0,0.00000,1
0.4488,4.6309,2.5630,11.2742,-1.3638,0.0168,-0.2736,0,0,0,0.00000,1
0.5183,5.3940,2.4276,11.4216,1.3610,0.0058,-0.4769,0,0,0,0.00000,3
0.5544,5.3391,2.2742,11.5923,-1.0461,0.0548,-0.7691,0,0,0,0.00000,3
0.4996,5.0295,2.4326,11.8905,-1.9617,0.0236,-0.9368,0,1,0,0.56285,3
0.3468,3.7618,2.8222,11.6457,-2.3050,0.1065,-0.5444,0,1,0,0.20832,3
0.4987,4.9722,2.4244,11.7208,0.6287,0.0231,-0.7640,0,0,1,0.39174,1
0.4143,4.3549,2.6526,11.5671,-2.8047,0.0957,-0.5721,0,0,0,0.00000,1
0.4162,4.1840,2.5978,11.4193,2.4462,0.0458,-0.3936,0,0,0,0.00000,3
0.3607,3.8887,2.7877,12.3388,2.7969,0.0412,-1.0043,0,1,0,0.20748,3
0.4356,4.5267,2.5972,12.4690,2.8407,0.0086,-1.3006,0,1,1,0.80510,1
0.3620,3.8330,2.7633,12.1775,-1.8333,0.0448,-0.8892,0,0,1,0.84898,1
0.3676,4.0141,2.7903,11.4372,2.9518,0.0272,-0.3305,0,0,0,0.00000,1
0.4479,4.5595,2.5495,12.8208,2.3740,0.0445,-1.7410,0,0,1,1.54161,1
0.4493,4.7221,2.5822,11.2748,-0.8188,0.0060,-0.2625,0,0,0,0.00000,1
0.4935,4.8088,2.4117,11.4809,-1.2035,0.0233,-0.5207,0,0,0,0.00000,3
0.5171,5.0977,2.3752,12.1648,-0.9544,0.0470,-1.2992,0,1,0,0.56282,1
0.3472,3.7680,2.8223,12.8580,2.3511,0.0650,-1.3979,0,1,1,1.75532,1
0.3319,3.6341,2.8629,11.4838,2.4991,0.1337,-0.4439,0,0,0,0.00000,3
0.3900,4.0151,2.6761,12.0346,1.7884,0.0043,-0.7922,0,0,1,0.47203,1
0.4092,4.4553,2.7044,11.4871,2.9716,0.1451,-0.5568,0,0,0,0.00000,1
0.4807,4.8067,2.4642,11.2868,-0.7765,0.0078,-0.3052,0,0,0,0.00000,3
0.3476,3.7552,2.8155,12.4736,-2.6559,0.0184,-1.0339,0,0,1,0.47348,1
0.6145,5.6730,2.1071,12.1335,-0.2499,0.0728,-1.5755,0,0,1,0.75479,1
0.3443,3.7429,2.8298,11.7209,-3.0433,0.0362,-0.5088,0,1,0,0.32444,1
0.3625,3.8664,2.7711,12.7682,2.9663,0.0864,-1.4208,0,1,0,1.60328,1
0.4058,4.0726,2.6161,12.8629,2.2636,0.0081,-1.5462,0,0,2,1.40140,1
0.4699,5.1211,2.5803,11.3132,-3.1031,0.1007,-0.4259,0,0,0,0.00000,1
0.4618,4.5673,2.4908,12.7991,0.3217,0.0097,-1.7157,0,1,1,1.53350,1
0.3583,3.9122,2.8084,11.4673,3.1315,0.1115,-0.4383,0,1,0,0.17794,3
0.3889,4.1294,2.7145,12.3258,-2.0620,0.0475,-1.0856,0,0,1,0.47118,3
0.4304,4.6557,2.6537,11.2698,2.4755,0.0998,-0.3471,0,0,0,0.00000,3
0.4478,4.3656,2.5029,11.7218,-1.9350,0.0300,-0.6792,0,0,1,0.34062,3
0.4515,4.2758,2.4647,11.2660,-0.8589,0.0959,-0.3588,0,0,0,0.00000,1
0.5248,5.1463,2.3539,12.0307,2.5528,0.0132,-1.1276,0,0,1,0.17741,1
0.4805,4.9970,2.5065,11.3238,-2.5053,0.0359,-0.3721,0,0,0,0.00000,3
0.4579,4.8856,2.5814,12.9873,1.9421,0.0134,-1.8994,1,0,1,1.08455,1
0.3728,3.9265,2.7364,11.4018,-2.6902,0.0435,-0.3290,0,0,0,0.00000,3
0.3755,3.9784,2.7380,12.1093,3.0029,0.0092,-0.8231,0,0,3,0.65657,1
0.6019,5.6741,2.1526,12.4582,-0.7557,0.0016,-1.8403,0,1,1,0.88731,1
0.4465,4.3111,2.4949,11.3279,0.1891,0.0197,-0.3200,0,0,0,0.00000,1
0.4343,4.7398,2.6561,11.2935,-2.4482,0.0311,-0.2929,0,0,0,0.00000,3
0.5182,5.4362,2.4363,11.4058,-1.6383,0.0385,-0.4999,0,0,0,0.00000,3
0.4277,4.7028,2.6784,11.4179,-2.3831,0.0829,-0.4498,0,0,0,0.00000,3
0.4220,4.4086,2.6301,12.4756,-2.9618,0.0264,-1.2884,0,1,0,1.20047,1
0.4723,4.5373,2.4393,11.4920,0.2115,0.0219,-0.4995,0,0,0,0.00000,1
0.4881,4.9254,2.4588,11.5608,2.3068,0.0373,-0.6072,0,0,1,0.18377,1
0.4147,4.3520,2.6501,11.5485,-2.4174,0.0127,-0.4582,0,0,1,0.23804,3
0.4854,5.2353,2.5359,11.7762,-2.5225,0.0864,-0.8749,0,1,0,0.27415,1
0.4927,4.8514,2.4238,11.3722,-2.4757,0.0385,-0.4339,0,0,0,0.00000,1
0.4425,4.2566,2.4988,11.3769,2.0521,0.0689,-0.4150,0,0,0,0.00000,1
0.4844,4.5029,2.3817,11.4839,2.4536,0.0073,-0.4904,0,0,0,0.00000,1
0.4885,4.8670,2.4446,12.2294,-1.1980,0.0037,-1.2235,0,1,1,0.97189,1
0.4910,5.2473,2.5141,11.3643,2.5315,0.0015,-0.3823,0,0,0,0.00000,3
0.4815,5.1599,2.5372,11.3951,-1.5502,0.0117,-0.4117,0,0,0,0.00000,1
0.4464,4.4168,2.5215,12.1319,-1.3836,0.0165,-1.0312,0,0,1,0.60659,1
0.4946,4.8996,2.4263,12.6031,2.2653,0.0346,-1.6799,0,1,1,1.14019,1
0.4165,4.4479,2.6669,12.2822,-3.1294,0.0152,-1.0837,0,0,1,0.66448,3
0.3754,4.1323,2.7848,12.8967,-2.8385,0.0347,-1.4956,0,1,1,1.74193,1
0.4742,5.0395,2.5432,11.4533,1.6732,0.0087,-0.4527,0,0,0,0.00000,1
0.6049,5.8161,2.1633,11.3844,-0.5412,0.0809,-0.6433,0,0,0,0.00000,3
0.4125,4.4196,2.6785,11.8072,2.9887,0.0591,-0.7254,0,1,0,0.43554,3
0.5057,5.2229,2.4464,11.3834,-2.3890,0.0688,-0.4971,0,0,0,0.00000,1
0.4514,4.3816,2.4912,11.3629,-0.2392,0.0261,-0.3629,0,0,0,0.00000,1
0.3953,4.0075,2.6479,11.7682,1.9063,0.0037,-0.5913,0,1,0,0.52554,1
0.4302,4.6598,2.6557,12.6381,-2.7731,0.0672,-1.5300,0,1,0,1.36755,1
0.5777,5.9181,2.2819,11.3816,-0.8826,0.0112,-0.5200,0,0,0,0.00000,3
0.5818,5.8923,2.2618,12.2544,-0.6712,0.0524,-1.6029,0,0,2,0.50589,1
0.4344,4.4680,2.5879,11.6268,-1.9032,0.0117,-0.5517,0,0,1,0.25925,3
0.4585,4.5062,2.4906,11.7000,-2.0633,0.0576,-0.7137,0,1,0,0.40791,1
0.4447,4.5195,2.5543,12.2073,2.5736,0.0572,-1.1544,0,1,0,0.32803,1
0.4298,4.1434,2.5254,11.7078,-2.4370,0.0155,-0.6168,0,0,1,0.25026,3
0.4640,4.5308,2.4729,11.3491,-0.9630,0.0445,-0.3862,0,0,0,0.00000,1
0.4555,4.8504,2.5844,12.1877,-2.5048,0.0395,-1.1418,0,0,1,0.67394,3
0.4346,4.5083,2.5974,11.4314,2.3345,0.0771,-0.4626,0,0,0,0.00000,3
0.4258,4.2112,2.5610,11.4145,0.2055,0.0044,-0.3524,0,0,0,0.00000,1
0.4263,4.1422,2.5407,11.3271,2.1331,0.0047,-0.2815,0,0,0,0.00000,3
0.5030,5.0721,2.4275,11.3925,1.6787,0.0377,-0.4655,0,0,0,0.00000,3
0.3576,3.9292,2.8173,11.8134,-2.6793,0.0439,-0.6072,0,1,0,0.56011,1
0.3581,3.8438,2.7873,13.0403,-2.5788,0.0270,-1.5276,1,1,1,1.91544,1
0.4240,4.2626,2.5831,11.5916,1.8104,0.0327,-0.5309,0,1,0,0.34348,3
0.3902,4.2463,2.7417,12.5676,-2.8758,0.0515,-1.2991,0,1,1,0.87061,1
0.5113,5.1025,2.3995,11.3571,-0.0915,0.0226,-0.4229,0,0,0,0.00000,1
0.4891,4.9639,2.4628,11.4097,-3.0806,0.0056,-0.4267,0,0,0,0.00000,3
0.4214,4.3050,2.6061,12.9488,-1.5102,0.0022,-1.6805,0,1,0,1.58784,1
0.4988,4.5765,2.3408,11.4362,-2.3073,0.0055,-0.4620,0,0,0,0.00000,1
0.3891,3.9847,2.6715,11.3192,2.0460,0.0705,-0.3147,0,0,0,0.00000,3
0.5110,5.3198,2.4437,11.4170,-2.1106,0.0028,-0.4591,0,0,0,0.00000,3
0.4283,4.2898,2.5701,11.4402,0.7872,0.0031,-0.3752,0,0,0,0.00000,1
0.5991,5.6046,2.1520,11.5405,0.3476,0.0853,-0.8240,0,0,0,0.00000,1
0.5486,5.5455,2.3329,11.4326,-1.0859,0.0402,-0.5704,0,0,0,0.00000,3
0.5653,5.4411,2.2505,12.2802,0.7760,0.0252,-1.5395,0,0,1,0.54033,1
0.4468,4.4479,2.5273,11.2550,0.5945,0.0041,-0.2405,0,0,0,0.00000,1
0.5995,5.9793,2.2078,12.0748,0.2508,0.0011,-1.3595,0,0,1,0.19955,1
0.5283,5.5037,2.4071,11.2430,1.8834,0.0415,-0.3506,0,0,0,0.00000,3
0.4998,4.9287,2.4110,11.2683,-2.0090,0.0247,-0.3264,0,0,0,0.00000,3
0.6169,6.1445,2.1672,11.4813,1.7235,0.0114,-0.6922,0,0,0,0.00000,1
0.5062,4.9055,2.3802,11.2604,-2.0234,0.0057,-0.3029,0,0,0,0.00000,3
0.4739,4.3319,2.3853,12.3742,-0.0858,0.0104,-1.3311,0,1,1,0.88126,1
0.4889,4.8276,2.4346,12.0900,-1.0468,0.0042,-1.0848,1,1,0,0.65673,1
0.4947,5.3195,2.5128,12.5328,-3.1068,0.0199,-1.5848,0,1,1,1.11783,1
0.5645,5.5996,2.2805,11.6780,1.6563,0.0414,-0.8665,0,0,0,0.00000,1
0.4811,5.2312,2.5539,11.5708,2.6639,0.1081,-0.6930,0,1,0,0.18200,1
0.5121,5.4083,2.4564,11.6267,1.5360,0.0091,-0.6779,0,0,0,0.00000,3
0.3693,3.8514,2.7308,12.1413,-2.5149,0.1263,-0.9903,0,1,0,0.82388,1
0.4717,4.6364,2.4643,11.6186,1.9840,0.0784,-0.6864,0,0,0,0.00000,1
0.3694,3.9240,2.7528,12.9168,2.7070,0.0730,-1.5518,0,0,1,1.64966,1
0.5593,5.3084,2.2502,12.2429,0.8413,0.0685,-1.5417,0,0,2,1.29809,1
0.3703,4.0031,2.7725,12.1218,-3.0581,0.0134,-0.8258,0,1,0,0.71088,1
0.5873,5.6065,2.1954,11.3419,-1.8483,0.0030,-0.4763,0,0,0,0.00000,1
0.4204,4.4255,2.6424,11.9066,-1.4169,0.0078,-0.7600,0,0,1,0.37661,1
0.4246,4.3119,2.5930,11.8940,1.7132,0.0470,-0.8081,0,1,0,0.43115,3
0.4261,4.3564,2.5976,11.7501,-1.0858,0.0110,-0.6417,0,1,0,0.27611,1
0.3950,4.1360,2.6863,12.4667,-2.5177,0.0402,-1.2123,0,1,0,0.88992,1
0.4856,4.5722,2.3925,11.4253,-1.4810,0.0270,-0.4609,0,0,0,0.00000,3
0.4944,4.6002,2.3631,11.9848,-1.9569,0.0290,-1.0251,0,0,1,0.17184,1
0.3920,3.9829,2.6569,11.9217,2.7056,0.0348,-0.7462,0,1,0,0.18755,3
0.4389,4.6380,2.6094,11.9266,2.9143,0.0075,-0.8171,1,1,0,0.38755,3
0.3757,4.1477,2.7880,11.3354,-2.4214,0.0736,-0.3178,0,0,0,0.00000,2
0.4024,4.0403,2.6231,11.5140,2.3279,0.1050,-0.5228,0,0,0,0.00000,1
0.3866,4.1816,2.7416,13.0275,2.6090,0.0295,-1.6471,0,0,1,1.39466,1
0.3724,4.0423,2.7736,11.4644,-3.1149,0.2091,-0.5663,0,0,0,0.00000,1
0.5330,5.3091,2.3521,11.3854,2.3395,0.0214,-0.4769,0,0,0,0.00000,1
0.3615,3.8427,2.7688,11.3280,2.4151,0.0440,-0.2658,0,0,0,0.00000,1
0.5067,4.6875,2.3333,11.8542,0.1511,0.0339,-0.9266,0,1,0,0.21772,1
0.4273,4.4859,2.6255,12.2371,2.1740,0.0277,-1.0918,0,0,3,0.85711,3
0.3451,3.7060,2.8132,12.3739,2.9420,0.0779,-1.0363,0,1,0,0.96010,3
0.6022,6.0209,2.2040,12.5459,-0.6199,0.0162,-1.9822,0,0,3,1.94402,1
0.4275,4.6998,2.6786,11.3090,-2.2589,0.0239,-0.2910,0,0,0,0.00000,1
0.4122,4.3797,2.6693,12.0147,3.0643,0.0342,-0.8679,0,0,1,0.44047,3
0.5153,4.9652,2.3562,12.6660,0.8856,0.0258,-1.8111,0,1,1,0.92547,1
0.4065,4.2159,2.6526,11.4518,2.9278,0.0705,-0.4373,0,0,0,0.00000,3
0.3612,3.9781,2.8135,12.6831,2.5353,0.0707,-1.3204,1,1,1,1.26327,0
0.6159,5.9961,2.1493,11.3889,1.2422,0.0053,-0.5723,0,0,0,0.00000,1
0.5339,5.5107,2.3855,12.9870,0.3412,0.0077,-2.2314,0,1,3,1.32175,1
0.4797,4.6347,2.4305,11.4096,1.0063,0.0309,-0.4440,0,0,0,0.00000,3
0.4872,4.8740,2.4517,11.9969,-1.4353,0.0544,-1.0564,0,0,2,0.44366,3
0.4196,4.2525,2.6006,11.4041,2.7179,0.0517,-0.3920,0,0,0,0.00000,3
0.3657,4.0107,2.7995,12.9147,-2.3562,0.0394,-1.4779,0,1,2,1.72342,1
0.4590,4.9325,2.5875,11.6829,-2.5596,0.0035,-0.6331,0,1,0,0.24749,1
0.4089,4.4050,2.6924,11.5065,3.1322,0.0433,-0.4527,0,0,0,0.00000,3
0.4734,4.4205,2.4078,11.8755,-1.0524,0.0294,-0.8706,0,0,1,0.13801,1
0.5795,5.7047,2.2405,11.8159,0.1903,0.0402,-1.0536,0,1,0,0.31875,1
0.3685,3.9452,2.7643,11.3882,2.8490,0.0872,-0.3646,0,0,0,0.00000,3
0.3741,3.8777,2.7142,12.0657,1.7235,0.0349,-0.8200,0,1,0,0.85902,1
0.4245,4.2405,2.5747,12.8937,2.7478,0.0171,-1.6675,0,0,1,1.45446,1
0.4537,4.4268,2.4920,11.3469,-1.0071,0.0399,-0.3677,0,0,0,0.00000,1
0.4307,4.4483,2.6000,13.0020,-2.9610,0.0198,-1.8030,0,0,2,1.71832,1
0.5021,5.2011,2.4573,11.4096,-2.9306,0.0108,-0.4497,0,0,0,0.00000,3
0.4103,4.3578,2.6726,11.3528,2.2906,0.0952,-0.3905,0,0,0,0.00000,3
0.4834,4.4650,2.3773,11.6247,2.4448,0.0049,-0.6186,0,0,1,0.32297,1
0.4305,4.1446,2.5226,11.4313,1.0545,0.0586,-0.4354,0,0,0,0.00000,1
0.4935,4.6295,2.3732,11.5445,0.3399,0.0321,-0.5920,0,0,0,0.00000,1
0.3923,4.0111,2.6634,11.3417,2.0753,0.0223,-0.2800,0,0,0,0.00000,3
0.3813,4.1986,2.7737,13.1635,-2.7371,0.0470,-1.7729,0,0,1,2.05185,0
0.5442,5.5174,2.3453,12.1960,1.1010,0.0169,-1.3692,0,0,2,0.49678,1
0.5492,5.0779,2.2468,11.4537,0.6520,0.0194,-0.5660,0,0,0,0.00000,3
0.5681,5.4329,2.2384,12.5065,-0.0155,0.0097,-1.7945,0,1,0,1.15403,1
0.4517,4.8382,2.5986,11.5203,-2.0664,0.0176,-0.4929,0,0,0,0.00000,3
0.3831,4.1442,2.7485,11.3911,2.8175,0.1295,-0.4307,0,0,0,0.00000,3
0.3545,3.8199,2.7993,12.5811,2.6026,0.1164,-1.2840,0,1,0,1.10861,1
0.3521,3.8775,2.8312,11.5633,3.0768,0.2204,-0.6271,0,0,0,0.00000,0
0.4296,4.3130,2.5702,11.4525,-1.8434,0.0708,-0.4669,0,0,0,0.00000,3
0.4994,5.2818,2.4850,11.4432,-2.2399,0.0053,-0.4725,0,0,0,0.00000,3
0.3496,3.7975,2.8186,12.3322,2.3825,0.0515,-0.9812,0,0,1,1.02674,1
0.4118,4.4362,2.6863,11.3406,-2.6169,0.0172,-0.2932,0,0,0,0.00000,1
0.3728,3.9055,2.7294,11.9064,2.9126,0.0376,-0.6981,0,0,1,0.43815,3
0.3463,3.7317,2.8152,11.3577,2.6144,0.0650,-0.2958,0,0,0,0.00000,3
0.4793,4.5304,2.4088,11.5521,2.5301,0.0070,-0.5469,0,0,1,0.26572,1
0.5290,5.6397,2.4292,11.9663,0.8879,0.0437,-1.1135,0,0,0,0.00000,1
0.4268,4.2316,2.5620,11.6180,-2.4781,0.0505,-0.5790,0,0,1,0.15067,1
0.6594,6.2532,2.0273,11.5240,-0.4451,0.0552,-0.8695,0,0,0,0.00000,3
0.3956,3.9779,2.6378,11.3819,-1.0876,0.0048,-0.2938,0,0,0,0.00000,1
0.5012,5.3196,2.4849,12.8948,-1.3979,0.0129,-1.9906,0,1,1,1.42627,1
0.5024,5.4245,2.5006,11.4567,2.6708,0.0003,-0.4843,0,0,0,0.00000,3
0.3647,3.9853,2.7968,11.3427,2.7429,0.0664,-0.3044,0,0,0,0.00000,3
0.4828,4.5431,2.3973,11.5653,1.9477,0.0423,-0.6082,0,0,0,0.00000,1
0.5165,5.2266,2.4027,11.6048,-0.5636,0.0399,-0.7003,0,0,0,0.00000,1
0.4560,4.7403,2.5563,11.3279,-2.3611,0.1264,-0.4540,0,0,0,0.00000,1
0.3727,3.8791,2.7219,11.3492,-1.9627,0.0244,-0.2690,0,0,0,0.00000,1
0.3830,3.9838,2.7013,12.4324,2.3270,0.0802,-1.2040,0,0,3,0.89331,1
0.4626,4.6752,2.5125,11.2233,-2.5356,0.0136,-0.2379,0,0,0,0.00000,3
0.4863,4.9922,2.4809,11.6307,3.0846,0.0165,-0.6462,0,0,0,0.00000,3
0.4438,4.5006,2.5535,12.2392,-1.7789,0.0236,-1.1341,0,0,1,0.76723,1
0.4930,5.2077,2.4972,11.3461,2.5133,0.0946,-0.4757,0,0,0,0.00000,1
0.4606,4.3525,2.4450,12.0279,2.7275,0.0019,-0.9486,0,0,1,0.69274,1
0.3778,3.9502,2.7177,11.7705,2.0691,0.0110,-0.5712,0,0,1,0.39881,1
0.3851,3.9343,2.6764,11.3135,1.6648,0.0204,-0.2500,0,0,0,0.00000,1
0.4507,4.5570,2.5364,11.4366,-2.8199,0.0065,-0.4040,0,0,0,0.00000,3
0.6333,6.1233,2.1037,11.7317,-0.3671,0.0931,-1.1369,0,0,0,0.00000,1
0.4276,4.5486,2.6400,11.4436,-2.6643,0.0231,-0.4013,0,0,0,0.00000,3
0.4811,4.5832,2.4132,11.3760,2.0732,0.0576,-0.4457,0,0,0,0.00000,1
0.5702,5.4859,2.2397,11.5106,-0.7494,0.0866,-0.7441,0,0,0,0.00000,3
0.5354,5.5472,2.3862,12.7400,0.5178,0.0118,-1.9553,0,0,1,0.98481,1
0.4377,4.2621,2.5211,12.0150,-1.3745,0.0013,-0.8824,0,0,1,0.58566,1
0.6223,5.8668,2.1075,11.5741,-0.5952,0.0069,-0.8049,0,0,0,0.00000,1
0.5733,5.2882,2.1946,11.5860,0.0851,0.0041,-0.7288,0,0,0,0.00000,1
0.5419,5.0912,2.2767,11.3732,0.6123,0.0949,-0.5626,0,0,0,0.00000,1
0.3858,3.9428,2.6751,12.2779,-1.4995,0.0263,-1.0072,0,1,1,0.89555,1
0.4790,5.2611,2.5696,11.3942,-1.4567,0.0285,-0.4279,0,0,0,0.00000,1
0.3436,3.7266,2.8285,11.9190,2.6580,0.0313,-0.6395,0,1,0,0.36857,1
0.3654,3.9072,2.7688,11.8616,2.5507,0.0260,-0.6351,0,1,0,0.56913,1
0.4757,4.3403,2.3798,12.3902,1.7160,0.0068,-1.3472,1,1,0,0.72161,1
0.4734,4.9264,2.5221,11.3374,-2.2854,0.0569,-0.4011,0,0,0,0.00000,3
0.4860,4.5806,2.3927,11.3763,-2.0159,0.0062,-0.3908,0,0,0,0.00000,1
0.4899,4.7649,2.4172,11.4066,-2.3415,0.0010,-0.4184,0,0,0,0.00000,3
0.4360,4.6841,2.6341,13.1529,-3.1315,0.0502,-2.0315,0,1,1,1.80540,1
0.4960,4.7590,2.3908,11.3890,0.7002,0.0289,-0.4421,0,0,0,0.00000,3
0.5954,5.7833,2.1932,12.2705,-0.3057,0.0668,-1.6856,0,0,1,0.85517,1
0.6296,6.1218,2.1170,11.6750,0.4170,0.0433,-0.9917,0,0,0,0.00000,3
0.3684,3.8888,2.7472,12.3869,-2.4587,0.0076,-1.0168,0,1,0,1.09170,1
0.5283,4.8083,2.2744,11.7056,1.1767,0.0019,-0.7739,0,0,1,0.38575,1
0.4110,4.5146,2.7112,12.5405,-2.9429,0.0388,-1.3284,0,0,0,0.00000,3
0.5405,5.0399,2.2728,12.2028,-0.6186,0.0249,-1.3735,0,1,0,0.44859,1
0.4247,4.5712,2.6595,11.4888,2.1113,0.0816,-0.5043,0,0,0,0.00000,3
0.4489,4.8187,2.6069,11.9239,-2.4412,0.0091,-0.8392,0,1,0,0.44097,3
0.3686,3.9450,2.7637,11.9348,-3.0700,0.0307,-0.7023,0,1,0,0.40678,3
0.4604,4.7797,2.5459,12.1367,2.1802,0.0224,-1.0824,0,1,0,0.69638,3
0.3717,3.9756,2.7571,12.7665,3.0017,0.0901,-1.4603,0,0,1,1.55448,1
0.4422,4.2016,2.4862,11.3254,0.4809,0.0184,-0.3117,0,0,0,0.00000,1
0.4517,4.9559,2.6261,12.7657,2.4808,0.0024,-1.6343,1,1,1,1.48942,1
0.3393,3.7179,2.8498,12.1385,3.0052,0.1495,-0.9412,0,1,0,0.85495,3
0.4234,4.5094,2.6500,12.9665,-1.6588,0.0254,-1.7468,0,1,0,1.79021,1
0.3465,3.7399,2.8166,12.1791,2.7882,0.0853,-0.9046,0,1,0,0.75910,3
0.4154,4.2727,2.6256,11.8280,-2.5320,0.0309,-0.7124,0,0,1,0.37347,3
0.3544,3.7987,2.7927,11.3610,-2.6676,0.1102,-0.3569,0,0,0,0.00000,3
0.5476,5.0078,2.2400,11.9279,0.2093,0.0044,-1.0561,0,0,0,0.00000,1
0.4531,4.8716,2.6003,11.4635,1.9894,0.0470,-0.4792,0,0,0,0.00000,3
0.4510,4.4054,2.4986,11.4279,2.3576,0.0528,-0.4509,0,0,0,0.00000,1
0.5030,5.3340,2.4800,11.5827,-2.9625,0.0263,-0.6399,0,0,0,0.00000,3
0.4653,4.9271,2.5580,11.9245,-1.5407,0.0573,-0.9387,0,0,1,0.18394,1
0.4009,4.2206,2.6808,12.0939,3.0228,0.0081,-0.8722,0,1,0,0.50436,1
0.4546,4.8965,2.5989,11.5053,2.2910,0.0579,-0.5317,0,0,0,0.00000,3
0.5575,5.7145,2.3273,11.4087,-2.4440,0.0259,-0.5400,0,0,0,0.00000,1
0.5163,5.0333,2.3655,11.4385,2.4849,0.0139,-0.4992,0,0,0,0.00000,1
0.4209,4.6209,2.6901,13.0112,2.5659,0.0045,-1.7432,0,1,0,1.87413,1
0.4066,4.2129,2.6512,11.9731,2.6784,0.0356,-0.8215,0,1,0,0.47322,3
0.3821,4.0528,2.7264,12.8436,2.4321,0.0602,-1.5202,0,1,0,1.77320,1
0.4248,4.6145,2.6701,11.3224,2.6859,0.0161,-0.2904,0,0,0,0.00000,1
0.4391,4.4113,2.5526,11.4929,2.2065,0.0028,-0.4330,0,0,0,0.00000,3
0.4327,4.4582,2.5932,12.9516,1.5166,0.0144,-1.7537,1,1,0,1.33509,1
0.3760,4.1513,2.7872,12.3446,-2.8191,0.0564,-1.0753,0,1,1,1.07023,2
0.4989,5.2279,2.4760,11.3355,-2.9015,0.0380,-0.4063,0,0,0,0.00000,1
0.3339,3.6751,2.8657,11.8305,-2.5996,0.0440,-0.5754,0,1,0,0.50872,1
0.3523,3.8818,2.8316,11.5472,2.9609,0.2590,-0.6607,0,0,0,0.00000,0
0.4784,5.0459,2.5263,11.9557,-2.3887,0.0552,-0.9965,0,1,0,0.55067,1
0.4128,4.2811,2.6401,13.1068,-1.8192,0.0016,-1.7877,0,1,2,1.74307,1
0.4403,4.4388,2.5542,12.0286,3.0063,0.0030,-0.9039,0,1,0,0.83600,3
0.3742,4.0399,2.7634,11.2709,-2.7613,0.0346,-0.2256,0,0,0,0.00000,1
0.3634,3.8892,2.7735,12.9815,2.7752,0.0219,-1.4941,0,1,1,1.61985,1
0.3858,3.9744,2.6849,12.5689,-1.6089,0.0343,-1.2589,0,1,0,1.43194,1
0.5170,4.8911,2.3344,12.3785,0.5649,0.0307,-1.5060,0,1,0,1.09214,1
0.3964,4.1026,2.6699,12.7740,2.9376,0.0225,-1.4548,0,1,0,1.51282,1
0.4990,4.6958,2.3654,11.4249,1.5696,0.0061,-0.4527,0,0,0,0.00000,3
0.5515,5.5297,2.3188,11.4648,0.5417,0.0191,-0.5831,0,0,0,0.00000,3
0.4490,4.6397,2.5639,11.5233,-2.5320,0.0211,-0.4953,0,0,0,0.00000,3
0.6410,6.2507,2.0931,11.3301,-0.2074,0.0580,-0.5999,0,0,0,0.00000,3
0.3944,4.0185,2.6553,11.4881,-2.1381,0.0414,-0.4167,0,0,0,0.00000,3
0.5216,4.9422,2.3266,11.2533,-0.1050,0.0012,-0.3058,0,0,0,0.00000,3
0.4642,4.5261,2.4707,11.3746,-0.8062,0.0654,-0.4339,0,0,0,0.00000,1
0.4866,4.6037,2.3953,11.5774,0.6223,0.0497,-0.6350,0,0,0,0.00000,1
0.4245,4.1162,2.5420,12.6771,-2.6446,0.0178,-1.4659,0,1,0,1.44832,1
0.5275,5.2518,2.3634,11.4355,-0.4969,0.0166,-0.5150,0,0,0,0.00000,3
0.4527,4.8346,2.5931,12.8566,2.5443,0.0260,-1.7662,1,2,0,1.18933,1
0.5135,5.1406,2.3983,11.3592,0.7834,0.0016,-0.4029,0,0,0,0.00000,3
0.3825,3.9407,2.6911,11.4853,2.5987,0.0945,-0.4618,0,0,0,0.00000,3
0.4292,4.6699,2.6630,11.8212,-2.1170,0.0147,-0.7142,0,0,1,0.17640,1
0.4842,5.3320,2.5613,12.1357,-2.8728,0.0510,-1.1860,0,0,2,0.71901,2
0.5124,5.3366,2.4412,11.9743,2.6992,0.0417,-1.0780,0,1,0,0.37978,1
0.4031,4.3042,2.6933,11.6940,1.8132,0.0295,-0.5784,0,1,0,0.29627,1
0.4931,4.4603,2.3377,11.4750,-0.4876,0.0151,-0.5030,0,0,0,0.00000,3
0.4389,4.7479,2.6362,12.7215,-2.9010,0.0234,-1.5742,0,0,2,1.32966,1
0.4090,4.5168,2.7215,11.3894,3.0095,0.0065,-0.3170,0,0,0,0.00000,0
0.3746,3.9079,2.7211,13.0098,2.4499,0.0622,-1.6363,0,0,1,1.76486,1
0.4938,4.6362,2.3733,11.7401,0.4703,0.0076,-0.7522,0,1,0,0.36501,3
0.4017,4.3444,2.7110,11.4224,-2.6543,0.0437,-0.3774,0,0,0,0.00000,3
0.5484,5.2096,2.2738,11.9152,0.1252,0.0077,-1.0505,0,1,0,0.52443,1
0.5543,5.6004,2.3203,11.3408,-0.0223,0.0165,-0.4515,0,0,0,0.00000,3
0.4507,4.9383,2.6266,12.5188,-2.7163,0.0500,-1.4621,1,1,0,0.82235,3
0.5539,5.0193,2.2189,11.4672,1.2215,0.0178,-0.5844,0,0,0,0.00000,1
0.4559,4.6277,2.5304,11.3607,-0.7235,0.0179,-0.3571,0,0,0,0.00000,1
0.4285,4.3686,2.5898,11.7231,2.8881,0.0752,-0.7031,0,1,0,0.25754,1
0.5142,4.6899,2.3047,11.3414,-0.2459,0.0731,-0.4691,0,0,0,0.00000,1
0.4286,4.4272,2.6042,11.7546,-1.5075,0.0456,-0.6937,0,0,1,0.27308,1
0.3529,3.8575,2.8200,12.4190,2.5772,0.0906,-1.1125,0,1,0,0.89872,3
0.3840,3.9328,2.6812,12.8110,3.0255,0.0423,-1.4707,0,1,1,1.63177,1
0.4878,4.9544,2.4662,12.6868,-2.6456,0.0028,-1.6923,0,0,1,1.22155,1
0.5937,5.6854,2.1845,12.1190,1.1729,0.0147,-1.4139,0,0,1,0.43063,1
0.4023,4.0197,2.6178,11.6501,2.5800,0.1089,-0.6383,0,0,0,0.00000,1
0.5096,5.4951,2.4836,11.3413,-1.0164,0.0073,-0.3889,0,0,0,0.00000,1
0.4968,4.7499,2.3856,11.5123,2.4470,0.0187,-0.5498,0,0,0,0.00000,1
0.4651,4.6126,2.4869,11.3088,-2.2183,0.0167,-0.3194,0,0,0,0.00000,3
0.4444,4.6941,2.5981,11.4605,-2.5170,0.0189,-0.4319,0,0,0,0.00000,3
0.6613,6.2933,2.0257,11.4427,-0.1494,0.0841,-0.8041,0,0,0,0.00000,3
0.3779,4.0009,2.7326,13.0173,2.6432,0.0478,-1.6316,0,0,1,1.04868,1
0.4982,4.8104,2.3928,11.4023,1.5413,0.0356,-0.4658,0,0,0,0.00000,3
0.4758,4.9419,2.5151,11.5387,2.0810,0.0308,-0.5600,0,0,0,0.00000,3
0.4561,4.5422,2.5094,12.5386,3.1170,0.0241,-1.4589,0,1,1,0.56215,1
0.5084,5.3332,2.4570,11.5669,1.2619,0.0697,-0.6858,0,0,0,0.00000,1
0.5451,5.5073,2.3402,11.6809,1.2238,0.0222,-0.8091,0,0,0,0.00000,3
0.4674,4.7406,2.5063,11.7784,-0.9410,0.0375,-0.7785,0,0,0,0.00000,1
0.4388,4.3996,2.5509,11.3284,1.9862,0.0492,-0.3469,0,0,0,0.00000,3
0.3816,4.0599,2.7315,13.0270,2.8281,0.0725,-1.6991,1,1,1,1.59082,1
0.5381,5.3537,2.3402,11.6415,1.2773,0.0031,-0.7293,0,0,0,0.00000,3
0.4547,4.3333,2.4651,11.6813,-1.6368,0.0387,-0.6658,0,0,1,0.16942,3
0.5218,4.8885,2.3154,12.2225,0.5857,0.0476,-1.3750,0,0,1,0.62761,1
0.4051,4.1442,2.6392,12.7604,-3.0706,0.0225,-1.4767,0,0,3,2.06199,1
0.6015,5.5261,2.1312,11.4124,-0.9927,0.0487,-0.6305,0,0,0,0.00000,1
0.3614,3.8149,2.7606,13.1369,-2.4576,0.0206,-1.6102,0,1,0,1.81405,1
0.4234,4.2295,2.5769,11.4243,-0.8773,0.0017,-0.3546,0,0,0,0.00000,1
0.3796,3.9119,2.6969,11.5322,2.1860,0.0586,-0.4515,0,0,1,0.30153,3
0.4362,4.6767,2.6315,11.5155,2.5948,0.0907,-0.5537,0,0,0,0.00000,3
0.4685,4.6530,2.4819,11.3576,0.5667,0.0053,-0.3533,0,0,0,0.00000,3
0.4895,4.6168,2.3865,11.3190,-1.6798,0.0173,-0.3544,0,0,0,0.00000,3
0.4312,4.6652,2.6524,13.0600,2.0701,0.0299,-1.8798,0,1,0,1.44435,1
0.4366,4.3745,2.5544,11.5644,-2.7363,0.0642,-0.5647,0,0,0,0.00000,1
0.4461,4.9259,2.6453,12.5425,-1.9890,0.0302,-1.4395,0,1,0,1.28963,0
0.5607,5.2439,2.2334,12.1959,-0.6746,0.0432,-1.4521,0,1,0,0.64259,1
0.3648,3.8170,2.7433,11.8738,-2.2665,0.0395,-0.6598,0,1,0,0.60688,3
0.5264,4.8663,2.2932,11.8452,-1.6578,0.0045,-0.9201,0,0,1,0.32639,1
0.4135,4.1398,2.5983,12.0391,1.5790,0.0207,-0.8729,0,1,0,0.65087,1
0.5115,4.9605,2.3702,11.4961,-1.0503,0.0221,-0.5597,0,0,0,0.00000,3
0.4580,4.5724,2.5080,11.3582,-2.5160,0.0077,-0.3452,0,0,0,0.00000,3
0.3836,4.1186,2.7385,12.7673,2.7300,0.0887,-1.5050,1,1,0,1.14980,1
0.3409,3.7585,2.8541,13.2409,-2.5428,0.0281,-1.6098,1,0,2,1.98884,0
0.4241,4.6163,2.6737,12.4052,-2.6664,0.0691,-1.2939,0,1,1,0.88947,3
0.4428,4.8330,2.6385,11.3014,-2.6039,0.0156,-0.2904,0,0,0,0.00000,3
0.4764,4.7763,2.4760,11.4744,-1.1112,0.0226,-0.4905,0,0,0,0.00000,1
0.5275,5.0305,2.3208,11.4820,0.7731,0.0010,-0.5426,0,0,0,0.00000,3
0.3957,4.1248,2.6796,12.0788,-1.7476,0.0308,-0.8770,0,0,0,0.00000,1
0.4866,4.5163,2.3758,11.5557,-0.9499,0.0156,-0.5717,0,0,0,0.00000,3
0.3849,4.0267,2.7047,11.8265,2.4914,0.0949,-0.7326,0,0,1,0.34480,3
0.4593,4.8794,2.5738,11.5406,-2.3950,0.1316,-0.6589,0,0,0,0.00000,1
0.4520,4.3610,2.4835,11.3249,-0.3397,0.0049,-0.3059,0,0,0,0.00000,3
0.4396,4.2918,2.5202,12.1529,0.9306,0.0084,-1.0208,0,0,1,0.63345,1
0.5288,4.7938,2.2698,11.4199,-0.1432,0.0328,-0.5184,0,0,0,0.00000,3
0.5251,5.4220,2.4048,11.5539,2.6738,0.0367,-0.6587,0,0,0,0.00000,1
0.4982,4.6912,2.3674,11.4769,-0.1599,0.0487,-0.5536,0,0,0,0.00000,1
0.3904,4.0250,2.6767,12.2688,-1.8260,0.0202,-1.0043,0,1,0,0.79811,1
0.4988,4.7898,2.3860,12.3184,1.0045,0.0518,-1.4164,0,1,0,0.89297,1
0.4765,4.9710,2.5183,11.3341,0.0178,0.0107,-0.3481,0,0,0,0.00000,1
0.4471,4.5556,2.5521,11.6788,-2.7617,0.0228,-0.6317,0,1,0,0.37646,3
0.4802,4.9204,2.4913,11.4153,0.8388,0.0390,-0.4604,0,0,0,0.00000,1
0.4530,4.2499,2.4518,11.3349,-1.9268,0.0394,-0.3553,0,0,0,0.00000,1
0.4559,4.9663,2.6093,11.3523,2.0843,0.0470,-0.3841,0,0,0,0.00000,3
0.4531,4.9162,2.6103,11.3841,1.6186,0.0247,-0.3832,0,0,0,0.00000,1
0.4284,4.7063,2.6757,12.0264,-2.3754,0.0526,-0.9412,0,1,0,0.45355,3
0.4694,4.9237,2.5390,12.4571,1.8209,0.0018,-1.3917,0,0,1,0.95268,1
0.5149,4.8492,2.3344,11.4243,-0.2463,0.0169,-0.4859,0,0,0,0.00000,3
0.3337,3.6819,2.8694,11.9934,3.1242,0.0989,-0.7567,0,0,1,0.69710,2
0.3528,3.8882,2.8310,11.4369,-2.7062,0.1084,-0.4065,0,0,0,0.00000,2
0.4679,4.7704,2.5110,12.0728,-1.8796,0.0376,-1.0609,0,1,0,0.62372,3
0.5485,5.7670,2.3721,11.9697,1.7026,0.0477,-1.1700,0,0,1,0.33566,3
0.3637,3.9203,2.7820,11.8117,3.0204,0.1392,-0.7355,0,0,1,0.24219,1
0.4525,4.7458,2.5735,11.7029,-1.9956,0.0372,-0.6810,0,0,1,0.22674,3
0.4032,4.4043,2.7200,11.3437,-2.9811,0.0409,-0.3141,0,0,0,0.00000,3
0.4375,4.6277,2.6136,12.5542,-1.9796,0.0434,-1.4398,0,1,0,1.28252,1
0.3851,3.9521,2.6814,12.1860,2.1344,0.0084,-0.9064,0,1,0,0.76619,1
0.4241,4.2997,2.5922,11.9154,-1.4137,0.0188,-0.7888,0,0,1,0.45777,1
0.5602,5.0772,2.2059,11.2469,-0.9694,0.0549,-0.4009,0,0,0,0.00000,3
0.5034,5.2410,2.4599,11.5809,3.0774,0.0411,-0.6565,0,0,0,0.00000,1
0.4627,4.7956,2.5396,11.9215,0.9274,0.0057,-0.8622,0,0,0,0.00000,1
0.4201,4.5939,2.6874,11.5596,-2.5062,0.0233,-0.4882,0,0,0,0.00000,1
0.3868,4.0359,2.6978,11.4729,2.4060,0.0412,-0.3954,0,0,0,0.00000,3
0.3685,4.0290,2.7902,11.3924,3.0785,0.2142,-0.5126,0,0,0,0.00000,1
0.5660,5.8776,2.3209,11.5844,-1.6752,0.0576,-0.7860,0,0,0,0.00000,3
0.4413,4.4229,2.5454,11.6942,0.3647,0.0029,-0.6101,0,1,0,0.21435,1
0.4593,4.6226,2.5143,11.3128,-3.1119,0.0405,-0.3446,0,0,0,0.00000,1
0.3963,4.1618,2.6870,12.2232,2.0192,0.0431,-1.0151,0,1,0,0.83793,3
0.4622,4.8863,2.5623,12.3566,2.6431,0.0297,-1.3107,0,0,1,0.98678,1
0.4405,4.8467,2.6525,11.5400,2.6921,0.1805,-0.6887,0,0,0,0.00000,1
0.4692,5.0099,2.5587,11.6563,-1.3594,0.0391,-0.6702,0,0,1,0.30530,1
0.4888,5.0268,2.4773,11.5580,0.1098,0.0161,-0.5803,0,0,0,0.00000,1
0.3625,3.8889,2.7786,11.7862,2.6600,0.0439,-0.5962,1,1,0,0.46192,3
0.6519,6.1944,2.0466,11.6604,0.0529,0.1088,-1.1030,0,0,0,0.00000,1
0.4738,4.4856,2.4211,11.8531,2.0973,0.0192,-0.8368,0,1,0,0.25965,1
0.4633,4.4106,2.4475,11.4496,-1.3644,0.0034,-0.4266,0,0,0,0.00000,3
0.5146,4.8110,2.3277,12.3898,-0.6495,0.0037,-1.4679,0,1,0,0.92137,1
0.4366,4.3450,2.5470,11.8523,3.1143,0.0146,-0.7543,0,1,0,0.35424,3
0.5002,4.6912,2.3598,11.5610,-0.2939,0.0454,-0.6349,0,0,0,0.00000,1
0.4618,4.7845,2.5411,11.8192,1.4682,0.0121,-0.7734,0,1,0,0.50750,1
0.4097,4.0395,2.5885,11.8063,-2.7816,0.0244,-0.6744,0,1,0,0.48725,3
0.4788,5.0684,2.5293,11.6283,2.4377,0.0525,-0.6763,0,0,0,0.00000,3
0.4987,4.5625,2.3381,11.4001,1.6786,0.0051,-0.4268,0,0,0,0.00000,1
0.6461,5.8876,2.0261,12.0257,-0.2434,0.0765,-1.5275,0,1,0,0.64784,1
0.4414,4.5426,2.5748,11.6965,2.2498,0.0060,-0.6167,0,0,0,0.00000,3
0.3479,3.7510,2.8128,13.2180,-2.7604,0.0305,-1.6300,0,1,1,1.95662,1
0.4001,4.1575,2.6673,11.3380,-2.3079,0.0230,-0.2857,0,0,0,0.00000,3
0.4050,4.4184,2.7152,11.3765,-2.2465,0.0411,-0.3419,0,0,0,0.00000,1
0.4309,4.3523,2.5745,12.7532,2.5858,0.0277,-1.5790,1,1,1,5.78033,1
0.3763,4.1125,2.7742,11.3085,2.6467,0.0174,-0.2354,0,0,0,0.00000,1
0.4970,4.5387,2.3395,11.6421,-0.3936,0.0546,-0.7210,0,0,0,0.00000,1
0.4857,4.7716,2.4356,12.4936,-2.3652,0.0002,-1.4782,0,1,1,1.01914,1
0.3431,3.7542,2.8403,11.4215,2.4648,0.1168,-0.3948,0,0,0,0.00000,3
0.4283,4.1670,2.5380,11.4083,-0.9359,0.0210,-0.3695,0,0,0,0.00000,1
0.5853,5.7499,2.2257,11.3279,-0.7861,0.0468,-0.5113,0,0,0,0.00000,3
0.4327,4.2072,2.5291,11.8813,-0.6838,0.0071,-0.7614,0,0,1,0.34402,1
0.4280,4.2913,2.5721,12.1102,-2.5556,0.0039,-0.9471,0,0,1,0.66107,1
0.3704,3.9734,2.7630,13.2628,-2.6252,0.0624,-1.8368,1,1,2,2.03940,1
0.5249,5.5813,2.4357,11.3681,1.8396,0.0557,-0.4908,0,0,0,0.00000,3
0.3982,4.3745,2.7373,13.2610,2.3589,0.0357,-1.9228,1,1,1,1.90792,1
0.4106,4.0964,2.6000,11.4561,-1.2774,0.0111,-0.3759,0,0,0,0.00000,1
0.4351,4.5800,2.6128,12.3583,3.0296,0.0129,-1.2038,0,1,0,0.68876,1
0.4943,4.8949,2.4265,11.4177,-0.8181,0.0555,-0.4998,0,0,0,0.00000,1
0.5198,5.3821,2.4190,12.1003,-2.0143,0.0232,-1.2054,0,0,1,0.81027,3
0.4034,4.2042,2.6642,11.7393,3.1279,0.0190,-0.6023,0,0,1,0.20713,3
0.4211,4.5355,2.6673,12.1733,2.9374,0.1185,-1.1430,0,0,1,0.64836,1
0.4838,5.2352,2.5430,11.5612,-2.4258,0.1425,-0.7296,0,0,0,0.00000,1
0.4548,4.7457,2.5631,11.8637,-2.9255,0.0576,-0.8588,0,1,0,0.18621,1
0.4757,5.1670,2.5642,11.6575,-2.8332,0.0732,-0.7248,0,0,0,0.00000,1
0.4482,4.3186,2.4894,12.6922,-2.4169,0.0174,-1.5685,0,1,1,1.41466,1
0.4067,4.3333,2.6836,11.3770,-2.8270,0.1140,-0.4277,0,0,0,0.00000,1
0.5179,4.9743,2.3477,11.3000,1.2056,0.0300,-0.3820,0,0,0,0.00000,3
0.3850,4.0685,2.7165,12.7943,-1.7657,0.0332,-1.4452,0,2,1,1.20359,1
0.4683,4.3565,2.4137,11.7021,0.6557,0.0399,-0.7100,0,1,0,0.33971,1
0.4184,4.2605,2.6081,11.4853,-2.6829,0.0018,-0.3986,0,0,0,0.00000,3
0.4322,4.6493,2.6437,12.2905,2.4303,0.0398,-1.1717,0,1,0,0.48531,3
0.3983,4.0128,2.6347,11.5054,3.1268,0.0846,-0.4862,0,0,0,0.00000,1
0.4229,4.3913,2.6214,11.5622,2.2706,0.0278,-0.4993,0,0,0,0.00000,3
0.4859,5.0961,2.5045,11.4130,2.0420,0.0746,-0.5077,0,0,0,0.00000,3
0.4315,4.4672,2.6010,11.9958,-3.0836,0.0143,-0.8699,0,1,0,0.61130,3
0.4141,4.2814,2.6339,11.5386,-3.0779,0.1020,-0.5555,0,0,0,0.00000,1
0.5232,5.3513,2.3993,12.2358,0.5866,0.0169,-1.3519,0,1,0,0.88320,1
0.4382,4.1779,2.4974,12.1366,0.8426,0.0297,-1.0317,0,0,2,1.29013,1
0.6302,5.7262,2.0592,12.1824,0.5865,0.0892,-1.7103,0,0,1,0.49468,1
0.6120,5.7498,2.1274,11.7610,-0.3553,0.0121,-1.0186,0,1,0,0.22591,1
0.4693,4.8571,2.5243,11.8716,1.9273,0.0462,-0.8823,0,0,1,0.45184,3
0.4538,4.6006,2.5333,12.0097,1.5023,0.0088,-0.9271,0,0,3,0.73687,3
0.4658,5.1160,2.5976,11.7340,2.0898,0.1016,-0.8150,0,0,1,0.20935,3
0.5477,5.6945,2.3630,11.4614,-2.2388,0.0293,-0.5872,0,0,0,0.00000,1
0.4675,4.3153,2.4074,11.4258,1.8867,0.0585,-0.4759,0,0,0,0.00000,1
0.4412,4.3216,2.5207,11.6670,2.3610,0.0171,-0.6034,0,1,0,0.45757,3
0.5289,5.2515,2.3574,12.0430,-1.6185,0.0102,-1.1478,0,0,1,0.65388,1
0.5228,5.3092,2.3928,11.8095,2.0601,0.0096,-0.8856,0,0,1,0.48060,3
0.3716,4.0088,2.7677,13.1574,-2.8016,0.0592,-1.7440,0,1,1,2.03468,1
0.4379,4.2569,2.5188,11.7512,-2.8523,0.0408,-0.7011,0,0,1,0.30112,1
0.5348,5.2759,2.3387,11.5771,3.0580,0.0009,-0.6530,0,0,0,0.00000,3
0.5104,5.2040,2.4231,11.3701,2.2174,0.0046,-0.4140,0,0,0,0.00000,3
0.3699,4.0583,2.7919,12.5338,-3.1147,0.0218,-1.1580,1,1,0,1.13311,1
0.4351,4.7834,2.6630,12.1079,3.1261,0.0709,-1.0557,0,0,1,0.45291,3
0.4496,4.6713,2.5689,12.4002,-1.9870,0.0248,-1.3054,0,1,1,0.80341,1
0.3452,3.7438,2.8252,12.9509,-2.4991,0.0552,-1.4473,0,1,1,1.63635,1
0.4500,4.6801,2.5689,11.4300,-2.3443,0.0279,-0.4229,0,0,0,0.00000,3
0.3718,3.8464,2.7165,11.3625,2.0496,0.0253,-0.2788,0,0,0,0.00000,0
0.4742,4.6186,2.4496,11.4013,0.2218,0.0315,-0.4303,0,0,0,0.00000,1
0.5161,4.6780,2.2950,11.2724,1.4328,0.0115,-0.3301,0,0,0,0.00000,1
0.4612,4.3924,2.4519,11.3251,1.0622,0.0437,-0.3605,0,0,0,0.00000,3
0.4268,4.4450,2.6172,12.5858,-1.6928,0.0180,-1.3925,0,0,2,1.11660,1
0.4055,4.1560,2.6410,11.4979,-2.4460,0.0876,-0.4933,0,0,0,0.00000,3
0.4275,4.3353,2.5857,11.9212,-2.7241,0.0641,-0.8604,0,0,1,0.21787,1
0.5069,5.2089,2.4388,11.4714,-1.8495,0.0837,-0.6040,0,0,0,0.00000,3
0.3683,4.0017,2.7829,12.3370,-2.7137,0.0211,-0.9969,0,0,2,0.89904,1
0.5579,5.7356,2.3294,11.6063,-0.8483,0.0575,-0.7957,0,0,0,0.00000,1
0.4079,4.0718,2.6060,12.4006,2.0058,0.0444,-1.2023,0,1,0,1.15010,1
0.3890,4.0039,2.6778,11.3531,-2.2908,0.0183,-0.2809,0,0,0,0.00000,3
0.3953,4.3011,2.7315,12.2796,-2.6605,0.1143,-1.1585,0,1,0,0.76616,1
0.4403,4.8357,2.6511,11.8572,-2.4666,0.0475,-0.8101,0,0,1,0.29729,3
0.4176,4.2140,2.5994,12.5492,1.6789,0.0193,-1.3283,0,1,0,1.23636,1
0.3336,3.6492,2.8586,12.8780,2.9512,0.0918,-1.4014,0,1,1,1.60217,1
0.5128,4.7768,2.3279,11.3310,2.8569,0.0010,-0.3722,0,0,0,0.00000,1
0.5038,4.7027,2.3476,11.4837,-1.7631,0.0171,-0.5295,0,0,0,0.00000,1
0.3440,3.7837,2.8453,11.8292,-2.7789,0.0592,-0.6121,0,1,0,0.47613,1
0.4305,4.2183,2.5417,11.3423,1.4153,0.0218,-0.3182,0,0,0,0.00000,3
0.4658,4.6647,2.4961,11.7794,3.1227,0.0167,-0.7493,0,0,1,0.33735,1
0.5182,5.3933,2.4281,13.0643,-2.0859,0.0054,-2.2445,0,1,1,1.97288,1
0.4606,4.2821,2.4282,11.2998,0.8588,0.0804,-0.3797,0,0,0,0.00000,1
0.5249,5.1523,2.3546,11.8052,1.9171,0.0256,-0.9052,0,1,0,0.47850,1
0.5105,5.0956,2.4012,11.3569,-0.8473,0.0555,-0.4606,0,0,0,0.00000,1
0.4325,4.5238,2.6109,12.1298,-2.3108,0.0410,-1.0279,0,1,0,0.77089,3
0.3716,4.0478,2.7792,12.8282,-2.0312,0.0237,-1.4056,1,1,1,0.89719,1
0.4588,4.8907,2.5789,11.5798,2.4329,0.1258,-0.6874,0,0,0,0.00000,1
0.5031,4.6963,2.3494,11.6275,0.8583,0.0147,-0.6667,0,0,0,0.00000,3
0.4469,4.2859,2.4868,11.9929,-1.5334,0.0065,-0.8908,0,0,1,0.56826,1
0.4276,4.1922,2.5480,11.4671,0.9731,0.0469,-0.4482,0,0,0,0.00000,1
0.4685,5.0946,2.5805,12.6010,2.5653,0.0301,-1.5773,1,1,1,1.10455,1
0.4740,4.5551,2.4363,12.4958,0.7525,0.0347,-1.4937,0,1,0,1.26417,1
0.4635,4.7309,2.5211,11.7936,-0.2265,0.0097,-0.7496,0,1,0,0.17199,1
0.3973,3.9803,2.6305,11.9745,1.6800,0.0355,-0.8013,0,0,1,0.52578,1
0.5412,5.7173,2.3932,11.4499,1.0367,0.0324,-0.5698,0,0,0,0.00000,1
0.4403,4.2253,2.5003,11.7397,-1.3549,0.0272,-0.6779,0,0,1,0.53037,3
0.5006,5.3720,2.4977,12.2926,1.1904,0.0269,-1.3611,0,0,1,0.98806,1
0.5858,5.8223,2.2353,12.2652,-0.7480,0.0022,-1.5528,0,1,0,0.76784,1
0.4455,4.3358,2.5053,11.4141,-0.8717,0.0069,-0.3781,0,0,0,0.00000,3
0.3525,3.8603,2.8236,11.8302,1.9927,0.0665,-0.6377,0,0,1,0.45133,1
0.4540,4.5022,2.5088,11.3188,-0.9441,0.0509,-0.3562,0,0,0,0.00000,1
0.4297,4.2834,2.5621,11.3290,-0.9419,0.0162,-0.3000,0,0,0,0.00000,1
0.4325,4.7421,2.6653,13.3746,-2.7590,0.0377,-2.2138,0,1,0,2.02804,1
0.3595,3.8360,2.7775,12.1082,-3.0426,0.1025,-0.9071,1,1,0,0.80446,3
0.4738,4.8830,2.5108,11.9268,0.5588,0.0032,-0.8885,0,1,0,0.22442,1
0.5542,5.4098,2.2874,11.6239,-0.0203,0.0437,-0.7898,0,0,0,0.00000,1
0.4690,5.1213,2.5842,11.4523,1.3712,0.0043,-0.4402,0,0,0,0.00000,1
0.3968,4.3373,2.7338,11.8442,-2.4494,0.0516,-0.7158,0,1,0,0.20538,3
0.4250,4.5215,2.6456,11.4010,2.8929,0.0168,-0.3556,0,0,0,0.00000,3
0.5457,4.9734,2.2407,11.3802,0.9470,0.0002,-0.4599,0,0,0,0.00000,1
0.3624,3.9772,2.8066,12.6414,-2.8403,0.1036,-1.3409,0,1,1,1.31878,1
0.3667,3.9416,2.7725,12.5950,-2.7549,0.0058,-1.1717,1,1,0,1.18220,1
0.3601,3.8433,2.7768,12.6297,2.9320,0.0093,-1.1807,0,1,1,1.23770,1
0.5208,4.7619,2.2940,11.4605,-1.3859,0.0279,-0.5428,0,0,0,0.00000,1
0.4172,4.4721,2.6695,11.9599,-3.0773,0.0069,-0.7974,0,0,1,0.58732,1
0.5502,5.4913,2.3175,11.7155,-1.1769,0.0348,-0.8722,0,0,0,0.00000,3
0.3445,3.7778,2.8404,13.1993,-2.9534,0.0792,-1.6855,1,1,1,1.37698,1
0.3769,4.0253,2.7449,11.6858,2.0489,0.0341,-0.5342,0,1,0,0.43579,1
0.3496,3.7783,2.8123,13.0788,2.3831,0.0391,-1.5413,0,1,1,1.68535,1
0.4656,4.8467,2.5383,11.4060,-1.9454,0.0016,-0.3900,0,0,0,0.00000,3
0.4032,4.1479,2.6493,11.7102,3.0911,0.0177,-0.5767,0,1,0,0.27001,3
0.4589,4.7355,2.5425,12.0737,-2.5919,0.0259,-1.0230,0,0,1,0.52089,3
0.4358,4.3254,2.5457,11.3256,1.9108,0.0280,-0.3169,0,0,0,0.00000,3
0.4767,5.1147,2.5486,11.3831,2.0382,0.0266,-0.4123,0,0,0,0.00000,3
0.4757,4.9795,2.5238,12.4983,1.8559,0.0239,-1.4876,0,1,0,1.25003,1
0.4214,4.1370,2.5614,12.2277,-2.0185,0.0165,-1.0499,0,0,1,0.85495,1
0.5465,4.9986,2.2423,11.6286,-0.2020,0.0107,-0.7371,0,0,0,0.00000,3
0.4105,4.2715,2.6486,12.2591,-2.8056,0.0666,-1.1182,0,0,1,0.55386,1
0.4027,4.0780,2.6325,12.0192,0.9096,0.0027,-0.8069,0,0,1,0.29245,1
0.5189,5.1961,2.3870,11.6819,-0.9277,0.0653,-0.8159,0,0,0,0.00000,1
0.6413,5.8155,2.0330,11.5177,0.3804,0.0689,-0.8458,0,0,0,0.00000,3
0.4332,4.5478,2.6137,12.9071,-2.8418,0.0579,-1.7874,0,1,0,1.70740,1
0.4743,5.1623,2.5695,11.4828,-2.9328,0.0262,-0.5011,0,0,0,0.00000,3
0.4835,4.7845,2.4477,11.9388,-0.6291,0.0357,-0.9644,0,0,1,0.38723,1
0.5075,4.9135,2.3768,11.5159,-1.6408,0.0231,-0.5746,0,0,0,0.00000,3
0.3997,4.0466,2.6378,11.2425,2.3927,0.0303,-0.2201,0,0,0,0.00000,3
0.3651,3.9666,2.7887,12.7322,1.8707,0.0502,-1.3436,0,1,1,1.31818,1
0.6527,6.0236,2.0214,11.4749,0.6428,0.0357,-0.7691,0,0,0,0.00000,1
0.5416,5.4361,2.3411,11.4490,1.6873,0.0397,-0.5771,0,0,0,0.00000,3
0.4709,4.7956,2.5039,11.4338,0.9568,0.0004,-0.4199,0,0,0,0.00000,3
0.3967,4.3638,2.7416,12.1827,2.9638,0.0892,-1.0450,0,0,1,0.37794,3
0.4748,4.4868,2.4174,11.5346,2.5064,0.0191,-0.5387,0,0,0,0.00000,1
0.4597,4.8685,2.5694,12.1562,2.7465,0.0851,-1.1862,0,0,1,0.65199,1
0.4010,4.0181,2.6232,11.4611,-2.6167,0.1070,-0.4807,0,0,0,0.00000,1
0.5831,5.4176,2.1802,11.3175,1.1524,0.0145,-0.4568,0,0,0,0.00000,1
0.3819,4.0186,2.7172,12.8516,-2.9903,0.0258,-1.4697,0,1,0,0.56231,1
0.6243,5.8361,2.0957,11.5691,0.8485,0.0091,-0.8048,0,0,0,0.00000,1
0.5297,5.2879,2.3613,12.2934,1.4604,0.0098,-1.4233,0,0,2,0.30435,1
0.4512,4.3601,2.4869,11.4697,0.6682,0.0304,-0.4612,0,0,0,0.00000,1
0.4364,4.2324,2.5193,12.7598,1.8083,0.0053,-1.5679,0,1,0,1.45966,1
0.4943,4.6300,2.3701,11.3260,2.9545,0.0016,-0.3476,0,0,0,0.00000,1
0.5684,5.8435,2.3058,11.3399,0.5202,0.0020,-0.4513,0,0,0,0.00000,3
0.4815,4.6940,2.4361,11.4215,-0.0113,0.0186,-0.4429,0,0,0,0.00000,1
0.4432,4.8561,2.6421,12.0620,-2.9230,0.0034,-0.9443,0,1,0,0.58280,1
0.4839,4.8893,2.4686,11.5356,2.3052,0.0243,-0.5610,0,0,0,0.00000,3
0.4882,5.3705,2.5515,11.4022,2.8987,0.0378,-0.4577,0,0,0,0.00000,3
0.4789,4.5305,2.4103,11.2723,-2.7429,0.0115,-0.2935,0,0,0,0.00000,1
0.3917,4.0699,2.6834,12.0163,-2.5161,0.0129,-0.7933,0,0,1,0.70005,3
0.3827,4.1807,2.7614,12.4725,-2.7773,0.1278,-1.3047,0,1,1,0.49829,1
0.5259,5.5715,2.4297,11.4606,-2.8718,0.0243,-0.5493,0,0,0,0.00000,1
0.5247,4.8550,2.2974,11.3379,-0.6215,0.0717,-0.4767,0,0,0,0.00000,3
0.4404,4.6908,2.6155,12.2255,2.9928,0.0173,-1.1042,0,0,1,0.95553,3
0.4348,4.3889,2.5662,12.2753,-1.4843,0.0175,-1.1325,0,0,1,0.70505,1
0.4385,4.6213,2.6074,13.0963,-2.7813,0.0396,-1.9670,1,1,1,1.03166,1
0.4381,4.7536,2.6413,13.1745,-2.3831,0.0145,-1.9980,1,1,0,1.48995,1
0.5134,4.8360,2.3375,11.4218,0.1957,0.0230,-0.4889,0,0,0,0.00000,3
0.3932,4.2489,2.7271,12.1638,3.0538,0.0615,-0.9825,0,0,1,0.24880,3
0.5137,5.5215,2.4712,11.9397,-2.2278,0.0109,-1.0052,0,0,1,0.52964,3
0.6140,6.0236,2.1604,11.3440,-0.5189,0.0026,-0.5139,0,0,0,0.00000,1
0.4572,4.8757,2.5825,12.0783,-1.4481,0.0344,-1.0353,0,1,0,0.55055,1
0.5015,5.1693,2.4532,11.3948,-1.2468,0.0034,-0.4258,0,0,0,0.00000,3
0.4359,4.7171,2.6431,13.0435,-2.0503,0.0288,-1.8832,0,1,2,1.56637,1
0.3575,3.9410,2.8216,11.7538,2.8898,0.2480,-0.8132,0,0,1,0.44434,0
0.4359,4.5983,2.6135,12.0264,2.1948,0.0192,-0.9145,0,1,0,0.51837,3
0.3721,3.8550,2.7176,13.0233,2.8580,0.0489,-1.6138,0,0,1,1.89386,1
0.4768,5.1085,2.5467,12.3162,2.6286,0.0527,-1.3494,0,1,0,1.01562,1
0.3783,4.1472,2.7743,11.5222,-3.1286,0.0388,-0.4192,0,1,0,0.19557,3
0.3930,4.0930,2.6838,11.9060,-2.9017,0.1135,-0.8372,0,0,0,0.00000,1
0.4931,4.8538,2.4229,11.4369,-1.6282,0.0396,-0.4976,0,0,0,0.00000,3
0.5472,5.0167,2.2432,11.3240,0.3365,0.0822,-0.5013,0,0,0,0.00000,1
0.5043,5.3539,2.4783,11.5805,3.0085,0.0646,-0.6869,0,0,0,0.00000,1
0.3704,3.9083,2.7432,11.2660,2.8375,0.0042,-0.1851,0,0,0,0.00000,1
0.4416,4.3462,2.5249,11.4116,2.1637,0.0490,-0.4208,0,0,0,0.00000,3
0.5356,5.2004,2.3214,11.3659,0.3648,0.0082,-0.4438,0,0,0,0.00000,3
0.5974,5.9831,2.2163,11.2896,-0.8101,0.0311,-0.4645,0,0,0,0.00000,3
0.4011,4.3604,2.7189,11.7734,-2.1563,0.0915,-0.7157,0,1,0,0.27761,3
0.4328,4.3008,2.5528,12.5956,2.2044,0.0503,-1.4729,1,1,0,1.07039,1
0.5017,5.4471,2.5081,13.3024,2.2323,0.0156,-2.4583,0,0,1,2.01616,1
0.5228,5.5594,2.4402,11.3911,-2.3713,0.0655,-0.5231,0,0,0,0.00000,1
0.4224,4.6533,2.6915,12.0204,-2.9330,0.0717,-0.9464,0,1,1,0.45336,2
0.5435,5.2398,2.2980,11.3664,-0.9669,0.0084,-0.4542,0,0,0,0.00000,3
0.3925,4.1285,2.6963,12.7011,-2.0645,0.0127,-1.3617,1,1,1,0.93319,1
0.5142,5.0583,2.3788,12.3190,-0.1917,0.0104,-1.4033,0,0,2,0.87671,1
0.4463,4.6492,2.5785,12.1882,-2.0616,0.0370,-1.1130,0,0,1,0.64360,3
0.4173,4.1096,2.5729,12.4471,1.8778,0.0375,-1.2630,0,1,0,0.38384,1
0.4709,4.3191,2.3944,11.4745,0.2289,0.0100,-0.4663,0,0,0,0.00000,3
0.4798,4.3878,2.3746,11.3422,-0.2707,0.0088,-0.3546,0,0,0,0.00000,3
0.5001,5.1630,2.4581,12.2149,-2.3676,0.0446,-1.3019,0,1,0,0.49562,1
0.5228,5.4165,2.4135,11.5175,0.7697,0.0210,-0.5984,0,0,0,0.00000,1
0.3608,3.8738,2.7827,12.3889,2.8660,0.0785,-1.0963,0,1,0,1.08332,3
0.4466,4.2945,2.4905,11.4480,1.1249,0.0130,-0.4156,0,0,0,0.00000,3
0.5080,4.7370,2.3384,11.4931,-0.9006,0.0491,-0.5838,0,0,0,0.00000,3
0.5453,5.2158,2.2867,11.5992,-0.3767,0.0019,-0.6941,0,0,0,0.00000,3
0.3944,4.3442,2.7479,11.4306,2.6366,0.0491,-0.3816,0,0,0,0.00000,2
0.4646,4.4391,2.4486,11.7447,-0.8790,0.0199,-0.7179,0,0,2,0.76603,3
0.3907,4.0685,2.6879,11.9501,2.8187,0.0365,-0.7688,0,1,0,0.51032,3
0.6164,5.6185,2.0923,11.6009,0.6981,0.0215,-0.8438,0,0,0,0.00000,1
0.4390,4.2494,2.5123,11.8180,1.2482,0.0183,-0.7331,0,0,1,0.32153,3
0.4209,4.3715,2.6260,12.7232,3.1035,0.0484,-1.5457,1,1,1,1.49629,1
0.4942,5.2332,2.4972,11.2992,2.4709,0.0271,-0.3538,0,0,0,0.00000,3
0.4701,4.6161,2.4664,11.5009,-3.0816,0.0067,-0.4868,0,0,0,0.00000,3
0.3581,3.8241,2.7815,12.8299,-2.5167,0.0399,-1.3790,0,1,1,1.47483,1
0.3657,3.9130,2.7691,11.8659,-2.9764,0.1270,-0.7658,0,1,0,0.48211,1
0.3774,4.1375,2.7758,11.3111,2.9261,0.0179,-0.2389,0,0,0,0.00000,1
0.3676,4.0560,2.8033,12.6841,2.5027,0.0407,-1.2989,0,1,2,1.68032,0
0.3821,4.1284,2.7491,11.3798,2.2686,0.0713,-0.3545,0,0,0,0.00000,3
0.3599,3.9465,2.8104,13.1743,-2.7805,0.0848,-1.7481,0,1,0,2.07996,1
0.4319,4.4593,2.5972,11.2502,-2.1566,0.0393,-0.2635,0,0,0,0.00000,3
0.5115,4.9022,2.3586,11.5253,0.4914,0.0153,-0.5802,0,0,0,0.00000,3
0.3980,4.2904,2.7148,11.4728,-2.8015,0.1501,-0.5365,0,0,0,0.00000,1
0.4295,4.4284,2.6004,11.7264,2.4042,0.0678,-0.6986,0,0,1,0.24829,3
0.4492,4.5620,2.5444,12.7560,0.6305,0.0052,-1.6162,0,1,0,1.59129,1
0.3802,3.9890,2.7171,11.6995,-2.6877,0.1216,-0.6568,0,0,1,0.32482,1
0.4658,4.5423,2.4679,11.8342,-1.4179,0.0228,-0.8077,0,1,0,0.45084,3
0.3928,4.2781,2.7373,12.3736,2.5395,0.1737,-1.3173,0,1,1,0.96624,1
0.4435,4.3714,2.5231,12.3118,0.0401,0.0052,-1.1731,0,1,0,1.04510,1
0.4345,4.6412,2.6309,12.2979,2.5279,0.1104,-1.2854,0,0,1,0.96119,1
0.3494,3.8092,2.8236,11.3923,2.6983,0.1468,-0.4153,0,0,0,0.00000,3
0.3424,3.7382,2.8387,13.2650,3.1111,0.0213,-1.6241,1,1,0,2.24010,1
0.4731,5.1661,2.5755,11.5092,2.4770,0.0817,-0.5902,0,0,0,0.00000,3
0.4761,5.0213,2.5311,11.5700,2.7990,0.0523,-0.6162,0,0,0,0.00000,1
0.3362,3.6493,2.8437,11.5307,-2.6549,0.2436,-0.6094,0,0,0,0.00000,1
0.3428,3.7205,2.8305,12.5721,2.8571,0.1668,-1.3114,0,1,1,1.18477,1
0.4037,4.2961,2.6879,11.8037,1.7119,0.0398,-0.6813,0,0,1,0.39415,1
0.3993,3.9912,2.6238,12.6675,-1.0148,0.0040,-1.3431,0,1,0,1.39307,1
0.5266,5.3126,2.3785,12.2840,1.6573,0.0233,-1.4236,0,1,1,0.45266,1
0.5416,5.5917,2.3694,11.5116,-0.2466,0.0109,-0.6088,0,0,0,0.00000,1
0.4990,4.9699,2.4229,12.1290,-0.6596,0.0323,-1.1909,0,1,0,0.24541,1
0.4433,4.2309,2.4887,11.3566,2.3805,0.0571,-0.3846,0,0,0,0.00000,1
0.4231,4.2545,2.5850,12.7238,-2.4839,0.0566,-1.5682,1,1,0,1.45756,1
0.5164,4.8633,2.3313,12.0194,-1.5895,0.0167,-1.0977,0,0,1,0.73016,1
0.4763,4.3371,2.3768,11.2194,2.4684,0.0057,-0.2360,0,0,0,0.00000,1
0.4310,4.1494,2.5215,11.3855,3.1063,0.0188,-0.3508,0,0,0,0.00000,1
0.5682,5.8845,2.3134,11.5341,2.4914,0.0259,-0.6941,0,0,0,0.00000,1
0.5201,5.4987,2.4402,11.4470,2.7477,0.0218,-0.5243,0,0,0,0.00000,3
0.3760,4.0567,2.7592,11.3075,2.5005,0.0577,-0.2796,0,0,0,0.00000,3
0.3514,3.8795,2.8359,12.4687,3.0373,0.1782,-1.2718,1,2,0,0.97470,0
0.4469,4.3336,2.4989,11.3929,0.9392,0.0132,-0.3687,0,0,0,0.00000,1
0.4823,4.6378,2.4204,11.6900,-0.5026,0.0328,-0.7152,0,1,0,0.37197,1
0.4961,5.2672,2.4963,11.5966,-1.9955,0.0946,-0.7260,0,0,0,0.00000,3
0.4751,4.4069,2.3979,11.4548,-0.6654,0.0090,-0.4527,0,0,0,0.00000,3
0.3665,3.9126,2.7649,11.3737,2.4232,0.0500,-0.3096,0,0,0,0.00000,3
0.4873,4.8049,2.4362,11.4510,2.4596,0.0094,-0.4673,0,0,0,0.00000,3
0.4175,4.4847,2.6716,11.4391,2.4507,0.0413,-0.4066,0,0,0,0.00000,3
0.5649,5.6185,2.2820,11.4582,-0.9368,0.0274,-0.6055,0,0,0,0.00000,3
0.4905,5.0660,2.4784,11.2818,2.1810,0.0633,-0.3749,0,0,0,0.00000,1
0.4238,4.4043,2.6208,13.1064,1.8633,0.0028,-1.8409,1,2,0,1.69178,1
0.4886,4.6633,2.4002,11.4918,-0.1888,0.0479,-0.5537,0,0,0,0.00000,1
0.4250,4.5169,2.6440,11.8890,1.4942,0.0427,-0.7996,0,1,0,0.40353,1
0.4366,4.5033,2.5868,12.9617,-2.1291,0.0075,-1.7682,0,1,0,0.81654,1
0.4432,4.8856,2.6492,11.5667,3.0470,0.0878,-0.6056,0,0,0,0.00000,2
0.3792,4.1375,2.7666,11.7645,-2.1935,0.1125,-0.6944,0,0,2,0.79198,3
0.4543,4.8839,2.5974,12.8795,-2.2522,0.0568,-1.8477,0,1,0,0.24561,1
0.4251,4.3680,2.6054,12.5323,1.3750,0.0149,-1.3324,0,1,0,1.28219,1
0.3719,4.0735,2.7855,11.3104,2.7511,0.1651,-0.3988,0,0,0,0.00000,3
0.4494,4.8737,2.6178,12.8866,2.1906,0.0167,-1.7669,0,0,0,0.00000,1
0.3771,3.9369,2.7172,12.6425,-3.0388,0.0752,-1.3533,0,1,0,1.26491,1
0.4932,4.6429,2.3774,11.5686,1.2923,0.0327,-0.6156,0,0,0,0.00000,3
0.4198,4.4615,2.6545,11.9860,1.3064,0.0001,-0.8164,0,1,0,0.50194,1
0.4369,4.1993,2.5086,11.3537,2.6654,0.0476,-0.3640,0,0,0,0.00000,1
0.4733,4.5898,2.4470,11.4951,1.1720,0.0579,-0.5476,0,0,0,0.00000,3
0.4756,5.0334,2.5357,12.4295,1.9980,0.0496,-1.4562,0,0,1,0.82995,1
0.4406,4.4157,2.5468,12.1213,1.0600,0.0287,-1.0236,1,1,0,0.73030,1
0.4831,4.7964,2.4522,12.6087,-2.2496,0.0193,-1.6186,0,1,0,1.30526,1
0.5105,5.0349,2.3890,12.3863,2.3628,0.0129,-1.4680,0,0,1,0.77682,1
0.4666,5.0668,2.5831,11.4899,-2.9560,0.1255,-0.6149,0,0,0,0.00000,1
0.3804,3.9217,2.6957,11.7094,-2.3748,0.0495,-0.5766,0,1,0,0.40520,3
0.5211,5.3647,2.4106,11.2585,0.5586,0.0356,-0.3517,0,0,0,0.00000,1
0.4469,4.8809,2.6307,12.2676,2.4894,0.0214,-1.1682,0,0,2,0.93279,3
0.4655,4.7948,2.5272,11.4162,-1.6929,0.0137,-0.4130,0,0,0,0.00000,3
0.4654,4.9106,2.5537,11.6418,2.6472,0.0605,-0.6762,0,1,0,0.30025,1
0.4566,4.9901,2.6113,12.8964,2.7405,0.0181,-1.8102,1,2,0,1.60640,1
0.3601,3.8311,2.7728,11.5785,-2.9264,0.2058,-0.6334,0,0,0,0.00000,1
0.4547,4.6021,2.5299,12.0256,2.0284,0.0183,-0.9568,0,1,0,0.74808,3
0.3993,4.2766,2.7044,11.5104,-2.7645,0.1201,-0.5334,0,0,0,0.00000,1
0.4140,4.1320,2.5940,11.2417,-2.1194,0.0091,-0.2072,0,0,0,0.00000,3
0.4060,4.4248,2.7121,13.2575,-2.4491,0.0301,-1.9483,0,0,0,0.00000,1
0.3813,4.0467,2.7288,11.3316,-2.0488,0.0470,-0.2901,0,0,0,0.00000,1
0.4094,4.2524,2.6487,12.0781,2.7048,0.0664,-0.9579,0,0,1,0.74420,1
0.5066,4.9561,2.3892,12.3180,0.6585,0.0089,-1.3759,0,1,0,0.78636,1
0.4136,4.5670,2.7119,11.3194,-2.2142,0.0884,-0.3591,0,0,0,0.00000,2
0.4262,4.1321,2.5384,11.4609,1.1740,0.0324,-0.4239,0,0,0,0.00000,1
0.3635,3.8765,2.7694,12.3106,-2.8009,0.0877,-1.0554,0,1,0,1.08131,3
0.4111,4.0458,2.5839,11.8217,2.0160,0.0427,-0.7132,0,1,0,0.36108,2
0.3901,3.9608,2.6594,12.0066,-2.6359,0.0247,-0.7970,0,1,0,0.61067,3
0.4223,4.5615,2.6683,12.8802,-2.6222,0.0510,-1.7036,0,1,2,1.02466,1
0.3627,3.9913,2.8098,12.6992,-2.6605,0.0392,-1.2907,0,1,1,1.35336,1
0.3671,3.9876,2.7846,11.9843,2.6350,0.0455,-0.7556,0,1,0,0.62794,3
0.3847,4.0920,2.7247,11.4696,2.7187,0.1460,-0.5125,0,0,0,0.00000,1
0.4973,5.1346,2.4638,11.8757,-3.1038,0.0179,-0.9101,0,0,1,0.23694,1
0.4057,4.1572,2.6401,12.4755,2.9787,0.0236,-1.2300,0,1,1,1.10412,1
0.4109,4.1992,2.6269,12.4862,1.4541,0.0027,-1.2250,0,0,1,1.16626,1
0.4357,4.4942,2.5888,11.3209,-1.4488,0.0091,-0.2915,0,0,0,0.00000,1
0.4628,4.6779,2.5119,11.6177,-0.9458,0.0364,-0.6194,0,1,0,0.22369,1
0.4432,4.8907,2.6505,12.6770,2.6204,0.0234,-1.5482,0,1,0,1.01393,0
0.3677,4.0437,2.7989,11.9683,2.7525,0.1708,-0.9052,0,1,0,0.65604,1
0.4235,4.6604,2.6880,12.9440,3.0515,0.0476,-1.7635,2,2,1,1.69271,1
0.4313,4.6109,2.6383,11.6320,2.2004,0.0037,-0.5421,0,0,1,0.28095,1
0.5007,4.5269,2.3228,11.5404,0.5302,0.0074,-0.5674,0,0,0,0.00000,3
0.4854,5.1726,2.5229,11.4178,-1.7058,0.0367,-0.4672,0,0,0,0.00000,3
0.5939,5.8641,2.2115,12.4652,-1.1088,0.0027,-1.8265,0,0,1,0.86012,1
0.4484,4.3056,2.4853,11.3935,0.8263,0.0233,-0.3828,0,0,0,0.00000,1
0.3672,3.8562,2.7435,12.2102,2.5173,0.0793,-0.9752,0,1,1,0.78282,3
0.4842,4.4118,2.3622,11.3074,-1.7839,0.0302,-0.3523,0,0,0,0.00000,1
0.4013,4.0932,2.6434,12.1590,1.6497,0.0302,-0.9565,0,0,3,0.73504,1
0.6641,6.3701,2.0254,11.3623,-1.1430,0.0251,-0.6318,0,0,0,0.00000,1
0.5431,4.9427,2.2448,11.5515,-0.4985,0.0243,-0.6662,0,0,0,0.00000,3
0.4377,4.5212,2.5862,11.7571,0.6578,0.0037,-0.6602,0,1,0,0.17587,1
0.3869,4.0702,2.7076,11.2634,2.9998,0.1046,-0.3089,0,0,0,0.00000,3
0.4776,4.8207,2.4804,11.4183,-2.0113,0.0354,-0.4554,0,0,0,0.00000,3
0.4133,4.5340,2.7050,11.5268,2.6282,0.1844,-0.6421,0,0,0,0.00000,1
0.3310,3.6486,2.8730,11.8244,2.9680,0.0418,-0.5633,0,1,0,0.16893,0
0.5387,4.8776,2.2489,11.4077,-1.1021,0.0462,-0.5351,0,0,0,0.00000,3
0.3532,3.8353,2.8113,12.2240,2.3053,0.0942,-0.9681,0,0,2,1.02999,3
0.3783,3.9949,2.7285,11.3472,2.4949,0.0211,-0.2694,0,0,0,0.00000,1
0.3989,4.0651,2.6470,11.8113,1.2738,0.0091,-0.6390,0,0,2,0.80902,1
0.4214,4.2064,2.5799,12.3167,3.0098,0.0033,-1.1095,1,1,0,1.04290,1
0.4952,5.0968,2.4648,11.6311,-2.9168,0.0135,-0.6582,0,0,0,0.00000,3
0.4471,4.3217,2.4950,12.3221,0.8974,0.0311,-1.2311,1,1,0,0.61326,1
0.4369,4.2117,2.5115,12.0290,-2.0929,0.0006,-0.8918,0,0,1,0.77544,1
0.3495,3.8075,2.8227,13.0656,3.0687,0.0592,-1.5644,1,1,0,1.47845,1
0.4804,4.7086,2.4440,12.5318,1.0648,0.0029,-1.5029,0,1,1,0.90469,1
0.4214,4.1528,2.5655,11.8678,-2.1819,0.0186,-0.7418,0,1,0,0.57704,3
0.3694,4.0439,2.7900,11.7190,2.8529,0.0449,-0.5598,0,1,0,0.47031,3
0.4196,4.6092,2.6937,11.4401,-2.3249,0.0301,-0.3972,0,0,0,0.00000,1
0.4877,5.0398,2.4850,11.5042,-1.2034,0.0643,-0.5853,0,0,0,0.00000,1
0.4119,4.1612,2.6121,11.9453,2.0789,0.0513,-0.8301,0,0,1,0.53391,3
0.3699,3.9464,2.7574,11.3622,-3.1086,0.1627,-0.4328,0,0,0,0.00000,1
0.3270,3.6097,2.8825,11.3991,2.9688,0.1673,-0.4200,0,0,0,0.00000,2
0.5611,5.3364,2.2483,11.3727,-1.0570,0.0688,-0.5556,0,0,0,0.00000,3
0.3720,3.9414,2.7449,11.3080,2.6279,0.0069,-0.2193,0,0,0,0.00000,1
0.6331,5.8368,2.0645,11.4964,0.8072,0.0500,-0.7821,0,0,0,0.00000,1
0.5215,5.4043,2.4162,11.4121,0.3883,0.0219,-0.4907,0,0,0,0.00000,1
0.4617,4.6283,2.5053,12.9480,-2.5494,0.0247,-1.8940,0,1,1,1.71853,1
0.4087,4.0741,2.6030,12.2457,2.7987,0.0101,-1.0212,0,1,0,0.58563,1
0.4421,4.4080,2.5382,12.5854,-1.4401,0.0137,-1.4386,1,1,0,1.15436,1
0.3893,4.0504,2.6895,11.7485,-2.6545,0.0500,-0.6230,0,1,1,0.46941,3
0.3420,3.7360,2.8404,13.0719,-2.8491,0.1343,-1.6649,0,1,1,1.97816,1
0.4833,5.3364,2.5661,11.5085,2.1468,0.0476,-0.5639,0,0,0,0.00000,2
0.4008,4.1713,2.6678,11.5202,2.7743,0.0767,-0.4920,0,0,0,0.00000,3
0.3674,3.8584,2.7427,11.9299,-2.5591,0.0115,-0.6713,0,1,1,0.59380,1
0.4235,4.5879,2.6692,11.2732,2.9249,0.0293,-0.2640,0,0,0,0.00000,3
0.4016,4.0393,2.6267,11.4187,-2.4440,0.0717,-0.4063,0,0,0,0.00000,3
0.3925,4.1349,2.6981,11.7966,-1.9995,0.0025,-0.6077,0,1,0,0.32595,1
0.4535,4.4308,2.4940,11.4313,0.3473,0.0163,-0.4138,0,0,0,0.00000,1
0.3899,4.1180,2.7065,12.0596,-2.5909,0.0184,-0.8310,0,0,1,0.53054,3
0.4407,4.2450,2.5035,12.6064,2.3947,0.0270,-1.4738,1,1,0,1.18229,1
0.5629,5.8561,2.3296,11.3554,-2.3800,0.0013,-0.4608,0,0,0,0.00000,3
0.4843,4.6853,2.4226,11.6829,1.7443,0.0175,-0.6928,0,1,0,0.24965,3
0.4479,4.4215,2.5159,11.4156,0.3118,0.0193,-0.3970,0,0,0,0.00000,1
0.6031,5.5432,2.1279,11.5663,0.3270,0.0448,-0.8094,0,0,0,0.00000,3
0.4266,4.4944,2.6310,11.4117,1.9126,0.0071,-0.3550,0,0,0,0.00000,1
0.3829,3.9526,2.6928,12.6081,-2.1587,0.0013,-1.2309,0,1,1,1.29693,1
0.4177,4.3666,2.6399,12.0193,2.6813,0.0685,-0.9299,0,1,0,0.51701,1
0.3876,4.0912,2.7102,12.0052,2.5265,0.0607,-0.8377,0,0,1,0.63722,3
0.4584,5.0007,2.6055,11.4866,1.8214,0.0488,-0.5095,0,0,0,0.00000,1
0.5032,4.6252,2.3339,11.6015,0.6810,0.0772,-0.7197,0,0,0,0.00000,1
0.4352,4.3852,2.5637,11.2448,1.6171,0.0330,-0.2547,0,0,0,0.00000,3
0.5374,4.9638,2.2699,11.6281,-0.3193,0.0249,-0.7392,0,0,0,0.00000,3
0.4620,4.7819,2.5395,11.4092,0.0078,0.0015,-0.3883,0,0,0,0.00000,1
0.4896,4.8011,2.4259,12.0928,1.6924,0.0455,-1.1469,0,0,1,0.54778,1
0.3547,3.7978,2.7910,13.0028,2.6308,0.0825,-1.5768,0,1,1,1.78155,1
0.4461,4.5494,2.5550,11.3322,-0.3843,0.0083,-0.3107,0,0,0,0.00000,1
0.4959,5.3074,2.5052,11.3445,-1.5600,0.0219,-0.3930,0,0,0,0.00000,3
0.3673,3.9935,2.7856,12.6914,3.1135,0.0579,-1.3303,0,1,0,1.51481,1
0.4563,4.2738,2.4440,12.4637,0.3257,0.0137,-1.3684,0,1,0,0.97415,1
0.4882,4.6990,2.4096,11.2898,0.5780,0.0001,-0.3060,0,0,0,0.00000,3
0.4827,4.3824,2.3615,11.7032,-2.2001,0.0043,-0.6906,0,0,1,0.24561,1
0.3818,4.0943,2.7404,11.3198,-3.1068,0.0455,-0.2802,0,0,0,0.00000,3
0.4534,4.2948,2.4614,11.3581,-3.0837,0.0029,-0.3335,0,0,0,0.00000,3
0.4273,4.1424,2.5361,11.2595,2.1771,0.0087,-0.2320,0,0,0,0.00000,3
0.4320,4.3591,2.5713,12.1278,1.1016,0.0183,-0.9930,0,1,0,0.65502,1
0.3884,4.2593,2.7545,11.4910,2.8079,0.0758,-0.4518,0,0,0,0.00000,3
0.3459,3.7621,2.8275,11.8477,-3.0015,0.0813,-0.6562,0,1,0,0.30616,3
0.4544,4.5788,2.5256,11.4675,-2.3635,0.0557,-0.4942,0,0,0,0.00000,1
0.3482,3.7594,2.8137,11.8548,2.6258,0.0205,-0.5900,0,1,0,0.56102,1
0.3948,4.0152,2.6523,11.4327,2.0349,0.0075,-0.3349,0,0,0,0.00000,1
0.3893,4.0987,2.7036,11.6223,2.7961,0.0174,-0.4850,0,1,0,0.15397,3
0.3943,4.1250,2.6866,12.8228,-1.8086,0.0116,-1.4714,0,1,2,1.13470,1
0.5620,5.3879,2.2538,11.6272,-0.2028,0.0728,-0.8440,0,0,0,0.00000,1
0.3843,4.2284,2.7669,12.8456,2.3222,0.0185,-1.4627,1,1,0,0.98767,1
0.5414,5.4726,2.3487,11.2895,-0.4429,0.0289,-0.3970,0,0,0,0.00000,1
0.3928,4.0782,2.6802,11.2730,-1.9369,0.0104,-0.2155,0,0,0,0.00000,1
0.3979,4.0355,2.6430,11.4192,-1.6862,0.0479,-0.3750,0,0,0,0.00000,1
0.3869,4.0051,2.6883,11.3201,2.3294,0.0395,-0.2783,0,0,0,0.00000,3
0.4371,4.3966,2.5579,12.2250,-2.6241,0.0311,-1.1124,0,0,1,0.80750,1
0.5820,5.7063,2.2314,11.5079,1.3195,0.0409,-0.7036,0,0,0,0.00000,3
0.4261,4.3481,2.5957,11.7358,2.1533,0.0808,-0.7167,0,1,0,0.34767,3
0.4105,4.0826,2.5969,11.8509,1.8780,0.0227,-0.7108,0,1,0,0.60808,3
0.3927,4.1703,2.7076,11.3636,2.0079,0.0067,-0.2795,0,0,0,0.00000,1
0.3889,4.0821,2.7007,12.0390,2.9863,0.0007,-0.7890,0,0,1,0.48519,1
0.3702,4.0303,2.7816,11.4082,-2.1931,0.0525,-0.3414,0,0,0,0.00000,1
0.4357,4.3304,2.5475,12.6310,1.3746,0.0001,-1.4365,0,1,0,1.33997,1
0.5430,5.6049,2.3660,12.9416,-0.1696,0.0099,-2.2223,0,0,1,1.76747,1
0.4629,4.7488,2.5279,11.9571,2.6969,0.0254,-0.9218,0,1,0,0.39612,3
0.4763,4.8641,2.4955,12.8620,-2.7830,0.0232,-1.8650,0,1,1,1.71347,1
0.4032,4.2699,2.6832,11.3751,-1.6834,0.0281,-0.3238,0,0,0,0.00000,1
0.4853,4.7870,2.4408,11.4749,-2.3745,0.0530,-0.5394,0,0,0,0.00000,1
0.3741,3.9925,2.7497,12.7745,-2.7223,0.0114,-1.3513,0,1,0,1.59303,1
0.3929,4.2052,2.7164,11.4066,-2.5065,0.1290,-0.4531,0,0,0,0.00000,3
0.4741,4.6176,2.4501,11.4166,-1.4308,0.0046,-0.4123,0,0,0,0.00000,3
0.4003,4.2388,2.6890,12.7542,2.6128,0.0171,-1.4443,0,0,2,1.59011,1
0.4384,4.3400,2.5377,11.9311,-2.9062,0.0073,-0.8180,0,1,0,0.65098,3
0.4889,5.2476,2.5231,11.2873,2.3546,0.0346,-0.3460,0,0,0,0.00000,3
0.4316,4.7334,2.6672,13.2015,-2.8610,0.0024,-1.9709,0,1,0,0.27580,1
0.4424,4.6333,2.5922,12.0735,2.0242,0.0049,-0.9534,0,1,0,0.56124,1
0.3905,4.0452,2.6820,11.9340,-3.1255,0.0581,-0.7834,0,0,1,0.68662,3
0.4505,4.9458,2.6294,11.5378,-2.3231,0.0808,-0.5824,0,0,0,0.00000,3
0.4912,4.8117,2.4216,12.5731,-1.0361,0.0284,-1.6251,0,1,1,1.16847,1
0.4744,4.4527,2.4111,11.2850,-0.2421,0.0129,-0.3021,0,0,0,0.00000,3
0.4442,4.7546,2.6131,13.1447,3.0618,0.0390,-2.0422,0,0,1,2.00737,1
0.3530,3.8112,2.8044,12.3854,-2.9860,0.1314,-1.1448,0,1,1,0.51442,1
0.4359,4.4619,2.5795,11.4260,1.5540,0.0053,-0.3755,0,0,0,0.00000,1
0.3828,4.1278,2.7452,12.9649,2.7035,0.0245,-1.5681,1,1,0,1.48441,1
0.4151,4.4414,2.6720,11.4537,-3.0264,0.0751,-0.4549,0,0,0,0.00000,3
0.4745,4.6013,2.4446,11.4289,2.0239,0.0098,-0.4302,0,0,0,0.00000,3
0.6159,5.7730,2.1166,11.3976,-0.6159,0.0569,-0.6446,0,0,0,0.00000,3
0.3708,3.9106,2.7417,11.4741,-3.0344,0.1361,-0.4871,0,0,0,0.00000,1
0.5709,5.2593,2.1986,12.2728,1.2076,0.0222,-1.5409,0,0,1,0.60445,1
0.6120,5.6456,2.1118,11.6138,0.1983,0.0308,-0.8642,0,0,0,0.00000,3
0.4455,4.5261,2.5524,11.7734,-2.3569,0.0201,-0.7094,0,1,0,0.46693,3
0.5104,5.3498,2.4519,11.6176,2.1662,0.0640,-0.7336,0,0,0,0.00000,1
0.3667,3.8339,2.7388,12.3513,-2.3709,0.0077,-0.9841,0,1,0,0.39806,1
0.5605,5.4425,2.2689,11.5916,-1.0056,0.0167,-0.7311,0,0,0,0.00000,3
0.4446,4.8310,2.6295,12.1133,1.5823,0.0550,-1.0639,0,0,1,0.75189,1
0.4501,4.4708,2.5182,12.1106,1.9683,0.0137,-1.0176,0,0,1,0.63637,1
0.5325,5.3180,2.3556,11.4062,-2.1110,0.0441,-0.5248,0,0,0,0.00000,1
0.3773,3.9447,2.7188,12.6708,-2.4721,0.0818,-1.3880,1,1,1,1.30566,1
0.4041,4.1491,2.6456,12.1264,-2.8926,0.0025,-0.8989,0,1,0,0.52475,1
0.3338,3.6766,2.8665,12.8578,-2.6585,0.1219,-1.4344,0,1,3,1.04002,0
0.5185,4.9442,2.3392,11.3267,1.3025,0.0159,-0.3925,0,0,0,0.00000,3
0.4409,4.6085,2.5930,11.3258,-1.9996,0.0204,-0.3141,0,0,0,0.00000,3
0.4498,4.7194,2.5795,12.0865,1.4293,0.0118,-0.9933,0,1,0,0.77846,1
0.4928,5.1680,2.4899,11.4534,-2.4110,0.0157,-0.4856,0,0,0,0.00000,3
0.6071,5.5506,2.1148,11.6442,-0.4677,0.1690,-1.0726,0,0,0,0.00000,1
0.4734,4.5006,2.4263,11.4820,-2.0851,0.0337,-0.5059,0,0,0,0.00000,1
0.4799,5.2648,2.5662,11.3443,-3.0209,0.0690,-0.4294,0,0,0,0.00000,3
0.4682,4.8881,2.5362,11.4605,2.5118,0.0781,-0.5332,0,0,0,0.00000,1
0.5944,5.3852,2.1344,11.3161,-0.1734,0.0502,-0.5113,0,0,0,0.00000,3
0.4350,4.2448,2.5285,11.3365,3.1404,0.0206,-0.3165,0,0,0,0.00000,1
0.5331,4.8658,2.2677,12.1084,-1.3508,0.0282,-1.2518,0,0,1,0.82463,1
0.5422,5.7480,2.3947,12.4026,-0.5147,0.0136,-1.5951,0,0,1,0.83532,1
0.5207,5.1797,2.3765,11.3757,-0.6861,0.0155,-0.4446,0,0,0,0.00000,3
0.4239,4.1666,2.5581,12.7283,2.5996,0.0100,-1.4985,0,0,0,0.00000,1
0.4367,4.3877,2.5575,11.6753,-2.5707,0.0122,-0.5974,0,0,1,0.18867,3
0.4610,4.7150,2.5283,12.5989,-0.7419,0.0064,-1.5089,0,1,2,1.60901,1
0.5133,4.7359,2.3177,11.4355,0.9409,0.0140,-0.4910,0,0,0,0.00000,3
0.4099,4.0630,2.5939,11.4269,2.9027,0.0455,-0.3920,0,0,0,0.00000,1
0.4918,5.1358,2.4876,12.1045,-2.9687,0.0392,-1.1572,0,1,0,0.83198,1
0.3823,4.1601,2.7574,11.3726,3.0089,0.2061,-0.5031,0,0,0,0.00000,1
0.5635,5.5085,2.2689,11.5835,1.0638,0.0392,-0.7557,0,0,0,0.00000,3
0.5096,5.2932,2.4441,11.9848,-2.1634,0.0083,-1.0373,0,0,1,0.28381,3
0.3606,3.9251,2.7998,11.6776,-2.5668,0.0497,-0.5208,0,0,1,0.19777,1
0.5131,5.2269,2.4165,11.3188,0.2741,0.0322,-0.3989,0,0,0,0.00000,1
0.3872,4.1615,2.7325,11.6985,-2.5619,0.1329,-0.6813,0,1,0,0.40255,3
0.5864,5.7325,2.2189,11.6918,1.0834,0.0110,-0.8848,0,0,0,0.00000,3
0.4618,4.7354,2.5295,11.3055,2.7444,0.0595,-0.3627,0,0,0,0.00000,1
0.5142,4.8536,2.3380,11.8908,-1.7745,0.0319,-0.9787,0,0,1,0.51863,1
0.5587,5.1637,2.2269,11.5881,-0.3836,0.0952,-0.8223,0,0,0,0.00000,1
0.4325,4.3703,2.5721,11.9670,-2.1001,0.0397,-0.8799,0,0,1,0.60283,3
0.4003,4.1988,2.6779,11.3625,1.6786,0.0368,-0.3208,0,0,0,0.00000,1
0.5088,5.2829,2.4454,12.0610,2.2995,0.0474,-1.1680,0,0,1,0.69939,1
0.4233,4.2527,2.5835,11.5519,-1.8601,0.0523,-0.5202,0,1,0,0.20272,3
0.4391,4.4305,2.5572,12.5564,-2.3956,0.0259,-1.4198,0,0,1,1.11313,1
0.4455,4.5733,2.5639,11.3813,-2.8818,0.0742,-0.4289,0,0,0,0.00000,1
0.4459,4.7001,2.5925,11.2797,-0.8554,0.0018,-0.2588,0,0,0,0.00000,1
0.3916,4.2978,2.7491,11.4140,3.0153,0.0184,-0.3303,0,0,0,0.00000,1
0.4557,4.2606,2.4434,11.3910,-0.8509,0.0141,-0.3778,0,0,0,0.00000,3
0.4991,5.0836,2.4459,11.2675,-2.3151,0.0317,-0.3335,0,0,0,0.00000,1
0.4221,4.2454,2.5871,11.3665,-2.9870,0.0194,-0.3267,0,0,0,0.00000,3
0.5768,5.8257,2.2703,11.6032,-1.8095,0.0191,-0.7770,0,0,0,0.00000,1
0.4883,5.1958,2.5149,11.9103,-1.8730,0.0399,-0.9543,0,0,1,0.42841,3
0.3736,3.8851,2.7193,11.3607,-1.8309,0.0254,-0.2794,0,0,0,0.00000,1
0.4383,4.2965,2.5272,12.7712,-2.8690,0.0140,-1.6015,0,0,1,1.24700,1
0.4669,4.7544,2.5117,11.3136,-2.8512,0.0246,-0.3350,0,0,0,0.00000,3
0.4016,4.3907,2.7243,11.4187,2.3403,0.0212,-0.3485,0,0,0,0.00000,1
0.5039,4.7191,2.3510,11.3477,0.1461,0.0091,-0.3879,0,0,0,0.00000,3
0.4429,4.1977,2.4822,11.7143,-1.4250,0.0191,-0.6496,0,1,0,0.16563,3
0.5588,5.5965,2.3022,11.5912,0.9791,0.0260,-0.7404,0,0,0,0.00000,3
0.3615,3.9882,2.8150,13.0665,2.7518,0.0526,-1.6076,0,1,0,1.92348,0
0.3930,3.9728,2.6490,12.3362,-2.6404,0.0465,-1.1049,0,1,1,1.09568,1
0.3627,3.9450,2.7952,12.5322,-2.4609,0.0561,-1.1829,0,1,0,1.09669,1
0.3310,3.6381,2.8693,12.9480,2.9656,0.0702,-1.4095,0,1,1,1.34652,1
0.3694,4.0249,2.7843,11.7112,-2.2784,0.0453,-0.5545,0,1,0,0.21081,1
0.4450,4.7037,2.5975,11.3277,-1.4359,0.0325,-0.3340,0,0,0,0.00000,1
0.4522,4.4560,2.5058,12.4608,2.2920,0.0542,-1.4159,0,1,0,0.78519,1
0.4540,4.2642,2.4512,11.7149,-1.1776,0.0616,-0.7239,0,1,0,0.24688,3
0.3493,3.7689,2.8108,12.5353,-3.0357,0.0326,-1.1064,0,1,0,1.24429,1
0.5186,5.4938,2.4452,11.6324,-0.0212,0.0057,-0.6910,0,1,0,0.23759,1
0.3780,3.9653,2.7211,13.0841,2.5992,0.0164,-1.6347,0,1,1,1.92106,1
0.4161,4.1282,2.5835,11.2818,1.1257,0.0249,-0.2586,0,0,0,0.00000,1
0.4562,4.5578,2.5128,12.4966,1.3122,0.0188,-1.4099,0,1,0,1.06707,1
0.4715,5.1553,2.5806,13.2835,-2.9816,0.0194,-2.2874,0,1,1,1.71762,1
0.4625,4.8849,2.5609,12.2575,-1.6280,0.0240,-1.2068,0,1,1,0.80034,1
0.4741,5.0311,2.5419,13.0045,-1.2338,0.0023,-1.9703,0,0,1,1.49662,1
0.4968,4.8877,2.4147,11.4098,1.3924,0.0482,-0.4865,0,0,0,0.00000,3
0.5250,4.9738,2.3196,11.3125,-2.4942,0.0011,-0.3681,0,0,0,0.00000,1
0.4444,4.6003,2.5752,11.3031,2.8836,0.0073,-0.2833,0,0,0,0.00000,3
0.4266,4.4393,2.6169,11.8831,1.8201,0.0150,-0.7619,0,0,1,0.37868,1
0.3892,4.0867,2.7007,11.2982,-2.8480,0.0196,-0.2416,0,0,0,0.00000,3
0.4346,4.2668,2.5360,11.3510,-1.8471,0.0345,-0.3444,0,0,0,0.00000,3
0.3577,3.7783,2.7688,11.4410,2.4597,0.1507,-0.4640,0,0,0,0.00000,3
0.5787,5.8422,2.2659,11.7375,-2.1190,0.0159,-0.9299,0,0,0,0.00000,1
0.4649,4.4516,2.4505,11.6198,-0.3935,0.0208,-0.6043,0,0,1,0.25630,1
0.5646,5.3890,2.2442,12.1449,-0.5855,0.0124,-1.3592,0,0,1,0.64471,1
0.5591,5.1626,2.2253,11.7041,0.0504,0.0277,-0.8650,0,0,1,0.21381,1
0.4240,4.4416,2.6297,11.3041,-2.1412,0.0278,-0.2876,0,0,0,0.00000,3
0.4782,4.6087,2.4307,11.4708,1.6335,0.0116,-0.4757,0,0,0,0.00000,3
0.3781,3.9726,2.7230,11.3814,2.3979,0.0189,-0.2916,0,0,0,0.00000,1
0.5236,4.8285,2.2965,11.4420,-0.2587,0.0881,-0.6016,0,0,0,0.00000,1
0.4315,4.6841,2.6557,12.3761,2.9404,0.0883,-1.3180,0,0,1,0.43069,1
0.4349,4.2555,2.5318,12.4732,-1.1768,0.0077,-1.2987,1,1,0,1.01240,1
0.4516,4.5332,2.5269,11.3131,-2.8258,0.0006,-0.2909,0,0,0,0.00000,3
0.4122,4.3143,2.6517,12.9133,-2.7950,0.0488,-1.6888,0,0,0,0.00000,1
0.4700,4.6149,2.4669,11.3733,-2.2623,0.0275,-0.3951,0,0,0,0.00000,1
0.4362,4.6623,2.6281,12.7549,-2.8788,0.0468,-1.6329,1,1,0,1.46432,1
0.5150,5.4265,2.4476,11.5694,-2.4605,0.0124,-0.6289,0,0,0,0.00000,3
0.4643,5.0506,2.5901,12.8865,-2.1998,0.0012,-1.8044,0,1,0,1.24749,1
0.3902,4.1958,2.7273,11.4026,2.9663,0.0391,-0.3436,0,0,0,0.00000,3
0.3989,4.1308,2.6655,11.8639,2.5776,0.0719,-0.7615,0,0,1,0.58202,3
0.4063,4.0716,2.6135,12.1610,2.8222,0.0103,-0.9436,1,1,0,0.51527,1
0.4198,4.3132,2.6154,11.4814,2.1069,0.0080,-0.4047,0,0,0,0.00000,3
0.4221,4.3909,2.6254,13.0041,2.1047,0.0179,-1.7632,1,1,0,1.58048,1
0.5500,5.1303,2.2535,11.6602,0.4122,0.0290,-0.8016,0,0,0,0.00000,3
0.5737,5.3188,2.1982,11.6086,0.5272,0.0782,-0.8501,0,0,0,0.00000,3
0.4566,4.4481,2.4848,11.3793,1.9912,0.0241,-0.3808,0,0,0,0.00000,3
0.3487,3.8217,2.8316,13.1267,2.9979,0.1225,-1.7211,1,1,1,1.63394,1
0.4913,5.2073,2.5045,11.7653,-1.7108,0.0076,-0.7757,0,0,1,0.42081,3
0.4537,4.9440,2.6143,11.8905,2.1212,0.0370,-0.8553,0,0,1,0.54524,3
0.4851,4.3987,2.3555,11.4305,-0.6369,0.0300,-0.4682,0,0,0,0.00000,3
0.5020,5.3789,2.4932,12.6042,2.6609,0.0181,-1.6851,0,1,1,1.04622,1
0.4545,4.8450,2.5874,13.1653,2.4620,0.0133,-2.0657,0,1,1,1.68114,1
0.6169,5.6687,2.0978,11.3450,-0.1475,0.0418,-0.5640,0,0,0,0.00000,3
0.4071,4.1494,2.6314,11.4870,-2.7003,0.0012,-0.3846,0,0,1,0.14986,1
0.5502,5.6438,2.3438,12.5697,-2.3383,0.0086,-1.8078,0,1,0,0.65448,1
0.3940,4.0671,2.6715,11.7565,-2.5854,0.0390,-0.6238,0,0,1,0.16635,3
0.4011,4.2566,2.6901,11.5045,2.5843,0.1848,-0.6074,0,0,0,0.00000,1
0.6020,5.7501,2.1637,11.4264,0.9659,0.0016,-0.5909,0,0,0,0.00000,1
0.4029,4.1472,2.6506,12.7705,3.0865,0.0436,-1.5117,0,1,1,1.42607,1
0.3641,3.8527,2.7587,12.5451,-2.4424,0.0586,-1.2020,1,1,1,0.69088,1
0.4955,5.1797,2.4808,11.4147,-2.2394,0.0562,-0.5000,0,0,0,0.00000,3
0.5539,5.3205,2.2728,11.3659,-0.2272,0.0020,-0.4590,0,0,0,0.00000,3
0.6154,5.8453,2.1293,11.4820,0.4471,0.1317,-0.8394,0,0,0,0.00000,1
0.4235,4.5509,2.6600,11.3937,-2.5785,0.0302,-0.3636,0,0,0,0.00000,3
0.4789,5.0502,2.5251,11.4911,-2.0926,0.0221,-0.5098,0,0,0,0.00000,3
0.4040,4.2172,2.6647,13.1427,1.5164,0.0071,-1.7899,0,1,1,1.85052,1
0.4531,4.8591,2.5974,12.2502,-0.6152,0.0011,-1.1407,0,1,0,0.97075,1
0.3790,4.1267,2.7644,12.6148,2.7178,0.0390,-1.2808,0,1,1,1.34579,1
0.4153,4.1822,2.6016,11.4468,2.3883,0.0198,-0.3845,0,0,0,0.00000,3
0.3801,4.0891,2.7475,11.3378,-2.1697,0.0279,-0.2720,0,0,0,0.00000,1
0.5275,5.0701,2.3286,11.3696,-1.7866,0.0211,-0.4526,0,0,0,0.00000,1
0.5213,4.8135,2.3025,11.5428,0.6193,0.0656,-0.6744,0,0,0,0.00000,3
0.4040,4.0532,2.6190,11.3868,2.1337,0.0167,-0.3202,0,0,0,0.00000,3
0.4103,4.2516,2.6438,11.5741,-2.0992,0.0881,-0.5629,0,1,0,0.16305,3
0.4361,4.4598,2.5784,12.7970,2.0353,0.0289,-1.6434,0,0,1,1.26498,1
0.5036,4.8478,2.3787,12.0632,-0.9065,0.0830,-1.2050,0,0,1,0.82664,1
0.3273,3.6080,2.8802,11.6269,-2.6042,0.0557,-0.4424,0,0,1,0.37646,0
0.4878,5.2880,2.5364,11.4652,1.8728,0.0050,-0.4781,0,0,0,0.00000,1
0.4324,4.7675,2.6716,11.3222,2.8764,0.1285,-0.4263,0,0,0,0.00000,0
0.5641,5.4268,2.2525,11.4311,-1.4604,0.0046,-0.5458,0,0,0,0.00000,1
0.4557,4.6289,2.5318,11.4224,-0.7403,0.0231,-0.4172,0,0,0,0.00000,1
0.5617,5.4350,2.2630,11.4219,1.1578,0.0367,-0.5717,0,0,0,0.00000,3
0.4480,4.3119,2.4888,11.4118,-2.6944,0.0132,-0.3861,0,0,0,0.00000,1
0.4827,4.7569,2.4450,11.4930,2.8368,0.0157,-0.5080,0,0,0,0.00000,1
0.3625,3.9384,2.7943,12.2460,2.8821,0.1174,-1.0421,0,1,0,1.10210,3
0.5445,5.0979,2.2684,11.3904,-1.3015,0.0057,-0.4764,0,0,0,0.00000,1
0.4932,5.2653,2.5082,11.4371,-1.8320,0.0110,-0.4655,0,0,0,0.00000,3
0.4006,4.3926,2.7300,12.3392,2.8213,0.0530,-1.1396,1,1,0,0.45027,3
0.4051,4.4044,2.7106,12.9796,2.1161,0.0239,-1.6770,0,1,0,1.70838,1
0.4772,4.8366,2.4859,12.5765,1.1028,0.0202,-1.5662,0,1,0,1.37124,1
0.4726,4.6874,2.4720,11.3112,-0.7694,0.0353,-0.3508,0,0,0,0.00000,1
0.4626,4.9815,2.5822,11.4267,2.6016,0.0128,-0.4185,0,0,0,0.00000,3
0.6343,5.9021,2.0697,12.0139,-0.1000,0.0622,-1.4600,0,1,0,0.42463,1
0.5028,4.6818,2.3475,12.1839,0.0002,0.0189,-1.2366,0,0,1,0.56978,1
0.4678,4.3276,2.4091,11.3287,1.6438,0.0063,-0.3267,0,0,0,0.00000,3
0.4002,4.3525,2.7209,12.5690,-2.8608,0.1062,-1.4174,1,1,0,1.13819,1
0.5135,5.1339,2.3967,11.3989,1.0555,0.0311,-0.4772,0,0,0,0.00000,3
0.4464,4.4154,2.5211,11.4687,-2.3880,0.0170,-0.4384,0,0,0,0.00000,3
0.4414,4.6408,2.5986,12.3403,-2.7079,0.0794,-1.3025,0,0,0,0.00000,1
0.3982,4.0864,2.6564,12.6139,-2.9097,0.0278,-1.3307,0,1,1,1.12256,1
0.4318,4.7576,2.6723,12.4578,2.8944,0.1140,-1.4335,0,1,0,1.24821,0
0.3664,3.8912,2.7587,12.2811,2.4735,0.0798,-1.0295,0,0,2,0.83051,3
0.4934,5.3804,2.5307,11.8935,-2.5784,0.0506,-0.9634,0,0,0,0.00000,3
0.4820,4.5390,2.3997,11.3854,0.9654,0.0302,-0.4229,0,0,0,0.00000,3
0.3893,4.1683,2.7236,11.4249,2.8847,0.1985,-0.5438,0,0,0,0.00000,1
0.3820,4.0688,2.7319,11.3768,-3.0262,0.0827,-0.3652,0,0,0,0.00000,3
0.4507,4.8352,2.6028,12.2184,-3.0845,0.0109,-1.1177,0,0,1,0.88236,3
0.4243,4.5312,2.6512,11.4434,-1.6838,0.0454,-0.4232,0,0,0,0.00000,1
0.4926,4.8679,2.4280,11.3901,2.5533,0.0162,-0.4244,0,0,0,0.00000,1
0.4988,4.6801,2.3627,11.3359,0.9546,0.0106,-0.3726,0,0,0,0.00000,3
0.4456,4.8340,2.6257,11.6217,2.8964,0.1392,-0.7210,0,0,0,0.00000,1
0.5232,5.4217,2.4128,12.0730,1.6740,0.0068,-1.1624,0,0,1,0.61228,3
0.5003,5.1158,2.4474,11.6496,-0.5913,0.0120,-0.6830,0,1,0,0.27921,1
0.4390,4.1976,2.4990,11.3833,0.6792,0.0247,-0.3647,0,0,0,0.00000,1
0.4016,4.0671,2.6346,11.3775,-2.5507,0.0360,-0.3327,0,0,0,0.00000,3
0.4069,4.4434,2.7126,12.4922,-2.6157,0.0493,-1.2871,0,0,2,0.43958,3
0.4881,4.8099,2.4341,11.3026,-1.8058,0.0426,-0.3675,0,0,0,0.00000,3
0.4935,5.0993,2.4726,11.4721,-1.2497,0.0353,-0.5278,0,0,0,0.00000,1
0.4041,4.2558,2.6749,12.5521,-3.0542,0.0062,-1.2656,0,0,2,1.09742,1
0.5096,4.9649,2.3786,12.1278,1.9326,0.0392,-1.2276,0,0,1,0.75854,1
0.5126,5.3137,2.4359,11.4248,-2.6553,0.0035,-0.4696,0,0,0,0.00000,3
0.4597,5.0358,2.6075,11.5118,3.0181,0.0100,-0.4880,0,0,0,0.00000,3
0.4070,4.2320,2.6548,13.0647,1.8096,0.0020,-1.7232,0,0,1,1.44224,1
0.3876,4.2231,2.7484,11.8181,-2.5734,0.1453,-0.7938,0,1,0,0.47202,3
0.3982,4.0759,2.6534,11.9826,2.0467,0.0218,-0.7922,0,1,0,0.81695,3
0.5405,4.9120,2.2486,11.9988,1.0123,0.0189,-1.1371,0,1,0,0.51435,1
0.4554,4.6557,2.5392,12.1514,1.3079,0.0395,-1.1063,0,1,0,0.77729,1
0.4602,4.2893,2.4316,11.9011,-0.9672,0.0141,-0.8457,0,0,1,0.26835,1
0.4146,4.0775,2.5762,11.3012,-0.9653,0.0300,-0.2785,0,0,0,0.00000,1
0.3491,3.8216,2.8297,11.4637,-3.0872,0.2775,-0.6162,0,0,0,0.00000,1
0.4132,4.4000,2.6701,11.3015,2.7766,0.0281,-0.2758,0,0,0,0.00000,3
0.5045,4.9571,2.3976,11.8882,-1.5936,0.0133,-0.9309,0,0,1,0.38963,3
0.6338,5.7936,2.0561,11.3980,0.4148,0.0311,-0.6381,0,0,0,0.00000,1
0.4478,4.4255,2.5176,11.3781,-1.3256,0.0457,-0.3951,0,0,0,0.00000,3
0.4975,5.1990,2.4762,13.1082,-1.2100,0.0154,-2.2149,0,1,1,1.60533,1
0.4715,4.3513,2.3994,12.4427,-0.6027,0.0340,-1.4295,0,0,1,0.85915,1
0.4817,4.9287,2.4869,11.4180,2.6213,0.0705,-0.5020,0,0,0,0.00000,1
0.3372,3.6937,2.8529,12.9440,-2.7179,0.0553,-1.4082,1,1,1,1.61542,1
0.3877,4.1572,2.7288,11.3835,-2.9047,0.0534,-0.3427,0,0,0,0.00000,3
0.4132,4.1452,2.6016,11.8456,-0.8617,0.0097,-0.6952,0,0,1,0.35868,1
0.5055,4.9292,2.3881,11.4892,0.7772,0.0284,-0.5520,0,0,0,0.00000,3
0.4358,4.2538,2.5272,11.4837,-2.2777,0.0549,-0.4825,0,0,0,0.00000,1
0.4899,4.5729,2.3753,11.5011,1.2624,0.0339,-0.5468,0,0,0,0.00000,3
0.4218,4.4536,2.6431,11.2967,2.4470,0.1005,-0.3621,0,0,0,0.00000,3
0.5503,5.5828,2.3329,11.5328,2.3356,0.0208,-0.6566,0,0,0,0.00000,1
0.4664,4.8181,2.5286,12.0625,2.3714,0.0282,-1.0344,0,1,0,0.62336,3
0.4306,4.4779,2.6079,11.7293,2.0097,0.0078,-0.6285,0,1,0,0.34555,1
0.5791,5.4914,2.2070,11.9924,0.6711,0.0506,-1.2736,0,1,0,0.53838,1
0.4276,4.5107,2.6303,11.6797,1.3669,0.0038,-0.5764,0,0,2,0.41246,1
0.4201,4.2127,2.5876,11.6069,-2.2835,0.0145,-0.5155,0,1,0,0.33294,3
0.4806,4.9163,2.4888,11.9124,-2.0966,0.0436,-0.9430,0,0,1,0.36476,3
0.3962,4.1173,2.6747,11.3465,1.8339,0.0186,-0.2836,0,0,0,0.00000,1
0.5019,5.4108,2.5001,12.0117,1.9325,0.0341,-1.0820,0,1,0,0.41035,3
0.4327,4.4208,2.5840,11.4657,-1.9778,0.0038,-0.4031,0,0,0,0.00000,3
0.3959,4.0300,2.6512,12.5101,-2.8833,0.0598,-1.2822,0,0,2,0.90902,1
0.4574,4.3251,2.4519,12.2850,1.7341,0.0133,-1.1995,0,1,0,0.62005,1
0.3432,3.7632,2.8429,13.3347,3.1361,0.0771,-1.7877,0,1,1,2.21220,1
0.5051,4.5992,2.3208,11.5484,0.2052,0.0125,-0.5886,0,0,0,0.00000,3
0.4881,5.3100,2.5394,11.4762,0.9167,0.0000,-0.4831,0,0,0,0.00000,1
0.4554,4.3863,2.4749,11.2759,1.7380,0.0140,-0.2773,0,0,0,0.00000,3
0.4351,4.2086,2.5190,12.5717,-2.0354,0.0309,-1.4272,0,1,0,1.35117,1
0.4276,4.2529,2.5640,11.4626,2.0721,0.0095,-0.4003,0,0,1,0.17287,3
0.5152,5.3841,2.4385,11.9768,1.8767,0.0234,-1.0631,0,1,0,0.42858,3
0.4848,4.6853,2.4208,11.9478,-0.4616,0.0038,-0.9325,0,0,1,0.28271,1
0.4447,4.4366,2.5338,11.4315,-1.6727,0.0144,-0.4012,0,0,0,0.00000,3
0.4561,4.5266,2.5058,11.3008,-0.3155,0.0100,-0.2954,0,0,0,0.00000,1
0.3881,3.9915,2.6785,11.9218,1.6875,0.0452,-0.7516,0,1,0,0.55256,1
0.5374,5.0851,2.2929,11.9441,0.2778,0.0365,-1.0957,0,1,0,0.57559,1
0.4647,4.4779,2.4575,11.5439,-1.6731,0.0107,-0.5225,0,0,0,0.00000,3
0.4884,5.2077,2.5172,11.3412,2.7703,0.0446,-0.4076,0,0,0,0.00000,3
0.4958,4.6310,2.3642,11.4932,-1.3634,0.0123,-0.5215,0,0,0,0.00000,3
0.6016,5.8874,2.1862,12.3171,-0.0566,0.0383,-1.7211,0,0,1,0.51928,1
0.4066,4.3981,2.7019,12.2197,2.9969,0.0864,-1.1001,0,1,0,1.00692,1
0.5336,5.2247,2.3339,11.5681,1.0271,0.0545,-0.7080,0,0,0,0.00000,3
0.5216,5.3615,2.4077,12.6425,-1.9222,0.0005,-1.7708,0,1,1,1.47198,1
0.4616,4.9525,2.5800,11.4757,-2.5601,0.1139,-0.5810,0,0,0,0.00000,1
0.4347,4.5052,2.5959,11.2692,-2.5159,0.0029,-0.2407,0,0,0,0.00000,3
0.3838,4.0682,2.7227,12.0161,2.4389,0.0635,-0.8413,0,1,1,0.45540,3
0.4983,4.6760,2.3639,12.3172,-2.7547,0.0027,-1.3384,0,0,1,0.86369,1
0.5446,5.5164,2.3437,11.3664,-2.2482,0.0126,-0.4619,0,0,0,0.00000,1
0.4870,5.1713,2.5157,12.1290,-1.0806,0.0361,-1.1654,0,0,1,0.60618,1
0.3965,3.9811,2.6343,11.6733,-2.6346,0.0395,-0.5626,0,0,1,0.23709,3
0.4389,4.5928,2.5986,13.0827,1.7213,0.0104,-1.9023,0,1,0,0.19700,1
0.5059,4.9397,2.3885,12.7909,0.9413,0.0426,-1.9432,0,1,0,1.62346,1
0.3648,3.8793,2.7630,12.0686,2.8908,0.0387,-0.8053,0,1,0,0.90270,3
0.3795,4.0433,2.7372,11.3044,-2.1088,0.0429,-0.2638,0,0,0,0.00000,1
0.4068,4.3976,2.7007,12.5395,-2.3872,0.0293,-1.2987,0,1,1,1.40752,1
0.4468,4.7301,2.5954,12.2426,-1.9069,0.0709,-1.2135,0,0,1,1.07699,3
0.3527,3.7548,2.7878,11.7101,2.7097,0.0617,-0.5459,0,1,0,0.19234,3
0.3703,4.0145,2.7760,13.0483,-3.0418,0.0284,-1.5908,0,1,1,1.58096,1
0.4702,4.6512,2.4743,11.4556,-0.2335,0.0170,-0.4579,0,0,0,0.00000,1
0.3563,3.8862,2.8107,13.0768,2.4980,0.0489,-1.5866,0,1,0,1.89870,1
0.4201,4.5934,2.6874,12.6691,-2.3498,0.0438,-1.4853,0,1,2,2.14125,1
0.4411,4.7391,2.6241,11.4173,1.7851,0.0478,-0.4245,0,0,0,0.00000,1
0.4477,4.6725,2.5779,11.3654,2.8104,0.0246,-0.3602,0,0,0,0.00000,3
0.3875,4.2626,2.7602,11.3645,-1.9752,0.0614,-0.3373,0,0,0,0.00000,1
0.4222,4.3349,2.6103,11.4359,-1.9566,0.0324,-0.3989,0,0,0,0.00000,3
0.4060,4.2719,2.6702,11.3769,2.8020,0.0892,-0.3984,0,0,0,0.00000,3
0.4624,4.4225,2.4539,11.2871,0.9188,0.0127,-0.2923,0,0,0,0.00000,3
0.4052,4.4514,2.7229,12.3489,-2.5596,0.0677,-1.1826,0,0,2,0.78210,3
0.4236,4.2888,2.5915,11.4978,-2.2912,0.0190,-0.4358,0,0,0,0.00000,3
0.5226,5.4162,2.4140,12.6733,0.9912,0.0329,-1.8626,0,1,1,1.17666,1
0.4127,4.5454,2.7109,11.4644,-1.7902,0.0447,-0.4255,0,0,0,0.00000,0
0.4205,4.4942,2.6596,11.8654,1.8981,0.0186,-0.7392,0,1,0,0.47389,1
0.6339,6.1733,2.1086,11.7919,-0.5299,0.0738,-1.1896,0,0,0,0.00000,3
0.3876,3.9371,2.6650,12.8179,2.0560,0.0093,-1.4358,1,1,1,1.37349,1
0.4355,4.3818,2.5614,12.7476,2.0163,0.0130,-1.5669,0,0,0,0.00000,1
0.4839,4.6228,2.4108,11.2706,-1.3578,0.0567,-0.3492,0,0,0,0.00000,3
0.4038,4.2272,2.6684,11.4321,-2.2172,0.1003,-0.4529,0,0,0,0.00000,3
0.4862,4.6611,2.4098,11.2838,-2.0074,0.0532,-0.3598,0,0,0,0.00000,1
0.4094,4.0887,2.6035,11.3459,2.4422,0.0884,-0.3761,0,0,0,0.00000,1
0.4661,4.4184,2.4374,12.1415,1.4246,0.0146,-1.0885,0,1,0,0.79429,1
0.3984,4.1110,2.6626,12.3681,2.8910,0.0641,-1.1735,0,1,1,1.08523,1
0.4965,5.2756,2.4959,11.4149,2.5227,0.0244,-0.4642,0,0,0,0.00000,3
0.5128,5.5204,2.4750,11.3828,-1.2091,0.0052,-0.4311,0,0,0,0.00000,1
0.4738,4.7328,2.4771,11.5325,1.3918,0.0104,-0.5260,0,0,0,0.00000,3
0.4422,4.6026,2.5858,11.6332,3.0786,0.0030,-0.5594,0,1,0,0.30183,3
0.4588,4.7219,2.5399,12.0607,-1.1160,0.0259,-1.0105,0,0,1,0.47468,1
0.3764,3.9957,2.7386,13.0018,-2.7657,0.0595,-1.6320,1,1,0,1.21878,1
0.4327,4.3265,2.5600,11.4113,-2.3361,0.0063,-0.3602,0,0,0,0.00000,3
0.3895,4.2208,2.7377,11.7488,-2.3598,0.0205,-0.5876,0,1,0,0.31869,1
0.4069,4.1972,2.6456,12.2322,-1.9814,0.0037,-0.9966,0,1,1,0.76321,1
0.3679,3.8945,2.7517,12.6527,3.1109,0.0158,-1.2365,0,1,2,0.85226,1
0.4647,4.4535,2.4517,11.2560,1.2455,0.0123,-0.2665,0,0,0,0.00000,3
0.4309,4.6943,2.6607,11.3552,2.4795,0.0725,-0.3885,0,0,0,0.00000,3
0.4186,4.2133,2.5948,11.3373,1.5728,0.0078,-0.2860,0,0,0,0.00000,1
0.6073,5.9242,2.1705,12.7502,-0.9235,0.0206,-2.2743,0,0,1,1.56530,1
0.4561,4.3762,2.4695,11.4969,2.5038,0.0404,-0.5040,0,0,0,0.00000,1
0.5180,5.3078,2.4122,11.7752,-1.6259,0.0510,-0.8936,0,1,0,0.25964,3
0.4623,4.4543,2.4618,11.7151,-0.9955,0.0227,-0.6901,0,0,1,0.21038,3
0.3916,4.1774,2.7149,13.1810,2.7675,0.0397,-1.8254,1,1,1,1.98794,1
0.4676,4.7429,2.5063,12.0871,-2.2017,0.0193,-1.0486,0,0,1,0.75085,3
0.4955,5.3540,2.5161,11.9158,-2.4329,0.0815,-1.0311,0,0,1,0.32850,1
0.3633,3.8113,2.7495,11.3714,-2.9534,0.0413,-0.2949,0,0,0,0.00000,3
0.5069,5.2173,2.4403,11.8773,1.0091,0.0116,-0.9246,0,0,1,0.39185,3
0.4494,4.5182,2.5328,12.5097,2.3427,0.0168,-1.3968,0,1,0,1.04581,1
0.3947,4.3021,2.7346,12.0676,-2.5773,0.0688,-0.9161,0,0,1,0.56772,3
0.5092,4.8862,2.3642,12.7033,0.1010,0.0021,-1.7887,0,1,0,1.38935,1
0.4420,4.3004,2.5117,12.1604,-1.1155,0.0266,-1.0596,0,1,1,0.93795,1
0.4805,4.7690,2.4570,12.0164,-0.8661,0.0156,-1.0064,0,0,1,0.27231,1
0.4251,4.1778,2.5555,12.4642,2.1911,0.0201,-1.2774,0,1,1,1.16679,1
0.4754,5.1432,2.5603,11.6733,-2.1854,0.1304,-0.8102,0,0,0,0.00000,1
0.5170,5.1977,2.3950,11.3121,2.8168,0.0089,-0.3693,0,0,0,0.00000,1
0.4068,4.2747,2.6672,11.4299,-2.4435,0.0092,-0.3490,0,0,0,0.00000,1
0.3767,4.0210,2.7446,12.6293,-2.4711,0.0121,-1.2437,0,1,0,1.52755,1
0.4744,4.3593,2.3897,11.5028,1.5912,0.0230,-0.5130,0,0,0,0.00000,1
0.4986,4.7330,2.3749,11.4744,-1.0747,0.0138,-0.5095,0,0,0,0.00000,3
0.4196,4.1320,2.5684,11.2761,-2.6077,0.0735,-0.3124,0,0,0,0.00000,1
0.5101,5.2159,2.4270,11.4276,-1.0909,0.0125,-0.4794,0,0,0,0.00000,3
0.5821,5.6504,2.2220,11.4433,1.6970,0.0086,-0.5903,0,0,0,0.00000,1
0.4565,4.9244,2.5969,11.6805,2.8951,0.1006,-0.7463,0,0,0,0.00000,1
0.3537,3.8991,2.8292,11.7747,-2.0624,0.0681,-0.6019,0,1,0,0.42124,0
0.4291,4.5651,2.6372,12.3149,2.2366,0.0716,-1.2299,1,1,0,1.05843,3
0.5501,5.6944,2.3531,12.1473,-0.9120,0.0247,-1.3430,0,0,1,0.47722,1
0.3863,3.9759,2.6824,11.3032,3.0267,0.0844,-0.3157,0,0,0,0.00000,1
0.5190,5.3372,2.4139,11.3353,1.1221,0.0158,-0.4031,0,0,0,0.00000,3
0.4523,4.2696,2.4600,11.4936,-0.3322,0.0181,-0.4686,0,1,0,0.13967,1
0.4392,4.6230,2.6046,12.4218,2.1982,0.0408,-1.3163,0,1,2,1.52237,1
0.3757,3.8952,2.7114,11.8027,-3.0998,0.0638,-0.6575,0,0,1,0.25550,3
0.4467,4.2117,2.4691,11.2657,0.8850,0.0308,-0.2794,0,0,0,0.00000,1
0.4285,4.5714,2.6413,13.2097,1.9925,0.0224,-2.0001,0,1,1,1.97261,1
0.4498,4.7810,2.5938,12.8919,-2.2736,0.0426,-1.8172,1,1,0,0.67183,1
0.4353,4.5328,2.6000,12.8470,1.5169,0.0036,-1.6466,1,1,0,0.68306,1
0.5505,5.6931,2.3512,11.5109,1.0136,0.0307,-0.6462,0,0,0,0.00000,3
0.4731,5.1571,2.5736,11.8637,1.7126,0.0321,-0.8658,0,1,0,0.16364,1
0.3930,4.2113,2.7175,12.3852,-2.9663,0.0668,-1.1753,0,1,0,1.18085,3
0.4612,4.4666,2.4694,11.3489,2.9379,0.0222,-0.3569,0,0,0,0.00000,1
0.4476,4.2752,2.4814,11.4168,0.4722,0.0342,-0.4147,0,0,0,0.00000,1
0.3708,4.0666,2.7893,11.9300,-2.8341,0.0226,-0.6932,0,0,1,0.20509,1
0.4426,4.7167,2.6118,11.2858,-2.5992,0.0741,-0.3431,0,0,0,0.00000,3
0.3809,4.1300,2.7555,11.3185,-2.0304,0.0430,-0.2757,0,0,0,0.00000,1
0.5253,5.2710,2.3756,12.7377,1.7706,0.0134,-1.9127,0,1,0,1.38401,1
0.3867,4.0079,2.6901,11.3738,-2.9542,0.0314,-0.3091,0,0,0,0.00000,3
0.4825,4.5436,2.3988,11.6379,0.8204,0.0111,-0.6378,0,1,0,0.30166,3
0.4530,4.9439,2.6173,12.5435,-2.9007,0.0611,-1.5110,0,1,1,1.19015,1
0.4412,4.6164,2.5939,13.1115,2.7944,0.0301,-1.9775,0,1,0,1.93865,1
0.6242,5.7162,2.0787,11.4049,-0.1015,0.0341,-0.6363,0,0,0,0.00000,3
0.5009,4.6957,2.3578,12.3271,-1.6748,0.0180,-1.3799,0,1,0,0.27573,1
0.4531,4.2951,2.4626,11.4886,0.2974,0.0049,-0.4495,0,0,0,0.00000,3
0.4951,4.5016,2.3390,11.5430,0.7488,0.0525,-0.6177,0,0,0,0.00000,3
0.3954,4.0291,2.6535,11.3307,2.9827,0.0077,-0.2581,0,0,0,0.00000,3
0.4664,4.7895,2.5219,11.4137,1.8939,0.0245,-0.4245,0,0,0,0.00000,3
0.4161,4.2342,2.6121,11.3795,2.2799,0.0388,-0.3532,0,0,0,0.00000,3
0.5281,5.4710,2.4020,11.5053,-2.8075,0.0221,-0.5953,0,0,0,0.00000,1
0.5169,4.8985,2.3363,11.4483,-1.2041,0.0108,-0.5054,0,0,0,0.00000,3
0.5515,5.0274,2.2290,11.5035,-0.5044,0.0549,-0.6664,0,0,0,0.00000,3
0.5073,4.8359,2.3618,11.4736,-0.8573,0.0870,-0.6099,0,0,0,0.00000,1
0.3992,4.2791,2.7054,12.1530,2.8955,0.0314,-0.9485,0,1,0,0.68925,3
0.4474,4.7086,2.5877,11.8602,-2.1705,0.0365,-0.8130,0,0,1,0.58523,3
0.5422,5.4260,2.3372,12.6140,2.8282,0.0058,-1.8233,0,1,1,1.35802,1
0.3471,3.7896,2.8297,12.3277,2.2618,0.0354,-0.9483,0,0,2,0.71420,1
0.4706,4.6897,2.4809,12.6961,-0.9742,0.0475,-1.7089,0,0,1,1.38782,1
0.3742,4.0438,2.7647,12.3621,-1.9536,0.0445,-1.0671,0,0,3,1.04556,1
0.4717,5.0887,2.5650,11.4934,-3.0627,0.0438,-0.5282,0,0,0,0.00000,3
0.4184,4.2025,2.5926,11.7024,2.5994,0.0519,-0.6385,0,1,0,0.31488,1
0.5181,5.2091,2.3927,12.7058,1.3355,0.0155,-1.8516,0,0,1,1.05943,1
0.5555,5.5160,2.3011,12.7472,-2.6652,0.0044,-2.0299,0,0,2,1.17162,1
0.5149,5.2316,2.4101,11.3501,-1.7978,0.0219,-0.4199,0,0,0,0.00000,3
0.5572,5.7466,2.3340,11.3984,1.5018,0.0018,-0.4998,0,0,0,0.00000,3
0.3629,3.9252,2.7878,12.2007,-2.4114,0.0751,-0.9503,0,0,1,0.84966,3
0.5078,4.9101,2.3747,11.3961,-2.4029,0.0013,-0.4310,0,0,0,0.00000,3
0.3434,3.6969,2.8193,12.6246,2.7793,0.1056,-1.2636,0,1,1,1.37139,1
0.3902,4.0454,2.6838,12.1109,-2.8094,0.0502,-0.9158,0,0,1,0.62196,3
0.4173,4.1595,2.5861,11.8861,3.0371,0.0505,-0.7903,0,1,0,0.37348,1
0.4932,5.2042,2.4958,12.2763,1.6883,0.0090,-1.2952,0,1,1,0.92660,3
0.3553,3.8876,2.8170,11.7719,2.6130,0.0276,-0.5531,0,1,0,0.48079,1
0.3572,3.7704,2.7686,13.1102,2.5581,0.0124,-1.5544,2,0,1,1.50342,1
0.5025,4.7532,2.3635,11.2549,1.2937,0.0411,-0.3346,0,0,0,0.00000,3
0.4701,4.9780,2.5478,12.9604,-2.6468,0.0519,-1.9927,0,1,1,1.70472,1
0.4520,4.8832,2.6078,11.4124,-3.0330,0.0412,-0.4260,0,0,0,0.00000,3
0.3971,4.1870,2.6902,11.3398,-2.7416,0.0327,-0.2955,0,0,0,0.00000,3
0.3718,4.0256,2.7719,12.0702,2.8491,0.0865,-0.8860,0,0,1,0.72739,3
0.3918,4.2227,2.7270,13.1999,-2.7918,0.0019,-1.7740,0,1,1,1.95861,1
0.4026,4.4197,2.7272,11.3275,3.1355,0.0263,-0.2843,0,0,0,0.00000,1
0.3901,4.1451,2.7131,12.9967,2.4218,0.0364,-1.6476,1,1,1,1.34451,1
0.4596,4.3717,2.4539,12.0222,1.9146,0.0049,-0.9452,0,0,1,0.53545,1
0.3987,4.1790,2.6800,12.8968,2.6726,0.0144,-1.5588,0,1,1,1.49571,1
0.4505,4.2960,2.4741,11.2536,1.3783,0.0034,-0.2413,0,0,0,0.00000,3
0.4454,4.8607,2.6331,12.2286,2.8735,0.0505,-1.1678,0,1,0,0.45420,3
0.4127,4.1190,2.5965,12.6788,-2.6030,0.0430,-1.4652,1,1,1,1.42418,1
0.5869,5.8978,2.2433,11.6396,-0.4914,0.0036,-0.8170,0,0,0,0.00000,3
0.3684,3.8892,2.7474,12.5675,2.6359,0.0826,-1.2710,0,1,1,1.17180,1
0.5280,4.9865,2.3104,11.7902,1.6520,0.0001,-0.8607,0,1,0,0.36126,1
0.4206,4.5120,2.6636,12.8809,2.2514,0.0731,-1.7340,0,0,2,1.57162,1
0.5313,5.6139,2.4152,11.9306,-1.0680,0.0441,-1.0804,0,0,1,0.44129,1
0.3905,4.2500,2.7411,11.5635,2.8305,0.0823,-0.5187,0,1,0,0.29588,3
0.3319,3.6625,2.8726,11.3110,2.2785,0.1267,-0.3206,0,0,0,0.00000,0
0.4153,4.1910,2.6041,11.7650,2.9357,0.0484,-0.6812,0,0,1,0.36133,1
0.4469,4.2430,2.4762,11.2492,-2.3594,0.0414,-0.2777,0,0,0,0.00000,1
0.6535,6.1244,2.0318,11.8104,-0.0616,0.1035,-1.2976,0,0,0,0.00000,1
0.4196,4.2149,2.5906,11.4122,-2.4307,0.0268,-0.3696,0,0,0,0.00000,3
0.5229,5.2300,2.3773,11.4377,0.3450,0.0483,-0.5493,0,0,0,0.00000,1
0.4216,4.3243,2.6102,12.8047,3.0282,0.0179,-1.5744,0,0,2,1.64183,1
0.4210,4.2744,2.5999,11.2970,1.3403,0.0266,-0.2775,0,0,0,0.00000,1
0.4877,4.7484,2.4224,12.3957,-1.6925,0.0356,-1.4381,0,1,0,0.77150,1
0.5280,5.5607,2.4189,11.3996,-1.5224,0.0042,-0.4659,0,0,0,0.00000,3
0.4797,5.1662,2.5462,11.9406,2.5410,0.0031,-0.9167,0,0,2,0.62763,3
0.4960,4.5648,2.3492,12.0418,2.1063,0.0029,-1.0497,0,0,3,0.66231,1
0.6424,6.2549,2.0884,12.3094,1.0540,0.0119,-1.8036,0,0,1,0.78487,1
0.5260,5.2722,2.3729,11.8369,0.8776,0.0415,-0.9626,0,0,1,0.23664,1
0.5262,4.7591,2.2729,11.3538,-1.3680,0.0040,-0.4132,0,0,0,0.00000,1
0.4101,4.1425,2.6154,11.9141,1.6873,0.0032,-0.7374,0,1,0,0.57190,1
0.4033,4.3374,2.7016,11.4636,3.0729,0.1523,-0.5383,0,0,0,0.00000,1
0.4144,4.3017,2.6379,12.3582,1.9773,0.0168,-1.1456,0,0,1,0.99604,1
0.6517,5.9421,2.0138,12.5086,-0.4434,0.0671,-2.1953,0,1,0,0.50795,1
0.4418,4.2952,2.5113,11.4830,-0.9968,0.0028,-0.4275,0,0,0,0.00000,3
0.4783,4.6170,2.4324,11.9018,0.0297,0.0067,-0.8771,0,0,1,0.49080,3
0.4403,4.2052,2.4953,11.9533,-0.7366,0.0086,-0.8427,0,1,0,0.43315,1
0.3472,3.7937,2.8310,11.4410,-2.4073,0.0843,-0.3755,0,0,0,0.00000,1
0.4157,4.1232,2.5840,11.3770,-2.5773,0.0254,-0.3351,0,0,0,0.00000,3
0.4114,4.4636,2.6958,11.8889,-3.0721,0.1373,-0.8917,0,1,0,0.67817,1
0.3351,3.6896,2.8638,11.8520,-2.4422,0.1076,-0.6710,0,0,1,0.55258,2
0.4812,5.2335,2.5538,11.4409,2.3459,0.0714,-0.5247,0,0,0,0.00000,3
0.4187,4.2397,2.6013,12.1012,1.7496,0.0116,-0.9266,0,0,1,0.33386,3
0.4051,4.0523,2.6136,11.3429,2.2124,0.0145,-0.2846,0,0,0,0.00000,3
0.4209,4.1878,2.5774,11.4167,-2.3853,0.0440,-0.3947,0,0,0,0.00000,3
0.4476,4.2640,2.4786,12.2354,-1.3763,0.0264,-1.1437,0,1,0,0.78788,1
0.4031,4.1236,2.6433,12.3518,2.5142,0.0482,-1.1509,0,1,0,1.12248,1
0.3356,3.6854,2.8594,11.6182,-2.9823,0.0482,-0.4397,0,1,0,0.30230,1
0.4751,4.5110,2.4214,11.3023,-1.2883,0.0114,-0.3170,0,0,0,0.00000,3
0.4371,4.4884,2.5807,11.4030,-3.0161,0.0041,-0.3562,0,0,0,0.00000,3
0.3597,3.9468,2.8119,11.9110,3.0680,0.0408,-0.6789,0,0,1,0.21052,1
0.4239,4.2639,2.5837,11.3097,-1.9473,0.0387,-0.3042,0,0,0,0.00000,3
0.3487,3.7682,2.8140,11.4916,-3.0852,0.1773,-0.5203,0,0,0,0.00000,1
0.3765,3.8931,2.7067,12.1200,-2.5383,0.0643,-0.9080,0,1,0,0.31204,3
0.3497,3.7394,2.7992,11.8150,2.5256,0.1265,-0.6960,0,1,0,0.39609,3
0.5824,5.3063,2.1646,11.5637,0.9420,0.0386,-0.7625,0,0,0,0.00000,1
0.4121,4.5232,2.7081,11.9822,2.5553,0.1231,-0.9559,0,1,0,0.30911,3
0.4153,4.5036,2.6870,11.5234,2.5397,0.0775,-0.5156,0,0,0,0.00000,3
0.3658,3.9817,2.7900,12.0131,-2.7608,0.0857,-0.8264,0,0,1,0.23449,3
0.4854,4.5458,2.3873,11.3491,-0.7515,0.0495,-0.4157,0,0,0,0.00000,1
0.6504,6.2944,2.0649,11.2813,0.6123,0.0157,-0.5004,0,0,0,0.00000,1
0.5570,5.1772,2.2355,11.3282,0.4097,0.0229,-0.4469,0,0,0,0.00000,3
0.5422,5.5722,2.3633,11.8136,1.9405,0.0024,-0.9221,0,1,0,0.31464,3
0.4118,4.4896,2.7007,12.2239,-2.8545,0.0805,-1.1100,0,1,0,0.94239,3
0.4707,4.4085,2.4163,11.3278,2.1659,0.0155,-0.3399,0,0,0,0.00000,1
0.5154,4.9211,2.3468,11.3672,-0.7430,0.0735,-0.4975,0,0,0,0.00000,1
0.4111,4.1592,2.6149,11.6861,-1.7396,0.0480,-0.6077,0,0,1,0.34358,3
0.4349,4.1619,2.5075,12.3115,1.3386,0.0225,-1.1720,0,0,2,0.91764,1
0.4668,5.0569,2.5801,11.3451,-1.6727,0.0631,-0.4084,0,0,0,0.00000,1
0.6212,5.6252,2.0763,11.4807,0.1656,0.0870,-0.7897,0,0,0,0.00000,3
0.4107,4.0529,2.5877,12.4171,-1.8646,0.0150,-1.1816,1,1,0,1.31981,1
0.5233,5.0449,2.3402,11.7805,0.1766,0.0175,-0.8647,0,1,0,0.40556,3
0.4215,4.5078,2.6584,12.0579,-2.2078,0.0667,-0.9707,0,1,0,0.52292,3
0.4152,4.4905,2.6840,11.9217,2.5285,0.1197,-0.9060,0,1,0,0.66316,1
0.5059,4.7101,2.3412,11.8571,1.8354,0.0079,-0.8931,0,1,0,0.23268,1
0.4166,4.1120,2.5764,12.0976,-1.1441,0.0299,-0.9428,0,0,2,0.99006,1
0.5390,5.5685,2.3757,11.3808,-1.1933,0.0491,-0.5135,0,0,0,0.00000,3
0.4394,4.7765,2.6410,12.0459,-3.1045,0.0539,-0.9871,0,1,0,0.71961,3
0.3997,4.2614,2.6982,11.8919,2.5194,0.0582,-0.7687,0,1,1,0.44476,3
0.4101,4.1366,2.6137,12.8219,2.7977,0.0252,-1.5559,1,1,0,0.69056,1
0.4389,4.2876,2.5222,11.3244,-0.7260,0.0261,-0.3167,0,0,0,0.00000,1
0.5079,4.6855,2.3282,11.8494,-1.9363,0.0085,-0.8901,0,1,0,0.42887,1
0.4578,4.4571,2.4818,11.3448,0.7662,0.0368,-0.3666,0,0,0,0.00000,1
0.3441,3.7199,2.8231,12.3627,-2.4428,0.0885,-1.0399,0,1,1,0.45249,3
0.4635,4.5164,2.4713,12.5525,-1.3262,0.0321,-1.5108,1,1,1,0.86120,1
0.4231,4.3038,2.5980,12.9016,2.2878,0.0093,-1.6557,0,0,2,1.15337,1
0.4875,4.9412,2.4648,11.2106,0.8521,0.0343,-0.2717,0,0,0,0.00000,1
0.4844,4.4149,2.3623,11.7800,2.3727,0.0062,-0.7698,0,0,1,0.44318,1
0.6513,5.9916,2.0218,12.0019,0.3401,0.0128,-1.4173,0,0,1,0.60071,1
0.4653,5.1302,2.6031,11.4633,-2.1771,0.0417,-0.4895,0,0,0,0.00000,2
0.4373,4.6566,2.6216,11.4757,-2.2364,0.0423,-0.4634,0,0,0,0.00000,3
0.5045,5.2319,2.4532,11.3278,-1.0457,0.0445,-0.4127,0,0,0,0.00000,1
0.4657,4.8749,2.5444,11.4192,-1.4928,0.0124,-0.4146,0,0,0,0.00000,1
0.5687,5.7014,2.2812,11.3720,-0.7737,0.0081,-0.4933,0,0,0,0.00000,3
0.4477,4.5653,2.5520,11.6515,-1.5831,0.0088,-0.5911,0,0,1,0.25028,3
0.5817,5.6672,2.2261,11.3989,-2.8786,0.0012,-0.5313,0,0,0,0.00000,1
0.4353,4.6034,2.6176,11.6403,-2.8619,0.0809,-0.6496,0,0,0,0.00000,1
0.4964,5.1411,2.4689,11.2210,-0.4755,0.0236,-0.2776,0,0,0,0.00000,1
0.4296,4.4413,2.6033,12.6275,2.3438,0.0283,-1.4570,0,0,2,0.66671,1
0.4607,4.7915,2.5475,11.3531,2.2012,0.0257,-0.3650,0,0,0,0.00000,3
0.3848,3.9867,2.6933,11.7102,-2.9245,0.0159,-0.5434,0,0,1,0.26819,3
0.5045,4.9316,2.3923,11.4973,-2.3987,0.0048,-0.5299,0,0,0,0.00000,3
0.5118,4.7100,2.3179,11.5104,-1.0368,0.0402,-0.5955,0,0,0,0.00000,3
0.4484,4.8685,2.6209,11.3092,-1.6755,0.0284,-0.3171,0,0,0,0.00000,1
0.5256,4.8638,2.2958,11.5620,-0.6675,0.0175,-0.6410,0,0,0,0.00000,3
0.4818,4.9492,2.4907,12.6976,-0.3131,0.0081,-1.6898,0,1,0,1.38974,1
0.4250,4.3023,2.5888,11.3481,-2.5377,0.0207,-0.3162,0,0,0,0.00000,3
0.3717,4.0927,2.7925,12.3963,2.8164,0.0779,-1.1343,0,1,2,0.96755,2
0.3762,3.9520,2.7264,12.5851,-3.0403,0.0047,-1.1945,0,1,2,0.96254,1
0.4506,4.6398,2.5567,11.2541,-3.0700,0.0140,-0.2548,0,0,0,0.00000,3
0.5131,4.8257,2.3367,12.3616,-0.4803,0.0342,-1.4800,0,0,0,0.00000,1
0.4216,4.3418,2.6148,11.2936,1.6935,0.0122,-0.2590,0,0,0,0.00000,1
0.4137,4.1016,2.5870,11.8909,2.4803,0.0668,-0.8081,0,0,0,0.00000,1
0.4378,4.4314,2.5636,11.4484,1.7184,0.0049,-0.3961,0,0,0,0.00000,3
0.3295,3.6228,2.8728,11.8175,2.4883,0.0551,-0.5722,0,0,1,0.38494,1
0.5896,5.5445,2.1772,11.6041,0.4676,0.0507,-0.8383,0,0,0,0.00000,3
0.3558,3.8766,2.8104,12.4982,2.5590,0.0284,-1.0934,0,1,0,1.27613,1
0.3309,3.6411,2.8711,12.7120,-2.8591,0.1054,-1.2843,0,0,0,0.00000,1
0.4140,4.3220,2.6456,11.4010,-2.6258,0.1150,-0.4567,0,0,0,0.00000,1
0.4112,4.4699,2.6982,11.3966,1.9153,0.0243,-0.3455,0,0,0,0.00000,1
0.5143,4.8103,2.3288,12.2728,0.2081,0.0379,-1.3930,0,0,1,0.66105,1
0.4942,5.1078,2.4716,11.2611,-1.5893,0.0073,-0.2946,0,0,0,0.00000,3
0.5450,5.2635,2.2965,12.2455,-1.1768,0.0415,-1.4617,0,0,2,0.66618,1
0.3544,3.8932,2.8235,11.8326,2.4718,0.0489,-0.6213,0,1,0,0.62128,1
0.3494,3.8126,2.8248,12.9094,2.5705,0.1415,-1.5731,0,1,1,1.83886,1
0.5969,5.9686,2.2162,12.2892,-1.3909,0.0132,-1.6341,0,0,3,0.59727,1
0.4316,4.4130,2.5870,11.2360,1.7992,0.0511,-0.2647,0,0,0,0.00000,3
0.5956,6.0276,2.2299,12.0735,-1.4028,0.0031,-1.3511,0,0,1,0.47309,3
0.4884,4.4839,2.3616,11.4638,2.5428,0.0033,-0.4718,0,0,0,0.00000,1
0.4840,4.5830,2.4013,11.3344,-0.5835,0.0602,-0.4131,0,0,0,0.00000,1
0.4692,4.8921,2.5330,11.5069,1.0288,0.0138,-0.5006,0,0,0,0.00000,1
0.4623,4.5690,2.4890,11.7243,-1.5845,0.0021,-0.6730,0,1,0,0.43999,3
0.5108,4.8615,2.3529,11.9776,-0.9429,0.0183,-1.0431,0,0,2,0.70423,1
0.4268,4.3565,2.5943,11.5190,-3.1361,0.0072,-0.4439,0,0,0,0.00000,3
0.5377,4.9656,2.2692,11.9482,0.1748,0.0410,-1.1063,0,1,0,0.64002,1
0.3563,3.8280,2.7924,11.4051,2.5429,0.1552,-0.4415,0,0,0,0.00000,3
0.4124,4.2187,2.6253,12.8700,-2.0976,0.0078,-1.5797,1,1,0,0.61864,1
0.5030,5.3249,2.4782,11.4213,1.6221,0.0078,-0.4591,0,0,0,0.00000,3
0.4768,4.8327,2.4867,11.4425,3.0768,0.0389,-0.4811,0,0,0,0.00000,1
0.4742,4.5086,2.4248,12.3960,-1.3664,0.0215,-1.3724,0,1,0,1.03669,1
0.4070,4.2036,2.6468,11.8867,-2.1081,0.0204,-0.7310,0,0,1,0.66085,3
0.3311,3.6264,2.8645,13.1317,-2.4251,0.0406,-1.5009,0,1,1,1.55939,1
0.3704,3.8741,2.7322,12.1925,-2.3823,0.0509,-0.9311,0,0,2,0.72822,3
0.4125,4.1676,2.6109,11.3670,1.8500,0.0213,-0.3190,0,0,0,0.00000,3
0.5606,5.2206,2.2299,12.1342,-0.7550,0.0050,-1.3234,0,0,1,0.56551,1
0.4790,4.6811,2.4439,12.0671,-1.7724,0.0156,-1.0519,0,1,0,0.19904,1
0.4244,4.5305,2.6504,11.3788,-1.8319,0.0095,-0.3284,0,0,0,0.00000,1
0.3463,3.8092,2.8410,12.7517,-2.7086,0.0573,-1.2985,1,1,0,0.67496,1
0.5324,5.4134,2.3737,11.4684,0.8111,0.0809,-0.6344,0,0,0,0.00000,1
0.4706,4.7110,2.4858,11.3925,-2.1990,0.1016,-0.5008,0,0,0,0.00000,1
0.3991,4.2090,2.6866,12.0774,-2.2241,0.0157,-0.8643,0,0,1,0.55316,1
0.4602,4.4558,2.4714,12.0254,2.1643,0.0342,-0.9904,0,1,0,0.65573,1
0.4813,5.1522,2.5363,11.4844,0.4230,0.0064,-0.4886,0,0,0,0.00000,1
0.4587,4.3531,2.4530,11.3670,-2.6318,0.0121,-0.3580,0,0,0,0.00000,1
0.4938,5.0971,2.4708,11.4977,2.4497,0.0235,-0.5387,0,0,0,0.00000,3
0.3801,3.9233,2.6981,11.8313,3.1382,0.0472,-0.6669,0,0,1,0.29956,3
0.4232,4.5071,2.6502,11.4716,-2.3394,0.1040,-0.5140,0,0,0,0.00000,3
0.4790,4.8254,2.4758,11.7053,0.9637,0.0243,-0.7140,0,1,0,0.19558,1
0.4981,4.9731,2.4271,11.4515,-0.9396,0.0990,-0.5901,0,0,0,0.00000,1
0.5364,5.4755,2.3693,11.3720,1.9911,0.0429,-0.4934,0,0,0,0.00000,1
0.6111,5.5256,2.0968,12.4900,0.3287,0.0822,-2.0462,0,0,1,1.33894,1
0.3446,3.7478,2.8299,12.5975,-2.6740,0.0642,-1.1844,0,0,1,1.38688,1
0.5119,4.6833,2.3121,11.8737,1.8659,0.0014,-0.9136,0,1,0,0.38853,1
0.3824,3.9488,2.6942,13.0922,-3.0682,0.0387,-1.7018,0,1,1,1.48993,1
0.4596,4.6802,2.5267,12.0944,-1.5594,0.0137,-1.0274,0,0,1,0.49428,3
0.4141,4.4381,2.6758,11.6557,2.6992,0.0333,-0.5701,0,1,0,0.22506,3
0.3487,3.7230,2.7992,12.9453,2.5265,0.0450,-1.4409,1,1,0,0.86078,1
0.4631,4.8399,2.5479,11.3246,1.6458,0.0167,-0.3320,0,0,0,0.00000,3
0.3866,4.0453,2.7015,11.3428,-2.1260,0.0189,-0.2717,0,0,0,0.00000,1
0.4575,4.8592,2.5773,12.7948,3.0858,0.0470,-1.7581,0,1,0,1.61776,1
0.4650,4.8764,2.5478,11.5498,-1.5891,0.0327,-0.5566,0,0,0,0.00000,3
0.5189,5.2708,2.4016,11.5693,-3.0397,0.0239,-0.6483,0,0,0,0.00000,1
0.4586,4.3026,2.4411,11.4614,-0.4103,0.0406,-0.4754,0,0,0,0.00000,1
0.3832,4.0568,2.7221,12.9632,-2.4190,0.0376,-1.5904,0,1,1,1.57857,1
0.3712,3.9624,2.7555,13.0354,-2.7489,0.0235,-1.5753,1,1,0,1.19195,1
0.3631,3.9001,2.7789,11.8272,2.8588,0.1587,-0.7707,0,1,0,0.30515,1
0.4524,4.6970,2.5624,11.2758,2.3187,0.0039,-0.2637,0,0,0,0.00000,3
0.4867,4.8500,2.4486,11.6658,-0.1750,0.0168,-0.6804,0,1,0,0.14307,1
0.3818,4.0128,2.7163,11.6440,-1.8615,0.0484,-0.5274,0,1,0,0.24472,1
0.4516,4.5061,2.5205,11.4877,1.5205,0.0211,-0.4669,0,0,0,0.00000,3
0.5503,5.1288,2.2521,11.4937,0.1292,0.0461,-0.6434,0,0,0,0.00000,3
0.5136,5.4570,2.4595,11.3483,-2.5701,0.0076,-0.4006,0,0,0,0.00000,3
0.3423,3.6950,2.8252,12.5882,2.6955,0.0735,-1.1832,0,1,1,1.43836,1
0.4394,4.3825,2.5438,12.2298,-3.0261,0.0184,-1.1052,0,1,0,1.01255,1
0.3890,4.1653,2.7246,12.7337,2.1589,0.0069,-1.3674,0,1,0,1.48985,1
0.4717,4.4601,2.4242,11.8857,-2.9783,0.0029,-0.8416,0,1,0,0.35079,1
0.4606,4.4998,2.4798,11.5247,-0.9959,0.0263,-0.5184,0,0,0,0.00000,1
0.4068,4.4129,2.7049,11.3417,2.3542,0.0039,-0.2739,0,0,0,0.00000,1
0.3813,3.9852,2.7103,13.1435,-2.8544,0.0476,-1.7581,0,0,2,1.49092,1
0.5773,5.3086,2.1833,11.5465,-0.1124,0.0409,-0.7378,0,0,0,0.00000,3
0.4960,5.4229,2.5280,11.4083,2.8266,0.0741,-0.5161,0,0,0,0.00000,1
0.3489,3.7655,2.8122,12.5100,-2.8418,0.0829,-1.1593,0,1,0,1.22024,1
0.5087,5.3428,2.4577,13.0053,2.1464,0.0162,-2.1531,0,0,1,1.53251,1
0.4360,4.2064,2.5144,11.4026,2.7770,0.0194,-0.3715,0,0,0,0.00000,1
0.5924,5.9246,2.2263,11.6321,0.6963,0.1205,-0.9678,0,0,0,0.00000,1
0.5052,5.3268,2.4692,11.4010,-0.9378,0.0015,-0.4348,0,0,0,0.00000,3
0.3512,3.8363,2.8226,11.6000,3.1357,0.1004,-0.5111,0,1,0,0.21381,3
0.3663,3.9731,2.7846,11.5072,2.5257,0.0791,-0.4396,0,0,0,0.00000,3
0.4648,4.3651,2.4305,11.4661,0.5949,0.0520,-0.5015,0,0,0,0.00000,1
0.5211,4.7307,2.2863,11.1994,-1.7603,0.0068,-0.2578,0,0,0,0.00000,1
0.5467,5.3064,2.2979,11.4093,1.6493,0.0045,-0.4987,0,0,0,0.00000,1
0.4828,5.2079,2.5414,12.1897,3.1252,0.0696,-1.2625,0,0,1,0.81316,1
0.3333,3.6753,2.8693,12.3823,-3.0785,0.0996,-1.0370,1,1,0,0.52321,2
0.4092,4.3438,2.6742,12.2895,-2.5537,0.0447,-1.1104,0,0,1,0.78290,3
0.4600,4.8468,2.5634,12.3830,-2.6910,0.0331,-1.3344,0,0,2,0.87263,1
0.3873,4.1301,2.7228,12.6357,-2.5816,0.0931,-1.4112,1,1,2,1.39082,1
0.4775,4.6842,2.4509,11.9793,0.9208,0.0301,-0.9822,0,0,1,0.66713,1
0.3391,3.6680,2.8336,13.0313,2.9834,0.0421,-1.4621,1,1,2,1.75406,1
0.4180,4.1813,2.5889,12.4808,1.3662,0.0303,-1.2849,0,1,0,1.24661,1
0.4891,5.2965,2.5326,11.7923,1.1679,0.0326,-0.8300,0,0,1,0.47840,1
0.4276,4.2471,2.5625,11.5253,1.7867,0.0645,-0.5184,0,0,0,0.00000,3
0.4463,4.7206,2.5958,11.4784,2.3994,0.0528,-0.4900,0,0,0,0.00000,3
0.5480,5.5010,2.3275,11.2954,1.8969,0.0358,-0.4186,0,0,0,0.00000,1
0.3733,4.0098,2.7592,12.1531,2.9645,0.0406,-0.8938,0,1,0,0.73947,3
0.3705,3.8879,2.7361,13.1537,2.8849,0.0177,-1.6613,0,1,2,1.41666,1
0.5015,5.3427,2.4884,13.1409,1.0149,0.0149,-2.2708,1,1,1,1.69094,1
0.5635,5.6984,2.3011,11.6079,-0.1740,0.0145,-0.7529,0,0,0,0.00000,3
0.6041,5.8627,2.1732,11.6794,-0.7154,0.0362,-0.9372,0,0,0,0.00000,3
0.3795,3.9159,2.6987,11.8092,-2.4315,0.0603,-0.6652,0,0,2,0.57486,3
0.5390,5.4338,2.3512,12.1024,1.0161,0.0331,-1.2723,0,0,2,0.83138,3
0.4329,4.3606,2.5675,11.3784,1.6685,0.0112,-0.3389,0,0,0,0.00000,3
0.5183,4.8524,2.3218,11.5251,1.9816,0.0155,-0.5900,0,0,0,0.00000,1
0.3635,3.8928,2.7742,11.9377,2.7154,0.0298,-0.6926,0,0,1,0.46377,1
0.4473,4.2143,2.4672,11.3502,2.9120,0.0246,-0.3453,0,0,0,0.00000,1
0.4840,4.7659,2.4417,11.9257,-3.1387,0.0026,-0.9082,0,0,3,1.08296,3
0.5339,5.5586,2.3944,12.7936,-0.5960,0.0069,-2.0035,0,0,1,1.49138,1
0.5582,5.7665,2.3332,11.6392,-0.3871,0.0183,-0.7837,0,0,0,0.00000,1
0.4494,4.8024,2.6007,11.4516,1.9023,0.0134,-0.4245,0,0,0,0.00000,1
0.4664,4.5140,2.4584,11.9618,-2.6176,0.0144,-0.9181,0,0,2,0.51464,1
0.4618,4.7539,2.5339,11.3789,2.7192,0.0527,-0.4207,0,0,0,0.00000,1
0.4595,4.9903,2.5980,11.5000,1.4230,0.0041,-0.4701,0,0,0,0.00000,1
0.5041,4.9400,2.3958,11.5572,-0.0944,0.0265,-0.6149,0,0,0,0.00000,1
0.3999,4.2838,2.7037,11.5069,-2.7391,0.1859,-0.6089,0,0,0,0.00000,1
0.4317,4.6479,2.6456,12.0984,2.6506,0.0339,-0.9884,0,1,0,0.56944,3
0.3883,4.2295,2.7466,11.3942,2.3871,0.0399,-0.3362,0,0,0,0.00000,1
0.4410,4.7940,2.6377,11.5155,3.0118,0.0224,-0.4795,0,0,0,0.00000,3
0.4875,4.4521,2.3582,12.3963,-0.7906,0.0047,-1.3876,0,0,1,0.87874,1
0.4336,4.4947,2.5986,11.3637,-2.9760,0.0803,-0.4075,0,0,0,0.00000,1
0.4493,4.3245,2.4860,11.8897,0.0610,0.0101,-0.8075,0,0,1,0.42824,1
0.4211,4.5594,2.6734,12.3786,-2.6362,0.0681,-1.2589,0,1,0,0.19928,3
0.4970,4.9304,2.4228,11.9956,1.2452,0.0481,-1.0702,0,1,0,0.35651,3
0.3737,4.0017,2.7546,11.3635,2.9367,0.0312,-0.2882,0,0,0,0.00000,3
0.4636,4.9532,2.5715,12.3445,-1.1910,0.0136,-1.2801,1,1,0,0.42441,1
0.5076,5.3486,2.4636,11.4172,-0.2387,0.0039,-0.4564,0,0,0,0.00000,1
0.5050,4.9241,2.3888,11.6595,-0.9953,0.0038,-0.6895,0,0,1,0.34440,3
0.3409,3.7605,2.8551,12.5124,-2.9939,0.1839,-1.2810,1,1,0,0.91223,0
0.3931,4.3340,2.7518,12.2976,-2.6970,0.1184,-1.1730,0,1,1,1.05812,2
0.4235,4.5104,2.6497,12.1072,-3.1267,0.0022,-0.9323,0,0,1,0.39840,1
0.4026,4.2963,2.6935,11.8466,-1.8456,0.0223,-0.6921,0,1,0,0.34496,1
0.5689,5.7226,2.2842,11.8716,0.6856,0.0017,-1.0436,0,0,0,0.00000,3
0.4481,4.8239,2.6119,11.9640,3.0711,0.0651,-0.9472,0,1,0,0.40385,1
0.4223,4.3254,2.6074,11.3777,1.4996,0.0175,-0.3339,0,0,0,0.00000,1
0.4716,5.0172,2.5500,11.3718,2.8620,0.0297,-0.3993,0,0,0,0.00000,3
0.4277,4.1386,2.5336,11.7865,0.9083,0.0018,-0.6627,0,1,0,0.31677,3
0.4473,4.5720,2.5553,11.4425,-1.8734,0.0557,-0.4630,0,0,0,0.00000,3
0.5023,4.9208,2.3992,11.5922,-1.7153,0.0264,-0.6465,0,0,0,0.00000,3
0.5618,5.6728,2.3032,12.0746,0.2268,0.0078,-1.2670,0,1,0,0.68594,3
0.4975,5.2466,2.4859,11.3679,0.4737,0.0007,-0.3924,0,0,0,0.00000,1
0.5238,5.0692,2.3428,11.2749,1.4055,0.0127,-0.3433,0,0,0,0.00000,3
0.5108,4.7657,2.3333,11.3558,1.0791,0.0573,-0.4611,0,0,0,0.00000,3
0.4355,4.2555,2.5291,11.2819,-2.8459,0.0097,-0.2589,0,0,0,0.00000,3
0.3839,4.2199,2.7665,12.4057,2.3332,0.0535,-1.1451,0,1,0,1.14707,3
0.5300,4.8011,2.2665,11.3928,-1.4124,0.0338,-0.4934,0,0,0,0.00000,1
0.5280,5.0617,2.3251,11.6741,-0.4502,0.0563,-0.8120,0,0,0,0.00000,1
0.4614,4.7975,2.5456,12.9525,-2.1307,0.0130,-1.8777,0,1,0,1.43302,1
0.4954,4.7928,2.4003,11.5923,1.4085,0.0113,-0.6164,0,0,0,0.00000,3
0.3481,3.7769,2.8204,12.9871,2.7946,0.1036,-1.5695,0,1,2,1.29268,1
0.3550,3.7847,2.7854,13.1127,2.9538,0.0217,-1.5627,0,0,4,1.48583,1
0.3901,4.0748,2.6929,12.8922,-2.3670,0.0283,-1.5421,1,1,1,1.62153,1
0.4752,4.5001,2.4188,11.4261,2.1282,0.0084,-0.4263,0,0,1,0.16258,1
0.4054,4.4192,2.7135,12.3118,2.6198,0.0033,-1.0606,0,0,3,1.66270,1
0.3591,3.9262,2.8084,11.9315,2.8347,0.2296,-0.9328,0,1,0,0.33505,1
0.4440,4.6418,2.5872,11.8219,-2.1447,0.0171,-0.7466,0,0,1,0.33658,3
0.5047,5.5273,2.5107,12.4427,-2.2936,0.0355,-1.5476,1,1,3,1.84135,3
0.4295,4.7245,2.6748,11.3261,2.2453,0.0380,-0.3233,0,0,0,0.00000,1
0.4295,4.4778,2.6131,12.9147,-2.9711,0.0206,-1.7154,0,1,1,1.28895,1
0.5448,5.0520,2.2585,11.6390,0.1812,0.0199,-0.7576,0,0,0,0.00000,3
0.4803,4.9863,2.5052,13.1123,-1.4230,0.0034,-2.1144,1,1,1,1.94081,1
0.3651,3.9274,2.7767,12.2743,-2.6350,0.1323,-1.0931,0,1,0,0.98607,1
0.3885,4.0413,2.6911,13.0386,2.4506,0.0063,-1.6247,1,1,1,1.49086,1
0.3483,3.8326,2.8374,12.7488,2.6658,0.0168,-1.2414,0,1,1,1.44917,1
0.3754,3.8910,2.7118,12.0163,-2.8743,0.0542,-0.8101,0,1,0,0.74951,3
0.4507,4.4192,2.5032,11.3380,-2.1191,0.0260,-0.3405,0,0,0,0.00000,3
0.3569,3.8448,2.7942,11.4418,2.5393,0.2218,-0.5455,0,0,0,0.00000,1
0.4901,4.7904,2.4217,11.3893,1.5128,0.0001,-0.4014,0,0,0,0.00000,3
0.4179,4.1691,2.5862,11.3127,2.4899,0.1032,-0.3745,0,0,0,0.00000,1
0.4808,4.7265,2.4465,12.0132,1.0029,0.0347,-1.0298,0,0,1,0.69834,1
0.4725,4.6791,2.4706,11.6297,-2.2156,0.0768,-0.6963,0,0,0,0.00000,1
0.3819,4.0934,2.7394,11.8208,-2.7919,0.0055,-0.6105,0,1,0,0.37690,1
0.4474,4.5537,2.5504,11.2467,-2.3662,0.0637,-0.3018,0,0,0,0.00000,1
0.3682,3.8946,2.7500,12.9216,-2.6751,0.0403,-1.4960,0,1,0,1.74865,1
0.4851,4.9421,2.4752,11.4120,-3.0849,0.0112,-0.4305,0,0,0,0.00000,3
0.3963,4.2408,2.7093,12.1611,-2.6267,0.0528,-0.9766,2,1,0,0.61360,3
0.3531,3.8373,2.8128,11.9198,2.6389,0.1723,-0.8382,0,1,0,0.23632,3
0.3842,4.1903,2.7564,13.2935,2.0379,0.0108,-1.8358,0,1,1,2.22318,1
0.3866,4.2671,2.7658,12.0617,-3.0557,0.0794,-0.9056,0,0,2,0.58615,2
0.3427,3.7251,2.8326,12.4880,2.7592,0.0363,-1.0548,0,0,2,1.07283,1
0.5060,5.1424,2.4290,11.2928,3.1130,0.0117,-0.3418,0,0,0,0.00000,3
0.4260,4.3642,2.6002,11.4450,-2.5504,0.0457,-0.4266,0,0,0,0.00000,3
0.4491,4.6167,2.5580,12.8553,-2.9558,0.0236,-1.7449,0,1,0,1.49863,1
0.6150,5.7413,2.1154,11.4843,0.0671,0.1204,-0.8270,0,0,0,0.00000,1
0.4335,4.5491,2.6124,12.6317,2.7853,0.0700,-1.5408,0,0,1,0.95784,1
0.3852,3.9627,2.6843,11.5210,-2.8012,0.0085,-0.3913,0,1,0,0.31525,1
0.6047,5.5632,2.1254,11.6383,0.2957,0.0697,-0.9306,0,0,0,0.00000,3
0.5165,4.6961,2.2970,11.5897,-0.2817,0.0796,-0.7326,0,0,0,0.00000,1
0.5013,4.5851,2.3327,11.3876,1.4736,0.0052,-0.4180,0,0,0,0.00000,1
0.4332,4.2905,2.5483,11.9866,0.9936,0.0310,-0.8871,0,0,1,0.74855,1
0.4314,4.5045,2.6112,12.2807,1.3269,0.0109,-1.1190,1,1,0,0.46235,1
0.5133,5.3287,2.4359,11.3646,-1.0136,0.0012,-0.4083,0,0,0,0.00000,3
0.4311,4.6593,2.6512,13.1989,-1.7431,0.0142,-1.9871,0,1,0,0.57201,1
0.4720,4.5592,2.4454,11.9193,-1.5060,0.0379,-0.9217,0,0,1,0.49970,1
0.3779,4.0324,2.7420,11.7898,-3.0459,0.0286,-0.6079,0,1,0,0.41160,3
0.5249,4.9738,2.3198,11.4774,-2.5478,0.0067,-0.5409,0,0,0,0.00000,1
0.4256,4.4433,2.6222,12.1376,-2.6567,0.1022,-1.1008,0,1,0,0.94441,1
0.4030,4.0994,2.6367,11.6536,2.4331,0.1093,-0.6428,0,1,0,0.31509,1
0.4437,4.3123,2.5074,12.5201,2.4793,0.0172,-1.3867,0,0,1,1.08647,1
0.4620,4.6968,2.5197,11.3001,-1.0133,0.0354,-0.3303,0,0,0,0.00000,1
0.6193,5.6034,2.0798,11.7806,-0.3774,0.0612,-1.1228,0,0,1,0.44071,1
0.4704,5.1668,2.5881,11.4366,-1.5465,0.0103,-0.4348,0,0,0,0.00000,1
0.5311,5.3596,2.3692,11.3859,-2.1956,0.0337,-0.4898,0,0,0,0.00000,1
0.4870,5.1270,2.5060,13.0879,-1.7637,0.0002,-2.1151,0,0,2,1.55736,1
0.4624,4.3806,2.4440,11.5454,0.7556,0.0473,-0.5649,0,0,0,0.00000,1
0.4055,4.1311,2.6339,11.7317,2.2675,0.0283,-0.6109,0,1,0,0.26176,3
0.4424,4.7578,2.6223,11.7771,-1.8704,0.0219,-0.7103,0,1,0,0.33580,1
0.4369,4.7883,2.6557,12.6095,2.6954,0.0633,-1.5209,0,1,0,1.27264,1
0.4047,4.1080,2.6313,11.3231,2.8380,0.0144,-0.2688,0,0,0,0.00000,3
0.4882,4.8238,2.4367,11.4301,-0.4895,0.0432,-0.4890,0,0,0,0.00000,1
0.5401,5.4685,2.3530,11.4667,-1.5533,0.0238,-0.5744,0,0,0,0.00000,3
0.4377,4.2038,2.5061,11.3162,1.8599,0.0607,-0.3482,0,0,0,0.00000,3
0.5015,5.2592,2.4714,12.1255,2.6435,0.0500,-1.2203,0,0,1,0.47022,1
0.3608,3.8546,2.7768,12.3260,-2.7481,0.0367,-0.9882,0,1,0,1.05435,3
0.5955,5.7282,2.1843,12.5893,1.1584,0.0061,-1.9925,0,1,0,1.14557,1
0.4466,4.4304,2.5240,11.3887,0.1550,0.0073,-0.3582,0,0,0,0.00000,1
0.3720,3.9313,2.7418,11.4263,-2.5900,0.1400,-0.4572,0,0,0,0.00000,3
0.4275,4.4216,2.6079,12.1426,-2.7336,0.0430,-1.0289,0,1,0,0.59097,3
0.3729,3.9490,2.7423,12.0892,3.1237,0.0094,-0.8016,0,1,1,0.86058,1
0.4590,4.8651,2.5718,11.4475,-2.3615,0.0052,-0.4234,0,0,0,0.00000,3
0.4314,4.4087,2.5867,12.8086,-1.1450,0.0118,-1.6071,0,0,2,1.09612,1
0.5345,5.2986,2.3440,11.9931,-0.8357,0.0066,-1.1029,0,1,0,0.22727,3
0.4729,5.1905,2.5816,13.3017,0.0421,0.0002,-2.2781,0,1,1,1.79806,1
0.3643,3.8196,2.7470,11.4729,-3.0784,0.1189,-0.4584,0,0,0,0.00000,1
0.4101,4.2114,2.6343,11.9414,2.1709,0.0468,-0.8172,0,1,0,0.25923,3
0.4711,4.4899,2.4332,11.5984,0.6530,0.0468,-0.6269,0,1,0,0.18446,1
0.3629,3.9095,2.7828,11.8510,-2.5281,0.0205,-0.6156,0,1,0,0.31574,1
0.5680,5.5042,2.2511,11.2244,0.7869,0.0120,-0.3361,0,0,0,0.00000,3
0.4167,4.1898,2.5970,11.8369,-2.2008,0.0426,-0.7372,0,0,1,0.32069,3
0.4654,5.0102,2.5760,11.4098,1.9043,0.0573,-0.4588,0,0,0,0.00000,3
0.3706,4.0790,2.7944,12.4405,2.9300,0.1288,-1.2397,0,1,0,0.76555,1
0.4087,4.3135,2.6688,11.7253,-2.5708,0.1131,-0.7165,0,0,2,0.33545,1
0.4815,4.6803,2.4330,11.5430,-0.9166,0.0916,-0.6460,0,0,0,0.00000,1
0.5034,4.7794,2.3655,11.3653,-1.0253,0.0385,-0.4394,0,0,0,0.00000,3
0.4576,4.4997,2.4928,11.3724,2.9569,0.0115,-0.3613,0,0,0,0.00000,3
0.5570,5.8198,2.3472,11.6503,0.8824,0.0772,-0.8683,0,0,0,0.00000,1
0.5244,4.7925,2.2861,11.4596,-0.9447,0.0568,-0.5824,0,0,0,0.00000,3
0.3776,3.9177,2.7089,11.7447,1.7465,0.0246,-0.5679,0,0,1,0.14791,1
0.4021,4.1192,2.6466,11.4783,-2.6138,0.0477,-0.4262,0,0,0,0.00000,3
0.5136,5.1478,2.3993,11.5317,1.3519,0.0372,-0.6178,0,0,0,0.00000,3
0.4234,4.6055,2.6745,12.1305,2.3961,0.0914,-1.0732,0,0,1,0.56278,3
0.3932,4.1208,2.6907,11.3174,-2.0738,0.0874,-0.3365,0,0,0,0.00000,3
0.5518,5.6658,2.3413,11.5319,-3.0113,0.0165,-0.6533,0,0,0,0.00000,1
0.4705,5.0439,2.5607,11.4582,-2.7663,0.0509,-0.5023,0,0,0,0.00000,3
0.4628,4.8663,2.5551,12.6145,-2.7430,0.0501,-1.6006,0,1,0,1.21820,1
0.4132,4.3121,2.6463,12.7760,-2.1478,0.0349,-1.5430,0,1,0,1.49666,1
0.4653,4.8307,2.5359,12.9548,1.7695,0.0180,-1.9061,1,1,0,1.36642,1
0.3848,4.0220,2.7040,12.9368,-2.8436,0.0567,-1.6069,0,0,2,1.42939,1
0.3424,3.6841,2.8205,12.8899,-3.0072,0.0423,-1.3671,0,1,0,1.64439,1
0.3969,4.0249,2.6452,12.9846,-1.4160,0.0016,-1.6054,0,1,0,1.49420,1
0.4442,4.4157,2.5311,11.3727,-2.4210,0.0013,-0.3349,0,0,0,0.00000,3
0.5673,5.5151,2.2553,12.4219,-0.3531,0.0478,-1.7515,0,0,1,0.61561,1
0.3910,4.0887,2.6925,12.9557,1.6838,0.0161,-1.5805,0,0,1,1.72873,1
0.4689,4.4121,2.4243,11.2835,-2.9096,0.0142,-0.2970,0,0,0,0.00000,1
0.4144,4.1236,2.5899,12.3176,0.5458,0.0048,-1.0918,0,1,0,1.03362,1
0.5213,5.5716,2.4488,11.3326,-0.6662,0.0028,-0.3886,0,0,0,0.00000,1
0.4412,4.4103,2.5429,11.4196,1.6958,0.0327,-0.4083,0,0,0,0.00000,3
0.5060,5.2635,2.4534,11.9225,-2.1902,0.0200,-0.9802,0,0,1,0.14899,3
0.4086,4.2848,2.6614,11.4514,-2.9184,0.0277,-0.3896,0,0,0,0.00000,3
0.4950,4.5193,2.3434,11.5297,-0.6255,0.0991,-0.6622,0,0,0,0.00000,1
0.3689,3.9419,2.7610,11.3761,-2.8294,0.0194,-0.2792,0,0,0,0.00000,1
0.3997,4.2165,2.6858,13.1628,3.1285,0.0394,-1.8470,0,1,1,1.74535,1
0.3843,4.0691,2.7202,11.2248,-2.4835,0.0247,-0.1890,0,0,0,0.00000,1
0.5230,5.3514,2.4003,11.4134,-1.9532,0.0123,-0.4822,0,0,0,0.00000,3
0.5506,5.4476,2.3079,11.5842,-1.6109,0.0125,-0.7015,0,0,0,0.00000,3
0.4234,4.5510,2.6606,12.1067,2.8071,0.1141,-1.0825,0,0,1,0.78568,1
0.4426,4.5132,2.5619,12.0883,-1.6065,0.0390,-1.0131,0,1,0,0.50121,3
0.5349,5.2222,2.3283,11.4467,-0.6618,0.0575,-0.5861,0,0,0,0.00000,1
0.4557,4.6483,2.5361,11.4520,2.3758,0.0593,-0.4864,0,0,0,0.00000,1
0.4347,4.6673,2.6364,11.3796,3.0411,0.0322,-0.3668,0,0,0,0.00000,3
0.4505,4.3286,2.4820,11.5617,-2.4669,0.0089,-0.5153,0,0,0,0.00000,3
0.4178,4.4120,2.6512,12.9215,2.7791,0.0191,-1.6697,0,1,0,1.66241,1
0.4311,4.3454,2.5720,12.4181,-2.0498,0.0464,-1.2946,0,0,1,0.90893,1
0.4700,4.7746,2.5028,11.5438,-2.4970,0.0721,-0.6059,0,0,0,0.00000,1
0.3430,3.7032,2.8240,13.0176,2.8665,0.0782,-1.5297,0,0,1,0.22541,1
0.4386,4.1999,2.5011,11.4162,0.7207,0.0101,-0.3751,0,0,0,0.00000,1
0.3993,4.1064,2.6569,11.9547,-2.3113,0.0057,-0.7510,0,1,0,0.56449,1
0.3427,3.7191,2.8307,12.4084,-2.7906,0.0811,-1.0595,0,0,1,1.17555,3
0.4844,5.2264,2.5382,12.2176,-2.7910,0.0701,-1.2963,0,0,1,0.65818,1
0.4278,4.1912,2.5470,11.5675,-2.9726,0.0457,-0.5315,0,0,0,0.00000,1
0.4227,4.3509,2.6118,11.3012,-2.9375,0.0152,-0.2697,0,0,0,0.00000,3
0.4716,4.4581,2.4237,11.3478,0.9375,0.0315,-0.3780,0,0,0,0.00000,3
0.5267,5.0230,2.3224,11.4618,1.2179,0.0405,-0.5690,0,0,0,0.00000,3
0.3561,3.8838,2.8113,12.4608,3.1414,0.1050,-1.1759,0,1,0,1.33689,3
0.4959,5.1523,2.4733,11.9342,-1.3733,0.0374,-0.9919,0,1,0,0.25568,3
0.5360,4.8862,2.2608,11.9196,-0.5808,0.1084,-1.1637,0,0,2,0.75751,1
0.3753,4.0201,2.7519,12.6271,3.0562,0.0853,-1.3484,0,0,1,1.19447,1
0.4979,4.5871,2.3465,11.4763,2.0672,0.0017,-0.4949,0,0,0,0.00000,1
0.3889,4.2488,2.7492,11.4086,2.6295,0.0793,-0.3929,0,0,0,0.00000,3
0.4307,4.2262,2.5430,12.1050,2.1615,0.0010,-0.9447,0,0,0,0.00000,1
0.3839,4.0374,2.7130,11.7987,2.9883,0.0197,-0.6146,0,1,0,0.35734,3
0.4749,4.7621,2.4792,11.3503,-3.0555,0.0112,-0.3611,0,0,0,0.00000,3
0.3680,3.9685,2.7744,11.9944,2.6459,0.1079,-0.8458,0,0,1,0.28991,3
0.4497,4.9386,2.6312,12.8276,-2.9917,0.0427,-1.7526,0,1,0,1.61583,1
0.5770,5.8074,2.2668,11.6679,0.9449,0.0032,-0.8305,0,0,0,0.00000,3
0.4867,4.8323,2.4449,11.9936,0.4805,0.0126,-0.9949,0,1,0,0.59152,1
0.5562,5.6084,2.3142,11.4721,-1.7367,0.0312,-0.6129,0,0,0,0.00000,1
0.4935,5.0904,2.4708,13.0650,-1.5958,0.0052,-2.1284,0,1,0,1.83831,1
0.4173,4.1657,2.5879,12.2924,-1.8947,0.0133,-1.0907,0,0,2,0.82719,1
0.5575,5.3935,2.2719,11.6130,-0.6198,0.0182,-0.7511,0,0,0,0.00000,3
0.4106,4.1942,2.6272,11.3034,-1.6225,0.0193,-0.2646,0,0,0,0.00000,1
0.5016,4.9565,2.4096,11.5269,2.3821,0.0389,-0.5964,0,0,0,0.00000,1
0.4302,4.5041,2.6166,11.3233,-2.8610,0.1069,-0.4000,0,0,0,0.00000,1
0.3606,3.9646,2.8124,12.4390,-3.1371,0.1555,-1.2452,0,1,1,0.74975,1
0.5133,5.0926,2.3894,11.3636,2.0794,0.0589,-0.4745,0,0,0,0.00000,1
0.4005,4.0873,2.6455,12.1277,2.4636,0.0476,-0.9521,0,1,0,0.44550,3
0.4813,5.0661,2.5180,11.5913,2.4956,0.0224,-0.6082,0,0,0,0.00000,3
0.4961,4.8101,2.4013,12.5097,-2.1938,0.0160,-1.5550,1,1,2,0.90391,1
0.6287,5.9521,2.0964,11.5285,0.1797,0.1023,-0.8822,0,0,0,0.00000,1
0.5119,4.8518,2.3466,11.5744,1.2557,0.0015,-0.6125,0,0,1,0.29122,3
0.5609,5.8516,2.3368,11.6220,2.4654,0.0070,-0.7557,0,0,0,0.00000,3
0.4748,4.9734,2.5261,11.3739,-2.8278,0.0721,-0.4543,0,0,0,0.00000,1
0.4126,4.4955,2.6984,11.3514,2.7399,0.0784,-0.3725,0,0,0,0.00000,3
0.4352,4.8044,2.6676,13.1688,2.6813,0.0013,-1.9548,0,1,0,0.15893,0
0.5573,5.6938,2.3243,11.6607,-2.5675,0.0255,-0.8145,0,1,0,0.15774,1
0.3792,3.9702,2.7168,11.2842,2.9209,0.0274,-0.2312,0,0,0,0.00000,3
0.5084,5.2000,2.4306,12.8021,-1.0670,0.0057,-1.9046,0,1,0,1.30305,1
0.4755,4.6604,2.4536,11.3972,-1.9814,0.0426,-0.4413,0,0,0,0.00000,1
0.3747,3.9216,2.7250,11.4457,2.2705,0.1023,-0.4313,0,0,0,0.00000,3
0.4160,4.4268,2.6636,12.9640,-1.5330,0.0172,-1.6983,0,1,0,1.62179,1
0.4497,4.6230,2.5571,12.0941,-0.5107,0.0057,-0.9910,0,1,0,0.32812,1
0.4085,4.3493,2.6794,11.3371,-2.6113,0.0662,-0.3428,0,0,0,0.00000,3
0.3927,4.2610,2.7330,11.3639,-3.0573,0.0136,-0.2878,0,0,0,0.00000,1
0.5713,5.7895,2.2859,11.5979,1.6516,0.0091,-0.7489,0,0,0,0.00000,3
0.4201,4.1283,2.5650,11.4526,2.4692,0.0038,-0.3759,0,0,0,0.00000,3
0.5253,5.3071,2.3826,11.3874,-1.6793,0.0606,-0.5161,0,0,0,0.00000,3
0.5594,5.4499,2.2742,11.6098,-1.4679,0.0338,-0.7710,0,0,0,0.00000,1
0.5165,5.5949,2.4734,11.7090,-1.6998,0.0469,-0.8179,0,1,0,0.15386,3
0.4084,4.2215,2.6450,11.3903,2.5959,0.1236,-0.4515,0,0,0,0.00000,1
0.5483,5.1779,2.2686,12.3988,0.6586,0.0610,-1.6792,0,0,1,0.90360,1
0.4820,4.9335,2.4865,12.3309,0.3150,0.0060,-1.3111,0,0,1,0.83302,1
0.4814,5.2278,2.5518,11.4668,2.0125,0.0204,-0.4891,0,0,0,0.00000,3
0.4344,4.5043,2.5971,12.8479,-1.5936,0.0013,-1.6395,0,0,1,1.10445,1
0.5392,5.3966,2.3437,11.8352,-1.7479,0.0061,-0.9426,0,0,1,0.29309,3
0.4471,4.4421,2.5247,11.4746,2.3674,0.0091,-0.4351,0,0,0,0.00000,3
0.5525,5.7846,2.3592,12.2901,-2.0120,0.0209,-1.5091,0,0,0,0.00000,1
0.5724,5.3053,2.2008,11.3313,0.6270,0.0121,-0.4560,0,0,0,0.00000,1
0.5198,5.0603,2.3571,11.2979,-2.0981,0.0481,-0.4034,0,0,0,0.00000,1
0.4900,4.8077,2.4257,11.3578,-2.2132,0.0069,-0.3799,0,0,0,0.00000,3
0.4394,4.5143,2.5766,11.3039,-1.0332,0.0109,-0.2831,0,0,0,0.00000,1
0.4669,5.0687,2.5821,13.3164,-2.5712,0.0188,-2.2979,0,0,1,1.82597,1
0.5910,5.5111,2.1666,11.6590,-0.0877,0.0250,-0.8716,0,0,0,0.00000,3
0.5868,5.5466,2.1877,11.6391,-0.4500,0.0734,-0.9036,0,0,0,0.00000,3
0.4706,4.6254,2.4664,11.8285,-0.7777,0.0106,-0.7967,0,0,1,0.35125,1
0.5106,4.9278,2.3673,11.6045,-2.9467,0.0076,-0.6486,0,0,0,0.00000,1
0.4320,4.5798,2.6272,13.1274,1.8206,0.0202,-1.9318,0,0,1,1.86581,1
0.4676,4.8178,2.5229,11.5210,-0.1300,0.0100,-0.5065,0,0,0,0.00000,1
0.4819,5.1804,2.5396,11.8125,1.2496,0.0465,-0.8528,0,1,0,0.43115,1
0.4700,4.9286,2.5374,11.3142,2.4702,0.0327,-0.3484,0,0,0,0.00000,3
0.5527,5.3807,2.2881,11.9602,-0.6320,0.0299,-1.1424,0,0,2,0.88714,1
0.3804,4.0390,2.7312,11.3692,-2.4757,0.0248,-0.2919,0,0,0,0.00000,1
0.4909,4.4466,2.3435,11.4060,-0.3558,0.0794,-0.5116,0,0,0,0.00000,1
0.4226,4.2315,2.5811,12.2493,-2.5128,0.0423,-1.1095,0,1,0,0.29258,1
0.3576,3.8214,2.7830,12.6605,2.6369,0.0330,-1.2321,0,1,0,0.27653,1
0.5210,5.6144,2.4582,11.5970,-2.8142,0.0512,-0.7151,0,0,0,0.00000,1
0.4559,4.6850,2.5438,11.8239,3.1226,0.0580,-0.8245,0,0,1,0.50369,1
0.4967,4.9634,2.4309,11.6644,1.2583,0.0578,-0.7482,0,0,0,0.00000,3
0.4785,4.9316,2.5010,12.1153,-2.6959,0.0518,-1.1501,0,0,1,0.80911,1
0.5522,4.9919,2.2201,11.4599,-0.6106,0.0288,-0.5878,0,0,0,0.00000,3
0.3655,3.9714,2.7886,11.3350,2.5021,0.0243,-0.2522,0,0,0,0.00000,1
0.4800,4.8604,2.4791,11.3719,2.2077,0.0583,-0.4421,0,0,0,0.00000,1
0.3382,3.7001,2.8497,12.9833,2.5976,0.0518,-1.4371,1,1,0,1.45229,1
0.4803,4.8372,2.4727,11.3640,-2.7213,0.0427,-0.4167,0,0,0,0.00000,1
0.5409,5.2158,2.3039,11.3542,-2.1385,0.0018,-0.4303,0,0,0,0.00000,1
0.4791,4.6097,2.4274,11.4396,-1.5179,0.0216,-0.4599,0,0,0,0.00000,3
0.4284,4.4586,2.6131,11.8079,2.6481,0.0163,-0.7024,0,1,0,0.44595,3
0.4437,4.7835,2.6224,11.3078,2.2758,0.0418,-0.3264,0,0,0,0.00000,3
0.5035,4.6540,2.3386,11.3129,1.8162,0.0431,-0.3936,0,0,0,0.00000,1
0.4878,5.1554,2.5087,11.3302,2.4844,0.0227,-0.3710,0,0,0,0.00000,3
0.4258,4.3676,2.6019,11.8950,-2.3871,0.0459,-0.8102,0,0,1,0.62025,3
0.3667,3.9598,2.7783,11.8453,-2.1884,0.0402,-0.6433,0,1,0,0.53278,1
0.4309,4.7588,2.6768,12.2157,3.0155,0.0178,-1.0701,0,1,0,0.78811,2
0.3703,3.8545,2.7267,11.5881,-2.7254,0.0030,-0.4142,0,0,1,0.20111,1
0.5143,5.2136,2.4090,11.5287,-1.9204,0.0300,-0.6074,0,0,0,0.00000,3
0.5089,4.9707,2.3829,11.9431,1.2313,0.0034,-0.9835,0,1,0,0.61324,3
0.3988,4.1826,2.6806,11.4106,-2.2977,0.0196,-0.3368,0,0,0,0.00000,1
0.5055,4.6471,2.3296,12.1075,-2.3114,0.0047,-1.1435,0,0,1,0.60613,1
0.5261,5.4353,2.4036,11.9077,2.4202,0.0220,-1.0134,0,0,1,0.25409,1
0.4600,4.7427,2.5391,12.3284,-2.5416,0.0284,-1.2741,0,1,1,0.97292,1
0.4643,5.1189,2.6049,11.4153,1.7883,0.0167,-0.4154,0,0,0,0.00000,0
0.4189,4.1180,2.5679,11.3633,0.8147,0.0106,-0.3102,0,0,0,0.00000,1
0.3793,3.8923,2.6927,11.4164,2.8722,0.0664,-0.3732,0,0,0,0.00000,3
0.4451,4.4805,2.5429,11.4147,2.3796,0.0471,-0.4257,0,0,0,0.00000,3
0.5759,5.5175,2.2236,11.3075,0.8418,0.0048,-0.4263,0,0,0,0.00000,1
0.3512,3.7545,2.7960,11.5208,-3.1278,0.1664,-0.5319,0,0,0,0.00000,1
0.3646,3.8917,2.7680,12.6969,2.5726,0.0496,-1.3123,0,0,2,1.33194,1
0.4671,4.3747,2.4233,12.0080,-0.5096,0.0064,-0.9514,0,1,1,0.47269,1
0.4180,4.1203,2.5724,11.5656,-2.5450,0.0425,-0.5119,0,0,0,0.00000,1
0.4440,4.4925,2.5507,11.4571,-1.6764,0.0112,-0.4189,0,0,0,0.00000,3
0.4437,4.8605,2.6407,12.7006,-2.8104,0.0115,-1.5542,0,0,1,1.32718,1
0.4729,4.5565,2.4412,11.4212,1.8881,0.0426,-0.4601,0,0,0,0.00000,1
0.4470,4.5542,2.5522,12.1115,-2.5759,0.0688,-1.0869,0,0,1,0.61367,1
0.5264,5.1563,2.3493,11.5297,0.0909,0.0131,-0.6054,0,0,0,0.00000,3
0.3608,3.9032,2.7919,12.4326,-2.6868,0.1266,-1.1998,0,1,0,1.17867,1
0.5737,5.3719,2.2074,12.3524,0.3650,0.0584,-1.7032,0,1,0,0.49982,1
0.5417,5.6472,2.3789,12.1864,1.5980,0.0276,-1.3676,0,0,1,0.44774,3
0.4285,4.5188,2.6281,12.3689,-1.7224,0.0105,-1.1897,0,1,1,0.78350,1
0.4105,4.2703,2.6482,11.7486,-2.0693,0.0052,-0.6053,0,1,0,0.38621,1
0.4363,4.6818,2.6321,12.1584,2.7496,0.0316,-1.0515,0,1,0,0.77600,3
0.4177,4.3419,2.6330,11.3476,2.0037,0.0912,-0.3894,0,0,0,0.00000,3
0.5429,5.7059,2.3841,11.3681,1.5872,0.0242,-0.4762,0,0,0,0.00000,3
0.5934,5.6714,2.1834,11.7393,0.7093,0.0669,-1.0270,0,0,0,0.00000,3
0.4212,4.5864,2.6801,12.2978,2.9139,0.0186,-1.1164,0,1,0,1.09881,3
0.4015,4.3772,2.7212,11.9731,2.9082,0.0042,-0.7701,0,1,0,0.38792,1
0.3595,3.7926,2.7636,11.5762,-2.3188,0.0604,-0.4586,0,1,0,0.32977,3
0.4220,4.6021,2.6803,12.3379,-2.7171,0.0896,-1.2551,0,0,1,1.19033,1
0.3852,4.1671,2.7446,12.5805,2.5198,0.0388,-1.2735,0,1,1,1.00434,1
0.4583,4.8704,2.5760,12.0281,2.0216,0.0725,-1.0417,0,1,0,0.53381,3
0.5249,5.1215,2.3488,11.5608,0.0060,0.0054,-0.6252,0,0,1,0.21497,3
0.3536,3.8416,2.8113,13.2466,-2.5991,0.0852,-1.7810,1,1,1,2.00658,1
0.5551,5.3656,2.2760,12.7800,-0.6802,0.0256,-2.1034,0,0,1,1.20340,1
0.5079,4.8953,2.3712,11.3406,-2.2059,0.0214,-0.4007,0,0,0,0.00000,1
0.3740,4.0635,2.7718,13.1416,2.6334,0.0650,-1.7514,0,0,2,1.62021,1
0.3598,3.9666,2.8177,12.1355,2.0881,0.0525,-0.8618,1,1,0,0.66657,0
0.3665,3.8267,2.7379,12.5738,3.0197,0.0244,-1.1817,0,0,1,1.47335,1
0.3995,4.3778,2.7317,11.4483,-2.1553,0.0376,-0.3880,0,0,0,0.00000,1
0.3775,4.0251,2.7418,13.1113,-2.3449,0.0035,-1.6327,1,1,0,2.03352,1
0.4925,4.5017,2.3492,11.3598,-1.6929,0.0283,-0.4085,0,0,0,0.00000,1
0.5032,5.0229,2.4163,11.5873,-1.6308,0.0205,-0.6363,0,0,0,0.00000,3
0.4134,4.2439,2.6274,11.4342,-2.1712,0.0251,-0.3783,0,0,0,0.00000,3
0.4597,4.2896,2.4336,11.7545,0.7202,0.0582,-0.7664,0,1,0,0.28575,1
0.3771,3.9184,2.7115,12.6692,2.6619,0.0399,-1.3206,0,1,1,1.43066,1
0.4804,4.5178,2.4015,11.9737,-0.7721,0.0014,-0.9433,0,0,2,0.63203,1
0.3887,4.2182,2.7411,11.9128,-2.6083,0.1501,-0.8799,0,0,1,0.29197,1
0.4617,4.6311,2.5061,12.1510,-3.1174,0.0003,-1.0674,0,0,1,0.72232,1
0.4961,4.6282,2.3624,11.4561,-0.9345,0.0661,-0.5514,0,0,0,0.00000,3
0.4581,4.4888,2.4880,11.4471,1.5612,0.0195,-0.4375,0,0,0,0.00000,3
0.3385,3.7218,2.8556,12.6154,3.1086,0.0213,-1.1126,0,1,1,1.42479,1
0.4134,4.2211,2.6211,11.7589,-1.8188,0.0285,-0.6479,0,1,0,0.42738,3
0.4293,4.3004,2.5683,11.3628,2.1958,0.0373,-0.3520,0,0,0,0.00000,3
0.4217,4.1239,2.5565,11.9381,-1.1897,0.0265,-0.8126,0,0,1,0.46814,1
0.5056,5.4372,2.4894,11.2791,-2.5894,0.0429,-0.3650,0,0,0,0.00000,3
0.4608,4.3168,2.4355,11.5809,1.8938,0.0252,-0.5675,0,0,0,0.00000,1
0.4199,4.2212,2.5907,11.3178,-2.0272,0.0345,-0.3022,0,0,0,0.00000,3
0.5389,5.0988,2.2899,11.2643,-1.8830,0.0263,-0.3639,0,0,0,0.00000,1
0.3779,4.1429,2.7748,11.8687,-2.3894,0.0573,-0.7047,0,0,1,0.20867,3
0.4882,4.5055,2.3670,11.4863,-0.3513,0.0461,-0.5451,0,0,0,0.00000,1
0.3688,3.9145,2.7532,11.3504,-2.8424,0.1005,-0.3524,0,0,0,0.00000,3
0.4428,4.6359,2.5909,11.9552,-2.1159,0.0290,-0.8794,0,1,0,0.48348,3
0.3956,4.1287,2.6811,13.0456,1.6029,0.0105,-1.6702,0,1,1,1.79128,1
0.4952,4.9688,2.4381,11.3839,2.9851,0.0228,-0.4298,0,0,0,0.00000,1
0.5162,5.0019,2.3597,11.4629,-0.3512,0.0023,-0.5092,0,0,0,0.00000,3
0.3470,3.7738,2.8255,11.9314,2.4253,0.0904,-0.7300,0,1,0,0.53423,3
0.4203,4.1454,2.5686,11.3117,2.8615,0.0108,-0.2704,0,0,0,0.00000,3
0.4060,4.3877,2.7017,12.9370,2.3535,0.0356,-1.6617,0,1,1,1.21499,1
0.3801,4.1228,2.7577,11.3224,3.0108,0.0537,-0.2898,0,0,0,0.00000,3
0.5892,5.3381,2.1454,11.4990,0.4024,0.1512,-0.8415,0,0,0,0.00000,1
0.5334,5.0724,2.3061,11.3600,-0.1972,0.0374,-0.4693,0,0,0,0.00000,3
0.4855,4.7900,2.4404,11.6552,0.0746,0.0108,-0.6604,0,1,0,0.23676,1
0.4165,4.5787,2.7011,11.3470,-2.5800,0.0560,-0.3475,0,0,0,0.00000,3
0.5063,4.5916,2.3148,11.2974,0.6531,0.0658,-0.4080,0,0,0,0.00000,3
0.4151,4.5347,2.6963,11.7177,-2.8171,0.0561,-0.6514,0,1,0,0.39444,3
0.4698,4.6906,2.4849,12.8072,-1.6726,0.0022,-1.7439,0,1,0,1.33768,1
0.4733,4.4598,2.4175,11.4543,0.3892,0.0140,-0.4564,0,0,0,0.00000,3
0.4168,4.2053,2.6010,11.9179,-2.8097,0.0362,-0.7978,0,1,1,0.55977,3
0.4024,4.0901,2.6370,11.8248,2.6224,0.0706,-0.7347,0,0,1,0.51626,1
0.4126,4.3665,2.6641,12.8852,-1.8791,0.0487,-1.6638,0,1,0,1.37117,1
0.3762,4.0746,2.7632,13.0766,2.6045,0.0320,-1.6476,0,1,2,1.85705,1
0.4756,4.7580,2.4751,11.6396,-0.8716,0.0361,-0.6604,0,0,1,0.17232,1
0.4220,4.3541,2.6161,12.7345,3.0628,0.0431,-1.5522,0,0,1,1.55080,1
0.5607,5.8556,2.3385,11.3792,-2.2163,0.0598,-0.5533,0,0,0,0.00000,1
0.4679,4.4674,2.4413,12.2178,-1.5352,0.0175,-1.1716,0,1,0,0.71949,1
0.4504,4.4895,2.5215,11.3265,-1.7612,0.0375,-0.3438,0,0,0,0.00000,3
0.4384,4.3848,2.5489,11.5051,1.2202,0.0539,-0.5034,0,0,0,0.00000,1
0.4715,4.7970,2.5017,12.2001,-2.9987,0.0093,-1.1548,0,1,1,0.60712,1
0.4294,4.3722,2.5863,12.6629,-1.5172,0.0039,-1.4503,0,1,0,1.49035,1
0.5340,4.8779,2.2664,11.4424,0.6762,0.0336,-0.5497,0,0,0,0.00000,3
0.4983,4.6728,2.3633,11.6251,-0.7782,0.0423,-0.6913,0,0,0,0.00000,3
0.4280,4.4433,2.6114,11.3834,1.5278,0.0231,-0.3515,0,0,0,0.00000,1
0.4916,5.3197,2.5261,11.3961,2.2733,0.1232,-0.5563,0,0,0,0.00000,1
0.5147,5.5815,2.4785,12.7502,0.7477,0.0037,-1.8725,0,0,1,1.31537,1
0.3452,3.7369,2.8229,12.9716,3.0255,0.0084,-1.3857,1,1,1,1.58053,1
0.4003,4.3303,2.7145,11.5147,2.8431,0.1760,-0.6040,0,0,0,0.00000,1
0.5416,5.6233,2.3747,11.3718,-2.2233,0.0461,-0.5041,0,0,0,0.00000,1
0.5192,4.8543,2.3184,11.3970,-1.5857,0.0028,-0.4473,0,0,0,0.00000,1
0.3820,4.0205,2.7174,11.8323,-2.8366,0.0871,-0.7217,0,0,1,0.36751,3
0.5720,5.7279,2.2729,11.5515,0.9145,0.0575,-0.7581,0,0,0,0.00000,3
0.3381,3.6977,2.8495,13.2811,2.6457,0.0787,-1.7208,0,1,1,2.17057,1
0.4362,4.4824,2.5836,12.2811,1.7260,0.0504,-1.1893,0,0,1,0.74033,1
0.5154,5.2954,2.4206,11.4743,2.1434,0.0587,-0.5890,0,0,0,0.00000,1
0.4204,4.1734,2.5757,12.1609,-2.0591,0.0483,-1.0333,0,1,0,0.92215,1
0.4469,4.4896,2.5370,11.3374,-2.2070,0.0261,-0.3365,0,0,0,0.00000,3
0.3998,4.2223,2.6866,11.4112,2.9754,0.0081,-0.3252,0,0,0,0.00000,1
0.3839,4.0583,2.7191,11.7090,2.7219,0.0464,-0.5784,0,1,0,0.39439,3
0.4296,4.2701,2.5591,11.7967,1.9427,0.0347,-0.7177,0,1,0,0.20319,3
0.5994,6.0400,2.2175,11.7176,-1.2886,0.0570,-1.0023,0,0,0,0.00000,3
0.5415,5.6051,2.3719,11.8560,1.1426,0.0120,-0.9795,0,0,1,0.51835,3
0.5932,5.8490,2.2116,11.5708,-1.1231,0.0250,-0.7750,0,0,0,0.00000,3
0.5506,5.6130,2.3371,11.9044,2.9973,0.0071,-1.0462,0,1,0,0.32876,1
0.5019,5.3797,2.4938,12.4094,2.5866,0.0333,-1.4984,0,0,1,1.02205,1
0.4826,4.7964,2.4541,11.3888,0.9120,0.0566,-0.4589,0,0,0,0.00000,1
0.4350,4.4818,2.5888,11.4295,-1.1796,0.0108,-0.3838,0,0,0,0.00000,1
0.4451,4.6591,2.5864,11.3059,2.9981,0.0508,-0.3361,0,0,0,0.00000,3
0.4688,5.1383,2.5889,11.6677,-3.0719,0.1097,-0.7674,0,0,0,0.00000,1
0.3885,4.1153,2.7127,11.3252,-2.1944,0.0267,-0.2691,0,0,0,0.00000,1
0.3853,4.2247,2.7603,12.4849,2.6246,0.0907,-1.2699,0,1,0,1.13463,3
0.3937,4.0554,2.6695,11.8759,1.5911,0.0038,-0.6736,1,1,0,0.47853,1
0.4382,4.3229,2.5341,12.3414,2.7256,0.0325,-1.2248,0,1,0,0.80485,1
0.4385,4.5363,2.5865,12.9030,-1.3371,0.0204,-1.7418,0,1,1,1.48820,1
0.5082,4.7119,2.3326,11.5653,-0.7782,0.0564,-0.6652,0,0,0,0.00000,3
0.3544,3.7823,2.7878,11.6951,2.7768,0.0241,-0.4924,0,1,0,0.42837,1
0.4943,4.7717,2.4005,11.3605,-1.4414,0.0252,-0.4085,0,0,0,0.00000,3
0.4586,4.5368,2.4972,12.0490,3.0430,0.0063,-0.9713,0,1,0,0.54848,1
0.5066,4.6019,2.3157,12.2942,0.5691,0.0108,-1.3501,0,0,1,0.20575,1
0.4237,4.6631,2.6876,11.3045,-2.3847,0.0443,-0.3069,0,0,0,0.00000,3
0.6712,6.3965,2.0034,11.5484,0.1142,0.0363,-0.8982,0,0,0,0.00000,3
0.4495,4.9406,2.6328,11.9978,2.9850,0.0123,-0.9127,0,0,2,0.36738,3
0.3682,3.9313,2.7615,11.8839,2.7005,0.1012,-0.7521,0,0,1,0.57088,3
0.3659,4.0010,2.7954,11.9671,3.0434,0.0239,-0.7122,0,1,0,0.57409,1
0.4967,4.7880,2.3943,12.4007,-1.4366,0.0230,-1.4526,0,0,3,1.00270,1
0.4786,4.8026,2.4722,11.3748,-1.3752,0.0151,-0.3924,0,0,0,0.00000,3
0.4335,4.3303,2.5570,11.4360,2.0173,0.0029,-0.3779,0,0,0,0.00000,3
0.3902,4.0904,2.6968,11.4822,2.7720,0.1285,-0.5090,0,0,0,0.00000,1
0.4585,5.0112,2.6073,12.6848,-1.9135,0.0383,-1.6373,0,1,0,1.47449,1
0.4805,4.4293,2.3810,12.2724,1.4246,0.0052,-1.2421,0,1,0,0.28321,1
0.5105,4.8020,2.3422,11.6993,1.5776,0.0073,-0.7423,0,0,1,0.31018,1
0.4259,4.2172,2.5624,11.5357,1.5565,0.0469,-0.5036,0,1,0,0.21933,3
0.4776,4.7996,2.4758,11.4252,-0.6866,0.0125,-0.4346,0,0,0,0.00000,1
0.4893,4.8708,2.4421,11.4614,2.4192,0.0304,-0.5052,0,0,0,0.00000,1
0.5023,5.3994,2.4960,11.3270,1.4846,0.0413,-0.4062,0,0,0,0.00000,1
0.5227,4.8085,2.2958,11.3524,-0.4067,0.0941,-0.5157,0,0,0,0.00000,1
0.4167,4.4914,2.6770,13.0929,-2.4071,0.0162,-1.8206,0,1,1,1.88290,1
0.6444,5.8864,2.0318,12.3246,-0.3026,0.1136,-1.9884,0,0,1,0.88572,1
0.4050,4.1929,2.6534,11.7576,-2.8589,0.0048,-0.6021,0,1,0,0.32652,1
0.4946,5.2805,2.5054,13.1562,-2.5914,0.0435,-2.3076,0,1,1,1.80944,1
0.3638,3.9083,2.7779,11.4002,-2.2986,0.0726,-0.3516,0,0,0,0.00000,3
0.4668,4.7287,2.5065,11.4868,-1.2325,0.0380,-0.5073,0,0,0,0.00000,1
0.4205,4.1125,2.5587,11.7547,1.5951,0.0125,-0.6365,0,1,0,0.41438,3
0.5800,5.5858,2.2193,11.6402,-0.4272,0.0938,-0.9189,0,0,0,0.00000,1
0.4426,4.5463,2.5701,11.4301,3.1056,0.0545,-0.4449,0,0,0,0.00000,1
0.4385,4.7971,2.6499,11.7577,-2.1694,0.0264,-0.6917,0,1,0,0.43386,1
0.4595,4.9525,2.5895,12.4307,2.5820,0.0239,-1.3668,0,1,0,0.96651,3
0.4221,4.1189,2.5534,12.5767,2.2140,0.0044,-1.3445,1,1,0,1.37377,1
0.4607,4.3879,2.4527,11.9321,1.2851,0.0029,-0.8614,0,0,2,0.63038,1
0.4292,4.6397,2.6552,11.8066,-3.0562,0.0270,-0.7171,0,0,1,0.45998,3
0.4267,4.4954,2.6306,12.9210,2.9343,0.0183,-1.7058,0,0,1,1.53568,1
0.4596,4.9583,2.5907,11.6956,1.6058,0.0192,-0.6652,0,0,0,0.00000,1
0.4571,4.8885,2.5856,12.0402,2.7416,0.0166,-0.9755,0,1,0,0.56142,3
0.4038,4.1137,2.6371,12.0367,-2.2079,0.0445,-0.8799,0,1,0,0.46990,3
0.5597,5.5043,2.2826,11.4278,-0.7011,0.0274,-0.5646,0,0,0,0.00000,3
0.4024,4.2675,2.6864,12.2640,1.9685,0.0493,-1.0753,0,1,0,1.05294,3
0.4804,5.1263,2.5350,12.0820,-0.4240,0.0029,-1.0559,0,0,1,0.25234,1
0.4494,4.4955,2.5274,11.6238,-1.9173,0.0509,-0.6209,0,1,0,0.36384,3
0.4404,4.2402,2.5038,11.3689,1.8621,0.0078,-0.3345,0,0,0,0.00000,3
0.5158,4.7036,2.3012,11.2886,-0.3606,0.0152,-0.3501,0,0,0,0.00000,3
0.4842,4.6823,2.4226,12.2300,0.8406,0.0348,-1.2557,0,0,1,0.69608,1
0.4773,4.9312,2.5062,11.3632,2.2712,0.0216,-0.3882,0,0,0,0.00000,3
0.5888,5.7557,2.2134,11.2719,1.5041,0.0397,-0.4439,0,0,0,0.00000,1
0.3652,3.9197,2.7735,11.3543,2.1946,0.0345,-0.2772,0,0,0,0.00000,1
0.4272,4.6655,2.6714,11.3846,-2.5733,0.0750,-0.4120,0,0,0,0.00000,3
0.5035,5.3134,2.4739,11.6327,-0.4587,0.0078,-0.6676,0,0,1,0.26765,1
0.4130,4.5212,2.7031,13.2274,2.4327,0.0276,-1.9502,0,0,1,1.86321,1
0.5380,4.9090,2.2576,11.2535,0.3032,0.0112,-0.3335,0,0,0,0.00000,3
0.5087,5.3548,2.4603,11.3551,-3.1075,0.0384,-0.4373,0,0,0,0.00000,1
0.3422,3.7516,2.8445,11.7170,-2.9429,0.0576,-0.5285,0,1,0,0.35418,3
0.3554,3.8682,2.8100,12.8892,-3.0774,0.0522,-1.4355,1,1,1,1.19616,1
0.5082,5.5048,2.4913,11.5234,3.1103,0.0669,-0.6387,0,0,0,0.00000,1
0.5316,5.4599,2.3855,11.3171,-3.1271,0.0006,-0.3816,0,0,0,0.00000,3
0.4121,4.5216,2.7076,12.4482,-3.1138,0.0231,-1.2275,0,0,1,1.19336,3
0.5408,5.0391,2.2715,11.3962,1.2081,0.0226,-0.4980,0,0,0,0.00000,1
0.5211,5.1219,2.3637,12.3181,2.6857,0.0095,-1.4224,1,1,0,0.50968,1
0.3487,3.8468,2.8401,12.1201,-2.7036,0.0471,-0.8156,0,1,0,0.72766,0
0.5343,5.2328,2.3328,12.6163,0.3402,0.0099,-1.8014,1,1,0,1.20208,1
0.4559,4.9224,2.5990,12.0023,-2.1429,0.0515,-0.9836,0,1,0,0.19842,3
0.5209,5.1069,2.3615,11.3314,-1.5973,0.0603,-0.4529,0,0,0,0.00000,3
0.3534,3.8052,2.8003,11.8857,-2.8442,0.0118,-0.6113,0,1,0,0.44914,1
0.3609,3.8681,2.7801,11.3431,-2.0802,0.0288,-0.2586,0,0,0,0.00000,1
0.3479,3.7927,2.8267,11.9470,-2.5753,0.0539,-0.6971,0,0,1,0.41513,1
0.4317,4.4036,2.5840,12.4974,0.2124,0.0032,-1.3050,0,1,1,1.02180,1
0.4233,4.4098,2.6245,11.4471,2.6032,0.0628,-0.4452,0,0,0,0.00000,3
0.3597,3.9574,2.8149,13.2603,-3.0714,0.0374,-1.7346,0,1,0,2.24101,1
0.5050,4.9179,2.3875,11.3690,2.0371,0.0267,-0.4314,0,0,0,0.00000,1
0.5522,5.2428,2.2653,12.6905,-0.5129,0.0580,-2.0388,0,1,1,1.32744,1
0.4986,4.7051,2.3690,11.2923,0.3769,0.0413,-0.3667,0,0,0,0.00000,1
0.4824,5.0415,2.5078,11.3659,-2.6278,0.0001,-0.3718,0,0,0,0.00000,3
0.4220,4.3437,2.6133,11.4614,-2.8908,0.0718,-0.4660,0,0,0,0.00000,1
0.3838,4.1943,2.7597,11.6485,2.9843,0.1816,-0.6943,0,0,0,0.00000,1
0.4382,4.4070,2.5553,11.8273,-1.4674,0.0387,-0.7667,0,0,1,0.22006,3
0.5432,5.1973,2.2916,11.4967,-1.1508,0.0374,-0.6259,0,0,0,0.00000,3
0.3504,3.8159,2.8203,11.3747,2.8821,0.0979,-0.3486,0,0,0,0.00000,3
0.4869,5.0158,2.4831,11.7898,-1.2512,0.0337,-0.8234,0,1,0,0.15311,1
0.6300,5.9221,2.0877,12.5901,0.6301,0.0171,-2.1420,0,0,1,1.18541,1
0.3901,4.1618,2.7181,13.0869,-2.8685,0.0748,-1.7957,0,1,1,1.79553,1
0.3655,3.8938,2.7640,11.2736,-2.9440,0.1062,-0.3003,0,0,0,0.00000,3
0.4692,4.6051,2.4679,12.4320,-0.9035,0.0214,-1.3932,0,0,1,1.32248,1
0.4353,4.5884,2.6140,12.0292,-1.6779,0.0114,-0.9049,0,1,1,0.73549,1
0.4902,4.5606,2.3713,12.5703,0.1108,0.0257,-1.6124,0,1,0,1.18824,1
0.5998,5.9461,2.2018,12.1934,0.7626,0.0787,-1.6202,0,0,1,0.51626,1
0.4706,4.5610,2.4519,12.5404,-1.3347,0.0256,-1.5129,0,0,1,0.96436,1
0.3970,4.0283,2.6457,12.7948,2.6097,0.0637,-1.5434,0,0,3,2.07468,1
0.5467,5.1519,2.2700,11.3768,1.3808,0.0123,-0.4732,0,0,0,0.00000,1
0.4270,4.5425,2.6414,11.3954,2.7226,0.1042,-0.4545,0,0,0,0.00000,1
0.3791,4.1036,2.7569,13.1469,3.0734,0.0135,-1.6887,1,1,0,1.52389,1
0.4595,4.6236,2.5139,11.4000,-1.5533,0.0404,-0.4222,0,0,0,0.00000,3
0.4160,4.2044,2.6042,11.9550,2.5828,0.0213,-0.8082,0,0,1,0.21182,3
0.4258,4.6518,2.6748,11.7266,-2.1197,0.0203,-0.6339,0,0,1,0.22900,1
0.4190,4.1969,2.5883,11.3693,-1.4570,0.0337,-0.3421,0,0,0,0.00000,1
0.4741,4.8644,2.5054,12.5070,-1.8003,0.0065,-1.4635,0,0,1,0.98289,1
0.3811,4.0834,2.7408,11.7968,-3.0202,0.1061,-0.7155,0,0,1,0.25392,3
0.4690,4.3848,2.4178,11.5556,-0.8103,0.0311,-0.5640,0,0,2,0.46160,3
0.4256,4.6307,2.6701,11.8763,-2.8496,0.0235,-0.7657,0,1,0,0.25356,3
0.4292,4.2691,2.5609,12.0199,0.9958,0.0039,-0.8708,0,0,1,0.45838,1
0.4655,4.8519,2.5399,12.2808,1.8463,0.0482,-1.2728,0,0,1,0.75192,1
0.4592,4.8104,2.5584,11.5516,-2.6281,0.0329,-0.5498,0,0,0,0.00000,3
0.3538,3.8962,2.8276,11.5909,3.0215,0.1756,-0.5970,0,1,0,0.24105,2
0.4740,4.5168,2.4276,11.5083,-1.7519,0.0132,-0.5063,0,0,0,0.00000,3
0.4242,4.4829,2.6391,12.4935,1.8480,0.0313,-1.3195,0,1,1,0.69256,1
0.3603,3.9302,2.8031,12.0978,-2.5245,0.0687,-0.8562,0,1,0,0.81294,3
0.4776,4.3966,2.3853,11.4534,-2.1680,0.0227,-0.4712,0,0,0,0.00000,1
0.4145,4.1231,2.5891,11.2906,0.6460,0.0075,-0.2444,0,0,0,0.00000,1
0.5085,5.3428,2.4584,11.3126,3.0580,0.0387,-0.3957,0,0,0,0.00000,1
0.3992,4.1626,2.6729,12.2698,-2.6327,0.0626,-1.0898,0,1,0,0.79349,3
0.5532,5.2765,2.2674,11.4792,0.5866,0.0852,-0.6810,0,0,0,0.00000,1
0.4970,5.2119,2.4810,11.5896,2.2006,0.0994,-0.7264,0,0,0,0.00000,1
0.4963,4.7354,2.3844,11.5373,1.8655,0.0066,-0.5583,0,0,0,0.00000,3
0.4621,4.9313,2.5729,12.2249,3.0463,0.0434,-1.2018,0,0,1,0.78246,1
0.3711,3.8506,2.7215,11.5449,2.9091,0.0990,-0.4972,0,0,0,0.00000,3
0.3638,3.9754,2.7987,11.3895,-2.4918,0.0736,-0.3451,0,0,0,0.00000,3
0.3971,4.0349,2.6470,11.4250,2.2928,0.0829,-0.4192,0,0,0,0.00000,3
0.4909,4.6374,2.3854,11.5062,1.2911,0.0235,-0.5408,0,0,0,0.00000,3
0.4770,4.8950,2.4997,11.3131,2.2819,0.0469,-0.3710,0,0,0,0.00000,3
0.4153,4.4565,2.6749,11.8889,3.1365,0.0179,-0.7474,0,0,1,0.38856,3
0.4427,4.7886,2.6286,11.5512,2.6885,0.0622,-0.5603,0,0,0,0.00000,3
0.5270,5.6676,2.4428,12.0949,-2.8830,0.0242,-1.2217,0,0,1,0.53668,1
0.3749,3.9337,2.7275,12.8716,-2.7446,0.0298,-1.4646,0,0,1,1.48722,1
0.5755,5.8577,2.2808,12.1021,-1.2952,0.0272,-1.3641,0,0,1,0.20415,3
0.5634,5.1600,2.2087,11.6362,-0.8213,0.0040,-0.7669,0,0,0,0.00000,1
0.3693,3.8602,2.7338,11.7508,-2.6596,0.0238,-0.5572,0,0,1,0.30949,3
0.4575,4.7891,2.5610,11.2715,2.5398,0.0125,-0.2748,0,0,0,0.00000,3
0.3673,3.9389,2.7686,11.7379,-2.2660,0.0211,-0.5411,0,1,0,0.40986,1
0.3782,4.0129,2.7345,11.4095,-1.8056,0.0789,-0.3813,0,0,0,0.00000,1
0.3773,4.0733,2.7572,12.4491,2.7466,0.0080,-1.0943,0,1,1,1.12294,1
0.4008,4.2666,2.6940,12.8670,-2.7793,0.0238,-1.5572,0,0,1,1.42726,1
0.3469,3.7249,2.8093,11.3827,-3.1128,0.1430,-0.4018,0,0,0,0.00000,3
0.4045,4.1350,2.6398,11.3448,-2.9567,0.0813,-0.3621,0,0,0,0.00000,1
0.5006,5.1869,2.4605,11.6062,2.0436,0.0489,-0.6868,0,0,0,0.00000,3
0.3682,3.8502,2.7361,11.4261,-2.7650,0.1602,-0.4762,0,0,0,0.00000,1
0.4568,4.8014,2.5669,11.9659,-1.1101,0.0195,-0.9088,0,1,0,0.49060,1
0.4370,4.1901,2.5058,12.2958,1.3221,0.0296,-1.1742,0,0,1,0.59465,1
0.5080,5.4609,2.4836,11.5052,2.5946,0.1028,-0.6632,0,0,0,0.00000,1
0.5265,5.2304,2.3633,11.6167,1.7938,0.0436,-0.7339,0,0,0,0.00000,1
0.3878,4.0591,2.6996,12.2301,2.4728,0.0164,-0.9604,0,1,1,1.03043,3
0.4059,4.2791,2.6727,11.8735,-2.6843,0.0376,-0.7400,0,1,0,0.28693,3
0.4955,5.1010,2.4647,12.7765,-0.4509,0.0057,-1.8237,0,0,0,0.00000,1
0.4385,4.7894,2.6485,11.9166,2.9827,0.0317,-0.8391,0,0,1,0.62073,3
0.3842,4.2285,2.7673,12.9868,-2.8255,0.0495,-1.6348,1,1,0,1.66143,1
0.3455,3.7244,2.8168,11.3530,2.8949,0.0330,-0.2559,0,0,0,0.00000,1
0.5041,4.8952,2.3866,11.7504,1.5274,0.0226,-0.8025,0,0,1,0.22048,3
0.3819,4.0183,2.7174,11.5226,-2.9527,0.0301,-0.4138,0,0,0,0.00000,3
0.3375,3.7120,2.8577,12.4860,2.1225,0.0820,-1.1021,1,1,1,1.10942,1
0.4217,4.1397,2.5608,12.5832,-2.1114,0.0038,-1.3481,0,0,1,0.99936,1
0.5071,4.8231,2.3596,12.3278,0.3734,0.0090,-1.3869,0,0,1,0.91293,1
0.4114,4.1473,2.6104,12.6370,2.0920,0.0180,-1.3827,0,1,1,1.32331,1
0.4576,4.3787,2.4640,11.5461,0.5902,0.0269,-0.5337,0,1,0,0.15350,1
0.4705,5.0778,2.5679,11.7606,-2.6396,0.0133,-0.7384,0,0,2,0.55989,3
0.4183,4.5436,2.6830,13.2710,-2.6887,0.0246,-2.0130,1,1,1,1.46361,1
0.4305,4.1421,2.5218,11.3712,-0.1156,0.0009,-0.3175,0,0,0,0.00000,3
0.4876,4.4969,2.3675,11.2504,-1.7171,0.0015,-0.2698,0,0,0,0.00000,1
0.4661,4.7332,2.5103,12.0232,-2.2050,0.0932,-1.0839,0,1,0,0.55705,1
0.4181,4.4001,2.6466,11.5388,-2.5809,0.0473,-0.4962,0,0,0,0.00000,3
0.4589,4.4247,2.4692,11.3048,-1.0712,0.0357,-0.3311,0,0,0,0.00000,3
0.3850,4.1305,2.7346,11.4713,2.7578,0.0179,-0.3651,0,0,0,0.00000,1
0.4923,4.8511,2.4255,11.3215,0.4750,0.0491,-0.3975,0,0,0,0.00000,1
0.4966,5.2754,2.4954,11.8098,1.5042,0.0194,-0.8455,0,0,1,0.20018,3
0.4640,4.7361,2.5201,11.4042,-1.6010,0.0268,-0.4156,0,0,0,0.00000,3
0.4339,4.1751,2.5155,11.3778,-3.0632,0.0299,-0.3606,0,0,0,0.00000,1
0.3772,3.9233,2.7127,11.8536,-2.6745,0.0164,-0.6397,0,1,0,0.41607,3
0.4663,5.1116,2.5943,12.7070,2.3513,0.0698,-1.7398,0,0,1,1.47868,1
0.3878,3.9966,2.6814,12.4269,2.9377,0.0064,-1.1062,0,1,1,0.98900,1
0.3682,3.9881,2.7792,12.5275,2.8782,0.0371,-1.1698,1,1,2,1.50977,1
0.4308,4.3170,2.5659,11.4924,1.1476,0.0227,-0.4452,0,0,0,0.00000,1
0.4240,4.2573,2.5815,11.4139,2.8194,0.0838,-0.4427,0,0,0,0.00000,1
0.4384,4.5496,2.5900,11.3955,1.4610,0.0182,-0.3679,0,0,0,0.00000,1
0.4779,4.9378,2.5050,11.2928,1.2963,0.0011,-0.3006,0,0,0,0.00000,3
0.4470,4.2193,2.4697,11.5150,-2.4253,0.0304,-0.4951,0,0,0,0.00000,1
0.3999,4.1182,2.6570,11.7534,-2.9874,0.0009,-0.5846,0,0,1,0.26244,1
0.5745,5.5083,2.2271,11.5417,-0.8694,0.0770,-0.7744,0,0,0,0.00000,3
0.5080,4.6488,2.3202,11.3616,1.1707,0.0066,-0.4026,0,0,0,0.00000,1
0.5558,5.4851,2.2942,11.4334,0.8131,0.0114,-0.5458,0,0,0,0.00000,3
0.5074,4.6922,2.3313,12.1707,0.5502,0.0753,-1.3184,0,0,1,0.75287,1
0.5086,5.5445,2.4973,11.3034,-2.9625,0.0176,-0.3631,0,0,0,0.00000,3
0.3656,3.8680,2.7556,12.1356,-2.1250,0.0145,-0.8255,0,1,0,0.33571,1
0.4641,5.0426,2.5892,11.7824,2.1967,0.0014,-0.7316,0,1,0,0.47758,1
0.5168,5.2226,2.4006,11.3412,0.4224,0.0423,-0.4372,0,0,0,0.00000,1
0.4027,4.0277,2.6181,12.6364,-1.5443,0.0188,-1.3519,0,0,2,1.41993,1
0.5562,5.4688,2.2899,11.7332,-0.7180,0.0613,-0.9377,0,0,0,0.00000,1
0.4838,5.0514,2.5040,11.5182,-1.1003,0.0763,-0.6076,0,0,0,0.00000,1
0.4954,5.1441,2.4738,12.9809,1.9497,0.0282,-2.0863,1,1,0,1.68770,1
0.3952,4.0424,2.6582,11.2898,1.8123,0.0210,-0.2420,0,0,0,0.00000,1
0.5160,5.1240,2.3845,11.4181,0.4911,0.0189,-0.4849,0,0,0,0.00000,1
0.3782,4.0177,2.7361,12.9356,2.8185,0.0740,-1.6067,1,2,3,6.20461,1
0.4065,4.0540,2.6075,11.3270,-2.9816,0.0573,-0.3224,0,0,0,0.00000,1
0.4270,4.6358,2.6651,11.3057,-2.9525,0.0128,-0.2752,0,0,0,0.00000,1
0.4102,4.0519,2.5895,11.5349,1.2160,0.0324,-0.4638,0,0,0,0.00000,1
0.5459,5.6857,2.3684,11.6049,-1.9727,0.0427,-0.7551,0,0,0,0.00000,3
0.4262,4.4379,2.6180,13.0072,1.7877,0.0107,-1.7721,1,1,0,1.49731,1
0.4012,4.1665,2.6646,11.6519,-2.5571,0.0231,-0.5335,0,0,1,0.20670,3
0.4224,4.2218,2.5796,11.7769,3.0947,0.0354,-0.6878,0,0,1,0.44638,1
0.4247,4.3191,2.5942,11.2292,2.1395,0.0118,-0.2093,0,0,0,0.00000,3
0.4621,4.8327,2.5507,11.4360,1.2001,0.0063,-0.4181,0,0,0,0.00000,1
0.4550,4.9633,2.6126,12.5505,-3.0637,0.0736,-1.5441,0,1,0,1.10495,1
0.4476,4.7132,2.5878,11.5522,-1.6874,0.0321,-0.5322,0,0,0,0.00000,1
0.5090,4.6498,2.3163,11.5977,-0.6359,0.0718,-0.7185,0,0,0,0.00000,1
0.4986,5.3777,2.5076,12.5488,2.5941,0.0484,-1.6598,0,0,1,1.42652,1
0.5655,5.5948,2.2759,11.5197,-0.2366,0.0051,-0.6464,0,0,0,0.00000,3
0.4815,5.0396,2.5115,11.2686,-2.0556,0.0276,-0.3125,0,0,0,0.00000,3
0.4477,4.3666,2.5035,11.5433,0.7854,0.0345,-0.5263,0,0,0,0.00000,1
0.4202,4.5110,2.6657,11.3466,2.4337,0.0103,-0.2987,0,0,0,0.00000,1
0.5072,5.1810,2.4321,12.9868,2.7852,0.0075,-2.1079,0,0,0,0.00000,1
0.4146,4.5058,2.6912,11.4800,-2.5419,0.1038,-0.5097,0,0,0,0.00000,3
0.5712,5.9079,2.3055,11.4154,-2.2161,0.0283,-0.5696,0,0,0,0.00000,1
0.4255,4.6738,2.6818,11.4058,2.6137,0.0597,-0.4101,0,0,0,0.00000,3
0.5534,5.2840,2.2680,12.3498,0.6580,0.0710,-1.6543,0,0,1,0.78485,1
0.3639,3.8102,2.7460,11.9162,2.7412,0.0748,-0.7346,0,0,1,0.43479,3
0.4296,4.4152,2.5968,11.6062,-1.9088,0.0459,-0.5681,0,0,1,0.21091,3
0.4408,4.4250,2.5481,11.2724,2.1193,0.0153,-0.2626,0,0,0,0.00000,3
0.3497,3.7517,2.8031,13.2592,-2.1106,0.0164,-1.6460,1,1,2,1.77660,1
0.5412,5.0787,2.2774,11.2986,0.8352,0.0518,-0.4317,0,0,0,0.00000,3
0.4214,4.5300,2.6648,12.0625,-2.6521,0.0207,-0.9133,0,1,0,0.83915,3
0.3534,3.8870,2.8271,13.2787,-2.3971,0.0383,-1.7201,0,1,1,2.17154,1
0.4583,4.3210,2.4469,11.3348,-0.0387,0.0210,-0.3395,0,0,0,0.00000,1
0.5812,5.4247,2.1883,11.3226,-1.3124,0.0088,-0.4534,0,0,0,0.00000,1
0.3406,3.7430,2.8505,13.1879,2.8930,0.0274,-1.5657,1,1,0,0.77203,1
0.4093,4.1637,2.6247,11.2502,2.6101,0.1019,-0.3146,0,0,0,0.00000,1
0.4955,4.9485,2.4329,12.8103,1.1829,0.0151,-1.8748,0,1,1,0.87985,1
0.4315,4.4354,2.5932,11.4200,0.1072,0.0005,-0.3597,0,0,0,0.00000,1
0.3751,4.0568,2.7638,13.3180,-3.0853,0.0612,-1.9067,1,2,1,1.37215,1
0.4233,4.6418,2.6843,12.8910,-2.7622,0.0447,-1.7074,0,0,1,1.74992,1
0.3816,3.9252,2.6911,11.5354,-2.0815,0.0222,-0.4135,0,0,1,0.16370,1
0.4267,4.1472,2.5400,12.7327,1.8222,0.0350,-1.5550,0,1,1,1.20696,1
0.4054,4.2399,2.6646,11.3141,-2.0874,0.0231,-0.2725,0,0,0,0.00000,1
0.5228,5.0817,2.3492,11.4558,0.6500,0.0902,-0.6179,0,0,0,0.00000,1
0.5558,5.6554,2.3238,11.4151,-1.8776,0.0157,-0.5322,0,0,0,0.00000,3
0.5503,5.1702,2.2595,11.6422,-1.3784,0.0037,-0.7505,0,0,0,0.00000,1
0.4353,4.4667,2.5834,12.6947,-2.2221,0.0052,-1.5044,0,0,1,0.95444,1
0.3405,3.7434,2.8516,11.8538,-2.2804,0.1026,-0.6764,0,1,0,0.65093,1
0.5257,5.2314,2.3666,11.4352,1.6407,0.0425,-0.5435,0,0,0,0.00000,3
0.4333,4.1923,2.5227,11.8485,0.4191,0.0108,-0.7386,0,0,1,0.24949,1
0.4852,4.4396,2.3646,11.3586,1.7189,0.0090,-0.3761,0,0,0,0.00000,1
0.3622,3.8175,2.7573,11.8388,2.9831,0.0478,-0.6392,0,1,0,0.49972,3
0.4918,5.3737,2.5365,11.4964,-1.1181,0.0210,-0.5326,0,0,0,0.00000,1
0.4675,4.8381,2.5281,11.4765,-2.7843,0.0172,-0.4745,0,0,0,0.00000,3
0.4001,4.2890,2.7039,11.9954,-2.9921,0.0815,-0.8855,0,0,1,0.52106,3
0.6062,6.0488,2.1932,11.3997,0.6988,0.0860,-0.6704,0,0,0,0.00000,1
0.3750,4.1245,2.7845,12.7501,2.6383,0.0245,-1.3558,0,1,1,1.45163,1
0.3850,3.9317,2.6758,11.2438,2.6241,0.0082,-0.1850,0,0,0,0.00000,1
0.4567,4.4679,2.4893,11.2751,0.8493,0.0637,-0.3349,0,0,0,0.00000,1
0.5333,5.0300,2.2982,11.3553,1.3274,0.0694,-0.5024,0,0,0,0.00000,3
0.4729,4.5153,2.4315,12.0454,-2.2775,0.0225,-1.0245,0,1,0,0.60043,1
0.3370,3.6973,2.8556,11.6735,-2.9214,0.0269,-0.4537,0,1,0,0.40392,1
0.4582,4.9132,2.5867,12.0347,2.8388,0.0663,-1.0394,0,0,1,0.45769,1
0.4852,5.0854,2.5051,11.5112,-1.2096,0.0259,-0.5423,0,0,0,0.00000,1
0.4165,4.4133,2.6576,11.2950,-3.0787,0.0258,-0.2711,0,0,0,0.00000,3
0.4346,4.6147,2.6238,11.3511,-1.6674,0.0047,-0.3110,0,0,0,0.00000,1
0.4132,4.0833,2.5845,11.8488,-2.8295,0.0208,-0.7119,0,0,1,0.36106,3
0.4498,4.5188,2.5315,11.4127,2.0151,0.0438,-0.4258,0,0,0,0.00000,3
0.4421,4.6846,2.6063,11.4810,-2.2911,0.0953,-0.5370,0,0,0,0.00000,3
0.3717,3.8510,2.7185,12.3833,2.9225,0.0808,-1.1290,0,1,0,1.06294,1
0.5667,5.5128,2.2574,11.5551,-0.0108,0.0071,-0.6892,0,0,0,0.00000,3
0.4192,4.6011,2.6937,12.7256,2.9474,0.1017,-1.6252,1,1,0,1.20411,1
0.5155,5.0023,2.3625,11.5756,1.0123,0.0322,-0.6584,0,0,0,0.00000,3
0.4161,4.0701,2.5674,11.4149,-1.0501,0.0292,-0.3703,0,0,0,0.00000,1
0.4010,4.0037,2.6193,11.7165,2.8161,0.0609,-0.6313,0,0,1,0.31679,1
0.5192,5.3771,2.4205,11.7679,-1.0529,0.0785,-0.9241,0,0,1,0.24567,1
0.4276,4.2537,2.5642,11.4275,-1.8727,0.0278,-0.3927,0,0,0,0.00000,3
0.4708,4.3141,2.3935,11.7087,1.4661,0.0176,-0.6918,0,1,0,0.22547,0
0.4561,4.7109,2.5490,12.2822,1.8358,0.0113,-1.1932,0,1,0,0.81767,1
0.3852,3.9509,2.6805,11.2926,-3.0983,0.0697,-0.2902,0,0,0,0.00000,3
0.3826,4.1162,2.7427,11.5024,2.9735,0.1962,-0.5941,0,0,0,0.00000,1
0.4404,4.3719,2.5369,11.3810,-1.8450,0.0038,-0.3405,0,0,0,0.00000,3
0.3674,3.8470,2.7396,13.0180,-2.5097,0.0470,-1.5849,0,0,1,1.28299,1
0.3929,4.1246,2.6933,12.0750,3.0257,0.0416,-0.8816,0,1,0,0.50649,3
0.4742,4.9615,2.5261,11.8956,-2.4477,0.0583,-0.9320,0,1,0,0.49480,1
0.4506,4.5980,2.5468,11.5411,-1.5501,0.0380,-0.5334,0,0,0,0.00000,3
0.4528,4.5207,2.5187,11.3639,1.3743,0.0239,-0.3631,0,0,0,0.00000,3
0.5161,5.3109,2.4208,12.7498,0.7650,0.0302,-1.9188,0,1,0,1.27628,1
0.5352,4.9381,2.2735,11.6561,-0.8709,0.0333,-0.7756,0,0,0,0.00000,3
0.4983,5.1490,2.4627,11.9187,2.0953,0.0125,-0.9485,0,1,0,0.20247,3
0.4353,4.2308,2.5237,11.4245,2.7788,0.0038,-0.3709,0,0,0,0.00000,3
0.3297,3.6290,2.8736,11.7128,2.7348,0.1174,-0.5771,0,0,1,0.48834,3
0.5013,4.8265,2.3838,11.4851,0.8956,0.0131,-0.5230,0,0,0,0.00000,3
0.5130,5.0819,2.3884,12.3680,-1.0178,0.0283,-1.4797,0,0,1,0.86445,1
0.4677,4.9689,2.5566,12.7093,2.5284,0.0030,-1.6403,1,1,1,1.19651,1
0.4467,4.7617,2.6037,11.7787,1.7206,0.0130,-0.7085,0,0,1,0.19228,1
0.4562,4.7744,2.5633,12.7275,2.8607,0.0507,-1.6908,0,1,0,1.00996,1
0.4202,4.1727,2.5765,12.8460,2.6807,0.0016,-1.5783,1,1,1,1.33086,1
0.5372,5.0223,2.2818,12.0989,0.8414,0.0027,-1.2169,0,0,1,0.52430,1
0.6026,5.7793,2.1659,11.4254,0.0871,0.0200,-0.6135,0,0,0,0.00000,3
0.5171,4.7394,2.3036,11.3688,0.8214,0.0085,-0.4229,0,0,0,0.00000,3
0.5524,5.2725,2.2698,12.3561,-0.9843,0.0151,-1.5717,0,1,0,0.29731,1
0.4141,4.4427,2.6771,12.7157,2.9955,0.0873,-1.5743,1,2,1,1.55834,1
0.3708,4.0549,2.7859,11.3830,2.6606,0.0290,-0.2970,0,0,0,0.00000,1
0.5415,5.0458,2.2698,11.4604,-0.7289,0.0738,-0.6290,0,0,0,0.00000,3
0.5603,5.3536,2.2544,11.4873,-0.9991,0.0824,-0.6973,0,0,0,0.00000,3
0.4102,4.2577,2.6463,11.5249,-2.9347,0.0262,-0.4486,0,1,0,0.22464,3
0.5194,5.2984,2.4047,12.0922,1.1186,0.0020,-1.1655,0,0,0,0.00000,3
0.5758,5.3730,2.1996,11.6573,-0.9454,0.0255,-0.8417,0,0,0,0.00000,3
0.4146,4.3357,2.6460,11.9896,-2.7798,0.0247,-0.8395,0,0,1,0.76253,3
0.4889,4.4867,2.3603,12.2871,1.1836,0.0012,-1.2755,0,0,3,1.01622,1
0.4486,4.7619,2.5951,11.3605,-2.4968,0.0647,-0.4034,0,0,0,0.00000,3
0.4648,4.5041,2.4630,11.4489,-2.3196,0.0261,-0.4553,0,0,0,0.00000,1
0.3941,4.3087,2.7394,12.6759,1.9844,0.0239,-1.3641,1,1,0,1.51438,1
0.4827,4.9186,2.4802,12.9012,-1.8326,0.0124,-1.9150,0,1,1,1.41767,1
0.5398,5.3230,2.3278,11.3114,2.5162,0.0145,-0.4004,0,0,0,0.00000,1
0.4651,4.7480,2.5181,11.2670,-3.0164,0.0103,-0.2752,0,0,0,0.00000,3
0.5560,5.1323,2.2312,11.3859,1.7360,0.0011,-0.4807,0,0,0,0.00000,1
0.5630,5.4318,2.2574,11.5758,0.6438,0.0547,-0.7655,0,0,0,0.00000,3
0.3529,3.8071,2.8039,11.8844,-3.0350,0.0103,-0.6074,0,1,0,0.49186,1
0.3764,3.9090,2.7121,12.4860,-2.8610,0.0661,-1.2066,0,0,2,0.99569,1
0.3918,4.0433,2.6753,11.4012,-2.5146,0.1781,-0.5046,0,0,0,0.00000,1
0.4623,4.8424,2.5519,12.3724,-2.9033,0.0004,-1.2834,0,1,0,0.94350,1
0.3408,3.7085,2.8378,12.1294,-3.0200,0.1251,-0.9062,0,1,0,0.63991,3
0.4256,4.1994,2.5591,12.6397,2.1352,0.0199,-1.4393,1,1,0,1.30090,1
0.5219,4.9423,2.3256,11.2944,2.4493,0.0082,-0.3550,0,0,0,0.00000,1
0.4471,4.5034,2.5394,12.1246,-2.5454,0.0141,-1.0236,0,1,0,0.43208,1
0.3561,3.8225,2.7915,11.8080,-2.1938,0.0999,-0.6698,0,1,0,0.45551,3
0.5182,5.4445,2.4376,12.7561,-1.3571,0.0171,-1.9138,0,1,1,1.61230,1
0.4142,4.1967,2.6109,11.5621,-1.9898,0.0085,-0.4630,0,0,1,0.15188,3
0.5602,5.1480,2.2186,11.9442,-0.3536,0.0191,-1.1250,0,0,1,0.16734,1
0.5188,5.2402,2.3962,11.7829,-2.7714,0.0100,-0.8498,0,1,0,0.21719,1
0.4555,4.6053,2.5271,11.4052,2.4916,0.0840,-0.4733,0,0,0,0.00000,1
0.3947,4.1140,2.6814,12.4872,1.5952,0.0249,-1.2061,1,0,1,0.90611,1
0.4544,4.8069,2.5792,12.0905,-2.3569,0.1167,-1.1513,0,1,0,0.84098,1
0.4647,4.6574,2.4992,11.3037,0.5349,0.0131,-0.3103,0,0,0,0.00000,1
0.3384,3.6971,2.8474,11.8138,2.7915,0.2171,-0.7856,0,1,0,0.30440,1
0.3511,3.7484,2.7942,11.4746,3.1276,0.0832,-0.4024,0,0,0,0.00000,3
0.5078,5.4257,2.4780,11.5441,2.0285,0.0211,-0.6029,0,0,0,0.00000,3
0.4072,4.2232,2.6512,11.3471,2.8187,0.0052,-0.2797,0,0,0,0.00000,1
0.5675,5.5243,2.2562,12.0511,0.5619,0.0437,-1.3039,0,0,2,0.70291,1
0.4974,5.1473,2.4659,11.8607,-2.5851,0.0080,-0.8826,0,0,1,0.37566,3
0.5599,5.7061,2.3164,11.5935,-2.3401,0.0168,-0.7339,0,0,0,0.00000,1
0.3922,3.9835,2.6560,12.6328,3.1318,0.0264,-1.3232,1,1,1,1.16106,1
0.5306,5.6221,2.4197,12.7229,-2.5589,0.0273,-1.9428,0,1,1,1.53373,1
0.4234,4.1814,2.5643,11.4777,1.3258,0.0365,-0.4394,0,0,0,0.00000,1
0.3642,3.8269,2.7499,13.1418,2.2060,0.0061,-1.6009,1,1,0,1.00559,1
0.3586,3.8947,2.8012,11.5065,-2.8984,0.1845,-0.5520,0,0,0,0.00000,1
0.4452,4.7933,2.6181,11.5794,-2.5022,0.0670,-0.5948,0,0,0,0.00000,3
0.5012,5.1352,2.4478,11.9085,-1.6552,0.0228,-0.9580,0,1,0,0.30597,3
0.4390,4.6398,2.6097,11.3119,-2.7020,0.0366,-0.3191,0,0,0,0.00000,3
0.4607,5.0169,2.5986,11.6029,1.9023,0.0086,-0.5700,0,1,0,0.17459,1
0.4234,4.6648,2.6894,11.8116,-3.1086,0.0228,-0.7050,0,0,1,0.32806,2
0.3862,4.1853,2.7445,11.4599,-2.8566,0.1830,-0.5496,0,0,0,0.00000,1
0.4971,4.5035,2.3315,12.1334,0.5696,0.0045,-1.1469,0,1,0,0.59141,1
0.3944,4.2863,2.7317,11.7519,-3.0562,0.0884,-0.6822,0,1,0,0.33111,3
0.5028,4.6787,2.3467,11.3997,1.0995,0.0542,-0.4907,0,0,0,0.00000,3
0.4105,4.3995,2.6830,11.3484,2.8784,0.0125,-0.2927,0,0,0,0.00000,1
0.3483,3.8309,2.8372,13.0234,3.1040,0.0832,-1.5649,1,1,0,1.49164,1
0.4882,4.4950,2.3649,11.7207,0.6748,0.0081,-0.7227,0,1,0,0.26369,1
0.4176,4.2691,2.6143,12.5106,2.8192,0.0408,-1.3266,0,1,0,0.81209,1
0.3385,3.6847,2.8429,13.1894,-2.1110,0.0363,-1.5725,0,1,1,2.00700,1
0.4922,5.3033,2.5204,12.1091,-0.6986,0.0069,-1.1197,0,1,0,0.61149,1
0.3531,3.7851,2.7956,11.4443,2.3808,0.1358,-0.4437,0,0,0,0.00000,3
0.4043,4.3601,2.7025,12.0634,-2.1115,0.0286,-0.8829,1,1,0,0.47198,1
0.5865,5.8759,2.2410,11.5080,3.0919,0.0071,-0.6698,0,0,0,0.00000,1
0.4108,4.4757,2.7021,12.6654,-1.9113,0.0264,-1.4204,0,0,2,1.06251,1
0.3928,4.0764,2.6797,11.3338,-2.1701,0.0103,-0.2612,0,0,0,0.00000,1
0.5477,5.6833,2.3607,11.6548,2.3611,0.0156,-0.7783,0,0,0,0.00000,1
0.5236,5.3313,2.3938,11.4887,-3.0824,0.0132,-0.5605,0,0,0,0.00000,1
0.3882,4.0114,2.6837,11.3117,3.0552,0.1479,-0.3959,0,0,0,0.00000,1
0.4589,4.5444,2.4978,11.3819,-2.8811,0.0393,-0.4039,0,0,0,0.00000,1
0.4987,4.8766,2.4046,12.8145,-1.0364,0.0188,-1.8981,0,1,1,1.22748,1
0.4760,5.2295,2.5764,11.6893,3.0339,0.1137,-0.8060,0,0,0,0.00000,1
0.5066,5.0571,2.4093,12.2966,2.4227,0.0259,-1.3796,0,1,0,0.30464,1
0.4250,4.2029,2.5625,11.3816,-3.1143,0.0126,-0.3341,0,0,0,0.00000,3
0.5665,5.4455,2.2466,11.4863,-1.9110,0.0030,-0.6077,0,0,0,0.00000,1
0.5069,4.9500,2.3867,11.4185,-2.6944,0.0158,-0.4693,0,0,0,0.00000,1
0.4548,4.8168,2.5795,11.2838,2.1246,0.0339,-0.3074,0,0,0,0.00000,3
0.4045,4.1629,2.6474,11.3020,-1.8201,0.0085,-0.2456,0,0,0,0.00000,1
0.4145,4.2014,2.6107,11.6089,-1.2135,0.0142,-0.5084,0,0,1,0.34524,1
0.4629,4.5360,2.4786,11.3581,-2.8137,0.0111,-0.3542,0,0,0,0.00000,3
0.4007,4.0717,2.6399,12.3455,1.6383,0.0014,-1.0706,0,1,0,1.06183,1
0.4473,4.8204,2.6145,11.3805,-2.8688,0.1012,-0.4619,0,0,0,0.00000,1
0.4131,4.2978,2.6430,12.2146,-2.1783,0.0219,-1.0245,0,0,1,0.62969,3
0.4458,4.3822,2.5155,12.2261,-3.0883,0.0035,-1.0980,0,0,1,0.79393,1
0.4025,4.1006,2.6394,11.4088,2.6370,0.0309,-0.3523,0,0,0,0.00000,3
0.5400,5.5302,2.3644,11.4310,0.7709,0.0010,-0.5098,0,0,0,0.00000,3
0.4803,4.7800,2.4602,12.5600,-1.5086,0.0011,-1.5293,0,0,1,1.20594,1
0.4109,4.3167,2.6587,11.4123,-2.8651,0.0773,-0.4186,0,0,0,0.00000,3
0.4716,4.6034,2.4574,11.2889,2.4554,0.0506,-0.3469,0,0,0,0.00000,1
0.5890,5.9602,2.2449,11.5470,0.3687,0.0694,-0.7967,0,0,0,0.00000,1
0.5200,5.3400,2.4104,11.8547,3.1109,0.0109,-0.9289,0,1,0,0.36964,1
0.3885,3.9995,2.6786,11.5959,-2.6152,0.1281,-0.5963,0,1,0,0.24458,1
0.3802,4.0995,2.7504,11.4238,2.8481,0.2065,-0.5412,0,0,0,0.00000,1
0.3758,4.1226,2.7800,13.3454,2.5053,0.0517,-1.9159,0,1,1,2.24760,1
0.3530,3.7520,2.7853,13.0994,2.9826,0.0206,-1.5409,1,1,0,1.73433,1
0.3892,4.2721,2.7539,12.3169,-2.9993,0.1383,-1.2063,0,1,0,0.97429,1
0.3805,3.9431,2.7018,11.4164,-3.0019,0.0165,-0.3172,0,0,0,0.00000,3
0.5815,5.7064,2.2331,12.6408,0.3028,0.0365,-2.0567,1,1,0,1.09458,1
0.5525,5.4480,2.3006,12.2408,0.2175,0.0416,-1.4799,0,0,1,0.29861,1
0.4556,4.5435,2.5117,11.4195,-2.2673,0.0324,-0.4254,0,0,0,0.00000,3
0.4326,4.4567,2.5933,12.0987,1.1831,0.0103,-0.9581,0,1,0,0.66700,1
0.4586,4.3876,2.4619,11.4366,2.1310,0.0594,-0.4758,0,0,0,0.00000,1
0.4803,4.4900,2.3954,12.2486,-0.1641,0.0194,-1.2396,0,1,0,0.74225,1
0.4142,4.2324,2.6202,11.3745,2.3021,0.0098,-0.3138,0,0,0,0.00000,3
0.5517,5.1546,2.2515,11.4077,-1.8980,0.0026,-0.5002,0,0,0,0.00000,1
0.4634,5.0293,2.5892,12.7669,2.3286,0.0277,-1.7224,0,1,1,1.28412,1
0.4280,4.3403,2.5849,12.8877,-2.2569,0.0181,-1.6784,0,0,1,1.49205,1
0.5307,5.6817,2.4299,11.4132,2.4706,0.0467,-0.5342,0,0,0,0.00000,1
0.3684,3.9099,2.7538,11.4022,3.0260,0.0427,-0.3239,0,0,0,0.00000,3
0.3570,3.8052,2.7810,12.8179,-2.5776,0.1073,-1.4739,1,1,1,1.03588,1
0.3385,3.6997,2.8481,11.3707,-2.6361,0.0824,-0.3166,0,0,0,0.00000,3
0.5620,5.5659,2.2843,11.5426,-1.6445,0.0321,-0.6996,0,0,0,0.00000,1
0.5748,5.7988,2.2738,11.6828,-0.6052,0.0213,-0.8665,0,0,0,0.00000,3
0.5377,5.6279,2.3913,12.1574,-0.9707,0.0562,-1.3644,0,0,1,0.56561,1
0.3801,4.0264,2.7287,13.1728,-2.9301,0.0085,-1.7065,0,0,1,1.82140,1
0.4486,4.2950,2.4820,12.1155,-1.0851,0.0283,-1.0374,0,1,1,0.51488,1
0.5696,5.4156,2.2299,11.4231,-0.9729,0.0069,-0.5472,0,0,0,0.00000,1
0.3674,3.9760,2.7794,11.7925,2.4540,0.0367,-0.6010,0,1,0,0.36448,1
0.4280,4.5596,2.6410,11.8019,-2.1710,0.0128,-0.6925,0,0,1,0.18488,1
0.4555,4.6717,2.5428,12.2268,2.2603,0.0773,-1.2321,0,0,1,0.52515,1
0.5460,5.1633,2.2747,11.3836,0.1149,0.0408,-0.5138,0,0,0,0.00000,3
0.4752,5.0327,2.5376,11.5474,-1.5004,0.0718,-0.6171,0,0,0,0.00000,1
0.3379,3.7089,2.8544,11.4371,-3.0182,0.1217,-0.4053,0,0,0,0.00000,3
0.3646,3.9219,2.7775,11.4039,3.0830,0.0302,-0.3069,0,0,0,0.00000,1
0.3553,3.9082,2.8237,11.4800,-3.0523,0.0582,-0.3822,0,1,0,0.16788,3
0.5071,4.6718,2.3283,11.2781,-0.8672,0.0277,-0.3456,0,0,0,0.00000,3
0.4628,4.7161,2.5209,11.3984,-2.5692,0.0312,-0.4141,0,0,0,0.00000,3
0.3842,4.1451,2.7429,13.0649,2.8613,0.0164,-1.6466,0,1,1,1.70399,1
0.5412,5.2766,2.3139,11.8994,-0.8887,0.0125,-1.0241,0,1,0,0.38768,3
0.3888,4.1242,2.7138,12.9713,-2.4453,0.0241,-1.5985,0,1,1,1.74396,1
0.4822,4.3743,2.3615,11.5132,0.1927,0.0641,-0.5839,0,0,0,0.00000,1
0.3297,3.6229,2.8716,11.4157,2.6706,0.1106,-0.3695,0,0,0,0.00000,3
0.5521,5.6853,2.3436,13.0425,-2.7456,0.0090,-2.3852,1,2,1,1.99649,1
0.5198,4.9041,2.3261,11.4100,0.1820,0.0706,-0.5428,0,0,0,0.00000,1
0.5784,5.3703,2.1897,11.3707,0.6210,0.0504,-0.5534,0,0,0,0.00000,3
0.4086,4.2221,2.6442,11.4260,1.8044,0.0348,-0.3775,0,0,0,0.00000,1
0.4433,4.4493,2.5430,11.3612,-2.0661,0.0749,-0.4096,0,0,0,0.00000,3
0.4763,4.8590,2.4947,11.4819,-1.2329,0.0020,-0.4730,0,0,0,0.00000,3
0.3475,3.7409,2.8116,11.4615,-2.3136,0.1307,-0.4436,0,0,0,0.00000,3
0.4999,5.4689,2.5203,12.0977,2.6162,0.0511,-1.1892,0,1,0,0.34930,3
0.5203,5.2174,2.3854,11.2490,-0.5356,0.0297,-0.3343,0,0,0,0.00000,1
0.3424,3.7809,2.8536,12.2645,3.0672,0.1797,-1.0852,1,1,0,0.73107,0
0.3771,4.1065,2.7685,12.3988,2.5317,0.1716,-1.2871,0,1,0,1.10873,1
0.4389,4.5842,2.5963,11.3778,1.1682,0.0101,-0.3442,0,0,0,0.00000,1
0.4252,4.6365,2.6734,12.1867,2.4669,0.1506,-1.2103,0,1,0,0.64299,1
0.6000,5.8005,2.1789,11.5462,-1.3352,0.0053,-0.7323,0,0,0,0.00000,1
0.4410,4.4717,2.5591,11.4851,-2.0108,0.0230,-0.4530,0,0,0,0.00000,3
0.5216,5.5381,2.4413,11.3232,2.8423,0.0160,-0.3949,0,0,0,0.00000,3
0.5862,5.6141,2.2008,11.4823,-0.3110,0.0349,-0.6728,0,0,0,0.00000,3
0.4150,4.1274,2.5879,12.9383,1.1226,0.0029,-1.6438,1,1,1,1.15988,1
0.4100,4.2821,2.6539,11.3246,2.8743,0.0200,-0.2816,0,0,0,0.00000,3
0.4565,4.4639,2.4888,11.8115,1.0064,0.0183,-0.7624,0,1,0,0.25979,1
0.3710,3.9914,2.7652,11.6769,-2.7470,0.2120,-0.7334,0,0,1,0.20181,1
0.4008,4.1676,2.6667,11.4113,-2.0298,0.0673,-0.3945,0,0,0,0.00000,3
0.5116,5.4005,2.4568,11.4588,-2.8450,0.0254,-0.5286,0,0,0,0.00000,3
0.4050,4.3239,2.6894,12.3257,2.5937,0.1277,-1.2472,1,1,0,0.87716,1
0.4344,4.6105,2.6234,11.8067,3.0878,0.0841,-0.7992,0,0,1,0.36076,1
0.4565,4.9107,2.5937,11.9832,-2.8213,0.0408,-0.9527,0,1,0,0.42164,3
0.3994,3.9936,2.6242,12.1538,2.6261,0.0074,-0.9156,0,1,0,0.94346,1
0.4706,4.5239,2.4433,11.8674,0.7958,0.0145,-0.8379,0,1,0,0.33424,3
0.4396,4.2841,2.5184,11.8691,-2.1165,0.0014,-0.7577,0,1,0,0.26494,3
0.4238,4.5435,2.6568,12.2277,-2.1172,0.0270,-1.0730,0,0,2,0.68179,3
0.3668,3.8324,2.7377,11.8968,2.2478,0.0145,-0.6493,0,1,0,0.63607,1
0.4186,4.2050,2.5927,11.4222,2.7565,0.0850,-0.4446,0,0,0,0.00000,1
0.5457,5.4800,2.3331,11.3527,1.9419,0.0089,-0.4442,0,0,0,0.00000,3
0.3899,4.1695,2.7212,12.8482,2.6719,0.0995,-1.6197,0,1,0,1.57566,1
0.3626,3.8431,2.7636,12.5677,-2.6628,0.1304,-1.3230,0,1,1,1.42641,1
0.4315,4.4558,2.5981,12.0950,1.4939,0.0211,-0.9669,0,0,1,0.53993,1
0.3676,3.9775,2.7788,11.4501,2.7770,0.0765,-0.3966,0,0,0,0.00000,3
0.4258,4.6189,2.6664,12.2064,2.6581,0.0892,-1.1454,0,1,0,1.02669,1
0.4131,4.1424,2.6010,11.9119,2.6009,0.0779,-0.8392,0,0,1,0.30369,1
0.5328,5.4848,2.3855,11.3495,-2.7896,0.0001,-0.4154,0,0,0,0.00000,3
0.5627,5.7373,2.3108,11.3974,2.3062,0.0051,-0.5098,0,0,0,0.00000,1
0.5213,4.8539,2.3102,11.4943,-0.4003,0.0360,-0.5885,0,0,0,0.00000,3
0.4687,4.3206,2.4036,11.3525,2.0240,0.0361,-0.3840,0,0,0,0.00000,1
0.3866,4.2507,2.7614,12.5008,2.7377,0.0238,-1.1899,0,1,0,1.12550,1
0.4527,4.5597,2.5284,12.2984,2.6544,0.0243,-1.2165,0,0,1,0.83361,1
0.4640,4.6021,2.4895,11.6615,-1.5800,0.0227,-0.6442,0,0,1,0.27025,3
0.4611,4.9897,2.5907,12.7796,2.4154,0.0460,-1.7557,0,1,1,1.23328,1
0.3555,3.7635,2.7753,12.5565,-2.6435,0.0648,-1.1915,0,1,0,0.63491,1
0.4889,5.3664,2.5475,12.3851,1.5881,0.0085,-1.3950,1,1,0,0.69910,1
0.4665,5.0046,2.5700,12.6910,2.0128,0.0208,-1.6459,0,1,0,1.37742,1
0.5355,5.1295,2.3087,11.6903,-0.6914,0.0641,-0.8532,0,0,0,0.00000,1
0.3350,3.6834,2.8623,11.5802,-3.0755,0.1237,-0.5018,0,1,0,0.31492,3
0.3594,3.7957,2.7651,12.3894,-2.3327,0.0414,-1.0397,0,1,0,0.67253,1
0.4542,4.7589,2.5689,11.5217,2.7959,0.0754,-0.5664,0,0,0,0.00000,1
0.4103,4.3893,2.6811,12.2535,-2.7970,0.0401,-1.0759,0,0,1,0.86842,3
0.5071,5.0871,2.4135,11.6658,1.6200,0.0570,-0.7672,0,0,0,0.00000,3
0.5466,5.4724,2.3281,11.4658,-2.5269,0.0118,-0.5680,0,0,0,0.00000,1
0.4907,5.2884,2.5236,12.6790,2.6918,0.0126,-1.7141,0,1,0,1.34412,1
0.4994,4.6438,2.3526,11.9692,-0.8943,0.0420,-1.0390,0,1,0,0.53555,1
0.4412,4.6985,2.6135,11.5833,-2.7504,0.0861,-0.6152,0,0,0,0.00000,1
0.5078,5.0166,2.3966,11.4859,-2.4805,0.0004,-0.5183,0,0,0,0.00000,3
0.3647,4.0242,2.8091,11.4638,-2.5196,0.0902,-0.4188,0,0,0,0.00000,2
0.3282,3.6136,2.8770,12.5729,-2.4358,0.0465,-1.0837,0,1,1,1.19822,0
0.3938,3.9758,2.6459,11.4537,3.0215,0.0931,-0.4497,0,0,0,0.00000,1
0.4161,4.2889,2.6265,12.1994,-2.6078,0.0232,-1.0210,0,0,2,0.75266,3
0.4706,4.4846,2.4340,12.0161,-1.3078,0.0209,-0.9882,0,0,1,0.51003,1
0.5309,5.2900,2.3567,11.5394,-2.8874,0.0155,-0.6259,0,0,0,0.00000,1
0.4394,4.6598,2.6126,11.3046,-2.7377,0.0361,-0.3127,0,0,0,0.00000,3
0.4036,4.1145,2.6384,12.8299,2.5709,0.0602,-1.5957,0,1,2,1.39179,1
0.5681,5.7641,2.2939,11.5205,-1.9987,0.0278,-0.6805,0,0,0,0.00000,1
0.4955,4.7666,2.3945,12.1151,-2.1569,0.0126,-1.1381,0,0,1,0.84357,1
0.4621,4.7996,2.5432,11.5587,-0.7719,0.0122,-0.5355,0,0,0,0.00000,1
0.3908,4.2649,2.7439,12.1045,-2.6690,0.0543,-0.9176,0,0,0,0.00000,3
0.3943,4.3393,2.7472,11.9613,-2.9116,0.1832,-0.9750,0,0,1,0.28414,1
0.5522,5.3056,2.2765,11.4821,-1.9652,0.0205,-0.6031,0,0,0,0.00000,1
0.3330,3.6379,2.8577,11.3342,2.5864,0.1766,-0.3928,0,0,0,0.00000,3
0.3326,3.6293,2.8573,12.9703,3.0716,0.1057,-1.4923,0,2,0,1.42863,1
0.4763,4.6617,2.4509,11.8430,-0.5086,0.0037,-0.8129,0,1,0,0.46568,3
0.3724,4.0074,2.7630,12.6485,2.9295,0.0818,-1.3505,0,1,0,1.41694,1
0.6223,6.1590,2.1492,11.8551,-0.4921,0.1136,-1.2985,0,0,0,0.00000,1
0.3680,3.9195,2.7589,12.7987,-2.5440,0.0324,-1.3810,0,0,1,1.42451,1
0.4044,4.3477,2.6990,11.6455,-3.0668,0.0543,-0.5715,0,1,0,0.36628,3
0.4726,5.1008,2.5635,13.1424,3.1142,0.0200,-2.1421,1,1,2,1.63410,1
0.5519,5.6679,2.3415,11.7929,-2.9382,0.0011,-0.9182,0,0,1,0.19356,3
0.5965,5.6680,2.1714,11.6009,0.1798,0.1109,-0.9248,0,0,0,0.00000,1
0.5610,5.7683,2.3226,12.7293,-0.4162,0.0108,-2.0442,0,0,1,1.02557,1
0.4402,4.3041,2.5205,11.2876,2.3562,0.0213,-0.2814,0,0,0,0.00000,3
0.4447,4.2304,2.4825,11.2183,2.4244,0.0410,-0.2490,0,0,0,0.00000,1
0.5035,4.9433,2.3991,12.2465,-2.8704,0.0018,-1.2812,0,1,0,0.79045,1
0.4728,5.0845,2.5595,11.7307,1.4919,0.0248,-0.7288,0,1,0,0.40517,1
0.4541,4.4349,2.4922,12.0530,2.6730,0.0151,-0.9756,0,1,0,0.51809,1
0.5683,5.6249,2.2702,11.3684,1.7883,0.0000,-0.4787,0,0,0,0.00000,1
0.5116,4.8336,2.3443,11.3517,0.5052,0.0548,-0.4550,0,0,0,0.00000,1
0.5398,5.4238,2.3461,11.4910,2.6863,0.0232,-0.5987,0,0,0,0.00000,1
0.4186,4.1601,2.5802,11.6683,2.5748,0.0650,-0.6263,0,1,0,0.29092,1
0.3648,3.9117,2.7731,11.3093,3.0425,0.0262,-0.2356,0,0,0,0.00000,1
0.5543,5.1968,2.2493,11.9547,0.2046,0.0440,-1.1581,0,1,0,0.30011,1
0.4217,4.4649,2.6462,11.3129,-2.5291,0.0565,-0.3255,0,0,0,0.00000,3
0.5980,5.6089,2.1567,11.7567,-0.1562,0.0988,-1.0997,0,0,0,0.00000,1
0.4769,4.8621,2.4925,11.2596,-1.0884,0.0447,-0.3192,0,0,0,0.00000,1
0.4786,4.5930,2.4258,11.4813,-2.9158,0.0054,-0.4784,0,0,0,0.00000,1
0.4513,4.2966,2.4705,11.3715,2.3751,0.0461,-0.3935,0,0,0,0.00000,1
0.4147,4.5791,2.7097,13.1578,-3.0480,0.0840,-1.9936,0,1,0,1.92518,0
0.4805,5.2377,2.5580,11.5131,2.5027,0.1259,-0.6577,0,0,0,0.00000,1
0.3735,3.9353,2.7352,12.7730,-2.6562,0.0746,-1.4490,0,0,1,1.47386,1
0.4813,4.7117,2.4411,12.0411,-0.9626,0.0077,-1.0214,0,1,0,0.31361,1
0.3712,3.8650,2.7254,11.3169,2.5886,0.0835,-0.3111,0,0,0,0.00000,3
0.4529,4.2973,2.4639,12.1184,-2.1945,0.0091,-1.0241,0,1,0,0.71403,1
0.4110,4.2955,2.6526,11.5868,1.5334,0.0292,-0.5037,0,1,0,0.23659,1
0.3513,3.8152,2.8149,12.0069,-3.0851,0.1948,-0.9301,0,1,0,0.39322,1
0.4830,5.3000,2.5601,11.9979,-2.5491,0.0126,-0.9935,0,1,0,0.55480,3
0.4225,4.4853,2.6477,11.2604,1.6650,0.0331,-0.2569,0,0,0,0.00000,1
0.4259,4.5271,2.6425,11.3986,-1.4662,0.0471,-0.3898,0,0,0,0.00000,1
0.4551,4.4290,2.4864,11.4039,0.6816,0.0001,-0.3726,0,0,0,0.00000,3
0.4748,4.4981,2.4199,11.3651,-0.5372,0.0644,-0.4362,0,0,0,0.00000,1
0.3695,3.8748,2.7373,12.5947,-2.7544,0.0353,-1.2253,0,1,0,1.40066,1
0.3914,4.0237,2.6713,12.3755,-2.7399,0.0335,-1.1145,0,0,4,1.24215,1
0.3746,4.0796,2.7735,11.3971,2.5718,0.0751,-0.3637,0,0,0,0.00000,3
0.4018,4.1080,2.6450,12.8119,1.7899,0.0014,-1.4744,1,0,4,1.46819,1
0.4612,4.3877,2.4508,11.3512,-1.6782,0.0136,-0.3486,0,0,0,0.00000,3
0.5263,4.9858,2.3167,11.4563,0.3899,0.0062,-0.5210,0,0,0,0.00000,3
0.5307,5.5370,2.4033,11.5913,2.3913,0.0535,-0.7279,0,0,0,0.00000,1
0.5643,5.2446,2.2202,11.5006,0.9179,0.0358,-0.6596,0,0,0,0.00000,3
0.5612,5.6559,2.3029,11.5308,-0.4142,0.0041,-0.6511,0,0,0,0.00000,3
0.3961,4.1374,2.6813,12.2230,-2.7600,0.0310,-0.9974,0,1,0,0.78221,3
0.4793,4.6510,2.4358,11.4299,-2.3871,0.0204,-0.4498,0,0,0,0.00000,1
0.4924,4.4951,2.3483,12.4966,-1.3595,0.0022,-1.5033,0,0,1,0.99242,1
0.4068,4.2930,2.6724,12.6581,-2.6944,0.0842,-1.4890,0,1,1,1.23507,1
0.3786,3.9066,2.7002,11.2340,2.6265,0.0078,-0.1725,0,0,0,0.00000,1
0.4436,4.8584,2.6408,11.8197,-2.6552,0.0216,-0.7504,0,1,0,0.52776,3
0.3624,3.9576,2.8008,12.0813,3.0340,0.0752,-0.8570,0,1,0,0.79940,3
0.4860,4.4350,2.3604,11.3779,-0.3663,0.0336,-0.4242,0,0,0,0.00000,3
0.3667,3.9236,2.7668,12.4005,-2.7312,0.0054,-1.0192,0,0,1,0.90782,1
0.4223,4.3468,2.6127,12.3069,3.1316,0.0170,-1.1242,0,0,1,0.69517,1
0.3640,3.8326,2.7525,12.7936,-2.4675,0.0727,-1.4262,0,1,0,1.45245,1
0.4014,4.0927,2.6428,12.4151,-2.9320,0.0321,-1.1765,0,1,0,1.09501,1
0.4077,4.2229,2.6489,11.3040,-2.2978,0.0179,-0.2608,0,0,0,0.00000,3
0.4531,4.9566,2.6200,11.4544,-2.2007,0.0489,-0.4736,0,0,0,0.00000,3
0.4787,5.0445,2.5249,11.5484,-3.1175,0.0138,-0.5532,0,0,0,0.00000,3
0.4587,4.4870,2.4852,11.7279,-2.9531,0.0150,-0.6857,0,0,1,0.27964,1
0.3953,4.0213,2.6516,11.7512,2.3020,0.0722,-0.6633,0,0,1,0.37428,3
0.4299,4.6447,2.6531,11.6840,2.8178,0.0372,-0.6253,0,1,0,0.26817,3
0.3453,3.7279,2.8195,11.6490,-3.0644,0.0155,-0.4360,0,1,0,0.18837,1
0.5338,5.4007,2.3658,11.7878,1.9511,0.0742,-0.9694,0,1,0,0.28151,1
0.4911,5.1722,2.4978,11.3633,-1.3274,0.0341,-0.4194,0,0,0,0.00000,1
0.4667,5.1002,2.5901,11.3349,-0.8382,0.0011,-0.3278,0,0,0,0.00000,1
0.4648,4.9742,2.5705,12.2040,3.1224,0.0368,-1.1800,0,0,0,0.00000,3
0.4871,4.7355,2.4223,12.1342,-2.0997,0.0460,-1.1825,0,0,1,0.77915,1
0.4986,4.6381,2.3547,11.6321,1.3041,0.0351,-0.6894,0,0,1,0.31016,3
0.4769,4.7774,2.4739,11.2614,1.7547,0.0198,-0.2921,0,0,0,0.00000,3
0.4587,4.4348,2.4728,11.8388,2.2111,0.0009,-0.7686,0,1,0,0.47879,3
0.4445,4.2334,2.4842,11.4030,2.3257,0.0060,-0.3659,0,0,0,0.00000,3
0.6374,5.7692,2.0402,12.1664,-0.0972,0.0767,-1.6911,0,0,2,1.16605,1
0.4272,4.4434,2.6151,11.9005,-1.8344,0.0586,-0.8345,0,0,1,0.29494,3
0.3452,3.7383,2.8233,11.7835,-2.6872,0.1122,-0.6470,0,1,0,0.42137,3
0.3729,4.0828,2.7834,11.3565,2.9493,0.1084,-0.3698,0,0,0,0.00000,3
0.5110,5.0491,2.3899,12.2094,2.8935,0.0025,-1.2656,0,1,0,0.34783,1
0.5450,5.1030,2.2671,11.3628,1.0280,0.0278,-0.4750,0,0,0,0.00000,3
0.3742,4.0852,2.7769,11.4246,-2.2067,0.0897,-0.4005,0,0,0,0.00000,3
0.4153,4.4726,2.6791,11.3572,-2.6636,0.0136,-0.3060,0,0,0,0.00000,1
0.4533,4.9301,2.6126,12.9581,-1.5907,0.0127,-1.8488,1,1,0,1.65919,1
0.4673,4.5506,2.4635,11.4481,0.0033,0.0131,-0.4423,0,0,0,0.00000,1
0.3750,3.9294,2.7256,12.4895,2.5959,0.0132,-1.1264,1,2,1,1.14920,1
0.4516,4.6969,2.5659,11.4992,2.7367,0.0098,-0.4644,0,0,0,0.00000,3
0.4548,4.3587,2.4708,11.2602,1.9875,0.0153,-0.2645,0,0,0,0.00000,3
0.3587,3.8502,2.7863,12.1530,-3.0183,0.1214,-0.9649,0,1,0,0.78535,1
0.4411,4.5207,2.5709,11.7309,-2.7890,0.0250,-0.6698,0,0,1,0.40388,3
0.3441,3.7158,2.8217,11.3967,-2.8408,0.0845,-0.3422,0,0,0,0.00000,3
0.5041,4.5823,2.3212,11.4853,0.3485,0.0481,-0.5688,0,0,0,0.00000,1
0.3328,3.6301,2.8565,13.2795,2.6047,0.0444,-1.6302,0,1,1,2.05360,1
0.4336,4.3553,2.5631,12.0482,-2.1867,0.0780,-1.0069,0,0,1,0.79965,1
0.4225,4.3604,2.6152,12.5291,2.9404,0.0159,-1.3224,0,1,0,0.98239,1
0.5075,5.2034,2.4351,12.8376,0.3076,0.0058,-1.9401,0,0,1,1.25330,1
0.3788,4.0686,2.7480,11.4762,2.9143,0.1505,-0.5154,0,0,0,0.00000,1
0.4328,4.5037,2.6042,11.4001,2.1134,0.0595,-0.4134,0,0,0,0.00000,3
0.5349,5.3053,2.3436,11.3608,-0.9428,0.0345,-0.4694,0,0,0,0.00000,3
0.4379,4.2331,2.5128,11.2190,2.8134,0.0105,-0.2096,0,0,0,0.00000,3
0.5352,4.9618,2.2779,11.4299,-1.0801,0.0420,-0.5490,0,0,0,0.00000,3
0.4372,4.5263,2.5899,11.4864,2.6634,0.1087,-0.5509,0,0,0,0.00000,1
0.5001,4.9834,2.4212,11.5357,1.7310,0.0167,-0.5759,0,0,0,0.00000,3
0.5772,5.8668,2.2753,12.2456,-1.7752,0.0001,-1.5011,0,1,0,0.77619,1
0.6156,6.0670,2.1607,11.5137,-1.0981,0.0565,-0.7849,0,0,0,0.00000,3
0.3560,3.7652,2.7732,12.0457,-3.0443,0.0298,-0.7558,0,0,2,0.44943,3
0.4250,4.3520,2.6015,11.2456,2.9095,0.0407,-0.2553,0,0,0,0.00000,3
0.4177,4.2134,2.5989,11.2922,2.8706,0.0131,-0.2551,0,0,0,0.00000,3
0.5160,5.5985,2.4763,11.6083,1.9224,0.0051,-0.6618,0,0,0,0.00000,3
0.3801,4.1959,2.7789,13.1315,-2.9147,0.0699,-1.7793,0,1,1,1.69207,0
0.3845,4.1094,2.7311,13.1009,2.9490,0.0224,-1.6896,1,1,0,1.26141,1
0.3940,4.2453,2.7222,11.3656,-1.8717,0.0564,-0.3392,0,0,0,0.00000,1
0.4375,4.4298,2.5642,12.0033,0.3327,0.0003,-0.8715,0,0,1,0.22500,1
0.3939,4.3323,2.7473,12.6833,-2.7687,0.0339,-1.3851,0,1,1,1.56946,1
0.5213,5.4559,2.4271,11.3468,2.0127,0.1010,-0.5176,0,0,0,0.00000,1
0.4065,4.3815,2.6979,13.1199,-2.3843,0.0433,-1.8459,1,2,0,1.16136,1
0.3746,4.0448,2.7629,11.8285,-2.1603,0.0157,-0.6152,0,1,0,0.45693,1
0.4065,4.3780,2.6967,11.4764,2.2332,0.0282,-0.4078,0,0,0,0.00000,1
0.4304,4.2115,2.5407,11.4053,-0.7678,0.0250,-0.3740,0,0,0,0.00000,1
0.3579,3.8588,2.7934,12.9098,2.3843,0.0449,-1.4508,0,1,1,1.33342,1
0.4238,4.5638,2.6620,12.3814,2.6876,0.1075,-1.3265,0,1,0,0.79938,1
0.4977,4.4994,2.3283,11.3223,-0.4409,0.0241,-0.3736,0,0,0,0.00000,3
0.4016,4.2973,2.6988,12.5524,-2.0325,0.0159,-1.2721,0,0,1,1.02205,1
0.5517,5.5803,2.3271,11.6593,0.8111,0.1160,-0.9170,0,0,0,0.00000,1
0.4869,5.1982,2.5217,13.1137,1.7651,0.0079,-2.1571,1,1,0,1.60449,1
0.4261,4.5809,2.6552,11.3716,-1.8717,0.0673,-0.3910,0,0,0,0.00000,1
0.3824,3.9115,2.6831,13.0611,1.9917,0.0351,-1.6680,0,1,0,0.29018,1
0.4152,4.3587,2.6495,11.6611,-2.2260,0.0133,-0.5517,0,0,1,0.24417,1
0.4622,4.7407,2.5291,11.5512,1.8926,0.0434,-0.5664,0,0,0,0.00000,3
0.3837,4.0485,2.7172,12.3920,2.9953,0.0072,-1.0667,0,1,0,0.78841,1
0.4626,4.8502,2.5523,11.5689,2.2005,0.0122,-0.5457,0,0,0,0.00000,3
0.4820,4.9494,2.4900,11.3126,-0.3447,0.0192,-0.3439,0,0,0,0.00000,1
0.3785,3.9967,2.7283,11.3600,2.1946,0.1263,-0.3986,0,0,0,0.00000,3
0.5318,4.9711,2.2930,11.4631,-0.2781,0.0289,-0.5628,0,0,0,0.00000,3
0.4486,4.2860,2.4797,11.3261,-3.1152,0.0285,-0.3305,0,0,0,0.00000,1
0.4818,5.2358,2.5518,11.4489,2.4972,0.1185,-0.5888,0,0,0,0.00000,1
0.4343,4.6590,2.6362,11.4009,-2.7996,0.0645,-0.4218,0,0,0,0.00000,3
0.4375,4.4649,2.5730,12.1853,-2.3139,0.0574,-1.1145,0,1,0,0.73469,1
0.4735,4.8098,2.4955,11.3470,-1.9357,0.0208,-0.3678,0,0,0,0.00000,3
0.4183,4.0824,2.5608,12.5787,-2.8620,0.0119,-1.3448,0,0,1,1.27988,1
0.4540,4.8959,2.6017,12.3591,3.0033,0.0263,-1.2830,0,0,2,0.86836,3
0.4971,4.7516,2.3848,11.5519,1.7166,0.0094,-0.5771,0,0,0,0.00000,3
0.4634,4.7098,2.5168,11.6670,0.6343,0.0087,-0.6314,0,1,0,0.22237,1
0.4145,4.2178,2.6148,12.6452,2.5333,0.0565,-1.4628,0,0,1,1.03742,1
0.3766,4.0519,2.7547,12.4279,2.9267,0.0353,-1.1143,0,1,0,0.98933,3
0.5566,5.3323,2.2647,11.7036,-1.3851,0.0274,-0.8606,0,0,0,0.00000,1
0.5490,5.6694,2.3531,11.9212,1.0009,0.0590,-1.1313,0,0,1,0.61930,1
0.5146,5.3529,2.4349,11.5165,1.0345,0.0024,-0.5626,0,0,0,0.00000,3
0.4061,4.1287,2.6304,12.1435,2.9473,0.0135,-0.9330,0,1,0,0.79914,3
0.3908,4.1893,2.7223,12.0675,1.9411,0.0517,-0.8840,0,1,0,0.67090,1
0.4905,4.4458,2.3451,11.5158,-0.6766,0.0588,-0.5921,0,0,0,0.00000,3
0.4732,4.5935,2.4484,11.3285,2.0677,0.0212,-0.3504,0,0,0,0.00000,3
0.6223,5.6803,2.0802,11.6107,-0.4247,0.0719,-0.9325,0,0,0,0.00000,3
0.4081,4.4551,2.7095,11.3637,2.9348,0.0742,-0.3729,0,0,0,0.00000,3
0.4326,4.5464,2.6160,12.2543,-2.2885,0.0185,-1.1095,0,1,0,0.86884,3
0.4504,4.4733,2.5177,12.9256,-2.7663,0.0123,-1.7998,0,1,1,1.75406,1
0.5023,5.2175,2.4596,11.9070,-2.4898,0.0624,-1.0118,0,1,0,0.63166,1
0.3714,3.8873,2.7312,13.1340,1.9908,0.0074,-1.6303,0,1,1,1.26547,1
0.3584,3.8356,2.7834,12.2392,3.1378,0.0063,-0.8739,1,1,1,1.03044,1
0.4174,4.3721,2.6423,11.3475,-1.6399,0.0103,-0.2964,0,0,0,0.00000,1
0.4795,4.7070,2.4473,11.3782,-2.2340,0.0572,-0.4457,0,0,0,0.00000,1
0.4303,4.2419,2.5489,11.6840,1.9582,0.0178,-0.6006,0,1,0,0.38544,3
0.3890,3.9753,2.6693,12.2465,-1.5624,0.0143,-0.9736,0,1,0,1.07312,1
0.4705,5.1311,2.5798,12.2373,-2.1861,0.0068,-1.1874,0,1,1,0.88822,1
0.4778,4.8929,2.4957,11.6014,-2.0275,0.0863,-0.6900,0,0,0,0.00000,1
0.4675,4.5123,2.4534,11.4074,2.6643,0.0210,-0.4151,0,0,0,0.00000,1
0.4549,4.9273,2.6046,12.4226,2.2884,0.0141,-1.3297,0,1,0,0.24166,3
0.4601,4.4583,2.4720,11.5980,0.6534,0.0275,-0.5855,0,1,0,0.28591,1
0.4547,4.5505,2.5176,11.4134,2.9003,0.0471,-0.4361,0,0,0,0.00000,1
0.3483,3.8328,2.8378,11.4289,-2.8371,0.0869,-0.3714,0,0,0,0.00000,3
0.5315,4.8778,2.2760,11.5853,1.3437,0.0113,-0.6667,0,0,0,0.00000,1
0.3768,3.9511,2.7231,12.2537,-2.3733,0.0166,-0.9493,0,1,0,0.89736,1
0.5247,4.9345,2.3132,11.5681,-0.8293,0.0126,-0.6402,0,0,0,0.00000,3
0.4117,4.2587,2.6395,11.7332,-2.6470,0.0077,-0.5978,0,1,0,0.46418,3
0.3785,4.0696,2.7499,11.3828,-2.3797,0.0540,-0.3332,0,0,0,0.00000,3
0.4007,4.0252,2.6270,11.2808,0.7249,0.0046,-0.2213,0,0,0,0.00000,1
0.4817,4.6072,2.4161,11.4140,1.4676,0.0368,-0.4575,0,0,0,0.00000,3
0.4039,4.2877,2.6847,13.1737,-2.8861,0.0003,-1.8056,0,0,1,1.63040,1
0.4490,4.5707,2.5472,12.5398,-2.6656,0.0104,-1.4149,0,0,1,0.40888,1
0.4460,4.2585,2.4839,11.9616,-1.8717,0.0015,-0.8535,0,1,0,0.48750,1
0.3878,3.9397,2.6644,12.0448,-1.5663,0.0047,-0.7956,0,1,0,0.77116,1
0.4741,4.5829,2.4421,11.3177,-0.9799,0.0217,-0.3421,0,0,0,0.00000,3
0.4261,4.6059,2.6614,12.1951,-2.7762,0.1043,-1.1569,0,1,0,0.96927,1
0.4327,4.7545,2.6671,11.4798,-3.0547,0.0924,-0.5201,0,0,0,0.00000,3
0.5528,5.7106,2.3454,11.4019,-1.2566,0.0362,-0.5387,0,0,0,0.00000,3
0.3769,4.0014,2.7378,13.1938,-2.9776,0.0715,-1.8249,0,0,1,2.13589,1
0.4853,4.9888,2.4844,11.7029,-0.5416,0.0181,-0.7159,0,0,2,0.28016,1
0.5183,5.2843,2.4066,11.5919,2.6367,0.0136,-0.6578,0,0,0,0.00000,1
0.5507,5.4436,2.3070,11.9167,-0.9281,0.0745,-1.1499,0,0,1,0.42163,3
0.4478,4.8304,2.6148,11.4610,-1.7333,0.0835,-0.5131,0,0,0,0.00000,1
0.3909,4.1039,2.6973,11.2738,-2.5976,0.0264,-0.2324,0,0,0,0.00000,3
0.4853,4.6621,2.4135,11.5022,-2.6920,0.0011,-0.5021,0,0,0,0.00000,3
0.4053,4.2604,2.6704,11.4913,2.6100,0.1557,-0.5679,0,0,0,0.00000,1
0.3858,4.0832,2.7167,11.4700,-2.4760,0.0687,-0.4241,0,0,0,0.00000,3
0.4016,4.1314,2.6524,12.4983,2.8755,0.0285,-1.2438,0,0,1,1.24223,1
0.4436,4.8178,2.6312,11.9538,-3.0435,0.0800,-0.9470,0,1,0,0.62823,1
0.4348,4.7032,2.6444,11.4996,-1.5144,0.0511,-0.4912,0,0,0,0.00000,1
0.5023,4.8975,2.3945,11.9764,-1.8328,0.0424,-1.0550,1,1,1,0.60268,1
0.4295,4.3714,2.5860,11.7139,-1.4150,0.0408,-0.6539,0,1,0,0.26267,1
0.3338,3.6782,2.8673,13.1544,2.5712,0.0301,-1.5122,0,1,1,2.08019,0
0.4850,4.4156,2.3600,11.2831,-2.0100,0.0162,-0.3143,0,0,0,0.00000,1
0.4049,4.2869,2.6795,11.4165,-2.7211,0.0183,-0.3469,0,0,0,0.00000,3
0.3649,4.0038,2.8016,12.1093,-2.8092,0.1811,-1.0248,0,1,0,0.95007,1
0.4026,4.1076,2.6412,11.3499,1.4059,0.0109,-0.2836,0,0,0,0.00000,1
0.3597,3.8507,2.7810,12.4913,2.7879,0.1126,-1.2240,0,1,0,1.25246,1
0.3708,3.9252,2.7461,11.9300,2.4565,0.0232,-0.6936,0,0,1,0.58950,1
0.3953,4.0213,2.6519,12.8846,-1.9756,0.0199,-1.5427,0,1,0,0.79967,1
0.3608,3.9600,2.8099,12.3729,-2.9141,0.1414,-1.1719,0,1,0,0.26521,1
0.4157,4.5622,2.7005,11.4125,-2.0977,0.0598,-0.4043,0,0,0,0.00000,1
0.4093,4.4131,2.6927,11.4657,2.3939,0.0328,-0.4080,0,0,0,0.00000,3
0.5076,4.9035,2.3743,11.4260,-0.0298,0.0054,-0.4648,0,0,0,0.00000,3
0.5768,5.6204,2.2368,11.3867,-0.6287,0.0157,-0.5285,0,0,0,0.00000,3
0.4486,4.2603,2.4734,11.4492,0.8008,0.0303,-0.4395,0,0,0,0.00000,1
0.5057,5.1924,2.4404,11.3256,-2.3160,0.0481,-0.4159,0,0,0,0.00000,1
0.3982,4.3046,2.7179,12.0709,2.8988,0.0276,-0.8728,0,0,3,6.11073,3
0.4279,4.3238,2.5810,11.7811,-2.1858,0.0103,-0.6703,0,1,0,0.26539,3
0.5013,5.0600,2.4319,11.4016,1.8618,0.0087,-0.4379,0,0,0,0.00000,3
0.4470,4.6524,2.5760,11.3497,-1.6609,0.0406,-0.3643,0,0,0,0.00000,3
0.3930,4.1332,2.6952,12.2056,3.1379,0.0835,-1.0471,0,1,0,0.78094,1
0.4033,4.4240,2.7250,11.4689,2.8411,0.2238,-0.6262,0,0,0,0.00000,1
0.4436,4.2060,2.4810,12.2459,0.1834,0.0146,-1.1251,0,0,1,0.68168,1
0.5729,5.4144,2.2175,11.4329,-0.4503,0.0134,-0.5705,0,0,0,0.00000,3
0.4646,4.3568,2.4293,11.4113,-1.9849,0.0340,-0.4300,0,0,0,0.00000,1
0.4817,5.1321,2.5305,11.5353,-1.9819,0.0275,-0.5621,0,0,0,0.00000,3
0.4673,4.9822,2.5612,12.2793,2.8082,0.0213,-1.2388,0,1,0,0.58410,3
0.4383,4.2770,2.5223,11.4606,-1.1270,0.0364,-0.4438,0,0,0,0.00000,1
0.4365,4.6907,2.6336,11.4135,1.5033,0.0533,-0.4222,0,0,0,0.00000,1
0.3690,3.9909,2.7757,11.9378,2.2190,0.0567,-0.7386,0,0,2,0.69207,1
0.3466,3.7233,2.8107,11.8377,2.2921,0.0821,-0.6514,0,1,0,0.63675,3
0.4770,5.1378,2.5522,12.5008,1.1194,0.0065,-1.4696,0,0,2,0.88217,1
0.4516,4.5977,2.5424,12.1704,-1.3434,0.0173,-1.0828,1,1,0,0.76198,1
0.5004,4.5423,2.3269,11.3376,-0.6857,0.0070,-0.3712,0,0,0,0.00000,3
0.5088,4.8274,2.3538,11.5148,-0.1564,0.0233,-0.5753,0,1,0,0.24861,3
0.3488,3.8405,2.8372,12.7718,-3.0775,0.1121,-1.4095,0,1,1,1.40735,0
0.4658,4.7481,2.5152,11.5401,3.0999,0.0361,-0.5525,0,0,0,0.00000,1
0.4336,4.5073,2.6016,12.2111,-1.1453,0.0089,-1.0596,0,0,1,0.75072,1
0.5265,4.8357,2.2867,11.2844,0.4513,0.0173,-0.3600,0,0,0,0.00000,3
0.4530,4.7361,2.5688,13.0462,-3.1125,0.0155,-1.9402,1,2,0,1.27224,1
0.4821,4.4720,2.3844,11.2406,2.0045,0.0414,-0.3017,0,0,0,0.00000,1
0.4676,4.7553,2.5089,11.3574,-1.3027,0.0281,-0.3791,0,0,0,0.00000,1
