x,Q2,W,miss_mass,phih,pt2,t,secondary_pips,secondary_pims,secondary_pizs,secondary_esum,accepted
0.4824,5.3256,2.5682,11.5657,-2.0044,0.0105,-0.5723,0,1,0,0.23373,0
0.4630,4.8049,2.5402,12.3730,2.0844,0.0030,-1.2897,0,1,1,1.09413,1
0.3562,3.8674,2.8053,12.3814,-2.8096,0.0273,-1.0040,0,1,0,0.50712,1
0.4851,4.8225,2.4494,11.9799,-1.4345,0.0189,-0.9862,0,1,0,0.53448,3
0.3873,4.2280,2.7512,11.9333,-3.0432,0.0340,-0.7452,0,1,0,0.59979,3
0.3882,3.9721,2.6722,11.8783,3.0018,0.1047,-0.7935,0,1,0,0.34367,1
0.4674,5.1431,2.5965,12.1858,2.9997,0.0130,-1.1373,0,1,0,0.88865,3
0.4413,4.3926,2.5381,11.9082,-2.4427,0.0710,-0.8878,0,1,0,0.35465,1
0.4218,4.3243,2.6092,11.7042,-2.6664,0.0271,-0.6153,0,1,0,0.20637,3
0.4454,4.2124,2.4749,12.1048,-2.3323,0.0038,-0.9847,0,2,0,0.84416,1
0.4847,4.4175,2.3614,12.0368,-0.5290,0.0573,-1.0929,0,1,0,0.40590,1
0.3678,4.0154,2.7899,11.7382,3.0374,0.2105,-0.7737,0,0,0,0.00000,1
0.3939,4.0361,2.6628,11.5057,2.0974,0.0062,-0.3883,0,1,0,0.26170,1
0.3627,3.8717,2.7717,13.0812,-2.6041,0.0401,-1.6047,0,1,1,1.89385,1
0.4163,4.5765,2.7016,12.3181,-2.5037,0.0162,-1.1164,0,1,0,0.89102,1
0.4006,4.2309,2.6851,11.8285,-3.0437,0.0364,-0.6911,0,1,0,0.41487,3
0.4350,4.7673,2.6596,12.8116,2.3918,0.0345,-1.6631,0,1,1,1.27597,1
0.3861,4.0109,2.6940,12.5752,-2.4352,0.0078,-1.2251,0,1,1,1.26180,1
0.4981,4.7817,2.3870,12.1264,0.7966,0.0385,-1.1935,0,1,1,0.79837,1
0.4513,4.4996,2.5204,11.9741,-2.9000,0.0123,-0.8926,0,1,0,0.30961,3
0.3953,4.0501,2.6603,11.8014,-2.6402,0.0127,-0.6289,0,1,0,0.35976,3
0.3958,4.0235,2.6501,11.9433,2.5389,0.1143,-0.8756,0,1,0,0.38668,1
0.3366,3.6747,2.8500,13.1282,2.9599,0.1205,-1.6631,0,1,1,1.36165,1
0.3657,3.9357,2.7761,12.8471,-3.0014,0.0106,-1.3761,0,1,1,1.64676,1
0.4022,4.0091,2.6151,11.9625,-2.3521,0.0144,-0.7745,0,1,0,0.46622,3
0.3820,4.0500,2.7262,11.8505,1.8807,0.0355,-0.6710,0,1,0,0.26246,1
0.4094,4.1937,2.6327,11.5701,1.6546,0.0174,-0.4734,0,0,0,0.00000,1
0.4557,4.3213,2.4580,11.8498,0.3131,0.0103,-0.7845,0,1,0,0.54571,1
0.3729,3.9596,2.7456,13.1780,2.0932,0.0057,-1.6716,0,1,1,1.80976,1
0.4498,4.6222,2.5563,11.8870,-2.0270,0.0368,-0.8425,0,1,0,0.32941,3
0.3653,3.9872,2.7943,12.8391,-2.3804,0.0405,-1.4160,0,1,1,1.43276,1
0.4263,4.3169,2.5867,12.6346,2.2359,0.0659,-1.5109,0,1,0,1.26757,1
0.4370,4.6673,2.6255,11.8990,-1.7125,0.0314,-0.8196,0,1,0,0.17978,1
0.5037,5.1119,2.4326,12.2427,-1.2472,0.0492,-1.3480,0,1,0,0.74854,1
0.4011,4.1059,2.6480,11.5948,2.3294,0.0671,-0.5408,0,1,0,0.29807,3
0.3646,3.9894,2.7986,12.1141,2.4257,0.0535,-0.8590,0,1,0,0.38570,1
0.3582,3.7847,2.7682,12.0949,-2.3349,0.0100,-0.7710,0,1,0,0.85255,1
0.4328,4.2953,2.5515,11.6737,-2.0306,0.0608,-0.6495,0,1,0,0.26633,3
0.5213,5.1993,2.3778,11.7088,-0.7933,0.0548,-0.8350,0,1,0,0.29976,1
0.4978,5.2197,2.4793,11.9585,0.2886,0.0007,-0.9722,0,0,0,0.00000,1
0.4057,4.2943,2.6780,11.9593,-2.9294,0.1065,-0.9004,0,1,0,0.54376,1
0.4969,5.2339,2.4858,11.8828,0.8621,0.0196,-0.9193,0,1,0,0.48758,1
0.3430,3.7776,2.8490,11.8452,-2.6221,0.0442,-0.6029,0,1,0,0.48207,0
0.3291,3.6316,2.8781,13.2053,2.4582,0.0469,-1.5588,0,1,1,1.97351,0
0.6460,5.9641,2.0370,12.0843,-0.0566,0.0342,-1.5434,0,1,0,0.52194,1
0.3854,4.1808,2.7471,12.4751,-2.8339,0.0088,-1.1428,0,1,1,1.08572,1
0.4447,4.5274,2.5562,11.8446,1.8402,0.0211,-0.7728,0,1,0,0.29580,3
0.3930,4.1145,2.6900,12.9959,-2.1623,0.0070,-1.6087,0,1,1,0.91992,1
0.4325,4.5533,2.6184,11.6893,3.0451,0.0183,-0.6106,0,1,0,0.35619,3
0.4846,4.6943,2.4236,11.8252,-1.8359,0.0217,-0.8362,0,1,0,0.52077,3
0.4590,4.3150,2.4428,11.9973,0.6452,0.0036,-0.9185,0,1,0,0.62704,1
0.4492,4.4513,2.5179,11.7469,2.6420,0.0040,-0.6717,0,1,0,0.26943,3
0.4419,4.3490,2.5244,11.4598,1.3391,0.0182,-0.4263,0,1,0,0.21852,3
0.5402,5.7161,2.3970,11.8798,1.1096,0.0326,-1.0305,0,1,0,0.23368,1
0.3693,3.8584,2.7331,11.7496,-2.2450,0.0388,-0.5748,0,1,0,0.22051,3
0.4545,4.8064,2.5786,11.7545,2.4013,0.1037,-0.8153,0,1,0,0.38526,1
0.4593,4.6427,2.5191,11.7550,2.3293,0.0644,-0.7750,0,1,0,0.29509,1
0.3774,4.0672,2.7553,12.1267,-2.6733,0.1137,-0.9812,0,1,0,0.25842,3
0.4285,4.4165,2.6022,11.8417,3.1010,0.0157,-0.7307,0,1,0,0.55483,3
0.3468,3.7428,2.8161,11.9121,-3.0951,0.0655,-0.6843,0,1,0,0.67162,3
0.4660,4.4160,2.4373,11.9676,2.4677,0.0202,-0.9299,0,1,0,0.58472,1
0.3628,3.8538,2.7654,11.9224,-3.0384,0.1728,-0.8623,0,1,0,0.63266,1
0.4326,4.4484,2.5911,11.9684,1.6608,0.0015,-0.8315,0,1,0,0.57342,1
0.4132,4.4867,2.6928,12.7975,-2.4120,0.0384,-1.5685,0,0,1,0.39248,1
0.5241,5.2256,2.3718,12.0129,-0.1265,0.0007,-1.0904,0,1,0,0.70947,3
0.3820,4.0776,2.7343,12.5508,-2.5634,0.0553,-1.2626,0,1,1,0.89126,1
0.4700,4.7432,2.4959,12.0234,-1.1751,0.0584,-1.0462,0,1,1,0.55931,1
0.4453,4.7198,2.5998,12.9202,2.5172,0.0444,-1.8296,0,1,0,1.47231,1
0.4883,4.6867,2.4066,12.2001,-1.5183,0.0148,-1.2079,0,1,3,0.97337,1
0.4548,4.3415,2.4669,11.7420,1.4007,0.0281,-0.7076,0,1,0,0.34398,3
0.4132,4.4658,2.6874,12.5129,2.5726,0.0436,-1.3185,0,1,1,1.13392,1
0.3757,4.0513,2.7592,11.7238,-2.6930,0.0087,-0.5299,0,1,0,0.40190,1
0.4391,4.3227,2.5304,12.5951,-2.5925,0.0024,-1.4184,0,1,1,0.96555,1
0.4163,4.1661,2.5928,12.2015,3.0798,0.0109,-1.0055,0,1,0,0.50709,1
0.5706,5.1951,2.1886,11.8893,-0.4647,0.0109,-1.0750,0,1,0,0.23528,1
0.3640,3.8260,2.7507,11.6177,-2.7812,0.1469,-0.5986,0,1,0,0.19844,1
0.3559,3.7626,2.7729,12.2087,2.8934,0.0792,-0.9437,0,1,1,0.99455,3
0.4086,4.3241,2.6720,11.8746,-1.8702,0.0532,-0.7664,0,1,0,0.44629,1
0.4084,4.1394,2.6223,11.6698,-2.2912,0.0049,-0.5369,0,0,0,0.00000,3
0.3896,4.0347,2.6836,12.2331,-2.9782,0.0116,-0.9609,0,1,0,0.77660,3
0.5080,4.8896,2.3696,11.7865,-0.7008,0.0282,-0.8539,0,1,0,0.42110,3
0.3684,3.8974,2.7500,11.9627,3.0613,0.0397,-0.7343,0,1,0,0.53649,3
0.3619,3.8672,2.7748,11.9681,2.8297,0.0078,-0.6834,0,1,0,0.28959,1
0.5419,5.5267,2.3564,11.9356,-2.2931,0.0339,-1.0962,0,1,0,0.19176,1
0.4488,4.2255,2.4636,11.7555,-1.2203,0.0482,-0.7342,0,1,0,0.23507,3
0.4388,4.7908,2.6473,12.3653,2.0028,0.0271,-1.2429,0,1,1,0.70413,1
0.4552,4.8568,2.5871,13.1923,-2.9130,0.0154,-2.1007,0,1,0,1.86388,1
0.3628,3.8676,2.7700,12.4142,3.0125,0.0609,-1.0973,0,1,1,1.13015,1
0.4968,5.3918,2.5183,12.3079,0.0226,0.0007,-1.3282,0,0,0,0.00000,1
0.5355,5.3954,2.3582,11.6596,0.9204,0.0646,-0.8220,0,1,0,0.20606,1
0.4818,4.5731,2.4082,12.1625,-0.2429,0.0203,-1.1595,0,1,0,0.56168,1
0.5249,5.5686,2.4332,11.6797,0.5270,0.0178,-0.7661,0,1,0,0.41389,1
0.4055,4.3600,2.6969,12.1376,2.3069,0.0019,-0.9120,0,1,0,0.63632,1
0.3496,3.8527,2.8367,11.9943,2.5244,0.1460,-0.8531,0,1,0,0.58778,2
0.4639,4.3241,2.4243,12.3871,-1.2393,0.0210,-1.3295,0,1,0,0.77155,1
0.3852,4.1749,2.7468,12.0644,-2.8491,0.1091,-0.9435,0,1,0,0.70500,3
0.4243,4.5949,2.6671,13.1492,2.2679,0.0161,-1.9097,0,1,1,1.92439,1
0.4992,4.7530,2.3767,11.7820,-0.2253,0.0036,-0.7992,0,1,0,0.33015,3
0.4921,5.0955,2.4778,12.2383,-3.1395,0.0110,-1.2551,0,0,1,0.26705,3
0.4387,4.6230,2.6069,12.1403,3.0251,0.0059,-1.0057,0,1,2,0.67130,3
0.4360,4.3524,2.5517,12.5912,-2.6334,0.0185,-1.4298,0,1,1,1.21993,1
0.4276,4.7190,2.6830,12.4875,-3.0892,0.0192,-1.3082,1,2,0,1.18015,2
0.4545,4.8566,2.5905,12.0008,2.3199,0.0751,-1.0098,0,1,0,0.62452,3
0.4958,4.4977,2.3354,11.8549,-0.6074,0.0319,-0.9008,0,1,0,0.65435,1
0.3513,3.8293,2.8197,13.3241,2.9193,0.0767,-1.8197,1,2,3,3.93649,1
0.4589,4.3249,2.4454,12.3329,0.3241,0.0196,-1.2595,0,1,0,0.58568,1
0.4284,4.3066,2.5741,11.8708,2.7901,0.0597,-0.8123,0,1,0,0.17196,1
0.4147,4.3155,2.6403,12.9955,-2.5909,0.0275,-1.7395,0,1,2,1.04211,1
0.4115,4.2019,2.6249,12.3818,-1.8986,0.0211,-1.1631,0,1,1,0.93462,1
0.5131,5.3766,2.4457,12.1629,1.0961,0.0149,-1.2427,0,1,0,0.58476,1
0.4806,4.4245,2.3795,12.0622,0.7695,0.0075,-1.0377,0,1,1,0.71352,1
0.4626,4.7533,2.5304,12.2905,1.3722,0.0134,-1.2232,0,1,1,1.02904,1
0.3609,3.9497,2.8061,13.0837,2.8668,0.0613,-1.6346,0,1,1,1.86910,1
0.3514,3.7808,2.8032,11.6408,-2.4757,0.0387,-0.4671,0,1,0,0.32341,1
0.3800,4.1249,2.7589,11.5684,2.4272,0.0556,-0.4759,0,1,0,0.21501,3
0.3482,3.7589,2.8139,12.4578,2.4701,0.0285,-1.0382,0,2,0,1.24316,1
0.4231,4.5849,2.6708,11.6991,1.8460,0.0599,-0.6541,0,1,0,0.41661,1
0.4374,4.5561,2.5965,12.3542,2.3003,0.0367,-1.2412,0,1,1,0.62401,1
0.5126,5.0533,2.3843,11.7683,0.5655,0.0378,-0.8577,0,1,0,0.35884,1
0.3700,3.9196,2.7487,12.4498,-2.3197,0.0742,-1.1676,0,1,0,1.27174,1
0.4198,4.3523,2.6260,12.4563,-2.7280,0.0460,-1.2927,0,1,0,1.10243,1
0.3744,4.0853,2.7759,12.2941,2.2235,0.0296,-0.9930,0,1,0,1.12627,1
0.4397,4.2822,2.5173,12.0438,2.7427,0.0003,-0.9116,0,1,0,0.76409,1
0.3312,3.6472,2.8715,12.6626,3.0211,0.0818,-1.2123,0,1,1,0.96576,0
0.5459,5.1163,2.2663,12.0512,-0.0275,0.0049,-1.1903,0,1,0,0.38051,1
0.4517,4.3062,2.4713,11.7582,2.4518,0.0374,-0.7285,0,1,0,0.35762,1
0.4687,4.5473,2.4565,11.8183,1.6791,0.0353,-0.8150,0,1,0,0.31216,3
0.3786,4.1359,2.7690,12.4686,2.6627,0.0276,-1.1428,0,1,1,1.13345,1
0.4288,4.2961,2.5695,11.8234,-2.4201,0.0339,-0.7385,0,1,0,0.23287,3
0.4623,5.0030,2.5882,12.2054,-2.5912,0.0332,-1.1695,0,1,1,0.82120,3
0.4484,4.6948,2.5798,11.9611,2.9365,0.0262,-0.8938,0,1,0,0.30717,3
0.4535,4.2497,2.4497,11.9152,-1.1642,0.0090,-0.8376,0,1,0,0.53759,1
0.3418,3.7331,2.8405,11.8962,-2.9887,0.2389,-0.8811,0,1,0,0.19928,1
0.4110,4.2309,2.6352,11.7901,-1.7106,0.0185,-0.6566,0,1,0,0.35922,1
0.3798,4.1145,2.7565,12.0375,3.1223,0.0096,-0.7788,0,1,0,0.66554,1
0.4224,4.4928,2.6502,11.7201,2.8220,0.0168,-0.6176,0,1,0,0.19965,3
0.3938,3.9908,2.6502,11.6818,-2.5717,0.0054,-0.5231,0,1,0,0.40881,3
0.3496,3.7555,2.8047,11.4838,3.0845,0.1143,-0.4430,0,1,0,0.17828,3
0.4579,4.8789,2.5801,11.8796,-1.7789,0.0088,-0.8175,0,0,0,0.00000,1
0.4032,4.2939,2.6902,13.1450,-1.5566,0.0272,-1.8248,0,1,1,1.56354,1
0.4008,4.3869,2.7275,12.6151,-2.3586,0.0394,-1.3595,0,1,0,1.35332,1
0.3968,4.0672,2.6575,11.7486,-2.9415,0.0340,-0.6164,0,1,0,0.40739,3
0.3427,3.7469,2.8400,12.3329,-2.7118,0.0639,-0.9790,0,1,0,1.21174,3
0.4626,4.6540,2.5076,11.7876,-0.4931,0.0055,-0.7365,0,1,0,0.22317,1
0.4620,4.3070,2.4283,12.4177,-0.7679,0.0139,-1.3423,0,1,1,0.86007,1
0.5402,5.0450,2.2747,12.1034,0.2276,0.0654,-1.3203,0,2,0,0.69862,1
0.4372,4.4530,2.5715,12.3710,2.3312,0.0043,-1.2084,0,1,0,0.29553,1
0.4411,4.8588,2.6526,11.9324,-2.8674,0.0377,-0.8670,0,1,0,0.39065,2
0.5714,5.6381,2.2605,11.9363,-2.2396,0.0078,-1.1310,0,1,0,0.53447,1
0.3590,3.8164,2.7740,12.1903,2.6866,0.0985,-0.9638,0,1,1,0.78457,3
0.3890,4.0053,2.6780,11.8885,-3.0970,0.0265,-0.7031,0,1,0,0.67143,3
0.4151,4.5235,2.6935,11.9700,2.7906,0.1195,-0.9475,0,1,0,0.55408,1
0.4414,4.4787,2.5591,12.0078,-3.1141,0.0071,-0.8937,0,1,0,0.66998,3
0.3957,3.9887,2.6403,11.7518,-1.6648,0.0573,-0.6459,0,1,0,0.40264,1
0.4206,4.5137,2.6643,11.8708,2.6270,0.0549,-0.7902,0,1,0,0.16316,3
0.3578,3.9447,2.8215,12.4110,2.6052,0.0521,-1.0664,0,1,1,1.25745,2
0.5233,4.8333,2.2986,12.1039,-2.0215,0.0024,-1.1839,0,1,0,0.23069,1
0.3942,4.3354,2.7467,12.5127,2.6898,0.0876,-1.3187,0,1,0,1.13275,3
0.3638,3.9490,2.7905,12.1376,-2.7448,0.0953,-0.9306,0,1,0,0.76522,3
0.4356,4.2591,2.5297,11.8736,-2.2973,0.0330,-0.7945,0,1,0,0.28652,1
0.4058,4.0428,2.6076,11.9430,-1.2389,0.0199,-0.7736,0,1,0,0.51951,1
0.4503,4.8286,2.6028,12.9734,-3.1033,0.0366,-1.8917,0,2,0,1.71187,1
0.5194,5.1797,2.3819,12.1683,1.4745,0.0348,-1.2924,0,1,1,0.86417,1
0.3413,3.6928,2.8295,13.3026,3.0012,0.0479,-1.6981,0,1,1,2.06726,1
0.3721,4.0138,2.7666,11.8864,2.3592,0.0328,-0.6756,0,1,0,0.44782,1
0.4604,4.9216,2.5783,12.9593,2.2671,0.0185,-1.8908,0,1,1,1.66448,1
0.4019,4.3553,2.7134,12.8787,-3.1118,0.0505,-1.6159,0,1,3,1.63110,1
0.4407,4.5697,2.5843,11.9260,-2.8116,0.0329,-0.8533,0,1,0,0.32541,3
0.3953,4.2499,2.7168,12.4399,2.2569,0.0271,-1.1719,0,1,1,1.10641,1
0.4916,4.5199,2.3567,11.7472,1.8272,0.0355,-0.7906,0,1,0,0.20098,1
0.3784,4.0512,2.7450,11.7019,-2.8168,0.0520,-0.5706,0,1,0,0.36690,3
0.3854,4.0535,2.7101,11.7057,-2.8464,0.0179,-0.5435,0,1,0,0.19306,3
0.5386,5.1483,2.3000,12.2944,2.0753,0.0006,-1.4356,0,2,0,0.66057,1
0.4322,4.1695,2.5214,11.7601,-0.2705,0.0170,-0.6680,0,1,0,0.25280,1
0.4503,4.7846,2.5926,11.9839,-3.0150,0.0196,-0.9106,0,1,0,0.51849,3
0.4472,4.6251,2.5688,13.0991,2.2090,0.0038,-1.9445,0,1,0,1.68655,1
0.4163,4.5644,2.6980,11.7181,-1.9892,0.0777,-0.6804,0,0,0,0.00000,3
0.3914,4.1185,2.6990,11.9214,2.4851,0.0073,-0.7099,0,1,0,0.62127,1
0.4702,4.7152,2.4887,11.9913,2.4731,0.0177,-0.9605,0,1,0,0.60722,3
0.5591,5.2848,2.2466,11.7884,-1.6859,0.0270,-0.9591,0,1,0,0.43164,1
0.4015,4.0706,2.6360,11.9518,-2.1027,0.0284,-0.7828,0,1,0,0.39004,3
0.3664,3.9098,2.7644,12.0872,-2.0526,0.0318,-0.8140,0,1,0,0.82563,1
0.4459,4.7523,2.6048,11.8913,-2.2253,0.0131,-0.8082,0,1,0,0.21340,3
0.3897,3.9430,2.6561,12.4656,-2.5369,0.0075,-1.1454,0,2,0,1.08380,1
0.4868,4.4701,2.3650,12.2173,0.0532,0.0226,-1.2308,0,1,0,0.73815,1
0.5144,5.3827,2.4416,12.3738,-0.9040,0.0338,-1.5009,0,1,1,0.88840,1
0.5002,5.3712,2.4995,12.1274,2.6183,0.0337,-1.1967,0,1,0,0.69096,3
0.4154,4.0715,2.5709,11.8513,1.0742,0.0057,-0.6988,0,1,0,0.25496,1
0.3632,3.8479,2.7616,13.1587,-2.8183,0.0033,-1.6054,0,1,1,1.77997,1
0.4046,4.0328,2.6106,11.9572,2.3317,0.0036,-0.7613,0,1,0,0.58936,3
0.4522,4.8950,2.6098,12.1444,2.7887,0.0245,-1.0714,0,1,1,0.75628,3
0.4966,4.5818,2.3506,11.5436,0.0178,0.0208,-0.5814,0,1,0,0.21547,3
0.4134,4.4177,2.6736,12.3649,3.0011,0.0384,-1.1800,0,1,0,1.07968,3
0.3979,4.2532,2.7051,12.0841,2.2679,0.1152,-0.9995,0,1,0,0.77555,3
0.4597,4.2993,2.4359,12.3379,-2.9719,0.0057,-1.2453,0,1,0,0.20060,1
0.4289,4.2485,2.5570,11.6292,-1.8129,0.0327,-0.5700,0,1,0,0.33709,3
0.4097,4.3170,2.6646,12.0660,2.3910,0.0960,-0.9879,0,1,0,0.59007,3
0.4711,4.3918,2.4108,12.0365,-1.9931,0.0162,-1.0018,0,1,0,0.69062,1
0.3782,4.0870,2.7567,12.3669,-2.2072,0.0486,-1.0890,0,1,0,0.97676,3
0.5142,5.2533,2.4174,12.1367,-2.6034,0.0348,-1.2447,0,1,0,0.30962,1
0.4329,4.3588,2.5671,11.8469,-2.6086,0.0248,-0.7554,0,1,0,0.38097,3
0.4640,4.7285,2.5185,12.1714,-2.9904,0.0220,-1.1241,0,1,0,0.61605,1
0.4616,4.8143,2.5485,12.1204,0.0392,0.0006,-1.0401,0,1,0,0.29575,1
0.4345,4.3364,2.5543,11.6140,-2.2516,0.0230,-0.5541,0,1,0,0.19320,3
0.4878,5.2223,2.5225,12.9764,-1.9821,0.0276,-2.0470,0,1,1,1.63952,1
0.3628,3.8268,2.7571,12.1469,-2.4088,0.0640,-0.8937,0,1,0,0.94948,3
0.4209,4.2079,2.5827,11.9537,1.7148,0.0161,-0.8109,0,1,0,0.32501,3
0.3757,4.1333,2.7839,13.0873,2.4088,0.0203,-1.6338,0,1,1,1.75934,1
0.4213,4.4577,2.6465,12.6889,-2.2833,0.0176,-1.4667,0,1,0,1.39731,1
0.5335,5.3873,2.3644,11.8514,-1.9790,0.0145,-0.9592,0,1,0,0.58244,3
0.4134,4.5291,2.7029,12.1613,2.5584,0.0029,-0.9546,0,1,0,0.58608,1
0.5460,5.5192,2.3387,12.0024,0.8959,0.0042,-1.1393,0,1,0,0.58800,3
0.4265,4.2197,2.5601,12.4572,2.3547,0.0268,-1.2861,0,1,0,1.19275,1
0.3597,3.8390,2.7777,11.9621,1.9264,0.0428,-0.7190,0,1,0,0.58896,1
0.3864,4.1436,2.7311,12.1336,2.7518,0.0325,-0.9011,0,1,0,0.62648,3
0.4085,4.0931,2.6090,12.0156,-2.4702,0.0388,-0.8654,0,1,1,0.49365,3
0.4506,4.7792,2.5898,12.2586,-1.8481,0.0559,-1.2185,0,1,0,0.83501,3
0.5015,4.8816,2.3943,11.7382,2.2039,0.0380,-0.8051,0,1,0,0.28946,1
0.3265,3.6017,2.8824,12.5653,-2.6266,0.0464,-1.0725,0,1,1,1.28901,0
0.3649,3.8849,2.7643,13.0828,2.7661,0.0464,-1.6269,1,1,1,1.25514,1
0.4844,4.4841,2.3778,11.7885,-1.2765,0.0410,-0.8242,0,1,0,0.40815,1
0.5045,4.6373,2.3314,11.8090,0.2484,0.0328,-0.8742,0,1,0,0.24953,1
0.3793,4.1888,2.7812,12.6047,-2.2623,0.0279,-1.2569,0,1,0,1.25201,0
0.3529,3.8810,2.8278,13.1697,-2.2298,0.0599,-1.6665,0,1,2,1.94701,1
0.4286,4.6227,2.6541,13.1172,2.5816,0.0607,-1.9787,0,1,2,1.49894,1
0.4449,4.7313,2.6047,11.8888,-2.3397,0.0840,-0.8951,0,1,0,0.31343,3
0.4387,4.5037,2.5772,12.5149,-0.3388,0.0010,-1.3417,0,1,2,0.91873,1
0.4911,4.7564,2.4104,12.0241,-2.6581,0.0193,-1.0443,0,1,0,0.57261,1
0.4021,4.4203,2.7299,12.1666,2.8966,0.0972,-1.0567,0,1,1,0.61454,3
0.3538,3.8498,2.8130,13.3589,3.0964,0.0319,-1.7768,0,2,0,2.20556,1
0.3602,3.7874,2.7583,11.7503,2.7549,0.0924,-0.6253,0,1,0,0.39204,3
0.5079,5.0565,2.4040,12.3442,-0.1449,0.0046,-1.4025,0,1,0,0.52577,1
0.4732,4.7658,2.4873,11.8777,-2.4383,0.0138,-0.8536,0,1,0,0.27721,3
0.5311,5.1844,2.3363,11.8614,-0.7261,0.0513,-1.0122,0,1,1,0.38838,1
0.3974,4.2761,2.7135,13.1474,1.7934,0.0123,-1.7732,0,1,4,2.14394,1
0.5730,5.2005,2.1808,11.8877,-1.3017,0.0299,-1.1049,0,1,0,0.44532,1
0.4283,4.2613,2.5631,12.2250,1.3731,0.0283,-1.0837,0,2,0,0.67617,1
0.4502,4.5546,2.5381,11.9281,-0.9415,0.0302,-0.8723,0,1,0,0.31549,1
0.4340,4.7614,2.6627,11.9946,-3.0910,0.0299,-0.8964,0,1,0,0.60903,3
0.4284,4.6366,2.6582,12.8349,1.9362,0.0218,-1.6378,0,1,1,1.78541,1
0.3559,3.8650,2.8061,13.0295,-2.7349,0.0620,-1.5685,0,1,1,1.72798,1
0.3822,4.1889,2.7662,12.4328,3.0436,0.0403,-1.1433,0,1,0,1.24182,3
0.4106,4.2724,2.6481,13.0614,2.1265,0.0423,-1.8093,0,1,0,1.93884,1
0.4502,4.5195,2.5299,12.5318,2.4026,0.0222,-1.4289,0,1,1,0.73611,1
0.5396,5.5933,2.3774,12.8585,-2.6144,0.0152,-2.1180,0,1,1,1.05946,1
0.3808,4.0740,2.7395,11.7248,2.2931,0.0733,-0.6183,0,1,0,0.23272,3
0.3918,4.2197,2.7259,12.6924,-3.0025,0.0280,-1.3759,0,1,1,0.94375,1
0.4288,4.4401,2.6066,12.5566,0.9427,0.0025,-1.3487,0,1,0,1.30274,1
0.3580,3.7824,2.7680,12.1067,2.8673,0.0674,-0.8558,0,1,0,0.74075,3
0.3921,4.0408,2.6730,12.6372,-1.4746,0.0099,-1.3011,0,1,1,1.26107,1
0.5190,4.7236,2.2930,11.9788,-0.4492,0.0822,-1.1516,0,1,0,0.60636,1
0.4045,4.4356,2.7224,11.6643,2.5184,0.0424,-0.5726,0,1,0,0.30985,3
0.4894,4.8982,2.4477,12.0649,-3.0044,0.0109,-1.0706,0,1,0,0.48068,1
0.3662,4.0315,2.8032,12.1499,-2.5418,0.1019,-0.9549,0,1,0,0.54662,2
0.3574,3.7764,2.7694,11.9415,2.4438,0.0222,-0.6727,0,1,0,0.36055,1
0.3482,3.8228,2.8347,12.0404,2.2368,0.0941,-0.8174,0,1,1,0.67872,1
0.4016,4.4089,2.7294,11.8835,2.2951,0.0669,-0.7769,0,1,0,0.57755,3
0.5471,5.3589,2.3057,12.0469,-0.1420,0.0475,-1.2508,0,1,0,0.22920,1
0.3619,3.8390,2.7658,13.0810,2.4619,0.0222,-1.5692,0,1,1,1.82541,1
0.4686,5.1208,2.5860,12.6101,-1.3730,0.0327,-1.5910,0,1,0,1.24130,1
0.4489,4.5639,2.5461,11.7773,-2.4069,0.0569,-0.7663,0,1,0,0.16729,1
0.3611,3.8220,2.7645,12.6107,2.1677,0.0175,-1.1819,0,1,0,1.18322,1
0.3995,4.3480,2.7231,11.6997,-3.0905,0.0166,-0.5615,0,1,0,0.22382,1
0.5539,5.5530,2.3135,11.9687,0.9716,0.0053,-1.1226,0,1,0,0.43577,3
0.5537,5.0762,2.2296,11.6762,-0.9737,0.0142,-0.8062,0,1,0,0.23133,1
0.4582,4.2646,2.4337,11.9076,1.9554,0.0082,-0.8396,0,1,0,0.42629,1
0.4545,4.5717,2.5232,11.7550,-0.3118,0.0003,-0.6847,0,1,0,0.26924,3
0.3799,4.0139,2.7261,13.0187,2.0139,0.0298,-1.6106,0,1,0,1.72612,1
0.3708,4.0246,2.7765,12.0007,-2.3986,0.0968,-0.8427,0,1,0,0.24406,3
0.3816,4.0606,2.7316,11.9629,-2.6228,0.1477,-0.9029,0,1,0,0.29752,1
0.3872,4.2264,2.7511,12.5282,2.8515,0.1333,-1.3766,0,1,1,0.96005,1
0.4259,4.5081,2.6379,11.8727,2.3164,0.0486,-0.7947,0,1,0,0.42598,3
0.4130,4.2795,2.6389,11.8072,-2.9787,0.0786,-0.7506,0,1,0,0.43371,1
0.3994,4.1812,2.6771,11.5188,-3.0336,0.0604,-0.4698,0,1,0,0.23098,3
0.4652,4.7509,2.5184,11.6724,-2.0345,0.0336,-0.6706,0,1,0,0.22813,3
0.4336,4.4025,2.5751,11.8250,2.5190,0.0502,-0.7703,0,1,0,0.48996,1
0.4178,4.0802,2.5622,11.8079,-3.0043,0.0047,-0.6660,0,1,0,0.45643,3
0.4566,4.4296,2.4801,12.1782,-0.2722,0.0047,-1.0845,0,1,1,0.77707,1
0.3641,3.8102,2.7452,12.5984,2.8436,0.0695,-1.2616,0,1,0,1.22127,1
0.4582,4.5105,2.4926,11.7654,-3.0102,0.0350,-0.7448,0,1,0,0.21738,1
0.4445,4.7002,2.5990,12.1724,2.5752,0.0318,-1.0863,0,1,0,0.32598,3
0.4325,4.1669,2.5193,11.9898,2.3633,0.0277,-0.8834,0,1,0,0.33093,1
0.4074,4.1884,2.6408,11.9025,2.4784,0.0527,-0.7863,0,1,0,0.42730,3
0.3869,4.2083,2.7478,11.6423,2.6294,0.0406,-0.5248,0,1,0,0.34525,3
0.4262,4.4850,2.6301,12.8911,2.4491,0.0096,-1.6608,0,1,2,1.58985,1
0.3613,3.7984,2.7560,12.0897,-2.9426,0.1166,-0.9162,0,1,0,0.88983,1
0.3698,3.9530,2.7601,12.0323,-3.1209,0.0430,-0.7948,0,1,0,0.78594,3
0.4947,5.3012,2.5090,12.5880,1.3088,0.0438,-1.6806,0,1,1,0.79877,1
0.4111,4.1529,2.6132,12.3931,-2.1349,0.0566,-1.2239,0,1,0,1.14034,1
0.4314,4.2477,2.5454,12.1285,1.5407,0.0072,-0.9761,0,1,0,0.78754,1
0.3715,3.9688,2.7559,13.1147,2.4833,0.0438,-1.6796,0,1,3,1.83540,1
0.4555,4.9185,2.6002,12.5521,3.1292,0.0130,-1.4553,0,1,1,1.02522,1
0.5060,5.1197,2.4245,11.6543,-0.5467,0.0323,-0.7229,0,1,0,0.33465,1
0.3978,4.0826,2.6573,11.6814,3.1123,0.0500,-0.5841,0,1,0,0.39065,3
0.4258,4.3150,2.5882,12.1620,-1.3039,0.0147,-1.0022,0,1,1,0.57755,1
0.5291,4.8606,2.2817,12.4969,-1.5225,0.0016,-1.6297,0,1,0,0.98344,1
0.3608,3.9244,2.7987,12.8281,-3.1082,0.0958,-1.4778,0,1,0,1.59001,1
0.5066,5.3246,2.4629,12.0382,-1.9207,0.0144,-1.0939,0,0,0,0.00000,3
0.4973,4.6504,2.3623,11.9130,1.8836,0.0283,-0.9586,0,1,0,0.45232,1
0.4070,4.3244,2.6800,11.9447,-1.9919,0.0314,-0.7934,0,1,0,0.52208,1
0.5547,5.4850,2.2987,11.8824,-1.4840,0.0056,-1.0276,0,1,0,0.46315,3
0.4744,4.3508,2.3878,11.6526,-1.4704,0.0098,-0.6356,0,1,0,0.21653,3
0.4920,4.5744,2.3670,11.9728,0.4671,0.0535,-1.0411,0,1,0,0.32437,1
0.3981,4.3184,2.7219,12.0989,-2.2108,0.0360,-0.9069,0,1,0,0.46113,1
0.4032,4.0391,2.6190,11.8636,-1.9675,0.0276,-0.7130,0,1,0,0.20694,3
0.4742,4.4422,2.4096,11.7503,0.6844,0.0098,-0.7275,0,1,0,0.14835,3
0.5174,5.2515,2.4038,11.7193,-0.2438,0.0184,-0.7925,0,1,0,0.21091,1
0.4217,4.5360,2.6649,11.8169,-3.0974,0.0501,-0.7401,0,1,0,0.22259,3
0.3714,3.9121,2.7388,11.9438,3.1007,0.0294,-0.7133,0,1,0,0.37088,3
0.3827,3.9715,2.6994,11.8163,2.9030,0.0352,-0.6453,0,1,0,0.40293,3
0.4628,4.4947,2.4692,12.6902,2.8601,0.0045,-1.6009,0,1,1,1.41787,1
0.4303,4.4658,2.6064,11.8276,-1.5238,0.0335,-0.7450,0,1,0,0.23231,1
0.5793,5.5875,2.2222,11.8402,-1.0327,0.0010,-1.0280,0,1,0,0.35092,1
0.4091,4.5104,2.7192,11.9126,-3.0047,0.1432,-0.9148,0,1,0,0.43378,0
0.5243,5.4587,2.4150,12.7490,1.8582,0.0038,-1.9078,0,1,1,1.42567,1
0.5355,5.7108,2.4156,12.1826,-2.3366,0.0181,-1.3329,0,1,0,0.54240,3
0.3595,3.8121,2.7701,11.8294,2.6617,0.0096,-0.5794,0,1,0,0.42771,1
0.3433,3.7373,2.8338,12.2631,-2.5909,0.0753,-0.9446,0,1,0,0.97589,3
0.4123,4.0999,2.5931,12.3602,-2.3755,0.0032,-1.1200,0,1,1,0.94989,1
0.4392,4.8100,2.6498,11.8321,-2.1626,0.0525,-0.7917,0,1,0,0.53125,3
0.3737,3.9526,2.7397,12.7776,-2.0781,0.0138,-1.3559,1,1,0,1.33297,1
0.4201,4.2307,2.5925,11.8926,-2.4392,0.0294,-0.7743,0,1,0,0.68484,3
0.5163,5.4979,2.4560,12.0893,-1.6185,0.0221,-1.1836,0,1,0,0.59037,3
0.4936,5.4100,2.5358,11.7861,-2.4471,0.0164,-0.8129,0,1,0,0.40942,3
0.4871,5.1403,2.5085,12.1823,-3.0003,0.0368,-1.2208,0,1,0,0.58264,1
0.3817,4.1317,2.7522,12.7866,-2.9470,0.0174,-1.4006,0,1,0,1.59453,1
0.5164,5.2120,2.4003,11.7150,0.6030,0.0335,-0.8052,0,1,0,0.31409,1
0.3447,3.7316,2.8239,12.3616,3.1166,0.0427,-0.9765,0,1,2,1.15432,3
0.4432,4.5492,2.5680,11.6733,2.1086,0.0030,-0.5958,0,1,0,0.29635,3
0.3577,3.8797,2.8014,12.6180,-2.2163,0.0198,-1.1792,0,1,1,1.46284,1
0.4942,5.3035,2.5118,12.7881,-2.9454,0.0391,-1.8882,0,1,0,0.93127,1
0.3578,3.7776,2.7678,12.5041,2.8783,0.1254,-1.2474,0,1,0,1.15045,1
0.5080,5.1978,2.4319,11.9661,-1.4115,0.0353,-1.0499,0,1,0,0.35130,3
0.3715,3.8448,2.7174,11.6527,2.7415,0.0240,-0.4884,0,1,0,0.44955,2
0.4456,4.8038,2.6188,12.3071,-1.6934,0.0355,-1.2209,0,1,0,0.95087,1
0.3893,4.0050,2.6763,12.5503,2.8827,0.0157,-1.2272,0,1,0,1.23861,1
0.5022,4.6515,2.3433,12.4975,2.0355,0.0059,-1.5447,0,1,2,1.16131,1
0.3910,4.1319,2.7050,12.0157,-2.2995,0.0085,-0.7855,0,1,0,0.23057,1
0.3509,3.8080,2.8152,11.9956,3.0019,0.0526,-0.7371,0,1,1,0.69380,3
0.3625,3.8530,2.7670,12.6499,-2.6955,0.1240,-1.3812,1,2,0,1.28947,1
0.5431,5.6571,2.3746,11.5960,-0.4074,0.0050,-0.6940,0,1,0,0.17215,3
0.4950,4.8774,2.4199,12.1428,-0.7805,0.0493,-1.2181,0,1,0,0.27327,1
0.4391,4.4961,2.5736,12.0370,2.8807,0.0023,-0.9082,0,1,0,0.54465,3
0.4467,4.4238,2.5218,12.1824,-1.6970,0.0123,-1.0729,0,1,0,0.82335,1
0.4642,5.1113,2.6037,11.8804,-3.0299,0.0043,-0.8271,0,1,0,0.43259,0
0.3999,4.4141,2.7393,12.2338,-2.6472,0.0533,-1.0482,0,2,0,0.80642,2
0.4170,4.3634,2.6422,11.8093,-2.5253,0.0346,-0.7047,0,1,0,0.58793,3
0.4931,4.7728,2.4057,11.8543,-1.7508,0.0017,-0.8562,0,0,0,0.00000,3
0.4504,4.7184,2.5765,11.8860,1.7263,0.0062,-0.8037,0,1,0,0.35231,1
0.5079,4.6236,2.3152,12.0931,0.4802,0.0153,-1.1498,0,1,1,0.68048,1
0.4482,4.3893,2.5069,11.7812,0.3621,0.0032,-0.6992,0,1,0,0.22288,1
0.4503,4.8208,2.6011,12.7260,-3.0713,0.0228,-1.6215,0,2,3,1.63783,1
0.4917,4.9267,2.4440,12.7214,3.0001,0.0139,-1.7619,0,1,0,0.50686,1
0.5087,5.2485,2.4391,11.7703,-0.5030,0.0181,-0.8278,0,1,0,0.33207,1
0.3987,4.2828,2.7091,11.9773,2.6196,0.1446,-0.9492,0,1,0,0.38973,1
0.3988,4.0532,2.6438,12.1705,-2.3596,0.0751,-1.0218,0,1,1,0.86598,1
0.4284,4.4514,2.6114,12.0402,-2.9367,0.0229,-0.9132,0,1,0,0.56242,3
0.5321,5.6697,2.4218,11.9814,2.4655,0.0371,-1.1285,0,1,0,0.40690,1
0.3572,3.8952,2.8087,11.7725,2.7791,0.1445,-0.7002,0,1,0,0.37530,3
0.4889,5.1155,2.4954,11.9257,-1.1919,0.0330,-0.9617,0,1,0,0.26361,1
0.4456,4.5447,2.5562,11.7284,-2.9754,0.0251,-0.6759,0,1,0,0.37816,3
0.5267,5.3414,2.3833,11.7453,-0.4181,0.0183,-0.8374,0,1,0,0.15248,1
0.3399,3.6958,2.8384,12.1007,2.8568,0.0730,-0.8143,0,1,0,0.70508,3
0.5906,5.3780,2.1469,11.9150,-0.4267,0.0035,-1.1415,0,1,0,0.55715,1
0.3808,3.9495,2.7021,11.9838,2.7671,0.0083,-0.7370,0,1,0,0.67305,1
0.4350,4.3930,2.5666,11.9710,-0.4383,0.0058,-0.8441,0,1,0,0.67888,1
0.4221,4.6171,2.6834,12.7885,-2.7301,0.0325,-1.5863,0,1,0,1.42299,1
0.5075,4.9325,2.3805,12.1125,-0.8525,0.0359,-1.2009,0,1,0,0.53944,1
0.4269,4.5336,2.6395,11.9769,2.4128,0.0749,-0.9227,0,1,0,0.39293,3
0.4447,4.8234,2.6274,11.8256,-2.5484,0.0123,-0.7460,0,1,0,0.43529,3
0.4400,4.7904,2.6416,12.0102,3.1294,0.0714,-0.9790,0,1,0,0.58547,1
0.4807,5.1513,2.5389,11.8473,2.4843,0.0638,-0.9063,0,1,0,0.43557,1
0.4139,4.2124,2.6163,11.5948,2.5883,0.0175,-0.5001,0,1,0,0.25845,3
0.4440,4.6235,2.5825,11.9843,2.0277,0.0150,-0.8898,0,1,0,0.22362,3
0.4640,4.3841,2.4384,12.1747,-1.1469,0.0449,-1.1580,0,1,0,0.66333,1
0.4016,4.2800,2.6939,12.8901,-3.1352,0.0185,-1.5721,0,1,2,1.31316,1
0.3774,4.1317,2.7742,12.7704,-2.5423,0.0157,-1.3679,0,1,1,1.43973,1
0.4441,4.4690,2.5445,11.8659,2.5394,0.0239,-0.7941,0,1,0,0.35720,3
0.4454,4.3022,2.4975,11.8107,-1.9232,0.0622,-0.7960,0,1,0,0.36332,1
0.4638,4.4229,2.4483,11.9452,-0.9538,0.0423,-0.9336,0,1,0,0.50159,1
0.4140,4.3012,2.6397,11.9630,-2.7107,0.0374,-0.8320,0,1,0,0.51692,3
0.5129,4.7250,2.3169,11.9528,-2.0546,0.0039,-1.0010,0,1,0,0.33895,1
0.3880,4.2459,2.7525,12.6498,2.8953,0.0809,-1.4066,0,1,0,1.38198,1
0.4896,4.9205,2.4517,11.6251,0.4624,0.0195,-0.6496,0,1,0,0.16331,1
0.4716,4.8122,2.5046,11.9629,1.7807,0.0138,-0.9317,0,1,1,0.65962,3
0.3795,3.9412,2.7065,12.3144,2.3044,0.0465,-1.0472,0,1,0,0.97786,1
0.3686,3.9191,2.7558,11.7574,2.9576,0.1064,-0.6626,0,1,0,0.18509,3
0.4144,4.0834,2.5791,11.8518,1.2776,0.0302,-0.7288,0,1,0,0.22277,1
0.3811,4.1516,2.7607,12.6170,2.9076,0.0707,-1.3382,0,2,0,1.15937,1
0.4589,4.5431,2.4974,12.0968,-1.7723,0.0078,-1.0190,0,1,0,0.71627,1
0.4579,4.2607,2.4342,11.7562,1.9151,0.0208,-0.7163,0,1,0,0.33326,1
0.3867,4.2374,2.7569,11.8347,-3.0664,0.1312,-0.7878,0,1,0,0.42721,1
0.4991,4.5557,2.3351,11.8606,-1.2026,0.0155,-0.8916,0,1,0,0.54074,1
0.4284,4.2174,2.5509,11.6683,-2.6315,0.0330,-0.6029,0,1,0,0.20112,1
0.3760,3.9276,2.7199,11.5796,-2.7723,0.1402,-0.5794,0,1,0,0.31629,1
0.5131,4.7596,2.3231,11.6709,-2.8766,0.0005,-0.7093,0,1,0,0.35978,1
0.4344,4.7019,2.6460,11.7473,2.8742,0.0347,-0.6851,0,1,0,0.33673,3
0.4534,4.9285,2.6121,11.8053,-2.1639,0.0187,-0.7532,0,1,0,0.21881,3
0.4178,4.6093,2.7027,12.9702,-3.0835,0.0051,-1.6921,0,1,3,1.38618,0
0.4700,4.7153,2.4893,12.0403,1.2522,0.0027,-0.9868,0,1,0,0.83247,3
0.4717,5.1907,2.5875,12.6840,-1.5004,0.0001,-1.6273,0,1,0,1.30302,1
0.5501,5.6507,2.3457,11.6770,2.8227,0.0106,-0.8001,0,1,0,0.36348,1
0.4323,4.7022,2.6560,11.8101,-3.0898,0.0871,-0.8019,0,1,0,0.22859,1
0.3644,3.8154,2.7453,11.8877,2.7074,0.1090,-0.7575,0,1,0,0.48462,3
0.4531,4.4347,2.4966,12.1221,-2.9021,0.0114,-1.0323,0,1,0,0.47212,1
0.3643,3.9072,2.7745,12.8088,-2.2176,0.0132,-1.3439,0,1,1,1.45674,1
0.4323,4.5326,2.6142,12.9129,1.3186,0.0286,-1.7391,0,1,0,1.62481,1
0.4993,5.0448,2.4369,12.9674,-2.7285,0.0000,-2.0370,0,1,2,1.60126,1
0.4734,5.0070,2.5395,11.8646,-0.4989,0.0047,-0.8312,0,1,0,0.51311,1
0.4544,4.8862,2.5974,11.8593,2.8727,0.0362,-0.8269,0,1,0,0.37182,3
0.4691,4.6745,2.4843,11.8038,-0.4950,0.0014,-0.7589,0,1,0,0.39214,3
0.4671,4.8203,2.5258,11.5920,-1.7825,0.0237,-0.5875,0,1,0,0.25322,3
0.4973,4.6327,2.3589,12.0130,1.3012,0.0191,-1.0467,0,1,1,0.39002,1
0.4236,4.4294,2.6283,11.8852,-2.6422,0.1034,-0.8712,1,1,0,0.56296,1
0.5212,4.8344,2.3067,11.8932,1.8136,0.0174,-0.9767,0,1,0,0.36407,1
0.4474,4.8643,2.6245,12.8182,-2.9450,0.0569,-1.7569,0,2,0,1.26326,1
0.5856,5.9188,2.2515,12.0149,-0.3537,0.0156,-1.2709,0,1,0,0.52900,3
0.4488,4.4521,2.5196,12.2675,-1.9998,0.0070,-1.1503,0,1,0,0.89611,1
0.3562,3.8426,2.7977,11.9081,-3.0500,0.0895,-0.7310,0,1,0,0.36659,3
0.5189,5.5312,2.4513,12.1522,-1.1365,0.0069,-1.2369,0,1,0,0.37358,1
0.3644,3.8302,2.7498,11.6975,2.0646,0.0372,-0.5261,0,1,0,0.27539,1
0.4127,4.3946,2.6712,12.6269,-2.5086,0.0520,-1.4320,0,1,2,1.74118,1
0.3751,4.1355,2.7875,11.8307,2.6077,0.1038,-0.7276,0,1,0,0.39530,2
0.4186,4.2277,2.5984,12.3183,2.6462,0.0209,-1.1285,0,1,0,0.96466,1
0.4062,4.2312,2.6581,12.4792,1.9476,0.0232,-1.2345,0,1,1,1.14399,1
0.5307,4.8854,2.2806,12.3888,1.3788,0.0182,-1.5408,0,0,0,0.00000,1
0.4347,4.7965,2.6679,12.2996,-2.1781,0.0333,-1.1789,0,1,0,0.71135,2
0.4309,4.3826,2.5824,11.5260,-1.8384,0.0023,-0.4495,0,1,0,0.21423,1
0.4051,4.3571,2.6980,13.0133,-2.8286,0.0823,-1.8081,0,1,0,1.96459,1
0.4778,4.8742,2.4917,12.9663,-1.8891,0.0061,-1.9512,0,1,1,1.75190,1
0.3841,3.9495,2.6856,11.9225,-2.8254,0.0333,-0.7285,0,1,0,0.59401,3
0.4275,4.6570,2.6676,11.7505,-2.6956,0.0793,-0.7304,0,1,0,0.32175,3
0.3467,3.8275,2.8445,11.7298,-2.5804,0.1149,-0.6142,0,1,0,0.34048,2
0.3981,4.2072,2.6908,12.6179,3.0678,0.0805,-1.4155,0,1,0,1.44898,1
0.4314,4.3853,2.5807,11.8761,2.6081,0.0110,-0.7602,0,1,0,0.38039,3
0.3753,3.9288,2.7240,11.8111,1.9981,0.0606,-0.6592,0,1,0,0.33489,1
0.4399,4.3376,2.5307,12.2243,1.2516,0.0450,-1.1390,0,1,1,0.62493,1
0.5041,4.6063,2.3264,12.1198,-0.1990,0.0400,-1.2034,0,1,0,0.72012,1
0.3838,3.9766,2.6954,12.9534,2.7339,0.0696,-1.6398,0,2,0,1.61279,1
0.3957,4.0092,2.6462,12.7038,2.4539,0.0059,-1.3643,0,1,0,1.45799,1
0.4811,5.2212,2.5519,11.8858,2.8792,0.0136,-0.8804,0,1,0,0.47786,3
0.4729,4.6697,2.4669,12.8488,1.5488,0.0054,-1.8046,0,0,1,0.41665,1
0.4318,4.1737,2.5243,11.6903,2.4045,0.0609,-0.6621,0,1,0,0.14998,1
0.4544,4.7209,2.5592,11.9831,3.0559,0.0147,-0.9123,0,1,0,0.65324,3
0.4058,4.4126,2.7097,11.7457,2.0883,0.0186,-0.6117,0,1,0,0.27126,1
0.3493,3.7379,2.8008,12.5358,2.8657,0.1099,-1.2208,0,1,0,1.40173,1
0.4402,4.3043,2.5206,12.4552,-1.0430,0.0012,-1.2897,0,1,0,0.64829,1
0.4608,4.9848,2.5908,12.0397,-3.0116,0.0289,-1.0010,0,1,0,0.71503,3
0.4108,4.4546,2.6963,11.7486,2.8627,0.0175,-0.6218,0,1,0,0.39580,3
0.3765,4.0311,2.7487,11.9457,2.0354,0.0384,-0.7373,0,0,0,0.00000,1
0.5130,4.9441,2.3609,12.3873,1.7956,0.0070,-1.4667,0,1,2,1.31315,1
0.4833,4.6175,2.4117,11.8347,1.8221,0.0453,-0.8735,0,0,1,0.16579,1
0.5554,5.5058,2.2997,11.8701,-1.8570,0.0419,-1.0642,0,1,0,0.15365,1
0.5253,5.0889,2.3406,11.7340,1.8042,0.0055,-0.8048,0,1,0,0.24981,1
0.5018,5.0765,2.4331,12.1467,1.7611,0.0319,-1.2169,0,1,0,0.64930,1
0.3853,4.2363,2.7639,11.7510,2.0758,0.0304,-0.5940,0,1,0,0.38225,1
0.4044,4.0566,2.6184,12.6133,-2.8688,0.0395,-1.3703,0,1,0,1.25313,1
0.3938,4.2919,2.7363,11.7407,-2.6417,0.0169,-0.5844,0,1,0,0.27375,1
0.3298,3.6342,2.8747,11.7533,2.4999,0.0609,-0.5367,0,1,1,0.50578,0
0.4401,4.5869,2.5916,12.5807,-2.8894,0.0276,-1.4497,0,1,0,1.37044,1
0.5594,5.7867,2.3320,12.2859,0.3140,0.0173,-1.5201,0,1,0,0.23673,1
0.4122,4.4652,2.6919,11.5833,1.8692,0.0314,-0.5057,0,1,0,0.31790,1
0.3894,4.0712,2.6951,12.2237,-3.0071,0.0952,-1.0687,0,1,1,0.87589,1
0.3791,3.9146,2.7004,11.7991,2.8730,0.0966,-0.7020,0,1,0,0.23377,1
0.4092,4.2306,2.6437,12.0767,-2.0813,0.0180,-0.8910,0,1,0,0.66331,3
0.3880,4.1286,2.7191,11.9851,-2.1693,0.0052,-0.7502,0,1,0,0.74413,1
0.4499,4.9597,2.6352,11.7679,-2.5881,0.0398,-0.7391,0,1,0,0.23572,2
0.4617,4.9902,2.5880,12.7958,-3.0910,0.0464,-1.7756,0,1,0,0.73194,1
0.3982,3.9852,2.6275,11.7838,-2.2094,0.0139,-0.6215,0,1,0,0.38934,3
0.4029,4.1725,2.6579,11.7016,-3.0796,0.0798,-0.6457,0,1,0,0.27680,1
0.4193,4.4745,2.6602,12.7742,2.7878,0.0213,-1.5435,0,1,0,1.53800,1
0.4267,4.4089,2.6083,11.8953,1.3542,0.0198,-0.7788,0,1,0,0.59059,1
0.5036,5.2413,2.4589,11.6302,-2.0424,0.0342,-0.6975,0,1,0,0.30862,3
0.3958,4.2395,2.7115,12.1602,-2.6281,0.1504,-1.1070,0,1,0,0.71139,1
0.3660,3.9480,2.7782,11.5722,-2.9350,0.0908,-0.5007,0,1,0,0.28779,3
0.4545,4.8212,2.5822,11.7270,1.4280,0.0053,-0.6669,0,1,0,0.43556,1
0.4291,4.6038,2.6470,12.8681,2.8614,0.0200,-1.6688,0,1,1,1.62419,1
0.5036,4.8030,2.3696,12.0635,-1.2983,0.0180,-1.1136,0,1,2,0.59895,1
0.3897,4.1885,2.7275,11.7677,2.5490,0.0361,-0.6218,0,1,0,0.40515,3
0.3831,3.9197,2.6820,12.5910,2.8018,0.0061,-1.2247,0,1,1,0.99874,1
0.3970,4.0451,2.6502,11.6578,2.7174,0.0649,-0.5822,0,1,0,0.28840,3
0.4622,4.7271,2.5261,11.8259,-1.7132,0.0190,-0.7889,0,1,0,0.36787,3
0.5291,5.3320,2.3720,11.7617,-1.7292,0.0201,-0.8615,0,1,0,0.41347,3
0.4756,5.1861,2.5687,12.9431,-2.0829,0.0081,-1.9240,0,1,0,1.15861,1
0.4119,4.2324,2.6312,12.2997,2.6456,0.0728,-1.1671,0,1,1,0.48954,1
0.4273,4.5182,2.6336,11.7813,-1.5312,0.0278,-0.6922,0,1,0,0.21656,1
0.3847,4.0543,2.7139,11.7511,2.2105,0.0315,-0.5940,0,1,0,0.28706,1
0.5817,5.7701,2.2426,12.2257,-1.2298,0.0292,-1.5323,0,1,1,0.71718,1
0.4029,4.0395,2.6207,12.0877,2.1925,0.0188,-0.8853,0,1,1,0.81349,3
0.4032,4.1761,2.6574,12.0177,-2.6374,0.0837,-0.9146,0,1,0,0.48749,1
0.4238,4.3391,2.6040,11.9384,2.7506,0.0177,-0.8066,0,1,0,0.64464,3
0.4456,4.5613,2.5604,12.4286,-2.5072,0.0145,-1.3039,0,1,0,1.22301,1
0.4406,4.7354,2.6254,11.7424,2.8129,0.0770,-0.7447,0,1,0,0.31976,1
0.4683,4.7055,2.4948,12.0449,1.0030,0.0366,-1.0330,0,1,0,0.38567,1
0.3849,4.0181,2.7023,12.1206,-2.9916,0.0598,-0.9233,0,1,0,0.87612,3
0.3724,4.1069,2.7929,12.2515,-2.3563,0.1011,-1.0516,0,1,1,1.06008,2
0.4072,4.1715,2.6369,11.9167,2.6026,0.0988,-0.8577,0,2,0,0.62565,1
0.4193,4.5696,2.6848,11.9302,3.0363,0.0682,-0.8560,0,1,0,0.49074,3
0.4096,4.2688,2.6523,12.9251,3.0693,0.0256,-1.6488,0,1,1,1.67427,1
0.3632,3.8551,2.7642,12.9168,-2.9111,0.0992,-1.5694,0,1,1,1.65541,1
0.5783,5.8195,2.2638,12.0490,-0.9408,0.0204,-1.2986,0,1,0,0.46579,3
0.4424,4.7390,2.6179,11.6372,-2.5167,0.0557,-0.6279,0,1,0,0.38287,3
0.3982,4.3438,2.7286,11.7435,-2.3755,0.0149,-0.5919,0,1,0,0.19293,1
0.4029,4.0954,2.6361,12.7390,-2.9449,0.0311,-1.4632,0,1,0,1.38031,1
0.3669,3.9596,2.7773,12.8240,-2.5302,0.0505,-1.4262,0,1,0,0.19166,1
0.5440,5.0825,2.2673,11.6609,-0.5371,0.0737,-0.8491,0,1,0,0.34098,1
0.4387,4.4234,2.5574,12.8119,-2.7362,0.0304,-1.6706,0,1,2,1.65111,1
0.3948,4.1598,2.6939,12.9768,2.3053,0.0227,-1.6270,0,1,1,1.38461,1
0.4256,4.1918,2.5570,12.1891,-0.4177,0.0008,-1.0053,0,1,0,0.20373,1
0.6499,6.2213,2.0570,12.4715,0.9187,0.0254,-2.0702,0,1,0,0.70275,1
0.4515,4.9266,2.6200,12.4084,-2.0753,0.0021,-1.2879,0,1,1,0.82614,1
0.5036,5.2111,2.4531,11.9836,-1.9112,0.0094,-1.0227,0,1,0,0.64059,3
0.5442,5.1895,2.2862,12.0316,0.7447,0.0446,-1.2210,0,1,0,0.43308,1
0.3858,3.9357,2.6731,12.0440,-1.8706,0.0106,-0.7982,0,1,0,0.45842,1
0.3991,4.3989,2.7391,11.4763,-2.4504,0.1245,-0.5107,0,1,0,0.21468,2
0.5615,5.5620,2.2856,12.1992,-1.1660,0.0151,-1.4195,0,1,0,0.45597,1
0.4668,4.7905,2.5205,11.8268,-1.0216,0.0052,-0.7815,0,1,0,0.54998,1
0.4360,4.5422,2.5992,12.3768,1.3127,0.0475,-1.2738,0,1,1,0.69953,1
0.3906,4.3066,2.7568,12.8097,3.0019,0.1154,-1.6116,0,1,2,1.39779,0
0.4230,4.1226,2.5503,11.6543,-2.0463,0.0215,-0.5676,0,1,0,0.22959,3
0.4089,4.5026,2.7183,11.4350,2.2972,0.0290,-0.3789,0,1,0,0.19321,0
0.5140,5.0252,2.3732,11.9495,-1.2603,0.0091,-1.0099,0,1,0,0.43527,3
0.3487,3.8501,2.8412,12.4641,2.7262,0.0534,-1.0803,0,2,0,1.16593,2
0.4483,4.5166,2.5373,11.9205,-2.3157,0.0356,-0.8680,0,0,0,0.00000,3
0.4188,4.1297,2.5713,11.7874,1.0307,0.0233,-0.6746,0,1,0,0.33117,1
0.4658,4.7550,2.5167,11.8498,-2.5230,0.0248,-0.8261,0,1,0,0.46161,3
0.4168,4.2351,2.6089,11.8406,-2.9845,0.0034,-0.6905,0,1,0,0.30266,3
0.4098,4.3350,2.6690,12.0794,2.0371,0.0342,-0.9171,0,1,0,0.77621,3
0.4703,4.6428,2.4719,11.9101,2.4509,0.0125,-0.8758,0,1,0,0.35591,3
0.3916,3.9563,2.6511,12.0347,-2.3786,0.0193,-0.8156,0,1,0,0.48734,3
0.5214,5.2899,2.3949,11.8391,0.8540,0.0127,-0.9176,0,1,1,0.56291,3
0.4129,4.5542,2.7124,13.3016,-2.3440,0.0474,-2.0575,0,1,0,2.13224,0
0.4452,4.6897,2.5932,12.7338,-2.5536,0.0460,-1.6465,0,2,0,1.33899,1
0.4978,4.7043,2.3720,11.9764,0.9557,0.0542,-1.0598,0,1,0,0.21373,1
0.4656,4.7392,2.5138,12.1304,2.6488,0.0246,-1.0927,0,1,0,0.59485,1
0.4228,4.4072,2.6263,12.0628,-2.9108,0.0276,-0.9257,0,1,0,0.34712,3
0.3899,3.9480,2.6567,11.7107,-3.0322,0.0653,-0.6130,0,0,0,0.00000,1
0.3909,4.0717,2.6879,11.7505,2.5291,0.0766,-0.6603,0,1,0,0.34091,3
0.3862,4.1328,2.7295,12.0436,-3.1229,0.0090,-0.7974,0,1,0,0.75140,1
0.4481,4.9344,2.6376,12.3363,-2.3652,0.0439,-1.2688,0,1,0,1.10382,2
0.3656,3.9896,2.7936,12.6054,-3.0872,0.0843,-1.2938,0,1,0,1.47808,1
0.3956,4.2148,2.7054,11.8657,-2.8546,0.0282,-0.7010,0,1,0,0.40288,3
0.4582,4.9594,2.5972,12.1212,0.5836,0.0007,-1.0332,1,1,0,0.35374,1
0.3864,4.0019,2.6898,12.1938,-2.4674,0.0594,-0.9863,0,1,0,0.77802,3
0.4327,4.4652,2.5952,11.9157,-2.4162,0.0060,-0.7913,0,1,0,0.37406,3
0.4713,5.0470,2.5576,11.6765,1.9293,0.0191,-0.6680,0,1,0,0.18963,3
0.5242,4.9341,2.3147,12.2003,1.5868,0.0302,-1.3322,0,1,1,0.78056,1
0.3657,3.8196,2.7398,13.0418,2.7164,0.0640,-1.6272,0,1,1,1.97947,1
0.3688,3.9589,2.7671,11.6063,-3.0163,0.0143,-0.4390,0,1,0,0.24476,1
0.3697,3.8517,2.7290,12.2028,2.5414,0.0467,-0.9314,0,1,1,0.63010,3
0.4542,4.3284,2.4659,11.9721,-0.1461,0.0000,-0.8798,0,1,0,0.62134,1
0.4205,4.4079,2.6372,12.1943,-1.5203,0.0098,-1.0103,0,1,1,0.82478,1
0.5000,4.5999,2.3408,12.0957,2.5784,0.0027,-1.1143,0,1,0,0.69068,1
0.4237,4.6147,2.6752,11.7972,-3.0468,0.1419,-0.8424,0,1,0,0.26877,1
0.4481,4.6030,2.5591,11.5070,2.8948,0.0116,-0.4683,0,1,0,0.22602,3
0.4843,5.2548,2.5446,11.8634,1.6364,0.0547,-0.9186,0,1,0,0.55993,1
0.5389,5.5595,2.3742,12.9490,-1.9221,0.0203,-2.2314,0,1,0,1.61890,1
0.3882,3.9380,2.6620,12.8230,-2.9448,0.0015,-1.4298,0,1,0,1.62699,1
0.3870,4.1628,2.7340,11.9994,-2.9392,0.0874,-0.8663,0,1,0,0.41659,3
0.3789,4.0935,2.7550,11.6607,2.6918,0.1886,-0.7050,0,1,0,0.40094,1
0.5373,5.3009,2.3337,12.3037,0.6451,0.0162,-1.4670,0,1,0,0.70480,1
0.4288,4.2514,2.5579,11.9083,-0.6663,0.0081,-0.7784,0,1,1,0.71042,1
0.4572,4.9649,2.6028,12.0816,3.0195,0.0687,-1.0851,0,1,0,0.33014,1
0.3714,4.0696,2.7874,12.9059,-2.4695,0.0127,-1.4506,1,1,2,1.36782,1
0.4072,4.3949,2.6976,12.3133,-2.8073,0.0661,-1.1555,0,1,0,0.69382,3
0.4418,4.2523,2.5004,12.1987,-0.7178,0.0311,-1.1006,0,1,0,0.35162,1
0.3412,3.7246,2.8411,12.4879,2.7157,0.0823,-1.1161,0,1,0,1.27120,3
0.4180,4.2402,2.6049,11.6848,-2.1027,0.0688,-0.6438,0,1,0,0.35592,3
0.4912,4.4705,2.3474,12.3473,0.1782,0.0345,-1.3954,0,1,1,0.97469,1
0.4152,4.1503,2.5936,11.7864,-2.4675,0.0001,-0.6377,0,1,0,0.16023,1
0.3986,4.2558,2.7022,11.8032,-2.6308,0.1526,-0.8123,0,1,0,0.28159,1
0.4356,4.4713,2.5832,11.8619,1.6138,0.0321,-0.7839,0,1,0,0.51522,3
0.3600,3.8904,2.7925,11.8308,-3.0162,0.1036,-0.6985,0,1,0,0.41245,3
0.3843,4.1396,2.7410,11.9337,3.0167,0.0877,-0.8076,0,1,0,0.57822,3
0.4515,4.6721,2.5606,12.1966,-2.2914,0.0396,-1.1387,0,1,0,0.93478,3
0.4127,4.0891,2.5885,12.9004,2.7200,0.0381,-1.6606,0,1,0,1.77906,1
0.3678,3.8294,2.7315,11.8117,2.5507,0.1919,-0.8102,0,1,0,0.27776,1
0.4044,4.2403,2.6696,11.9351,-2.9539,0.0505,-0.8044,0,1,0,0.47544,3
0.4908,5.2124,2.5078,11.9839,2.3690,0.0212,-1.0089,0,1,0,0.45291,3
0.4063,4.2594,2.6654,11.7541,-2.1525,0.0677,-0.6800,0,1,0,0.18223,3
0.4615,4.7713,2.5392,11.8724,-2.9967,0.0357,-0.8527,0,1,0,0.24260,1
0.3728,4.0277,2.7671,13.0080,2.6554,0.0129,-1.5414,0,1,1,1.96863,1
0.4850,5.1109,2.5114,11.8822,3.1163,0.0632,-0.9493,0,1,0,0.54869,1
0.4472,4.6357,2.5709,11.7630,-0.3831,0.0050,-0.6848,0,1,0,0.24823,1
0.3429,3.6972,2.8221,12.8094,2.7289,0.0253,-1.2801,0,1,2,1.97720,1
0.5438,5.2962,2.3074,11.8760,-1.2319,0.0026,-0.9912,0,1,0,0.24898,3
0.3646,3.8471,2.7541,11.8367,3.1290,0.1150,-0.7263,0,1,0,0.40047,1
0.4636,4.7489,2.5248,11.6482,0.4704,0.0005,-0.6046,0,1,0,0.20815,1
0.4865,4.4612,2.3642,11.9587,-0.9697,0.0002,-0.9402,0,2,0,0.55940,1
0.3393,3.7442,2.8584,12.1586,-2.9577,0.0543,-0.8296,0,1,0,0.84970,2
0.4767,4.9479,2.5123,11.8404,-1.5536,0.0234,-0.8387,0,1,0,0.28687,3
0.5511,4.9865,2.2229,12.0017,0.5615,0.0721,-1.2423,0,1,0,0.65758,1
0.4900,5.2866,2.5264,11.8685,2.9529,0.0678,-0.9528,0,1,0,0.21171,1
0.3936,4.1759,2.7042,12.1774,-2.8448,0.0190,-0.9370,0,1,0,0.77624,3
0.5047,5.3203,2.4702,11.7093,1.4069,0.0130,-0.7525,0,1,0,0.43334,3
0.5878,5.5924,2.1914,11.8683,-0.9802,0.0040,-1.0832,0,1,0,0.53573,1
0.4604,4.6911,2.5254,12.5454,2.0711,0.0308,-1.4920,0,1,1,0.96908,1
0.3621,3.9654,2.8044,12.6457,2.7297,0.0631,-1.2823,0,1,0,1.51452,1
0.4426,4.8440,2.6423,12.4832,-2.8144,0.0986,-1.4718,0,1,1,0.91748,1
0.3627,3.9244,2.7883,11.7561,-2.4180,0.0226,-0.5485,0,1,0,0.43028,1
0.4872,4.4108,2.3503,12.1734,0.3623,0.0336,-1.2031,0,1,0,0.75568,1
0.3783,3.9414,2.7126,12.0097,-2.7105,0.0875,-0.8551,0,1,0,0.22243,1
0.4607,4.9416,2.5818,12.0270,2.6046,0.0664,-1.0382,0,1,0,0.45842,1
0.4420,4.8114,2.6370,11.5978,2.6860,0.0241,-0.5547,0,1,0,0.24024,3
0.4478,4.4486,2.5232,12.0892,-1.1128,0.0574,-1.0519,0,1,0,0.58264,1
0.3938,4.1896,2.7076,12.0360,-2.2636,0.0429,-0.8538,0,1,0,0.80370,3
0.6022,5.6764,2.1517,11.9185,-0.2765,0.0239,-1.2042,0,1,0,0.39139,1
0.5199,5.0645,2.3576,11.6182,-0.1483,0.0108,-0.6823,0,1,0,0.34454,3
0.3627,3.8580,2.7673,12.8500,-3.0719,0.0916,-1.4983,0,1,1,1.50006,1
0.4103,4.2221,2.6361,12.8668,-2.0846,0.0251,-1.5975,0,1,1,1.58147,1
0.3486,3.8042,2.8267,12.0140,2.4920,0.0501,-0.7420,0,1,0,0.65158,1
0.4293,4.2991,2.5680,12.1091,2.9294,0.0122,-0.9610,0,1,0,0.76212,1
0.5037,4.6014,2.3268,12.1011,1.2433,0.0046,-1.1318,0,1,0,0.60074,1
0.3936,4.0233,2.6607,11.8535,2.8032,0.0415,-0.7035,0,1,0,0.60890,3
0.4546,4.4248,2.4879,12.3524,-1.5901,0.0160,-1.2605,0,1,2,1.12428,1
0.6160,5.9366,2.1404,12.0238,1.1703,0.0365,-1.3888,0,1,0,0.26892,1
0.3889,4.1329,2.7155,11.9160,-2.8842,0.0892,-0.8053,0,1,0,0.41142,3
0.4029,4.0478,2.6226,12.8610,-1.5749,0.0165,-1.5472,0,1,0,1.73508,1
0.3882,4.1711,2.7300,13.1465,-3.0838,0.0749,-1.8417,0,1,3,2.05609,1
0.3787,4.1212,2.7642,11.6386,3.0044,0.0108,-0.4737,0,1,0,0.47014,1
0.5021,4.8508,2.3853,11.9018,-0.5702,0.0407,-0.9756,0,2,0,0.48706,1
0.4816,5.2076,2.5468,11.9055,1.4410,0.0375,-0.9316,0,1,0,0.37279,1
0.5216,4.8598,2.3104,11.9779,0.0258,0.0051,-1.0500,0,1,0,0.57789,1
0.4194,4.2880,2.6110,12.7093,-2.4879,0.0329,-1.5020,0,1,0,1.38008,1
0.4518,4.3888,2.4913,12.3971,2.5147,0.0245,-1.3072,0,2,0,1.01237,1
0.3861,4.0173,2.6958,11.9231,-2.3475,0.0624,-0.7707,0,1,1,0.62339,3
0.3702,4.0067,2.7742,12.9324,2.9407,0.1115,-1.6317,0,1,1,1.15845,1
0.3948,4.0009,2.6484,11.5880,2.5430,0.0250,-0.4753,0,1,0,0.19980,3
0.3916,4.0259,2.6713,12.2403,-2.2599,0.0295,-0.9971,0,1,2,0.55706,1
0.3914,4.1398,2.7051,11.7233,-2.8704,0.0628,-0.6225,0,1,0,0.37146,3
0.5815,5.5687,2.2109,11.8846,0.0678,0.0356,-1.1312,0,1,0,0.50537,1
0.4706,5.1543,2.5845,12.1618,-2.2772,0.0180,-1.1294,0,1,0,0.77565,3
0.3796,4.1706,2.7745,12.3813,-2.9919,0.0543,-1.1129,0,1,0,1.09782,3
0.3310,3.6276,2.8658,13.1645,-2.7660,0.0850,-1.6034,0,1,1,2.10923,1
0.3782,4.1487,2.7753,12.2148,2.6452,0.0943,-1.0284,0,1,0,0.84107,3
0.4674,4.3849,2.4244,12.0923,1.9686,0.0109,-1.0389,0,1,0,0.44091,1
0.5817,5.5014,2.1992,11.9829,2.2355,0.0001,-1.1975,0,1,0,0.53262,1
0.3471,3.7652,2.8221,11.7411,2.8531,0.0457,-0.5391,0,1,0,0.54546,1
0.4107,4.2123,2.6316,12.2605,2.6428,0.0033,-1.0306,0,1,1,0.83353,1
0.4244,4.5947,2.6669,12.5226,-1.9373,0.0255,-1.3383,0,1,0,1.31027,1
0.4481,4.4236,2.5159,12.0311,2.4676,0.0468,-0.9839,0,1,0,0.51928,1
0.3791,4.0189,2.7317,12.7369,2.3429,0.0615,-1.4187,0,1,1,1.13124,1
0.4170,4.2584,2.6143,12.0190,1.8748,0.0300,-0.8767,0,1,0,0.47396,3
0.3917,4.1335,2.7020,12.8192,2.7815,0.0346,-1.4955,0,2,0,1.32187,1
0.3904,4.0499,2.6840,12.2742,1.5576,0.0304,-1.0231,0,1,0,0.23739,1
0.3414,3.6972,2.8304,12.9860,2.7811,0.0228,-1.4049,0,1,3,1.30655,1
0.3753,3.8887,2.7117,11.8499,-2.9049,0.0008,-0.6135,0,1,0,0.45167,1
0.3383,3.7015,2.8499,12.6962,2.4304,0.0214,-1.1715,0,1,2,1.33068,1
0.5086,4.8516,2.3598,11.9940,2.3148,0.0003,-1.0297,0,1,0,0.48633,1
0.4221,4.1039,2.5495,12.3044,1.1021,0.0419,-1.1563,0,1,0,0.94452,1
0.4317,4.4632,2.5991,12.2312,-2.9175,0.0305,-1.1027,0,1,0,0.82426,3
0.5898,5.6773,2.1974,12.2899,-0.5271,0.0404,-1.6515,0,1,0,0.71874,1
0.5103,4.7428,2.3304,11.8185,-2.8308,0.0015,-0.8548,0,1,0,0.35853,1
0.4570,4.6579,2.5327,11.7315,1.7975,0.0701,-0.7563,0,1,0,0.29542,3
0.3392,3.6684,2.8333,11.8338,2.9285,0.1564,-0.7268,0,1,0,0.45523,3
0.4805,4.3768,2.3690,11.7063,0.8691,0.0536,-0.7532,0,1,0,0.16548,1
0.4404,4.5259,2.5752,12.0254,2.0069,0.0409,-0.9527,0,1,0,0.32061,3
0.4668,4.5442,2.4639,12.1297,-2.8287,0.0133,-1.0779,0,1,1,0.68822,1
0.3866,4.2331,2.7563,12.1410,-2.9935,0.0699,-0.9577,0,1,0,0.83746,3
0.4349,4.4157,2.5727,11.9045,1.4488,0.0149,-0.7975,0,1,0,0.46308,1
0.4464,4.5087,2.5440,11.8668,1.5621,0.0303,-0.8082,0,1,0,0.20935,3
0.4715,4.9024,2.5249,12.9006,-2.2590,0.0170,-1.8750,0,1,1,0.77123,1
0.4645,4.8337,2.5404,11.8603,-1.6768,0.0248,-0.8337,0,1,0,0.30793,3
0.4037,4.0498,2.6198,12.3937,1.9464,0.0171,-1.1431,0,1,0,0.65620,1
0.3674,3.8274,2.7332,11.6569,2.4455,0.0975,-0.5739,0,1,0,0.26448,3
0.4769,4.8536,2.4910,11.7756,2.9962,0.0044,-0.7520,0,1,0,0.52890,3
0.5094,4.9726,2.3810,12.0551,2.0773,0.0172,-1.1196,0,1,0,0.58806,1
0.4575,4.7795,2.5590,11.7500,2.2685,0.0960,-0.8071,0,1,0,0.14567,1
0.4362,4.7780,2.6563,11.8896,-2.4452,0.0390,-0.8196,0,1,0,0.58912,3
0.3798,4.0030,2.7234,11.7755,-1.7822,0.0290,-0.6010,0,1,0,0.23356,1
0.5030,5.2160,2.4564,11.7845,3.1138,0.0017,-0.8098,0,1,0,0.18241,3
0.5075,4.9192,2.3777,11.9501,-2.8967,0.0086,-0.9942,0,1,0,0.48627,1
0.4197,4.5084,2.6674,11.7141,1.9662,0.0129,-0.6030,0,1,0,0.19046,1
0.3934,4.3180,2.7459,12.6618,-2.6604,0.0911,-1.4522,0,1,1,1.32393,1
0.4294,4.4656,2.6103,12.2935,-1.4094,0.0411,-1.1677,0,1,1,0.91571,1
0.4135,4.2487,2.6281,11.8331,-2.9536,0.0289,-0.7103,0,1,0,0.30071,3
0.4087,4.2135,2.6413,12.7564,-2.3040,0.0103,-1.4672,0,1,1,0.98429,1
0.4828,4.7322,2.4391,11.8044,-2.1414,0.0255,-0.8178,0,1,0,0.21245,1
0.4954,4.9285,2.4291,11.8454,-1.5340,0.0305,-0.8911,0,1,0,0.22162,3
0.4574,4.9113,2.5899,11.9576,-1.6362,0.0049,-0.8837,0,1,0,0.23810,1
0.4437,4.5025,2.5543,11.9603,-2.9570,0.0102,-0.8606,0,1,0,0.43755,3
0.5329,4.8921,2.2733,12.3130,0.1771,0.0586,-1.5259,0,0,0,0.00000,1
0.5558,5.5539,2.3062,11.8600,2.6755,0.0050,-1.0049,0,1,0,0.34191,1
0.4922,5.4274,2.5455,11.7542,-2.2720,0.0445,-0.8141,0,1,0,0.18242,2
0.4158,4.3977,2.6568,11.9985,1.8875,0.0099,-0.8306,0,1,0,0.67208,1
0.4668,4.7995,2.5222,12.2052,2.5770,0.0405,-1.1912,0,1,0,0.90373,1
0.3900,4.1946,2.7277,12.2587,2.5088,0.1170,-1.1296,0,1,0,0.72338,1
0.3839,4.1213,2.7375,11.9604,-2.3401,0.0136,-0.7329,0,1,0,0.41609,1
0.4095,4.0475,2.5917,11.9604,-1.1330,0.0262,-0.8044,0,1,0,0.51450,1
0.3836,3.9485,2.6881,11.9440,-2.1885,0.0275,-0.7367,0,1,1,0.53363,3
0.5756,5.7919,2.2694,11.8114,-0.5293,0.0364,-1.0356,0,1,0,0.33924,1
0.4489,4.4274,2.5130,11.7191,-0.2547,0.0029,-0.6450,0,1,0,0.26024,1
0.5244,5.3710,2.3983,12.2375,1.0342,0.0510,-1.4067,0,0,0,0.00000,1
0.4770,4.7618,2.4703,11.7006,0.6145,0.0106,-0.6885,0,1,0,0.28964,1
0.4876,4.6691,2.4057,12.0407,-0.7267,0.0663,-1.1172,0,1,0,0.53215,1
0.4549,4.6732,2.5458,11.7801,-3.1186,0.0473,-0.7682,0,1,0,0.47080,1
0.3488,3.7898,2.8207,12.4802,2.4744,0.0295,-1.0586,0,1,1,1.01419,1
0.4217,4.3624,2.6196,12.0626,-1.9487,0.0024,-0.8890,0,1,1,0.68140,1
0.4301,4.2250,2.5454,12.0441,1.4502,0.0139,-0.9072,0,1,0,0.35234,1
0.4363,4.7922,2.6593,12.8637,3.1024,0.0158,-1.6885,0,1,1,1.75125,1
0.5012,5.3313,2.4871,11.8295,2.9059,0.0187,-0.8740,0,1,0,0.19262,3
0.3685,3.8867,2.7462,12.3894,-2.0367,0.0130,-1.0266,0,1,1,0.98245,1
0.4563,4.6389,2.5313,12.5952,2.7779,0.0375,-1.5371,0,1,0,1.21282,1
0.3500,3.8255,2.8258,12.1629,-3.0282,0.0252,-0.8212,0,2,0,0.52388,1
0.4631,4.6666,2.5081,11.8494,-2.6484,0.0083,-0.7984,0,1,0,0.28200,3
0.4053,4.2345,2.6632,12.8030,-2.1336,0.0427,-1.5490,0,1,0,1.58387,1
0.4346,4.3129,2.5477,11.5363,-0.6323,0.0121,-0.4746,0,1,0,0.17883,1
0.4167,4.3793,2.6479,11.9309,-1.6390,0.0624,-0.8431,0,1,0,0.66279,1
0.4158,4.3291,2.6387,12.5819,2.4063,0.0247,-1.3603,1,2,2,1.66124,1
0.4435,4.7514,2.6156,11.8212,1.8795,0.0070,-0.7328,0,1,0,0.22584,1
0.3893,4.1435,2.7168,12.6349,2.6580,0.0665,-1.3768,0,1,0,1.31135,1
0.4515,4.7356,2.5755,12.1758,2.4059,0.0110,-1.0797,0,1,0,0.54259,3
0.3629,3.9203,2.7864,12.4097,3.0495,0.0173,-1.0317,0,1,0,0.69619,1
0.3858,4.1416,2.7338,13.2464,-2.1473,0.0100,-1.8009,0,1,3,1.80214,1
0.3926,4.3303,2.7531,11.8804,2.3713,0.0493,-0.7336,0,1,0,0.20176,0
0.4005,4.3842,2.7281,12.9978,-2.2550,0.0367,-1.6949,0,1,1,1.76784,1
0.5327,5.1331,2.3203,12.0528,-0.1143,0.0119,-1.1692,0,1,0,0.29309,1
0.3689,3.9087,2.7510,13.1434,-2.3632,0.0145,-1.6393,0,1,1,1.77349,1
0.5121,4.6276,2.2999,11.9162,0.6209,0.0219,-0.9852,0,1,0,0.53487,1
0.4238,4.1850,2.5633,12.2591,-2.1014,0.0538,-1.1381,0,1,0,0.41911,1
0.4957,5.1835,2.4807,11.5801,2.2394,0.0555,-0.6611,0,1,0,0.22963,3
0.5163,5.0533,2.3695,11.9065,-2.3174,0.0065,-0.9670,0,1,0,0.55466,1
0.4764,5.1101,2.5489,11.7682,-3.0690,0.0236,-0.7698,0,1,0,0.19602,3
0.5243,5.2113,2.3683,12.6115,1.3416,0.0396,-1.8078,0,2,1,1.06078,1
0.4224,4.5842,2.6739,12.3684,1.9904,0.0159,-1.1787,0,1,1,0.85597,1
0.3862,4.0908,2.7172,12.0071,-2.8234,0.0750,-0.8547,0,1,0,0.56464,3
0.4619,4.3405,2.4366,11.7585,-0.6511,0.0431,-0.7550,0,1,0,0.19690,1
0.3954,4.0688,2.6649,11.6594,-3.0036,0.0357,-0.5454,0,1,0,0.27227,3
0.4087,4.4489,2.7050,13.2394,1.7298,0.0192,-1.9248,0,1,1,1.98880,1
0.4976,4.5469,2.3391,12.0925,-3.0848,0.0018,-1.1030,0,1,1,0.64470,1
0.4187,4.3702,2.6360,12.5246,-1.6942,0.0318,-1.3295,0,1,1,1.10093,1
0.3514,3.7611,2.7967,11.7155,2.8982,0.1124,-0.6090,0,1,0,0.37935,3
0.4375,4.7515,2.6439,12.5515,2.6669,0.0369,-1.4277,0,1,2,1.29887,1
0.3956,4.2612,2.7187,12.1322,2.7056,0.1280,-1.0518,0,0,0,0.00000,1
0.4893,5.3925,2.5513,12.1403,-2.9426,0.0276,-1.1726,0,1,0,0.21649,2
0.5005,5.2363,2.4709,12.0793,1.9555,0.0212,-1.1299,0,1,1,0.68649,3
0.4046,4.1835,2.6525,11.9424,1.5933,0.0225,-0.7745,0,1,0,0.51700,1
0.5043,5.4334,2.4941,11.7997,2.9996,0.0116,-0.8417,0,1,0,0.15093,3
0.4040,4.3480,2.7010,12.0654,-2.0249,0.0155,-0.8663,0,1,0,0.71501,1
0.4321,4.4534,2.5950,12.9325,-2.1986,0.0101,-1.7250,0,1,1,1.44819,1
0.4288,4.4865,2.6183,12.1271,-2.7191,0.0900,-1.0829,0,1,0,0.39512,1
0.4820,5.2861,2.5616,12.2900,1.9440,0.0439,-1.3265,0,2,0,0.88401,3
0.5304,5.3283,2.3658,12.2831,0.8756,0.0438,-1.4648,0,1,1,0.98586,1
0.3868,3.9901,2.6846,11.9848,-2.1613,0.0514,-0.8072,0,1,0,0.60314,3
0.5371,5.4490,2.3616,12.5810,2.1379,0.0127,-1.7781,0,1,1,1.10051,1
0.4463,4.7645,2.6062,11.9237,-2.0774,0.0295,-0.8595,0,1,0,0.56090,3
0.4608,4.5460,2.4902,12.0955,3.0377,0.0097,-1.0249,0,1,0,0.50340,1
0.4553,4.7930,2.5717,11.7433,-2.9310,0.0082,-0.6867,0,1,0,0.20391,3
0.4815,4.5044,2.3939,12.1277,1.7969,0.0028,-1.0985,0,1,0,0.64145,1
0.4141,4.1061,2.5867,12.3232,-2.0444,0.0113,-1.1049,0,1,1,1.03138,1
0.3380,3.7139,2.8553,12.6565,2.7125,0.0490,-1.1830,1,2,1,1.32856,1
0.4120,4.1802,2.6164,11.9339,-2.9645,0.0211,-0.7815,0,1,0,0.66210,3
0.4303,4.6180,2.6447,13.2632,-2.8426,0.0317,-2.0792,0,1,1,1.99944,1
0.5864,5.6194,2.2010,12.3781,-0.9285,0.0277,-1.7297,0,1,0,0.77763,1
0.5278,4.8509,2.2849,11.8935,-0.7708,0.0091,-0.9801,0,1,0,0.44733,1
0.3659,3.9577,2.7819,11.7298,-2.7660,0.0729,-0.5960,0,1,0,0.15900,3
0.3660,4.0063,2.7967,13.3105,-2.7467,0.0796,-1.8873,0,1,2,2.06977,1
0.3774,4.0099,2.7380,12.3033,2.8561,0.0324,-1.0124,0,1,0,1.01118,3
0.4656,4.4420,2.4450,12.4644,-1.3850,0.0158,-1.4040,0,1,0,0.21790,1
0.3936,4.1794,2.7056,12.1915,2.4888,0.1537,-1.1330,0,1,0,0.47788,1
0.4201,4.2014,2.5843,12.3371,1.4221,0.0416,-1.1797,0,1,1,0.92152,1
0.4800,4.8966,2.4870,11.6378,-1.0557,0.0554,-0.6905,0,1,0,0.27044,1
0.4273,4.2665,2.5688,11.7180,-0.6350,0.0111,-0.6163,0,1,0,0.35158,1
0.4639,4.9182,2.5619,12.2282,0.8249,0.0017,-1.1515,0,1,0,0.70807,1
0.4126,4.2067,2.6211,11.9858,-2.9453,0.0000,-0.7986,0,1,0,0.63462,1
0.3810,3.9862,2.7124,12.6912,2.7787,0.0800,-1.4164,0,1,0,1.34228,1
0.4343,4.6977,2.6458,12.2154,-2.4067,0.0291,-1.0944,0,1,0,0.94943,3
0.4002,4.3180,2.7114,11.8233,-1.7982,0.0293,-0.6773,0,1,0,0.43766,1
0.5514,5.6129,2.3337,11.9703,-2.6192,0.0185,-1.1370,0,0,0,0.00000,1
0.4210,4.4292,2.6406,12.0525,2.9638,0.0410,-0.9302,0,1,1,0.70317,3
0.3544,3.8073,2.7957,12.1371,2.9815,0.0147,-0.7993,0,1,1,0.39325,1
0.4746,5.2018,2.5766,12.3894,-2.8459,0.0163,-1.3643,0,1,0,0.96089,3
0.4043,4.3248,2.6931,12.7461,3.0910,0.0863,-1.5631,1,2,0,0.93015,1
0.3616,3.9606,2.8061,12.8087,2.9646,0.1243,-1.5094,0,1,0,1.57759,1
0.3868,3.9450,2.6713,12.4048,-2.4435,0.1187,-1.2494,0,1,0,1.09988,1
0.4782,5.0967,2.5382,12.4753,-1.4745,0.0174,-1.4636,0,1,0,1.01951,1
0.3836,4.1543,2.7489,11.6481,-2.3914,0.0851,-0.5777,0,1,0,0.30855,3
0.5216,5.5739,2.4482,12.4890,-2.7773,0.0304,-1.6480,0,1,1,0.68538,1
0.3694,3.9767,2.7695,13.0325,-3.1081,0.0636,-1.6337,0,1,0,1.75460,1
0.3587,3.9614,2.8217,11.9888,-2.4648,0.0936,-0.8020,0,1,0,0.50426,2
0.5116,5.1315,2.4042,11.7713,1.9152,0.0060,-0.8180,0,1,0,0.34718,3
0.3909,4.2501,2.7394,11.8458,2.2059,0.0467,-0.6991,0,1,0,0.28131,1
0.3901,3.9908,2.6681,11.8705,1.5976,0.0090,-0.6687,0,1,0,0.47391,1
0.3717,4.0378,2.7756,13.0025,3.0518,0.0384,-1.5755,0,1,0,1.75926,1
0.4221,4.2994,2.6011,11.7046,-3.1077,0.0764,-0.6772,0,1,0,0.26423,1
0.4147,4.4779,2.6833,12.0008,-2.5240,0.0156,-0.8377,0,1,0,0.54579,1
0.4901,5.3213,2.5331,11.8641,2.0540,0.0332,-0.9041,0,1,0,0.25493,3
0.5907,5.7333,2.2029,12.2695,-1.3429,0.0252,-1.6063,0,1,0,0.63244,1
0.4468,4.7484,2.6001,13.1370,2.6530,0.0073,-1.9883,0,1,1,2.02463,1
0.3281,3.6181,2.8792,11.9051,3.0559,0.0447,-0.6157,0,1,0,0.43962,0
0.4603,4.6595,2.5186,11.7167,0.6548,0.0076,-0.6699,0,1,0,0.14228,1
0.4595,4.7052,2.5327,12.1183,-2.0332,0.0250,-1.0656,0,1,0,0.69705,3
0.3963,4.3306,2.7347,12.0352,3.0278,0.0123,-0.8192,0,1,0,0.58257,1
0.4116,4.4328,2.6863,13.2132,2.7546,0.0310,-1.9363,1,2,1,1.89596,1
0.4716,5.1857,2.5868,12.0897,2.8591,0.0158,-1.0591,0,1,0,0.70847,3
0.4007,4.1676,2.6672,12.1285,-2.9262,0.0748,-0.9902,0,1,0,0.54732,1
0.4691,5.1025,2.5796,11.7637,-1.9076,0.0022,-0.7249,0,1,0,0.20423,1
0.4964,4.7234,2.3815,11.5682,-1.8435,0.0126,-0.5957,0,1,0,0.25867,1
0.4058,4.4662,2.7240,12.0908,2.5773,0.0627,-0.9550,0,1,0,0.73101,3
0.4553,4.3301,2.4619,11.7878,2.8862,0.0163,-0.7350,0,1,0,0.31492,1
0.4428,4.6249,2.5885,12.3871,-2.6070,0.0522,-1.3118,0,1,0,0.75675,1
0.5119,5.2594,2.4279,12.0187,1.8566,0.0166,-1.0890,0,1,0,0.55942,3
0.4373,4.6458,2.6187,11.6104,-2.6250,0.0008,-0.5296,0,0,0,0.00000,1
0.4282,4.7275,2.6821,12.6423,-1.9147,0.0114,-1.4409,0,1,0,1.38590,0
0.3922,4.2443,2.7310,11.9294,2.8704,0.0471,-0.7693,0,1,0,0.42514,3
0.3562,3.8205,2.7904,11.6767,-2.5898,0.0227,-0.4806,0,1,0,0.24065,1
0.4298,4.5677,2.6345,11.9500,2.6205,0.0617,-0.8881,0,1,0,0.33979,3
0.4757,5.0482,2.5387,11.7136,0.6349,0.0053,-0.6934,0,1,0,0.17459,1
0.5217,5.3633,2.4076,12.0198,-1.4600,0.0503,-1.1611,0,1,0,0.47545,3
0.4165,4.4365,2.6636,11.8010,2.3007,0.1030,-0.7830,0,1,0,0.57132,3
0.3716,3.8750,2.7262,12.5779,-2.4858,0.0530,-1.2461,0,1,1,1.01307,1
0.3417,3.6905,2.8265,12.5717,-2.8648,0.1233,-1.2429,0,1,1,1.00190,1
0.4008,4.2594,2.6923,11.8540,-3.0412,0.0854,-0.7742,0,1,1,0.36629,1
0.3746,3.9349,2.7292,11.9791,2.3564,0.0459,-0.7685,0,1,0,0.27987,3
0.3724,3.9569,2.7478,12.6361,-3.0677,0.1110,-1.3852,0,1,1,1.10451,1
0.3618,3.9610,2.8049,11.9694,-2.6165,0.1708,-0.8932,0,1,0,0.69069,3
0.4134,4.2261,2.6226,12.0665,2.3696,0.0267,-0.9043,0,1,0,0.59705,3
0.4255,4.2245,2.5659,11.8478,-1.7001,0.0369,-0.7567,0,1,0,0.37087,3
0.5262,5.1796,2.3548,12.1696,-1.7797,0.0093,-1.2757,0,1,0,0.86053,1
0.3788,3.9506,2.7129,11.8833,-3.0242,0.0553,-0.7151,0,1,0,0.32255,3
0.4099,4.3554,2.6738,11.6042,-2.7923,0.1008,-0.6024,0,1,0,0.33287,1
0.3991,4.3376,2.7225,12.5538,-1.7549,0.0331,-1.2906,0,1,1,1.04059,1
0.4657,5.1262,2.6005,11.7399,2.4516,0.0440,-0.7486,0,1,0,0.33723,2
0.3782,4.0825,2.7555,12.8230,1.8484,0.0317,-1.4401,0,1,1,1.55778,1
0.3510,3.8364,2.8238,12.8663,-2.8180,0.0291,-1.3620,0,1,1,1.09362,1
0.3895,4.1339,2.7130,11.8640,2.9271,0.0264,-0.6850,0,0,0,0.00000,3
0.3679,3.9146,2.7579,11.8035,2.2611,0.0354,-0.6084,0,1,0,0.31595,1
0.4706,5.1203,2.5767,11.8224,-1.6860,0.0367,-0.8268,0,1,0,0.53748,1
0.4456,4.3467,2.5078,11.8762,-1.3701,0.0359,-0.8217,0,1,0,0.32890,3
0.4157,4.1682,2.5960,11.8750,2.7307,0.0516,-0.7790,0,1,0,0.25416,1
0.4477,4.2699,2.4795,11.8180,0.5624,0.0070,-0.7353,0,1,0,0.27222,3
0.3713,3.9083,2.7384,11.6369,-2.3551,0.1193,-0.5910,0,1,0,0.37177,3
0.3872,4.1969,2.7430,13.3229,-2.4259,0.0374,-1.9274,0,1,0,2.14467,1
0.3639,3.9628,2.7942,12.0521,-2.7803,0.1356,-0.9173,0,1,0,0.44441,3
0.3632,3.9990,2.8093,12.5561,3.0094,0.1565,-1.3519,0,1,0,1.41899,0
0.5344,4.9773,2.2841,11.8768,-0.6227,0.0943,-1.0934,0,1,0,0.31854,1
0.3927,4.3223,2.7506,11.9446,-2.4246,0.0358,-0.7682,0,1,0,0.19700,1
0.4056,4.2478,2.6658,11.8203,2.9506,0.0174,-0.6700,0,1,0,0.32675,3
0.4049,4.3669,2.7015,13.2902,-2.8841,0.0419,-1.9963,0,1,0,1.98304,1
0.5624,5.0911,2.2005,11.7994,0.7530,0.0294,-0.9797,0,1,0,0.27090,1
0.4144,4.3060,2.6392,11.9362,2.5160,0.0090,-0.7733,0,1,0,0.68343,3
0.5255,5.2292,2.3671,12.0517,0.4828,0.0451,-1.1969,0,1,0,0.44146,1
0.3781,4.1597,2.7789,11.7840,-3.0751,0.0914,-0.6816,0,1,0,0.29449,3
0.4572,4.6541,2.5311,11.8615,-1.2211,0.0377,-0.8357,0,1,0,0.47198,1
0.4845,5.2387,2.5406,11.7828,2.5347,0.0339,-0.8132,0,1,0,0.34315,3
0.4059,4.2508,2.6651,11.8546,-2.8938,0.0032,-0.6807,0,0,0,0.00000,1
0.3395,3.7199,2.8492,12.8030,-2.3084,0.0462,-1.2947,0,1,1,1.40633,1
0.3944,4.0950,2.6774,11.9680,-2.6582,0.1257,-0.9078,0,1,0,0.47259,1
0.4372,4.5820,2.6038,11.8421,-2.9702,0.0849,-0.8375,0,1,0,0.60883,1
0.5249,5.0758,2.3399,11.8344,2.4856,0.0001,-0.9015,0,1,0,0.41313,3
0.3591,3.8044,2.7695,12.2588,-3.0149,0.1414,-1.0771,0,1,0,0.91105,1
0.4386,4.2164,2.5057,12.0034,-0.9435,0.0111,-0.8870,0,1,0,0.53461,1
0.3944,4.1805,2.7017,12.7030,2.4569,0.0274,-1.3937,0,2,0,1.34780,1
0.4649,4.4760,2.4561,11.6035,0.8583,0.0092,-0.5752,0,1,0,0.26993,3
0.3793,4.0945,2.7531,12.1480,2.7940,0.0179,-0.8749,0,1,0,0.82483,1
0.4256,4.6140,2.6658,11.8125,1.7330,0.0272,-0.7154,0,1,0,0.20023,1
0.4387,4.6933,2.6238,11.8665,2.3451,0.0928,-0.8729,0,1,0,0.43904,3
0.4610,4.4840,2.4744,12.6162,1.7444,0.0226,-1.5502,0,1,1,1.33549,1
0.3371,3.6753,2.8473,11.8784,-2.8234,0.1610,-0.7606,0,1,0,0.51080,3
0.5300,4.8917,2.2843,11.7774,-0.3910,0.0209,-0.8780,0,1,0,0.45491,1
0.4213,4.3837,2.6272,11.5786,1.5158,0.0493,-0.5363,0,1,0,0.27877,1
0.4191,4.3568,2.6305,12.2148,-2.6597,0.0204,-1.0389,0,1,0,0.80137,3
0.4517,4.8629,2.6044,11.8895,-2.6552,0.0113,-0.8170,0,1,0,0.41423,3
0.4649,4.5746,2.4789,11.8031,-1.2480,0.0027,-0.7512,0,1,0,0.51690,3
0.4232,4.2716,2.5890,11.9648,-1.6731,0.0010,-0.8058,0,0,2,0.32284,1
0.4097,4.3325,2.6690,13.2110,3.0841,0.0023,-1.8711,0,1,2,1.61269,1
0.3626,3.9286,2.7905,11.7121,-2.3950,0.0515,-0.5514,0,1,0,0.48459,1
0.4589,4.7436,2.5444,11.6307,1.5755,0.0379,-0.6271,0,1,0,0.19848,3
0.5262,5.5761,2.4292,12.4155,-0.5171,0.0103,-1.5513,0,2,0,0.98205,1
0.3953,4.2687,2.7222,11.6490,-2.5723,0.0392,-0.5416,0,1,0,0.17873,3
0.3464,3.7808,2.8311,12.4971,3.0452,0.0374,-1.0749,0,1,0,1.25014,3
0.4233,4.5476,2.6599,11.7067,2.1607,0.0515,-0.6508,0,1,0,0.18250,3
0.4990,4.6936,2.3651,12.1805,1.4726,0.0063,-1.2045,0,1,0,0.42989,1
0.4452,4.7320,2.6033,11.7038,2.9136,0.0231,-0.6517,0,1,0,0.24604,3
0.4045,4.1298,2.6383,11.7844,-2.4525,0.1023,-0.7451,0,1,0,0.16044,1
0.5169,5.1301,2.3822,12.1696,-0.2260,0.0014,-1.2388,0,1,0,0.23202,1
0.4638,4.3005,2.4192,12.5741,1.3500,0.0121,-1.4995,0,1,0,0.28648,1
0.4572,4.7096,2.5439,12.6101,2.7196,0.0460,-1.5688,0,1,2,0.79679,1
0.5059,5.1804,2.4374,12.4167,-1.3462,0.0404,-1.5286,0,1,0,0.79842,1
0.5029,5.0729,2.4278,12.8123,-2.3632,0.0202,-1.9169,0,1,1,1.18966,1
0.4783,4.5739,2.4225,11.9689,-1.2572,0.0259,-0.9677,0,1,0,0.31167,1
0.4169,4.5418,2.6894,11.7915,1.9476,0.0267,-0.6802,0,1,0,0.46731,1
0.3603,3.9397,2.8061,13.3548,-3.0520,0.0929,-1.9230,0,1,1,2.36986,1
0.3964,4.2941,2.7239,12.2869,2.4488,0.0200,-1.0366,0,1,0,1.09228,1
0.3676,3.9477,2.7697,12.4406,-3.0224,0.0730,-1.1506,0,1,0,1.32664,1
0.4661,4.3776,2.4280,11.9993,-0.0455,0.0208,-0.9607,0,1,0,0.47885,1
0.3717,4.0117,2.7677,12.0467,3.0272,0.0356,-0.8009,0,1,1,0.61299,3
0.4804,4.5175,2.4012,12.1685,0.0679,0.0010,-1.1335,0,2,0,0.79559,1
0.3556,3.7826,2.7811,11.4902,2.8262,0.0783,-0.4131,0,1,0,0.17540,3
0.4684,4.7455,2.5032,12.0101,2.3902,0.0317,-0.9933,0,1,0,0.65132,1
0.3858,4.1977,2.7501,11.8627,2.7782,0.0823,-0.7471,0,1,0,0.30800,3
0.4583,4.7861,2.5568,11.9373,-2.1227,0.0257,-0.8935,0,1,0,0.35749,3
0.4036,4.0190,2.6116,12.4091,2.6496,0.0101,-1.1453,0,1,1,1.05455,1
0.4087,4.3131,2.6683,11.9857,-2.1951,0.0126,-0.8069,0,1,0,0.49112,1
0.3959,4.0551,2.6588,12.4179,-1.8715,0.0391,-1.1719,0,1,0,1.13076,1
0.4232,4.3680,2.6139,12.3920,2.4555,0.0097,-1.1922,0,1,0,1.00378,1
0.4801,4.9270,2.4933,12.3328,0.8184,0.0145,-1.3196,0,1,0,0.56823,1
0.4119,4.3605,2.6658,13.0847,2.1885,0.0181,-1.7934,0,1,0,1.78142,1
0.5172,5.2890,2.4122,11.8448,-1.6063,0.0016,-0.9000,0,1,0,0.39001,3
0.5335,5.5320,2.3911,12.3839,-2.2659,0.0319,-1.5714,1,1,0,0.55212,1
0.3956,4.3298,2.7380,12.4436,2.8188,0.1473,-1.3499,0,1,1,0.66434,1
0.4209,4.1068,2.5557,11.5033,1.3322,0.0008,-0.4145,0,1,0,0.21072,3
0.4121,4.0631,2.5839,12.6186,2.4827,0.0214,-1.3740,0,1,1,1.05540,1
0.3416,3.7155,2.8361,13.1092,-2.6330,0.0266,-1.5071,0,1,1,1.98635,1
0.5396,4.9999,2.2687,11.6306,0.6052,0.0700,-0.8033,0,1,0,0.18078,3
0.3664,3.9825,2.7870,12.8330,-2.9396,0.0417,-1.4174,0,1,1,1.72263,1
0.4673,4.8006,2.5204,11.9864,-1.9106,0.0182,-0.9503,0,1,0,0.40887,3
0.4477,4.6391,2.5698,12.1639,2.9707,0.0040,-1.0483,0,1,0,0.75674,3
0.4230,4.2317,2.5793,11.7562,2.8919,0.0044,-0.6325,0,1,0,0.18312,3
0.3688,3.8509,2.7334,11.9034,2.8666,0.1485,-0.8292,0,1,0,0.58849,1
0.3527,3.7912,2.7999,11.9579,2.8803,0.0827,-0.7519,0,1,0,0.46477,3
0.6143,5.9622,2.1503,11.9162,-1.3185,0.0008,-1.2006,0,0,0,0.00000,1
0.3498,3.7432,2.7997,12.2158,2.9401,0.1288,-1.0002,1,1,1,0.77671,1
0.3644,4.0228,2.8103,13.3895,2.5436,0.0685,-1.9273,0,1,0,2.03972,0
0.4957,5.1598,2.4759,11.7595,-1.7281,0.0335,-0.8110,0,1,0,0.41457,3
0.4321,4.3908,2.5790,11.5771,2.6604,0.0117,-0.5055,0,1,0,0.20008,3
0.4695,4.7097,2.4904,11.8341,-0.7806,0.0166,-0.8079,0,1,0,0.19752,1
0.3914,4.1188,2.6992,11.8988,1.7015,0.0314,-0.7226,0,1,0,0.32524,1
0.4584,4.6732,2.5302,12.3300,-0.8564,0.0162,-1.2524,0,1,0,0.88356,1
0.4041,4.2095,2.6625,11.8583,1.6681,0.0074,-0.6853,0,1,0,0.38478,1
0.4807,4.5300,2.4028,12.1304,1.3928,0.0008,-1.0965,0,1,0,0.72398,1
0.5030,4.6013,2.3297,11.8864,0.2678,0.0285,-0.9437,0,1,0,0.17773,1
0.4514,4.7169,2.5717,12.1092,-2.5114,0.0085,-1.0138,0,1,0,0.64425,3
0.4396,4.4101,2.5500,11.6135,1.4204,0.0293,-0.5695,0,1,0,0.39234,1
0.4618,4.9420,2.5767,13.0606,-2.4507,0.0084,-1.9838,0,2,0,1.28718,1
0.5339,4.9975,2.2898,12.0948,-0.4573,0.0310,-1.2441,0,1,0,0.49114,1
0.3666,3.8474,2.7439,12.0574,2.5952,0.0444,-0.8084,0,1,0,0.82549,3
0.4406,4.5410,2.5780,11.9344,-2.6552,0.0219,-0.8460,0,1,0,0.36061,3
0.3855,4.1695,2.7437,12.0244,2.9477,0.1287,-0.9372,0,1,0,0.46367,1
0.3633,3.9580,2.7957,11.9091,2.0572,0.0396,-0.6835,0,1,0,0.52846,1
0.4271,4.2469,2.5647,11.9628,-1.7317,0.0439,-0.8693,0,1,0,0.33171,3
0.4424,4.4629,2.5507,11.9224,2.5651,0.0621,-0.8915,0,1,0,0.63827,1
0.3368,3.6690,2.8468,11.9805,-2.7389,0.0801,-0.7306,0,1,0,0.20531,3
0.4592,4.4967,2.4854,11.8194,1.5619,0.0011,-0.7526,0,1,0,0.18784,3
0.4011,4.0184,2.6229,11.7875,-1.4061,0.0142,-0.6303,0,1,0,0.40340,1
0.3912,4.0363,2.6761,12.7293,1.6470,0.0229,-1.3969,0,1,2,1.92619,1
0.5198,4.9452,2.3344,12.5722,0.4301,0.0402,-1.7462,0,1,0,0.68382,1
0.3942,4.1607,2.6973,12.1894,-2.6435,0.0073,-0.9321,0,1,1,0.76504,1
0.4573,4.9083,2.5893,11.9389,-2.9874,0.0045,-0.8658,0,1,0,0.54368,3
0.4192,4.3955,2.6400,11.9434,-2.6184,0.0911,-0.8970,0,1,0,0.55344,1
0.4362,4.7561,2.6512,13.3455,-2.2982,0.0265,-2.1822,0,1,1,2.01343,1
0.5627,5.7853,2.3187,11.8944,2.9052,0.0049,-1.0606,0,1,0,0.57793,1
0.4604,4.7011,2.5278,11.8835,0.0297,0.0079,-0.8243,0,1,0,0.21771,1
0.4746,4.4784,2.4164,11.9745,-1.5255,0.0118,-0.9448,0,1,0,0.60613,1
0.4108,4.1126,2.6038,11.7503,-1.1547,0.0129,-0.6161,0,1,0,0.17705,1
0.5827,5.4911,2.1939,12.5619,0.5702,0.0246,-1.9393,0,1,0,0.24563,1
0.3671,3.9970,2.7879,13.0774,-2.8447,0.0428,-1.6253,0,1,1,1.93723,1
0.4517,4.7360,2.5746,11.5396,1.9101,0.0289,-0.5232,0,1,0,0.27836,3
0.4784,5.2471,2.5691,11.6636,-1.3223,0.0108,-0.6588,0,1,0,0.27240,1
0.4769,4.8270,2.4851,12.2671,2.4012,0.0168,-1.2470,0,1,1,0.73263,1
0.4065,4.3782,2.6968,11.7678,-1.8955,0.0145,-0.6258,0,1,0,0.19341,1
0.3907,4.0380,2.6792,12.7025,-2.2441,0.0520,-1.4183,1,2,0,1.31867,1
0.4065,4.0992,2.6202,11.7455,3.0424,0.0514,-0.6527,0,1,0,0.28242,1
0.4425,4.3003,2.5097,12.2602,2.5835,0.0295,-1.1573,0,1,0,0.74326,1
0.3595,3.8293,2.7756,11.5802,-2.0309,0.0574,-0.4579,0,1,0,0.18530,1
0.3597,3.7947,2.7630,13.1629,-2.1725,0.0413,-1.6615,0,1,1,2.02992,1
0.4371,4.4391,2.5687,11.8244,0.8154,0.0128,-0.7289,0,1,0,0.34911,1
0.4455,4.8106,2.6206,12.1487,2.4902,0.0524,-1.0958,0,1,1,0.71122,3
0.5239,4.9247,2.3142,12.0833,0.1349,0.0436,-1.2233,0,1,0,0.67960,1
0.4600,5.0672,2.6132,11.9274,2.3317,0.0031,-0.8601,0,1,0,0.28430,0
0.5342,5.1834,2.3240,11.8237,-1.8663,0.0318,-0.9522,0,1,0,0.42070,1
0.4251,4.5911,2.6625,11.8711,-2.8493,0.0925,-0.8480,0,1,0,0.54853,1
0.4549,4.8783,2.5935,12.1703,-2.7238,0.0052,-1.0764,0,1,0,0.83476,3
0.4530,4.6220,2.5418,11.7029,-2.3556,0.0304,-0.6731,0,1,0,0.23449,3
0.3583,3.9292,2.8136,13.3566,2.8002,0.0686,-1.8678,0,1,1,2.12179,1
0.4083,4.1806,2.6343,12.8142,1.9628,0.0008,-1.5012,0,1,0,1.31791,1
0.5406,5.5360,2.3631,12.0998,0.4120,0.0257,-1.2640,0,1,0,0.46278,1
0.4425,4.4455,2.5460,12.5135,2.2058,0.0031,-1.3555,0,1,0,1.22005,1
0.4544,4.5486,2.5182,12.0043,2.7298,0.0064,-0.9200,0,1,0,0.38164,3
0.4584,4.6561,2.5261,12.8188,-1.1818,0.0404,-1.7750,0,2,0,1.26389,1
0.4336,4.5487,2.6119,11.8177,2.9611,0.0033,-0.7048,0,1,0,0.39184,3
0.4346,4.5320,2.6032,12.9400,2.6834,0.0222,-1.7645,0,1,1,1.70785,1
0.4597,4.8166,2.5578,12.2864,-2.4654,0.0888,-1.3192,0,1,0,1.00554,1
0.3713,3.9277,2.7445,12.5713,-2.7310,0.0148,-1.1818,0,1,0,1.39543,1
0.4530,4.2730,2.4576,11.8675,-2.4766,0.0253,-0.8148,0,1,0,0.63349,1
0.3704,4.0115,2.7750,12.3621,-2.9355,0.0428,-1.0532,0,1,1,1.05514,3
0.4021,4.0113,2.6162,11.8323,2.4461,0.0068,-0.6589,0,1,0,0.28338,3
0.4649,4.4582,2.4520,12.0452,2.4047,0.0216,-1.0031,0,1,0,0.61958,1
0.3624,3.9531,2.7993,11.9480,-2.7331,0.1064,-0.7954,0,1,0,0.23295,3
0.4052,4.4745,2.7294,12.7346,3.0558,0.0693,-1.5282,0,1,0,1.64383,0
0.4696,4.5192,2.4463,11.8761,-1.8266,0.0188,-0.8497,0,1,0,0.47451,3
0.5081,5.5020,2.4914,12.1342,0.3675,0.0032,-1.1836,0,1,0,0.66175,1
0.3539,3.7897,2.7926,12.4292,1.9669,0.0493,-1.0647,0,1,0,1.24529,1
0.4987,4.6983,2.3671,12.0730,0.8536,0.0141,-1.1048,0,1,0,0.60484,1
0.4307,4.5865,2.6348,12.0810,2.4781,0.0265,-0.9603,1,1,0,0.87075,3
0.3818,3.9498,2.6976,11.8675,-2.7722,0.0769,-0.7362,0,1,0,0.21779,3
0.3722,4.0397,2.7739,11.7123,2.9548,0.1478,-0.6846,0,1,0,0.37196,1
0.4192,4.3354,2.6241,11.9704,-2.6737,0.0293,-0.8395,0,1,0,0.66696,3
0.3652,4.0170,2.8043,12.0758,2.9598,0.0688,-0.8511,0,1,1,0.71928,3
0.4166,4.5152,2.6838,12.0932,-1.8021,0.0148,-0.9202,0,1,0,0.80703,1
0.3471,3.8191,2.8400,11.7407,2.9924,0.2087,-0.7368,0,1,0,0.38962,1
0.3802,3.9250,2.6977,11.8232,2.3179,0.1016,-0.7295,0,1,0,0.42035,3
0.4151,4.1401,2.5914,11.8375,-0.1493,0.0036,-0.6843,0,1,0,0.36373,1
0.3426,3.7302,2.8352,13.1333,3.0461,0.0255,-1.5287,0,1,1,1.77762,1
0.4802,4.5460,2.4088,12.0925,0.0814,0.0230,-1.0893,0,1,0,0.46324,1
0.4766,5.2004,2.5674,12.0270,1.7526,0.0325,-1.0328,0,1,0,0.45138,1
0.5028,5.1012,2.4340,12.2143,0.5943,0.0057,-1.2531,0,0,0,0.00000,1
0.4781,5.0843,2.5359,11.5526,-2.4771,0.0412,-0.5896,0,1,0,0.30174,3
0.3614,3.7979,2.7555,11.6666,2.3253,0.0655,-0.5329,0,1,0,0.50976,3
0.3580,3.9206,2.8128,13.2119,2.9567,0.0302,-1.6727,1,3,0,2.07240,1
0.3802,3.9281,2.6991,11.8352,-2.7396,0.1041,-0.7419,0,1,0,0.33193,1
0.4657,4.5631,2.4731,11.9835,2.4198,0.0308,-0.9595,0,1,0,0.61228,1
0.4224,4.4175,2.6306,11.7108,-2.8022,0.0564,-0.6585,0,1,0,0.16850,3
0.4217,4.4976,2.6550,11.8378,2.7310,0.0763,-0.7912,0,1,0,0.40673,3
0.4112,4.2006,2.6258,12.1031,2.7548,0.0168,-0.9167,0,1,0,0.25145,3
0.3806,4.0208,2.7244,12.0328,2.1603,0.0309,-0.8045,1,1,0,0.57765,1
0.3842,4.2260,2.7666,11.8504,2.7405,0.0363,-0.6766,0,1,0,0.42545,3
0.4380,4.5100,2.5820,11.9361,-3.0252,0.0683,-0.9026,0,1,0,0.60428,1
0.4100,4.1729,2.6238,11.7676,2.4636,0.0110,-0.6269,0,1,0,0.32621,3
0.4836,4.8656,2.4648,12.1350,-1.2335,0.0265,-1.1476,0,1,0,0.72550,1
0.4115,4.0498,2.5829,12.0364,2.7680,0.0147,-0.8574,0,1,0,0.59526,1
0.4670,4.3557,2.4190,12.1663,2.2090,0.0129,-1.1117,0,1,0,0.63058,1
0.5481,5.1048,2.2559,11.6828,0.5324,0.0235,-0.8156,0,1,0,0.29369,3
0.3881,4.2791,2.7619,12.1913,-2.6588,0.0253,-0.9426,0,1,0,0.66726,0
0.5089,5.2333,2.4351,12.2963,-2.6547,0.0135,-1.3693,0,1,0,0.77038,1
0.5074,5.3917,2.4729,12.5553,-2.7941,0.0243,-1.6610,0,1,1,1.17938,1
0.3717,3.9868,2.7601,12.2738,2.5579,0.0164,-0.9509,0,1,1,0.93251,1
0.4458,4.3191,2.4999,11.7361,0.1184,0.0078,-0.6603,0,1,0,0.23321,1
0.5333,4.9058,2.2744,11.9984,-0.5538,0.0646,-1.1838,0,1,0,0.32573,1
0.4425,4.7383,2.6172,11.7514,2.7032,0.0439,-0.7150,0,1,0,0.40675,3
0.3776,3.8920,2.7010,12.2992,-2.6860,0.0812,-1.0786,0,1,1,0.57014,1
0.4286,4.3646,2.5884,12.2982,2.6559,0.0662,-1.2053,0,1,0,0.94813,1
0.4529,4.4576,2.5029,11.6400,-2.6728,0.0502,-0.6401,0,1,0,0.22825,1
0.3882,4.0152,2.6851,11.8564,-2.8794,0.0836,-0.7487,0,1,0,0.41712,1
0.4782,4.5682,2.4216,12.1552,-2.0263,0.0098,-1.1278,0,1,0,0.69046,1
0.4655,4.4553,2.4488,12.0063,0.3099,0.0039,-0.9433,0,1,0,0.31487,1
0.4502,4.5182,2.5295,11.8729,-2.4107,0.0138,-0.8000,0,1,0,0.29885,3
0.4294,4.3808,2.5888,12.9593,-0.5617,0.0022,-1.7248,0,1,1,1.78593,1
0.4317,4.4399,2.5931,12.1916,2.3086,0.0046,-1.0307,0,1,1,0.55915,3
0.3743,4.0393,2.7629,11.9286,2.1057,0.0608,-0.7479,0,1,0,0.40264,1
0.4459,4.4769,2.5384,12.0482,2.1071,0.0626,-1.0163,0,1,0,0.20490,1
0.4560,4.9921,2.6145,11.4598,-3.0081,0.0256,-0.4549,0,1,0,0.23320,3
0.4333,4.5583,2.6155,12.1068,2.8450,0.0738,-1.0539,0,1,0,0.71855,1
0.5874,5.7810,2.2229,11.9938,-0.9175,0.0189,-1.2536,1,1,0,0.34958,1
0.4258,4.6232,2.6676,12.7604,2.4776,0.0467,-1.5969,0,1,1,1.25311,1
0.4464,4.6665,2.5820,12.1523,2.1872,0.0199,-1.0564,0,1,0,0.65017,3
0.4690,4.4174,2.4253,11.9307,1.0760,0.0297,-0.9143,0,1,0,0.34641,1
0.3877,3.9477,2.6674,12.4928,-2.5753,0.0304,-1.1959,0,1,0,1.32899,1
0.3368,3.6729,2.8486,12.8662,-2.9143,0.1141,-1.4412,0,1,1,1.44457,1
0.4099,4.1707,2.6236,11.5153,-2.7479,0.0154,-0.4277,0,1,0,0.20165,3
0.3821,4.1635,2.7594,12.6326,-2.1444,0.0375,-1.3042,0,1,1,1.38278,1
0.3476,3.7329,2.8084,11.9329,-2.5549,0.0787,-0.7178,0,1,0,0.68736,3
0.4077,4.2067,2.6440,12.3367,1.8244,0.0105,-1.0976,0,1,1,0.98270,1
0.3947,4.0141,2.6525,11.7232,-2.4374,0.0381,-0.5975,0,1,0,0.37990,3
0.3600,3.8406,2.7763,11.9656,-2.5540,0.0151,-0.6869,0,0,0,0.00000,1
0.3897,4.1453,2.7152,12.0682,2.5547,0.0186,-0.8380,0,1,0,0.66354,1
0.5531,5.3945,2.2890,11.6940,0.8316,0.0108,-0.8225,0,1,0,0.24290,3
0.4572,4.4712,2.4879,11.7793,2.2535,0.0063,-0.7187,1,1,0,0.32665,3
0.5095,4.6188,2.3079,12.3554,-0.6133,0.0561,-1.4951,0,1,0,0.91412,1
0.4456,4.2377,2.4804,11.6874,1.3845,0.0109,-0.6204,0,1,0,0.24378,3
0.4910,5.0781,2.4786,12.9878,0.9093,0.0039,-2.0305,0,2,2,1.10502,1
0.3855,4.1043,2.7243,12.4819,-2.9405,0.0103,-1.1505,0,1,1,1.27252,1
0.4650,4.6770,2.5022,11.9235,2.7127,0.0282,-0.8981,0,1,0,0.58447,1
0.4248,4.4942,2.6392,11.6732,2.9506,0.1003,-0.6844,0,1,0,0.22152,1
0.4320,4.2463,2.5424,12.2848,1.4432,0.0092,-1.1203,0,1,0,0.81733,1
0.4726,4.9212,2.5244,12.3292,2.9776,0.0431,-1.3351,0,1,0,0.84070,1
0.5591,5.7970,2.3349,12.0027,2.2910,0.0340,-1.2150,0,1,0,0.25147,1
0.5059,5.2033,2.4419,11.7900,-0.7273,0.0090,-0.8302,0,1,0,0.43380,1
0.4728,5.1213,2.5674,11.7477,2.7551,0.0607,-0.7901,0,1,0,0.31805,3
0.4193,4.1136,2.5648,11.8616,-1.8030,0.0192,-0.7328,0,1,0,0.49607,3
0.4818,4.8114,2.4606,11.7631,2.6691,0.0235,-0.7737,0,0,0,0.00000,1
0.4299,4.5450,2.6281,11.9213,2.7835,0.0487,-0.8461,0,1,0,0.44737,3
0.4148,4.2045,2.6098,11.7180,2.7314,0.0046,-0.5867,0,1,0,0.31501,3
0.5362,5.2772,2.3336,11.9781,0.4453,0.0183,-1.1064,0,1,0,0.42788,3
0.4031,4.4162,2.7241,11.8028,-2.9218,0.0042,-0.6353,0,1,0,0.50205,1
0.3642,3.8263,2.7496,12.6229,1.7918,0.0342,-1.2277,0,1,1,1.16736,1
0.4314,4.5671,2.6268,12.3928,-2.0179,0.0716,-1.3094,0,1,0,1.14397,1
0.4709,5.0512,2.5604,12.0030,2.3237,0.1018,-1.0872,0,1,0,0.52959,1
0.3398,3.7086,2.8434,12.5352,-2.8325,0.0163,-1.0510,0,1,1,1.22634,1
0.3855,3.9430,2.6769,12.0640,-2.0220,0.0278,-0.8363,0,1,0,0.55809,3
0.4323,4.6954,2.6543,12.2339,-2.7096,0.0986,-1.2023,0,1,0,0.82185,1
0.4670,4.8414,2.5311,12.5651,1.8643,0.0115,-1.5052,0,1,1,0.99937,1
0.4042,4.2071,2.6614,11.7532,2.9826,0.1065,-0.7237,0,1,0,0.33859,1
0.3725,3.9349,2.7401,11.8621,-2.6621,0.0735,-0.7091,0,1,0,0.44512,3
0.4182,4.4007,2.6463,12.0302,2.9079,0.0490,-0.9148,0,1,0,0.51414,3
0.3642,3.9295,2.7819,11.8319,-2.7158,0.0415,-0.6302,0,1,0,0.55568,3
0.4674,4.7869,2.5169,11.8326,1.1375,0.0359,-0.8277,0,1,0,0.21345,1
0.4745,4.6502,2.4557,12.1137,1.5513,0.0174,-1.0886,0,1,0,0.60769,1
0.3922,4.0568,2.6771,12.0936,2.9625,0.0512,-0.9080,0,1,0,0.61155,3
0.3719,4.0782,2.7869,13.0319,-2.7678,0.0068,-1.5473,0,1,1,0.82014,1
0.4669,4.4873,2.4502,11.9682,1.4668,0.0173,-0.9291,0,1,0,0.68883,1
0.4048,4.4660,2.7287,12.4717,2.7286,0.1187,-1.3636,0,1,1,1.13838,0
0.4254,4.5170,2.6421,13.1757,-2.7299,0.0027,-1.9153,0,1,3,1.51081,1
0.4316,4.4762,2.6030,11.7052,2.6403,0.0499,-0.6616,0,1,0,0.39337,3
0.4628,4.4357,2.4553,11.5938,-1.0766,0.0165,-0.5722,0,1,0,0.15327,3
0.4780,4.9503,2.5074,12.9445,1.7469,0.0243,-1.9618,0,1,0,1.68206,1
0.4088,4.3237,2.6708,11.8701,-2.1804,0.0213,-0.7225,0,1,0,0.40850,1
0.4912,4.6877,2.3950,12.1683,-0.1283,0.0043,-1.1683,0,1,0,0.25283,1
0.4633,4.4670,2.4606,11.9559,1.9744,0.0082,-0.8969,0,1,0,0.39719,1
0.5180,5.2147,2.3942,12.8284,-3.0278,0.0031,-1.9682,0,1,0,1.58166,1
0.4124,4.3339,2.6561,12.5128,-2.1636,0.0063,-1.2596,0,1,0,1.08379,1
0.4313,4.6420,2.6459,11.9142,2.5242,0.0745,-0.8763,0,1,0,0.35761,3
0.4837,5.3123,2.5593,12.2247,-2.8745,0.0578,-1.2845,0,1,0,0.84061,1
0.4226,4.1007,2.5463,11.6451,-1.1986,0.0136,-0.5495,0,1,0,0.19558,1
0.5329,5.4718,2.3824,12.0375,-0.4681,0.0285,-1.1789,0,1,0,0.59723,1
0.4329,4.7704,2.6700,11.6237,-2.5815,0.0345,-0.5754,0,1,0,0.22268,2
0.3624,3.9844,2.8089,11.9937,-2.0984,0.0570,-0.7670,0,1,0,0.41727,1
0.4447,4.4897,2.5470,11.8011,1.6151,0.0177,-0.7294,0,1,0,0.39123,3
0.3982,4.2152,2.6926,13.1245,2.0205,0.0051,-1.7429,0,1,0,1.94995,1
0.3777,4.0863,2.7593,11.8932,-2.6013,0.1133,-0.7941,0,1,0,0.56783,3
0.4244,4.4153,2.6207,12.0624,2.3795,0.0200,-0.9191,0,1,0,0.55158,3
0.4401,4.4093,2.5475,11.9685,-2.7604,0.0319,-0.8882,0,1,0,0.57881,1
0.4884,4.6203,2.3916,11.7953,2.6362,0.0025,-0.7891,0,1,0,0.24447,1
0.3887,4.0238,2.6848,12.2511,-2.5564,0.0524,-1.0301,0,1,1,1.03166,1
0.4256,4.2108,2.5619,11.7022,1.4506,0.0249,-0.6169,0,1,0,0.38952,3
0.4138,4.2060,2.6153,11.7590,-3.1314,0.0024,-0.6158,0,1,0,0.29726,3
0.4171,4.5499,2.6906,12.5928,2.2201,0.0317,-1.3860,0,2,0,1.26953,1
0.4023,4.2699,2.6877,11.5622,2.1690,0.0095,-0.4479,0,1,0,0.27152,1
0.4359,4.5304,2.5967,12.7502,2.8854,0.0232,-1.5887,0,1,1,0.85608,1
0.3928,4.0302,2.6663,11.6750,-2.1194,0.0470,-0.5673,0,1,0,0.25992,3
0.3891,4.2511,2.7486,12.9090,2.8168,0.0580,-1.6017,0,1,0,1.27091,1
0.4063,4.1179,2.6264,11.5682,2.0432,0.0318,-0.4845,0,1,0,0.28233,3
0.3544,3.7611,2.7806,11.8527,-2.6835,0.1441,-0.7552,0,1,0,0.41556,1
0.4453,4.3394,2.5070,11.9565,2.0540,0.0011,-0.8474,0,1,0,0.63235,3
0.4534,4.5968,2.5344,12.9630,1.4267,0.0115,-1.8494,0,1,1,1.52051,1
0.4585,4.2855,2.4377,11.9890,1.3480,0.0249,-0.9386,0,1,0,0.23685,1
0.3960,4.1529,2.6859,11.9053,-2.5590,0.0647,-0.7802,0,1,0,0.58740,3
0.4066,4.4258,2.7092,13.0087,3.0213,0.0648,-1.7797,0,1,0,1.70988,1
0.4363,4.4038,2.5634,11.8039,-2.5412,0.0570,-0.7656,0,1,0,0.30945,1
0.4343,4.7113,2.6490,11.8092,-2.3431,0.0942,-0.8139,0,1,0,0.21949,3
0.4341,4.7302,2.6547,13.0754,2.4305,0.0254,-1.9004,0,1,1,1.89601,1
0.5322,4.8570,2.2694,12.0761,0.1230,0.0139,-1.1934,0,1,0,0.45345,1
0.4572,4.8543,2.5776,12.9274,2.5708,0.0599,-1.9148,0,1,0,1.79234,1
0.4797,5.2029,2.5543,13.0400,-2.5007,0.0341,-2.0907,0,1,1,1.12368,1
0.6150,5.6307,2.0988,12.1446,-0.2355,0.0048,-1.4888,0,1,0,0.23286,1
0.3586,3.9396,2.8154,13.2329,-2.8677,0.0872,-1.7965,0,1,0,2.02999,1
0.3974,4.0788,2.6580,11.8588,-2.6899,0.0525,-0.7296,0,1,0,0.21522,3
0.4920,5.3753,2.5356,12.0312,1.9068,0.0331,-1.0764,0,1,0,0.69149,3
0.4469,4.5013,2.5401,12.1085,3.0777,0.0441,-1.0495,0,1,0,0.45768,1
0.4310,4.1831,2.5306,11.7626,1.9767,0.0423,-0.7001,0,1,0,0.16882,3
0.4261,4.4497,2.6215,13.0608,-2.4839,0.0355,-1.8674,0,1,2,1.44531,1
0.4328,4.7240,2.6592,11.9850,-2.1622,0.0064,-0.8542,0,1,0,0.66467,1
0.3879,4.1692,2.7314,11.8874,3.0232,0.0034,-0.6712,0,1,1,0.48753,1
0.3779,3.9565,2.7192,12.1441,2.5500,0.0633,-0.9292,0,1,0,0.69002,3
0.4083,4.0436,2.5961,11.6451,-1.5972,0.0555,-0.5785,0,1,0,0.36189,3
0.3655,3.8187,2.7403,13.0370,2.5027,0.0021,-1.5142,0,1,1,1.76430,1
0.3985,4.0331,2.6399,12.0068,-3.0729,0.0743,-0.8819,0,1,0,0.60026,1
0.4942,5.4021,2.5318,12.4068,3.1112,0.0019,-1.4247,0,1,0,0.93936,3
0.3493,3.7234,2.7960,11.8423,2.6249,0.1429,-0.7358,0,1,0,0.63766,3
0.4196,4.2512,2.6000,12.1488,-1.9024,0.0388,-1.0076,0,1,0,0.89848,1
0.4417,4.4329,2.5462,11.9463,-2.4375,0.0174,-0.8527,0,1,0,0.60891,3
0.4879,5.1067,2.4982,11.8232,1.2731,0.0046,-0.8212,0,1,0,0.17733,1
0.4024,4.1938,2.6663,12.8741,2.4599,0.0268,-1.5745,0,2,2,1.19934,1
0.5326,5.5245,2.3933,12.0375,-1.6587,0.0224,-1.1701,0,1,0,0.52325,3
0.4362,4.6044,2.6138,11.8774,1.5018,0.0028,-0.7617,0,1,0,0.20586,1
0.4176,4.1371,2.5790,11.9539,-1.3462,0.0035,-0.7868,0,1,0,0.64950,1
0.4160,4.2472,2.6161,11.9488,2.9444,0.0580,-0.8510,0,1,0,0.18355,1
0.3547,3.8290,2.8010,12.1079,-2.7435,0.0479,-0.8225,0,1,0,0.84472,3
0.4297,4.3979,2.5920,11.6050,-2.2191,0.0120,-0.5260,0,1,0,0.32529,3
0.4678,4.9120,2.5433,11.8382,-3.1011,0.0124,-0.8042,0,1,0,0.37162,3
0.5332,5.4705,2.3809,12.0754,-1.2829,0.0315,-1.2254,0,1,0,0.58314,3
0.3576,3.8087,2.7787,11.8847,2.5801,0.0773,-0.7013,0,1,0,0.53623,3
0.3354,3.6600,2.8521,13.2544,-2.9654,0.0559,-1.6441,1,2,1,1.73936,1
0.5100,4.8471,2.3532,11.8692,-1.4580,0.0300,-0.9448,0,1,0,0.52989,1
0.4149,4.1334,2.5903,11.6800,2.3964,0.0198,-0.5739,0,1,0,0.27759,3
0.5426,5.6636,2.3780,11.8508,-0.4039,0.0042,-0.9662,0,1,0,0.37371,3
0.5323,5.0451,2.3051,11.8229,-2.4729,0.0004,-0.9047,0,1,0,0.17628,1
0.4350,4.4017,2.5684,12.1053,1.3095,0.0094,-0.9685,0,1,0,0.60005,1
0.4866,5.0646,2.4948,12.1408,-2.2150,0.0199,-1.1534,0,1,0,0.33935,3
0.5250,5.0741,2.3392,11.7430,1.1610,0.0058,-0.8136,0,1,0,0.38463,3
0.3939,4.0556,2.6683,12.7494,1.5872,0.0310,-1.4377,0,1,2,1.48234,1
0.3534,3.9024,2.8322,11.7505,-2.7312,0.0308,-0.5384,0,1,0,0.17731,0
0.3624,3.8807,2.7761,12.4528,2.6274,0.0491,-1.1095,0,1,1,1.16707,1
0.3616,3.8494,2.7707,11.6873,-2.6633,0.0458,-0.5246,0,1,0,0.39548,3
0.4502,4.5332,2.5330,11.8191,2.6353,0.0514,-0.7998,0,0,0,0.00000,1
0.3587,3.8091,2.7734,12.4748,-2.8283,0.1447,-1.2545,0,1,1,1.28536,1
0.5415,5.2154,2.3013,12.6342,-1.7304,0.0080,-1.8452,0,1,1,0.86631,1
0.3865,4.2279,2.7555,12.9894,2.4733,0.0512,-1.6500,0,1,0,1.69342,1
0.3571,3.8473,2.7942,13.0581,3.1283,0.0194,-1.5241,0,1,1,1.99587,1
0.3856,4.2484,2.7658,12.7617,3.1054,0.1060,-1.5342,0,2,0,1.41626,0
0.3705,4.0217,2.7775,12.0504,2.8456,0.1487,-0.9488,0,1,0,0.77569,1
0.3595,3.9512,2.8142,11.7132,2.3263,0.0462,-0.5406,0,1,0,0.40575,1
0.4676,4.4038,2.4280,11.6866,-0.1898,0.0361,-0.6896,0,1,0,0.22009,1
0.5789,5.7775,2.2546,12.1434,0.2207,0.0494,-1.4542,0,1,0,0.39233,1
0.5225,5.2164,2.3763,12.1867,-0.7486,0.0325,-1.3180,0,1,0,0.71651,1
0.3680,4.0460,2.7982,12.1800,-2.9276,0.0352,-0.8939,0,1,0,0.54460,1
0.3677,3.8312,2.7327,11.9287,1.7951,0.0680,-0.7435,0,1,0,0.62256,1
0.4010,4.3403,2.7135,12.0523,1.8948,0.0460,-0.8886,0,1,0,0.75520,1
0.4453,4.4180,2.5265,11.8785,1.5504,0.0074,-0.7863,0,1,0,0.33813,3
0.4862,5.1216,2.5087,11.9164,3.0815,0.0378,-0.9525,0,1,0,0.37131,1
0.4448,4.7125,2.6005,11.6966,-1.8081,0.0034,-0.6201,0,1,0,0.25051,1
0.3527,3.7905,2.7997,13.0220,-2.6776,0.0936,-1.6024,0,1,0,1.86553,1
0.4028,4.1205,2.6439,11.7078,-2.8910,0.0244,-0.5821,0,1,0,0.21445,3
0.4401,4.4470,2.5568,12.4746,2.6966,0.0216,-1.3397,0,1,0,1.07204,1
0.4178,4.2546,2.6092,12.9761,1.5046,0.0039,-1.6932,0,1,1,1.57836,1
0.3752,4.0236,2.7532,11.6977,-2.6352,0.0245,-0.5288,0,1,0,0.48622,1
0.3617,3.8731,2.7776,11.7762,2.6513,0.1124,-0.6718,0,1,0,0.37150,3
0.5244,5.6135,2.4437,12.0937,1.7340,0.0155,-1.2013,0,1,0,0.33411,3
0.5040,5.3749,2.4841,11.8944,-0.3334,0.0017,-0.9237,0,1,1,0.55634,1
0.4678,4.5110,2.4521,11.8075,0.8842,0.0625,-0.8380,0,1,0,0.28418,1
0.5286,4.9359,2.2982,11.8904,1.9654,0.0007,-0.9680,0,1,0,0.43325,1
0.3513,3.7429,2.7916,13.2497,3.1201,0.0333,-1.6775,0,1,1,1.94411,1
0.4157,4.1676,2.5959,11.8834,2.5584,0.0362,-0.7661,0,1,0,0.47511,3
0.3925,4.1160,2.6929,12.7507,-3.0847,0.0032,-1.3888,0,1,1,1.13730,1
0.4756,4.7139,2.4653,11.9511,-1.8827,0.0081,-0.9213,0,0,2,0.39866,3
0.4206,4.1106,2.5577,11.8700,-2.5756,0.0420,-0.7722,0,1,0,0.37362,1
0.5317,5.5020,2.3928,11.7690,-0.7741,0.0557,-0.9214,0,1,0,0.29069,1
0.4157,4.2240,2.6110,12.0169,-2.8201,0.0710,-0.9265,0,1,0,0.65484,1
0.4363,4.3444,2.5480,12.3489,1.0565,0.0165,-1.2026,0,1,1,0.87212,1
0.5025,5.1547,2.4462,12.1025,-1.0013,0.0224,-1.1598,0,1,1,0.73988,1
0.4734,5.0611,2.5514,12.0812,0.8415,0.0014,-1.0352,0,1,0,0.52421,1
0.4378,4.5609,2.5958,11.7280,-2.0157,0.0266,-0.6636,0,1,0,0.45464,3
0.4601,4.9179,2.5792,12.2203,2.5554,0.0552,-1.2080,0,1,0,0.76976,3
0.4452,4.5413,2.5573,12.0339,-1.2536,0.0248,-0.9503,0,1,0,0.70259,1
0.4253,4.2808,2.5815,11.8424,-2.6371,0.0101,-0.7175,0,1,0,0.43905,3
0.4131,4.2561,2.6321,12.8095,2.8906,0.0467,-1.5925,0,1,1,1.39318,1
0.5023,4.6642,2.3457,11.8244,1.8594,0.0155,-0.8626,0,1,0,0.48830,1
0.4535,4.4912,2.5085,11.8786,-1.2597,0.0074,-0.8036,0,1,0,0.37061,3
0.4006,4.2822,2.6996,11.8180,-2.9000,0.0393,-0.6863,0,1,0,0.40473,3
0.5412,4.8930,2.2424,12.0384,-1.4909,0.0054,-1.1628,0,1,1,0.61754,1
0.4345,4.1662,2.5105,12.4054,-0.6983,0.0150,-1.2456,0,1,0,1.09919,1
0.3920,3.9813,2.6560,11.7375,-2.7372,0.0241,-0.5868,0,1,0,0.19721,3
0.4028,4.0903,2.6351,11.9701,-2.2443,0.0510,-0.8306,0,1,0,0.23445,3
0.4107,4.4748,2.7019,11.8089,2.4775,0.1794,-0.8740,0,1,0,0.39324,1
0.4326,4.7660,2.6706,11.8365,-2.8237,0.0958,-0.8369,0,1,0,0.34738,2
0.4362,4.3017,2.5378,12.1063,0.7772,0.0206,-0.9872,0,1,0,0.72317,1
0.3931,4.0638,2.6750,12.2015,2.0077,0.0608,-1.0125,0,1,0,0.78805,3
0.4606,4.7767,2.5443,12.1910,2.5949,0.0048,-1.1102,0,1,2,0.71778,3
0.3435,3.6934,2.8175,12.3918,-2.5559,0.1388,-1.1315,0,1,1,1.13568,3
0.3957,3.9803,2.6381,11.8213,2.1196,0.0426,-0.6832,0,1,0,0.47530,3
0.3623,3.7950,2.7496,11.9678,2.1694,0.0911,-0.7914,0,1,0,0.55373,2
0.4333,4.3625,2.5664,11.5493,-2.4664,0.0583,-0.5396,0,1,0,0.18616,1
0.3697,4.0193,2.7806,12.9546,-2.5758,0.0092,-1.4779,0,1,0,0.55370,1
0.4506,4.8697,2.6110,12.4883,2.8448,0.0490,-1.4305,0,1,0,1.07959,1
0.4984,4.8634,2.4033,12.1204,0.7439,0.0146,-1.1545,0,1,0,0.49755,1
0.4292,4.6587,2.6601,11.8198,-2.5513,0.0177,-0.7168,0,1,0,0.34323,3
0.4331,4.4208,2.5821,11.9331,1.4972,0.0557,-0.8722,0,1,0,0.46073,1
0.5769,5.6453,2.2405,12.1263,-0.2188,0.0469,-1.4236,0,1,0,0.52583,1
0.5007,4.9915,2.4204,11.9362,2.1622,0.0481,-1.0183,0,1,0,0.64196,1
0.4406,4.4184,2.5476,12.6336,-1.4782,0.0147,-1.4807,0,1,0,1.15871,1
0.4020,4.0983,2.6412,11.5781,2.2311,0.0193,-0.4714,0,1,0,0.28860,3
0.5260,5.4175,2.4004,12.1073,-2.3680,0.0284,-1.2367,0,1,0,0.64245,1
0.4084,4.3352,2.6760,12.5240,-2.1962,0.0136,-1.2669,0,1,1,0.87688,1
0.4733,4.8497,2.5054,12.6692,-2.4671,0.0213,-1.6492,0,1,1,1.31741,1
0.3462,3.7143,2.8098,12.2758,-2.3898,0.0465,-0.9226,0,1,0,0.97596,1
0.5129,4.9298,2.3586,11.6789,0.2220,0.0039,-0.7226,0,1,0,0.37532,3
0.5046,4.7921,2.3632,11.8138,-1.9744,0.0119,-0.8528,0,1,0,0.25901,1
0.3730,3.9679,2.7477,11.9829,-2.7655,0.0944,-0.8307,0,1,0,0.50735,3
0.4450,4.3906,2.5211,12.0887,-2.8540,0.0253,-1.0000,0,1,0,0.34192,1
0.5898,5.7432,2.2078,11.9295,1.0182,0.0376,-1.2081,0,1,0,0.48339,3
0.3846,3.9676,2.6887,12.3986,-2.3994,0.0839,-1.1861,0,1,0,0.83183,1
0.3468,3.8084,2.8381,13.1857,2.3878,0.0243,-1.5874,0,1,1,1.83391,1
0.3858,4.1546,2.7379,12.5375,2.4105,0.0081,-1.1940,0,1,1,1.03002,1
0.4427,4.4631,2.5492,11.8655,-0.0925,0.0000,-0.7600,0,1,0,0.62437,3
0.4874,4.5616,2.3826,11.7367,-0.3256,0.0301,-0.7657,0,1,0,0.29413,1
0.3766,3.8877,2.7047,11.6897,-2.5769,0.0119,-0.5093,0,1,0,0.43098,1
0.4195,4.4470,2.6520,11.9444,1.8452,0.0015,-0.7822,0,0,0,0.00000,1
0.4537,4.5450,2.5206,11.9839,-3.0293,0.0057,-0.8985,0,1,0,0.50700,3
0.3308,3.6259,2.8664,12.5854,-2.1900,0.0573,-1.1174,0,1,1,1.19709,1
0.4599,5.0128,2.6014,11.9284,-2.4478,0.1180,-1.0097,0,2,0,0.63135,1
0.3774,4.1418,2.7771,11.9194,2.6091,0.0344,-0.7139,0,1,0,0.51988,1
0.4620,5.0888,2.6091,12.2035,2.5027,0.0651,-1.2110,0,1,0,0.76946,2
0.4957,5.0039,2.4436,12.2282,-1.6296,0.0014,-1.2404,0,1,0,0.49316,1
0.4937,4.8340,2.4163,11.9398,-0.1015,0.0200,-0.9673,0,1,0,0.25597,1
0.4494,4.8790,2.6186,12.2368,2.4870,0.0052,-1.1239,0,1,1,0.76662,1
0.4526,4.3177,2.4703,11.7152,-1.9224,0.0059,-0.6511,0,0,0,0.00000,3
0.3718,3.8591,2.7205,11.8273,2.9528,0.0464,-0.6471,0,1,0,0.43749,3
0.4182,4.2901,2.6171,11.8844,-2.6000,0.0505,-0.7908,0,1,0,0.40972,3
0.4840,4.6018,2.4054,12.0343,1.1086,0.0104,-1.0241,0,1,0,0.67864,1
0.4892,4.6367,2.3920,11.9029,2.1110,0.0180,-0.9169,0,1,0,0.31904,1
0.4661,4.8239,2.5310,12.1485,-2.9004,0.0081,-1.0890,0,1,0,0.57572,3
0.4348,4.6186,2.6237,12.0847,1.9104,0.0155,-0.9590,0,1,0,0.68876,1
0.4428,4.7687,2.6230,12.2892,2.3162,0.0156,-1.1679,0,1,0,0.72944,3
0.4518,4.5630,2.5333,11.7716,2.9788,0.0061,-0.7020,0,1,0,0.22985,3
0.3748,3.9770,2.7410,11.8835,-3.1071,0.1393,-0.8138,0,1,0,0.30746,1
0.4283,4.1824,2.5425,11.9488,1.9036,0.0160,-0.8224,0,1,0,0.20782,3
0.6242,5.7864,2.0889,12.2842,0.3978,0.0158,-1.7132,0,1,0,0.85853,1
0.4948,4.6412,2.3705,11.9606,2.0950,0.0131,-0.9800,0,1,0,0.48621,1
0.3406,3.6835,2.8306,12.1733,-2.2416,0.0610,-0.8525,0,1,1,1.01299,1
0.3932,4.0423,2.6679,12.5270,-2.8851,0.0137,-1.2178,0,1,1,1.30038,1
0.4308,4.2876,2.5585,12.0052,1.1928,0.0263,-0.8916,0,1,1,0.74967,1
0.4138,4.2895,2.6376,12.0673,-2.1688,0.0206,-0.8980,0,1,0,0.50668,3
0.4198,4.2733,2.6050,13.0050,-2.0043,0.0060,-1.7324,1,2,0,1.69550,1
0.4340,4.5337,2.6063,11.8180,2.9460,0.0506,-0.7658,0,1,0,0.46869,1
0.3901,3.9929,2.6688,11.9443,-3.0016,0.0739,-0.8114,0,1,0,0.39952,1
0.4416,4.2025,2.4889,11.8288,1.3016,0.0039,-0.7287,0,1,0,0.35117,3
0.3721,4.0532,2.7787,12.7836,2.9691,0.1170,-1.5183,0,1,1,1.44632,1
0.4372,4.8206,2.6618,11.8894,2.2275,0.1075,-0.9093,0,1,0,0.49132,2
0.4286,4.3482,2.5842,12.0987,-1.9292,0.0137,-0.9522,0,1,0,0.67053,3
0.4066,4.3311,2.6836,12.8080,-2.5098,0.0578,-1.5829,1,1,2,1.12720,1
0.3971,4.1899,2.6910,11.9170,-2.7804,0.1361,-0.8840,0,1,0,0.50504,1
0.4767,4.4985,2.4123,12.3641,-0.6319,0.0472,-1.3874,0,1,1,0.95315,1
0.4772,4.9254,2.5055,12.0460,-0.6881,0.0064,-1.0159,0,1,1,0.65980,1
0.3913,4.2459,2.7358,12.7283,-2.4977,0.0986,-1.5158,0,1,1,1.35920,1
0.4086,4.4139,2.6962,12.5444,-2.2979,0.0305,-1.3111,0,1,0,1.30761,1
0.3393,3.7034,2.8445,12.8971,-3.0602,0.0203,-1.3241,0,1,1,0.85625,1
0.3909,4.1237,2.7030,12.6254,-3.1186,0.0386,-1.3315,0,1,0,1.28673,1
0.3831,4.0620,2.7240,11.9561,3.0724,0.0653,-0.7944,0,1,0,0.48894,3
0.4507,4.2457,2.4606,11.8224,1.1022,0.0288,-0.7734,0,1,0,0.39585,1
0.4637,4.8274,2.5423,12.2804,-2.9606,0.0544,-1.2759,0,1,0,0.82508,1
0.5587,5.5816,2.2997,11.9125,-1.4565,0.0123,-1.0803,0,1,0,0.40901,3
0.3650,3.9325,2.7790,11.8963,-2.3185,0.1138,-0.7710,0,1,0,0.34635,3
0.4312,4.6743,2.6546,12.4897,-2.9528,0.0577,-1.3789,0,1,0,1.11290,1
0.4166,4.4274,2.6607,12.4543,-2.9205,0.0275,-1.2536,0,1,0,1.24653,1
0.4418,4.4150,2.5414,11.8821,2.4960,0.0380,-0.8221,0,1,0,0.37787,1
0.4612,4.5207,2.4824,11.9617,-3.0821,0.0171,-0.9099,0,1,0,0.52001,1
0.4631,5.1026,2.6071,13.0715,-2.2424,0.0431,-2.0629,0,1,0,2.01997,0
0.3659,3.9435,2.7774,13.1172,2.7833,0.0304,-1.6319,0,0,1,1.31834,1
0.4945,5.4433,2.5384,12.1232,-2.3963,0.0270,-1.1685,0,1,0,0.60188,3
0.4141,4.4698,2.6841,11.8022,-1.8161,0.0199,-0.6751,0,1,0,0.14913,1
0.4458,4.8660,2.6323,12.5539,3.0815,0.0645,-1.5011,0,1,0,1.43763,1
0.3764,4.0751,2.7627,13.0476,2.3007,0.0535,-1.6604,0,1,1,1.61123,1
0.4606,4.6501,2.5153,12.2460,3.0202,0.0006,-1.1555,0,1,0,0.76974,1
0.3763,4.0379,2.7517,11.7732,3.0417,0.0963,-0.6762,0,1,0,0.50898,3
0.3705,4.0566,2.7879,12.6592,2.8616,0.0749,-1.3415,0,1,1,0.93083,1
0.4052,4.1499,2.6403,12.5268,-1.4707,0.0273,-1.2787,0,1,0,1.32433,1
0.3471,3.7696,2.8231,11.8912,2.1516,0.0702,-0.6760,0,1,0,0.29858,1
0.4709,4.6546,2.4719,11.8492,-2.7144,0.0383,-0.8531,0,1,0,0.21013,1
0.3555,3.8121,2.7915,12.6200,2.7011,0.1556,-1.3789,0,1,0,1.25925,1
0.4379,4.4508,2.5679,12.6564,-2.7259,0.0390,-1.5315,0,1,0,1.30756,1
0.4119,4.0986,2.5945,11.6831,-2.0334,0.0282,-0.5820,0,1,0,0.43608,3
0.5548,5.4022,2.2838,12.0868,0.4948,0.0429,-1.3100,0,1,0,0.39153,1
0.4431,4.8018,2.6299,11.6850,2.2126,0.0658,-0.6841,0,1,0,0.14639,3
0.4515,4.4625,2.5104,12.7473,2.9756,0.0174,-1.6360,0,1,1,1.12844,1
0.5580,5.5388,2.2953,12.0259,-0.7692,0.0212,-1.2190,0,1,0,0.18737,3
0.4650,4.6742,2.5018,11.8011,1.0335,0.0342,-0.7905,0,1,0,0.36571,1
0.3984,3.9948,2.6290,11.6378,2.1568,0.0169,-0.5099,0,1,0,0.16473,3
0.4313,4.5836,2.6313,11.9290,-2.9772,0.1088,-0.9342,0,1,0,0.59210,1
0.4765,4.5929,2.4345,12.1380,1.5213,0.0109,-1.1080,0,1,0,0.59466,1
0.4967,4.9482,2.4279,11.9683,-0.9707,0.0294,-1.0163,0,1,0,0.45050,1
0.4894,5.0192,2.4732,12.0560,0.8636,0.0043,-1.0536,0,1,0,0.47716,1
0.4526,4.6449,2.5494,12.3444,-1.4948,0.0374,-1.2796,0,2,0,1.08807,1
0.5433,5.2677,2.3041,11.9571,-0.2954,0.0369,-1.1255,0,1,0,0.49364,1
0.4865,4.8646,2.4525,11.5959,-0.7245,0.0403,-0.6421,0,1,0,0.25859,1
0.4378,4.3930,2.5536,12.6515,2.3206,0.0005,-1.4646,0,2,1,1.41582,1
0.3364,3.6516,2.8431,12.7513,2.5095,0.0547,-1.2571,0,1,1,1.34697,1
0.4110,4.3007,2.6539,12.0260,2.5794,0.0581,-0.9061,0,1,0,0.49258,3
0.4039,4.3107,2.6911,11.8956,2.6241,0.0688,-0.7941,0,1,0,0.53246,3
0.4823,5.2811,2.5590,11.9329,-1.9361,0.0030,-0.9156,0,1,0,0.31712,1
0.5178,5.5108,2.4519,12.1493,-2.0848,0.0150,-1.2421,0,1,0,0.68750,3
0.4159,4.4167,2.6614,12.0053,1.9899,0.0003,-0.8241,0,1,0,0.61511,1
0.3453,3.7246,2.8180,11.6638,2.0395,0.0695,-0.5107,0,1,0,0.41684,1
0.4130,4.5407,2.7082,13.3785,2.5919,0.0145,-2.0693,0,1,1,2.31505,1
0.5222,4.8733,2.3109,11.9362,-0.0167,0.0267,-1.0371,0,1,0,0.30649,1
0.3874,4.1445,2.7265,12.3837,2.2717,0.0377,-1.1153,0,1,0,0.57696,3
0.4255,4.5017,2.6378,12.6732,1.5817,0.0207,-1.4729,0,1,1,1.21982,1
0.5364,5.3119,2.3390,12.1132,1.1353,0.0215,-1.2601,0,1,0,0.49927,1
0.4365,4.5349,2.5951,11.5298,-2.4617,0.0127,-0.4732,0,1,0,0.22020,3
0.5016,5.3729,2.4937,12.0913,1.7361,0.0296,-1.1574,0,1,0,0.44373,3
0.4065,4.2205,2.6537,12.0981,-1.6149,0.0396,-0.9317,0,1,0,0.59680,1
0.4086,4.2919,2.6632,11.8815,2.6345,0.0015,-0.7061,0,1,0,0.41366,1
0.3975,4.1684,2.6828,12.9629,2.9637,0.0087,-1.6025,0,1,0,1.77170,1
0.4407,4.4804,2.5626,12.2782,-1.3123,0.0186,-1.1541,0,1,1,0.76728,1
0.3589,3.9405,2.8142,11.9140,2.3719,0.0961,-0.7492,1,1,0,0.33198,3
0.3688,3.9942,2.7781,12.4487,3.1200,0.0765,-1.1657,0,1,1,0.93925,3
0.3828,3.9463,2.6912,11.8710,2.2311,0.0978,-0.7678,0,1,0,0.23241,3
0.4297,4.2230,2.5464,11.7393,1.2057,0.0228,-0.6532,0,1,0,0.31343,1
0.4003,4.1334,2.6594,12.1105,-2.7783,0.0825,-0.9845,0,1,0,0.61563,1
0.3718,3.9783,2.7572,12.8312,-2.5763,0.0811,-1.5015,0,1,1,0.67771,1
0.3876,4.2453,2.7547,12.0748,-2.7115,0.0255,-0.8476,0,1,0,0.76102,1
0.4706,5.0675,2.5652,12.4765,1.8203,0.0107,-1.4297,0,1,0,1.08776,1
0.5062,4.7701,2.3523,12.2356,1.7021,0.0111,-1.2897,0,1,0,0.70959,1
0.4589,5.0302,2.6099,12.0809,2.9234,0.0715,-1.0925,0,1,0,0.71062,1
0.5467,5.4206,2.3182,11.8167,-0.6411,0.0356,-0.9774,0,1,0,0.20276,1
0.4275,4.1384,2.5341,11.9302,-1.2115,0.0153,-0.8035,0,1,0,0.41772,1
0.3746,3.8686,2.7090,12.3099,-3.0885,0.0921,-1.0942,0,1,1,0.66733,1
0.4909,4.6557,2.3892,12.4394,0.6242,0.0154,-1.4618,0,1,1,1.09045,1
0.4263,4.5952,2.6581,12.1807,-3.0670,0.0170,-1.0247,0,1,1,0.74389,3
0.4906,4.8371,2.4294,11.8409,0.0075,0.0107,-0.8503,0,1,0,0.28623,1
0.5285,5.0222,2.3152,12.4563,-0.7039,0.0518,-1.6647,0,1,1,0.83387,1
0.4224,4.1881,2.5703,12.1513,-0.8506,0.0087,-0.9750,0,1,0,0.56908,1
0.3403,3.7074,2.8403,12.6013,3.0479,0.1685,-1.3282,0,1,0,1.35688,1
0.5465,5.4169,2.3184,12.3972,-1.1887,0.0154,-1.6024,0,1,0,0.56099,1
0.4726,4.7917,2.4955,11.8017,-0.8072,0.0325,-0.8044,0,1,0,0.35123,1
0.4381,4.2898,2.5262,11.7232,2.3950,0.0023,-0.6284,0,1,0,0.36734,3
0.3522,3.8521,2.8222,12.3265,-2.7609,0.1427,-1.1112,0,1,0,0.98355,1
0.4301,4.3339,2.5736,11.9054,1.9481,0.0089,-0.7800,0,1,0,0.49414,3
0.5260,4.8886,2.2991,12.1746,-0.1216,0.0025,-1.2678,0,1,0,0.69302,1
0.4305,4.6159,2.6432,12.2025,-2.1550,0.0278,-1.0704,0,1,0,0.65977,3
0.3795,4.1841,2.7790,11.8262,2.6486,0.0804,-0.7034,0,1,0,0.56978,2
0.4327,4.3103,2.5557,12.2205,-1.4549,0.0432,-1.1131,0,1,0,0.75776,1
0.3451,3.7699,2.8345,12.2018,-2.5833,0.0683,-0.8948,0,1,1,0.51972,3
0.4534,4.5011,2.5115,12.1639,2.2303,0.0411,-1.1142,0,1,0,0.14100,1
0.3489,3.7323,2.8009,11.9911,-2.9504,0.0891,-0.7765,0,1,0,0.70098,3
0.4355,4.2674,2.5319,12.0759,1.0470,0.0105,-0.9442,0,0,1,0.21986,1
0.3426,3.7658,2.8474,12.7557,-2.4142,0.0522,-1.2796,0,1,0,1.38196,1
0.4570,4.7119,2.5455,11.7736,2.4828,0.0402,-0.7574,0,1,0,0.44743,3
0.4784,4.5362,2.4137,11.6691,-2.8778,0.0006,-0.6473,0,1,0,0.28565,3
0.3709,3.9343,2.7483,12.3733,2.7469,0.0842,-1.1228,0,1,1,0.54488,1
0.3782,3.9510,2.7158,12.9340,-3.1413,0.0132,-1.5029,0,1,0,1.58821,1
0.4548,4.6663,2.5444,11.9387,-2.5251,0.0352,-0.8990,0,1,0,0.43357,3
0.4652,4.9035,2.5531,12.7692,-2.4515,0.0022,-1.6892,0,1,0,1.51063,1
0.4342,4.7781,2.6657,12.2122,-2.0178,0.0075,-1.0620,0,1,0,0.71447,1
0.5248,5.1739,2.3592,12.6202,0.2756,0.0133,-1.7760,0,2,0,1.30814,1
0.4919,4.7097,2.3970,12.0045,0.7435,0.0588,-1.0807,0,1,0,0.48991,1
0.3776,4.0879,2.7602,11.8380,2.4215,0.0181,-0.6312,0,1,0,0.28771,1
0.4617,5.0629,2.6045,12.3632,1.4679,0.0034,-1.2789,0,1,0,0.86839,1
0.3453,3.7013,2.8104,11.7848,-1.9132,0.0729,-0.5999,0,1,0,0.27461,1
0.3897,4.2076,2.7330,13.0913,-3.0350,0.0571,-1.7662,0,1,1,1.91080,1
0.4657,4.3387,2.4203,11.8999,-3.0601,0.0017,-0.8400,0,1,0,0.44694,1
0.3902,4.2481,2.7421,12.3576,2.9257,0.0660,-1.1422,0,1,0,0.89328,3
0.4305,4.3924,2.5868,12.0765,1.6019,0.0172,-0.9423,0,1,0,0.61177,1
0.5183,5.3530,2.4199,12.5899,2.0182,0.0109,-1.7167,0,2,0,0.84159,1
0.3709,4.0477,2.7830,11.8620,2.7628,0.0255,-0.6457,0,1,0,0.45799,1
0.4130,4.0608,2.5793,12.5829,2.4034,0.0177,-1.3393,0,1,0,1.33926,1
0.5063,4.9718,2.3935,12.0713,1.1027,0.0376,-1.1571,0,1,0,0.36701,1
0.3610,3.8353,2.7694,12.5073,-3.0573,0.0555,-1.1571,0,1,1,1.14064,1
0.5731,5.2479,2.1884,11.9734,0.6014,0.0188,-1.1894,0,1,0,0.37867,1
0.4645,5.0950,2.5991,12.1046,-1.5636,0.0216,-1.0625,0,1,0,0.73659,1
0.4047,4.1143,2.6331,11.5118,2.8621,0.0159,-0.4184,0,1,0,0.24326,3
0.3829,4.1521,2.7515,12.4258,-2.7894,0.0081,-1.0937,0,1,0,1.13810,1
0.4119,4.4390,2.6865,11.6515,2.4235,0.0394,-0.5706,0,1,0,0.22015,3
0.3907,3.9576,2.6555,11.7339,-1.5854,0.0491,-0.6126,0,1,0,0.18084,1
0.3824,3.9890,2.7060,12.1937,-2.6898,0.0309,-0.9364,0,1,0,0.68469,3
0.3500,3.7903,2.8142,12.7418,2.8159,0.0625,-1.3132,0,1,0,1.57509,1
0.5626,5.6319,2.2934,11.8174,-1.3088,0.0290,-1.0040,0,1,0,0.42599,3
0.3703,4.0107,2.7749,11.7675,2.2352,0.0814,-0.6425,0,1,0,0.33068,3
0.4716,4.8880,2.5212,11.6658,-1.9897,0.0063,-0.6419,0,1,0,0.29951,3
0.4700,5.0915,2.5733,11.9701,-1.7078,0.0227,-0.9485,0,1,0,0.57460,1
0.3530,3.8459,2.8157,13.2557,2.8372,0.0765,-1.7698,1,2,1,2.06171,1
0.4118,4.1652,2.6133,11.6686,-2.1839,0.0296,-0.5717,0,1,0,0.21097,3
0.4642,4.6855,2.5077,12.0752,-2.5500,0.0278,-1.0401,0,1,1,0.74665,1
0.4082,4.0476,2.5977,12.2802,-2.9364,0.0240,-1.0693,0,1,1,1.06167,1
0.4808,5.0425,2.5151,12.3821,-1.6780,0.0167,-1.3758,0,1,0,1.19203,1
0.3727,4.0427,2.7720,13.2099,3.0055,0.0710,-1.8168,0,2,1,2.11787,1
0.5681,5.4750,2.2456,11.8996,-1.2344,0.0182,-1.0939,0,1,0,0.29589,1
0.4431,4.8350,2.6378,11.9405,1.7074,0.0352,-0.8754,0,1,0,0.56093,1
0.4275,4.4412,2.6129,12.4751,2.8850,0.0385,-1.3242,0,1,0,0.78509,1
0.4663,4.8759,2.5421,11.9085,1.6653,0.0004,-0.8512,0,1,0,0.32174,1
0.5197,5.4601,2.4343,12.6246,1.0717,0.0136,-1.7660,0,1,1,1.21402,1
0.3771,3.9522,2.7219,12.0610,-2.6519,0.0546,-0.8495,0,1,0,0.63086,3
0.5682,5.7629,2.2934,12.4528,0.6659,0.0423,-1.7852,0,1,0,1.10662,1
0.4386,4.4592,2.5665,12.0578,-3.0074,0.0490,-0.9887,0,1,0,0.69652,1
0.4167,4.2270,2.6071,11.9388,2.7781,0.0641,-0.8520,0,1,0,0.59711,1
0.3997,4.1173,2.6577,13.0216,2.2082,0.0197,-1.6832,0,1,0,1.76708,1
0.4238,4.2356,2.5767,11.9272,3.0700,0.0294,-0.8120,0,1,0,0.32528,1
0.4963,5.2053,2.4826,12.9866,-0.9028,0.0118,-2.0679,0,1,1,1.36720,1
0.4719,5.0222,2.5498,11.8579,-2.7911,0.0102,-0.8288,0,1,0,0.48294,3
0.3932,4.1575,2.7012,11.7472,-3.0051,0.1163,-0.7109,0,1,0,0.15126,1
0.3973,4.2098,2.6959,11.9466,-2.5074,0.0169,-0.7550,0,1,0,0.43301,3
0.4110,4.5373,2.7172,11.9365,-2.9304,0.0470,-0.8159,0,1,0,0.64448,2
0.3659,3.8273,2.7412,11.8632,-3.0706,0.0053,-0.6109,0,1,0,0.46104,1
0.3909,3.9891,2.6636,11.8081,-2.2676,0.0565,-0.6812,0,1,0,0.21452,3
0.4489,4.5828,2.5509,11.7730,3.0211,0.0066,-0.6985,0,1,0,0.34962,3
0.4355,4.4838,2.5869,12.4688,2.1962,0.0318,-1.3347,0,1,0,1.17793,1
0.4732,4.9508,2.5281,12.1263,-2.2469,0.0737,-1.1773,0,1,0,0.31839,1
0.5621,5.6765,2.3028,11.8645,-0.1836,0.0056,-1.0255,0,1,0,0.48398,3
0.3666,3.9209,2.7668,11.7067,2.3021,0.0166,-0.5116,0,1,0,0.30072,1
0.4123,4.2706,2.6398,11.7691,1.4181,0.0275,-0.6532,0,1,0,0.21957,1
0.4110,4.4177,2.6856,11.9245,2.8378,0.0430,-0.8004,0,1,0,0.46206,3
0.3930,3.9576,2.6444,12.7451,-2.7142,0.0452,-1.4535,0,1,0,0.50420,1
0.4045,4.3365,2.6952,11.6524,-2.4905,0.0181,-0.5335,0,1,0,0.15803,1
0.3469,3.7631,2.8221,12.9554,-3.0183,0.0955,-1.5251,0,1,2,1.91698,1
0.4115,4.0726,2.5892,12.0113,1.8570,0.0396,-0.8698,0,1,0,0.49628,3
0.4159,4.2641,2.6209,12.4616,-2.5520,0.0393,-1.2747,0,1,0,1.06706,1
0.3700,3.8386,2.7235,12.0061,2.0445,0.0267,-0.7537,0,1,0,0.59689,1
0.4509,4.4788,2.5168,12.8011,2.4939,0.0180,-1.6881,0,1,0,0.81985,1
0.3750,3.9078,2.7189,11.7282,-1.8284,0.0364,-0.5657,0,1,0,0.33718,1
0.4002,4.4169,2.7386,11.9206,-3.1026,0.1387,-0.8963,0,1,0,0.60002,0
0.4335,4.1981,2.5230,11.7002,-0.1552,0.0072,-0.6065,0,1,0,0.18599,1
0.4031,4.2340,2.6739,12.8067,-2.6979,0.0445,-1.5463,0,2,0,1.48764,1
0.4414,4.2459,2.5006,11.9105,2.5017,0.0280,-0.8330,0,1,0,0.52308,1
0.4367,4.1868,2.5063,11.6651,-1.1384,0.0059,-0.5798,0,1,0,0.26897,3
0.4087,4.0984,2.6096,11.6290,-0.9920,0.0031,-0.5020,0,1,0,0.42679,1
0.4062,4.3312,2.6857,11.6539,2.1622,0.0043,-0.5205,0,1,0,0.25141,1
0.4875,4.9222,2.4605,12.5185,2.3646,0.0062,-1.5210,0,1,1,1.17474,1
0.5234,5.3434,2.3972,11.9268,2.5235,0.0317,-1.0398,0,1,0,0.51102,1
0.3859,4.0135,2.6956,12.4482,-2.1158,0.0312,-1.1543,0,1,0,1.10166,1
0.4164,4.3961,2.6535,12.0334,-3.0923,0.0327,-0.8919,0,1,0,0.75406,3
0.4459,4.3597,2.5094,12.6882,0.9840,0.0178,-1.5573,0,1,0,1.61606,1
0.5679,5.8262,2.3051,12.1274,-0.6738,0.0275,-1.3737,0,1,0,0.65129,1
0.4570,4.9763,2.6063,11.9120,-2.2866,0.0874,-0.9478,0,1,0,0.52184,3
0.4918,4.9425,2.4469,12.2277,-2.9374,0.0256,-1.2632,0,1,0,0.56662,1
0.4180,4.5705,2.6916,12.6215,2.6998,0.1080,-1.5318,0,1,0,1.36314,1
0.5166,4.9851,2.3549,11.5868,2.6298,0.0003,-0.6317,0,1,0,0.15290,3
0.3656,3.8370,2.7457,11.7741,2.7072,0.0621,-0.6153,0,1,0,0.30695,3
0.4922,5.3488,2.5296,11.7613,1.7021,0.0394,-0.8143,0,1,0,0.27017,3
0.5494,5.1180,2.2536,11.6704,-0.4680,0.0181,-0.7975,0,1,0,0.23191,3
0.4082,4.1599,2.6288,12.6295,1.6581,0.0141,-1.3589,0,1,0,1.21778,1
0.3721,3.8654,2.7209,12.9579,2.5874,0.0283,-1.5225,1,1,1,1.39653,1
0.4234,4.1140,2.5460,11.8950,3.0925,0.0259,-0.7783,0,1,0,0.64181,1
0.3688,3.8696,2.7393,11.7321,2.3882,0.0670,-0.5954,0,1,0,0.24570,3
0.4723,4.5748,2.4479,11.7521,-1.3670,0.0171,-0.7360,0,1,0,0.29069,3
0.5315,5.5243,2.3980,12.0873,-3.0911,0.0115,-1.2064,0,1,0,0.56824,1
0.5677,5.4185,2.2376,12.0495,0.7748,0.0909,-1.3690,0,1,0,0.32966,1
0.5659,5.4056,2.2421,12.3834,-0.2786,0.0198,-1.6553,0,1,1,0.97032,1
0.5282,5.6484,2.4343,11.7064,-2.9801,0.0342,-0.8212,0,1,0,0.25477,1
0.4076,4.4201,2.7029,11.8608,2.8909,0.1244,-0.8431,0,1,0,0.48920,1
0.4186,4.5338,2.6790,12.8855,-2.6537,0.0408,-1.6762,0,1,0,1.71394,1
0.3891,4.2608,2.7515,12.4387,-2.6070,0.0463,-1.1786,0,1,0,1.28955,3
0.3616,3.8955,2.7855,12.1081,2.7621,0.1360,-0.9564,0,1,0,0.79326,1
0.4867,5.3314,2.5503,12.3874,3.0195,0.0717,-1.4818,0,1,0,1.25638,1
0.4236,4.2452,2.5801,11.6697,0.1455,0.0061,-0.5631,0,1,0,0.35917,1
0.3557,3.9085,2.8214,11.9443,-2.9897,0.1027,-0.7735,0,1,0,0.34262,3
0.4917,5.3876,2.5397,12.2252,-1.6395,0.0240,-1.2610,0,1,1,0.72948,1
0.3894,4.0179,2.6795,11.7395,2.9938,0.0202,-0.5792,0,1,0,0.27143,3
0.3565,3.7723,2.7730,12.9941,2.8687,0.0618,-1.5425,0,1,1,1.80985,1
0.4463,4.3550,2.5066,11.8476,-0.7487,0.0185,-0.7746,0,1,0,0.41702,1
0.4080,4.4467,2.7079,12.8478,3.1106,0.0502,-1.6125,0,1,0,1.42371,1
0.4877,4.5118,2.3704,12.2815,1.8290,0.0195,-1.2945,0,1,1,0.87165,1
0.4007,4.1234,2.6549,12.7743,-2.1649,0.0076,-1.4474,0,2,1,1.34294,1
0.4311,4.1543,2.5226,12.0682,-3.1092,0.0302,-0.9529,0,1,0,0.23481,1
0.4536,4.3067,2.4633,11.6171,-0.6263,0.0487,-0.6182,0,1,0,0.19955,1
0.4793,5.0286,2.5187,11.6324,-2.9746,0.0156,-0.6355,0,1,0,0.28084,3
0.4821,4.5772,2.4077,11.8144,-3.0336,0.0133,-0.8091,0,1,0,0.29479,1
0.4548,4.8793,2.5943,11.8389,2.6272,0.1104,-0.9034,0,1,0,0.15830,1
0.3743,4.0140,2.7550,11.8932,-3.0757,0.0699,-0.7322,0,1,0,0.65175,3
0.4870,5.3416,2.5508,11.8928,1.6904,0.0209,-0.9101,0,1,0,0.55326,1
0.4977,4.6250,2.3555,11.8497,-2.3240,0.0047,-0.8639,0,1,0,0.32365,1
0.4018,4.0486,2.6284,11.8480,-2.4896,0.0617,-0.7411,0,1,0,0.18682,3
0.5437,4.9656,2.2468,11.9700,-0.1896,0.0344,-1.1351,0,1,0,0.52356,1
0.5271,4.8571,2.2887,12.5547,-1.2276,0.0217,-1.7210,0,1,2,1.07927,1
0.5180,4.7846,2.3094,12.1419,-0.3714,0.0455,-1.2728,0,1,0,0.45670,1
0.3501,3.8277,2.8260,11.9216,-3.1398,0.1167,-0.7627,0,1,0,0.48804,3
0.4021,4.1432,2.6537,11.8712,-2.8225,0.0002,-0.6823,0,1,0,0.35150,1
0.4375,4.5022,2.5822,11.9209,-2.9368,0.0134,-0.8161,0,1,0,0.43485,3
0.5251,4.9237,2.3094,11.9127,-0.2547,0.0594,-1.0640,0,1,0,0.47829,1
0.3395,3.7230,2.8499,11.9158,-3.0618,0.0730,-0.6816,0,1,0,0.31991,3
0.4946,4.7132,2.3868,12.3140,2.4068,0.0047,-1.3274,0,1,0,0.59708,1
0.5242,5.0635,2.3401,12.6865,1.1710,0.0274,-1.8718,0,1,1,1.29739,1
0.3993,4.1830,2.6785,12.7200,-2.3244,0.0413,-1.4489,0,1,1,1.19262,1
0.4284,4.7188,2.6791,11.7178,-2.1082,0.0514,-0.6692,0,1,0,0.34993,2
0.4820,4.4456,2.3786,12.3106,2.6373,0.0032,-1.2819,0,1,0,0.96429,1
0.4555,4.7749,2.5670,11.7743,0.0199,0.0040,-0.7097,0,1,0,0.44438,1
0.3650,3.9955,2.7984,12.4208,2.8763,0.0808,-1.1374,0,1,1,1.08295,3
0.3803,4.1830,2.7745,13.0496,2.6076,0.0561,-1.6836,0,1,1,1.86307,1
0.3687,3.8636,2.7377,12.0368,-2.4785,0.1551,-0.9434,0,1,0,0.69747,1
0.4050,4.3918,2.7078,12.1464,2.6964,0.1088,-1.0626,0,1,0,0.90257,1
0.5404,5.2588,2.3136,12.3081,1.8071,0.0208,-1.4882,0,1,0,0.97955,1
0.5257,5.5891,2.4338,12.1542,3.0563,0.0051,-1.2554,0,1,0,0.61579,3
0.4488,4.7226,2.5846,12.6344,2.5618,0.0530,-1.5731,0,1,0,1.29876,1
0.4717,5.0293,2.5520,12.1875,-1.6661,0.0275,-1.1701,0,1,0,0.72255,3
0.3664,3.9915,2.7898,12.4703,-2.7210,0.0808,-1.1818,0,1,0,1.12240,3
0.4387,4.6623,2.6165,12.0018,1.4699,0.0525,-0.9431,0,1,0,0.42492,1
0.4345,4.3022,2.5455,11.7078,2.6959,0.0298,-0.6434,0,1,0,0.36242,1
0.3742,4.0283,2.7597,11.7442,-2.9506,0.0650,-0.6116,0,1,0,0.44377,3
0.3331,3.6591,2.8646,13.0340,3.0255,0.1413,-1.6050,0,1,0,2.05549,1
0.4106,4.3216,2.6618,11.7097,-1.6790,0.0611,-0.6427,0,1,0,0.45161,1
0.4872,4.7281,2.4202,12.3610,-1.1009,0.0235,-1.3820,0,1,1,0.96138,1
0.4792,4.6334,2.4323,12.2998,1.3255,0.0354,-1.3126,0,1,0,0.78736,1
0.5774,5.6343,2.2368,12.0095,-0.4884,0.0711,-1.3194,0,1,0,0.61027,1
0.4805,5.2816,2.5673,11.9959,-3.0513,0.0542,-1.0406,0,1,0,0.37596,3
0.4361,4.5101,2.5909,11.9797,-2.4796,0.0574,-0.9232,0,1,0,0.42843,1
0.4353,4.4605,2.5822,11.9174,2.6771,0.0030,-0.7944,0,0,0,0.00000,3
0.3309,3.6172,2.8629,11.8283,2.6674,0.1886,-0.7466,0,1,0,0.54480,3
0.5398,5.4959,2.3594,12.0602,-0.8413,0.0002,-1.1820,0,1,0,0.45422,3
0.5009,4.8753,2.3956,11.8667,2.4148,0.0013,-0.8850,0,1,0,0.49272,3
0.4156,4.4965,2.6838,12.3260,2.1009,0.0324,-1.1440,0,2,0,0.82303,1
0.4708,4.5708,2.4533,12.0949,1.2174,0.0468,-1.1015,0,1,0,0.71987,1
0.4341,4.3892,2.5694,12.2004,0.6165,0.0037,-1.0434,0,1,0,0.74372,1
0.4225,4.6146,2.6812,11.7587,-2.7008,0.1131,-0.7702,0,1,0,0.24965,1
0.4288,4.4653,2.6132,12.3404,-2.3325,0.0270,-1.1882,0,1,0,1.08994,1
0.3528,3.7592,2.7885,12.8394,2.8898,0.0240,-1.3400,0,1,1,1.74078,1
0.5675,5.5222,2.2557,12.1909,0.3438,0.0363,-1.4578,1,1,0,0.55640,1
0.3641,3.9848,2.8002,11.9771,-2.5685,0.0617,-0.7640,0,1,0,0.28639,3
0.3903,4.0761,2.6922,12.2159,3.1234,0.0909,-1.0586,0,1,0,0.77550,1
0.3541,3.7641,2.7830,12.1241,-3.0299,0.1602,-0.9832,0,1,0,0.38302,1
0.4406,4.5707,2.5852,12.4586,2.6236,0.0323,-1.3429,0,1,0,0.90733,1
0.4559,4.6581,2.5376,12.6172,1.4071,0.0090,-1.5123,0,1,0,1.29329,1
0.4885,4.9373,2.4599,12.1229,-1.1324,0.0134,-1.1302,0,1,0,0.65460,3
0.4607,4.6746,2.5206,11.9559,-0.0385,0.0050,-0.8881,0,1,0,0.49081,1
0.4620,4.6545,2.5101,11.9283,-0.9443,0.0138,-0.8768,0,1,0,0.38967,1
0.4113,4.1040,2.5990,11.9461,-2.3330,0.0173,-0.7848,0,1,0,0.30130,3
0.5078,4.9843,2.3899,11.7877,2.2717,0.0036,-0.8231,0,1,0,0.29430,3
0.4473,4.2502,2.4761,11.9436,1.1849,0.0096,-0.8511,0,1,0,0.37654,1
0.3537,3.8542,2.8148,12.5690,-2.8756,0.0120,-1.1163,0,1,0,1.33392,1
0.4247,4.3450,2.6013,11.8114,-2.0992,0.0137,-0.6946,0,1,0,0.53096,3
0.4301,4.6766,2.6604,11.6143,1.8280,0.0219,-0.5474,0,1,0,0.23210,1
0.4579,4.8973,2.5844,12.2377,3.1410,0.0105,-1.1558,0,1,0,0.77701,3
0.4507,4.5843,2.5433,12.3106,2.9440,0.0426,-1.2489,0,1,0,0.87532,1
0.4857,4.9375,2.4714,11.9077,1.7954,0.0359,-0.9397,0,1,0,0.44492,3
0.4397,4.3862,2.5434,11.7859,-0.4712,0.0095,-0.6957,0,1,0,0.28522,1
0.4096,4.5150,2.7183,13.3029,1.8144,0.0177,-1.9861,0,1,1,1.59458,0
0.4681,4.4637,2.4398,11.8496,-0.9379,0.0003,-0.7968,0,1,0,0.50825,3
0.3694,3.9074,2.7477,12.7431,2.2967,0.0246,-1.3287,0,1,0,1.44305,1
0.4070,4.2129,2.6492,12.3282,-3.0422,0.0108,-1.0887,0,2,0,1.11919,1
0.4442,4.2806,2.4971,12.0250,-1.9403,0.0323,-0.9488,0,1,0,0.71040,1
0.4387,4.5918,2.5989,11.9096,2.2198,0.0309,-0.8317,0,1,0,0.20261,3
0.4260,4.1776,2.5513,11.8315,1.5426,0.0183,-0.7194,0,1,0,0.17878,3
0.4133,4.0709,2.5807,11.8813,-1.3124,0.0223,-0.7410,0,1,0,0.20371,1
0.4498,4.4801,2.5222,11.9407,1.6215,0.0050,-0.8489,0,1,0,0.54380,3
0.4437,4.8075,2.6283,11.8967,-3.0888,0.0420,-0.8458,0,1,0,0.34859,3
0.3850,3.9494,2.6813,12.0348,-1.6025,0.0031,-0.7791,0,1,0,0.59079,1
0.4748,4.6646,2.4575,11.7175,-1.5848,0.0349,-0.7310,0,1,0,0.49762,3
0.3415,3.7376,2.8440,13.0808,2.5393,0.0700,-1.5590,0,1,1,1.88778,1
0.5541,5.4054,2.2871,11.9811,2.7666,0.0005,-1.1288,0,1,0,0.77183,1
0.4510,4.9052,2.6176,12.6753,-1.9578,0.0373,-1.5974,0,1,0,1.46331,1
0.4045,4.1740,2.6506,11.9773,2.6337,0.0378,-0.8230,0,1,0,0.42578,3
0.4118,4.4920,2.7010,11.8223,-2.3008,0.1071,-0.7970,0,1,0,0.28042,3
0.4549,4.4334,2.4886,11.9853,-0.6450,0.0160,-0.9157,0,1,0,0.23447,1
0.3519,3.8839,2.8343,12.2143,-2.6617,0.0573,-0.9071,0,2,0,0.64283,2
0.5342,4.8918,2.2684,12.1089,1.1235,0.0569,-1.2974,0,1,1,0.55447,1
0.5099,4.6175,2.3064,11.9789,-1.3488,0.0355,-1.0642,0,1,0,0.38625,1
0.4851,4.4501,2.3671,11.9258,0.5361,0.0022,-0.9077,0,1,0,0.33103,1
0.5007,4.8651,2.3940,12.1227,-2.0600,0.0031,-1.1469,0,1,0,0.33564,1
0.4245,4.3824,2.6119,12.0313,1.9823,0.0023,-0.8684,0,1,0,0.69478,1
0.3927,4.0900,2.6843,11.8568,-1.8079,0.0319,-0.6924,0,1,0,0.62515,1
0.5131,4.6649,2.3036,11.7388,-2.3728,0.0000,-0.7767,0,1,0,0.20492,1
0.5190,5.2953,2.4058,12.3931,0.6092,0.0068,-1.4954,0,1,1,0.59523,1
0.3977,4.3594,2.7354,11.9131,2.0011,0.0380,-0.7563,0,1,0,0.32119,1
0.3614,3.9575,2.8061,12.0780,2.9272,0.1065,-0.8930,0,1,0,0.74055,3
0.4828,4.6708,2.4257,12.2493,-0.8029,0.0068,-1.2304,0,2,0,0.80666,1
0.4376,4.4909,2.5791,12.5806,-2.3956,0.0172,-1.4244,0,2,0,1.06859,1
0.3482,3.7811,2.8210,11.7318,2.5164,0.1020,-0.6027,0,1,0,0.27538,3
0.4367,4.5342,2.5939,11.8067,-2.6212,0.1008,-0.8250,0,1,0,0.28289,1
0.4414,4.7909,2.6350,11.8298,-2.4580,0.1143,-0.8723,0,1,0,0.49956,1
0.4286,4.3699,2.5897,11.9725,-1.8800,0.0632,-0.9071,0,1,0,0.20129,3
0.4611,4.9448,2.5806,12.1938,3.0638,0.0714,-1.2077,0,1,0,0.47596,1
0.3661,3.9050,2.7643,12.5154,-3.0872,0.1280,-1.2877,0,1,0,1.12207,1
0.4330,4.2109,2.5289,12.4908,3.0049,0.0164,-1.3218,0,1,0,0.78975,1
0.4862,4.7814,2.4356,11.9650,0.4968,0.0146,-0.9679,0,1,0,0.52088,1
0.4097,4.0470,2.5907,12.0702,-2.8924,0.0016,-0.8638,0,1,0,0.38045,1
0.3609,3.9689,2.8124,12.2863,2.9365,0.0647,-0.9968,0,1,1,0.96339,3
0.4113,4.1637,2.6155,12.8466,0.9456,0.0043,-1.5478,0,1,0,1.65560,1
0.4192,4.2058,2.5898,11.8663,-2.5804,0.0039,-0.7173,0,1,0,0.45632,3
0.3764,3.9564,2.7269,11.8275,2.3264,0.0860,-0.7057,0,1,0,0.40721,3
0.3876,4.0106,2.6865,12.5386,-1.6260,0.0070,-1.1985,0,1,1,1.07065,1
0.3627,3.8713,2.7719,12.9747,2.7597,0.0767,-1.5781,0,1,1,1.84700,1
0.4332,4.7811,2.6715,12.0730,2.6350,0.1604,-1.1382,0,1,0,0.43571,0
0.6064,5.7686,2.1505,12.0350,-0.9595,0.0394,-1.3807,0,1,0,0.66099,1
0.4239,4.3178,2.5977,11.5079,-2.6438,0.0379,-0.4672,0,1,0,0.30903,3
0.4993,4.7561,2.3770,11.9366,1.5408,0.0159,-0.9706,0,0,0,0.00000,1
0.5464,5.5372,2.3402,12.0516,-2.4851,0.0243,-1.2232,0,1,0,0.55985,1
0.4405,4.4846,2.5643,12.0525,2.1926,0.0889,-1.0427,0,1,0,0.57273,1
0.4182,4.4240,2.6524,13.1462,2.2175,0.0028,-1.8527,0,1,1,1.18503,1
0.3866,3.9874,2.6847,11.9305,2.8188,0.0266,-0.7314,0,1,0,0.53179,3
0.5185,5.4921,2.4457,11.8026,1.2517,0.0524,-0.9259,0,1,0,0.17954,1
0.4828,5.3120,2.5635,13.0374,-1.4049,0.0014,-2.0454,1,2,3,2.15688,1
0.3628,3.9797,2.8052,11.9238,2.9939,0.0271,-0.6775,0,1,0,0.41882,1
0.6061,5.8214,2.1595,11.9943,-1.4083,0.0391,-1.3295,0,1,0,0.34736,1
0.4114,4.0908,2.5950,11.5753,2.4730,0.0306,-0.4960,0,1,0,0.25122,3
0.5854,5.6722,2.2129,12.2548,1.1561,0.0351,-1.5868,0,1,0,0.84912,1
0.3374,3.6543,2.8384,11.9399,-3.1362,0.1320,-0.7691,0,1,0,0.65313,2
0.4632,4.3380,2.4306,11.9194,1.0536,0.0398,-0.9040,0,1,0,0.46765,1
0.4382,4.2403,2.5134,11.8902,1.8012,0.0054,-0.7783,0,1,1,0.59644,3
0.4034,4.3819,2.7129,11.8224,-2.5051,0.1185,-0.7949,0,1,0,0.35189,3
0.3951,4.1068,2.6773,12.2197,2.5116,0.0880,-1.0712,0,1,0,0.45578,1
0.5500,5.4618,2.3127,12.7709,-0.7146,0.0003,-2.0288,0,1,1,1.16448,1
0.3869,3.9468,2.6709,12.2457,2.6196,0.0138,-0.9665,0,1,1,0.53202,1
0.5083,4.7226,2.3343,12.0856,0.4565,0.0393,-1.1781,0,1,0,0.45069,1
0.4057,4.0531,2.6113,11.6266,2.9508,0.0021,-0.4942,0,1,0,0.16627,3
0.4405,4.3516,2.5314,12.0021,0.0352,0.0079,-0.8869,0,1,1,0.49682,1
0.4934,4.9514,2.4422,12.0379,2.8398,0.0114,-1.0545,0,1,0,0.78267,1
0.4642,4.3182,2.4215,12.0666,1.7410,0.0111,-1.0065,0,1,0,0.51274,1
0.5290,5.4520,2.3948,12.0036,-2.7875,0.0083,-1.1044,0,1,0,0.60766,3
0.3856,3.9953,2.6917,12.0875,1.9840,0.0175,-0.8417,0,1,0,0.76128,1
0.5017,5.4779,2.5143,11.8262,1.9600,0.0822,-0.9538,0,1,0,0.25433,3
0.4618,4.5841,2.4948,11.7996,1.1540,0.0486,-0.8010,0,1,0,0.32685,1
0.3524,3.8787,2.8301,11.6010,2.6160,0.0715,-0.4794,0,1,0,0.29348,3
0.4423,4.1949,2.4841,11.8381,-2.1634,0.0339,-0.7773,0,1,0,0.21841,1
0.5191,5.3792,2.4217,12.9604,-1.3207,0.0333,-2.1788,0,1,1,1.73560,1
0.3791,4.1339,2.7661,11.9193,2.5096,0.0188,-0.6975,0,1,0,0.48030,1
0.3654,3.8990,2.7664,12.3547,-2.8023,0.1391,-1.1689,0,1,0,0.31877,1
0.4456,4.6694,2.5865,11.9483,1.1310,0.0171,-0.8637,0,1,0,0.66739,1
0.3919,4.1486,2.7053,11.5452,2.3552,0.0067,-0.4169,0,1,0,0.26399,1
0.4883,5.0141,2.4767,12.2093,-0.5446,0.0040,-1.2044,0,1,1,0.55653,1
0.3827,3.9041,2.6790,11.8441,-2.4672,0.0528,-0.6890,0,1,0,0.22478,2
0.4277,4.4173,2.6062,11.8599,-2.4902,0.0697,-0.8141,0,1,0,0.31329,1
0.4490,4.3920,2.5039,11.6973,-0.3196,0.0062,-0.6297,0,1,0,0.28272,1
0.4462,4.7132,2.5943,12.5900,1.5307,0.0119,-1.4566,0,1,1,0.73219,1
0.3918,4.1826,2.7152,11.9443,2.7596,0.0179,-0.7429,0,0,0,0.00000,3
0.4889,4.4954,2.3621,11.9709,0.5603,0.0460,-1.0212,0,1,0,0.45433,1
0.5470,5.1377,2.2660,11.9026,-1.3228,0.0134,-1.0406,0,1,0,0.36296,1
0.3673,3.8476,2.7400,11.8402,-3.0798,0.0154,-0.6095,0,1,0,0.23877,1
0.4615,4.8188,2.5503,11.6584,-2.7534,0.0150,-0.6286,0,1,0,0.26475,3
0.4074,4.2200,2.6491,12.5781,2.2276,0.0390,-1.3495,0,1,0,0.68126,1
0.5122,4.7417,2.3231,11.9616,0.5725,0.0480,-1.0696,0,1,0,0.61460,1
0.5554,5.6021,2.3164,11.8860,0.9003,0.0187,-1.0517,0,0,0,0.00000,3
0.3625,3.8907,2.7787,12.1966,-3.0866,0.0576,-0.9225,0,1,0,1.03039,3
0.5250,5.3421,2.3904,11.8333,0.2460,0.0287,-0.9403,0,1,0,0.31604,1
0.4418,4.5266,2.5691,12.1698,0.1173,0.0018,-1.0343,0,1,0,0.68758,1
0.4118,4.1421,2.6073,11.9268,3.0385,0.0303,-0.7869,0,1,0,0.34437,3
0.4075,4.0376,2.5984,12.0533,-1.3379,0.0124,-0.8589,0,1,0,0.70907,1
0.5202,5.4825,2.4367,11.8438,-0.2339,0.0119,-0.9202,0,1,0,0.30155,1
0.4188,4.5632,2.6856,12.2035,-2.4575,0.0453,-1.0632,0,1,0,0.75923,3
0.4319,4.5482,2.6195,11.7708,-2.2203,0.0120,-0.6720,0,1,0,0.36627,3
0.4364,4.7917,2.6585,11.9463,-2.7713,0.0497,-0.8846,0,1,0,0.49883,3
0.5308,5.6607,2.4258,11.9518,-0.6360,0.0149,-1.0635,0,1,0,0.19416,1
0.4360,4.2208,2.5179,11.7363,2.9085,0.0306,-0.6716,0,1,0,0.25756,1
0.3770,3.9144,2.7110,12.0565,-2.7209,0.0338,-0.8181,0,1,0,0.74076,3
0.3665,3.8573,2.7473,12.7284,3.0380,0.1003,-1.4254,0,1,0,1.48161,1
0.3995,4.2543,2.6974,12.7953,-2.8290,0.0623,-1.5504,0,1,1,1.25710,1
0.3654,3.9599,2.7851,11.8496,2.9028,0.0242,-0.6241,0,1,0,0.53549,1
0.5227,4.9791,2.3295,11.6294,-2.0252,0.0101,-0.6972,0,1,0,0.30555,1
0.5275,5.6044,2.4293,12.1045,-2.2656,0.0200,-1.2272,0,1,0,0.69183,3
0.4045,4.0855,2.6259,12.1646,2.7245,0.0240,-0.9609,0,1,2,1.08015,1
0.4484,4.4034,2.5096,11.8658,-1.9961,0.0052,-0.7781,0,1,2,0.75103,3
0.5477,5.4255,2.3155,12.7660,-3.0760,0.0047,-2.0207,0,2,1,1.26672,1
0.3465,3.7093,2.8063,12.3236,-2.7674,0.0582,-0.9753,0,1,0,1.00974,3
0.3458,3.7280,2.8165,13.0231,-2.0639,0.0305,-1.4656,0,1,2,1.77347,1
0.4220,4.4999,2.6540,12.1792,2.5969,0.0350,-1.0362,0,1,0,0.64480,3
0.3580,3.8604,2.7935,11.9029,2.4295,0.0267,-0.6516,0,1,0,0.44543,1
0.4127,4.4003,2.6725,11.8053,1.9558,0.0433,-0.7042,0,1,0,0.29153,1
0.4771,4.6747,2.4503,11.6210,1.4300,0.0526,-0.6654,0,1,0,0.29307,3
0.4044,4.2713,2.6778,12.4080,-2.2713,0.0589,-1.2193,0,2,0,0.67046,1
0.3949,3.9718,2.6392,12.0470,-1.2446,0.0088,-0.8194,0,1,0,0.73754,1
0.4777,4.4258,2.3915,11.7202,-0.0286,0.0125,-0.7089,0,0,0,0.00000,3
0.4809,4.4460,2.3832,11.7472,-1.8647,0.0308,-0.7641,0,1,0,0.21671,1
0.5273,5.3886,2.3897,12.4304,0.2495,0.0118,-1.5719,0,1,0,0.81956,1
0.3873,4.2560,2.7593,12.8705,-2.6846,0.0394,-1.5300,0,1,1,1.71079,1
0.3554,3.8240,2.7955,12.4589,-2.8570,0.0639,-1.1133,0,1,1,1.26519,1
0.5208,4.9180,2.3249,12.4600,0.5643,0.0058,-1.5688,0,1,1,1.27757,1
0.3880,3.9496,2.6665,11.8991,2.2862,0.0242,-0.7063,0,1,0,0.47294,3
0.3372,3.6831,2.8493,12.7219,-2.8967,0.1438,-1.3753,0,2,0,1.17786,1
0.4257,4.4523,2.6244,12.0798,1.5424,0.0119,-0.9266,0,1,1,0.65235,1
0.5222,4.7425,2.2846,11.9086,0.4074,0.0879,-1.0914,0,1,0,0.38251,1
0.4042,4.4387,2.7248,12.2685,-2.6791,0.0064,-1.0249,0,1,0,1.00869,1
0.5423,5.6581,2.3781,11.9805,-1.3723,0.0141,-1.1210,0,1,0,0.43159,3
0.4201,4.2677,2.6020,11.7748,-2.6855,0.0391,-0.6869,0,0,0,0.00000,3
0.3945,4.1780,2.7008,12.2661,-3.0370,0.0185,-1.0114,0,1,2,0.91529,3
0.4600,4.7472,2.5402,12.0272,-2.8538,0.0116,-0.9627,0,1,0,0.18644,3
0.4339,4.5557,2.6123,11.8397,2.0562,0.0301,-0.7587,0,1,0,0.32285,3
0.4342,4.2795,2.5409,12.4783,2.9214,0.0336,-1.3414,0,1,1,0.94369,1
0.5045,5.1302,2.4328,11.9222,-2.0598,0.0286,-0.9872,0,1,0,0.46603,3
0.3676,3.9704,2.7769,12.2314,2.1175,0.0335,-0.9301,0,1,1,0.80395,1
0.4180,4.4607,2.6628,11.8460,-2.8543,0.0333,-0.7364,0,1,0,0.26387,3
0.5033,4.6917,2.3476,11.7987,0.8448,0.0505,-0.8851,0,1,0,0.44952,1
0.4546,4.3483,2.4691,11.8422,2.4435,0.0007,-0.7630,0,1,0,0.38233,3
0.3987,4.0545,2.6447,11.6700,-1.4853,0.0533,-0.5806,0,1,0,0.22403,1
0.4101,4.0476,2.5888,12.6394,2.7943,0.0157,-1.3763,0,1,1,0.94922,1
0.4522,4.6256,2.5463,12.7179,0.9037,0.0065,-1.5932,0,1,0,1.57528,1
0.3641,3.9658,2.7941,13.1691,-2.9200,0.0473,-1.6968,0,1,2,2.11721,1
0.5615,5.7767,2.3218,12.2647,-2.1770,0.0195,-1.5048,0,1,0,0.76551,1
0.4469,4.7365,2.5967,11.7369,2.3522,0.0662,-0.7378,0,1,0,0.14166,3
0.3568,3.7831,2.7750,11.7321,2.3947,0.0125,-0.5085,0,1,0,0.16292,1
0.4271,4.1309,2.5342,12.1665,0.7994,0.0100,-1.0018,0,1,0,0.32425,1
0.5789,5.2882,2.1743,11.9636,0.5167,0.1181,-1.3329,0,1,1,0.59586,1
0.3697,3.9028,2.7449,11.7709,2.4755,0.0486,-0.6035,0,1,0,0.23553,3
0.4510,4.7588,2.5832,12.1853,1.8012,0.0142,-1.0919,0,1,0,0.25180,1
0.3813,3.8998,2.6848,12.0838,-1.5586,0.0329,-0.8486,0,1,0,0.71694,1
0.3847,4.0849,2.7229,12.9720,2.4307,0.0206,-1.5755,0,1,0,0.42051,1
0.3873,4.2136,2.7473,11.7277,-3.1181,0.0364,-0.5867,0,1,0,0.40612,3
0.3943,3.9756,2.6432,11.8151,2.7857,0.0096,-0.6338,0,1,0,0.51928,3
0.4279,4.2428,2.5599,12.5007,3.0718,0.0080,-1.3017,1,1,1,0.92805,1
0.6016,5.9493,2.1957,12.2700,0.6961,0.0289,-1.6478,0,1,0,0.33612,1
0.4844,4.4133,2.3619,11.9366,-0.2962,0.0154,-0.9343,0,1,0,0.29125,1
0.3635,3.9645,2.7967,12.7246,2.6994,0.1121,-1.4274,0,1,0,1.41555,1
0.4910,4.6845,2.3950,11.8658,-0.9053,0.0193,-0.8861,0,1,0,0.41077,1
0.3984,4.3719,2.7354,13.1198,2.6788,0.0864,-1.8838,0,1,0,1.72143,1
0.6196,5.7979,2.1072,12.0285,0.0413,0.0118,-1.3670,0,1,0,0.53852,1
0.5127,5.3740,2.4469,12.1094,1.8190,0.0163,-1.1869,0,1,0,0.43593,3
0.4516,4.6904,2.5644,11.9699,-2.1613,0.0176,-0.8976,1,1,0,0.49794,3
0.5580,5.2211,2.2397,12.1646,0.7596,0.0590,-1.4311,0,1,0,0.19211,1
0.4351,4.2527,2.5303,11.6132,0.5856,0.0219,-0.5527,0,1,0,0.15255,1
0.4726,4.8787,2.5150,12.0147,-0.2381,0.0087,-0.9775,0,1,0,0.23150,1
0.5452,5.0195,2.2510,11.8743,1.4600,0.0206,-1.0144,0,1,0,0.55144,1
0.4111,4.1148,2.6030,12.3281,1.3812,0.0055,-1.0921,0,1,1,1.04744,1
0.4624,4.7756,2.5364,11.8752,1.2913,0.0250,-0.8432,0,1,0,0.30983,1
0.3553,3.7974,2.7877,11.5514,-2.4131,0.0426,-0.4143,0,1,0,0.21928,1
0.3762,4.0269,2.7493,13.1192,-1.9684,0.0407,-1.6995,0,1,2,1.57125,1
0.5080,5.0174,2.3960,11.6889,-1.8497,0.0157,-0.7397,0,1,0,0.28383,3
0.3888,4.0624,2.6956,11.9266,-2.8780,0.0260,-0.7325,0,1,1,0.44905,3
0.3866,4.1243,2.7248,12.7588,2.9940,0.0833,-1.5009,0,1,1,1.28260,1
0.4419,4.5880,2.5835,12.0264,2.1189,0.0111,-0.9176,0,1,0,0.39367,3
0.3445,3.7620,2.8351,11.4482,-2.6933,0.0398,-0.3267,0,1,0,0.21821,1
0.5621,5.7876,2.3216,12.1048,-0.2945,0.0322,-1.3380,0,1,0,0.28425,1
0.3905,4.2609,2.7444,12.2397,2.3380,0.0543,-1.0283,0,1,1,0.93370,3
0.4769,5.2435,2.5753,13.2833,-2.1486,0.0187,-2.3142,0,1,2,1.94894,1
0.4447,4.8961,2.6446,11.7980,-2.9522,0.0003,-0.7067,0,1,0,0.23747,0
0.3939,4.1779,2.7034,11.9259,2.4704,0.1600,-0.9154,0,1,0,0.65858,1
0.4660,5.0259,2.5768,11.6543,-1.3019,0.0198,-0.6392,0,1,0,0.22021,1
0.3457,3.7394,2.8212,12.0529,3.0949,0.0892,-0.8145,0,1,0,0.49254,3
0.4249,4.1669,2.5533,11.9443,1.0506,0.0316,-0.8319,0,1,0,0.40092,1
0.4310,4.5988,2.6365,11.9084,2.0716,0.0963,-0.8987,0,1,0,0.31905,3
0.4448,4.6547,2.5868,11.8038,1.7857,0.0063,-0.7183,0,1,0,0.52087,1
0.5123,5.2464,2.4236,12.5640,-1.0837,0.0361,-1.7057,0,1,0,1.03671,1
0.5021,5.2392,2.4650,11.9154,2.3372,0.0709,-1.0313,0,1,0,0.57977,1
0.3518,3.7663,2.7967,11.6683,2.4452,0.0632,-0.5163,0,1,0,0.36357,3
0.4123,4.2157,2.6247,11.9720,-2.6627,0.0835,-0.8964,0,1,0,0.44481,1
0.4584,4.2866,2.4384,12.3455,0.5999,0.0155,-1.2634,0,1,0,0.83621,1
0.4436,4.8366,2.6356,11.8481,-2.3615,0.0111,-0.7625,0,1,0,0.33498,1
0.3426,3.7325,2.8361,13.2345,2.7943,0.0501,-1.6528,0,1,1,2.16364,1
0.4815,4.9594,2.4942,11.7960,-1.0282,0.0343,-0.8194,0,1,0,0.37137,1
0.3643,3.9075,2.7749,11.5394,-3.0189,0.0705,-0.4503,0,1,0,0.17456,3
0.4018,4.1307,2.6514,11.8707,1.3998,0.0345,-0.7252,0,1,0,0.45277,1
0.4393,4.5890,2.5958,12.4205,2.6334,0.0481,-1.3261,0,1,0,0.96646,1
0.3730,3.9412,2.7396,12.3350,-3.0254,0.0918,-1.1089,0,1,0,1.08118,1
0.3491,3.7370,2.8017,12.0715,-3.1190,0.1444,-0.9089,0,1,1,0.58059,1
0.4599,4.9821,2.5946,13.1371,2.8777,0.0201,-2.0751,0,1,1,1.77942,1
0.4195,4.3154,2.6177,11.7219,-2.0576,0.0508,-0.6556,0,1,0,0.17627,3
0.4821,4.9447,2.4883,11.7915,-1.8063,0.0045,-0.7781,0,1,0,0.16736,3
0.5327,5.0281,2.3002,11.7089,0.7415,0.0029,-0.7883,0,1,0,0.33145,3
0.4447,4.3138,2.5032,12.1615,-0.5304,0.0201,-1.0587,0,0,0,0.00000,1
0.3613,3.8463,2.7712,11.9047,-3.0190,0.1729,-0.8453,0,1,0,0.38995,1
0.4661,4.6696,2.4959,12.1946,2.1784,0.0205,-1.1497,0,1,0,0.68435,1
0.3647,3.8314,2.7487,11.9143,3.1194,0.0493,-0.7023,0,1,0,0.48751,3
0.4882,4.8779,2.4481,11.8423,1.3429,0.0080,-0.8436,0,1,0,0.46635,3
0.4619,4.7937,2.5425,12.6548,1.9614,0.0288,-1.6040,0,1,0,1.40560,1
0.4732,4.5693,2.4426,11.6261,1.9322,0.0114,-0.6124,0,1,0,0.14594,3
0.3757,3.9780,2.7370,11.8687,-2.6361,0.1059,-0.7616,0,1,0,0.56083,3
0.4093,4.3794,2.6832,11.9297,-3.0784,0.0223,-0.7746,0,1,0,0.56822,3
0.4899,5.3494,2.5398,12.6916,1.4116,0.0090,-1.7193,0,1,0,1.31027,1
0.3612,3.9682,2.8103,12.0724,-3.0355,0.0522,-0.8173,0,1,0,0.79477,3
0.4770,4.8891,2.4983,11.6372,-2.0224,0.0528,-0.6816,0,1,0,0.18410,3
0.5054,4.9767,2.3980,12.3404,2.5789,0.0033,-1.3880,0,1,0,1.01502,1
0.4864,5.3206,2.5492,12.8191,-2.8714,0.0215,-1.8611,0,1,0,1.69048,1
0.4222,4.2138,2.5781,11.8023,-1.3652,0.0378,-0.7123,0,1,0,0.40849,1
0.3808,4.1977,2.7758,12.1018,-2.4158,0.0440,-0.8771,0,1,0,0.79240,0
0.4223,4.3065,2.6021,11.5279,-1.3615,0.0100,-0.4483,0,1,0,0.31284,1
0.3825,4.1188,2.7440,12.0226,2.7224,0.0770,-0.8612,0,1,0,0.69638,3
0.4481,4.5422,2.5446,11.9499,-0.2780,0.0050,-0.8541,0,1,0,0.27828,1
0.4872,4.6697,2.4072,12.1469,1.8798,0.0059,-1.1384,0,1,0,0.43424,1
0.4463,4.8238,2.6201,12.8274,2.5452,0.0855,-1.8086,0,1,1,1.45333,1
0.4471,4.5209,2.5436,11.7021,-1.1652,0.0040,-0.6288,0,1,0,0.30340,1
0.5198,5.5874,2.4581,11.9115,-0.6066,0.0024,-0.9785,0,1,0,0.39342,1
0.3772,4.0311,2.7454,11.7525,-3.0062,0.0181,-0.5655,0,1,0,0.19590,1
0.5118,5.5148,2.4783,11.7448,2.0124,0.0425,-0.8400,0,1,0,0.26857,3
0.4531,4.4904,2.5101,11.8561,-2.1752,0.0194,-0.7978,0,1,0,0.36904,3
0.3797,4.0873,2.7493,13.1695,2.9061,0.0716,-1.8155,0,1,1,1.79080,1
0.3621,3.8407,2.7650,12.4919,-2.6096,0.0239,-1.1023,0,1,1,0.90366,1
0.3620,3.8173,2.7582,11.6794,-2.1550,0.0148,-0.4820,0,1,0,0.31781,1
0.4231,4.1471,2.5563,12.7859,-2.6697,0.0226,-1.5699,0,1,0,1.71841,1
0.4212,4.2523,2.5929,12.1374,1.4569,0.0189,-0.9744,0,1,0,0.71126,1
0.4363,4.6155,2.6162,12.7069,-3.0978,0.0585,-1.6055,0,1,1,1.38523,1
0.4662,4.9161,2.5514,11.9776,-3.0359,0.0274,-0.9523,0,1,0,0.20400,3
0.4842,5.1528,2.5239,11.7919,-2.3435,0.0267,-0.8118,0,1,0,0.41080,3
0.3780,3.9823,2.7265,12.1461,-2.4867,0.0051,-0.8523,0,1,0,0.55755,1
0.4545,4.6507,2.5421,12.0471,-2.0173,0.0136,-0.9703,0,1,0,0.59089,3
0.5226,5.0134,2.3368,12.1606,0.9977,0.0025,-1.2448,0,1,1,0.73530,1
0.4982,4.7852,2.3876,11.9051,-1.1167,0.0156,-0.9362,0,1,0,0.20592,1
0.3725,3.9479,2.7445,11.6638,2.1975,0.0519,-0.5320,0,1,0,0.29475,1
0.3778,4.0382,2.7442,12.6766,-2.5063,0.0717,-1.3785,0,1,1,0.88410,1
0.3634,3.8120,2.7494,12.9103,-2.7841,0.0322,-1.4532,0,1,0,0.66783,1
0.5040,5.0622,2.4214,11.8628,-2.9855,0.0016,-0.8893,0,1,0,0.23758,3
0.3814,3.9662,2.7040,12.4081,-2.4743,0.0494,-1.1337,0,1,1,1.15024,1
0.4626,4.7329,2.5255,12.4838,2.0119,0.0214,-1.4241,0,1,0,1.06200,1
0.5367,5.5106,2.3744,11.2681,1.3441,0.0082,-0.3460,0,0,0,0.00000,3
0.4568,4.7050,2.5448,11.5842,1.9051,0.0858,-0.6396,0,0,0,0.00000,3
0.4683,5.1052,2.5841,11.8817,2.2136,0.0536,-0.9001,0,0,1,0.42834,3
0.4253,4.2787,2.5809,11.4505,-2.4399,0.1204,-0.5184,0,0,0,0.00000,1
0.3829,4.0115,2.7103,11.4833,-2.6983,0.1287,-0.5008,0,0,0,0.00000,1
0.4970,4.5877,2.3503,11.3743,1.1907,0.0105,-0.4066,0,0,0,0.00000,3
0.3537,3.8290,2.8064,11.3969,3.1071,0.0850,-0.3528,0,0,0,0.00000,3
0.5321,4.8957,2.2770,11.3931,-1.0908,0.0402,-0.5044,0,0,0,0.00000,3
0.5211,4.7333,2.2870,12.5017,-1.0641,0.0482,-1.6835,0,0,3,1.34229,1
0.4032,4.3995,2.7188,12.8559,2.9040,0.0342,-1.5741,1,1,0,0.44940,1
0.4379,4.7579,2.6435,11.8735,1.6232,0.0148,-0.7779,0,1,0,0.22968,1
0.4982,5.4161,2.5171,11.4993,1.3470,0.0055,-0.5262,0,0,0,0.00000,1
0.3894,4.0781,2.6975,13.1298,2.5754,0.0373,-1.7646,0,1,1,1.85097,1
0.4325,4.6573,2.6440,12.4181,-2.1990,0.0493,-1.3042,0,1,0,1.09420,3
0.4147,4.4883,2.6860,13.1733,2.0485,0.0021,-1.8611,0,1,0,1.88676,1
0.4398,4.2060,2.4977,12.0730,1.1434,0.0412,-0.9940,0,0,1,0.64231,1
0.4247,4.3257,2.5962,11.5071,1.7847,0.0027,-0.4258,0,1,0,0.16113,1
0.4906,4.6411,2.3874,11.4906,-1.9719,0.0318,-0.5357,0,0,0,0.00000,1
0.5424,5.7290,2.3902,12.7450,0.4134,0.0065,-1.9822,0,0,1,1.39053,1
0.3803,4.1505,2.7647,12.6547,-2.6851,0.0117,-1.2771,0,1,1,1.10009,1
0.5757,5.5395,2.2278,11.6226,-0.1756,0.0306,-0.8098,0,0,0,0.00000,3
0.3491,3.8188,2.8285,12.6572,2.6069,0.0711,-1.2566,0,1,1,1.11584,1
0.5704,5.7654,2.2852,11.4554,1.8952,0.0508,-0.6396,0,0,0,0.00000,1
0.5496,5.2747,2.2811,11.5217,0.5050,0.0837,-0.7201,0,0,0,0.00000,1
0.5866,5.4022,2.1651,11.3466,-0.8856,0.0766,-0.5685,0,0,0,0.00000,3
0.3820,3.9340,2.6914,11.7602,-2.4046,0.0440,-0.6115,0,1,0,0.36560,3
0.4587,4.2967,2.4393,11.3345,-1.7478,0.0097,-0.3265,0,0,0,0.00000,3
0.4708,4.4125,2.4167,11.4099,1.0582,0.0202,-0.4200,0,0,0,0.00000,3
0.5100,5.1486,2.4140,11.2732,-2.9416,0.0206,-0.3372,0,0,0,0.00000,1
0.5378,5.1357,2.3010,11.3822,-1.5868,0.0134,-0.4690,0,0,0,0.00000,1
0.3784,4.1629,2.7782,12.2166,2.9690,0.0792,-1.0100,0,0,2,0.63437,3
0.3712,3.9339,2.7467,11.4300,2.5521,0.0519,-0.3576,0,0,0,0.00000,3
0.4291,4.7202,2.6761,12.5912,-2.5620,0.0756,-1.4939,0,0,1,1.37392,1
0.3739,3.9084,2.7246,11.3284,2.8984,0.0553,-0.2902,0,0,0,0.00000,3
0.4827,4.7872,2.4517,11.3839,1.0865,0.0187,-0.4097,0,0,0,0.00000,3
0.5007,5.3587,2.4949,11.4071,2.4131,0.0241,-0.4617,0,0,0,0.00000,3
0.4396,4.2470,2.5088,12.0423,2.3529,0.0405,-0.9647,0,1,0,0.21596,1
0.4249,4.2416,2.5732,12.0427,-2.3678,0.0296,-0.9153,0,1,0,0.58965,3
0.3990,4.4000,2.7402,13.1601,2.7258,0.0906,-1.9319,0,1,1,1.87385,0
0.5060,5.0786,2.4163,11.4155,2.1906,0.0066,-0.4549,0,0,0,0.00000,3
0.4052,4.1761,2.6479,11.8302,-2.0565,0.0309,-0.6941,0,1,0,0.51172,3
0.6428,6.0890,2.0649,11.6454,0.3025,0.0631,-1.0051,0,0,0,0.00000,3
0.4407,4.2267,2.4989,11.5463,1.1171,0.0156,-0.4956,0,1,0,0.23138,3
0.5680,5.6448,2.2746,11.4391,-0.1843,0.0379,-0.6017,0,0,0,0.00000,1
0.5106,4.6350,2.3070,11.6051,0.6646,0.0569,-0.7097,0,0,0,0.00000,3
0.3855,4.0736,2.7156,11.6730,2.0600,0.0077,-0.5063,0,1,0,0.38489,1
0.4027,4.0659,2.6287,12.5859,-2.4851,0.0175,-1.3063,0,0,1,1.27999,1
0.4318,4.1917,2.5290,11.3820,-2.6106,0.0636,-0.4013,0,0,0,0.00000,1
0.5011,4.5385,2.3235,11.3609,2.5038,0.0001,-0.3860,0,0,0,0.00000,1
0.4296,4.1871,2.5376,11.9027,-2.3649,0.0642,-0.8486,0,1,0,0.55715,1
0.4279,4.5784,2.6462,11.9400,2.8341,0.1122,-0.9406,0,1,0,0.30378,1
0.5246,5.0104,2.3283,11.4914,-0.6405,0.1038,-0.6741,0,0,0,0.00000,1
0.3732,3.8613,2.7142,11.3456,2.7514,0.0205,-0.2625,0,0,0,0.00000,3
0.5964,5.7760,2.1885,11.6034,1.2951,0.0275,-0.8211,0,0,0,0.00000,1
0.3798,4.1464,2.7659,13.1226,2.8200,0.1043,-1.8313,0,1,1,1.99012,1
0.3569,3.8639,2.8006,11.7484,2.3089,0.0832,-0.6067,0,1,0,0.46191,3
0.3930,4.2407,2.7258,11.4955,-3.0036,0.1389,-0.5351,0,0,0,0.00000,1
0.5289,4.9013,2.2905,11.6919,0.2628,0.0314,-0.7995,0,0,1,0.34599,3
0.4394,4.4469,2.5602,11.3881,0.7309,0.0020,-0.3436,0,0,0,0.00000,1
0.5603,5.1771,2.2235,11.4475,-0.8799,0.0330,-0.5917,0,0,0,0.00000,3
0.4126,4.4783,2.6935,12.7342,-2.2959,0.0025,-1.4517,0,0,2,1.21479,1
0.4378,4.3846,2.5517,12.2982,1.2801,0.0215,-1.1678,0,0,3,1.09306,1
0.4645,5.0105,2.5801,12.6760,-2.1635,0.0018,-1.5935,0,0,1,1.48963,1
0.4343,4.3750,2.5650,12.0799,-1.4052,0.0583,-1.0106,1,1,0,0.77215,1
0.4284,4.1948,2.5453,11.4576,0.4191,0.0054,-0.3921,0,0,0,0.00000,1
0.5301,5.2408,2.3509,12.4631,0.5907,0.0323,-1.6481,0,0,1,0.77912,1
0.4775,4.4539,2.3987,11.3904,-1.4516,0.0425,-0.4366,0,0,0,0.00000,3
0.4654,4.5711,2.4761,12.3375,-2.0213,0.0074,-1.2669,1,1,0,0.30147,1
0.5343,5.6331,2.4064,11.9884,2.3025,0.0179,-1.1152,0,1,0,0.50835,3
0.3842,4.1215,2.7359,11.7766,-2.6793,0.0541,-0.6410,0,0,1,0.20772,3
0.5023,4.7501,2.3636,11.3768,1.7956,0.0281,-0.4368,0,0,0,0.00000,1
0.5060,5.1670,2.4340,12.4511,-1.8913,0.0134,-1.5250,2,1,0,1.13946,1
0.5487,5.0936,2.2518,11.3086,1.7262,0.0068,-0.3972,0,0,0,0.00000,1
0.4682,4.4985,2.4475,11.3482,-0.4364,0.0093,-0.3488,0,0,0,0.00000,3
0.4174,4.2531,2.6111,11.2801,-2.3863,0.0273,-0.2613,0,0,0,0.00000,3
0.4511,4.7172,2.5729,12.9089,-2.4006,0.0403,-1.8361,0,1,0,1.53560,1
0.4212,4.1018,2.5527,12.0049,1.9927,0.0159,-0.8547,0,1,0,0.57623,1
0.4512,4.9621,2.6300,13.2599,-3.0183,0.0236,-2.1664,1,1,0,1.27402,1
0.3932,4.0243,2.6629,12.2531,-2.6351,0.0991,-1.1101,0,0,0,0.00000,1
0.4173,4.1543,2.5850,12.4573,-2.9155,0.0058,-1.2244,0,1,1,1.05808,1
0.4579,4.4784,2.4865,12.6953,-1.0800,0.0090,-1.5949,0,1,1,1.24831,1
0.4493,4.5589,2.5434,12.6617,-0.7600,0.0073,-1.5282,0,0,1,1.42024,1
0.4037,4.3159,2.6933,11.7240,2.8252,0.1558,-0.7594,0,1,0,0.38942,1
0.4827,4.4725,2.3818,11.3579,2.0669,0.0067,-0.3702,0,0,0,0.00000,1
0.4234,4.3946,2.6203,11.3175,-2.8562,0.0796,-0.3571,0,0,0,0.00000,1
0.5760,5.7204,2.2564,11.5037,-0.3096,0.0784,-0.7361,0,0,0,0.00000,1
0.3744,3.8923,2.7172,11.4451,-2.3720,0.0924,-0.4192,0,0,0,0.00000,3
0.4679,4.7867,2.5148,11.8960,-2.8263,0.0554,-0.9144,0,0,1,0.37714,1
0.4030,4.2603,2.6819,12.0567,3.0193,0.0764,-0.9373,0,1,0,0.30483,1
0.3693,3.8838,2.7411,11.3274,-2.2552,0.0230,-0.2487,0,0,0,0.00000,1
0.4296,4.5723,2.6363,12.7415,2.7951,0.0206,-1.5524,0,1,1,1.08916,1
0.5153,5.4492,2.4505,11.4196,2.8194,0.0322,-0.5027,0,0,0,0.00000,1
0.4797,4.9023,2.4896,12.3158,-1.7493,0.0217,-1.3116,0,0,2,0.57608,1
0.4609,4.6937,2.5240,11.6606,-2.9497,0.0209,-0.6365,0,1,0,0.30015,3
0.4178,4.0833,2.5632,11.4531,-1.6914,0.0120,-0.3830,0,1,0,0.26366,3
0.4733,4.8381,2.5028,11.4978,-2.4845,0.0699,-0.5651,0,0,0,0.00000,1
0.3524,3.7961,2.8027,13.3013,-2.9564,0.0333,-1.7255,1,2,1,1.78965,1
0.3897,4.2898,2.7563,11.8404,-2.5504,0.0207,-0.6601,0,0,1,0.34940,1
0.3930,4.2985,2.7421,12.4801,-2.9251,0.1369,-1.3588,0,0,1,1.25124,1
0.6133,6.0941,2.1732,11.4489,0.4215,0.0964,-0.7528,0,0,0,0.00000,1
0.5321,5.6773,2.4233,12.9292,-0.3214,0.0048,-2.1522,0,0,1,1.77550,1
0.4281,4.5571,2.6397,11.7716,-1.4184,0.0050,-0.6570,0,0,0,0.00000,1
0.4391,4.4267,2.5564,12.8440,-1.2189,0.0333,-1.7087,0,0,2,1.39153,1
0.3426,3.7690,2.8484,13.2712,-3.0454,0.0707,-1.7196,1,1,2,1.99966,1
0.4690,4.8314,2.5199,11.2508,-0.7957,0.0134,-0.2681,0,0,0,0.00000,1
0.4855,5.1128,2.5096,11.3362,1.1264,0.0546,-0.4112,0,0,0,0.00000,1
0.3742,3.9917,2.7488,11.9720,-2.8760,0.1656,-0.9169,0,1,0,0.47014,1
0.4094,4.2147,2.6381,11.3120,-3.0593,0.0756,-0.3344,0,0,0,0.00000,1
0.5874,5.5005,2.1782,11.5485,1.0820,0.0591,-0.7805,0,0,0,0.00000,3
0.4547,4.4053,2.4825,11.4011,2.7184,0.0127,-0.3844,0,0,0,0.00000,1
0.3313,3.6583,2.8745,13.2356,-2.9632,0.0746,-1.6426,0,1,2,2.88762,0
0.3884,3.9863,2.6753,11.9421,2.9257,0.0046,-0.7159,0,1,0,0.47469,1
0.4448,4.2701,2.4920,11.4069,-2.5373,0.0264,-0.3937,0,0,0,0.00000,1
0.4767,4.3911,2.3875,12.0874,0.0000,0.0100,-1.0562,0,1,0,0.74027,1
0.4172,4.4724,2.6697,11.7238,-2.9885,0.1071,-0.7230,0,1,0,0.24527,1
0.5129,5.3224,2.4363,11.4746,-3.1027,0.0487,-0.5737,0,0,0,0.00000,1
0.3583,3.8744,2.7961,11.2742,-2.9040,0.0169,-0.1955,0,0,0,0.00000,1
0.4702,4.4608,2.4305,11.5402,-2.4688,0.0238,-0.5429,0,0,1,0.20326,1
0.5111,5.0649,2.3927,11.4542,2.3966,0.0326,-0.5307,0,0,0,0.00000,1
0.4333,4.2064,2.5263,11.7309,0.8974,0.0393,-0.6729,0,0,1,0.43707,1
0.4962,5.3450,2.5116,11.7797,-2.0627,0.0259,-0.8232,0,0,1,0.45002,3
0.4407,4.3941,2.5413,11.8024,-1.8928,0.0078,-0.7098,0,0,1,0.30301,3
0.5203,5.1339,2.3692,11.6420,1.5925,0.0158,-0.7142,0,0,0,0.00000,3
0.5990,5.5839,2.1491,11.7003,-0.4861,0.0911,-1.0228,0,0,0,0.00000,3
0.5320,5.1210,2.3207,11.4641,1.9256,0.0349,-0.5723,0,0,0,0.00000,1
0.3948,4.3227,2.7401,11.3843,2.4527,0.0859,-0.3882,0,0,0,0.00000,3
0.3835,4.0260,2.7115,11.8453,-1.9513,0.0592,-0.6997,0,1,0,0.39739,1
0.4908,5.1804,2.5008,12.9619,1.7242,0.0158,-2.0236,1,0,3,3.11916,1
0.3796,3.9101,2.6964,12.2355,-2.7067,0.0524,-0.9922,0,0,1,1.02402,1
0.5335,4.9533,2.2830,11.4727,1.8114,0.0157,-0.5589,0,0,0,0.00000,1
0.4712,4.5392,2.4441,11.2926,-3.0922,0.0259,-0.3213,0,0,0,0.00000,1
0.4263,4.2809,2.5771,11.3298,1.2823,0.0608,-0.3485,0,0,0,0.00000,1
0.4695,4.3606,2.4097,11.3026,1.8853,0.0197,-0.3209,0,0,0,0.00000,1
0.4521,4.7921,2.5863,12.8902,-0.9106,0.0017,-1.7558,1,1,0,1.51058,1
0.4641,4.4300,2.4488,11.7162,-0.7102,0.0151,-0.6844,0,1,0,0.41876,3
0.4715,4.8711,2.5178,11.8735,2.3963,0.0323,-0.8707,0,0,1,0.35146,3
0.4768,4.6044,2.4358,11.4675,1.1949,0.0254,-0.4874,0,0,0,0.00000,3
0.4350,4.1757,2.5110,11.8848,2.2904,0.0338,-0.8039,0,0,1,0.41037,1
0.4610,4.9683,2.5862,12.7818,2.5513,0.0112,-1.7010,0,1,0,1.36294,1
0.4645,5.0830,2.5962,11.8674,-2.0843,0.0363,-0.8563,0,0,1,0.16941,3
0.4185,4.2997,2.6183,11.4449,-1.6640,0.0587,-0.4325,0,0,0,0.00000,1
0.3639,3.9765,2.7984,11.6649,-2.5767,0.0320,-0.4955,0,0,1,0.37118,1
0.3592,3.8236,2.7754,12.7733,-2.0321,0.0186,-1.3041,1,1,0,1.30411,1
0.4850,4.7746,2.4392,11.3414,1.3395,0.0054,-0.3571,0,0,0,0.00000,3
0.5467,5.5130,2.3350,11.5835,-2.9667,0.0154,-0.6984,0,0,0,0.00000,1
0.4444,4.3216,2.5066,11.7013,1.0394,0.0464,-0.6756,0,0,1,0.24569,1
0.5397,5.5948,2.3774,11.4292,0.8491,0.0231,-0.5342,0,0,0,0.00000,1
0.4848,4.4832,2.3759,12.0712,-2.8992,0.0004,-1.0474,0,1,0,0.72644,1
0.4529,4.6449,2.5476,11.8749,-2.6555,0.0724,-0.8843,0,1,0,0.20672,1
0.4453,4.3886,2.5195,11.3740,1.4585,0.0183,-0.3567,0,0,0,0.00000,3
0.4221,4.2539,2.5892,11.6757,1.7155,0.0094,-0.5698,0,1,0,0.45995,3
0.5188,4.9457,2.3385,12.1949,-0.6134,0.0565,-1.3496,0,0,1,0.71830,1
0.4739,4.8250,2.4973,11.3725,2.4111,0.0241,-0.3955,0,0,0,0.00000,3
0.4685,5.1570,2.5944,12.2986,-1.5240,0.0005,-1.2329,0,0,2,0.74246,1
0.5956,5.4387,2.1384,11.6861,-0.6581,0.0573,-0.9538,0,0,0,0.00000,1
0.4659,4.7428,2.5136,11.4044,-2.0131,0.0187,-0.4085,0,0,0,0.00000,3
0.3711,4.0316,2.7770,12.4162,-2.5394,0.0741,-1.1435,0,0,1,0.89795,3
0.4037,4.0631,2.6233,11.7834,2.5907,0.0530,-0.6807,0,1,0,0.29820,3
0.4610,4.4816,2.4737,11.3408,-0.0877,0.0221,-0.3495,0,0,0,0.00000,1
0.5495,5.2259,2.2724,11.3740,1.1310,0.0382,-0.5052,0,0,0,0.00000,3
0.4355,4.3766,2.5601,11.4301,-1.9004,0.0414,-0.4204,0,0,0,0.00000,3
0.3697,3.9450,2.7580,12.2043,-2.3471,0.1162,-1.0275,0,1,0,1.00721,3
0.4307,4.2133,2.5394,12.0378,-3.0189,0.0316,-0.9273,0,0,1,0.65018,1
0.4222,4.5682,2.6708,11.5642,2.2753,0.1062,-0.5937,0,1,0,0.20991,3
0.5395,5.5594,2.3718,11.5558,0.5362,0.0077,-0.6482,0,0,0,0.00000,3
0.5675,5.8499,2.3106,11.6172,-0.6840,0.0789,-0.8521,0,0,0,0.00000,1
0.5019,5.3977,2.4976,11.4803,1.1722,0.0052,-0.5123,0,0,0,0.00000,1
0.4525,4.3634,2.4819,12.6269,-1.1457,0.0108,-1.5101,0,0,2,1.30647,1
0.3706,3.8573,2.7260,11.4305,2.3706,0.0500,-0.3550,0,0,0,0.00000,3
0.4834,5.2494,2.5478,11.5177,2.8711,0.0175,-0.5365,0,0,0,0.00000,3
0.4345,4.7042,2.6463,12.5861,2.4475,0.1157,-1.5701,0,1,0,0.82536,1
0.5847,5.3633,2.1655,11.4315,0.4013,0.0755,-0.6615,0,0,0,0.00000,3
0.4959,4.5024,2.3360,11.5691,1.8654,0.0008,-0.5798,0,0,0,0.00000,1
0.4136,4.4828,2.6899,11.3907,3.1389,0.0398,-0.3612,0,0,0,0.00000,3
0.5631,5.6114,2.2880,11.5464,1.3278,0.0225,-0.6937,0,0,0,0.00000,3
0.4976,4.9120,2.4165,11.4868,1.1639,0.0225,-0.5315,0,0,0,0.00000,3
0.4753,4.4538,2.4078,11.3124,-1.7926,0.0311,-0.3490,0,0,0,0.00000,1
0.4707,5.1347,2.5794,13.2647,-1.6175,0.0208,-2.2660,0,1,1,1.63673,1
0.5373,5.2008,2.3150,12.0900,-1.3893,0.0113,-1.2213,0,1,0,0.18558,1
0.5656,5.8379,2.3161,11.6257,2.0028,0.0022,-0.7618,0,0,0,0.00000,3
0.4213,4.5875,2.6801,11.4222,1.8559,0.0547,-0.4129,0,0,0,0.00000,1
0.5034,4.8514,2.3804,11.4524,-1.3651,0.0259,-0.5096,0,0,0,0.00000,3
0.4819,4.9438,2.4890,11.2773,-2.6274,0.0268,-0.3198,0,0,0,0.00000,3
0.3828,4.0114,2.7110,11.7282,-2.1903,0.0336,-0.5755,0,1,0,0.46567,1
0.4616,5.0059,2.5921,11.4095,-1.8642,0.0102,-0.3990,0,0,0,0.00000,1
0.4208,4.1728,2.5736,12.1783,2.3400,0.0312,-1.0259,0,0,1,0.66053,1
0.4900,4.8809,2.4413,11.3153,0.6458,0.0168,-0.3517,0,0,0,0.00000,1
0.4298,4.3566,2.5807,12.5654,-1.6191,0.0119,-1.3740,0,1,1,0.84056,1
0.4158,4.2708,2.6234,11.7467,-2.7398,0.0046,-0.6122,0,1,0,0.31172,3
0.4254,4.4898,2.6355,11.4727,2.1109,0.0502,-0.4546,0,1,0,0.17322,3
0.3782,4.0319,2.7401,12.2017,2.0695,0.0429,-0.9482,0,1,0,0.90580,1
0.6067,5.8296,2.1584,11.5308,-0.6428,0.0522,-0.7844,0,0,0,0.00000,3
0.3816,4.1194,2.7487,11.9467,-2.8362,0.1054,-0.8350,0,1,0,0.33446,3
0.4968,4.8200,2.4007,12.2389,2.2337,0.0063,-1.2597,0,0,1,0.78803,1
0.3953,4.3369,2.7413,12.3330,-2.6215,0.1782,-1.2946,0,0,1,0.86791,1
0.6080,6.0010,2.1794,11.5199,0.8506,0.0568,-0.7800,0,0,0,0.00000,3
0.3820,3.9548,2.6977,11.2633,-2.2047,0.0226,-0.2130,0,0,0,0.00000,1
0.3395,3.7438,2.8574,12.9559,-2.6255,0.0529,-1.4227,0,1,1,1.64056,0
0.5444,5.6792,2.3734,11.9824,-1.4143,0.0507,-1.1778,0,0,1,0.29527,3
0.4508,4.2298,2.4564,11.4241,1.4663,0.0228,-0.4112,0,0,0,0.00000,3
0.4514,4.4994,2.5199,11.7122,3.0107,0.0003,-0.6403,0,0,2,0.37039,3
0.4673,4.4779,2.4463,12.2483,-0.9375,0.0280,-1.2152,0,0,2,0.49109,1
0.5052,5.4101,2.4859,13.1692,2.4322,0.0159,-2.3234,0,0,1,1.84340,1
0.4283,4.2131,2.5503,11.3231,1.4923,0.0271,-0.3061,0,0,0,0.00000,3
0.4076,4.2063,2.6444,11.7301,2.1427,0.0283,-0.6136,0,0,1,0.27692,3
0.3827,3.9108,2.6813,12.1820,2.8698,0.0790,-0.9938,0,0,1,0.84105,1
0.4607,4.9922,2.5933,11.5247,1.9343,0.0689,-0.5711,0,0,0,0.00000,3
0.5082,5.3280,2.4569,11.3496,2.6407,0.0728,-0.4717,0,0,0,0.00000,1
0.5345,4.8870,2.2663,11.5439,-1.6488,0.0180,-0.6367,0,0,0,0.00000,1
0.4225,4.1063,2.5482,11.3907,2.7053,0.0475,-0.3792,0,0,0,0.00000,1
0.3739,4.1225,2.7897,11.4785,3.1141,0.1108,-0.4647,0,0,0,0.00000,2
0.4228,4.1373,2.5552,11.8314,-2.3096,0.0299,-0.7279,0,0,1,0.53212,3
0.5618,5.4321,2.2620,11.3370,-1.6723,0.0083,-0.4458,0,0,0,0.00000,1
0.5026,4.6536,2.3421,11.5875,-0.7180,0.0595,-0.6825,0,0,0,0.00000,3
0.4680,5.0457,2.5720,11.4131,2.7540,0.0032,-0.4019,0,0,0,0.00000,3
0.6177,5.7466,2.1065,11.3617,-0.2795,0.1284,-0.6915,0,0,0,0.00000,1
0.4676,4.6797,2.4916,11.3108,1.3133,0.0144,-0.3212,0,0,0,0.00000,3
0.5109,5.0750,2.3956,11.2787,-0.8348,0.0363,-0.3614,0,0,0,0.00000,1
0.3789,3.9789,2.7207,12.4036,2.3760,0.0022,-1.0541,0,0,1,0.65142,1
0.3533,3.8946,2.8299,12.5471,-2.8531,0.0503,-1.1547,0,1,0,1.34484,2
0.5922,5.4847,2.1580,11.6014,-0.2217,0.0257,-0.8074,0,1,0,0.24555,3
0.4787,5.1356,2.5442,11.7104,-3.0583,0.0047,-0.6955,0,0,1,0.23794,3
0.4696,4.4949,2.4409,12.2938,-2.4673,0.0206,-1.2554,0,1,0,0.95335,1
0.4377,4.4679,2.5730,11.4966,-1.6234,0.0440,-0.4835,0,0,0,0.00000,3
0.4502,4.4921,2.5232,12.6150,0.7937,0.0152,-1.4984,0,1,0,1.16305,1
0.4259,4.6818,2.6816,11.3317,-2.1685,0.0494,-0.3372,0,0,0,0.00000,1
0.3990,4.1656,2.6747,12.3148,-2.8572,0.0585,-1.1218,1,1,0,0.79912,1
0.3661,3.9829,2.7888,12.7659,-2.7913,0.0576,-1.3864,0,1,0,1.59263,1
0.6017,5.8255,2.1762,11.4670,1.0412,0.0022,-0.6390,0,0,0,0.00000,1
0.4127,4.2129,2.6223,11.8754,-2.2814,0.0158,-0.7271,0,1,0,0.53286,3
0.4509,4.6193,2.5508,11.5591,-1.5274,0.0456,-0.5590,0,0,0,0.00000,3
0.3671,4.0152,2.7933,12.8649,3.0747,0.0536,-1.4658,0,1,2,1.46619,1
0.4876,5.2119,2.5215,11.4903,-1.9800,0.0567,-0.5630,0,0,0,0.00000,3
0.4861,5.0060,2.4844,11.4058,-2.9208,0.0427,-0.4634,0,0,0,0.00000,1
0.3785,4.1042,2.7603,13.2167,-3.0552,0.0094,-1.7384,1,1,0,1.97038,1
0.3783,4.0083,2.7328,11.3023,-2.8446,0.0087,-0.2227,0,0,0,0.00000,1
0.3849,4.1426,2.7385,12.5425,2.5673,0.1356,-1.3855,0,1,1,0.84820,1
0.4730,4.6768,2.4682,11.2533,-3.0925,0.0019,-0.2603,0,0,0,0.00000,3
0.6028,5.6141,2.1401,12.2970,-1.2496,0.0337,-1.6893,0,1,1,0.63071,1
0.5879,5.8843,2.2374,11.2610,-0.2809,0.0369,-0.4277,0,0,0,0.00000,3
0.5796,5.5657,2.2175,11.3642,-0.4004,0.0113,-0.5014,0,0,0,0.00000,3
0.5462,5.1556,2.2726,12.2603,1.8489,0.0066,-1.4284,0,1,0,0.71642,1
0.4576,4.7039,2.5410,11.4012,-2.8849,0.0168,-0.3936,0,0,0,0.00000,3
0.4785,4.9017,2.4946,11.4274,-1.5381,0.0142,-0.4401,0,0,0,0.00000,3
0.4135,4.3862,2.6648,11.3659,-2.1550,0.0224,-0.3210,0,0,0,0.00000,1
0.3989,4.0744,2.6497,11.9392,2.4350,0.1228,-0.8900,0,1,0,0.77250,1
0.4316,4.4758,2.6029,11.3604,-2.9693,0.0368,-0.3521,0,0,0,0.00000,3
0.4545,4.5267,2.5127,12.0089,-0.2740,0.0091,-0.9278,0,0,1,0.42955,1
0.3532,3.8410,2.8131,12.0999,2.7753,0.1329,-0.9250,0,0,1,0.42971,3
0.5452,5.5483,2.3469,11.2842,-0.6220,0.0274,-0.3942,0,0,0,0.00000,1
0.4644,4.8784,2.5508,12.6503,-2.9762,0.0214,-1.5973,0,0,1,1.28541,1
0.4740,5.2346,2.5862,12.2497,3.0901,0.0841,-1.3184,0,1,0,0.19974,0
0.4683,4.7338,2.5011,12.1502,1.7753,0.0209,-1.1135,0,1,0,0.73781,1
0.4017,4.1558,2.6590,11.8289,3.1130,0.0420,-0.7004,0,0,0,0.00000,3
0.5142,4.9487,2.3572,11.4573,-0.2686,0.0069,-0.5062,0,0,0,0.00000,3
0.4985,4.9032,2.4110,11.4083,-2.3954,0.0001,-0.4300,0,0,0,0.00000,3
0.4729,4.4004,2.4054,12.1783,-1.9685,0.0268,-1.1593,0,0,1,0.78120,1
0.5606,5.5681,2.2902,11.3431,2.0299,0.0196,-0.4651,0,0,0,0.00000,1
0.4189,4.2045,2.5907,11.5183,-3.1233,0.0674,-0.5040,0,1,0,0.14625,1
0.3927,4.0345,2.6683,11.9452,2.4736,0.0409,-0.7747,0,0,1,0.59125,3
0.4971,5.0749,2.4526,12.0009,3.0221,0.0131,-1.0291,0,0,1,0.46505,1
0.3951,4.2032,2.7047,12.1885,-2.8406,0.0164,-0.9464,0,1,0,0.74648,3
0.3639,3.8153,2.7478,11.5597,-2.8604,0.0482,-0.4383,0,1,0,0.31844,3
0.3752,3.9469,2.7302,12.2462,-2.1952,0.0415,-0.9733,0,1,0,0.49793,3
0.4003,4.2846,2.7015,11.3462,2.8655,0.0703,-0.3465,0,0,0,0.00000,3
0.5525,5.4259,2.2968,12.1514,-1.7873,0.0152,-1.3382,0,1,0,0.80181,1
0.5128,4.6420,2.3000,11.7588,-1.2291,0.0219,-0.8250,0,0,1,0.32782,1
0.3924,4.3220,2.7518,11.8379,-2.2133,0.0457,-0.6946,0,1,0,0.19083,0
0.4096,4.2068,2.6351,12.3579,2.0393,0.0291,-1.1484,0,0,2,0.93396,1
0.4945,5.3354,2.5168,11.5117,1.8097,0.0706,-0.6108,0,0,0,0.00000,3
0.5656,5.2432,2.2153,11.2960,0.4543,0.0420,-0.4451,0,0,0,0.00000,3
0.4965,5.4723,2.5358,11.5023,2.5192,0.0571,-0.5885,0,0,0,0.00000,2
0.3583,3.9571,2.8225,11.8439,2.9739,0.2151,-0.8438,0,0,2,0.71794,0
0.3946,4.3553,2.7502,11.3455,2.6795,0.0327,-0.2976,0,0,0,0.00000,0
0.4622,4.4207,2.4546,11.3620,-0.4718,0.0240,-0.3715,0,0,0,0.00000,1
0.3470,3.7433,2.8148,12.0315,2.4032,0.0507,-0.7520,0,0,1,0.55584,1
0.4535,4.6138,2.5379,11.2509,1.3664,0.0008,-0.2395,0,0,0,0.00000,3
0.4752,4.7384,2.4726,11.3378,1.4853,0.0280,-0.3694,0,0,0,0.00000,3
0.4651,4.3435,2.4240,11.4823,-2.9561,0.0089,-0.4645,0,0,0,0.00000,1
0.4603,4.8733,2.5680,11.3271,-2.7018,0.0293,-0.3459,0,0,0,0.00000,3
0.3347,3.6492,2.8523,11.9060,-3.0354,0.0845,-0.6793,0,1,0,0.44206,3
0.3887,4.1468,2.7204,11.9104,-2.9698,0.0036,-0.6912,0,1,0,0.35273,1
0.4648,4.5186,2.4663,11.8833,-2.4736,0.0083,-0.8327,0,1,0,0.32011,3
0.3663,3.8279,2.7392,12.7810,2.3072,0.0263,-1.3500,1,1,0,1.29817,1
0.3660,3.8517,2.7481,11.3986,3.1312,0.0162,-0.2884,0,0,0,0.00000,1
0.3694,3.8886,2.7418,11.7631,2.6040,0.0518,-0.6012,0,1,0,0.30354,3
0.4358,4.3521,2.5523,12.8060,2.6407,0.0111,-1.6204,0,0,1,1.15381,1
0.5690,5.6848,2.2775,11.8455,0.5259,0.0673,-1.1012,0,0,1,0.47584,1
0.4566,4.8845,2.5871,11.4694,2.0128,0.0369,-0.4772,0,0,0,0.00000,3
0.5063,5.3649,2.4721,11.3957,2.2902,0.0022,-0.4319,0,0,0,0.00000,3
0.4983,4.7001,2.3689,11.5369,1.4541,0.0385,-0.5999,0,0,0,0.00000,3
0.4055,4.2666,2.6714,11.5408,-2.7965,0.1335,-0.5826,0,0,0,0.00000,1
0.4379,4.7683,2.6460,11.3821,-1.5760,0.0228,-0.3619,0,0,0,0.00000,1
0.4960,4.9461,2.4304,11.4199,-0.6295,0.0380,-0.4833,0,0,0,0.00000,1
0.3905,4.1863,2.7228,11.6279,3.0654,0.1360,-0.6339,0,0,0,0.00000,1
0.4075,4.0660,2.6060,11.9714,2.7899,0.0534,-0.8453,0,0,1,0.51857,1
0.5108,4.6880,2.3175,11.3619,-1.4458,0.0628,-0.4733,0,0,0,0.00000,1
0.4754,4.6855,2.4597,11.6048,-2.1104,0.0377,-0.6291,0,0,0,0.00000,1
0.3786,4.0349,2.7394,13.1308,2.7025,0.0647,-1.7638,0,0,2,1.24689,1
0.3274,3.6016,2.8775,12.2735,-2.9187,0.0755,-0.9084,0,1,0,0.64379,3
0.5451,5.2006,2.2847,12.1789,1.0123,0.0186,-1.3519,0,1,0,0.61464,1
0.4387,4.2247,2.5073,11.3825,-2.7196,0.0166,-0.3544,0,0,0,0.00000,1
0.3529,3.8372,2.8134,11.5539,2.8497,0.1383,-0.5251,0,0,0,0.00000,3
0.5397,5.1754,2.3010,11.7067,-0.5598,0.0717,-0.8889,0,0,0,0.00000,1
0.4709,4.5579,2.4500,11.4013,-0.9671,0.0186,-0.4108,0,0,0,0.00000,3
0.3791,4.0031,2.7269,12.7431,-2.3989,0.0145,-1.3495,0,0,1,1.35500,1
0.4918,5.2831,2.5179,11.4372,-2.4184,0.0150,-0.4685,0,0,0,0.00000,3
0.6576,6.1841,2.0250,12.0162,0.1415,0.0067,-1.4461,0,1,0,0.23502,1
0.4781,5.2640,2.5741,13.3400,-2.4557,0.0228,-2.3908,1,1,1,1.96411,0
0.4092,4.1199,2.6133,12.2875,-1.6469,0.0105,-1.0591,0,1,0,1.00643,1
0.4480,4.6557,2.5724,11.3922,2.9074,0.0460,-0.4085,0,0,0,0.00000,3
0.4156,4.1759,2.5984,11.2777,2.7078,0.0663,-0.3019,0,0,0,0.00000,1
0.4068,4.3306,2.6823,13.1856,-2.1243,0.0015,-1.8326,0,1,1,2.07354,1
0.4205,4.2453,2.5944,11.5875,-1.3008,0.0160,-0.5020,0,0,1,0.28458,1
0.4572,4.2717,2.4395,11.4044,1.6575,0.0606,-0.4465,0,0,0,0.00000,3
0.5257,5.0296,2.3277,11.3517,-0.3185,0.0733,-0.4942,0,0,0,0.00000,1
0.3795,4.1905,2.7805,12.4844,-2.7635,0.0329,-1.1664,0,1,0,1.40044,2
0.4660,4.8622,2.5401,12.7173,-1.8991,0.0019,-1.6393,0,1,0,1.30567,1
0.4952,4.5272,2.3443,11.9311,0.5933,0.0605,-1.0153,0,1,0,0.48476,1
0.4486,4.6308,2.5638,12.6107,2.4957,0.0513,-1.5461,0,1,0,1.19618,1
0.4317,4.6773,2.6530,12.2805,-2.3698,0.0045,-1.1117,0,1,0,0.93196,1
0.5112,5.1016,2.3998,11.8113,-0.7347,0.0163,-0.8712,0,0,1,0.21477,3
0.4840,4.5621,2.3967,11.4834,1.2294,0.0037,-0.4854,0,0,0,0.00000,3
0.4683,4.5147,2.4506,12.1921,2.2547,0.0359,-1.1745,0,1,0,0.21781,1
0.4765,5.1773,2.5627,11.8004,-2.6265,0.0080,-0.7815,0,0,1,0.26034,3
0.5690,5.5016,2.2468,11.7352,-0.0073,0.0262,-0.9193,0,0,1,0.24388,3
0.4001,4.2218,2.6850,11.5285,2.5044,0.1098,-0.5369,0,0,0,0.00000,3
0.4810,4.4473,2.3832,12.2879,-0.8504,0.0584,-1.3394,0,1,1,1.04166,1
0.4393,4.1868,2.4947,12.4772,2.1287,0.0026,-1.3083,1,0,2,2.08997,1
0.4351,4.4289,2.5750,11.4065,2.8148,0.0242,-0.3801,0,0,0,0.00000,3
0.4731,5.1714,2.5769,11.3641,2.9861,0.0238,-0.3876,0,0,0,0.00000,3
0.3391,3.7056,2.8467,12.5215,2.5472,0.1228,-1.1935,0,1,1,1.32526,1
0.5354,4.9781,2.2805,12.0176,-0.8020,0.0588,-1.2021,0,0,1,0.48493,1
0.4439,4.5757,2.5716,11.2999,2.7393,0.0306,-0.3066,0,0,0,0.00000,3
0.3843,4.2365,2.7691,11.8834,-2.2398,0.0887,-0.7686,0,0,1,0.40148,2
0.4428,4.3171,2.5125,12.2482,3.0674,0.0232,-1.1380,0,1,0,0.97497,1
0.4969,4.9072,2.4183,11.7666,-0.8317,0.0053,-0.7829,0,1,0,0.30197,3
0.5177,4.6908,2.2915,11.8599,1.0060,0.0304,-0.9508,0,0,1,0.29693,1
0.4734,4.7580,2.4846,11.5572,1.0245,0.0550,-0.6027,0,0,0,0.00000,1
0.4001,4.1810,2.6740,12.6849,-2.5004,0.0966,-1.5082,0,1,0,1.45484,1
0.4693,4.4511,2.4319,11.4965,0.1410,0.0128,-0.4882,0,0,0,0.00000,3
0.3717,3.8793,2.7273,12.8683,3.0207,0.0851,-1.5407,0,1,2,1.10295,1
0.3799,4.0275,2.7302,11.9760,2.5453,0.1085,-0.8592,0,1,0,0.66246,3
0.4254,4.1382,2.5438,11.7104,2.5426,0.0052,-0.5986,0,1,0,0.47063,3
0.5160,4.8889,2.3381,11.4496,1.5298,0.0553,-0.5593,0,0,0,0.00000,1
0.4884,4.8006,2.4308,12.3126,-0.8186,0.0262,-1.3404,0,1,0,0.30393,1
0.5289,5.5815,2.4193,11.3928,0.1824,0.0113,-0.4684,0,0,0,0.00000,1
0.4470,4.4893,2.5364,12.4685,2.4237,0.0027,-1.3278,0,1,1,1.01679,1
0.4539,4.5313,2.5162,12.1656,-0.9059,0.0271,-1.0978,0,1,0,0.52078,1
0.5132,4.7922,2.3294,11.3776,0.0185,0.0164,-0.4367,0,0,0,0.00000,3
0.4431,4.3775,2.5264,11.5060,-2.8700,0.0423,-0.4967,0,0,0,0.00000,1
0.4348,4.7595,2.6584,12.6039,-2.0813,0.0055,-1.4201,0,1,0,0.93658,1
0.4790,4.5485,2.4139,11.8119,-1.3464,0.0425,-0.8387,0,0,1,0.54951,3
0.4491,4.7252,2.5839,12.8255,-2.8607,0.0410,-1.7449,0,1,0,1.26670,1
0.4344,4.3517,2.5585,11.7178,-2.6646,0.0412,-0.6663,0,1,0,0.26977,1
0.4654,4.5526,2.4718,12.0154,-1.3792,0.0122,-0.9638,0,1,0,0.56457,1
0.4784,4.7569,2.4632,11.4237,-1.9671,0.0173,-0.4397,0,0,0,0.00000,3
0.4206,4.6150,2.6903,12.6177,-3.0032,0.1009,-1.5269,0,0,1,0.20551,1
0.3792,4.1319,2.7652,12.4650,2.4124,0.0710,-1.2044,0,0,1,0.99794,3
0.4814,4.5399,2.4023,11.3576,-1.5739,0.0169,-0.3807,0,0,0,0.00000,3
0.4737,4.4019,2.4024,11.4369,2.9253,0.0032,-0.4277,0,0,0,0.00000,1
0.4826,5.2706,2.5555,11.5665,-2.9205,0.0787,-0.6556,0,0,0,0.00000,1
0.3698,4.0231,2.7817,12.2622,2.7871,0.0909,-1.0390,0,1,1,0.85815,3
0.4296,4.5759,2.6373,11.4148,-2.4957,0.0397,-0.3992,0,0,0,0.00000,3
0.4965,5.4291,2.5271,11.5333,-2.5567,0.0757,-0.6413,0,0,0,0.00000,1
0.4396,4.1912,2.4946,11.4218,0.8469,0.0398,-0.4160,0,0,0,0.00000,1
0.4071,4.4711,2.7189,12.3898,2.1362,0.0141,-1.1477,0,1,0,1.23270,1
0.3837,4.0585,2.7202,11.5788,3.1068,0.1336,-0.5820,0,0,0,0.00000,1
0.5336,5.5378,2.3917,12.0472,1.1121,0.0586,-1.2332,0,0,1,0.25226,1
0.5069,4.9176,2.3799,11.8750,2.9020,0.0030,-0.9086,0,0,1,0.34021,1
0.3604,3.8295,2.7706,11.5663,2.4163,0.1198,-0.5228,0,0,0,0.00000,3
0.5316,4.8125,2.2629,11.6800,-0.8621,0.0519,-0.8179,0,0,0,0.00000,1
0.4746,4.7896,2.4864,11.5056,1.2527,0.0213,-0.5156,0,0,0,0.00000,3
0.4313,4.4755,2.6040,11.3729,-2.1239,0.0134,-0.3353,0,0,0,0.00000,3
0.5075,4.6042,2.3126,11.5769,0.8046,0.0329,-0.6461,0,0,0,0.00000,3
0.3480,3.7153,2.8004,11.4920,-2.8411,0.0889,-0.4173,0,0,0,0.00000,2
0.4766,4.4139,2.3934,11.3741,0.1440,0.0451,-0.4235,0,0,0,0.00000,1
0.4656,4.9980,2.5725,11.3477,2.1284,0.0376,-0.3798,0,0,0,0.00000,3
0.5210,5.0520,2.3505,11.3861,0.1155,0.0335,-0.4761,0,0,0,0.00000,1
0.4977,5.2233,2.4804,11.8350,1.1585,0.0265,-0.8817,0,1,0,0.39017,1
0.3653,4.0091,2.8009,12.5831,-2.8707,0.0544,-1.2302,0,0,3,1.06384,1
0.4599,4.3211,2.4404,11.9271,-1.5847,0.0062,-0.8588,0,1,0,0.59180,1
0.4946,4.7683,2.3985,11.4193,-0.9227,0.0268,-0.4670,0,0,0,0.00000,3
0.4337,4.3467,2.5604,11.3118,-2.7190,0.0102,-0.2830,0,0,0,0.00000,3
0.4508,4.7943,2.5925,12.9774,1.6956,0.0170,-1.8638,0,0,1,1.63715,1
0.4862,4.4319,2.3587,11.5462,-0.5207,0.0204,-0.5675,0,0,0,0.00000,3
0.4629,5.0976,2.6065,12.0594,2.9734,0.1053,-1.1274,0,0,1,0.58686,0
0.4016,4.2574,2.6878,11.3604,2.9438,0.0118,-0.2920,0,0,0,0.00000,1
0.3646,3.8580,2.7578,11.4032,-3.0238,0.0902,-0.3747,0,0,0,0.00000,3
0.4048,4.2861,2.6802,11.3469,-3.1124,0.0030,-0.2748,0,0,0,0.00000,1
0.4031,4.3873,2.7159,11.8743,-2.6057,0.0724,-0.7794,1,1,1,0.84338,3
0.5494,5.0895,2.2482,11.7958,-0.7387,0.0079,-0.9206,0,0,1,0.49567,1
0.5455,5.0431,2.2544,11.9573,0.5784,0.0332,-1.1241,0,0,1,0.40769,1
0.5382,5.4985,2.3662,11.3946,1.6854,0.0242,-0.4970,0,0,0,0.00000,3
0.4472,4.5417,2.5486,12.3852,-2.9455,0.0421,-1.3087,0,1,0,1.14820,1
0.4050,4.1291,2.6355,11.3361,-1.6946,0.0039,-0.2673,0,0,0,0.00000,1
0.3683,4.0211,2.7887,12.1767,-3.0565,0.0505,-0.9127,0,1,0,0.35116,3
0.3759,3.9455,2.7258,11.4179,2.2425,0.0331,-0.3323,0,0,0,0.00000,1
0.4349,4.3451,2.5546,12.2122,1.0769,0.0467,-1.1166,0,0,1,0.80731,1
0.4517,4.3308,2.4772,11.3887,-2.6203,0.0090,-0.3656,0,0,0,0.00000,3
0.5208,5.3513,2.4093,11.4447,-1.0302,0.0862,-0.5996,0,0,0,0.00000,1
0.5267,4.9400,2.3063,11.4695,0.0241,0.0241,-0.5564,0,0,0,0.00000,3
0.4852,5.0768,2.5035,11.3745,-1.9965,0.0589,-0.4518,0,0,0,0.00000,3
0.3742,4.0667,2.7716,11.7352,-3.0196,0.0947,-0.6409,0,1,0,0.33066,3
0.4122,4.2837,2.6437,11.4152,1.3804,0.0111,-0.3457,0,0,0,0.00000,1
0.4938,4.4673,2.3365,12.3866,0.3872,0.0396,-1.4525,0,1,1,0.79798,1
0.4743,4.5559,2.4353,11.4802,-2.6654,0.0110,-0.4783,0,0,0,0.00000,1
0.6292,5.9952,2.1008,11.6092,0.1511,0.0541,-0.9219,0,0,0,0.00000,3
0.4542,4.9607,2.6155,11.5672,1.7195,0.0388,-0.5640,0,0,0,0.00000,1
0.4690,4.4942,2.4430,11.3954,-0.9465,0.0487,-0.4387,0,0,0,0.00000,1
0.5214,5.1351,2.3651,11.8636,1.0277,0.0438,-0.9834,0,1,0,0.51335,3
0.4674,4.5616,2.4655,11.3182,-1.7571,0.0326,-0.3482,0,0,0,0.00000,3
0.3817,4.2150,2.7763,13.2281,3.0029,0.0728,-1.8788,0,1,0,1.95087,0
0.4130,4.3505,2.6579,12.9375,-2.8235,0.0052,-1.6402,0,1,1,1.63414,1
0.4208,4.5311,2.6680,12.0318,2.6848,0.0415,-0.9126,0,1,0,0.47410,3
0.4915,5.0207,2.4648,11.4769,-2.8665,0.0110,-0.5003,0,0,0,0.00000,3
0.4488,4.3868,2.5034,12.2832,1.5332,0.0075,-1.1653,0,0,1,0.69399,1
0.4293,4.2181,2.5470,11.4223,-1.0934,0.0087,-0.3678,0,0,0,0.00000,1
0.5438,4.9745,2.2479,11.4157,-1.2564,0.0083,-0.5045,0,0,0,0.00000,1
0.4330,4.4458,2.5889,11.4019,-3.1174,0.0271,-0.3773,0,0,0,0.00000,3
0.4550,4.6885,2.5488,11.3973,2.7298,0.0381,-0.4120,0,0,0,0.00000,3
0.4663,4.4569,2.4457,11.8029,1.8462,0.0448,-0.8076,0,0,1,0.38583,1
0.6639,6.3401,2.0224,11.8046,-0.4107,0.0918,-1.2987,0,1,0,0.22960,3
0.5909,5.5690,2.1761,11.5001,-0.3207,0.0189,-0.6800,0,0,0,0.00000,3
0.5760,5.8460,2.2766,11.4392,1.9327,0.0522,-0.6315,0,0,0,0.00000,1
0.3907,4.0551,2.6840,12.5225,-2.1342,0.0033,-1.1903,0,1,0,1.33911,1
0.4511,4.7372,2.5778,12.0512,-2.7680,0.0057,-0.9557,0,1,0,0.56846,3
0.4616,4.5073,2.4772,11.4593,1.0040,0.0073,-0.4383,0,0,0,0.00000,3
0.4599,4.4694,2.4757,11.8934,-2.6549,0.0347,-0.8663,0,0,1,0.23701,1
0.4121,4.1835,2.6168,11.5667,-2.3455,0.0292,-0.4886,0,1,0,0.19817,3
0.3744,4.0701,2.7716,11.4448,3.1362,0.1015,-0.4293,0,0,0,0.00000,3
0.3631,3.8435,2.7607,12.3533,-2.7750,0.1067,-1.1154,0,1,0,1.14802,1
0.5705,5.6356,2.2633,11.6149,-0.4375,0.0608,-0.8311,0,0,0,0.00000,1
0.4512,4.3821,2.4920,11.7083,1.0794,0.0622,-0.7140,0,0,1,0.17292,1
0.3443,3.7653,2.8372,11.5305,2.9600,0.1861,-0.5527,0,0,0,0.00000,3
0.4714,4.8931,2.5234,11.3241,-2.1324,0.0346,-0.3610,0,0,0,0.00000,3
0.5311,5.3793,2.3726,11.4362,-2.4475,0.0271,-0.5338,0,0,0,0.00000,1
0.5080,4.9933,2.3910,11.3649,0.1896,0.0144,-0.4167,0,0,0,0.00000,3
0.6174,5.8557,2.1234,11.3414,-0.0958,0.0244,-0.5404,0,0,0,0.00000,3
0.4953,4.9110,2.4260,11.5134,-3.0554,0.0093,-0.5379,0,0,0,0.00000,1
0.3421,3.6969,2.8269,12.2255,2.2365,0.0326,-0.8559,0,1,0,0.21186,1
0.4616,4.7768,2.5403,11.4031,2.9270,0.0024,-0.3834,0,0,0,0.00000,3
0.4884,4.8074,2.4323,11.6614,2.7949,0.0231,-0.6867,0,0,1,0.40491,1
0.3497,3.7593,2.8054,12.5819,-2.7569,0.0699,-1.1987,0,1,0,1.19681,1
0.3892,4.2155,2.7377,11.5430,-3.0912,0.1592,-0.5917,0,0,0,0.00000,1
0.4472,4.5759,2.5567,12.2549,2.4019,0.0619,-1.2134,0,0,1,0.76256,1
0.4414,4.8655,2.6526,13.1425,2.7422,0.0813,-2.1022,0,1,0,1.79003,0
0.5218,5.1725,2.3709,12.1461,0.6569,0.0502,-1.2967,0,1,0,0.64365,1
0.3712,4.0146,2.7712,11.9205,-2.8876,0.0532,-0.7256,0,1,0,0.54927,3
0.4529,4.8749,2.6016,12.5213,-2.8027,0.0072,-1.4078,0,0,2,0.65905,1
0.3758,4.0794,2.7670,12.9481,-3.0288,0.0484,-1.5636,0,1,1,1.82864,1
0.4314,4.1873,2.5297,11.4974,-1.3208,0.0165,-0.4423,0,0,0,0.00000,3
0.4181,4.3961,2.6456,13.0126,-2.4070,0.0132,-1.7455,0,0,1,1.48101,1
0.4409,4.4653,2.5579,11.3693,-1.1264,0.0115,-0.3404,0,0,0,0.00000,1
0.5134,4.7503,2.3202,11.6413,0.2668,0.0628,-0.7591,0,0,0,0.00000,1
0.5103,4.8870,2.3601,11.6419,0.4761,0.0242,-0.7063,0,0,0,0.00000,3
0.4077,4.2333,2.6516,11.4997,1.7125,0.0005,-0.3950,0,0,0,0.00000,1
0.4756,4.4649,2.4092,12.1353,0.0299,0.0190,-1.1135,0,0,2,0.65359,1
0.4371,4.7055,2.6343,12.8563,-2.0396,0.0061,-1.6682,0,1,1,1.54194,1
0.3936,4.1809,2.7057,11.3232,2.3828,0.0321,-0.2787,0,0,0,0.00000,3
0.3931,3.9667,2.6466,12.2206,-2.6595,0.0153,-0.9649,0,1,0,0.78147,1
0.4716,5.1657,2.5825,11.4197,2.6363,0.1033,-0.5297,0,0,0,0.00000,1
0.4139,4.1533,2.6001,11.4166,-1.2707,0.0065,-0.3430,0,0,0,0.00000,1
0.4288,4.2191,2.5495,11.3796,-2.4972,0.0024,-0.3247,0,0,0,0.00000,3
0.4146,4.3599,2.6527,12.1173,-2.7978,0.0487,-0.9811,0,0,1,0.94021,3
0.4524,4.4929,2.5139,12.1275,-2.6046,0.0068,-1.0294,0,0,1,0.60089,1
0.6032,5.7872,2.1652,11.3497,-0.0035,0.0039,-0.5069,0,0,0,0.00000,1
0.4589,4.5678,2.5035,12.2726,1.9641,0.0072,-1.1848,0,0,2,1.01553,1
0.4486,4.9518,2.6395,12.1638,-1.7417,0.0068,-1.0564,0,1,0,0.81559,0
0.5637,5.6552,2.2931,11.4962,2.5833,0.0166,-0.6325,0,0,0,0.00000,1
0.4110,4.2130,2.6301,11.9206,-2.2670,0.0347,-0.7860,0,0,1,0.52622,3
0.3826,4.0050,2.7097,13.1617,-3.0350,0.0630,-1.8086,1,1,1,1.91383,1
0.4754,5.0645,2.5433,12.0909,2.7668,0.0799,-1.1566,0,1,0,0.27280,1
0.3986,4.0354,2.6399,11.6812,-1.7791,0.0133,-0.5402,0,1,0,0.39441,1
0.5626,5.4316,2.2591,11.4685,-1.2292,0.0259,-0.6107,0,0,0,0.00000,3
0.5752,5.6591,2.2493,12.0291,1.1185,0.0112,-1.2530,0,0,1,0.50996,1
0.5031,4.8813,2.3880,11.3289,-1.8378,0.0437,-0.4101,0,0,0,0.00000,1
0.4264,4.2265,2.5626,11.4542,-2.1098,0.0515,-0.4414,0,0,0,0.00000,3
0.4443,4.2761,2.4956,11.3167,-1.0752,0.0092,-0.2959,0,0,0,0.00000,3
0.4088,4.2310,2.6456,11.3336,2.5854,0.0294,-0.2983,0,0,0,0.00000,3
0.5015,4.7015,2.3567,11.4367,1.4610,0.0144,-0.4773,0,0,0,0.00000,3
0.3807,3.9088,2.6905,12.5267,2.8368,0.0425,-1.2191,0,0,2,1.27453,1
0.4649,4.8711,2.5467,11.3892,-1.4136,0.0562,-0.4379,0,0,0,0.00000,1
0.4268,4.4194,2.6106,12.0141,2.1549,0.0598,-0.9355,0,1,0,0.62870,3
0.4114,4.2466,2.6376,12.0504,2.5104,0.0490,-0.9156,0,1,0,0.59066,3
0.4963,4.9938,2.4391,11.3261,2.6641,0.0336,-0.3885,0,0,0,0.00000,1
0.6214,6.1626,2.1529,11.3907,1.5868,0.0236,-0.6053,0,0,0,0.00000,1
0.4176,4.5481,2.6874,11.9826,-3.1382,0.0760,-0.9078,0,0,1,0.35551,3
0.4053,4.4410,2.7196,11.4929,-2.5888,0.0297,-0.4213,0,1,0,0.21940,1
0.4444,4.4573,2.5404,12.6307,-1.7449,0.0299,-1.5161,0,1,0,1.28949,1
0.3759,4.0690,2.7632,11.6787,2.6443,0.0459,-0.5416,0,0,1,0.38263,3
0.4085,4.2830,2.6613,11.7683,-2.2037,0.0336,-0.6531,0,0,1,0.23589,3
0.4838,5.0810,2.5104,11.3353,-2.2625,0.0011,-0.3461,0,0,0,0.00000,3
0.5783,5.8051,2.2614,12.2890,-0.5184,0.0383,-1.6128,0,1,0,1.09821,1
0.4476,4.7955,2.6075,12.7894,-2.3730,0.0239,-1.6751,0,1,0,1.38408,1
0.5083,4.8963,2.3700,12.2137,1.4506,0.0189,-1.2850,0,0,1,0.63234,1
0.4335,4.2789,2.5442,12.2550,-2.0809,0.0245,-1.1197,1,1,0,0.61798,1
0.5627,5.5377,2.2768,12.4786,2.0746,0.0012,-1.7304,0,1,1,0.83456,1
0.4237,4.3116,2.5969,11.4113,-1.5290,0.0301,-0.3778,0,0,0,0.00000,1
0.3355,3.6707,2.8552,12.5882,-2.8616,0.1022,-1.2020,0,1,0,1.31771,1
0.3588,3.8010,2.7703,11.4058,2.6407,0.1174,-0.4014,0,0,0,0.00000,3
0.4931,4.7442,2.3996,11.5402,-0.7312,0.0766,-0.6423,0,0,0,0.00000,1
0.4312,4.4800,2.6059,12.4062,2.6962,0.0588,-1.3025,0,1,0,1.03830,1
0.4900,4.9642,2.4590,11.4405,-1.2572,0.0009,-0.4513,0,0,0,0.00000,3
0.4166,4.1135,2.5771,11.8501,2.7218,0.0536,-0.7620,0,1,0,0.39625,1
0.4605,4.3725,2.4500,11.4432,-1.9634,0.0019,-0.4156,0,0,0,0.00000,3
0.4955,4.7939,2.4005,12.0466,-0.9371,0.0148,-1.0717,0,0,1,0.81158,1
0.4453,4.2058,2.4737,11.5324,2.8279,0.0187,-0.4936,0,0,0,0.00000,1
0.3684,4.0595,2.7998,12.9932,-2.6641,0.0311,-1.5407,0,0,1,1.79695,0
0.4672,5.0155,2.5690,11.6477,1.3215,0.0006,-0.6116,0,1,0,0.25480,1
0.4482,4.5634,2.5491,11.4610,-2.5809,0.0350,-0.4559,0,0,0,0.00000,3
0.5072,5.1129,2.4182,11.5321,1.4528,0.0233,-0.5915,0,0,0,0.00000,3
0.4259,4.3710,2.6024,11.3123,-2.0179,0.0053,-0.2704,0,0,0,0.00000,1
0.5181,5.5353,2.4555,12.0525,1.9418,0.0294,-1.1593,0,1,0,0.47172,3
0.4934,4.5656,2.3597,12.0404,0.5111,0.0663,-1.1312,0,0,1,0.67197,1
0.4627,4.3507,2.4359,11.3680,-0.4788,0.0469,-0.4041,0,0,0,0.00000,1
0.4903,4.4563,2.3480,11.2753,1.5444,0.0095,-0.3045,0,0,0,0.00000,1
0.5419,5.0810,2.2748,11.4488,0.5434,0.0081,-0.5371,0,0,0,0.00000,3
0.3721,3.8589,2.7190,12.9058,-2.6023,0.0580,-1.5290,1,1,0,1.18731,1
0.3807,3.8944,2.6863,11.8167,3.1329,0.0024,-0.6004,0,1,0,0.40670,1
0.4801,4.4568,2.3888,11.3358,0.7134,0.0115,-0.3526,0,0,0,0.00000,3
0.5740,5.9183,2.2963,12.3368,0.8905,0.0207,-1.6319,0,1,0,0.65107,1
0.3525,3.8033,2.8050,12.4372,-2.9707,0.0262,-1.0330,0,0,1,0.88934,1
0.5184,5.0249,2.3557,11.2607,-0.4933,0.0022,-0.3114,0,0,0,0.00000,3
0.4880,4.8128,2.4351,12.3691,-2.4647,0.0070,-1.3686,0,0,1,0.80647,1
0.3827,3.9550,2.6942,12.5237,1.5968,0.0094,-1.1736,0,0,1,1.16616,1
0.6198,5.6809,2.0894,11.5930,0.0677,0.1287,-0.9799,0,0,0,0.00000,1
0.4681,4.3585,2.4153,11.3297,2.0689,0.0076,-0.3295,0,0,0,0.00000,1
0.4270,4.1338,2.5355,11.2065,2.7669,0.0519,-0.2373,0,0,0,0.00000,1
0.4891,4.5295,2.3689,11.4827,-0.8091,0.0044,-0.4922,0,0,1,0.16079,3
0.5309,5.4149,2.3801,11.3625,0.9533,0.0412,-0.4747,0,0,0,0.00000,1
0.5395,4.9578,2.2611,11.6202,0.0451,0.0573,-0.7756,0,0,0,0.00000,1
0.4228,4.6685,2.6933,11.3265,2.1712,0.0076,-0.2823,0,0,0,0.00000,0
0.3883,4.2613,2.7557,12.9425,2.8946,0.0772,-1.6597,0,0,2,1.51740,1
0.4875,5.0349,2.4848,11.8090,2.1853,0.0310,-0.8401,0,0,1,0.56022,3
0.4867,4.5160,2.3754,11.3948,-2.0160,0.0149,-0.4191,0,0,0,0.00000,1
0.5067,4.5839,2.3113,11.4741,1.0181,0.0446,-0.5571,0,0,0,0.00000,3
0.4697,4.5422,2.4514,12.6576,1.6097,0.0153,-1.6117,0,0,1,1.38429,1
0.5490,5.5966,2.3404,11.7135,2.3248,0.0230,-0.8534,0,0,0,0.00000,1
0.3804,3.9067,2.6914,11.8679,-3.1305,0.1060,-0.7708,0,1,0,0.27484,1
0.4603,5.0485,2.6078,12.1547,2.9187,0.0252,-1.1043,0,0,1,0.60385,3
0.4781,4.5380,2.4154,11.3342,1.0749,0.0212,-0.3606,0,0,0,0.00000,3
0.4525,4.5607,2.5294,12.4392,1.7418,0.0013,-1.3160,0,0,1,1.10439,1
0.4256,4.6634,2.6787,12.3378,-1.6440,0.0529,-1.2138,0,0,1,1.04157,1
0.4783,5.1225,2.5433,11.8189,-2.8486,0.0048,-0.7982,0,1,0,0.34290,3
0.4994,5.4493,2.5183,12.5944,2.2835,0.0379,-1.6964,0,1,0,1.16174,1
0.4902,5.2103,2.5097,11.4157,-2.7974,0.0713,-0.5122,0,0,0,0.00000,1
0.4647,4.4275,2.4454,11.4391,-0.3875,0.0141,-0.4318,0,0,0,0.00000,1
0.4055,4.1862,2.6492,12.1849,2.1033,0.0743,-1.0506,0,1,0,0.83821,3
0.5326,5.1011,2.3144,11.5389,-0.4723,0.0018,-0.6099,0,0,0,0.00000,3
0.5003,5.4557,2.5159,13.2325,-1.4340,0.0025,-2.3467,1,1,0,2.01967,1
0.4865,4.7281,2.4231,11.5415,0.8756,0.0036,-0.5443,0,0,0,0.00000,3
0.3912,3.9902,2.6629,12.6833,-1.4222,0.0006,-1.3218,0,1,0,0.42395,1
0.5181,5.1801,2.3873,11.5177,1.0084,0.0552,-0.6324,0,0,0,0.00000,1
0.4174,4.1056,2.5711,11.5683,-2.1599,0.0104,-0.4745,0,0,1,0.15363,3
0.4643,4.8102,2.5358,11.2951,-2.7602,0.0009,-0.2888,0,0,0,0.00000,3
0.3594,3.8143,2.7713,12.8208,-2.2068,0.0197,-1.3443,0,1,1,1.66805,1
0.4510,4.4010,2.4974,11.3981,-2.2694,0.0463,-0.4171,0,0,0,0.00000,1
0.4162,4.5601,2.6977,12.0873,2.9592,0.1018,-1.0300,0,0,1,0.49960,1
0.5134,4.7697,2.3240,11.3318,1.2442,0.0014,-0.3741,0,0,0,0.00000,1
0.4860,4.8126,2.4433,11.5264,2.5818,0.0382,-0.5718,0,0,0,0.00000,1
0.4864,4.9548,2.4724,11.5611,-2.1702,0.0487,-0.6189,0,0,0,0.00000,1
0.3983,4.0381,2.6422,12.5593,-0.9347,0.0014,-1.2432,0,0,1,1.29283,1
0.4415,4.7915,2.6347,12.0027,2.7890,0.0569,-0.9567,0,0,1,0.61696,3
0.4711,4.8800,2.5217,12.0217,2.8075,0.0224,-0.9991,0,1,0,0.73293,3
0.3813,4.1392,2.7561,11.7816,-2.7906,0.0220,-0.6000,0,1,0,0.47785,1
0.4360,4.4529,2.5768,12.8283,2.8598,0.0357,-1.6849,0,1,1,1.52996,1
0.4712,4.5963,2.4575,11.3982,1.2680,0.0457,-0.4405,0,0,0,0.00000,3
0.4560,4.5812,2.5191,12.8113,-1.1379,0.0067,-1.7000,0,0,0,0.00000,1
0.4549,4.6372,2.5370,12.7525,-1.3518,0.0363,-1.6870,0,1,1,1.38923,1
0.3740,4.1298,2.7915,13.3856,3.1101,0.0224,-1.8863,0,0,3,0.94366,0
0.4981,5.1671,2.4670,11.9547,2.3459,0.0547,-1.0410,0,0,1,0.33569,1
0.4241,4.3552,2.6065,12.2776,-2.6104,0.0108,-1.0946,0,0,1,0.95704,1
0.4754,4.8119,2.4881,12.6649,1.6361,0.0072,-1.6294,0,0,2,1.87650,1
0.4206,4.2563,2.5969,12.2371,-1.2000,0.0084,-1.0451,0,1,0,0.83553,1
0.5909,5.3841,2.1465,11.6904,0.2457,0.0709,-0.9676,0,0,0,0.00000,1
0.5171,5.4965,2.4522,11.6012,-1.3043,0.0160,-0.6694,0,0,1,0.21533,3
0.4732,5.0612,2.5524,12.0922,3.0940,0.0702,-1.1388,0,0,1,0.64329,1
0.3461,3.8057,2.8410,13.3424,2.6648,0.0229,-1.7070,1,1,1,1.91116,1
0.3635,3.9314,2.7863,12.8274,-2.8608,0.1025,-1.4992,0,0,1,1.57605,1
0.6530,6.1429,2.0357,12.5831,0.3412,0.0084,-2.2062,0,1,0,0.26209,1
0.5068,4.7021,2.3358,11.9322,-1.5089,0.0353,-1.0090,0,1,0,0.46397,1
0.4420,4.8066,2.6359,11.7879,-2.5217,0.0521,-0.7571,0,0,1,0.45767,3
0.4260,4.6787,2.6805,11.3000,-2.0733,0.0893,-0.3564,0,0,0,0.00000,3
0.3323,3.6498,2.8663,11.3890,2.8214,0.1707,-0.4224,0,0,0,0.00000,3
0.4425,4.3955,2.5335,11.3265,-2.2683,0.0004,-0.2927,0,0,0,0.00000,3
0.4369,4.3525,2.5475,12.8896,-1.4541,0.0205,-1.7217,0,0,0,0.00000,1
0.4385,4.6389,2.6115,12.4456,1.4290,0.0280,-1.3177,0,1,1,1.02703,1
0.3653,3.8928,2.7649,11.3129,2.2769,0.0344,-0.2477,0,0,0,0.00000,1
0.5221,5.2680,2.3879,11.9163,1.9124,0.0192,-1.0088,0,0,1,0.36914,3
0.3752,3.8927,2.7135,11.4382,-3.1004,0.0465,-0.3618,0,0,0,0.00000,3
0.3551,3.7932,2.7875,12.5034,2.5456,0.0518,-1.1291,0,0,1,1.26614,1
0.4110,4.2882,2.6504,11.9226,-1.3161,0.0018,-0.7453,0,1,0,0.52321,1
0.3602,3.9213,2.8009,12.2831,3.0171,0.0473,-0.9685,0,1,0,1.11260,3
0.4231,4.1906,2.5679,11.3762,3.0531,0.0411,-0.3606,0,0,0,0.00000,1
0.4762,5.2186,2.5732,12.5935,-2.0656,0.0062,-1.5612,0,1,0,1.09661,1
0.4314,4.3789,2.5790,11.4023,1.2318,0.0039,-0.3486,0,0,0,0.00000,1
0.5330,5.4338,2.3751,11.6423,-0.7931,0.0351,-0.7621,0,0,0,0.00000,1
0.4568,4.4827,2.4920,12.0472,-2.2574,0.0305,-0.9981,0,0,1,0.44083,1
0.5318,5.1027,2.3178,11.3826,0.3828,0.0077,-0.4552,0,0,0,0.00000,3
0.5073,5.0530,2.4059,12.4506,0.5297,0.0294,-1.5523,0,1,1,0.50394,1
0.3656,4.0030,2.7976,12.5988,3.0427,0.0707,-1.2680,0,1,1,1.32198,1
0.4417,4.4472,2.5498,11.2451,-1.3742,0.0083,-0.2325,0,0,0,0.00000,1
0.4827,4.5580,2.4011,11.4801,-1.2979,0.0290,-0.5112,0,0,0,0.00000,3
0.3838,4.0803,2.7260,11.9492,2.6017,0.0183,-0.7298,0,0,1,0.55275,1
0.3506,3.7958,2.8128,11.7648,-2.8899,0.0938,-0.6206,0,0,1,0.14794,3
0.5332,5.1785,2.3267,11.5108,-1.1948,0.0203,-0.6049,0,0,0,0.00000,3
0.4312,4.2715,2.5523,11.4144,2.1857,0.0660,-0.4308,0,0,0,0.00000,3
0.5271,4.9798,2.3127,11.5211,-1.8738,0.0114,-0.5944,0,0,0,0.00000,1
0.3909,4.2358,2.7352,11.4838,3.0168,0.1866,-0.5788,0,0,0,0.00000,1
0.4321,4.4382,2.5909,11.2891,-2.1411,0.0592,-0.3187,0,0,0,0.00000,3
0.4872,4.5129,2.3727,11.4420,-0.2058,0.0138,-0.4625,0,0,0,0.00000,3
0.5643,5.3417,2.2371,11.4461,-1.4186,0.0182,-0.5786,0,0,0,0.00000,1
0.5278,5.5589,2.4195,13.1656,-3.1219,0.0148,-2.4285,0,0,4,1.60237,1
0.4763,4.3618,2.3826,11.3721,1.6165,0.0373,-0.4118,0,0,0,0.00000,1
0.4681,4.8083,2.5186,11.4378,-2.0988,0.0652,-0.4967,0,0,0,0.00000,3
0.5209,4.7241,2.2861,11.4633,1.1655,0.0008,-0.5124,0,0,0,0.00000,1
0.3643,4.0027,2.8045,12.1434,-2.4658,0.1503,-1.0097,0,1,0,0.54007,3
0.4084,4.1981,2.6386,11.4162,-2.0961,0.0265,-0.3598,0,0,0,0.00000,3
0.4696,5.0521,2.5663,11.5916,-2.6692,0.0750,-0.6542,0,0,0,0.00000,1
0.4955,5.1696,2.4786,11.5491,-2.6181,0.0455,-0.6180,0,0,0,0.00000,1
0.3961,4.0535,2.6573,11.9071,2.9535,0.0513,-0.7645,0,0,1,0.62999,3
0.3847,4.2345,2.7663,13.2945,-2.5729,0.0523,-1.9167,0,1,0,0.21587,1
0.5935,5.5833,2.1688,11.5592,0.8165,0.0315,-0.7685,0,0,0,0.00000,3
0.4089,4.2930,2.6618,11.4044,2.7786,0.0265,-0.3513,0,0,0,0.00000,3
0.4543,4.6850,2.5512,11.4140,-2.3630,0.1078,-0.5078,0,0,0,0.00000,1
0.5423,5.6965,2.3850,12.3892,2.9955,0.0284,-1.6020,0,0,1,0.84604,1
0.5382,5.5241,2.3709,12.0096,1.6849,0.0437,-1.1824,0,0,1,0.31777,3
0.3982,4.1763,2.6817,11.7838,1.7769,0.0062,-0.6127,0,1,0,0.16460,1
0.4861,4.7540,2.4303,11.4010,0.8767,0.1124,-0.5408,0,0,0,0.00000,1
0.4063,4.3493,2.6901,11.7819,2.6752,0.1686,-0.8291,0,0,0,0.00000,1
0.4178,4.1239,2.5745,12.5990,3.0876,0.0162,-1.3684,0,0,1,1.21641,1
0.4425,4.5893,2.5810,12.4938,-1.8020,0.0012,-1.3355,0,0,2,1.02222,1
0.4837,5.2447,2.5455,11.4272,3.0698,0.1057,-0.5554,0,0,0,0.00000,1
0.5644,5.1971,2.2118,11.4678,-0.2701,0.0977,-0.7000,0,0,0,0.00000,1
0.4256,4.4000,2.6112,11.2678,2.5350,0.0978,-0.3388,0,0,0,0.00000,1
0.3929,4.0300,2.6661,12.6980,1.9640,0.0254,-1.3803,0,1,0,1.47990,1
0.4451,4.5000,2.5477,11.5380,1.9837,0.0435,-0.5292,0,0,0,0.00000,3
0.3992,4.0772,2.6490,11.3630,-1.6783,0.0131,-0.2927,0,0,0,0.00000,1
0.3759,3.8813,2.7061,11.7930,2.9937,0.0598,-0.6455,0,0,0,0.00000,3
0.4027,4.1196,2.6441,12.7929,1.9649,0.0045,-1.4662,1,1,0,1.44530,1
0.4636,4.2831,2.4159,11.7902,-2.0520,0.0288,-0.7689,0,0,1,0.37040,0
0.4062,4.0537,2.6087,12.0398,0.3499,0.0000,-0.8283,0,0,2,0.41811,1
0.4238,4.1952,2.5661,11.4335,1.7609,0.0156,-0.3787,0,0,0,0.00000,3
0.4041,4.2932,2.6856,11.5537,-2.7908,0.0695,-0.5150,0,0,1,0.26693,3
0.4102,4.0974,2.6021,11.9653,1.9056,0.0032,-0.7800,0,1,0,0.69732,3
0.4928,4.8612,2.4255,11.8544,-3.0661,0.0015,-0.8563,0,1,0,0.42130,3
0.5434,5.2376,2.2981,11.4170,0.7322,0.0597,-0.5690,0,0,0,0.00000,3
0.4016,4.0063,2.6174,11.3588,2.2438,0.0381,-0.3205,0,0,0,0.00000,3
0.3604,3.8501,2.7772,12.7780,2.4816,0.1242,-1.4808,1,1,0,1.18573,1
0.4746,5.1906,2.5741,11.3681,-2.9733,0.0031,-0.3690,0,0,0,0.00000,1
0.6160,6.0111,2.1512,12.2439,0.1559,0.0162,-1.6398,0,1,0,0.72699,1
0.4825,4.7785,2.4506,11.4981,-2.2361,0.0223,-0.5207,0,0,0,0.00000,1
0.5867,5.6770,2.2091,11.4369,0.0924,0.0941,-0.6947,0,0,0,0.00000,1
0.4627,4.6089,2.4966,12.0420,-0.0973,0.0128,-0.9838,1,1,0,0.46633,1
0.3663,3.9576,2.7798,12.6562,-2.1293,0.0299,-1.2553,0,1,0,1.49506,1
0.3867,4.1225,2.7238,12.1107,2.2510,0.0251,-0.8734,0,0,1,0.77209,1
0.4866,5.2180,2.5270,11.3430,2.0150,0.0104,-0.3677,0,0,0,0.00000,3
0.4638,4.2841,2.4154,11.2707,0.2235,0.0325,-0.3014,0,0,0,0.00000,0
0.3975,4.3172,2.7246,11.4610,2.7563,0.0464,-0.4057,0,0,0,0.00000,3
0.4916,4.4945,2.3511,11.4539,0.5146,0.0432,-0.5151,0,0,0,0.00000,3
0.4242,4.2761,2.5855,12.3632,-2.1616,0.0344,-1.2051,0,1,1,1.04556,1
0.3855,4.0483,2.7078,11.4219,2.0851,0.0510,-0.3666,0,0,0,0.00000,3
0.5041,4.9219,2.3922,11.4361,2.0318,0.0412,-0.5132,0,0,0,0.00000,1
0.4481,4.3934,2.5083,11.3657,2.4709,0.0059,-0.3383,0,0,0,0.00000,3
0.4635,4.7610,2.5279,12.3470,-1.2291,0.0307,-1.3063,0,0,1,0.90844,1
0.3728,3.8579,2.7151,11.5975,2.7682,0.0964,-0.5361,0,1,0,0.32503,3
0.4382,4.3699,2.5460,12.2497,1.2504,0.0256,-1.1303,0,1,0,0.60004,1
0.4456,4.2548,2.4847,11.5562,-1.9586,0.0051,-0.4985,0,0,1,0.18110,3
0.3909,4.1953,2.7238,11.6313,-2.3741,0.0045,-0.4791,0,1,0,0.43901,1
0.4468,4.5414,2.5500,11.3968,-2.5403,0.0576,-0.4246,0,0,0,0.00000,1
0.5458,5.3259,2.3049,11.3973,0.5323,0.0542,-0.5448,0,0,0,0.00000,1
0.4067,4.3455,2.6869,11.2945,3.0931,0.0138,-0.2482,0,0,0,0.00000,1
0.3965,4.0638,2.6582,11.3944,-2.5978,0.1377,-0.4578,0,0,0,0.00000,1
0.4939,4.8586,2.4205,12.0057,-0.7632,0.0183,-1.0320,0,0,1,0.41020,1
0.4593,5.0522,2.6130,11.5461,2.2940,0.0196,-0.5299,0,0,0,0.00000,3
0.4714,5.0830,2.5653,11.7526,2.8487,0.0931,-0.8327,0,1,0,0.26258,1
0.3732,4.0838,2.7819,12.1960,2.9912,0.0646,-0.9597,0,1,0,0.86132,3
0.3883,4.1422,2.7213,12.4909,3.0246,0.0597,-1.2399,0,2,0,0.89389,1
0.4917,4.6276,2.3800,11.5550,-0.0243,0.0313,-0.5985,0,0,0,0.00000,1
0.3768,4.1151,2.7725,11.4541,-2.8093,0.1605,-0.5073,0,0,0,0.00000,3
0.4365,4.7536,2.6489,12.4679,-2.2107,0.0581,-1.3768,1,1,0,0.71700,3
0.3646,3.9899,2.7988,11.4788,-2.7809,0.0389,-0.3704,0,0,0,0.00000,1
0.3951,4.0321,2.6557,12.0249,1.3871,0.0179,-0.8144,0,0,2,0.82253,1
0.4754,4.6065,2.4419,11.4349,0.0199,0.0068,-0.4332,0,0,0,0.00000,3
0.4945,4.4919,2.3393,11.3349,-0.7973,0.0130,-0.3689,0,0,0,0.00000,3
0.4076,4.1426,2.6270,11.3836,-2.0518,0.0044,-0.3076,0,0,0,0.00000,1
0.6310,5.9251,2.0845,11.5126,0.1968,0.0452,-0.7933,0,0,1,0.14092,3
0.4973,5.0655,2.4496,12.1908,1.7900,0.0388,-1.2602,0,0,1,0.45286,1
0.3699,4.0511,2.7897,12.0370,2.9773,0.1232,-0.9032,0,1,0,0.75840,3
0.4186,4.5426,2.6814,11.4229,2.6057,0.1235,-0.4901,0,0,0,0.00000,3
0.4866,4.9908,2.4792,11.4462,-2.7262,0.0606,-0.5235,0,0,0,0.00000,1
0.4793,4.3556,2.3689,11.7733,0.1099,0.0245,-0.7776,0,0,1,0.26828,1
0.5021,4.7785,2.3705,12.6951,0.6158,0.0085,-1.7623,0,0,1,1.11983,1
0.4736,5.0524,2.5489,11.4145,2.5302,0.0603,-0.4768,0,0,0,0.00000,3
0.4304,4.5142,2.6182,12.5969,0.7317,0.0008,-1.3892,0,1,0,1.18002,1
0.5891,5.9178,2.2379,11.5710,-1.7208,0.0463,-0.7956,0,0,0,0.00000,1
0.4098,4.2692,2.6511,11.6505,1.9714,0.0301,-0.5548,0,1,0,0.19007,3
0.4034,4.2748,2.6839,11.7981,-1.7675,0.0060,-0.6337,0,1,0,0.56164,1
0.4158,4.1291,2.5848,12.7898,1.0821,0.0164,-1.5344,1,2,1,2.20783,1
0.4709,4.9628,2.5411,11.5047,2.8628,0.0131,-0.5004,0,0,0,0.00000,3
0.4270,4.3752,2.5983,12.0994,2.2559,0.0154,-0.9514,0,0,1,0.64677,3
0.5225,5.0195,2.3383,11.3734,-0.5298,0.0497,-0.4843,0,0,0,0.00000,1
0.4380,4.3777,2.5489,11.4038,1.6433,0.0330,-0.3913,0,0,0,0.00000,3
0.3449,3.7083,2.8149,12.5851,-3.0432,0.0447,-1.1471,0,1,0,1.33077,1
0.4583,4.8586,2.5736,11.4114,2.4430,0.0998,-0.5010,0,0,0,0.00000,1
0.4248,4.3162,2.5934,12.4096,1.4659,0.0113,-1.2147,0,1,1,0.92277,1
0.3947,4.0194,2.6543,11.3904,3.0840,0.0205,-0.3175,0,0,0,0.00000,3
0.4930,4.5250,2.3524,11.8588,0.4113,0.0040,-0.8617,0,1,0,0.63213,1
0.5456,5.2564,2.2930,11.9474,-0.9682,0.0282,-1.1082,0,1,0,0.32078,1
0.4830,5.3171,2.5634,11.7031,-2.8791,0.1072,-0.8244,0,0,0,0.00000,1
0.4182,4.5006,2.6722,12.2586,-2.7447,0.0279,-1.0860,0,1,0,0.92090,3
0.4846,4.5536,2.3922,11.3191,-1.3032,0.0220,-0.3545,0,0,0,0.00000,3
0.5848,5.5059,2.1885,12.0818,-0.2815,0.0043,-1.3284,0,1,0,0.50142,1
0.4636,4.2861,2.4167,11.9123,-1.9988,0.0017,-0.8466,0,0,1,0.51906,1
0.4161,4.1226,2.5818,11.4475,1.7571,0.0241,-0.3908,0,0,0,0.00000,3
0.4007,4.1769,2.6698,11.3639,2.4958,0.0043,-0.2851,0,0,0,0.00000,1
0.5232,5.1428,2.3595,11.4467,-1.8790,0.0469,-0.5569,0,0,0,0.00000,1
0.4016,4.3229,2.7059,11.3237,2.3832,0.1936,-0.4703,0,0,0,0.00000,1
0.4313,4.7462,2.6719,11.4446,-2.7316,0.0444,-0.4320,0,0,0,0.00000,3
0.4058,4.4118,2.7094,11.4216,3.0671,0.0465,-0.3847,0,0,0,0.00000,3
0.5189,5.4358,2.4332,11.5637,-1.8873,0.0249,-0.6445,0,0,0,0.00000,3
0.4581,4.9118,2.5865,11.3488,-1.1193,0.0069,-0.3371,0,0,0,0.00000,1
0.4432,4.7645,2.6202,11.3507,-2.8960,0.0446,-0.3659,0,0,0,0.00000,3
0.5096,4.6199,2.3078,11.4849,-0.4794,0.0475,-0.5755,0,0,0,0.00000,3
0.5871,5.7865,2.2248,11.9307,-0.3720,0.0317,-1.1952,0,0,1,0.68752,3
0.4525,4.6137,2.5421,11.2548,-1.3639,0.0280,-0.2729,0,0,0,0.00000,1
0.5728,5.3539,2.2077,11.9368,-0.8023,0.0297,-1.1623,0,0,1,0.44124,1
0.4051,4.2745,2.6752,11.5537,2.6677,0.1201,-0.5767,0,0,0,0.00000,1
0.4140,4.2036,2.6137,11.8706,3.0011,0.0236,-0.7358,0,1,0,0.53025,3
0.4715,4.3625,2.4023,11.2935,0.5844,0.0289,-0.3253,0,0,0,0.00000,3
0.3785,3.9401,2.7111,12.9693,-2.7778,0.0071,-1.5232,0,1,1,1.78597,1
0.4367,4.4767,2.5798,11.4169,2.1715,0.0871,-0.4644,0,0,0,0.00000,3
0.3421,3.7651,2.8496,11.5762,2.4891,0.0555,-0.4289,0,1,0,0.31528,1
0.4133,4.3497,2.6562,12.1725,-1.9868,0.0063,-0.9674,0,1,0,0.84863,1
0.3646,3.8493,2.7545,11.4998,3.1136,0.0766,-0.4292,0,0,0,0.00000,3
0.6048,5.9131,2.1782,12.1689,1.4446,0.0089,-1.5004,0,0,1,0.33620,1
0.3539,3.8217,2.8030,11.8757,2.3963,0.0328,-0.6314,0,0,1,0.50688,1
0.3920,4.0803,2.6849,11.9492,-3.0851,0.0840,-0.8325,0,0,1,0.20947,1
0.4881,4.8035,2.4327,12.0614,2.5770,0.0027,-1.0519,0,0,1,0.73083,1
0.4676,4.4591,2.4406,12.1807,-0.8667,0.0456,-1.1751,0,0,1,0.69711,1
0.4343,4.6393,2.6312,11.8573,-2.9907,0.0413,-0.7895,0,1,0,0.40590,3
0.4837,4.4403,2.3708,11.3583,0.2204,0.0078,-0.3727,0,0,0,0.00000,3
0.3978,4.2987,2.7181,13.0058,2.5999,0.0399,-1.6956,0,1,0,1.50147,1
0.3918,4.1715,2.7119,11.2930,-2.4794,0.0226,-0.2435,0,0,0,0.00000,1
0.4648,4.8784,2.5491,12.5689,-2.7188,0.0510,-1.5628,1,1,0,1.20749,1
0.4383,4.7948,2.6503,12.2249,2.3225,0.0614,-1.1593,0,0,1,0.67083,3
0.4628,4.7111,2.5198,11.3232,-3.1004,0.0015,-0.3125,0,0,0,0.00000,3
0.5156,5.0605,2.3738,11.4061,-2.3774,0.0059,-0.4566,0,0,0,0.00000,1
0.4115,4.1631,2.6143,11.4479,1.6122,0.0803,-0.4517,0,0,0,0.00000,3
0.4733,5.1008,2.5605,12.7937,3.1083,0.0120,-1.7644,0,0,3,1.58186,1
0.4283,4.1342,2.5297,12.0408,2.6992,0.0414,-0.9372,0,0,1,0.61965,1
0.3898,4.1111,2.7049,11.2882,2.8534,0.0142,-0.2286,0,0,0,0.00000,1
0.3857,4.1670,2.7420,12.8910,2.6631,0.0512,-1.5605,1,1,0,1.49788,1
0.3896,4.2978,2.7591,12.1994,-2.4144,0.0597,-1.0000,0,1,1,0.81131,2
0.4048,4.2235,2.6627,11.3208,-1.6612,0.0093,-0.2615,0,0,0,0.00000,1
0.5480,5.4286,2.3148,11.6306,0.7159,0.1079,-0.8679,0,0,0,0.00000,1
0.3978,4.2783,2.7123,11.4805,2.4386,0.0157,-0.3855,0,0,0,0.00000,1
0.4794,5.1312,2.5402,12.5528,2.4152,0.0528,-1.6016,0,0,1,1.11288,1
0.4035,4.2308,2.6713,11.6948,-1.7995,0.0366,-0.5882,0,0,1,0.22590,1
0.5032,5.2027,2.4531,11.5294,-1.2315,0.0204,-0.5798,0,0,0,0.00000,3
0.5021,5.2077,2.4584,11.5028,2.9891,0.0398,-0.5756,0,0,0,0.00000,1
0.4595,4.4062,2.4626,12.2671,1.1697,0.0051,-1.1769,0,1,0,0.51372,1
0.3488,3.8419,2.8378,11.7565,2.7653,0.1949,-0.7347,0,1,0,0.40147,2
0.4813,4.8840,2.4788,12.3904,-2.8155,0.0050,-1.3670,0,1,0,1.05619,1
0.4022,4.1432,2.6530,12.0807,2.7364,0.0750,-0.9539,0,0,1,0.13599,1
0.5836,5.2839,2.1565,11.3280,-1.1139,0.0484,-0.5091,0,0,0,0.00000,1
0.4157,4.2012,2.6049,11.9314,-2.4144,0.0204,-0.7864,0,1,0,0.63975,3
0.3800,3.8926,2.6893,11.6109,2.7455,0.0958,-0.5563,0,0,0,0.00000,1
0.5243,4.7564,2.2795,11.4445,-0.4075,0.1094,-0.6311,0,0,0,0.00000,1
0.5004,5.4735,2.5192,11.4139,2.2356,0.1227,-0.5846,0,0,0,0.00000,1
0.4260,4.4492,2.6223,11.3204,2.3494,0.1040,-0.3900,0,0,0,0.00000,3
0.4749,5.0739,2.5477,11.4372,2.7360,0.1069,-0.5546,0,0,0,0.00000,1
0.4235,4.2313,2.5768,11.4744,-2.3806,0.0326,-0.4323,0,0,0,0.00000,3
0.3723,3.9795,2.7552,11.3758,-2.3619,0.1021,-0.3764,0,0,0,0.00000,3
0.5332,4.9238,2.2784,12.1636,0.0368,0.0157,-1.2951,0,0,3,1.14629,1
0.5208,5.4434,2.4269,11.4058,2.9700,0.0252,-0.4874,0,0,0,0.00000,1
0.4898,4.4296,2.3439,12.2871,1.4867,0.0005,-1.2766,0,1,0,0.82236,1
0.5381,5.1212,2.2972,11.4024,0.6134,0.0415,-0.5241,0,0,0,0.00000,3
0.4138,4.3680,2.6585,12.2213,2.7092,0.1108,-1.1559,0,1,1,0.78111,1
0.3826,4.0565,2.7252,11.4292,2.7053,0.0041,-0.3148,0,0,0,0.00000,1
0.4358,4.4373,2.5738,12.3209,-1.1082,0.0106,-1.1676,0,1,0,0.93963,1
0.5307,5.1242,2.3261,11.4627,-0.3101,0.0006,-0.5273,0,0,0,0.00000,3
0.4736,4.7602,2.4844,11.3623,-0.7034,0.0073,-0.3660,0,0,0,0.00000,1
0.3953,4.1792,2.6967,11.5455,2.5327,0.1828,-0.6307,0,0,0,0.00000,1
0.4504,4.8848,2.6157,13.2932,2.4783,0.0077,-2.1663,0,1,1,1.85148,1
0.3793,3.9137,2.6990,12.4020,2.8450,0.0424,-1.1119,0,1,0,0.37628,1
0.4359,4.7481,2.6505,12.8887,2.4148,0.0317,-1.7369,1,1,1,1.47829,1
0.4992,4.8167,2.3901,11.5435,-0.7603,0.0520,-0.6248,0,0,0,0.00000,1
0.4556,4.6845,2.5450,11.9887,-2.3523,0.0406,-0.9548,0,0,1,0.19564,3
0.3572,3.8275,2.7870,12.0917,2.9342,0.0964,-0.8806,0,1,0,0.61058,3
0.3412,3.7670,2.8552,11.9693,3.0459,0.1123,-0.7730,0,1,0,0.77126,2
0.5508,5.0230,2.2308,12.5363,-0.5167,0.0065,-1.7592,0,0,2,1.18013,1
0.3398,3.7470,2.8569,13.0191,-3.1019,0.0285,-1.4323,0,1,1,1.44741,0
0.3857,4.0591,2.7102,11.6405,-2.6696,0.1097,-0.6048,0,0,1,0.25244,3
0.3701,4.0479,2.7872,13.1184,2.7894,0.1020,-1.7780,0,1,0,1.61005,1
0.6414,6.0440,2.0638,11.6150,0.9394,0.0123,-0.8973,0,0,0,0.00000,1
0.3684,4.0119,2.7854,12.1626,-2.9955,0.0315,-0.8766,0,1,1,0.75440,3
0.3718,4.0271,2.7721,12.0886,-2.8854,0.0916,-0.9073,0,1,0,0.80124,3
0.4130,4.2645,2.6346,11.4464,-3.0061,0.1163,-0.4946,0,0,0,0.00000,1
0.3621,3.8660,2.7734,11.2913,-2.9435,0.0648,-0.2638,0,0,0,0.00000,3
0.4952,4.6903,2.3792,11.3869,-2.7688,0.0065,-0.4124,0,0,0,0.00000,1
0.4789,4.7347,2.4560,11.2868,-0.3404,0.0324,-0.3316,0,0,0,0.00000,1
0.4277,4.2988,2.5752,12.8190,2.0560,0.0011,-1.5834,0,1,1,1.65988,1
0.4410,4.3918,2.5390,11.2939,-2.7134,0.0420,-0.3114,0,0,0,0.00000,1
0.3778,4.0020,2.7335,12.7976,2.8552,0.1000,-1.5276,0,0,1,1.28741,1
0.4931,4.9926,2.4519,11.4950,2.1282,0.0246,-0.5362,0,0,0,0.00000,3
0.4629,4.3234,2.4285,11.8359,0.5539,0.0150,-0.7920,0,1,0,0.24615,1
0.4118,4.1068,2.5976,12.2261,-1.2533,0.0278,-1.0380,0,1,0,0.98500,1
0.4260,4.3722,2.6022,12.2295,2.0497,0.0122,-1.0592,0,1,0,0.87399,1
0.4390,4.6049,2.6011,11.5203,2.9609,0.0497,-0.5128,0,0,0,0.00000,3
0.4047,4.0284,2.6090,12.2767,1.1159,0.0148,-1.0429,0,0,1,0.56380,1
0.3429,3.7344,2.8347,12.3331,2.8837,0.1540,-1.1051,0,1,0,0.26100,1
0.3372,3.6750,2.8466,13.1901,2.4183,0.0270,-1.5506,0,0,0,0.00000,1
0.5095,5.2989,2.4457,11.6157,2.4649,0.0185,-0.6737,0,0,0,0.00000,3
0.4366,4.1673,2.5016,11.9008,-0.4976,0.0042,-0.7824,0,0,1,0.40310,1
0.4002,4.2383,2.6894,11.8029,2.0984,0.0314,-0.6633,0,1,0,0.22529,1
0.4805,4.9997,2.5072,11.3008,1.6885,0.0071,-0.3177,0,0,0,0.00000,3
0.3953,4.3603,2.7479,13.0194,2.2879,0.0161,-1.6562,0,1,0,1.88538,0
0.4641,4.4939,2.4636,11.5070,-1.0523,0.0257,-0.5065,0,0,0,0.00000,3
0.3812,4.1269,2.7530,11.9767,2.7771,0.0116,-0.7372,0,1,0,0.47101,1
0.4366,4.7115,2.6381,11.3612,1.8865,0.0390,-0.3613,0,0,0,0.00000,1
0.4668,4.5404,2.4632,11.4624,-2.1640,0.0535,-0.5030,0,0,0,0.00000,1
0.6263,5.8515,2.0908,11.6250,-0.8291,0.0288,-0.9023,0,0,0,0.00000,1
0.3905,3.9938,2.6670,11.6479,1.8733,0.0258,-0.5165,0,1,0,0.20962,1
0.4506,4.7973,2.5943,13.1658,-2.2337,0.0034,-2.0284,0,0,1,1.72047,1
0.3941,4.3421,2.7487,12.5029,-2.8154,0.0963,-1.3228,0,0,4,1.14793,2
0.5247,5.4162,2.4056,11.8549,2.4857,0.0240,-0.9567,0,1,0,0.48246,1
0.4286,4.1454,2.5312,11.6649,2.0083,0.0040,-0.5640,0,0,1,0.38509,3
0.3983,4.0347,2.6413,11.4759,2.6906,0.0871,-0.4656,0,0,0,0.00000,1
0.3636,3.8810,2.7699,12.6900,2.0263,0.0155,-1.2503,0,0,1,1.15386,1
0.5063,5.2666,2.4529,11.2892,-1.3310,0.0063,-0.3328,0,0,0,0.00000,3
0.5599,5.4693,2.2757,11.2889,0.0508,0.0250,-0.4120,0,0,0,0.00000,3
0.4236,4.4753,2.6403,11.4909,-3.0190,0.1111,-0.5392,0,0,0,0.00000,1
0.5109,4.7051,2.3205,11.4312,-0.8905,0.0010,-0.4678,0,0,0,0.00000,1
0.3654,3.8462,2.7495,12.4442,-1.8913,0.0470,-1.1091,0,1,0,1.29508,1
0.3491,3.7918,2.8198,12.9307,-2.9163,0.1289,-1.5691,0,1,0,1.89045,1
0.5792,5.8894,2.2712,11.4365,-1.8747,0.0222,-0.5968,0,0,0,0.00000,1
0.3991,4.1013,2.6564,11.5233,3.0287,0.0354,-0.4432,0,0,0,0.00000,3
0.4660,4.5921,2.4786,11.3830,0.4179,0.0111,-0.3800,0,0,0,0.00000,1
0.4491,4.3865,2.5022,11.3785,-0.8158,0.0435,-0.3944,0,0,0,0.00000,1
0.3685,3.9675,2.7711,12.5750,-2.9658,0.0872,-1.2839,0,1,0,1.26877,1
0.3641,4.0067,2.8070,12.2237,-2.7815,0.0336,-0.9148,1,1,0,0.89871,1
0.5553,5.3545,2.2735,12.2807,-0.9867,0.0166,-1.4960,0,0,1,0.98377,1
0.3490,3.8057,2.8245,11.9042,3.0812,0.1398,-0.7768,0,0,1,0.39944,3
0.3982,4.3218,2.7224,11.4668,-2.7123,0.0609,-0.4280,0,0,0,0.00000,3
0.3686,3.9089,2.7525,11.7995,-2.8671,0.0740,-0.6545,0,0,1,0.27497,3
0.4379,4.8067,2.6551,12.5850,3.0846,0.0804,-1.5272,0,0,1,0.98311,1
0.3528,3.7930,2.7998,11.7903,-2.5898,0.0134,-0.5442,0,1,0,0.54107,1
0.5093,4.8163,2.3496,11.4448,1.8425,0.0353,-0.5212,0,0,0,0.00000,1
0.4150,4.1244,2.5875,11.3657,2.7330,0.0247,-0.3244,0,0,0,0.00000,3
0.3707,4.0042,2.7707,13.2265,2.7717,0.0091,-1.7085,0,1,1,1.97793,1
0.4988,4.7399,2.3754,11.4127,-1.5751,0.0332,-0.4734,0,0,0,0.00000,3
0.4679,5.0314,2.5693,11.7874,2.0471,0.0392,-0.7912,0,1,0,0.17106,3
0.3604,3.8581,2.7797,12.7443,2.8659,0.1077,-1.4262,0,1,2,1.53113,1
0.4899,4.4991,2.3589,11.3238,-0.1052,0.0381,-0.3832,0,0,0,0.00000,1
0.4189,4.2083,2.5918,12.7327,-2.4298,0.0429,-1.5382,0,1,0,1.31975,1
0.3424,3.7419,2.8405,12.1420,-2.8634,0.2124,-1.0354,0,1,0,0.52262,1
0.4769,4.5818,2.4301,11.6115,-1.9794,0.0532,-0.6567,0,0,0,0.00000,1
0.4955,5.2634,2.4980,11.5226,-1.5912,0.0316,-0.5755,0,0,0,0.00000,3
0.5392,4.9478,2.2602,11.5904,0.5840,0.0805,-0.7726,0,0,0,0.00000,1
0.4587,4.7794,2.5537,11.4368,0.8030,0.0104,-0.4192,0,0,0,0.00000,1
0.5049,5.2322,2.4519,12.1609,-2.5517,0.0020,-1.1990,0,0,1,0.88973,3
0.4840,5.0770,2.5085,11.2392,0.0721,0.0117,-0.2698,0,0,0,0.00000,1
0.4595,4.9700,2.5937,11.6199,-1.9526,0.0568,-0.6418,0,0,0,0.00000,3
0.4330,4.2542,2.5400,11.2327,-1.5421,0.0171,-0.2245,0,0,0,0.00000,3
0.3703,3.9058,2.7424,11.5307,-3.0020,0.1510,-0.5468,0,0,0,0.00000,1
0.4619,4.4516,2.4631,11.5406,-1.9624,0.0401,-0.5513,0,0,0,0.00000,1
0.4081,4.0450,2.5975,12.4439,-1.9230,0.0230,-1.2088,1,1,1,0.90116,1
0.5285,5.3632,2.3802,11.4325,1.5239,0.0037,-0.4985,0,0,0,0.00000,3
0.5148,5.0575,2.3765,11.7377,-0.5166,0.0354,-0.8272,0,1,0,0.25087,1
0.4298,4.4014,2.5921,11.3146,2.0865,0.0074,-0.2785,0,0,0,0.00000,3
0.5482,5.6839,2.3590,11.4314,1.4173,0.0118,-0.5348,0,0,0,0.00000,3
0.4985,4.5830,2.3433,11.4913,-0.8060,0.0245,-0.5380,0,0,0,0.00000,3
0.5350,5.5836,2.3946,11.5419,0.5515,0.0141,-0.6346,0,0,0,0.00000,1
0.5726,5.6429,2.2565,11.4066,-2.5697,0.0051,-0.5323,0,0,0,0.00000,1
0.5319,4.9123,2.2809,11.5528,-0.5391,0.0148,-0.6383,0,0,0,0.00000,3
0.3968,4.0640,2.6569,11.3723,-2.6941,0.1278,-0.4292,0,0,0,0.00000,1
0.4522,4.8417,2.5972,12.9233,2.3440,0.0189,-1.8192,0,1,1,1.59056,1
0.5268,4.8951,2.2974,11.5895,0.7643,0.0501,-0.7126,0,0,0,0.00000,3
0.6159,6.1158,2.1665,11.6973,0.7613,0.0368,-0.9844,0,0,0,0.00000,3
0.4134,4.1001,2.5880,12.4420,-2.3615,0.0244,-1.2264,0,1,0,1.08030,1
0.3820,4.0633,2.7301,11.4545,2.1107,0.1168,-0.4635,0,0,0,0.00000,3
0.5253,4.8709,2.2984,11.4294,0.2326,0.0384,-0.5306,0,0,0,0.00000,3
0.3782,4.1243,2.7678,11.9081,-2.9559,0.0628,-0.7428,0,1,0,0.43903,3
0.3733,4.0967,2.7855,12.1717,-3.0074,0.0600,-0.9345,0,1,0,0.73768,3
0.4729,4.4320,2.4126,11.4689,1.4374,0.0537,-0.5170,0,0,0,0.00000,3
0.5159,5.5468,2.4667,11.6826,3.0345,0.0605,-0.8064,0,0,0,0.00000,1
0.4458,4.4681,2.5366,12.0533,-2.2144,0.0342,-0.9820,0,0,1,0.34520,3
0.5116,5.0105,2.3797,11.9816,1.0202,0.0491,-1.0923,0,0,1,0.41698,1
0.4297,4.2814,2.5616,11.4949,0.5783,0.0016,-0.4207,0,0,0,0.00000,1
0.4472,4.7739,2.6041,12.9579,-2.1415,0.0267,-1.8453,0,1,0,1.55982,1
0.4151,4.3506,2.6479,11.3652,1.5830,0.0175,-0.3163,0,0,0,0.00000,1
0.4172,4.5495,2.6899,13.0354,-2.6924,0.0486,-1.8249,0,1,1,1.72850,1
0.3988,4.1644,2.6755,11.3482,-3.0447,0.0660,-0.3415,0,0,0,0.00000,3
0.4097,4.4498,2.7005,12.7374,-2.3331,0.0896,-1.5806,0,0,1,1.41390,1
0.4431,4.5276,2.5633,11.3733,2.4963,0.0222,-0.3589,0,0,0,0.00000,3
0.4673,4.5156,2.4552,11.3308,-2.2688,0.0126,-0.3361,0,0,0,0.00000,3
0.3867,3.9255,2.6656,11.3479,-2.7265,0.1317,-0.4041,0,0,0,0.00000,1
0.4636,5.0941,2.6028,11.5793,-2.4630,0.0471,-0.5996,0,0,0,0.00000,3
0.4042,4.3019,2.6871,12.2257,-2.5778,0.0542,-1.0544,0,0,1,0.91151,3
0.4785,5.0219,2.5207,11.4426,-1.7987,0.0171,-0.4580,0,0,0,0.00000,3
0.3618,3.9876,2.8135,13.2668,-2.2076,0.0455,-1.7647,0,1,0,1.88287,0
0.4633,4.7315,2.5224,11.3318,-3.0930,0.0049,-0.3246,0,0,0,0.00000,3
0.3841,3.9771,2.6941,12.3448,-2.5126,0.1168,-1.1865,0,0,1,1.10259,1
0.4140,4.1996,2.6122,11.9496,-2.1386,0.0200,-0.7977,0,1,0,0.58847,3
0.4616,5.0880,2.6104,11.8903,2.2216,0.0486,-0.8875,0,0,1,0.30221,2
0.3667,3.9898,2.7877,11.3715,-2.4067,0.0399,-0.2970,0,0,0,0.00000,1
0.4198,4.2107,2.5886,12.1870,-2.7108,0.0360,-1.0375,0,1,0,0.96005,1
0.3376,3.6600,2.8391,12.4543,-2.7798,0.0859,-1.0849,0,1,1,1.13943,3
0.5124,4.9448,2.3633,11.7976,-0.3915,0.0242,-0.8690,0,1,0,0.28354,1
0.5115,5.4645,2.4696,11.5585,-2.1017,0.0259,-0.6292,0,0,0,0.00000,3
0.5052,4.8306,2.3689,12.1610,0.4705,0.0001,-1.1934,0,1,0,0.75889,1
0.4576,4.9857,2.6056,11.3678,-2.0316,0.0424,-0.3945,0,0,0,0.00000,3
0.4099,4.2958,2.6580,11.3646,3.1287,0.1201,-0.4282,0,0,0,0.00000,1
0.5291,5.0429,2.3169,11.4263,1.0702,0.0039,-0.4915,0,0,0,0.00000,3
0.4728,4.5931,2.4499,11.3799,-2.6266,0.0274,-0.4042,0,0,0,0.00000,1
0.5799,5.2493,2.1642,11.5355,-0.0477,0.0237,-0.7071,0,0,0,0.00000,3
0.4388,4.2589,2.5156,11.4053,-2.2869,0.0408,-0.4022,0,0,0,0.00000,1
0.4422,4.4340,2.5443,11.4732,-0.6221,0.0050,-0.4229,0,0,0,0.00000,1
0.4438,4.2099,2.4811,11.4842,0.4105,0.0212,-0.4529,0,0,0,0.00000,1
0.3989,4.2593,2.7014,11.2848,-2.0891,0.0476,-0.2717,0,0,0,0.00000,1
0.4036,4.3257,2.6968,11.9483,2.7857,0.0528,-0.8167,0,1,0,0.60566,3
0.5214,4.9182,2.3225,11.3972,-1.5452,0.0058,-0.4540,0,0,0,0.00000,1
0.5048,4.7840,2.3609,11.3197,-0.6668,0.0570,-0.4184,0,0,0,0.00000,1
0.5088,5.4672,2.4816,12.2315,0.8666,0.0016,-1.2853,0,1,0,0.69794,1
0.4074,4.1222,2.6223,12.9248,-2.3702,0.0132,-1.6175,0,1,1,1.16082,1
0.4092,4.2185,2.6404,11.5698,-2.8695,0.1095,-0.5833,0,1,0,0.23789,1
0.4368,4.7132,2.6378,11.3103,2.3922,0.0431,-0.3230,0,0,0,0.00000,3
0.5025,4.6911,2.3504,11.8386,1.1862,0.0071,-0.8664,0,0,1,0.27670,1
0.4581,4.8231,2.5663,11.3818,-1.4543,0.0474,-0.4129,0,0,0,0.00000,1
0.4416,4.3265,2.5200,11.3110,-2.5305,0.0007,-0.2789,0,0,0,0.00000,3
0.4580,4.9509,2.5961,12.7949,1.3619,0.0141,-1.7067,0,0,1,1.41209,1
0.4082,4.5036,2.7221,11.5118,3.0699,0.0661,-0.4831,0,0,0,0.00000,2
0.4410,4.8671,2.6551,12.0634,-2.5961,0.1042,-1.0742,0,1,0,0.27925,0
0.4064,4.3394,2.6870,12.1588,-3.0433,0.0526,-1.0008,0,0,1,0.46320,3
0.3929,4.3278,2.7508,12.6539,-2.6006,0.0468,-1.3759,1,2,1,1.59321,0
0.4617,4.5433,2.4856,11.5780,1.8348,0.0319,-0.5752,0,0,0,0.00000,3
0.4854,5.2540,2.5399,12.8875,2.4834,0.0258,-1.9370,0,1,1,1.19868,1
0.4462,4.7487,2.6026,11.3958,2.2278,0.0728,-0.4411,0,0,0,0.00000,3
0.4447,4.6144,2.5773,11.3353,2.3618,0.0320,-0.3394,0,0,0,0.00000,3
0.3589,3.7774,2.7619,11.4528,2.7580,0.1359,-0.4569,0,0,0,0.00000,3
0.3554,3.7819,2.7821,12.2657,-2.1427,0.0240,-0.9097,0,1,1,1.06104,1
0.4076,4.3744,2.6906,12.0736,-2.0750,0.0384,-0.9123,0,1,0,0.23859,1
0.3494,3.8103,2.8240,12.2264,2.9788,0.0297,-0.8721,0,1,0,0.61089,1
0.4326,4.1602,2.5172,12.7607,-1.3136,0.0200,-1.5790,0,1,0,0.22822,1
0.4457,4.7792,2.6123,11.8011,-3.0145,0.0156,-0.7300,0,0,1,0.33147,3
0.4067,4.4565,2.7170,12.9222,-2.5060,0.0360,-1.6517,0,1,1,1.75794,1
0.4049,4.2377,2.6664,11.2791,-2.1013,0.0240,-0.2459,0,0,0,0.00000,1
0.3541,3.8274,2.8038,11.9501,-2.5860,0.0261,-0.6772,0,1,0,0.64223,1
0.3970,4.0276,2.6452,11.4955,-1.6143,0.0305,-0.4129,0,0,0,0.00000,1
0.4013,4.1784,2.6670,12.1146,2.4648,0.0986,-1.0126,0,1,0,0.73990,1
0.3892,3.9813,2.6700,11.8184,2.7720,0.0086,-0.6257,0,0,1,0.23751,3
0.4575,4.3886,2.4665,11.3847,-1.3597,0.0105,-0.3705,0,0,0,0.00000,3
0.5070,5.5470,2.5048,11.5919,3.0395,0.0388,-0.6717,0,0,0,0.00000,3
0.4698,4.8963,2.5312,11.4085,0.3979,0.0026,-0.3985,0,0,0,0.00000,1
0.4210,4.5063,2.6603,11.4930,1.5803,0.0077,-0.4158,0,0,0,0.00000,1
0.6008,6.0314,2.2109,11.5916,1.1548,0.0257,-0.8144,0,0,0,0.00000,3
0.3998,4.0299,2.6323,11.9573,2.4286,0.1104,-0.8914,0,1,0,0.74775,1
0.3395,3.6815,2.8357,11.4156,-2.6423,0.1677,-0.4450,0,0,0,0.00000,3
0.4735,4.5432,2.4354,11.3031,-0.2746,0.0409,-0.3504,0,0,0,0.00000,1
0.3592,3.8464,2.7827,12.0153,2.9267,0.1135,-0.8493,0,1,0,0.45734,3
0.4312,4.4959,2.6099,12.6873,1.8550,0.0014,-1.4762,0,0,1,1.38637,1
0.4852,4.6801,2.4177,12.7371,-2.6244,0.0061,-1.7380,0,1,1,1.55027,1
0.3720,3.8550,2.7181,11.9517,-2.6843,0.0762,-0.7808,0,1,0,0.42327,3
0.3478,3.7325,2.8072,11.7472,-2.9249,0.0482,-0.5474,0,1,0,0.37152,3
0.4754,4.8335,2.4927,11.3267,2.1639,0.0313,-0.3636,0,0,0,0.00000,3
0.4369,4.6187,2.6140,11.8836,-1.8390,0.0218,-0.7931,0,0,1,0.53428,1
0.3619,3.8800,2.7790,11.8466,3.0801,0.1183,-0.7326,0,1,0,0.33526,3
0.4959,4.7923,2.3983,11.8325,1.3481,0.0430,-0.8949,0,0,1,0.46930,3
0.4854,5.0799,2.5033,12.4242,2.9947,0.0310,-1.4551,1,1,0,0.88125,1
0.4736,4.7514,2.4824,11.3280,-2.9011,0.0178,-0.3469,0,0,0,0.00000,3
0.4972,4.6803,2.3692,11.4567,1.4973,0.0109,-0.4867,0,0,0,0.00000,3
0.4417,4.2133,2.4914,11.4657,-0.9975,0.0680,-0.4901,0,0,0,0.00000,1
0.5232,5.6002,2.4462,11.4454,2.5607,0.0036,-0.5055,0,0,0,0.00000,3
0.4670,4.3526,2.4184,11.9099,-1.3308,0.0251,-0.8836,0,0,1,0.46516,1
0.4807,4.3877,2.3707,11.7051,-2.1306,0.0035,-0.6880,0,1,0,0.27827,1
0.4821,4.7418,2.4442,11.2781,2.0892,0.0327,-0.3270,0,0,0,0.00000,1
0.3830,4.1194,2.7415,11.3561,-2.2515,0.0134,-0.2720,0,0,0,0.00000,1
0.4924,4.5845,2.3676,11.3221,1.4194,0.0030,-0.3434,0,0,0,0.00000,3
0.4262,4.2016,2.5567,12.0524,2.3574,0.0674,-0.9781,0,1,0,0.61862,1
0.4502,4.2682,2.4684,11.2845,2.5507,0.0316,-0.2997,0,0,0,0.00000,1
0.4673,4.7825,2.5164,11.4831,2.9330,0.0652,-0.5373,0,0,0,0.00000,1
0.5236,5.1114,2.3518,11.9342,-0.5371,0.0545,-1.0779,0,1,0,0.44215,1
0.5438,5.6027,2.3622,11.3050,-1.7045,0.0078,-0.3915,0,0,0,0.00000,3
0.3855,4.2537,2.7678,12.7739,2.8313,0.0384,-1.4380,0,1,1,1.36525,0
0.3701,3.9968,2.7716,11.6947,-2.6132,0.0398,-0.5368,0,1,0,0.29415,3
0.5074,4.6805,2.3290,12.1773,2.1152,0.0001,-1.2147,0,0,1,0.70641,1
0.4087,4.0463,2.5950,12.2846,2.3924,0.0268,-1.0784,0,0,1,0.94287,1
0.4553,4.8317,2.5810,11.3966,-1.8238,0.0128,-0.3826,0,0,0,0.00000,1
0.4026,4.2374,2.6775,11.7358,-1.7817,0.0233,-0.6033,0,1,0,0.19857,1
0.4962,4.8011,2.3989,12.4852,-1.9074,0.0002,-1.5045,0,0,1,0.94328,1
0.4831,4.4405,2.3729,11.4811,-0.8449,0.0241,-0.5062,0,0,0,0.00000,3
0.3645,3.8990,2.7711,11.5652,-2.5608,0.1445,-0.5569,0,1,0,0.21302,3
0.3698,3.9285,2.7522,11.5318,2.7703,0.1246,-0.5158,0,0,0,0.00000,3
0.5685,5.3947,2.2305,11.5116,1.1654,0.0183,-0.6571,0,0,0,0.00000,1
0.4266,4.4197,2.6118,11.7187,-3.0124,0.0139,-0.6198,0,1,0,0.51448,3
0.5529,5.0613,2.2302,12.0132,-0.6853,0.0133,-1.1764,0,0,1,0.46283,1
0.4849,4.6339,2.4088,11.9708,-1.3610,0.0373,-1.0007,0,0,1,0.60429,1
0.4995,4.7553,2.3759,12.0452,-1.2885,0.0378,-1.1120,0,1,1,0.59588,1
0.4442,4.7261,2.6067,11.8731,2.5704,0.0161,-0.7919,0,0,1,0.59915,3
0.3636,3.9808,2.8013,11.3564,-2.8962,0.0961,-0.3467,0,0,0,0.00000,3
0.4674,4.5446,2.4617,11.3869,-0.5679,0.0108,-0.3845,0,0,0,0.00000,3
0.5134,4.8431,2.3390,12.5649,-1.2882,0.0167,-1.6757,0,1,0,1.04426,1
0.5771,5.3033,2.1833,11.5441,-0.2676,0.0449,-0.7397,0,0,0,0.00000,3
0.3943,4.2417,2.7198,11.6050,2.7431,0.0966,-0.5741,0,1,0,0.23100,3
0.5091,5.2278,2.4334,11.3841,-2.4099,0.0521,-0.4822,0,0,0,0.00000,1
0.5238,5.3155,2.3902,12.2161,0.6503,0.0314,-1.3528,0,0,1,0.75771,1
0.6121,5.7301,2.1240,11.4283,0.3823,0.0161,-0.6251,0,0,0,0.00000,1
0.3785,3.9549,2.7154,11.2774,-2.7570,0.0495,-0.2505,0,0,0,0.00000,3
0.4368,4.4076,2.5617,12.9648,-1.2995,0.0214,-1.7962,0,1,0,1.75190,1
0.4283,4.5547,2.6381,11.5342,2.7449,0.0269,-0.4827,0,0,0,0.00000,3
0.3885,4.2458,2.7499,11.9741,-3.0941,0.0096,-0.7491,0,1,0,0.75806,1
0.4627,4.7455,2.5279,11.4506,2.3917,0.1149,-0.5604,0,0,0,0.00000,1
0.5007,5.0999,2.4427,11.5262,2.3958,0.0619,-0.6230,0,0,0,0.00000,1
0.5007,5.3441,2.4921,11.3485,2.2215,0.0106,-0.3892,0,0,0,0.00000,3
0.4385,4.2576,2.5165,11.4159,-2.6642,0.0501,-0.4219,0,0,0,0.00000,1
0.4202,4.2208,2.5893,11.5888,-1.1424,0.0438,-0.5363,0,1,0,0.25024,1
0.5539,5.6082,2.3230,11.4211,1.6169,0.0179,-0.5386,0,0,0,0.00000,3
0.4283,4.2876,2.5697,11.7817,-0.1279,0.0021,-0.6611,0,0,1,0.25833,1
0.3455,3.7191,2.8154,12.6323,-3.0154,0.1388,-1.3273,0,1,0,1.58270,1
0.5008,4.9628,2.4142,12.0790,-0.6310,0.0307,-1.1414,0,0,1,0.23807,1
0.4096,4.2018,2.6336,11.7770,-2.3848,0.0683,-0.7059,0,0,1,0.25923,3
0.4105,4.1144,2.6056,12.4993,-2.1679,0.0151,-1.2534,0,0,0,0.00000,1
0.4019,4.0708,2.6342,11.2880,-1.6711,0.0156,-0.2404,0,0,0,0.00000,1
0.4186,4.4590,2.6598,12.1218,-1.7233,0.0268,-0.9657,0,1,0,0.80800,1
0.4854,4.8729,2.4590,11.7006,0.1751,0.0068,-0.6991,0,1,0,0.17306,1
0.3816,3.9187,2.6892,12.0889,3.0121,0.0168,-0.8318,0,1,0,0.71846,3
0.4632,4.7579,2.5285,11.6216,2.5413,0.0076,-0.5886,0,1,0,0.25719,3
0.3710,4.0288,2.7767,12.3675,-3.0681,0.0639,-1.0895,0,1,0,1.11127,3
0.5117,4.6379,2.3034,12.0598,-0.6563,0.0228,-1.1355,0,0,1,0.58433,1
0.3986,4.0318,2.6388,11.6858,-1.8813,0.0263,-0.5598,0,1,0,0.18691,3
0.4364,4.8079,2.6627,11.3783,-2.8994,0.0043,-0.3357,0,0,0,0.00000,0
0.4132,4.2991,2.6432,11.3723,2.2410,0.0218,-0.3248,0,0,0,0.00000,3
0.4786,4.8471,2.4821,11.3519,2.4113,0.0199,-0.3770,0,0,0,0.00000,3
0.3508,3.8090,2.8157,12.8616,-3.1069,0.0633,-1.4127,0,1,1,1.42838,1
0.5481,5.4275,2.3141,11.8401,1.5878,0.0505,-1.0259,0,0,1,0.31776,1
0.4920,5.4057,2.5420,11.4691,-2.3063,0.1240,-0.6293,0,0,0,0.00000,1
0.5128,4.8034,2.3332,11.3596,-1.0854,0.0207,-0.4237,0,0,0,0.00000,3
0.3925,3.9608,2.6480,11.3600,-2.1201,0.0342,-0.3076,0,0,0,0.00000,3
0.3506,3.7372,2.7935,12.3837,-2.8753,0.0178,-0.9751,0,1,1,1.00887,1
0.3459,3.7499,2.8236,12.6649,-2.5059,0.0353,-1.1967,0,1,0,0.97074,1
0.3697,3.9534,2.7605,11.5222,-3.0118,0.1508,-0.5391,0,0,0,0.00000,1
0.3812,4.1539,2.7609,11.5283,2.7258,0.2443,-0.6692,0,0,0,0.00000,1
0.5037,4.5515,2.3163,11.3633,1.2750,0.0204,-0.4154,0,0,0,0.00000,1
0.4069,4.1800,2.6409,12.9753,2.9379,0.0178,-1.6693,0,0,1,1.20895,1
0.4788,5.2325,2.5646,13.0770,2.3152,0.0234,-2.1077,0,1,1,1.97029,1
0.5096,5.4646,2.4779,11.5282,-2.3231,0.0198,-0.5885,0,0,0,0.00000,3
0.4150,4.2214,2.6137,11.3636,2.9860,0.0569,-0.3600,0,0,0,0.00000,1
0.4808,4.9175,2.4880,12.6869,-0.8539,0.0053,-1.6700,0,0,1,1.23818,1
0.4733,4.5653,2.4415,11.4290,-1.4025,0.0043,-0.4221,0,0,0,0.00000,3
0.4367,4.3312,2.5432,11.3413,2.4596,0.0445,-0.3501,0,0,0,0.00000,1
0.4413,4.6311,2.5968,11.9219,1.3292,0.0205,-0.8350,0,0,1,0.58323,1
0.5487,5.5615,2.3357,12.5251,0.4742,0.0251,-1.7752,0,1,0,1.03504,1
0.3732,4.0793,2.7807,12.5094,-3.0523,0.0263,-1.1561,0,1,0,1.09249,3
0.5897,5.8282,2.2216,11.5234,0.4900,0.0023,-0.6860,0,0,0,0.00000,3
0.4396,4.2386,2.5066,12.7569,-1.8227,0.0057,-1.5784,0,1,0,0.25556,1
0.5224,5.2829,2.3895,11.2170,1.4460,0.0035,-0.2746,0,0,0,0.00000,3
0.4987,5.1431,2.4596,11.5284,-1.8360,0.0208,-0.5726,0,0,0,0.00000,3
0.3940,4.0698,2.6722,12.3100,2.8666,0.0124,-1.0373,0,1,0,1.03867,1
0.3323,3.6279,2.8585,13.1729,3.0812,0.0615,-1.5749,0,1,1,2.13840,1
0.3714,4.0764,2.7894,12.2587,2.9770,0.0099,-0.9297,0,0,0,0.00000,1
0.3883,4.0898,2.7060,11.7366,2.5979,0.0244,-0.5804,0,0,1,0.29823,3
0.4104,4.1891,2.6265,11.4871,-1.6227,0.0559,-0.4535,0,0,0,0.00000,1
0.5398,5.1857,2.3024,11.4084,2.1932,0.0118,-0.4971,0,0,0,0.00000,1
0.4050,4.3605,2.6994,11.4064,-2.4693,0.0786,-0.4086,0,0,0,0.00000,3
0.4524,4.5497,2.5276,12.0215,-3.0250,0.0346,-0.9691,0,1,0,0.55714,1
0.4842,4.9667,2.4841,11.5716,-2.2500,0.0156,-0.5853,0,0,0,0.00000,3
0.3908,4.0610,2.6855,11.4703,-2.7564,0.1533,-0.5294,0,0,0,0.00000,1
0.3846,3.9336,2.6785,11.9803,1.7467,0.0065,-0.7400,0,0,1,0.49510,1
0.4490,4.5739,2.5480,11.6532,-2.9199,0.0588,-0.6566,0,0,0,0.00000,1
0.4132,4.4778,2.6907,12.2024,2.3397,0.0183,-1.0099,0,0,0,0.00000,1
0.4808,4.8073,2.4640,11.4862,-1.4755,0.0318,-0.5187,0,0,0,0.00000,3
0.4708,4.8056,2.5065,11.3696,-1.3905,0.0146,-0.3782,0,0,0,0.00000,3
0.4297,4.3234,2.5725,12.3964,-2.5896,0.0516,-1.2780,0,0,1,1.15962,1
0.4254,4.3820,2.6077,11.4928,2.2352,0.0427,-0.4622,0,0,0,0.00000,3
0.4767,4.5030,2.4130,11.5404,-1.7076,0.0134,-0.5401,0,0,0,0.00000,3
0.4085,4.2703,2.6578,13.1490,-2.7350,0.0148,-1.8311,0,1,0,1.58531,1
0.4612,4.5678,2.4934,11.6228,2.7190,0.0461,-0.6330,0,1,0,0.22040,1
0.4222,4.4778,2.6475,11.9678,2.6575,0.0727,-0.9009,0,1,0,0.72854,3
0.5057,5.1726,2.4366,11.2990,-1.6512,0.0534,-0.3959,0,0,0,0.00000,3
0.3858,3.9799,2.6865,12.1907,3.1256,0.0942,-1.0301,0,1,0,0.72296,1
0.3673,3.8548,2.7421,11.7521,-2.5977,0.1486,-0.7085,0,1,0,0.53204,1
0.4455,4.6024,2.5706,11.2773,2.3728,0.0209,-0.2779,0,0,0,0.00000,3
0.3933,4.2212,2.7190,11.9340,2.4367,0.1338,-0.8866,0,0,0,0.00000,3
0.4180,4.4412,2.6581,11.3781,3.0037,0.0122,-0.3239,0,0,0,0.00000,3
0.5344,5.0725,2.3022,11.4262,-0.6878,0.0751,-0.5847,0,0,0,0.00000,1
0.4348,4.2328,2.5263,11.3993,2.5292,0.0067,-0.3527,0,0,0,0.00000,3
0.4639,4.9486,2.5688,12.9705,1.9193,0.0066,-1.8970,1,1,1,1.00098,1
0.4273,4.1457,2.5369,11.3420,2.6830,0.0295,-0.3234,0,0,0,0.00000,1
0.4008,4.0358,2.6296,11.8332,-2.7861,0.0582,-0.7224,0,1,0,0.59108,1
0.5623,5.1587,2.2127,11.5878,0.3796,0.0549,-0.7766,0,0,0,0.00000,3
0.5464,5.4084,2.3174,11.6017,1.9030,0.0182,-0.7203,0,0,0,0.00000,1
0.4077,4.3485,2.6828,12.0981,-2.6318,0.1425,-1.0732,0,1,0,0.34454,1
0.3924,4.0459,2.6729,11.3349,-2.9966,0.0515,-0.3083,0,0,0,0.00000,3
0.5010,5.1314,2.4476,11.4303,-1.4383,0.0318,-0.4931,0,0,0,0.00000,3
0.4152,4.2755,2.6273,11.8789,1.7688,0.0045,-0.7208,0,1,0,0.41775,1
0.3649,3.8696,2.7596,13.2023,2.8736,0.0471,-1.7296,0,1,1,2.16461,1
0.4443,4.5503,2.5633,11.4402,-2.4127,0.1116,-0.5232,0,0,0,0.00000,1
0.4256,4.5953,2.6614,11.3353,-3.0507,0.0263,-0.3134,0,0,0,0.00000,3
0.4476,4.2225,2.4680,11.3496,-2.3652,0.0119,-0.3304,0,0,0,0.00000,1
0.5008,4.9049,2.4021,11.2935,1.3657,0.0384,-0.3674,0,0,0,0.00000,3
0.6016,5.7839,2.1705,12.0599,0.0669,0.0370,-1.3958,0,0,1,0.30798,1
0.4250,4.6224,2.6709,12.6103,-2.9270,0.0962,-1.5291,0,1,1,1.19179,1
0.4031,4.4006,2.7196,13.2223,2.8648,0.0757,-1.9849,0,1,2,2.00068,1
0.4696,4.6339,2.4727,11.3166,-1.9047,0.0255,-0.3410,0,0,0,0.00000,3
0.5388,5.6169,2.3850,11.3489,-0.5559,0.0248,-0.4515,0,0,0,0.00000,1
0.4299,4.4588,2.6062,11.3896,2.0166,0.0216,-0.3572,0,0,0,0.00000,3
0.5649,5.8343,2.3182,11.7111,2.1573,0.0277,-0.8883,0,0,0,0.00000,1
0.4723,5.0005,2.5431,11.5082,2.7553,0.0963,-0.6053,0,0,0,0.00000,1
0.4559,4.4025,2.4767,12.7493,-2.1828,0.0332,-1.6817,0,1,1,1.58646,1
0.4607,4.8770,2.5669,12.0954,-3.0172,0.0594,-1.0947,0,0,1,0.37979,1
0.4376,4.4978,2.5810,11.9428,2.4321,0.0035,-0.8226,0,1,0,0.50104,3
0.4045,4.0359,2.6119,11.2892,1.9560,0.0621,-0.2962,0,0,0,0.00000,3
0.5426,5.2348,2.3008,11.4967,1.8096,0.0599,-0.6529,0,0,0,0.00000,1
0.4051,4.2158,2.6594,12.2810,2.4627,0.0229,-1.0600,0,0,1,0.89886,1
0.5485,5.3364,2.2965,11.5027,1.4823,0.0366,-0.6397,0,0,0,0.00000,3
0.4532,4.3449,2.4743,11.4696,-0.9326,0.0156,-0.4460,0,0,0,0.00000,3
0.3816,4.1138,2.7474,12.7149,3.1121,0.0049,-1.3207,0,0,1,1.05577,1
0.3652,3.8742,2.7597,12.5717,-2.9558,0.0758,-1.2530,0,1,2,6.11595,1
0.4959,4.7184,2.3827,11.2534,1.6407,0.0292,-0.3131,0,0,0,0.00000,3
0.4331,4.1793,2.5201,11.3835,1.1552,0.0300,-0.3646,0,0,0,0.00000,1
0.4859,4.6130,2.4001,11.3125,0.6073,0.0107,-0.3369,0,0,0,0.00000,3
0.4231,4.1406,2.5546,12.8235,-2.3825,0.0015,-1.5688,1,1,0,1.32277,1
0.4266,4.6876,2.6799,11.8014,2.2054,0.0074,-0.6832,0,1,0,0.48440,1
0.5229,4.8518,2.3037,11.3972,-0.2187,0.0247,-0.4783,0,0,0,0.00000,3
0.5106,5.0836,2.3986,12.0486,-0.1142,0.0061,-1.1013,0,1,0,0.43254,3
0.4051,4.4528,2.7240,11.9620,3.0650,0.0406,-0.8160,0,1,1,0.53815,3
0.4267,4.2540,2.5683,11.4208,1.6703,0.0445,-0.4056,0,0,0,0.00000,3
0.4702,4.3695,2.4089,11.7382,2.6183,0.0015,-0.6978,0,0,1,0.29197,1
0.5233,5.5641,2.4391,11.5778,2.6433,0.0213,-0.6622,0,0,0,0.00000,3
0.4138,4.2553,2.6285,12.8159,3.0056,0.0066,-1.5345,0,0,1,1.41974,1
0.4335,4.6187,2.6298,11.6028,2.8416,0.0986,-0.6354,0,1,0,0.25813,1
0.4461,4.6274,2.5742,12.1608,-2.5063,0.0876,-1.1570,0,0,1,0.82773,1
0.4930,4.4929,2.3453,12.1237,-0.1224,0.0259,-1.1574,0,0,1,0.57265,1
0.3641,3.8319,2.7518,12.6498,2.9225,0.0835,-1.3250,1,1,1,1.98542,1
0.4993,4.5477,2.3324,11.5147,1.6249,0.0505,-0.5938,0,0,0,0.00000,1
0.4426,4.5751,2.5771,11.2822,-1.4844,0.0093,-0.2660,0,0,0,0.00000,1
0.3884,4.2852,2.7620,13.1090,-2.9565,0.0218,-1.7138,0,1,1,1.63872,0
0.3664,3.9789,2.7858,11.3341,2.5082,0.0481,-0.2793,0,0,0,0.00000,1
0.4502,4.2418,2.4620,12.1238,2.6577,0.0130,-1.0273,0,0,3,0.99963,1
0.4222,4.3412,2.6117,11.6968,2.7779,0.0745,-0.6685,0,1,0,0.32540,1
0.4114,4.4384,2.6888,12.1238,2.2946,0.0477,-0.9774,0,1,0,0.41829,3
0.4346,4.3717,2.5627,11.3941,-2.7135,0.0430,-0.3908,0,0,0,0.00000,1
0.6132,5.9588,2.1537,12.0353,0.9038,0.0369,-1.3972,0,1,0,0.43463,1
0.4689,4.5638,2.4597,11.4756,1.8402,0.0301,-0.4900,0,0,0,0.00000,3
0.4282,4.3090,2.5759,11.6739,1.0371,0.0272,-0.6003,0,0,1,0.27236,1
0.4108,4.3928,2.6799,11.5186,3.0696,0.0392,-0.4601,0,0,0,0.00000,3
0.4495,4.2858,2.4758,11.4347,1.6595,0.0010,-0.3933,0,0,0,0.00000,3
0.4596,4.5509,2.4964,11.5319,1.2801,0.0205,-0.5167,0,0,0,0.00000,3
0.3844,3.9854,2.6952,12.6554,2.5442,0.0129,-1.2933,0,1,0,1.56403,1
0.5168,5.5646,2.4666,12.6061,2.8670,0.0170,-1.7409,0,1,0,1.00130,1
0.4666,4.3239,2.4132,11.3629,0.5329,0.0320,-0.3862,0,0,0,0.00000,1
0.4828,4.7105,2.4345,12.5794,-2.2467,0.0164,-1.5818,0,0,4,1.06033,1
0.4759,5.0994,2.5489,13.0444,2.4554,0.0072,-2.0298,0,1,1,1.53972,1
0.4508,4.7031,2.5710,11.4158,2.5254,0.1100,-0.5077,0,0,0,0.00000,1
0.3619,3.9307,2.7950,12.6246,-2.8315,0.0736,-1.2803,0,1,1,1.30983,1
0.4772,4.5488,2.4213,11.3439,-1.2967,0.0028,-0.3471,0,0,0,0.00000,3
0.4016,4.3255,2.7068,12.5669,2.6030,0.0293,-1.3048,0,1,1,1.32989,1
0.4705,4.8061,2.5079,11.4243,-2.6310,0.0328,-0.4490,0,0,0,0.00000,1
0.4976,4.9917,2.4330,11.4704,2.2981,0.0603,-0.5615,0,0,0,0.00000,1
0.3620,3.9160,2.7898,11.8806,-2.6519,0.1644,-0.8167,0,1,0,0.32376,1
0.5733,5.2148,2.1820,11.4364,0.8901,0.0325,-0.5973,0,0,0,0.00000,1
0.5034,5.5119,2.5136,11.4182,-2.7727,0.0193,-0.4709,0,0,0,0.00000,3
0.3631,3.9505,2.7946,12.1321,3.0645,0.0087,-0.8096,0,1,0,0.84471,1
0.4073,4.4849,2.7218,12.6473,2.4732,0.0325,-1.4008,0,0,1,0.94146,0
0.4003,4.0456,2.6346,12.5834,-1.5137,0.0268,-1.3100,0,1,0,1.25547,1
0.5713,5.4053,2.2218,11.9431,-1.6184,0.0074,-1.1357,0,0,3,0.73070,1
0.3961,3.9757,2.6345,12.1847,-2.0494,0.0516,-0.9940,0,1,0,0.63348,1
0.3551,3.7758,2.7815,11.7574,-1.8840,0.0596,-0.5814,0,0,2,0.37340,1
0.4230,4.1498,2.5573,11.2508,1.9515,0.0147,-0.2282,0,0,0,0.00000,3
0.5193,5.2495,2.3959,11.2820,1.0705,0.0083,-0.3413,0,0,0,0.00000,3
0.5918,5.5632,2.1719,11.6527,-0.6147,0.0724,-0.9278,0,0,0,0.00000,3
0.4691,4.3947,2.4194,11.8489,-1.1856,0.0129,-0.8144,0,0,1,0.48472,1
0.4047,4.1557,2.6447,11.8538,-2.4690,0.0241,-0.7038,0,0,0,0.00000,3
0.5412,5.2804,2.3144,11.4166,1.1752,0.0079,-0.5033,0,0,0,0.00000,3
0.5318,5.6503,2.4196,11.9923,1.2158,0.0207,-1.1176,0,0,1,0.47867,1
0.4198,4.1700,2.5775,12.5194,-2.2961,0.0156,-1.3030,0,1,0,1.04296,1
0.4423,4.4540,2.5490,11.9381,-2.2224,0.0027,-0.8272,0,1,0,0.50447,3
0.3639,3.8486,2.7583,12.7879,-2.6356,0.0673,-1.4120,1,1,0,1.66233,1
0.4408,4.4053,2.5436,11.3795,2.2254,0.0457,-0.3885,0,0,0,0.00000,3
0.3673,4.0207,2.7939,11.9494,2.8328,0.0267,-0.7056,0,0,1,0.27353,1
0.3700,4.0528,2.7893,12.1875,2.4615,0.0628,-0.9421,0,0,1,0.45568,3
0.4015,4.4253,2.7342,11.2859,2.3328,0.0248,-0.2494,0,0,0,0.00000,0
0.4772,4.8712,2.4932,11.4868,-0.9032,0.0324,-0.5153,0,0,0,0.00000,1
0.4476,4.5294,2.5435,12.4136,2.1569,0.0267,-1.3141,0,0,2,1.17232,1
0.3584,3.9403,2.8167,11.2574,-2.7376,0.0315,-0.2002,0,0,0,0.00000,1
0.6495,5.9470,2.0225,12.2677,-0.3664,0.0790,-1.8704,0,0,1,0.42901,1
0.3805,4.0759,2.7414,12.5084,2.4984,0.0214,-1.1721,1,1,0,1.11679,1
0.4748,4.3839,2.3939,11.4880,-0.9572,0.0422,-0.5232,0,0,0,0.00000,3
0.4406,4.3770,2.5373,11.4514,2.3735,0.0489,-0.4539,0,0,0,0.00000,1
0.4805,5.2555,2.5617,12.5083,-2.7885,0.0008,-1.4816,0,0,2,1.13699,1
0.4338,4.3018,2.5485,11.3216,-0.6361,0.0137,-0.2950,0,0,0,0.00000,1
0.4755,4.6438,2.4500,11.3294,-0.7154,0.0099,-0.3407,0,0,0,0.00000,3
0.5125,4.9130,2.3565,11.3634,-0.7088,0.0059,-0.4100,0,0,0,0.00000,3
0.4667,4.3416,2.4168,11.9754,-1.7328,0.0062,-0.9192,0,0,1,0.55881,1
0.3928,3.9835,2.6529,11.3279,2.3057,0.0335,-0.2828,0,0,0,0.00000,3
0.4513,4.6711,2.5611,11.5062,-0.7465,0.0088,-0.4688,0,0,0,0.00000,1
0.5508,5.7722,2.3638,11.4181,1.8292,0.0377,-0.5556,0,0,0,0.00000,3
0.5384,5.6394,2.3907,11.4508,1.5922,0.0338,-0.5682,0,0,0,0.00000,3
0.5040,4.8262,2.3729,12.1261,-0.6395,0.0227,-1.1863,0,0,1,0.59046,1
0.3877,4.2692,2.7611,12.9106,-2.6243,0.0997,-1.6656,0,1,1,1.40404,0
0.4501,4.3225,2.4822,12.5276,-1.1412,0.0166,-1.4145,0,0,1,1.26806,1
0.3982,4.1124,2.6637,11.3742,3.0937,0.0417,-0.3332,0,0,0,0.00000,3
0.3769,4.0490,2.7521,12.4009,2.8286,0.0983,-1.1839,0,1,0,0.41946,1
0.5542,5.7627,2.3486,11.8469,1.5721,0.0316,-1.0237,0,0,1,0.48135,3
0.4555,4.4177,2.4823,11.8255,-1.1493,0.0216,-0.7771,0,1,0,0.48216,3
0.4974,5.0842,2.4531,11.2379,-1.0261,0.0397,-0.3128,0,0,0,0.00000,1
0.4012,4.4015,2.7292,11.6640,-2.8476,0.0214,-0.5417,0,1,0,0.30618,1
0.3687,4.0481,2.7947,12.0056,-2.9691,0.0409,-0.7695,0,1,0,0.37585,3
0.4461,4.2286,2.4763,11.3598,-2.5675,0.0258,-0.3538,0,0,0,0.00000,1
0.4134,4.3819,2.6644,11.7918,-2.4833,0.0704,-0.7281,0,1,0,0.18750,3
0.5161,5.5403,2.4647,11.4700,1.3349,0.0303,-0.5525,0,0,0,0.00000,1
0.3636,3.8739,2.7678,11.7949,-2.7851,0.1546,-0.7418,0,0,1,0.44767,1
0.5239,4.7811,2.2859,12.0114,0.5838,0.0151,-1.1043,0,0,1,0.57565,1
0.4404,4.7667,2.6340,12.4724,1.5769,0.0135,-1.3281,0,1,1,0.82540,1
0.3354,3.6474,2.8475,13.0103,-2.9542,0.0224,-1.3965,1,1,0,1.05207,1
0.4834,4.4816,2.3810,11.4671,2.4364,0.0097,-0.4761,0,0,0,0.00000,1
0.3969,4.3543,2.7381,12.3234,-1.9861,0.0398,-1.0966,0,1,1,0.66842,1
0.3859,4.0828,2.7162,12.7603,-2.4593,0.0054,-1.3753,0,1,0,0.92596,1
0.4452,4.8998,2.6430,11.4309,2.8599,0.0676,-0.4647,0,0,0,0.00000,3
0.5016,4.5481,2.3236,11.8588,-0.5937,0.0049,-0.8807,0,1,0,0.19982,1
0.4428,4.2693,2.5007,11.3780,-2.7796,0.0110,-0.3486,0,0,0,0.00000,3
0.3728,4.1015,2.7893,11.3244,-2.4684,0.0198,-0.2464,0,0,0,0.00000,1
0.5474,5.1484,2.2667,12.5788,-0.1406,0.0158,-1.8140,0,1,0,1.05251,1
0.4204,4.2986,2.6089,12.4314,1.7883,0.0371,-1.2588,0,0,3,0.89365,1
0.4332,4.2386,2.5348,11.2562,-1.6959,0.0321,-0.2612,0,0,0,0.00000,3
0.3804,4.0733,2.7413,11.2649,-2.4123,0.0141,-0.2035,0,0,0,0.00000,1
0.5538,5.4537,2.2968,12.3558,-0.5703,0.0320,-1.6032,0,0,1,0.60906,1
0.4484,4.3687,2.5009,11.5154,1.3030,0.0222,-0.4879,0,0,0,0.00000,3
0.4499,4.9411,2.6311,12.8159,2.7160,0.0390,-1.7356,0,1,0,1.58182,1
0.3799,4.0401,2.7341,13.2043,2.5218,0.0303,-1.7725,0,1,0,2.23443,1
0.3352,3.6800,2.8599,12.8182,-2.5943,0.0235,-1.2537,0,0,4,1.54900,1
0.3549,3.8463,2.8057,11.5796,2.4893,0.0493,-0.4417,0,1,0,0.26742,1
0.4820,4.9848,2.4976,11.5415,1.3747,0.0361,-0.5784,0,0,0,0.00000,3
0.4847,4.7714,2.4401,11.2758,-1.1478,0.0116,-0.3031,0,0,0,0.00000,3
0.4301,4.4118,2.5936,12.5339,1.2196,0.0339,-1.3800,0,1,2,2.06192,1
0.4059,4.1295,2.6313,11.2730,2.2760,0.1104,-0.3394,0,0,0,0.00000,3
0.3827,4.1062,2.7393,11.3865,2.5070,0.0697,-0.3583,0,0,0,0.00000,3
0.5017,5.1218,2.4430,11.4043,2.2557,0.0126,-0.4458,0,0,0,0.00000,3
0.4490,4.7734,2.5956,11.9952,2.2977,0.0626,-0.9750,0,1,0,0.49651,3
0.5445,5.2411,2.2946,11.4129,-1.6508,0.0005,-0.4945,0,0,0,0.00000,1
0.5076,5.2868,2.4512,11.7106,1.3251,0.0125,-0.7584,0,0,1,0.26743,3
0.4052,4.3212,2.6878,11.4538,-2.0977,0.0395,-0.4013,0,0,0,0.00000,1
0.3847,4.2453,2.7695,11.3073,-2.8071,0.0818,-0.3146,0,0,0,0.00000,2
0.3780,3.9347,2.7122,12.0007,2.4190,0.0091,-0.7447,0,1,0,0.46322,1
0.5363,5.2173,2.3219,11.2997,-0.3722,0.0543,-0.4310,0,0,0,0.00000,1
0.3769,3.9842,2.7325,12.6008,-2.6901,0.0209,-1.2345,0,0,1,1.33794,1
0.3982,4.2376,2.6988,11.9943,2.6927,0.0153,-0.7940,0,1,0,0.33117,3
0.3790,3.9923,2.7244,12.6501,-2.6148,0.1214,-1.4379,0,1,2,1.46274,1
0.4099,4.2572,2.6474,11.5133,2.6975,0.0632,-0.4828,0,0,0,0.00000,3
0.3803,4.1152,2.7544,11.8234,2.5923,0.0725,-0.6930,1,1,1,0.63764,3
0.5713,5.3667,2.2151,11.5940,1.1914,0.0263,-0.7634,0,0,0,0.00000,1
0.3582,3.9532,2.8217,11.7549,2.6325,0.1422,-0.6858,0,0,1,0.50994,2
0.4573,4.7114,2.5441,11.4372,2.7002,0.0645,-0.4815,0,0,0,0.00000,1
0.4467,4.4439,2.5268,12.1315,0.8794,0.0064,-1.0177,0,0,3,1.07349,1
0.4367,4.8206,2.6641,11.3351,2.5766,0.0968,-0.4056,0,0,0,0.00000,2
0.4924,4.7807,2.4103,11.4588,0.1457,0.0248,-0.4996,0,0,0,0.00000,1
0.3800,4.1758,2.7738,11.4490,-2.3147,0.0584,-0.3893,0,0,0,0.00000,1
0.4120,4.1131,2.5980,11.3557,2.3426,0.0270,-0.3160,0,0,0,0.00000,3
0.4444,4.6393,2.5845,11.4904,2.7117,0.0319,-0.4731,0,0,0,0.00000,3
0.4182,4.0829,2.5612,12.1001,3.1387,0.0225,-0.9386,0,1,1,0.84852,1
0.5082,5.4663,2.4839,11.4164,2.9188,0.0127,-0.4673,0,0,0,0.00000,3
0.4119,4.4384,2.6863,11.3331,-2.8865,0.0337,-0.3063,0,0,0,0.00000,3
0.4046,4.1292,2.6377,12.8259,-2.2299,0.0120,-1.5153,0,0,1,1.32022,1
0.4794,4.7122,2.4492,11.8117,-0.8793,0.0332,-0.8278,0,0,1,0.29472,1
0.5662,5.4986,2.2567,11.3463,-0.8662,0.0680,-0.5329,0,0,0,0.00000,3
0.4251,4.2580,2.5766,12.0746,0.9893,0.0191,-0.9294,1,1,1,1.27802,1
0.5679,5.7945,2.2998,11.3177,0.1351,0.0092,-0.4348,0,0,0,0.00000,3
0.5210,5.3075,2.4002,11.5343,1.6833,0.0252,-0.6175,0,0,0,0.00000,3
0.3963,4.3619,2.7431,12.3451,-2.2587,0.0299,-1.0993,0,1,0,0.47557,1
0.4089,4.1458,2.6218,11.3920,-1.6716,0.0260,-0.3404,0,0,0,0.00000,1
0.4251,4.4179,2.6183,11.3394,2.7155,0.0409,-0.3326,0,0,0,0.00000,3
0.5248,5.3230,2.3876,12.5785,0.5151,0.0050,-1.7174,0,1,0,1.00786,1
0.4715,5.1069,2.5702,11.6620,1.8412,0.0406,-0.6814,0,1,0,0.16509,3
0.3896,4.0798,2.6965,12.2889,2.2565,0.0620,-1.0775,0,1,1,0.65502,3
0.4793,4.5272,2.4081,11.3332,2.2664,0.0151,-0.3538,0,0,0,0.00000,1
0.4895,4.6866,2.4018,11.2791,-0.7866,0.0367,-0.3396,0,0,0,0.00000,3
0.5429,5.6096,2.3671,11.4071,-1.0041,0.0844,-0.5887,0,0,0,0.00000,1
0.3881,4.0605,2.6987,12.6032,2.4847,0.0200,-1.2741,0,1,1,1.10370,1
0.3576,3.9226,2.8155,12.9290,-2.8254,0.0285,-1.4378,0,1,0,0.19978,1
0.3823,4.1200,2.7452,11.5110,2.0582,0.0414,-0.4191,0,0,0,0.00000,1
0.4151,4.0959,2.5791,12.1117,1.3392,0.0145,-0.9298,0,0,1,0.72279,1
0.5687,5.5721,2.2596,11.9846,-1.5458,0.0033,-1.1735,0,0,1,0.34633,1
0.3999,4.1018,2.6527,11.4670,2.2126,0.0266,-0.3897,0,0,0,0.00000,3
0.4506,4.6755,2.5655,11.6447,2.9491,0.0097,-0.5913,0,1,0,0.30227,3
0.4762,4.4261,2.3975,11.4030,0.0782,0.0003,-0.3965,0,0,0,0.00000,3
0.3745,4.1217,2.7866,13.1601,-2.9475,0.0219,-1.6931,0,0,2,1.82885,1
0.5347,5.3394,2.3509,11.5206,-0.4894,0.0501,-0.6549,0,0,0,0.00000,1
0.3660,3.8992,2.7632,12.6532,2.6167,0.0697,-1.3129,0,1,1,0.93750,1
0.4572,4.3911,2.4685,11.7258,0.2444,0.0050,-0.6680,0,1,0,0.27057,3
0.4420,4.7698,2.6273,12.7474,2.4104,0.0103,-1.5902,0,1,0,1.42230,1
0.4760,5.1515,2.5593,12.5648,-1.4654,0.0113,-1.5387,0,0,1,1.26713,1
0.5873,5.9581,2.2512,12.2337,0.6337,0.0100,-1.5319,0,0,2,0.84664,1
0.4849,4.6345,2.4092,11.8531,2.0072,0.0228,-0.8650,0,1,0,0.23270,1
0.4491,4.3295,2.4883,11.2679,2.5161,0.0114,-0.2615,0,0,0,0.00000,3
0.3761,3.9485,2.7258,11.2260,-2.6064,0.0244,-0.1834,0,0,0,0.00000,1
0.3830,4.1688,2.7562,12.4139,2.8767,0.0803,-1.1876,0,1,0,0.97072,3
0.5176,5.0551,2.3647,11.3543,1.0964,0.0908,-0.5081,0,0,0,0.00000,3
0.4646,4.5701,2.4791,11.7005,-2.2474,0.0204,-0.6783,0,0,1,0.31669,3
0.4780,4.4374,2.3931,11.3430,1.1873,0.0503,-0.4025,0,0,0,0.00000,3
0.4121,4.5347,2.7111,11.8324,-2.2207,0.0121,-0.6868,0,1,0,0.64336,1
0.4322,4.6653,2.6473,12.5536,2.3862,0.0131,-1.3754,0,1,0,1.16416,1
0.4277,4.6474,2.6646,12.0719,2.6722,0.0095,-0.9224,0,1,0,0.29478,1
0.3633,3.8488,2.7613,12.5637,2.5762,0.0045,-1.1333,0,1,0,1.28252,1
0.4249,4.6146,2.6697,12.8426,-2.2394,0.0134,-1.6169,0,1,0,1.63425,1
0.5575,5.1787,2.2338,11.4811,-0.5762,0.1044,-0.7129,0,0,0,0.00000,1
0.5996,5.5191,2.1369,11.2794,0.7122,0.0382,-0.4616,0,0,0,0.00000,3
0.4949,4.6131,2.3639,11.5802,-1.3429,0.0188,-0.6121,0,0,0,0.00000,3
0.3692,3.9556,2.7638,11.2576,-2.9863,0.0430,-0.2214,0,0,0,0.00000,3
0.4386,4.4377,2.5615,12.1330,-1.4340,0.0005,-0.9903,0,1,0,0.24666,1
0.4919,5.2703,2.5147,12.4307,-1.1118,0.0085,-1.4509,0,1,0,1.10015,1
0.4289,4.2855,2.5666,12.1863,-1.1131,0.0356,-1.0608,0,1,0,0.90798,1
0.4113,4.0807,2.5925,11.6779,2.4687,0.0069,-0.5503,0,1,0,0.33022,3
0.4527,4.9406,2.6179,12.1871,-2.9299,0.0691,-1.1746,0,0,2,0.55283,1
0.3996,4.1426,2.6656,12.0908,-2.5807,0.0179,-0.8792,0,1,0,0.68726,3
0.4655,5.0343,2.5808,11.3938,-2.1961,0.0477,-0.4332,0,0,0,0.00000,3
0.4058,4.4065,2.7079,12.3702,2.3835,0.1327,-1.2959,0,1,0,1.17440,1
0.4221,4.3293,2.6092,11.3323,-1.2573,0.0377,-0.3199,0,0,0,0.00000,1
0.4421,4.4319,2.5442,11.2982,-1.8188,0.0073,-0.2765,0,0,0,0.00000,3
0.4783,5.1402,2.5472,12.2884,2.2102,0.0550,-1.3290,0,0,1,0.92272,3
0.5349,5.1718,2.3190,11.3769,-0.5586,0.0693,-0.5272,0,0,0,0.00000,1
0.4221,4.3198,2.6065,12.8828,1.2860,0.0067,-1.6300,1,2,1,1.35561,1
0.5121,4.9794,2.3717,11.9255,1.1582,0.0068,-0.9771,0,1,0,0.48779,3
0.4670,4.7239,2.5044,12.0190,-2.7866,0.0055,-0.9631,0,0,1,0.54863,3
0.4243,4.6499,2.6815,13.2700,2.2417,0.0064,-2.0080,1,0,1,1.26357,1
0.4466,4.8225,2.6184,12.7649,2.8556,0.0081,-1.6217,0,0,1,1.21648,1
0.3869,4.1501,2.7306,12.8597,2.0330,0.0452,-1.5286,0,1,0,1.62723,1
0.4695,4.3540,2.4085,11.3656,2.9547,0.0079,-0.3636,0,0,0,0.00000,1
0.4617,5.0516,2.6021,12.1049,3.0985,0.1019,-1.1641,0,1,0,0.86160,1
0.4841,4.3878,2.3571,11.2653,1.7578,0.0055,-0.2845,0,0,0,0.00000,1
0.5178,4.7877,2.3105,11.7385,-1.7657,0.0088,-0.7974,0,0,1,0.41416,1
0.4993,4.6293,2.3500,11.6471,-1.7044,0.0149,-0.6797,0,1,0,0.19732,1
0.5249,5.1101,2.3464,12.8153,-1.0891,0.0325,-2.0319,0,1,0,1.36418,1
0.5276,5.0279,2.3198,12.2628,1.2179,0.0038,-1.3717,0,0,1,0.64792,1
0.4336,4.1516,2.5108,12.0862,-1.6606,0.0145,-0.9533,0,0,2,0.60867,1
0.4929,4.5922,2.3673,11.4899,0.6272,0.0004,-0.4996,0,0,0,0.00000,3
0.4581,4.6842,2.5341,12.1156,-2.1770,0.0620,-1.1103,0,1,1,0.51056,1
0.4644,4.8456,2.5435,11.8328,2.9933,0.0143,-0.7943,0,0,1,0.34631,3
0.5662,5.2922,2.2215,11.8771,0.1828,0.0594,-1.1188,0,0,1,0.17579,1
0.4248,4.3644,2.6059,12.0834,-2.7162,0.0147,-0.9308,0,1,0,0.64315,3
0.4142,4.4740,2.6845,12.1466,-3.1376,0.0241,-0.9726,0,1,0,0.82201,3
0.4399,4.6137,2.5989,11.3069,1.7198,0.0081,-0.2832,0,0,0,0.00000,1
0.5098,5.0585,2.3968,11.6093,1.3154,0.0259,-0.6756,0,0,0,0.00000,3
0.5017,5.2728,2.4734,11.5757,-1.3231,0.0238,-0.6276,0,0,0,0.00000,1
0.4935,4.9918,2.4501,11.4636,-2.9754,0.0310,-0.5141,0,0,0,0.00000,1
0.5064,4.8192,2.3617,11.2437,0.3769,0.0751,-0.3671,0,0,0,0.00000,1
0.5239,5.3258,2.3916,12.0629,-2.1034,0.0084,-1.1548,0,1,0,0.58791,3
0.3628,3.8205,2.7549,13.1295,-3.1399,0.0726,-1.7044,0,1,0,1.90744,1
0.3519,3.8559,2.8252,11.4483,-2.7735,0.0641,-0.3628,0,0,0,0.00000,3
0.5255,5.6553,2.4467,11.4007,-0.9585,0.0001,-0.4594,0,0,0,0.00000,3
0.4326,4.7616,2.6694,11.3901,-3.1250,0.0292,-0.3700,0,0,0,0.00000,3
0.5564,5.7495,2.3376,12.2096,-0.7491,0.0096,-1.4109,0,1,0,0.68939,3
0.5343,5.5648,2.3941,11.4756,-1.6126,0.0165,-0.5670,0,0,0,0.00000,3
0.4418,4.5780,2.5814,11.4217,-2.7257,0.0388,-0.4184,0,0,0,0.00000,3
0.4852,4.5291,2.3843,11.4100,1.3479,0.0428,-0.4649,0,0,0,0.00000,3
0.4205,4.3737,2.6285,11.8381,2.7025,0.1097,-0.8315,0,0,1,0.29016,1
0.5299,5.3356,2.3695,11.3999,2.3706,0.0400,-0.5102,0,0,0,0.00000,1
0.4290,4.5295,2.6285,11.6874,1.3650,0.0122,-0.5956,0,1,0,0.47521,1
0.3568,3.8541,2.7980,12.1195,-2.5877,0.1367,-0.9542,0,1,2,1.76292,3
0.3626,3.8970,2.7804,11.9555,2.6930,0.0649,-0.7488,1,1,0,0.76124,3
0.4574,4.5739,2.5114,11.4164,0.9259,0.0230,-0.4137,0,0,0,0.00000,1
0.4114,4.4280,2.6861,11.3394,2.3719,0.0230,-0.2985,0,0,0,0.00000,1
0.4225,4.2346,2.5825,11.2287,1.4803,0.0351,-0.2330,0,0,0,0.00000,1
0.4448,4.4896,2.5464,11.5404,-2.6846,0.0367,-0.5227,0,0,0,0.00000,1
0.4799,4.6839,2.4406,11.2772,2.4434,0.0260,-0.3162,0,0,0,0.00000,1
0.3577,3.9436,2.8214,11.8545,2.5927,0.0781,-0.6800,0,0,1,0.17000,2
0.4660,5.0655,2.5857,11.6052,-2.0991,0.0499,-0.6306,0,0,0,0.00000,3
0.3682,4.0381,2.7944,11.5318,2.7113,0.0781,-0.4590,0,0,0,0.00000,3
0.4287,4.5372,2.6321,12.8255,2.9367,0.0305,-1.6438,0,0,1,1.34180,1
0.5216,4.9973,2.3375,11.9808,0.5996,0.0293,-1.0878,0,0,1,0.51926,1
0.4674,4.6085,2.4763,12.2790,0.9735,0.0659,-1.3017,0,0,1,1.14620,1
0.5928,5.9579,2.2302,11.8854,0.8248,0.0449,-1.1734,0,0,1,0.33044,3
0.5042,5.4605,2.5001,11.5539,2.3100,0.0126,-0.5971,0,0,0,0.00000,3
0.5303,5.2923,2.3597,11.3350,0.3811,0.0513,-0.4573,0,0,0,0.00000,1
0.3655,3.9367,2.7772,12.0745,2.4766,0.0558,-0.8340,0,1,0,0.73578,3
0.5361,5.4704,2.3694,12.0517,-2.8539,0.0064,-1.1719,0,0,1,0.59259,1
0.4427,4.2468,2.4954,11.2968,-2.8916,0.0269,-0.2978,0,0,0,0.00000,1
0.5500,5.4784,2.3159,11.4724,1.8364,0.0263,-0.5976,0,0,0,0.00000,1
0.4889,4.7823,2.4249,11.4990,-0.3319,0.0329,-0.5431,0,0,0,0.00000,1
0.4532,4.4719,2.5051,11.3693,1.0039,0.0898,-0.4452,0,0,0,0.00000,1
0.3829,4.1798,2.7600,12.9613,-2.5555,0.0894,-1.6739,0,1,0,1.50382,1
0.4056,4.0520,2.6113,11.2579,-2.4645,0.0023,-0.2053,0,0,0,0.00000,3
0.3504,3.8229,2.8225,12.8580,3.0876,0.0528,-1.3912,0,0,1,1.57815,1
0.4418,4.7165,2.6155,11.9330,2.1694,0.0788,-0.9220,0,1,0,0.46902,3
0.5622,5.1976,2.2200,11.4838,-1.2064,0.0027,-0.5966,0,0,0,0.00000,1
0.4747,4.4756,2.4151,11.8375,-1.9984,0.0008,-0.7995,0,0,1,0.20075,1
0.4679,4.8899,2.5381,11.5537,-2.8981,0.0516,-0.5873,0,0,0,0.00000,1
0.3793,3.9812,2.7194,11.7709,-2.5430,0.0548,-0.6284,0,1,0,0.19954,3
0.4449,4.3395,2.5091,11.4389,2.5479,0.0267,-0.4220,0,0,0,0.00000,1
0.4204,4.3343,2.6186,11.9142,2.4768,0.0305,-0.7953,0,1,0,0.67941,3
0.5175,4.8101,2.3163,11.3061,0.7142,0.0746,-0.4395,0,0,0,0.00000,3
0.5167,5.5591,2.4657,11.5012,3.1336,0.0157,-0.5674,0,0,0,0.00000,3
0.5034,5.0706,2.4255,12.3895,-1.6105,0.0083,-1.4421,0,0,1,0.84858,1
0.3967,4.3745,2.7445,11.8277,3.1020,0.0540,-0.7052,0,0,2,0.84640,2
0.3941,4.2153,2.7129,11.7254,2.9874,0.0860,-0.6575,0,1,0,0.29226,3
0.4426,4.2802,2.5042,11.5239,2.6874,0.0053,-0.4667,0,0,0,0.00000,3
0.3617,3.9172,2.7915,11.5893,-3.1173,0.1746,-0.6064,0,1,0,0.28272,1
0.5509,5.4570,2.3085,11.6140,0.7506,0.1142,-0.8626,0,0,0,0.00000,1
0.4807,4.4482,2.3843,11.4569,-1.0451,0.0169,-0.4718,0,0,0,0.00000,3
0.4634,4.8341,2.5450,11.6173,0.9374,0.0120,-0.5907,0,0,1,0.35054,1
0.4731,4.6830,2.4689,12.7283,0.2017,0.0046,-1.6801,0,1,0,1.44046,1
0.5002,5.2337,2.4716,11.9691,2.6479,0.0435,-1.0459,0,0,1,0.24221,1
0.3506,3.7546,2.7990,12.7940,2.0349,0.0333,-1.3107,0,0,1,1.65050,1
0.4407,4.2789,2.5120,11.5041,2.3152,0.0330,-0.4804,0,1,0,0.26653,1
0.4623,4.7659,2.5346,11.3932,-0.8003,0.0054,-0.3788,0,0,0,0.00000,1
0.4769,5.0386,2.5312,11.5709,2.0674,0.0435,-0.6077,0,0,0,0.00000,3
0.4841,4.7608,2.4402,11.3776,-2.8183,0.0085,-0.3933,0,0,0,0.00000,1
0.4986,5.3471,2.5016,11.6223,0.1167,0.0056,-0.6466,0,0,1,0.18172,1
0.4627,4.6794,2.5126,11.6594,2.8249,0.0280,-0.6471,0,0,2,0.53485,1
0.4694,4.3215,2.4010,11.4243,-1.9802,0.0016,-0.4088,0,0,0,0.00000,3
0.3817,3.9193,2.6888,12.1492,2.7235,0.0684,-0.9500,0,0,1,0.53646,1
0.4690,4.4159,2.4248,11.3361,0.0344,0.0095,-0.3387,0,0,0,0.00000,3
0.4626,4.7236,2.5236,12.7275,-2.3782,0.0005,-1.6330,1,1,1,0.85421,1
0.5176,5.0924,2.3719,11.5008,-0.6974,0.0473,-0.6045,0,0,0,0.00000,1
0.5222,5.2235,2.3791,12.5967,-0.6302,0.0268,-1.7626,0,0,2,0.99898,1
0.5011,5.0838,2.4378,11.3768,2.1513,0.0264,-0.4347,0,0,0,0.00000,3
0.4527,4.8902,2.6062,11.4907,-3.0481,0.0317,-0.4849,0,0,0,0.00000,3
0.3873,3.9857,2.6805,11.7805,2.7822,0.0073,-0.5912,0,0,1,0.14766,1
0.4360,4.1941,2.5113,11.2878,2.4988,0.0315,-0.2891,0,0,0,0.00000,1
0.4475,4.2377,2.4724,12.1464,1.1589,0.0286,-1.0636,1,0,0,0.18483,1
0.4498,4.8144,2.6019,11.4402,1.5092,0.0420,-0.4485,0,0,0,0.00000,1
0.4691,4.3750,2.4149,11.3479,-1.0639,0.0468,-0.3930,0,0,0,0.00000,3
0.6029,5.5748,2.1337,11.4348,-0.5024,0.0094,-0.6103,0,0,0,0.00000,1
0.4219,4.2146,2.5796,11.4852,-2.7683,0.0481,-0.4575,0,0,0,0.00000,1
0.3829,4.1638,2.7550,12.6454,2.7009,0.0416,-1.3245,1,1,1,0.87566,1
0.4372,4.3492,2.5452,12.1353,-2.8546,0.0081,-0.9988,0,1,0,0.56461,1
0.4053,4.3715,2.7010,11.7377,2.3878,0.0668,-0.6636,0,0,1,0.47874,3
0.4387,4.4231,2.5573,11.3435,2.6468,0.0431,-0.3526,0,0,0,0.00000,1
0.4973,4.6896,2.3710,11.6964,0.2072,0.0400,-0.7573,0,1,0,0.22834,1
0.3882,4.2029,2.7392,11.3902,-3.0171,0.0796,-0.3785,0,0,0,0.00000,3
0.4862,4.7147,2.4213,12.6192,-0.2834,0.0041,-1.6153,1,1,1,1.24161,1
0.4678,4.5260,2.4554,11.3218,-2.4165,0.0401,-0.3606,0,0,0,0.00000,1
0.4227,4.2526,2.5861,12.9861,1.9897,0.0224,-1.7564,0,1,0,1.71450,1
0.4617,4.5367,2.4837,12.4292,-2.1830,0.0069,-1.3439,0,0,2,0.72474,1
0.5091,5.3698,2.4613,11.4217,-1.5387,0.0124,-0.4729,0,0,0,0.00000,3
0.4536,4.9915,2.6253,11.6198,1.7978,0.0496,-0.6236,0,1,0,0.22665,1
0.5846,5.9818,2.2650,11.9395,0.5944,0.0428,-1.2166,0,0,1,0.31842,1
0.4287,4.7050,2.6742,13.1086,2.5719,0.0031,-1.8683,0,1,1,1.87584,1
0.4801,4.4120,2.3789,12.2780,1.2608,0.0176,-1.2650,1,0,1,0.58057,1
0.5740,5.6145,2.2467,12.2196,0.2212,0.0192,-1.4860,0,1,0,0.62490,1
0.3749,4.0587,2.7655,11.4003,-3.0938,0.1098,-0.4062,0,0,0,0.00000,3
0.3943,4.1347,2.6893,11.8126,1.7546,0.0261,-0.6530,0,1,0,0.35962,1
0.4553,4.5776,2.5211,11.3936,1.1984,0.0515,-0.4245,0,0,0,0.00000,1
0.4916,4.4876,2.3497,11.2840,-1.7032,0.0176,-0.3235,0,0,0,0.00000,1
0.4486,4.6784,2.5752,12.1272,-2.3648,0.0441,-1.0719,0,0,1,0.93486,3
0.3363,3.6542,2.8445,12.3061,2.8483,0.0866,-0.9724,1,1,1,0.80385,3
0.3951,4.1101,2.6785,12.6292,2.0636,0.0233,-1.3258,0,0,1,1.36344,1
0.5296,4.9703,2.3010,11.5726,2.3540,0.0041,-0.6421,0,0,0,0.00000,1
0.5620,5.3398,2.2453,11.5073,-0.9169,0.0151,-0.6384,0,0,0,0.00000,3
0.3985,4.0740,2.6513,11.2751,-2.4897,0.0293,-0.2431,0,0,0,0.00000,3
0.4120,4.0903,2.5918,12.8474,-2.1598,0.0072,-1.5559,0,1,0,1.45465,1
0.4472,4.4659,2.5301,11.2719,-2.2980,0.0374,-0.2932,0,0,0,0.00000,3
0.4261,4.2962,2.5818,11.8730,-2.2856,0.0459,-0.7916,0,0,1,0.60585,3
0.3681,4.0313,2.7928,11.6652,-2.6762,0.0499,-0.5239,0,1,0,0.35136,3
0.4269,4.5468,2.6429,11.8600,2.1944,0.0236,-0.7540,0,1,0,0.42523,3
0.4612,5.0558,2.6051,11.4453,1.5100,0.0070,-0.4269,0,0,0,0.00000,1
0.5690,5.8361,2.3024,12.7230,0.4230,0.0260,-2.0946,0,1,0,1.07291,1
0.4624,4.6686,2.5114,11.8043,2.0273,0.0325,-0.7864,0,1,0,0.27711,3
0.4734,4.8471,2.5043,11.8723,-1.4804,0.0076,-0.8414,0,1,0,0.30370,3
0.4094,4.1286,2.6144,12.7212,2.5564,0.0055,-1.4303,0,0,1,1.26925,1
0.4080,4.1091,2.6157,12.9504,-1.8449,0.0163,-1.6489,1,1,0,1.43550,1
0.4200,4.1071,2.5596,11.8614,-0.7913,0.0038,-0.7141,0,0,1,0.42529,1
0.4744,5.1070,2.5573,13.1142,-2.9271,0.0399,-2.1564,0,0,1,1.87013,1
0.3812,4.0816,2.7398,12.2294,-2.7022,0.1007,-1.0580,0,1,0,1.01680,3
0.3680,3.8880,2.7490,11.6179,-3.0244,0.0845,-0.5301,0,1,0,0.37834,3
0.4420,4.3856,2.5332,11.5173,-2.6183,0.0121,-0.4688,0,0,0,0.00000,3
0.4564,4.7323,2.5528,11.4735,1.6000,0.0316,-0.4740,0,0,0,0.00000,3
0.4598,4.8756,2.5709,12.0083,2.7413,0.0729,-1.0266,0,1,0,0.61699,1
0.4109,4.1909,2.6244,12.0334,2.6295,0.0214,-0.8632,0,1,0,0.69258,3
0.3895,4.0061,2.6759,11.4918,-2.6697,0.1430,-0.5327,0,0,0,0.00000,1
0.3692,3.8539,2.7321,11.3150,-2.8045,0.0108,-0.2261,0,0,0,0.00000,1
0.4444,4.7486,2.6109,11.3989,-2.9525,0.0486,-0.4135,0,0,0,0.00000,3
0.4794,4.7021,2.4469,11.4158,-1.5684,0.0342,-0.4534,0,0,0,0.00000,3
0.4368,4.6694,2.6270,12.2581,-2.8684,0.0605,-1.1844,0,0,2,0.51091,1
0.4386,4.4275,2.5588,12.3367,-3.1265,0.0220,-1.2068,0,1,1,0.91199,1
0.4632,4.5309,2.4761,11.6094,-1.0402,0.0385,-0.6145,0,0,0,0.00000,1
0.4283,4.4335,2.6075,11.2950,2.2349,0.0198,-0.2752,0,0,0,0.00000,3
0.3899,4.0268,2.6796,12.4804,2.9224,0.0669,-1.2474,1,1,0,0.87853,1
0.4897,4.4414,2.3470,12.1002,-0.8005,0.0228,-1.1202,0,0,1,0.52391,1
0.4390,4.2021,2.5001,11.4056,1.2422,0.0171,-0.3748,0,0,0,0.00000,3
0.5180,5.5929,2.4667,11.4033,-1.7743,0.0124,-0.4668,0,0,0,0.00000,3
0.3623,3.8709,2.7735,12.8538,2.3874,0.0220,-1.3863,1,2,1,2.59169,1
0.4459,4.8384,2.6253,11.4770,2.4187,0.0956,-0.5392,0,0,0,0.00000,3
0.4455,4.7024,2.5949,11.2693,2.2551,0.0192,-0.2693,0,0,0,0.00000,3
0.5021,5.3096,2.4791,11.9856,-1.0510,0.0463,-1.0714,0,1,0,0.28051,1
0.4087,4.0580,2.5985,11.6604,-2.6996,0.0640,-0.6021,0,1,0,0.36147,1
0.3451,3.7569,2.8303,11.9368,-2.7217,0.1180,-0.7651,0,1,0,0.28420,3
0.4548,4.6186,2.5330,11.5489,1.9550,0.0730,-0.5890,0,0,0,0.00000,3
0.4670,4.6309,2.4832,11.4367,2.2594,0.0355,-0.4587,0,0,0,0.00000,1
0.3765,3.9534,2.7253,11.3938,-2.0112,0.0276,-0.3090,0,0,0,0.00000,1
0.3760,4.0160,2.7468,12.5177,2.5233,0.0239,-1.1685,0,1,0,1.36753,1
0.3974,4.0566,2.6515,12.2075,-2.4913,0.0167,-0.9680,0,1,1,0.70605,1
0.5144,5.2406,2.4142,11.4595,-0.5659,0.0121,-0.5164,0,0,0,0.00000,1
0.3789,4.0000,2.7270,11.2784,-3.0641,0.0274,-0.2268,0,0,0,0.00000,3
0.3847,4.1455,2.7404,11.4767,-2.9614,0.0732,-0.4331,0,0,0,0.00000,3
0.4757,4.7549,2.4741,11.3755,2.8796,0.0426,-0.4218,0,0,0,0.00000,1
0.6137,5.6751,2.1103,11.6298,0.9908,0.0584,-0.9226,0,0,0,0.00000,1
0.5029,5.4595,2.5053,11.6024,3.1275,0.0375,-0.6736,0,0,0,0.00000,3
0.5815,5.5991,2.2157,11.3518,-0.2326,0.0096,-0.4882,0,0,0,0.00000,3
0.4905,4.6750,2.3953,11.4128,-1.2555,0.0165,-0.4430,0,0,0,0.00000,3
0.5364,5.5422,2.3812,12.8669,1.9592,0.0089,-2.1028,0,0,1,1.33456,1
0.4655,4.6722,2.4989,11.3106,2.8933,0.0036,-0.3064,0,0,0,0.00000,3
0.3991,4.0647,2.6457,12.9450,-2.0547,0.0030,-1.5830,1,1,1,1.43659,1
0.5323,4.8606,2.2695,11.6774,-0.4942,0.0348,-0.7946,0,0,0,0.00000,1
0.5522,4.9964,2.2207,11.5703,0.8669,0.0263,-0.7036,0,0,0,0.00000,3
0.4711,4.8204,2.5084,12.2535,-0.8202,0.0163,-1.2162,0,1,0,0.89678,1
0.4224,4.2309,2.5818,12.9274,-1.8022,0.0079,-1.6742,0,1,0,1.43790,1
0.4817,4.3645,2.3614,11.4214,0.8346,0.0060,-0.4265,0,0,0,0.00000,3
0.3835,4.0164,2.7088,13.1100,-2.5854,0.0024,-1.6567,0,0,1,0.53406,1
0.5811,5.3991,2.1846,11.5593,-0.5771,0.0276,-0.7421,0,0,0,0.00000,3
0.3606,3.8629,2.7801,11.4569,-2.8757,0.1058,-0.4271,0,0,0,0.00000,3
0.3861,4.0109,2.6941,12.2008,2.9903,0.0617,-0.9944,0,1,0,0.56405,3
0.3961,4.3699,2.7464,12.5594,-2.2104,0.0140,-1.2569,0,1,0,1.21873,0
0.5473,5.6601,2.3585,13.0720,-2.9919,0.0108,-2.4020,0,1,0,1.61644,1
0.3973,4.3250,2.7277,12.6892,-2.2386,0.0847,-1.4819,0,1,1,1.04714,1
0.5280,4.9621,2.3057,11.6125,1.0317,0.0025,-0.6787,0,0,1,0.23503,3
0.3976,4.0711,2.6548,11.3756,2.0714,0.0052,-0.2917,0,0,0,0.00000,1
0.5505,5.3939,2.2989,11.3019,-0.2786,0.0108,-0.3983,0,0,0,0.00000,3
0.3548,3.8167,2.7967,12.7799,-3.0208,0.0543,-1.3490,0,1,0,1.35853,1
0.4439,4.2153,2.4822,11.3535,0.6751,0.0257,-0.3459,0,0,0,0.00000,1
0.4019,4.4136,2.7291,12.3957,2.5852,0.0412,-1.1754,0,1,0,0.70561,3
0.4436,4.6372,2.5878,11.2762,1.2459,0.0056,-0.2578,0,0,0,0.00000,1
0.4858,4.9824,2.4807,11.8214,-1.1597,0.0507,-0.8740,0,1,0,0.33294,1
0.4324,4.2500,2.5416,11.3951,1.0401,0.0088,-0.3489,0,0,0,0.00000,1
0.4758,4.3751,2.3878,11.6052,-2.6955,0.0043,-0.5869,0,1,0,0.23194,1
0.4688,4.9923,2.5570,11.4605,1.5951,0.0002,-0.4420,0,0,0,0.00000,1
0.4492,4.4409,2.5151,12.2731,-2.6118,0.0207,-1.1765,0,1,0,0.90249,1
0.5362,4.9597,2.2737,11.4087,-1.7334,0.0050,-0.4835,0,0,0,0.00000,1
0.3818,3.9442,2.6956,11.3944,-2.1794,0.0505,-0.3412,0,0,0,0.00000,3
0.4057,4.3895,2.7039,13.1148,-2.6672,0.0927,-1.9255,0,0,3,1.38369,1
0.4621,4.9846,2.5851,11.8628,-1.8007,0.0447,-0.8573,0,0,2,0.55050,3
0.4129,4.3214,2.6503,11.2340,-1.7959,0.0083,-0.1998,0,0,0,0.00000,1
0.4739,4.5628,2.4386,11.2701,-0.1907,0.0110,-0.2864,0,0,0,0.00000,3
0.4323,4.6611,2.6461,11.5025,-2.0383,0.0876,-0.5333,0,0,0,0.00000,3
0.3767,3.8959,2.7066,11.4663,-2.4844,0.1720,-0.5306,0,0,0,0.00000,1
0.4060,4.4498,2.7188,11.8970,2.1495,0.0291,-0.7492,0,0,1,0.36959,1
0.3852,4.1447,2.7376,11.8959,3.0726,0.0305,-0.7068,0,0,1,0.60493,3
0.4543,4.6953,2.5535,11.9391,2.2209,0.0002,-0.8525,0,0,1,0.34076,3
0.4800,4.6971,2.4430,11.8557,1.4910,0.0171,-0.8505,0,0,1,0.34804,3
0.4657,5.0424,2.5820,12.1193,-1.1325,0.0046,-1.0565,0,0,1,0.80195,1
0.5441,5.1943,2.2875,11.5712,0.6933,0.0004,-0.6603,0,0,0,0.00000,1
0.3797,4.0536,2.7389,12.1342,2.8505,0.0487,-0.9062,0,1,0,0.91725,3
0.3510,3.8504,2.8283,11.8363,-2.7102,0.1200,-0.7056,0,0,1,0.31145,3
0.3461,3.7094,2.8085,11.8252,2.7856,0.0785,-0.6372,0,1,0,0.40901,3
0.4474,4.6388,2.5711,12.9025,-2.7698,0.0382,-1.8098,0,0,1,1.63246,1
0.5251,4.7974,2.2844,12.4234,0.6061,0.0192,-1.5625,0,0,1,0.77738,1
0.3331,3.6673,2.8677,12.2127,2.4922,0.0438,-0.8380,0,1,0,0.98775,0
0.4298,4.6613,2.6581,11.8741,3.1226,0.0233,-0.7721,0,0,1,0.27863,3
0.4611,4.5442,2.4883,11.9664,1.3418,0.0471,-0.9545,0,1,0,0.58357,3
0.4748,4.7402,2.4745,12.4130,2.6403,0.0266,-1.4010,0,1,0,0.70405,1
0.3819,4.1191,2.7470,11.7501,2.5725,0.0467,-0.6073,0,1,0,0.21313,3
0.5194,5.2682,2.3992,11.7567,1.3271,0.0548,-0.8817,0,1,0,0.43848,3
0.4408,4.6149,2.5952,12.0678,-2.4245,0.0569,-1.0143,0,1,1,0.64986,3
0.5229,5.2905,2.3889,11.5759,0.9210,0.0237,-0.6613,0,0,0,0.00000,3
0.5100,5.4341,2.4701,11.8293,2.9388,0.0112,-0.8828,0,0,1,0.38651,3
0.4853,5.2624,2.5420,11.3682,-2.2713,0.0281,-0.4105,0,0,0,0.00000,3
0.5702,5.3765,2.2210,11.5801,0.3759,0.0023,-0.7156,0,0,0,0.00000,1
0.4388,4.3600,2.5409,11.4196,-1.7173,0.0252,-0.3965,0,0,0,0.00000,3
0.3548,3.8099,2.7943,12.1448,2.5578,0.0683,-0.8775,0,1,0,0.83559,3
0.5950,5.8087,2.1986,11.4350,-1.6561,0.0284,-0.6244,0,0,0,0.00000,1
0.4764,4.9591,2.5160,12.6745,-1.3254,0.0067,-1.6435,0,0,1,1.41553,1
0.4570,4.2862,2.4439,12.1570,1.5033,0.0054,-1.0654,0,1,0,0.68315,1
0.4122,4.0847,2.5893,11.9418,-3.0224,0.0143,-0.7792,0,0,1,0.32373,3
0.4724,5.0828,2.5606,11.4168,2.0676,0.0910,-0.5136,0,0,0,0.00000,3
0.3447,3.7042,2.8148,12.7662,2.1050,0.0262,-1.2553,1,1,0,1.38935,1
0.5129,5.3284,2.4373,11.3373,0.8894,0.0375,-0.4235,0,0,0,0.00000,1
0.3886,4.0698,2.6990,12.9077,2.9460,0.0190,-1.5337,0,1,0,1.36138,1
0.4994,4.6852,2.3617,11.5475,-0.6869,0.0876,-0.6726,0,0,0,0.00000,1
0.4317,4.4369,2.5926,11.4377,-1.6822,0.0228,-0.4008,0,0,0,0.00000,1
0.4692,4.6528,2.4789,11.4730,2.0394,0.0469,-0.5083,0,0,0,0.00000,3
0.4805,4.6285,2.4258,11.9071,1.8028,0.0556,-0.9524,0,0,1,0.56058,1
0.3475,3.7650,2.8197,12.0599,2.6082,0.1067,-0.8466,0,1,0,0.68189,3
0.4938,5.0800,2.4672,11.2985,2.5746,0.0029,-0.3244,0,0,0,0.00000,3
0.4413,4.7832,2.6336,11.3862,2.0854,0.0310,-0.3787,0,0,0,0.00000,3
0.4642,4.7526,2.5229,12.1144,1.4388,0.0021,-1.0427,1,1,0,0.45637,3
0.4414,4.5967,2.5878,13.1239,-2.5646,0.0329,-1.9964,0,1,1,1.80424,1
0.6483,6.0486,2.0400,12.6038,0.5211,0.0864,-2.3523,0,1,0,1.32423,1
0.3722,4.1084,2.7945,12.4478,2.9384,0.1479,-1.2784,0,1,1,1.03069,0
0.3748,4.0517,2.7639,11.4148,-2.4654,0.0232,-0.3176,0,0,0,0.00000,1
0.5554,5.2304,2.2510,11.5029,0.8558,0.0152,-0.6232,0,0,0,0.00000,3
0.4220,4.4588,2.6435,12.3399,2.2282,0.0208,-1.1585,0,1,1,0.50579,3
0.4215,4.3278,2.6116,11.3778,2.7739,0.0323,-0.3503,0,0,0,0.00000,3
0.3767,4.0910,2.7655,12.1126,-2.3946,0.1240,-0.9818,0,1,0,0.85325,3
0.4649,4.3776,2.4328,11.4219,0.9044,0.0518,-0.4614,0,0,0,0.00000,1
0.4953,5.1488,2.4755,11.8319,1.9647,0.0445,-0.8966,0,1,0,0.22161,3
0.4036,4.0402,2.6175,11.2384,2.1584,0.0818,-0.2777,0,0,0,0.00000,3
0.6663,6.3085,2.0100,12.1909,-0.9824,0.0173,-1.7241,1,1,0,0.67105,1
0.4017,4.0121,2.6184,11.4473,2.8957,0.0715,-0.4289,0,0,0,0.00000,1
0.4390,4.2384,2.5093,11.7409,3.0129,0.0106,-0.6556,0,1,0,0.33597,3
0.3883,4.1221,2.7153,12.9783,-1.8174,0.0254,-1.6049,0,1,0,1.49161,1
0.4486,4.6993,2.5799,11.4265,1.1048,0.0176,-0.4062,0,0,0,0.00000,1
0.4198,4.5829,2.6860,12.2037,1.9301,0.0281,-1.0426,0,1,0,0.64318,1
0.5179,4.8279,2.3183,11.6190,-1.8583,0.0244,-0.6956,0,0,0,0.00000,1
0.4038,4.4044,2.7172,11.4366,-2.0752,0.0354,-0.3815,0,0,0,0.00000,1
0.4413,4.2846,2.5110,11.9868,0.4399,0.0029,-0.8678,0,0,1,0.53270,1
0.3565,3.8877,2.8105,12.6917,-2.6158,0.0337,-1.2534,0,1,0,1.45510,1
0.4509,4.3672,2.4898,11.3097,1.9570,0.0047,-0.2915,0,0,0,0.00000,3
0.5578,5.7422,2.3309,11.4444,1.9870,0.0150,-0.5659,0,0,0,0.00000,3
0.3556,3.7834,2.7815,12.0329,2.2684,0.0288,-0.7441,0,1,0,0.66846,1
0.3826,3.9641,2.6978,11.3597,3.1106,0.0128,-0.2732,0,0,0,0.00000,3
0.4678,4.8785,2.5357,11.5341,-1.2517,0.0226,-0.5341,0,0,0,0.00000,1
0.4330,4.2535,2.5397,11.4029,2.2608,0.0398,-0.3925,0,0,0,0.00000,3
0.4685,4.8792,2.5329,11.3032,1.5142,0.0329,-0.3371,0,0,0,0.00000,3
0.4695,4.6219,2.4705,11.4090,1.7709,0.0284,-0.4281,0,0,0,0.00000,3
0.3996,4.4052,2.7383,11.7064,2.7195,0.1027,-0.6720,0,1,0,0.32355,2
0.3450,3.7661,2.8338,11.3710,-2.3989,0.0599,-0.2978,0,0,0,0.00000,1
0.5359,5.5511,2.3850,12.8431,-0.8071,0.0319,-2.1125,0,0,1,1.28944,1
0.4282,4.5874,2.6471,12.0495,-2.1552,0.0196,-0.9170,0,0,1,0.48290,3
0.4632,4.6336,2.4999,11.5249,2.5182,0.0510,-0.5527,0,0,0,0.00000,1
0.4431,4.4839,2.5527,12.2140,2.5937,0.0556,-1.1539,0,0,1,0.72350,1
0.4455,4.4820,2.5415,11.4852,2.1543,0.0107,-0.4443,0,0,0,0.00000,3
0.6012,5.9672,2.1995,11.7767,-0.6525,0.1311,-1.1755,0,0,0,0.00000,1
0.4340,4.1755,2.5151,12.0000,3.0482,0.0106,-0.8727,0,1,0,0.50943,1
0.4169,4.1880,2.5957,12.2564,-1.3813,0.0127,-1.0574,0,1,1,0.52184,1
0.3593,3.8605,2.7865,13.2592,2.7934,0.0422,-1.7410,0,1,1,2.05766,1
0.4975,4.8194,2.3975,11.9848,0.4988,0.0413,-1.0504,0,0,1,0.27045,1
0.3925,4.1015,2.6887,12.2949,-3.1297,0.0210,-1.0330,0,0,0,0.00000,3
0.4250,4.6140,2.6691,12.9883,-2.5400,0.0614,-1.8365,1,2,0,1.36417,1
0.4372,4.5105,2.5857,11.5088,2.4720,0.0703,-0.5249,0,0,0,0.00000,1
0.4696,4.5463,2.4527,11.2953,-0.0093,0.0169,-0.3116,0,0,0,0.00000,1
0.5164,4.9950,2.3574,12.6217,1.4919,0.0218,-1.7594,0,0,1,1.06252,1
0.4339,4.3342,2.5564,12.6851,-2.3611,0.0414,-1.5478,0,1,0,1.47126,1
0.3342,3.6658,2.8606,11.4016,-2.8285,0.0964,-0.3488,0,0,0,0.00000,3
0.3985,4.1874,2.6837,11.3257,-2.2854,0.0197,-0.2711,0,0,0,0.00000,1
0.5276,5.3862,2.3883,11.6444,1.4591,0.0136,-0.7278,0,0,1,0.32255,3
0.4092,4.2114,2.6386,11.4885,2.9073,0.0162,-0.4063,0,0,0,0.00000,3
0.3449,3.7179,2.8183,11.2910,-2.4861,0.0608,-0.2448,0,0,0,0.00000,1
0.5098,5.0651,2.3981,11.2725,-0.7905,0.0187,-0.3338,0,0,0,0.00000,3
0.4839,4.4903,2.3811,11.4317,-1.4178,0.0123,-0.4468,0,0,0,0.00000,3
0.3562,3.8395,2.7966,13.0327,2.3483,0.0427,-1.5395,0,1,1,1.90953,1
0.4953,5.4445,2.5352,12.0343,-2.7716,0.0682,-1.1350,0,1,0,0.73664,1
0.4066,4.2445,2.6600,11.5754,1.8112,0.0654,-0.5312,0,0,0,0.00000,3
0.4527,4.6527,2.5504,11.9466,-2.5269,0.0175,-0.8784,0,1,0,0.54338,3
0.4960,5.1632,2.4754,12.4892,-2.3355,0.0141,-1.5331,0,0,2,0.90631,1
0.5070,5.3186,2.4602,11.9252,-1.3701,0.0329,-1.0026,0,1,0,0.34622,3
0.4500,4.3612,2.4921,11.3942,2.7100,0.0358,-0.4000,0,0,0,0.00000,1
0.4828,4.7212,2.4370,11.3576,-2.0022,0.0935,-0.4729,0,0,0,0.00000,1
0.4446,4.6469,2.5856,12.7840,-2.7844,0.0252,-1.6592,0,1,0,1.45930,1
0.4277,4.5670,2.6442,12.1394,-2.3399,0.0496,-1.0359,0,1,0,0.81373,3
0.3760,4.0345,2.7527,12.8248,3.0900,0.0272,-1.4255,0,1,1,1.48375,1
0.5440,5.7113,2.3807,11.3882,2.5207,0.0253,-0.4999,0,0,0,0.00000,1
0.5176,5.0972,2.3729,11.4466,-1.4597,0.0261,-0.5241,0,0,0,0.00000,3
0.4444,4.5849,2.5716,11.3889,1.9328,0.0359,-0.3896,0,0,0,0.00000,3
0.4513,4.9411,2.6246,11.7507,2.9463,0.0332,-0.7178,0,1,0,0.48447,3
0.4154,4.1196,2.5842,11.6597,1.8921,0.0306,-0.5714,0,0,1,0.31518,3
0.4148,4.2325,2.6178,11.3903,-2.2423,0.0063,-0.3229,0,0,0,0.00000,3
0.4319,4.3507,2.5695,11.4054,-1.8197,0.0484,-0.4036,0,0,0,0.00000,3
0.4119,4.3336,2.6585,12.0240,-2.1402,0.0051,-0.8365,0,1,2,0.60067,1
0.3809,4.0048,2.7182,13.0523,-2.5934,0.0709,-1.7168,1,1,1,1.47334,1
0.4388,4.1828,2.4961,11.9321,-2.5725,0.0293,-0.8481,0,1,0,0.55415,1
0.4698,4.6719,2.4804,12.7228,-0.7891,0.0219,-1.6908,0,1,0,1.51205,1
0.5113,4.8949,2.3576,11.4200,0.8805,0.0099,-0.4690,0,0,0,0.00000,3
0.4738,4.3901,2.3992,11.2324,1.7709,0.0140,-0.2552,0,0,0,0.00000,1
0.6014,5.7861,2.1715,12.3300,0.8268,0.0529,-1.7586,0,0,1,0.52794,1
0.5223,5.2189,2.3779,11.4242,-0.9001,0.0325,-0.5158,0,0,0,0.00000,3
0.4591,4.5414,2.4960,11.3747,0.7318,0.0077,-0.3608,0,0,0,0.00000,1
0.4956,5.4240,2.5298,12.0384,1.6741,0.0074,-1.0584,0,1,0,0.30832,1
0.4031,4.2836,2.6874,12.3111,3.0297,0.0209,-1.0776,0,0,3,0.98422,3
0.5755,5.6769,2.2510,12.3931,2.5552,0.0022,-1.6738,0,1,0,0.91829,1
0.4357,4.4284,2.5720,12.6325,1.6577,0.0163,-1.4647,0,0,1,0.69657,1
0.4323,4.3866,2.5769,11.6153,-1.6929,0.0333,-0.5646,0,1,0,0.14738,3
0.3751,3.9362,2.7275,12.7169,2.1648,0.0369,-1.3478,0,1,1,1.26348,1
0.4314,4.5793,2.6300,12.2140,1.6910,0.0015,-1.0465,0,0,1,0.59802,1
0.4052,4.4564,2.7244,11.6738,-2.8657,0.1425,-0.7030,0,0,0,0.00000,1
0.3502,3.8048,2.8179,12.6724,-2.5857,0.1001,-1.3169,0,0,2,1.29846,1
0.4009,4.2361,2.6852,11.5394,-3.0997,0.0993,-0.5344,0,0,0,0.00000,1
0.3947,4.0956,2.6760,12.7108,-2.0228,0.0090,-1.3722,0,1,1,1.37908,1
0.4495,4.9525,2.6357,11.7189,-3.0185,0.0891,-0.7549,0,1,0,0.33530,0
0.4738,4.9444,2.5241,11.4698,2.0884,0.0422,-0.5068,0,0,0,0.00000,3
0.3785,3.8861,2.6946,11.3688,2.9018,0.0672,-0.3379,0,0,0,0.00000,3
0.3437,3.7430,2.8334,12.7153,-2.6247,0.0387,-1.2322,0,1,1,1.49078,1
0.4018,4.0130,2.6182,12.5994,-2.3145,0.0392,-1.3486,0,1,1,1.20467,1
0.4186,4.5982,2.6958,11.5545,2.0398,0.0990,-0.5716,0,0,0,0.00000,3
0.4822,4.9573,2.4906,12.5450,2.7556,0.0266,-1.5622,0,0,1,0.96093,1
0.4730,4.8607,2.5092,11.4001,1.7453,0.0530,-0.4538,0,0,0,0.00000,3
0.4049,4.1659,2.6463,12.0325,-2.1007,0.0536,-0.8912,0,0,1,0.47574,3
0.4938,4.9952,2.4498,11.8850,-2.3134,0.0132,-0.9049,0,1,0,0.52621,3
0.4073,4.2525,2.6587,11.3935,-2.9798,0.0052,-0.3161,0,0,0,0.00000,1
0.4654,4.9154,2.5549,12.3692,1.3259,0.0144,-1.3108,0,1,0,1.02674,1
0.4957,5.4302,2.5307,11.3357,3.0717,0.0471,-0.4139,0,0,0,0.00000,3
0.4030,4.2909,2.6900,12.3134,3.1122,0.0021,-1.0527,0,0,1,0.99836,1
0.4778,4.5732,2.4244,12.7192,0.8592,0.0041,-1.6867,1,1,0,1.31876,1
0.3479,3.7494,2.8122,13.2625,2.3618,0.0622,-1.7245,0,1,2,0.93000,1
0.4337,4.6174,2.6288,12.0202,-2.6019,0.0784,-0.9821,0,0,1,0.29141,1
0.5509,5.1075,2.2461,11.4764,-1.3469,0.0765,-0.6631,0,0,0,0.00000,1
0.5330,5.5677,2.3998,11.9563,-1.2142,0.0056,-1.0603,0,0,1,0.28035,3
0.4517,4.4405,2.5040,12.6464,-1.4862,0.0068,-1.5204,0,1,1,1.24678,1
0.4065,4.2118,2.6515,11.3651,2.5353,0.1305,-0.4370,0,0,0,0.00000,1
0.4079,4.1421,2.6253,11.5333,-2.7367,0.0761,-0.5116,0,0,0,0.00000,1
0.4353,4.2446,2.5271,11.3009,2.6759,0.0541,-0.3255,0,0,0,0.00000,1
0.4440,4.4304,2.5356,12.2957,-3.0677,0.0122,-1.1702,0,0,1,0.79568,1
0.5466,5.5046,2.3336,11.2963,0.2926,0.0098,-0.3875,0,0,0,0.00000,3
0.4341,4.5191,2.6023,11.3515,-3.1191,0.0032,-0.3088,0,0,0,0.00000,3
0.4215,4.5686,2.6739,11.5078,2.5789,0.0473,-0.4755,0,0,0,0.00000,3
0.4658,4.7033,2.5048,11.2808,1.6944,0.0350,-0.3163,0,0,0,0.00000,3
0.4661,4.9784,2.5655,11.9996,2.2246,0.0253,-0.9706,0,0,1,0.48455,3
0.5869,5.5310,2.1848,11.3972,1.3616,0.0263,-0.5659,0,0,0,0.00000,1
0.4423,4.4464,2.5470,11.3085,-1.8992,0.0250,-0.3057,0,0,0,0.00000,3
0.4616,4.3620,2.4429,11.4263,1.7629,0.0651,-0.4770,0,0,0,0.00000,1
0.4209,4.2566,2.5957,12.9819,3.0110,0.0331,-1.7635,0,1,1,1.64801,1
0.4486,4.7090,2.5824,11.2839,2.0562,0.0257,-0.2921,0,0,0,0.00000,3
0.5385,5.5377,2.3718,11.3331,-0.2961,0.0395,-0.4517,0,0,0,0.00000,1
0.4790,5.1710,2.5506,11.6696,-2.1247,0.0105,-0.6646,1,0,0,0.14236,3
0.4022,4.4141,2.7277,12.5263,-3.1214,0.0101,-1.2436,0,0,1,1.28535,1
0.4105,4.2654,2.6468,11.9838,1.8978,0.0285,-0.8300,0,1,0,0.61356,3
0.4026,4.4296,2.7302,12.6460,-2.6047,0.1443,-1.5533,0,1,2,1.46292,1
0.4587,4.3374,2.4493,11.3171,2.4689,0.0145,-0.3168,0,0,0,0.00000,1
0.4641,4.4392,2.4510,11.4878,-0.6695,0.0349,-0.5000,0,0,0,0.00000,1
0.3766,4.0374,2.7503,11.3153,-2.0201,0.0245,-0.2485,0,0,0,0.00000,1
0.5508,5.6323,2.3395,12.1928,-0.2334,0.0005,-1.3615,0,0,1,0.47857,1
0.5053,4.7465,2.3509,11.9544,-0.3725,0.0302,-1.0218,0,1,1,0.40669,1
0.3778,3.9506,2.7180,12.7236,-2.5929,0.0124,-1.3247,0,1,1,1.09612,1
0.4219,4.5016,2.6551,12.3171,-2.0706,0.0168,-1.1324,0,1,0,0.75157,1
0.5569,5.2105,2.2419,11.6523,-1.2222,0.0035,-0.7730,0,0,0,0.00000,1
0.3458,3.8067,2.8429,13.3416,3.0430,0.0304,-1.7188,0,1,1,1.99816,0
0.4232,4.4770,2.6426,11.7283,3.1130,0.0064,-0.6130,0,1,0,0.33953,3
0.4305,4.6389,2.6492,11.9926,-1.7086,0.0129,-0.8637,0,1,0,0.27093,1
0.5028,5.2690,2.4681,11.5072,-1.1158,0.0831,-0.6333,0,0,0,0.00000,1
0.4715,4.5884,2.4545,12.3509,-0.9643,0.0151,-1.3099,0,0,1,1.02028,1
0.5229,4.9193,2.3171,12.3495,-1.7671,0.0216,-1.4786,0,0,1,0.81178,1
0.6410,6.0499,2.0659,11.5384,0.3315,0.0627,-0.8651,0,0,0,0.00000,3
0.4685,4.9863,2.5567,12.8422,2.5157,0.0268,-1.8188,0,1,1,1.09920,1
0.5361,4.9958,2.2812,11.3498,-0.7578,0.0371,-0.4613,0,0,0,0.00000,3
0.4048,4.3819,2.7063,11.7710,-3.0924,0.0082,-0.6175,0,1,0,0.44046,1
0.4281,4.5752,2.6441,11.2940,2.3649,0.0781,-0.3406,0,0,0,0.00000,3
0.4052,4.0917,2.6245,11.9380,1.3325,0.0338,-0.7865,1,1,1,0.66620,1
0.4784,4.9851,2.5132,11.3954,1.5846,0.0048,-0.3996,0,0,0,0.00000,3
0.3626,3.9112,2.7851,11.8062,-2.5358,0.0323,-0.5967,0,1,0,0.37662,1
0.4212,4.5360,2.6672,11.6369,2.5892,0.0287,-0.5604,0,1,0,0.35661,3
0.3978,4.1194,2.6676,12.2599,2.7008,0.0075,-0.9999,0,0,1,0.73120,1
0.3751,4.0127,2.7503,11.3908,-2.3459,0.1257,-0.4176,0,0,0,0.00000,3
0.5039,4.9572,2.4000,11.3831,-0.4279,0.0011,-0.4138,0,0,0,0.00000,3
0.4475,4.7227,2.5904,13.1903,-2.0871,0.0119,-2.0542,0,0,2,1.97621,1
0.4908,4.8693,2.4358,11.7330,0.9852,0.0249,-0.7632,0,0,1,0.35820,3
0.4202,4.1459,2.5694,11.3492,-1.1071,0.0378,-0.3315,0,0,0,0.00000,1
0.4070,4.0985,2.6176,11.4399,-2.0369,0.0171,-0.3658,0,0,0,0.00000,3
0.4109,4.2594,2.6434,12.2069,2.8319,0.0393,-1.0358,0,1,0,0.21106,3
0.5402,5.3226,2.3260,11.3108,-2.1043,0.0315,-0.4203,0,0,0,0.00000,1
0.5085,4.9146,2.3729,11.4413,-0.0449,0.0297,-0.5103,0,0,0,0.00000,1
0.3706,3.9641,2.7592,11.3280,-2.6003,0.0745,-0.3085,0,0,0,0.00000,3
0.5838,5.7310,2.2285,11.5679,0.6643,0.0640,-0.8045,0,0,0,0.00000,3
0.4486,4.3353,2.4916,11.9108,-0.6465,0.0247,-0.8446,0,0,1,0.63307,1
0.4185,4.2073,2.5936,11.4422,-2.4379,0.0059,-0.3683,0,0,0,0.00000,3
0.4240,4.4862,2.6412,12.7273,2.1108,0.0239,-1.5223,0,1,1,1.31495,1
0.3429,3.7247,2.8319,12.3650,2.6657,0.0174,-0.9381,0,1,0,1.21754,1
0.5052,4.7817,2.3586,12.2050,-1.3974,0.0362,-1.2917,0,0,1,0.65670,1
0.4520,4.6447,2.5518,11.4018,1.8420,0.0143,-0.3846,0,0,0,0.00000,3
0.4948,5.1587,2.4796,11.7262,-1.6554,0.0367,-0.7803,0,0,1,0.17384,3
0.3982,4.2029,2.6891,11.2899,-2.2040,0.0252,-0.2497,0,0,0,0.00000,1
0.3525,3.7610,2.7910,11.5927,-2.3204,0.1009,-0.5085,0,0,1,0.13811,3
0.3621,3.9254,2.7923,11.4254,-2.4602,0.1064,-0.4065,0,0,0,0.00000,3
0.4407,4.6785,2.6111,11.7343,-2.4512,0.0676,-0.7259,0,0,1,0.17827,3
0.5688,5.1821,2.1928,11.4561,0.4565,0.0564,-0.6422,0,0,0,0.00000,3
0.4168,4.3752,2.6463,12.2278,-3.0573,0.0049,-1.0224,0,1,0,0.43491,3
0.3984,3.9930,2.6287,11.3885,2.4851,0.0176,-0.3166,0,0,0,0.00000,3
0.5449,5.5109,2.3415,11.3716,1.2084,0.0068,-0.4608,0,0,0,0.00000,3
0.4971,4.8682,2.4095,11.3752,2.4398,0.0171,-0.4166,0,0,0,0.00000,1
0.4532,4.8049,2.5843,11.4462,3.0471,0.0590,-0.4780,0,0,0,0.00000,1
0.4432,4.7098,2.6073,12.6558,-2.7322,0.0470,-1.5637,0,1,0,1.34620,1
0.5615,5.6708,2.3043,12.0540,-0.7668,0.0292,-1.2723,0,0,1,0.53101,3
0.3398,3.7023,2.8415,13.3443,-3.0618,0.0314,-1.6927,0,1,1,1.99809,1
0.5700,5.2271,2.1961,11.5136,0.9665,0.0656,-0.7199,0,0,0,0.00000,3
0.4539,4.2608,2.4508,11.3826,-2.2196,0.0056,-0.3584,0,0,0,0.00000,3
0.4876,5.2749,2.5344,12.2908,2.4635,0.0155,-1.3036,0,0,1,1.06391,3
0.4165,4.1751,2.5939,12.3342,-2.5287,0.0406,-1.1649,0,0,1,1.07320,1
0.4056,4.1720,2.6448,12.1602,-2.5895,0.0804,-1.0379,0,1,0,0.20108,1
0.5738,5.3755,2.2074,11.4091,-0.4126,0.0795,-0.6258,0,0,0,0.00000,1
0.5131,4.9879,2.3694,12.4599,0.1278,0.0106,-1.5516,0,0,3,0.86244,1
0.3599,3.7976,2.7632,13.0338,-2.7362,0.0668,-1.5993,0,0,0,0.00000,1
0.5827,5.2987,2.1620,11.3490,-0.6077,0.0072,-0.4819,0,0,0,0.00000,1
0.3629,3.9478,2.7950,11.5033,2.3702,0.1576,-0.5237,0,1,0,0.15979,3
0.4067,4.2805,2.6693,12.5331,-2.4361,0.0037,-1.2540,0,1,0,1.20656,1
0.4598,4.5022,2.4838,12.2980,-3.1100,0.0169,-1.2257,0,1,1,0.43858,1
0.3524,3.8733,2.8279,12.8363,2.8293,0.0761,-1.4190,0,1,0,1.65248,1
0.4633,4.3563,2.4347,11.3458,2.4017,0.0311,-0.3664,0,0,0,0.00000,1
0.3277,3.6123,2.8793,11.9228,-3.1307,0.1522,-0.7618,0,1,0,0.69450,2
0.5151,5.0698,2.3776,12.3355,-0.1328,0.0128,-1.4275,0,0,2,0.58310,1
0.5086,4.8400,2.3572,11.4994,-2.1574,0.0143,-0.5488,0,0,0,0.00000,1
0.3692,3.9670,2.7675,12.2948,2.3578,0.0152,-0.9585,0,1,0,0.93882,1
0.4369,4.2671,2.5260,12.4528,-1.1736,0.0165,-1.2998,1,2,1,1.30278,1
0.5262,5.4589,2.4072,12.6936,1.4402,0.0138,-1.8687,0,0,1,1.18454,1
0.4448,4.8207,2.6263,11.3681,2.6387,0.0198,-0.3541,0,0,0,0.00000,3
0.4023,4.3918,2.7215,12.1892,-2.1979,0.0535,-1.0170,0,1,0,0.79680,3
0.4744,4.9995,2.5337,11.6048,1.8284,0.0223,-0.6098,0,0,0,0.00000,3
0.5322,5.3903,2.3701,11.8785,3.0121,0.0157,-0.9871,0,1,0,0.19915,1
0.6338,5.9643,2.0801,11.7382,-0.5175,0.0790,-1.1262,0,0,1,0.21167,3
0.4152,4.3022,2.6342,11.9770,-2.7740,0.0815,-0.9047,0,0,2,0.65909,1
0.5435,5.3094,2.3110,11.5561,-0.6555,0.0033,-0.6477,0,0,0,0.00000,3
0.4466,4.8528,2.6257,11.3015,2.3554,0.0057,-0.2829,0,0,0,0.00000,1
0.4030,4.4343,2.7296,11.9783,-2.3933,0.0749,-0.8692,0,1,0,0.62007,3
0.3840,3.9192,2.6772,12.0680,-1.8524,0.0091,-0.8108,0,1,0,0.55055,1
0.5032,5.4049,2.4933,11.4237,-2.9167,0.0270,-0.4848,0,0,0,0.00000,3
0.4682,4.7208,2.4985,12.4611,-2.2041,0.0334,-1.4380,0,0,1,1.25162,1
0.4958,4.5055,2.3373,11.5117,0.6576,0.0542,-0.5901,0,0,0,0.00000,3
0.5592,5.6541,2.3103,12.2796,3.0240,0.0079,-1.4969,0,0,1,0.67012,1
0.4388,4.2202,2.5056,12.3465,-2.0402,0.0272,-1.2229,1,1,1,0.68224,1
0.4206,4.4184,2.6397,13.1290,-1.3762,0.0079,-1.8566,0,1,1,1.83278,1
0.3538,3.7766,2.7890,11.3582,2.6000,0.0372,-0.2718,0,0,0,0.00000,1
0.4168,4.1670,2.5907,11.2961,-1.7637,0.0158,-0.2604,0,0,0,0.00000,3
0.4916,4.6400,2.3830,11.6756,0.6324,0.0751,-0.7713,0,0,0,0.00000,1
0.5676,5.5653,2.2629,11.8079,1.7375,0.0022,-0.9676,0,1,0,0.32427,1
0.4435,4.2707,2.4978,11.8280,-0.2876,0.0063,-0.7353,0,1,0,0.35867,1
0.4859,4.6052,2.3984,11.5519,-1.9434,0.0295,-0.5845,0,0,0,0.00000,1
0.5472,5.2030,2.2772,11.4184,1.0405,0.0254,-0.5338,0,0,0,0.00000,3
0.4666,4.5309,2.4617,11.3302,-1.8027,0.0289,-0.3539,0,0,0,0.00000,3
0.4147,4.2435,2.6210,11.5108,-2.2843,0.0204,-0.4364,0,0,0,0.00000,3
0.4873,5.2951,2.5401,12.3730,-1.9620,0.0202,-1.3938,0,0,1,0.99944,3
0.3866,3.9661,2.6784,11.7990,2.5805,0.0555,-0.6645,0,0,1,0.54331,3
0.4824,4.6696,2.4270,11.3373,2.4043,0.0063,-0.3511,0,0,0,0.00000,3
0.3750,3.9963,2.7459,11.6199,2.7490,0.0688,-0.5233,0,1,0,0.27319,3
0.4334,4.4171,2.5797,11.9362,-2.7043,0.0672,-0.8909,0,0,1,0.44476,1
0.5397,4.9917,2.2666,11.6070,1.2443,0.0108,-0.7029,0,0,0,0.00000,1
0.4370,4.7042,2.6345,11.4854,3.0021,0.0670,-0.5006,0,0,0,0.00000,3
0.3415,3.7558,2.8500,11.8428,-2.7312,0.0655,-0.6247,0,0,1,0.20970,3
0.3898,3.9487,2.6572,12.6345,2.3854,0.0559,-1.3626,0,0,0,0.00000,1
0.4486,4.6558,2.5695,11.8016,-2.2888,0.0142,-0.7337,0,1,0,0.46912,3
0.4474,4.5777,2.5563,11.8881,2.7099,0.0416,-0.8444,0,1,0,0.48768,1
0.5078,4.9662,2.3863,11.4777,-0.7795,0.0872,-0.6153,0,0,0,0.00000,1
0.5895,5.8431,2.2246,11.4419,1.5704,0.0121,-0.6048,0,0,0,0.00000,1
0.5184,5.0674,2.3639,12.1157,1.5651,0.0180,-1.2084,0,0,2,0.37672,1
0.4239,4.6434,2.6817,12.4309,2.3235,0.0093,-1.2302,0,1,0,1.20623,1
0.4703,4.4553,2.4288,11.4740,-1.7119,0.0026,-0.4567,0,0,0,0.00000,3
0.3596,3.9309,2.8074,12.0689,1.9399,0.0704,-0.8345,0,0,2,0.54492,1
0.4643,5.0797,2.5965,12.3477,2.0647,0.0564,-1.3478,0,1,0,1.17200,3
0.4923,4.5489,2.3606,11.8124,1.1166,0.0063,-0.8176,0,1,0,0.21417,1
0.4597,4.5065,2.4854,11.4306,-2.0179,0.0648,-0.4785,0,0,0,0.00000,1
0.4636,4.9785,2.5769,12.6784,2.2348,0.0220,-1.6242,0,1,1,1.30940,1
0.4501,4.4569,2.5152,12.7035,-2.3959,0.0338,-1.6146,0,1,0,1.44880,1
0.4348,4.3010,2.5439,12.1068,-2.7295,0.0348,-1.0037,0,1,0,0.63515,1
0.4180,4.2077,2.5961,11.5239,-3.1064,0.0257,-0.4576,0,0,0,0.00000,3
0.4530,4.5847,2.5330,11.9206,0.7620,0.0191,-0.8568,0,1,0,0.39902,1
0.3535,3.8554,2.8162,11.3704,2.6262,0.0297,-0.2717,0,0,0,0.00000,1
0.5319,4.9037,2.2794,11.3461,-0.5486,0.0169,-0.4281,0,0,0,0.00000,3
0.4098,4.0825,2.5999,11.3896,-1.3396,0.0147,-0.3263,0,0,0,0.00000,1
0.4094,4.4642,2.7058,12.7207,-2.1386,0.0234,-1.4600,0,0,1,1.45907,1
0.5120,5.2474,2.4253,11.4703,1.5409,0.0336,-0.5498,0,0,0,0.00000,3
0.4116,4.2463,2.6362,11.2769,2.0311,0.0220,-0.2478,0,0,0,0.00000,3
0.3673,4.0416,2.8004,13.4054,2.8442,0.0865,-1.9919,0,1,1,2.20780,1
0.4735,4.6167,2.4521,11.5666,1.9279,0.0492,-0.6041,0,0,0,0.00000,1
0.4353,4.5897,2.6144,12.9319,1.7552,0.0117,-1.7418,1,1,0,1.62021,1
0.5303,5.4816,2.3949,11.3706,-0.1807,0.0018,-0.4360,0,0,0,0.00000,3
0.3388,3.7132,2.8509,12.8575,-3.1329,0.0690,-1.3697,0,1,1,1.55899,1
0.3963,3.9970,2.6398,11.3628,2.9651,0.1005,-0.3898,0,0,0,0.00000,1
0.4936,4.8475,2.4195,11.4870,0.4690,0.0064,-0.5064,0,0,0,0.00000,3
0.4999,4.7605,2.3754,11.9527,-0.8826,0.0121,-0.9831,0,1,0,0.54902,1
0.5905,5.7329,2.2038,12.1767,-0.6285,0.0039,-1.4602,0,0,1,0.64420,1
0.5496,5.1881,2.2654,11.9958,-0.0517,0.0293,-1.1726,0,1,0,0.42634,1
0.4354,4.1645,2.5060,11.4062,0.7613,0.0212,-0.3759,0,0,0,0.00000,1
0.4578,4.2650,2.4353,11.3705,-1.3309,0.0099,-0.3573,0,0,0,0.00000,3
0.4875,4.7644,2.4266,11.3805,2.2833,0.0035,-0.3940,0,0,0,0.00000,3
0.4592,4.8880,2.5761,11.8914,3.0966,0.0870,-0.9324,0,1,0,0.53752,1
0.5734,5.6953,2.2621,11.9091,-0.0585,0.0052,-1.1012,0,0,1,0.33035,3
0.3797,4.0784,2.7466,11.4522,2.7707,0.1351,-0.4800,0,0,0,0.00000,3
0.3878,4.0240,2.6895,12.0245,2.2929,0.0085,-0.7848,1,1,0,0.73102,1
0.3672,3.9922,2.7855,11.4002,2.5047,0.0235,-0.2994,0,0,0,0.00000,1
0.4997,5.2904,2.4853,11.6152,1.1921,0.0355,-0.6779,0,0,0,0.00000,1
0.4092,4.2348,2.6445,11.7295,-2.6577,0.0562,-0.6506,0,1,0,0.24247,3
0.5329,5.2939,2.3496,11.3963,-0.3842,0.0085,-0.4724,0,0,0,0.00000,3
0.4308,4.4880,2.6097,11.4489,1.3490,0.0177,-0.4033,0,0,0,0.00000,1
0.4796,4.8761,2.4842,12.0751,1.9855,0.0270,-1.0784,0,0,1,0.58447,3
0.3979,4.2026,2.6905,11.9410,-2.6165,0.0356,-0.7760,0,0,1,0.34180,3
0.4792,4.4454,2.3898,11.4779,0.7681,0.0174,-0.4899,0,0,0,0.00000,3
0.4515,4.8184,2.5951,11.5088,-2.8788,0.1164,-0.6000,0,0,0,0.00000,1
0.3605,3.8650,2.7815,11.2702,-3.0991,0.1876,-0.3845,0,0,0,0.00000,1
0.4423,4.5351,2.5689,12.1538,2.8358,0.0301,-1.0602,0,1,0,0.69487,3
0.3331,3.6480,2.8609,12.6546,2.6841,0.1477,-1.3128,0,1,0,0.65155,1
0.4577,4.6555,2.5289,11.3135,-1.6280,0.0331,-0.3351,0,0,0,0.00000,3
0.4925,4.8722,2.4290,12.5132,0.9053,0.0127,-1.5420,0,0,1,1.06715,1
0.4383,4.7432,2.6379,12.5162,-2.3500,0.0175,-1.3682,0,1,0,1.21102,1
0.4392,4.6951,2.6221,11.7498,-2.0796,0.0042,-0.6579,0,1,0,0.48082,1
0.3897,4.2662,2.7497,12.8987,2.9036,0.0946,-1.6554,1,1,2,1.60528,1
0.4804,5.1718,2.5444,12.0179,2.4587,0.0517,-1.0584,0,0,1,0.49528,3
0.4411,4.3989,2.5403,11.3899,0.7280,0.0100,-0.3561,0,0,0,0.00000,1
0.4688,4.3792,2.4173,11.4666,-0.9772,0.0540,-0.5097,0,0,0,0.00000,3
0.4309,4.6678,2.6543,11.3774,-2.5457,0.0121,-0.3377,0,0,0,0.00000,1
0.4145,4.4545,2.6783,12.9847,-2.8803,0.0255,-1.7252,0,1,1,1.33109,1
0.4925,4.8946,2.4339,11.3973,1.4178,0.0264,-0.4435,0,0,0,0.00000,3
0.4807,5.1799,2.5449,11.3078,2.0665,0.0213,-0.3412,0,0,0,0.00000,3
0.5174,5.1585,2.3857,11.9022,0.1500,0.0001,-0.9573,0,0,1,0.25716,3
0.5518,5.6879,2.3453,11.6077,-0.9006,0.0279,-0.7496,0,0,0,0.00000,3
0.4378,4.2635,2.5212,11.9678,2.4220,0.0380,-0.8898,0,1,0,0.73234,1
0.3970,4.3243,2.7294,11.4883,2.7911,0.1344,-0.5292,0,0,0,0.00000,3
0.3423,3.7462,2.8422,12.9553,3.1153,0.0375,-1.4090,0,1,1,1.76872,1
0.5537,5.1578,2.2443,11.7319,-0.5176,0.0260,-0.8834,0,0,1,0.29692,3
0.3806,4.0169,2.7238,11.3552,-2.5504,0.0759,-0.3397,0,0,0,0.00000,3
0.3972,4.3212,2.7276,11.3119,2.8223,0.0309,-0.2722,0,0,0,0.00000,3
0.5004,4.6115,2.3421,11.6516,-0.5596,0.0830,-0.7725,0,0,0,0.00000,1
0.4695,4.8612,2.5244,12.8572,-0.9126,0.0155,-1.8186,0,1,1,1.62451,1
0.5193,5.1534,2.3770,11.4264,1.0693,0.0197,-0.4985,0,0,0,0.00000,3
0.3701,4.0849,2.7990,12.7406,-2.3470,0.0581,-1.3812,1,1,1,1.18068,0
0.5031,5.5207,2.5167,11.8987,-3.0255,0.0038,-0.9298,1,1,0,0.40802,3
0.3916,4.0711,2.6845,13.0930,-2.7205,0.0664,-1.7945,1,1,1,1.08489,1
0.4854,4.7931,2.4419,11.5371,-1.0373,0.0188,-0.5574,0,0,0,0.00000,3
0.4559,4.7812,2.5665,11.2194,2.6668,0.0285,-0.2460,0,0,0,0.00000,3
0.4475,4.2732,2.4813,11.8820,0.0851,0.0163,-0.8046,0,1,0,0.45477,1
0.3654,3.8526,2.7516,11.4383,-3.1106,0.1827,-0.5079,0,0,0,0.00000,1
0.4840,4.4628,2.3746,11.8736,-1.2466,0.0113,-0.8668,1,1,0,0.53180,1
0.4234,4.5409,2.6577,12.8245,1.9804,0.0131,-1.5934,1,1,0,0.92915,1
0.4071,4.1261,2.6247,11.3774,1.7802,0.0298,-0.3315,0,0,0,0.00000,3
0.4827,4.6794,2.4281,11.2755,-2.6432,0.0183,-0.3084,0,0,0,0.00000,1
0.4513,4.6430,2.5547,12.3057,-2.8032,0.0046,-1.1912,0,1,1,0.76286,1
0.4882,4.5971,2.3876,11.5498,-1.4832,0.0219,-0.5765,0,0,0,0.00000,3
0.4698,5.1859,2.5949,12.9993,-2.2633,0.0126,-1.9651,1,1,0,0.32086,0
0.5230,5.5058,2.4293,11.3024,0.3506,0.0172,-0.3768,0,0,0,0.00000,1
0.4158,4.2252,2.6110,11.3778,2.6682,0.0180,-0.3275,0,0,0,0.00000,3
0.4490,4.2973,2.4808,12.7238,-1.1174,0.0288,-1.6216,0,1,1,1.30863,1
0.3951,4.3165,2.7366,11.5525,-2.7459,0.0866,-0.5216,0,0,0,0.00000,3
0.4706,4.7536,2.4958,11.2921,2.9880,0.0137,-0.3066,0,0,0,0.00000,3
0.3765,3.9633,2.7281,11.2931,2.4036,0.1132,-0.3318,0,0,0,0.00000,3
0.4718,5.0728,2.5613,11.3142,-2.8487,0.1245,-0.4564,0,0,0,0.00000,1
0.4142,4.3158,2.6429,11.8396,-2.5822,0.0121,-0.6961,0,1,0,0.26548,3
0.4120,4.3018,2.6496,11.9799,2.6406,0.0536,-0.8631,0,1,0,0.75021,3
0.3657,3.8573,2.7514,11.4368,1.7599,0.0674,-0.3741,0,0,0,0.00000,1
0.5611,5.8140,2.3299,12.0705,0.8257,0.0515,-1.3227,0,0,1,0.61107,1
0.4673,4.7429,2.5073,11.3120,-1.4714,0.0380,-0.3494,0,0,0,0.00000,3
0.4354,4.7818,2.6610,11.8366,1.8369,0.0259,-0.7545,0,0,1,0.44275,1
0.4696,4.9478,2.5436,11.7756,-1.4718,0.0008,-0.7342,0,1,1,0.42590,1
0.4541,4.7532,2.5682,11.4669,1.9464,0.0129,-0.4429,0,0,0,0.00000,3
0.5929,5.5672,2.1687,11.5219,-1.3529,0.0465,-0.7429,0,0,0,0.00000,1
0.4569,4.3904,2.4698,11.2753,-1.7079,0.0297,-0.2961,0,0,0,0.00000,3
0.4789,4.5792,2.4214,11.5592,-1.2693,0.0295,-0.5809,0,0,0,0.00000,3
0.4081,4.4116,2.6982,11.5069,2.4470,0.0913,-0.5083,0,0,0,0.00000,3
0.3900,4.2656,2.7482,12.9901,-2.8130,0.0657,-1.6906,0,0,2,1.47908,1
0.3660,4.0184,2.8001,13.2189,-2.3108,0.0187,-1.6967,1,1,1,1.81012,1
0.4780,4.6730,2.4461,11.5755,-1.0463,0.0490,-0.6192,0,0,0,0.00000,1
0.4868,4.7205,2.4203,11.4848,-2.9794,0.0064,-0.4944,0,0,0,0.00000,1
0.5585,5.3843,2.2663,11.5703,-0.4706,0.0393,-0.7325,0,0,0,0.00000,3
0.4414,4.2556,2.5034,11.5019,-2.4590,0.0223,-0.4663,0,0,0,0.00000,1
0.4812,5.0992,2.5255,11.4223,-2.1750,0.0781,-0.5148,0,0,0,0.00000,3
0.3577,3.9111,2.8110,13.0088,2.9701,0.0226,-1.4928,0,1,0,1.56020,1
0.4193,4.2604,2.6040,12.2179,1.8394,0.0325,-1.0587,0,1,0,0.85299,1
0.4584,4.4908,2.4871,11.2920,-0.3633,0.0205,-0.3019,0,0,0,0.00000,1
0.4577,4.5804,2.5116,11.5181,1.7077,0.0493,-0.5365,0,0,0,0.00000,3
0.4819,5.1841,2.5406,11.9276,2.7484,0.0094,-0.9172,0,0,1,0.54564,3
0.3489,3.7677,2.8127,12.2402,2.7126,0.0509,-0.9098,0,0,3,1.00072,3
0.4907,5.3998,2.5464,11.6399,-2.7942,0.0792,-0.7414,0,0,0,0.00000,1
0.5110,4.9719,2.3746,11.2555,-0.2312,0.0117,-0.3100,0,0,0,0.00000,3
0.5232,5.0803,2.3474,11.7909,2.0487,0.0254,-0.8860,0,1,0,0.35346,1
0.4487,4.2331,2.4660,11.3076,-2.2535,0.0361,-0.3234,0,0,0,0.00000,1
0.4308,4.4978,2.6122,11.3649,2.4678,0.0938,-0.4209,0,0,0,0.00000,1
0.4481,4.6016,2.5588,11.3530,2.3731,0.0650,-0.3965,0,0,0,0.00000,3
0.4942,4.7921,2.4051,12.2524,1.4695,0.0146,-1.2784,0,0,1,0.84155,1
0.5342,5.3940,2.3630,11.3629,0.4478,0.0087,-0.4405,0,0,0,0.00000,3
0.4753,4.4798,2.4135,11.4728,1.0116,0.0284,-0.4934,0,0,0,0.00000,3
0.3970,4.1086,2.6685,13.0783,-2.4370,0.0161,-1.7153,1,1,0,0.44547,1
0.4195,4.5130,2.6695,11.5086,2.7749,0.1346,-0.5765,0,0,0,0.00000,1
0.4503,4.5894,2.5460,11.3466,1.2327,0.0030,-0.3215,0,0,0,0.00000,1
0.3976,4.3474,2.7328,12.5358,-2.8234,0.0575,-1.3060,0,1,1,1.03390,1
0.5728,5.8505,2.2898,11.5949,-1.4454,0.0426,-0.7904,0,0,0,0.00000,3
0.3678,3.9799,2.7785,12.5599,-3.0401,0.0723,-1.2469,0,1,0,1.27248,1
0.5269,5.5695,2.4250,12.0661,-1.5417,0.0100,-1.1702,0,1,0,0.52008,3
0.4048,4.2221,2.6624,11.8049,1.9987,0.0095,-0.6461,0,1,0,0.25556,1
0.4537,4.2705,2.4541,11.3855,-1.7688,0.0302,-0.3897,0,0,0,0.00000,3
0.5496,4.9904,2.2293,12.0498,-1.0162,0.0070,-1.1996,0,0,1,0.26731,1
0.3537,3.7946,2.7951,11.6485,-2.8165,0.0239,-0.4583,0,1,0,0.39255,1
0.4724,4.3693,2.4000,11.2444,-1.5145,0.0382,-0.2925,0,0,0,0.00000,3
0.4525,4.3222,2.4716,11.3891,0.9634,0.0438,-0.4077,0,0,0,0.00000,1
0.5176,5.2761,2.4080,11.4399,2.1734,0.0072,-0.4953,0,0,0,0.00000,3
0.4112,4.0736,2.5909,11.6677,2.6420,0.0189,-0.5567,0,1,0,0.27496,3
0.3553,3.8759,2.8133,12.2269,2.7901,0.1940,-1.1117,0,1,1,0.63373,1
0.4808,4.5210,2.4003,11.7494,-2.3029,0.0121,-0.7423,0,0,1,0.38490,1
0.4053,4.2377,2.6643,11.2524,3.1045,0.0420,-0.2457,0,0,0,0.00000,3
0.3523,3.7586,2.7911,12.8486,2.6017,0.0998,-1.4683,0,0,1,1.57562,1
0.4654,4.5964,2.4822,12.6383,-1.3117,0.0089,-1.5665,0,0,1,1.42262,1
0.4561,4.9962,2.6151,11.4498,-1.8848,0.0468,-0.4710,0,0,0,0.00000,1
0.5007,4.8069,2.3819,12.0290,-1.7231,0.0167,-1.0694,0,0,1,0.24485,1
0.3630,3.9191,2.7855,13.0457,-2.9528,0.0214,-1.5438,0,1,1,1.58517,1
0.5192,5.1966,2.3861,11.3284,-2.7047,0.0310,-0.4137,0,0,0,0.00000,1
0.5746,5.6062,2.2429,11.4593,-0.6776,0.0885,-0.6956,0,0,0,0.00000,1
0.5517,5.2874,2.2752,12.6530,0.6608,0.0042,-1.8996,0,1,2,1.00812,1
0.4484,4.4347,2.5170,11.3239,2.4859,0.0028,-0.2993,0,0,0,0.00000,3
0.4174,4.3436,2.6348,11.3635,2.8596,0.0454,-0.3495,0,0,0,0.00000,3
0.5655,5.3716,2.2377,11.3554,0.8182,0.0472,-0.5165,0,0,0,0.00000,3
0.5199,5.5082,2.4429,12.4344,-1.9347,0.0082,-1.5476,0,1,0,0.93118,1
0.4932,4.6359,2.3757,11.4308,1.2480,0.0150,-0.4615,0,0,0,0.00000,3
0.4715,5.1555,2.5805,11.3546,-2.9372,0.1205,-0.4889,0,0,0,0.00000,1
0.3613,3.9450,2.8027,12.1581,-2.5182,0.1487,-1.0117,0,1,0,0.59107,3
0.3803,4.0928,2.7476,11.8479,2.3779,0.0421,-0.6741,0,0,1,0.44734,3
0.5883,5.6956,2.2060,11.8067,-0.4706,0.0115,-1.0230,0,0,1,0.32856,3
0.4703,4.9326,2.5370,11.9070,2.3910,0.0773,-0.9593,0,1,0,0.28655,1
0.4188,4.2180,2.5949,11.4494,2.5527,0.1063,-0.4926,0,0,0,0.00000,1
0.4768,4.3691,2.3823,12.0121,-0.8884,0.0268,-1.0063,0,0,1,0.22671,1
0.4796,4.3685,2.3706,11.2770,-0.5275,0.0051,-0.2905,0,0,0,0.00000,3
0.4927,4.5675,2.3628,11.9564,-0.4429,0.0441,-1.0131,0,0,1,0.50020,1
0.4330,4.2405,2.5365,11.4498,-0.4952,0.0128,-0.4000,0,0,0,0.00000,1
0.3850,4.0388,2.7078,12.6135,2.7313,0.0245,-1.2788,2,2,0,1.09101,1
0.5738,5.7001,2.2617,11.5629,-0.0275,0.0593,-0.7759,0,0,0,0.00000,1
0.4374,4.7571,2.6454,12.5998,-2.9025,0.0068,-1.4275,0,1,0,1.46631,1
0.5684,5.2596,2.2076,11.4188,-1.0183,0.0006,-0.5323,0,0,0,0.00000,1
0.3292,3.6204,2.8738,12.2995,-2.6911,0.1084,-0.9769,0,1,0,1.05992,3
0.3590,3.7883,2.7648,11.4926,-2.2685,0.1421,-0.4932,0,0,0,0.00000,3
0.5108,4.6154,2.3024,11.3043,-1.3090,0.0263,-0.3731,0,0,0,0.00000,1
0.6502,6.0336,2.0314,11.6188,-0.0709,0.0499,-0.9670,0,0,0,0.00000,3
0.5635,5.3992,2.2502,11.4556,-1.2718,0.0647,-0.6452,0,0,0,0.00000,3
0.3884,4.2367,2.7479,12.2249,-2.6859,0.1516,-1.1436,0,1,0,1.08922,1
0.4316,4.2576,2.5470,11.2178,1.5300,0.0354,-0.2317,0,0,0,0.00000,3
0.4684,5.1375,2.5907,13.2947,2.2857,0.0225,-2.2894,0,1,0,1.70432,1
0.5847,5.3067,2.1564,11.4826,-0.7476,0.0255,-0.6573,0,0,0,0.00000,1
0.4055,4.3612,2.6970,11.4251,-1.8782,0.0465,-0.3870,0,0,0,0.00000,1
0.4010,4.1335,2.6563,12.6362,-2.6911,0.0410,-1.3808,0,1,0,0.23262,1
0.3893,3.9928,2.6728,12.5236,-3.0073,0.0201,-1.2114,1,1,0,0.83274,1
0.4387,4.7510,2.6378,13.1534,2.7910,0.0531,-2.0502,0,0,2,1.01374,1
0.4424,4.5393,2.5694,11.9824,2.3688,0.0120,-0.8800,0,1,0,0.70856,3
0.4623,4.6829,2.5152,11.3973,-2.3414,0.0150,-0.3936,0,0,0,0.00000,3
0.4740,4.4930,2.4222,11.2602,-0.8281,0.0324,-0.3018,0,0,0,0.00000,3
0.4461,4.3919,2.5167,12.3818,2.8402,0.0216,-1.2707,0,1,0,1.16261,1
0.5135,5.0730,2.3845,12.3152,-2.0825,0.0318,-1.4294,0,1,0,0.57865,1
0.3858,4.1442,2.7346,12.8800,-2.6333,0.1020,-1.6354,0,1,0,1.56451,1
0.4920,5.1181,2.4828,11.5205,-2.5604,0.0085,-0.5401,0,0,0,0.00000,3
0.4804,4.5848,2.4163,11.3214,0.7108,0.0699,-0.4084,0,0,0,0.00000,1
0.4298,4.6534,2.6559,12.4041,3.1347,0.0121,-1.2287,1,1,0,0.91059,3
0.3944,4.3312,2.7441,11.3873,2.8469,0.0233,-0.3186,0,0,0,0.00000,1
0.5185,4.8358,2.3177,11.3262,0.1285,0.0711,-0.4568,0,0,0,0.00000,1
0.5422,5.3913,2.3308,11.4126,2.2878,0.0163,-0.5112,0,0,0,0.00000,1
0.5668,5.2741,2.2161,11.4349,0.2272,0.0156,-0.5662,0,0,0,0.00000,3
0.4476,4.4800,2.5317,12.1476,-0.0132,0.0047,-1.0328,0,0,1,0.61677,1
0.5492,5.5143,2.3253,11.5210,-3.1303,0.0123,-0.6315,0,0,0,0.00000,1
0.4678,4.8532,2.5300,12.1423,-2.4232,0.0581,-1.1569,0,0,2,0.52464,1
0.4001,4.0219,2.6288,12.1746,-2.2855,0.0489,-0.9923,0,1,0,0.94998,1
0.4784,4.5161,2.4091,11.3531,0.5504,0.0415,-0.4022,0,0,0,0.00000,1
0.5555,5.0896,2.2256,11.5601,1.1946,0.0395,-0.7150,0,0,0,0.00000,1
0.4785,4.4227,2.3875,11.3563,0.5874,0.0219,-0.3817,0,0,0,0.00000,3
0.4975,5.1363,2.4633,12.0070,-1.1294,0.0256,-1.0537,1,1,1,0.87107,1
0.6410,6.2370,2.0914,12.1825,0.2802,0.0645,-1.7086,0,0,1,0.30294,1
0.4730,4.9867,2.5371,13.0327,-2.3404,0.0252,-2.0354,0,0,1,1.71526,1
0.4597,4.4911,2.4819,11.5063,1.0170,0.0201,-0.4931,0,0,0,0.00000,3
0.3985,4.1018,2.6592,12.6637,1.5091,0.0277,-1.3750,0,1,1,1.27428,1
0.4550,4.8829,2.5939,11.8410,2.3347,0.0508,-0.8298,0,0,1,0.26353,3
0.4951,5.0566,2.4572,11.6181,2.0736,0.0911,-0.7412,0,0,0,0.00000,1
0.3459,3.7504,2.8234,11.5043,2.6092,0.2019,-0.5545,0,0,0,0.00000,3
0.3685,4.0631,2.8008,12.3984,2.4325,0.0280,-1.0553,0,1,0,1.04031,0
0.4370,4.5670,2.6009,11.6219,-2.4427,0.0484,-0.5965,0,1,0,0.24350,3
0.4967,5.3066,2.5014,12.6031,0.2993,0.0043,-1.6426,0,0,3,1.42439,1
0.4831,4.4663,2.3789,11.4475,0.8554,0.0010,-0.4469,0,0,0,0.00000,3
0.5000,4.6719,2.3564,11.6064,-1.1890,0.0476,-0.6821,0,0,0,0.00000,3
0.4198,4.5024,2.6650,11.9429,-1.5630,0.0483,-0.8423,0,0,3,0.68617,1
0.5069,4.6891,2.3329,11.6802,0.2438,0.0668,-0.7925,0,1,0,0.31740,1
0.4716,4.9105,2.5265,11.9017,1.7007,0.0178,-0.8791,0,0,1,0.38270,3
0.4536,4.8226,2.5864,11.4795,-2.5034,0.0557,-0.5044,0,0,0,0.00000,3
0.4438,4.2240,2.4850,11.3767,-2.1397,0.0044,-0.3407,0,0,0,0.00000,3
0.5539,5.1803,2.2478,12.0798,0.7056,0.0751,-1.3445,0,1,0,0.61018,1
0.3783,3.9036,2.7010,11.4339,-2.8921,0.1103,-0.4361,0,0,0,0.00000,1
0.5001,5.3468,2.4952,11.5757,2.5242,0.1068,-0.7267,0,0,0,0.00000,1
0.4271,4.4194,2.6093,12.8182,1.9594,0.0146,-1.6038,1,1,0,1.40853,1
0.5019,4.5522,2.3235,11.5167,0.4386,0.0050,-0.5432,0,0,0,0.00000,3
0.4748,4.8506,2.4992,12.3623,-1.7318,0.0339,-1.3613,1,1,2,0.98359,1
0.4795,4.9823,2.5078,11.3373,-1.4918,0.0237,-0.3692,0,0,0,0.00000,3
0.4559,4.3090,2.4542,12.1539,0.0974,0.0142,-1.0723,0,1,0,0.21808,1
0.3539,3.8166,2.8015,12.9797,-2.3018,0.0289,-1.4635,0,0,4,1.93741,1
0.4142,4.4956,2.6907,11.8966,2.9987,0.1092,-0.8683,0,0,2,0.54283,1
0.4797,4.5157,2.4038,11.4217,-1.2718,0.0362,-0.4611,0,0,0,0.00000,3
0.5434,5.1050,2.2736,12.3100,0.6538,0.0012,-1.4678,0,0,1,0.86504,1
0.4369,4.7481,2.6458,11.3472,2.4232,0.0184,-0.3261,0,0,0,0.00000,3
0.4005,4.2477,2.6905,11.7758,3.1136,0.0858,-0.7097,0,0,1,0.23236,1
0.3902,4.0512,2.6855,12.9431,-2.4618,0.0321,-1.5935,0,0,3,1.46052,1
0.3562,3.8002,2.7839,13.0493,2.9725,0.0872,-1.6304,0,1,1,1.80495,1
0.4716,4.4888,2.4309,11.2582,0.1660,0.0432,-0.3103,0,0,0,0.00000,1
0.4069,4.2779,2.6675,11.5579,-2.5253,0.1315,-0.5964,0,0,0,0.00000,1
0.4025,4.0382,2.6221,11.8498,2.5887,0.0529,-0.7328,0,1,0,0.48034,1
0.4684,4.4887,2.4442,11.2860,-2.9411,0.0037,-0.2868,0,0,0,0.00000,3
0.3542,3.8248,2.8024,12.0471,2.4013,0.1050,-0.8507,0,1,0,0.82405,3
0.4958,5.0512,2.4528,11.2670,-0.7213,0.0064,-0.3006,0,0,0,0.00000,3
0.4831,4.5316,2.3934,11.3141,-1.4808,0.0273,-0.3545,0,0,0,0.00000,3
0.5291,5.5667,2.4156,11.2913,-2.8642,0.0147,-0.3695,0,0,0,0.00000,3
0.5748,5.7618,2.2679,12.3528,-0.4844,0.0448,-1.6888,0,0,1,0.77045,1
0.3593,3.8729,2.7906,13.2486,2.3738,0.0455,-1.7380,0,1,0,1.47093,1
0.4216,4.1694,2.5693,11.3425,-1.9562,0.0329,-0.3220,0,0,0,0.00000,3
0.4637,4.5621,2.4814,11.4016,-0.6927,0.0220,-0.4067,0,0,0,0.00000,1
0.5509,5.3953,2.2976,11.6267,-0.7032,0.0436,-0.7871,0,0,0,0.00000,3
0.4809,4.8509,2.4732,12.6094,0.8877,0.0131,-1.6020,0,0,1,1.22507,1
0.4225,4.1203,2.5517,12.3092,-2.6554,0.0154,-1.1233,0,1,2,1.09651,1
0.3865,3.9678,2.6792,11.4152,-1.7378,0.0175,-0.3239,0,0,0,0.00000,1
0.4255,4.6879,2.6852,12.0322,2.9896,0.0150,-0.8899,0,1,0,0.65525,0
0.4976,5.2613,2.4884,11.5582,-2.3999,0.0966,-0.6927,0,0,0,0.00000,1
0.4966,5.2616,2.4927,12.4150,1.8610,0.0648,-1.5334,0,1,0,1.10976,1
0.4100,4.0401,2.5875,11.8588,-2.6316,0.0545,-0.7572,0,0,1,0.21518,0
0.4349,4.5154,2.5976,11.3167,-2.5880,0.0598,-0.3454,0,0,0,0.00000,3
0.3579,3.9417,2.8202,13.3898,2.5865,0.0818,-1.9191,0,0,1,2.24302,0
0.4499,4.2438,2.4637,12.3060,1.4180,0.0273,-1.2182,1,1,0,0.55075,1
0.4687,5.1042,2.5820,11.9840,2.1237,0.0515,-0.9968,0,1,0,0.55150,3
0.5308,4.7968,2.2630,11.8402,-0.6684,0.0411,-0.9728,0,1,0,0.47463,1
0.5984,5.5817,2.1510,11.4902,0.2529,0.0017,-0.6584,0,0,0,0.00000,1
0.4320,4.2057,2.5319,11.8243,3.1024,0.0232,-0.7313,0,0,1,0.23546,1
0.3726,3.8633,2.7177,11.2886,2.1769,0.0157,-0.2157,0,0,0,0.00000,1
0.4052,4.1177,2.6316,11.5039,-2.2253,0.0438,-0.4458,0,0,0,0.00000,3
0.4980,5.2837,2.4912,11.5740,-1.2652,0.0186,-0.6140,0,0,0,0.00000,1
0.4809,4.8562,2.4742,12.8466,1.0979,0.0113,-1.8472,0,0,1,1.11147,1
0.5338,5.1379,2.3167,11.2586,-2.2324,0.0015,-0.3241,0,0,0,0.00000,1
0.4808,4.5101,2.3979,11.3028,2.1252,0.0330,-0.3482,0,0,0,0.00000,1
0.3977,4.2991,2.7187,11.4404,2.5091,0.1162,-0.4707,0,0,0,0.00000,3
0.4692,4.5452,2.4540,11.2948,-1.0306,0.0270,-0.3225,0,0,0,0.00000,3
0.4339,4.2529,2.5356,11.4821,-1.9927,0.0354,-0.4554,0,0,0,0.00000,3
0.3843,3.9139,2.6740,12.0380,-2.3835,0.0639,-0.8607,1,1,1,0.66236,3
0.4760,4.5627,2.4297,11.5393,2.0908,0.0336,-0.5629,0,0,0,0.00000,1
0.4229,4.2506,2.5849,12.1391,1.4247,0.0251,-0.9885,0,0,1,0.83908,1
0.4162,4.5882,2.7051,13.3733,-1.8803,0.0298,-2.1107,0,1,1,1.97711,0
0.5775,5.5872,2.2288,11.3552,-0.7992,0.0587,-0.5460,0,0,0,0.00000,3
0.5233,5.1293,2.3566,11.7470,-1.5540,0.0073,-0.8170,0,0,1,0.44574,3
0.4970,5.2330,2.4851,11.3231,-3.1165,0.0302,-0.3833,0,0,0,0.00000,3
0.4668,4.5792,2.4720,11.3555,0.3279,0.0075,-0.3519,0,0,0,0.00000,1
0.4043,4.4241,2.7201,13.0356,2.6133,0.0952,-1.8469,1,0,0,0.29328,1
0.4621,4.5368,2.4824,11.4652,-0.9381,0.0744,-0.5244,0,0,0,0.00000,1
0.4598,4.7681,2.5460,12.0657,2.3363,0.0694,-1.0771,0,1,0,0.30157,1
0.4683,4.9506,2.5500,11.3737,-1.0390,0.0175,-0.3829,0,0,0,0.00000,1
0.4511,4.5848,2.5417,11.3249,1.6592,0.0298,-0.3343,0,0,0,0.00000,3
0.4685,4.5307,2.4536,11.6769,1.5608,0.0104,-0.6503,0,1,0,0.15800,3
0.4357,4.4609,2.5804,11.3157,2.5268,0.0121,-0.2907,0,0,0,0.00000,3
0.4640,4.5093,2.4679,11.4713,-0.9823,0.0275,-0.4762,0,0,0,0.00000,1
0.4945,5.2679,2.5032,11.6882,1.1415,0.0032,-0.7008,0,0,1,0.25780,1
0.3675,3.9837,2.7817,11.4496,-2.4295,0.0617,-0.3789,0,1,0,0.23941,3
0.4124,4.5539,2.7145,11.4327,2.5252,0.0743,-0.4336,0,0,0,0.00000,2
0.4599,4.5002,2.4830,12.1708,-2.1927,0.0253,-1.1159,0,0,1,0.76745,1
0.3597,3.8356,2.7762,11.3432,2.7810,0.1304,-0.3723,0,0,0,0.00000,3
0.3723,4.0656,2.7814,12.4128,-2.9749,0.1090,-1.1940,0,0,1,1.10744,1
0.5788,5.6912,2.2412,12.0492,-0.8419,0.0244,-1.3046,0,1,0,0.29019,1
0.4344,4.6046,2.6221,11.4673,1.6889,0.0173,-0.4231,0,0,0,0.00000,1
0.5055,4.7624,2.3536,11.4286,0.1453,0.0637,-0.5342,0,0,0,0.00000,1
0.5422,5.3769,2.3281,12.1236,1.5007,0.0141,-1.2771,0,1,0,0.49797,1
0.4176,4.0890,2.5660,12.4096,-2.0380,0.0460,-1.2431,1,1,0,1.17638,1
0.3896,4.0840,2.6981,12.6765,1.6460,0.0125,-1.3295,0,1,2,1.61436,1
0.4661,5.0847,2.5893,12.1159,-2.8242,0.0174,-1.0720,0,1,0,0.65739,3
0.4365,4.5724,2.6045,11.7763,-2.3944,0.0140,-0.6878,0,1,0,0.44827,3
0.3661,3.8849,2.7583,11.4244,2.2151,0.0367,-0.3304,0,0,0,0.00000,1
0.4790,4.7823,2.4662,11.4748,0.4883,0.0297,-0.5030,0,0,0,0.00000,1
0.4871,4.4176,2.3522,12.0062,-0.0096,0.0044,-0.9937,0,0,0,0.00000,1
0.3867,4.2004,2.7462,12.8714,-3.0614,0.0819,-1.5979,0,1,2,2.06356,1
0.4570,5.0335,2.6192,13.0722,2.6107,0.0375,-2.0256,1,1,1,1.72666,0
0.3754,4.0679,2.7656,12.5125,2.9875,0.0610,-1.2168,0,1,1,1.35328,1
0.4306,4.6052,2.6403,12.4685,-2.9788,0.0103,-1.2868,0,1,0,0.96522,1
0.4876,4.4826,2.3644,11.8047,-0.0970,0.0314,-0.8337,0,0,1,0.22528,1
0.4645,4.3555,2.4295,11.2894,-0.7990,0.0355,-0.3223,0,0,0,0.00000,3
0.4802,4.4784,2.3932,11.4359,-0.5679,0.0478,-0.4888,0,0,0,0.00000,1
0.3860,3.9436,2.6746,11.4325,-2.2779,0.0027,-0.3191,0,0,0,0.00000,1
0.4805,5.1462,2.5387,12.1476,2.9571,0.0757,-1.2214,0,0,1,0.66255,1
0.5364,4.9952,2.2797,11.4150,-1.6969,0.0399,-0.5327,0,0,0,0.00000,1
0.4063,4.1092,2.6241,11.9814,-2.3804,0.0071,-0.7899,0,1,0,0.33501,3
0.4561,4.6382,2.5321,11.4782,1.2177,0.0144,-0.4570,0,0,0,0.00000,1
0.3820,4.0884,2.7375,11.3020,-2.1790,0.0873,-0.3143,0,0,0,0.00000,3
0.4973,4.7219,2.3777,11.3247,-1.1771,0.0469,-0.4031,0,0,0,0.00000,3
0.4249,4.5768,2.6598,11.7201,-1.6302,0.0483,-0.6612,0,1,0,0.33888,1
0.3969,4.2691,2.7142,11.3444,-1.8683,0.0259,-0.2911,0,0,0,0.00000,1
0.5275,5.1084,2.3358,11.4173,0.9083,0.0088,-0.4866,0,0,0,0.00000,3
0.3742,4.0007,2.7516,12.9826,-3.1159,0.0375,-1.5679,0,0,1,1.70390,1
0.4823,4.5967,2.4111,11.2919,0.6391,0.0063,-0.3090,0,0,0,0.00000,3
0.4528,4.5535,2.5264,11.9272,-2.0071,0.0176,-0.8604,0,0,1,0.49461,3
0.4852,4.8757,2.4605,12.6767,0.8703,0.0074,-1.6788,0,1,0,1.18913,1
0.4636,4.4441,2.4540,11.9272,-2.8277,0.0032,-0.8638,0,0,1,0.66683,1
0.3954,4.2021,2.7029,12.8219,-2.4030,0.0202,-1.4893,0,0,1,1.16559,1
0.4234,4.3940,2.6200,11.4229,2.6719,0.0509,-0.4112,0,0,0,0.00000,3
0.4980,5.0233,2.4382,11.5262,1.6780,0.0140,-0.5604,0,0,0,0.00000,3
0.4324,4.4777,2.5999,11.4687,1.4594,0.0427,-0.4513,0,0,0,0.00000,1
0.5671,5.6859,2.2848,11.9715,1.8815,0.0247,-1.1851,0,0,1,0.63376,1
0.3998,4.3735,2.7289,11.9711,-2.8622,0.0175,-0.7818,0,0,1,0.47401,1
0.4262,4.3551,2.5971,11.2851,1.8135,0.0289,-0.2753,0,0,0,0.00000,3
0.3765,4.0955,2.7684,11.2748,-3.1268,0.0500,-0.2476,0,0,0,0.00000,3
0.5093,4.7638,2.3388,11.3374,0.2572,0.0460,-0.4277,0,0,0,0.00000,1
0.5425,5.1928,2.2933,12.5792,-1.0093,0.0232,-1.8099,0,1,0,1.02288,1
0.4766,4.9479,2.5127,12.0781,-2.7130,0.0343,-1.0842,0,1,0,0.65828,1
0.4809,5.3073,2.5710,12.4501,3.1391,0.0452,-1.4893,0,1,0,0.90181,2
0.4194,4.2619,2.6040,11.2767,-1.2343,0.0033,-0.2332,0,0,0,0.00000,1
0.3402,3.7012,2.8386,12.6235,-2.9301,0.0978,-1.2393,0,0,1,1.35815,1
0.5779,5.5380,2.2194,11.4057,-1.2086,0.0196,-0.5553,0,0,0,0.00000,1
0.5200,5.4831,2.4375,12.5374,-2.5349,0.0475,-1.7226,0,0,2,1.03868,1
0.4864,4.9439,2.4699,11.9387,-0.3216,0.0121,-0.9402,0,1,0,0.45635,1
0.3456,3.7646,2.8299,12.2103,-2.4896,0.1352,-0.9928,0,1,1,0.94047,3
0.4628,4.7438,2.5271,12.4091,-3.1143,0.0390,-1.3774,0,0,1,0.91163,1
0.4675,4.6573,2.4868,12.1734,1.9071,0.0227,-1.1361,0,0,2,1.20107,1
0.3841,4.1000,2.7305,11.3753,2.0753,0.0905,-0.3751,0,0,0,0.00000,3
0.3708,3.9144,2.7428,11.4883,1.7797,0.0698,-0.4205,0,0,0,0.00000,1
0.4746,4.6356,2.4520,11.7183,-1.8899,0.0030,-0.6907,0,0,1,0.40423,3
0.5132,5.1390,2.3989,11.5979,-2.8858,0.0143,-0.6556,0,0,0,0.00000,1
0.4267,4.3707,2.5987,11.4706,2.5854,0.0607,-0.4666,0,0,0,0.00000,3
0.4613,4.5931,2.4990,11.4172,-1.9186,0.0744,-0.4798,0,0,0,0.00000,3
0.5220,4.9878,2.3342,11.4513,-2.6807,0.0041,-0.5075,0,0,0,0.00000,1
0.4262,4.1218,2.5356,12.7332,-0.5122,0.0067,-1.5060,1,1,0,1.26703,1
0.5586,5.4752,2.2817,12.3625,1.0117,0.0176,-1.6046,0,0,1,0.73369,1
0.4757,4.9018,2.5068,11.2782,1.2357,0.0142,-0.3001,0,0,0,0.00000,1
0.5497,5.5668,2.3325,11.3573,1.4799,0.0364,-0.4870,0,0,0,0.00000,3
0.3423,3.7470,2.8428,12.1924,2.4027,0.0489,-0.8544,0,1,0,0.71421,1
0.4898,5.0983,2.4883,11.5083,-1.2149,0.0242,-0.5440,0,0,0,0.00000,1
0.4858,5.1363,2.5134,13.0634,3.1372,0.0261,-2.1298,1,2,1,2.14858,1
0.4256,4.4526,2.6246,11.6867,2.6102,0.0967,-0.6932,0,1,0,0.41639,1
0.5320,5.0256,2.3025,11.6787,0.1209,0.0148,-0.7706,0,0,0,0.00000,3
0.3763,4.0245,2.7480,11.7312,-2.5875,0.0278,-0.5596,0,0,1,0.15733,1
0.3751,3.8800,2.7100,12.7099,-2.6141,0.0440,-1.3536,0,0,1,0.30623,1
0.3830,4.1261,2.7434,11.4094,2.5476,0.0502,-0.3537,0,0,0,0.00000,3
0.4574,4.6406,2.5268,11.9404,-1.7151,0.0555,-0.9333,0,0,1,0.27410,3
0.3688,4.0606,2.7981,12.6903,2.8802,0.1069,-1.4100,0,1,1,1.37494,0
0.3556,3.8736,2.8106,11.9508,-2.9131,0.2010,-0.9040,0,0,2,0.80534,1
0.4341,4.3162,2.5509,11.8794,-2.6435,0.0377,-0.8030,0,1,0,0.45484,1
0.6197,5.9577,2.1297,11.4247,-0.5462,0.0846,-0.7177,0,0,0,0.00000,3
0.3525,3.7881,2.8000,12.3043,-2.1510,0.0522,-0.9694,1,1,0,0.72611,1
0.5829,5.6444,2.2180,11.6391,0.7806,0.1107,-0.9451,0,0,0,0.00000,1
0.4572,5.0166,2.6146,11.3524,2.2156,0.0285,-0.3645,0,0,0,0.00000,3
0.4530,4.5833,2.5328,12.0200,-2.8497,0.0254,-0.9570,0,0,1,0.55698,1
0.3760,4.1507,2.7870,12.6917,3.0050,0.0116,-1.2919,0,1,0,1.45121,0
0.4114,4.2000,2.6248,12.1900,-2.7092,0.0273,-1.0058,0,0,1,0.69436,1
0.5724,5.6911,2.2652,11.5868,-1.5847,0.0040,-0.7313,0,0,0,0.00000,1
0.3981,4.1400,2.6722,13.1057,2.1153,0.0198,-1.7517,1,1,2,2.07037,1
0.4465,4.2509,2.4800,11.9276,2.9571,0.0037,-0.8268,0,0,1,0.41538,1
0.4220,4.5482,2.6666,11.4482,2.5001,0.0451,-0.4240,0,0,0,0.00000,3
0.4781,4.9219,2.5005,11.3268,-1.4876,0.0132,-0.3458,0,0,0,0.00000,3
0.4091,4.3835,2.6857,11.4087,-2.4145,0.0089,-0.3348,0,0,0,0.00000,1
0.3583,3.8997,2.8046,11.9693,2.4571,0.0387,-0.7162,0,1,0,0.60692,1
0.4519,4.3277,2.4759,12.0230,3.0508,0.0173,-0.9446,0,0,1,0.66056,1
0.4373,4.2372,2.5164,11.3714,-2.1914,0.0084,-0.3340,0,0,0,0.00000,3
0.5609,5.5782,2.2909,12.1909,-0.6540,0.0640,-1.4795,0,0,1,0.46284,1
0.3799,4.0984,2.7513,11.8323,-3.0028,0.0376,-0.6556,0,1,0,0.61828,3
0.4265,4.2043,2.5561,11.7050,-1.4890,0.0063,-0.5976,0,1,0,0.32918,3
0.4195,4.6094,2.6942,11.3192,2.7837,0.0040,-0.2691,0,0,0,0.00000,1
0.4309,4.3875,2.5835,12.7047,-3.1234,0.0236,-1.5266,0,1,1,1.30528,1
0.4065,4.3413,2.6869,12.3296,-1.6502,0.0257,-1.1101,0,1,0,0.80763,1
0.4514,4.4585,2.5096,12.7303,1.7466,0.0051,-1.5986,1,1,0,1.45729,1
0.4933,4.7785,2.4060,11.4406,-1.5033,0.0483,-0.5116,0,0,0,0.00000,3
0.3783,3.9790,2.7237,11.7896,2.8073,0.1261,-0.7299,0,1,0,0.33640,1
0.4013,4.2208,2.6793,11.2930,2.6552,0.1037,-0.3434,0,0,0,0.00000,3
0.4901,5.0095,2.4685,12.8630,1.5332,0.0165,-1.9126,1,0,4,1.31858,1
0.5232,5.6128,2.4484,11.5274,-3.0014,0.0527,-0.6486,0,0,0,0.00000,1
0.3607,3.8578,2.7784,12.9760,2.9795,0.0313,-1.4936,1,2,0,1.54338,1
0.4769,4.5596,2.4251,11.5040,-0.7283,0.0593,-0.5625,0,0,0,0.00000,1
0.4211,4.4603,2.6478,11.4755,-2.1005,0.0428,-0.4427,0,0,0,0.00000,3
0.3690,3.8669,2.7375,11.3364,2.3366,0.0587,-0.2952,0,0,0,0.00000,3
0.5556,5.2013,2.2452,11.2424,-1.3306,0.0229,-0.3544,0,0,0,0.00000,1
0.3801,4.1088,2.7536,12.9732,2.4111,0.0044,-1.5294,0,1,1,1.78738,1
0.4550,4.9346,2.6062,11.6210,3.0653,0.0879,-0.6733,0,0,0,0.00000,1
0.4709,5.1001,2.5713,11.3177,-3.1172,0.0135,-0.3309,0,0,0,0.00000,3
0.4671,4.7816,2.5171,11.9517,0.3994,0.0044,-0.8985,0,1,0,0.49354,1
0.3682,3.9866,2.7788,11.4443,2.1606,0.0508,-0.3633,0,0,0,0.00000,1
0.4490,4.4381,2.5152,12.6261,1.6086,0.0304,-1.5290,0,1,1,1.21687,1
0.5896,5.8586,2.2268,11.2795,-1.7740,0.0515,-0.4677,0,0,0,0.00000,1
0.4033,4.3407,2.7024,12.0014,3.1303,0.1130,-0.9392,0,1,0,0.30024,1
0.4394,4.7008,2.6226,11.3875,-2.1961,0.0432,-0.3915,0,0,0,0.00000,3
0.5053,4.6452,2.3298,12.2497,1.5764,0.0289,-1.3273,0,0,1,1.02120,1
0.4178,4.3202,2.6267,12.5234,-2.7468,0.0050,-1.2848,0,1,1,0.63417,1
0.4865,4.8390,2.4470,11.4380,-2.8813,0.0081,-0.4527,0,0,0,0.00000,3
0.4397,4.3230,2.5279,11.3479,2.2628,0.0160,-0.3258,0,0,0,0.00000,3
0.4838,4.9935,2.4917,11.4779,0.9019,0.0415,-0.5271,0,0,0,0.00000,1
0.3660,3.8929,2.7613,11.9100,-2.4600,0.1040,-0.7713,0,0,1,0.62802,3
0.3812,3.9160,2.6903,11.5858,-2.1225,0.0326,-0.4632,0,1,0,0.28023,3
0.4662,5.0947,2.5910,11.4816,-2.5328,0.1403,-0.6242,0,0,0,0.00000,1
0.4969,5.2105,2.4809,11.4056,2.9142,0.0199,-0.4503,0,0,0,0.00000,3
0.4944,5.0476,2.4582,11.6069,2.6083,0.0172,-0.6374,0,1,0,0.25358,3
0.4125,4.5355,2.7093,11.5677,-3.0041,0.1340,-0.6155,0,0,0,0.00000,1
0.3366,3.6544,2.8429,12.6667,2.5010,0.0498,-1.1868,0,1,0,0.67610,1
0.4702,4.5071,2.4410,11.3890,-2.3340,0.0221,-0.4029,0,0,0,0.00000,1
0.4408,4.2290,2.4993,12.5590,0.6312,0.0165,-1.4120,0,0,3,1.28471,1
0.4572,4.8717,2.5813,12.9239,-1.4755,0.0141,-1.8331,0,0,1,1.57823,1
0.5898,5.8164,2.2194,12.1159,1.3400,0.0180,-1.4060,0,1,0,0.82559,1
0.3616,3.9320,2.7967,11.5227,-2.1722,0.0786,-0.4443,0,0,0,0.00000,1
0.5514,5.1082,2.2441,11.5103,-0.6500,0.0299,-0.6428,0,0,0,0.00000,3
0.3978,4.1101,2.6650,11.7608,2.6004,0.0565,-0.6560,0,1,0,0.22142,3
0.5212,4.9256,2.3249,11.8827,0.6229,0.0001,-0.9432,0,1,0,0.33077,1
0.3996,4.0012,2.6252,11.8884,-1.3277,0.0109,-0.7043,0,0,1,0.30608,1
0.4798,4.9182,2.4924,11.4257,-1.9308,0.0064,-0.4310,0,0,0,0.00000,3
0.4797,5.0114,2.5131,11.4437,-1.2132,0.0248,-0.4698,0,0,0,0.00000,1
0.3823,4.1385,2.7506,13.2373,-2.3135,0.0242,-1.8021,1,1,0,1.96051,1
0.5119,4.8314,2.3424,11.3374,0.6558,0.0853,-0.4774,0,0,0,0.00000,1
0.4987,4.7803,2.3844,11.3974,-3.0719,0.0084,-0.4292,0,0,0,0.00000,1
0.4417,4.5249,2.5689,12.2912,-2.2713,0.0329,-1.1900,0,1,0,0.95139,1
0.3961,4.0286,2.6498,11.4090,1.3313,0.0115,-0.3229,0,0,0,0.00000,1
0.3838,4.0093,2.7050,12.1636,2.6090,0.1045,-1.0163,0,0,0,0.00000,1
0.4234,4.4235,2.6277,12.9727,-2.1759,0.0060,-1.7189,0,1,0,1.45270,1
0.4553,4.9702,2.6127,11.4161,-2.8505,0.0120,-0.3993,0,0,0,0.00000,3
0.4582,4.2920,2.4402,11.7154,-0.8809,0.0279,-0.6890,0,0,1,0.30310,3
0.3912,4.1728,2.7157,13.1890,2.9114,0.0112,-1.7784,1,1,1,1.97546,1
0.4473,4.6807,2.5816,11.9137,2.5624,0.0231,-0.8439,0,0,1,0.49581,3
0.5130,5.2816,2.4277,12.6266,2.7898,0.0272,-1.7636,0,1,1,1.24084,1
0.3658,4.0274,2.8043,12.4534,-2.5827,0.0285,-1.0908,0,1,0,0.94498,0
0.3274,3.6061,2.8792,11.5812,-2.9010,0.2343,-0.6216,0,1,0,0.33765,0
0.4599,4.4505,2.4714,11.3859,-2.8933,0.0141,-0.3787,0,0,0,0.00000,1
0.3456,3.7639,2.8298,11.4297,-2.2075,0.0989,-0.3827,0,0,0,0.00000,1
0.3315,3.6611,2.8744,12.4031,2.8655,0.0656,-0.9992,0,1,0,0.89677,2
0.5115,5.0604,2.3902,11.6348,-3.0412,0.0030,-0.6755,0,0,0,0.00000,3
0.4183,4.1283,2.5731,12.1570,2.5354,0.0236,-0.9899,0,1,0,0.48137,1
0.4245,4.5512,2.6554,11.5309,-2.6889,0.0012,-0.4442,0,1,0,0.22160,1
0.5520,5.7503,2.3553,13.0729,1.7699,0.0111,-2.4267,0,1,1,1.93555,1
0.4664,4.4907,2.4531,11.5170,-2.0950,0.0045,-0.4931,0,0,0,0.00000,3
0.4520,4.3896,2.4906,11.8763,1.6224,0.0190,-0.8128,0,0,1,0.38510,3
0.4392,4.7834,2.6435,12.2834,-3.0554,0.0353,-1.1797,0,0,1,0.81429,3
0.3414,3.7494,2.8483,12.9994,-2.9009,0.1242,-1.5843,0,1,1,1.78669,1
0.5169,4.8527,2.3271,12.4493,-0.4046,0.0512,-1.6159,0,0,1,0.92988,1
0.4069,4.1635,2.6362,12.5256,-1.2502,0.0014,-1.2439,0,0,1,1.00357,1
0.4036,4.0194,2.6117,12.5172,2.5813,0.0004,-1.2232,0,1,1,0.91965,1
0.4111,4.1130,2.6024,11.3386,2.3025,0.0223,-0.2961,0,0,0,0.00000,3
0.4133,4.2104,2.6188,11.4567,1.8621,0.0043,-0.3719,0,0,0,0.00000,1
0.4587,4.5346,2.4964,11.4363,1.3442,0.0219,-0.4316,0,0,0,0.00000,3
0.5003,5.1692,2.4583,11.7529,1.9984,0.0368,-0.8174,0,1,0,0.20872,3
0.3738,3.9057,2.7246,11.4098,-1.9800,0.0184,-0.3073,0,0,0,0.00000,1
0.5011,5.3197,2.4855,11.4273,-2.0126,0.0395,-0.5000,0,0,0,0.00000,3
0.4172,4.4936,2.6752,11.3814,-2.1592,0.0165,-0.3309,0,0,0,0.00000,1
0.3793,3.8967,2.6940,11.7530,1.5710,0.0493,-0.6078,0,0,1,0.27121,1
0.4063,4.2125,2.6526,13.0500,2.6433,0.0189,-1.7369,0,1,1,1.68091,1
0.4845,4.7818,2.4431,11.5511,-2.3921,0.0257,-0.5777,0,0,0,0.00000,1
0.4441,4.8214,2.6299,11.4130,-2.1466,0.0758,-0.4570,0,0,0,0.00000,3
0.4860,4.9133,2.4650,11.4590,1.0915,0.0070,-0.4708,0,0,0,0.00000,3
0.3942,4.1798,2.7025,11.3108,-2.1515,0.0152,-0.2507,0,0,0,0.00000,1
0.4079,4.2322,2.6505,11.3736,1.5394,0.0195,-0.3175,0,0,0,0.00000,1
0.4854,5.1235,2.5122,11.5285,1.5577,0.0334,-0.5683,0,0,0,0.00000,3
0.3863,4.0629,2.7084,11.3926,3.1243,0.0427,-0.3358,0,0,0,0.00000,3
0.5001,4.9665,2.4176,11.9708,1.3010,0.0236,-1.0191,0,1,0,0.44372,3
0.4822,4.8481,2.4673,12.8128,1.6595,0.0009,-1.7985,0,1,0,0.82579,1
0.5779,5.7609,2.2556,11.4753,-1.0884,0.0407,-0.6605,0,0,0,0.00000,3
0.4344,4.5537,2.6093,12.6168,2.2220,0.0108,-1.4375,0,0,1,1.26241,1
0.4078,4.0692,2.6058,12.3647,1.4039,0.0194,-1.1340,0,1,0,0.88056,1
0.5533,5.8073,2.3598,11.4351,-2.5374,0.0032,-0.5359,0,0,0,0.00000,3
0.4424,4.6313,2.5918,11.9314,-3.0711,0.0516,-0.8863,0,1,0,0.30446,1
0.4962,4.7232,2.3822,11.8139,0.7089,0.0219,-0.8488,0,1,1,0.43999,3
0.4954,4.6912,2.3787,12.1692,0.0457,0.0032,-1.1790,0,1,1,0.70845,1
0.3785,4.0307,2.7385,12.0779,-2.8653,0.1063,-0.9349,0,0,2,0.63873,1
0.3824,3.9789,2.7032,11.6012,-2.0669,0.0450,-0.4915,0,0,1,0.16455,3
0.5230,5.6278,2.4522,11.8856,-0.3006,0.0073,-0.9652,0,1,0,0.47856,1
0.3744,4.0728,2.7724,13.1803,2.6239,0.0382,-1.7392,0,1,1,2.04590,1
0.3812,4.0656,2.7348,12.8866,2.6156,0.0265,-1.4979,0,1,0,1.22337,1
0.5230,4.7969,2.2925,11.6349,-0.3524,0.0520,-0.7555,0,0,0,0.00000,1
0.3804,4.1351,2.7595,11.9660,-2.9935,0.0654,-0.7964,1,1,0,0.66002,3
0.3768,3.8875,2.7039,11.5009,-2.3390,0.0896,-0.4605,0,0,0,0.00000,3
0.4124,4.2189,2.6250,12.1961,1.6471,0.0366,-1.0267,0,0,1,0.97479,1
0.5224,5.5956,2.4487,11.5102,2.6795,0.0324,-0.6051,0,0,0,0.00000,3
0.4679,4.7338,2.5026,11.3788,-1.9208,0.0143,-0.3826,0,0,0,0.00000,3
0.6172,6.0269,2.1490,11.2948,-0.0057,0.0264,-0.4884,0,0,0,0.00000,3
0.4437,4.8736,2.6442,11.9142,2.3240,0.0250,-0.8399,0,1,0,0.27440,3
0.4103,4.4914,2.7082,11.4030,-2.7471,0.0537,-0.3835,0,0,0,0.00000,3
0.4404,4.1937,2.4920,11.5302,2.4082,0.0491,-0.5217,0,0,0,0.00000,1
0.4650,5.1034,2.5985,12.7322,-2.2146,0.0378,-1.7098,0,0,2,1.18817,1
0.4236,4.1902,2.5657,11.3494,-2.5208,0.0809,-0.3851,0,0,0,0.00000,1
0.4916,5.3594,2.5342,11.2775,-1.3134,0.0528,-0.3604,0,0,0,0.00000,1
0.4681,4.8234,2.5222,11.4739,2.0011,0.0001,-0.4525,0,0,0,0.00000,3
0.4593,4.5885,2.5062,12.3200,-2.3879,0.0136,-1.2412,0,1,0,0.94968,1
0.4685,5.0924,2.5803,13.1103,-2.9583,0.0316,-2.1092,1,1,1,0.89447,1
0.5405,4.9500,2.2558,12.3639,-0.5756,0.0533,-1.5999,0,0,2,1.04103,1
0.3804,3.9242,2.6968,12.2249,2.1586,0.0917,-1.0403,0,1,0,0.92564,3
0.4667,5.0119,2.5703,11.6436,-0.9378,0.0050,-0.6123,0,1,0,0.44184,1
0.4521,4.2699,2.4607,12.2355,2.7159,0.0173,-1.1431,0,0,1,1.04580,1
0.6146,5.8508,2.1329,11.6867,-0.3549,0.1002,-1.0502,0,0,0,0.00000,1
0.4927,5.3748,2.5328,11.9628,-2.8013,0.0161,-0.9863,0,1,0,0.46682,3
0.4079,4.4967,2.7217,11.7406,2.6255,0.0196,-0.6128,0,1,0,0.49405,0
0.5520,5.4939,2.3107,11.7831,-0.5127,0.0271,-0.9403,0,0,1,0.57925,3
0.4700,4.5698,2.4565,11.7921,2.0601,0.0309,-0.7871,0,1,0,0.34138,1
0.4711,4.4054,2.4138,12.6626,0.7202,0.0369,-1.6574,0,1,0,1.40400,1
0.4302,4.4219,2.5954,11.5272,-2.4176,0.0223,-0.4735,0,0,0,0.00000,3
0.4156,4.4952,2.6836,13.1924,2.4680,0.0503,-1.9713,0,1,1,1.97636,1
0.3821,3.9615,2.6993,11.6303,-2.7586,0.0487,-0.5177,0,0,1,0.28795,3
0.3880,4.2461,2.7526,13.3105,-2.0424,0.0281,-1.9029,0,1,2,2.38967,1
0.5208,5.5359,2.4440,11.6162,-2.4097,0.0674,-0.7546,0,0,2,0.41469,1
0.5398,5.1476,2.2954,11.5199,0.8175,0.0777,-0.6951,0,0,0,0.00000,3
0.6365,5.8094,2.0488,11.5050,0.9819,0.0476,-0.7949,0,0,0,0.00000,1
0.4433,4.7620,2.6191,11.6843,-2.5610,0.0263,-0.6352,0,0,1,0.38521,3
0.5143,4.6629,2.2988,12.0274,-0.1428,0.0467,-1.1418,0,1,0,0.38681,1
0.6086,6.0037,2.1777,11.4262,-0.3290,0.0845,-0.7034,0,0,0,0.00000,1
0.5311,5.2918,2.3563,12.5511,1.7287,0.0207,-1.7337,0,1,0,1.16257,1
0.4298,4.5660,2.6339,11.3392,2.6492,0.0035,-0.2948,0,0,0,0.00000,1
0.4441,4.7642,2.6162,11.3545,2.2533,0.0083,-0.3283,0,0,0,0.00000,1
0.5094,5.2626,2.4388,11.2631,1.1470,0.0183,-0.3246,0,0,0,0.00000,3
0.5163,4.7533,2.3095,11.4279,-1.4428,0.0292,-0.5057,0,0,0,0.00000,1
0.3473,3.7412,2.8130,11.9912,2.6161,0.0476,-0.7195,0,1,0,0.59173,3
0.4574,4.8699,2.5803,11.4410,1.4901,0.0037,-0.4139,0,0,0,0.00000,1
0.3523,3.8278,2.8138,11.5976,2.5621,0.0652,-0.4694,0,1,0,0.38589,3
0.4416,4.6424,2.5983,11.3895,-1.7441,0.0072,-0.3538,0,0,0,0.00000,1
0.4414,4.3311,2.5221,12.1688,3.0138,0.0297,-1.0703,0,0,1,0.67827,1
0.3703,3.9220,2.7479,11.5017,2.8118,0.2025,-0.5850,0,0,0,0.00000,1
0.5451,5.2965,2.3024,11.4098,-0.0443,0.0089,-0.5024,0,0,0,0.00000,3
0.5271,4.9732,2.3114,11.3826,-0.5815,0.0326,-0.4787,0,0,0,0.00000,3
0.3558,3.8774,2.8108,13.3040,-2.8933,0.0309,-1.7396,0,1,1,2.17169,1
0.3636,3.9140,2.7807,13.0037,2.6641,0.0146,-1.5003,1,1,0,1.18760,1
0.3447,3.7281,2.8229,12.7697,1.9046,0.0487,-1.2932,0,0,1,1.51818,1
0.4717,5.1805,2.5851,11.5377,1.4127,0.0444,-0.5702,0,0,0,0.00000,1
0.4395,4.3145,2.5264,11.2863,0.2376,0.0025,-0.2582,0,0,0,0.00000,1
0.4260,4.4167,2.6135,11.4233,2.5107,0.0461,-0.4092,0,0,0,0.00000,3
0.4515,4.7678,2.5830,11.5523,-2.5658,0.0883,-0.6057,0,0,0,0.00000,1
0.4160,4.4447,2.6681,11.9578,-2.8217,0.0025,-0.7872,0,0,0,0.00000,1
0.4521,4.5817,2.5362,11.9495,-2.5177,0.0210,-0.8840,0,1,0,0.53999,3
0.5094,5.2811,2.4426,11.4089,2.3261,0.0475,-0.5020,0,0,0,0.00000,1
0.4451,4.4132,2.5263,11.4389,-2.9737,0.0123,-0.4055,0,0,0,0.00000,3
0.4148,4.3128,2.6390,11.3929,-1.1070,0.0034,-0.3219,0,0,0,0.00000,1
0.3749,3.9365,2.7284,11.6368,-2.2870,0.0111,-0.4665,0,1,0,0.41823,1
0.3917,4.2999,2.7491,13.0657,-3.1264,0.0576,-1.7525,0,1,1,1.69895,1
0.5204,5.1987,2.3813,11.6190,1.9398,0.0425,-0.7245,0,1,0,0.15206,1
0.4624,4.5883,2.4929,12.3190,-1.6627,0.0431,-1.2928,0,1,0,0.97692,1
0.4080,4.1319,2.6224,11.2362,2.5267,0.0079,-0.1968,0,0,0,0.00000,3
0.3589,3.8244,2.7770,11.6614,2.1355,0.0567,-0.5147,0,0,0,0.00000,1
0.3975,4.1705,2.6836,11.4326,2.7943,0.0076,-0.3384,0,0,0,0.00000,1
0.6219,5.7470,2.0916,11.5873,0.1933,0.0132,-0.8273,0,0,0,0.00000,1
0.5554,5.3549,2.2731,11.7234,-0.6282,0.0884,-0.9599,0,0,0,0.00000,1
0.3359,3.7031,2.8636,13.0667,2.6665,0.1631,-1.6814,0,1,2,1.72140,0
0.4898,5.2529,2.5204,11.4883,-1.0944,0.0379,-0.5419,0,0,0,0.00000,1
0.4822,4.7615,2.4482,11.7990,-1.9969,0.0458,-0.8376,0,0,1,0.27902,1
0.5252,5.3291,2.3871,12.0994,1.2434,0.0595,-1.2689,0,0,1,0.31795,3
0.5589,5.0523,2.2065,11.9461,-0.7486,0.0656,-1.1884,0,1,0,0.37256,1
0.4185,4.5304,2.6786,11.3763,-1.6719,0.0282,-0.3416,0,0,0,0.00000,1
0.4546,4.6818,2.5492,12.1400,2.8593,0.0047,-1.0452,0,1,1,0.62962,3
0.3815,3.9820,2.7087,12.6205,3.1161,0.0269,-1.2757,0,0,4,3.01030,1
0.4554,4.6345,2.5341,12.1397,-1.2856,0.0167,-1.0635,0,1,0,0.57805,1
0.3918,4.1950,2.7189,11.9893,-2.7056,0.1496,-0.9502,0,0,1,0.60052,1
0.5045,4.6418,2.3323,11.5074,-1.8899,0.0015,-0.5341,0,0,0,0.00000,1
0.4626,4.2830,2.4197,12.0563,-0.3088,0.0179,-1.0021,0,0,1,0.68758,1
0.5568,5.4366,2.2819,12.2547,0.3875,0.0195,-1.4758,0,0,0,0.00000,1
0.3866,4.1476,2.7317,11.3863,2.4905,0.0062,-0.2898,0,0,0,0.00000,1
0.5158,5.3938,2.4380,12.2203,-0.8058,0.0218,-1.3214,0,0,1,0.82363,1
0.4475,4.9240,2.6379,12.0347,2.4066,0.1112,-1.0729,0,1,0,0.38593,3
0.5036,4.6907,2.3462,12.0691,1.2509,0.0096,-1.1066,0,1,1,0.68105,1
0.4480,4.6670,2.5750,11.4954,-3.0877,0.0135,-0.4604,0,0,0,0.00000,3
0.4979,5.1298,2.4603,11.8999,0.0144,0.0040,-0.9174,0,1,0,0.48271,1
0.3528,3.8814,2.8286,13.0907,-2.5084,0.0707,-1.6192,0,1,1,1.89441,1
0.5978,5.6466,2.1633,11.7141,0.6217,0.0541,-0.9885,0,0,0,0.00000,3
0.3990,4.3339,2.7220,13.2143,2.9232,0.0618,-1.9317,1,1,1,1.73277,1
0.5144,4.7208,2.3102,11.2944,-1.5074,0.0158,-0.3552,0,0,0,0.00000,1
0.4381,4.3582,2.5436,12.3881,2.0722,0.0392,-1.2781,0,1,2,1.07185,1
0.5529,5.6712,2.3378,11.3862,0.7748,0.0496,-0.5381,0,0,0,0.00000,1
0.4616,4.8595,2.5589,11.4236,-1.2948,0.0265,-0.4303,0,0,0,0.00000,1
0.4543,4.6950,2.5536,12.2942,1.3041,0.0284,-1.2237,0,1,1,0.86709,1
0.4151,4.1273,2.5874,11.4495,0.6434,0.0079,-0.3724,0,0,0,0.00000,1
0.4460,4.6162,2.5720,12.9551,-2.5497,0.0338,-1.8489,0,1,1,1.61255,1
0.3374,3.7019,2.8546,13.1668,-2.8134,0.0293,-1.5375,0,1,1,2.14952,1
0.6020,5.8362,2.1768,12.3259,-1.2452,0.0106,-1.6903,0,1,0,0.54411,1
0.3650,3.9627,2.7882,11.7094,-2.5835,0.0597,-0.5633,0,1,0,0.39284,3
0.4383,4.2705,2.5206,11.4098,-0.6395,0.0202,-0.3814,0,0,0,0.00000,1
0.4278,4.3374,2.5851,11.3549,-2.5069,0.0369,-0.3434,0,0,0,0.00000,3
0.4859,4.9491,2.4733,11.2317,3.0251,0.0103,-0.2626,0,0,0,0.00000,3
0.4231,4.4215,2.6287,12.5641,-3.0011,0.0299,-1.3777,0,0,3,0.93612,1
0.5998,5.4328,2.1226,11.3021,0.6030,0.0871,-0.5465,0,0,0,0.00000,3
0.5036,4.5776,2.3223,11.2965,0.4471,0.0024,-0.3298,0,0,0,0.00000,3
0.4061,4.0376,2.6047,11.6567,-2.5050,0.0137,-0.5332,0,1,0,0.39768,3
0.3869,4.0124,2.6907,11.2548,-1.8611,0.0020,-0.1876,0,0,0,0.00000,1
0.4205,4.4926,2.6594,11.3196,-1.9078,0.0327,-0.3026,0,0,0,0.00000,1
0.5670,5.5064,2.2552,12.6004,-0.0339,0.0348,-1.9469,0,1,0,1.40880,1
0.5675,5.8122,2.3045,11.4537,-0.7845,0.0825,-0.6722,0,0,0,0.00000,1
0.4269,4.6353,2.6651,11.4456,-1.9905,0.0746,-0.4625,0,0,1,0.17212,3
0.4406,4.7890,2.6384,11.5702,-3.1121,0.1466,-0.6753,0,0,0,0.00000,1
0.6132,5.5721,2.0964,11.5753,0.8936,0.0377,-0.8283,0,0,0,0.00000,1
0.5032,4.8308,2.3769,11.3776,0.4434,0.0030,-0.4093,0,0,0,0.00000,3
0.3903,4.1953,2.7265,11.8706,2.0208,0.0236,-0.6885,0,1,0,0.35644,1
0.4079,4.0423,2.5978,11.3632,1.5669,0.0113,-0.2995,0,0,0,0.00000,1
0.4631,4.5376,2.4781,11.3054,0.0660,0.0086,-0.3047,0,0,0,0.00000,1
0.5891,5.5530,2.1804,11.5111,-1.1542,0.0605,-0.7419,0,0,0,0.00000,1
0.4395,4.3090,2.5251,12.2834,2.5368,0.0178,-1.1533,0,1,0,0.87524,1
0.4765,4.5772,2.4309,11.8861,-2.3496,0.0123,-0.8653,0,0,1,0.25024,1
0.4082,4.0512,2.5989,12.3684,-2.6408,0.0007,-1.1108,0,1,0,0.90793,1
0.4032,4.0989,2.6358,11.3450,-1.9372,0.0350,-0.3078,0,0,0,0.00000,3
0.3939,3.9625,2.6415,11.3300,1.7111,0.0118,-0.2606,0,0,0,0.00000,1
0.5185,4.6963,2.2893,11.3978,-0.7525,0.0297,-0.4788,0,0,0,0.00000,3
0.4108,4.2312,2.6360,11.2912,-1.1894,0.0008,-0.2342,0,0,0,0.00000,1
0.4869,4.9309,2.4651,11.3051,-2.6592,0.0374,-0.3628,0,0,0,0.00000,1
0.4770,4.3483,2.3767,12.4801,0.0006,0.0123,-1.4503,0,1,1,0.44842,1
0.5197,5.2732,2.3988,11.2755,-0.4704,0.0304,-0.3610,0,0,0,0.00000,1
0.5871,5.7840,2.2245,11.4328,-1.4076,0.0200,-0.6003,0,0,0,0.00000,1
0.4240,4.2667,2.5840,12.6892,-1.0719,0.0075,-1.4596,0,1,2,2.30594,1
0.4729,4.3963,2.4042,11.2560,0.0495,0.0313,-0.2956,0,0,0,0.00000,1
0.4017,4.2016,2.6716,12.2660,-2.8438,0.0309,-1.0492,0,0,1,0.68735,3
0.3510,3.7458,2.7941,11.3682,3.1165,0.0111,-0.2465,0,0,0,0.00000,1
0.3792,4.0543,2.7417,13.1590,-2.3239,0.0073,-1.6882,0,1,0,1.98864,1
0.4726,4.4766,2.4241,11.5630,2.0125,0.0232,-0.5669,0,0,1,0.14435,1
0.4213,4.2511,2.5922,11.3436,-2.3300,0.0161,-0.3034,0,0,0,0.00000,3
0.4340,4.5005,2.5980,11.7116,-2.7873,0.0278,-0.6441,0,0,1,0.35076,3
0.4165,4.5889,2.7035,12.3601,-3.0453,0.0607,-1.2171,0,1,1,1.09177,2
0.4767,5.1310,2.5521,11.4754,2.2793,0.0214,-0.4917,0,0,0,0.00000,3
0.3593,3.8754,2.7912,12.3919,-2.5960,0.0709,-1.0831,0,1,0,1.18526,3
0.4780,4.3561,2.3741,11.2462,1.3878,0.0149,-0.2723,0,0,0,0.00000,3
0.3587,3.7850,2.7656,11.5325,3.1412,0.1048,-0.4782,0,0,0,0.00000,3
0.3853,4.0232,2.7015,12.7065,1.8977,0.0109,-1.3365,0,0,1,1.36676,1
0.4722,5.1681,2.5802,11.5391,3.0267,0.0462,-0.5744,0,0,0,0.00000,3
0.5552,5.3687,2.2763,11.2700,2.6639,0.0062,-0.3643,0,0,0,0.00000,1
0.3927,4.0204,2.6642,12.3564,-2.9508,0.0019,-1.0566,0,0,2,0.77975,1
0.3562,3.8295,2.7933,12.2153,2.1745,0.0459,-0.9040,0,1,0,0.96491,1
0.4531,4.2828,2.4594,12.6462,-0.3954,0.0071,-1.5244,1,1,0,1.24960,1
0.4775,5.0147,2.5234,11.5002,-2.4021,0.0639,-0.5664,0,0,0,0.00000,1
0.4788,4.3808,2.3766,11.5842,-0.7739,0.0280,-0.6017,0,0,0,0.00000,3
0.4985,4.6976,2.3678,12.1845,-0.7220,0.0142,-1.2189,0,0,2,0.76818,1
0.4026,4.3036,2.6958,11.3323,2.6002,0.0866,-0.3563,0,0,0,0.00000,3
0.3461,3.7869,2.8345,11.4141,-3.1048,0.1095,-0.3846,0,0,0,0.00000,3
0.4372,4.6037,2.6090,11.4856,-1.6664,0.0550,-0.4867,0,0,0,0.00000,1
0.4631,5.0997,2.6064,11.4853,-1.7619,0.0364,-0.5002,0,0,0,0.00000,0
0.5554,5.6659,2.3270,12.6137,2.1074,0.0002,-1.8653,0,1,0,1.15162,1
0.3931,4.0192,2.6618,11.7540,2.6512,0.0346,-0.6148,0,0,1,0.28041,3
0.4918,4.9103,2.4400,11.7487,-1.4405,0.0251,-0.7811,0,0,1,0.28291,3
0.4454,4.8003,2.6188,11.4908,2.6239,0.0789,-0.5308,0,0,1,0.15177,3
0.4219,4.1468,2.5618,11.6585,1.3849,0.0462,-0.6000,0,1,0,0.26889,1
0.3587,3.9249,2.8104,12.9052,-2.9816,0.0166,-1.4039,1,1,0,1.38208,1
0.4647,5.0524,2.5886,11.6432,-3.0399,0.1091,-0.7361,0,0,0,0.00000,1
0.4784,4.9795,2.5118,11.2579,2.0174,0.0361,-0.3095,0,0,0,0.00000,3
0.4298,4.3575,2.5808,12.9360,2.2230,0.0046,-1.7086,0,0,1,1.58796,1
0.3996,4.1872,2.6780,11.9780,-2.9745,0.0961,-0.8890,0,0,1,0.49146,1
0.5174,4.7923,2.3129,11.9804,1.4339,0.0120,-1.0520,0,0,1,0.35428,1
0.3676,3.8655,2.7439,11.5680,-2.9702,0.1158,-0.5297,0,0,0,0.00000,1
0.5552,5.5077,2.3006,11.5975,-0.4811,0.0181,-0.7309,0,0,0,0.00000,3
0.5760,5.7848,2.2668,11.5326,0.0434,0.0600,-0.7464,0,0,0,0.00000,1
0.3979,4.2294,2.6984,11.3190,2.5428,0.0516,-0.3016,0,0,0,0.00000,3
0.4918,4.5474,2.3622,11.9921,-0.5644,0.0558,-1.0631,0,0,1,0.46371,1
0.4522,4.8451,2.5980,11.4313,2.8673,0.0745,-0.4817,0,0,0,0.00000,1
0.5098,5.4047,2.4653,12.0512,1.6477,0.0086,-1.1079,0,0,1,0.43818,3
0.4147,4.2434,2.6209,11.4693,2.6977,0.1100,-0.5082,0,0,0,0.00000,1
0.5233,5.2739,2.3843,12.2045,2.8161,0.0062,-1.3021,0,0,1,0.52695,1
0.4602,4.6082,2.5071,11.4213,1.6237,0.0570,-0.4617,0,0,0,0.00000,3
0.3869,4.2125,2.7486,11.6347,2.3240,0.0137,-0.4869,0,1,0,0.31814,1
0.4232,4.2281,2.5776,11.2524,-1.4669,0.0152,-0.2303,0,0,0,0.00000,1
0.3369,3.6521,2.8403,12.0347,-2.2785,0.0326,-0.7080,0,1,0,0.68430,1
0.4712,4.4502,2.4237,11.3821,-0.6925,0.0747,-0.4598,0,0,0,0.00000,1
0.4165,4.1454,2.5863,12.3726,2.7728,0.0512,-1.2144,0,0,1,0.88949,1
0.5428,5.0398,2.2638,12.0232,1.4098,0.0193,-1.1713,0,0,1,0.63867,1
0.4286,4.5946,2.6468,11.8070,2.1225,0.0229,-0.7109,0,0,1,0.39285,1
0.6132,5.5878,2.0987,11.6607,0.6069,0.0954,-1.0078,0,0,0,0.00000,1
0.4364,4.6091,2.6141,11.4356,2.8378,0.1123,-0.5098,0,0,0,0.00000,1
0.5519,5.6544,2.3391,11.3043,-1.1877,0.0589,-0.4601,0,0,0,0.00000,3
0.4464,4.8153,2.6175,11.3911,2.1902,0.0344,-0.3927,0,0,0,0.00000,3
0.4296,4.2968,2.5661,12.1233,-2.1198,0.0294,-0.9980,0,1,0,0.73504,1
0.3983,4.0794,2.6538,11.9102,2.9746,0.0378,-0.7543,0,1,0,0.54879,3
0.4600,5.0784,2.6158,12.4284,-2.6281,0.0609,-1.4207,0,1,0,1.22879,2
0.5361,5.1418,2.3086,11.9100,-2.2183,0.0031,-1.0106,0,1,0,0.36696,1
0.4244,4.5045,2.6439,11.6900,2.2396,0.0169,-0.5957,0,0,1,0.30066,3
0.4702,4.8946,2.5290,11.6627,-1.6522,0.0500,-0.6908,0,1,0,0.28434,3
0.5291,5.4123,2.3868,12.8603,-0.6346,0.0154,-2.0745,0,0,1,1.56694,1
0.4509,4.2305,2.4562,11.3828,-0.1967,0.0099,-0.3602,0,0,0,0.00000,3
0.3671,3.8318,2.7361,12.1397,-2.7694,0.0715,-0.9093,0,1,0,0.77230,3
0.4513,4.7605,2.5821,11.4276,-1.1731,0.0142,-0.4066,0,0,0,0.00000,1
0.4198,4.6160,2.6947,12.9737,3.0348,0.0191,-1.7276,1,1,0,1.49021,1
0.4695,4.3999,2.4190,11.3748,-1.8455,0.0004,-0.3633,0,0,0,0.00000,3
0.4036,4.3642,2.7073,12.6026,3.1046,0.0020,-1.3017,0,0,1,0.97215,1
0.5481,5.4103,2.3110,11.3795,1.5276,0.0326,-0.5035,0,0,0,0.00000,3
0.5295,5.2581,2.3564,11.5756,-1.6971,0.0650,-0.7225,0,0,0,0.00000,1
0.4154,4.1845,2.6018,11.9763,2.3607,0.1168,-0.9514,0,1,0,0.70530,1
0.3852,3.9605,2.6835,12.3611,3.0876,0.0270,-1.0743,0,0,1,1.01358,1
0.4142,4.2773,2.6326,13.0470,1.7169,0.0123,-1.7581,1,1,0,1.59950,1
0.4705,5.0438,2.5605,11.9388,-2.7289,0.0095,-0.9021,0,0,1,0.53375,3
0.6452,6.1253,2.0612,12.2118,0.6451,0.0385,-1.7202,1,1,0,0.45341,1
0.4697,5.0972,2.5757,11.3809,-1.2201,0.0158,-0.3895,0,0,0,0.00000,1
0.3956,4.1209,2.6791,11.2832,-2.6206,0.0151,-0.2308,0,0,0,0.00000,3
0.4968,5.2272,2.4848,11.3586,1.4688,0.0427,-0.4317,0,0,0,0.00000,3
0.6403,5.8030,2.0349,11.6096,0.1823,0.1619,-1.0827,0,0,0,0.00000,1
0.5449,5.3391,2.3107,11.2694,-0.3625,0.0776,-0.4364,0,0,0,0.00000,1
0.3803,3.8997,2.6899,12.3189,3.0314,0.0738,-1.0922,0,0,3,1.25563,1
0.4228,4.3546,2.6125,11.9126,1.5656,0.0077,-0.7695,0,1,0,0.29457,1
0.4838,4.9713,2.4870,12.0232,2.8192,0.0224,-1.0317,0,1,0,0.55011,1
0.4576,4.4720,2.4860,11.4944,2.8250,0.0157,-0.4743,0,0,0,0.00000,1
0.4612,4.7952,2.5461,11.4426,2.6292,0.0384,-0.4606,0,0,0,0.00000,3
0.5362,4.9032,2.2632,11.5786,-0.2573,0.0049,-0.6592,0,0,0,0.00000,3
0.5007,4.9631,2.4146,11.5762,0.3806,0.0079,-0.6056,0,0,0,0.00000,3
0.4689,4.9718,2.5517,11.3657,0.7555,0.0048,-0.3617,0,0,0,0.00000,1
0.4222,4.1668,2.5658,11.3914,-1.1507,0.0610,-0.3952,0,0,0,0.00000,1
0.3996,4.1796,2.6756,12.8452,-2.5785,0.0696,-1.6087,0,1,0,1.66972,1
0.4676,5.1485,2.5967,13.1146,-1.8223,0.0027,-2.0579,1,1,0,1.16313,0
0.4129,4.2925,2.6427,12.5401,2.7287,0.0193,-1.3047,1,1,1,1.16359,1
0.3621,3.9452,2.7981,12.6699,-3.0332,0.0887,-1.3410,0,1,0,1.49092,1
0.4574,4.5109,2.4963,11.6106,3.0275,0.0409,-0.6092,0,0,1,0.18165,1
0.4128,4.2864,2.6417,11.4359,-1.9521,0.0237,-0.3775,0,0,0,0.00000,1
0.3972,4.3088,2.7240,13.1814,2.4493,0.0949,-1.9526,1,1,0,1.59155,1
0.3377,3.7061,2.8548,12.4684,-2.6061,0.0246,-1.0075,0,0,3,1.06826,1
0.4931,4.9562,2.4445,11.3161,-0.6007,0.0094,-0.3474,0,0,0,0.00000,1
0.4546,4.7475,2.5642,12.1379,-1.8555,0.0120,-1.0539,0,1,0,0.35337,3
0.4245,4.5394,2.6523,13.1061,-2.6264,0.0311,-1.8957,0,1,0,0.38310,1
0.5730,5.6215,2.2514,11.4286,-1.3385,0.0056,-0.5576,0,0,0,0.00000,1
0.4145,4.2253,2.6172,11.2914,2.6083,0.0200,-0.2595,0,0,0,0.00000,3
0.4419,4.3355,2.5212,11.4752,1.2554,0.0313,-0.4550,0,0,0,0.00000,1
0.3605,3.7886,2.7571,11.6531,-2.1425,0.0220,-0.4694,0,0,1,0.14687,1
0.4792,4.8042,2.4700,12.2724,3.0178,0.0274,-1.2744,0,1,1,0.74410,1
0.4583,4.8431,2.5699,11.3575,2.4951,0.0044,-0.3419,0,0,0,0.00000,3
0.4341,4.3769,2.5663,12.3176,3.0070,0.0102,-1.1584,0,1,1,0.99825,1
0.4494,4.4012,2.5046,12.4734,-1.0331,0.0047,-1.3424,0,0,2,1.31567,1
0.4433,4.5696,2.5728,12.5489,-2.9125,0.0198,-1.4185,0,0,2,1.05663,1
0.3898,4.1066,2.7033,11.4633,-2.6601,0.0853,-0.4433,0,0,0,0.00000,3
0.3537,3.7907,2.7943,12.4635,2.8866,0.0491,-1.0897,0,0,0,0.00000,1
0.4835,4.8792,2.4685,11.3600,2.9551,0.0332,-0.4056,0,0,0,0.00000,1
0.4996,5.4924,2.5264,11.5827,-2.3136,0.0145,-0.6208,0,0,0,0.00000,3
0.4786,4.4739,2.3987,12.0532,0.4669,0.0071,-1.0239,0,0,1,0.37720,1
0.5571,5.1569,2.2315,11.9560,0.0099,0.0683,-1.2001,1,1,1,0.83221,1
0.4955,4.7383,2.3887,11.8189,0.1641,0.0269,-0.8589,0,0,0,0.00000,1
0.4355,4.4802,2.5861,12.2156,-2.5538,0.0693,-1.1536,0,1,0,0.91824,1
0.4836,5.2530,2.5475,11.3907,1.6779,0.0450,-0.4494,0,0,0,0.00000,1
0.3958,4.1523,2.6866,11.3117,-2.2548,0.0078,-0.2445,0,0,0,0.00000,1
0.4060,4.2844,2.6736,11.4164,-2.2165,0.0173,-0.3468,0,0,0,0.00000,1
0.4067,4.1378,2.6302,11.3319,-3.1060,0.0090,-0.2714,0,0,0,0.00000,3
0.4870,5.3464,2.5519,12.5949,-2.8839,0.0094,-1.6074,0,1,0,1.09459,1
0.3922,4.2079,2.7207,12.0317,2.8271,0.0125,-0.8066,0,0,1,0.56716,1
0.4327,4.1534,2.5153,11.8360,1.4682,0.0066,-0.7210,0,1,0,0.45282,3
0.3753,4.0522,2.7612,12.5960,2.9105,0.0633,-1.2890,0,1,1,1.34661,1
0.4351,4.5550,2.6068,12.7317,1.9455,0.0009,-1.5320,0,0,1,1.52120,1
0.5061,5.0049,2.4011,11.2650,2.5143,0.0165,-0.3200,0,0,0,0.00000,1
0.3670,3.8903,2.7551,12.7489,1.8420,0.0241,-1.3234,0,1,2,1.01992,1
0.6052,5.8765,2.1712,11.4321,0.5078,0.0224,-0.6285,0,0,0,0.00000,3
0.4536,4.7562,2.5710,12.4371,0.7477,0.0045,-1.3239,1,1,0,0.34470,1
0.4603,4.6898,2.5256,12.1938,-1.6863,0.0076,-1.1152,0,1,0,0.22179,1
0.5169,5.0488,2.3662,11.3189,2.4079,0.0145,-0.3819,0,0,0,0.00000,1
0.5066,4.9729,2.3922,12.6916,0.8476,0.0171,-1.7923,0,1,1,0.89131,1
0.4229,4.5591,2.6649,13.0056,2.6821,0.0502,-1.8249,0,0,1,1.71158,1
0.4503,4.6528,2.5612,11.5771,1.5088,0.0021,-0.5217,0,1,0,0.20400,1
0.4199,4.5203,2.6692,12.6953,2.0293,0.0090,-1.4544,0,1,0,0.37813,1
0.5195,4.9496,2.3363,11.9777,0.0052,0.0220,-1.0691,0,0,1,0.55998,1
0.3934,3.9903,2.6519,12.7833,-3.0317,0.0107,-1.4317,0,0,1,1.14101,1
0.5455,5.4873,2.3350,11.4081,1.3286,0.0505,-0.5521,0,0,0,0.00000,3
0.4404,4.2426,2.5043,12.4032,-2.1860,0.0083,-1.2521,0,1,0,0.94763,1
0.4023,4.3773,2.7172,11.5063,3.0717,0.1061,-0.5177,0,0,0,0.00000,3
0.5056,4.9019,2.3820,12.2592,-1.2285,0.0306,-1.3426,0,0,1,0.44146,1
0.5908,5.8277,2.2174,11.6236,-1.3061,0.0125,-0.8163,0,0,0,0.00000,1
0.4727,4.6683,2.4673,11.3941,2.1151,0.0138,-0.4013,0,0,0,0.00000,3
0.4105,4.2186,2.6339,11.5388,-1.8497,0.0275,-0.4619,0,1,0,0.13963,1
0.3412,3.7565,2.8522,11.7015,-2.6435,0.0525,-0.5099,0,0,1,0.38747,0
0.5909,5.7033,2.1974,11.6012,0.0882,0.0272,-0.8084,0,0,0,0.00000,3
0.6133,5.8094,2.1315,11.4056,0.2883,0.0853,-0.6857,0,0,0,0.00000,3
0.4504,4.6940,2.5707,11.2916,-3.0546,0.0343,-0.3102,0,0,0,0.00000,3
0.3959,4.0051,2.6443,12.2453,2.5623,0.0110,-0.9868,0,1,0,0.60427,1
