x,Q2,W,miss_mass,phih,pt2,t,secondary_pips,secondary_pims,secondary_pizs,secondary_esum,accepted
0.3751,4.0377,2.7583,11.7914,2.7387,0.0439,-0.6230,0,0,2,0.29600,3
0.4267,4.6158,2.6614,11.8130,-2.8389,0.1439,-0.8648,0,1,0,0.36925,1
0.3531,3.8400,2.8133,12.7135,-2.5474,0.0731,-1.3190,0,1,1,1.35077,1
0.4557,4.4696,2.4940,11.6496,1.0639,0.0088,-0.6018,0,1,0,0.15235,3
0.4748,4.3363,2.3827,11.6322,1.9396,0.0164,-0.6255,0,1,0,0.26077,1
0.4049,4.1198,2.6336,12.9159,-1.5696,0.0001,-1.5764,1,2,1,0.98248,1
0.5556,5.7898,2.3476,11.8357,-1.2602,0.0147,-0.9921,0,1,0,0.27713,3
0.4308,4.3399,2.5721,12.0078,-0.9630,0.0147,-0.8786,0,1,0,0.47349,1
0.3806,4.1866,2.7736,11.7327,2.8966,0.1341,-0.6983,0,1,0,0.33503,3
0.4012,4.2107,2.6769,11.9729,-2.0555,0.0023,-0.7660,0,1,0,0.45414,1
0.4466,4.4134,2.5196,12.4420,-2.6275,0.0319,-1.3453,0,1,0,0.66165,1
0.4594,4.4576,2.4748,12.0453,2.3550,0.0078,-0.9712,0,1,0,0.48890,1
0.4020,4.0437,2.6262,11.9438,-1.2115,0.0049,-0.7465,0,1,0,0.45035,1
0.3941,4.0325,2.6609,11.7959,2.1348,0.0939,-0.7244,0,1,0,0.47074,3
0.4411,4.3217,2.5211,12.2064,-2.1045,0.0057,-1.0699,0,1,2,0.90046,1
0.3970,4.3776,2.7441,12.8327,-3.0853,0.0519,-1.5565,0,2,1,1.78934,0
0.4874,5.3637,2.5535,12.2046,2.1296,0.0427,-1.2538,0,1,0,0.62786,3
0.3337,3.6735,2.8661,11.6807,2.8601,0.0697,-0.5045,0,1,0,0.22947,1
0.3844,4.2251,2.7650,11.9517,2.2646,0.0158,-0.7304,0,1,0,0.58619,1
0.4264,4.1518,2.5429,12.2105,-1.8544,0.0098,-1.0386,0,1,1,0.64048,1
0.4886,4.5301,2.3711,11.7007,-1.8508,0.0100,-0.7068,0,1,0,0.32433,1
0.4257,4.2083,2.5610,11.5511,-1.4059,0.0323,-0.4987,0,1,0,0.25427,1
0.3908,4.1776,2.7188,12.1858,2.9097,0.0430,-0.9692,0,1,0,0.92470,3
0.3447,3.8011,2.8470,11.8537,3.0095,0.1293,-0.7177,0,1,0,0.48867,2
0.4302,4.1409,2.5227,11.9648,-0.9997,0.0307,-0.8601,0,1,0,0.47660,1
0.4468,4.2986,2.4905,11.6236,-1.9540,0.0014,-0.5547,0,1,0,0.22472,3
0.5730,5.2843,2.1952,12.0897,0.0194,0.0673,-1.3962,0,1,0,0.64929,1
0.3312,3.6210,2.8623,12.8390,2.3394,0.0670,-1.3224,0,1,3,1.22829,1
0.4777,4.3577,2.3760,11.8037,-2.6200,0.0062,-0.7793,0,1,0,0.29075,1
0.3482,3.7851,2.8226,12.3529,2.8581,0.1872,-1.1828,0,1,1,1.16606,1
0.5423,5.5915,2.3664,12.0903,-2.4869,0.0085,-1.2342,0,1,0,0.50363,3
0.3716,4.0127,2.7687,13.0748,-2.9812,0.0790,-1.7071,0,0,4,1.72654,1
0.5261,5.3696,2.3910,12.6796,-2.0894,0.0051,-1.8371,0,2,1,1.11321,1
0.4275,4.5332,2.6365,11.6987,-2.6078,0.0280,-0.6221,0,1,0,0.27759,3
0.3859,4.1013,2.7216,11.8230,2.5815,0.0071,-0.6217,0,1,0,0.35762,1
0.4197,4.0961,2.5581,11.5938,2.8383,0.0499,-0.5468,0,1,0,0.15588,1
0.3713,3.9088,2.7386,12.4370,-2.7374,0.0553,-1.1339,0,1,1,1.06774,1
0.3537,3.8051,2.7989,11.9058,-2.1176,0.0499,-0.6742,0,1,0,0.38454,1
0.3754,3.8951,2.7133,12.4240,-2.8035,0.0918,-1.1898,0,1,0,1.23206,1
0.4615,4.7236,2.5283,11.9104,-2.8623,0.0032,-0.8455,0,1,0,0.64285,3
0.4320,4.2893,2.5536,12.0480,-2.8320,0.0380,-0.9483,0,1,0,0.39302,1
0.4188,4.3776,2.6375,12.2011,-2.8385,0.0140,-1.0173,0,1,1,0.76546,3
0.4393,4.1973,2.4974,11.7321,1.3412,0.0208,-0.6612,0,1,0,0.32958,3
0.5115,4.8798,2.3537,11.9080,-1.0699,0.0423,-1.0050,0,0,0,0.00000,1
0.4578,5.0396,2.6170,11.8930,-2.2239,0.0825,-0.9253,0,1,0,0.54589,3
0.4718,4.5369,2.4413,11.9941,1.7026,0.0242,-0.9746,0,1,0,0.22899,1
0.5453,5.6005,2.3558,11.8379,-3.0713,0.0150,-0.9717,0,1,0,0.25062,1
0.3724,4.0849,2.7865,12.0596,-2.8414,0.1324,-0.9392,0,1,0,0.65109,3
0.5374,4.9128,2.2603,12.0062,1.1639,0.0092,-1.1241,0,1,0,0.24878,1
0.5128,5.5481,2.4804,12.3778,2.8670,0.0155,-1.4742,1,2,1,1.21145,3
0.4563,4.8298,2.5761,11.9949,2.8460,0.0720,-1.0043,0,1,0,0.65740,1
0.4660,5.0597,2.5841,11.8261,-1.1847,0.0047,-0.7802,0,1,0,0.53915,1
0.5418,5.2379,2.3042,11.9029,0.1070,0.0066,-1.0211,0,1,0,0.53677,3
0.4496,4.5190,2.5323,12.1897,-2.4469,0.0464,-1.1360,0,1,1,0.49701,1
0.4358,4.6273,2.6215,12.0500,1.9674,0.0454,-0.9702,0,1,0,0.24999,3
0.3884,3.9422,2.6623,12.3759,2.6617,0.0492,-1.1284,0,1,0,0.99309,1
0.3768,3.8845,2.7027,12.7744,-2.6447,0.0063,-1.3529,0,1,1,1.31237,1
0.5945,5.7678,2.1942,12.5157,-0.4785,0.0456,-1.9610,0,1,0,0.75772,1
0.4272,4.1433,2.5370,11.7897,1.6456,0.0229,-0.6916,0,1,0,0.19834,3
0.4488,4.7979,2.6025,12.6309,-1.8668,0.0231,-1.5232,0,1,0,1.41255,1
0.4313,4.3354,2.5687,12.3203,1.4084,0.0032,-1.1421,0,1,0,0.95764,1
0.4380,4.5103,2.5820,12.1992,1.8673,0.0071,-1.0584,0,1,0,0.80517,3
0.3932,4.0762,2.6776,12.3725,2.8657,0.0284,-1.1101,0,1,2,1.01528,1
0.4500,4.5130,2.5289,11.7346,2.0309,0.0544,-0.7262,0,1,0,0.22813,3
0.4453,4.3902,2.5196,12.0367,-2.5174,0.0342,-0.9652,0,1,0,0.41285,1
0.5665,5.2629,2.2153,12.4981,-0.8286,0.0120,-1.7804,1,1,0,0.76210,1
0.3570,3.8288,2.7889,12.3194,-2.4094,0.1211,-1.0900,0,1,0,0.53124,3
0.3658,3.9203,2.7707,12.5767,2.4219,0.0302,-1.1906,0,1,1,1.33881,1
0.3910,3.9659,2.6565,12.1567,-2.6133,0.0774,-0.9928,0,1,0,0.72676,1
0.3924,4.3006,2.7456,11.9327,-2.5367,0.0810,-0.8159,0,1,0,0.69698,3
0.4802,5.1402,2.5387,12.7525,-2.2341,0.0103,-1.7462,0,1,1,1.36559,1
0.4756,4.5270,2.4232,11.7738,1.0227,0.0032,-0.7443,0,1,0,0.29821,3
0.3770,4.1531,2.7829,11.9488,2.7924,0.0616,-0.7704,0,1,0,0.54554,2
0.4258,4.1411,2.5426,11.7731,-0.8952,0.0136,-0.6629,0,1,0,0.43596,1
0.4357,4.1812,2.5091,11.8551,0.8126,0.0246,-0.7672,0,1,0,0.55268,1
0.4352,4.7281,2.6490,12.0134,1.7504,0.0668,-0.9643,0,1,0,0.28430,1
0.4037,4.1457,2.6466,12.1839,-2.6758,0.1009,-1.0817,0,1,0,0.46950,1
0.5709,5.5871,2.2540,12.0568,-1.1293,0.0201,-1.2862,0,1,0,0.41177,1
0.4161,4.1912,2.6004,12.2821,3.0992,0.0569,-1.1409,0,1,0,0.95654,1
0.4056,4.2300,2.6605,12.6684,-2.4406,0.0443,-1.4316,1,2,0,1.47013,1
0.3646,3.8904,2.7676,11.8131,-2.8937,0.0357,-0.6097,0,1,0,0.35088,3
0.3793,4.1435,2.7680,12.0270,2.9073,0.0492,-0.8209,0,1,0,0.54963,3
0.4216,4.6432,2.6926,11.8094,3.0421,0.0295,-0.7080,0,1,0,0.54902,2
0.3835,4.1416,2.7455,12.8514,-2.7533,0.0773,-1.5599,0,1,0,1.70366,1
0.5575,5.4435,2.2805,11.9517,-0.6211,0.0560,-1.1805,0,1,0,0.37573,1
0.4598,4.5295,2.4902,11.6358,-0.0155,0.0103,-0.5983,0,1,0,0.22145,1
0.4640,4.6021,2.4891,11.6851,-0.9106,0.0269,-0.6713,0,1,0,0.32113,1
0.3397,3.7335,2.8529,12.7648,-2.9391,0.0659,-1.2968,0,1,0,1.54566,1
0.4085,4.0539,2.5982,12.3762,2.7769,0.0527,-1.1951,0,1,0,0.98255,1
0.3612,3.8790,2.7821,12.3162,2.9307,0.1430,-1.1306,0,1,0,1.09146,1
0.4269,4.6990,2.6810,11.7645,2.1896,0.0159,-0.6629,0,1,0,0.41605,1
0.4205,4.2028,2.5829,11.9197,-2.9426,0.0392,-0.8113,0,1,0,0.63110,1
0.4213,4.4479,2.6438,11.7628,-1.6522,0.0145,-0.6486,0,1,0,0.20200,1
0.3981,4.3852,2.7405,12.9756,-3.1237,0.0179,-1.6327,0,1,1,1.79550,0
0.4483,4.8312,2.6127,12.2019,2.1022,0.0583,-1.1614,0,1,1,0.66473,3
0.4510,4.7009,2.5698,12.4056,0.4818,0.0032,-1.2832,0,1,0,1.30021,1
0.4822,5.1777,2.5380,12.9630,-2.7545,0.0046,-1.9672,0,1,1,1.50063,1
0.4195,4.3963,2.6389,12.8588,2.4429,0.0918,-1.7402,0,1,0,1.53424,1
0.4868,4.8561,2.4496,12.6371,-2.7822,0.0067,-1.6418,0,1,1,1.22452,1
0.4530,4.5997,2.5367,12.1896,2.9152,0.0223,-1.1115,0,1,0,0.85204,1
0.4936,5.4269,2.5391,12.0073,2.6701,0.0298,-1.0518,0,1,0,0.48015,3
0.4053,4.2401,2.6647,12.8203,-2.7076,0.0787,-1.6240,0,1,1,1.56865,1
0.4280,4.2415,2.5589,11.9319,-1.0803,0.0483,-0.8500,0,1,0,0.60007,1
0.4661,4.6530,2.4919,11.5816,1.6781,0.0084,-0.5570,0,1,0,0.18856,3
0.4726,4.9063,2.5210,12.9590,2.3279,0.0097,-1.9279,0,2,1,1.44159,1
0.3881,4.2679,2.7584,12.9610,-3.0282,0.0644,-1.6541,2,2,1,2.97289,1
0.4228,4.6254,2.6821,12.8713,2.6457,0.0843,-1.7520,0,1,0,1.70252,1
0.5002,5.2824,2.4815,11.7841,-2.1579,0.0105,-0.8157,0,1,0,0.24535,3
0.5133,4.6467,2.2993,11.5576,0.4736,0.0234,-0.6239,0,1,0,0.16322,3
0.4098,4.1041,2.6060,12.3131,-2.6310,0.0643,-1.1606,0,1,0,0.49974,1
0.3419,3.7508,2.8463,13.1310,2.9971,0.0335,-1.5375,0,1,1,1.81942,1
0.4284,4.2120,2.5498,11.8746,2.6248,0.0260,-0.7714,0,1,0,0.44582,1
0.4857,5.1013,2.5065,12.9829,-2.7196,0.0344,-2.0558,0,1,1,1.45927,1
0.4955,4.7450,2.3898,11.9323,1.9450,0.0021,-0.9391,0,1,0,0.48299,1
0.4461,4.6236,2.5731,11.8384,2.8583,0.0008,-0.7446,0,1,0,0.35620,3
0.4639,4.5467,2.4768,11.9405,-1.2257,0.0237,-0.9050,0,1,0,0.22179,3
0.4717,5.2020,2.5899,13.1150,-2.4865,0.0491,-2.1610,0,2,2,1.51309,0
0.4240,4.1792,2.5607,11.7281,2.2454,0.0488,-0.6661,0,1,0,0.28885,3
0.4002,4.1768,2.6720,11.9368,2.5743,0.1001,-0.8611,0,1,0,0.25263,1
0.4005,4.3907,2.7302,13.3267,2.2134,0.0181,-1.9624,0,2,3,2.90962,1
0.4575,5.0116,2.6123,12.7004,-2.6723,0.0179,-1.6168,0,1,0,1.38996,1
0.3613,3.9105,2.7919,13.2321,-2.8103,0.0262,-1.6983,0,1,1,2.19532,1
0.4237,4.2874,2.5906,11.9076,2.7445,0.0717,-0.8502,0,1,0,0.22679,1
0.4609,4.8303,2.5553,12.2015,-1.7645,0.0309,-1.1578,0,1,0,0.63582,3
0.3784,3.9615,2.7183,12.1271,-2.5287,0.0563,-0.9073,0,0,0,0.00000,3
0.3576,3.8254,2.7842,11.9109,-2.5610,0.1398,-0.8001,0,1,0,0.24822,3
0.4639,4.3631,2.4338,11.9535,-0.6184,0.0210,-0.9124,0,1,0,0.33372,1
0.4566,4.3098,2.4515,12.0467,-0.2919,0.0259,-0.9897,0,1,0,0.65316,1
0.3632,3.9476,2.7929,12.3961,3.0819,0.0858,-1.1196,0,1,0,1.23156,3
0.3562,3.9061,2.8181,13.1214,2.5212,0.0225,-1.5765,0,1,0,1.86550,1
0.3640,3.8203,2.7489,12.9366,-2.7267,0.0527,-1.5116,0,1,0,1.64553,1
0.4796,4.8863,2.4862,12.2781,1.5167,0.0088,-1.2547,0,1,1,0.94950,1
0.5254,4.9798,2.3191,12.4786,0.9119,0.0002,-1.5964,0,0,0,0.00000,1
0.4229,4.6220,2.6808,12.2627,-2.9116,0.0412,-1.1219,0,1,0,1.02660,3
0.3750,4.0351,2.7578,12.1057,2.8375,0.0924,-0.9300,0,1,0,0.88541,3
0.5583,5.4572,2.2798,12.1260,-1.0835,0.0295,-1.3457,0,1,0,0.71203,1
0.4463,4.5312,2.5497,11.7398,-2.5768,0.0167,-0.6768,0,1,0,0.21006,3
0.4473,4.8422,2.6198,12.6715,0.9468,0.0004,-1.5221,0,1,1,1.03614,1
0.4370,4.6899,2.6312,12.2814,2.7684,0.0986,-1.2605,0,1,0,1.13607,1
0.4542,4.7854,2.5751,12.1072,2.7345,0.0327,-1.0524,0,1,0,0.49726,3
0.4673,4.8228,2.5255,11.9690,1.6080,0.0132,-0.9272,0,1,0,0.51294,3
0.4631,4.3549,2.4350,11.9857,1.9646,0.0098,-0.9258,0,2,0,0.48263,1
0.5357,5.1668,2.3149,11.7717,1.3100,0.0285,-0.8950,0,1,0,0.31627,3
0.3971,4.3424,2.7337,13.0399,-2.7796,0.0093,-1.6706,0,1,1,1.69019,1
0.4180,4.2939,2.6189,12.1699,2.8065,0.0418,-1.0262,0,1,0,0.79541,3
0.3635,3.8901,2.7735,12.5207,3.0228,0.0361,-1.1473,0,1,0,1.28816,1
0.4247,4.6665,2.6835,11.7225,2.7725,0.0197,-0.6278,0,1,0,0.39402,3
0.4296,4.4368,2.6022,11.7206,2.9759,0.0442,-0.6643,0,1,0,0.25120,3
0.3446,3.7139,2.8183,13.2000,-2.7925,0.0572,-1.6481,0,1,1,2.06114,1
0.5368,5.2958,2.3347,11.9119,1.3065,0.0034,-1.0157,0,1,0,0.19636,3
0.4408,4.3466,2.5287,12.8203,1.5676,0.0118,-1.6551,0,1,0,1.70582,1
0.3959,4.0836,2.6670,12.3021,2.8853,0.0239,-1.0525,0,1,1,0.99253,1
0.4287,4.3963,2.5962,11.7170,3.1254,0.0818,-0.7063,0,1,0,0.22955,1
0.5382,5.5867,2.3822,12.4096,-2.1572,0.0047,-1.5750,0,1,0,0.76741,1
0.3923,4.2925,2.7439,13.3755,-2.2162,0.0217,-1.9718,0,1,2,2.09673,1
0.4554,4.5721,2.5196,11.8610,2.1255,0.0339,-0.8262,0,0,2,0.34527,3
0.5291,5.3703,2.3790,12.0615,0.4991,0.0332,-1.2013,0,1,1,0.56778,1
0.4094,4.2743,2.6547,12.4099,2.6446,0.0950,-1.2895,0,1,0,1.21257,1
0.4055,4.2696,2.6720,11.7726,2.6843,0.0265,-0.6425,0,1,0,0.45215,3
0.4626,4.7991,2.5408,11.8583,-2.2763,0.0794,-0.8983,0,1,0,0.29979,1
0.4761,4.9700,2.5197,12.5131,-2.6458,0.0287,-1.5115,0,1,1,0.58629,1
0.5482,5.2724,2.2859,11.7529,0.0936,0.0471,-0.9242,0,1,0,0.21414,1
0.4638,4.8466,2.5462,12.0369,2.9559,0.0204,-0.9935,0,1,1,0.44209,3
0.3552,3.8706,2.8122,12.7826,2.7880,0.0317,-1.3168,0,1,0,1.65688,1
0.4536,4.6655,2.5494,12.9032,-2.0132,0.0231,-1.8112,0,1,1,1.16928,1
0.3766,3.8847,2.7038,12.9672,-2.4627,0.0491,-1.5858,1,1,1,1.33870,1
0.4287,4.3001,2.5710,12.9363,-1.0888,0.0192,-1.7296,0,1,1,1.54400,1
0.4529,4.2958,2.4639,11.8052,0.3254,0.0066,-0.7334,0,1,0,0.41685,3
0.4222,4.5808,2.6738,12.4733,-2.7555,0.0007,-1.2499,0,1,0,1.17592,1
0.3497,3.7647,2.8076,12.9051,-2.4027,0.0595,-1.4368,0,2,0,0.42179,1
0.4776,4.8705,2.4914,12.5428,2.9974,0.0168,-1.5281,0,1,0,1.14854,1
0.5088,5.3351,2.4558,11.6041,0.9657,0.0451,-0.6938,0,1,0,0.15792,1
0.4710,4.8492,2.5155,12.1503,-1.8514,0.0259,-1.1284,0,1,0,0.82449,3
0.4955,4.8017,2.4018,11.7809,2.0110,0.0081,-0.7973,0,1,0,0.23520,3
0.3676,4.0276,2.7943,12.1185,2.4830,0.0550,-0.8719,0,1,0,0.83922,3
0.3650,4.0285,2.8090,12.8698,2.8768,0.1437,-1.6062,0,1,1,1.59456,0
0.4568,5.0157,2.6164,12.3032,-2.8609,0.1039,-1.3481,0,1,0,0.76199,1
0.3891,4.2227,2.7407,11.6725,-3.1077,0.0944,-0.6169,0,1,0,0.45547,3
0.3574,3.9044,2.8107,12.6317,2.7124,0.0662,-1.2588,0,1,0,1.49983,1
0.4737,5.1992,2.5801,12.4092,-2.5562,0.1019,-1.5063,0,1,0,0.95733,1
0.3564,3.8707,2.8051,12.7425,-2.8424,0.0171,-1.2676,0,1,0,0.56050,1
0.4131,4.5007,2.6972,13.0258,-2.7894,0.0182,-1.7448,0,1,1,1.55599,1
0.4567,4.6094,2.5226,11.6956,2.6316,0.0369,-0.6809,0,1,0,0.33392,1
0.4404,4.2101,2.4961,11.8811,-1.9923,0.0154,-0.7878,0,1,0,0.45810,1
0.3802,4.0869,2.7464,12.2166,-2.7016,0.0761,-1.0109,0,1,1,0.90538,3
0.3857,4.1826,2.7465,11.9428,-2.6915,0.1060,-0.8414,0,1,1,0.53710,3
0.3937,4.0137,2.6574,11.6589,-1.9418,0.0055,-0.5053,0,1,0,0.40654,1
0.3572,3.8512,2.7949,12.6428,2.4989,0.0860,-1.2973,0,1,1,0.94958,1
0.3845,3.9467,2.6828,12.4983,-2.1154,0.0189,-1.1728,0,1,0,1.26426,1
0.4735,4.6401,2.4575,11.8682,2.1518,0.0474,-0.8887,0,1,0,0.39403,1
0.4558,4.9190,2.5989,11.6516,-2.7399,0.0295,-0.6312,0,1,0,0.24557,3
0.4219,4.5382,2.6645,12.9130,-2.3613,0.0250,-1.6892,0,1,0,1.81359,1
0.4944,5.2785,2.5059,11.9321,2.1577,0.0331,-0.9811,0,1,0,0.48559,3
0.3939,4.1353,2.6914,12.0849,-2.7789,0.0668,-0.9259,0,1,0,0.72818,3
0.5022,4.8675,2.3885,11.9565,1.8287,0.0452,-1.0381,0,1,0,0.38833,1
0.5337,5.5460,2.3929,11.7563,-1.9321,0.0092,-0.8521,0,1,0,0.29571,3
0.4434,4.4539,2.5439,12.1192,2.6059,0.0481,-1.0558,0,1,0,0.77362,1
0.3924,4.0877,2.6849,11.7043,2.8541,0.0042,-0.5373,0,1,0,0.35935,1
0.3985,4.0167,2.6352,12.0474,-1.8286,0.0233,-0.8475,0,1,0,0.64730,3
0.5158,5.3716,2.4337,12.7427,-1.6205,0.0129,-1.8814,0,1,0,1.54326,1
0.4251,4.1512,2.5482,11.9552,-0.7144,0.0180,-0.8237,0,1,0,0.63258,1
0.4417,4.4243,2.5441,11.8582,-3.1051,0.0277,-0.7871,0,1,0,0.36677,1
0.4427,4.4898,2.5558,12.8402,-2.2531,0.0081,-1.6769,0,0,1,0.49572,1
0.4646,4.5288,2.4697,12.1580,1.9435,0.0335,-1.1279,0,2,0,0.80197,1
0.4122,4.3325,2.6566,12.4911,3.0903,0.0542,-1.3114,0,1,1,1.23261,1
0.3813,4.0273,2.7228,11.8141,-2.5802,0.0242,-0.6275,0,1,0,0.51671,3
0.3864,3.9520,2.6750,12.1574,-2.5015,0.1224,-1.0430,0,1,0,0.90897,1
0.3773,4.0688,2.7561,12.6845,-2.8068,0.0071,-1.2831,0,1,0,1.36458,1
0.3761,3.9210,2.7176,12.5521,-1.9042,0.0166,-1.1853,0,2,0,1.03477,1
0.4115,4.2990,2.6511,11.9889,-3.0427,0.0196,-0.8249,0,1,0,0.58565,3
0.3709,3.9318,2.7475,12.7530,2.6512,0.0990,-1.4606,0,1,3,1.54874,1
0.4504,4.6439,2.5589,11.8930,2.8921,0.0501,-0.8666,0,1,0,0.44518,1
0.4058,4.0911,2.6214,11.6961,2.0960,0.0574,-0.6184,0,1,0,0.22028,3
0.4036,4.0961,2.6329,12.0658,-2.3009,0.0833,-0.9561,0,1,0,0.35022,1
0.4196,4.3295,2.6209,11.4961,0.9082,0.0031,-0.4106,0,1,0,0.21220,1
0.4281,4.5828,2.6463,11.7388,-3.0729,0.0917,-0.7366,0,1,0,0.25350,1
0.4717,5.0760,2.5623,12.0151,-1.7043,0.0308,-1.0065,0,1,0,0.21480,1
0.3520,3.7478,2.7890,11.6501,2.0684,0.0574,-0.4969,0,1,0,0.41656,1
0.4548,4.8984,2.5987,12.2215,-3.1342,0.0399,-1.1728,0,1,0,0.78208,3
0.3958,3.9838,2.6383,11.7810,-2.3402,0.0038,-0.6024,0,1,0,0.36288,1
0.4643,4.7842,2.5300,11.9312,2.5237,0.0407,-0.9208,0,1,0,0.27688,1
0.3733,4.0564,2.7732,11.9922,-2.7436,0.0218,-0.7447,0,1,0,0.67514,1
0.5308,5.4223,2.3820,13.0397,2.3113,0.0033,-2.2701,0,1,0,1.70597,1
0.5113,4.7569,2.3297,11.9414,-0.1056,0.0319,-1.0244,0,1,0,0.38238,1
0.4401,4.4494,2.5577,12.2038,2.0092,0.0401,-1.1140,0,1,0,0.78706,1
0.4928,5.1367,2.4832,11.8846,3.0511,0.0381,-0.9360,0,1,0,0.49193,1
0.4334,4.7659,2.6667,12.0547,2.5122,0.0848,-1.0214,0,1,0,0.70585,3
0.3457,3.7029,2.8089,12.7906,2.5067,0.0569,-1.3264,1,1,2,2.34594,1
0.5078,5.5267,2.4977,12.7920,-2.1600,0.0626,-1.9875,0,1,1,1.63594,1
0.3871,4.1063,2.7171,11.7061,2.4480,0.0139,-0.5418,0,1,0,0.34464,1
0.3495,3.8255,2.8287,12.8802,-3.1339,0.0427,-1.3885,0,1,1,1.35799,1
0.4450,4.2781,2.4933,12.1076,1.6551,0.0478,-1.0483,0,1,0,0.44598,1
0.3819,4.1141,2.7457,12.7207,-2.7683,0.0040,-1.3253,0,1,0,0.69423,1
0.4939,4.5627,2.3569,12.3898,2.0052,0.0128,-1.4148,0,1,0,0.33223,1
0.3975,4.3831,2.7428,12.5373,-3.1153,0.1124,-1.3886,0,1,1,1.21747,0
0.5123,5.3329,2.4409,12.7135,1.6485,0.0196,-1.8455,0,1,2,0.69091,1
0.5233,5.3893,2.4064,13.0201,1.8402,0.0149,-2.2339,1,2,1,1.76337,1
0.5135,5.0270,2.3753,11.7518,-2.0093,0.0197,-0.8188,0,1,0,0.37841,1
0.4238,4.6606,2.6862,11.7102,2.8239,0.1186,-0.7372,0,0,0,0.00000,1
0.4615,5.0193,2.5957,11.9580,1.6797,0.0002,-0.8878,0,1,0,0.46851,1
0.3717,4.0680,2.7850,13.3092,-2.8320,0.0200,-1.8038,0,1,0,1.98538,1
0.3739,4.0670,2.7732,11.8223,-2.7274,0.0653,-0.6710,0,1,0,0.48674,3
0.3809,3.9318,2.6967,12.0365,2.9279,0.0727,-0.8631,0,1,0,0.41211,1
0.4435,4.5981,2.5786,11.7235,-1.3546,0.0051,-0.6432,0,1,0,0.37587,1
0.4284,4.3480,2.5849,11.9465,2.3898,0.0160,-0.8216,0,1,0,0.44017,3
0.4563,4.3174,2.4544,11.8904,-1.0278,0.0011,-0.8107,0,1,1,0.46670,1
0.3448,3.7005,2.8128,11.8275,-2.7377,0.2273,-0.8214,0,1,0,0.62896,1
0.5185,5.4572,2.4390,11.5945,-2.3217,0.0028,-0.6483,0,1,0,0.20888,3
0.4677,4.6152,2.4766,12.7571,-0.8025,0.0158,-1.7069,0,1,0,1.48829,1
0.4067,4.3911,2.6991,12.0846,-2.9472,0.0421,-0.9246,0,1,0,0.51127,3
0.4586,4.9388,2.5907,13.2364,2.6529,0.0465,-2.2223,0,1,0,2.03386,1
0.3984,4.0608,2.6479,12.9877,1.4547,0.0118,-1.6332,0,1,1,1.01540,1
0.3311,3.6367,2.8686,12.5153,2.3208,0.0969,-1.1246,0,1,0,1.37545,3
0.4381,4.4256,2.5605,12.1518,-0.2037,0.0034,-1.0100,0,1,0,0.69505,1
0.4134,4.1965,2.6145,11.7909,-2.9972,0.0207,-0.6644,0,1,0,0.26834,3
0.3742,3.8808,2.7148,11.7300,-3.0241,0.1085,-0.6543,0,1,0,0.18162,1
0.4908,4.6668,2.3922,12.3477,-0.0042,0.0078,-1.3549,0,1,0,0.28193,1
0.4856,4.9961,2.4845,12.5910,-0.4010,0.0104,-1.5967,0,1,1,0.96194,1
0.3553,3.8300,2.7981,11.8421,2.6130,0.0262,-0.6016,0,1,0,0.19289,1
0.4489,4.7323,2.5866,11.8608,0.3368,0.0022,-0.7727,0,1,0,0.50839,1
0.3784,4.1492,2.7742,13.0475,-2.6632,0.1053,-1.7581,1,2,0,1.80675,1
0.5134,4.8092,2.3322,11.9082,0.7963,0.0524,-1.0227,0,1,0,0.28695,1
0.3829,4.1371,2.7475,11.9124,-2.1913,0.0184,-0.6995,0,1,0,0.70963,1
0.6109,5.5864,2.1068,12.2031,0.8141,0.0154,-1.5662,0,1,0,0.61111,1
0.4097,4.4225,2.6930,12.6850,-2.6305,0.0508,-1.4719,0,1,1,1.21388,1
0.4636,4.3224,2.4254,11.9543,1.4928,0.0010,-0.8851,0,1,0,0.44753,1
0.3945,4.2152,2.7109,12.6073,2.7897,0.0546,-1.3534,1,2,0,0.90175,1
0.3955,4.2404,2.7130,12.8670,-2.9097,0.0253,-1.5378,0,1,1,1.51716,1
0.4000,4.1365,2.6616,12.5215,-1.3944,0.0020,-1.2185,0,2,0,0.98112,1
0.4904,4.5433,2.3668,11.6480,1.8316,0.0018,-0.6487,0,1,0,0.15301,1
0.4078,4.3411,2.6803,12.6433,-2.9033,0.0482,-1.4233,0,1,0,1.07710,1
0.4755,4.9764,2.5238,12.2317,1.9878,0.0008,-1.1864,0,1,0,0.75584,3
0.4609,5.0386,2.6028,11.9687,1.7777,0.0404,-0.9491,0,1,0,0.51838,1
0.4365,4.4395,2.5711,11.8728,0.9627,0.0180,-0.7771,0,1,1,0.41147,1
0.4267,4.4172,2.6106,12.9993,-1.5492,0.0197,-1.7824,0,1,1,1.40542,1
0.3818,3.9783,2.7060,11.8391,-2.0620,0.0552,-0.6864,0,1,0,0.27092,3
0.5036,5.4661,2.5035,12.5830,-2.3256,0.0574,-1.7296,0,1,0,0.53069,1
0.4460,4.8058,2.6174,12.9861,-2.9390,0.0483,-1.9054,0,1,1,1.71761,1
0.3441,3.7911,2.8475,11.9937,-2.4450,0.1055,-0.7883,0,1,0,0.66554,2
0.4579,4.9980,2.6073,12.8999,-2.4339,0.0383,-1.8529,0,1,0,1.55220,1
0.5175,5.3935,2.4310,12.1832,0.6822,0.0032,-1.2599,0,1,0,0.57885,3
0.3703,4.0800,2.7960,12.6744,-2.4815,0.0176,-1.2659,1,2,2,1.47770,0
0.3767,4.1432,2.7814,13.0987,2.2332,0.0353,-1.6741,0,1,1,1.97176,1
0.4759,4.4801,2.4113,12.0533,0.3792,0.0393,-1.0625,0,1,0,0.47283,1
0.4288,4.6438,2.6583,12.1233,-1.6249,0.0377,-1.0084,0,1,0,0.58606,1
0.4837,4.6209,2.4109,11.7806,-0.5579,0.0425,-0.8178,0,1,0,0.39901,1
0.4970,4.7200,2.3784,12.2196,-1.2521,0.0034,-1.2354,0,1,0,0.73585,1
0.4052,4.1585,2.6429,11.7102,1.5659,0.0002,-0.5585,0,1,0,0.17956,1
0.5631,5.0904,2.1977,12.3955,-0.9270,0.0094,-1.6402,0,1,0,0.87987,1
0.3453,3.7381,2.8225,12.6852,2.2979,0.0271,-1.1977,0,1,0,1.48589,1
0.3718,4.0081,2.7664,12.4208,2.6282,0.0489,-1.1131,0,1,1,1.18368,3
0.3715,4.0041,2.7668,11.8831,-2.8130,0.1506,-0.8206,0,1,0,0.21891,1
0.4289,4.2392,2.5542,11.8023,-0.6298,0.0129,-0.6934,0,1,0,0.30796,1
0.3675,3.9242,2.7632,12.5795,2.9128,0.0354,-1.2064,0,1,1,1.10533,1
0.4463,4.6299,2.5738,12.0411,3.1085,0.0532,-0.9982,0,1,0,0.45402,1
0.4385,4.3843,2.5483,12.6347,3.0019,0.0027,-1.4548,0,1,1,1.26842,1
0.4142,4.2253,2.6185,11.8103,1.4342,0.0090,-0.6673,0,1,0,0.39125,1
0.4677,4.9457,2.5514,12.6667,-0.5277,0.0020,-1.5957,0,1,1,1.20137,1
0.3669,4.0431,2.8028,13.0411,2.9239,0.0137,-1.5446,0,1,2,1.60804,0
0.4157,4.1133,2.5811,11.6997,-2.5517,0.0412,-0.6181,0,1,0,0.37567,1
0.3941,4.1765,2.7022,11.8821,-2.5687,0.0536,-0.7432,0,1,0,0.18310,3
0.3696,3.9542,2.7612,12.0864,-2.6592,0.0108,-0.7935,1,1,0,0.90950,1
0.5018,5.0348,2.4245,11.7104,-2.2478,0.0587,-0.8048,0,1,0,0.32852,1
0.4009,4.4148,2.7343,13.2235,3.1091,0.0799,-1.9825,0,1,1,0.69059,0
0.4186,4.1964,2.5902,11.6541,-2.7948,0.0331,-0.5750,0,1,0,0.29176,3
0.5874,5.5816,2.1910,12.2759,0.4469,0.0028,-1.5683,0,2,0,0.60333,1
0.3849,4.0774,2.7196,12.0468,-2.4838,0.1440,-0.9750,0,1,0,0.60252,1
0.4214,4.5975,2.6819,13.1582,2.6952,0.0750,-2.0107,0,1,2,3.00210,1
0.4152,4.3073,2.6357,11.8540,1.5680,0.0016,-0.6966,0,1,1,0.47978,1
0.3425,3.7362,2.8377,11.9683,-2.7768,0.0772,-0.7305,0,1,0,0.59987,3
0.3397,3.6895,2.8373,11.7554,2.7448,0.1109,-0.6158,0,1,0,0.40400,3
0.4507,4.6235,2.5524,11.8498,1.4711,0.0091,-0.7747,0,1,0,0.33671,1
0.5306,5.6763,2.4294,12.1862,-2.3111,0.0286,-1.3378,0,1,1,0.37528,3
0.5077,4.6620,2.3241,11.9039,0.8055,0.0328,-0.9780,0,1,0,0.23063,1
0.3741,3.9359,2.7322,11.7619,-1.9788,0.0487,-0.6048,0,1,0,0.30979,1
0.3510,3.8077,2.8147,13.2851,2.9022,0.0851,-1.8008,0,2,0,1.46845,1
0.3831,4.1710,2.7561,12.6594,2.8770,0.0226,-1.3079,0,1,0,1.52785,1
0.3617,3.8389,2.7666,12.9468,2.7991,0.0889,-1.5715,0,1,1,1.62172,1
0.4938,4.5701,2.3591,11.7116,-0.3728,0.0245,-0.7455,0,1,0,0.19202,3
0.5370,5.6013,2.3896,11.8531,2.5191,0.0090,-0.9627,0,1,0,0.23262,3
0.4573,4.8186,2.5687,12.1015,2.7809,0.0241,-1.0434,0,1,0,0.59003,3
0.4894,5.2014,2.5113,12.7620,-1.6700,0.0151,-1.8009,0,1,0,1.42420,1
0.4567,4.9170,2.5942,12.9856,2.0743,0.0405,-1.9394,0,1,2,0.96965,1
0.4872,5.1402,2.5081,12.0546,-2.8574,0.0607,-1.1242,0,1,0,0.30667,1
0.4487,4.8515,2.6155,12.3622,-2.7606,0.0705,-1.3333,0,1,0,0.81388,1
0.3676,4.0310,2.7955,11.8893,2.4102,0.0466,-0.6861,0,1,0,0.61587,1
0.4811,4.5092,2.3968,11.6431,-0.8643,0.0054,-0.6331,0,1,1,0.33226,3
0.4738,5.0275,2.5423,12.0301,2.4226,0.0088,-0.9964,0,1,0,0.40021,3
0.4420,4.6934,2.6086,12.8162,-2.5307,0.0300,-1.6886,0,2,0,1.37584,1
0.4129,4.0886,2.5871,12.0923,3.1268,0.0316,-0.9314,0,1,0,0.61196,1
0.4542,4.4589,2.4978,12.0984,2.1333,0.0069,-1.0068,0,1,0,0.21811,1
0.3460,3.7706,2.8298,11.9252,-2.9146,0.2313,-0.9022,0,1,0,0.55789,1
0.4183,4.5440,2.6834,12.9982,-1.8373,0.0275,-1.7580,0,1,3,1.66746,1
0.4240,4.3330,2.6014,11.6501,2.5030,0.0822,-0.6410,0,1,0,0.18855,1
0.4749,4.8716,2.5032,12.9864,2.4516,0.0276,-1.9986,0,2,0,1.75188,1
0.4666,4.8472,2.5340,11.8156,-1.4933,0.0393,-0.8147,0,1,0,0.48805,3
0.3800,4.1260,2.7591,11.9544,1.9889,0.0379,-0.7509,0,0,2,0.30387,1
0.4574,4.9168,2.5908,12.6484,2.0869,0.0127,-1.5564,0,1,0,1.34094,1
0.3759,4.1206,2.7788,12.4780,-2.7113,0.0918,-1.2347,1,1,0,0.54890,3
0.4408,4.8654,2.6555,13.2358,-2.6836,0.0286,-2.0990,0,1,2,1.04720,0
0.5108,5.2192,2.4248,12.5301,-1.8778,0.0249,-1.6448,0,1,1,0.93248,1
0.5676,5.3146,2.2201,11.7535,-1.0344,0.0053,-0.9082,0,1,0,0.32129,1
0.4125,4.4144,2.6771,12.3303,2.3681,0.0211,-1.1223,0,1,1,0.98267,3
0.5031,4.9147,2.3948,12.0889,-0.3928,0.0103,-1.1287,0,1,0,0.72274,1
0.4899,5.2362,2.5162,13.1034,-2.6585,0.0085,-2.1617,0,1,0,1.74627,1
0.4343,4.5699,2.6142,11.5423,-2.5279,0.0468,-0.5216,0,1,0,0.18473,3
0.4065,4.2104,2.6508,12.2052,-3.1233,0.0051,-0.9751,0,1,1,0.76021,3
0.3508,3.7632,2.8009,11.6934,2.8995,0.0392,-0.5037,0,1,0,0.41373,1
0.4433,4.3480,2.5180,12.2354,-0.6034,0.0119,-1.1116,0,1,0,0.62198,1
0.4367,4.7598,2.6494,12.6846,-2.4142,0.0739,-1.6096,0,2,0,1.14105,1
0.4281,4.2298,2.5558,12.5535,-1.7072,0.0007,-1.3388,0,1,1,1.12106,1
0.4051,4.1662,2.6456,11.6819,-2.6924,0.0301,-0.5723,0,1,0,0.24961,3
0.3991,4.3801,2.7343,12.0344,2.6367,0.0290,-0.8470,0,1,0,0.70369,3
0.3896,3.9546,2.6602,12.4104,-2.2918,0.0558,-1.1705,0,1,0,1.07093,1
0.5195,4.7602,2.2983,11.8555,-1.6078,0.0118,-0.9255,0,1,0,0.31856,1
0.4582,5.0183,2.6105,11.8633,-2.6410,0.0494,-0.8556,0,1,0,0.62121,3
0.4356,4.3837,2.5615,12.5944,-3.0114,0.0010,-1.4038,0,2,0,1.07574,1
0.3655,3.8702,2.7568,13.1446,3.0734,0.0415,-1.6731,0,1,0,1.93002,1
0.3964,4.1874,2.6937,11.5314,1.9463,0.0330,-0.4434,0,1,0,0.15593,1
0.3882,3.9404,2.6626,11.6987,3.0734,0.1034,-0.6477,0,1,0,0.51966,1
0.3711,3.9696,2.7584,12.7633,-2.7546,0.1111,-1.4889,0,1,1,1.42625,1
0.5560,5.3045,2.2620,12.0435,0.6476,0.0696,-1.3006,0,1,0,0.37485,1
0.4260,4.6786,2.6802,12.3852,2.5518,0.0270,-1.2214,0,1,0,0.96555,3
0.4256,4.3321,2.5936,11.9170,2.6371,0.0202,-0.7953,0,1,0,0.55139,3
0.4011,4.4050,2.7307,11.8749,-2.2371,0.0129,-0.7006,0,1,0,0.37060,1
0.4179,4.2041,2.5956,11.6715,0.1178,0.0020,-0.5501,0,1,0,0.42098,1
0.4518,4.2441,2.4557,11.8151,1.6027,0.0458,-0.7911,0,1,0,0.32694,1
0.3794,4.1402,2.7662,11.9174,2.4359,0.0786,-0.7727,0,1,0,0.68341,3
0.4324,4.2087,2.5308,11.6336,2.6391,0.0072,-0.5477,0,1,0,0.39840,3
0.3889,4.2272,2.7426,11.8262,-2.8174,0.0495,-0.6833,0,1,0,0.39692,3
0.3708,4.0410,2.7815,11.7227,2.0497,0.0683,-0.5934,0,1,0,0.44716,1
0.3395,3.7185,2.8486,12.9495,-2.8002,0.1576,-1.5909,0,1,0,1.71196,1
0.3944,4.2654,2.7256,12.7586,2.7870,0.0360,-1.4558,0,1,0,1.48588,1
0.4453,4.7778,2.6137,12.0808,2.8830,0.0180,-0.9857,0,1,0,0.44838,3
0.4334,4.1606,2.5137,11.6174,-0.6520,0.0177,-0.5482,0,1,0,0.32517,1
0.4071,4.2558,2.6605,11.9740,2.2221,0.0405,-0.8300,0,1,0,0.49589,3
0.4827,4.6781,2.4279,12.5554,-2.1160,0.0028,-1.5344,0,1,1,1.12434,1
0.4884,4.6128,2.3901,11.6902,-0.8202,0.0027,-0.6875,0,1,0,0.33175,3
0.4261,4.2884,2.5798,11.9127,-2.1405,0.0436,-0.8231,0,1,0,0.54043,3
0.4756,4.9124,2.5094,11.9229,-2.3572,0.0678,-0.9741,0,0,2,0.53471,1
0.3997,4.3270,2.7167,11.7308,2.3520,0.0146,-0.5839,0,0,0,0.00000,1
0.5871,5.9652,2.2528,12.5637,0.6654,0.0186,-1.9535,0,1,0,1.04794,1
0.4895,4.7237,2.4099,12.5060,-1.8679,0.0171,-1.5297,0,1,0,0.71487,1
0.3911,4.2408,2.7355,11.6045,3.0208,0.0974,-0.5698,0,1,0,0.17072,3
0.5887,5.5632,2.1832,12.1494,-0.1963,0.0356,-1.4668,0,1,0,0.56668,1
0.3453,3.7390,2.8232,13.0670,2.6975,0.0325,-1.5010,0,2,1,1.63255,1
0.4171,4.2504,2.6114,12.0254,1.3549,0.0411,-0.8973,0,1,0,0.73914,1
0.4386,4.5020,2.5773,11.5429,2.9195,0.0132,-0.4879,0,1,0,0.28713,3
0.4352,4.7374,2.6513,12.1345,2.7779,0.0763,-1.0874,0,1,0,0.23715,3
0.3796,4.1805,2.7773,12.3558,2.9231,0.0594,-1.0992,0,1,1,0.99600,2
0.4935,5.0408,2.4605,11.9788,0.3069,0.0017,-0.9829,0,1,0,0.53123,3
0.3357,3.6798,2.8571,11.8518,-2.6744,0.1359,-0.7072,0,1,0,0.51794,3
0.3841,4.0555,2.7170,11.7391,-3.0480,0.0197,-0.5692,0,1,0,0.24259,3
0.4227,4.2958,2.5974,11.4216,-2.7827,0.0002,-0.3501,0,1,0,0.19730,1
0.4141,4.2809,2.6339,11.9589,2.9599,0.0109,-0.7941,0,1,0,0.39970,3
0.5062,5.3948,2.4787,11.7799,2.5472,0.0524,-0.8771,0,1,0,0.20818,1
0.4334,4.5023,2.6011,12.7158,0.8482,0.0005,-1.5098,0,1,2,1.75955,1
0.3906,4.1242,2.7045,12.0156,1.7330,0.0514,-0.8409,0,1,0,0.57803,1
0.4496,4.4195,2.5082,11.7354,2.6212,0.0066,-0.6654,0,1,0,0.21603,3
0.4807,4.8758,2.4793,11.7429,1.9011,0.0653,-0.8055,0,1,0,0.30221,3
0.3518,3.8237,2.8153,12.3487,-2.9807,0.1293,-1.1089,0,1,1,0.79051,1
0.3547,3.8954,2.8224,12.1824,2.7448,0.1260,-0.9829,0,1,0,0.92051,3
0.5304,5.4227,2.3835,12.4875,-1.4681,0.0025,-1.6321,0,1,0,0.95472,1
0.5371,5.1536,2.3068,11.5228,-0.9329,0.0203,-0.6232,0,1,0,0.21813,3
0.5389,5.1110,2.2922,12.3979,-0.6060,0.0423,-1.6176,0,1,0,1.17410,1
0.3852,4.2406,2.7655,11.8919,2.7781,0.1996,-0.9178,0,1,0,0.30796,1
0.4360,4.2061,2.5144,11.5933,0.9095,0.0004,-0.5104,0,1,0,0.37315,3
0.4993,5.2486,2.4787,12.1416,-2.4977,0.0412,-1.2187,0,1,0,0.57952,1
0.3814,3.9829,2.7094,12.2456,-2.4705,0.0634,-1.0204,0,2,0,0.61368,3
0.4299,4.6767,2.6611,12.9430,2.3332,0.0048,-1.7187,0,2,1,1.54464,1
0.3936,3.9700,2.6452,11.8613,-1.6479,0.0206,-0.6831,0,1,0,0.37114,1
0.3836,4.0971,2.7319,12.1732,2.4930,0.0427,-0.9395,0,1,0,0.34470,3
0.4413,4.2523,2.5029,12.0390,-2.2410,0.0343,-0.9573,0,1,1,0.55529,1
0.4170,4.4153,2.6560,12.2540,-2.6120,0.0768,-1.1464,0,1,1,0.77543,1
0.4771,4.3462,2.3756,12.3080,-1.7040,0.0207,-1.2905,0,1,0,1.08205,1
0.3952,4.3092,2.7342,12.8814,-2.5174,0.0322,-1.5604,0,1,2,1.00973,1
0.4332,4.5967,2.6256,11.7838,1.7887,0.0560,-0.7411,0,1,0,0.29847,3
0.3678,4.0523,2.8012,12.0615,-2.6539,0.0897,-0.8737,0,1,0,0.78427,2
0.4492,4.2568,2.4698,11.9385,0.0649,0.0140,-0.8564,0,1,0,0.25422,1
0.3960,4.1568,2.6871,11.6233,-2.1198,0.0579,-0.5447,0,1,0,0.23309,3
0.3556,3.7763,2.7791,11.6178,-3.1018,0.0631,-0.4861,0,1,0,0.29574,3
0.4287,4.4422,2.6076,11.8890,0.9197,0.0042,-0.7575,0,1,0,0.45422,1
0.4521,4.5140,2.5202,12.0145,1.5199,0.0255,-0.9496,0,1,0,0.47271,3
0.6252,5.8175,2.0899,11.7844,-0.0469,0.0033,-1.0632,0,1,0,0.33839,1
0.3787,4.1761,2.7806,12.5170,-2.6624,0.0686,-1.2425,0,1,0,1.08903,2
0.3445,3.7363,2.8263,12.2573,2.7489,0.1556,-1.0538,0,1,0,1.12129,1
0.4449,4.7823,2.6168,11.9162,-2.6380,0.0141,-0.8298,0,1,0,0.29323,3
0.3948,4.0002,2.6480,11.6706,1.4854,0.0268,-0.5422,0,1,0,0.20629,1
0.3451,3.7395,2.8241,12.3011,2.9359,0.1885,-1.1350,0,1,0,0.89765,1
0.5578,5.1417,2.2264,11.9808,-0.2145,0.0229,-1.1659,0,1,0,0.29043,1
0.3620,3.9144,2.7894,11.9929,-2.4974,0.0200,-0.7178,0,1,0,0.53855,1
0.4640,4.8474,2.5456,11.9984,-1.1891,0.0338,-0.9751,0,1,0,0.74028,1
0.3633,3.9605,2.7966,12.0125,-2.6832,0.0800,-0.8129,0,1,0,0.45436,3
0.4460,4.5184,2.5480,11.6467,-2.7113,0.0004,-0.5736,0,1,0,0.34220,3
0.4710,4.7933,2.5027,11.8798,1.2358,0.0063,-0.8414,0,1,0,0.42458,3
0.3698,3.8706,2.7345,12.7331,2.3681,0.0161,-1.3082,0,1,1,1.38655,1
0.4137,4.1477,2.5996,12.0070,1.7960,0.0175,-0.8418,0,1,0,0.56695,3
0.4221,4.3464,2.6136,12.4572,2.6433,0.0048,-1.2394,0,1,0,1.04117,1
0.4243,4.1125,2.5416,12.3573,1.9421,0.0009,-1.1499,0,1,0,0.51577,1
0.4835,5.0211,2.4989,12.3075,2.3514,0.0515,-1.3588,0,1,0,0.78611,1
0.4063,4.1855,2.6450,12.4298,3.0841,0.0248,-1.1942,0,1,1,0.81191,1
0.3693,3.8872,2.7422,12.7381,2.8733,0.0866,-1.4223,0,1,1,1.34279,1
0.4780,4.5088,2.4093,12.0420,1.5597,0.0263,-1.0386,0,1,0,0.33953,1
0.4806,4.8063,2.4649,11.8378,-2.1483,0.0196,-0.8383,0,1,0,0.23511,3
0.4288,4.1727,2.5374,11.9654,2.4509,0.0622,-0.8997,0,1,0,0.56521,1
0.4600,4.6527,2.5183,11.8275,-0.8619,0.0142,-0.7795,0,1,0,0.29026,1
0.3892,4.0011,2.6758,11.8251,2.3448,0.0609,-0.6968,0,1,0,0.50933,3
0.4210,4.4439,2.6440,12.0443,1.7471,0.0087,-0.8804,0,1,0,0.77578,1
0.3578,3.9059,2.8089,11.9695,-2.6985,0.2175,-0.9446,0,1,0,0.58228,1
0.3510,3.8688,2.8345,12.3163,-2.8756,0.0595,-0.9842,0,1,0,1.03082,2
0.3560,3.8714,2.8077,11.8831,-2.6504,0.0492,-0.6615,0,1,0,0.38801,3
0.4055,4.1655,2.6431,11.9584,2.1474,0.0161,-0.7814,0,1,0,0.47873,3
0.4128,4.3942,2.6705,11.7829,2.1059,0.0052,-0.6381,0,1,0,0.39309,1
0.3753,3.8707,2.7064,11.9505,-2.6360,0.0597,-0.7656,0,1,0,0.16628,3
0.3894,4.2709,2.7528,12.3781,2.6359,0.1093,-1.2183,0,1,0,1.03262,3
0.3905,4.2065,2.7289,11.8326,-2.5548,0.0257,-0.6615,0,1,0,0.31215,1
0.4571,4.9979,2.6108,11.8243,2.7684,0.1099,-0.8939,0,1,0,0.27632,1
0.4698,4.5497,2.4527,11.8050,1.6250,0.0399,-0.8104,0,1,0,0.51365,3
0.3362,3.6615,2.8476,13.2007,2.9205,0.0506,-1.5963,0,1,3,1.92414,1
0.4648,4.6461,2.4960,11.7434,-2.0518,0.0239,-0.7231,0,1,0,0.44658,3
0.3370,3.6669,2.8452,11.8348,3.1335,0.0726,-0.6194,0,1,0,0.23896,3
0.4408,4.6158,2.5955,12.7733,-3.1090,0.0086,-1.6064,0,1,0,1.65077,1
0.3647,3.8232,2.7461,12.1432,-3.1093,0.1068,-0.9535,0,1,0,0.61559,1
0.4536,4.9475,2.6152,11.7231,1.4736,0.0319,-0.6955,0,1,0,0.29002,1
0.4679,5.0668,2.5772,12.4453,2.5898,0.0623,-1.4658,0,1,0,1.03577,1
0.3749,4.0744,2.7705,12.8300,-2.8002,0.0214,-1.4163,0,1,0,1.65853,1
0.4557,4.3239,2.4585,11.7955,0.6921,0.0049,-0.7281,0,1,0,0.38202,3
0.4688,4.7485,2.5020,11.9469,-2.9942,0.0339,-0.9367,0,1,0,0.46998,1
0.4345,4.6836,2.6413,12.5807,-3.0655,0.0127,-1.4077,0,2,0,1.11469,1
0.4282,4.1516,2.5347,12.7879,1.6751,0.0188,-1.5851,0,1,1,1.63898,1
0.4094,4.3688,2.6799,12.0488,1.7307,0.0164,-0.8667,0,1,1,0.83423,1
0.3907,4.2826,2.7494,11.7663,2.6353,0.0169,-0.5990,0,1,0,0.48387,1
0.3613,3.8340,2.7674,12.5442,2.8130,0.0716,-1.2113,0,1,1,1.10139,1
0.4938,5.4469,2.5424,13.2131,-2.6537,0.0163,-2.3182,0,1,2,1.59566,0
0.4380,4.6648,2.6202,11.8421,-1.5394,0.0338,-0.7741,0,1,0,0.48259,1
0.3484,3.7570,2.8120,11.6717,-2.7573,0.0435,-0.4899,0,1,0,0.33760,1
0.3698,3.8625,2.7320,11.9193,2.6139,0.1265,-0.8155,0,1,0,0.43145,1
0.5607,5.5016,2.2784,11.7892,2.0336,0.0047,-0.9354,0,1,0,0.40219,1
0.4723,4.7236,2.4815,11.7794,-1.5445,0.0059,-0.7482,0,1,0,0.21558,3
0.4164,4.2112,2.6043,11.8841,-2.3776,0.0496,-0.7857,0,1,0,0.21548,3
0.3710,4.0446,2.7817,13.1135,-2.3770,0.0082,-1.6133,0,1,1,2.08579,1
0.4785,5.2745,2.5745,11.8885,-2.4315,0.0109,-0.8743,0,1,0,0.34163,2
0.4851,4.9717,2.4813,11.8883,0.7648,0.0133,-0.8896,0,1,0,0.31938,1
0.4072,4.1799,2.6394,12.7475,-2.9671,0.0368,-1.4965,0,1,1,1.16717,1
0.4412,4.2648,2.5063,11.8980,-0.1403,0.0068,-0.7935,0,1,0,0.25530,1
0.3413,3.7314,2.8431,11.7463,2.8613,0.0337,-0.5183,0,1,0,0.37532,1
0.4527,4.4409,2.4998,11.8516,0.8103,0.0342,-0.8121,0,1,0,0.35501,1
0.4784,5.1392,2.5463,12.1229,2.2212,0.0186,-1.1126,0,1,0,0.56222,3
0.4572,4.7781,2.5599,11.9590,-3.0071,0.0575,-0.9532,0,1,1,0.39282,1
0.3315,3.6502,2.8709,13.3900,-2.2473,0.0353,-1.6932,0,1,1,2.15556,0
0.3524,3.8440,2.8188,12.7394,-2.5837,0.1110,-1.3955,0,1,1,0.65415,1
0.4311,4.1939,2.5326,12.6218,2.3755,0.0358,-1.4684,0,1,1,1.21402,1
0.3700,4.0057,2.7748,12.1731,-3.0766,0.0728,-0.9444,0,1,0,0.95820,3
0.3755,3.8941,2.7123,12.4886,2.9174,0.0215,-1.1393,0,1,0,0.39200,1
0.5322,5.0211,2.3009,11.9293,1.3122,0.0182,-1.0420,0,1,0,0.42875,1
0.4774,4.5132,2.4127,12.3774,2.3906,0.0033,-1.3360,0,1,1,0.88020,1
0.3555,3.9203,2.8263,12.0783,-2.3701,0.0382,-0.7898,0,1,0,0.74885,0
0.4597,4.5726,2.5011,12.0666,0.4651,0.0038,-0.9871,0,1,0,0.43707,1
0.3643,3.9851,2.7993,11.8802,3.0239,0.0541,-0.6819,0,1,0,0.23000,3
0.4812,5.2957,2.5671,12.3673,-2.7229,0.0676,-1.4375,0,1,0,0.76378,1
0.4627,4.8658,2.5557,11.7423,-2.5879,0.0312,-0.7283,0,1,0,0.30923,3
0.4706,4.9757,2.5452,12.2942,2.5743,0.0010,-1.2339,0,1,0,0.53347,3
0.4852,4.4785,2.3734,12.0963,-0.6833,0.0042,-1.0784,0,1,0,0.48251,1
0.4045,4.4196,2.7177,12.0677,2.5077,0.0470,-0.9115,0,1,0,0.79872,3
0.4088,4.2924,2.6621,11.7898,1.8759,0.0112,-0.6437,0,1,0,0.24792,1
0.4875,4.7148,2.4160,11.7064,2.2134,0.0402,-0.7500,0,1,0,0.21589,1
0.4221,4.5541,2.6674,11.7905,-2.5032,0.0633,-0.7348,0,1,0,0.42263,3
0.5435,5.1642,2.2841,11.8937,1.5695,0.0431,-1.0638,0,1,0,0.36294,1
0.5644,5.2282,2.2170,11.9781,0.6542,0.0307,-1.1906,0,1,0,0.40500,1
0.5127,5.1243,2.3980,11.9811,1.2981,0.0199,-1.0552,0,1,0,0.41863,3
0.4867,5.0871,2.4989,12.0651,-1.9497,0.0002,-1.0511,0,1,0,0.64890,3
0.3766,3.9893,2.7356,12.9290,-1.8584,0.0126,-1.4911,1,1,1,1.27348,1
0.3469,3.7537,2.8189,11.8935,-2.6502,0.1061,-0.7224,0,1,0,0.31568,3
0.3672,3.8227,2.7329,12.3945,-3.0634,0.0568,-1.0894,0,1,1,0.96210,1
0.4548,4.7747,2.5701,12.1074,-1.9935,0.0575,-1.0878,0,1,0,0.25163,3
0.3391,3.6743,2.8360,11.6886,2.7825,0.0237,-0.4632,0,1,0,0.20031,1
0.4772,4.8718,2.4936,11.7707,-1.7434,0.0134,-0.7597,0,1,0,0.37867,3
0.3502,3.8618,2.8363,13.3233,-2.5046,0.0601,-1.7816,0,2,0,2.15418,0
0.3799,4.0949,2.7502,11.6703,-2.6629,0.0569,-0.5549,0,1,0,0.29288,3
0.5276,4.9308,2.3010,11.7616,0.9468,0.0036,-0.8342,0,0,0,0.00000,1
0.5563,5.5903,2.3108,12.6867,1.2801,0.0121,-1.9744,0,1,0,1.26382,1
0.4221,4.5058,2.6552,11.6121,-1.6964,0.0323,-0.5454,0,1,0,0.23750,1
0.5336,5.2359,2.3362,11.8866,2.5258,0.0007,-0.9773,0,2,0,0.48882,3
0.5001,5.2732,2.4802,12.7666,3.0873,0.0062,-1.8340,0,2,0,1.03203,1
0.3690,3.9644,2.7678,12.2076,-2.0516,0.0710,-0.9663,0,1,0,1.02197,1
0.3736,3.9269,2.7319,12.6558,-2.2510,0.0149,-1.2583,0,1,2,1.64971,1
0.3309,3.6389,2.8703,13.2910,3.1216,0.0134,-1.5730,0,1,1,2.03137,1
0.4433,4.2349,2.4899,11.8505,-2.8675,0.0249,-0.7789,0,1,0,0.35832,1
0.4172,4.0772,2.5645,12.6352,-2.5466,0.0284,-1.4183,0,1,1,1.13846,1
0.4501,4.7452,2.5840,12.2215,-2.4868,0.0291,-1.1442,0,1,0,0.77962,3
0.3805,3.8982,2.6884,12.7142,-1.9466,0.0351,-1.3631,0,1,0,1.45926,1
0.4942,5.3608,2.5232,12.1574,-2.7853,0.0239,-1.1981,0,1,0,0.67017,3
0.4246,4.4511,2.6293,11.9644,1.9212,0.0735,-0.9044,0,1,0,0.33737,3
0.3339,3.6489,2.8565,11.7279,2.6916,0.1117,-0.5876,0,1,0,0.22658,3
0.4856,4.8836,2.4605,11.6642,1.1707,0.0706,-0.7443,0,1,0,0.28919,1
0.3765,4.0293,2.7483,13.1408,-2.6585,0.0293,-1.6993,0,1,0,1.92721,1
0.4738,5.0640,2.5504,11.8050,0.8126,0.0018,-0.7721,0,1,0,0.20701,1
0.3794,4.0103,2.7279,13.1052,-2.2210,0.0284,-1.6804,0,1,1,0.69757,1
0.4422,4.5765,2.5794,12.8181,-2.8229,0.0164,-1.6680,0,1,1,1.29685,1
0.4703,5.1908,2.5938,11.9642,2.1498,0.0619,-0.9952,0,1,0,0.37273,2
0.4919,4.7290,2.4010,12.4039,-0.4891,0.0139,-1.4263,0,1,0,0.89041,1
0.4250,4.3249,2.5945,11.9560,-2.0008,0.0085,-0.8125,0,1,1,0.61240,3
0.3931,4.0660,2.6752,11.6430,2.5509,0.1070,-0.6154,0,1,0,0.26583,1
0.4165,4.4397,2.6644,12.1279,-1.7672,0.0029,-0.9335,0,1,0,0.32683,1
0.4172,4.0875,2.5671,11.9614,1.0562,0.0280,-0.8246,0,1,0,0.51179,1
0.5959,6.0247,2.2285,12.6228,-1.7206,0.0093,-2.0462,0,2,0,0.87370,1
0.4060,4.2703,2.6697,11.8388,-2.9459,0.0923,-0.7809,0,1,0,0.37730,1
0.5169,4.9662,2.3497,11.6250,1.0214,0.0005,-0.6709,0,1,0,0.16667,3
0.4265,4.5838,2.6540,12.4035,2.6899,0.0637,-1.2923,0,1,1,0.89939,3
0.4139,4.2008,2.6133,12.0049,2.0798,0.0068,-0.8265,0,1,0,0.70884,3
0.3721,4.0655,2.7820,12.1242,-2.9124,0.0984,-0.9454,0,1,0,0.70771,3
0.5059,5.2911,2.4594,11.8861,-1.5571,0.0142,-0.9352,0,1,0,0.33780,3
0.4721,4.7272,2.4832,12.4167,-0.8857,0.0196,-1.3853,0,1,1,0.79487,1
0.5312,4.8619,2.2741,11.9174,-0.5928,0.0770,-1.1069,0,1,0,0.38762,1
0.3713,3.8765,2.7283,11.9684,2.5406,0.1286,-0.8603,0,1,0,0.24494,1
0.4622,4.9872,2.5850,11.8856,-2.7423,0.0405,-0.8736,0,1,0,0.45727,3
0.3655,3.8500,2.7504,11.4626,-2.4478,0.0642,-0.3888,0,1,0,0.19067,3
0.4428,4.7014,2.6070,11.8670,-0.7418,0.0011,-0.7644,0,1,0,0.34689,1
0.4535,4.6565,2.5481,12.0470,-2.1151,0.0606,-1.0312,0,1,0,0.84730,3
0.3898,4.0858,2.6972,11.6147,-3.0392,0.0071,-0.4676,0,1,0,0.26578,1
0.3406,3.7246,2.8443,12.8501,-3.0312,0.0731,-1.3781,0,1,2,2.90046,1
0.4872,4.8076,2.4372,12.1730,-1.9327,0.0077,-1.1684,0,1,0,0.77770,1
0.4266,4.4269,2.6135,11.9177,-1.9193,0.0379,-0.8215,0,1,0,0.40610,3
0.5195,5.0495,2.3561,11.6074,1.2414,0.0062,-0.6649,0,1,0,0.22639,3
0.4129,4.5194,2.7029,12.4582,-2.1399,0.0222,-1.2376,0,1,0,1.09068,1
0.4378,4.6812,2.6252,12.9645,-1.5313,0.0216,-1.8016,0,2,1,1.14674,1
0.4912,4.8203,2.4234,11.7416,-0.8620,0.0509,-0.8056,0,1,0,0.26206,1
0.3761,3.9737,2.7335,11.6312,2.8980,0.0568,-0.5190,0,1,0,0.25582,3
0.5399,5.5059,2.3605,12.0716,-1.7313,0.0332,-1.2410,0,1,0,0.41757,3
0.4302,4.4789,2.6102,11.7241,2.4278,0.0196,-0.6380,0,1,0,0.47239,3
0.4543,4.9464,2.6117,12.8525,2.5508,0.0703,-1.8424,0,1,1,0.62515,1
0.4475,4.6607,2.5760,12.2998,-2.7892,0.0430,-1.2298,0,1,0,0.92172,1
0.5372,5.5099,2.3722,12.2541,-1.5762,0.0023,-1.3930,0,1,1,0.73625,1
0.4712,4.6781,2.4758,12.2176,-0.3909,0.0121,-1.1744,1,1,0,0.58607,1
0.5101,4.6505,2.3122,11.7867,-0.6198,0.0058,-0.8270,0,1,0,0.41689,1
0.3465,3.7472,2.8193,13.3036,-2.4397,0.0167,-1.6662,0,1,4,2.44133,1
0.4050,4.0311,2.6082,12.1344,1.2846,0.0134,-0.9220,0,1,1,0.76832,1
0.4955,4.6027,2.3592,12.3445,-0.5187,0.0356,-1.4081,0,0,0,0.00000,1
0.5676,5.7899,2.3003,12.1628,-1.3650,0.0335,-1.4228,1,1,0,0.40180,1
0.4737,5.1291,2.5648,12.4134,-2.3436,0.0010,-1.3627,0,1,0,1.07121,1
0.4626,4.4197,2.4526,11.7161,-3.0850,0.0076,-0.6720,0,1,0,0.27070,1
0.4353,4.7921,2.6641,11.8518,2.6648,0.0742,-0.8287,0,1,0,0.24480,2
0.4184,4.3584,2.6342,11.8118,2.5295,0.0156,-0.6854,0,1,0,0.53326,3
0.3779,4.1626,2.7807,12.7989,-3.0925,0.0255,-1.4091,0,1,1,1.49066,0
0.4956,5.1661,2.4776,12.5804,-2.2417,0.0112,-1.6240,0,1,1,1.10740,1
0.4198,4.2587,2.6013,11.7823,2.6493,0.0352,-0.6876,0,1,0,0.23271,3
0.4879,5.0057,2.4768,12.0284,1.6144,0.0007,-1.0175,0,1,0,0.56821,3
0.3496,3.7972,2.8187,12.7363,-2.5754,0.1121,-1.3845,0,1,1,1.37846,1
0.4651,4.8432,2.5399,11.6505,-3.0403,0.0702,-0.6956,0,1,0,0.41094,1
0.4434,4.5916,2.5776,11.6214,0.9313,0.0027,-0.5506,0,1,0,0.39079,1
0.4639,5.1060,2.6043,12.1489,-2.6739,0.0739,-1.1750,0,1,0,0.51846,1
0.4568,4.5688,2.5128,12.6392,-2.2632,0.0296,-1.5694,0,1,1,1.06035,1
0.4642,5.1140,2.6044,12.2141,2.4691,0.0772,-1.2446,0,1,0,0.71503,2
0.4528,4.6272,2.5440,11.8783,-1.1700,0.0434,-0.8495,0,1,0,0.48052,1
0.4742,4.7954,2.4895,12.0448,-2.7748,0.0021,-1.0008,0,1,0,0.73080,3
0.5346,5.3527,2.3537,12.0628,-0.4060,0.0186,-1.1962,0,1,0,0.60188,1
0.4472,4.4629,2.5294,12.0147,2.6135,0.0135,-0.9218,0,1,0,0.56214,3
0.3853,3.9411,2.6774,12.0383,-2.7735,0.0538,-0.8498,0,1,0,0.67706,3
0.3575,3.8395,2.7893,11.8831,2.6265,0.0509,-0.6666,0,1,0,0.59233,3
0.3613,3.8455,2.7708,11.7138,2.8997,0.1375,-0.6551,0,1,0,0.45713,1
0.3999,4.3502,2.7217,11.9699,2.8811,0.1024,-0.8907,0,1,0,0.15499,3
0.4143,4.2154,2.6154,11.8204,-1.8753,0.0426,-0.7185,0,1,1,0.40635,3
0.3815,3.9025,2.6848,12.1116,-3.0293,0.0641,-0.9133,0,1,0,0.84760,1
0.4392,4.7929,2.6459,12.0020,2.2277,0.0409,-0.9296,0,1,0,0.59827,3
0.3989,4.1362,2.6672,11.8857,2.6160,0.0414,-0.7402,0,1,0,0.59806,3
0.4649,4.6623,2.4994,11.8073,2.5564,0.0295,-0.7901,0,1,0,0.41094,1
0.5262,5.1424,2.3474,11.9115,1.9874,0.0201,-1.0131,0,1,0,0.47563,1
0.3294,3.6277,2.8751,12.7685,-2.6073,0.0234,-1.1947,0,1,0,1.47812,0
0.4625,4.5110,2.4745,12.0416,-1.9295,0.0484,-1.0311,0,1,0,0.69031,1
0.3333,3.6349,2.8553,11.8287,2.9161,0.2607,-0.8410,0,1,0,0.27048,1
0.4190,4.1321,2.5708,11.8117,-2.5701,0.0333,-0.7083,0,1,0,0.26325,3
0.4721,4.4764,2.4260,12.3652,0.4234,0.0110,-1.3191,0,1,0,0.90692,1
0.4154,4.2104,2.6090,11.9580,-2.2629,0.0834,-0.8911,0,1,0,0.20183,1
0.4254,4.5106,2.6407,11.7601,-2.1340,0.0053,-0.6425,0,1,0,0.20794,1
0.4262,4.4168,2.6127,12.3391,2.7337,0.0680,-1.2384,0,1,0,1.03178,1
0.5014,5.4295,2.5059,11.7996,1.7122,0.0206,-0.8473,0,1,0,0.14711,3
0.3809,3.9004,2.6871,11.7421,-1.9895,0.0179,-0.5633,0,1,0,0.16125,1
0.3924,4.0469,2.6736,12.0319,2.3217,0.0544,-0.8622,0,1,0,0.26920,3
0.4095,4.1383,2.6168,11.9723,2.5950,0.0971,-0.9083,0,1,0,0.40757,1
0.4107,4.2871,2.6516,12.1050,2.3357,0.0276,-0.9320,0,1,0,0.57664,3
0.3540,3.8768,2.8206,12.9983,-2.2834,0.0634,-1.5364,0,1,0,1.95746,1
0.3774,4.1370,2.7760,13.2198,3.1115,0.0180,-1.7512,0,1,1,2.00169,1
0.4541,4.9067,2.6038,11.8683,1.6501,0.0153,-0.8078,0,1,0,0.38769,1
0.3837,4.2170,2.7666,11.7643,-2.4230,0.0369,-0.6094,0,1,0,0.34632,1
0.4076,4.2432,2.6545,11.9014,-1.8937,0.0623,-0.7984,0,1,0,0.48809,3
0.4558,4.4890,2.4981,11.8671,1.3525,0.0026,-0.7914,1,1,0,0.52511,3
0.3850,4.2318,2.7640,11.5056,-2.8212,0.0952,-0.4813,0,1,0,0.18236,3
0.4122,4.0543,2.5811,11.8369,2.3435,0.0167,-0.6947,0,1,0,0.30013,3
0.4657,4.7037,2.5055,11.8115,-0.0359,0.0122,-0.7735,0,1,0,0.18828,1
0.3626,3.9468,2.7960,12.2427,-3.0624,0.0155,-0.9008,0,1,1,0.80174,1
0.4711,4.3305,2.3962,11.6569,0.1295,0.0106,-0.6352,0,1,0,0.19706,3
0.4572,4.4559,2.4840,11.9657,-2.7209,0.0341,-0.9273,0,1,0,0.29281,1
0.4004,4.1057,2.6512,12.5324,-2.4396,0.0427,-1.2906,0,1,1,0.89587,1
0.3943,4.1752,2.7008,12.1889,-3.0171,0.0036,-0.9270,0,1,0,0.88579,1
0.4553,4.8174,2.5775,11.6626,2.8960,0.0087,-0.6145,0,1,0,0.41881,3
0.4588,4.6793,2.5297,11.6850,-1.1224,0.0367,-0.6749,0,1,0,0.30416,1
0.4216,4.1757,2.5710,11.8369,3.1090,0.0273,-0.7269,0,1,0,0.28136,1
0.4531,4.2995,2.4635,12.1497,-1.4029,0.0414,-1.0998,0,1,0,0.68705,1
0.4384,4.7840,2.6474,13.1148,2.5564,0.0575,-2.0170,0,1,0,1.99729,1
0.4081,4.0877,2.6095,12.0219,-1.0309,0.0123,-0.8343,0,1,0,0.60722,1
0.3809,4.0562,2.7338,11.8653,-3.1357,0.0293,-0.6726,0,1,0,0.58653,3
0.4676,4.6775,2.4913,12.2636,-2.8077,0.0052,-1.1989,0,1,0,0.80298,1
0.3891,4.0848,2.7006,12.9052,-2.7088,0.0213,-1.5377,0,1,0,1.43307,1
0.3912,4.1127,2.6981,12.0895,-2.9057,0.0407,-0.8883,0,1,0,0.22038,3
0.3698,3.9091,2.7461,11.5561,2.8917,0.0280,-0.4200,0,1,0,0.25929,3
0.3316,3.6573,2.8725,12.7618,2.8841,0.1291,-1.3619,0,1,0,1.61814,0
0.3908,4.1288,2.7050,11.7308,2.4155,0.0765,-0.6442,0,1,0,0.32210,3
0.4330,4.5260,2.6091,12.1594,-1.4506,0.0436,-1.0595,0,1,0,0.70526,1
0.4803,5.1060,2.5308,11.8588,-3.0238,0.0339,-0.8781,0,1,0,0.48981,3
0.4019,4.0292,2.6225,12.6897,-2.3073,0.0061,-1.3750,0,2,0,1.18109,1
0.3947,4.0520,2.6634,11.7327,-2.9805,0.0897,-0.6691,0,1,0,0.45041,1
0.4219,4.4578,2.6436,12.3747,-0.9653,0.0003,-1.1596,0,1,0,1.04656,1
0.4817,5.1988,2.5446,11.8625,-0.5998,0.0004,-0.8419,0,1,0,0.37651,1
0.4215,4.4130,2.6340,11.7955,2.9955,0.0556,-0.7280,0,1,0,0.44052,3
0.3396,3.6701,2.8315,12.7475,-2.9521,0.0383,-1.2409,0,1,1,1.43233,1
0.3933,4.1423,2.6963,11.6688,2.8258,0.0916,-0.6175,0,1,0,0.24951,3
0.4313,4.3747,2.5783,12.9758,2.2063,0.0052,-1.7541,0,1,1,1.42284,1
0.4498,4.2607,2.4681,12.6996,1.7470,0.0032,-1.5574,0,1,2,0.91526,1
0.3712,3.9134,2.7403,11.7095,3.0009,0.1142,-0.6402,0,1,0,0.21976,1
0.3994,4.1787,2.6763,11.7537,2.0563,0.0197,-0.6077,0,1,0,0.23576,1
0.4406,4.5551,2.5814,12.2028,-1.8810,0.0020,-1.0618,0,1,0,0.87605,1
0.4996,5.1553,2.4583,11.9353,-2.2778,0.0364,-1.0001,0,1,0,0.37718,1
0.4161,4.2579,2.6182,11.4935,2.7083,0.0229,-0.4272,0,1,0,0.26471,3
0.4362,4.2452,2.5235,11.7473,-2.1304,0.0055,-0.6497,0,1,0,0.38560,3
0.4254,4.3382,2.5962,12.4254,2.6892,0.0493,-1.2874,0,1,1,0.99652,1
0.4718,5.1626,2.5806,11.8456,2.2027,0.0105,-0.8182,0,1,0,0.35798,3
0.5320,5.5185,2.3949,12.0555,2.7735,0.0260,-1.1930,0,1,0,0.37072,1
0.4485,4.9025,2.6284,12.3735,2.6249,0.0202,-1.2712,0,1,0,0.90932,3
0.4859,5.3595,2.5593,12.1054,-3.0538,0.0451,-1.1520,0,1,0,0.74246,2
0.3347,3.6625,2.8568,11.8777,-2.5435,0.0340,-0.5967,0,1,0,0.27510,1
0.5371,5.3951,2.3516,11.6801,0.0665,0.0374,-0.8125,0,1,0,0.47405,1
0.3976,4.1128,2.6667,12.2336,2.7094,0.0210,-0.9964,0,1,1,0.59008,3
0.4244,4.6418,2.6786,12.3982,2.7339,0.0306,-1.2332,0,1,1,0.95338,3
0.4391,4.6394,2.6089,11.6930,2.4938,0.0607,-0.6777,0,1,0,0.24382,3
0.4152,4.1648,2.5973,12.2291,2.3118,0.0018,-1.0138,0,1,0,0.91389,1
0.3841,3.9685,2.6913,12.0770,1.7886,0.0286,-0.8444,0,1,0,0.69511,1
0.4400,4.2688,2.5125,12.0148,2.2444,0.0324,-0.9298,0,1,0,0.35639,1
0.4475,4.4613,2.5277,11.9408,2.7480,0.0109,-0.8516,0,1,0,0.56632,3
0.3963,4.2108,2.7011,13.1566,3.0870,0.0608,-1.8641,0,1,0,1.96286,1
0.4249,4.1726,2.5549,11.9742,-0.9272,0.0275,-0.8524,0,1,0,0.55416,1
0.5073,5.2022,2.4356,11.9814,1.7015,0.0247,-1.0498,0,1,0,0.29520,3
0.5697,5.2534,2.2018,12.1378,1.2052,0.0290,-1.3878,0,0,0,0.00000,1
0.4247,4.6260,2.6735,12.3944,2.4642,0.0899,-1.3158,0,1,0,1.19059,3
0.4329,4.6365,2.6372,11.6932,1.7531,0.0241,-0.6221,0,1,0,0.26949,1
0.4602,4.6623,2.5196,12.3107,2.7117,0.0033,-1.2205,0,1,1,0.77859,1
0.5020,4.5817,2.3294,12.0493,-0.4810,0.0246,-1.1026,0,1,0,0.42525,1
0.3974,4.0309,2.6443,11.5940,-2.1297,0.0003,-0.4542,0,1,0,0.25787,1
0.4404,4.2553,2.5074,12.1194,1.4397,0.0123,-0.9978,0,1,0,0.56457,1
0.4932,5.1424,2.4827,11.8849,-3.1140,0.0110,-0.9017,0,1,0,0.54861,3
0.5315,5.0331,2.3058,12.1526,-0.0799,0.0021,-1.2597,0,1,0,0.65188,1
0.3541,3.8382,2.8075,11.7667,-2.4839,0.0285,-0.5482,0,1,0,0.44156,1
0.4793,4.9752,2.5072,11.9835,-2.1547,0.0015,-0.9540,0,1,0,0.56261,3
0.4865,4.5894,2.3926,11.8001,-1.4916,0.0111,-0.8010,0,1,0,0.58140,3
0.3993,4.0753,2.6477,12.2848,-2.1679,0.0082,-1.0257,0,1,1,0.78765,1
0.3630,3.9371,2.7907,12.2919,2.4148,0.0937,-1.0475,0,1,0,0.57802,3
0.4257,4.1951,2.5572,11.5090,-0.2535,0.0012,-0.4263,0,1,0,0.26946,1
0.4108,4.0459,2.5854,11.8005,-1.9644,0.0009,-0.6418,0,1,0,0.39443,3
0.4593,4.8683,2.5714,11.9187,-3.0684,0.0194,-0.8705,0,1,0,0.56628,3
0.4883,4.9268,2.4585,12.0775,2.6448,0.0110,-1.0808,0,1,0,0.48596,3
0.3873,4.2569,2.7595,11.6966,-2.9552,0.0864,-0.6232,0,1,0,0.26660,3
0.4309,4.6406,2.6476,12.4614,-2.8648,0.0263,-1.3052,0,2,0,0.79243,1
0.4454,4.8405,2.6283,12.2731,-2.3729,0.0212,-1.1685,0,2,0,0.80202,3
0.3985,4.0637,2.6486,11.8124,2.6234,0.1128,-0.7702,0,1,0,0.32255,1
0.5834,5.8076,2.2421,12.7991,2.7485,0.0018,-2.2058,0,1,1,1.41576,1
0.4126,4.5319,2.7079,13.2634,2.0774,0.0156,-1.9602,0,1,0,2.05749,1
0.4540,4.4070,2.4862,11.9974,-2.2809,0.0161,-0.9248,0,1,0,0.40429,1
0.3863,4.0809,2.7138,12.0221,2.7428,0.0565,-0.8427,0,1,0,0.32601,3
0.4464,4.4634,2.5328,12.0880,2.8051,0.0009,-0.9698,0,1,0,0.37581,1
0.3945,4.0052,2.6512,12.1861,2.5168,0.0169,-0.9426,0,1,1,0.79283,1
0.3364,3.6499,2.8429,11.9698,-3.0414,0.1725,-0.8401,0,1,0,0.58717,1
0.5095,5.1567,2.4175,12.6671,-1.4463,0.0057,-1.7592,0,1,2,0.87812,1
0.4982,5.3522,2.5044,11.9530,2.7629,0.0360,-1.0152,0,0,0,0.00000,3
0.4113,4.0755,2.5912,11.7043,2.9644,0.0016,-0.5651,0,1,0,0.15489,3
0.4885,4.8713,2.4457,12.1969,0.0223,0.0158,-1.2080,0,1,0,0.27342,1
0.3647,3.8933,2.7682,12.0416,-2.6095,0.0306,-0.7739,0,1,0,0.43112,1
0.4107,4.1433,2.6128,11.8959,-1.2929,0.0013,-0.7211,0,1,0,0.33182,1
0.4149,4.2689,2.6271,11.8905,-2.4338,0.0147,-0.7430,0,1,0,0.17400,3
0.3834,4.1539,2.7498,12.4279,2.4707,0.0800,-1.2002,0,0,2,0.71802,3
0.4273,4.3580,2.5923,11.9084,-1.9557,0.0725,-0.8598,0,1,0,0.30127,3
0.4251,4.2690,2.5797,12.0830,0.9241,0.0122,-0.9272,0,1,0,0.53866,1
0.6481,6.0591,2.0422,11.9389,-0.4536,0.1549,-1.5298,0,1,0,0.32377,1
0.3432,3.7891,2.8515,13.0715,-2.9648,0.0794,-1.5749,0,1,1,1.98091,0
0.3796,4.1745,2.7753,12.9642,-2.4770,0.1152,-1.7051,0,1,0,1.78620,1
0.4096,4.3554,2.6753,12.3524,-2.5884,0.1047,-1.2525,0,1,1,1.00334,1
0.4124,4.1096,2.5952,11.7559,-0.2996,0.0028,-0.6109,0,1,0,0.20600,1
0.3496,3.8321,2.8302,11.8076,-2.3755,0.0749,-0.6263,0,1,0,0.55969,1
0.4838,4.8903,2.4695,12.0494,0.7697,0.0116,-1.0424,0,1,0,0.26739,1
0.3921,4.0568,2.6775,12.4273,2.3199,0.0082,-1.1228,0,1,1,1.06707,1
0.4444,4.2354,2.4853,11.7539,-2.5851,0.0290,-0.7000,0,1,0,0.30133,1
0.4305,4.1922,2.5351,12.0611,3.0776,0.0028,-0.9078,0,1,0,0.24857,1
0.4760,4.7630,2.4747,12.0500,3.0506,0.0026,-1.0106,0,1,0,0.64717,3
0.3889,4.2801,2.7580,11.7725,2.8930,0.0842,-0.6836,0,1,0,0.24962,3
0.3718,3.8643,2.7220,12.0013,2.6616,0.0432,-0.7758,0,1,0,0.78432,3
0.4974,4.8403,2.4023,11.7118,-2.6931,0.0132,-0.7394,0,1,0,0.38010,1
0.4737,4.5029,2.4256,11.6535,2.0554,0.0122,-0.6393,0,1,0,0.20079,1
0.3650,3.9644,2.7890,11.6830,-2.1959,0.0269,-0.5042,0,1,0,0.26693,1
0.3393,3.7420,2.8578,13.0690,2.8571,0.1370,-1.6536,0,1,3,1.56207,0
0.3717,4.0885,2.7913,12.6180,-3.0233,0.1163,-1.3739,0,1,0,0.94740,1
0.4554,4.2898,2.4518,11.5273,2.1297,0.0002,-0.4809,0,1,0,0.19219,3
0.3765,3.9066,2.7111,12.1320,-1.7744,0.0113,-0.8457,0,1,1,0.69760,1
0.3983,4.0940,2.6580,11.9767,2.8639,0.0948,-0.8835,0,1,0,0.60252,1
0.3930,4.1172,2.6904,11.7050,-2.8181,0.0561,-0.6025,0,1,0,0.39382,3
0.5005,4.6796,2.3560,11.6176,1.0625,0.0067,-0.6426,0,1,0,0.23481,3
0.3811,4.1979,2.7746,12.4877,-2.6852,0.0285,-1.1678,0,1,3,0.93528,0
0.4184,4.2273,2.5995,11.8394,1.2087,0.0178,-0.7109,0,1,0,0.27239,1
0.3858,4.0427,2.7047,11.9911,-2.1223,0.0096,-0.7557,0,1,0,0.77946,1
0.3956,4.3480,2.7431,12.1175,-2.8253,0.0981,-0.9988,0,1,1,0.85072,3
0.3996,4.1872,2.6782,11.8991,2.1867,0.0029,-0.7034,0,1,0,0.57651,1
0.4071,4.0583,2.6058,11.8030,-2.0517,0.0079,-0.6460,0,1,0,0.18394,3
0.3512,3.7751,2.8029,12.0626,2.9057,0.1954,-0.9741,0,1,0,0.82583,1
0.4117,4.2977,2.6498,13.1358,-2.3911,0.0322,-1.8659,0,2,1,2.02044,1
0.5301,5.4999,2.3989,11.9397,-0.7400,0.0303,-1.0685,0,1,0,0.61193,1
0.4013,4.1570,2.6614,11.7343,-2.7720,0.0517,-0.6349,0,1,0,0.17851,3
0.4096,4.3345,2.6696,11.9231,-2.2108,0.0840,-0.8491,0,1,0,0.51116,3
0.4527,4.7590,2.5755,11.8464,1.2703,0.0063,-0.7728,0,1,0,0.50173,1
0.4785,4.9203,2.4986,12.1932,-2.4533,0.0631,-1.2441,0,1,0,0.67760,1
0.4410,4.5173,2.5701,11.7630,1.8102,0.0075,-0.6762,0,1,0,0.50300,3
0.3897,4.1331,2.7115,12.5202,-2.6198,0.0526,-1.2591,0,1,0,0.87992,1
0.4921,4.9504,2.4472,11.7503,0.5237,0.0010,-0.7527,0,1,0,0.43793,3
0.4660,4.4936,2.4556,12.1036,0.7147,0.0007,-1.0328,0,1,0,0.71913,1
0.4846,4.7770,2.4416,12.0410,0.7363,0.0232,-1.0511,0,1,0,0.59138,1
0.5246,5.4563,2.4133,11.8763,0.4695,0.0180,-0.9717,0,1,0,0.32201,1
0.4616,4.7997,2.5455,11.6780,-0.4037,0.0038,-0.6327,0,1,0,0.27503,1
0.4066,4.3801,2.6969,11.6249,2.9829,0.0987,-0.6118,0,1,0,0.33062,3
0.5500,5.4431,2.3094,11.9706,-1.6054,0.0075,-1.1176,0,1,0,0.53602,3
0.3449,3.7564,2.8309,13.0543,2.8309,0.0328,-1.4900,0,1,1,1.84615,1
0.3685,3.8553,2.7365,11.8697,-2.4757,0.1135,-0.7575,0,1,0,0.43700,3
0.3740,4.0553,2.7690,12.1618,-3.0450,0.1237,-1.0144,0,1,0,0.78840,1
0.4181,4.5547,2.6869,12.0176,3.0244,0.0315,-0.8810,0,1,0,0.21969,3
0.4095,4.2698,2.6529,12.1937,2.2144,0.0189,-0.9925,0,1,0,0.89819,3
0.4129,4.4121,2.6748,11.8444,2.6249,0.0191,-0.7067,0,1,0,0.56520,3
0.3923,4.0149,2.6645,11.9979,2.5911,0.0137,-0.7807,0,1,0,0.48884,3
0.5017,4.7330,2.3627,11.8654,1.0370,0.0151,-0.9026,0,1,0,0.21207,1
0.5437,5.5605,2.3553,11.8606,-1.6279,0.0362,-1.0208,0,1,0,0.25274,3
0.4464,4.3825,2.5132,11.8848,2.5271,0.0390,-0.8352,0,1,0,0.51928,1
0.4464,4.4129,2.5207,12.1232,1.4513,0.0408,-1.0570,0,1,1,0.53375,1
0.3811,4.1279,2.7541,11.7995,-3.1406,0.0441,-0.6406,0,1,0,0.42143,3
0.4745,4.9909,2.5315,11.8471,-1.5116,0.0579,-0.8851,1,1,0,0.39401,3
0.4745,5.0742,2.5496,11.9399,2.7727,0.0356,-0.9463,0,1,0,0.56520,3
0.5198,5.5844,2.4577,11.8291,-1.2451,0.0191,-0.9139,0,1,0,0.49719,1
0.3554,3.8697,2.8105,11.5613,-2.9799,0.0506,-0.4308,0,1,0,0.16885,3
0.4487,4.2294,2.4651,11.8456,0.8292,0.0632,-0.8357,0,1,0,0.20028,1
0.3698,4.0395,2.7864,12.1241,2.8609,0.0946,-0.9344,0,1,0,0.27821,3
0.3634,3.9588,2.7954,13.0652,-2.9709,0.0344,-1.5842,0,1,1,2.03542,1
0.4625,4.5089,2.4742,12.0449,-1.3409,0.0166,-0.9904,0,1,0,0.73544,1
0.3697,4.0341,2.7851,11.8154,-2.7061,0.1094,-0.7125,0,1,0,0.20708,3
0.4504,4.7038,2.5732,12.9477,2.2607,0.0208,-1.8381,0,1,1,1.22545,1
0.4400,4.6323,2.6029,11.8440,1.7152,0.0306,-0.7757,0,1,0,0.43703,1
0.4275,4.4360,2.6118,12.3883,2.3130,0.0676,-1.2871,0,1,0,1.03505,1
0.4047,4.1814,2.6517,12.4729,-1.1024,0.0005,-1.1901,0,1,1,1.05494,1
0.3775,4.1465,2.7782,12.3121,-2.2151,0.0252,-1.0100,0,1,1,1.08679,1
0.5891,5.8202,2.2224,11.7914,0.1472,0.0349,-1.0388,0,1,0,0.21777,3
0.3811,4.0900,2.7426,12.9858,-2.5905,0.0410,-1.6067,0,1,1,1.01053,1
0.3966,4.0335,2.6490,11.7979,1.4810,0.0186,-0.6359,0,1,0,0.32534,1
0.4782,5.2556,2.5719,12.2529,-3.0631,0.0337,-1.2633,0,2,0,0.84158,3
0.4578,4.6121,2.5183,11.9187,-0.0520,0.0083,-0.8514,0,1,0,0.29809,1
0.4939,4.9124,2.4319,11.7268,1.7985,0.0149,-0.7503,0,1,0,0.35313,3
0.4711,4.7777,2.4988,11.9838,2.2323,0.0549,-1.0058,0,1,1,0.65548,1
0.4270,4.4308,2.6128,11.9235,-2.9981,0.0283,-0.8148,0,1,0,0.38381,3
0.3775,3.9774,2.7272,12.9669,2.9376,0.0161,-1.5327,0,1,2,1.79968,1
0.3615,3.8797,2.7808,12.6068,2.6551,0.0146,-1.1760,0,1,0,1.31064,1
0.3620,3.9612,2.8037,12.4830,2.8915,0.0197,-1.0892,0,1,0,0.97748,1
0.3653,3.9236,2.7746,12.7830,-2.7952,0.1031,-1.4699,0,1,1,1.06531,1
0.5040,4.6825,2.3429,11.8063,-1.3090,0.0053,-0.8344,0,1,0,0.47404,1
0.4032,4.0391,2.6189,11.8718,3.0977,0.0259,-0.7175,0,1,0,0.56540,3
0.5137,5.2336,2.4155,12.1699,1.8457,0.0204,-1.2584,0,1,0,0.35976,1
0.4260,4.2713,2.5761,12.0227,-1.7091,0.0074,-0.8705,0,1,0,0.48096,3
0.4500,4.2523,2.4651,12.2078,1.0023,0.0027,-1.0904,0,1,0,0.75362,1
0.3917,3.9777,2.6565,12.7987,-2.8657,0.0134,-1.4427,1,2,1,2.35139,1
0.3768,3.9067,2.7095,11.6519,2.7359,0.0838,-0.5684,0,1,0,0.19516,3
0.3726,3.9937,2.7580,12.2404,2.6078,0.0519,-0.9759,0,1,1,0.67097,3
0.4018,4.0214,2.6207,12.9585,-1.3030,0.0177,-1.6315,0,1,2,1.60758,1
0.3875,3.9659,2.6736,11.9468,2.6776,0.0232,-0.7418,0,1,1,0.55804,3
0.5865,5.6437,2.2043,11.8064,-1.6678,0.0225,-1.0332,0,1,0,0.46313,1
0.6027,5.7768,2.1654,12.1582,-1.2467,0.0082,-1.4784,0,2,0,0.77792,1
0.3634,3.8402,2.7582,11.8626,1.8656,0.0381,-0.6469,0,1,1,0.30649,1
0.4360,4.5224,2.5942,12.1502,2.3891,0.1118,-1.1533,0,1,0,0.50148,1
0.4957,4.5617,2.3497,12.1238,0.5026,0.0030,-1.1319,0,1,0,0.79376,1
0.5325,4.9688,2.2898,11.7021,-3.0297,0.0010,-0.7778,0,1,0,0.25182,1
0.3836,3.9231,2.6803,11.9847,-2.1146,0.0175,-0.7556,0,1,0,0.30707,1
0.5385,5.1845,2.3074,12.1962,1.7303,0.0328,-1.3734,1,1,0,0.69702,1
0.4202,4.2089,2.5862,11.8005,-2.6131,0.0389,-0.7084,0,1,0,0.48463,3
0.3675,4.0436,2.7998,11.7670,2.4565,0.0432,-0.5902,0,1,0,0.24567,1
0.4680,4.3244,2.4074,11.6314,-2.0104,0.0027,-0.5967,0,1,0,0.34035,3
0.4701,4.8605,2.5219,12.5964,1.9644,0.0337,-1.5826,0,1,1,1.07034,1
0.5135,5.5198,2.4717,12.0012,-0.8111,0.0115,-1.0696,0,1,0,0.26138,1
0.3327,3.6342,2.8582,12.1734,-2.6632,0.0924,-0.8742,0,2,0,0.67992,3
0.5137,4.7423,2.3172,12.1804,-1.7739,0.0165,-1.2597,0,1,0,0.41264,1
0.4010,4.2132,2.6785,12.7665,2.3021,0.0128,-1.4507,0,1,0,1.63918,1
0.4034,4.1561,2.6510,11.7338,1.9499,0.0334,-0.6154,0,1,0,0.27324,3
0.3862,4.0305,2.6991,12.8395,2.4638,0.0231,-1.4722,0,1,0,1.74845,1
0.4562,4.3611,2.4656,12.3275,1.8269,0.0300,-1.2619,0,1,0,0.75108,1
0.3680,3.9414,2.7657,12.6764,2.2577,0.0432,-1.2981,0,2,1,1.28121,1
0.4494,4.8401,2.6098,12.5204,-2.6225,0.0939,-1.5252,0,1,0,1.28960,1
0.4330,4.2467,2.5382,11.8312,1.3994,0.0348,-0.7543,0,1,0,0.20255,3
0.4900,5.2474,2.5184,11.8664,-1.4311,0.0303,-0.9020,0,1,0,0.38699,1
0.3729,3.8616,2.7154,11.7695,2.6600,0.0187,-0.5712,0,1,0,0.30765,3
0.3969,4.0606,2.6552,11.9230,-1.8537,0.0016,-0.7149,0,1,0,0.48859,1
0.4876,5.0810,2.4941,12.6773,2.7891,0.0156,-1.7036,0,1,1,1.34028,1
0.3888,4.0024,2.6783,11.7652,1.5902,0.0328,-0.6136,0,1,0,0.42374,1
0.4339,4.3674,2.5650,12.2247,0.8218,0.0048,-1.0659,0,1,0,0.99886,1
0.3583,3.9222,2.8114,11.7195,3.0693,0.1029,-0.6119,0,1,0,0.35208,3
0.5017,4.8357,2.3838,12.0587,-0.9399,0.0358,-1.1292,0,1,0,0.67424,1
0.4838,4.3840,2.3577,11.8490,0.1661,0.0577,-0.9041,0,1,0,0.35677,1
0.4349,4.3714,2.5615,11.9062,1.3245,0.0333,-0.8227,0,1,0,0.68399,1
0.5466,5.6464,2.3587,11.9820,-3.0737,0.0177,-1.1379,0,1,0,0.36666,1
0.4884,4.4713,2.3590,11.8446,-0.5332,0.0471,-0.8954,0,1,0,0.21513,1
0.4758,4.9880,2.5250,12.0548,-0.9091,0.0036,-1.0180,0,1,0,0.53914,1
0.4890,4.6997,2.4067,12.6159,-1.4074,0.0111,-1.6331,0,1,1,1.14744,1
0.4548,4.6147,2.5322,11.9968,1.6576,0.0368,-0.9551,0,1,0,0.54799,3
0.5371,4.9087,2.2609,11.9664,0.5777,0.0686,-1.1630,0,1,0,0.34891,1
0.4518,4.7889,2.5865,11.7699,-2.2171,0.0035,-0.6984,0,1,0,0.32666,1
0.4453,4.8268,2.6256,11.9753,2.8896,0.0013,-0.8676,0,1,0,0.30386,1
0.3960,4.1271,2.6786,11.9161,1.8868,0.0111,-0.7201,0,1,0,0.27539,1
0.4350,4.1997,2.5172,11.7524,1.4148,0.0019,-0.6471,0,1,0,0.29827,3
0.4196,4.1712,2.5790,12.5380,1.5798,0.0257,-1.3345,0,1,0,1.07054,1
0.4026,4.0914,2.6364,12.1461,-2.8729,0.0223,-0.9384,0,1,0,0.65032,3
0.4517,4.2746,2.4634,11.8843,1.7566,0.0195,-0.8197,0,1,0,0.39773,1
0.3792,4.0605,2.7439,11.7137,2.9352,0.1420,-0.6909,0,0,0,0.00000,1
0.5011,4.8553,2.3905,11.9697,-0.7555,0.0192,-1.0135,0,1,0,0.54394,1
0.4446,4.5406,2.5598,12.5686,-2.9111,0.0079,-1.4231,0,1,1,1.18390,1
0.4753,4.9267,2.5139,11.6789,-1.0247,0.0223,-0.6805,0,1,0,0.38368,1
0.4763,4.9212,2.5083,12.2047,1.8122,0.0263,-1.1974,0,1,0,0.21727,3
0.4688,4.6625,2.4826,12.4843,-2.1607,0.0260,-1.4518,0,1,1,0.99315,1
0.4666,4.8809,2.5416,12.1797,2.6431,0.0510,-1.1806,0,1,0,0.74841,1
0.4479,4.9071,2.6322,11.7641,2.8083,0.0991,-0.8058,0,1,0,0.37080,1
0.4605,5.0274,2.6019,11.8246,-2.9322,0.0440,-0.8175,0,1,0,0.22966,3
0.3930,4.1207,2.6914,11.8980,-2.6924,0.1257,-0.8464,0,1,0,0.25606,1
0.5027,4.9424,2.4022,12.0024,1.3266,0.0398,-1.0794,0,1,0,0.24063,1
0.4081,4.4033,2.6956,11.7868,-2.6440,0.1681,-0.8359,0,1,0,0.32248,1
0.5425,5.7421,2.3921,12.7324,-2.0772,0.0258,-1.9997,0,1,2,0.96204,1
0.3512,3.7917,2.8081,11.6899,2.5687,0.2291,-0.7312,0,1,0,0.29470,1
0.4638,4.5125,2.4691,12.3519,1.4154,0.0346,-1.3166,1,1,0,0.55414,1
0.4913,4.6540,2.3873,11.6876,-0.3739,0.0089,-0.6982,0,1,0,0.36324,3
0.4841,4.7730,2.4429,11.7952,1.0153,0.0521,-0.8459,0,1,0,0.44001,1
0.4524,4.4929,2.5136,11.7322,0.1810,0.0089,-0.6708,0,1,0,0.39975,1
0.4095,4.3821,2.6833,11.9740,2.8140,0.0109,-0.7971,0,1,0,0.71408,1
0.4735,5.1126,2.5623,12.3412,-1.7613,0.0267,-1.3271,0,1,1,0.85846,3
0.4344,4.5208,2.6014,11.8691,-1.4627,0.0019,-0.7491,0,1,0,0.36572,1
0.5281,5.5232,2.4117,11.9885,2.6844,0.0269,-1.1118,0,1,0,0.62390,1
0.5003,4.9289,2.4092,11.9024,-1.1054,0.0620,-1.0010,0,1,0,0.36551,3
0.3883,4.2342,2.7476,11.8733,2.7798,0.1607,-0.8599,0,1,0,0.46332,1
0.5564,5.6054,2.3128,12.0222,-2.1906,0.0037,-1.1872,0,1,0,0.33417,1
0.4530,4.9326,2.6149,12.4579,-1.5643,0.0257,-1.3744,0,1,0,1.17721,1
0.4402,4.6667,2.6105,11.4923,-0.2595,0.0003,-0.4319,0,1,0,0.20747,1
0.4605,4.4131,2.4598,12.1695,0.6185,0.0115,-1.0960,0,1,0,0.69634,1
0.4192,4.2768,2.6086,12.0155,1.8803,0.0166,-0.8612,0,1,0,0.59638,3
0.3761,3.9350,2.7216,11.7355,2.1528,0.0390,-0.5763,0,0,0,0.00000,1
0.4859,4.4559,2.3654,11.9587,2.2804,0.0088,-0.9506,0,1,0,0.40502,1
0.3761,3.9410,2.7234,12.7632,2.3970,0.0200,-1.3633,0,1,1,0.66849,1
0.4781,4.4470,2.3947,11.9009,-1.3721,0.0051,-0.8724,0,1,0,0.52713,1
0.4951,5.0927,2.4644,11.8267,-1.6916,0.0306,-0.8728,0,1,0,0.23089,3
0.4096,4.0645,2.5959,12.7175,2.6277,0.0258,-1.4607,0,1,1,1.25459,1
0.4466,4.6337,2.5733,11.8529,2.3814,0.0594,-0.8340,0,1,0,0.16381,3
0.4837,4.4121,2.3643,11.8400,-1.5379,0.0163,-0.8399,0,1,0,0.24607,1
0.3344,3.6539,2.8551,11.9909,2.7724,0.0318,-0.6710,0,1,1,0.40488,1
0.3903,4.0611,2.6878,12.1055,-2.4595,0.0475,-0.9080,0,1,0,0.52093,3
0.3682,3.8837,2.7466,12.2929,-3.0502,0.0228,-0.9646,0,1,1,0.73796,3
0.4734,4.5158,2.4297,11.9552,0.9025,0.0029,-0.9119,0,1,0,0.28461,1
0.3536,3.8657,2.8193,12.2726,-2.7561,0.0463,-0.9405,0,2,0,0.76513,3
0.4203,4.5033,2.6632,12.5474,-2.1598,0.0205,-1.3389,0,1,1,1.11017,1
0.3639,3.8901,2.7713,13.1704,-3.0554,0.0820,-1.7607,0,1,1,1.42443,1
0.4762,5.1740,2.5633,13.3145,-2.8735,0.0363,-2.3787,0,3,2,2.93030,1
0.3759,3.9972,2.7419,12.4903,-3.1109,0.0917,-1.2456,0,1,0,1.18314,1
0.4135,4.3737,2.6614,12.6404,2.5623,0.0538,-1.4503,0,1,0,0.49588,1
0.4271,4.5657,2.6467,12.1311,2.2999,0.0163,-0.9818,0,1,0,0.86698,3
0.4098,4.4526,2.7004,12.9403,2.8137,0.0295,-1.6708,0,1,0,1.67823,1
0.4400,4.4721,2.5638,12.0233,2.5180,0.0466,-0.9574,0,1,0,0.50943,1
0.3425,3.7735,2.8501,13.3608,3.1351,0.0505,-1.7554,0,1,1,2.18699,0
0.4204,4.2603,2.5990,12.8847,-2.9314,0.0206,-1.6481,0,1,0,1.89125,1
0.4163,4.3928,2.6532,11.7649,-2.7392,0.0674,-0.7071,0,1,0,0.46900,3
0.4994,4.6413,2.3521,11.8695,1.6221,0.0275,-0.9179,0,1,0,0.42412,1
0.4728,5.1160,2.5663,12.3225,2.8004,0.0816,-1.3850,0,1,1,0.58694,1
0.4110,4.0827,2.5945,11.6102,-1.9983,0.0072,-0.4953,0,1,0,0.32319,3
0.4024,4.1466,2.6530,11.8479,1.4425,0.0594,-0.7394,0,1,0,0.28466,1
0.3691,3.8354,2.7270,11.8690,2.4207,0.0275,-0.6495,0,1,0,0.52254,3
0.4659,4.3230,2.4159,12.1112,0.5594,0.0263,-1.0747,0,0,0,0.00000,1
0.4761,5.1415,2.5569,12.1717,0.1343,0.0001,-1.1293,0,1,0,0.73072,1
0.5296,5.4199,2.3861,11.8557,1.1213,0.0469,-0.9984,0,1,0,0.37159,3
0.5065,4.6619,2.3288,12.2558,-1.1082,0.0183,-1.3212,0,2,0,0.65484,1
0.4602,4.8909,2.5722,12.8716,-2.0145,0.0098,-1.7857,0,2,0,1.04937,1
0.4043,4.3996,2.7134,12.3698,-2.6311,0.0907,-1.2310,0,1,0,1.11919,3
0.3743,4.0355,2.7614,11.8588,-2.7944,0.0590,-0.6919,0,1,0,0.49661,3
0.3985,4.0425,2.6422,12.2840,-2.1185,0.0110,-1.0265,0,1,0,0.91322,1
0.4984,5.1035,2.4530,12.2997,2.5983,0.0178,-1.3467,0,1,0,0.50817,1
0.5195,4.8430,2.3150,12.0257,-1.9324,0.0095,-1.1016,0,1,0,0.78993,1
0.4453,4.6308,2.5785,12.5273,1.8290,0.0203,-1.4058,0,2,0,1.10127,1
0.5029,4.8243,2.3770,12.6981,-1.4112,0.0224,-1.7928,0,2,1,1.14972,1
0.4080,4.3455,2.6807,11.7659,2.8800,0.0527,-0.6742,0,1,0,0.21969,3
0.3642,3.9109,2.7762,11.6925,2.6336,0.0788,-0.5726,0,1,0,0.25783,3
0.4085,4.4096,2.6954,11.5703,2.7773,0.0852,-0.5536,0,1,0,0.25217,3
0.3806,3.9173,2.6937,11.7864,2.3576,0.0568,-0.6452,0,1,0,0.32355,3
0.4941,5.0546,2.4610,12.1852,1.4811,0.0206,-1.2195,0,1,0,0.18788,1
0.4526,4.9279,2.6153,12.3387,-2.2180,0.0327,-1.2687,0,1,1,0.94741,3
0.5417,5.4249,2.3388,11.9539,-0.8698,0.0212,-1.0980,0,1,0,0.46613,3
0.4182,4.3469,2.6320,12.5920,2.4191,0.0351,-1.3940,0,1,2,1.55244,1
0.4831,5.3080,2.5614,12.1253,-2.3036,0.0239,-1.1355,0,1,0,0.71060,3
0.4728,5.1894,2.5821,12.2914,-2.2792,0.0676,-1.3335,0,1,0,0.78787,3
0.5123,4.9529,2.3656,11.8657,0.7329,0.0206,-0.9341,0,1,0,0.36339,3
0.4333,4.6804,2.6458,12.3220,2.0475,0.0515,-1.2208,0,1,0,0.93777,3
0.5514,5.2371,2.2676,12.1656,-0.5011,0.0086,-1.3397,0,1,0,0.66422,1
0.5156,4.6603,2.2931,12.0884,0.8779,0.0263,-1.1807,0,1,0,0.55595,1
0.3578,3.9451,2.8214,12.0336,-2.9759,0.0272,-0.7480,0,1,0,0.82991,0
0.4796,4.4516,2.3897,11.7013,-0.3205,0.0520,-0.7449,0,1,0,0.44239,1
0.3943,4.0348,2.6607,11.7801,2.9160,0.0911,-0.7083,0,1,0,0.19722,1
0.4630,4.8125,2.5419,11.9891,-2.1416,0.0160,-0.9402,0,1,0,0.64732,3
0.4725,4.8628,2.5117,12.1093,-0.7480,0.0138,-1.0758,0,1,0,0.35331,1
0.4361,4.1626,2.5025,11.6022,-1.2781,0.0249,-0.5482,0,1,0,0.24988,2
0.5047,4.5757,2.3173,12.1333,1.8549,0.0003,-1.1611,0,1,0,0.43709,1
0.4040,4.2462,2.6728,12.2603,-2.0006,0.0174,-1.0320,0,1,1,0.83294,1
0.4668,4.5642,2.4685,12.4873,2.4854,0.0074,-1.4184,0,0,1,0.56631,1
0.4452,4.7494,2.6076,11.5022,-2.4288,0.0035,-0.4512,0,1,0,0.25704,1
0.3727,4.0112,2.7624,11.8459,-2.1689,0.0313,-0.6443,0,1,0,0.39244,1
0.4495,4.9273,2.6296,11.9334,-1.6684,0.0290,-0.8754,0,1,0,0.24481,1
0.4668,4.9178,2.5491,11.9461,1.3470,0.0004,-0.8880,0,1,0,0.56786,1
0.4474,4.4111,2.5158,11.9630,-0.2474,0.0071,-0.8664,0,1,0,0.51433,1
0.3787,4.0358,2.7388,11.8812,1.8933,0.0223,-0.6717,0,1,0,0.47798,1
0.4096,4.5044,2.7152,11.8604,-2.3690,0.0057,-0.6970,0,1,0,0.32429,1
0.4756,5.0115,2.5311,11.8424,2.1604,0.0376,-0.8568,0,1,0,0.27608,3
0.4932,5.3905,2.5337,12.1388,-1.4120,0.0404,-1.1990,0,1,0,0.20072,1
0.3628,4.0001,2.8116,11.8765,-2.8672,0.0544,-0.6767,0,1,0,0.58219,2
0.4069,4.2286,2.6540,11.5437,-2.7740,0.0379,-0.4732,0,1,0,0.33240,3
0.5361,5.4749,2.3704,12.6256,-1.0459,0.0372,-1.8658,0,1,1,1.09566,1
0.3836,3.9523,2.6889,11.7856,2.5251,0.0669,-0.6628,0,1,1,0.51816,3
0.5009,5.0594,2.4333,11.8089,-0.6268,0.0322,-0.8687,0,1,0,0.28322,1
0.5208,5.5226,2.4417,11.9066,3.0273,0.0044,-0.9778,0,1,0,0.30926,3
0.4500,4.6699,2.5667,12.0923,1.3120,0.0237,-1.0151,0,1,0,0.21508,1
0.4495,4.7766,2.5941,12.0042,-2.9621,0.0127,-0.9184,0,1,0,0.83259,3
0.4244,4.3962,2.6160,11.9688,2.5923,0.0062,-0.8193,0,1,0,0.36803,3
0.3995,4.0141,2.6295,12.0740,-0.1688,0.0015,-0.8424,0,1,0,0.78165,1
0.3650,3.9327,2.7788,11.9208,-2.8921,0.0518,-0.7110,0,1,0,0.50804,3
0.4389,4.6087,2.6022,13.1019,-2.5578,0.0251,-1.9482,0,1,1,1.33451,1
0.4922,5.2916,2.5177,11.9024,2.5100,0.0445,-0.9615,0,1,0,0.39613,3
0.4892,5.3554,2.5440,12.4568,-2.9557,0.0158,-1.4808,0,1,0,0.57792,3
0.4823,4.6146,2.4154,12.0085,-0.2313,0.0128,-0.9980,0,1,0,0.16265,1
0.4508,4.4404,2.5078,12.2801,-2.5430,0.0364,-1.2106,0,1,0,0.85110,1
0.4114,4.2283,2.6326,13.0332,1.5563,0.0131,-1.7340,0,1,1,1.99044,1
0.4432,4.3765,2.5258,12.3116,-2.8237,0.0368,-1.2182,0,1,0,0.94744,1
0.4228,4.2482,2.5847,11.8648,-2.4494,0.0592,-0.7946,0,1,0,0.52946,1
0.4231,4.1656,2.5613,12.0528,2.8144,0.0464,-0.9423,0,1,0,0.59140,1
0.4051,4.4442,2.7216,11.7575,1.8875,0.0345,-0.6398,0,1,0,0.40842,1
0.3792,4.1455,2.7688,11.7852,2.8624,0.0518,-0.6357,0,1,0,0.33647,3
0.4510,4.4368,2.5063,12.1871,2.9561,0.0014,-1.0733,0,1,0,0.70487,1
0.3590,3.8115,2.7723,12.1140,2.2781,0.0491,-0.8392,0,1,1,0.87070,3
0.3848,4.0775,2.7204,11.6987,2.3465,0.0568,-0.5845,0,1,0,0.34567,3
0.3973,4.2836,2.7161,11.9319,2.4604,0.0388,-0.7717,0,1,0,0.55202,3
0.3744,3.9897,2.7470,13.1959,-2.7682,0.0494,-1.7740,0,1,1,1.87963,1
0.4226,4.4300,2.6331,12.2644,2.9078,0.0595,-1.1476,0,0,0,0.00000,1
0.3791,4.0772,2.7491,13.1828,-2.7994,0.0906,-1.8597,0,1,1,1.79219,1
0.5470,5.1958,2.2768,11.9292,-1.1523,0.0249,-1.0861,0,1,0,0.45543,1
0.5224,4.8561,2.3066,12.1010,-0.6064,0.0752,-1.2837,0,1,0,0.27393,1
0.4470,4.7771,2.6058,12.3075,-3.0884,0.0624,-1.2638,0,0,2,0.35427,1
0.3870,4.1240,2.7224,12.1568,-2.7942,0.0882,-0.9967,0,1,0,0.59415,3
0.5232,5.4981,2.4273,12.0088,-1.4391,0.0607,-1.1673,0,1,0,0.53469,3
0.4864,5.3219,2.5493,13.0503,2.2649,0.0643,-2.1870,0,2,0,1.56169,1
0.4781,4.7928,2.4725,11.9434,-0.0714,0.0055,-0.9164,0,1,0,0.62730,1
0.4383,4.5675,2.5952,12.0360,1.0851,0.0099,-0.9160,0,1,0,0.55919,1
0.5672,5.3887,2.2343,11.7118,-1.1527,0.0004,-0.8549,0,1,0,0.14129,1
0.5501,5.4391,2.3085,11.8752,-0.7428,0.0063,-1.0102,0,1,0,0.55677,3
0.4602,4.3529,2.4467,11.7190,1.3696,0.0213,-0.6876,0,1,0,0.21968,3
0.3637,3.8602,2.7627,12.5665,-2.6987,0.0927,-1.2692,0,1,0,1.42905,1
0.3812,4.0064,2.7171,12.1140,-2.5732,0.1360,-1.0113,0,1,0,0.73897,1
0.4037,4.2160,2.6660,11.5891,-1.9436,0.0019,-0.4619,0,1,0,0.24534,1
0.3937,4.2706,2.7307,11.7320,2.4205,0.0342,-0.5986,0,1,0,0.30645,1
0.4994,5.3969,2.5082,13.1108,-3.0727,0.0276,-2.2505,0,1,0,1.78781,1
0.4380,4.7992,2.6528,13.1565,-1.7232,0.0127,-1.9768,0,1,1,1.93259,1
0.3385,3.7057,2.8501,13.3472,2.9043,0.1164,-1.8481,0,1,0,2.10363,1
0.4868,5.1564,2.5133,11.9486,-3.1256,0.0285,-0.9738,0,1,0,0.23767,3
0.3613,3.9355,2.7998,12.9419,2.9456,0.1170,-1.6103,0,1,1,1.63792,1
0.5817,5.7881,2.2456,12.5391,-0.5599,0.0314,-1.9219,0,1,1,1.20127,1
0.5227,4.7389,2.2819,11.8727,0.0497,0.0314,-0.9767,0,1,0,0.32000,1
0.4202,4.2544,2.5982,12.0972,-1.2849,0.0044,-0.9171,0,1,0,0.63925,1
0.4393,4.5262,2.5802,11.9131,-2.9698,0.0123,-0.8116,0,1,0,0.48726,3
0.4143,4.4141,2.6687,11.7637,-3.1409,0.0083,-0.6289,0,1,0,0.47709,1
0.4569,4.5863,2.5163,12.0191,-1.9972,0.0263,-0.9666,0,1,0,0.64709,3
0.3874,4.1614,2.7313,12.2223,-2.5966,0.0845,-1.0469,0,1,1,0.70115,3
0.4308,4.7368,2.6718,13.2740,2.6776,0.0747,-2.1731,0,1,0,2.05150,1
0.5203,4.7628,2.2958,11.8117,-1.4610,0.0106,-0.8800,0,1,0,0.21110,1
0.4508,4.3114,2.4764,11.7681,2.0668,0.0162,-0.7085,0,1,0,0.29249,3
0.4013,4.3356,2.7109,11.7796,2.9619,0.1187,-0.7553,0,1,0,0.40358,1
0.4607,4.8715,2.5659,11.8523,-1.2560,0.0207,-0.8133,0,1,0,0.24562,1
0.3511,3.7462,2.7935,13.0076,2.9133,0.1020,-1.5987,0,1,0,1.85037,1
0.3983,4.1158,2.6643,12.1753,1.4329,0.0049,-0.9277,0,1,0,0.80496,1
0.4910,5.1615,2.4963,11.8820,0.8707,0.0228,-0.9095,0,1,0,0.36969,1
0.4554,4.3841,2.4744,11.7055,1.5881,0.0189,-0.6640,0,1,0,0.42647,3
0.4495,4.9350,2.6316,12.0995,-3.1102,0.0038,-0.9950,0,1,0,0.63629,1
0.4716,5.0797,2.5634,11.7105,2.8189,0.0693,-0.7631,0,1,0,0.19135,1
0.3824,4.1045,2.7405,12.1696,1.8593,0.0607,-0.9576,0,1,0,0.77169,1
0.4757,4.5956,2.4385,11.6910,0.8268,0.0375,-0.7104,0,0,0,0.00000,1
0.4256,4.5628,2.6529,12.4018,-2.3304,0.0238,-1.2301,0,1,1,0.66187,3
0.4252,4.3390,2.5973,11.8499,2.1678,0.0071,-0.7201,0,1,0,0.47689,3
0.3811,4.1046,2.7471,11.7858,2.3227,0.0507,-0.6382,0,1,0,0.35803,3
0.3801,3.9675,2.7112,12.1884,-2.6051,0.1383,-1.0735,0,1,0,0.91104,1
0.4208,4.3737,2.6270,11.6174,1.7518,0.0179,-0.5301,0,1,0,0.20052,1
0.3941,4.3464,2.7501,12.8682,-2.1185,0.0183,-1.5219,1,1,1,2.25274,0
0.4407,4.6132,2.5951,12.7515,1.8253,0.0016,-1.5740,0,1,0,1.48720,1
0.4592,5.0546,2.6140,12.7949,2.3933,0.0331,-1.7431,1,2,0,1.11499,1
0.4198,4.5953,2.6892,12.2164,2.6382,0.0023,-1.0185,0,1,0,0.87952,1
0.4312,4.2523,2.5473,11.9615,2.4368,0.0514,-0.8874,0,1,0,0.60201,1
0.4729,5.2003,2.5840,12.9183,-2.5209,0.0407,-1.9412,0,1,0,1.55147,1
0.4906,4.5926,2.3767,11.7806,0.4724,0.0105,-0.7891,0,1,0,0.24444,1
0.4187,4.3308,2.6255,11.5963,1.1215,0.0073,-0.4965,0,1,0,0.19901,1
0.5629,5.1903,2.2161,12.0116,0.5166,0.0147,-1.2023,0,1,0,0.22043,1
0.4353,4.7895,2.6635,11.9519,-1.7434,0.0125,-0.8389,0,1,0,0.50430,1
0.4243,4.1581,2.5539,12.7155,2.3348,0.0210,-1.5065,0,1,1,1.42145,1
0.4425,4.4126,2.5375,11.9754,2.2098,0.0403,-0.9110,0,1,0,0.37939,3
0.3579,3.7955,2.7729,12.8770,-2.5135,0.0446,-1.4241,0,1,1,1.49426,1
0.3820,4.1082,2.7433,12.8355,-2.8812,0.0192,-1.4458,0,1,0,1.56062,1
0.3632,3.9132,2.7824,12.6768,2.9549,0.0253,-1.2535,0,1,1,1.38180,1
0.4327,4.4244,2.5847,11.8326,-1.5990,0.0068,-0.7199,0,1,0,0.38236,1
0.4623,4.8229,2.5475,11.9275,-3.0344,0.0356,-0.9063,0,1,0,0.47470,1
0.5337,5.2574,2.3395,11.9845,0.1300,0.0385,-1.1351,0,1,0,0.35055,1
0.4550,4.5388,2.5135,11.8121,-2.8738,0.0454,-0.7950,0,1,0,0.34011,1
0.3984,4.2045,2.6890,12.2352,1.8988,0.0328,-1.0165,0,1,1,0.97322,1
0.3687,3.9670,2.7701,12.0429,2.8719,0.0755,-0.8430,0,1,0,0.76819,3
0.4941,4.5188,2.3469,11.6173,-0.4413,0.0375,-0.6700,0,1,0,0.15386,3
0.4742,4.9574,2.5253,11.6278,1.5287,0.0120,-0.6181,0,1,0,0.33898,3
0.4099,4.2312,2.6402,11.8369,2.9420,0.0567,-0.7419,0,1,0,0.48141,1
0.3402,3.7165,2.8437,12.1381,2.8300,0.1141,-0.8965,0,1,0,0.79176,3
0.3745,4.0938,2.7782,11.8864,-2.9597,0.1440,-0.8207,0,1,0,0.37683,1
0.4243,4.2162,2.5694,11.6083,-1.1798,0.0398,-0.5538,0,1,0,0.19620,1
0.3803,4.1656,2.7691,12.1958,2.7339,0.0131,-0.9089,0,1,0,0.89976,1
0.4456,4.2329,2.4795,12.0233,0.7656,0.0264,-0.9421,0,1,0,0.50556,1
0.3769,3.9226,2.7137,11.6842,2.2202,0.0076,-0.5006,0,1,0,0.26184,1
0.4676,4.7454,2.5066,11.9749,2.5333,0.0278,-0.9526,0,1,0,0.23352,1
0.3792,3.9162,2.7003,12.5227,3.0526,0.0376,-1.2033,0,1,1,1.08496,1
0.4786,4.7351,2.4576,11.7839,-0.0910,0.0155,-0.7768,0,1,0,0.40723,1
0.3432,3.7089,2.8247,11.6170,2.4402,0.0848,-0.4930,0,1,0,0.33456,3
0.4530,4.3236,2.4699,12.6562,-2.5344,0.0137,-1.5452,0,1,1,1.20393,1
0.4494,4.4884,2.5260,11.6296,-1.0832,0.0118,-0.5777,0,1,0,0.17336,1
0.3962,4.0855,2.6659,11.6929,3.0868,0.0318,-0.5683,0,1,0,0.39559,3
0.4600,4.4272,2.4653,11.9130,0.7170,0.0032,-0.8427,0,1,0,0.63706,1
0.4022,4.3227,2.7028,12.7625,2.7173,0.0769,-1.5547,0,1,0,1.51245,1
0.4567,4.8438,2.5775,12.0353,-2.3483,0.0786,-1.0526,0,1,0,0.43676,1
0.3664,3.9061,2.7633,11.9956,3.0852,0.0376,-0.7522,0,1,0,0.33761,3
0.4200,4.4242,2.6439,12.8736,2.4112,0.0135,-1.6248,0,1,1,1.43566,1
0.4274,4.2707,2.5693,12.1398,-1.3061,0.0097,-0.9796,0,1,0,0.74442,1
0.4719,5.0565,2.5571,11.7504,1.0713,0.0075,-0.7240,0,1,0,0.26430,1
0.4745,4.9473,2.5217,11.5902,-2.1098,0.0158,-0.5881,0,1,0,0.30291,3
0.4791,4.3663,2.3723,12.2362,2.0218,0.0098,-1.2083,0,1,0,0.59169,1
0.5951,5.9687,2.2229,12.3291,-0.1071,0.0071,-1.6690,0,1,0,0.66906,1
0.4509,4.2694,2.4656,11.6742,3.0934,0.0199,-0.6290,0,1,0,0.17315,1
0.4700,5.1867,2.5939,13.0483,-2.4759,0.0227,-2.0352,0,1,2,1.23515,0
0.3323,3.6480,2.8654,12.1371,-3.1388,0.1292,-0.8957,0,1,0,0.94499,3
0.4118,4.5314,2.7117,11.6895,-2.7868,0.0138,-0.5706,0,1,0,0.24161,1
0.3982,4.0942,2.6587,12.1780,1.8189,0.0288,-0.9625,0,1,0,0.49344,1
0.4334,4.5443,2.6118,11.8070,-2.4863,0.0344,-0.7344,0,1,0,0.38065,3
0.4993,5.1755,2.4638,11.9439,-1.8775,0.0107,-0.9740,0,1,0,0.37181,3
0.4668,4.6076,2.4785,11.9210,1.3258,0.0069,-0.8710,0,1,0,0.65350,3
0.3953,4.0548,2.6615,11.5642,-3.0579,0.0008,-0.4287,0,1,0,0.29009,1
0.4012,4.0661,2.6362,11.9071,1.3002,0.0356,-0.7549,0,1,0,0.28843,1
0.4064,4.0485,2.6067,11.6044,0.6515,0.0030,-0.4787,0,1,0,0.33143,1
0.4333,4.3304,2.5582,12.0013,2.5690,0.0046,-0.8651,0,2,0,0.53014,3
0.3720,3.8908,2.7290,12.8946,-2.6066,0.0172,-1.4510,0,1,1,1.33965,1
0.4054,4.0511,2.6121,12.2685,2.4152,0.0129,-1.0353,1,1,0,0.72195,1
0.4292,4.4497,2.6072,12.1122,-2.0731,0.0272,-0.9847,0,1,0,0.69742,3
0.3579,3.8818,2.8007,12.2931,-2.3462,0.0580,-0.9845,0,1,1,0.93834,3
0.4861,4.9949,2.4823,11.8202,-1.9450,0.0243,-0.8393,0,1,0,0.33362,3
0.4198,4.1855,2.5816,12.8398,1.2909,0.0105,-1.5865,0,1,1,1.47632,1
0.3665,3.9803,2.7856,11.7948,-2.9459,0.0514,-0.6192,0,1,0,0.31892,3
0.5055,4.6462,2.3292,12.2690,-0.3897,0.0295,-1.3493,0,1,0,0.78105,1
0.4182,4.1222,2.5721,11.8346,-0.0384,0.0057,-0.6905,0,1,0,0.28203,1
0.4920,5.1339,2.4861,12.1010,-1.2815,0.0162,-1.1227,0,1,0,0.47881,1
0.4654,4.9914,2.5717,12.5311,3.0699,0.0126,-1.4687,0,1,0,0.54989,1
0.3541,3.8119,2.7987,11.9983,2.5415,0.0505,-0.7436,0,1,0,0.59436,3
0.3687,3.8840,2.7444,11.9025,-2.7095,0.0512,-0.7039,0,1,0,0.46603,3
0.3970,4.1245,2.6730,12.3120,2.3716,0.0117,-1.0469,0,1,0,0.78426,1
0.4420,4.4042,2.5380,11.6438,-1.9027,0.0168,-0.5842,0,1,0,0.27408,3
0.3912,3.9876,2.6619,11.7048,-2.5721,0.0640,-0.6089,0,1,0,0.50546,3
0.5177,5.4699,2.4445,13.1299,3.0100,0.0193,-2.3456,0,1,1,2.06542,1
0.4418,4.3163,2.5169,11.9333,0.2038,0.0130,-0.8346,0,1,0,0.29452,1
0.4006,4.0997,2.6486,11.8096,-2.7158,0.0585,-0.7033,0,1,0,0.43959,3
0.3599,3.8474,2.7792,13.0751,-3.1362,0.0888,-1.6718,0,1,1,1.52126,1
0.4617,4.4805,2.4707,12.2056,-1.0347,0.0413,-1.1770,0,1,0,0.68035,1
0.4213,4.2253,2.5852,11.7215,1.3853,0.0154,-0.6142,0,1,0,0.30530,1
0.4344,4.7059,2.6470,12.6775,-1.7510,0.0378,-1.5377,1,2,0,1.36359,1
0.3857,4.1281,2.7306,12.0210,-2.1985,0.0662,-0.8532,0,1,0,0.81400,3
0.4295,4.6410,2.6541,12.1532,2.4393,0.0843,-1.1006,0,1,0,0.90808,3
0.4680,4.9145,2.5429,12.1137,2.1813,0.0174,-1.0739,0,1,0,0.83957,3
0.4776,4.5420,2.4186,11.9570,-1.5393,0.0327,-0.9634,0,1,0,0.35658,1
0.4572,4.4546,2.4837,11.8344,2.3407,0.0375,-0.8096,0,1,0,0.21658,1
0.4908,4.7888,2.4184,12.3176,-1.8873,0.0178,-1.3403,0,1,0,0.77066,1
0.3612,3.8477,2.7722,11.9230,-3.0845,0.1143,-0.7843,0,0,0,0.00000,1
0.4051,4.0459,2.6118,12.4507,-2.5290,0.0099,-1.1857,0,1,1,0.94946,1
0.3643,3.8384,2.7529,13.0843,2.3374,0.0544,-1.6399,0,1,1,1.95994,1
0.3694,4.0028,2.7772,13.2213,2.1899,0.0197,-1.7169,0,1,0,2.16612,1
0.3727,3.8673,2.7182,12.7547,1.7538,0.0208,-1.3445,0,1,0,1.43775,1
0.4834,5.1052,2.5171,12.9945,1.4528,0.0212,-2.0350,0,1,1,1.40410,1
0.3845,4.1233,2.7352,12.1575,-2.2919,0.0315,-0.9141,0,1,1,0.90099,1
0.3756,3.9327,2.7234,11.8450,-2.3210,0.0098,-0.6219,0,1,0,0.43655,1
0.4247,4.2096,2.5657,11.8746,2.3017,0.0552,-0.8019,0,1,0,0.17304,1
0.4573,4.4533,2.4828,12.4007,-2.1398,0.0211,-1.3233,0,1,0,1.09291,1
0.3902,4.2536,2.7439,12.0335,-2.0985,0.0520,-0.8553,0,1,0,0.50908,1
0.4669,4.6744,2.4936,12.3576,0.9694,0.0156,-1.3040,0,1,1,0.90393,1
0.5740,5.5287,2.2325,11.8055,0.7288,0.0669,-1.0642,0,1,0,0.28227,3
0.4022,4.0631,2.6303,11.5668,-2.6837,0.0019,-0.4417,0,1,0,0.26755,1
0.4406,4.6519,2.6052,12.6419,-1.2275,0.0088,-1.4808,0,1,0,0.41648,1
0.5371,5.3578,2.3446,11.6541,2.8374,0.0172,-0.7589,0,1,0,0.26896,1
0.4259,4.3188,2.5886,11.9780,1.2063,0.0406,-0.8759,0,1,0,0.33095,1
0.4759,4.8781,2.5006,11.9504,1.1994,0.0349,-0.9579,0,1,0,0.52830,1
0.4122,4.4434,2.6864,12.6232,3.0868,0.0170,-1.3733,0,1,2,1.34547,1
0.3798,3.9820,2.7174,11.8408,2.5511,0.0750,-0.7088,0,1,0,0.43471,3
0.4645,4.8662,2.5474,11.9068,1.9757,0.0086,-0.8566,0,1,0,0.64094,3
0.4120,4.4808,2.6973,11.5493,2.8962,0.0379,-0.4853,0,1,0,0.28086,3
0.3696,3.8939,2.7427,12.4017,-2.2367,0.0047,-1.0276,0,1,1,1.25859,1
0.3519,3.8809,2.8332,12.5567,-2.5924,0.0590,-1.1702,0,1,0,0.41051,2
0.3652,3.9912,2.7961,11.4240,-2.3430,0.1157,-0.4197,0,1,0,0.18415,3
0.4214,4.3831,2.6263,12.0817,-2.9629,0.0720,-0.9987,0,1,0,0.45322,1
0.3687,3.9776,2.7732,11.9353,2.6226,0.1776,-0.8906,0,1,0,0.54255,1
0.3700,3.8579,2.7292,12.5504,-2.9557,0.0381,-1.1958,0,1,0,0.24584,1
0.3994,4.1785,2.6764,12.0364,-2.6147,0.0671,-0.8994,0,1,0,0.74807,3
0.4809,5.1909,2.5463,12.0742,-1.3841,0.0389,-1.0987,0,1,0,0.83456,1
0.4001,4.0664,2.6416,11.7753,-1.9585,0.0257,-0.6332,0,1,0,0.18067,3
0.3826,3.9880,2.7047,12.4599,-2.8758,0.0245,-1.1435,0,1,1,1.05121,1
0.4473,4.7855,2.6066,12.4138,1.7383,0.0400,-1.3338,0,1,0,1.20626,1
0.4103,4.1353,2.6124,11.9498,-2.1582,0.0253,-0.7964,0,1,0,0.51142,3
0.4735,4.5843,2.4449,12.1208,-1.7967,0.0481,-1.1359,0,1,0,0.33630,1
0.3785,3.9334,2.7090,12.0961,2.6598,0.0321,-0.8507,0,1,0,0.75999,3
0.3861,4.0118,2.6945,13.0648,2.5366,0.0225,-1.6653,0,2,0,1.01868,1
0.4688,5.1744,2.5966,12.3683,-2.8747,0.0414,-1.3613,0,1,0,0.91873,2
0.4998,5.4474,2.5164,12.4977,-2.2964,0.0343,-1.5879,0,1,2,0.77044,1
0.4384,4.4971,2.5771,12.4963,2.8645,0.0013,-1.3238,0,1,0,0.22726,1
0.3505,3.7791,2.8075,12.4995,2.3660,0.0376,-1.0906,0,1,1,1.06279,1
0.4277,4.4022,2.6021,12.2309,2.6295,0.0759,-1.1551,0,1,0,0.78511,1
0.4169,4.1276,2.5794,11.8123,1.9333,0.0295,-0.6999,0,1,0,0.50287,3
0.4626,5.0301,2.5929,12.1081,-1.8627,0.0457,-1.0937,0,1,0,0.52206,3
0.4492,4.2270,2.4625,11.6967,0.1987,0.0161,-0.6412,0,1,0,0.28183,1
0.4650,4.3136,2.4171,11.8794,-0.5099,0.0102,-0.8306,0,1,0,0.60043,1
0.3668,3.9684,2.7802,11.7116,-3.0190,0.0277,-0.5292,0,1,0,0.24160,1
0.4615,4.3062,2.4299,11.7700,-0.8530,0.0275,-0.7447,0,1,1,0.42368,1
0.4946,5.0024,2.4478,12.6027,0.4048,0.0009,-1.6261,0,1,0,1.00941,1
0.3551,3.8334,2.8007,12.2413,3.1277,0.0734,-0.9579,0,1,1,0.81627,3
0.3848,4.0624,2.7155,12.0349,2.0418,0.0717,-0.8697,0,1,0,0.67543,3
0.3376,3.6657,2.8412,12.4320,2.8808,0.0578,-1.0281,0,1,0,1.10399,3
0.3513,3.8072,2.8126,12.7181,2.6114,0.1525,-1.4393,0,1,0,1.55540,1
0.3945,4.1152,2.6825,11.9125,-1.9379,0.0258,-0.7330,0,1,0,0.41259,1
0.4401,4.2489,2.5071,12.2620,2.4440,0.0244,-1.1446,0,1,0,0.82817,1
0.3562,3.8927,2.8136,12.5905,-2.8341,0.1118,-1.2900,0,1,1,1.43083,1
0.4514,4.7599,2.5817,12.1655,-3.0762,0.0250,-1.0893,0,1,0,0.65434,3
0.4054,4.1912,2.6510,11.9382,-2.7510,0.0019,-0.7461,0,1,0,0.55106,1
0.3489,3.7424,2.8045,12.6887,-2.8723,0.1022,-1.3290,0,1,1,0.60732,1
0.5359,5.2606,2.3315,11.8495,-1.3006,0.0098,-0.9549,0,1,0,0.50924,3
0.4157,4.4858,2.6805,12.1084,2.5961,0.0634,-0.9961,0,1,0,0.47787,3
0.4460,4.4714,2.5365,12.6248,1.0916,0.0058,-1.4779,0,1,0,1.27305,1
0.5442,5.2172,2.2912,11.7399,-1.2401,0.0456,-0.9000,0,1,0,0.37588,3
0.3659,4.0045,2.7962,12.2778,-3.0662,0.1407,-1.1092,0,1,0,0.82249,1
0.3717,4.0614,2.7830,11.8479,-2.4991,0.0248,-0.6358,0,1,0,0.46290,1
0.4722,4.6976,2.4759,11.7244,0.8688,0.0043,-0.6943,0,0,0,0.00000,3
0.5119,5.1194,2.4002,12.0150,-0.5492,0.0376,-1.1131,0,1,0,0.43164,1
0.3941,4.3463,2.7501,12.0750,-2.4228,0.1407,-1.0157,0,1,0,0.65409,2
0.4611,4.4682,2.4702,11.7335,2.1661,0.0071,-0.6851,0,1,0,0.15082,3
0.4288,4.6075,2.6491,12.1049,3.0005,0.0971,-1.0720,0,0,0,0.00000,1
0.3407,3.6808,2.8290,13.0325,-2.7180,0.0300,-1.4495,0,1,0,0.33694,1
0.5087,5.1161,2.4130,11.8100,1.9548,0.0368,-0.8916,0,1,0,0.47832,1
0.4449,4.3066,2.5009,12.0148,1.5184,0.0117,-0.9132,0,1,0,0.54108,1
0.3504,3.7573,2.8010,11.8741,2.9558,0.1095,-0.7196,0,1,0,0.53436,3
0.4144,4.5686,2.7087,12.8799,-2.7873,0.0954,-1.7426,0,1,2,1.62458,0
0.4126,4.1293,2.5999,12.6773,-2.7764,0.0493,-1.4737,0,1,0,1.36640,1
0.4187,4.1164,2.5682,12.8739,-2.8260,0.0123,-1.6160,0,1,0,1.63813,1
0.4559,5.0266,2.6229,12.3354,2.8244,0.0386,-1.2843,0,1,0,0.92509,2
0.3807,4.0497,2.7327,11.7905,2.4508,0.1317,-0.7419,0,1,0,0.16103,3
0.5343,5.2754,2.3405,11.8872,0.0578,0.0260,-1.0139,0,1,0,0.54069,1
0.3658,3.8546,2.7501,12.0823,-3.0225,0.0058,-0.7744,0,1,0,0.28321,1
0.3958,3.9935,2.6412,11.7169,2.1073,0.0142,-0.5647,0,1,0,0.41511,3
0.3875,4.0152,2.6882,11.9660,-2.4155,0.0045,-0.7328,0,1,0,0.61251,1
0.3994,4.2902,2.7078,12.0890,2.5916,0.0487,-0.9187,0,1,0,0.27977,3
0.3386,3.7361,2.8600,13.0955,3.0021,0.0468,-1.5174,0,1,1,1.83017,0
0.5063,5.0454,2.4082,11.9070,-2.2415,0.0324,-0.9802,0,1,0,0.37678,1
0.3789,4.1361,2.7679,12.1988,2.4347,0.0129,-0.9071,0,1,1,0.90117,1
0.3854,4.0064,2.6962,12.0667,2.7937,0.0110,-0.8160,0,1,0,0.66627,3
0.4045,4.2367,2.6680,12.2009,-2.4495,0.0540,-1.0336,0,1,0,0.58887,3
0.5135,5.3633,2.4418,12.0858,2.0651,0.0031,-1.1456,0,1,0,0.52961,3
0.3854,4.1361,2.7344,12.6644,-2.2633,0.0322,-1.3348,0,1,2,6.49834,1
0.4588,4.3441,2.4505,11.9971,-1.7367,0.0160,-0.9351,0,1,0,0.48598,1
0.5617,5.0835,2.2018,11.8575,-0.5212,0.0350,-1.0513,0,1,0,0.35050,1
0.4828,4.9654,2.4897,12.0256,-1.3835,0.0429,-1.0595,0,1,0,0.67343,3
0.4004,4.0649,2.6396,11.9316,-1.6269,0.0342,-0.7715,0,1,0,0.48730,1
0.4784,5.2149,2.5626,11.8277,2.3719,0.0729,-0.8942,0,1,0,0.37154,3
0.4877,5.3130,2.5417,12.1413,2.0869,0.0211,-1.1602,0,1,0,0.40071,3
0.3752,3.8748,2.7079,11.7367,2.5323,0.0130,-0.5435,0,1,0,0.34039,1
0.3581,3.8422,2.7868,13.2429,-3.0487,0.0372,-1.7124,0,1,2,2.18021,1
0.4302,4.6899,2.6631,12.2046,2.8091,0.0873,-1.1535,0,1,0,0.62011,1
0.4734,4.6470,2.4595,11.9401,-2.9211,0.0213,-0.9230,0,1,0,0.34194,1
0.3308,3.6375,2.8702,12.7843,-2.5483,0.1074,-1.3424,0,1,1,1.62651,1
0.5075,4.7525,2.3435,12.4248,-1.5527,0.0207,-1.5092,0,1,1,1.11661,1
0.4708,4.4159,2.4176,11.9828,-0.7557,0.0398,-0.9820,0,1,0,0.50605,1
0.3680,3.9296,2.7618,11.8784,3.0296,0.0321,-0.6604,0,1,0,0.25076,3
0.5042,4.8647,2.3800,11.9599,0.8522,0.0681,-1.0775,0,1,0,0.27457,1
0.4085,4.0350,2.5928,12.3020,1.4531,0.0258,-1.0913,0,1,2,1.30176,1
0.3836,3.9601,2.6916,11.9488,2.1985,0.0501,-0.7698,0,1,0,0.36999,3
0.4726,4.9478,2.5301,11.5669,2.8968,0.0248,-0.5745,0,1,0,0.29893,3
0.4284,4.3101,2.5751,11.8395,1.4808,0.0268,-0.7425,0,1,0,0.44066,1
0.4163,4.0736,2.5674,12.3362,2.1058,0.0216,-1.1378,0,1,1,0.95591,1
0.4477,4.7399,2.5939,12.2587,-0.8262,0.0000,-1.1312,0,1,0,1.09843,1
0.5368,5.2049,2.3176,11.9113,-1.2155,0.0182,-1.0345,0,1,0,0.47986,3
0.4505,4.6694,2.5645,11.9546,-2.5863,0.0403,-0.9109,0,1,0,0.24152,3
0.5250,4.9156,2.3084,11.7119,-0.1237,0.0010,-0.7740,0,1,0,0.43418,3
0.5259,5.0406,2.3290,11.7658,0.4870,0.0197,-0.8572,0,1,0,0.23991,3
0.3883,4.0965,2.7082,11.8055,2.5590,0.0667,-0.6869,0,1,0,0.35704,3
0.3897,3.9893,2.6699,12.1486,-1.6639,0.0419,-0.9340,0,1,0,0.44554,1
0.5030,5.1191,2.4367,12.7901,0.5374,0.0186,-1.8907,0,1,0,1.64096,1
0.4181,4.2802,2.6147,11.8697,-2.4164,0.0037,-0.7181,0,1,0,0.28790,3
0.4097,4.2163,2.6375,12.0598,1.2905,0.0103,-0.8677,0,1,0,0.73306,1
0.4332,4.1537,2.5128,11.7964,-1.4569,0.0102,-0.6924,0,1,0,0.42648,3
0.5262,5.3933,2.3952,12.3756,1.2793,0.0228,-1.5239,0,1,0,0.92755,1
0.4841,4.6511,2.4162,12.0387,0.8892,0.0018,-1.0171,0,0,0,0.00000,1
0.4107,4.1424,2.6123,12.0193,1.0453,0.0024,-0.8252,0,1,0,0.75576,1
0.3644,4.0075,2.8053,12.0574,-2.8659,0.0272,-0.7810,0,1,0,0.60770,1
0.4088,4.0456,2.5942,11.9694,2.1069,0.0317,-0.8177,0,1,0,0.63870,3
0.4241,4.6628,2.6855,12.9217,-2.8399,0.0531,-1.7541,0,1,4,6.52992,1
0.5047,4.7946,2.3636,12.5913,0.0278,0.0088,-1.6601,0,1,0,1.07504,1
0.4249,4.3397,2.5990,11.9951,2.3452,0.0336,-0.8793,0,1,0,0.51443,3
0.4703,4.7694,2.5004,11.6899,2.7440,0.0304,-0.6917,0,1,0,0.21427,1
0.3456,3.7220,2.8159,12.7030,2.8953,0.0444,-1.2387,0,1,1,1.29858,1
0.5393,5.7105,2.3998,12.3748,-2.9263,0.0310,-1.5796,0,1,0,0.99124,1
0.4099,4.3622,2.6760,11.6692,-2.4630,0.0915,-0.6452,0,1,0,0.22623,3
0.3367,3.6916,2.8552,12.3761,2.4610,0.1369,-1.0953,0,1,1,0.86987,3
0.4255,4.2070,2.5614,11.8167,-2.4189,0.0383,-0.7315,0,1,0,0.33384,3
0.4044,4.2344,2.6676,12.0365,2.5764,0.0697,-0.9148,0,1,0,0.28906,3
0.4170,4.5483,2.6906,12.3990,-2.5702,0.1283,-1.3512,0,1,0,0.91814,1
0.4796,4.4608,2.3917,12.5009,0.5462,0.0306,-1.5108,0,2,0,0.88646,1
0.3597,3.8919,2.7941,11.5690,2.0478,0.0412,-0.4312,0,1,0,0.19903,1
0.5359,5.2264,2.3251,12.3570,2.1634,0.0110,-1.5144,1,1,0,0.36398,1
0.4897,5.0238,2.4731,12.6041,1.2569,0.0081,-1.6216,0,1,1,0.75387,1
0.4344,4.3076,2.5475,11.8401,-3.0044,0.0298,-0.7586,0,1,0,0.36788,1
0.4136,4.2482,2.6276,11.9207,-3.0353,0.0753,-0.8443,0,1,0,0.38953,1
0.3758,4.0122,2.7466,12.6884,-2.2526,0.0169,-1.2959,0,1,0,1.51447,1
0.5882,5.3609,2.1527,11.9106,-0.7729,0.0459,-1.1899,0,1,0,0.36086,1
0.3734,4.1107,2.7892,11.7732,2.0171,0.0444,-0.6069,0,1,0,0.14096,0
0.3742,4.1106,2.7849,13.2607,-2.9424,0.0371,-1.8058,0,2,3,6.83809,1
0.4091,4.2691,2.6544,11.8509,-2.4058,0.0490,-0.7423,0,1,0,0.60159,3
0.4035,4.1050,2.6361,11.8561,2.9634,0.0650,-0.7555,0,1,0,0.27426,1
0.4445,4.5981,2.5743,11.7525,0.9942,0.0016,-0.6661,0,1,0,0.53939,1
0.5292,5.2082,2.3480,11.9345,0.2308,0.0199,-1.0447,0,1,1,0.45488,1
0.4319,4.6241,2.6387,12.8660,3.0425,0.0175,-1.6745,0,1,0,1.58211,1
0.4824,4.4307,2.3737,11.8989,0.3774,0.0428,-0.9304,0,1,0,0.58385,1
0.4169,4.3136,2.6294,11.9783,0.9411,0.0028,-0.8060,0,1,0,0.24086,1
0.4657,4.6418,2.4914,12.2101,-2.9122,0.0173,-1.1588,0,1,1,0.83385,1
0.4035,4.4389,2.7282,11.5911,2.1766,0.0160,-0.4807,0,1,0,0.28607,1
0.4127,4.1766,2.6124,11.9170,-2.6401,0.0653,-0.8261,0,1,0,0.59148,1
0.6135,5.9333,2.1490,12.0413,1.4306,0.0035,-1.3573,0,1,0,0.46167,1
0.4462,4.3901,2.5156,11.8466,1.6613,0.0244,-0.7813,0,1,0,0.27136,3
0.4038,4.4033,2.7169,12.6340,-2.5282,0.0367,-1.3828,0,1,1,0.60925,1
0.4197,4.2132,2.5897,12.1484,1.8886,0.0255,-0.9889,0,1,0,0.31537,1
0.4076,4.3490,2.6836,12.3918,2.7615,0.0026,-1.1339,0,1,1,0.59938,1
0.4755,4.6945,2.4613,11.9376,1.5348,0.0392,-0.9496,0,1,0,0.20823,3
0.4640,4.7715,2.5281,11.9799,-2.5454,0.0646,-0.9985,0,1,0,0.21635,1
0.4038,4.3054,2.6902,12.1586,1.9214,0.0248,-0.9561,0,1,0,0.88004,1
0.4240,4.2380,2.5762,11.7769,2.4898,0.0650,-0.7284,0,1,0,0.50302,1
0.4555,4.3080,2.4556,12.0221,-1.4202,0.0312,-0.9714,0,1,0,0.58706,1
0.4286,4.4905,2.6205,11.9746,-1.8003,0.0037,-0.8309,0,1,0,0.54173,1
0.3550,3.8964,2.8213,12.3927,2.6967,0.0181,-0.9960,0,1,0,1.08734,1
0.5536,5.5617,2.3162,11.8222,2.8536,0.0103,-0.9654,0,1,0,0.29483,1
0.5197,5.4112,2.4250,12.8156,0.1676,0.0041,-1.9649,0,1,1,1.34413,1
0.3965,4.0475,2.6536,12.1564,2.6565,0.0761,-1.0050,0,1,0,0.69626,1
0.4632,4.8770,2.5558,11.9130,-2.4842,0.0279,-0.8848,0,1,0,0.48905,3
0.4097,4.3489,2.6732,12.3298,3.1023,0.0379,-1.1372,0,1,0,0.80097,3
0.4075,4.0891,2.6126,11.9548,-2.8861,0.0738,-0.8581,0,1,0,0.36468,1
0.5350,5.2609,2.3350,12.0490,-0.1200,0.0098,-1.1691,0,1,0,0.23958,1
0.3563,3.7905,2.7800,12.2750,-2.5751,0.1452,-1.0871,0,1,1,0.54194,1
0.4384,4.6413,2.6127,11.8755,-2.1428,0.0264,-0.7949,0,1,0,0.36267,3
0.3615,3.9628,2.8072,12.6079,-2.8004,0.1619,-1.3978,0,1,0,1.29831,1
0.3974,4.1884,2.6893,11.9387,-2.3528,0.0153,-0.7468,0,1,0,0.30231,1
0.3892,4.2261,2.7408,12.2470,2.9200,0.0870,-1.0758,0,1,0,0.80547,3
0.4895,4.5918,2.3811,12.1514,-0.3665,0.0139,-1.1597,0,1,0,0.59781,1
0.5158,5.1749,2.3955,11.8509,-0.2631,0.0133,-0.9181,0,1,0,0.36118,1
0.3761,3.9911,2.7388,11.7184,2.5020,0.0774,-0.6103,0,1,0,0.26640,3
0.3557,3.8775,2.8115,12.2671,-3.1194,0.0259,-0.9143,0,1,0,0.88528,1
0.3614,3.8268,2.7647,11.7422,1.9950,0.0228,-0.5360,0,1,0,0.33104,1
0.4179,4.2297,2.6022,11.9281,-2.4875,0.0816,-0.8684,1,1,0,0.42606,1
0.4455,4.6467,2.5816,12.2033,-2.4954,0.0250,-1.1081,0,1,0,0.19469,3
0.5331,5.6521,2.4146,11.7630,0.0435,0.0109,-0.8610,0,1,0,0.27483,1
0.4423,4.7722,2.6263,11.8816,-2.9279,0.0644,-0.8578,0,1,0,0.47402,3
0.4629,4.9195,2.5668,13.0847,1.6833,0.0111,-2.0182,0,2,1,1.63309,1
0.4571,4.5961,2.5179,11.8435,-0.7573,0.0147,-0.7888,0,1,0,0.43966,1
0.4688,4.4659,2.4374,11.5618,-0.0747,0.0291,-0.5674,0,1,0,0.15275,1
0.5038,4.7487,2.3574,12.0041,0.7191,0.0269,-1.0650,0,1,0,0.30085,1
0.4150,4.2317,2.6165,12.5228,-1.8110,0.0430,-1.3321,0,1,1,1.27247,1
0.4000,4.4066,2.7371,12.2004,3.0616,0.1374,-1.1345,1,1,0,0.56738,0
0.4300,4.6468,2.6534,11.5122,3.1003,0.1256,-0.5834,0,1,0,0.24406,1
0.4686,5.1567,2.5939,12.3793,-3.0441,0.0498,-1.3834,0,2,0,0.84068,3
0.3511,3.8664,2.8328,12.7266,3.0126,0.0316,-1.2578,0,1,1,1.26978,0
0.5332,5.5415,2.3942,12.3522,-1.4929,0.0251,-1.5245,0,1,1,0.82868,1
0.4378,4.2048,2.5062,11.5407,-1.9342,0.0552,-0.5346,0,1,0,0.20817,3
0.4123,4.5068,2.7025,11.9045,-2.1240,0.0320,-0.7726,0,1,0,0.51892,1
0.4294,4.6881,2.6665,11.9279,-2.6433,0.0588,-0.8640,0,1,0,0.43168,3
0.5032,4.5849,2.3252,11.8119,1.9047,0.0093,-0.8432,0,1,0,0.32952,1
0.5263,5.3330,2.3834,11.8594,1.7630,0.0616,-1.0141,0,1,0,0.38888,3
0.4667,5.0845,2.5864,11.6925,2.2556,0.0876,-0.7599,0,1,0,0.18771,3
0.3952,4.0888,2.6717,11.6972,-1.5964,0.0148,-0.5493,0,1,0,0.32872,1
0.4945,4.8562,2.4175,12.0531,1.0997,0.0475,-1.1218,1,1,0,0.31926,1
0.3905,4.2384,2.7380,12.5177,-2.0483,0.0163,-1.2057,0,2,0,1.15041,1
0.4365,4.7560,2.6497,11.8187,-1.9153,0.0218,-0.7355,0,1,0,0.37710,1
0.4889,5.1943,2.5119,12.4078,2.0773,0.0263,-1.4433,0,1,0,1.10817,1
0.4418,4.7135,2.6144,11.8917,1.8294,0.0119,-0.7983,0,1,0,0.60248,1
0.4231,4.1985,2.5699,11.8017,1.0049,0.0318,-0.7057,0,1,0,0.44849,1
0.4944,4.5551,2.3535,12.2202,0.0371,0.0126,-1.2406,0,1,0,0.71690,1
0.4551,4.9732,2.6143,12.9008,-2.5466,0.0183,-1.8085,0,1,1,1.11983,1
0.5091,4.6317,2.3122,12.0422,0.8602,0.0025,-1.0818,0,1,0,0.41664,1
0.4705,4.7819,2.5026,11.5543,-1.7505,0.0124,-0.5438,0,1,0,0.16761,3
0.4544,4.8006,2.5776,11.7817,2.2731,0.0235,-0.7392,0,1,0,0.41421,3
0.4606,4.5231,2.4853,12.4891,-1.4779,0.0049,-1.3956,0,1,0,0.92458,1
0.3885,4.0638,2.6976,12.6974,-2.4333,0.0646,-1.4254,0,1,1,0.83333,1
0.4031,4.2742,2.6852,12.2283,2.3105,0.0509,-1.0488,0,1,0,0.89988,3
0.3598,3.7937,2.7622,12.8669,2.4497,0.0369,-1.4112,0,1,1,1.52776,1
0.4814,5.1145,2.5280,11.9332,2.6137,0.0186,-0.9332,0,1,0,0.36014,3
0.3486,3.8016,2.8256,13.1670,-2.9720,0.1102,-1.7337,0,1,0,2.05410,1
0.3713,3.9838,2.7615,12.6285,-3.0327,0.0096,-1.2201,0,1,1,1.22298,1
0.4535,4.9855,2.6246,12.1151,-2.6793,0.0199,-1.0416,0,1,0,0.37848,3
0.4325,4.2755,2.5478,11.8819,-1.8109,0.0109,-0.7668,0,1,0,0.42833,3
0.4150,4.5517,2.7012,11.8434,2.9280,0.0247,-0.7176,0,1,0,0.16862,3
0.4691,4.7576,2.5029,11.6956,2.4136,0.0045,-0.6624,0,1,0,0.33091,3
0.5657,5.4610,2.2522,11.9264,1.1116,0.0113,-1.1095,0,1,0,0.46655,1
0.4149,4.4132,2.6652,12.1741,2.9524,0.0231,-0.9964,0,1,1,0.77856,3
0.4089,4.3121,2.6670,12.9499,1.9411,0.0038,-1.6317,0,1,1,1.86261,1
0.6114,6.0399,2.1726,12.2329,3.0779,0.0009,-1.5894,0,1,0,0.23174,1
0.4734,5.2218,2.5863,12.0537,-2.1680,0.0273,-1.0442,0,1,0,0.73145,2
0.3923,4.0983,2.6887,11.7032,-2.9470,0.0732,-0.6208,0,1,0,0.30177,3
0.5557,5.1363,2.2332,11.7891,-0.3174,0.0055,-0.9231,0,1,0,0.28319,1
0.4213,4.3607,2.6210,12.6502,-2.7283,0.0304,-1.4511,0,1,1,1.02451,1
0.4394,4.7314,2.6301,11.6232,2.5775,0.0402,-0.5920,0,1,0,0.33315,3
0.3644,3.9322,2.7819,11.6565,3.1079,0.1148,-0.5895,0,1,0,0.26666,3
0.4679,4.4361,2.4342,12.2652,1.0167,0.0214,-1.2233,0,1,0,0.84134,1
0.4404,4.4011,2.5442,11.6715,3.0449,0.0007,-0.5859,0,0,0,0.00000,3
0.4047,4.4469,2.7240,12.3021,2.3346,0.0386,-1.0999,0,1,0,1.04427,3
0.4632,4.7014,2.5155,12.1863,0.1013,0.0006,-1.1062,0,1,0,0.65296,1
0.3514,3.7585,2.7963,12.3889,2.4848,0.0393,-1.0118,0,1,0,1.13775,3
0.4377,4.3742,2.5494,11.9688,0.8967,0.0161,-0.8619,0,1,0,0.52449,1
0.4994,4.5525,2.3331,11.5987,-0.8335,0.0003,-0.6137,0,1,0,0.24116,1
0.4495,4.5852,2.5486,12.2784,2.6729,0.0130,-1.1722,0,1,0,0.82615,1
0.3452,3.7483,2.8266,12.1131,2.9724,0.1377,-0.9217,0,1,0,0.57720,3
0.3953,4.0609,2.6631,12.5777,-1.8052,0.0026,-1.2507,0,2,0,0.99613,1
0.3681,4.0281,2.7921,12.9772,2.7283,0.0726,-1.5955,1,1,1,1.47851,1
0.4476,4.8141,2.6118,12.0762,-2.8931,0.0847,-1.0768,0,1,0,0.31413,1
0.5035,5.1652,2.4441,12.1032,0.2635,0.0188,-1.1584,0,1,0,0.36606,1
0.4679,4.7726,2.5114,11.8745,-1.6958,0.0222,-0.8506,0,1,0,0.42154,3
0.4378,4.7450,2.6409,12.8482,2.8535,0.0625,-1.7560,0,1,0,1.60006,1
0.4130,4.2890,2.6412,11.9085,2.1892,0.0315,-0.7761,0,1,0,0.50997,3
0.3940,4.3458,2.7504,12.3523,-2.3476,0.0722,-1.1579,0,1,0,0.99057,2
0.5598,5.5876,2.2965,11.9293,-1.2187,0.0276,-1.1226,0,1,0,0.37352,3
0.4448,4.4232,2.5301,11.8664,1.5128,0.0421,-0.8195,0,1,0,0.31303,3
0.3737,4.0137,2.7580,11.9628,-2.8843,0.0556,-0.7666,0,1,1,0.63347,3
0.4454,4.5912,2.5684,12.1138,2.7858,0.0267,-1.0272,0,1,0,0.90481,3
0.4312,4.1720,2.5266,11.7598,2.3411,0.0380,-0.6925,0,1,0,0.30695,1
0.4377,4.3769,2.5502,11.8954,2.8487,0.0000,-0.7757,0,1,0,0.30794,3
0.4528,4.4316,2.4971,11.8300,3.0455,0.0139,-0.7660,0,1,0,0.46240,1
0.4865,4.4342,2.3582,11.9285,1.3889,0.0339,-0.9565,0,1,0,0.35073,1
0.5101,5.5548,2.4932,11.9354,2.2207,0.0345,-1.0235,0,1,0,0.47964,3
0.3685,3.9155,2.7549,12.5018,2.6024,0.0147,-1.1173,0,1,1,1.15471,1
0.4744,4.5527,2.4339,11.9664,-2.0603,0.0110,-0.9362,0,1,0,0.19529,1
0.4959,4.7289,2.3849,12.3662,-2.7795,0.0049,-1.3858,0,1,1,0.91403,1
0.4138,4.3461,2.6525,11.9369,2.6938,0.0266,-0.7957,0,1,0,0.51940,3
0.3633,3.8094,2.7488,11.9085,-1.9423,0.0193,-0.6569,0,1,0,0.61787,1
0.3735,3.9011,2.7247,12.3991,2.7019,0.0378,-1.0851,0,1,0,1.27854,1
0.4981,5.2879,2.4916,12.9615,-2.0535,0.0291,-2.0790,0,1,1,1.84792,1
0.3823,4.0970,2.7384,12.8980,-2.9153,0.0021,-1.4717,0,1,1,1.62740,1
0.3598,3.9270,2.8050,12.9386,-2.5924,0.0240,-1.4474,0,1,0,1.68727,1
0.3725,4.0066,2.7622,11.6424,-2.3097,0.0272,-0.4865,0,0,0,0.00000,1
0.3759,4.0750,2.7652,11.9293,3.0469,0.0519,-0.7406,0,1,0,0.34850,3
0.4463,4.3801,2.5128,12.3600,-1.8170,0.0302,-1.2637,0,1,0,1.07659,1
0.5010,5.4029,2.5026,12.0495,2.6382,0.0720,-1.1698,0,1,0,0.71522,1
0.4222,4.2549,2.5890,11.9589,1.6289,0.0341,-0.8421,0,1,0,0.65329,3
0.4182,4.2417,2.6040,11.8349,2.4253,0.0366,-0.7309,0,1,0,0.38986,3
0.4834,5.2310,2.5437,12.5713,2.5775,0.0511,-1.6331,0,1,0,1.14611,1
0.4307,4.1511,2.5233,11.9072,2.3454,0.0497,-0.8357,0,1,0,0.31466,1
0.4722,4.7913,2.4973,12.2982,2.9468,0.0362,-1.2922,0,1,1,0.89507,1
0.3345,3.6866,2.8662,12.0390,3.1009,0.1142,-0.8106,0,1,0,0.53701,2
0.3462,3.7794,2.8315,13.0558,-2.5827,0.0976,-1.6075,0,1,1,0.89867,1
0.3697,3.9131,2.7480,12.3240,-2.5579,0.1137,-1.1212,0,1,1,0.97205,1
0.4925,4.7520,2.4034,12.2261,-0.9622,0.0152,-1.2471,0,1,0,0.57967,1
0.3887,3.9767,2.6710,11.9991,2.1141,0.0312,-0.7965,0,1,0,0.47753,3
0.4949,5.2845,2.5047,13.0912,-3.1127,0.0182,-2.1897,0,1,1,0.52826,1
0.3702,4.0115,2.7758,11.6108,-2.3359,0.0389,-0.4737,0,1,0,0.29716,1
0.3709,3.9506,2.7532,12.2059,2.6600,0.0981,-1.0075,0,1,0,0.86491,3
0.4407,4.4515,2.5554,12.1306,-0.8564,0.0094,-1.0057,0,1,0,0.63229,1
0.4874,4.5597,2.3824,11.5781,-2.8067,0.0007,-0.5759,0,1,0,0.15086,1
0.4655,4.8089,2.5303,11.8831,2.2293,0.0930,-0.9460,0,1,0,0.41178,1
0.4907,5.2929,2.5247,11.9303,-1.6871,0.0090,-0.9395,0,1,0,0.25320,1
0.3888,4.2002,2.7353,12.9354,-2.5807,0.0583,-1.6248,2,2,0,1.66268,1
0.4962,4.7925,2.3970,11.9527,-0.6840,0.0101,-0.9724,0,0,2,0.32664,1
0.4143,4.2759,2.6315,12.0428,-1.6042,0.0212,-0.8791,0,1,0,0.29835,1
0.4088,4.4680,2.7094,12.0310,-2.2025,0.0381,-0.8792,0,1,0,0.41739,1
0.3528,3.7460,2.7844,13.1847,2.5726,0.0852,-1.7264,0,1,1,2.03943,1
0.4963,5.1136,2.4636,12.0362,-1.7188,0.0207,-1.0737,0,1,0,0.44954,3
0.4985,5.1233,2.4566,12.4682,-2.2552,0.0037,-1.5030,0,1,1,1.07955,1
0.3800,3.9838,2.7164,11.8759,1.7183,0.0240,-0.6722,0,0,0,0.00000,1
0.4307,4.6982,2.6628,12.7154,-2.6699,0.1020,-1.6607,0,1,1,1.20997,1
0.4717,5.0706,2.5610,11.6949,1.6909,0.0104,-0.6753,0,1,0,0.31361,1
0.4126,4.4602,2.6887,13.1378,-2.6577,0.0012,-1.8165,0,1,1,1.61148,1
0.3807,4.0953,2.7464,12.3992,2.8163,0.0795,-1.1671,0,1,0,1.19413,3
0.3574,3.8706,2.7998,11.8762,-2.8240,0.1780,-0.8211,0,1,0,0.58684,1
0.3844,4.0710,2.7204,12.0035,-2.7595,0.0133,-0.7671,0,1,0,0.64926,1
0.4367,4.2544,2.5236,11.5731,-2.4764,0.0354,-0.5371,0,1,0,0.20123,1
0.4466,4.4091,2.5186,11.7799,-1.8710,0.0391,-0.7412,0,1,0,0.31106,3
0.4386,4.2218,2.5068,11.4437,1.5059,0.0190,-0.4090,0,1,0,0.19652,3
0.3799,4.1433,2.7645,12.2436,-2.8594,0.1117,-1.0809,0,1,1,0.57551,1
0.3924,4.2955,2.7445,12.4755,-2.4010,0.0596,-1.2398,0,2,0,0.74230,3
0.4846,4.6951,2.4236,12.0100,0.9560,0.0060,-0.9962,0,1,0,0.47287,1
0.3739,4.0176,2.7581,12.1939,-2.6174,0.0663,-0.9625,0,1,0,0.37093,3
0.3511,3.7646,2.7996,12.2384,-2.4624,0.0802,-0.9545,0,1,1,0.65838,3
0.3594,3.7947,2.7650,11.9055,2.7473,0.0590,-0.6970,0,1,0,0.47546,3
0.4369,4.4534,2.5729,12.0758,2.9577,0.0083,-0.9457,0,1,0,0.66827,3
0.4265,4.5817,2.6537,11.8694,2.9954,0.0042,-0.7367,0,1,0,0.28373,1
0.4057,4.3889,2.7038,12.2092,1.8764,0.0283,-1.0089,0,1,0,0.67463,1
0.3591,3.9195,2.8062,12.1195,-2.6245,0.1353,-0.9579,0,1,0,0.56880,3
0.4322,4.2261,2.5361,11.9271,-2.8133,0.0458,-0.8517,0,1,0,0.68079,1
0.4597,4.8492,2.5651,12.4531,1.5455,0.0221,-1.3860,0,1,1,1.16691,1
0.4893,5.2858,2.5293,11.7154,-2.5799,0.0171,-0.7355,0,1,0,0.35624,3
0.4253,4.3154,2.5907,11.7458,1.8466,0.0317,-0.6624,0,1,0,0.39370,3
0.4492,4.3162,2.4845,12.2949,2.7824,0.0212,-1.1970,0,1,1,0.61584,1
0.4195,4.5970,2.6912,12.8307,3.0043,0.0802,-1.6923,0,1,0,1.75130,1
0.4114,4.4083,2.6810,12.1813,-1.6403,0.0260,-0.9972,0,1,0,0.90967,1
0.5091,5.0954,2.4070,12.0832,1.3701,0.0315,-1.1691,0,1,1,0.60922,1
0.3365,3.6775,2.8519,12.5438,-2.6469,0.1870,-1.2964,0,1,0,1.27039,1
0.4828,4.4655,2.3799,11.9553,-0.1522,0.0290,-0.9682,0,1,0,0.37458,1
0.3576,3.7803,2.7698,11.8530,-2.7575,0.0771,-0.6775,0,1,0,0.52810,3
0.4295,4.4817,2.6139,12.0000,2.1038,0.0465,-0.9117,0,1,0,0.43804,3
0.4341,4.1796,2.5159,11.7621,2.0411,0.0268,-0.6855,0,1,0,0.41240,3
0.4126,4.1865,2.6156,12.2669,-2.7932,0.0311,-1.0807,0,1,0,0.96804,1
0.3625,3.9011,2.7820,13.2579,-1.9659,0.0186,-1.7121,1,2,1,2.09672,1
0.3689,3.8887,2.7447,12.5595,-3.0243,0.0094,-1.1561,0,1,1,1.18996,1
0.4296,4.2454,2.5529,12.1130,2.8717,0.0126,-0.9653,0,2,0,0.41583,1
0.3756,4.0458,2.7580,11.5719,-2.9464,0.1009,-0.5260,0,1,0,0.22701,3
0.4671,4.4593,2.4430,11.7333,-3.1154,0.0096,-0.6986,0,0,0,0.00000,1
0.5269,5.0544,2.3278,12.1678,2.7604,0.0027,-1.2649,0,1,1,0.59443,1
0.3699,4.0007,2.7738,12.1509,-2.8865,0.1236,-0.9950,0,1,0,0.91725,1
0.4585,5.0508,2.6162,12.4585,-2.2386,0.0088,-1.3691,0,1,1,1.04788,0
0.3736,3.9505,2.7395,12.4896,2.8227,0.0315,-1.1489,0,1,1,1.25443,1
0.4990,5.4200,2.5144,12.0417,-1.2731,0.0469,-1.1230,0,1,0,0.52882,1
0.5384,5.5683,2.3779,12.3113,-2.8453,0.0138,-1.4781,0,2,0,0.85005,1
0.4093,4.2216,2.6405,12.3614,2.3139,0.0122,-1.1261,0,1,0,1.04993,1
0.5178,5.3923,2.4293,12.1128,1.6016,0.0046,-1.1877,0,1,0,0.40507,3
0.3640,3.8974,2.7732,12.1275,-2.7591,0.0082,-0.8074,0,1,0,0.58590,1
0.5461,5.1428,2.2703,11.9749,-0.9066,0.0316,-1.1439,0,1,0,0.63762,1
0.4700,5.1649,2.5894,11.6561,-1.8108,0.0020,-0.6263,0,1,0,0.31895,1
0.4018,4.1203,2.6483,11.6713,-2.9808,0.0248,-0.5519,0,1,0,0.38038,3
0.4606,4.7241,2.5322,12.0187,0.9629,0.0117,-0.9561,0,1,0,0.36579,1
0.4332,4.6722,2.6447,11.7897,-1.9967,0.0602,-0.7516,0,1,0,0.49009,3
0.4517,4.7104,2.5689,12.1839,-1.4591,0.0233,-1.1046,0,1,0,0.90160,1
0.5550,5.7422,2.3419,11.8248,-2.9682,0.0090,-0.9708,0,1,0,0.30046,1
0.4329,4.2643,2.5428,11.4945,-2.5521,0.0039,-0.4271,0,1,0,0.25412,3
0.4025,4.0260,2.6185,11.8440,-2.9232,0.0227,-0.6893,0,1,0,0.24099,3
0.3713,4.0985,2.7964,12.2242,2.5753,0.1658,-1.1146,0,1,1,0.93195,0
0.3732,4.0560,2.7737,12.3769,1.9067,0.0396,-1.0690,0,1,0,0.98811,1
0.4093,4.0462,2.5922,12.0085,3.1399,0.0113,-0.8243,0,1,1,0.65120,3
0.5092,5.0182,2.3913,12.7858,2.5005,0.0077,-1.8905,0,1,0,1.32722,1
0.3631,3.8571,2.7654,12.2666,2.7767,0.0267,-0.9353,0,1,0,0.86173,3
0.4774,4.4927,2.4081,11.7273,-0.5042,0.0188,-0.7235,0,1,0,0.39804,3
0.5559,5.7108,2.3330,12.0663,-2.3397,0.0205,-1.2603,0,1,0,0.50422,1
0.4398,4.8394,2.6543,13.0929,1.9762,0.0177,-1.9309,0,1,2,1.85623,1
0.4403,4.3338,2.5276,11.7973,2.0478,0.0151,-0.7137,0,1,0,0.40510,3
0.4063,4.0547,2.6089,11.7490,2.1165,0.0244,-0.6213,0,1,0,0.28928,3
0.4030,4.0123,2.6125,11.8384,-3.1168,0.0581,-0.7309,0,1,0,0.38930,1
0.3835,4.0388,2.7156,12.0287,-2.3876,0.0817,-0.8746,0,1,0,0.76182,3
0.3894,4.2972,2.7600,11.8728,-2.9121,0.0881,-0.7699,0,1,0,0.33330,2
0.3962,4.0303,2.6499,11.7065,-0.4871,0.0007,-0.5408,0,1,0,0.23149,1
0.4807,4.5394,2.4052,12.0975,-1.2041,0.0316,-1.1077,0,1,0,0.67310,1
0.5010,4.9158,2.4034,12.4324,-3.1155,0.0046,-1.4728,0,0,3,0.87842,1
0.5459,5.7578,2.3812,11.9064,-1.7702,0.0203,-1.0564,0,1,0,0.58037,3
0.3454,3.7046,2.8110,12.0596,2.8828,0.1409,-0.8867,0,1,0,0.45570,1
0.3989,4.1429,2.6689,11.8334,2.4041,0.0749,-0.7404,0,1,0,0.59329,3
0.6345,5.8415,2.0605,12.5419,-0.3214,0.0526,-2.1527,0,1,0,1.15946,1
0.4391,4.2925,2.5225,11.8975,1.8985,0.0014,-0.7817,0,1,0,0.27390,3
0.6062,5.9734,2.1819,12.0644,0.2441,0.0098,-1.3765,0,1,0,0.50782,1
0.4466,4.2939,2.4902,12.3668,-1.6507,0.0101,-1.2403,0,1,0,1.10046,1
0.5238,5.1943,2.3671,12.1004,0.7374,0.0107,-1.1968,0,1,0,0.69508,1
0.3723,3.9574,2.7480,13.1182,-2.5887,0.0266,-1.6559,0,2,1,1.61228,1
0.3586,3.9223,2.8099,12.2813,2.6967,0.1154,-1.0563,0,1,1,0.96482,3
0.4216,4.2817,2.5990,11.6646,-2.1540,0.0551,-0.6160,0,1,0,0.17787,3
0.5064,4.6226,2.3209,11.5696,0.3197,0.0399,-0.6458,0,1,0,0.21328,3
0.4516,4.8279,2.5967,13.1498,1.9412,0.0123,-2.0339,0,1,1,1.96482,1
0.5025,4.9113,2.3965,11.9517,-1.6792,0.0290,-1.0119,0,1,0,0.24745,3
0.4056,4.2668,2.6709,11.7803,2.9359,0.0520,-0.6807,0,1,0,0.27194,3
0.4078,4.1379,2.6247,12.3061,-2.8185,0.0457,-1.1218,0,1,1,0.90828,1
0.4507,4.8880,2.6148,11.7833,-1.8136,0.0097,-0.7167,0,1,0,0.23602,1
0.3930,4.2246,2.7211,12.4588,-2.4268,0.0372,-1.1951,0,1,0,1.19715,1
0.4093,4.4739,2.7086,12.4596,3.0738,0.0962,-1.3349,0,1,1,0.94037,1
0.4639,4.6134,2.4924,11.9247,0.3223,0.0028,-0.8628,0,1,0,0.54828,1
0.4469,4.4036,2.5162,11.8364,2.3215,0.0699,-0.8325,0,1,0,0.32321,1
0.4308,4.3923,2.5855,11.6860,-2.3209,0.0264,-0.6144,0,1,0,0.33176,3
0.3815,4.0380,2.7253,13.0651,2.8218,0.0265,-1.6519,0,1,1,1.47944,1
0.3752,4.0974,2.7756,11.8667,-2.4775,0.0505,-0.6891,0,1,0,0.18795,3
0.4261,4.1184,2.5354,11.9951,-0.6888,0.0123,-0.8524,0,1,0,0.74216,1
0.4023,4.4353,2.7333,11.8757,-2.4246,0.0229,-0.7162,0,1,0,0.50994,0
0.3370,3.7012,2.8566,12.8133,-3.1256,0.0237,-1.2576,0,2,0,1.42931,1
0.4477,4.8080,2.6098,11.9336,1.4752,0.0198,-0.8592,0,1,0,0.53913,1
0.4394,4.5132,2.5765,12.3129,-1.5542,0.0199,-1.1845,0,1,0,0.66763,1
0.3577,3.9271,2.8164,12.5943,-3.0266,0.1372,-1.3360,0,1,0,1.29768,1
0.4346,4.5665,2.6118,12.6011,2.4711,0.0392,-1.4675,0,1,0,1.29200,1
0.4619,4.6419,2.5078,11.7588,-1.4199,0.0042,-0.7070,0,1,0,0.30438,3
0.3919,4.0038,2.6634,12.1631,2.7898,0.0703,-0.9905,0,1,0,0.78061,1
0.3430,3.7200,2.8296,12.1846,-2.3739,0.0626,-0.8689,0,1,0,1.01138,1
0.3878,3.9302,2.6615,12.5382,2.7377,0.0163,-1.2126,0,1,3,1.20440,0
0.4936,4.4851,2.3412,12.0918,2.0927,0.0019,-1.0920,0,1,0,0.64367,1
0.3932,4.0708,2.6762,12.7629,2.1054,0.0110,-1.4143,0,1,2,1.57069,1
0.3551,3.8074,2.7920,12.3172,2.5786,0.0453,-0.9771,0,1,0,1.07854,3
0.3675,3.8469,2.7387,11.7368,3.0830,0.0038,-0.5192,0,1,0,0.30326,1
0.3882,4.2096,2.7411,11.9988,-2.6120,0.1600,-0.9632,0,1,0,0.69141,1
0.5208,5.0336,2.3479,12.5000,0.8873,0.0258,-1.6460,0,1,0,1.13765,1
0.5298,5.0197,2.3098,11.6901,1.3164,0.0456,-0.8183,0,1,0,0.27446,3
0.3742,3.9745,2.7436,13.0960,-2.9799,0.0192,-1.6324,0,1,1,1.61237,1
0.4830,5.0745,2.5122,11.8893,-2.4093,0.0339,-0.9136,0,1,0,0.16000,3
0.5527,5.5678,2.3210,12.1826,-1.6518,0.0432,-1.4161,0,1,0,0.72930,1
0.4793,5.1981,2.5551,11.7959,2.3553,0.0432,-0.8272,0,1,0,0.33241,3
0.4075,4.1914,2.6410,12.2129,-1.7726,0.0360,-1.0268,0,1,0,0.32602,3
0.3832,4.2215,2.7704,13.3218,-2.9020,0.0440,-1.9181,0,1,1,1.76625,0
0.4886,4.8864,2.4483,12.1230,1.5760,0.0122,-1.1287,0,1,0,0.44228,1
0.3738,3.9033,2.7238,12.2105,-3.0850,0.0175,-0.9084,0,1,0,0.91835,3
0.4448,4.8669,2.6371,11.9198,-2.5567,0.1497,-1.0085,0,1,0,0.20396,1
0.3582,3.8063,2.7749,11.8543,-2.2633,0.0614,-0.6601,0,1,0,0.57546,3
0.4926,5.2570,2.5088,11.8956,-2.4616,0.0511,-0.9641,0,1,1,0.40203,1
0.3770,4.0549,2.7533,11.9086,3.0654,0.1175,-0.8104,0,1,0,0.60125,1
0.3533,3.7927,2.7969,12.9618,-2.5348,0.0453,-1.4741,0,1,0,1.91753,1
0.4213,4.1277,2.5595,11.9354,-1.9607,0.0201,-0.8009,0,1,0,0.45132,3
0.3505,3.7626,2.8021,12.9772,-2.7001,0.0195,-1.4312,0,1,1,1.75535,1
0.3765,4.0910,2.7667,11.9072,-2.2288,0.0760,-0.7553,0,1,0,0.58292,3
0.4219,4.5403,2.6647,11.7909,-2.1767,0.0019,-0.6581,0,1,0,0.33093,1
0.4438,4.6147,2.5817,12.7800,-1.6676,0.0092,-1.6254,0,2,0,1.00647,1
0.5124,4.9085,2.3563,11.8961,-1.1094,0.0260,-0.9727,0,1,0,0.32721,1
0.4223,4.4520,2.6404,12.0813,-1.4282,0.0204,-0.9309,0,1,1,0.70935,1
0.4202,4.3864,2.6332,12.6355,-1.3942,0.0058,-1.3950,0,2,0,0.94297,1
0.5994,5.5071,2.1358,11.9150,-0.6066,0.0191,-1.1849,0,1,0,0.38495,1
0.4961,4.5074,2.3365,11.8169,0.4401,0.0639,-0.9059,0,0,0,0.00000,1
0.4842,4.8911,2.4678,11.8463,-1.3441,0.0090,-0.8407,0,1,0,0.42024,3
0.3569,3.8811,2.8062,13.3267,2.9998,0.0819,-1.8603,0,1,2,2.46022,1
0.4833,5.1962,2.5370,12.5149,2.1869,0.0111,-1.5126,0,1,2,1.08721,1
0.4134,4.2136,2.6190,11.8186,-2.9942,0.0025,-0.6645,0,1,0,0.33533,3
0.4822,4.4600,2.3813,11.8448,-1.2371,0.0462,-0.8816,0,1,0,0.50127,1
0.3439,3.7286,2.8275,12.2407,-3.0043,0.0583,-0.9067,0,1,1,1.08024,3
0.4121,4.2499,2.6350,12.1673,2.8773,0.0549,-1.0262,0,1,0,0.59888,1
0.3320,3.6245,2.8586,11.9631,-2.5379,0.0819,-0.7104,0,1,0,0.30006,3
0.5061,4.8131,2.3619,12.3943,0.1462,0.0011,-1.4419,0,1,1,0.56675,1
0.5320,4.8911,2.2766,12.0934,1.5369,0.0100,-1.2066,0,1,0,0.19738,1
0.4162,4.2808,2.6242,12.0007,-1.6245,0.0039,-0.8246,0,1,0,0.55482,1
0.3804,3.9184,2.6951,12.3034,2.8903,0.0787,-1.0866,0,1,0,1.00301,1
0.3735,3.9622,2.7435,11.8459,-3.0324,0.1280,-0.7672,0,1,0,0.37580,1
0.4810,4.5410,2.4041,12.4099,1.2071,0.0272,-1.4171,0,1,1,1.17330,1
0.4196,4.4291,2.6473,11.8616,2.4907,0.0542,-0.7792,0,1,0,0.58116,3
0.4753,4.8120,2.4883,11.9513,1.5286,0.0514,-0.9793,0,2,0,0.62028,3
0.3852,4.1469,2.7385,12.8965,2.5671,0.0237,-1.5180,0,1,1,1.70879,1
0.4431,4.6045,2.5824,11.9391,-1.4458,0.0616,-0.9079,1,1,0,0.32671,1
0.3775,4.0185,2.7398,11.7950,2.7595,0.0091,-0.5870,0,1,0,0.58143,1
0.3506,3.7423,2.7948,12.8743,2.5169,0.0598,-1.4170,0,1,1,0.78883,1
0.4761,4.6298,2.4444,12.2022,-2.4027,0.0300,-1.1979,0,1,0,0.69547,1
0.3282,3.6012,2.8723,13.0444,-2.9296,0.0194,-1.3859,0,1,1,1.77283,1
0.4322,4.5867,2.6281,11.7930,-3.0491,0.0173,-0.6985,0,1,0,0.38120,3
0.5533,5.3079,2.2730,12.1429,1.3613,0.0179,-1.3334,0,1,0,0.48046,1
0.5419,5.7458,2.3953,12.8661,-0.7618,0.0043,-2.1196,0,1,1,1.17101,1
0.3868,3.9327,2.6672,12.3947,-2.2292,0.0262,-1.1055,0,1,0,1.19528,1
0.3992,4.3853,2.7350,11.8432,3.1104,0.0777,-0.7525,0,1,0,0.50918,3
0.4616,4.7282,2.5290,11.6433,2.3630,0.0915,-0.7091,0,1,0,0.21698,1
0.4435,4.8301,2.6346,12.1225,3.1255,0.0293,-1.0349,0,1,0,0.59976,3
0.4336,4.7823,2.6697,11.9233,2.3309,0.0535,-0.8626,0,1,0,0.50433,2
0.4686,4.7074,2.4938,12.0304,-0.9996,0.0194,-0.9964,0,1,0,0.37327,1
0.3751,4.1373,2.7881,11.8178,3.0241,0.0241,-0.6188,0,1,0,0.23879,0
0.4377,4.7970,2.6538,12.1141,1.6922,0.0649,-1.0601,0,1,0,0.67932,1
0.4034,4.3684,2.7095,11.7298,2.8584,0.0090,-0.5827,0,1,0,0.28918,1
0.3676,3.8934,2.7528,12.2900,-2.7441,0.0299,-0.9705,0,1,1,0.79934,3
0.4194,4.3611,2.6300,12.6194,-2.0889,0.0571,-1.4578,0,1,0,1.22355,1
0.3665,3.8552,2.7467,12.1360,2.9205,0.0355,-0.8564,0,1,0,0.87644,3
0.4575,4.7651,2.5556,12.0141,-0.6377,0.0062,-0.9374,0,1,0,0.70737,1
0.3994,4.3323,2.7192,12.2834,-2.8081,0.0911,-1.1416,0,1,1,0.97679,1
0.3667,3.8993,2.7593,12.2872,-2.9909,0.0116,-0.9405,0,1,1,0.97091,1
0.3649,3.8722,2.7606,12.0201,-2.4919,0.0763,-0.8177,0,1,0,0.75845,3
0.4378,4.2219,2.5105,12.1320,1.4079,0.0185,-1.0109,0,1,0,0.28038,1
0.4067,4.1190,2.6246,11.8424,-2.7850,0.0207,-0.6940,0,1,0,0.44874,3
0.3773,4.0853,2.7610,12.8412,-2.4324,0.0190,-1.4314,0,1,1,1.45068,1
0.4222,4.5733,2.6718,11.9928,2.8097,0.0039,-0.8332,0,1,0,0.62616,1
0.4202,4.3200,2.6154,12.3856,-1.8913,0.0136,-1.1828,0,1,2,0.87304,1
0.5359,5.6943,2.4108,11.5912,2.6353,0.0379,-0.7178,0,1,0,0.31454,1
0.5064,4.6566,2.3278,11.6631,-0.4410,0.0237,-0.7190,0,1,0,0.30891,3
0.4982,4.5986,2.3477,11.8967,-0.5718,0.0122,-0.9219,0,1,0,0.35197,1
0.3892,3.9399,2.6577,11.8121,-3.0811,0.0781,-0.7083,0,1,0,0.20002,1
0.4782,5.0289,2.5236,11.9523,-1.3067,0.0190,-0.9446,0,1,0,0.49007,1
0.3864,3.9343,2.6699,12.3725,-2.3526,0.0308,-1.0925,0,1,0,1.15959,1
0.5605,5.0701,2.2036,11.9042,-1.0201,0.0358,-1.1028,0,1,0,0.60086,1
0.4114,4.1158,2.6018,12.4428,3.0910,0.0162,-1.2085,0,1,2,1.72211,1
0.3453,3.7069,2.8122,11.6707,-3.1209,0.0157,-0.4511,0,1,0,0.29372,1
0.3615,3.9501,2.8029,12.2720,-2.5184,0.1196,-1.0631,0,1,0,1.09008,3
0.4618,4.9488,2.5785,12.4059,-2.2590,0.0395,-1.3725,0,1,0,0.89087,3
0.4412,4.7627,2.6293,11.7415,2.7823,0.0012,-0.6507,0,1,0,0.48452,1
0.5673,5.3223,2.2227,12.1842,-0.2730,0.0363,-1.4473,0,1,0,0.60158,1
0.3923,4.0555,2.6762,11.6041,-1.6681,0.0408,-0.5034,0,1,0,0.29480,1
0.4004,4.2804,2.7000,12.0253,-2.3874,0.0261,-0.8386,0,1,0,0.77947,3
0.4688,4.7079,2.4929,12.8668,1.4820,0.0106,-1.8159,0,2,1,1.51883,1
0.3856,4.1628,2.7411,12.2349,-2.9098,0.0875,-1.0564,0,1,0,0.98360,3
0.3638,3.8647,2.7637,11.7292,-2.9482,0.0888,-0.6114,0,1,0,0.47073,3
0.4315,4.3258,2.5650,12.1156,1.7662,0.0463,-1.0193,0,1,0,0.49773,1
0.5292,4.8392,2.2772,12.0108,0.4218,0.0207,-1.1248,0,1,0,0.17664,1
0.4862,4.6922,2.4162,12.3558,1.4366,0.0134,-1.3582,0,1,2,0.71500,1
0.5509,5.1852,2.2598,11.9832,0.6796,0.0472,-1.1868,0,1,0,0.58247,1
0.3668,4.0183,2.7957,12.9670,2.1943,0.0215,-1.4962,0,1,1,1.69030,1
0.4055,4.2387,2.6636,12.3895,2.6624,0.0295,-1.1639,0,1,0,1.00367,1
0.5603,5.2089,2.2288,11.8465,-0.3544,0.0675,-1.0812,0,1,0,0.28419,1
0.4209,4.2547,2.5951,11.9290,-2.9517,0.0387,-0.8195,0,1,0,0.24455,1
0.4253,4.1534,2.5481,11.6257,-0.0333,0.0002,-0.5213,0,1,0,0.32758,3
0.4641,4.7109,2.5142,12.3329,1.3903,0.0311,-1.2943,0,1,1,0.83878,1
0.4614,4.6616,2.5144,11.7394,1.5753,0.0305,-0.7216,0,1,0,0.47809,3
0.3697,4.0228,2.7817,11.7214,-2.9429,0.0104,-0.5203,0,1,0,0.34586,1
0.4532,4.3453,2.4745,12.2349,-0.6374,0.0234,-1.1551,0,1,1,0.47447,1
0.4232,4.2766,2.5903,12.4425,2.5508,0.0143,-1.2436,0,1,0,1.03472,1
0.3354,3.6878,2.8617,13.0082,-3.0327,0.1467,-1.6027,0,1,2,2.11625,1
0.4439,4.3872,2.5252,11.7884,-2.0628,0.0042,-0.6990,0,1,0,0.25017,3
0.4385,4.2261,2.5085,11.6674,-3.0852,0.0309,-0.6160,0,1,0,0.27747,1
0.4889,4.7609,2.4201,12.0882,-0.7606,0.0297,-1.1181,0,1,0,0.62245,1
0.5560,5.7939,2.3468,12.4388,1.6717,0.0175,-1.6891,0,1,1,0.74972,1
0.3652,3.9187,2.7734,13.1617,-1.9449,0.0173,-1.6426,0,1,1,1.74489,1
0.3415,3.7667,2.8535,12.9957,2.6250,0.0484,-1.4550,0,1,2,1.21238,0
0.4328,4.5786,2.6231,13.0936,-2.9363,0.0490,-1.9546,0,1,1,1.74480,1
0.5587,5.5635,2.2967,11.9440,0.3141,0.0214,-1.1280,0,1,0,0.20103,3
0.4933,4.9318,2.4386,12.4704,1.5103,0.0363,-1.5367,0,1,1,0.65524,1
0.3911,4.2647,2.7424,12.4962,2.9524,0.0561,-1.2481,0,1,0,1.14617,3
0.3398,3.7205,2.8478,12.7064,-3.0697,0.1180,-1.3325,0,1,0,1.53508,1
0.3551,3.8760,2.8140,12.4786,3.1148,0.1462,-1.2466,0,1,0,1.29473,1
0.5528,5.1225,2.2415,12.0702,-1.4449,0.0132,-1.2409,0,1,0,0.79903,1
0.3673,3.8993,2.7565,12.0214,-2.8672,0.0186,-0.7489,0,1,0,0.60545,1
0.4511,4.7632,2.5839,12.6518,-1.7903,0.0251,-1.5550,0,1,0,1.21618,1
0.3303,3.6337,2.8721,13.3665,-2.7102,0.0376,-1.6729,0,1,1,2.25402,1
0.4287,4.1991,2.5448,11.8025,1.5350,0.0022,-0.6791,0,1,0,0.27688,3
0.3367,3.6747,2.8496,12.2700,-2.4669,0.0432,-0.8876,0,1,0,0.78012,1
0.6051,5.5133,2.1161,12.3676,0.4880,0.0378,-1.7921,0,0,0,0.00000,1
0.5011,5.0785,2.4365,11.8436,0.5891,0.0252,-0.8950,0,1,0,0.26078,1
0.4108,4.4020,2.6822,12.1225,2.3186,0.0715,-1.0066,0,1,0,0.45899,3
0.5146,5.2314,2.4114,11.7440,-2.5920,0.0177,-0.8116,0,1,0,0.18853,1
0.4625,4.5149,2.4754,11.9763,3.0168,0.0145,-0.9231,0,1,0,0.56829,1
0.4906,4.9667,2.4573,12.4473,1.4287,0.0278,-1.4905,0,1,1,0.90844,1
0.3926,4.2759,2.7377,13.2315,1.9678,0.0242,-1.8475,0,1,1,1.76330,1
0.3480,3.7168,2.8006,11.9889,2.1892,0.0772,-0.7575,0,1,0,0.53534,3
0.5068,4.9018,2.3772,11.9388,2.7083,0.0090,-0.9814,0,1,0,0.63029,1
0.3582,3.7905,2.7698,12.4017,2.6109,0.0469,-1.0532,0,1,0,1.03454,1
0.5226,5.0316,2.3404,11.7616,2.1025,0.0160,-0.8414,0,1,0,0.25250,1
0.4903,4.9108,2.4465,11.9784,-0.7419,0.0293,-1.0113,0,0,0,0.00000,1
0.3772,4.0738,2.7579,11.7500,-3.1241,0.0123,-0.5567,0,1,0,0.42540,1
0.4549,4.7096,2.5542,12.1888,-3.1011,0.0418,-1.1439,0,1,0,0.48790,1
0.4533,4.5106,2.5140,11.7960,1.1199,0.0335,-0.7617,0,1,0,0.46135,1
0.3767,3.9199,2.7141,11.9447,1.8918,0.0197,-0.7126,0,1,0,0.37757,1
0.5735,5.8096,2.2805,12.0064,0.3729,0.0202,-1.2361,0,1,0,0.47237,3
0.4127,4.1980,2.6179,11.8332,-2.8739,0.0191,-0.6963,0,1,0,0.50011,3
0.4191,4.1009,2.5622,11.7175,2.6031,0.0679,-0.6723,0,1,0,0.15156,1
0.4739,4.5137,2.4272,11.8571,0.6155,0.0281,-0.8528,0,1,0,0.40737,1
0.4472,4.6640,2.5781,13.0887,-2.1377,0.0473,-2.0141,0,1,0,1.78451,1
0.3480,3.8266,2.8371,12.3819,2.6366,0.0892,-1.0666,0,1,0,1.08389,3
0.3768,4.0269,2.7460,12.3004,2.7597,0.1428,-1.1631,0,1,0,0.75242,1
0.4482,4.9466,2.6400,11.7561,-3.1177,0.0054,-0.6826,0,1,0,0.23966,0
0.4203,4.1138,2.5601,11.6975,-1.1111,0.0272,-0.6067,0,1,0,0.32076,1
0.4110,4.1286,2.6073,11.9832,-2.1748,0.0092,-0.8045,0,1,2,0.79630,3
0.4299,4.1844,2.5356,11.7842,-2.8731,0.0239,-0.6933,0,1,0,0.59035,1
0.6376,6.0683,2.0807,11.8743,0.9921,0.0106,-1.2164,0,1,0,0.53348,1
0.4245,4.2336,2.5730,11.8506,1.8140,0.0177,-0.7323,0,1,0,0.54726,3
0.4766,4.7582,2.4712,12.0291,0.5167,0.0134,-1.0064,0,1,0,0.57644,1
0.5221,5.0872,2.3532,12.0464,-1.6676,0.0211,-1.1482,0,1,0,0.56075,1
0.6065,5.8943,2.1691,12.7151,0.7718,0.0092,-2.2043,0,1,1,1.39692,1
0.4229,4.2043,2.5725,11.8352,-1.4098,0.0233,-0.7230,0,1,0,0.20413,1
0.4906,4.7707,2.4153,11.6963,3.0969,0.0138,-0.7124,0,1,0,0.27740,1
0.4126,4.3073,2.6480,11.8517,2.1835,0.0288,-0.7242,0,1,0,0.42175,3
0.4415,4.3165,2.5183,11.6176,-2.1059,0.0121,-0.5545,0,1,0,0.37966,3
0.4371,4.3702,2.5510,11.7508,-0.9666,0.0112,-0.6623,0,1,0,0.51233,1
0.4170,4.3756,2.6451,11.7058,-2.1030,0.0300,-0.6123,0,1,0,0.24040,3
0.4061,4.4435,2.7162,12.0123,2.0043,0.0376,-0.8565,0,1,0,0.67468,1
0.3755,3.9677,2.7349,12.6423,2.3593,0.0126,-1.2504,0,1,0,1.45162,1
0.4811,4.7557,2.4516,11.6492,-2.0143,0.0215,-0.6604,0,1,0,0.21104,3
0.4182,4.1571,2.5816,11.7577,-2.4130,0.0145,-0.6375,0,1,0,0.31459,3
0.3872,4.0779,2.7081,12.3111,-2.4520,0.0433,-1.0625,0,1,1,0.78787,3
0.4557,4.7390,2.5576,12.2459,1.2779,0.0098,-1.1555,0,1,0,0.70038,1
0.4890,5.0523,2.4818,11.8202,0.3136,0.0142,-0.8327,0,1,0,0.32589,1
0.4035,4.1815,2.6574,11.8173,3.1017,0.0049,-0.6476,0,1,0,0.36339,1
0.4768,5.1066,2.5462,12.4354,-2.2452,0.0219,-1.4256,0,0,0,0.00000,1
0.5196,5.2634,2.3972,11.5976,1.4035,0.0594,-0.7224,0,1,0,0.21079,3
0.4535,4.7934,2.5800,11.9015,-1.4341,0.0217,-0.8449,0,1,0,0.42258,1
0.4474,4.6655,2.5775,12.3147,2.7300,0.0018,-1.1845,0,1,1,0.83676,1
0.3522,3.7904,2.8021,12.4734,3.1268,0.0181,-1.0478,0,1,0,1.26050,1
0.5502,5.7043,2.3546,11.9507,-0.7477,0.0514,-1.1572,0,1,0,0.64110,1
0.3951,4.2081,2.7061,11.6599,2.5960,0.0844,-0.6046,0,1,1,0.37656,3
0.3708,4.0946,2.7981,11.9685,2.5987,0.2038,-0.9545,0,0,1,0.22589,0
0.5119,5.2295,2.4220,11.6888,-2.1072,0.0095,-0.7399,0,1,0,0.20694,3
0.4572,4.6509,2.5301,11.7896,1.8252,0.0187,-0.7451,0,1,0,0.36739,3
0.5683,5.3139,2.2175,12.2117,0.7521,0.0036,-1.4336,0,1,0,0.55156,1
0.4355,4.4355,2.5748,12.0110,-2.3811,0.0944,-0.9995,0,1,0,0.68410,1
0.4252,4.3692,2.6050,12.7018,2.3205,0.0367,-1.5235,0,1,3,0.97842,1
0.5085,4.7872,2.3469,12.2353,-0.5250,0.0270,-1.3193,0,2,0,0.69922,1
0.3990,4.1895,2.6814,11.9957,-2.7522,0.0056,-0.7840,0,1,0,0.56691,1
0.5193,5.1802,2.3823,12.0454,-1.5784,0.0150,-1.1326,0,1,0,0.56742,3
0.4266,4.3164,2.5852,12.4700,2.7924,0.0434,-1.3235,0,1,1,1.23869,1
0.4092,4.2141,2.6391,12.0052,-2.0668,0.0424,-0.8632,0,1,0,0.77699,3
0.4220,4.4224,2.6337,11.7767,-1.4413,0.0137,-0.6605,0,1,0,0.47143,1
0.4836,5.3018,2.5579,12.0668,-2.6662,0.0978,-1.1777,0,1,0,0.42462,1
0.4370,4.2477,2.5205,12.0347,2.9266,0.0052,-0.9035,0,1,0,0.45853,1
0.4436,4.5556,2.5678,11.6874,-2.4844,0.0688,-0.6904,0,1,0,0.21004,1
0.4088,4.0420,2.5936,12.2375,-2.3930,0.0030,-1.0043,0,1,1,0.87924,1
0.4216,4.1003,2.5505,12.2906,-2.1093,0.0271,-1.1212,0,1,0,0.90412,1
0.4153,4.0841,2.5751,11.9865,2.4663,0.0112,-0.8193,0,1,0,0.49072,3
0.4198,4.1269,2.5657,11.9611,1.6119,0.0130,-0.8105,0,1,0,0.52822,3
0.4323,4.2022,2.5294,11.7321,-2.8768,0.0093,-0.6345,0,1,0,0.20624,3
0.4313,4.6311,2.6433,12.0279,2.1390,0.0089,-0.8914,0,1,0,0.52928,1
0.3933,4.2401,2.7241,11.9808,2.9581,0.0714,-0.8449,0,1,0,0.26667,3
0.3829,3.9951,2.7056,12.7709,-2.4278,0.0278,-1.4083,0,2,0,1.22558,1
0.3929,4.3372,2.7533,12.5491,-2.6547,0.0172,-1.2421,0,1,0,1.18794,0
0.4462,4.8025,2.6156,11.7852,-2.9075,0.1089,-0.8342,0,1,0,0.18766,1
0.3965,4.1926,2.6949,12.7395,-2.7183,0.0844,-1.5242,0,2,1,1.21451,1
0.4691,5.0854,2.5761,12.9860,1.8725,0.0022,-1.9293,0,2,0,1.09193,1
0.4915,5.1960,2.5011,12.3199,-0.9651,0.0102,-1.3369,0,1,1,0.79066,1
0.4716,4.4459,2.4212,12.0262,1.5825,0.0074,-0.9813,0,1,0,0.47597,1
0.3650,3.8465,2.7517,11.8577,-3.1196,0.0044,-0.6042,0,1,0,0.43587,1
0.4663,4.6357,2.4874,11.7828,1.0596,0.0123,-0.7476,0,1,0,0.49984,3
0.3545,3.8379,2.8052,13.0740,2.7852,0.0125,-1.5135,0,1,2,1.69522,1
0.4413,4.7588,2.6279,12.0675,-2.9066,0.0416,-0.9950,0,0,0,0.00000,3
0.4803,4.7623,2.4562,11.6979,-0.3776,0.0109,-0.6922,0,1,0,0.33162,1
0.3442,3.7224,2.8236,12.4301,3.1058,0.1056,-1.1155,0,1,0,1.30608,3
0.3946,4.3537,2.7494,12.5613,2.9555,0.0569,-1.3171,0,1,2,0.88988,2
0.3717,4.0166,2.7695,11.9086,-2.7465,0.0575,-0.7228,0,1,0,0.17483,3
0.3451,3.7961,2.8435,13.0095,3.0220,0.0688,-1.5156,0,1,1,1.31159,1
0.3706,3.9325,2.7495,12.7669,-2.7403,0.0634,-1.4144,0,1,1,1.37032,1
0.4052,4.2387,2.6648,12.5716,1.8232,0.0166,-1.3019,0,1,0,1.37430,1
0.4178,4.1424,2.5792,11.6681,-1.4531,0.0472,-0.6027,0,1,0,0.24953,1
0.4329,4.7418,2.6632,12.3262,-3.1375,0.0717,-1.2519,0,1,0,0.91052,1
0.4149,4.2479,2.6212,11.5592,1.5595,0.0289,-0.4863,0,1,0,0.27853,1
0.3711,4.0112,2.7710,13.1782,-2.0046,0.0248,-1.6977,0,1,1,1.96355,1
0.3733,4.0219,2.7626,12.7208,-3.1300,0.1122,-1.4622,0,1,1,1.15837,1
0.4821,5.1370,2.5294,12.6989,2.2281,0.0238,-1.7193,0,1,1,1.29417,1
0.4729,4.6020,2.4516,12.8081,-0.9140,0.0091,-1.7682,0,1,1,1.68604,1
0.3760,4.1449,2.7856,12.0469,2.4402,0.0579,-0.8402,0,1,1,0.53297,2
0.3635,3.9698,2.7984,12.7911,2.9320,0.0550,-1.3929,0,1,2,1.72103,1
0.5550,5.3288,2.2699,11.7576,-1.9538,0.0063,-0.8898,0,1,0,0.21463,1
0.4344,4.7043,2.6467,12.0089,-2.8900,0.0493,-0.9353,0,1,0,0.62402,3
0.4510,4.7915,2.5912,12.1387,-3.0806,0.0450,-1.0904,0,1,0,0.66354,1
0.3789,3.9528,2.7130,12.5925,-3.1161,0.0597,-1.2936,0,2,2,1.61388,1
0.3719,4.0597,2.7813,12.5146,2.9396,0.1176,-1.2899,0,1,0,1.20911,1
0.3583,3.8647,2.7933,11.9275,2.6481,0.0886,-0.7487,0,1,0,0.49162,3
0.5385,5.5204,2.3690,11.8717,1.3193,0.0292,-1.0120,0,1,0,0.17076,3
0.3593,3.8234,2.7747,13.1240,2.6023,0.0150,-1.5797,0,1,0,1.47245,1
0.4548,4.6733,2.5462,12.1259,-0.8492,0.0082,-1.0373,0,1,0,0.64717,1
0.4965,5.3637,2.5139,12.1097,-1.8625,0.0534,-1.1956,0,1,0,0.24907,3
0.4025,4.0056,2.6129,11.5372,1.7501,0.0307,-0.4530,0,1,0,0.15419,3
0.5918,5.9965,2.2398,12.2273,0.7040,0.0272,-1.5631,0,1,0,0.60162,1
0.3856,4.1502,2.7373,12.8059,-2.9764,0.0176,-1.4325,0,1,0,0.35408,1
0.4849,5.3546,2.5629,12.0213,-1.6061,0.0236,-1.0362,0,1,0,0.46790,0
0.3923,4.3299,2.7546,12.8860,-3.0683,0.0898,-1.6464,0,1,0,1.44673,0
0.3731,3.8830,2.7212,11.9108,-3.1374,0.0403,-0.7055,0,1,0,0.45301,3
0.4700,4.6431,2.4730,11.7504,1.5871,0.0682,-0.7957,0,1,0,0.15504,3
0.4763,4.3791,2.3863,12.2574,-0.1583,0.0312,-1.2539,0,1,0,0.55716,1
0.5552,5.2952,2.2632,11.8592,-0.5238,0.0482,-1.0589,0,1,0,0.18268,1
0.5222,4.8118,2.2985,11.8820,0.8449,0.0100,-0.9569,0,0,0,0.00000,1
0.3907,4.1503,2.7114,12.0856,-2.9749,0.0304,-0.8702,0,1,0,0.27208,3
0.4801,4.7442,2.4531,11.8246,-1.3141,0.0082,-0.8094,0,1,0,0.40993,3
0.4366,4.4064,2.5627,12.0880,2.9041,0.0174,-0.9677,1,1,0,0.45132,3
0.3774,4.1616,2.7830,11.5880,-2.8581,0.0730,-0.5078,0,1,0,0.18471,2
0.4355,4.2899,2.5380,12.0357,-1.9658,0.0419,-0.9510,0,1,0,0.68913,1
0.3986,4.3294,2.7224,11.8314,-3.1371,0.0026,-0.6476,0,1,0,0.61981,1
0.4461,4.8601,2.6294,11.7414,-1.9540,0.0056,-0.6655,0,1,0,0.51294,1
0.4970,5.2344,2.4855,12.1984,-2.5136,0.0279,-1.2528,0,1,0,0.25184,3
0.4368,4.6998,2.6343,12.2290,-1.9216,0.0666,-1.1661,0,1,0,1.06852,3
0.3401,3.7288,2.8488,11.4468,-3.1027,0.0689,-0.3540,0,1,0,0.17800,3
0.4512,4.5870,2.5414,11.9565,2.2509,0.0896,-0.9796,0,1,0,0.56542,1
0.4919,5.1621,2.4926,11.7275,0.6994,0.0163,-0.7505,0,1,0,0.21903,1
0.4184,4.4508,2.6582,12.1790,-2.3464,0.0463,-1.0418,0,1,0,0.39775,3
0.4850,4.6954,2.4220,12.0172,1.3402,0.0075,-1.0064,0,1,0,0.48018,1
0.4722,4.3692,2.4010,12.1515,1.4502,0.0011,-1.0940,0,1,0,0.42141,1
0.4941,5.3058,2.5127,12.1859,-3.0662,0.0530,-1.2671,0,1,0,0.83163,1
0.3700,3.9412,2.7554,12.4838,-2.6693,0.0246,-1.1223,0,1,0,0.82489,1
0.4409,4.7300,2.6228,12.0808,2.8213,0.0994,-1.0839,0,1,0,0.53445,1
0.5362,4.8466,2.2521,11.9015,1.2029,0.0066,-1.0037,0,1,0,0.32630,1
0.5094,5.4032,2.4665,12.0012,0.8535,0.0284,-1.0817,0,1,0,0.51404,1
0.5107,5.2614,2.4332,12.2721,1.1851,0.0263,-1.3678,0,1,0,0.47130,1
0.5764,5.6637,2.2456,11.7270,1.8011,0.0321,-0.9331,0,1,0,0.29414,1
0.4319,4.4723,2.6006,12.8919,-2.5264,0.0451,-1.7456,0,1,0,1.56781,1
0.5017,5.1123,2.4410,11.8599,0.1901,0.0083,-0.8908,0,1,0,0.34185,1
0.3758,4.0788,2.7669,12.2790,2.8214,0.0198,-0.9712,0,1,1,0.78071,1
0.4419,4.3005,2.5121,12.2424,-0.7262,0.0219,-1.1283,0,2,0,0.68515,1
0.3966,4.3760,2.7454,11.9246,-2.7534,0.1172,-0.8644,0,1,0,0.38902,2
0.3925,4.2742,2.7379,12.8505,-2.7593,0.0203,-1.5029,0,1,0,1.67013,1
0.3637,3.9657,2.7962,13.1141,3.0703,0.0461,-1.6464,0,1,0,1.80951,1
0.4626,4.4027,2.4486,11.8497,2.9883,0.0009,-0.7863,0,1,0,0.26566,1
0.4055,4.2236,2.6593,11.6784,2.7481,0.0483,-0.5926,0,1,0,0.17618,3
0.4113,4.3717,2.6715,12.1586,2.1536,0.0270,-0.9788,0,1,0,0.72709,3
0.3412,3.7259,2.8416,12.2685,-2.5913,0.0773,-0.9455,0,1,1,0.90580,3
0.3741,3.8665,2.7108,11.8913,-1.7202,0.0275,-0.6763,0,1,0,0.35504,1
0.3679,3.8750,2.7457,11.8457,2.3339,0.0142,-0.6131,0,1,0,0.34660,1
0.4321,4.4755,2.6003,11.8442,-2.6926,0.0596,-0.7965,0,1,0,0.31578,1
0.4063,4.1165,2.6258,12.7696,2.6093,0.0334,-1.5075,0,1,0,0.15171,1
0.4918,5.1504,2.4903,12.0241,-1.2652,0.0042,-1.0285,0,0,0,0.00000,3
0.4399,4.6906,2.6176,11.8739,-1.7419,0.0329,-0.8053,0,1,0,0.60263,1
0.5325,5.0145,2.2986,12.0314,-0.0471,0.0574,-1.2085,0,1,0,0.59300,1
0.5112,5.1737,2.4142,12.1110,1.0107,0.0279,-1.1991,0,1,0,0.54715,1
0.4121,4.1809,2.6162,11.7327,2.6022,0.0952,-0.7068,0,1,0,0.27820,1
0.4260,4.5560,2.6495,12.7299,-2.7059,0.0374,-1.5542,0,1,1,1.07135,1
0.4297,4.5272,2.6248,11.8313,-2.4685,0.1130,-0.8482,0,1,0,0.27353,1
0.4417,4.4912,2.5608,12.8312,-2.0370,0.0064,-1.6611,0,1,0,1.56252,1
0.5024,4.5948,2.3305,12.1006,-0.5956,0.0183,-1.1476,0,1,0,0.60975,1
0.4383,4.1945,2.5013,11.7784,0.9193,0.0134,-0.6904,0,1,0,0.20223,1
0.4431,4.3580,2.5214,12.0614,2.5078,0.0368,-0.9860,0,1,0,0.69310,1
0.4233,4.1142,2.5468,11.8777,-1.8511,0.0206,-0.7563,0,1,0,0.41903,3
0.4559,4.7427,2.5575,11.7347,-2.9659,0.0734,-0.7614,0,1,0,0.32299,1
0.3281,3.6230,2.8809,13.2267,2.3157,0.0535,-1.5822,1,2,3,2.15257,0
0.6118,5.8936,2.1496,12.5574,-1.1886,0.0068,-2.0141,0,1,1,1.04347,1
0.4065,4.3302,2.6840,11.9870,-3.0089,0.0941,-0.9096,0,1,0,0.78757,1
0.3994,4.0487,2.6399,12.0872,1.8373,0.0378,-0.9023,0,1,0,0.35580,3
0.4766,5.0780,2.5412,13.1470,-1.3485,0.0119,-2.1508,0,1,1,0.40854,1
0.4436,4.8139,2.6303,11.5562,2.5663,0.1187,-0.6339,0,1,0,0.20233,1
0.5337,4.8568,2.2636,12.1040,-0.1380,0.0467,-1.2755,0,2,0,0.77369,1
0.4814,4.9341,2.4892,12.7537,-2.3088,0.0032,-1.7385,0,1,1,1.44411,1
0.4796,4.9478,2.4998,11.8083,-1.9693,0.0208,-0.8102,0,1,0,0.24411,3
0.4168,4.0972,2.5718,12.3778,2.4712,0.0539,-1.2239,0,1,0,0.39064,1
0.4824,4.6036,2.4124,11.8399,-0.7071,0.0724,-0.9124,0,1,0,0.20612,1
0.3953,4.1365,2.6848,11.6872,-1.7663,0.0338,-0.5650,0,1,0,0.31942,1
0.5428,5.7398,2.3908,12.0836,0.6389,0.0169,-1.2409,0,1,0,0.36991,1
0.5376,5.4629,2.3620,11.8751,1.9369,0.0197,-1.0008,0,1,0,0.44538,3
0.4245,4.4025,2.6172,11.7168,2.9408,0.0834,-0.7007,0,1,0,0.30552,1
0.4527,4.9955,2.6304,13.0678,-2.8992,0.0070,-1.9476,0,1,0,1.89457,0
0.5273,5.0834,2.3319,11.9239,-1.1943,0.0435,-1.0600,0,1,0,0.54657,1
0.4689,4.4090,2.4238,12.4278,-2.3453,0.0110,-1.3704,0,1,1,0.71763,1
0.3551,3.8969,2.8207,12.6293,-2.7923,0.1648,-1.3974,0,1,1,1.51417,1
0.4307,4.3855,2.5842,11.6915,1.0202,0.0050,-0.5923,0,1,0,0.28984,1
0.5001,4.7187,2.3659,12.6439,-0.2114,0.0162,-1.7120,0,2,0,1.05018,1
0.4558,4.7675,2.5638,11.8892,2.9861,0.0464,-0.8701,0,1,0,0.44511,1
0.4371,4.2807,2.5287,12.4125,-2.6805,0.0273,-1.2795,0,1,1,1.21499,1
0.3501,3.7799,2.8100,11.8842,3.0238,0.0657,-0.6713,0,1,0,0.53418,3
0.3705,3.9272,2.7482,11.8435,-2.2902,0.0314,-0.6382,0,1,1,0.41703,1
0.4125,4.5305,2.7082,12.0555,-2.7313,0.0384,-0.9093,0,1,0,0.51222,3
0.4203,4.1038,2.5575,12.0389,-2.9580,0.0118,-0.8763,0,1,0,0.43683,1
0.3849,4.2410,2.7672,13.2458,2.4370,0.0224,-1.8188,0,1,0,1.82846,0
0.4895,4.4519,2.3501,11.7349,-0.6692,0.0125,-0.7443,0,1,0,0.27935,1
0.3429,3.7716,2.8473,12.0614,-2.7193,0.2249,-0.9909,0,1,0,0.70868,1
0.4016,4.1109,2.6466,12.8884,2.0244,0.0278,-1.5860,0,1,1,1.56763,1
0.5075,5.1959,2.4335,11.8292,2.0525,0.0125,-0.8778,0,1,0,0.27462,3
0.4856,4.4970,2.3756,12.0147,0.9609,0.0447,-1.0555,0,1,0,0.43605,1
0.4029,4.0123,2.6127,11.6156,-1.1279,0.0268,-0.5112,0,1,0,0.27263,1
0.5554,5.4549,2.2906,12.4111,-0.2424,0.0302,-1.6708,0,1,0,0.70801,1
0.4145,4.2313,2.6188,12.7998,2.5942,0.0035,-1.5174,0,1,1,1.25620,1
0.3439,3.7093,2.8210,12.9668,2.1763,0.0599,-1.4623,0,1,1,1.87890,1
0.4917,5.0182,2.4634,11.5427,-2.5990,0.0186,-0.5728,0,1,0,0.21630,3
0.5722,5.7742,2.2799,11.8017,1.3506,0.0221,-0.9982,0,1,0,0.26726,3
0.4344,4.3610,2.5611,12.0735,0.5831,0.0013,-0.9272,0,1,0,0.54693,1
0.3826,4.1449,2.7511,12.2797,-2.4121,0.0399,-1.0189,0,1,1,0.95510,3
0.4098,4.5208,2.7187,12.5820,2.5051,0.0346,-1.3551,0,1,2,0.81990,0
0.4912,4.7704,2.4129,11.8983,-1.7482,0.0184,-0.9180,0,1,0,0.22104,3
0.4385,4.2531,2.5153,12.0725,-2.9404,0.0228,-0.9652,0,1,0,0.69209,1
0.3522,3.7442,2.7869,13.2493,2.7344,0.0481,-1.7095,0,1,1,2.18068,1
0.5468,4.9725,2.2363,12.4527,-0.5677,0.0360,-1.6962,0,0,1,0.92462,1
0.4421,4.6409,2.5956,11.5086,1.6626,0.0601,-0.5194,0,0,0,0.00000,3
0.4523,4.9590,2.6238,11.6732,-2.5744,0.0095,-0.6207,0,0,1,0.17659,1
0.4525,4.5119,2.5177,11.4442,2.3789,0.0256,-0.4353,0,0,0,0.00000,3
0.4705,4.9614,2.5425,12.4757,2.9314,0.0292,-1.4554,0,1,0,1.15355,1
0.5067,5.1247,2.4226,12.5013,0.9393,0.0293,-1.6057,0,0,1,1.23737,1
0.5094,5.5165,2.4885,11.4593,-1.1563,0.0126,-0.5113,0,0,0,0.00000,1
0.3564,3.8450,2.7973,12.1457,-2.2177,0.0426,-0.8477,0,0,1,0.73227,1
0.4195,4.2527,2.6008,11.4491,2.1270,0.0047,-0.3738,0,0,0,0.00000,3
0.4770,5.1563,2.5562,11.4455,-2.0506,0.0033,-0.4430,0,0,0,0.00000,1
0.4451,4.7211,2.6013,13.0095,2.5028,0.0303,-1.8936,0,0,4,1.70035,1
0.4223,4.2549,2.5887,11.4633,-2.7999,0.0457,-0.4371,0,0,0,0.00000,1
0.4545,4.3456,2.4689,11.3711,1.0423,0.0583,-0.4112,0,0,0,0.00000,1
0.4385,4.2487,2.5140,12.6634,1.2070,0.0338,-1.5318,0,1,0,1.39478,1
0.3758,3.8928,2.7103,11.5401,-2.9592,0.0119,-0.3972,0,1,0,0.16431,1
0.4285,4.1704,2.5382,12.3046,2.1894,0.0089,-1.1272,0,0,1,0.97519,1
0.4185,4.1743,2.5846,11.3431,-3.0488,0.0484,-0.3371,0,0,0,0.00000,1
0.3740,3.9926,2.7501,12.5077,2.4947,0.0250,-1.1553,0,1,0,1.03026,1
0.4653,5.0027,2.5747,11.2893,-1.7427,0.0041,-0.2888,0,0,0,0.00000,1
0.3744,4.0476,2.7649,11.4108,2.7428,0.1703,-0.4829,0,0,0,0.00000,1
0.3804,3.9341,2.6997,11.6039,-3.0721,0.0599,-0.5085,0,0,1,0.23554,3
0.4249,4.4688,2.6321,11.3264,-2.5848,0.0381,-0.3187,0,0,0,0.00000,3
0.4103,4.1249,2.6095,12.0152,2.0762,0.0159,-0.8386,0,0,1,0.57010,3
0.4727,4.6388,2.4605,11.4610,2.0674,0.0667,-0.5256,0,0,0,0.00000,1
0.5161,4.9469,2.3493,11.4825,-0.1838,0.0057,-0.5326,0,0,0,0.00000,3
0.4593,4.5630,2.5002,11.9051,-0.0205,0.0069,-0.8399,1,1,1,0.70301,1
0.5248,5.4802,2.4170,11.4539,-2.8189,0.0175,-0.5325,0,0,0,0.00000,3
0.4927,5.3701,2.5318,11.4652,2.8958,0.0760,-0.5693,0,1,0,0.17841,1
0.4969,5.2094,2.4810,12.5862,2.4773,0.0512,-1.6978,0,0,1,1.03611,1
0.3658,3.9673,2.7857,12.7541,-2.2710,0.0368,-1.3428,0,1,1,0.72476,1
0.4794,4.9011,2.4905,11.4170,1.8721,0.0112,-0.4281,0,0,0,0.00000,3
0.4922,5.2418,2.5076,11.3983,2.1642,0.0286,-0.4478,0,0,0,0.00000,3
0.4670,4.9293,2.5507,11.4171,2.0421,0.0626,-0.4736,0,0,0,0.00000,3
0.4941,4.4809,2.3384,11.3004,1.3656,0.0030,-0.3243,0,0,0,0.00000,1
0.4646,4.3619,2.4303,11.2645,-0.1882,0.0180,-0.2803,0,0,0,0.00000,1
0.3914,4.2149,2.7264,11.3204,-2.4281,0.0858,-0.3352,0,0,0,0.00000,3
0.4739,5.2103,2.5815,11.5892,2.6331,0.0748,-0.6588,0,0,0,0.00000,3
0.4141,4.4688,2.6841,12.2060,-2.5970,0.0077,-1.0007,0,1,0,0.95578,1
0.3846,3.9794,2.6923,12.1366,-2.8016,0.0797,-0.9625,0,1,0,0.71943,1
0.4565,4.6999,2.5450,11.5070,2.1301,0.0742,-0.5548,0,0,0,0.00000,3
0.4333,4.5535,2.6143,12.2348,-0.7758,0.0013,-1.0700,0,0,1,0.73627,1
0.4371,4.3486,2.5456,11.3857,2.7668,0.0423,-0.3857,0,0,0,0.00000,1
0.5557,5.0606,2.2198,11.6422,0.3635,0.0209,-0.7810,0,0,0,0.00000,1
0.5182,4.8460,2.3207,11.2984,-0.9697,0.0101,-0.3569,0,0,0,0.00000,3
0.3427,3.7316,2.8350,12.2622,-2.8914,0.0645,-0.9275,0,1,1,1.08542,3
0.4594,4.5903,2.5063,11.4404,-0.5796,0.0119,-0.4245,0,0,0,0.00000,1
0.5352,5.2835,2.3386,11.5534,-0.9688,0.0216,-0.6546,0,0,0,0.00000,3
0.5180,4.9418,2.3405,11.4366,-2.0193,0.0057,-0.4892,0,0,0,0.00000,1
0.5093,4.8798,2.3625,11.4146,-0.3599,0.0442,-0.5021,0,0,0,0.00000,1
0.4264,4.4243,2.6140,11.8351,-2.4383,0.0624,-0.7805,0,1,0,0.34035,3
0.3757,3.9780,2.7370,11.6601,-2.9116,0.0631,-0.5479,0,1,0,0.39784,3
0.4224,4.2312,2.5817,12.2122,-3.0695,0.0275,-1.0551,0,1,0,0.76280,1
0.3971,4.1852,2.6899,11.3778,2.4638,0.0999,-0.4016,0,0,0,0.00000,3
0.4219,4.3327,2.6108,11.6503,-2.6080,0.0426,-0.5892,0,0,1,0.16821,3
0.3803,3.9804,2.7143,11.4254,2.3585,0.1413,-0.4677,0,0,0,0.00000,3
0.4495,4.6713,2.5695,11.3644,2.7499,0.0613,-0.4037,0,0,0,0.00000,1
0.3586,3.7949,2.7694,12.4984,-2.7445,0.0129,-1.0795,0,1,1,1.19295,1
0.4081,4.4173,2.6994,12.7427,-1.9344,0.0104,-1.4542,1,1,1,1.33366,1
0.3857,4.2578,2.7679,11.2986,-2.9332,0.0379,-0.2596,0,0,0,0.00000,0
0.4972,4.6876,2.3708,11.6388,-2.1309,0.0065,-0.6579,0,0,1,0.19549,1
0.4358,4.1746,2.5069,11.7870,-0.4874,0.0133,-0.6931,0,0,1,0.38568,1
0.4236,4.1058,2.5431,12.0774,1.4792,0.0101,-0.9150,0,1,0,0.58606,1
0.5377,5.4180,2.3534,11.4535,-2.0168,0.0124,-0.5433,0,0,0,0.00000,3
0.4055,4.4425,2.7191,12.4973,-3.0058,0.0840,-1.3381,1,1,0,1.04619,1
0.4067,4.3317,2.6833,12.0762,2.0155,0.0176,-0.8845,0,0,2,0.83708,1
0.4734,4.4788,2.4214,11.3619,-0.4420,0.0045,-0.3610,0,0,0,0.00000,3
0.4669,4.3262,2.4127,11.3969,0.9197,0.0414,-0.4283,0,0,0,0.00000,3
0.5882,5.7404,2.2134,11.6305,0.0185,0.0343,-0.8470,0,0,0,0.00000,3
0.4460,4.5871,2.5650,11.7098,-1.5081,0.0155,-0.6482,0,0,1,0.25355,1
0.3808,3.9464,2.7013,11.3033,2.9314,0.0881,-0.3150,0,0,0,0.00000,3
0.4265,4.2078,2.5568,11.4125,-1.6452,0.0127,-0.3613,0,0,0,0.00000,3
0.4657,5.1307,2.6013,12.3297,-2.3170,0.0711,-1.3553,0,1,0,0.88223,2
0.4246,4.5470,2.6535,11.5285,-2.2369,0.1132,-0.5753,0,0,0,0.00000,3
0.4451,4.7868,2.6171,13.0834,-2.9296,0.0585,-2.0185,1,1,1,1.74219,1
0.6045,5.8429,2.1687,11.3383,0.6437,0.0740,-0.5802,0,0,0,0.00000,3
0.5075,5.2891,2.4520,11.5458,2.8961,0.0518,-0.6413,0,0,0,0.00000,1
0.4714,4.7173,2.4838,11.4548,0.9507,0.0110,-0.4520,0,0,0,0.00000,1
0.4478,4.4912,2.5333,11.5617,2.2462,0.0738,-0.5908,0,0,1,0.24163,1
0.5321,5.6175,2.4124,11.9088,-2.2086,0.0057,-1.0078,0,0,1,0.32220,3
0.4091,4.3119,2.6662,11.2588,-3.0000,0.0440,-0.2561,0,0,0,0.00000,3
0.5009,5.3449,2.4910,11.4014,-2.3684,0.0024,-0.4310,0,0,0,0.00000,3
0.4552,4.3504,2.4674,11.4848,-0.6178,0.0056,-0.4499,0,0,0,0.00000,3
0.6352,5.7532,2.0456,11.5148,-0.4699,0.1471,-0.9322,0,0,0,0.00000,3
0.4701,4.6081,2.4649,11.4208,-1.6016,0.0129,-0.4211,0,0,0,0.00000,3
0.4120,4.1470,2.6077,11.8753,-1.5516,0.0027,-0.7084,0,1,0,0.20796,1
0.4301,4.5046,2.6172,11.3890,2.4504,0.0176,-0.3523,0,0,0,0.00000,3
0.5622,5.1772,2.2162,11.3331,-0.8354,0.0908,-0.5398,0,0,0,0.00000,3
0.4665,4.5140,2.4583,11.2545,-1.7550,0.0099,-0.2641,0,0,0,0.00000,3
0.4611,4.4062,2.4555,11.3565,2.2111,0.0084,-0.3471,0,0,0,0.00000,3
0.4206,4.2745,2.6016,11.4145,2.1530,0.0090,-0.3520,0,0,0,0.00000,3
0.5084,5.1999,2.4308,11.4961,-2.7855,0.0136,-0.5460,0,0,0,0.00000,3
0.3816,4.1686,2.7632,11.5146,2.8219,0.2204,-0.6306,0,0,0,0.00000,1
0.4980,4.9533,2.4236,11.3224,-2.7078,0.0159,-0.3661,0,0,0,0.00000,1
0.4499,4.7714,2.5911,11.3438,1.4809,0.0130,-0.3307,0,0,0,0.00000,1
0.4953,4.8496,2.4131,12.7646,1.2680,0.0139,-1.8214,0,1,0,1.23305,1
0.4944,4.8852,2.4241,11.5626,-1.4180,0.0217,-0.5992,0,0,0,0.00000,3
0.3852,4.0378,2.7062,11.6757,2.0676,0.0076,-0.5077,0,1,0,0.31764,1
0.5092,5.2608,2.4393,11.5737,-2.3836,0.0262,-0.6404,0,0,0,0.00000,3
0.4615,4.6099,2.5019,11.4252,-2.2211,0.0010,-0.4007,0,0,0,0.00000,3
0.4223,4.2357,2.5835,12.1097,-2.5681,0.0054,-0.9343,0,0,1,0.67183,1
0.3981,4.1427,2.6729,12.5405,-2.5378,0.0361,-1.2799,0,1,1,1.00807,1
0.3754,3.9816,2.7397,13.1206,-3.0515,0.0200,-1.6601,0,1,0,1.84075,1
0.4642,4.9458,2.5667,11.3142,1.5948,0.0067,-0.3127,0,0,0,0.00000,1
0.4156,4.4575,2.6735,12.4490,1.7006,0.0108,-1.2212,0,0,1,1.19666,1
0.5316,5.6566,2.4218,11.3861,1.0587,0.0307,-0.4882,0,0,0,0.00000,1
0.4802,4.3893,2.3731,11.4915,1.0497,0.0484,-0.5415,0,0,0,0.00000,3
0.4711,4.6333,2.4660,11.5751,1.4072,0.0536,-0.6139,0,0,0,0.00000,3
0.3567,3.8660,2.8020,11.5583,2.6400,0.2062,-0.6136,0,0,0,0.00000,1
0.5165,4.9508,2.3483,11.4604,-1.5165,0.0115,-0.5181,0,0,0,0.00000,3
0.4053,4.1290,2.6342,11.3257,2.7197,0.0357,-0.2956,0,0,0,0.00000,3
0.4246,4.2295,2.5715,11.2635,1.0829,0.0574,-0.2883,0,0,0,0.00000,1
0.3985,4.1410,2.6703,11.2879,-2.8842,0.0278,-0.2513,0,0,0,0.00000,3
0.3290,3.6082,2.8702,12.0720,-2.7402,0.1018,-0.8055,0,0,1,0.59381,3
0.4272,4.6968,2.6792,11.3582,2.6829,0.0503,-0.3616,0,0,0,0.00000,3
0.4701,5.1527,2.5863,12.7714,-2.9048,0.0334,-1.7635,1,1,0,1.40020,1
0.6035,5.5352,2.1252,12.4688,-0.5394,0.0858,-1.9973,0,0,1,1.07090,1
0.5251,4.8699,2.2989,11.4030,-0.5530,0.0341,-0.4982,0,0,0,0.00000,3
0.3824,4.1921,2.7661,11.7571,2.0963,0.0254,-0.5874,0,1,0,0.55919,1
0.3656,3.8220,2.7409,11.5511,-2.1702,0.0254,-0.4075,0,1,0,0.31753,1
0.3985,4.0542,2.6460,11.2860,-2.9945,0.0198,-0.2406,0,0,0,0.00000,3
0.4926,4.5300,2.3550,11.3623,-0.6932,0.0155,-0.3959,0,0,0,0.00000,3
0.4062,4.0991,2.6218,11.4262,-2.6831,0.0186,-0.3558,0,0,0,0.00000,3
0.5143,4.6582,2.2977,11.4582,0.1034,0.0292,-0.5329,0,0,0,0.00000,3
0.4970,5.1605,2.4703,11.7865,2.7513,0.0085,-0.8085,0,0,1,0.39673,3
0.4691,4.5630,2.4585,11.7986,1.3851,0.0018,-0.7539,0,0,1,0.35665,3
0.4988,5.1507,2.4608,11.3852,0.6549,0.0158,-0.4278,0,0,0,0.00000,1
0.3902,4.1701,2.7197,11.3833,2.2300,0.0193,-0.3063,0,0,0,0.00000,1
0.5339,5.1078,2.3106,11.3758,0.0386,0.0426,-0.4927,0,0,0,0.00000,1
0.3991,4.2060,2.6856,12.5477,2.6429,0.0762,-1.3503,0,0,2,1.23427,1
0.5406,5.0781,2.2795,11.3938,0.5836,0.0002,-0.4684,0,0,0,0.00000,1
0.5224,5.3078,2.3943,11.2308,-2.5869,0.0169,-0.3038,0,0,0,0.00000,1
0.4862,5.2584,2.5373,11.9055,-2.2004,0.0121,-0.9090,0,0,1,0.38742,3
0.5238,5.2559,2.3786,11.4015,0.6075,0.0324,-0.4948,0,0,0,0.00000,1
0.5424,5.6095,2.3692,11.9851,2.4979,0.0193,-1.1329,0,0,1,0.41386,1
0.4456,4.2169,2.4753,12.3586,-3.0975,0.0078,-1.2254,0,1,0,1.05029,1
0.4454,4.4952,2.5449,11.4716,2.5026,0.0957,-0.5335,0,0,0,0.00000,1
0.4183,4.5537,2.6859,13.1069,-3.0136,0.0382,-1.8799,1,1,0,1.80744,1
0.5908,5.4305,2.1543,11.4328,-0.8496,0.0286,-0.6140,0,0,0,0.00000,1
0.4202,4.4500,2.6498,11.3730,1.9274,0.0682,-0.3865,0,0,0,0.00000,3
0.3642,3.9523,2.7893,11.4589,-2.7277,0.0636,-0.3840,0,0,0,0.00000,3
0.5085,5.4318,2.4758,12.0629,-2.9133,0.0598,-1.1870,0,1,0,0.40834,1
0.4610,4.7799,2.5435,12.1934,-1.0852,0.0209,-1.1360,0,0,1,0.70647,1
0.4876,4.7203,2.4169,11.3019,-1.6213,0.0731,-0.4016,0,0,0,0.00000,3
0.4064,4.2717,2.6683,11.5278,2.9072,0.0672,-0.4945,0,0,0,0.00000,3
0.4948,4.9051,2.4267,11.2323,-3.1163,0.0119,-0.2728,0,0,0,0.00000,1
0.4766,5.1150,2.5491,11.3341,-0.8412,0.0054,-0.3424,0,0,0,0.00000,1
0.6082,6.0114,2.1802,11.5200,0.5807,0.0512,-0.7735,0,0,0,0.00000,3
0.4923,5.0523,2.4679,13.0607,1.1402,0.0288,-2.1614,1,1,0,1.23327,1
0.4039,4.2591,2.6770,11.3951,2.6122,0.0786,-0.3984,0,0,0,0.00000,3
0.4834,5.3208,2.5623,12.9475,-2.4456,0.0789,-2.0842,1,1,1,1.49422,1
0.5564,5.5111,2.2966,11.6094,2.5045,0.0103,-0.7360,0,0,0,0.00000,1
0.6191,6.1476,2.1593,11.5116,1.8735,0.0079,-0.7277,0,0,0,0.00000,1
0.5337,5.6986,2.4207,11.4797,-2.2712,0.0368,-0.5957,0,0,0,0.00000,3
0.3823,4.0289,2.7183,12.3839,2.9129,0.1136,-1.2090,0,1,0,1.21113,1
0.3919,4.0405,2.6739,11.3606,-2.8647,0.1176,-0.4031,0,0,0,0.00000,1
0.4477,4.2166,2.4661,11.6547,-3.0128,0.0224,-0.6093,0,0,1,0.17318,1
0.4899,4.7144,2.4060,12.2230,1.9644,0.0150,-1.2361,0,1,0,0.69847,1
0.4927,4.5467,2.3583,12.0795,1.6638,0.0173,-1.0997,0,0,1,0.76289,1
0.4317,4.2226,2.5373,11.3066,2.3085,0.0401,-0.3108,0,0,0,0.00000,3
0.5625,5.4425,2.2613,12.4523,-0.7121,0.0817,-1.8255,0,0,1,0.74623,1
0.4838,4.9215,2.4761,11.3169,-2.1085,0.0080,-0.3367,0,0,0,0.00000,3
0.4289,4.3491,2.5828,11.9171,-0.8482,0.0118,-0.7915,0,0,1,0.37515,1
0.5906,5.7217,2.2016,11.3595,-1.7876,0.0088,-0.5079,0,0,0,0.00000,1
0.3754,4.0670,2.7652,11.3435,-2.3548,0.0853,-0.3366,0,0,0,0.00000,3
0.4630,4.3318,2.4298,12.0723,1.6484,0.0042,-0.9992,0,0,2,0.83491,1
0.4529,4.8132,2.5874,11.4549,-2.8853,0.1061,-0.5409,0,0,0,0.00000,1
0.4455,4.5908,2.5682,11.3744,-3.0661,0.0477,-0.3921,0,0,0,0.00000,1
0.4307,4.2531,2.5498,11.7355,1.3663,0.0167,-0.6441,0,1,0,0.33929,1
0.4293,4.3665,2.5854,11.7992,2.3082,0.0641,-0.7570,0,0,1,0.39022,3
0.4420,4.5711,2.5790,11.7931,-2.4095,0.0612,-0.7727,0,0,1,0.37132,3
0.6085,5.6214,2.1205,11.4128,0.8360,0.0104,-0.5940,0,0,0,0.00000,1
0.4622,4.5258,2.4792,11.5113,-1.0803,0.0829,-0.5770,0,0,0,0.00000,1
0.4551,4.5090,2.5056,12.3475,2.9970,0.0034,-1.2394,0,0,1,1.05757,1
0.4120,4.4489,2.6886,12.9381,2.8094,0.0474,-1.7084,1,1,5,1.99000,1
0.4282,4.3191,2.5782,11.4136,-1.7408,0.0673,-0.4282,0,0,0,0.00000,3
0.5338,5.2093,2.3302,12.0950,1.1170,0.0176,-1.2268,0,0,1,0.35135,1
0.5060,5.5313,2.5062,11.3570,2.9919,0.0203,-0.4156,0,0,0,0.00000,3
0.3968,4.1668,2.6860,12.3036,-2.2671,0.0395,-1.0788,0,1,0,0.98309,3
0.4531,4.3736,2.4818,11.9553,0.3993,0.0097,-0.8751,0,1,1,0.51360,1
0.3735,3.9846,2.7502,11.3747,-2.5867,0.0265,-0.2909,0,0,0,0.00000,1
0.4298,4.2371,2.5499,11.7335,1.6502,0.0125,-0.6354,0,0,1,0.42665,3
0.4249,4.5755,2.6597,11.3644,-3.1160,0.0112,-0.3192,0,0,0,0.00000,3
0.4688,4.6878,2.4883,11.3847,-0.0830,0.0153,-0.3901,0,0,0,0.00000,1
0.5464,5.2702,2.2927,12.0479,1.4775,0.0408,-1.2400,0,0,1,0.44280,1
0.4870,4.6245,2.3983,11.3906,2.0251,0.0150,-0.4160,0,0,0,0.00000,1
0.5024,5.1985,2.4554,11.7269,2.6208,0.0160,-0.7691,0,0,1,0.32975,3
0.4681,4.9061,2.5408,11.5149,-2.8207,0.0074,-0.4988,0,0,0,0.00000,3
0.4707,4.3825,2.4102,11.3921,-1.8441,0.0281,-0.4128,0,0,0,0.00000,1
0.4618,4.3639,2.4424,11.4918,-2.3472,0.0124,-0.4732,0,0,0,0.00000,1
0.4495,4.5108,2.5309,11.4160,2.0417,0.0450,-0.4296,0,0,0,0.00000,3
0.4495,4.3094,2.4816,12.4167,0.8721,0.0184,-1.3091,1,1,1,0.84931,1
0.4302,4.7268,2.6721,12.0311,-1.9291,0.0163,-0.9020,0,1,0,0.49967,1
0.4100,4.3150,2.6627,11.6091,2.5171,0.0086,-0.4956,0,1,0,0.16121,1
0.3956,3.9920,2.6421,12.6054,-1.7422,0.0022,-1.2740,0,1,0,1.10348,1
0.4792,5.1935,2.5545,12.4665,-2.3853,0.0195,-1.4617,0,1,0,1.16380,3
0.4813,4.6322,2.4234,12.4985,1.3020,0.0071,-1.4778,0,0,2,0.86793,1
0.4507,4.9266,2.6241,11.4889,-2.9601,0.0966,-0.5573,0,0,0,0.00000,1
0.4420,4.6283,2.5929,12.6777,-1.4482,0.0103,-1.5223,0,0,1,1.38700,1
0.4111,4.5289,2.7144,12.0723,-3.0713,0.1338,-1.0465,1,1,1,0.90541,0
0.5120,4.8791,2.3518,11.6252,-2.3494,0.0021,-0.6644,0,0,0,0.00000,1
0.5039,5.2233,2.4541,11.5871,-1.0016,0.0301,-0.6500,0,0,0,0.00000,1
0.4281,4.6886,2.6729,11.8092,2.9078,0.1485,-0.8698,0,1,0,0.32717,1
0.5183,5.4780,2.4436,11.7638,1.2893,0.0249,-0.8498,0,0,1,0.15176,3
0.4801,4.9060,2.4884,11.3603,-0.8891,0.0073,-0.3719,0,0,0,0.00000,1
0.5713,5.6917,2.2695,12.1342,0.7875,0.0484,-1.4201,0,1,0,0.19540,1
0.4470,4.2937,2.4884,11.4434,-0.3626,0.0174,-0.4172,0,0,0,0.00000,1
0.5609,5.6305,2.2997,12.3016,-3.0329,0.0049,-1.5228,0,1,0,0.57201,1
0.4739,4.4356,2.4091,11.4233,-0.5180,0.0070,-0.4203,0,0,0,0.00000,3
0.4791,4.8324,2.4767,11.5543,-2.3519,0.0066,-0.5498,0,0,0,0.00000,3
0.3456,3.7835,2.8362,11.4438,-3.1174,0.1075,-0.4024,0,0,0,0.00000,3
0.3897,4.1820,2.7258,11.3093,2.3224,0.0065,-0.2358,0,0,0,0.00000,1
0.4175,4.2156,2.6004,11.2977,2.7148,0.0201,-0.2673,0,0,0,0.00000,3
0.4326,4.2598,2.5430,11.3605,-1.0323,0.0154,-0.3280,0,0,0,0.00000,1
0.4634,4.3336,2.4289,12.1491,0.1638,0.0051,-1.0744,0,0,1,0.70593,1
0.5051,4.6665,2.3349,11.3239,1.1274,0.0178,-0.3763,0,0,0,0.00000,3
0.4816,5.2141,2.5483,11.4108,2.7742,0.1224,-0.5566,0,0,0,0.00000,1
0.4688,4.5894,2.4657,11.3596,-2.7866,0.0014,-0.3507,0,0,0,0.00000,3
0.5284,5.6538,2.4343,11.4259,-3.0559,0.0242,-0.5175,0,0,0,0.00000,3
0.4389,4.2887,2.5226,11.4854,-2.0699,0.0666,-0.5020,0,0,0,0.00000,1
0.3996,4.2168,2.6862,12.8890,-2.6081,0.0389,-1.5967,0,1,0,1.76807,1
0.4084,4.4663,2.7113,11.7182,2.0613,0.0398,-0.6199,0,1,0,0.27829,1
0.5602,5.7851,2.3286,11.6471,1.2511,0.0179,-0.7955,0,0,0,0.00000,3
0.4857,5.2797,2.5436,12.2936,2.4327,0.0889,-1.4056,0,1,1,0.71243,1
0.4469,4.3726,2.5082,12.6064,-1.5052,0.0139,-1.4757,0,0,1,1.10537,1
0.4844,5.0662,2.5046,11.4252,0.0507,0.0069,-0.4374,0,0,0,0.00000,1
0.4933,5.3953,2.5340,13.1576,2.2835,0.0259,-2.2711,0,1,0,1.92198,1
0.4308,4.2053,2.5371,11.2655,-0.8707,0.0213,-0.2543,0,0,0,0.00000,1
0.3871,4.1576,2.7317,12.3125,2.0784,0.0347,-1.0514,0,1,0,0.38325,1
0.3931,4.1346,2.6952,11.2802,-1.7529,0.0619,-0.2790,0,0,0,0.00000,1
0.4055,4.1013,2.6253,11.4119,1.5337,0.0096,-0.3334,0,0,0,0.00000,1
0.4369,4.4854,2.5808,11.8012,2.3750,0.0600,-0.7685,0,0,1,0.39604,3
0.3475,3.8160,2.8365,11.3996,2.9257,0.1134,-0.3804,0,0,0,0.00000,3
0.5931,5.6889,2.1872,12.4630,-0.0528,0.0001,-1.8144,0,0,1,0.70137,1
0.5526,5.2881,2.2720,11.4086,-0.4966,0.0630,-0.5764,0,0,0,0.00000,1
0.5397,5.6041,2.3789,12.9874,0.9958,0.0116,-2.2658,1,0,2,1.59431,1
0.5650,5.8450,2.3197,11.4732,-1.7480,0.0270,-0.6227,0,0,0,0.00000,3
0.4749,4.7256,2.4711,11.3567,1.0843,0.0445,-0.4056,0,0,0,0.00000,1
0.6037,5.7741,2.1611,11.6643,0.2905,0.0907,-0.9889,0,0,0,0.00000,1
0.3445,3.7538,2.8324,12.0881,2.8585,0.1908,-0.9710,0,1,0,0.91629,1
0.4015,4.2134,2.6762,11.3988,3.0869,0.0217,-0.3329,0,0,0,0.00000,3
0.4257,4.4534,2.6246,12.5924,1.6074,0.0000,-1.3669,0,0,4,1.17565,1
0.4555,4.2967,2.4531,11.3497,3.0387,0.0091,-0.3357,0,0,0,0.00000,1
0.4716,4.8861,2.5208,12.4009,-2.1279,0.0379,-1.3963,0,0,1,0.66616,1
0.5082,5.3043,2.4522,11.3326,-0.6433,0.0082,-0.3794,0,0,0,0.00000,1
0.4666,4.5588,2.4681,11.8040,-0.9385,0.0507,-0.8174,0,0,1,0.24959,1
0.4390,4.6934,2.6224,11.3684,-2.3210,0.1716,-0.5232,0,0,0,0.00000,1
0.3702,3.8640,2.7301,13.0351,-3.0928,0.0437,-1.6063,1,1,1,1.50085,1
0.4626,4.5810,2.4902,11.3883,-3.0933,0.0314,-0.4047,0,0,0,0.00000,1
0.4859,4.9563,2.4749,12.9299,2.4796,0.0339,-1.9976,0,0,2,1.94254,1
0.4513,4.5689,2.5366,11.6960,2.9881,0.0398,-0.6755,1,1,1,0.65453,1
0.4180,4.5158,2.6773,11.4909,2.7918,0.1615,-0.5912,0,0,0,0.00000,1
0.4949,4.8599,2.4167,11.3629,-0.2462,0.0230,-0.4093,0,0,0,0.00000,1
0.4769,4.7948,2.4780,11.8018,0.7201,0.0115,-0.7858,0,0,1,0.45157,1
0.3429,3.7766,2.8488,12.1885,-2.8594,0.1385,-0.9732,0,0,0,0.00000,2
0.4360,4.5317,2.5966,12.1167,2.1498,0.0048,-0.9757,0,1,0,0.70235,3
0.4169,4.5034,2.6792,11.5446,-2.9892,0.0259,-0.4741,0,1,0,0.20084,3
0.3896,4.2841,2.7554,12.0669,3.1052,0.0981,-0.9416,0,1,0,0.87273,3
0.5045,5.0518,2.4171,11.5643,-1.6115,0.0290,-0.6260,0,0,0,0.00000,3
0.4850,5.0098,2.4902,11.5021,-0.8755,0.0288,-0.5366,0,0,0,0.00000,1
0.4815,4.3599,2.3613,11.2527,1.1066,0.0410,-0.3115,0,0,0,0.00000,3
0.3998,4.3731,2.7286,11.9453,2.5827,0.0504,-0.8031,0,1,0,0.42162,3
0.5302,5.1598,2.3349,11.7130,1.0939,0.0164,-0.8064,0,1,0,0.38209,3
0.3587,3.7780,2.7630,11.8163,-2.0286,0.0391,-0.6052,0,0,1,0.18893,1
0.4984,4.7148,2.3717,11.7719,2.7578,0.0060,-0.7906,0,1,0,0.38131,1
0.5082,5.5396,2.4982,11.4256,2.0947,0.0434,-0.5129,0,0,0,0.00000,3
0.3757,3.9434,2.7263,13.1294,1.7992,0.0111,-1.6531,0,1,3,1.68939,1
0.4227,4.4848,2.6467,12.3370,-2.9046,0.0068,-1.1382,0,0,2,0.71949,3
0.4671,4.4235,2.4347,11.3436,2.3570,0.0239,-0.3602,0,0,0,0.00000,1
0.5480,5.1497,2.2647,11.4187,-0.0255,0.0848,-0.6070,0,0,0,0.00000,1
0.5714,5.3683,2.2152,11.5925,0.3669,0.0916,-0.8451,0,0,0,0.00000,1
0.3737,4.1069,2.7865,11.8572,-2.0407,0.0994,-0.7399,0,1,0,0.59164,1
0.4113,4.3936,2.6773,12.6006,-3.0084,0.0858,-1.4552,0,1,0,1.29654,1
0.4996,4.8630,2.3981,11.3485,-2.2579,0.0158,-0.3924,0,0,0,0.00000,1
0.5273,5.4120,2.3943,11.4085,0.5212,0.0209,-0.4933,0,0,0,0.00000,1
0.3482,3.7565,2.8127,11.7834,-2.7911,0.0482,-0.5739,0,1,0,0.19718,3
0.4676,4.3281,2.4099,11.3245,0.3164,0.0211,-0.3401,0,0,0,0.00000,3
0.5027,5.3595,2.4864,11.6056,1.0575,0.0534,-0.6956,0,0,0,0.00000,1
0.4033,4.2864,2.6873,11.6057,1.9110,0.0076,-0.4817,0,0,1,0.17779,1
0.4158,4.2406,2.6151,11.3962,2.4626,0.0551,-0.3853,0,0,0,0.00000,3
0.4473,4.2391,2.4736,11.3197,0.9259,0.0318,-0.3275,0,0,0,0.00000,1
0.4477,4.2976,2.4864,11.2870,2.9402,0.0005,-0.2640,0,0,0,0.00000,3
0.3627,3.8179,2.7546,11.3591,-2.8349,0.1766,-0.4393,0,0,0,0.00000,1
0.5112,4.8076,2.3404,11.3794,-0.9272,0.0320,-0.4548,0,0,0,0.00000,3
0.5851,5.5039,2.1870,11.4161,-0.7027,0.0924,-0.6658,0,0,0,0.00000,3
0.4663,4.6276,2.4852,11.4459,-1.8591,0.0008,-0.4249,0,0,0,0.00000,3
0.4456,4.8676,2.6336,12.8240,1.8608,0.0172,-1.6907,1,1,0,1.33653,1
0.4277,4.4101,2.6040,12.2423,2.6380,0.0123,-1.0758,0,1,0,0.61996,1
0.4035,4.0414,2.6181,11.4458,1.4084,0.0604,-0.4170,0,0,0,0.00000,1
0.4702,4.4956,2.4382,11.2815,0.4299,0.0215,-0.3051,0,0,0,0.00000,1
0.6387,6.1916,2.0936,11.6505,-0.1723,0.0273,-0.9578,0,0,0,0.00000,3
0.4009,4.0369,2.6293,11.9796,2.5718,0.0821,-0.8752,1,1,0,0.45073,1
0.5140,5.5262,2.4708,11.4285,2.4599,0.0860,-0.5740,0,0,0,0.00000,1
0.4454,4.3177,2.5013,11.5113,2.2419,0.0073,-0.4622,0,0,0,0.00000,3
0.3614,3.9539,2.8047,12.5278,3.0642,0.0283,-1.1345,0,1,3,1.19304,1
0.4752,5.2121,2.5763,11.3361,-1.6504,0.0305,-0.3721,0,0,0,0.00000,1
0.5501,5.7648,2.3656,11.5975,-0.9939,0.0110,-0.7150,0,0,0,0.00000,3
0.4945,4.8093,2.4078,12.1222,-0.7111,0.0206,-1.1545,0,0,1,0.65663,1
0.4239,4.1593,2.5558,11.9954,-0.9907,0.0029,-0.8355,0,1,0,0.30263,1
0.3557,3.8318,2.7967,11.5924,2.5631,0.1521,-0.5734,0,0,0,0.00000,3
0.5070,4.8914,2.3742,11.6615,-0.8388,0.0066,-0.6980,0,1,0,0.33943,3
0.5013,4.8738,2.3933,11.4476,-2.1914,0.0298,-0.5070,0,0,0,0.00000,1
0.4493,4.6488,2.5650,11.3372,2.8110,0.0615,-0.3798,0,0,0,0.00000,1
0.5052,5.5176,2.5068,12.1012,-2.9295,0.0055,-1.1451,0,1,0,0.73207,3
0.5137,5.2602,2.4208,11.7733,-0.9704,0.0012,-0.8189,0,0,1,0.28941,3
0.3349,3.6477,2.8502,12.8320,2.5616,0.0252,-1.2656,1,1,0,1.78997,1
0.4491,4.8198,2.6064,13.2404,-2.8055,0.0519,-2.1890,0,0,2,0.64519,1
0.5113,5.1442,2.4079,11.4077,-2.0631,0.0989,-0.5639,0,0,0,0.00000,1
0.4997,5.0045,2.4273,12.3888,1.7585,0.0019,-1.4194,0,0,1,0.87215,1
0.3672,3.9481,2.7722,12.5677,-2.4833,0.1152,-1.3153,2,1,0,1.04220,1
0.3618,3.9172,2.7913,12.4319,3.1286,0.0451,-1.0852,0,1,1,1.22643,3
0.3644,3.8681,2.7616,11.3798,-2.1131,0.0651,-0.3292,0,0,0,0.00000,1
0.3925,3.9670,2.6494,12.1765,-2.2453,0.0206,-0.9347,0,1,1,0.72244,1
0.3875,4.1522,2.7283,11.5602,2.7514,0.1186,-0.5549,0,0,0,0.00000,3
0.4271,4.4423,2.6151,12.6314,-2.7456,0.0423,-1.4736,0,1,4,1.50121,1
0.5049,4.7103,2.3452,11.3330,2.1332,0.0110,-0.3770,0,0,0,0.00000,1
0.5370,4.8841,2.2565,11.5271,-1.4835,0.0283,-0.6358,0,0,0,0.00000,1
0.4174,4.3732,2.6428,12.2245,2.9983,0.0447,-1.0766,0,1,2,0.77155,3
0.4596,5.0453,2.6101,11.3162,-1.4905,0.0195,-0.3247,0,0,0,0.00000,1
0.4727,4.3618,2.3970,11.4471,-0.9500,0.0387,-0.4784,0,0,0,0.00000,3
0.3819,3.9497,2.6970,11.8317,-2.5712,0.0477,-0.6713,0,1,0,0.20536,3
0.3439,3.7931,2.8492,12.4450,-3.1259,0.1060,-1.1258,0,1,1,0.79122,2
0.4974,5.1774,2.4724,11.4305,1.1381,0.0965,-0.5656,0,0,0,0.00000,1
0.4257,4.1451,2.5440,12.0536,-0.8204,0.0173,-0.9095,0,1,0,0.36294,1
0.4406,4.2196,2.4974,11.3313,-1.2930,0.0326,-0.3316,0,0,0,0.00000,3
0.3887,4.2498,2.7503,11.6277,-3.0185,0.0217,-0.4938,0,1,0,0.24574,1
0.4740,5.2160,2.5825,11.4988,2.8744,0.0452,-0.5384,0,0,0,0.00000,3
0.5197,5.5226,2.4463,11.4169,0.1613,0.0164,-0.4871,0,0,0,0.00000,1
0.4457,4.8979,2.6404,13.2411,-2.1349,0.0180,-2.1091,0,1,0,1.56988,1
0.4028,4.2877,2.6901,12.3775,2.4083,0.0392,-1.1595,0,0,1,0.98638,3
0.4996,5.4205,2.5119,11.7988,1.0055,0.0106,-0.8301,0,1,0,0.19723,1
0.5675,5.3428,2.2254,11.3278,1.5118,0.0057,-0.4389,0,0,0,0.00000,1
0.3725,3.8827,2.7240,11.4305,2.7020,0.0231,-0.3262,0,0,1,0.16742,3
0.3581,3.8585,2.7923,11.9916,2.9168,0.0795,-0.7847,0,1,0,0.58665,3
0.3746,3.9496,2.7337,11.9934,-3.1318,0.0259,-0.7537,0,1,0,0.45758,3
0.4482,4.9399,2.6388,11.4587,2.9404,0.0298,-0.4486,0,0,0,0.00000,2
0.5536,5.5909,2.3214,11.5791,0.8817,0.0017,-0.6882,0,0,0,0.00000,3
0.4823,4.9951,2.4983,11.8697,1.9289,0.0187,-0.8728,0,0,1,0.19904,3
0.4447,4.4717,2.5423,11.4409,-2.2283,0.0234,-0.4200,0,0,0,0.00000,3
0.3717,3.8775,2.7269,12.3245,-2.5815,0.0206,-0.9959,0,1,0,1.00145,1
0.4153,4.1151,2.5835,11.4205,-1.4227,0.0009,-0.3409,0,0,0,0.00000,1
0.3854,3.9466,2.6785,11.3527,-2.8507,0.0081,-0.2654,0,0,0,0.00000,1
0.4080,4.1872,2.6374,11.2518,-1.8862,0.0192,-0.2218,0,0,0,0.00000,1
0.4477,4.5175,2.5405,12.2346,2.9781,0.0268,-1.1453,0,0,1,0.38111,1
0.4687,4.6910,2.4895,11.4061,1.0875,0.0118,-0.4051,0,0,0,0.00000,3
0.5529,5.2470,2.2635,11.9227,-0.4045,0.0468,-1.1229,0,1,0,0.17430,1
0.4668,4.9822,2.5633,11.2992,2.4085,0.0869,-0.3939,0,0,0,0.00000,3
0.4801,4.9184,2.4912,11.3573,-2.0042,0.0185,-0.3823,0,0,0,0.00000,3
0.5201,4.9775,2.3395,11.4412,-1.2104,0.0403,-0.5385,0,0,0,0.00000,3
0.4482,4.2283,2.4672,11.3107,1.0283,0.0834,-0.3803,0,0,0,0.00000,1
0.4042,4.2261,2.6666,12.4308,-2.2257,0.0109,-1.1681,1,1,0,0.90557,1
0.3605,3.8231,2.7680,13.2241,-2.0306,0.0297,-1.6948,0,0,2,0.49261,1
0.4436,4.7878,2.6243,11.3424,-2.2301,0.0315,-0.3441,0,0,0,0.00000,3
0.4827,4.4472,2.3763,11.4650,-1.8967,0.0139,-0.4781,0,0,0,0.00000,1
0.4023,4.3941,2.7217,11.3354,-3.1003,0.0175,-0.2802,0,0,0,0.00000,1
0.4131,4.1187,2.5946,11.6374,-1.8710,0.0078,-0.5214,0,0,1,0.19471,3
0.4856,4.7397,2.4293,11.4242,2.4312,0.0208,-0.4532,0,0,0,0.00000,1
0.4214,4.4249,2.6373,12.8551,-2.6450,0.0012,-1.5932,1,1,1,1.32101,1
0.4762,5.2058,2.5703,11.3948,2.3790,0.0026,-0.3947,0,0,0,0.00000,1
0.4390,4.1893,2.4967,12.0714,-0.5131,0.0169,-0.9570,0,1,0,0.77496,1
0.4403,4.4891,2.5667,12.0677,-3.0613,0.0121,-0.9517,0,0,1,0.46407,3
0.4423,4.7575,2.6230,11.5377,2.1137,0.0336,-0.5137,0,0,0,0.00000,3
0.3915,4.0134,2.6678,11.8610,-2.8056,0.0170,-0.6744,0,0,1,0.32825,3
0.4562,4.9001,2.5925,13.2102,-3.0353,0.0482,-2.1858,0,0,1,2.06814,1
0.4241,4.6321,2.6778,12.0712,-2.5140,0.0461,-0.9616,0,0,1,0.42865,3
0.3995,4.3916,2.7353,11.4036,3.1054,0.0450,-0.3616,0,0,0,0.00000,3
0.3638,3.8147,2.7481,12.0130,2.7767,0.0219,-0.7388,0,1,0,0.60327,3
0.3987,4.2129,2.6899,12.0272,3.0950,0.0519,-0.8698,0,1,0,0.49012,3
0.5508,5.7912,2.3671,12.5408,1.6825,0.0130,-1.7844,0,0,2,0.90900,1
0.4274,4.4497,2.6159,11.4807,3.0911,0.0333,-0.4439,0,0,0,0.00000,3
0.5752,5.7628,2.2664,12.1847,0.8893,0.0628,-1.5129,0,0,1,0.40512,1
0.5146,5.3006,2.4250,11.8771,-2.0680,0.0139,-0.9444,0,1,0,0.31544,3
0.4299,4.6967,2.6661,11.5836,-2.8332,0.0112,-0.5084,0,1,0,0.22028,1
0.4654,4.2912,2.4105,11.2753,-0.6790,0.0772,-0.3587,0,0,0,0.00000,0
0.4878,4.8429,2.4426,11.3865,-1.3899,0.0311,-0.4328,0,0,0,0.00000,3
0.3583,3.8463,2.7871,13.0124,-2.9724,0.1039,-1.6371,0,1,1,1.41986,1
0.4532,4.4467,2.4989,11.3909,2.0528,0.0824,-0.4557,0,0,0,0.00000,1
0.3665,4.0183,2.7973,12.5705,-2.4382,0.0703,-1.2477,1,1,1,1.25153,1
0.4841,5.3204,2.5593,13.2410,1.2220,0.0016,-2.2726,0,1,0,0.23779,1
0.4401,4.3868,2.5419,11.3674,-2.7101,0.0005,-0.3249,0,0,0,0.00000,3
0.4142,4.1456,2.5970,11.2961,-2.7391,0.0328,-0.2773,0,0,0,0.00000,3
0.4284,4.2764,2.5665,11.9653,2.8633,0.0053,-0.8233,0,0,1,0.44889,3
0.4028,4.2365,2.6762,12.0885,2.6412,0.0460,-0.9230,0,0,1,0.70620,3
0.4311,4.5611,2.6265,11.6212,2.1501,0.0805,-0.6257,0,1,0,0.35409,3
0.4229,4.5642,2.6663,12.9953,2.6596,0.0831,-1.8715,0,0,0,0.00000,1
0.4357,4.5041,2.5913,12.0502,2.9651,0.0503,-0.9765,0,1,0,0.45907,1
0.3981,4.1340,2.6704,11.3372,-2.0177,0.0529,-0.3173,0,0,0,0.00000,3
0.4650,4.9863,2.5725,12.2831,-1.6766,0.0077,-1.2164,0,0,1,0.79679,1
0.3755,3.8984,2.7136,12.9866,1.9771,0.0067,-1.5241,0,0,1,1.73993,1
0.4742,4.6097,2.4476,11.4584,0.3069,0.0094,-0.4565,0,0,0,0.00000,3
0.3838,4.0487,2.7167,12.8822,2.9881,0.0692,-1.5756,1,1,0,0.73351,1
0.5691,5.8682,2.3072,12.4375,0.4720,0.0065,-1.7153,0,0,1,0.87222,1
0.4480,4.3678,2.5025,11.4952,-1.7437,0.0148,-0.4608,0,0,0,0.00000,3
0.5025,5.4296,2.5011,11.4075,1.7140,0.0238,-0.4643,0,0,0,0.00000,3
0.4160,4.1639,2.5933,11.8654,-2.7468,0.0586,-0.7805,0,1,0,0.27422,1
0.3625,3.8092,2.7531,13.1890,-2.3205,0.0205,-1.6582,0,1,0,1.87112,1
0.5314,4.8748,2.2757,11.7756,1.0787,0.0283,-0.8886,0,1,0,0.32613,1
0.3606,3.8292,2.7693,11.9700,-3.0964,0.0217,-0.6999,0,0,1,0.40735,1
0.5489,5.7081,2.3602,11.3548,1.2058,0.0277,-0.4737,0,0,0,0.00000,3
0.5249,5.1434,2.3526,11.6025,0.6240,0.0185,-0.6846,0,0,0,0.00000,3
0.4263,4.2847,2.5779,11.7871,-1.9415,0.0336,-0.7020,0,0,2,0.71220,3
0.5882,5.8002,2.2229,11.6068,1.6406,0.0329,-0.8180,0,0,0,0.00000,1
0.3482,3.7584,2.8137,11.7459,-2.4163,0.0626,-0.5648,0,1,0,0.18428,1
0.4370,4.6403,2.6187,12.5698,2.2308,0.0273,-1.4285,0,0,1,1.23165,1
0.4546,4.5574,2.5194,12.0300,-3.1136,0.0100,-0.9492,0,1,0,0.80976,3
0.4510,4.4559,2.5107,11.4090,-2.7743,0.0015,-0.3741,0,0,0,0.00000,3
0.4599,4.9333,2.5833,12.7234,1.8170,0.0000,-1.6201,0,1,1,1.37709,1
0.4095,4.2588,2.6497,11.9109,-2.8094,0.0106,-0.7438,0,0,1,0.39251,3
0.5217,5.5435,2.4420,11.5307,-2.2523,0.0315,-0.6237,0,0,0,0.00000,3
0.5684,5.2378,2.2042,11.9663,0.6501,0.0220,-1.1743,0,0,1,0.64266,1
0.4555,4.5938,2.5241,11.3420,0.7732,0.0046,-0.3249,0,0,0,0.00000,1
0.4807,5.0439,2.5156,11.2868,-2.3922,0.0235,-0.3240,0,0,0,0.00000,3
0.4148,4.4167,2.6667,12.1000,-1.8465,0.0065,-0.9100,0,1,0,0.86731,1
0.4637,4.5189,2.4712,11.2978,0.0255,0.0031,-0.2921,0,0,0,0.00000,3
0.3547,3.7771,2.7844,11.4167,-2.3870,0.0863,-0.3692,0,1,0,0.14371,3
0.3509,3.7483,2.7955,12.7770,2.3577,0.0471,-1.3204,0,1,1,0.82541,1
0.5022,4.9066,2.3968,11.4518,1.7432,0.0020,-0.4789,0,0,0,0.00000,3
0.5646,5.2492,2.2200,11.4634,-0.0011,0.0935,-0.6905,0,0,0,0.00000,1
0.4620,5.0052,2.5902,12.5647,-1.9911,0.0305,-1.5176,0,1,1,0.62856,1
0.4249,4.1840,2.5581,11.4426,1.0922,0.0737,-0.4560,0,0,1,0.19290,1
0.4719,4.5813,2.4511,11.4885,-1.4900,0.0105,-0.4821,0,0,0,0.00000,3
0.3895,3.9787,2.6675,11.9791,-2.7337,0.0828,-0.8500,0,0,1,0.49102,1
0.4824,5.0710,2.5142,12.2689,1.6085,0.0195,-1.2703,0,0,1,0.89100,3
0.5629,5.7888,2.3183,12.5859,2.3764,0.0182,-1.8903,0,1,0,1.31570,1
0.5844,5.6677,2.2161,11.6730,1.5082,0.0149,-0.8638,0,0,1,0.16380,1
0.4550,4.9267,2.6040,13.0226,2.4676,0.0117,-1.9199,1,0,1,0.80549,1
0.4745,5.1364,2.5630,11.2453,2.2636,0.0188,-0.2750,0,0,0,0.00000,3
0.4795,5.0301,2.5182,13.1421,-2.8968,0.0238,-2.1812,1,1,0,1.62657,1
0.4679,4.5062,2.4506,11.4432,2.1871,0.0575,-0.4915,0,0,0,0.00000,1
0.5602,5.2247,2.2322,12.4290,-0.3674,0.0427,-1.7256,0,0,1,1.04679,1
0.4688,4.4441,2.4322,11.3966,-1.5640,0.0359,-0.4242,0,0,0,0.00000,3
0.4710,5.1684,2.5855,13.2791,2.5038,0.0151,-2.2724,0,1,0,1.30231,1
0.5106,5.3573,2.4527,11.2985,1.7489,0.0060,-0.3463,0,0,0,0.00000,3
0.4272,4.4215,2.6092,11.2727,-2.6630,0.0358,-0.2740,0,0,0,0.00000,3
0.3994,4.2933,2.7084,11.4310,2.1180,0.0727,-0.4149,0,0,0,0.00000,3
0.4374,4.4754,2.5762,11.2896,1.5031,0.0332,-0.2945,0,0,0,0.00000,1
0.5216,4.7918,2.2967,11.5688,-0.0427,0.0180,-0.6421,0,0,1,0.27717,3
0.5217,4.7489,2.2880,11.3675,1.0650,0.0361,-0.4602,0,0,0,0.00000,3
0.3705,3.9581,2.7580,11.3843,2.9980,0.0302,-0.2988,0,0,0,0.00000,3
0.4897,4.4941,2.3586,11.6924,0.0130,0.0026,-0.6910,0,0,2,0.40673,1
0.5167,5.0773,2.3728,12.3837,0.2712,0.0217,-1.4983,1,1,0,0.85019,1
0.3642,3.9714,2.7954,12.9051,2.8019,0.1315,-1.6148,0,0,1,1.48544,1
0.4631,4.7419,2.5256,12.8326,2.4401,0.0051,-1.7484,0,1,0,1.24898,1
0.5357,5.2109,2.3229,11.4576,0.8595,0.0640,-0.6065,0,0,0,0.00000,3
0.5759,5.5937,2.2361,12.1275,-1.2523,0.0267,-1.3923,0,0,1,0.62999,1
0.4267,4.4592,2.6213,11.4761,1.3899,0.0372,-0.4438,0,0,0,0.00000,1
0.3667,3.8619,2.7480,11.8669,-2.7887,0.1413,-0.7870,0,0,1,0.32108,1
0.4948,5.0037,2.4472,12.6778,1.2417,0.0332,-1.7595,1,1,0,1.43417,1
0.4846,5.1494,2.5214,11.8717,-2.5898,0.0163,-0.8773,0,0,1,0.22029,3
0.3868,3.9570,2.6746,12.3241,-2.8090,0.0009,-1.0113,0,0,1,0.59676,1
0.4648,4.9982,2.5760,11.7210,1.7278,0.0217,-0.7010,0,0,2,0.49443,1
0.4409,4.7767,2.6337,11.3276,-2.7743,0.0437,-0.3428,0,0,0,0.00000,3
0.3873,3.9820,2.6793,11.4716,2.3615,0.0270,-0.3785,0,0,0,0.00000,3
0.4263,4.2913,2.5797,12.0725,1.9854,0.0245,-0.9380,0,1,0,0.42369,3
0.3577,3.8033,2.7768,12.4427,-2.5804,0.0813,-1.1331,1,1,0,1.10602,1
0.4803,4.4002,2.3753,12.3141,0.5385,0.0020,-1.2780,0,0,1,0.89779,1
0.4271,4.5873,2.6523,12.3819,2.3581,0.0289,-1.2239,1,1,1,0.97932,3
0.4690,5.1563,2.5918,12.1740,2.8663,0.1114,-1.2656,0,1,0,0.72212,1
0.4345,4.3564,2.5595,11.8384,2.4375,0.0605,-0.7970,0,1,0,0.57341,1
0.3724,4.0260,2.7689,11.5064,2.3808,0.0448,-0.4068,0,0,0,0.00000,1
0.4085,4.3459,2.6784,11.8378,2.5884,0.0317,-0.7083,0,1,0,0.23880,3
0.3917,4.1677,2.7116,11.7025,1.7523,0.0256,-0.5612,0,1,0,0.39554,1
0.4691,4.9271,2.5411,12.5270,-2.9646,0.0043,-1.4640,0,1,0,1.05235,1
0.4955,5.3759,2.5206,11.8594,2.6254,0.0741,-0.9640,0,0,1,0.33434,1
0.5574,5.7338,2.3308,11.3455,-0.8024,0.0428,-0.4920,0,0,0,0.00000,1
0.5676,5.7098,2.2871,11.7384,-1.6436,0.0543,-0.9581,0,0,1,0.22400,1
0.3593,3.7987,2.7667,12.4279,-2.9715,0.0392,-1.0658,0,1,0,1.02709,1
0.4364,4.2843,2.5326,11.4228,-2.7546,0.0048,-0.3722,0,0,0,0.00000,3
0.5840,5.7988,2.2385,12.4073,0.9718,0.0120,-1.7356,0,0,1,1.15559,1
0.4457,4.2298,2.4779,11.8224,-1.7310,0.0282,-0.7628,0,0,1,0.15856,3
0.4368,4.5311,2.5927,12.0456,-2.7355,0.0417,-0.9637,0,0,0,0.00000,3
0.5540,5.2920,2.2675,11.7647,-1.3652,0.0396,-0.9391,0,0,1,0.51108,1
0.5095,5.3655,2.4589,11.8855,-2.9274,0.0359,-0.9712,0,1,0,0.43203,1
0.4273,4.6521,2.6674,11.6307,-2.5542,0.1198,-0.6754,0,0,0,0.00000,3
0.4520,4.7595,2.5787,12.8885,-1.9773,0.0098,-1.7676,0,0,1,1.54825,1
0.4065,4.0900,2.6177,11.8962,-2.4048,0.0931,-0.8315,0,1,0,0.45785,1
0.4642,4.4058,2.4426,12.1334,1.4942,0.0405,-1.1123,0,0,2,1.32691,1
0.3808,4.0432,2.7305,11.4868,-2.8545,0.0911,-0.4568,0,0,0,0.00000,3
0.4644,4.6635,2.5018,11.4510,-2.6257,0.0445,-0.4791,0,0,0,0.00000,1
0.3852,4.0377,2.7063,12.6990,2.8335,0.0685,-1.4208,0,1,0,1.52371,1
0.4361,4.7351,2.6465,12.5199,-2.6479,0.0212,-1.3695,0,1,1,1.03732,1
0.4633,4.6017,2.4920,12.2511,-1.2524,0.0214,-1.1978,0,0,1,0.72122,1
0.4654,4.6933,2.5043,11.4088,1.1576,0.0623,-0.4632,0,0,0,0.00000,1
0.4497,4.6063,2.5528,11.4717,-2.9380,0.0161,-0.4449,0,0,0,0.00000,3
0.5922,5.5169,2.1633,12.6041,0.4852,0.0060,-1.9956,0,0,1,0.91884,1
0.4430,4.1949,2.4809,11.7852,-3.0108,0.0245,-0.7195,0,0,2,0.34375,1
0.4185,4.1328,2.5737,11.2181,-2.4425,0.0274,-0.2125,0,0,0,0.00000,3
0.3967,4.0209,2.6450,11.8045,-1.6832,0.0231,-0.6470,0,1,0,0.52127,1
0.5822,5.7716,2.2412,11.5747,-1.1903,0.0420,-0.7821,0,0,0,0.00000,3
0.4682,4.6731,2.4878,11.6150,2.7916,0.0236,-0.6096,0,1,0,0.31381,1
0.3946,4.0069,2.6512,11.6578,2.9057,0.0148,-0.5172,0,0,1,0.30902,3
0.6513,5.9029,2.0103,11.4122,-0.0942,0.0762,-0.7375,0,0,0,0.00000,3
0.4892,4.8294,2.4339,11.3862,-1.1299,0.0637,-0.4728,0,0,0,0.00000,3
0.4056,4.3966,2.7065,12.7810,-2.9799,0.0100,-1.4777,0,1,1,1.12589,1
0.5026,5.0287,2.4200,12.2544,-2.0458,0.0052,-1.2929,0,1,0,0.34042,1
0.5591,5.1884,2.2296,11.5759,-0.6043,0.0767,-0.7859,0,0,0,0.00000,3
0.4495,4.3927,2.5020,12.2289,-2.6375,0.0094,-1.1193,0,1,0,0.19289,1
0.5129,5.1005,2.3926,11.4736,-2.1450,0.0634,-0.5899,0,0,0,0.00000,1
0.5122,5.3108,2.4369,11.4445,-1.4943,0.0070,-0.4928,0,0,0,0.00000,3
0.4787,4.8332,2.4788,11.5349,2.3018,0.0601,-0.5959,0,0,0,0.00000,1
0.4467,4.8855,2.6327,11.9242,-2.3998,0.0713,-0.9153,0,0,1,0.15848,3
0.4257,4.1643,2.5493,11.4633,2.1925,0.0495,-0.4456,0,0,0,0.00000,3
0.4626,4.6096,2.4973,11.8625,-2.4369,0.0447,-0.8567,0,1,0,0.46409,1
0.3535,3.8260,2.8069,11.8034,-2.6224,0.1051,-0.6678,0,1,0,0.32103,3
0.4482,4.4579,2.5234,11.4997,-1.9674,0.0185,-0.4698,0,0,0,0.00000,3
0.4111,4.0829,2.5942,11.4439,2.8400,0.0308,-0.3898,0,0,0,0.00000,3
0.4853,4.6604,2.4130,11.7369,-0.4966,0.0127,-0.7402,0,1,0,0.51320,3
0.5230,5.2246,2.3760,12.4634,-0.7654,0.0547,-1.6596,0,0,1,1.09268,1
0.5887,5.4327,2.1624,11.6352,0.5901,0.0519,-0.8740,0,0,0,0.00000,3
0.4963,4.9806,2.4364,11.4764,1.3272,0.0212,-0.5183,0,0,0,0.00000,3
0.5120,5.5714,2.4879,12.3121,-2.9990,0.0090,-1.3919,0,0,1,0.73241,3
0.5697,5.8498,2.3020,12.5378,0.6600,0.0120,-1.8467,0,0,1,1.30282,1
0.5195,4.8121,2.3091,12.0969,-1.0521,0.0105,-1.1781,0,1,0,0.73981,1
0.4793,4.4070,2.3807,11.2407,-1.3306,0.0225,-0.2773,0,0,0,0.00000,3
0.3791,3.9271,2.7039,11.4851,2.5251,0.1097,-0.4752,0,0,0,0.00000,3
0.3757,3.8874,2.7090,12.3405,2.7092,0.0121,-1.0082,0,0,0,0.00000,1
0.4498,4.6582,2.5649,11.3383,1.2910,0.0033,-0.3142,0,0,0,0.00000,1
0.4779,4.6116,2.4326,11.5354,1.6269,0.0359,-0.5651,0,0,0,0.00000,3
0.3962,4.2755,2.7198,12.3191,3.0167,0.1201,-1.2038,0,0,2,0.87707,1
0.5066,4.8414,2.3655,11.6540,1.0141,0.0538,-0.7495,0,0,0,0.00000,3
0.3443,3.7401,2.8290,12.0535,-2.7486,0.1526,-0.8943,0,1,0,0.40937,3
0.4745,4.5193,2.4260,11.4893,-0.8560,0.0022,-0.4761,0,0,0,0.00000,3
0.4966,4.9211,2.4227,11.3503,-2.9022,0.0299,-0.4075,0,0,0,0.00000,1
0.4871,4.4970,2.3699,11.4334,-0.6463,0.0093,-0.4488,0,0,0,0.00000,3
0.4913,5.2953,2.5224,11.9005,-3.0495,0.0545,-0.9707,0,0,1,0.50426,1
0.6012,5.4565,2.1214,12.1062,0.4527,0.0395,-1.4526,0,1,0,0.40732,1
0.4588,4.9712,2.5972,11.5779,2.9429,0.0639,-0.6109,0,0,0,0.00000,3
0.4482,4.2349,2.4685,12.0920,-1.6666,0.0085,-0.9867,0,0,1,0.70969,1
0.4873,4.5882,2.3892,11.6273,-0.9329,0.0014,-0.6236,0,0,1,0.29084,3
0.4013,4.1643,2.6634,12.4047,1.8285,0.0035,-1.1258,0,1,0,1.03827,1
0.3862,4.1525,2.7352,11.3292,1.8794,0.0286,-0.2723,0,0,0,0.00000,1
0.3702,3.8824,2.7361,12.8130,2.8369,0.0803,-1.4792,0,1,1,1.38560,1
0.5174,5.3524,2.4232,11.3434,0.6934,0.0252,-0.4204,0,0,0,0.00000,1
0.4914,5.4039,2.5441,12.7985,2.3001,0.0115,-1.8438,0,1,0,1.38235,1
0.4719,4.7345,2.4857,11.5464,2.5380,0.0529,-0.5877,0,0,0,0.00000,1
0.4220,4.6407,2.6899,11.3746,2.6720,0.0340,-0.3508,0,0,0,0.00000,3
0.5002,4.8446,2.3919,11.7013,-1.0566,0.0058,-0.7245,0,0,1,0.26237,3
0.5948,5.8594,2.2074,12.8604,-1.0793,0.0053,-2.3386,0,1,0,1.10699,1
0.3725,3.9607,2.7480,12.2433,2.9722,0.0456,-0.9694,0,1,0,1.02348,3
0.4480,4.6092,2.5611,12.3532,-2.9138,0.0089,-1.2324,0,1,0,0.81552,1
0.3464,3.7104,2.8075,13.0461,-2.9883,0.0107,-1.4521,0,1,2,1.83759,1
0.4058,4.3920,2.7038,12.2934,-3.0217,0.1034,-1.1863,0,1,0,0.20481,1
0.4440,4.7524,2.6136,11.7949,-1.7789,0.0157,-0.7214,0,0,1,0.32956,1
0.5690,5.8017,2.2967,11.6654,-0.6632,0.0265,-0.8427,0,0,0,0.00000,3
0.4191,4.5402,2.6784,11.2659,2.8996,0.0342,-0.2597,0,0,0,0.00000,3
0.4163,4.3234,2.6349,12.3052,1.2435,0.0061,-1.0896,0,0,0,0.00000,1
0.3549,3.9063,2.8250,12.7613,-2.5344,0.0657,-1.3520,1,1,0,1.37814,1
0.5918,5.9791,2.2370,11.4166,1.5489,0.0448,-0.6196,0,0,0,0.00000,1
0.3662,3.9246,2.7698,11.8798,-2.4232,0.0621,-0.6958,0,1,0,0.55714,3
0.4757,4.3429,2.3803,11.3948,0.9645,0.0735,-0.4752,0,0,0,0.00000,3
0.4876,4.7478,2.4227,11.5049,-2.8084,0.0248,-0.5370,0,0,0,0.00000,1
0.3441,3.7508,2.8339,11.4969,2.8942,0.1010,-0.4299,0,0,0,0.00000,3
0.5334,5.4629,2.3788,11.4414,1.2242,0.0213,-0.5358,0,0,0,0.00000,3
0.4345,4.2034,2.5201,11.6970,2.4466,0.0300,-0.6339,0,0,1,0.39304,1
0.5290,5.4449,2.3933,11.3924,-2.0802,0.0781,-0.5471,0,0,0,0.00000,1
0.5283,5.0394,2.3195,11.5032,-1.2615,0.0000,-0.5643,0,0,0,0.00000,1
0.4816,5.0736,2.5183,11.6026,-2.9506,0.0671,-0.6742,0,0,0,0.00000,1
0.4121,4.4803,2.6968,11.3477,3.0646,0.0787,-0.3693,0,0,0,0.00000,3
0.3788,4.1787,2.7810,11.7662,-2.4250,0.1331,-0.7202,0,0,1,0.43078,2
0.4946,5.4295,2.5354,11.4695,-2.9479,0.0170,-0.5060,0,0,0,0.00000,3
0.3911,4.0018,2.6667,12.7126,-2.5176,0.0113,-1.3634,1,1,1,1.12466,1
0.3980,4.2352,2.6995,12.5349,-2.9031,0.0166,-1.2456,0,0,0,0.00000,1
0.4233,4.5388,2.6576,11.6945,2.7486,0.0754,-0.6696,0,0,1,0.32875,3
0.4657,4.3641,2.4265,11.9888,0.8909,0.0254,-0.9560,0,0,1,0.30745,1
0.4770,5.1168,2.5477,12.0308,2.8328,0.0499,-1.0603,0,0,1,0.77042,1
0.4867,4.8147,2.4408,12.2849,-1.3571,0.0197,-1.2976,0,1,0,0.79220,1
0.3966,4.0425,2.6514,12.0686,3.0564,0.0461,-0.8912,0,1,0,0.59640,3
0.5621,5.7066,2.3079,11.2500,1.2375,0.0104,-0.3565,0,0,0,0.00000,3
0.3761,3.8832,2.7062,11.3056,2.7490,0.0257,-0.2421,0,0,0,0.00000,3
0.3931,4.0518,2.6712,13.0780,2.5919,0.0539,-1.7657,0,1,0,1.62347,1
0.4262,4.4841,2.6302,12.7466,2.7117,0.0518,-1.5938,0,1,1,1.45323,1
0.4527,4.4791,2.5092,12.0109,1.1725,0.0324,-0.9568,0,1,0,0.38448,1
0.5569,5.7147,2.3296,11.5313,2.1247,0.0140,-0.6577,0,0,0,0.00000,1
0.4815,5.1284,2.5305,12.1649,-2.8883,0.0278,-1.1752,0,0,1,0.75294,3
0.5200,5.2578,2.3945,11.3054,0.4722,0.0148,-0.3729,0,0,0,0.00000,1
0.3621,3.8673,2.7738,13.2537,2.2819,0.0084,-1.6875,1,1,1,3.56290,1
0.4583,4.4527,2.4787,12.2465,0.6997,0.0126,-1.1652,0,1,0,0.79921,1
0.4360,4.7106,2.6410,11.6608,1.5027,0.0079,-0.5797,0,1,0,0.15806,1
0.3808,4.0771,2.7403,11.8964,3.1377,0.0970,-0.7825,0,0,2,0.32986,3
0.5420,5.2823,2.3118,11.6282,0.4878,0.0243,-0.7482,0,0,0,0.00000,3
0.4424,4.3678,2.5272,11.3052,-0.9135,0.0216,-0.2989,0,0,0,0.00000,1
0.4688,4.5657,2.4605,11.6665,-1.3947,0.0040,-0.6333,0,0,1,0.33489,3
0.4090,4.3618,2.6800,11.2648,-2.2063,0.0231,-0.2375,0,0,0,0.00000,1
0.4656,4.8766,2.5451,11.4390,1.5754,0.0528,-0.4801,0,0,0,0.00000,3
0.5768,5.8992,2.2823,11.6803,0.3458,0.0265,-0.8747,0,0,0,0.00000,1
0.5425,5.4099,2.3329,11.2706,0.8754,0.0004,-0.3451,0,0,0,0.00000,3
0.3548,3.7702,2.7813,11.8179,-2.6010,0.0908,-0.6635,0,1,0,0.28757,3
0.4359,4.7554,2.6523,12.6614,2.6534,0.0257,-1.5092,0,0,4,1.20327,1
0.4111,4.2119,2.6293,11.7477,-2.6805,0.0072,-0.6079,0,0,1,0.18286,3
0.4522,4.5322,2.5242,12.0690,-0.3512,0.0036,-0.9705,0,0,1,0.58885,1
0.4382,4.6790,2.6229,11.8247,2.6683,0.1157,-0.8629,0,1,0,0.38178,1
0.5024,4.9449,2.4039,11.5829,-2.0252,0.0078,-0.6145,0,0,0,0.00000,3
0.5877,5.4474,2.1683,11.4541,-0.3586,0.0738,-0.6900,0,0,0,0.00000,3
0.5166,5.2799,2.4126,11.4261,2.4628,0.0299,-0.5075,0,0,0,0.00000,1
0.5541,5.1137,2.2349,11.3748,0.7293,0.0252,-0.4955,0,0,0,0.00000,3
0.3298,3.6345,2.8752,12.7557,-2.4925,0.0568,-1.2383,0,1,0,1.64320,0
0.4438,4.5892,2.5751,12.2109,-2.4432,0.0441,-1.1371,0,1,0,0.83226,3
0.3838,4.0141,2.7067,11.6594,2.5823,0.1456,-0.6602,0,0,0,0.00000,1
0.3924,4.1600,2.7058,13.1986,-2.3478,0.0222,-1.8131,1,1,1,1.76736,1
0.4206,4.1779,2.5760,11.7602,-2.8435,0.0184,-0.6489,0,0,1,0.50202,3
0.4209,4.3814,2.6284,11.4338,-2.5116,0.0049,-0.3638,0,0,0,0.00000,1
0.4972,5.4322,2.5248,11.6780,3.0888,0.0972,-0.8130,0,0,0,0.00000,1
0.4650,4.9239,2.5584,12.2888,-3.1325,0.0492,-1.2809,0,1,0,0.19528,1
0.5274,5.0393,2.3231,11.2084,1.7677,0.0106,-0.2778,0,0,0,0.00000,1
0.4293,4.5717,2.6379,11.3391,2.2520,0.0214,-0.3146,0,0,0,0.00000,3
0.4620,4.5935,2.4959,11.5695,-0.3520,0.0119,-0.5438,0,0,0,0.00000,1
0.4195,4.1568,2.5754,12.2669,-2.7147,0.0138,-1.0752,0,0,1,0.94454,1
0.5666,5.2332,2.2098,11.5607,0.0740,0.0511,-0.7490,0,0,0,0.00000,3
0.5136,4.9622,2.3622,11.9217,-0.6805,0.0003,-0.9675,0,0,1,0.30037,1
0.5832,5.6945,2.2250,11.6269,1.0530,0.0089,-0.8011,0,0,0,0.00000,3
0.3384,3.6907,2.8454,11.8648,3.1368,0.0417,-0.6045,0,1,0,0.53423,1
0.3754,4.1106,2.7782,12.3799,-2.5964,0.0404,-1.0795,0,1,1,1.00565,3
0.3859,4.0259,2.6994,13.0077,2.0872,0.0391,-1.6439,1,1,0,1.91127,1
0.5073,4.8347,2.3615,11.4916,-0.6590,0.0274,-0.5552,0,0,0,0.00000,3
0.5040,5.2303,2.4549,11.3065,0.7777,0.0457,-0.3927,0,0,0,0.00000,1
0.4257,4.1483,2.5451,11.3913,2.0140,0.0610,-0.3991,0,0,0,0.00000,3
0.3722,3.8748,2.7234,11.8012,3.0333,0.0594,-0.6443,0,1,0,0.39482,3
0.4208,4.2136,2.5847,11.7847,-2.5618,0.0486,-0.7082,0,1,0,0.42914,1
0.3930,4.0125,2.6606,11.3000,-2.8894,0.0880,-0.3234,0,0,0,0.00000,1
0.4864,4.8038,2.4400,11.2927,-1.2892,0.0302,-0.3421,0,0,0,0.00000,3
0.3982,4.0901,2.6576,11.8720,-2.0588,0.0336,-0.7176,0,0,1,0.58685,3
0.4710,4.9441,2.5363,12.6562,1.3278,0.0108,-1.6113,1,1,0,1.00794,1
0.4095,4.3535,2.6756,11.3140,2.0497,0.0191,-0.2720,0,0,0,0.00000,1
0.3985,4.2252,2.6941,12.2902,-2.6989,0.0191,-1.0439,0,1,1,0.73289,3
0.3599,3.8253,2.7720,11.3294,-2.9458,0.0282,-0.2475,0,0,0,0.00000,1
0.4022,4.2326,2.6781,12.6765,2.8938,0.0098,-1.3719,0,1,1,1.42071,1
0.4822,5.0120,2.5024,11.6992,1.6827,0.0405,-0.7351,0,0,2,0.41056,3
0.4353,4.3367,2.5506,11.3261,-1.2372,0.0111,-0.2974,0,0,0,0.00000,1
0.4186,4.3984,2.6436,11.9276,2.4592,0.0083,-0.7744,0,1,0,0.22235,3
0.3934,4.2339,2.7221,11.3561,-2.6124,0.0661,-0.3423,0,0,0,0.00000,3
0.3825,4.2045,2.7690,12.5321,-2.9707,0.1207,-1.3450,0,0,1,1.24369,1
0.4128,4.2919,2.6430,12.2054,-2.6206,0.0045,-0.9914,0,0,1,1.02319,1
0.5264,5.3094,2.3785,11.2510,2.0781,0.0392,-0.3535,0,0,0,0.00000,1
0.3939,4.0462,2.6657,11.3161,-3.0288,0.0073,-0.2452,0,0,0,0.00000,3
0.4140,4.2826,2.6349,11.4190,-2.3521,0.1065,-0.4616,0,0,0,0.00000,3
0.4390,4.3024,2.5256,12.0648,2.9566,0.0387,-0.9815,0,0,1,0.32151,1
0.5845,5.6592,2.2144,11.6486,-1.1094,0.0006,-0.8174,0,0,0,0.00000,1
0.5102,5.2549,2.4342,11.4950,-1.2593,0.0657,-0.6108,0,0,0,0.00000,3
0.4760,4.9125,2.5075,12.8121,3.0418,0.0037,-1.7787,0,0,4,1.41988,1
0.3838,4.2165,2.7657,12.1846,2.8561,0.1459,-1.0888,0,0,2,0.90032,1
0.4692,4.3921,2.4183,11.8872,-1.4880,0.0019,-0.8361,0,0,1,0.53346,1
0.4663,4.8036,2.5254,11.9669,-2.5941,0.0343,-0.9509,0,0,1,0.63097,1
0.3929,4.2433,2.7271,12.0132,-2.8194,0.0119,-0.7928,0,0,1,0.58626,1
0.3945,4.1474,2.6918,12.1477,-1.8778,0.0227,-0.9198,0,0,1,0.68117,1
0.6015,5.5376,2.1327,11.8896,-0.9026,0.0660,-1.2248,0,1,0,0.35014,1
0.4786,5.1724,2.5524,12.1793,-2.4491,0.0842,-1.2604,0,1,0,0.70191,1
0.5953,5.4243,2.1374,11.2880,-0.2376,0.0163,-0.4398,0,0,0,0.00000,1
0.3888,4.1152,2.7111,11.3892,1.8154,0.0259,-0.3167,0,0,0,0.00000,1
0.5411,5.1153,2.2844,11.3869,0.8094,0.0231,-0.4897,0,0,0,0.00000,3
0.4942,5.3043,2.5119,11.4546,1.7026,0.0304,-0.5067,0,0,0,0.00000,3
0.4209,4.2668,2.5982,11.4295,-1.2517,0.0560,-0.4195,0,0,0,0.00000,1
0.5190,4.6963,2.2877,12.1448,-0.2521,0.0518,-1.2875,0,0,1,0.45047,1
0.4324,4.7440,2.6662,11.3471,-2.0754,0.0555,-0.3637,0,0,0,0.00000,3
0.3945,4.1748,2.6998,12.5597,-2.9760,0.0684,-1.3328,0,0,3,0.85519,1
0.3718,3.9050,2.7348,12.2645,-2.0437,0.0189,-0.9470,0,0,1,0.81791,1
0.3796,4.0559,2.7400,13.0112,2.2413,0.0345,-1.6112,0,1,1,1.77418,1
0.4682,4.7401,2.5030,11.8437,1.1319,0.0477,-0.8548,0,0,1,0.21719,1
0.3741,3.9842,2.7472,11.9490,2.6224,0.0466,-0.7451,0,0,1,0.44549,3
0.5055,5.2561,2.4539,11.5222,-3.1308,0.0205,-0.5765,0,0,0,0.00000,1
0.4823,4.8187,2.4602,12.3785,-2.7396,0.0287,-1.3933,0,0,2,0.77049,1
0.3587,3.8108,2.7735,13.0548,3.0409,0.0074,-1.5080,0,1,0,1.78695,1
0.4074,4.0828,2.6111,11.2466,-1.8140,0.0485,-0.2501,0,0,0,0.00000,3
0.5944,5.8565,2.2085,11.8022,0.2185,0.0529,-1.0870,0,0,1,0.19155,1
0.4640,4.4402,2.4513,12.1805,0.4766,0.0187,-1.1264,0,0,1,0.19948,1
0.4094,4.4714,2.7074,12.8859,2.8981,0.0712,-1.6881,0,1,1,1.49724,1
0.3340,3.6697,2.8631,12.6036,-2.8634,0.0540,-1.1370,0,1,1,1.23587,1
0.5107,4.8540,2.3520,11.5542,1.4542,0.0357,-0.6328,0,0,0,0.00000,3
0.5093,5.1866,2.4245,11.5310,-0.8643,0.0221,-0.5924,0,0,0,0.00000,1
0.4787,5.1932,2.5564,11.4723,-2.9813,0.1088,-0.5955,0,0,0,0.00000,1
0.4767,5.0480,2.5342,12.5919,-3.0653,0.0032,-1.5554,0,1,0,1.29850,1
0.5524,5.1692,2.2515,11.6308,-1.3072,0.0009,-0.7382,0,0,0,0.00000,1
0.4748,4.6427,2.4528,11.4286,-2.2759,0.0057,-0.4255,0,0,0,0.00000,3
0.4496,4.7105,2.5783,11.7340,2.6842,0.0342,-0.7000,0,1,0,0.24035,3
0.3769,3.8895,2.7038,12.3889,-2.5757,0.0773,-1.1444,0,1,0,1.02842,1
0.4521,4.2871,2.4650,11.6891,-0.1185,0.0130,-0.6357,0,0,1,0.23723,1
0.4642,4.8813,2.5526,12.6395,1.3077,0.0186,-1.5811,0,0,1,0.97488,1
0.3705,3.9713,2.7618,11.4005,-2.7459,0.0216,-0.3008,0,0,0,0.00000,1
0.3718,3.9108,2.7363,12.2151,-1.9162,0.0158,-0.9046,0,0,1,0.70848,1
0.3976,4.3705,2.7392,12.6479,-2.5481,0.1200,-1.4995,1,1,0,1.25052,1
0.3853,3.9854,2.6906,11.6282,-2.8053,0.0525,-0.5255,0,1,0,0.19485,3
0.4961,4.8010,2.3994,11.4271,1.3864,0.0038,-0.4489,0,0,0,0.00000,3
0.4985,4.8628,2.4027,11.3789,-0.3183,0.0144,-0.4186,0,0,0,0.00000,3
0.4259,4.2528,2.5716,12.0629,-2.9808,0.0125,-0.9121,0,1,0,0.65877,3
0.4998,5.3577,2.4984,13.1719,-2.3874,0.0427,-2.3503,0,1,2,1.21815,1
0.4135,4.1333,2.5967,12.8759,2.9046,0.0368,-1.6392,1,1,0,1.29207,1
0.3561,3.7785,2.7773,13.1560,-2.6900,0.0453,-1.6455,0,1,0,2.14285,1
0.5181,5.4192,2.4334,12.1527,1.3357,0.0458,-1.2889,0,0,1,0.79928,3
0.3688,3.8513,2.7335,11.3846,-2.8931,0.0479,-0.3175,0,0,0,0.00000,3
0.3478,3.7618,2.8167,12.8415,-2.4596,0.0614,-1.3818,0,1,1,1.71617,1
0.4822,5.0706,2.5152,11.4684,1.7066,0.0420,-0.5168,0,0,0,0.00000,3
0.4217,4.4216,2.6351,11.8314,-2.4444,0.0869,-0.7992,0,0,1,0.42731,3
0.4423,4.5166,2.5644,11.3618,-2.4957,0.0052,-0.3284,0,0,0,0.00000,3
0.4049,4.1402,2.6394,12.0433,2.9202,0.0170,-0.8511,0,0,1,0.72937,3
0.4029,4.2624,2.6830,12.2363,3.0780,0.0328,-1.0300,0,1,0,1.01471,3
0.4157,4.4111,2.6611,11.8153,2.8048,0.0092,-0.6754,0,1,0,0.36168,3
0.4402,4.4652,2.5611,12.2309,-1.3775,0.0464,-1.1484,0,1,0,0.97292,1
0.3989,4.3019,2.7134,11.7432,-2.5395,0.2148,-0.8397,0,1,0,0.24878,1
0.4669,4.6082,2.4784,11.5304,2.1286,0.0339,-0.5421,0,0,1,0.26669,3
0.4985,4.9979,2.4307,11.8543,0.7005,0.0308,-0.9073,0,1,0,0.20253,1
0.5055,5.1498,2.4328,11.4802,0.6005,0.0097,-0.5215,0,0,0,0.00000,1
0.3701,3.9597,2.7606,12.3161,3.1204,0.0595,-1.0393,0,0,1,0.62519,3
0.5029,5.5037,2.5142,13.1062,-2.1869,0.0206,-2.2500,0,1,0,1.57929,1
0.4523,4.9509,2.6220,12.2508,-1.6490,0.0192,-1.1651,0,1,0,0.77575,1
0.4307,4.3469,2.5743,12.6556,2.7708,0.0009,-1.4430,0,0,1,0.92144,1
0.3882,4.1141,2.7138,12.2159,2.5597,0.0479,-0.9934,1,1,0,0.49514,3
0.4132,4.4372,2.6799,11.3850,-2.7069,0.0159,-0.3285,0,0,0,0.00000,1
0.4042,4.0133,2.6068,11.4914,2.2906,0.1213,-0.5264,0,0,0,0.00000,1
0.4917,5.3447,2.5309,11.8035,2.4380,0.0672,-0.8906,0,1,0,0.17933,3
0.4403,4.4878,2.5660,11.3642,-2.5403,0.0700,-0.4034,0,0,0,0.00000,1
0.4871,5.2006,2.5212,11.2805,2.5869,0.0118,-0.3115,0,0,0,0.00000,3
0.6134,5.9777,2.1560,11.4948,-1.5935,0.0071,-0.6964,0,0,0,0.00000,1
0.3630,3.9377,2.7911,11.3794,2.4329,0.0389,-0.2977,0,0,0,0.00000,1
0.4562,4.7937,2.5679,12.3409,2.2691,0.0052,-1.2413,0,1,0,0.98718,1
0.4859,4.5635,2.3895,12.1671,1.3749,0.0449,-1.2104,0,0,1,0.74787,1
0.3569,3.8659,2.8013,11.4278,-3.0546,0.1009,-0.3961,0,0,0,0.00000,3
0.4306,4.4899,2.6109,12.2179,2.5295,0.0104,-1.0597,0,1,0,0.96528,3
0.5289,5.3848,2.3828,11.6717,-2.6222,0.0309,-0.7803,0,0,0,0.00000,1
0.4938,4.5296,2.3503,11.5385,-0.0027,0.0486,-0.6066,0,0,0,0.00000,1
0.3646,3.8676,2.7604,12.9577,3.1249,0.0267,-1.4879,0,0,2,1.64054,1
0.4488,4.6674,2.5714,11.3460,2.2086,0.0013,-0.3177,0,0,0,0.00000,1
0.4507,4.5311,2.5303,12.3782,-2.6464,0.0191,-1.2787,0,0,1,0.90434,1
0.4260,4.6100,2.6630,12.0080,-2.7073,0.1077,-0.9915,0,0,1,0.75757,1
0.3961,4.1491,2.6844,11.2768,-2.0778,0.0522,-0.2682,0,0,0,0.00000,3
0.4715,4.9389,2.5330,11.2888,2.6022,0.0112,-0.3024,0,0,0,0.00000,3
0.3951,4.0163,2.6513,11.3186,3.0127,0.0066,-0.2474,0,0,0,0.00000,3
0.5325,5.2223,2.3377,11.8351,0.0411,0.0119,-0.9349,0,0,1,0.29892,3
0.4496,4.6984,2.5751,11.8998,-1.9899,0.0248,-0.8386,0,0,1,0.20515,3
0.5457,5.2797,2.2969,11.3704,-0.4506,0.0159,-0.4702,0,0,0,0.00000,3
0.5000,4.8624,2.3964,11.3689,0.1996,0.0349,-0.4349,0,0,0,0.00000,1
0.4912,4.5922,2.3743,11.6573,0.8325,0.0283,-0.6929,0,0,2,0.53399,3
0.5151,4.8174,2.3273,11.2992,-1.2368,0.0043,-0.3474,0,0,0,0.00000,3
0.4227,4.3639,2.6155,11.8079,2.0986,0.0342,-0.7138,0,1,0,0.36704,3
0.5894,5.3416,2.1453,11.6155,-0.4496,0.1518,-0.9814,0,0,0,0.00000,1
0.3416,3.7509,2.8478,11.8407,-2.7034,0.0961,-0.6613,0,0,1,0.49001,3
0.5287,5.6526,2.4330,11.7570,2.3207,0.0376,-0.8800,0,0,2,0.54202,3
0.4778,4.9114,2.4997,12.8801,1.6412,0.0082,-1.8645,0,0,1,1.72173,1
0.3581,3.8770,2.7984,12.0327,-2.8641,0.1571,-0.9167,0,1,0,0.28522,1
0.3804,3.9844,2.7146,11.8612,-2.5546,0.0771,-0.7288,0,1,0,0.37557,3
0.4671,4.4794,2.4478,11.3820,-0.3881,0.0131,-0.3823,0,0,0,0.00000,1
0.4084,4.1865,2.6352,11.3853,-2.7000,0.0151,-0.3222,0,0,0,0.00000,3
0.4996,4.6864,2.3608,12.0216,0.5259,0.0203,-1.0632,0,0,1,0.55352,1
0.4476,4.8322,2.6163,11.8811,-1.7839,0.0352,-0.8311,0,1,0,0.46477,1
0.4448,4.8729,2.6389,12.9209,2.7859,0.0487,-1.8350,0,1,0,1.52361,1
0.4493,4.5495,2.5409,11.4424,-2.1181,0.0949,-0.5117,0,0,0,0.00000,1
0.5186,5.1335,2.3761,12.6723,-1.1318,0.0151,-1.8143,0,1,1,1.22656,1
0.3437,3.7918,2.8499,12.6251,2.7230,0.1643,-1.3516,0,1,0,1.35786,0
0.4496,4.9034,2.6238,11.9140,1.5043,0.0097,-0.8327,0,0,1,0.28486,1
0.4473,4.3910,2.5111,11.4543,1.0211,0.0216,-0.4325,0,0,0,0.00000,1
0.4287,4.5663,2.6393,11.5769,1.7170,0.0660,-0.5662,0,1,0,0.24673,1
0.5390,5.1654,2.3018,11.3229,0.6961,0.0059,-0.4006,0,0,0,0.00000,3
0.5257,5.3731,2.3932,11.5763,-0.8802,0.0360,-0.6817,0,0,0,0.00000,1
0.5460,5.5404,2.3426,11.5318,1.7464,0.0018,-0.6254,0,0,0,0.00000,3
0.4253,4.6254,2.6701,12.4994,-2.1117,0.0298,-1.3269,0,0,2,1.93685,1
0.6375,6.1055,2.0861,11.3982,-0.0106,0.0513,-0.6705,0,0,0,0.00000,3
0.4419,4.8667,2.6508,13.2264,-2.9686,0.0626,-2.1575,1,1,1,1.98801,0
0.4833,5.2845,2.5555,13.1985,-2.2274,0.0426,-2.2978,1,1,0,1.82400,1
0.4279,4.6277,2.6586,13.2653,-1.9374,0.0207,-2.0483,0,0,0,0.00000,1
0.4028,4.3577,2.7093,12.8400,2.7090,0.0776,-1.6289,0,0,4,1.47824,1
0.3806,4.0791,2.7418,11.9391,-3.0269,0.1027,-0.8234,0,1,0,0.57897,1
0.4274,4.4705,2.6212,12.4293,-1.5127,0.0065,-1.2345,0,0,1,1.12699,1
0.5219,5.5983,2.4512,11.5483,1.7581,0.0006,-0.6047,0,0,0,0.00000,3
0.3417,3.7707,2.8539,13.3875,3.0384,0.0708,-1.8114,1,1,0,2.20291,0
0.4654,4.9579,2.5644,11.3138,2.3939,0.0886,-0.4076,0,0,0,0.00000,3
0.4900,5.0220,2.4715,11.5326,-0.1571,0.0104,-0.5507,0,0,0,0.00000,1
0.4680,5.0327,2.5694,13.2367,-2.9332,0.0440,-2.2656,1,1,2,1.10959,1
0.4496,4.7382,2.5849,13.1721,2.7231,0.0464,-2.1100,0,0,1,1.79196,1
0.3535,3.8741,2.8226,12.9595,2.9172,0.0894,-1.5456,0,0,0,0.00000,1
0.4293,4.2524,2.5563,11.3560,-1.2172,0.0125,-0.3175,0,0,0,0.00000,1
0.4202,4.4835,2.6583,11.3133,-2.4257,0.0171,-0.2795,0,0,0,0.00000,3
0.4598,4.5007,2.4838,12.4363,0.8954,0.0451,-1.4027,1,1,0,0.88677,1
0.4535,4.5594,2.5251,11.2772,-1.3264,0.0105,-0.2731,0,0,0,0.00000,3
0.3945,3.9875,2.6460,12.6168,2.2452,0.0020,-1.2795,0,1,0,1.53399,1
0.3978,4.0905,2.6593,11.3962,2.0455,0.0089,-0.3121,0,0,0,0.00000,1
0.3603,3.8267,2.7702,13.0251,-2.9861,0.0549,-1.5730,0,1,1,1.67147,1
0.5225,5.4483,2.4208,11.3457,-2.3694,0.0072,-0.4077,0,0,0,0.00000,3
0.4610,4.7836,2.5442,11.2695,1.1865,0.0242,-0.2896,0,0,0,0.00000,1
0.4167,4.5076,2.6814,12.6633,1.9669,0.0357,-1.4548,0,1,1,1.18991,1
0.4143,4.2666,2.6291,11.4817,-2.1915,0.0591,-0.4579,0,0,0,0.00000,3
0.3924,4.1677,2.7082,11.3594,1.6927,0.0591,-0.3358,0,0,0,0.00000,1
0.6559,6.2758,2.0428,11.4304,0.0225,0.0309,-0.7133,0,0,0,0.00000,3
0.3646,3.8959,2.7693,11.9828,-2.1691,0.0462,-0.7497,0,0,2,0.62548,1
0.4570,4.2776,2.4418,11.4404,-1.5124,0.0423,-0.4567,0,0,0,0.00000,3
0.4932,4.6203,2.3723,11.3897,0.3138,0.0218,-0.4305,0,0,0,0.00000,3
0.4279,4.4001,2.6005,12.8220,-2.9650,0.0472,-1.6650,0,0,1,1.44932,1
0.5144,4.9583,2.3582,11.9006,1.5881,0.0233,-0.9784,0,1,0,0.46378,3
0.3949,4.3033,2.7339,11.8879,-1.9390,0.0705,-0.7712,0,0,1,0.52703,1
0.3412,3.6833,2.8271,12.6425,-3.1007,0.0219,-1.1429,0,1,1,1.40845,1
0.4128,4.1777,2.6120,11.4694,-1.2585,0.0432,-0.4272,0,0,0,0.00000,1
0.4046,4.3505,2.6987,12.3965,-2.9617,0.0036,-1.1302,0,0,1,0.85987,1
0.4301,4.1618,2.5289,11.4299,1.7979,0.0479,-0.4211,0,0,0,0.00000,3
0.4259,4.6273,2.6680,11.9871,-2.8777,0.0059,-0.8394,0,1,0,0.62269,1
0.4454,4.6230,2.5764,12.5247,3.0056,0.0035,-1.3779,0,1,0,1.18918,1
0.4801,4.8920,2.4857,12.2521,2.8488,0.0063,-1.2265,0,1,0,0.33602,1
0.3707,4.0592,2.7876,12.8764,-2.7768,0.0782,-1.5299,0,1,1,1.66879,1
0.3972,4.3375,2.7319,13.1784,-2.0721,0.0385,-1.8474,0,0,1,1.72974,1
0.3758,3.9115,2.7161,12.5894,-2.4439,0.1041,-1.3483,0,0,1,1.32235,1
0.3494,3.7811,2.8145,11.2993,2.7881,0.0565,-0.2494,0,0,0,0.00000,3
0.3838,3.9443,2.6857,11.2588,-2.1781,0.0185,-0.2065,0,0,0,0.00000,1
0.5099,4.9071,2.3656,11.5693,-2.1475,0.0251,-0.6340,0,0,0,0.00000,1
0.4555,4.3767,2.4722,12.0926,-1.4061,0.0119,-1.0111,0,1,1,0.74341,1
0.5091,4.8879,2.3649,11.3307,-0.0894,0.0050,-0.3731,0,0,0,0.00000,3
0.3746,3.9576,2.7364,12.4967,2.3509,0.0125,-1.1298,0,0,2,0.91188,1
0.4457,4.6448,2.5803,11.3759,-1.1120,0.0051,-0.3444,0,0,0,0.00000,1
0.3938,4.0569,2.6695,11.2694,2.7369,0.0285,-0.2338,0,0,0,0.00000,3
0.4052,4.1831,2.6495,11.2916,-1.3779,0.0269,-0.2590,0,0,0,0.00000,1
0.3781,4.0485,2.7457,11.5293,-2.3989,0.0423,-0.4283,0,0,0,0.00000,3
0.3906,4.2398,2.7378,11.7148,2.0980,0.0393,-0.5857,0,1,0,0.40352,1
0.3789,4.1668,2.7766,13.0235,2.1241,0.0452,-1.6365,0,1,1,1.78682,1
0.3823,4.1444,2.7524,11.3603,-2.8647,0.0458,-0.3112,0,0,0,0.00000,3
0.3681,3.9613,2.7711,12.4838,-3.0348,0.0368,-1.1344,0,1,1,1.09199,1
0.4951,5.2502,2.4969,11.5305,2.4637,0.0551,-0.6110,0,0,0,0.00000,1
0.6572,6.0780,2.0126,12.5586,0.3000,0.0190,-2.2046,0,1,0,0.85494,1
0.4719,5.1616,2.5800,12.1125,-3.0649,0.0378,-1.1118,0,1,0,0.39310,3
0.4731,5.1441,2.5709,11.6765,2.6922,0.0257,-0.6795,0,1,0,0.18094,3
0.4567,4.7826,2.5631,11.3894,2.1929,0.0040,-0.3675,0,0,0,0.00000,3
0.4134,4.1897,2.6126,11.2819,-2.7326,0.0771,-0.3156,0,0,0,0.00000,1
0.4785,5.0343,2.5232,11.5207,-1.0869,0.0234,-0.5386,0,0,0,0.00000,1
0.5098,5.1549,2.4159,11.5188,2.3107,0.0193,-0.5774,0,0,0,0.00000,1
0.5356,4.9984,2.2834,11.4034,1.2728,0.0561,-0.5393,0,0,0,0.00000,3
0.4913,4.9581,2.4524,12.1900,0.7364,0.0127,-1.2050,0,0,1,0.79034,1
0.4272,4.6144,2.6584,12.1721,-2.8610,0.1054,-1.1404,0,0,1,0.85959,1
0.5858,5.8414,2.2384,11.2968,-2.1001,0.0091,-0.4325,0,0,0,0.00000,1
0.3705,4.0560,2.7880,11.9415,-3.0210,0.0638,-0.7536,0,0,1,0.53107,3
0.4041,4.1405,2.6430,11.4370,-2.9528,0.0068,-0.3483,0,0,0,0.00000,3
0.4397,4.4929,2.5703,11.5378,3.0955,0.0547,-0.5348,0,0,0,0.00000,1
0.5334,5.6926,2.4209,11.3918,-2.3158,0.0086,-0.4704,0,0,0,0.00000,3
0.4877,4.7909,2.4319,11.4623,1.8838,0.0404,-0.5155,0,0,0,0.00000,3
0.5381,5.5779,2.3809,11.4431,-2.5905,0.0196,-0.5423,0,0,0,0.00000,1
0.3921,4.0711,2.6819,11.3376,2.6420,0.1371,-0.4076,0,0,0,0.00000,1
0.4550,4.3594,2.4703,11.7352,0.1068,0.0052,-0.6726,0,0,1,0.35303,3
0.4081,4.0988,2.6126,11.3055,0.9125,0.0021,-0.2442,0,0,0,0.00000,1
0.3838,4.0051,2.7037,12.1631,1.8532,0.0431,-0.9323,0,0,1,0.97341,1
0.4620,4.9044,2.5672,11.3224,-2.3529,0.0060,-0.3168,0,0,0,0.00000,3
0.4708,5.1505,2.5827,11.5447,2.9400,0.1298,-0.6779,0,0,0,0.00000,1
0.4954,4.5049,2.3387,11.4096,1.4049,0.0346,-0.4669,0,0,0,0.00000,1
0.5171,5.4910,2.4513,11.6710,-2.9133,0.0438,-0.7754,0,1,0,0.14314,1
0.5261,5.2210,2.3628,11.5191,-0.6568,0.0412,-0.6289,0,0,0,0.00000,1
0.4137,4.3944,2.6663,11.9975,-2.3916,0.1157,-0.9637,0,1,0,0.69900,1
0.4177,4.1156,2.5726,11.8719,2.2408,0.0202,-0.7396,0,0,1,0.20923,3
0.4729,4.3984,2.4047,12.0657,0.6652,0.0411,-1.0696,0,0,1,0.49562,1
0.5013,5.2217,2.4647,11.3334,1.0946,0.0589,-0.4313,0,0,0,0.00000,1
0.6317,5.7846,2.0624,12.3792,-0.0118,0.0264,-1.8786,1,1,1,0.88106,1
0.4923,4.4866,2.3467,11.4594,-0.7395,0.0968,-0.5864,0,0,0,0.00000,1
0.4443,4.6010,2.5761,11.3444,-1.5190,0.0775,-0.3992,0,0,0,0.00000,1
0.5387,5.6458,2.3906,11.6278,-1.9328,0.0003,-0.7143,0,0,0,0.00000,3
0.4563,4.4072,2.4762,11.9990,-2.9206,0.0054,-0.9171,0,0,1,0.58499,1
0.5134,5.5704,2.4820,12.0760,2.7737,0.0099,-1.1460,0,0,1,0.62727,3
0.4256,4.1229,2.5384,11.6758,-1.4168,0.0197,-0.5879,0,1,0,0.28357,3
0.3983,4.1803,2.6824,13.0491,-2.6653,0.0478,-1.7514,0,1,0,1.86403,1
0.4871,4.9857,2.4761,11.2448,2.9379,0.0521,-0.3236,0,0,0,0.00000,1
0.3361,3.6511,2.8449,12.4401,2.7240,0.1028,-1.0935,0,1,0,1.05935,3
0.4458,4.7762,2.6112,11.4832,-1.8566,0.0381,-0.4763,0,0,0,0.00000,1
0.5504,5.7075,2.3542,11.4709,-1.9056,0.0071,-0.5745,0,0,0,0.00000,3
0.5077,5.0288,2.3995,11.6093,-2.5488,0.0095,-0.6515,0,0,0,0.00000,1
0.3513,3.7994,2.8102,11.3523,1.9926,0.0876,-0.3222,0,0,0,0.00000,1
0.4053,4.0371,2.6083,11.4217,1.8844,0.0734,-0.4150,0,0,0,0.00000,3
0.3955,4.2004,2.7019,11.2478,-2.5445,0.0296,-0.2202,0,0,0,0.00000,3
0.5683,5.2855,2.2127,11.4561,-0.8749,0.0505,-0.6347,0,0,0,0.00000,3
0.4877,4.7912,2.4319,11.2835,1.2347,0.0305,-0.3351,0,0,0,0.00000,3
0.4382,4.7266,2.6343,12.1107,2.0501,0.0233,-1.0020,0,0,3,0.75987,3
0.4941,4.5061,2.3439,11.4854,-0.7679,0.0091,-0.5071,0,0,0,0.00000,3
0.5034,5.1758,2.4467,11.3511,-2.3547,0.0305,-0.4175,0,0,0,0.00000,3
0.3971,4.2679,2.7132,11.3380,-2.5269,0.0530,-0.3172,0,0,0,0.00000,3
0.5879,5.9960,2.2545,11.5037,0.6561,0.0664,-0.7410,0,0,0,0.00000,1
0.3657,3.9810,2.7904,13.0217,-2.1940,0.0387,-1.5653,0,1,1,1.84033,1
0.3804,4.1523,2.7646,11.3555,2.4400,0.0865,-0.3519,0,0,0,0.00000,3
0.4732,4.3789,2.3992,11.4941,0.1958,0.0082,-0.4854,0,0,0,0.00000,3
0.5172,4.7696,2.3093,11.5991,-0.0532,0.0082,-0.6535,0,0,0,0.00000,3
0.5166,4.7567,2.3090,11.5227,-0.4601,0.0141,-0.5827,0,0,0,0.00000,3
0.4166,4.3159,2.6314,12.1944,2.3889,0.0083,-0.9975,0,1,0,0.86639,3
0.4408,4.3924,2.5401,11.4456,-2.9234,0.0056,-0.3981,0,0,0,0.00000,3
0.5674,5.7177,2.2890,11.4180,-0.3438,0.0230,-0.5600,0,0,0,0.00000,3
0.3717,3.9928,2.7621,11.5117,-2.1086,0.0604,-0.4280,0,1,0,0.17893,1
0.3915,3.9546,2.6510,12.7980,1.8993,0.0246,-1.4597,0,1,1,1.21627,1
0.4541,4.8972,2.6016,12.3919,2.9133,0.0363,-1.3295,0,1,0,0.84012,3
0.3699,3.9549,2.7601,11.3249,2.4027,0.0444,-0.2717,0,0,0,0.00000,1
0.3858,4.0318,2.7016,11.4283,2.7151,0.0773,-0.4022,0,0,0,0.00000,3
0.4930,5.1288,2.4810,11.3535,-1.3243,0.0261,-0.4027,0,0,0,0.00000,3
0.3853,4.0122,2.6983,11.3137,-2.6383,0.0860,-0.3246,0,0,0,0.00000,3
0.4293,4.3386,2.5785,11.4281,2.8761,0.0313,-0.3995,0,0,0,0.00000,3
0.4589,4.5444,2.4978,11.3656,1.8801,0.0172,-0.3636,0,0,0,0.00000,3
0.4250,4.4437,2.6256,11.3290,-2.3537,0.0599,-0.3457,0,0,0,0.00000,3
0.5068,5.3875,2.4744,11.4760,3.1319,0.0359,-0.5516,0,0,0,0.00000,1
0.5873,5.8777,2.2384,12.1104,-0.9973,0.0078,-1.3786,0,1,0,0.71561,1
0.3369,3.6785,2.8496,12.9144,2.9385,0.0647,-1.3994,1,1,1,1.58731,1
0.3887,4.2540,2.7517,11.7847,-2.1923,0.0654,-0.6696,0,1,0,0.24568,1
0.3743,3.9139,2.7246,11.4318,-2.8041,0.1436,-0.4682,0,0,0,0.00000,1
0.4165,4.1881,2.5977,11.3561,3.0576,0.0526,-0.3504,0,0,0,0.00000,1
0.3945,4.0478,2.6632,11.8261,-2.5603,0.0414,-0.6833,0,1,0,0.51639,3
0.4262,4.4552,2.6227,11.7378,-2.7960,0.0868,-0.7262,0,0,1,0.45085,1
0.4279,4.1564,2.5370,11.6685,1.4758,0.0217,-0.5880,0,1,0,0.34975,3
0.4490,4.3669,2.4978,12.1758,1.6804,0.0438,-1.1171,0,0,1,0.79423,1
0.5002,4.5302,2.3253,11.4351,-0.9195,0.0201,-0.4802,0,0,0,0.00000,3
0.4972,4.9903,2.4345,11.4731,2.0127,0.0005,-0.4915,0,0,0,0.00000,3
0.3918,4.0017,2.6633,11.5528,2.1289,0.0347,-0.4554,0,1,0,0.22569,3
0.4633,4.2986,2.4208,11.5526,0.2630,0.0058,-0.5216,0,0,0,0.00000,3
0.4213,4.5163,2.6616,11.3937,-2.0171,0.0287,-0.3593,0,0,0,0.00000,1
0.5216,4.7660,2.2916,11.3502,1.7753,0.0090,-0.4104,0,0,0,0.00000,1
0.4189,4.3836,2.6385,11.3795,-2.8605,0.0480,-0.3671,0,0,0,0.00000,3
0.4294,4.4369,2.6029,11.9172,2.9973,0.0026,-0.7813,0,0,0,0.00000,3
0.4928,5.4100,2.5393,11.5934,0.6160,0.0027,-0.6058,0,0,0,0.00000,1
0.4183,4.1045,2.5667,12.0146,-0.5554,0.0093,-0.8475,0,0,1,0.49888,1
0.3558,3.7736,2.7770,11.9511,-2.7797,0.0783,-0.7481,0,1,0,0.50399,3
0.5025,4.6662,2.3451,11.3037,1.5829,0.0010,-0.3344,0,0,0,0.00000,1
0.3718,3.9159,2.7381,11.6710,-2.7288,0.1235,-0.6230,0,0,1,0.34841,1
0.3581,3.8315,2.7837,13.1685,2.4394,0.0333,-1.6435,0,1,1,1.88320,1
0.4985,5.4135,2.5154,12.6497,1.7891,0.0057,-1.7020,0,0,2,1.19283,1
0.3809,4.0799,2.7406,12.3698,-2.7517,0.0203,-1.0594,1,1,4,1.39253,3
0.4064,4.3063,2.6776,12.8746,-2.9203,0.0457,-1.6233,0,0,1,1.66223,1
0.4465,4.5729,2.5592,12.5483,-0.9703,0.0001,-1.3985,0,1,1,0.76192,1
0.6255,5.7351,2.0772,11.6720,0.6553,0.0895,-1.0383,0,0,0,0.00000,1
0.4554,5.0240,2.6247,13.0996,-2.7929,0.0647,-2.0943,0,1,1,1.47998,0
0.4325,4.7627,2.6704,11.4448,2.1336,0.0418,-0.4306,0,0,0,0.00000,0
0.5088,4.6772,2.3228,11.6074,1.6792,0.0137,-0.6547,0,0,0,0.00000,1
0.4887,4.8895,2.4488,11.3413,0.7347,0.0578,-0.4226,0,0,0,0.00000,1
0.5064,4.8773,2.3738,11.5678,2.2586,0.0074,-0.6049,0,0,0,0.00000,1
0.5159,5.3457,2.4285,11.5758,-1.3023,0.0252,-0.6521,0,0,0,0.00000,3
0.4010,4.2276,2.6822,12.2225,2.7536,0.1120,-1.1231,0,1,2,0.66646,1
0.4193,4.1958,2.5866,11.2633,0.2470,0.0062,-0.2255,0,0,0,0.00000,1
0.4145,4.2032,2.6111,11.9501,2.9095,0.0513,-0.8401,0,0,2,0.39780,1
0.5220,5.5166,2.4354,12.1431,-0.4359,0.0079,-1.2370,0,1,0,0.32583,1
0.5253,5.5849,2.4346,11.5141,3.0212,0.0294,-0.6096,0,0,0,0.00000,1
0.6196,5.7764,2.1039,11.4693,0.4798,0.0968,-0.7864,0,0,0,0.00000,3
0.4339,4.4348,2.5819,11.3799,1.5071,0.0103,-0.3402,0,0,0,0.00000,1
0.4604,4.6384,2.5132,11.7918,2.0635,0.0268,-0.7634,0,1,0,0.32069,3
0.4826,4.5848,2.4074,11.9248,2.2413,0.0263,-0.9349,0,0,0,0.00000,1
0.4418,4.3281,2.5199,12.7047,2.1603,0.0081,-1.5413,0,1,0,1.27854,1
0.4209,4.2870,2.6038,11.4365,-2.9441,0.0114,-0.3731,0,0,0,0.00000,3
0.5073,4.9090,2.3765,11.8440,1.1970,0.0229,-0.9043,0,0,1,0.20040,3
0.4047,4.0964,2.6280,11.4532,-1.3137,0.0361,-0.3958,0,1,0,0.15467,1
0.5030,5.3629,2.4857,11.4124,-1.6801,0.0012,-0.4429,0,0,0,0.00000,3
0.4882,4.8589,2.4443,11.3302,-0.4747,0.0130,-0.3593,0,0,0,0.00000,1
0.5563,5.1782,2.2383,11.5581,-0.7798,0.0098,-0.6772,0,0,0,0.00000,3
0.4415,4.6441,2.5992,12.3335,1.7631,0.0289,-1.2234,0,1,2,0.90049,1
0.5114,5.0561,2.3896,11.4531,2.2701,0.0082,-0.5006,0,0,0,0.00000,3
0.4080,4.3922,2.6931,12.6391,-3.1088,0.0253,-1.3851,0,1,2,2.22073,1
0.4570,4.7318,2.5501,11.3627,-2.3236,0.1018,-0.4577,0,0,0,0.00000,1
0.4586,4.5323,2.4962,11.5042,-1.7763,0.0088,-0.4763,0,0,0,0.00000,3
0.4403,4.6940,2.6166,11.4014,2.4534,0.0260,-0.3845,0,0,0,0.00000,3
0.4689,5.0156,2.5616,12.0491,2.7607,0.0392,-1.0436,0,1,0,0.69973,3
0.4416,4.7232,2.6178,11.6856,-2.3695,0.0066,-0.6090,0,1,0,0.30224,1
0.4001,4.1171,2.6560,12.3218,-3.0306,0.0761,-1.1562,0,1,0,0.87466,1
0.4083,4.4982,2.7201,12.5893,1.9304,0.0268,-1.3446,0,0,2,0.85359,0
0.4458,4.4198,2.5247,11.3369,-2.3572,0.0559,-0.3692,0,0,0,0.00000,1
0.4071,4.0350,2.5995,12.0449,1.6844,0.0461,-0.8964,0,1,0,0.58001,1
0.4232,4.2083,2.5720,11.7450,-1.4600,0.0452,-0.6746,0,0,1,0.43440,1
0.3519,3.8806,2.8330,11.5860,2.4510,0.0562,-0.4501,0,1,0,0.21435,0
0.5201,4.7303,2.2903,11.6466,0.9456,0.0874,-0.8077,0,0,0,0.00000,1
0.6203,5.8662,2.1146,12.0139,-1.3101,0.0127,-1.3525,0,1,0,0.65587,1
0.5248,5.3856,2.3993,11.3624,-0.4210,0.0134,-0.4344,0,0,0,0.00000,1
0.4687,5.0096,2.5610,12.6251,-2.7838,0.0602,-1.6491,0,1,0,1.30999,1
0.4367,4.6619,2.6254,12.3704,2.0303,0.0284,-1.2428,0,0,1,0.96371,3
0.3862,4.1968,2.7477,11.3728,-2.7148,0.0310,-0.3076,0,0,0,0.00000,1
0.4546,4.7294,2.5600,11.9427,-0.6210,0.0011,-0.8579,0,1,0,0.46838,1
0.4576,4.8265,2.5693,11.5062,1.7163,0.0127,-0.4825,0,0,0,0.00000,1
0.5121,4.6993,2.3149,11.5460,-0.6335,0.0062,-0.5893,0,0,0,0.00000,3
0.3999,4.0064,2.6253,12.2051,-1.9129,0.0331,-0.9954,0,1,0,0.83963,1
0.3807,4.1014,2.7483,12.8337,-3.0265,0.0076,-1.4203,1,1,0,1.60835,1
0.3963,4.3665,2.7443,12.7722,-2.4382,0.0341,-1.4721,0,1,0,1.59036,0
0.4649,4.8529,2.5427,13.0723,-1.5284,0.0170,-2.0248,1,1,1,1.65015,1
0.5225,5.1288,2.3596,12.1240,-0.6557,0.0103,-1.2176,0,1,0,0.70498,1
0.3879,3.9521,2.6675,12.9695,1.8604,0.0017,-1.5540,0,0,1,1.42918,1
0.5401,4.9021,2.2481,11.6097,-1.3614,0.0252,-0.7241,0,0,0,0.00000,1
0.4738,5.0401,2.5450,11.9739,-1.2901,0.0409,-0.9847,0,0,1,0.22399,1
0.4591,4.3967,2.4619,11.4890,1.3394,0.0288,-0.4869,0,0,0,0.00000,3
0.3681,3.8381,2.7331,11.3622,1.9139,0.0674,-0.3227,0,0,0,0.00000,1
0.5372,5.4094,2.3539,11.3704,-2.8085,0.0041,-0.4464,0,0,0,0.00000,1
0.3594,3.9664,2.8195,12.0843,-3.0967,0.1555,-0.9573,0,1,0,0.73521,0
0.4600,4.7114,2.5320,12.6251,1.8629,0.0334,-1.5740,0,1,0,0.24046,1
0.5144,4.7107,2.3082,11.6221,0.6282,0.0947,-0.7816,0,0,1,0.16547,1
0.4296,4.1962,2.5399,11.2391,-1.7837,0.0189,-0.2289,0,0,0,0.00000,3
0.3888,4.2595,2.7523,12.0835,2.8341,0.0668,-0.9123,0,1,0,0.61532,3
0.5595,5.1708,2.2253,11.4735,0.0428,0.0165,-0.5985,0,0,0,0.00000,3
0.4089,4.4834,2.7132,13.3314,2.4177,0.0505,-2.0718,0,1,1,2.34288,1
0.3662,4.0421,2.8065,13.2331,2.9971,0.0748,-1.8109,0,0,3,0.57050,0
0.3518,3.8440,2.8220,12.6006,3.0061,0.0467,-1.1854,0,1,0,1.46525,1
0.4781,4.5857,2.4262,11.5272,-1.1818,0.0385,-0.5606,0,0,0,0.00000,3
0.4021,4.0683,2.6324,12.0320,1.3353,0.0425,-0.8691,0,0,1,0.41703,1
0.3292,3.6104,2.8700,12.0329,-3.0061,0.1634,-0.8578,0,1,0,0.86604,3
0.5161,5.5686,2.4703,11.9674,-3.0546,0.0593,-1.1042,0,0,3,0.73975,1
0.3574,3.8167,2.7825,12.7495,2.4750,0.0153,-1.2735,1,1,0,1.35520,1
0.3783,4.1588,2.7777,12.0955,2.9307,0.0953,-0.9335,0,1,0,0.74466,3
0.4366,4.3510,2.5488,11.4890,2.2505,0.0306,-0.4592,0,0,0,0.00000,3
0.4021,4.3470,2.7099,11.8895,1.9847,0.0328,-0.7396,0,0,1,0.54573,1
0.4347,4.6454,2.6311,11.4390,2.1349,0.0141,-0.3958,0,0,0,0.00000,1
0.3397,3.7357,2.8536,12.3456,2.4514,0.0879,-1.0126,0,1,0,0.98493,3
0.4727,4.6851,2.4712,11.5095,1.0013,0.0231,-0.5183,0,0,0,0.00000,1
0.4525,4.3876,2.4879,11.9916,-1.8973,0.0234,-0.9259,0,0,1,0.68471,1
0.4930,4.9849,2.4510,11.3825,1.2577,0.0153,-0.4171,0,0,0,0.00000,3
0.4227,4.1907,2.5699,11.3636,1.7368,0.0063,-0.3096,0,0,0,0.00000,3
0.3737,3.8644,2.7122,11.3878,-2.4954,0.0737,-0.3544,0,0,0,0.00000,3
0.5060,4.9704,2.3945,11.4362,-0.4282,0.0014,-0.4682,0,0,0,0.00000,3
0.4970,4.6857,2.3711,11.4693,0.9652,0.0619,-0.5605,0,0,0,0.00000,3
0.4292,4.3566,2.5835,12.1026,1.4748,0.0432,-0.9976,0,1,0,0.78346,1
0.4418,4.4222,2.5431,11.6276,-1.7474,0.0067,-0.5576,0,1,0,0.36375,3
0.3442,3.7447,2.8312,12.9576,-3.0673,0.0736,-1.4787,0,1,1,1.25007,1
0.4015,4.4320,2.7360,11.3378,-2.8854,0.0290,-0.2944,0,0,0,0.00000,0
0.4372,4.4000,2.5581,11.5682,-2.6048,0.0683,-0.5739,0,0,0,0.00000,1
0.4935,4.7680,2.4029,11.2834,-1.5400,0.0103,-0.3174,0,0,0,0.00000,3
0.4356,4.3831,2.5614,11.3912,1.5656,0.0314,-0.3759,0,0,0,0.00000,3
0.5040,5.1745,2.4441,11.3859,-2.3176,0.0256,-0.4463,0,0,0,0.00000,3
0.5011,4.9079,2.4016,11.4040,-0.8301,0.0838,-0.5287,0,0,0,0.00000,1
0.3709,3.9867,2.7647,12.7936,-2.6630,0.0195,-1.3672,1,1,0,1.51276,1
0.4775,5.1768,2.5583,11.4807,-2.8460,0.0192,-0.4953,0,0,0,0.00000,3
0.6132,5.7223,2.1188,11.6444,0.1164,0.0762,-0.9631,0,0,0,0.00000,3
0.5077,5.1052,2.4146,11.3716,-1.9500,0.0451,-0.4597,0,0,0,0.00000,1
0.3725,4.0105,2.7636,12.0097,2.6236,0.0202,-0.7541,0,1,1,0.54565,1
0.3618,3.8551,2.7716,11.8923,3.1409,0.0235,-0.6472,0,0,1,0.23434,1
0.4585,4.2632,2.4321,11.2912,-1.0637,0.0059,-0.2838,0,0,0,0.00000,3
0.6223,5.8177,2.1004,11.8049,-0.2012,0.1194,-1.2408,0,0,0,0.00000,1
0.5213,5.4565,2.4270,11.4635,-0.8926,0.0405,-0.5650,0,0,0,0.00000,1
0.4263,4.4680,2.6253,11.4019,2.6644,0.0399,-0.3846,0,0,0,0.00000,3
0.3508,3.8048,2.8147,12.5034,2.6211,0.1345,-1.2357,0,1,1,0.91629,1
0.4664,4.4728,2.4488,12.6577,2.0752,0.0389,-1.6387,1,1,1,1.31340,1
0.3534,3.8543,2.8163,11.9069,2.2228,0.0901,-0.7252,0,0,1,0.53516,3
0.4415,4.8492,2.6485,12.9760,2.4824,0.0596,-1.8946,0,0,2,1.03522,1
0.3565,3.8151,2.7869,12.5310,-3.0808,0.0582,-1.1647,0,1,1,1.09935,1
0.4920,5.2049,2.5008,11.8459,-2.3492,0.0451,-0.9050,0,0,1,0.32458,3
0.3680,4.0081,2.7864,11.3627,2.6361,0.0176,-0.2668,0,0,0,0.00000,1
0.4744,4.8057,2.4908,11.5438,1.8227,0.0568,-0.5939,0,0,0,0.00000,3
0.4792,4.8226,2.4740,12.0978,3.0527,0.0085,-1.0740,0,1,0,0.40601,3
0.5024,5.3006,2.4760,11.4087,-1.2592,0.0003,-0.4372,0,0,0,0.00000,3
0.4146,4.3162,2.6410,11.4621,-2.8222,0.1119,-0.5043,0,0,0,0.00000,1
0.4264,4.4804,2.6281,11.7992,2.4029,0.0467,-0.7297,0,1,0,0.50960,3
0.4370,4.2067,2.5099,11.4953,-0.0168,0.0104,-0.4406,0,0,0,0.00000,1
0.5447,5.2426,2.2941,11.4710,-0.4487,0.0267,-0.5878,0,0,0,0.00000,3
0.4181,4.3764,2.6401,11.8756,-2.4959,0.0269,-0.7533,0,1,0,0.17444,3
0.3808,4.2052,2.7780,12.0856,2.6574,0.1437,-0.9955,0,1,0,0.64548,2
0.5761,5.7642,2.2630,11.8184,0.7406,0.0705,-1.0899,0,0,0,0.00000,1
0.4382,4.3857,2.5499,11.3737,1.0577,0.0351,-0.3685,0,0,0,0.00000,1
0.4794,5.0339,2.5195,12.3048,1.5271,0.0048,-1.2761,0,0,2,0.77088,3
0.3782,4.1292,2.7693,13.1259,-2.8566,0.0276,-1.6912,0,1,0,1.97725,1
0.6190,5.6328,2.0851,12.1943,0.5525,0.0213,-1.5881,0,0,2,1.47219,1
0.5818,5.6896,2.2294,11.5060,0.2297,0.0124,-0.6656,0,0,0,0.00000,3
0.4452,4.8028,2.6201,11.4402,-2.5588,0.1107,-0.5233,0,0,0,0.00000,1
0.4100,4.0634,2.5936,11.6412,-2.0428,0.0057,-0.5170,0,1,0,0.19590,3
0.4991,4.8673,2.4012,11.3230,-2.4156,0.0139,-0.3651,0,0,0,0.00000,1
0.3943,3.9771,2.6439,11.3466,2.7564,0.1267,-0.4050,0,0,0,0.00000,1
0.5319,5.5917,2.4085,11.4226,1.0664,0.0213,-0.5150,0,0,0,0.00000,1
0.4464,4.3745,2.5110,11.4024,2.5388,0.0324,-0.3991,0,0,0,0.00000,1
0.5663,5.2102,2.2069,12.2120,-0.8954,0.0057,-1.4301,0,1,0,0.66994,1
0.4875,4.8566,2.4468,11.9121,1.6906,0.0231,-0.9302,0,0,1,0.30295,3
0.4975,5.3280,2.5026,11.9876,-2.7404,0.0112,-1.0157,0,0,1,0.37478,3
0.4603,4.3814,2.4530,11.5140,-1.0252,0.0250,-0.5064,0,0,0,0.00000,3
0.4819,5.0643,2.5148,11.5632,-1.6964,0.0130,-0.5712,0,0,1,0.27374,3
0.6631,6.2494,2.0137,12.0289,-0.4980,0.0570,-1.5516,0,1,0,0.59004,1
0.4696,5.0630,2.5689,12.2014,-1.9196,0.0717,-1.2397,1,1,0,0.60625,3
0.5692,5.2586,2.2048,11.5334,0.3005,0.0976,-0.7813,0,1,0,0.34390,1
0.4197,4.5494,2.6780,11.5468,2.5724,0.0941,-0.5610,0,0,0,0.00000,3
0.4369,4.5542,2.5983,11.4179,-2.2048,0.0257,-0.3938,0,0,0,0.00000,3
0.4569,4.8541,2.5787,11.2790,-1.7753,0.0395,-0.3117,0,0,0,0.00000,3
0.4239,4.1454,2.5524,12.3867,-2.4717,0.0514,-1.2503,0,1,0,0.78264,1
0.5200,5.0796,2.3599,12.6913,2.2091,0.0016,-1.8177,0,0,2,1.22139,1
0.4118,4.0798,2.5900,11.3221,2.7659,0.0710,-0.3393,0,0,0,0.00000,1
0.4718,4.9906,2.5434,11.6052,2.8568,0.0563,-0.6475,0,0,0,0.00000,1
0.5009,4.6075,2.3389,11.4831,-0.0520,0.0342,-0.5454,0,0,0,0.00000,1
0.4824,5.2958,2.5617,11.5210,2.5392,0.0243,-0.5465,0,0,0,0.00000,3
0.4957,5.1419,2.4722,11.8878,-2.5221,0.0094,-0.9077,0,0,1,0.52409,3
0.5171,5.0834,2.3723,11.5003,-0.9793,0.0015,-0.5474,0,0,0,0.00000,3
0.4923,4.4612,2.3411,11.3677,-0.3645,0.0074,-0.3907,0,0,0,0.00000,3
0.4797,4.9723,2.5046,11.4511,1.1709,0.0103,-0.4593,0,0,0,0.00000,1
0.4912,4.5506,2.3651,11.4193,1.2225,0.0086,-0.4401,0,0,0,0.00000,3
0.4199,4.5609,2.6798,12.6482,-2.8444,0.0484,-1.4724,0,0,1,0.96802,1
0.4351,4.1761,2.5105,11.4361,2.0218,0.0229,-0.4028,0,0,0,0.00000,3
0.5320,5.3364,2.3610,11.8426,-1.3414,0.0083,-0.9380,0,1,0,0.54640,3
0.4955,5.0169,2.4472,11.4612,-0.1534,0.0067,-0.4854,0,0,0,0.00000,1
0.5190,4.8776,2.3239,11.3725,-1.4915,0.0126,-0.4343,0,0,0,0.00000,1
0.5490,5.2447,2.2777,11.3505,0.5209,0.0990,-0.5526,0,0,0,0.00000,1
0.3494,3.8250,2.8289,12.6577,-2.6513,0.1807,-1.4245,0,1,0,1.31688,1
0.5133,4.9340,2.3579,11.4744,-0.1838,0.0441,-0.5671,0,0,0,0.00000,1
0.3954,4.0351,2.6551,12.0800,1.4312,0.0046,-0.8420,0,1,0,0.78108,1
0.4163,4.5727,2.7004,11.4019,-2.8545,0.0102,-0.3393,0,0,0,0.00000,1
0.3635,3.9163,2.7819,11.6205,3.0059,0.0151,-0.4425,0,1,0,0.25587,1
0.4208,4.4225,2.6396,11.3011,3.0396,0.0082,-0.2599,0,0,0,0.00000,3
0.5271,5.0819,2.3324,11.3944,-0.3765,0.0157,-0.4709,0,0,0,0.00000,3
0.4368,4.6266,2.6164,12.1721,-3.1148,0.0072,-1.0315,0,1,0,0.66192,3
0.5647,5.3926,2.2443,11.3504,-0.8676,0.0128,-0.4689,0,0,0,0.00000,3
0.4985,4.5946,2.3456,11.3126,0.7629,0.0440,-0.3889,0,0,0,0.00000,3
0.4892,4.5387,2.3706,11.3258,0.8289,0.0177,-0.3606,0,0,0,0.00000,3
0.3562,3.8344,2.7946,12.4694,2.8746,0.0676,-1.1294,0,0,1,1.03951,1
0.3791,4.1407,2.7678,11.3661,-2.5637,0.0398,-0.3055,0,0,0,0.00000,1
0.4530,4.3655,2.4802,12.7660,-2.7830,0.0144,-1.6547,0,1,2,1.24932,1
0.5706,5.6001,2.2571,11.2534,2.8901,0.0039,-0.3611,0,0,0,0.00000,1
0.4854,4.9551,2.4767,11.5878,0.6252,0.0214,-0.6096,0,0,0,0.00000,1
0.5100,4.9335,2.3709,11.3164,1.2029,0.0376,-0.3985,0,0,0,0.00000,3
0.4804,4.9188,2.4900,12.3236,-1.1058,0.0003,-1.2906,0,1,0,0.60353,1
0.4793,4.4620,2.3935,11.4066,1.1062,0.0360,-0.4460,0,0,0,0.00000,3
0.4335,4.3100,2.5521,12.3729,1.7836,0.0134,-1.2112,0,1,0,0.89399,1
0.4288,4.2416,2.5557,12.6722,-0.6185,0.0032,-1.4541,0,0,3,1.26223,1
0.4774,4.4557,2.3995,12.4690,1.4685,0.0302,-1.4700,1,1,0,0.98769,1
0.5006,5.3678,2.4970,11.3839,-1.2384,0.0054,-0.4172,0,0,0,0.00000,1
0.5673,5.8230,2.3067,12.9335,1.6404,0.0316,-2.3610,0,0,3,1.65863,1
0.4432,4.6894,2.6020,12.5194,2.1893,0.0285,-1.4040,1,1,0,0.81526,1
0.3518,3.7511,2.7914,13.1017,-2.2757,0.0462,-1.5825,0,1,1,1.68928,1
0.4685,4.6607,2.4834,11.3674,-2.1198,0.0583,-0.4244,0,0,0,0.00000,1
0.4769,4.6047,2.4355,11.3893,2.1926,0.0023,-0.3879,0,0,0,0.00000,3
0.4079,4.0764,2.6072,11.9303,2.6943,0.0303,-0.7813,0,1,0,0.21956,3
0.4330,4.5267,2.6090,12.3356,-2.1400,0.0337,-1.2065,0,1,0,1.05560,1
0.4327,4.7574,2.6679,12.7308,2.6526,0.0021,-1.5259,0,1,1,0.69879,1
0.5709,5.4113,2.2245,11.6990,0.9963,0.0067,-0.8559,0,1,0,0.26263,1
0.5470,5.7464,2.3748,11.4014,-2.4689,0.0288,-0.5220,0,0,0,0.00000,1
0.3581,3.8920,2.8032,11.9155,2.1290,0.0378,-0.6751,0,0,2,0.59213,1
0.4241,4.3256,2.5989,11.7121,-2.0146,0.0158,-0.6120,0,1,0,0.15499,3
0.3480,3.8101,2.8317,11.3339,2.9538,0.2419,-0.4799,0,0,0,0.00000,1
0.4331,4.5085,2.6042,11.7669,2.8610,0.0119,-0.6705,1,1,1,0.89118,3
0.4640,4.8565,2.5476,11.5838,-1.0229,0.0225,-0.5739,0,0,0,0.00000,1
0.3683,3.8500,2.7355,11.4148,2.8610,0.1688,-0.4777,0,0,0,0.00000,1
0.4894,4.7798,2.4223,11.3055,2.0072,0.0302,-0.3571,0,0,0,0.00000,1
0.4173,4.2427,2.6085,11.3663,-3.1056,0.0689,-0.3785,0,0,0,0.00000,1
0.4693,4.8468,2.5222,12.0227,-0.7614,0.0033,-0.9698,0,1,0,0.38154,1
0.3519,3.7629,2.7950,12.1604,2.6395,0.0493,-0.8562,0,0,1,0.94981,3
0.5974,5.8675,2.1987,11.6604,0.3679,0.0455,-0.9141,0,1,0,0.24222,3
0.4710,4.5588,2.4495,11.8248,0.8902,0.0279,-0.8160,0,0,1,0.38425,1
0.5424,5.7500,2.3939,11.2721,1.9121,0.0108,-0.3601,0,0,0,0.00000,3
0.4785,4.5664,2.4201,11.3508,-1.2244,0.0190,-0.3739,0,0,0,0.00000,3
0.4941,4.9549,2.4401,11.4408,-2.3931,0.0401,-0.5036,0,0,0,0.00000,1
0.5595,5.6656,2.3110,11.6246,-0.5173,0.0593,-0.8209,0,0,0,0.00000,1
0.3958,4.0584,2.6601,12.8008,-2.6752,0.0517,-1.5240,0,1,2,2.06315,1
0.3706,3.8582,2.7261,12.5568,-1.6489,0.0429,-1.2103,0,1,0,1.20403,1
0.3955,4.1966,2.7006,11.2862,-2.2466,0.0114,-0.2291,0,0,0,0.00000,1
0.5052,5.2915,2.4625,11.8217,1.7385,0.0132,-0.8669,0,0,1,0.26713,3
0.3759,4.0967,2.7718,11.5724,2.7357,0.0658,-0.4853,0,1,0,0.19269,3
0.3465,3.7097,2.8067,12.8896,-2.6130,0.0184,-1.3445,0,1,0,1.63765,1
0.5588,5.0931,2.2140,11.7196,-0.1683,0.0348,-0.8904,0,1,0,0.39014,1
0.5447,5.4966,2.3400,11.5212,-0.6313,0.0723,-0.6986,0,0,1,0.21812,1
0.4550,4.7798,2.5702,12.3316,2.1560,0.0312,-1.2662,0,0,1,0.47775,1
0.4315,4.6599,2.6493,12.5398,2.4108,0.0479,-1.4124,0,1,0,1.18208,1
0.4560,4.4591,2.4901,11.4431,2.2536,0.0124,-0.4226,0,0,0,0.00000,3
0.3672,3.9420,2.7701,11.9764,2.8885,0.0330,-0.7337,0,1,0,0.74056,3
0.4151,4.1401,2.5913,11.2997,-1.5531,0.0139,-0.2595,0,0,0,0.00000,1
0.4046,4.0513,2.6158,11.6270,2.5242,0.0634,-0.5676,0,1,0,0.36871,1
0.4369,4.5339,2.5929,11.5073,-2.4602,0.0783,-0.5327,0,0,0,0.00000,1
0.3596,3.8177,2.7710,12.9470,2.8740,0.0449,-1.4886,0,1,0,1.88625,1
0.3648,3.9134,2.7736,12.6779,-2.9626,0.0408,-1.2841,1,1,1,1.23986,1
0.3761,4.0163,2.7465,12.5023,-2.2434,0.0262,-1.1596,0,1,0,0.21790,1
0.4358,4.5291,2.5971,12.2526,-1.7990,0.0027,-1.0945,0,1,0,0.80643,1
0.3937,4.0905,2.6794,11.3036,-1.9409,0.0050,-0.2332,0,0,0,0.00000,1
0.3916,4.1578,2.7095,12.3154,2.7556,0.0712,-1.1183,0,0,0,0.00000,3
0.4296,4.6331,2.6517,12.3692,-1.9656,0.0419,-1.2390,0,0,1,1.16417,3
0.5968,5.6771,2.1716,11.5506,-0.7440,0.0203,-0.7503,0,0,0,0.00000,3
0.4558,4.7144,2.5512,11.3929,-1.9231,0.0662,-0.4420,0,0,0,0.00000,3
0.4864,5.0533,2.4932,11.9447,-2.1295,0.0721,-1.0265,0,0,1,0.47949,1
0.3917,3.9886,2.6600,11.4392,-2.8024,0.0437,-0.3783,0,0,0,0.00000,3
0.3507,3.8698,2.8366,12.7892,2.9036,0.0661,-1.3583,0,1,1,1.33817,0
0.4856,5.2896,2.5463,11.9228,2.8470,0.0336,-0.9529,0,1,0,0.26907,3
0.3981,4.2308,2.6976,11.5230,2.6647,0.0720,-0.4851,0,0,0,0.00000,3
0.4805,5.1790,2.5456,13.2655,1.4455,0.0172,-2.3096,0,0,2,0.57011,1
0.5208,4.8777,2.3171,11.4715,0.2156,0.0085,-0.5309,0,0,1,0.23513,3
0.4208,4.1011,2.5544,11.9590,-1.6237,0.0140,-0.8119,0,1,0,0.70847,3
0.4581,4.8814,2.5795,12.1718,-3.0660,0.0521,-1.1513,0,1,0,0.75274,1
0.3806,3.9020,2.6888,11.8446,2.7353,0.1168,-0.7666,0,0,1,0.42767,1
0.3885,4.1283,2.7165,11.4401,2.9150,0.1835,-0.5377,0,0,0,0.00000,1
0.5806,5.8212,2.2550,11.8163,-0.8911,0.0493,-1.0693,0,1,0,0.23594,3
0.3778,4.1008,2.7631,12.0938,2.7742,0.0725,-0.9008,0,1,0,0.57710,3
0.4759,5.0355,2.5348,11.9832,-0.4015,0.0001,-0.9445,0,0,2,0.71973,1
0.4825,5.0558,2.5107,11.5445,2.7503,0.0594,-0.6104,0,0,0,0.00000,1
0.4628,4.3315,2.4308,11.4058,0.9548,0.0143,-0.3995,0,0,0,0.00000,3
0.4447,4.5742,2.5678,12.6225,-2.4703,0.0268,-1.5048,0,1,0,1.13357,1
0.4384,4.6516,2.6152,11.8971,2.5370,0.0166,-0.8016,0,0,1,0.54370,3
0.5442,5.2768,2.3021,11.4165,-2.8901,0.0027,-0.5008,0,0,0,0.00000,1
0.3905,3.9685,2.6598,12.0675,2.3204,0.0038,-0.8188,0,0,1,0.55688,1
0.3472,3.7318,2.8099,12.9428,2.8570,0.0355,-1.4170,0,0,1,0.20138,1
0.4016,4.2045,2.6731,12.7269,2.5473,0.0102,-1.4142,0,0,1,1.29573,1
0.5307,5.6049,2.4162,12.0596,-2.7424,0.0282,-1.1977,0,1,0,0.45824,1
0.5617,5.4778,2.2703,11.3860,-0.5749,0.1031,-0.6130,0,0,0,0.00000,1
0.3998,4.3052,2.7100,11.6243,2.7584,0.0665,-0.5619,0,1,0,0.31765,3
0.4692,4.9185,2.5386,11.5263,1.2861,0.0332,-0.5418,0,0,0,0.00000,1
0.5015,5.2556,2.4707,11.3534,3.0411,0.0386,-0.4274,0,0,0,0.00000,1
0.4307,4.6969,2.6627,11.4882,-1.9141,0.0465,-0.4704,0,0,0,0.00000,1
0.4880,5.3053,2.5390,11.2855,2.5714,0.0134,-0.3191,0,0,0,0.00000,3
0.4606,4.7991,2.5498,11.4315,-2.1763,0.0177,-0.4254,0,0,0,0.00000,3
0.4070,4.2589,2.6618,11.7029,-2.3557,0.0098,-0.5679,0,0,1,0.36028,1
0.4199,4.3174,2.6164,11.5330,1.5395,0.0651,-0.5150,0,0,1,0.29218,1
0.3812,4.0637,2.7346,11.3701,2.4803,0.0049,-0.2707,0,0,0,0.00000,1
0.4706,5.1078,2.5740,11.3195,2.6789,0.0244,-0.3448,0,0,0,0.00000,3
0.5440,5.5095,2.3449,11.3398,0.7370,0.0292,-0.4530,0,0,0,0.00000,3
0.5375,5.4936,2.3682,11.8964,-0.8385,0.0189,-1.0229,0,0,1,0.26283,3
0.3942,4.0171,2.6558,11.7190,-1.7449,0.0170,-0.5673,0,1,0,0.26105,1
0.4118,4.1438,2.6076,12.3714,-0.8757,0.0032,-1.1285,0,1,0,0.68974,1
0.5640,5.4431,2.2558,11.2871,-1.6370,0.0081,-0.3945,0,0,0,0.00000,1
0.4687,4.7357,2.4995,11.3952,-2.0448,0.0407,-0.4294,0,0,0,0.00000,3
0.5038,5.2324,2.4565,12.1192,-3.0155,0.0287,-1.1899,0,0,2,0.65360,1
0.3994,4.1544,2.6696,11.2546,-3.0826,0.0614,-0.2642,0,0,0,0.00000,3
0.5337,5.2178,2.3323,11.3508,1.0791,0.0458,-0.4707,0,0,0,0.00000,3
0.5187,4.9807,2.3455,11.7786,-1.8029,0.0160,-0.8513,0,1,0,0.27902,1
0.4435,4.8549,2.6404,11.4489,2.4588,0.0423,-0.4487,0,0,0,0.00000,3
0.4902,4.5402,2.3668,11.6323,-1.1462,0.0443,-0.6870,0,0,0,0.00000,3
0.5054,4.8237,2.3667,11.2747,0.8060,0.0090,-0.3195,0,0,0,0.00000,3
0.3835,3.9988,2.7034,13.0565,-2.1633,0.0022,-1.6106,1,1,2,1.51027,1
0.4822,5.0165,2.5035,11.5344,-0.8867,0.0285,-0.5629,0,0,0,0.00000,1
0.4358,4.6202,2.6193,11.4851,-2.5086,0.1444,-0.5903,0,0,0,0.00000,1
0.5901,5.6717,2.1954,11.4399,-0.3280,0.0838,-0.6905,0,0,0,0.00000,1
0.4028,4.3144,2.6975,11.4644,2.7069,0.0365,-0.4033,0,0,0,0.00000,3
0.4562,4.9900,2.6131,11.8605,-1.6442,0.0202,-0.8116,0,1,0,0.30023,1
0.4920,5.3771,2.5360,11.5928,-2.3944,0.0791,-0.6969,0,0,0,0.00000,3
0.4944,5.3279,2.5157,11.8345,1.4180,0.0342,-0.8849,0,0,1,0.26242,1
0.4007,3.9969,2.6188,11.9511,2.5579,0.0112,-0.7579,0,1,0,0.36480,3
0.4889,5.0167,2.4749,11.4963,-2.6169,0.0458,-0.5570,0,0,0,0.00000,1
0.4690,4.5715,2.4609,11.8153,-2.7352,0.0306,-0.8067,0,1,0,0.21993,1
0.4684,4.9098,2.5403,11.9026,-3.0360,0.0267,-0.8848,0,0,1,0.39793,3
0.4664,4.8196,2.5285,11.3715,0.8680,0.0141,-0.3745,0,0,0,0.00000,1
0.3608,3.8106,2.7627,11.3598,2.3897,0.0689,-0.3156,0,0,0,0.00000,3
0.5119,5.5703,2.4885,11.4558,1.3414,0.0660,-0.5749,0,0,0,0.00000,1
0.5971,5.9430,2.2113,11.4879,0.9098,0.0259,-0.6865,0,0,0,0.00000,3
0.4920,4.8690,2.4305,11.3536,-0.6910,0.0083,-0.3799,0,0,0,0.00000,3
0.4165,4.3001,2.6279,11.5443,-2.1282,0.0416,-0.4914,0,0,0,0.00000,3
0.3628,3.9718,2.8031,11.5591,-3.1241,0.2306,-0.6510,0,0,1,0.23044,1
0.4716,4.7059,2.4803,11.5809,2.0364,0.0240,-0.5840,0,0,0,0.00000,3
0.3670,3.9915,2.7863,12.0149,3.0765,0.1319,-0.8906,1,1,0,0.53512,1
0.4525,4.9549,2.6222,11.4150,-2.8676,0.0075,-0.3897,0,0,0,0.00000,1
0.4581,4.3554,2.4563,11.2903,-1.0990,0.0514,-0.3353,0,0,0,0.00000,3
0.4537,4.7238,2.5630,11.9288,1.3124,0.0013,-0.8433,0,1,0,0.44757,1
0.4547,4.6863,2.5498,12.7823,0.5127,0.0012,-1.6577,1,2,0,1.50533,1
0.3530,3.7995,2.8010,12.0261,3.0987,0.0747,-0.7928,0,1,1,0.73569,3
0.5467,5.0838,2.2574,11.5322,0.4059,0.1043,-0.7521,0,0,0,0.00000,1
0.3959,4.0051,2.6443,12.8643,-2.5432,0.0424,-1.5654,0,1,0,1.59043,1
0.3585,3.9477,2.8184,11.9680,-3.0437,0.1103,-0.8073,0,0,1,0.59402,2
0.4493,4.2996,2.4800,11.3089,-2.0299,0.0282,-0.3161,0,0,0,0.00000,3
0.3449,3.7991,2.8455,13.2126,-2.8306,0.0884,-1.7144,1,1,0,1.90316,0
0.4141,4.1596,2.6009,11.8629,-3.0546,0.0323,-0.7407,0,0,1,0.52729,3
0.4069,4.2816,2.6687,11.9482,2.1656,0.0164,-0.7766,0,1,0,0.63955,1
0.4415,4.3502,2.5264,11.3325,2.9541,0.0257,-0.3259,0,0,0,0.00000,1
0.3696,4.0044,2.7770,12.5038,2.2211,0.0172,-1.1262,0,1,0,0.53882,1
0.5266,5.3555,2.3863,12.4054,0.4664,0.0162,-1.5481,0,0,2,0.94516,1
0.5258,5.2108,2.3623,12.1780,-0.0213,0.0109,-1.2863,0,0,1,0.48140,1
0.4667,5.0257,2.5737,12.2976,1.1452,0.0104,-1.2397,0,1,0,0.97873,1
0.4768,4.6780,2.4522,11.2781,1.8120,0.0286,-0.3170,0,0,0,0.00000,3
0.3873,4.1889,2.7400,11.4195,2.3884,0.0199,-0.3313,0,0,0,0.00000,1
0.5165,5.6039,2.4753,12.8773,-2.1016,0.0060,-2.0267,0,0,2,1.34541,1
0.4177,4.4235,2.6549,11.9920,2.5026,0.1309,-0.9884,0,1,0,0.32458,1
0.4098,4.1320,2.6139,12.5795,-1.3867,0.0159,-1.3228,0,0,1,0.83379,1
0.4246,4.4738,2.6350,11.8690,2.6671,0.0343,-0.7705,0,1,0,0.41876,3
0.4936,4.8011,2.4096,11.3779,-0.9482,0.0167,-0.4145,0,0,0,0.00000,3
0.5254,5.0918,2.3410,11.2707,0.6238,0.0765,-0.4152,0,0,0,0.00000,1
0.4343,4.1805,2.5152,11.8947,1.1176,0.0254,-0.8002,0,1,0,0.56065,1
0.3981,4.3571,2.7329,13.2487,-3.0112,0.0782,-1.9897,0,1,0,2.06342,1
0.4012,4.0547,2.6331,12.0271,2.0790,0.0822,-0.9160,0,0,1,0.61228,3
0.4733,4.9829,2.5347,12.4988,2.9112,0.0340,-1.4956,0,0,2,1.04310,1
0.4962,4.6512,2.3669,11.4047,0.1631,0.0194,-0.4457,0,0,0,0.00000,3
0.4316,4.5316,2.6167,11.8911,-2.3697,0.0840,-0.8686,0,0,1,0.52117,3
0.4318,4.2806,2.5521,11.7660,3.1227,0.0081,-0.6615,0,0,1,0.21500,3
0.5378,5.1689,2.3071,11.5680,0.8334,0.0539,-0.7136,0,0,0,0.00000,3
0.3428,3.7475,2.8400,12.9438,-2.6663,0.0400,-1.4063,0,1,1,1.49524,1
0.5766,5.6795,2.2473,11.9645,0.8257,0.0097,-1.1791,0,0,1,0.19111,3
0.3784,3.9844,2.7248,12.3688,-2.3521,0.0451,-1.0862,0,0,1,0.71171,1
0.4048,4.2184,2.6612,11.2812,-2.7109,0.0004,-0.2208,0,0,0,0.00000,1
0.4158,4.2518,2.6178,13.0362,-2.1853,0.0123,-1.7553,0,1,1,1.86861,1
0.4617,5.0517,2.6019,12.3629,-2.6971,0.0164,-1.2972,0,0,1,0.91553,3
0.4116,4.1182,2.6013,11.9535,-2.7262,0.0710,-0.8625,0,1,0,0.54982,1
0.4786,4.9640,2.5077,11.9795,0.7614,0.0156,-0.9672,0,1,0,0.39490,1
0.3680,3.9963,2.7827,12.6017,3.0653,0.1064,-1.3327,0,0,1,1.41193,1
0.3492,3.7641,2.8100,13.0238,2.9841,0.1137,-1.6228,0,1,1,1.85319,1
0.3911,4.1458,2.7082,12.2067,2.5136,0.0052,-0.9352,0,1,0,0.77580,1
0.5039,5.4399,2.4971,12.0498,1.4477,0.0440,-1.1400,0,0,1,0.45105,1
0.5021,5.4117,2.4992,11.6139,3.0378,0.0802,-0.7361,0,0,0,0.00000,1
0.3442,3.7897,2.8461,12.9210,-2.7469,0.0340,-1.3847,0,1,1,1.78742,0
0.5864,5.3772,2.1617,12.2623,-0.4659,0.0225,-1.5764,0,1,1,0.79173,1
0.4179,4.1370,2.5775,11.3565,2.3159,0.0078,-0.3006,0,0,0,0.00000,3
0.4753,5.1456,2.5616,13.1783,-1.6596,0.0169,-2.1880,0,1,1,2.05597,1
0.5099,5.4866,2.4808,11.4832,1.9149,0.0560,-0.5875,0,0,0,0.00000,3
0.4372,4.7157,2.6366,12.5813,-2.1177,0.0062,-1.4079,0,1,0,0.82724,1
0.3950,4.0591,2.6643,11.3316,2.4455,0.0532,-0.3102,0,0,0,0.00000,3
0.3486,3.7219,2.7993,12.9045,-2.4463,0.0200,-1.3671,0,1,0,1.19646,1
0.4843,4.6922,2.4243,11.2183,0.6369,0.0221,-0.2616,0,0,0,0.00000,1
0.4155,4.3155,2.6366,11.7496,1.8990,0.0366,-0.6541,0,0,1,0.26721,3
0.6082,5.7103,2.1351,11.5883,-0.5305,0.0139,-0.8057,0,0,0,0.00000,1
0.4786,5.0720,2.5310,12.0539,1.1803,0.0067,-1.0286,0,1,0,0.54503,1
0.4104,4.2853,2.6529,11.3918,-1.7816,0.0675,-0.3900,0,0,0,0.00000,1
0.3693,4.0020,2.7778,11.5960,2.0737,0.0332,-0.4547,0,1,0,0.32321,1
0.4074,4.4481,2.7111,12.1385,2.5149,0.0281,-0.9533,0,1,0,0.80830,3
0.3714,3.8592,2.7223,12.8363,-3.0817,0.0725,-1.4916,0,1,1,1.50289,1
0.4606,4.3959,2.4551,11.3318,2.3910,0.0320,-0.3523,0,0,0,0.00000,1
0.4581,4.7047,2.5387,11.9735,-2.5531,0.0305,-0.9330,0,1,0,0.64293,3
0.4651,4.4341,2.4455,11.3561,-0.4652,0.0351,-0.3825,0,0,0,0.00000,1
0.4849,4.7796,2.4408,11.5644,-1.8433,0.0673,-0.6421,0,0,0,0.00000,1
0.3748,4.0603,2.7665,12.0070,-2.9667,0.0564,-0.8043,0,0,1,0.53732,3
0.4898,4.7618,2.4169,11.3710,2.7503,0.0268,-0.4151,0,0,0,0.00000,1
0.4430,4.2845,2.5033,11.8338,0.7853,0.0268,-0.7662,0,0,1,0.36885,1
0.5862,5.5723,2.1940,11.5059,0.4264,0.0265,-0.6890,0,0,0,0.00000,3
0.4533,4.4209,2.4925,12.2694,-1.9927,0.0358,-1.2066,0,0,1,0.41436,1
0.5428,5.2652,2.3055,11.4771,0.5357,0.0496,-0.6198,0,0,0,0.00000,1
0.4772,4.9627,2.5133,12.1744,-2.9378,0.0158,-1.1555,0,1,0,0.20003,3
0.3775,3.9069,2.7061,12.0251,-2.5324,0.0562,-0.8243,0,0,1,0.64487,3
0.4669,4.3778,2.4246,11.2409,-1.1171,0.0284,-0.2733,0,0,0,0.00000,3
0.4098,4.0830,2.6003,12.7513,-2.4595,0.0472,-1.5271,0,1,4,2.47181,1
0.4232,4.2546,2.5842,12.0380,-3.0029,0.0003,-0.8677,0,1,0,0.60437,3
0.4569,4.9026,2.5901,11.8663,-3.0608,0.0548,-0.8623,0,1,0,0.40098,1
0.5371,4.9886,2.2758,12.6242,0.1515,0.0036,-1.8071,0,0,2,0.86127,1
0.5352,5.4200,2.3636,11.5296,-1.8057,0.0366,-0.6489,0,0,0,0.00000,3
0.4481,4.4892,2.5315,11.2699,2.7943,0.0271,-0.2807,0,0,0,0.00000,3
0.4315,4.1546,2.5206,11.3395,-2.6971,0.0253,-0.3207,0,0,0,0.00000,1
0.4939,4.5313,2.3503,11.5005,-0.1290,0.0072,-0.5190,0,0,1,0.21072,3
0.4038,4.2718,2.6809,12.9043,2.6959,0.0026,-1.5672,1,1,1,1.38743,1
0.4529,4.6306,2.5443,12.5052,2.0130,0.0013,-1.3812,0,0,2,0.71266,1
0.5053,4.8733,2.3771,11.5574,-0.9470,0.0579,-0.6555,0,0,0,0.00000,3
0.4202,4.1577,2.5724,12.6960,-0.7937,0.0053,-1.4475,0,1,0,0.93746,1
0.5303,5.0416,2.3122,11.3928,-2.2317,0.0031,-0.4580,0,0,0,0.00000,1
0.4568,4.4046,2.4736,11.4110,1.1972,0.0153,-0.3986,0,0,0,0.00000,3
0.4409,4.5001,2.5665,12.3211,2.0097,0.0145,-1.1887,0,0,1,0.96614,1
0.3850,3.9818,2.6908,11.3534,-2.0102,0.0254,-0.2853,0,0,0,0.00000,1
0.5061,5.3809,2.4761,11.7929,-2.1292,0.0129,-0.8398,0,0,1,0.19141,3
0.4705,4.9097,2.5310,11.9983,-2.1510,0.0216,-0.9742,0,1,0,0.21274,3
0.5095,5.4081,2.4672,12.2322,1.3375,0.0387,-1.3401,0,0,0,0.00000,1
0.4461,4.4411,2.5287,11.9133,1.8957,0.0272,-0.8453,0,1,0,0.67074,3
0.4260,4.1715,2.5497,11.3984,2.5164,0.0538,-0.3970,0,0,0,0.00000,1
0.4851,5.0506,2.4982,12.2570,2.5874,0.0054,-1.2458,0,0,1,0.60569,3
0.3833,3.9706,2.6959,12.4539,2.7997,0.0333,-1.1539,0,1,0,1.10482,1
0.3886,4.0661,2.6977,12.0015,-1.9836,0.0519,-0.8255,0,1,0,0.58631,3
0.4932,4.4705,2.3397,11.3565,0.9338,0.0225,-0.3991,0,0,0,0.00000,3
0.5373,5.0878,2.2938,11.6655,0.4908,0.0221,-0.7759,0,0,0,0.00000,3
0.5037,4.8620,2.3815,11.4549,-0.5793,0.0097,-0.4929,0,0,0,0.00000,3
0.4841,5.1400,2.5217,11.5693,-1.2094,0.0478,-0.6227,0,0,0,0.00000,1
0.4950,5.2830,2.5040,13.2162,3.1109,0.0152,-2.3245,1,1,1,1.68527,1
0.4824,4.6835,2.4302,11.3981,-0.8310,0.0096,-0.4114,0,0,0,0.00000,3
0.4217,4.3196,2.6083,11.4725,-2.8457,0.0942,-0.5013,0,0,0,0.00000,1
0.3807,3.9391,2.6998,11.7588,3.0827,0.0157,-0.5730,0,1,0,0.27606,3
0.4521,4.6074,2.5424,11.2791,2.9774,0.0026,-0.2647,0,0,0,0.00000,3
0.4483,4.5625,2.5486,11.3819,-1.1381,0.0161,-0.3649,0,0,0,0.00000,1
0.3742,3.8949,2.7192,12.8384,-2.3716,0.0367,-1.4454,1,1,0,1.36300,1
0.3443,3.7645,2.8371,11.3798,2.8120,0.1030,-0.3518,0,0,0,0.00000,3
0.5501,5.0762,2.2430,11.5468,-0.1614,0.0740,-0.7355,0,0,0,0.00000,1
0.5290,5.3109,2.3683,11.2994,1.1245,0.0228,-0.3861,0,0,0,0.00000,3
0.4370,4.4368,2.5683,11.3211,-0.9876,0.0153,-0.3000,0,0,0,0.00000,1
0.4525,4.3781,2.4857,11.3329,-1.5809,0.0214,-0.3324,0,0,0,0.00000,3
0.3653,3.8196,2.7414,11.3013,-2.3342,0.0461,-0.2527,0,0,0,0.00000,3
0.3912,4.0149,2.6697,12.5590,2.7542,0.0151,-1.2401,1,1,0,1.29823,1
0.4472,4.4159,2.5175,12.1163,-1.3977,0.0368,-1.0472,0,1,0,0.34617,1
0.4099,4.3891,2.6833,11.4804,-2.3720,0.1241,-0.5276,0,0,0,0.00000,3
0.3281,3.6065,2.8752,12.7293,2.3060,0.0387,-1.1847,0,0,2,1.03652,1
0.4593,4.4912,2.4834,11.4342,1.9043,0.0272,-0.4366,0,0,0,0.00000,3
0.3741,4.0634,2.7708,11.6575,2.9605,0.1077,-0.5971,0,1,0,0.23613,3
0.4726,5.0086,2.5437,12.3451,2.5306,0.0453,-1.3544,0,1,0,0.72096,1
0.5654,5.2280,2.2135,11.9466,0.5215,0.0739,-1.2171,0,0,1,0.44974,1
0.4930,5.3301,2.5222,11.4220,1.2839,0.0546,-0.5024,0,0,0,0.00000,1
0.4711,4.3908,2.4105,11.5304,2.3622,0.0125,-0.5211,0,0,0,0.00000,1
0.4256,4.3364,2.5947,11.4820,-1.1194,0.0151,-0.4209,0,0,0,0.00000,1
0.4689,4.6366,2.4762,11.4879,-1.6030,0.0180,-0.4869,0,0,0,0.00000,3
0.3626,3.8339,2.7603,12.4368,2.2539,0.0414,-1.0864,0,1,0,1.25980,1
0.4028,4.3071,2.6957,11.9339,-3.0667,0.0784,-0.8360,0,1,0,0.56100,3
0.4125,4.1184,2.5972,12.6072,-1.1639,0.0090,-1.3459,0,1,1,1.31854,1
0.4559,5.0161,2.6203,11.5203,2.6300,0.0835,-0.5778,0,0,0,0.00000,3
0.5327,5.4292,2.3757,11.6008,1.3076,0.0089,-0.6852,0,0,0,0.00000,3
0.4913,4.9496,2.4507,11.3884,-1.6198,0.0007,-0.4034,0,0,0,0.00000,3
0.3514,3.8778,2.8352,12.4539,-3.0244,0.0274,-1.0441,0,0,1,1.19501,0
0.3963,4.3169,2.7306,11.5018,2.6654,0.2200,-0.6399,0,0,0,0.00000,1
0.5563,5.4434,2.2852,11.4678,-0.3657,0.0455,-0.6249,0,0,0,0.00000,1
0.4176,4.2318,2.6045,11.4840,2.5995,0.1120,-0.5266,0,0,0,0.00000,1
0.4589,4.6310,2.5181,11.4525,2.2081,0.0329,-0.4596,0,0,0,0.00000,3
0.4537,4.5319,2.5172,12.1466,-2.2149,0.0372,-1.0935,0,0,1,0.78480,1
0.4295,4.2640,2.5581,11.5304,-1.8081,0.0836,-0.5483,0,0,0,0.00000,3
0.4969,5.2626,2.4919,12.1927,2.5549,0.0090,-1.2201,0,0,2,0.33740,3
0.3956,4.2829,2.7249,12.8934,-2.5854,0.0855,-1.6606,0,1,1,1.35860,1
0.4267,4.3121,2.5832,11.8105,1.6269,0.0448,-0.7372,0,0,1,0.28410,3
0.5346,5.6378,2.4060,11.2494,1.9858,0.0067,-0.3236,0,0,0,0.00000,3
0.4172,4.3301,2.6325,12.0336,-2.6792,0.0582,-0.9274,0,0,0,0.00000,1
0.4327,4.2986,2.5529,11.9881,1.5341,0.0237,-0.8774,0,0,1,0.52568,3
0.4565,4.4155,2.4772,11.3326,0.7545,0.0222,-0.3374,0,0,0,0.00000,1
0.4008,4.1668,2.6662,12.8801,1.5615,0.0221,-1.5656,0,1,1,1.36044,1
0.3522,3.8596,2.8246,11.8994,-2.7310,0.2324,-0.8966,0,0,1,0.60351,1
0.4518,4.7554,2.5787,11.4219,1.3446,0.0293,-0.4198,0,0,0,0.00000,1
0.3886,4.1983,2.7360,12.4449,2.3299,0.0609,-1.2035,0,0,0,0.00000,3
0.4533,4.3334,2.4713,11.9746,-1.1235,0.0135,-0.8981,0,0,1,0.47423,1
0.4543,4.6735,2.5483,12.1871,-2.9285,0.0434,-1.1427,0,0,1,0.54232,1
0.5221,5.3358,2.4010,11.4348,-0.2775,0.0107,-0.5007,0,0,0,0.00000,1
0.6439,6.0286,2.0527,11.4405,0.8586,0.0534,-0.7346,0,0,0,0.00000,1
0.4898,5.1883,2.5071,11.8190,2.3555,0.0152,-0.8349,0,1,0,0.49166,3
0.3600,3.9249,2.8034,13.0974,-2.5887,0.0180,-1.5665,1,1,0,1.71614,1
0.4519,4.9157,2.6156,11.4962,1.8139,0.0281,-0.4846,0,0,0,0.00000,1
0.4379,4.6959,2.6282,11.4163,-2.0182,0.0804,-0.4579,0,0,0,0.00000,3
0.4009,4.2575,2.6910,11.6839,2.8861,0.0072,-0.5395,0,1,0,0.41928,1
0.3957,4.2996,2.7288,12.7141,-2.9393,0.0657,-1.4682,0,1,0,1.59845,1
0.4603,4.9649,2.5888,11.5435,-1.7939,0.0550,-0.5710,0,0,0,0.00000,3
0.4405,4.4897,2.5658,11.9135,-3.0439,0.0657,-0.8839,0,1,0,0.18971,1
0.4815,4.4149,2.3738,11.4698,2.2421,0.0010,-0.4653,0,0,0,0.00000,1
0.4340,4.4594,2.5877,11.5420,2.4294,0.0542,-0.5296,0,0,0,0.00000,3
0.3597,3.9198,2.8033,13.1092,-2.4276,0.0410,-1.6151,0,0,1,1.91946,1
0.4478,4.3706,2.5042,11.9567,-2.1342,0.0076,-0.8619,0,0,1,0.60359,3
0.4764,5.1651,2.5605,11.3652,1.4571,0.0161,-0.3834,0,0,0,0.00000,1
0.5808,5.2958,2.1684,11.4658,0.8724,0.0099,-0.6130,0,0,0,0.00000,1
0.3813,4.1517,2.7599,11.4208,2.6196,0.0503,-0.3604,0,0,0,0.00000,3
0.3980,4.0555,2.6486,11.2836,3.0820,0.1232,-0.3552,0,0,0,0.00000,1
0.5096,4.9432,2.3744,11.9244,1.0260,0.0112,-0.9762,0,0,1,0.28757,3
0.4614,4.7403,2.5325,11.3741,-0.4185,0.0129,-0.3696,0,0,0,0.00000,1
0.5072,4.6146,2.3159,11.4978,-0.2880,0.0180,-0.5486,0,0,0,0.00000,3
0.4351,4.7876,2.6640,11.6060,1.7942,0.0345,-0.5635,0,1,0,0.36188,1
0.4200,4.3451,2.6229,12.2758,-1.5679,0.0258,-1.1027,1,1,1,0.59697,1
0.4812,4.3758,2.3662,11.4695,0.4205,0.0449,-0.5177,0,0,0,0.00000,1
0.3749,3.9989,2.7471,11.4480,-2.8053,0.0825,-0.4105,0,0,0,0.00000,3
0.5328,5.3011,2.3514,11.4132,-1.3804,0.0363,-0.5231,0,0,0,0.00000,3
0.4271,4.3453,2.5901,11.2590,-2.4645,0.0759,-0.3078,0,0,0,0.00000,1
0.5190,5.2682,2.4008,12.7361,0.8078,0.0257,-1.9067,0,0,1,1.57795,1
0.4188,4.5652,2.6864,13.3054,1.8549,0.0113,-2.0232,0,0,1,1.11825,1
0.4541,4.8826,2.5980,11.6895,1.6807,0.0174,-0.6477,0,0,1,0.31930,1
0.4133,4.4943,2.6943,11.3144,-2.2265,0.0688,-0.3325,0,0,0,0.00000,3
0.5163,4.9226,2.3437,12.1713,-0.0854,0.0314,-1.2803,0,1,1,0.62767,1
0.4692,4.6797,2.4850,11.3657,-1.2500,0.0312,-0.3918,0,0,0,0.00000,3
0.4274,4.3675,2.5945,11.2839,2.7394,0.0006,-0.2433,0,0,0,0.00000,1
0.5119,4.7909,2.3343,12.5671,-1.2435,0.0117,-1.6640,1,1,0,0.83006,1
0.4609,4.4076,2.4569,12.0045,1.6851,0.0095,-0.9383,0,0,1,0.41256,1
0.4000,4.1106,2.6547,11.6807,-2.9872,0.0197,-0.5501,1,1,0,0.34814,3
0.3906,3.9647,2.6583,11.3049,-1.9475,0.0379,-0.2683,0,0,0,0.00000,3
0.3720,3.9161,2.7371,12.4225,-2.7680,0.0186,-1.0714,0,0,1,0.90346,1
0.4483,4.4460,2.5203,12.2866,3.1319,0.0295,-1.1993,0,1,0,0.84671,1
0.4447,4.3212,2.5055,11.3153,-1.0211,0.0075,-0.2933,0,0,0,0.00000,3
0.3436,3.7241,2.8274,11.8481,2.6507,0.1872,-0.7840,0,1,0,0.39331,1
0.3568,3.7710,2.7711,12.9232,2.9689,0.0521,-1.4693,0,1,0,1.72341,1
0.3415,3.7245,2.8393,11.4105,-2.3555,0.0512,-0.3111,0,0,0,0.00000,1
0.4570,4.8901,2.5866,11.4413,-2.6740,0.0256,-0.4394,0,0,0,0.00000,3
0.3614,3.9475,2.8029,12.4438,2.7169,0.0862,-1.1522,0,1,1,1.18636,3
0.4406,4.7340,2.6252,11.8457,-2.7700,0.0791,-0.8403,0,1,0,0.48305,1
0.4441,4.2193,2.4824,11.6145,1.1649,0.0501,-0.6024,0,0,1,0.14424,3
0.4555,4.4603,2.4924,11.5502,-0.8577,0.0613,-0.5766,0,0,0,0.00000,1
0.3715,3.9750,2.7579,11.8436,-3.0593,0.0309,-0.6395,0,0,1,0.35627,3
0.3760,3.9874,2.7380,11.5385,-2.7280,0.1266,-0.5316,0,0,0,0.00000,3
0.5129,5.0063,2.3739,11.7356,0.3810,0.0224,-0.8044,0,0,2,0.61277,1
0.3885,4.0777,2.7017,12.7272,-2.0937,0.0510,-1.4296,0,0,3,0.86337,1
0.4841,5.2431,2.5433,12.9617,2.3925,0.0638,-2.0769,0,1,1,1.56317,1
0.3467,3.7150,2.8075,12.1237,2.8823,0.0355,-0.7980,0,0,2,0.62667,3
0.3478,3.7503,2.8131,12.0865,-2.4091,0.1344,-0.9037,0,0,1,0.24096,3
0.3912,4.0300,2.6743,11.5723,-2.5353,0.0452,-0.4823,0,0,2,0.54057,3
0.4653,4.8167,2.5328,12.3726,3.0139,0.0305,-1.3369,1,1,0,0.88555,1
0.3621,3.8824,2.7786,12.1218,3.0997,0.1525,-0.9906,0,0,1,0.55049,1
0.4029,4.3936,2.7186,12.6246,-2.3116,0.0504,-1.3921,1,1,1,1.17402,1
0.3830,4.2171,2.7702,12.8707,-3.0533,0.1190,-1.6416,0,1,0,1.61204,0
0.3973,4.1456,2.6777,12.3743,-1.8135,0.0294,-1.1253,0,1,1,0.89850,1
0.5811,5.7763,2.2461,11.5260,1.8860,0.0042,-0.6775,0,0,0,0.00000,1
0.3836,3.9746,2.6958,11.7804,-2.2255,0.0384,-0.6231,0,1,0,0.52878,3
0.3863,4.0975,2.7182,12.5691,-2.4210,0.0352,-1.2626,0,0,2,1.35522,1
0.4553,4.7172,2.5541,11.9361,2.6951,0.0756,-0.9511,0,0,1,0.36614,1
0.4150,4.1612,2.5972,12.1499,-2.0103,0.0037,-0.9479,0,0,1,0.56464,1
0.4315,4.4430,2.5950,12.3013,2.0877,0.0104,-1.1368,0,1,0,0.89665,1
0.6092,5.6245,2.1186,11.2822,-1.1476,0.0363,-0.4741,0,0,0,0.00000,1
0.3994,4.2104,2.6853,11.3366,-2.3217,0.0017,-0.2601,0,0,0,0.00000,1
0.3770,3.8741,2.6988,12.9275,-2.4724,0.0166,-1.4977,1,1,2,1.34810,1
0.3835,4.0157,2.7084,11.3612,2.4431,0.0791,-0.3509,0,0,0,0.00000,3
0.4195,4.1279,2.5675,11.6346,-1.8319,0.0164,-0.5396,0,1,0,0.25141,3
0.3964,3.9882,2.6368,11.7853,-2.6166,0.0404,-0.6528,0,1,0,0.16103,3
0.3717,3.9192,2.7398,11.8935,-2.3963,0.0946,-0.7584,0,0,1,0.53585,3
0.3598,3.9179,2.8018,12.4698,3.0419,0.0389,-1.0996,0,0,1,0.95408,3
0.3486,3.8118,2.8290,11.8134,-2.7645,0.0934,-0.6515,0,1,0,0.33329,3
0.3928,4.0783,2.6807,12.0322,-2.9772,0.0825,-0.9005,0,1,0,0.27097,1
0.5121,5.4765,2.4693,11.2713,-2.9832,0.0007,-0.3157,0,0,0,0.00000,3
0.4268,4.4651,2.6223,11.7929,-1.4840,0.0477,-0.7262,0,1,0,0.25018,1
0.4591,4.9983,2.6016,11.6223,1.8319,0.0924,-0.6868,0,0,0,0.00000,3
0.3591,3.9521,2.8166,11.4552,2.4542,0.1024,-0.4201,0,0,0,0.00000,3
0.3838,4.0469,2.7163,11.7386,2.4929,0.0390,-0.5920,0,0,1,0.27759,3
0.4772,5.1967,2.5641,11.6428,2.0949,0.0442,-0.6777,0,1,0,0.26895,3
0.4608,5.0535,2.6065,11.3236,1.8476,0.0426,-0.3591,0,0,0,0.00000,1
0.5237,5.1989,2.3682,11.5858,1.2167,0.0368,-0.6885,0,0,0,0.00000,3
0.3724,3.9100,2.7332,12.6830,2.2590,0.0119,-1.2709,1,1,0,1.41973,1
0.4217,4.5779,2.6754,11.7461,-1.9363,0.0076,-0.6273,0,1,0,0.28238,1
0.4229,4.3679,2.6153,11.5014,1.4362,0.0022,-0.4183,0,0,0,0.00000,1
0.3578,3.8246,2.7827,12.8587,2.8199,0.0453,-1.4101,0,0,1,1.08205,1
0.3880,4.0517,2.6964,11.3235,2.9461,0.0036,-0.2413,0,0,0,0.00000,1
0.4092,4.1116,2.6107,12.1460,-2.6224,0.0256,-0.9598,0,0,0,0.00000,1
0.3947,4.1734,2.6983,12.2058,-2.4608,0.0056,-0.9446,0,1,0,0.54119,1
0.3689,3.9033,2.7492,12.2278,-1.9053,0.0220,-0.9149,0,1,0,0.71257,1
0.5305,5.3318,2.3664,11.6530,-1.9761,0.0149,-0.7430,0,0,0,0.00000,3
0.4056,4.4169,2.7118,11.5743,2.7478,0.1836,-0.6700,0,0,0,0.00000,1
0.4208,4.5949,2.6844,11.4698,-2.7158,0.0176,-0.4083,0,0,0,0.00000,1
0.3769,3.9024,2.7076,12.6678,-2.9884,0.0708,-1.3673,0,1,0,0.23746,1
0.4749,4.6836,2.4615,11.2875,1.2003,0.0173,-0.3107,0,0,0,0.00000,3
0.4939,5.0706,2.4651,12.6408,3.1243,0.0091,-1.6776,0,1,0,1.38339,1
0.4041,4.4619,2.7314,11.3934,2.6746,0.0094,-0.3180,0,0,0,0.00000,0
0.6269,5.8701,2.0913,11.6176,-0.8888,0.0757,-0.9554,0,0,0,0.00000,3
0.4977,5.2687,2.4896,12.4741,0.6988,0.0015,-1.5048,0,1,0,0.45028,1
0.3526,3.8317,2.8136,12.7152,-2.8886,0.0131,-1.2256,0,1,2,1.22531,1
0.4892,4.6557,2.3960,11.4455,-2.0867,0.0439,-0.5054,0,0,0,0.00000,1
0.5279,5.4311,2.3952,11.4484,2.8067,0.0037,-0.5142,0,0,0,0.00000,3
0.5142,5.3996,2.4457,11.2289,2.1727,0.0092,-0.2857,0,0,0,0.00000,3
0.4781,4.8424,2.4832,12.1456,-2.5770,0.0221,-1.1373,0,0,1,0.86417,1
0.4912,4.5654,2.3684,11.3324,0.1461,0.0303,-0.3838,0,0,0,0.00000,1
0.4413,4.4745,2.5584,12.4613,-2.8076,0.0311,-1.3453,0,0,1,0.79563,1
0.4215,4.3083,2.6062,12.8168,2.2010,0.0045,-1.5628,0,0,1,1.51526,1
0.4343,4.2227,2.5260,12.2629,1.6783,0.0296,-1.1363,0,1,0,0.64935,1
0.3611,3.7991,2.7571,11.4115,-2.2609,0.0233,-0.3004,0,0,0,0.00000,1
0.5086,4.8759,2.3645,11.8993,-2.1619,0.0090,-0.9448,0,0,1,0.34517,1
0.4789,4.4082,2.3827,11.4322,-1.6765,0.0050,-0.4321,0,0,0,0.00000,1
0.4164,4.2515,2.6152,11.3626,-1.4235,0.0011,-0.2965,0,0,0,0.00000,1
0.5110,5.3422,2.4479,12.3383,0.9906,0.0201,-1.4312,0,0,1,0.83280,1
0.4604,4.8657,2.5657,11.4863,2.0310,0.0441,-0.5060,0,0,0,0.00000,3
0.6584,6.2806,2.0344,11.5101,-0.8928,0.0995,-0.9065,0,0,0,0.00000,3
0.3960,4.3312,2.7363,12.8371,2.7142,0.0806,-1.6027,1,1,3,2.64339,1
0.4356,4.5802,2.6105,13.0403,2.2630,0.0161,-1.8559,1,2,2,2.27681,1
0.4359,4.6985,2.6383,11.3506,-3.1245,0.0682,-0.3850,0,0,0,0.00000,3
0.5452,5.2790,2.2986,11.4790,1.8081,0.0542,-0.6311,0,0,0,0.00000,1
0.4064,4.3785,2.6975,13.2504,2.8820,0.0085,-1.9034,1,2,2,3.57133,1
0.3775,4.1161,2.7688,11.9760,2.5735,0.0914,-0.8314,0,1,0,0.76971,3
0.4185,4.3017,2.6185,11.9678,-2.5487,0.0038,-0.8020,0,1,0,0.62239,3
0.4150,4.5451,2.6994,11.3980,2.7914,0.0084,-0.3326,0,0,0,0.00000,1
0.5096,4.9412,2.3740,12.4595,-1.3714,0.0047,-1.5299,0,0,1,0.99601,1
0.3596,3.8625,2.7853,11.3807,2.2554,0.0987,-0.3631,0,0,0,0.00000,3
0.3757,3.9082,2.7154,12.7007,1.7676,0.0075,-1.2906,0,1,1,1.32057,1
0.4031,4.2412,2.6760,11.5637,3.1001,0.0289,-0.4732,0,0,0,0.00000,3
0.4124,4.2266,2.6270,11.3480,1.5776,0.0098,-0.2908,0,0,0,0.00000,1
0.3903,3.9589,2.6582,12.0047,-2.9476,0.0865,-0.8775,0,0,1,0.57456,1
0.3549,3.8948,2.8214,12.8679,-2.7148,0.0748,-1.4524,1,1,0,1.43732,1
0.5260,4.7926,2.2802,11.5521,0.6643,0.0684,-0.6949,0,0,0,0.00000,3
0.3968,4.2032,2.6965,11.9896,-2.0117,0.0184,-0.7907,0,1,0,0.34521,1
0.4830,4.4994,2.3869,11.3838,-0.4708,0.0204,-0.4107,0,0,0,0.00000,3
0.5325,4.9218,2.2807,11.9092,0.4688,0.0703,-1.0916,0,0,1,0.31734,1
0.3882,4.1357,2.7198,11.9759,-3.1142,0.0394,-0.7879,0,0,2,0.40399,3
0.4391,4.4766,2.5690,11.4000,2.3333,0.1288,-0.5014,0,0,0,0.00000,1
0.5683,5.7991,2.2991,12.3103,-2.6995,0.0080,-1.5622,0,1,0,0.75050,1
0.4154,4.4033,2.6605,11.5009,-1.5906,0.0472,-0.4612,0,0,0,0.00000,1
0.3934,4.3001,2.7404,12.8781,-3.0068,0.0688,-1.6101,1,1,0,1.61287,1
0.3633,3.9980,2.8081,11.3737,-2.5634,0.0622,-0.3204,0,0,0,0.00000,1
0.5211,5.1401,2.3671,11.4614,1.2153,0.0174,-0.5335,0,0,0,0.00000,3
0.5114,4.8853,2.3556,11.4982,1.8921,0.0070,-0.5427,0,0,0,0.00000,1
0.4864,4.7519,2.4285,11.2801,2.2191,0.0203,-0.3188,0,0,0,0.00000,1
0.5234,5.5570,2.4373,12.5555,2.2042,0.0060,-1.6909,0,1,1,1.24801,1
0.4294,4.3702,2.5862,11.8554,1.6920,0.0125,-0.7401,0,0,1,0.58455,3
0.4778,5.1443,2.5500,11.4418,1.4445,0.0006,-0.4375,0,0,0,0.00000,1
0.3515,3.8023,2.8097,11.3369,-2.4662,0.0293,-0.2464,0,0,0,0.00000,1
0.4716,4.7637,2.4936,12.2312,2.0243,0.0016,-1.1742,1,1,0,0.62870,1
0.4819,5.1453,2.5324,11.4702,2.4886,0.1352,-0.6293,0,0,0,0.00000,1
0.5102,4.8915,2.3616,11.3601,-0.1393,0.0092,-0.4079,0,0,0,0.00000,3
0.5848,5.3908,2.1698,11.3767,1.1155,0.0364,-0.5515,0,0,0,0.00000,1
0.5073,4.8256,2.3595,11.8614,-1.8845,0.0488,-0.9560,0,0,1,0.29494,1
0.4525,4.8012,2.5866,12.2052,-2.9142,0.0649,-1.1854,0,0,1,0.88687,1
0.4868,5.1633,2.5147,11.5517,-1.8084,0.0533,-0.6168,0,0,0,0.00000,3
0.3915,4.1364,2.7036,12.0560,2.2271,0.1025,-0.9436,0,0,1,0.45861,3
0.4012,4.2782,2.6957,11.5840,-2.7232,0.1623,-0.6462,0,0,0,0.00000,1
0.4159,4.4459,2.6690,11.4200,-2.3458,0.0345,-0.3813,0,0,0,0.00000,3
0.4768,4.7593,2.4705,11.3048,0.0998,0.0180,-0.3294,0,0,0,0.00000,1
0.4548,4.7307,2.5596,11.3993,-2.1339,0.0483,-0.4255,0,0,0,0.00000,3
0.4022,4.1797,2.6634,11.4597,-1.6341,0.0305,-0.3916,0,0,0,0.00000,1
0.4228,4.4845,2.6462,12.9186,2.5995,0.0204,-1.6907,0,0,2,1.58065,1
0.4529,4.7742,2.5783,11.3389,-1.4335,0.0421,-0.3631,0,0,0,0.00000,1
0.5270,5.5341,2.4182,11.4077,2.2627,0.0104,-0.4801,0,0,0,0.00000,3
0.4229,4.1798,2.5661,11.3205,2.4492,0.0307,-0.3027,0,0,0,0.00000,3
0.4790,4.9363,2.4998,11.2949,-1.4179,0.0271,-0.3336,0,0,0,0.00000,3
0.5167,5.5916,2.4719,11.3740,1.4514,0.0121,-0.4356,0,0,0,0.00000,1
0.4358,4.7860,2.6603,12.6204,2.2545,0.0792,-1.5518,0,0,1,1.19147,1
0.4483,4.7805,2.6005,11.4365,-2.3671,0.0542,-0.4577,0,0,0,0.00000,3
0.3581,3.8621,2.7936,11.4095,2.8086,0.0272,-0.3004,0,0,0,0.00000,1
0.4860,5.0261,2.4891,11.4731,0.2716,0.0098,-0.4879,0,0,0,0.00000,1
0.5087,5.0502,2.3994,11.5510,-0.7836,0.0438,-0.6376,0,0,0,0.00000,1
0.4371,4.3797,2.5534,11.7907,-2.3824,0.0239,-0.7133,0,1,0,0.50974,3
0.4580,4.5899,2.5124,12.2577,2.6647,0.0152,-1.1800,0,0,1,0.95637,1
0.4986,4.6354,2.3542,11.3346,-0.7510,0.0574,-0.4261,0,0,0,0.00000,3
0.4504,4.4487,2.5115,11.3335,-1.8281,0.0067,-0.3140,0,0,0,0.00000,3
0.4798,4.9170,2.4921,12.0447,2.2985,0.0132,-1.0305,0,0,1,0.51182,3
0.4068,4.3608,2.6905,11.6947,-2.5690,0.0269,-0.5821,0,0,1,0.24892,3
0.4151,4.0948,2.5790,12.3638,2.7606,0.0358,-1.1793,0,0,1,0.90331,1
0.4261,4.1569,2.5453,11.4238,-0.9570,0.0046,-0.3605,0,0,0,0.00000,1
0.3902,4.1221,2.7059,12.4332,-3.0592,0.0109,-1.1262,0,1,1,1.06256,1
0.3772,3.9437,2.7188,12.2415,-2.7799,0.1147,-1.0769,0,1,0,0.81020,1
0.4661,4.4016,2.4334,11.7790,-2.8205,0.0068,-0.7354,0,1,0,0.41295,1
0.4992,4.5704,2.3379,11.3538,-0.3425,0.0625,-0.4513,0,0,0,0.00000,1
0.4309,4.3047,2.5624,11.2970,-3.0870,0.0630,-0.3282,0,0,0,0.00000,1
0.4139,4.0914,2.5834,11.5985,2.7622,0.0068,-0.4897,0,0,1,0.32740,3
0.5128,5.0027,2.3734,11.8130,1.6883,0.0024,-0.8574,0,1,1,0.39081,3
0.5164,5.0308,2.3645,11.4129,2.9263,0.0130,-0.4728,0,0,0,0.00000,1
0.4471,4.3289,2.4968,11.9158,-0.5854,0.0000,-0.8130,0,0,2,0.47381,3
0.4662,4.3963,2.4318,11.8212,-0.2771,0.0270,-0.8012,0,0,2,0.48354,1
0.5280,5.6114,2.4283,11.5386,-1.4425,0.0626,-0.6797,0,0,0,0.00000,3
0.3983,4.2745,2.7087,11.9152,-2.5070,0.0253,-0.7428,0,1,0,0.46396,3
0.5697,5.7433,2.2846,11.9087,2.8003,0.0116,-1.1013,0,1,0,0.40357,1
0.4689,4.7193,2.4949,11.9397,-2.6492,0.0507,-0.9523,0,0,1,0.22117,1
0.4216,4.2136,2.5811,11.3586,2.7055,0.0255,-0.3266,0,0,0,0.00000,3
0.4084,4.5100,2.7228,11.3702,-2.8801,0.1127,-0.4225,0,0,0,0.00000,2
0.4334,4.4074,2.5775,11.4367,-2.9637,0.0319,-0.4125,0,0,0,0.00000,3
0.4667,4.3817,2.4263,11.3882,-1.3794,0.0168,-0.3914,0,0,0,0.00000,3
0.4671,4.4150,2.4326,11.4546,-2.9488,0.0046,-0.4373,0,0,0,0.00000,1
0.3801,4.1605,2.7688,12.0697,2.9565,0.0301,-0.8315,0,0,1,0.56794,3
0.4673,4.7225,2.5027,11.9621,-2.0729,0.0009,-0.9037,0,1,0,0.48041,3
0.4119,4.3651,2.6672,11.8284,2.4308,0.0155,-0.6867,0,1,0,0.19369,3
0.4718,4.6569,2.4688,12.6515,0.7860,0.0295,-1.6373,0,0,1,1.46638,1
0.5132,4.9383,2.3590,12.7284,-2.5411,0.0034,-1.8342,0,0,2,2.62663,1
0.4368,4.6057,2.6113,11.9010,1.5912,0.0273,-0.8154,0,1,0,0.30932,1
0.6076,5.8077,2.1520,11.6276,-0.7683,0.0538,-0.9040,0,0,0,0.00000,3
0.4477,4.3440,2.4979,12.3299,-0.5696,0.0114,-1.2112,0,0,1,0.77455,1
0.3513,3.7431,2.7916,11.4353,-1.9056,0.0630,-0.3518,0,0,0,0.00000,1
0.4962,4.9513,2.4305,11.4992,1.4830,0.0073,-0.5233,0,0,0,0.00000,3
0.5175,5.4469,2.4413,11.3953,-1.6604,0.0156,-0.4614,0,0,0,0.00000,3
0.5312,5.1161,2.3230,11.4959,0.1970,0.0119,-0.5759,0,0,0,0.00000,3
0.5359,5.2225,2.3245,11.4236,-1.7248,0.0086,-0.5042,0,0,0,0.00000,1
0.4669,4.5947,2.4752,11.5213,-1.6333,0.0038,-0.4974,0,0,0,0.00000,3
0.4785,4.8670,2.4870,11.3313,-1.0604,0.0215,-0.3598,0,0,0,0.00000,1
0.3810,3.9129,2.6901,11.2993,-2.8996,0.0100,-0.2242,0,0,0,0.00000,1
0.6015,5.9573,2.1972,11.7176,-0.7632,0.0433,-0.9880,0,0,1,0.40890,3
0.4305,4.4393,2.5984,12.7247,2.8666,0.0361,-1.5645,0,1,1,1.38671,1
0.4968,5.0024,2.4386,11.3672,0.7919,0.0686,-0.4698,0,0,0,0.00000,1
0.4449,4.3055,2.5006,11.3222,-0.5060,0.0244,-0.3188,0,0,0,0.00000,1
0.3843,4.1985,2.7582,11.6796,2.9911,0.1433,-0.6737,0,1,0,0.16392,1
0.4436,4.3118,2.5076,12.1077,1.7443,0.0063,-0.9871,0,0,1,0.79859,1
0.4338,4.6134,2.6273,12.2522,-2.3940,0.0331,-1.1317,0,1,1,0.75370,3
0.4602,4.3762,2.4524,11.9986,2.9404,0.0064,-0.9267,0,0,1,0.44651,1
0.4664,4.7313,2.5085,11.3176,-1.0300,0.0122,-0.3236,0,0,0,0.00000,1
0.5379,5.0801,2.2902,11.3391,1.1192,0.0427,-0.4593,0,0,0,0.00000,3
0.5335,5.3257,2.3530,11.4051,0.7131,0.0464,-0.5279,0,0,0,0.00000,1
0.3410,3.6947,2.8319,12.2249,3.0621,0.0608,-0.8907,0,1,0,0.85162,3
0.4159,4.2848,2.6264,11.3725,2.5185,0.0159,-0.3210,0,0,0,0.00000,3
0.5080,5.3723,2.4663,11.4375,-1.0696,0.0217,-0.4982,0,0,0,0.00000,1
0.3880,4.1814,2.7341,11.9307,-2.1341,0.0723,-0.7936,0,1,0,0.49855,3
0.4867,4.5080,2.3738,11.3527,-0.5634,0.0962,-0.4757,0,0,0,0.00000,1
0.3934,4.0209,2.6610,11.4562,2.6612,0.0968,-0.4554,0,0,0,0.00000,1
0.3465,3.7945,2.8347,13.2238,-2.9819,0.0683,-1.6960,0,0,1,0.61501,1
0.4322,4.5351,2.6152,11.6518,-1.3777,0.0290,-0.5909,0,0,1,0.14878,1
0.4389,4.8440,2.6596,11.4781,2.5370,0.0739,-0.5051,0,0,0,0.00000,2
0.3767,3.9049,2.7093,11.2753,1.9513,0.0387,-0.2353,0,0,0,0.00000,1
0.5802,5.8805,2.2661,11.4183,-1.4401,0.0106,-0.5635,0,0,0,0.00000,3
0.4905,4.8288,2.4282,11.4936,0.5834,0.0208,-0.5259,0,0,0,0.00000,1
0.5575,5.5046,2.2913,11.4190,0.2905,0.0381,-0.5650,0,0,0,0.00000,1
0.4772,5.2008,2.5647,11.5169,-1.5002,0.0555,-0.5722,0,0,0,0.00000,1
0.4727,4.6715,2.4682,11.4596,1.9779,0.0079,-0.4541,0,0,0,0.00000,3
0.4843,5.2164,2.5368,11.5057,-2.9180,0.0454,-0.5597,0,0,0,0.00000,3
0.6304,5.7378,2.0604,11.7994,-0.5418,0.1681,-1.3187,0,1,0,0.16327,1
0.4757,4.6200,2.4437,11.3779,0.1898,0.0178,-0.3945,0,0,0,0.00000,1
0.4971,5.0279,2.4428,11.8424,-0.9811,0.0308,-0.8924,0,1,0,0.14512,1
0.4332,4.5442,2.6125,11.6253,2.5424,0.0299,-0.5710,0,1,0,0.18900,3
0.4714,4.9333,2.5324,11.3216,-2.3789,0.1066,-0.4420,0,0,0,0.00000,1
0.4406,4.7943,2.6396,12.7959,-2.7190,0.0851,-1.7526,0,1,1,1.19242,1
0.5638,5.5546,2.2754,11.5507,1.2276,0.0345,-0.7143,0,0,0,0.00000,3
0.3950,4.2268,2.7117,11.5562,-2.2054,0.0680,-0.5024,0,0,0,0.00000,3
0.3526,3.8564,2.8216,12.5788,-2.9011,0.1330,-1.2995,0,1,0,1.35538,1
0.3439,3.7727,2.8425,11.4444,-2.6694,0.1691,-0.4713,0,0,0,0.00000,3
0.4841,5.2084,2.5360,11.4517,1.4286,0.0282,-0.4876,0,0,0,0.00000,1
0.4144,4.0752,2.5768,12.1495,2.3940,0.0050,-0.9471,0,1,0,0.70852,1
0.4854,5.1755,2.5233,13.1591,-2.4652,0.0167,-2.2159,1,1,0,1.79264,1
0.4834,4.4642,2.3771,12.3326,-0.8620,0.0385,-1.3625,0,1,2,1.10207,1
0.5128,5.2452,2.4214,12.2252,-1.5648,0.0327,-1.3326,0,0,1,0.76350,1
0.4116,4.1828,2.6191,11.3177,-0.8940,0.0028,-0.2579,0,0,0,0.00000,1
0.3740,3.8625,2.7102,11.2582,2.8494,0.0034,-0.1814,0,0,0,0.00000,1
0.4508,4.2409,2.4589,11.4023,-1.6436,0.0226,-0.3921,0,0,0,0.00000,3
0.3782,3.9448,2.7138,13.0825,-1.9985,0.0060,-1.6158,0,1,0,0.24241,1
0.4828,4.5983,2.4097,12.4687,-3.1269,0.0084,-1.4541,0,0,0,0.00000,1
0.3970,4.2190,2.6998,11.9210,2.9636,0.0436,-0.7681,0,1,1,0.64549,3
0.6633,6.2793,2.0170,12.1081,0.5968,0.0728,-1.6845,0,0,1,0.34921,1
0.4139,4.5671,2.7108,12.1628,-2.6615,0.0493,-1.0198,0,1,0,0.78064,2
0.4796,4.3960,2.3772,11.4650,-0.3801,0.0528,-0.5210,0,0,0,0.00000,1
0.4831,5.1210,2.5217,11.8437,-2.6950,0.0365,-0.8727,0,1,0,0.40690,3
0.4545,4.7342,2.5620,11.4066,-1.1072,0.0358,-0.4171,0,0,0,0.00000,1
0.5305,5.6342,2.4220,11.4856,1.0996,0.0068,-0.5608,0,0,0,0.00000,3
0.3971,4.3136,2.7255,11.6278,-2.6534,0.0301,-0.5169,0,0,1,0.33310,3
0.4268,4.3097,2.5822,11.3795,0.3111,0.0071,-0.3282,0,0,0,0.00000,1
0.3556,3.9007,2.8197,12.0854,-2.6282,0.0217,-0.7736,0,0,3,0.68093,1
0.4470,4.2177,2.4695,11.4517,-2.3735,0.0224,-0.4302,0,0,0,0.00000,1
0.4218,4.6221,2.6865,11.3918,1.9299,0.0186,-0.3469,0,0,0,0.00000,1
0.4333,4.2468,2.5365,11.3361,3.0652,0.0496,-0.3480,0,0,0,0.00000,1
0.3708,3.8463,2.7215,11.2977,-3.1015,0.0110,-0.2154,0,0,0,0.00000,1
0.4010,4.2094,2.6774,11.7957,-3.1125,0.0435,-0.6740,0,0,1,0.46099,3
0.5228,5.0176,2.3368,11.6394,2.0348,0.0102,-0.7079,0,1,0,0.25527,1
0.3799,3.9616,2.7103,12.3803,2.3234,0.0791,-1.1492,0,1,0,1.16582,1
0.6425,6.2480,2.0872,11.4828,-0.1562,0.0862,-0.8282,0,0,0,0.00000,1
0.3932,4.3344,2.7514,11.3585,-2.8793,0.0105,-0.2809,0,0,0,0.00000,0
0.5467,5.6348,2.3565,12.1258,-1.6925,0.0130,-1.2923,0,0,0,0.00000,3
0.4276,4.2256,2.5566,12.0386,2.3228,0.0165,-0.9002,0,1,0,0.84464,1
0.5146,4.7374,2.3127,11.2853,-0.3987,0.0876,-0.4309,0,0,0,0.00000,1
0.4074,4.1629,2.6336,12.6786,2.9469,0.0391,-1.4391,0,1,0,1.20847,1
0.4716,4.3964,2.4097,11.3199,-0.3382,0.0131,-0.3309,0,0,0,0.00000,3
0.5467,5.4088,2.3163,12.5299,-1.4448,0.0187,-1.7622,0,1,0,0.95511,1
0.4049,4.2659,2.6740,13.0824,-2.2052,0.0382,-1.7951,0,1,1,2.09859,1
0.4435,4.4017,2.5304,11.3907,-3.0186,0.0519,-0.4085,0,0,0,0.00000,1
0.5225,5.3055,2.3937,11.4035,0.6717,0.0532,-0.5200,0,0,0,0.00000,1
0.4729,5.0202,2.5448,11.3902,-2.7691,0.0463,-0.4371,0,0,0,0.00000,3
0.3667,3.8656,2.7489,12.1466,-2.2170,0.0260,-0.8522,0,1,0,0.91179,1
0.4630,4.3282,2.4290,11.3603,-0.1054,0.0326,-0.3807,0,0,0,0.00000,1
0.5912,5.9368,2.2327,12.6100,-0.8789,0.0041,-2.0028,1,1,0,1.05195,1
0.5173,4.7005,2.2949,11.4756,-0.9882,0.0251,-0.5496,0,0,0,0.00000,3
0.4409,4.4184,2.5464,11.5277,-1.0951,0.0376,-0.5070,0,0,0,0.00000,1
0.4076,4.1329,2.6243,12.5859,2.2494,0.0087,-1.3099,0,0,1,1.01194,1
0.5330,5.1983,2.3315,11.3431,2.0077,0.0171,-0.4279,0,0,0,0.00000,1
0.5390,5.5418,2.3709,11.4428,-0.7726,0.0776,-0.6129,0,0,0,0.00000,1
0.5598,5.4038,2.2649,11.3758,0.0416,0.0424,-0.5259,0,0,0,0.00000,1
0.4109,4.1070,2.6015,11.3658,-2.4775,0.1125,-0.4216,0,0,0,0.00000,1
0.4483,4.6937,2.5802,12.9556,-1.1609,0.0027,-1.8056,0,1,0,1.70800,1
0.4840,4.9581,2.4834,11.4027,-0.7414,0.0151,-0.4251,0,0,0,0.00000,1
0.5478,5.3955,2.3094,11.2964,-0.5225,0.0156,-0.3954,0,0,0,0.00000,3
0.4540,4.5237,2.5139,11.3977,3.0610,0.0145,-0.3831,0,0,0,0.00000,3
0.3922,4.0881,2.6862,11.4010,2.7748,0.1050,-0.4204,0,0,0,0.00000,1
0.4411,4.4031,2.5414,11.3021,1.2853,0.0650,-0.3449,0,0,0,0.00000,1
0.5190,4.7868,2.3059,11.3010,0.7311,0.0342,-0.3883,0,0,0,0.00000,3
0.4874,4.5901,2.3890,12.1692,-1.8819,0.0057,-1.1603,0,2,0,0.68137,1
0.4727,4.3879,2.4031,11.4044,-1.8579,0.0390,-0.4395,0,0,0,0.00000,1
0.4619,4.8708,2.5600,12.1064,1.9544,0.0101,-1.0410,0,0,2,1.12929,3
0.4794,5.1222,2.5384,13.0057,2.8222,0.0474,-2.0753,0,0,1,1.81948,1
0.4377,4.6448,2.6168,11.4374,1.5826,0.0361,-0.4239,0,0,0,0.00000,1
0.4188,4.2874,2.6134,11.4343,2.0884,0.0609,-0.4268,0,0,0,0.00000,3
0.4163,4.1634,2.5917,11.3982,-1.7567,0.0108,-0.3359,0,0,0,0.00000,3
0.5416,5.6151,2.3736,11.3377,-0.2984,0.0189,-0.4360,0,0,0,0.00000,1
0.4047,4.3211,2.6903,11.7247,2.6605,0.0787,-0.6664,0,1,0,0.26542,3
0.4666,4.8806,2.5415,11.4111,2.7856,0.0683,-0.4742,0,0,0,0.00000,1
0.4187,4.5828,2.6914,11.4696,2.4848,0.0415,-0.4335,0,0,0,0.00000,3
0.3831,4.2225,2.7710,12.1841,-2.8421,0.0830,-1.0015,0,1,0,0.72799,2
0.3727,3.9698,2.7502,12.3913,-2.4054,0.0558,-1.1021,1,1,1,1.13765,3
0.4126,4.3278,2.6537,11.4605,2.8050,0.0082,-0.3791,0,0,0,0.00000,3
0.5199,4.8074,2.3063,11.5533,-0.9939,0.0565,-0.6719,0,0,0,0.00000,3
0.4668,4.9368,2.5533,12.0420,2.9154,0.0656,-1.0668,0,1,0,0.41688,1
0.4907,4.7202,2.4039,11.4783,1.5086,0.0250,-0.5161,0,0,0,0.00000,3
0.4327,4.5700,2.6213,12.9554,-2.6188,0.0571,-1.8316,1,1,0,1.65382,1
0.5037,4.7062,2.3489,11.3374,0.7047,0.0771,-0.4581,0,0,0,0.00000,1
0.5012,4.9926,2.4186,11.5572,-2.4434,0.0280,-0.6124,0,0,0,0.00000,1
0.4037,4.1512,2.6481,12.8087,-2.6286,0.0619,-1.5793,0,1,0,1.65340,1
0.3979,4.0819,2.6566,11.3341,-2.6017,0.0312,-0.2899,0,0,0,0.00000,3
0.4245,4.2833,2.5862,12.7670,3.0794,0.0148,-1.5453,1,1,1,1.17111,1
0.4190,4.1866,2.5855,11.9756,-1.6620,0.0211,-0.8320,0,1,0,0.54044,3
0.5342,5.1377,2.3150,11.7786,0.6101,0.0246,-0.8942,0,0,2,0.63042,3
0.4441,4.3647,2.5189,11.3824,0.3645,0.0108,-0.3538,0,0,0,0.00000,1
0.4599,4.8488,2.5643,11.4462,-1.3391,0.0084,-0.4270,0,0,0,0.00000,1
0.4394,4.5018,2.5737,11.8988,-2.9427,0.0043,-0.7886,0,0,1,0.23183,3
0.5406,4.8959,2.2451,11.2836,-0.0537,0.0030,-0.3573,0,0,0,0.00000,1
0.4745,4.8676,2.5044,11.4145,-2.7787,0.0197,-0.4297,0,0,0,0.00000,3
0.5279,5.1506,2.3422,11.4168,0.9022,0.0561,-0.5437,0,0,0,0.00000,3
0.4090,4.2829,2.6586,11.9981,2.6326,0.1002,-0.9332,0,0,1,0.34587,1
0.4828,4.4901,2.3856,11.4025,2.1060,0.0264,-0.4350,0,0,0,0.00000,1
0.4645,4.3539,2.4291,11.7317,-1.1368,0.0090,-0.6910,0,0,1,0.19519,3
0.3403,3.6901,2.8347,11.5018,2.9581,0.1873,-0.5287,0,0,1,0.26660,3
0.4713,4.4685,2.4277,11.4417,-1.7185,0.0030,-0.4292,0,0,0,0.00000,3
0.4202,4.5160,2.6669,11.8749,-2.8292,0.0364,-0.7693,0,0,1,0.41074,3
0.4868,4.8973,2.4582,11.9377,-2.5059,0.0056,-0.9311,0,0,2,0.84779,3
0.5545,5.8198,2.3573,11.6489,-0.7409,0.0366,-0.8111,0,0,0,0.00000,1
0.5505,5.3017,2.2823,11.2938,-1.9410,0.0022,-0.3793,0,0,0,0.00000,1
0.4836,4.9219,2.4770,12.4394,2.6365,0.0253,-1.4555,0,0,1,0.79501,1
0.4345,4.4887,2.5927,11.6490,3.1076,0.0320,-0.5958,0,1,0,0.21605,3
0.4120,4.3739,2.6691,11.8108,2.5678,0.0037,-0.6575,0,1,0,0.21591,1
0.5348,5.1533,2.3158,12.3441,2.2648,0.0093,-1.4928,1,1,0,0.73167,1
0.4674,5.1504,2.5978,11.7852,-2.6375,0.0227,-0.7678,0,0,1,0.34412,2
0.4208,4.4573,2.6487,12.8932,-1.7075,0.0123,-1.6447,0,1,0,1.55029,1
0.5511,5.7457,2.3581,12.5969,-1.9861,0.0130,-1.8511,1,1,2,1.69309,1
0.5177,5.3375,2.4194,12.8183,-1.2787,0.0248,-1.9941,0,1,0,1.40203,1
0.4659,4.4212,2.4392,11.3535,2.1656,0.0039,-0.3443,0,0,0,0.00000,3
0.4626,4.4713,2.4645,11.5635,2.2703,0.0220,-0.5512,0,0,1,0.17227,1
0.3895,4.1449,2.7161,13.2170,2.5530,0.0583,-1.8825,0,1,1,2.04210,1
0.3636,3.9588,2.7943,11.3300,2.8527,0.0476,-0.2733,0,0,0,0.00000,1
0.4586,4.5635,2.5034,11.5106,-2.9957,0.0404,-0.5202,0,0,1,0.23148,1
0.4397,4.3995,2.5468,12.6971,-2.2864,0.0284,-1.5602,0,1,2,2.08118,1
0.4265,4.1694,2.5470,11.3564,-0.9426,0.0294,-0.3343,0,0,0,0.00000,1
0.4468,4.6145,2.5677,11.3459,1.4054,0.0012,-0.3153,0,0,0,0.00000,1
0.5808,5.2878,2.1674,11.4948,-0.0029,0.0146,-0.6514,0,0,0,0.00000,3
0.5982,5.4965,2.1383,12.0610,-0.6765,0.0433,-1.3948,0,0,0,0.00000,1
0.4195,4.2603,2.6030,11.2787,-1.3222,0.0693,-0.3098,0,0,0,0.00000,1
0.4079,4.1402,2.6247,11.6027,2.0041,0.0054,-0.4828,0,1,0,0.27455,1
0.6165,5.7105,2.1053,11.5343,-0.1060,0.0652,-0.8203,0,0,0,0.00000,3
0.4872,4.4123,2.3505,11.2796,0.2501,0.0805,-0.3881,0,0,0,0.00000,1
0.5252,5.2272,2.3676,11.5088,-1.2739,0.0191,-0.5900,0,0,0,0.00000,3
0.4266,4.3474,2.5931,11.2944,1.7109,0.0293,-0.2838,0,0,0,0.00000,3
0.5800,5.4730,2.2010,11.3784,0.0280,0.0941,-0.6176,0,0,0,0.00000,1
0.4585,4.3099,2.4433,11.4104,0.4209,0.0063,-0.3890,0,0,0,0.00000,3
0.4850,4.5683,2.3941,11.9711,2.1425,0.0181,-0.9745,0,1,0,0.66185,1
0.4308,4.6343,2.6465,13.0051,-2.5908,0.0283,-1.8217,0,1,1,1.87582,1
0.4288,4.4373,2.6060,11.3736,2.8760,0.0226,-0.3437,0,0,0,0.00000,3
0.4755,4.9507,2.5183,11.3213,0.0092,0.0005,-0.3234,0,0,0,0.00000,1
0.3431,3.7435,2.8370,12.1631,-2.3424,0.0287,-0.8084,0,0,3,0.62234,1
0.3981,4.1077,2.6627,11.9932,2.5449,0.0028,-0.7759,0,1,0,0.71462,1
0.4291,4.5434,2.6314,13.0986,-2.5860,0.0112,-1.8742,0,0,1,1.87362,1
0.4663,5.1369,2.6001,11.2547,3.1241,0.0577,-0.3200,0,0,0,0.00000,2
0.4103,4.4907,2.7081,11.8146,2.6315,0.0379,-0.7009,0,0,1,0.25669,3
0.4037,4.3092,2.6920,11.3295,-2.7458,0.0891,-0.3581,0,0,0,0.00000,3
0.3955,4.2951,2.7288,11.3978,-1.8771,0.0399,-0.3467,0,0,0,0.00000,1
0.4407,4.5218,2.5726,11.9331,-1.4237,0.0352,-0.8625,0,1,0,0.49366,1
0.4569,4.7867,2.5633,12.4336,-2.1245,0.0523,-1.4023,0,0,0,0.00000,1
0.4289,4.2191,2.5494,11.3248,-0.9994,0.0275,-0.3086,0,0,0,0.00000,1
0.4793,4.5355,2.4100,11.8431,2.0638,0.0236,-0.8445,0,1,0,0.38376,1
0.4656,5.0407,2.5818,11.3152,-2.4838,0.1138,-0.4382,0,0,0,0.00000,1
0.3878,4.2561,2.7569,12.0877,-2.9711,0.0363,-0.8726,0,1,0,0.80140,3
0.4778,5.0151,2.5220,11.8763,-2.0364,0.0007,-0.8465,0,0,1,0.21354,3
0.3585,3.8201,2.7779,11.2863,-2.4239,0.0746,-0.2681,0,0,0,0.00000,3
0.5445,5.5420,2.3488,11.5938,-0.3456,0.0471,-0.7456,0,0,0,0.00000,1
0.4913,5.3381,2.5311,11.7356,2.1737,0.0195,-0.7622,0,1,0,0.50152,3
0.4042,4.3344,2.6963,11.4318,-2.7493,0.0122,-0.3511,0,0,0,0.00000,1
0.4480,4.3433,2.4964,12.5845,0.4988,0.0149,-1.4597,0,0,0,0.00000,1
0.4746,4.7154,2.4700,11.2872,-0.0169,0.0049,-0.2959,0,0,0,0.00000,3
0.4817,4.7171,2.4405,11.7006,-2.3983,0.0096,-0.6953,0,0,1,0.33799,3
0.3554,3.8926,2.8180,11.5711,2.8357,0.0643,-0.4538,0,1,0,0.16797,3
0.4555,4.5509,2.5141,11.3574,1.0665,0.0561,-0.3979,0,0,0,0.00000,1
0.3862,3.9276,2.6690,11.3573,2.9728,0.0554,-0.3235,0,0,0,0.00000,3
0.4734,4.9824,2.5341,11.5658,-2.2362,0.1064,-0.6738,0,0,0,0.00000,1
0.4333,4.2891,2.5476,11.4051,-2.6866,0.0555,-0.4131,0,0,0,0.00000,1
0.4586,4.3647,2.4563,11.2431,2.6484,0.0028,-0.2388,0,0,0,0.00000,3
0.4683,4.9580,2.5516,11.4041,1.2986,0.0204,-0.4138,0,0,0,0.00000,1
0.4070,4.2541,2.6604,11.3887,-2.8971,0.0168,-0.3254,0,0,0,0.00000,3
0.4296,4.2826,2.5624,11.8883,-0.5522,0.0030,-0.7563,0,1,0,0.31734,1
0.5327,5.6206,2.4105,11.3011,-1.1201,0.0200,-0.3897,0,0,0,0.00000,3
0.4518,4.7491,2.5774,11.5219,2.2835,0.0104,-0.4855,0,0,0,0.00000,3
0.5516,5.7739,2.3608,11.5138,3.0683,0.0274,-0.6473,0,0,0,0.00000,1
0.3415,3.7232,2.8387,11.4456,-2.5618,0.0824,-0.3703,0,0,0,0.00000,3
0.4205,4.1793,2.5770,12.8381,-1.6727,0.0002,-1.5699,1,1,0,1.23931,1
0.5017,4.7549,2.3671,12.5980,-0.9296,0.0063,-1.6521,0,1,0,1.43927,1
0.4139,4.3464,2.6521,12.7497,-3.0543,0.0503,-1.5465,0,1,0,1.41839,1
0.3679,4.0461,2.7984,11.7192,-2.8374,0.0929,-0.6158,0,0,1,0.34230,3
0.4349,4.6199,2.6236,11.8398,2.2966,0.0922,-0.8401,0,1,0,0.27527,3
0.3883,3.9695,2.6709,12.7829,1.4828,0.0203,-1.4272,1,2,0,1.56782,1
0.4404,4.3998,2.5439,11.7014,-2.8731,0.0345,-0.6542,0,1,0,0.41284,1
0.4836,4.7641,2.4429,12.1748,2.7678,0.0070,-1.1589,0,1,0,0.71419,1
0.4344,4.3466,2.5574,11.5200,-2.4783,0.0193,-0.4694,0,0,0,0.00000,3
0.3685,3.9436,2.7640,12.7419,2.3443,0.0442,-1.3549,0,0,1,1.24315,1
0.4047,4.0408,2.6123,11.3687,-2.6530,0.0776,-0.3770,0,0,0,0.00000,1
0.4139,4.4227,2.6728,11.7152,3.0414,0.0129,-0.5938,0,0,1,0.36635,3
0.4253,4.6311,2.6720,11.8804,-2.7765,0.0987,-0.8643,0,1,0,0.42734,1
0.3630,3.9221,2.7862,12.3754,-2.9036,0.0523,-1.0550,0,0,1,1.08534,3
0.4156,4.0880,2.5746,11.3144,-1.6222,0.0094,-0.2663,0,0,0,0.00000,3
0.4930,4.7173,2.3942,11.5005,0.0187,0.0436,-0.5630,0,0,0,0.00000,1
0.3545,3.8559,2.8109,13.0535,-2.3811,0.0856,-1.6224,0,0,1,1.79148,1
0.4958,4.9320,2.4280,11.3816,2.9700,0.0001,-0.4015,0,0,0,0.00000,3
0.4068,4.2909,2.6714,11.6833,2.1850,0.0307,-0.5774,0,1,0,0.29300,3
0.6141,5.6477,2.1047,11.5836,-0.1331,0.0898,-0.9075,0,0,0,0.00000,1
0.5928,5.8774,2.2177,11.4610,1.8518,0.0015,-0.6184,0,0,0,0.00000,1
0.5402,5.5800,2.3729,11.8117,-1.1061,0.0447,-0.9710,0,1,0,0.24966,3
0.4395,4.1804,2.4925,11.2982,0.0504,0.0196,-0.2874,0,0,0,0.00000,1
0.5481,5.3279,2.2965,12.0276,0.0142,0.0049,-1.1715,0,1,0,0.61291,1
0.4567,4.4353,2.4815,12.5388,-1.9861,0.0183,-1.4511,0,0,1,0.94558,1
0.4354,4.3171,2.5451,11.9907,-2.7144,0.0020,-0.8571,0,1,0,0.29093,3
0.4926,5.4359,2.5455,11.6520,2.4477,0.0595,-0.7324,0,0,0,0.00000,2
0.4879,5.1645,2.5104,11.3160,2.7732,0.0659,-0.4077,0,0,0,0.00000,1
0.3525,3.7805,2.7971,11.4173,1.9763,0.0669,-0.3453,0,0,0,0.00000,1
0.4741,5.1605,2.5701,11.2884,0.8121,0.0015,-0.2940,0,0,0,0.00000,1
0.4373,4.2664,2.5241,12.6407,-2.3990,0.0282,-1.4963,0,1,0,1.29348,1
0.4578,4.9057,2.5867,13.0694,-1.7545,0.0153,-1.9864,0,1,0,1.32391,1
0.5028,5.4723,2.5082,11.7349,2.7550,0.0762,-0.8551,0,0,0,0.00000,1
0.5199,5.3421,2.4111,11.2144,1.1734,0.0060,-0.2728,0,0,0,0.00000,3
0.5702,5.7329,2.2809,11.3931,-0.3553,0.0739,-0.5977,0,0,0,0.00000,1
0.3864,4.1406,2.7307,12.3262,-2.3293,0.0488,-1.0802,0,1,0,0.90520,3
0.4323,4.7296,2.6629,11.5537,-2.6886,0.0376,-0.5181,0,0,0,0.00000,3
0.3558,3.9078,2.8206,11.3894,-2.3212,0.0933,-0.3591,0,0,0,0.00000,1
0.4707,4.6022,2.4610,11.2644,-2.3616,0.0101,-0.2772,0,0,0,0.00000,3
0.4209,4.5550,2.6733,12.6458,-1.6545,0.0221,-1.4334,0,1,0,0.87299,1
0.4962,5.0951,2.4606,11.6759,1.6783,0.0599,-0.7618,0,0,0,0.00000,3
0.4198,4.4932,2.6628,11.4600,-2.6089,0.0524,-0.4395,0,0,0,0.00000,3
0.3908,4.2430,2.7377,11.7336,-2.7419,0.1918,-0.7883,0,0,0,0.00000,1
0.5742,5.8415,2.2829,12.0203,0.5863,0.0196,-1.2537,0,0,1,0.61203,3
0.3846,4.0248,2.7054,11.5759,-2.0284,0.0582,-0.4913,0,1,0,0.34133,3
0.4849,5.3081,2.5533,11.3890,-2.8874,0.0081,-0.4064,0,0,0,0.00000,3
0.4570,4.5744,2.5133,11.4022,-0.4467,0.0071,-0.3820,0,0,0,0.00000,1
0.3671,3.8846,2.7529,11.2806,2.9873,0.0323,-0.2241,0,0,0,0.00000,3
0.4607,4.8035,2.5503,11.2831,2.4835,0.0192,-0.2956,0,0,0,0.00000,3
0.5339,4.8308,2.2579,11.8519,0.2005,0.0476,-1.0009,0,0,1,0.49959,1
0.4173,4.0778,2.5639,11.5623,2.1545,0.0807,-0.5543,0,0,0,0.00000,1
0.3383,3.7128,2.8534,13.1945,3.1295,0.0224,-1.5510,0,0,1,1.69812,1
0.3635,3.9568,2.7945,11.3453,-2.1272,0.0396,-0.2749,0,0,0,0.00000,1
0.3606,3.9104,2.7954,13.0353,-2.8834,0.0836,-1.6312,0,1,1,1.73877,1
0.4219,4.1170,2.5539,11.4080,-3.1301,0.0542,-0.4006,0,0,0,0.00000,1
0.3784,4.0968,2.7586,12.2094,2.8447,0.1254,-1.0675,1,1,0,0.55012,1
0.4449,4.5900,2.5707,11.3596,2.7843,0.0666,-0.4005,0,0,0,0.00000,1
0.4782,4.4690,2.3995,11.4486,-0.5941,0.0374,-0.4855,0,0,0,0.00000,1
0.4473,4.2644,2.4800,12.2112,1.9875,0.0383,-1.1376,0,0,1,0.93750,1
0.4125,4.1711,2.6119,11.4298,2.5573,0.0842,-0.4426,0,0,0,0.00000,1
0.4311,4.7338,2.6695,11.3208,2.6884,0.0387,-0.3213,0,0,0,0.00000,3
0.4388,4.5679,2.5929,11.2753,-3.0115,0.0382,-0.2895,0,0,0,0.00000,3
0.4251,4.4676,2.6310,11.2638,-1.6580,0.0216,-0.2489,0,0,0,0.00000,1
0.3827,4.1180,2.7427,12.4563,-3.0854,0.0625,-1.1965,0,1,1,0.85308,1
0.4160,4.2334,2.6124,12.2266,-1.8415,0.0149,-1.0323,0,0,1,0.49614,1
0.4764,4.4123,2.3937,11.4481,-0.4015,0.0559,-0.5048,0,0,0,0.00000,1
0.5387,5.5057,2.3655,11.5639,0.7801,0.0400,-0.6950,0,0,0,0.00000,1
0.3877,4.2100,2.7439,13.0893,-3.0401,0.0768,-1.7896,0,1,1,1.82661,1
0.5203,4.8835,2.3199,11.3743,0.5492,0.0734,-0.5105,0,0,0,0.00000,1
0.5021,5.1437,2.4457,12.1758,2.4001,0.0129,-1.2215,0,0,1,0.74691,3
0.4622,5.0971,2.6099,11.9569,2.6197,0.0615,-0.9686,0,0,1,0.27014,2
0.4289,4.5205,2.6269,11.3687,-1.5584,0.0530,-0.3750,0,0,0,0.00000,1
0.4849,5.2816,2.5477,11.7813,2.3721,0.0324,-0.8108,0,1,0,0.28451,3
0.4791,5.0646,2.5270,12.0476,-3.1121,0.0479,-1.0794,0,0,1,0.69883,1
0.3600,3.9067,2.7974,13.0957,-2.8990,0.0525,-1.6255,0,1,1,0.53209,1
0.5132,5.4508,2.4599,11.5850,-1.4186,0.0236,-0.6557,0,0,0,0.00000,3
0.3412,3.6847,2.8275,13.0941,-2.6603,0.1309,-1.6755,0,0,1,1.83249,1
0.4207,4.1173,2.5591,11.4445,1.5023,0.0263,-0.3965,0,0,0,0.00000,3
0.5406,4.9326,2.2520,11.3749,1.6540,0.0041,-0.4528,0,0,0,0.00000,1
0.4961,5.3537,2.5136,11.9734,1.4984,0.0122,-0.9997,0,0,1,0.50400,1
0.4632,4.8389,2.5474,12.6673,1.8290,0.0029,-1.5801,0,0,1,1.03698,1
0.4579,4.8971,2.5841,11.2878,2.2319,0.0219,-0.3004,0,0,0,0.00000,3
0.4693,4.6895,2.4865,12.1554,-2.4553,0.0195,-1.1191,0,1,0,0.77796,1
0.5021,4.9750,2.4113,11.9160,-2.7326,0.0045,-0.9422,0,0,1,0.65917,3
0.4371,4.3413,2.5437,11.2919,-0.7437,0.0104,-0.2698,0,0,0,0.00000,1
0.4177,4.2843,2.6178,11.3616,2.6277,0.0479,-0.3510,0,0,0,0.00000,3
0.5218,5.2344,2.3828,12.5420,-1.9626,0.0268,-1.6998,0,0,1,0.95615,1
0.4262,4.6615,2.6751,12.0304,-2.7308,0.0106,-0.8841,0,1,0,0.49140,1
0.3902,4.0177,2.6758,12.0400,-3.0820,0.0081,-0.8020,0,1,0,0.61230,3
0.4920,5.2393,2.5081,12.9303,0.9688,0.0048,-1.9754,0,0,1,1.67992,1
0.5149,4.9845,2.3616,11.7834,2.7319,0.0122,-0.8438,0,0,1,0.39297,1
0.5016,5.4388,2.5070,11.4537,-2.4131,0.0129,-0.4954,0,0,0,0.00000,3
0.5202,5.5453,2.4484,11.3552,1.9447,0.0665,-0.4847,0,0,0,0.00000,3
0.4466,4.2287,2.4739,11.3406,-3.1346,0.0211,-0.3323,0,0,0,0.00000,1
0.5431,5.6604,2.3755,12.3222,1.2173,0.0059,-1.4940,0,1,0,0.61984,1
0.5545,5.2428,2.2567,11.4688,-1.2736,0.0313,-0.6051,0,0,0,0.00000,1
0.3964,4.1194,2.6747,11.3195,1.9230,0.0215,-0.2663,0,0,0,0.00000,1
0.3780,4.0708,2.7530,11.4533,-2.3002,0.0605,-0.3926,0,0,0,0.00000,3
0.4286,4.5224,2.6288,11.7792,-1.5099,0.0030,-0.6617,0,0,1,0.50218,1
0.4612,4.5565,2.4908,11.8546,1.6887,0.0055,-0.7950,0,1,0,0.22217,3
0.5076,5.5178,2.4964,11.3450,-2.2473,0.0045,-0.3873,0,0,0,0.00000,3
0.5327,5.2347,2.3392,12.0624,1.0459,0.0427,-1.2237,0,1,0,0.48301,1
0.5179,5.2319,2.3979,11.4687,-2.7269,0.0277,-0.5493,0,0,0,0.00000,1
0.4627,4.5836,2.4907,12.0104,2.5219,0.0252,-0.9704,0,0,1,0.61165,1
0.4839,4.9370,2.4791,11.4355,1.2082,0.0251,-0.4675,0,0,0,0.00000,1
0.5308,5.6117,2.4170,11.3937,2.8664,0.0509,-0.5188,0,0,0,0.00000,1
0.5196,5.4536,2.4337,11.6143,-2.8002,0.0352,-0.7104,0,0,0,0.00000,1
0.4939,4.6035,2.3661,12.1913,-0.9247,0.0058,-1.2001,0,0,1,0.61427,1
0.5472,5.5592,2.3409,11.7879,-1.1683,0.0530,-0.9701,0,0,1,0.14940,3
0.3942,4.0099,2.6537,11.6919,-2.3851,0.1145,-0.6659,0,0,1,0.27448,1
0.3819,4.0512,2.7271,12.0449,3.0393,0.0259,-0.8105,0,1,0,0.61959,3
0.4535,4.7141,2.5617,12.4124,-1.1446,0.0004,-1.2935,0,0,1,1.02146,1
0.5435,5.1244,2.2770,11.9157,0.6549,0.0756,-1.1323,0,0,1,0.48821,1
0.4143,4.4733,2.6840,13.2439,2.8527,0.0382,-1.9923,0,1,1,1.93879,1
0.4338,4.2094,2.5248,11.2700,1.8551,0.0234,-0.2632,0,0,0,0.00000,3
0.5940,5.6386,2.1759,11.5427,-0.1412,0.0713,-0.8006,0,0,0,0.00000,1
0.5129,5.0944,2.3915,11.3343,1.5112,0.0037,-0.3800,0,0,0,0.00000,3
0.3999,4.1811,2.6749,12.7035,-2.8385,0.0362,-1.4285,0,1,0,1.49719,1
0.3840,4.2051,2.7613,11.8443,2.6430,0.0916,-0.7407,0,0,1,0.15834,3
0.5791,5.7413,2.2478,11.4048,1.1858,0.0221,-0.5601,0,0,0,0.00000,3
0.4215,4.3793,2.6252,12.4940,-2.6195,0.0837,-1.3894,0,1,1,1.25181,1
0.3430,3.7151,2.8277,11.4139,-2.6338,0.0338,-0.2951,0,0,0,0.00000,1
0.4066,4.1527,2.6344,12.6730,-2.8459,0.0116,-1.3874,0,1,0,1.51349,1
0.4863,4.9825,2.4787,11.3058,-1.2970,0.0021,-0.3223,0,0,0,0.00000,3
0.4562,4.5297,2.5058,11.4298,0.8496,0.0042,-0.4018,0,0,0,0.00000,3
0.5794,5.7689,2.2511,11.3089,-2.0762,0.0003,-0.4278,0,0,0,0.00000,1
0.4688,4.3053,2.3996,11.3224,0.0081,0.0411,-0.3627,0,0,0,0.00000,0
0.4021,4.3906,2.7219,11.3456,-2.4198,0.0404,-0.3138,0,0,0,0.00000,1
0.4520,4.7006,2.5651,11.3934,-1.6384,0.0637,-0.4350,0,0,0,0.00000,3
0.6090,6.0093,2.1767,11.6616,0.9392,0.0646,-0.9631,0,0,0,0.00000,3
0.4626,4.4499,2.4594,11.5698,-0.3729,0.0319,-0.5689,0,0,0,0.00000,1
0.3912,4.1718,2.7153,11.7159,-2.9347,0.0444,-0.5937,0,1,0,0.44198,3
0.3985,4.3005,2.7149,12.6979,-2.7661,0.0181,-1.3905,0,1,1,1.48457,1
0.4250,4.1458,2.5473,11.4393,2.3203,0.0631,-0.4408,0,0,0,0.00000,1
0.4967,5.3976,2.5197,12.4476,-1.4553,0.0182,-1.4997,0,1,1,0.90993,1
0.4679,4.7816,2.5135,11.5634,-0.4200,0.0075,-0.5426,0,1,0,0.18546,1
0.4206,4.1835,2.5775,12.3750,-2.6296,0.0279,-1.1949,0,0,2,0.56470,1
0.4411,4.3081,2.5178,11.4514,1.8706,0.0435,-0.4480,0,0,0,0.00000,3
0.5265,5.1193,2.3417,12.6149,-1.7934,0.0004,-1.7546,0,1,0,1.31069,1
0.4794,5.0141,2.5152,11.3957,-3.0020,0.0438,-0.4470,0,0,0,0.00000,1
0.5088,5.0967,2.4083,12.3175,-0.2697,0.0015,-1.3727,0,0,1,0.70366,1
0.4402,4.5929,2.5926,12.2013,1.4535,0.0356,-1.1063,0,1,0,0.50804,1
0.4914,5.2384,2.5106,11.4713,1.6224,0.0158,-0.5013,0,0,0,0.00000,3
0.3832,3.9645,2.6947,11.4275,2.4229,0.0246,-0.3376,0,0,0,0.00000,3
0.5189,4.9989,2.3486,11.5572,1.8307,0.0421,-0.6571,0,0,0,0.00000,1
0.3974,4.2242,2.6991,13.2322,-2.0634,0.0305,-1.8833,0,1,2,1.45980,1
0.4108,4.1118,2.6034,12.2731,1.3736,0.0043,-1.0424,0,0,2,0.80499,1
0.4685,4.5337,2.4544,11.3302,-0.7591,0.0231,-0.3491,0,0,0,0.00000,1
0.3697,3.8461,2.7269,12.2895,1.9552,0.0164,-0.9572,0,0,1,0.31110,1
0.4502,4.4217,2.5062,11.3432,-1.5338,0.0348,-0.3547,0,0,0,0.00000,3
0.5635,5.5101,2.2693,11.5813,0.7252,0.1315,-0.8698,0,0,0,0.00000,1
0.4973,4.7945,2.3933,11.4601,2.1652,0.0043,-0.4827,0,0,0,0.00000,3
0.3497,3.8318,2.8293,11.8443,-2.7613,0.1536,-0.7510,0,1,0,0.49133,3
0.4869,5.3039,2.5436,11.9554,-2.8515,0.0867,-1.0581,0,0,1,0.61857,1
0.5683,5.6778,2.2788,12.4527,1.0738,0.0200,-1.7497,0,1,0,0.64800,1
0.3894,4.1927,2.7306,11.4140,-2.3685,0.1644,-0.4956,0,0,0,0.00000,3
0.4576,4.9663,2.6014,12.0938,-3.0437,0.0713,-1.1013,0,1,0,0.44596,1
0.5577,5.3920,2.2709,11.9468,-0.2272,0.0575,-1.1772,0,1,0,0.43842,1
0.3520,3.7644,2.7949,12.6156,3.0248,0.0610,-1.2194,0,1,0,1.52519,1
0.4312,4.3272,2.5667,11.5185,2.0196,0.0348,-0.4822,0,0,0,0.00000,3
0.4567,4.8219,2.5723,11.3767,2.5551,0.0809,-0.4458,0,0,0,0.00000,1
0.3422,3.7083,2.8300,13.2431,-2.6534,0.0123,-1.5893,1,0,1,0.93011,1
0.5194,4.7311,2.2930,11.2514,0.8310,0.0101,-0.3113,0,0,0,0.00000,3
0.4702,5.1101,2.5763,11.4806,-1.4921,0.0187,-0.4846,0,0,0,0.00000,1
0.3678,3.8487,2.7379,11.5101,3.0070,0.0908,-0.4574,0,0,0,0.00000,3
0.5599,5.3695,2.2586,11.5898,0.1823,0.0216,-0.7338,0,0,0,0.00000,3
0.5598,5.5112,2.2834,11.4911,0.9633,0.0522,-0.6642,0,1,0,0.17405,3
0.3665,4.0459,2.8061,11.9524,-2.6723,0.0636,-0.7530,0,0,1,0.52776,2
0.4457,4.3814,2.5158,12.8199,-0.8931,0.0228,-1.6936,0,0,2,1.55354,1
0.4493,4.6336,2.5611,12.2425,-2.6733,0.0429,-1.1808,0,0,1,0.85515,1
0.4097,4.5218,2.7195,12.7943,2.4065,0.0123,-1.5101,0,1,1,1.37751,0
0.4019,4.0506,2.6286,11.4081,-1.3579,0.0200,-0.3384,0,0,0,0.00000,1
0.4212,4.3062,2.6074,11.3068,1.7431,0.0583,-0.3217,0,0,0,0.00000,3
0.4246,4.4060,2.6177,11.8310,-2.1439,0.0725,-0.7862,0,1,0,0.49400,3
0.3829,4.1312,2.7455,11.4086,-2.8799,0.0577,-0.3615,0,0,0,0.00000,3
0.4572,4.5882,2.5156,11.7479,-2.4993,0.0180,-0.7056,0,0,1,0.32753,3
0.5474,5.6531,2.3569,11.2847,2.8928,0.0137,-0.3814,0,0,0,0.00000,1
0.4828,4.8067,2.4554,11.3838,-1.7292,0.0551,-0.4527,0,0,0,0.00000,3
0.5434,5.6028,2.3639,11.9559,-0.4961,0.0276,-1.1142,0,1,0,0.45360,1
0.5497,5.2177,2.2704,11.5336,1.0950,0.0048,-0.6346,0,0,0,0.00000,1
0.3894,4.2829,2.7563,11.9523,2.5512,0.0224,-0.7500,0,1,0,0.56450,1
0.5546,5.1987,2.2486,11.5656,-0.9324,0.0209,-0.6967,0,0,0,0.00000,3
0.4626,4.9051,2.5651,11.9723,-0.9881,0.0058,-0.9102,0,1,0,0.35706,1
0.4772,4.6715,2.4492,12.2149,-0.5622,0.0242,-1.2055,0,0,1,0.77975,1
0.4286,4.1741,2.5385,11.3849,-0.9388,0.0139,-0.3421,0,0,0,0.00000,1
0.3975,3.9814,2.6298,11.3091,-1.5725,0.0452,-0.2860,0,0,0,0.00000,1
0.4170,4.1034,2.5725,11.7784,1.5052,0.0458,-0.6921,0,0,1,0.31208,3
0.4051,4.0657,2.6175,12.1562,3.1400,0.0006,-0.9230,0,1,0,0.31844,1
0.4266,4.5470,2.6444,11.6385,1.6334,0.0634,-0.6125,0,0,0,0.00000,1
0.5791,5.2710,2.1705,11.7211,0.1030,0.0633,-0.9702,0,0,0,0.00000,1
0.4035,4.1472,2.6478,11.7210,-1.5889,0.0112,-0.5779,0,1,0,0.47874,1
0.4063,4.2255,2.6561,12.5312,-1.9282,0.0304,-1.2910,0,1,1,1.21886,1
0.3877,4.0839,2.7075,12.2862,3.0248,0.0931,-1.1133,0,1,0,0.89869,1
0.5226,5.1273,2.3589,11.4864,1.1389,0.0334,-0.5803,0,0,0,0.00000,3
0.4571,4.2721,2.4401,11.4634,1.1144,0.0104,-0.4390,0,0,0,0.00000,3
0.4488,4.8147,2.6065,11.4322,-2.6419,0.0024,-0.3939,0,0,0,0.00000,1
0.4562,4.3679,2.4670,11.8315,-0.9126,0.0059,-0.7633,0,0,1,0.32855,3
0.4282,4.6711,2.6678,12.5904,2.1091,0.0084,-1.3883,1,1,1,1.33440,1
0.5242,5.0897,2.3453,12.3512,-1.6091,0.0053,-1.4613,0,0,1,1.05458,1
0.5181,5.3041,2.4110,11.4436,-2.2087,0.0432,-0.5431,0,0,0,0.00000,1
0.4899,5.0886,2.4856,11.4031,1.4630,0.0199,-0.4389,0,0,0,0.00000,3
0.5020,4.6148,2.3364,11.3273,1.1364,0.0377,-0.3995,0,0,0,0.00000,3
0.4390,4.5404,2.5849,12.2795,-1.9860,0.0574,-1.2063,0,1,0,0.87717,1
0.3474,3.7641,2.8197,12.2249,-3.0939,0.0151,-0.8460,0,1,1,0.52123,1
0.5161,5.2702,2.4128,13.0394,3.1265,0.0101,-2.2137,0,1,0,1.68876,1
0.3855,4.0080,2.6962,12.8771,-2.7239,0.0101,-1.4796,0,0,1,1.56744,1
0.4505,4.3683,2.4917,12.2269,1.1117,0.0207,-1.1363,0,0,1,0.53976,1
0.3578,3.8247,2.7831,12.3305,-2.3502,0.0174,-0.9560,0,1,1,1.13900,1
0.4836,5.1402,2.5238,11.3854,-1.5687,0.0127,-0.4063,0,0,0,0.00000,1
0.4113,4.0575,2.5862,11.3726,2.9372,0.0394,-0.3429,0,0,0,0.00000,1
0.5961,5.8778,2.2054,11.4997,1.5196,0.0210,-0.6920,0,0,0,0.00000,1
0.4898,4.7035,2.4040,12.0814,0.1560,0.0076,-1.0821,0,0,1,0.57572,1
0.3606,3.8478,2.7753,12.5128,-2.7577,0.0446,-1.1441,0,1,1,1.30096,1
0.4076,4.2177,2.6478,13.0296,2.4912,0.0365,-1.7553,1,1,1,1.76839,1
0.4689,4.8362,2.5215,11.2792,-2.4622,0.0375,-0.3210,0,0,0,0.00000,3
0.4852,5.1009,2.5087,11.2929,-2.7293,0.0056,-0.3136,0,0,0,0.00000,3
0.3673,3.8573,2.7429,12.8906,2.5384,0.0575,-1.4956,0,0,1,1.66254,1
0.5387,5.6983,2.3999,12.0470,2.1159,0.0410,-1.2226,0,0,2,0.74058,1
0.3783,4.0966,2.7592,11.6373,-2.9089,0.0974,-0.5758,0,1,0,0.34383,3
0.5328,5.6561,2.4166,11.8039,-0.8689,0.0339,-0.9337,0,0,1,0.43217,1
0.4814,5.0004,2.5034,11.8182,-2.3386,0.0025,-0.8000,0,1,0,0.35068,3
0.4330,4.4753,2.5962,11.4279,2.7374,0.0940,-0.4775,0,0,0,0.00000,1
0.5191,4.9274,2.3336,11.5136,-0.0557,0.0414,-0.6117,0,0,0,0.00000,1
0.5859,5.5273,2.1880,11.7327,-0.2050,0.0888,-1.0324,0,0,0,0.00000,1
0.4470,4.6111,2.5660,11.3967,1.5903,0.0277,-0.3899,0,0,0,0.00000,1
0.3423,3.7367,2.8392,13.2239,-3.1213,0.0409,-1.6262,1,2,1,1.81869,1
0.4114,4.2514,2.6385,11.3460,1.7501,0.0430,-0.3263,0,0,0,0.00000,1
0.3748,4.0497,2.7633,12.0647,-1.9860,0.0408,-0.8289,0,0,1,0.82804,1
0.4579,4.5316,2.4992,11.3780,1.5745,0.0182,-0.3745,0,0,0,0.00000,3
0.5430,4.9610,2.2484,12.1535,0.5827,0.0062,-1.2969,0,1,0,0.83395,1
0.5297,5.3535,2.3737,11.3318,0.2483,0.0024,-0.3959,0,0,0,0.00000,3
0.5711,5.5074,2.2397,11.6104,-0.8515,0.0048,-0.7551,0,0,0,0.00000,3
0.4911,4.4827,2.3506,12.2631,-1.7716,0.0314,-1.3030,1,1,0,0.90234,1
0.3978,4.1420,2.6742,11.8633,-2.5554,0.0109,-0.6811,0,0,1,0.35986,3
0.5638,5.7181,2.3032,12.1477,-1.4658,0.0230,-1.3788,0,0,1,0.74513,1
0.4831,4.6846,2.4274,11.4304,-2.4193,0.0200,-0.4548,0,0,0,0.00000,1
0.4961,4.6692,2.3714,11.3019,0.7447,0.0027,-0.3282,0,0,0,0.00000,3
0.4137,4.3997,2.6675,12.9898,-2.3735,0.0379,-1.7479,0,1,1,1.51095,1
0.4696,4.8069,2.5119,12.1406,-1.3656,0.0165,-1.1020,0,1,0,0.75700,3
0.5178,5.1370,2.3799,11.7029,1.8549,0.0245,-0.7835,1,1,1,0.84099,3
0.3916,4.1876,2.7178,11.4639,-2.3197,0.0072,-0.3551,0,0,0,0.00000,1
0.3906,4.2894,2.7519,11.6038,3.0667,0.2111,-0.7043,0,0,0,0.00000,1
0.4876,4.7424,2.4217,12.1445,-1.5997,0.0208,-1.1587,0,1,0,0.89041,1
0.4741,4.4862,2.4202,11.4206,-2.4100,0.0250,-0.4396,0,0,0,0.00000,1
0.4950,5.1926,2.4856,11.3001,1.4557,0.0112,-0.3371,0,0,0,0.00000,3
0.4444,4.3250,2.5074,11.7362,-2.5602,0.0208,-0.6745,0,1,0,0.25754,1
0.3960,4.0737,2.6632,11.6327,2.3800,0.0871,-0.5876,0,0,1,0.27683,3
0.3706,4.0858,2.7965,12.6493,-2.8749,0.0433,-1.2855,0,1,0,0.23352,0
0.4682,4.7662,2.5089,11.3808,2.1288,0.0172,-0.3883,0,0,0,0.00000,3
0.3850,3.9307,2.6759,11.4040,-2.3978,0.0854,-0.3920,0,0,0,0.00000,3
0.3684,4.0302,2.7908,11.3408,3.0121,0.1552,-0.4069,0,0,0,0.00000,3
0.4632,4.9929,2.5821,12.2790,-2.9452,0.0201,-1.2249,1,1,0,0.62953,3
0.4880,5.2028,2.5176,11.5298,2.4241,0.0159,-0.5525,0,0,0,0.00000,3
0.4148,4.5385,2.6989,12.0975,-2.3771,0.0469,-0.9622,0,0,1,0.61197,3
0.4539,4.5743,2.5267,12.3915,2.4780,0.0082,-1.2853,0,1,0,1.12833,1
0.5393,5.0214,2.2736,12.5530,-0.7666,0.0698,-1.8442,0,1,1,0.94759,1
0.4777,4.7204,2.4580,11.4314,-2.8120,0.0107,-0.4380,0,0,0,0.00000,3
0.4301,4.3165,2.5690,12.6999,1.8551,0.0130,-1.5014,0,1,0,0.18457,1
0.4240,4.4954,2.6435,11.3447,-2.8553,0.0287,-0.3220,0,0,0,0.00000,3
0.5285,4.9425,2.3000,11.6593,-0.7215,0.0631,-0.8054,0,0,0,0.00000,3
0.5184,5.4339,2.4349,11.5822,-0.9786,0.0487,-0.6920,0,0,0,0.00000,1
0.3412,3.7266,2.8416,12.8638,2.4322,0.0469,-1.3493,1,0,0,0.37179,1
0.4834,5.0500,2.5056,11.5297,-1.2672,0.0067,-0.5340,0,0,0,0.00000,1
0.4245,4.2607,2.5801,11.4552,2.4886,0.0627,-0.4531,0,0,0,0.00000,1
0.4348,4.5361,2.6033,12.2050,-1.1757,0.0128,-1.0630,0,1,0,0.85981,1
0.4367,4.4657,2.5771,11.2653,1.1902,0.0101,-0.2472,0,0,0,0.00000,1
0.3959,4.0149,2.6471,11.3933,-2.2443,0.0574,-0.3635,0,0,0,0.00000,3
0.4421,4.7004,2.6098,11.4672,2.0893,0.0895,-0.5181,0,0,0,0.00000,3
0.5454,5.1240,2.2695,11.5469,0.0877,0.0665,-0.7189,0,0,0,0.00000,1
0.4362,4.2398,2.5219,11.3232,-2.4728,0.0607,-0.3528,0,0,0,0.00000,1
0.4546,4.2544,2.4463,11.3835,2.5471,0.0036,-0.3576,0,0,0,0.00000,3
0.4801,4.4758,2.3931,11.3830,0.7798,0.0606,-0.4544,0,0,0,0.00000,1
0.4947,4.9570,2.4378,11.7990,-1.4667,0.0689,-0.8933,0,0,1,0.53521,3
0.4714,5.0327,2.5544,11.3068,2.8969,0.0350,-0.3459,0,0,0,0.00000,3
0.3562,3.7673,2.7730,11.8221,-2.3206,0.1382,-0.7283,0,1,0,0.38140,3
0.5284,5.3442,2.3771,11.3805,-2.7492,0.0177,-0.4619,0,0,0,0.00000,1
0.4446,4.4594,2.5399,11.4617,-2.5417,0.0449,-0.4633,0,0,0,0.00000,1
0.5306,5.2360,2.3477,11.6182,-0.0646,0.0471,-0.7468,0,0,0,0.00000,1
0.4567,4.6629,2.5351,11.2500,-1.4811,0.0255,-0.2698,0,0,0,0.00000,3
0.3990,4.0313,2.6367,12.9603,1.3057,0.0012,-1.5924,1,1,1,1.65213,1
0.4750,5.1614,2.5659,11.5322,-0.7142,0.0020,-0.5191,0,0,0,0.00000,1
0.3567,3.7958,2.7798,13.0038,2.7584,0.0254,-1.4889,0,1,1,1.71436,1
0.4724,4.6863,2.4729,11.4701,-1.9015,0.0044,-0.4592,0,0,0,0.00000,3
0.5259,5.1734,2.3545,11.4935,2.1179,0.0393,-0.5997,0,0,0,0.00000,1
0.4825,4.9811,2.4947,11.8844,2.3445,0.0026,-0.8662,0,0,1,0.43008,3
0.4401,4.3668,2.5367,11.4353,-2.5180,0.0085,-0.3917,0,0,0,0.00000,3
0.3423,3.7497,2.8435,13.2980,-2.9275,0.0232,-1.6530,0,1,0,1.82908,1
0.3839,4.1407,2.7434,11.3958,2.5208,0.0680,-0.3647,0,0,0,0.00000,3
0.5938,5.7379,2.1922,11.4271,-1.2352,0.0017,-0.5805,0,0,0,0.00000,1
0.5221,5.4845,2.4290,11.6292,-2.6694,0.0042,-0.6917,0,0,1,0.23651,3
0.4813,4.4094,2.3731,11.3231,-0.7905,0.0610,-0.4001,0,0,0,0.00000,3
0.3612,3.9794,2.8138,13.2213,2.8345,0.0301,-1.6959,0,1,1,2.05934,0
0.5147,4.9681,2.3588,11.4288,0.3603,0.0393,-0.5177,0,0,0,0.00000,1
0.3932,3.9775,2.6495,12.1121,2.7089,0.0407,-0.9112,0,0,1,0.64563,3
0.5346,5.5449,2.3890,12.7999,-2.3241,0.0330,-2.0581,0,1,3,1.47683,1
0.5379,5.4789,2.3637,11.3544,-1.2637,0.0511,-0.4867,0,0,0,0.00000,3
0.4302,4.5732,2.6339,11.3451,-2.6177,0.0222,-0.3215,0,0,0,0.00000,3
0.3807,4.1432,2.7606,11.6046,-3.1049,0.1665,-0.6366,0,0,0,0.00000,1
0.4420,4.7757,2.6288,11.4439,2.6463,0.0228,-0.4193,0,0,0,0.00000,3
0.3686,3.9185,2.7555,13.2223,-2.7746,0.0103,-1.6964,1,1,1,2.18528,1
0.5522,5.0538,2.2313,11.6857,-0.5698,0.0852,-0.9062,0,0,2,0.27687,1
0.4002,4.2659,2.6969,12.1883,-2.8748,0.1102,-1.0884,0,1,0,0.24871,1
0.4371,4.5503,2.5962,11.4748,-1.4585,0.0248,-0.4414,0,0,0,0.00000,1
0.4053,4.0244,2.6049,12.1289,2.1214,0.0446,-0.9611,0,0,2,0.67108,1
0.4596,4.4730,2.4777,12.2970,-0.8083,0.0313,-1.2451,0,0,1,0.90575,1
0.4292,4.1442,2.5284,11.6678,-2.0164,0.0092,-0.5738,0,0,1,0.16083,3
0.4326,4.2783,2.5479,11.7024,2.2607,0.0634,-0.6773,0,1,0,0.24713,1
0.3902,3.9831,2.6656,11.8613,2.6452,0.0130,-0.6667,0,0,2,0.93177,3
0.3965,4.1798,2.6914,12.9041,2.8333,0.0553,-1.6247,2,1,2,1.71617,1
0.5887,5.3485,2.1489,11.5281,0.2704,0.0735,-0.7763,0,0,0,0.00000,3
0.4446,4.2966,2.4994,11.4789,2.9947,0.0376,-0.4693,0,0,0,0.00000,1
0.3745,4.0353,2.7604,11.8495,3.0397,0.0988,-0.7350,0,1,0,0.33389,3
0.4512,4.9483,2.6267,11.5710,3.0554,0.0940,-0.6292,0,0,0,0.00000,1
0.3999,4.1878,2.6766,11.7989,-2.6434,0.1246,-0.7764,0,1,0,0.39039,1
0.4488,4.4717,2.5242,12.1923,-2.3380,0.0173,-1.0950,1,1,1,1.05984,1
0.4466,4.9305,2.6440,11.5348,-2.1806,0.0557,-0.5440,0,0,0,0.00000,2
0.5130,5.4556,2.4614,11.9734,2.3186,0.0138,-1.0420,0,0,1,0.53765,3
0.3938,4.0756,2.6747,11.3963,-1.5737,0.0102,-0.3094,0,0,0,0.00000,1
0.5355,4.8743,2.2602,11.5260,0.0172,0.0438,-0.6516,0,0,0,0.00000,3
0.5018,5.3580,2.4898,13.0779,1.5973,0.0186,-2.2085,0,1,1,1.81086,1
0.4500,4.6209,2.5549,13.0417,-2.3087,0.0374,-1.9612,0,1,1,1.41212,1
0.4552,4.9905,2.6177,11.7703,1.6984,0.0203,-0.7270,0,1,0,0.38995,1
0.5021,5.3388,2.4850,11.3734,1.2842,0.0058,-0.4093,0,0,0,0.00000,1
0.4975,5.4133,2.5194,11.2780,1.8293,0.0251,-0.3353,0,0,0,0.00000,3
0.4353,4.5705,2.6097,13.1309,1.4527,0.0105,-1.9329,0,1,1,1.84472,1
0.5351,5.2448,2.3317,11.5256,-0.5322,0.0642,-0.6777,0,0,0,0.00000,1
0.3875,4.0890,2.7101,12.4346,2.6287,0.0721,-1.2078,0,0,1,0.87122,1
0.4564,4.4823,2.4938,11.4812,-2.4426,0.0470,-0.4985,0,0,0,0.00000,1
0.5144,5.1443,2.3951,11.4450,-1.8269,0.0399,-0.5350,0,0,0,0.00000,3
0.3782,3.9368,2.7118,13.0237,-1.7279,0.0080,-1.5690,0,1,4,1.72514,1
0.4854,4.9702,2.4798,11.4510,2.0308,0.0388,-0.5005,0,0,0,0.00000,3
0.3793,4.1496,2.7696,11.8012,3.0540,0.0675,-0.6677,0,1,0,0.24515,3
0.4965,4.5366,2.3410,11.6388,0.4600,0.0791,-0.7480,0,0,1,0.31097,1
0.3744,4.0209,2.7569,13.2278,2.7171,0.0355,-1.7756,0,1,1,1.90577,1
0.4210,4.1272,2.5606,11.4599,1.7040,0.0197,-0.4018,0,0,0,0.00000,3
0.4036,4.0440,2.6185,11.3172,-2.7474,0.0002,-0.2469,0,0,0,0.00000,1
0.3656,3.9282,2.7744,12.8335,2.7951,0.0207,-1.3808,0,1,1,1.29364,1
0.3699,4.0366,2.7850,13.0718,-2.2682,0.0422,-1.6323,0,1,0,1.59417,1
0.4640,5.0937,2.6008,11.3218,-3.0193,0.0143,-0.3283,0,0,0,0.00000,3
0.3644,3.9283,2.7808,12.9998,2.8546,0.0664,-1.5888,0,1,1,1.80323,1
0.3776,4.0007,2.7341,11.6637,-2.1350,0.0721,-0.5644,0,1,0,0.32531,3
0.3898,4.0386,2.6836,11.4207,-2.6357,0.1630,-0.5003,0,0,0,0.00000,1
0.4684,4.8395,2.5244,12.1976,2.3638,0.0157,-1.1533,0,1,0,0.86780,3
0.5110,5.0030,2.3809,12.1162,1.3237,0.0340,-1.2117,0,0,1,0.58991,1
0.4908,5.0788,2.4800,11.3581,-1.7042,0.0054,-0.3802,0,0,0,0.00000,3
0.3646,3.9465,2.7852,11.6586,-2.8568,0.0804,-0.5501,0,0,1,0.24953,3
0.4037,4.0148,2.6097,11.2378,3.0662,0.0190,-0.2070,0,0,0,0.00000,3
0.5596,5.2690,2.2421,11.6151,-0.4374,0.0264,-0.7665,0,0,0,0.00000,3
0.4679,4.7003,2.4951,11.8347,-2.9287,0.0180,-0.8071,0,1,0,0.51092,1
0.3609,3.9170,2.7957,11.3366,2.1849,0.0411,-0.2681,0,0,0,0.00000,1
0.3795,4.0172,2.7292,12.1412,-1.9488,0.0380,-0.8968,0,0,1,0.63405,1
0.4691,4.4458,2.4314,12.0251,-0.2746,0.0212,-0.9934,0,1,0,0.69800,1
0.3394,3.6931,2.8407,13.0413,-2.3338,0.0338,-1.4568,1,1,0,1.82743,1
0.4413,4.1993,2.4892,11.3971,1.9709,0.0220,-0.3759,0,0,0,0.00000,3
0.4188,4.1607,2.5797,11.4542,-2.3204,0.0036,-0.3755,0,0,0,0.00000,3
0.5419,5.0846,2.2756,11.3749,-0.6195,0.0939,-0.5631,0,0,0,0.00000,1
0.4350,4.5804,2.6132,12.2525,3.0542,0.0235,-1.1220,0,0,1,0.35307,3
0.4650,4.8737,2.5472,11.5369,-1.4174,0.0367,-0.5495,0,0,0,0.00000,1
0.3957,4.2194,2.7065,12.7035,-2.3796,0.0663,-1.4600,1,1,1,1.28466,1
0.3648,3.8801,2.7634,11.6832,-1.8732,0.0480,-0.5294,0,0,1,0.32778,1
0.5114,4.9408,2.3665,12.7712,0.5541,0.0088,-1.8845,0,1,0,1.28641,1
0.4012,4.0525,2.6322,11.9181,2.2584,0.0216,-0.7457,0,0,1,0.50781,3
0.4105,4.3780,2.6774,12.7894,-3.0352,0.0199,-1.5200,1,1,1,1.38509,1
0.3607,3.8631,2.7800,12.9706,2.9835,0.0733,-1.5600,1,1,1,1.48019,1
0.4814,5.1733,2.5404,11.3761,1.6705,0.0395,-0.4265,0,0,0,0.00000,3
0.3837,4.1309,2.7416,11.5762,-2.5903,0.1021,-0.5423,0,0,0,0.00000,3
0.4011,4.3267,2.7092,12.2021,-2.3849,0.0331,-0.9971,0,1,0,0.81238,3
0.3852,4.2044,2.7549,11.7276,2.6297,0.1538,-0.7267,0,1,0,0.27775,3
0.4126,4.3864,2.6691,13.2089,2.6529,0.0416,-1.9571,0,1,1,2.13294,1
0.3588,3.7924,2.7670,12.4364,-2.5748,0.0212,-1.0450,0,1,0,1.20580,1
0.4676,4.5761,2.4679,11.6987,1.6914,0.0200,-0.6813,0,0,1,0.41739,3
0.4506,4.8726,2.6119,11.5318,2.1196,0.0129,-0.4959,0,0,0,0.00000,1
0.3494,3.8143,2.8251,11.5442,2.6294,0.2708,-0.6687,0,0,0,0.00000,1
0.4120,4.2483,2.6353,11.6766,-3.1357,0.0923,-0.6559,0,1,0,0.34530,1
0.4324,4.4023,2.5805,12.7978,2.1884,0.0126,-1.6021,0,0,2,2.02448,1
0.4497,4.3802,2.4983,11.6094,1.9535,0.0548,-0.6128,0,0,1,0.16606,3
0.5722,5.5765,2.2470,12.0106,1.0124,0.0272,-1.2454,0,0,1,0.61581,1
0.3905,3.9943,2.6675,11.6485,-3.0916,0.0481,-0.5440,0,1,0,0.44319,3
0.4039,4.3721,2.7078,11.4818,-2.9472,0.1123,-0.5071,0,0,0,0.00000,3
0.3477,3.8043,2.8313,12.4622,2.3515,0.0665,-1.0948,0,0,1,1.05758,3
0.5074,5.0041,2.3954,11.5916,-0.8009,0.0988,-0.7445,0,0,0,0.00000,1
0.5212,5.1616,2.3710,11.6000,2.5551,0.0043,-0.6584,0,0,0,0.00000,1
0.4559,4.2758,2.4461,12.2762,0.1188,0.0088,-1.1799,0,0,1,0.65460,1
0.5107,5.4112,2.4626,11.6026,-1.1979,0.0429,-0.6931,0,0,0,0.00000,1
0.3910,4.0554,2.6828,12.6896,-1.8561,0.0026,-1.3301,0,1,1,1.58043,1
0.5780,5.4104,2.1977,11.4657,-0.5946,0.0416,-0.6491,0,0,0,0.00000,3
0.4131,4.3397,2.6546,11.2235,-2.4969,0.0008,-0.1833,0,0,0,0.00000,1
0.5185,5.0788,2.3658,11.4187,-0.1271,0.0323,-0.5045,0,0,0,0.00000,1
0.3438,3.7602,2.8384,12.2730,2.8930,0.1985,-1.1224,0,0,1,0.73221,1
0.4538,4.5987,2.5331,12.8556,-1.0982,0.0250,-1.7667,0,1,1,1.36024,1
0.4989,5.4173,2.5144,11.7488,-3.0850,0.0607,-0.8418,0,0,1,0.19869,1
0.3943,4.1336,2.6889,11.9529,2.0889,0.0940,-0.8535,0,1,0,0.45738,3
0.3340,3.6753,2.8653,12.0044,-2.7324,0.0820,-0.7435,0,1,0,0.55062,3
0.3870,3.9317,2.6661,11.4432,-2.9134,0.0358,-0.3667,0,0,0,0.00000,3
0.4684,4.9009,2.5383,11.3106,-2.4233,0.0398,-0.3516,0,0,0,0.00000,3
0.5894,5.6347,2.1923,12.6142,-0.5604,0.0340,-2.0476,0,0,1,1.01722,1
0.5697,5.8239,2.2977,11.4926,0.1860,0.0013,-0.6196,0,0,0,0.00000,3
0.5163,5.0761,2.3741,11.4242,1.0838,0.0257,-0.4992,0,0,0,0.00000,3
0.4073,4.2612,2.6610,11.3771,-1.5254,0.0012,-0.2988,0,0,0,0.00000,1
0.5062,5.0101,2.4016,11.4087,1.4816,0.0272,-0.4725,0,0,0,0.00000,3
0.4907,4.4360,2.3417,11.5732,-0.4705,0.0371,-0.6209,0,0,0,0.00000,3
0.4528,4.8453,2.5951,11.4716,3.0884,0.0704,-0.5137,0,0,0,0.00000,1
0.4535,4.5396,2.5203,11.3554,2.3470,0.0520,-0.3892,0,0,0,0.00000,1
0.4877,5.0914,2.4958,11.9689,2.3323,0.0125,-0.9744,0,0,0,0.00000,3
0.5537,5.3190,2.2732,12.0040,0.4901,0.0298,-1.1938,0,0,1,0.54054,1
0.4296,4.4906,2.6158,11.3524,-2.8763,0.0425,-0.3500,0,0,0,0.00000,3
0.4210,4.1118,2.5564,12.6503,-2.8796,0.0240,-1.4388,0,1,1,1.22795,1
0.3956,4.0867,2.6690,11.9489,-1.5010,0.0331,-0.7740,0,0,1,0.22078,1
0.4133,4.5071,2.6978,11.3742,2.3785,0.0379,-0.3453,0,0,0,0.00000,3
0.4865,4.7109,2.4194,11.5489,-0.5962,0.0583,-0.6183,0,0,0,0.00000,1
0.4541,4.8027,2.5797,12.4843,-2.5437,0.0278,-1.4061,0,1,0,0.92170,1
0.4738,5.0645,2.5507,11.9973,1.7387,0.0244,-0.9856,0,0,1,0.38737,3
0.4865,4.7054,2.4180,11.3487,-0.3560,0.0113,-0.3721,0,0,0,0.00000,3
0.4821,4.9387,2.4870,11.9257,-2.3686,0.0020,-0.9045,0,1,0,0.40175,3
0.4048,4.1418,2.6399,11.3020,-1.3265,0.0343,-0.2751,0,0,0,0.00000,1
0.4555,4.6997,2.5491,12.5775,-2.1995,0.0183,-1.4870,0,0,2,0.72057,1
0.3523,3.7634,2.7928,13.2399,2.3392,0.0292,-1.6668,0,1,0,1.93757,1
0.4071,4.0470,2.6026,11.5325,-1.4710,0.0346,-0.4602,0,0,0,0.00000,1
0.5886,5.4472,2.1649,11.4614,0.6812,0.0851,-0.7139,0,0,0,0.00000,3
0.6087,5.9615,2.1707,12.1130,0.0670,0.0620,-1.5194,0,0,1,0.54304,1
0.4794,4.4839,2.3979,12.2318,-0.6929,0.0539,-1.2711,0,0,1,0.71976,1
0.4696,4.9897,2.5528,13.1815,-2.8481,0.0054,-2.1411,1,1,0,1.76507,1
0.5306,4.8324,2.2704,11.3653,-0.1025,0.0175,-0.4465,0,0,0,0.00000,3
0.3889,4.2935,2.7615,11.6882,2.6643,0.0241,-0.5440,0,0,1,0.26051,0
0.3921,4.2638,2.7371,11.4453,-2.5840,0.0207,-0.3573,0,0,0,0.00000,1
0.3644,3.8079,2.7426,12.3822,3.0511,0.0586,-1.0740,0,0,2,1.05609,1
0.3566,3.8170,2.7870,12.3819,2.9604,0.0344,-1.0154,0,0,2,0.99193,3
0.4555,4.8736,2.5895,11.4677,2.4072,0.0457,-0.4847,0,0,0,0.00000,3
0.4476,4.2804,2.4826,11.4683,-1.6439,0.0332,-0.4585,0,0,0,0.00000,3
0.5221,5.0202,2.3399,11.5696,-0.8020,0.0462,-0.6802,0,0,0,0.00000,3
0.4017,4.3544,2.7140,13.1756,-2.5585,0.0442,-1.8768,0,1,2,1.97866,1
0.4741,4.9522,2.5245,11.8739,-1.7768,0.0423,-0.8899,0,1,0,0.25612,3
0.4765,4.6834,2.4548,11.5315,-0.8813,0.0162,-0.5357,0,0,1,0.13619,3
0.5292,5.1704,2.3411,11.6760,-0.3764,0.0177,-0.7674,0,0,0,0.00000,3
0.5835,5.3715,2.1712,11.5060,-0.8375,0.1151,-0.7952,0,0,0,0.00000,3
0.4556,4.5813,2.5209,11.6908,-0.8895,0.0057,-0.6355,0,1,0,0.37779,1
0.3525,3.7745,2.7951,11.6862,2.8238,0.0244,-0.4836,0,1,0,0.30517,1
0.3806,3.9845,2.7138,12.3365,-2.7473,0.0471,-1.0693,0,1,0,0.54948,1
0.4436,4.5868,2.5757,11.8542,1.9791,0.0129,-0.7689,0,1,0,0.52551,3
0.3572,3.7987,2.7777,12.1709,-2.2465,0.0862,-0.9276,0,0,0,0.00000,3
0.3844,3.9836,2.6943,12.0886,-2.7201,0.1029,-0.9540,0,1,1,0.76549,1
0.4299,4.3016,2.5659,11.5784,-2.6186,0.0340,-0.5302,0,0,1,0.34552,3
0.4419,4.3659,2.5286,11.5058,-2.7726,0.0381,-0.4899,0,0,0,0.00000,1
0.4096,4.2706,2.6525,12.7778,2.7487,0.0315,-1.5248,0,0,2,2.59301,1
0.4250,4.1118,2.5382,11.2643,-1.3830,0.0512,-0.2821,0,0,0,0.00000,2
0.4993,5.1569,2.4602,12.6159,-2.3197,0.0487,-1.7348,0,1,0,1.13477,1
0.4852,4.8419,2.4533,11.5040,1.9190,0.0389,-0.5501,0,0,0,0.00000,3
0.3940,4.0318,2.6610,11.9009,2.7151,0.0531,-0.7575,0,1,0,0.23449,3
0.4361,4.3900,2.5609,11.3584,-1.1630,0.0125,-0.3270,0,0,0,0.00000,1
0.4276,4.5658,2.6442,11.5813,-2.7318,0.0768,-0.5813,0,1,0,0.15943,3
0.3728,3.9183,2.7336,11.4847,1.7328,0.0532,-0.4010,0,0,0,0.00000,1
0.4902,5.3585,2.5404,11.4686,1.9084,0.0242,-0.5075,0,0,0,0.00000,3
0.4714,5.0891,2.5665,12.7456,-2.4073,0.0338,-1.7423,0,0,1,1.54100,1
0.4649,4.4635,2.4529,11.7616,1.4558,0.0039,-0.7137,0,0,1,0.22336,3
0.3718,4.0667,2.7839,12.6231,-2.9046,0.0555,-1.2872,1,0,3,1.48693,1
0.3359,3.6763,2.8544,11.9195,-2.8328,0.2415,-0.8895,0,0,1,0.28696,1
0.3757,3.9008,2.7134,11.4739,2.1865,0.0498,-0.3925,0,0,0,0.00000,3
0.4522,4.6727,2.5575,12.0124,2.6551,0.0164,-0.9365,0,1,0,0.58207,3
0.5274,5.3367,2.3796,11.4347,-2.5754,0.0128,-0.5101,0,0,0,0.00000,1
0.3944,3.9914,2.6477,11.2964,-0.8306,0.0013,-0.2239,0,0,0,0.00000,1
0.4535,4.3028,2.4630,12.5998,-1.0900,0.0211,-1.5034,0,1,1,0.81139,1
0.4756,4.4182,2.3982,11.4311,-0.2877,0.0184,-0.4431,0,0,0,0.00000,3
0.4944,4.9023,2.4279,11.5276,1.1475,0.0191,-0.5622,0,0,0,0.00000,3
0.3850,4.0091,2.6989,11.3142,2.7102,0.0769,-0.3144,0,0,0,0.00000,3
0.4969,5.2346,2.4858,12.9083,-2.2653,0.0279,-2.0127,1,1,0,0.83443,1
0.5114,5.4545,2.4680,11.5047,1.1164,0.0316,-0.5818,0,0,0,0.00000,1
0.4535,5.0056,2.6290,11.7498,-3.0305,0.0336,-0.7218,0,1,0,0.35308,2
0.4018,4.4297,2.7339,11.4079,3.1367,0.0633,-0.3887,0,0,0,0.00000,2
0.4893,4.7337,2.4128,11.5710,2.4694,0.0174,-0.5935,0,0,0,0.00000,1
0.3878,4.0483,2.6964,11.6929,2.6038,0.0065,-0.5237,0,1,0,0.23280,1
0.4251,4.3663,2.6048,11.5285,2.1192,0.0244,-0.4700,0,0,0,0.00000,3
0.4245,4.5465,2.6541,11.3714,1.6479,0.0511,-0.3703,0,0,0,0.00000,1
0.4070,4.3276,2.6807,13.1573,2.8177,0.0352,-1.8691,0,1,0,0.16604,1
0.5641,5.4423,2.2553,11.4779,-1.4079,0.0335,-0.6325,0,0,0,0.00000,1
0.4435,4.6540,2.5922,11.3251,-2.1208,0.0471,-0.3469,0,0,0,0.00000,3
0.5365,5.6554,2.4015,11.3068,-0.6422,0.0059,-0.3834,0,0,0,0.00000,3
0.3580,3.8146,2.7786,11.3988,2.8895,0.1008,-0.3768,0,0,0,0.00000,3
0.3905,4.1393,2.7095,12.3495,-1.8323,0.0119,-1.0594,0,1,0,0.53660,1
0.4641,4.4593,2.4557,11.5582,-1.0962,0.0546,-0.5883,0,0,0,0.00000,3
0.6067,5.8523,2.1621,11.4706,-0.5877,0.0250,-0.6790,0,0,0,0.00000,3
0.3668,3.9616,2.7782,12.9483,2.5305,0.0129,-1.4665,1,1,0,1.44727,1
0.3582,3.9017,2.8056,12.7277,-2.7725,0.0680,-1.3413,0,1,0,1.43616,1
0.4309,4.1506,2.5224,12.1571,-2.1937,0.0032,-0.9938,0,0,1,0.72139,1
0.3961,4.0835,2.6658,11.7926,-1.4861,0.0473,-0.6669,0,0,1,0.26128,1
0.3848,4.1337,2.7364,11.8289,-2.9096,0.0175,-0.6373,0,0,1,0.25949,1
0.3776,3.8784,2.6970,11.2872,-2.0635,0.0104,-0.2128,0,0,0,0.00000,1
0.3967,4.2148,2.7001,12.1255,-2.9154,0.0084,-0.8880,0,0,1,0.63931,1
0.4865,4.6543,2.4069,11.4505,-1.5784,0.0438,-0.5064,0,0,0,0.00000,3
0.4420,4.3984,2.5365,11.2577,-2.3145,0.0287,-0.2663,0,0,0,0.00000,3
0.5371,5.0774,2.2926,12.5548,1.4972,0.0140,-1.7460,0,1,1,1.35686,1
0.4043,4.1717,2.6508,11.8605,-1.9767,0.0011,-0.6793,0,1,0,0.32578,1
0.3841,3.9134,2.6748,11.7657,-2.3151,0.0886,-0.6751,0,0,1,0.27433,3
0.4213,4.2089,2.5812,11.3695,2.7318,0.0087,-0.3157,0,0,0,0.00000,3
0.3737,4.1173,2.7893,13.2849,-2.8549,0.0139,-1.7819,0,1,1,1.94374,0
0.4666,4.5266,2.4607,11.3678,1.8483,0.0297,-0.3886,0,0,0,0.00000,3
0.4804,4.6408,2.4291,11.4002,-1.2238,0.0395,-0.4461,0,0,0,0.00000,3
0.4395,4.5225,2.5785,11.2160,-2.7695,0.0044,-0.2022,0,0,0,0.00000,3
0.4287,4.1500,2.5320,11.3598,1.2403,0.0366,-0.3477,0,0,0,0.00000,1
0.4677,5.0031,2.5642,11.4453,2.7271,0.0141,-0.4432,0,0,0,0.00000,3
0.5127,5.5099,2.4734,11.4216,-1.0988,0.0407,-0.5115,0,0,0,0.00000,1
0.4454,4.4166,2.5260,12.1786,1.5192,0.0043,-1.0545,1,1,0,0.67671,1
0.4508,4.8299,2.6008,12.6516,1.8809,0.0269,-1.5569,0,0,1,1.12513,1
0.5187,5.0702,2.3633,11.6199,-2.9487,0.0084,-0.6791,0,0,0,0.00000,1
0.5109,5.2402,2.4283,12.5838,-2.5591,0.0178,-1.6934,0,1,0,0.80087,1
0.4372,4.5276,2.5900,12.6981,2.0130,0.0185,-1.5365,0,1,1,1.17179,1
0.3659,3.9332,2.7743,11.9223,2.8852,0.1159,-0.7956,0,1,0,0.56145,3
0.4411,4.2427,2.5013,11.5151,-0.9698,0.0385,-0.4968,0,0,0,0.00000,1
0.4008,4.0613,2.6368,12.4153,3.1248,0.0000,-1.1274,0,1,0,1.06982,1
0.4197,4.3227,2.6188,12.3807,2.4805,0.0076,-1.1680,0,1,1,0.99056,1
0.4464,4.8898,2.6352,11.9015,-2.9022,0.0145,-0.8208,0,1,0,0.19180,3
0.4614,4.3697,2.4457,12.0274,0.7427,0.0446,-1.0092,0,1,0,0.64403,1
0.4736,4.4412,2.4119,11.4618,0.6163,0.0746,-0.5366,0,0,0,0.00000,1
0.4885,5.2842,2.5323,11.5589,2.6424,0.0587,-0.6333,0,0,0,0.00000,3
0.4942,5.3075,2.5124,11.9256,-2.5235,0.0780,-1.0333,0,0,1,0.43149,1
0.4355,4.5492,2.6035,11.6076,2.5899,0.0983,-0.6422,0,0,0,0.00000,1
0.4190,4.4026,2.6428,11.4063,1.8568,0.0081,-0.3430,0,0,0,0.00000,1
0.3638,3.8990,2.7749,12.8137,2.6539,0.0511,-1.4065,1,0,3,1.54145,1
0.4926,5.1241,2.4815,11.3825,2.8921,0.0116,-0.4129,0,0,0,0.00000,3
0.5146,5.3312,2.4308,11.3195,1.4909,0.0111,-0.3770,0,0,0,0.00000,3
0.4453,4.6605,2.5856,11.3589,-0.3582,0.0012,-0.3250,0,0,0,0.00000,1
0.3752,4.0559,2.7633,12.7998,2.7614,0.0402,-1.4224,0,1,1,1.66803,1
0.4439,4.2693,2.4956,11.2644,-0.6699,0.0241,-0.2682,0,0,0,0.00000,1
0.3930,4.0229,2.6633,11.2983,1.3052,0.0003,-0.2231,0,0,0,0.00000,1
0.4893,4.8688,2.4415,12.0203,-1.1725,0.0282,-1.0494,0,0,2,1.00997,3
0.3814,3.9130,2.6884,11.2357,-1.6156,0.0442,-0.2163,0,0,0,0.00000,1
0.4995,4.5613,2.3346,11.9773,-0.4629,0.0320,-1.0332,0,0,1,0.19705,1
0.4407,4.5994,2.5920,12.6380,-2.0075,0.0131,-1.4838,1,1,0,1.37372,1
0.4090,4.1350,2.6183,11.7634,2.9205,0.0233,-0.6368,1,1,1,0.63760,3
0.4409,4.3323,2.5245,11.3854,0.8006,0.0273,-0.3722,0,0,0,0.00000,1
0.4350,4.1975,2.5162,12.1458,-0.7535,0.0247,-1.0250,0,1,0,0.66134,1
0.3853,4.2050,2.7546,12.0953,-2.5169,0.1212,-0.9854,0,0,1,0.38774,3
0.4569,4.3845,2.4683,12.7213,2.2910,0.0249,-1.6430,1,1,0,1.56454,1
0.4450,4.7157,2.6001,13.1576,-1.9735,0.0156,-2.0160,1,1,3,1.69121,1
0.3864,4.2254,2.7549,11.9232,2.6278,0.0259,-0.7250,0,0,1,0.17228,1
0.3962,3.9820,2.6361,12.2198,-2.6769,0.0256,-0.9871,1,1,2,1.16800,1
0.5016,4.6883,2.3535,11.3963,-0.3143,0.0066,-0.4290,0,0,0,0.00000,3
0.4225,4.3538,2.6139,11.2457,-1.9803,0.0060,-0.2143,0,0,0,0.00000,1
0.4829,5.0479,2.5073,11.4261,1.7212,0.0284,-0.4616,0,0,0,0.00000,3
0.4870,4.7979,2.4363,12.1907,0.1765,0.0055,-1.1822,0,0,1,0.28398,1
0.3636,3.9879,2.8039,12.5117,2.4539,0.0806,-1.2052,0,1,0,1.07150,3
0.3603,3.9715,2.8163,12.2893,-1.9552,0.0747,-1.0111,0,0,1,0.96776,0
0.4374,4.5499,2.5950,11.9391,1.9527,0.0126,-0.8310,0,1,0,0.62164,3
0.5257,5.4548,2.4085,11.6050,2.1201,0.0290,-0.7032,0,0,0,0.00000,3
0.4652,4.3418,2.4230,11.9229,-1.2659,0.0019,-0.8608,0,1,0,0.37793,1
0.5048,5.4652,2.4983,11.4994,2.4588,0.0620,-0.6035,0,0,0,0.00000,3
0.4297,4.2709,2.5591,11.8806,-2.4088,0.0066,-0.7544,0,1,0,0.50871,3
0.5636,5.2193,2.2184,11.6595,-0.7882,0.0077,-0.7982,0,1,0,0.23294,1
0.4228,4.5389,2.6604,12.9425,-2.6707,0.0100,-1.6954,0,0,1,1.65103,1
0.4972,5.2409,2.4858,11.5659,-1.7331,0.0530,-0.6466,0,0,0,0.00000,3
0.4565,4.7769,2.5627,12.4380,-0.8927,0.0072,-1.3383,1,1,1,0.91688,1
0.3488,3.7731,2.8150,13.1858,-2.1603,0.0508,-1.6449,1,1,1,1.45366,1
0.5177,5.2659,2.4055,11.5040,-1.5118,0.0306,-0.5882,0,0,0,0.00000,3
0.5862,5.9386,2.2523,11.6528,2.0727,0.0017,-0.8290,0,0,0,0.00000,1
0.4415,4.1871,2.4853,12.2600,-2.5424,0.0259,-1.1485,0,1,0,0.88672,0
0.3754,3.8731,2.7064,11.2692,1.5774,0.0598,-0.2534,0,0,0,0.00000,1
0.4578,4.5389,2.5014,11.5163,0.3681,0.0116,-0.4894,0,0,0,0.00000,1
0.5279,5.2728,2.3655,11.7386,1.3709,0.0391,-0.8590,0,1,0,0.33015,3
0.4918,5.4218,2.5462,12.1627,-2.5504,0.0309,-1.2069,0,0,0,0.00000,2
0.4588,4.4528,2.4766,12.6971,-1.8774,0.0299,-1.6348,0,1,1,1.41890,1
0.3700,4.0241,2.7805,13.1020,2.6452,0.0300,-1.6374,0,1,0,0.23093,1
0.4533,4.2936,2.4616,11.2625,-2.5101,0.0273,-0.2787,0,0,0,0.00000,1
0.4909,5.1019,2.4844,11.4840,-2.9212,0.0003,-0.4937,0,0,0,0.00000,3
0.4257,4.1891,2.5557,11.4845,1.0432,0.0564,-0.4717,0,0,0,0.00000,1
0.4073,4.3183,2.6767,11.3792,-2.9971,0.1364,-0.4559,0,0,0,0.00000,1
0.4970,5.3962,2.5185,12.9277,1.2016,0.0269,-2.0334,0,1,0,1.57722,1
0.4579,4.7375,2.5474,11.3318,-1.4131,0.0514,-0.3728,0,0,0,0.00000,1
0.4248,4.3765,2.6089,11.4367,1.8540,0.0141,-0.3813,0,0,0,0.00000,1
0.4775,4.8257,2.4820,12.6402,2.8081,0.0083,-1.6138,0,1,3,1.09737,1
0.5177,4.8209,2.3175,11.3717,1.2253,0.0230,-0.4442,0,0,0,0.00000,3
0.4883,5.3851,2.5541,11.3576,-1.4387,0.0509,-0.4308,0,0,0,0.00000,0
0.3591,3.9090,2.8033,11.9731,2.9774,0.1713,-0.8908,0,1,0,0.67060,1
0.4444,4.3540,2.5146,12.6912,2.3200,0.0048,-1.5330,0,0,1,1.24469,1
0.4740,5.0180,2.5397,12.8676,2.1698,0.0269,-1.8682,1,1,1,0.94015,1
0.5137,5.0198,2.3735,11.3483,-1.8293,0.0246,-0.4190,0,0,0,0.00000,1
0.3503,3.7295,2.7925,11.5829,-2.9409,0.1013,-0.4989,0,1,0,0.25766,3
0.4848,5.0259,2.4941,11.5450,1.1241,0.0651,-0.6213,0,0,0,0.00000,1
0.4423,4.6826,2.6046,11.2715,-2.3459,0.0369,-0.2884,0,0,0,0.00000,3
0.4023,4.4033,2.7243,11.8245,2.4279,0.0553,-0.7152,0,0,1,0.28140,3
0.4523,4.8373,2.5959,12.5118,-2.3859,0.0319,-1.4333,0,1,0,1.29323,1
0.4793,4.7505,2.4577,12.5726,-1.2721,0.0282,-1.5819,0,0,1,0.98286,1
0.4677,4.7868,2.5155,12.6543,2.3696,0.0448,-1.6505,0,1,0,1.23906,1
0.4979,5.2203,2.4789,11.3869,2.9593,0.0189,-0.4323,0,0,0,0.00000,3
0.3666,3.9074,2.7625,12.7103,-2.9460,0.0393,-1.3146,0,0,1,1.50593,1
0.4887,5.3043,2.5356,11.5778,-2.9794,0.1054,-0.7087,0,0,0,0.00000,1
0.4332,4.7360,2.6601,12.7962,-2.6656,0.0519,-1.6692,0,1,0,1.29939,1
0.3709,4.0000,2.7687,12.8159,-2.4489,0.0249,-1.3943,1,1,1,1.41191,1
0.3799,4.1146,2.7564,11.3582,-2.2794,0.0286,-0.2876,0,0,0,0.00000,1
0.4007,4.0123,2.6234,11.3834,-2.9962,0.0167,-0.3139,0,0,0,0.00000,3
0.3958,4.0640,2.6616,11.3107,-2.5976,0.0215,-0.2590,0,0,0,0.00000,3
0.4198,4.4622,2.6545,11.5952,-2.3904,0.0001,-0.4891,0,1,0,0.25325,1
0.3863,4.0353,2.7001,12.4895,-2.4185,0.0354,-1.1962,0,0,2,1.06508,1
0.3297,3.6408,2.8780,11.8846,-2.6075,0.0647,-0.6298,0,1,0,0.66484,0
0.4227,4.3183,2.6032,11.9006,1.4068,0.0404,-0.8014,0,1,0,0.23083,1
0.4262,4.2137,2.5599,11.4997,-1.2819,0.0026,-0.4211,0,1,0,0.24819,1
0.4291,4.1916,2.5412,11.7848,0.9601,0.0385,-0.7110,0,0,1,0.29593,1
0.4496,4.3847,2.4995,11.3796,-0.7224,0.0039,-0.3496,0,0,0,0.00000,3
0.4907,4.9803,2.4594,11.5506,0.9092,0.0110,-0.5695,0,0,0,0.00000,1
0.4023,4.4262,2.7305,11.5706,-3.0168,0.1230,-0.5898,0,0,0,0.00000,3
0.4482,4.5520,2.5467,12.2338,-1.2353,0.0288,-1.1489,0,1,0,0.82603,1
0.5584,5.5062,2.2880,11.4588,-0.3576,0.0094,-0.5744,0,0,0,0.00000,3
0.4985,4.7884,2.3870,11.7355,-0.9630,0.0172,-0.7696,0,0,1,0.20086,3
0.3889,3.9488,2.6619,11.5461,2.6215,0.0134,-0.4209,0,1,0,0.30983,3
0.5224,4.9961,2.3341,11.3865,-0.6911,0.0006,-0.4387,0,0,0,0.00000,3
0.5127,5.0572,2.3848,11.4589,-1.5170,0.0098,-0.5099,0,0,0,0.00000,3
0.3692,3.8861,2.7424,11.4871,2.8406,0.0881,-0.4390,0,0,0,0.00000,3
0.4013,4.3927,2.7264,11.3370,-2.5251,0.0799,-0.3512,0,0,0,0.00000,3
0.5148,5.2035,2.4053,11.4985,2.3962,0.0404,-0.5901,0,0,0,0.00000,1
0.4858,4.7663,2.4342,11.5054,-1.5442,0.0090,-0.5160,0,0,0,0.00000,3
0.4125,4.0752,2.5853,12.5073,2.0105,0.0115,-1.2613,0,1,1,1.30104,1
0.4632,4.9876,2.5809,11.5339,-2.5961,0.0398,-0.5484,0,0,0,0.00000,3
0.5440,5.4177,2.3286,12.6165,0.1060,0.0131,-1.8445,0,0,3,1.16785,1
0.4121,4.4609,2.6915,11.7663,2.6765,0.0780,-0.7137,0,0,1,0.39848,3
0.3870,4.1128,2.7192,12.9413,-2.0684,0.0168,-1.5526,0,0,3,1.29372,1
0.5230,5.1210,2.3560,11.3611,0.7983,0.0052,-0.4200,0,0,0,0.00000,3
0.6284,6.1113,2.1198,11.4337,1.5079,0.0021,-0.6403,0,0,0,0.00000,1
0.4691,4.9462,2.5452,12.1498,1.4065,0.0335,-1.1340,0,0,5,1.08155,1
0.3780,4.0231,2.7388,11.4756,2.7402,0.1490,-0.5122,0,0,0,0.00000,1
0.4435,4.2900,2.5027,11.8064,1.9357,0.0220,-0.7364,0,0,1,0.25425,3
0.4742,4.8315,2.4975,11.2566,-1.0354,0.0561,-0.3268,0,0,0,0.00000,1
0.3942,4.0792,2.6738,12.0605,-2.9816,0.0410,-0.8720,0,1,0,0.58466,3
0.5473,5.1679,2.2706,11.5955,-0.0068,0.0466,-0.7496,0,0,0,0.00000,1
0.4228,4.1543,2.5596,11.4172,2.3766,0.0015,-0.3476,0,0,0,0.00000,3
0.4091,4.2873,2.6596,11.4513,-2.7131,0.0805,-0.4519,0,0,0,0.00000,3
0.4576,4.2680,2.4372,11.3080,-1.2590,0.0323,-0.3282,0,0,0,0.00000,3
0.4941,4.4903,2.3404,11.7910,1.5384,0.0205,-0.8186,0,0,2,0.69376,1
0.4273,4.1711,2.5436,11.2308,-3.0422,0.0314,-0.2344,0,0,0,0.00000,1
0.4708,4.4802,2.4321,11.3543,0.9099,0.0210,-0.3707,0,0,0,0.00000,3
0.4360,4.2011,2.5130,11.6516,-0.1763,0.0047,-0.5656,0,1,0,0.29900,1
0.4869,4.4356,2.3567,12.2464,1.8250,0.0002,-1.2267,0,1,0,0.59917,1
0.4857,4.8336,2.4492,11.5421,-1.4073,0.0173,-0.5609,0,0,0,0.00000,3
0.5765,5.7936,2.2664,12.0325,0.9224,0.0184,-1.2716,0,1,0,0.36554,3
0.4533,4.4303,2.4948,11.2993,0.7103,0.0447,-0.3310,0,0,0,0.00000,1
0.5265,5.5406,2.4214,11.3732,-1.2775,0.0111,-0.4453,0,0,0,0.00000,3
0.4632,4.2875,2.4186,11.2711,0.7697,0.0695,-0.3440,0,0,0,0.00000,1
0.5163,5.4485,2.4464,11.5196,-1.3908,0.0359,-0.6092,0,0,0,0.00000,3
0.4886,4.9513,2.4621,11.3810,2.8693,0.0144,-0.4094,0,0,0,0.00000,3
0.4167,4.2882,2.6236,11.4014,2.0293,0.0118,-0.3404,0,0,0,0.00000,3
0.4072,4.1793,2.6391,11.3369,-2.5453,0.0051,-0.2714,0,0,0,0.00000,1
0.4515,4.2658,2.4621,12.1452,3.0826,0.0123,-1.0498,1,1,0,0.42653,1
0.4600,4.4925,2.4810,11.7902,-0.4811,0.0271,-0.7607,0,0,1,0.36991,1
0.3691,3.9577,2.7648,12.3956,-2.8371,0.0328,-1.0619,1,1,1,0.92312,3
0.3955,4.2658,2.7204,12.0314,2.8885,0.0397,-0.8499,0,0,1,0.52710,3
0.4180,4.3770,2.6410,13.0573,-2.3371,0.0044,-1.7711,0,1,1,1.89740,1
0.4057,4.1905,2.6492,12.6372,-2.5015,0.0572,-1.4244,0,0,1,1.12055,1
0.4267,4.5387,2.6415,11.6999,-2.8132,0.0366,-0.6325,0,0,1,0.40047,3
0.4093,4.1013,2.6075,12.7986,-2.2211,0.0317,-1.5424,0,1,1,0.91008,1
0.4928,4.7502,2.4022,11.5757,-0.6769,0.0419,-0.6337,0,0,0,0.00000,1
0.5733,5.4345,2.2193,11.4781,-0.0991,0.0112,-0.6185,0,0,0,0.00000,3
0.3852,4.0247,2.7027,13.1475,-1.9843,0.0209,-1.7308,1,1,1,1.06546,1
0.5458,5.6663,2.3656,11.5218,-0.6263,0.0229,-0.6411,0,0,0,0.00000,1
0.4416,4.3527,2.5269,11.5557,2.0581,0.0062,-0.4940,0,0,0,0.00000,3
0.4137,4.2260,2.6210,11.5967,-3.0855,0.0353,-0.5229,0,1,0,0.23252,3
0.5252,5.0421,2.3322,11.6074,1.4233,0.0084,-0.6768,0,0,0,0.00000,3
0.3591,3.8171,2.7734,11.7048,2.4364,0.0211,-0.5034,0,1,0,0.25475,1
0.4438,4.5242,2.5593,11.3032,1.6129,0.0078,-0.2832,0,0,0,0.00000,3
0.4613,4.2810,2.4248,11.3178,-0.2194,0.0377,-0.3468,0,0,0,0.00000,1
0.4068,4.0855,2.6151,11.4037,1.0841,0.0172,-0.3371,0,0,0,0.00000,1
0.4375,4.1720,2.4989,11.4646,1.5379,0.0283,-0.4364,0,0,0,0.00000,3
0.4753,4.5914,2.4390,11.2852,-3.0288,0.0272,-0.3202,0,0,0,0.00000,1
0.5419,5.1894,2.2950,11.6193,0.5889,0.0042,-0.7126,0,0,0,0.00000,3
0.3997,4.1796,2.6752,11.9577,-2.3728,0.0437,-0.8040,0,0,1,0.41467,3
0.3663,3.9105,2.7648,11.8795,3.1160,0.0293,-0.6544,0,1,0,0.46753,3
0.3337,3.6835,2.8698,12.2486,2.2989,0.0551,-0.8802,0,1,1,1.02403,0
0.3533,3.8945,2.8302,12.8536,-2.5909,0.0974,-1.4703,0,1,0,1.84701,0
0.4496,4.8688,2.6157,11.2783,3.0758,0.0070,-0.2673,0,0,0,0.00000,3
0.4000,4.3475,2.7208,13.0349,2.3697,0.0509,-1.7506,1,1,0,1.77818,1
0.3318,3.6348,2.8637,13.2506,-3.0070,0.0178,-1.5546,1,1,1,1.85647,1
0.4855,4.9077,2.4661,11.3452,1.6164,0.0565,-0.4213,0,0,0,0.00000,3
0.4640,4.4195,2.4465,11.4701,-0.9746,0.0143,-0.4590,0,0,0,0.00000,3
0.5731,5.2702,2.1921,11.8895,-0.7576,0.0472,-1.1318,0,1,0,0.22026,1
0.4436,4.4384,2.5394,11.3836,-1.8508,0.0031,-0.3456,0,0,0,0.00000,3
0.4039,4.1140,2.6366,11.3354,-3.0554,0.0026,-0.2642,0,0,0,0.00000,1
0.3670,3.9334,2.7687,13.1160,3.0800,0.0391,-1.6513,0,0,2,1.32418,1
0.4848,5.2756,2.5468,11.4607,2.5375,0.1159,-0.6014,0,0,0,0.00000,1
0.5307,4.9308,2.2894,11.2865,-1.3905,0.0285,-0.3801,0,0,0,0.00000,1
0.4356,4.6441,2.6264,11.4059,-1.4495,0.0048,-0.3583,0,0,0,0.00000,1
0.3605,3.8799,2.7865,11.8788,-3.1242,0.0378,-0.6528,0,1,0,0.42370,3
0.4362,4.3626,2.5532,12.2117,2.9084,0.0289,-1.0947,0,0,1,0.84602,1
0.4571,4.3772,2.4658,11.7220,2.8204,0.0216,-0.6853,0,1,0,0.33487,1
0.4947,5.0189,2.4511,11.8485,-1.8093,0.0093,-0.8654,0,0,2,0.51965,3
0.4786,4.5572,2.4175,12.6811,1.3817,0.0081,-1.6570,0,1,0,1.19053,1
0.4315,4.1764,2.5266,11.6128,-1.0073,0.0451,-0.5750,0,0,1,0.24312,1
0.5485,5.4816,2.3220,11.6040,1.2184,0.0006,-0.7047,0,0,0,0.00000,3
0.5600,5.4859,2.2783,11.6055,-2.4766,0.0078,-0.7345,0,0,0,0.00000,1
0.3442,3.7816,2.8432,11.8413,2.8010,0.1035,-0.6758,0,1,0,0.44817,3
0.3759,4.0624,2.7613,12.1217,-2.3976,0.0442,-0.8807,0,1,0,0.72340,3
0.4282,4.4429,2.6103,11.7282,1.1639,0.0089,-0.6245,0,1,0,0.32190,1
0.5273,5.5220,2.4147,12.4413,2.4967,0.0192,-1.5966,0,0,1,0.89528,1
0.4803,4.3537,2.3645,12.3950,0.4355,0.0206,-1.3879,1,1,0,0.54103,1
0.5233,5.1948,2.3690,11.9087,-1.4864,0.0044,-0.9831,0,0,1,0.37512,3
0.4194,4.1111,2.5636,11.7073,-2.6091,0.0025,-0.5824,0,1,0,0.38077,3
0.6177,6.1363,2.1628,11.4640,0.9603,0.0459,-0.7153,0,0,0,0.00000,3
0.4325,4.2505,2.5410,12.4925,2.2324,0.0222,-1.3312,1,1,0,0.58636,1
0.5125,4.6968,2.3128,11.2793,-0.3085,0.0115,-0.3333,0,0,0,0.00000,3
0.4536,4.9309,2.6117,11.7817,-2.9714,0.0037,-0.7132,0,1,0,0.42721,1
0.5078,4.8884,2.3703,11.4876,-3.1224,0.0101,-0.5312,0,0,0,0.00000,1
0.4178,4.3732,2.6410,12.7736,3.0432,0.0612,-1.6015,0,0,1,1.07509,1
0.4824,4.5656,2.4042,11.4600,-1.4745,0.0024,-0.4598,0,0,0,0.00000,3
0.5324,5.3926,2.3698,11.3848,1.0308,0.0568,-0.5181,0,0,0,0.00000,3
0.4051,4.2208,2.6607,11.6917,-2.7399,0.0456,-0.5993,0,1,0,0.36915,3
0.4580,4.6946,2.5370,12.4616,-1.3605,0.0061,-1.3636,0,0,2,0.81056,1
0.3623,3.8855,2.7784,11.3243,2.7399,0.0559,-0.2772,0,0,0,0.00000,3
0.5070,5.1142,2.4194,11.4515,0.5114,0.0328,-0.5229,0,0,0,0.00000,1
0.4297,4.1524,2.5281,11.3287,0.5857,0.0253,-0.3099,0,0,0,0.00000,1
0.5047,4.9871,2.4030,11.5628,1.1644,0.0153,-0.6079,0,0,0,0.00000,3
0.4106,4.2906,2.6530,11.3810,-2.7312,0.0760,-0.3915,0,0,0,0.00000,3
0.4939,4.9066,2.4309,11.6123,-0.8930,0.0301,-0.6572,0,1,0,0.17672,1
0.4327,4.7116,2.6567,13.2175,-2.0894,0.0027,-1.9921,1,1,2,1.94928,1
0.4680,5.0647,2.5766,13.2850,-2.4545,0.0424,-2.3148,0,1,0,2.07372,1
0.4065,4.3200,2.6809,12.6140,2.8574,0.0605,-1.4113,0,0,1,1.41731,1
0.4067,4.4352,2.7110,12.9016,-3.0980,0.0201,-1.6069,1,1,1,1.55080,1
0.4370,4.3513,2.5468,11.4503,1.6676,0.0538,-0.4542,0,0,0,0.00000,3
0.5009,5.0604,2.4338,11.9105,-3.1174,0.0207,-0.9563,0,1,0,0.22775,1
0.5892,5.7463,2.2106,12.3343,-0.1484,0.0421,-1.7080,0,1,0,0.49399,1
0.4753,4.3704,2.3884,11.6404,0.6282,0.0886,-0.7254,0,0,0,0.00000,1
0.4845,5.0564,2.5019,11.3541,-2.7322,0.0344,-0.4032,0,0,0,0.00000,3
0.5698,5.2543,2.2015,11.6461,0.0586,0.0255,-0.8175,0,0,0,0.00000,3
0.5266,5.6095,2.4339,12.5156,-2.2797,0.0399,-1.7101,0,1,1,1.00890,1
0.4135,4.5009,2.6953,12.7655,2.7069,0.0868,-1.6173,0,1,0,1.56238,1
0.4209,4.4164,2.6373,11.2575,2.3402,0.0177,-0.2358,0,0,0,0.00000,3
0.3723,3.9290,2.7393,11.4288,3.1016,0.0962,-0.4090,0,0,0,0.00000,3
0.3881,4.0472,2.6945,11.4446,-2.2616,0.0927,-0.4353,0,0,0,0.00000,3
0.3794,3.9752,2.7172,11.8149,2.4792,0.0213,-0.6207,0,0,1,0.41362,3
0.3661,3.9718,2.7852,12.1060,-3.0124,0.1813,-1.0261,0,0,1,0.67870,1
0.3437,3.7353,2.8308,11.7534,-2.8112,0.0730,-0.5751,0,1,0,0.33889,3
0.5490,5.3666,2.2999,11.3649,0.4358,0.0239,-0.4784,0,0,0,0.00000,3
0.5276,5.1231,2.3384,11.3845,2.0429,0.0114,-0.4565,0,0,0,0.00000,1
0.4218,4.2129,2.5797,11.4394,2.0438,0.0053,-0.3693,0,0,0,0.00000,3
0.4547,4.8139,2.5793,12.5883,1.4757,0.0029,-1.4717,0,1,0,0.91637,1
0.5493,5.0958,2.2497,11.4549,-0.3217,0.0520,-0.6074,0,0,0,0.00000,3
0.3516,3.8440,2.8228,13.3613,-2.6474,0.0463,-1.7951,0,1,0,2.18999,1
0.4092,4.2911,2.6602,11.4311,2.7233,0.0671,-0.4200,0,0,0,0.00000,3
0.4931,5.2121,2.4975,11.5879,1.1220,0.0136,-0.6134,0,0,0,0.00000,1
0.4912,4.7183,2.4018,11.3485,2.0862,0.0186,-0.3856,0,0,0,0.00000,1
0.4768,5.0603,2.5366,11.5717,-0.9834,0.0184,-0.5779,0,0,0,0.00000,1
0.4012,4.1371,2.6562,11.7554,-1.9764,0.0667,-0.6705,0,0,1,0.27641,3
0.5270,5.1938,2.3543,11.4031,0.0433,0.0197,-0.4849,0,0,0,0.00000,3
0.4590,4.5088,2.4889,11.3265,2.4173,0.0559,-0.3740,0,0,0,0.00000,1
0.3617,3.9260,2.7945,11.9314,-2.9095,0.0367,-0.6929,0,0,1,0.27070,3
0.4044,4.0616,2.6197,11.5545,3.0868,0.0609,-0.5056,0,0,1,0.25301,1
0.5330,4.8557,2.2662,11.9751,-0.1970,0.0045,-1.0726,0,0,1,0.58670,1
0.5504,5.3725,2.2955,11.4866,-0.6373,0.0882,-0.6889,0,0,0,0.00000,1
0.4211,4.4052,2.6338,11.6002,2.7876,0.0056,-0.5014,0,1,0,0.21133,3
0.4342,4.7515,2.6594,11.4998,2.6879,0.0763,-0.5203,0,0,0,0.00000,3
0.4310,4.1957,2.5336,12.5489,-0.7452,0.0027,-1.3474,0,0,3,0.81672,1
0.4272,4.5809,2.6500,11.2906,-2.2515,0.0834,-0.3429,0,0,0,0.00000,3
0.4788,4.3929,2.3797,11.5810,-0.7787,0.0722,-0.6535,0,0,0,0.00000,1
0.4434,4.3663,2.5220,12.4185,-2.9427,0.0153,-1.2874,0,1,0,0.93035,1
0.3555,3.8268,2.7963,11.3649,-3.0368,0.1602,-0.4173,0,0,0,0.00000,3
0.5133,5.0646,2.3837,12.7913,0.4240,0.0063,-1.9114,1,1,0,1.06706,1
0.4936,4.7130,2.3909,11.7014,-1.3698,0.0275,-0.7398,0,0,1,0.16005,3
0.4483,4.2186,2.4642,11.9082,0.4204,0.0134,-0.8259,0,0,2,0.46829,1
0.4071,4.1779,2.6392,12.7035,-2.8722,0.0308,-1.4469,0,1,0,1.35458,1
0.4269,4.5009,2.6312,12.3383,2.6337,0.0237,-1.1760,0,1,0,1.00639,1
0.4685,4.4296,2.4302,11.3365,-0.7771,0.0092,-0.3382,0,0,0,0.00000,3
0.4385,4.1757,2.4953,11.2777,-0.3074,0.0057,-0.2534,0,0,0,0.00000,3
0.4066,4.2156,2.6519,11.2504,-1.2643,0.0027,-0.2010,0,0,0,0.00000,1
0.4168,4.1714,2.5916,11.9107,-1.7827,0.0323,-0.7866,0,1,0,0.36857,3
0.4802,4.5159,2.4020,11.8622,-0.1363,0.0232,-0.8641,0,0,1,0.33873,1
0.6265,6.1078,2.1265,11.6884,-0.4653,0.0325,-0.9882,0,0,0,0.00000,3
0.4222,4.3333,2.6096,11.3258,1.7516,0.0463,-0.3247,0,0,0,0.00000,3
0.3924,4.0208,2.6656,12.1805,-2.9352,0.0072,-0.9195,0,1,0,0.85013,3
0.3592,3.8318,2.7778,12.5755,-2.8627,0.0824,-1.2453,0,1,0,1.46941,1
0.4176,4.0925,2.5666,11.2216,-2.8898,0.0082,-0.1931,0,0,0,0.00000,3
0.4563,4.4786,2.4934,11.4345,-1.8018,0.0538,-0.4646,0,0,0,0.00000,3
0.4592,5.0169,2.6053,11.6290,-2.4682,0.1716,-0.7900,0,0,0,0.00000,1
0.5016,4.8351,2.3844,11.3709,2.0936,0.0307,-0.4336,0,0,0,0.00000,1
0.3767,4.0251,2.7458,11.3160,-2.3017,0.0619,-0.2912,0,0,0,0.00000,3
0.4459,4.2818,2.4903,11.4019,0.8790,0.0612,-0.4317,0,0,0,0.00000,1
0.3759,3.9944,2.7407,12.2680,2.3156,0.0679,-1.0295,0,1,0,0.64601,3
0.4382,4.4942,2.5772,11.8703,-2.2863,0.0077,-0.7653,0,0,1,0.54155,3
0.3555,3.8787,2.8131,11.3777,2.8470,0.0550,-0.3072,0,0,0,0.00000,3
0.4025,4.0309,2.6201,12.1394,-2.5540,0.0591,-0.9828,0,1,0,0.83940,1
0.3872,4.2581,2.7603,13.1081,2.8713,0.0817,-1.8122,0,0,2,1.85464,1
0.4959,5.1872,2.4805,11.5969,1.3933,0.0581,-0.6811,0,0,0,0.00000,3
0.4923,4.5019,2.3502,11.4014,-0.5540,0.0001,-0.4140,0,0,0,0.00000,1
0.3615,3.8658,2.7764,11.3597,-3.1288,0.0742,-0.3222,0,0,0,0.00000,3
0.5088,5.3340,2.4555,12.9087,-2.8435,0.0248,-2.0594,0,1,1,1.48223,1
0.4524,4.3121,2.4699,11.3116,-2.1365,0.0518,-0.3489,0,0,0,0.00000,1
0.4878,5.1766,2.5134,11.3994,2.6366,0.0233,-0.4370,0,0,0,0.00000,3
0.3325,3.6336,2.8593,13.3411,2.5689,0.0210,-1.6335,0,1,1,2.26515,1
0.4709,4.9902,2.5470,12.9161,2.0376,0.0032,-1.8655,0,1,1,1.64227,1
0.3816,4.1013,2.7437,13.1604,3.0944,0.0021,-1.6913,0,1,0,1.83568,1
0.4490,4.6196,2.5594,12.1163,-1.0820,0.0146,-1.0220,0,1,0,0.73350,1
0.4526,4.5027,2.5151,11.3705,0.5335,0.0228,-0.3674,0,0,0,0.00000,1
0.4128,4.2360,2.6280,12.4829,-2.3711,0.0918,-1.3626,0,1,0,1.06360,1
0.4694,4.5173,2.4469,11.5521,-0.7734,0.0540,-0.5900,0,0,1,0.18701,1
0.4743,5.0839,2.5526,12.3987,2.9583,0.0526,-1.4251,1,0,1,0.55146,1
0.5141,4.7264,2.3126,11.5543,0.4094,0.0342,-0.6356,0,0,0,0.00000,3
0.3604,3.9010,2.7934,13.0446,2.5091,0.1094,-1.6828,1,1,0,1.14378,1
0.3508,3.7699,2.8032,11.3775,2.5082,0.0948,-0.3474,0,0,0,0.00000,3
0.3810,3.9066,2.6884,11.6486,-1.7477,0.0452,-0.5256,0,0,1,0.31317,1
0.4942,4.7537,2.3970,11.5772,-0.1990,0.0138,-0.6027,0,0,0,0.00000,3
0.5486,5.3199,2.2930,11.4904,-1.3112,0.0690,-0.6665,0,0,0,0.00000,3
0.4546,4.3110,2.4601,11.4928,1.2927,0.0100,-0.4613,0,0,0,0.00000,3
0.4014,4.2310,2.6813,12.1516,-2.7337,0.0978,-1.0432,0,0,1,0.42264,1
0.4646,4.4743,2.4568,11.9260,1.0385,0.0401,-0.9145,0,0,1,0.41358,1
0.5348,5.4623,2.3731,11.7502,-0.3950,0.0175,-0.8579,0,0,0,0.00000,1
0.3809,4.1320,2.7559,12.0955,-2.4013,0.0752,-0.9136,0,0,1,0.40994,3
0.5176,4.6904,2.2916,11.2787,0.3811,0.0095,-0.3355,0,0,0,0.00000,3
0.4833,4.6945,2.4290,11.4530,0.1274,0.0093,-0.4633,0,0,0,0.00000,3
0.5055,5.2282,2.4485,11.6453,-0.9828,0.0644,-0.7535,0,0,0,0.00000,1
0.5143,5.1071,2.3883,11.4758,-2.6091,0.0096,-0.5289,0,0,0,0.00000,1
0.4777,4.9735,2.5134,11.4131,1.3796,0.0003,-0.4098,0,0,0,0.00000,3
0.3977,4.0085,2.6363,11.3834,-1.6351,0.0276,-0.3234,0,0,0,0.00000,1
0.3461,3.8072,2.8412,12.5783,2.8628,0.0342,-1.1304,0,1,1,1.25854,1
0.3901,4.1669,2.7192,11.3995,2.6200,0.0709,-0.3777,0,0,0,0.00000,3
0.5697,5.6857,2.2747,11.5834,-0.5843,0.0647,-0.7992,0,0,0,0.00000,1
0.4163,4.4256,2.6619,12.3401,-3.0896,0.0537,-1.1886,0,1,0,0.99579,3
0.3669,3.9604,2.7772,11.5497,2.6501,0.1017,-0.4982,0,0,0,0.00000,3
0.3599,3.9651,2.8166,13.3787,2.9425,0.0293,-1.8197,0,1,1,2.31195,0
0.3731,3.8609,2.7143,11.4633,2.2821,0.0763,-0.4124,0,0,0,0.00000,3
0.4071,4.1471,2.6308,12.9551,-2.9369,0.0093,-1.6369,0,1,1,1.66005,1
0.5384,5.5833,2.3808,12.2148,2.9801,0.0170,-1.3743,0,1,0,0.71015,1
0.3574,3.9079,2.8121,11.3143,-2.9338,0.0247,-0.2310,0,0,0,0.00000,1
0.5523,5.4564,2.3028,11.7034,1.0588,0.0060,-0.8258,0,0,1,0.15081,3
0.4304,4.4257,2.5955,12.9758,1.5108,0.0068,-1.7535,0,1,1,1.73831,1
0.4080,4.2155,2.6453,11.8089,1.9756,0.0630,-0.7226,0,1,0,0.41759,3
0.5490,5.4606,2.3167,11.5997,-0.4559,0.0147,-0.7184,0,0,0,0.00000,3
0.3784,3.9808,2.7240,11.4679,-2.8370,0.1819,-0.5453,0,0,0,0.00000,1
0.4946,4.4953,2.3395,11.4113,-1.4439,0.0031,-0.4298,0,0,0,0.00000,1
0.5948,5.3897,2.1336,12.3998,0.2103,0.0299,-1.7851,0,1,0,0.21426,1
0.5008,5.3725,2.4973,12.8221,-1.7038,0.0156,-1.9138,1,1,0,1.59690,1
0.3812,4.1042,2.7462,11.4283,2.3445,0.1244,-0.4512,0,0,0,0.00000,3
0.4235,4.5865,2.6689,12.1628,-3.0072,0.1046,-1.1209,0,0,2,0.62699,1
0.4346,4.4082,2.5721,12.6811,2.7402,0.0095,-1.4952,1,1,0,0.92219,1
0.4988,4.6887,2.3646,11.3829,0.5838,0.0278,-0.4381,0,0,0,0.00000,3
0.5621,5.3926,2.2542,11.5301,1.1976,0.0320,-0.6848,0,0,0,0.00000,3
0.4670,4.8829,2.5403,11.3508,-2.4711,0.0171,-0.3601,0,0,0,0.00000,3
0.5229,4.8623,2.3058,11.4691,-0.7517,0.0499,-0.5819,0,0,0,0.00000,3
