x,Q2,W,miss_mass,phih,pt2,t,secondary_pips,secondary_pims,secondary_pizs,secondary_esum,accepted
0.4711,4.7598,2.4950,12.8084,2.5278,0.0058,-1.7570,0,1,1,1.47284,1
0.3968,4.1610,2.6845,11.6675,-2.9870,0.0052,-0.5171,0,1,0,0.25981,1
0.4270,4.4915,2.6282,12.0767,-2.6731,0.0718,-1.0079,0,1,0,0.48499,1
0.3553,3.7756,2.7804,12.5276,-2.9301,0.0626,-1.1647,0,1,0,1.24053,1
0.4001,4.3174,2.7116,11.6925,1.9152,0.0153,-0.5551,0,1,0,0.16330,1
0.3676,4.0361,2.7972,11.9390,-2.2082,0.0360,-0.7102,0,1,0,0.37990,1
0.4244,4.4172,2.6213,12.0058,2.2693,0.0143,-0.8622,0,1,0,0.56611,3
0.4005,4.2094,2.6798,12.5723,2.2116,0.0736,-1.3730,0,1,0,1.35740,1
0.4017,4.3900,2.7236,12.7889,-2.8216,0.0235,-1.4913,0,1,1,1.48518,1
0.5457,5.3003,2.3005,12.1098,-0.2590,0.0364,-1.3023,0,1,0,0.65956,1
0.5093,4.7252,2.3307,11.8434,-1.0013,0.0122,-0.8923,0,1,0,0.50426,1
0.3963,4.2336,2.7076,13.2531,-1.9588,0.0043,-1.8477,0,1,1,2.22539,1
0.3592,3.7914,2.7649,11.7863,-3.0481,0.0737,-0.6271,0,1,0,0.55118,3
0.4599,4.8807,2.5713,12.2999,-3.1367,0.0221,-1.2378,0,1,0,0.76798,3
0.3440,3.7360,2.8294,12.9530,-2.3766,0.0417,-1.4213,0,1,1,1.64177,1
0.4527,4.6956,2.5605,12.6830,0.7375,0.0018,-1.5540,0,2,0,1.08560,1
0.3956,4.2546,2.7169,13.0303,-2.4474,0.0373,-1.7034,0,1,0,1.86725,1
0.4273,4.4938,2.6273,12.2908,2.9315,0.0328,-1.1475,0,1,0,0.91109,3
0.4923,5.3581,2.5312,12.2352,2.7102,0.0560,-1.3177,0,1,0,0.54386,1
0.5228,5.2527,2.3821,12.9111,-1.2317,0.0091,-2.0936,0,2,0,1.73242,1
0.4240,4.2533,2.5805,11.6019,0.9532,0.0204,-0.5244,0,1,0,0.18769,1
0.3954,4.0971,2.6730,11.8558,-2.5010,0.0642,-0.7380,0,1,0,0.46134,3
0.4529,4.7576,2.5745,12.1297,-2.7576,0.0421,-1.0829,0,1,0,0.57761,1
0.4833,5.2128,2.5404,12.5908,-2.0572,0.0371,-1.6314,0,1,1,0.98663,1
0.5448,5.3525,2.3134,11.8248,1.3717,0.0324,-0.9776,0,1,0,0.18253,3
0.4476,4.5153,2.5404,12.0686,-2.4826,0.0108,-0.9687,0,1,1,0.50220,3
0.4016,4.1680,2.6627,12.6242,2.2852,0.0183,-1.3375,0,1,1,1.19880,1
0.4620,4.6766,2.5152,12.0682,1.6980,0.0067,-0.9990,0,1,0,0.73193,3
0.3482,3.7351,2.8059,11.8611,2.9468,0.1854,-0.8008,0,1,0,0.37687,1
0.3569,3.8620,2.7996,13.0358,2.6705,0.0685,-1.5895,0,1,1,1.15354,1
0.4947,5.3277,2.5142,11.8543,-1.2891,0.0733,-0.9560,0,1,0,0.22359,1
0.4532,4.7122,2.5623,12.3577,0.3695,0.0015,-1.2423,0,1,0,0.93876,1
0.4564,4.5085,2.4999,11.5778,1.3542,0.0314,-0.5664,0,1,0,0.16865,3
0.4204,4.1781,2.5771,11.8694,-1.4752,0.0184,-0.7408,0,1,0,0.17939,1
0.4740,4.9706,2.5292,11.9090,-2.3136,0.0651,-0.9535,0,1,0,0.35291,1
0.3488,3.7295,2.8004,13.0707,-2.8681,0.0721,-1.5890,0,1,1,1.28498,1
0.3829,3.9135,2.6810,12.1270,-1.9415,0.0080,-0.8532,0,1,0,0.70644,1
0.4225,4.3791,2.6202,12.9265,-1.8010,0.0227,-1.7003,0,1,0,1.49468,1
0.3624,3.8014,2.7508,12.7962,2.8208,0.0522,-1.3891,0,1,1,0.77727,1
0.3992,4.3713,2.7310,12.2935,-3.0828,0.0288,-1.0629,0,1,1,0.63255,3
0.3786,3.9503,2.7136,12.7535,-2.2727,0.0296,-1.3801,0,1,0,1.62403,1
0.3738,3.8782,2.7159,11.6802,-1.8722,0.0066,-0.4914,0,1,0,0.28886,1
0.3764,4.0351,2.7508,12.1447,2.2817,0.0226,-0.8710,0,1,0,0.58509,1
0.4730,4.4642,2.4195,11.7546,0.6805,0.0464,-0.7768,0,1,0,0.29485,1
0.4767,5.0584,2.5364,12.3413,-2.7658,0.0301,-1.3415,0,1,0,0.95736,3
0.4728,4.6806,2.4697,12.0896,-0.8749,0.0545,-1.1125,0,1,0,0.27624,1
0.3740,4.0300,2.7614,12.8635,-2.1094,0.0134,-1.4275,0,1,0,1.45248,1
0.4809,4.8088,2.4639,11.6025,-2.2588,0.0078,-0.5991,0,1,0,0.38518,3
0.4023,4.4238,2.7300,12.3701,-2.0225,0.0241,-1.1304,1,1,0,0.88336,1
0.4793,4.8702,2.4840,12.0758,2.1686,0.0676,-1.1342,0,1,0,0.55307,1
0.4491,4.7370,2.5866,12.0538,-1.5985,0.0185,-0.9706,0,1,0,0.80091,1
0.3762,3.8941,2.7087,12.4027,2.6179,0.0180,-1.0677,0,1,1,0.88420,1
0.3700,3.9080,2.7448,12.6715,-2.8501,0.0447,-1.3040,0,1,0,1.51466,1
0.4489,4.8378,2.6116,12.9935,-2.5272,0.0602,-1.9465,0,1,1,1.67777,1
0.4754,5.1102,2.5535,12.7757,1.2588,0.0033,-1.7398,0,1,3,2.11490,1
0.3839,3.9998,2.7019,11.8425,3.0415,0.1030,-0.7536,0,1,0,0.58270,1
0.5146,5.3477,2.4339,12.9166,-0.9857,0.0108,-2.0690,0,1,1,1.33292,1
0.4873,4.7512,2.4246,11.9865,0.9638,0.0183,-0.9966,0,1,0,0.54444,1
0.5292,5.5892,2.4194,11.7262,1.3766,0.0119,-0.8154,0,1,1,0.36315,3
0.4515,4.5589,2.5334,11.8210,-1.5668,0.0368,-0.7855,0,1,0,0.42937,3
0.4408,4.5642,2.5827,11.9087,-1.8681,0.0281,-0.8315,0,1,0,0.43440,3
0.4171,4.3861,2.6476,12.3645,2.6865,0.0142,-1.1558,0,1,0,1.04561,1
0.3852,4.0164,2.7001,12.8199,-2.0708,0.0415,-1.4814,0,1,1,1.39665,1
0.4767,4.7657,2.4723,12.3099,2.3504,0.0209,-1.2946,0,1,0,0.85275,1
0.3769,4.0986,2.7669,12.4078,2.4466,0.0516,-1.1225,0,1,0,1.24859,3
0.4186,4.2148,2.5951,12.4209,-2.3029,0.0427,-1.2518,0,1,3,1.20931,1
0.3893,4.1506,2.7189,13.1851,-1.6584,0.0255,-1.7918,0,1,1,1.86935,1
0.4605,4.4751,2.4743,11.9125,-2.7591,0.0227,-0.8697,0,1,0,0.19221,1
0.4624,4.7354,2.5269,11.9273,-2.2275,0.0258,-0.8932,0,1,0,0.21922,3
0.3664,3.8880,2.7576,11.9165,-3.1389,0.0173,-0.6667,0,1,0,0.65921,1
0.4625,4.7537,2.5308,11.7726,1.1122,0.0026,-0.7194,0,1,0,0.28636,1
0.3767,3.9839,2.7337,12.2896,-3.0589,0.0398,-1.0098,0,1,0,0.84566,3
0.4900,5.1983,2.5081,12.4155,-2.5889,0.0394,-1.4743,0,1,0,1.05187,1
0.4067,4.0283,2.5993,12.8035,-0.8495,0.0017,-1.4861,0,1,0,0.40141,1
0.5533,5.0451,2.2256,11.9612,-1.0931,0.0139,-1.1197,0,1,0,0.34551,1
0.4857,5.3116,2.5504,11.8116,-2.9061,0.0799,-0.9025,0,1,0,0.33493,1
0.3887,4.2684,2.7557,12.1401,2.4610,0.0236,-0.9004,0,1,0,0.36195,1
0.3866,4.1587,2.7349,12.7036,2.8382,0.0068,-1.3330,0,1,0,1.44909,1
0.3972,4.3280,2.7295,12.2996,-1.6965,0.0538,-1.0967,0,1,0,0.31807,1
0.4236,4.6217,2.6773,12.5240,-2.6948,0.0250,-1.3365,0,0,1,0.63139,1
0.4487,4.8221,2.6084,12.8133,-2.4632,0.0783,-1.7926,0,1,0,1.37906,1
0.3467,3.7754,2.8277,13.1708,2.8168,0.0768,-1.6684,0,1,0,2.09408,1
0.4929,4.6602,2.3824,11.9530,1.4053,0.0285,-0.9892,0,1,0,0.39093,1
0.3506,3.7421,2.7949,12.1308,2.8680,0.0112,-0.7806,0,1,0,0.78510,1
0.3983,4.1075,2.6620,12.3730,-1.8036,0.0061,-1.0936,0,1,0,1.03262,1
0.3518,3.7774,2.8003,12.9992,-2.8472,0.0933,-1.5792,0,1,0,1.88011,1
0.4222,4.2264,2.5814,12.5895,-2.4916,0.0300,-1.3976,1,2,0,1.16342,1
0.3572,3.8299,2.7879,13.0172,2.7759,0.0075,-1.4715,0,1,1,1.89077,1
0.4353,4.3496,2.5541,11.7537,1.8647,0.0255,-0.6795,0,1,0,0.28602,3
0.4375,4.2550,2.5200,11.5499,3.0347,0.0146,-0.4931,0,1,0,0.16705,3
0.3821,4.0613,2.7292,11.5544,3.0129,0.0193,-0.4253,0,1,0,0.33185,1
0.4100,4.0796,2.5984,12.5084,2.3463,0.0302,-1.2826,0,1,1,0.97615,1
0.4909,4.7459,2.4089,11.6591,-1.1642,0.0023,-0.6621,0,1,0,0.16351,3
0.3725,4.0520,2.7760,12.7141,-2.6900,0.1224,-1.4687,0,1,0,1.50900,1
0.4855,5.2710,2.5429,12.0383,-1.5586,0.0090,-1.0345,0,1,0,0.36091,1
0.3942,4.2441,2.7206,11.9172,2.5412,0.1007,-0.8323,0,1,0,0.58344,3
0.5268,5.4462,2.4024,12.1593,2.2340,0.0308,-1.2993,0,1,0,0.68515,1
0.3743,3.9463,2.7346,11.7854,-2.9672,0.1282,-0.7216,0,1,0,0.30200,1
0.4144,4.1575,2.5992,11.6919,-2.5520,0.0058,-0.5658,0,1,0,0.25806,3
0.4564,4.3468,2.4610,11.7541,-0.8221,0.0361,-0.7319,0,1,0,0.29861,1
0.4285,4.2366,2.5557,11.9327,-0.7287,0.0074,-0.7977,0,1,0,0.38818,1
0.4888,5.3482,2.5446,13.3162,2.3884,0.0363,-2.4465,0,1,2,2.04306,1
0.5398,5.2511,2.3147,12.0748,1.1185,0.0375,-1.2484,0,1,0,0.26942,1
0.3783,3.9073,2.7023,11.9185,-2.2949,0.0047,-0.6764,0,1,0,0.54163,1
0.4512,4.7521,2.5808,12.4203,2.9163,0.0327,-1.3420,0,1,0,1.06469,1
0.3857,4.1722,2.7431,13.2620,2.4510,0.0201,-1.8331,1,3,1,2.76890,1
0.3327,3.6424,2.8613,12.9356,-2.9331,0.1213,-1.4908,0,1,1,1.81563,1
0.3514,3.8505,2.8265,12.2601,2.4769,0.1287,-1.0375,0,1,0,1.04770,3
0.4026,4.0728,2.6314,11.7235,-2.4294,0.0664,-0.6465,0,1,0,0.38783,3
0.4916,5.1732,2.4961,11.8944,-1.9564,0.0322,-0.9355,0,1,0,0.22263,3
0.4518,4.4707,2.5111,12.3843,-2.4641,0.0113,-1.2756,0,1,3,1.28167,1
0.4189,4.4673,2.6604,12.9607,2.8559,0.0481,-1.7606,0,1,0,1.68615,1
0.4030,4.0510,2.6232,11.9475,1.5759,0.0022,-0.7482,0,0,0,0.00000,1
0.5839,5.8847,2.2527,12.7395,0.3518,0.0144,-2.1552,0,1,1,1.33196,1
0.4550,4.8360,2.5830,11.9151,2.9702,0.0841,-0.9419,0,1,0,0.38367,1
0.3973,4.2939,2.7190,11.6528,-2.6148,0.0389,-0.5476,0,1,0,0.17372,3
0.4099,4.2697,2.6511,12.3696,-2.9488,0.0405,-1.1760,0,1,0,0.80961,1
0.3956,3.9850,2.6401,12.0427,2.8880,0.0746,-0.9054,0,1,0,0.64200,1
0.4004,4.0866,2.6456,12.0642,-2.2224,0.0213,-0.8636,0,1,0,0.76595,3
0.4612,4.2908,2.4275,11.9063,1.3358,0.0028,-0.8375,0,0,0,0.00000,1
0.3990,4.1782,2.6783,12.4447,-2.9902,0.0299,-1.1915,0,2,0,1.04794,1
0.4051,4.2383,2.6653,12.7204,2.5890,0.0238,-1.4435,0,1,2,2.13979,1
0.3609,3.9291,2.7999,12.7011,-2.0710,0.0545,-1.3091,0,1,2,1.46694,1
0.4794,4.9384,2.4986,12.8325,-1.7950,0.0227,-1.8461,1,2,1,1.08060,1
0.4303,4.5127,2.6183,12.1508,1.6557,0.0020,-0.9876,0,0,0,0.00000,1
0.4046,4.2878,2.6816,13.1615,-3.1329,0.0544,-1.8967,0,1,1,1.85904,1
0.4177,4.4393,2.6586,13.1386,1.9184,0.0021,-1.8422,1,2,2,1.78964,1
0.5068,5.1550,2.4285,11.8827,-1.9558,0.0496,-0.9796,0,1,0,0.45553,1
0.4377,4.3166,2.5350,11.8955,2.2061,0.0280,-0.8120,0,1,0,0.41264,3
0.4887,4.4863,2.3611,11.9341,1.7389,0.0221,-0.9510,0,1,0,0.46742,1
0.4951,5.2486,2.4967,12.3648,-1.8606,0.0059,-1.3883,0,1,1,1.06598,1
0.3919,3.9885,2.6589,12.0794,-2.8544,0.0201,-0.8535,0,1,0,0.61845,3
0.5274,5.5411,2.4179,11.8212,3.1337,0.0260,-0.9300,0,1,0,0.41640,1
0.4798,4.5923,2.4204,11.9064,1.6341,0.0375,-0.9259,0,1,0,0.62787,1
0.3704,3.9840,2.7661,11.8342,3.1040,0.0175,-0.6139,0,1,0,0.21693,1
0.4752,4.8072,2.4877,12.1794,3.0233,0.0125,-1.1493,0,1,0,0.69152,1
0.4800,4.8481,2.4762,11.9748,-2.9304,0.0007,-0.9452,0,1,0,0.41980,3
0.4759,4.4947,2.4146,12.6087,0.5708,0.0116,-1.5779,1,1,2,1.10100,1
0.3638,3.8317,2.7537,13.1487,-2.2027,0.0054,-1.6033,1,1,1,1.20998,1
0.4300,4.6783,2.6613,11.7443,2.2509,0.0718,-0.7203,0,1,0,0.28142,3
0.4035,4.2870,2.6864,13.1140,-1.8787,0.0276,-1.7989,0,1,0,1.89728,1
0.3628,3.8075,2.7510,11.9568,-2.3262,0.0500,-0.7310,0,1,0,0.64854,3
0.3989,4.0142,2.6323,12.7873,-1.3417,0.0040,-1.4454,0,1,0,1.57245,1
0.4655,4.9420,2.5603,12.0984,-2.4614,0.0408,-1.0846,0,1,0,0.39241,3
0.4311,4.1871,2.5309,11.7854,2.2919,0.0333,-0.7087,0,1,0,0.25012,1
0.4455,4.3345,2.5049,11.7144,-1.0869,0.0011,-0.6323,0,1,0,0.21973,3
0.4589,4.5885,2.5081,12.4843,3.0850,0.0103,-1.3943,0,1,0,1.04705,1
0.4020,4.3234,2.7041,12.0728,2.4841,0.1148,-0.9995,0,2,0,0.68541,3
0.3979,4.0569,2.6493,12.0793,2.4206,0.0941,-0.9680,0,1,0,0.53771,1
0.4588,5.0080,2.6053,12.1605,-2.2598,0.0747,-1.1736,0,1,0,0.99265,3
0.5663,5.8587,2.3166,12.7428,-0.0147,0.0170,-2.0936,1,1,1,1.06933,1
0.3586,3.9259,2.8110,11.8796,3.0165,0.0382,-0.6504,0,1,0,0.55842,1
0.4205,4.4329,2.6437,12.5059,2.4225,0.1192,-1.4504,0,1,0,1.10415,1
0.3789,4.1581,2.7742,11.9131,2.6617,0.0450,-0.7257,0,1,0,0.49350,3
0.3694,3.8470,2.7291,11.8869,2.3541,0.0180,-0.6515,0,1,0,0.70341,1
0.4518,4.3368,2.4784,11.7953,2.5525,0.0180,-0.7374,0,1,0,0.18902,1
0.4677,4.9000,2.5410,11.8659,2.3210,0.0568,-0.8874,0,1,0,0.50623,3
0.3625,3.8531,2.7669,11.7052,2.0138,0.0365,-0.5278,0,1,0,0.28049,1
0.4190,4.1426,2.5740,11.8414,2.3629,0.0236,-0.7208,0,2,0,0.50269,3
0.4265,4.4938,2.6314,12.4942,-2.8519,0.0435,-1.3458,0,1,0,1.06198,1
0.3948,4.0795,2.6708,13.0034,-2.5907,0.0087,-1.6260,0,1,2,2.89750,1
0.4605,5.0469,2.6064,12.0062,2.8466,0.0458,-0.9908,0,1,0,0.30105,3
0.3458,3.7034,2.8084,12.4741,-2.4518,0.0545,-1.0806,0,1,1,1.22601,1
0.3620,3.8345,2.7635,12.1125,2.3639,0.1022,-0.9164,0,1,0,0.64868,3
0.3992,4.1544,2.6706,11.7256,-1.6380,0.0314,-0.5991,0,1,0,0.30795,1
0.4308,4.5262,2.6193,12.8229,1.7818,0.0044,-1.6067,0,1,1,0.93028,1
0.4785,5.0429,2.5252,11.8714,-2.0808,0.0050,-0.8489,0,1,0,0.43763,3
0.4879,5.1857,2.5145,11.7160,2.5915,0.0124,-0.7273,0,1,0,0.17413,3
0.3714,3.8723,2.7265,13.0087,-2.1687,0.0088,-1.5284,0,0,1,0.41342,1
0.4704,4.9590,2.5425,12.1656,-1.4683,0.0053,-1.1139,0,0,0,0.00000,1
0.3479,3.7496,2.8123,12.0928,-2.4019,0.0318,-0.7737,0,1,0,0.80818,1
0.3795,4.0761,2.7467,11.9525,-2.4066,0.0253,-0.7322,0,1,0,0.51114,1
0.4858,4.3936,2.3517,11.7134,0.4928,0.0374,-0.7487,0,1,0,0.35718,1
0.4263,4.1621,2.5461,12.0746,2.5700,0.0300,-0.9467,0,1,0,0.26219,1
0.5688,5.5668,2.2584,11.7649,-2.9896,0.0009,-0.9199,0,1,0,0.21170,1
0.5213,5.4036,2.4171,12.0491,2.6835,0.0126,-1.1399,0,1,0,0.27461,3
0.4577,4.5141,2.4957,11.8565,-1.5640,0.0232,-0.8127,0,1,0,0.38446,3
0.4376,4.6282,2.6133,12.1346,-2.9798,0.0474,-1.0545,0,1,0,0.79632,3
0.3885,4.1338,2.7179,12.9996,3.0601,0.0580,-1.6805,0,1,2,1.78106,1
0.4735,5.0689,2.5529,12.6730,-1.2574,0.0025,-1.6254,0,1,0,1.39173,1
0.4616,4.4669,2.4681,11.8229,-2.1176,0.0009,-0.7600,0,1,0,0.35370,3
0.3481,3.8279,2.8372,12.1534,-3.0509,0.0513,-0.8441,0,1,0,0.90993,3
0.3762,3.9151,2.7154,12.0668,-2.8902,0.0583,-0.8568,0,1,0,0.44605,3
0.3776,4.0714,2.7553,12.9242,-2.4765,0.0490,-1.5519,0,1,0,0.22433,1
0.4468,4.8706,2.6288,11.7851,-2.5110,0.0354,-0.7431,0,1,0,0.54298,3
0.4551,4.9221,2.6028,11.7772,-1.6793,0.0318,-0.7472,0,1,0,0.24141,1
0.3822,3.9727,2.7022,12.9248,-2.1311,0.0022,-1.4930,0,1,1,1.75549,1
0.3375,3.6631,2.8412,11.8828,2.7362,0.0898,-0.6753,0,1,0,0.68470,3
0.4207,4.5415,2.6707,11.7655,-2.6227,0.1027,-0.7599,0,1,0,0.40040,3
0.5969,5.4625,2.1377,12.3535,0.1869,0.0528,-1.7710,0,1,0,0.71669,1
0.4240,4.6224,2.6758,12.0425,-2.9585,0.0097,-0.8879,0,1,0,0.53412,1
0.5544,5.0631,2.2249,12.0999,-0.4979,0.0211,-1.2896,0,1,0,0.63540,1
0.4480,4.5701,2.5517,12.3686,-1.3955,0.0331,-1.2823,0,2,0,0.76992,1
0.3924,4.3307,2.7542,12.1293,-2.5198,0.0575,-0.9464,0,1,0,0.77557,2
0.3830,4.2269,2.7731,11.6487,2.6861,0.1951,-0.7094,0,1,0,0.20996,0
0.4243,4.3640,2.6080,11.7097,-2.8381,0.0473,-0.6494,0,1,0,0.36856,3
0.4796,4.9729,2.5054,11.9315,2.0328,0.0352,-0.9486,0,1,0,0.54493,3
0.4183,4.1883,2.5894,12.0568,-1.9010,0.0055,-0.8789,0,1,0,0.46597,3
0.4733,4.5036,2.4274,12.4925,-1.9853,0.0109,-1.4500,0,1,0,0.82037,1
0.5392,5.6581,2.3909,12.2486,-0.6913,0.0328,-1.4382,0,1,0,0.65962,1
0.4408,4.8329,2.6477,11.9347,-1.9953,0.0378,-0.8685,0,1,0,0.63148,1
0.3492,3.7474,2.8042,12.3869,3.0914,0.0270,-0.9866,0,1,1,1.16216,1
0.4441,4.6818,2.5962,11.7633,-1.7633,0.0054,-0.6801,0,1,0,0.30143,1
0.3320,3.6640,2.8729,13.1122,-2.4863,0.0537,-1.5121,0,1,3,1.70369,0
0.3550,3.8264,2.7987,13.3097,-2.7859,0.0065,-1.6947,0,1,1,2.13752,1
0.3791,4.0153,2.7306,12.1767,-2.1798,0.0246,-0.9058,0,1,1,0.78016,1
0.4211,4.6246,2.6903,12.0518,3.1351,0.0798,-0.9819,0,1,0,0.62815,3
0.4708,4.5088,2.4389,12.0171,2.7237,0.0058,-0.9691,0,1,1,0.59391,1
0.5340,5.4512,2.3744,12.1216,-2.4455,0.0307,-1.2770,0,1,0,0.60339,1
0.3944,4.3201,2.7410,13.2522,-2.6323,0.0801,-1.9782,0,1,0,2.27096,1
0.3624,3.8457,2.7654,12.8817,-2.7396,0.0081,-1.3860,0,1,1,1.43374,1
0.3539,3.8711,2.8193,12.1635,2.8638,0.0978,-0.9285,0,1,0,0.87111,3
0.3943,3.9845,2.6460,12.1632,-3.0550,0.0158,-0.9218,0,2,0,0.64424,1
0.3867,4.2655,2.7652,12.5092,2.7467,0.0877,-1.2905,0,1,0,1.34364,2
0.3541,3.7868,2.7904,12.1446,-2.7775,0.0780,-0.8886,0,1,0,0.72280,3
0.4340,4.5921,2.6210,12.4667,2.7850,0.0694,-1.3841,0,0,3,1.00486,1
0.3553,3.7719,2.7793,12.5825,-2.7753,0.0635,-1.2091,0,1,1,1.27952,1
0.4123,4.2856,2.6437,11.8971,2.6474,0.0006,-0.7253,0,1,0,0.63752,1
0.3529,3.8432,2.8155,11.8548,-2.4309,0.0925,-0.6888,0,1,0,0.41432,3
0.5078,5.2501,2.4432,13.0876,0.3159,0.0040,-2.2191,0,1,1,1.20596,1
0.3788,4.1508,2.7727,12.5677,-2.5260,0.0644,-1.2790,0,1,0,1.27982,1
0.3902,4.2870,2.7532,11.8212,2.3081,0.0463,-0.6778,0,1,0,0.57120,1
0.3977,4.3816,2.7414,13.0039,-2.5233,0.0352,-1.6855,0,1,1,1.68671,0
0.3445,3.7113,2.8181,12.4073,-2.7940,0.0139,-0.9688,0,1,1,0.82291,1
0.5296,4.8022,2.2686,11.9132,-0.3077,0.0108,-1.0068,0,1,0,0.36074,1
0.4515,4.5669,2.5353,12.0900,0.4405,0.0088,-0.9957,0,1,0,0.76999,1
0.4451,4.5372,2.5569,12.1575,-2.8563,0.0151,-1.0502,0,1,1,0.44314,3
0.3616,3.9725,2.8096,12.1330,2.6360,0.1175,-0.9508,1,1,0,0.69211,3
0.4153,4.1650,2.5969,12.5827,2.9744,0.0157,-1.3446,0,1,1,1.29468,1
0.5430,5.3832,2.3262,11.9534,-0.0779,0.0045,-1.0774,0,1,0,0.21483,3
0.3711,4.0665,2.7880,12.0046,-2.7508,0.0472,-0.7821,0,1,0,0.63753,3
0.3984,3.9887,2.6276,12.1497,-2.7132,0.0800,-1.0098,0,1,0,0.53594,1
0.4525,4.4230,2.4962,12.0819,2.4222,0.0047,-0.9841,0,1,0,0.75317,1
0.4744,5.0811,2.5516,12.5544,2.3486,0.0394,-1.5647,0,1,0,1.32924,1
0.4157,4.1824,2.6000,12.1033,2.5040,0.0613,-0.9885,0,1,0,0.58504,1
0.4256,4.5220,2.6427,11.9561,2.9608,0.0651,-0.8884,0,1,0,0.60362,1
0.3986,4.1251,2.6654,11.7856,2.7620,0.0613,-0.6836,0,1,0,0.49799,3
0.4681,4.6410,2.4809,12.4848,1.4020,0.0073,-1.4205,0,1,1,0.33425,1
0.4256,4.5576,2.6517,11.8654,2.4272,0.0013,-0.7277,0,1,0,0.61341,1
0.4479,4.7880,2.6045,12.0111,2.4511,0.0387,-0.9553,0,1,0,0.36858,3
0.4026,4.0675,2.6297,12.8518,2.6607,0.0428,-1.5826,0,1,2,1.28423,1
0.4530,4.7552,2.5733,12.2284,2.2225,0.0130,-1.1360,0,1,0,0.90144,3
0.3790,4.0939,2.7548,11.8279,-2.8272,0.1484,-0.7890,0,1,0,0.60395,1
0.4542,4.5086,2.5094,11.8372,-2.5958,0.0355,-0.8038,0,1,0,0.42315,1
0.5709,5.7233,2.2765,12.8134,-0.5105,0.0287,-2.2186,0,1,1,1.25941,1
0.3915,4.1800,2.7162,11.9511,-2.3069,0.0662,-0.8098,0,1,1,0.62177,3
0.4753,4.9588,2.5208,11.9819,-2.2832,0.0629,-1.0250,0,1,0,0.62904,1
0.3752,4.1323,2.7862,12.4487,3.0000,0.0111,-1.0920,0,1,0,1.03954,0
0.3763,4.1498,2.7853,12.7997,-2.6309,0.0524,-1.4461,0,1,0,1.59664,0
0.5116,4.7334,2.3235,11.6564,-2.9090,0.0021,-0.6941,0,1,0,0.15168,1
0.3678,3.9836,2.7797,11.5663,2.8090,0.0498,-0.4505,0,1,0,0.25575,3
0.4154,4.1236,2.5851,11.7546,2.4897,0.0424,-0.6650,0,0,2,0.28157,3
0.4420,4.2394,2.4965,11.8457,-2.5260,0.0187,-0.7640,0,1,0,0.30171,1
0.5499,5.6684,2.3496,11.9362,0.7949,0.0008,-1.0718,0,1,0,0.55523,3
0.4367,4.2097,2.5119,12.3252,1.5918,0.0258,-1.1949,0,1,0,0.92115,1
0.4377,4.4548,2.5699,12.0094,1.5135,0.0250,-0.9102,0,1,0,0.45646,1
0.4477,4.7556,2.5977,11.9381,2.4360,0.0559,-0.9100,0,1,0,0.41264,3
0.4342,4.7647,2.6626,11.4999,-2.5255,0.0354,-0.4722,0,1,0,0.16719,3
0.5337,4.9444,2.2804,11.9975,-2.1615,0.0018,-1.0957,0,1,0,0.49485,1
0.4620,4.8393,2.5526,11.8184,-0.4062,0.0046,-0.7637,0,1,0,0.58554,1
0.4421,4.6887,2.6071,11.9946,2.5475,0.0230,-0.9056,0,1,0,0.66775,3
0.3707,4.0808,2.7942,11.8508,-2.9187,0.0348,-0.6485,0,1,0,0.38987,1
0.4652,4.6671,2.4991,11.8163,1.9439,0.0072,-0.7703,0,0,0,0.00000,3
0.3798,3.9868,2.7188,11.9449,-1.8886,0.0139,-0.7120,0,1,0,0.79436,1
0.4135,4.2921,2.6396,12.3575,2.5867,0.0489,-1.1887,0,1,1,0.86292,1
0.3801,4.0855,2.7466,11.7537,2.6647,0.0841,-0.6527,0,1,0,0.44309,3
0.3611,3.8081,2.7600,12.0257,-3.0775,0.0305,-0.7536,0,1,0,0.72942,3
0.3551,3.8432,2.8037,11.5720,-2.6499,0.0171,-0.3986,0,1,0,0.24608,1
0.3778,3.9458,2.7165,12.9698,-2.7320,0.0532,-1.5998,0,1,1,1.56539,1
0.4450,4.2863,2.4955,11.8973,1.2992,0.0126,-0.8083,0,1,0,0.39497,3
0.4863,4.5214,2.3783,12.0950,-0.6923,0.0461,-1.1401,0,1,0,0.55815,1
0.4219,4.5611,2.6701,12.3332,3.0632,0.0620,-1.2113,0,1,1,0.62806,3
0.3650,3.8442,2.7511,11.8561,-2.6971,0.0191,-0.6213,0,1,0,0.37239,1
0.5033,5.4930,2.5101,11.8399,1.9909,0.0427,-0.9205,0,1,0,0.51445,3
0.4586,4.7164,2.5395,11.9156,2.5389,0.0756,-0.9390,0,1,0,0.36708,1
0.4558,4.3982,2.4764,12.0334,-2.9882,0.0080,-0.9512,0,1,0,0.53219,1
0.4148,4.3418,2.6470,12.0561,2.3334,0.0451,-0.9238,0,1,0,0.67390,3
0.4365,4.5118,2.5892,11.7306,2.6380,0.0661,-0.7129,0,1,0,0.44160,1
0.4698,4.8769,2.5268,11.8268,-0.7841,0.0018,-0.7835,0,1,0,0.23840,1
0.4101,4.4226,2.6912,12.1572,-2.8721,0.0918,-1.0625,0,1,0,0.69075,1
0.4059,4.1331,2.6326,11.7431,-1.3877,0.0200,-0.6105,0,1,0,0.24319,1
0.4178,4.2305,2.6029,11.9561,1.6237,0.0181,-0.8089,0,1,0,0.38029,1
0.3814,4.0258,2.7221,11.9581,2.1963,0.0141,-0.7260,0,1,0,0.58793,1
0.3545,3.8883,2.8215,11.6799,-2.1571,0.0525,-0.5161,0,1,0,0.30778,1
0.4014,4.2069,2.6745,11.7217,1.6012,0.0124,-0.5767,0,1,0,0.18849,1
0.4970,5.1299,2.4640,11.7158,1.2950,0.0152,-0.7468,0,0,0,0.00000,3
0.5077,5.4450,2.4822,11.9620,1.2548,0.0142,-1.0182,0,1,0,0.48581,1
0.5347,5.4387,2.3690,11.8399,0.9948,0.0312,-0.9717,0,1,0,0.37460,3
0.3781,3.9104,2.7043,12.1363,2.8196,0.1122,-0.9897,0,1,0,0.57341,1
0.4365,4.5461,2.5981,11.7247,-1.9620,0.0671,-0.7088,0,0,2,0.34172,3
0.5165,5.2716,2.4115,12.4435,-0.6589,0.0014,-1.5338,0,2,1,1.15416,1
0.3753,4.0917,2.7733,12.5441,2.8395,0.1133,-1.3200,0,1,1,1.13285,1
0.4380,4.7923,2.6514,11.9320,1.9406,0.0016,-0.8130,0,1,0,0.34699,1
0.4767,4.7902,2.4778,11.8551,-1.5542,0.0188,-0.8458,0,1,0,0.45771,3
0.4907,5.0803,2.4805,12.8122,0.8096,0.0157,-1.8597,0,1,1,1.46688,1
0.3484,3.8299,2.8359,12.6120,2.8841,0.0751,-1.2249,0,1,1,1.38016,1
0.4270,4.3649,2.5957,11.6322,1.6803,0.0071,-0.5387,0,1,0,0.34780,1
0.4162,4.2884,2.6260,11.5648,2.6260,0.0164,-0.4777,0,1,0,0.32036,3
0.4932,5.4195,2.5395,12.1134,2.0940,0.0262,-1.1539,0,2,0,0.70985,3
0.3962,4.2127,2.7017,11.8959,-2.5165,0.0270,-0.7250,0,1,0,0.22764,3
0.4041,4.3677,2.7060,11.9192,2.8631,0.0826,-0.8319,0,1,0,0.40937,3
0.3570,3.8543,2.7969,13.0595,2.8725,0.0699,-1.6120,0,1,1,1.15277,1
0.4944,5.0728,2.4634,12.1863,0.9462,0.0198,-1.2205,0,1,0,0.63790,1
0.4378,4.3952,2.5543,12.0457,-1.9338,0.0124,-0.9260,0,1,0,0.55039,3
0.4889,4.7487,2.4175,11.9316,1.1603,0.0551,-0.9953,0,0,0,0.00000,3
0.4262,4.5429,2.6450,11.8182,1.8116,0.0487,-0.7484,0,1,0,0.43866,1
0.5025,5.4232,2.5000,12.5191,-2.7998,0.0362,-1.6230,0,1,0,1.04139,1
0.4117,4.2497,2.6367,11.9101,2.0542,0.0703,-0.8249,0,1,0,0.43889,3
0.4081,4.2097,2.6429,12.0835,1.5185,0.0432,-0.9281,0,1,0,0.41743,1
0.3691,4.0623,2.7971,12.8840,-2.7296,0.0497,-1.4834,0,1,1,1.53648,1
0.4291,4.5744,2.6392,12.5763,3.1243,0.0610,-1.4582,0,1,1,1.15122,1
0.3663,3.8444,2.7445,11.9318,2.5832,0.0284,-0.6920,0,1,0,0.49009,3
0.4220,4.3949,2.6267,11.9094,2.3848,0.0345,-0.7999,0,1,0,0.38256,3
0.3883,4.0937,2.7072,13.0333,2.9888,0.0568,-1.7080,0,1,2,1.83303,1
0.3517,3.7846,2.8028,13.0521,-2.6745,0.0480,-1.5447,0,1,0,1.96721,1
0.4393,4.3141,2.5272,11.6853,-2.9402,0.0144,-0.6129,0,1,0,0.38696,3
0.3968,4.3731,2.7438,11.6630,2.7352,0.0375,-0.5532,0,1,0,0.21287,2
0.3605,3.9539,2.8098,12.8410,3.0089,0.1352,-1.5501,0,1,2,1.20422,1
0.4581,4.5532,2.5033,12.0977,2.0031,0.0181,-1.0321,0,1,0,0.49748,1
0.4687,4.8595,2.5278,11.9430,2.4398,0.0360,-0.9358,0,1,0,0.46176,3
0.4592,4.7016,2.5334,12.9896,2.7992,0.0052,-1.8912,0,1,1,1.93152,1
0.4567,4.7223,2.5490,11.5514,-1.3925,0.0337,-0.5467,0,1,0,0.20855,1
0.4908,5.0547,2.4749,11.8972,-1.6566,0.0264,-0.9283,0,1,0,0.50884,3
0.5236,4.8579,2.3023,12.5468,-0.5432,0.0207,-1.6981,0,1,3,1.75206,1
0.4466,4.4970,2.5404,11.9358,0.2069,0.0067,-0.8399,0,1,0,0.56241,1
0.4056,4.2231,2.6589,12.6380,2.0975,0.0288,-1.3801,0,1,0,1.28638,1
0.4533,4.4839,2.5076,12.0403,1.0920,0.0222,-0.9718,0,1,0,0.59833,1
0.3704,3.9781,2.7647,11.8662,2.4862,0.0313,-0.6550,0,1,0,0.25611,1
0.3487,3.8456,2.8396,13.3969,-2.4843,0.0316,-1.7810,0,1,2,2.15539,0
0.4238,4.1853,2.5632,12.0749,-2.1928,0.0436,-0.9597,0,1,0,0.48995,1
0.3584,3.9328,2.8146,11.7484,2.4614,0.0290,-0.5432,0,1,0,0.23916,1
0.3947,4.1342,2.6873,12.0965,3.0321,0.0015,-0.8498,0,1,1,0.83177,1
0.4372,4.5510,2.5961,11.9995,-2.8547,0.0307,-0.9083,0,1,0,0.15867,3
0.3773,4.0517,2.7511,11.8978,-2.9795,0.0914,-0.7691,0,1,0,0.29486,3
0.4525,4.2861,2.4631,12.1193,-0.7502,0.0257,-1.0473,0,1,0,0.21326,1
0.3922,4.0910,2.6873,12.1132,-2.5127,0.0592,-0.9347,0,1,0,0.56154,3
0.4854,5.1394,2.5159,12.4092,2.5039,0.0466,-1.4630,0,1,2,1.32274,1
0.3762,4.0006,2.7411,11.8150,2.4029,0.0345,-0.6314,0,1,0,0.26244,3
0.3924,4.1865,2.7135,13.0374,3.0352,0.0150,-1.6568,0,1,3,1.51759,1
0.4413,4.3028,2.5154,11.9505,1.6608,0.0085,-0.8429,0,1,0,0.45493,3
0.4399,4.4910,2.5687,12.1409,2.4569,0.0648,-1.0901,0,2,0,0.42695,1
0.3393,3.7188,2.8498,12.4431,-3.0266,0.1534,-1.1779,0,1,1,1.00107,1
0.4947,5.1240,2.4726,11.9078,-1.4024,0.0274,-0.9492,1,1,0,0.29196,3
0.4067,4.2965,2.6738,11.8760,1.9470,0.0401,-0.7469,0,1,0,0.27297,1
0.3645,3.9905,2.7997,11.7854,2.9240,0.1310,-0.7065,0,1,0,0.19954,3
0.4987,4.7535,2.3787,12.1227,-2.6659,0.0105,-1.1511,0,1,0,0.71337,1
0.4576,4.4531,2.4815,12.1222,-1.1519,0.0056,-1.0358,0,1,0,0.51324,1
0.3786,3.9009,2.6988,11.8698,-2.8674,0.0824,-0.7387,0,1,0,0.52743,1
0.3735,3.9555,2.7416,13.1208,2.4005,0.0170,-1.6461,0,1,1,1.94347,1
0.3718,3.9111,2.7366,11.7583,-2.6068,0.1084,-0.6715,0,1,0,0.17764,3
0.3927,4.0801,2.6817,11.8819,-3.0288,0.0547,-0.7414,0,1,0,0.53135,3
0.4014,4.0412,2.6282,11.6381,2.3862,0.0057,-0.5013,0,1,0,0.28514,3
0.3485,3.7679,2.8150,11.8764,-2.2531,0.0485,-0.6410,0,1,0,0.60272,1
0.4744,4.5840,2.4412,12.0961,2.0860,0.0158,-1.0685,0,1,0,0.34557,1
0.4945,4.5752,2.3576,12.0003,0.5764,0.0183,-1.0257,0,1,0,0.61426,1
0.4413,4.6424,2.5998,11.8016,1.8249,0.0367,-0.7480,0,1,0,0.28863,3
0.3736,4.0804,2.7785,11.7968,-2.3364,0.0217,-0.5972,0,1,0,0.65317,1
0.4616,4.3466,2.4392,12.2355,2.8568,0.0108,-1.1606,0,2,0,0.86431,1
0.4503,4.2268,2.4576,12.2948,-2.5928,0.0096,-1.1823,0,1,1,0.77606,1
0.4329,4.7463,2.6641,12.1403,2.6309,0.0535,-1.0561,0,1,0,0.74086,3
0.4218,4.3631,2.6192,11.8158,2.7028,0.0135,-0.6928,0,1,0,0.19582,3
0.3995,4.0489,2.6394,11.8885,2.6168,0.0984,-0.8172,0,1,0,0.49863,1
0.3955,4.2778,2.7235,12.3312,2.3239,0.0353,-1.0927,0,1,0,1.07727,3
0.5249,4.9751,2.3201,12.0783,-0.7570,0.0161,-1.1817,0,1,0,0.52701,1
0.3424,3.7060,2.8280,13.2300,-3.1298,0.0647,-1.6754,0,1,1,2.07459,1
0.3666,3.9026,2.7612,11.8353,-2.0093,0.0618,-0.6625,0,1,0,0.29422,1
0.3567,3.7907,2.7780,12.8816,2.5719,0.0099,-1.3658,0,1,1,1.60108,1
0.3442,3.7356,2.8283,12.1015,2.4954,0.0628,-0.8117,0,1,1,0.76648,3
0.4024,4.2252,2.6752,12.6602,-2.9452,0.0254,-1.3828,0,1,1,1.05993,1
0.3541,3.7866,2.7908,11.7296,-3.0991,0.1514,-0.6715,0,1,0,0.50845,1
0.5051,4.7126,2.3447,11.7918,0.1369,0.0081,-0.8260,0,1,0,0.56083,1
0.3999,4.2656,2.6983,11.7736,-2.1853,0.0888,-0.7106,0,1,0,0.50765,3
0.5635,5.3870,2.2480,12.3962,-0.9512,0.0139,-1.6533,0,2,0,0.55008,1
0.3883,4.2092,2.7406,12.0797,-2.9143,0.1542,-1.0236,0,1,0,0.47034,1
0.4798,4.9875,2.5076,11.8678,-1.8681,0.0292,-0.8792,0,1,0,0.14751,3
0.5062,5.4974,2.4988,13.0767,-2.7631,0.0238,-2.2377,0,2,0,1.27433,1
0.5094,5.4030,2.4666,11.9414,2.1647,0.0564,-1.0564,0,1,0,0.21978,3
0.4189,4.1575,2.5785,11.5720,2.3270,0.0006,-0.4680,0,1,0,0.28904,3
0.5501,5.6563,2.3467,11.9499,-0.4648,0.0321,-1.1297,0,1,0,0.51496,1
0.4331,4.2003,2.5257,11.8269,-1.7496,0.0163,-0.7266,0,1,0,0.33190,3
0.5198,5.3149,2.4062,12.4152,-2.3866,0.0327,-1.5618,0,1,1,0.78795,1
0.3942,4.3045,2.7379,12.4843,2.1304,0.0444,-1.2310,0,1,0,1.09075,1
0.5006,4.8929,2.4002,11.9033,2.3845,0.0036,-0.9244,0,1,0,0.61099,3
0.4805,5.1221,2.5334,12.0409,-1.2736,0.0379,-1.0628,0,1,0,0.42498,1
0.3983,4.1672,2.6790,12.0961,2.2309,0.0220,-0.8859,0,1,0,0.48255,3
0.4092,4.2607,2.6520,11.9869,2.6541,0.0664,-0.8794,0,1,0,0.54609,3
0.5311,5.6551,2.4235,12.5665,-2.9688,0.0327,-1.7733,0,1,1,0.94200,1
0.3943,4.2771,2.7296,11.9060,-2.6083,0.0552,-0.7652,0,1,0,0.44693,3
0.4982,5.1907,2.4716,12.0950,1.7144,0.0186,-1.1361,0,1,0,0.52257,3
0.4254,4.3425,2.5971,11.6933,2.4241,0.0020,-0.5813,0,1,0,0.34525,3
0.3612,3.9455,2.8030,12.0595,-2.4331,0.0509,-0.8060,0,1,1,0.78809,1
0.4047,4.2064,2.6587,11.8402,2.0492,0.0487,-0.7241,0,1,0,0.43195,3
0.3596,3.9328,2.8077,11.7225,-3.0243,0.1642,-0.6908,0,1,0,0.17789,1
0.4761,4.9091,2.5066,11.9384,0.7415,0.0050,-0.9074,0,1,0,0.56125,1
0.4058,4.1403,2.6351,11.6033,2.1712,0.0227,-0.5010,0,1,0,0.31892,3
0.3621,3.9775,2.8087,11.9013,2.9041,0.1353,-0.7957,0,1,0,0.25288,3
0.3875,4.0412,2.6959,11.5340,3.1017,0.0035,-0.3985,0,1,0,0.24232,1
0.5313,5.4444,2.3841,12.8652,-0.4793,0.0160,-2.0905,0,1,0,0.62769,1
0.3497,3.7623,2.8066,12.3127,2.7985,0.0491,-0.9635,0,1,0,1.06672,3
0.3743,4.0797,2.7748,13.0908,2.3831,0.0299,-1.6473,1,2,0,1.35487,1
0.3479,3.7159,2.8012,12.0297,-3.1351,0.1277,-0.8529,0,1,0,0.23349,1
0.4140,4.2402,2.6233,11.7418,-1.7232,0.0162,-0.6194,0,1,0,0.23258,1
0.4757,5.0940,2.5487,11.9474,1.7311,0.0011,-0.9111,0,1,0,0.27022,1
0.4798,4.8319,2.4735,12.1728,2.2677,0.0583,-1.2201,0,1,0,0.68751,1
0.4296,4.5343,2.6268,12.0515,-2.4658,0.0370,-0.9453,0,1,0,0.66681,3
0.4211,4.1204,2.5583,11.9518,-3.1179,0.0060,-0.7958,0,1,0,0.59180,3
0.3858,3.9961,2.6913,12.6521,2.7658,0.0435,-1.3434,0,1,0,1.56168,1
0.5132,5.1937,2.4097,11.9620,-1.8219,0.0640,-1.0965,0,1,0,0.53465,1
0.3619,3.8143,2.7578,12.7404,-2.8019,0.0806,-1.3867,0,1,0,1.38508,1
0.4811,4.9498,2.4938,11.7986,0.0504,0.0015,-0.7790,0,0,0,0.00000,1
0.4688,4.5081,2.4473,11.6591,1.7611,0.0142,-0.6389,0,1,0,0.42159,3
0.5336,5.6642,2.4147,11.9131,-1.0240,0.0316,-1.0503,0,1,0,0.45312,1
0.3800,4.0890,2.7482,13.1050,2.6275,0.0230,-1.6734,0,1,2,1.08290,1
0.4233,4.6426,2.6841,11.7735,-2.1526,0.0093,-0.6556,0,1,0,0.29827,1
0.3738,4.0333,2.7633,12.0333,2.7941,0.0529,-0.8180,0,1,0,0.41017,3
0.3520,3.8060,2.8085,11.9694,2.1868,0.0930,-0.7721,0,1,0,0.61931,3
0.3410,3.7049,2.8357,11.7230,2.7704,0.0745,-0.5511,0,1,0,0.32229,3
0.3920,4.1849,2.7151,12.7384,-3.0109,0.0095,-1.3868,0,1,0,1.35970,1
0.4005,4.3530,2.7198,11.8176,-2.2652,0.0362,-0.6820,0,1,0,0.43467,1
0.4358,4.7220,2.6444,12.1623,2.9877,0.0406,-1.0661,0,1,1,0.76391,3
0.3450,3.7638,2.8330,12.0866,2.5409,0.0339,-0.7651,0,1,0,0.53148,1
0.4640,4.8096,2.5370,12.0281,-2.1891,0.0038,-0.9630,0,1,0,0.42199,3
0.5081,4.9324,2.3780,11.6535,0.1002,0.0189,-0.7079,0,1,0,0.20653,1
0.4150,4.3821,2.6567,11.9200,-2.5444,0.0283,-0.7862,0,1,0,0.60925,3
0.4085,4.0429,2.5950,12.9129,-3.1184,0.0340,-1.6477,0,1,0,1.64594,1
0.5549,5.0366,2.2180,11.9805,0.8616,0.0227,-1.1576,0,1,0,0.27199,1
0.3860,3.9965,2.6900,12.9621,2.1566,0.0358,-1.5988,1,2,0,1.52721,1
0.4527,4.3744,2.4839,12.0239,-1.3438,0.0399,-0.9786,0,1,0,0.57214,1
0.3565,3.8121,2.7858,11.8554,-2.4850,0.0299,-0.6181,0,1,0,0.39695,1
0.4776,4.7327,2.4610,12.6117,-0.5571,0.0061,-1.5803,0,1,1,1.27033,1
0.4046,4.2667,2.6758,11.7751,-2.8609,0.0425,-0.6628,0,1,0,0.25661,3
0.5000,4.6409,2.3497,12.2709,-0.2507,0.0201,-1.3211,0,1,0,0.73029,1
0.4075,4.3099,2.6733,11.7079,-2.1945,0.0385,-0.6081,0,1,0,0.26793,3
0.4967,5.0868,2.4565,11.9233,-2.6928,0.0114,-0.9478,0,1,0,0.51225,3
0.4393,4.2019,2.4985,11.5758,-2.7155,0.0065,-0.5078,0,1,0,0.20734,3
0.3878,4.0458,2.6959,11.7852,-2.2386,0.0358,-0.6313,0,1,0,0.50009,3
0.3527,3.8270,2.8113,13.2296,2.7998,0.0146,-1.6336,0,1,1,2.11124,1
0.4897,5.0881,2.4864,12.4950,1.7234,0.0392,-1.5560,0,1,0,0.86694,1
0.4009,4.3248,2.7096,13.2712,-1.6650,0.0216,-1.9202,1,1,2,1.74414,1
0.4923,4.6737,2.3877,12.6541,-0.5032,0.0035,-1.6723,0,1,1,1.27688,1
0.4451,4.3261,2.5045,11.8941,2.8702,0.0296,-0.8285,0,1,0,0.23859,1
0.3636,3.8391,2.7567,11.9894,1.8057,0.0437,-0.7492,0,1,0,0.76705,1
0.3889,4.1242,2.7130,12.2674,-2.5255,0.0223,-1.0022,0,1,0,1.09093,3
0.3782,4.1261,2.7686,12.0536,2.1549,0.0928,-0.8964,0,1,0,0.79964,3
0.4860,4.7992,2.4406,12.1154,1.6374,0.0135,-1.1154,0,1,0,0.68751,1
0.5507,5.6123,2.3364,12.0743,-1.9734,0.0316,-1.2707,0,1,0,0.44349,1
0.4708,4.6149,2.4631,12.2458,2.4635,0.0355,-1.2343,0,1,0,0.48762,1
0.5091,4.7566,2.3380,11.9826,1.4922,0.0002,-1.0184,0,1,0,0.43471,1
0.4296,4.4623,2.6087,12.3210,2.2770,0.0150,-1.1558,0,1,0,0.82987,1
0.4649,4.6556,2.4979,11.8057,2.9816,0.0354,-0.7961,0,1,0,0.26253,1
0.4399,4.7011,2.6205,12.3465,3.0735,0.0106,-1.2047,0,2,0,1.03961,3
0.5047,4.5657,2.3156,11.8462,-0.7467,0.0116,-0.8834,0,1,0,0.44533,1
0.3754,4.0578,2.7626,12.6763,2.8906,0.0492,-1.3344,0,1,0,0.19500,1
0.4338,4.7419,2.6590,12.1176,-2.5955,0.0168,-0.9883,0,1,1,0.49839,3
0.4502,4.3233,2.4821,11.5663,-2.0973,0.0476,-0.5660,0,1,0,0.20845,1
0.4785,5.2333,2.5660,12.8994,2.2064,0.0383,-1.9412,0,1,0,1.47445,1
0.4945,5.3571,2.5214,11.6643,2.4244,0.0782,-0.7707,0,1,0,0.14097,1
0.3831,4.1420,2.7478,13.2464,2.5115,0.0509,-1.8632,0,1,0,1.12433,1
0.4297,4.4085,2.5946,11.9075,-1.0983,0.0005,-0.7705,0,0,0,0.00000,1
0.4653,4.7181,2.5103,11.7847,-1.8631,0.0108,-0.7461,0,1,0,0.22279,3
0.3729,4.0485,2.7730,13.1551,2.7546,0.0255,-1.6877,0,1,1,2.04625,1
0.4890,5.3144,2.5364,12.0187,-1.4497,0.0074,-1.0218,0,1,0,0.29995,1
0.5320,5.3248,2.3591,11.8456,-1.9452,0.0172,-0.9527,0,1,0,0.14089,1
0.5407,5.2284,2.3068,12.7931,-1.0954,0.0199,-2.0494,0,1,0,1.53023,1
0.3871,4.2596,2.7612,11.9918,-2.1374,0.0442,-0.8046,0,1,0,0.22362,1
0.3282,3.6049,2.8736,12.0689,-2.8457,0.0678,-0.7573,0,1,0,0.61429,3
0.4509,4.6339,2.5543,11.8866,3.0183,0.0335,-0.8402,0,1,0,0.54212,1
0.4684,4.7176,2.4970,12.9366,0.6168,0.0074,-1.8807,0,1,0,1.64326,1
0.3433,3.7827,2.8492,11.9140,2.7982,0.1849,-0.8287,0,1,0,0.54254,2
0.3983,4.2588,2.7046,11.8465,3.1383,0.1237,-0.8115,0,0,0,0.00000,1
0.4929,4.9133,2.4360,12.0469,1.3111,0.0532,-1.1197,0,1,0,0.65231,3
0.4100,4.2872,2.6553,11.7435,-2.0072,0.0895,-0.7049,0,1,0,0.19191,3
0.3665,3.8949,2.7590,12.2054,2.1461,0.0211,-0.8903,0,1,0,1.01739,1
0.4400,4.4900,2.5680,11.8909,-2.5734,0.0400,-0.8292,0,1,0,0.39348,3
0.4052,4.2342,2.6636,12.0695,2.0914,0.0019,-0.8541,0,1,0,0.44709,1
0.3831,4.1987,2.7644,13.1455,-2.5692,0.0441,-1.7604,0,1,1,1.83321,1
0.4143,4.2392,2.6217,11.9992,2.1320,0.0008,-0.8149,0,1,0,0.62023,1
0.3401,3.7496,2.8559,13.2323,2.8082,0.0695,-1.6734,0,1,0,2.13748,0
0.4072,4.2555,2.6601,12.5234,-2.4340,0.0997,-1.3919,0,1,1,0.98747,1
0.4045,4.3400,2.6962,11.8015,-3.1173,0.1301,-0.7940,0,1,0,0.48312,1
0.4228,4.2823,2.5936,11.6814,2.1030,0.0027,-0.5675,0,1,0,0.24303,3
0.4322,4.2693,2.5475,11.5537,3.0396,0.0568,-0.5399,0,1,0,0.22478,1
0.4038,4.3283,2.6967,11.9983,1.8758,0.0206,-0.8170,0,1,0,0.68536,1
0.3707,3.8781,2.7318,12.9130,-2.4603,0.0420,-1.5023,0,1,0,0.76578,1
0.4039,4.1095,2.6356,11.9569,3.0593,0.0448,-0.8137,0,1,0,0.46286,3
0.4142,4.1980,2.6110,11.7873,-1.3407,0.0352,-0.6813,0,1,0,0.29770,1
0.5869,5.3681,2.1585,12.0738,-0.2052,0.0213,-1.3473,0,1,0,0.60783,1
0.4269,4.1746,2.5466,11.7967,-0.8218,0.0085,-0.6787,0,1,0,0.43002,1
0.4036,4.2802,2.6842,11.7883,3.0369,0.0717,-0.7082,0,1,0,0.35280,3
0.3902,4.2306,2.7372,12.4658,2.9473,0.1278,-1.3240,0,1,1,1.24992,1
0.4500,4.2677,2.4693,12.1401,-1.8323,0.0315,-1.0683,0,1,0,0.51852,1
0.4127,4.4706,2.6914,12.9281,-2.7136,0.0379,-1.6858,0,1,0,1.47395,1
0.3596,3.8565,2.7837,12.4789,2.7425,0.0946,-1.1869,0,1,0,0.18885,1
0.4055,4.3504,2.6940,11.4604,2.2004,0.0185,-0.3826,0,1,0,0.19739,1
0.4531,4.9060,2.6082,11.9830,-2.2009,0.0433,-0.9479,0,1,0,0.35073,3
0.5305,5.3172,2.3635,11.9353,0.5413,0.0307,-1.0639,0,1,0,0.42371,1
0.4447,4.7300,2.6054,12.8082,1.3460,0.0226,-1.6793,0,1,2,1.65890,1
0.5111,4.7432,2.3276,11.8758,0.2847,0.0655,-1.0012,0,1,0,0.49509,1
0.4010,4.0854,2.6426,12.8495,-1.5658,0.0219,-1.5384,0,2,1,1.20979,1
0.4183,4.1182,2.5706,11.5971,1.4894,0.0262,-0.5186,0,1,0,0.24921,3
0.3846,3.9813,2.6926,11.8004,2.6894,0.0800,-0.6927,0,1,0,0.42723,3
0.3840,4.0948,2.7291,11.9693,-3.0103,0.0213,-0.7499,0,1,0,0.58078,3
0.4318,4.2764,2.5509,12.7314,-0.2297,0.0055,-1.5246,0,0,1,0.96015,1
0.3741,4.0482,2.7664,12.0781,-2.9617,0.0299,-0.8233,0,1,0,0.69323,3
0.3711,3.9183,2.7426,12.7836,-2.9009,0.0553,-1.4172,0,1,1,1.36908,1
0.4827,4.9876,2.4951,12.9481,2.1409,0.0090,-1.9594,1,1,1,1.09877,1
0.5044,5.1140,2.4299,12.9461,1.6124,0.0036,-2.0429,0,2,0,1.13354,1
0.3542,3.7547,2.7797,12.2004,2.8764,0.0387,-0.8777,0,1,1,0.52788,3
0.4882,5.1430,2.5046,11.8939,1.7140,0.0359,-0.9323,0,0,2,0.38263,3
0.4717,4.8274,2.5074,12.5590,2.2127,0.0199,-1.5285,0,1,0,0.88398,1
0.3691,3.9743,2.7703,12.3371,3.0191,0.0608,-1.0550,0,1,0,0.86987,3
0.4628,4.7531,2.5294,12.9040,-1.6684,0.0016,-1.8137,0,1,1,1.74281,1
0.4199,4.4947,2.6628,13.1417,-2.2870,0.0132,-1.8757,0,1,0,1.99839,1
0.4273,4.6561,2.6687,13.0762,-2.1734,0.0027,-1.8297,0,1,0,1.98954,1
0.4078,4.2975,2.6685,12.4842,2.9736,0.0058,-1.2187,0,1,0,1.09373,1
0.3518,3.8106,2.8111,12.7074,2.9850,0.1396,-1.4121,0,1,0,1.38264,1
0.4114,4.4971,2.7046,12.0474,2.8053,0.0873,-0.9640,0,1,0,0.39221,3
0.4192,4.4068,2.6431,11.7068,1.8014,0.0174,-0.6014,0,1,0,0.33039,1
0.4164,4.0841,2.5698,12.2366,-2.1194,0.0390,-1.0760,0,1,0,0.86778,1
0.3554,3.8526,2.8050,11.9255,2.7739,0.0709,-0.7187,0,1,0,0.40498,3
0.4930,4.7180,2.3944,12.1452,-0.3180,0.0303,-1.1871,0,1,0,0.22516,1
0.4260,4.5494,2.6479,11.9419,1.8942,0.0100,-0.8054,0,1,0,0.24568,1
0.3957,4.2777,2.7226,12.2528,1.6561,0.0555,-1.0556,0,0,3,0.86966,1
0.4314,4.5523,2.6229,11.9875,3.0806,0.0796,-0.9489,0,1,0,0.57478,1
0.3699,3.9627,2.7623,12.1313,-2.1747,0.0182,-0.8383,0,1,0,0.63859,1
0.3485,3.7468,2.8079,11.8117,-2.6693,0.0300,-0.5720,0,1,0,0.37913,1
0.4738,5.2110,2.5822,12.0583,2.6996,0.0339,-1.0583,0,1,0,0.77418,3
0.4526,4.3483,2.4778,11.7759,-0.9084,0.0153,-0.7179,0,1,0,0.44568,3
0.4772,5.1737,2.5590,12.0755,-2.7411,0.0152,-1.0585,0,1,0,0.53320,3
0.4306,4.2403,2.5469,11.6334,-1.9914,0.0091,-0.5473,0,1,0,0.20163,3
0.3917,4.2490,2.7349,11.9847,-3.0717,0.1051,-0.8880,0,1,0,0.62055,1
0.3910,4.1378,2.7066,12.3248,3.0049,0.0150,-1.0449,0,1,3,1.53486,3
0.4187,4.6175,2.7003,12.0738,-2.5480,0.0227,-0.9195,0,0,0,0.00000,0
0.5108,5.0391,2.3887,11.6505,3.0264,0.0123,-0.7017,0,0,0,0.00000,1
0.4115,4.0543,2.5843,12.0476,-0.9087,0.0106,-0.8613,0,1,1,0.50326,1
0.4823,5.2199,2.5461,12.7378,-2.2248,0.0320,-1.7747,0,2,2,1.69282,1
0.5156,5.4734,2.4540,12.3732,1.9865,0.0015,-1.4569,0,1,0,0.33954,1
0.4195,4.5036,2.6667,11.9055,-1.7126,0.0127,-0.7638,0,1,0,0.57816,1
0.3705,3.9609,2.7584,11.9220,3.1056,0.0661,-0.7417,0,1,0,0.69588,3
0.3897,4.2398,2.7422,12.2091,-2.9178,0.0727,-1.0260,0,1,1,0.88286,3
0.4708,4.9955,2.5485,12.1421,-1.2473,0.0430,-1.1445,0,1,3,1.14040,1
0.4398,4.2423,2.5069,12.0265,-1.0670,0.0417,-0.9524,0,1,0,0.52549,1
0.4271,4.2853,2.5744,11.8977,-2.7222,0.0708,-0.8476,0,1,0,0.58631,1
0.3395,3.6667,2.8307,12.4264,2.5793,0.0692,-1.0463,0,1,0,1.18901,2
0.4285,4.3850,2.5940,12.3053,2.4349,0.0104,-1.1314,1,1,0,0.65555,1
0.4594,4.9721,2.5945,12.2454,-2.5501,0.0729,-1.2554,0,1,0,0.97712,1
0.3680,3.9003,2.7531,11.5474,-3.1154,0.0277,-0.4108,0,1,0,0.22431,3
0.4530,4.9298,2.6139,12.6064,-2.2921,0.0281,-1.5230,0,2,0,1.19417,1
0.4916,4.8965,2.4379,11.6734,-2.1575,0.0053,-0.6821,0,1,0,0.29572,3
0.4288,4.1695,2.5366,11.7024,-1.6692,0.0509,-0.6550,0,1,0,0.32591,3
0.4142,4.3051,2.6401,12.7837,2.2794,0.0527,-1.5829,1,2,0,0.71252,1
0.4344,4.5190,2.6008,11.7417,-2.7683,0.0683,-0.7216,0,1,0,0.31680,1
0.3846,4.0342,2.7082,12.7227,2.9850,0.0252,-1.3704,0,1,0,1.47462,1
0.3769,3.9484,2.7217,12.0788,-2.4450,0.0115,-0.8059,0,1,2,0.90365,1
0.4673,4.9110,2.5452,11.8999,-1.0187,0.0168,-0.8670,0,1,0,0.50100,1
0.4590,4.9890,2.6001,11.9556,2.6265,0.0139,-0.8978,0,1,0,0.48017,3
0.3886,4.1109,2.7108,12.0912,-2.6439,0.0679,-0.9195,0,1,0,0.65120,3
0.4355,4.2921,2.5385,11.7202,1.3819,0.0112,-0.6325,0,1,0,0.31542,3
0.4747,4.9639,2.5246,12.0040,-2.3035,0.0538,-1.0331,0,1,0,0.67800,3
0.4939,4.5103,2.3457,12.3361,-1.2168,0.0115,-1.3565,0,1,0,0.78780,1
0.4248,4.2025,2.5634,12.0542,0.1055,0.0002,-0.8849,0,1,0,0.81436,1
0.4492,4.2708,2.4732,11.9535,-1.0545,0.0467,-0.9141,0,0,0,0.00000,1
0.3564,3.9087,2.8178,12.0355,2.8956,0.1233,-0.8705,0,1,0,0.84323,3
0.4049,4.2031,2.6565,11.8873,-2.5195,0.1463,-0.8891,0,1,0,0.23453,1
0.4876,4.4752,2.3629,12.5083,-0.3062,0.0233,-1.5336,0,1,1,1.14392,1
0.4126,4.4202,2.6781,11.6100,2.5098,0.0956,-0.6053,0,1,0,0.25018,3
0.4551,4.9127,2.6004,12.3726,-2.1614,0.0684,-1.3605,0,2,0,0.51336,3
0.4682,4.8176,2.5204,11.5790,2.4023,0.0482,-0.6070,0,1,0,0.34994,1
0.4456,4.4018,2.5212,11.6470,-1.4070,0.0363,-0.6171,0,1,0,0.38219,3
0.3697,4.0159,2.7799,11.6408,2.8870,0.0234,-0.4765,0,1,0,0.38314,1
0.4865,4.4212,2.3552,12.0301,-1.0971,0.0017,-1.0121,0,1,0,0.22093,1
0.4677,4.6531,2.4851,11.9973,-1.6842,0.0006,-0.9371,0,1,0,0.52123,3
0.4163,4.2620,2.6184,12.4296,1.8963,0.0084,-1.2015,0,2,0,0.85278,1
0.3547,3.7775,2.7844,11.7187,2.8955,0.1196,-0.6257,0,1,0,0.28532,3
0.3777,4.0384,2.7451,12.0682,-3.0263,0.0941,-0.9087,0,1,0,0.75180,3
0.3425,3.7059,2.8275,11.5372,2.6263,0.0869,-0.4393,0,1,0,0.21959,3
0.3889,3.9809,2.6713,13.0279,2.0269,0.0029,-1.6108,0,1,1,1.82218,1
0.3964,4.2632,2.7151,11.6057,3.0306,0.0319,-0.5005,0,1,0,0.25968,3
0.4234,4.6086,2.6752,11.8117,2.1562,0.0701,-0.7642,0,1,0,0.49690,3
0.4384,4.3588,2.5426,12.0663,1.5229,0.0326,-0.9731,0,1,0,0.70983,1
0.3643,3.8803,2.7664,12.4153,-2.2823,0.0759,-1.1242,0,1,0,1.15014,1
0.3726,4.0028,2.7605,13.0626,1.9822,0.0300,-1.6158,0,1,1,1.78415,1
0.5473,5.3512,2.3035,12.1299,1.5193,0.0035,-1.2824,0,1,0,0.74397,1
0.3902,4.1800,2.7228,11.6980,-2.9883,0.0693,-0.6084,0,1,0,0.25854,3
0.3961,4.0801,2.6650,11.7344,1.7038,0.0217,-0.5886,0,0,2,0.27422,1
0.3696,3.9792,2.7692,12.8086,-2.8075,0.0345,-1.3985,0,1,1,1.52515,1
0.4902,4.4529,2.3476,11.9695,0.0003,0.0073,-0.9689,0,1,0,0.50471,1
0.3905,4.1763,2.7201,12.2843,2.2008,0.0250,-1.0244,0,0,1,0.38350,1
0.4055,4.2805,2.6749,11.8460,1.8557,0.0069,-0.6778,0,1,0,0.49635,1
0.3956,4.1447,2.6855,11.6137,-2.7648,0.1451,-0.6416,0,1,0,0.32763,1
0.3643,4.0225,2.8105,13.0567,2.4278,0.0628,-1.6293,0,1,0,1.89741,0
0.4508,4.4185,2.5026,12.1220,-1.6383,0.0256,-1.0461,0,1,0,0.44259,1
0.3495,3.8071,2.8225,12.2650,-2.6545,0.1238,-1.0296,0,1,0,0.83905,3
0.5328,5.1933,2.3311,12.6395,-1.1374,0.0165,-1.8330,0,2,1,1.01432,1
0.4107,4.2883,2.6521,12.6975,-2.6688,0.0065,-1.4168,0,1,1,1.12272,1
0.4585,4.5750,2.5066,11.6873,-1.2615,0.0187,-0.6535,0,1,0,0.25895,3
0.3834,4.2051,2.7648,11.7144,-2.8163,0.1270,-0.6800,0,1,0,0.43263,3
0.4274,4.3720,2.5958,11.8138,-2.8348,0.0265,-0.7181,0,1,0,0.35506,3
0.5589,5.4973,2.2844,11.9695,-1.7293,0.0319,-1.1715,0,1,0,0.42504,1
0.3595,3.8192,2.7723,11.6887,-2.0499,0.0672,-0.5481,0,1,0,0.19807,1
0.4295,4.7202,2.6741,12.2735,1.9037,0.0070,-1.1030,0,1,0,0.92341,1
0.3961,4.2308,2.7077,11.6903,-2.8392,0.0167,-0.5480,0,1,0,0.23552,1
0.3986,4.3453,2.7268,11.8910,-2.1715,0.0820,-0.7961,0,1,0,0.51255,3
0.3773,4.1644,2.7842,12.7183,2.8792,0.0465,-1.3724,0,1,2,1.56456,0
0.3549,3.9024,2.8240,13.2591,3.0317,0.0977,-1.8198,0,1,0,2.12907,1
0.3577,3.7995,2.7757,12.8194,2.9646,0.0500,-1.3853,0,1,1,1.45164,1
0.5319,5.0937,2.3159,11.9771,-0.3681,0.0215,-1.0980,0,1,0,0.35369,1
0.5116,5.4852,2.4733,12.5713,-2.4483,0.0198,-1.6872,0,1,2,1.44745,1
0.4567,4.9803,2.6088,12.0280,1.7671,0.0052,-0.9484,0,1,0,0.30291,1
0.4936,4.6044,2.3674,12.4727,1.4697,0.0030,-1.4849,0,1,0,0.83355,1
0.5646,5.5312,2.2686,11.8894,-0.6934,0.0136,-1.0686,0,1,0,0.25999,3
0.4220,4.1049,2.5498,11.8842,-2.6076,0.0458,-0.7923,0,1,0,0.51016,1
0.4824,5.1452,2.5299,12.9628,0.6992,0.0039,-1.9667,0,1,1,1.37330,1
0.4145,4.1801,2.6048,11.8232,-2.2927,0.0186,-0.6906,0,1,0,0.24120,3
0.4155,4.2344,2.6147,11.8884,2.8735,0.0006,-0.7244,0,1,0,0.49849,1
0.4087,4.3735,2.6845,12.4910,-2.6561,0.1068,-1.3777,0,1,0,1.25455,1
0.3924,4.1705,2.7091,11.9949,1.7484,0.0598,-0.8391,0,1,0,0.49397,1
0.4650,4.9476,2.5636,12.4935,-1.2399,0.0206,-1.4419,0,1,0,1.21927,1
0.4332,4.4981,2.6013,12.0816,-2.8161,0.0331,-0.9754,0,1,0,0.52629,3
0.4076,4.3622,2.6870,11.8601,-2.9715,0.0632,-0.7650,0,1,0,0.34618,3
0.3357,3.6814,2.8574,13.0039,2.8468,0.1092,-1.5382,0,1,1,1.63331,1
0.5435,5.4224,2.3313,12.0600,-0.3750,0.0262,-1.2269,0,1,0,0.39006,1
0.3601,3.8079,2.7652,12.3897,-2.7562,0.0530,-1.0586,0,1,0,0.63631,1
0.4046,4.1344,2.6392,12.9492,1.2365,0.0055,-1.6143,0,1,2,1.52097,1
0.4011,4.3358,2.7120,12.2902,2.1258,0.0114,-1.0410,0,1,0,0.73996,1
0.3428,3.7076,2.8266,12.3248,2.6624,0.0196,-0.9117,0,1,0,1.17614,1
0.5381,5.7016,2.4032,12.6634,-1.4540,0.0094,-1.8743,0,1,1,0.78799,1
0.3702,3.9695,2.7628,12.0598,-2.5634,0.0582,-0.8370,0,1,0,0.72824,3
0.5168,5.5644,2.4665,12.5204,-1.6487,0.0272,-1.6614,0,1,1,0.73213,1
0.4015,4.2017,2.6726,11.7407,-2.7819,0.0164,-0.5969,0,1,0,0.22011,3
0.4430,4.4767,2.5513,12.0143,-3.0470,0.0294,-0.9332,0,1,0,0.64864,1
0.4080,4.4200,2.7005,13.2766,-2.8076,0.0456,-2.0059,0,1,2,1.84075,1
0.3713,3.9546,2.7526,11.6972,3.0514,0.0128,-0.5077,0,1,0,0.42125,1
0.3904,3.9529,2.6556,12.1251,2.3989,0.0369,-0.9097,0,1,1,0.68155,3
0.5416,5.5365,2.3594,12.1801,-2.2632,0.0329,-1.3670,0,1,0,0.50620,1
0.5091,5.2163,2.4309,11.8914,0.9992,0.0523,-0.9976,0,1,0,0.38453,1
0.4685,4.8920,2.5358,12.3880,-2.5551,0.0016,-1.3200,0,1,0,0.92792,1
0.3428,3.7406,2.8373,11.9078,-2.9060,0.1789,-0.8160,0,1,0,0.56218,1
0.3426,3.7356,2.8369,11.8101,2.5265,0.0496,-0.5842,0,0,0,0.00000,1
0.4616,5.0543,2.6032,11.8262,2.4190,0.1083,-0.9028,0,1,0,0.43867,1
0.3350,3.6835,2.8625,12.7631,-3.0564,0.0817,-1.3020,0,1,0,1.54657,1
0.3479,3.7693,2.8188,12.2172,-2.7056,0.1547,-1.0308,0,1,0,0.90859,1
0.3654,4.0177,2.8032,11.5256,-2.8631,0.0179,-0.3806,0,1,0,0.24066,1
0.3477,3.8348,2.8417,12.8618,3.0055,0.0476,-1.3745,0,1,1,1.77823,0
0.4152,4.1356,2.5896,11.9220,2.9449,0.0040,-0.7556,0,1,0,0.45119,3
0.4213,4.2265,2.5857,12.0282,1.2505,0.0431,-0.9121,0,1,0,0.32513,1
0.3697,4.0619,2.7936,11.9683,2.6790,0.0415,-0.7440,0,1,0,0.59124,1
0.4974,4.7634,2.3863,11.6732,-0.6925,0.0092,-0.6956,0,1,0,0.26845,3
0.4507,4.5985,2.5465,11.5909,2.6945,0.0646,-0.6103,0,1,0,0.22519,1
0.5835,5.8960,2.2557,12.1032,-2.7204,0.0033,-1.3537,0,1,0,0.34479,1
0.5432,5.1564,2.2839,11.8492,-1.9407,0.0000,-0.9561,0,1,0,0.39117,1
0.3908,4.1492,2.7109,11.8425,2.9954,0.0299,-0.6749,0,1,0,0.24516,3
0.4810,4.9244,2.4886,11.7534,2.5062,0.0254,-0.7658,0,1,0,0.37931,3
0.5163,5.0298,2.3651,12.3931,1.5433,0.0072,-1.4846,0,1,0,0.99213,1
0.4230,4.4163,2.6275,11.7662,-1.3233,0.0209,-0.6624,0,1,0,0.57480,1
0.4441,4.6749,2.5948,12.1344,1.8717,0.0159,-1.0282,0,1,2,1.19769,3
0.3956,4.1375,2.6838,11.5418,2.9116,0.1461,-0.5845,0,1,0,0.18064,1
0.4088,4.4275,2.6989,12.0213,2.8687,0.1267,-0.9871,0,1,0,0.55176,1
0.4333,4.3675,2.5677,11.5405,1.7508,0.0205,-0.4867,0,1,0,0.29982,3
0.3938,4.2877,2.7353,13.3273,2.4645,0.0208,-1.9336,1,1,0,1.43249,1
0.4664,4.3257,2.4146,11.8271,-1.1338,0.0509,-0.8381,0,0,0,0.00000,1
0.4530,4.3696,2.4812,11.6047,2.4299,0.0113,-0.5602,0,1,0,0.18229,3
0.4192,4.3624,2.6316,12.1801,2.4207,0.0094,-0.9937,0,1,0,0.91183,3
0.4982,5.4535,2.5245,12.0078,-2.5040,0.0889,-1.1423,0,1,0,0.24669,1
0.4592,4.3350,2.4467,11.9408,2.5177,0.0118,-0.8776,0,1,0,0.47671,1
0.4422,4.4313,2.5438,12.0598,0.6170,0.0064,-0.9411,0,1,0,0.61034,1
0.5296,5.6641,2.4314,11.9768,-2.9396,0.0210,-1.0958,0,1,0,0.32222,3
0.3696,4.0051,2.7769,12.9386,-2.6156,0.0260,-1.4919,0,1,0,0.16206,1
0.4085,4.0716,2.6029,12.1425,-1.9827,0.0276,-0.9576,0,2,0,0.54262,1
0.4431,4.6718,2.5985,12.2959,2.8218,0.0279,-1.1918,0,1,0,0.56135,3
0.6030,5.5811,2.1343,11.9313,-0.6206,0.0383,-1.2409,0,1,0,0.21647,1
0.4289,4.2641,2.5609,12.0874,-2.2644,0.0255,-0.9588,0,1,0,0.40148,1
0.4093,4.4133,2.6927,12.6593,-2.5111,0.0374,-1.4263,0,1,1,1.05539,1
0.4608,4.6747,2.5199,12.1588,1.8469,0.0014,-1.0746,0,1,0,0.79760,1
0.4588,4.4886,2.4851,12.3565,0.9995,0.0170,-1.2792,0,1,1,0.68927,1
0.4347,4.2899,2.5416,12.6735,-1.9835,0.0507,-1.5550,0,1,2,0.73336,1
0.4065,4.0997,2.6202,11.7352,1.3976,0.0021,-0.5829,0,1,0,0.46328,1
0.3389,3.6731,2.8362,12.0921,2.4871,0.0424,-0.7658,0,1,0,0.89223,1
0.5360,5.3547,2.3488,12.1549,0.4462,0.0385,-1.3298,0,1,0,0.80550,1
0.5395,5.5193,2.3646,12.0789,1.3120,0.0216,-1.2321,0,1,0,0.47077,3
0.4001,4.1438,2.6632,12.0118,-2.7106,0.0205,-0.8189,0,1,0,0.81836,3
0.4526,4.8290,2.5924,11.6700,-2.6406,0.0117,-0.6205,0,0,0,0.00000,3
0.3709,3.8960,2.7368,12.0666,-3.0819,0.0142,-0.7857,0,1,0,0.62336,1
0.4477,4.6586,2.5742,11.6815,-1.2500,0.0560,-0.6765,0,1,0,0.29744,1
0.4114,4.4585,2.6941,11.7999,2.9732,0.0246,-0.6740,0,1,0,0.20147,3
0.4626,5.0916,2.6070,12.5403,-2.5033,0.0558,-1.5338,0,1,1,1.19168,3
0.5700,5.3373,2.2153,11.8174,1.0406,0.0342,-1.0242,0,1,0,0.38954,1
0.4466,4.3159,2.4959,12.1970,-2.8723,0.0122,-1.0850,0,1,0,0.70622,1
0.4839,4.7872,2.4465,12.4209,-0.9800,0.0159,-1.4222,0,0,0,0.00000,1
0.3811,4.0392,2.7276,11.8151,-2.4625,0.0066,-0.6058,0,1,0,0.20585,1
0.4398,4.4707,2.5643,11.9719,-1.4343,0.0232,-0.8791,0,1,0,0.47244,1
0.4826,4.8678,2.4699,12.2851,2.5894,0.0109,-1.2732,0,0,0,0.00000,1
0.5078,5.0116,2.3954,12.2252,2.6220,0.0155,-1.2918,0,1,1,0.83362,1
0.4407,4.5044,2.5685,12.1233,1.7914,0.0513,-1.0572,0,1,0,0.32201,3
0.4580,4.3411,2.4530,11.6741,-0.0267,0.0030,-0.6198,0,1,0,0.34438,3
0.4256,4.4795,2.6317,12.1089,1.5027,0.0436,-0.9950,0,1,0,0.79818,1
0.4231,4.1910,2.5679,11.6238,-1.4585,0.0126,-0.5318,0,1,0,0.34680,1
0.4710,4.7369,2.4903,12.5629,0.7773,0.0058,-1.5070,0,1,1,1.12702,1
0.3821,4.1372,2.7517,12.0476,2.3828,0.0180,-0.8029,0,1,0,0.22548,1
0.3579,3.7993,2.7743,13.1717,-2.0681,0.0163,-1.6145,0,1,1,2.02355,1
0.3745,3.9847,2.7454,12.6496,2.8840,0.0857,-1.3651,0,1,1,0.95079,1
0.3706,4.0645,2.7898,11.6928,-2.3652,0.0298,-0.5242,0,1,0,0.25705,1
0.4909,5.0535,2.4739,12.2941,2.3356,0.0021,-1.2958,0,1,0,0.84238,1
0.4419,4.3419,2.5225,12.0322,2.8008,0.0245,-0.9396,0,1,0,0.51537,1
0.4125,4.4277,2.6807,11.9201,2.9719,0.0937,-0.8652,0,1,0,0.46063,1
0.4761,4.6357,2.4458,11.7306,0.9190,0.0022,-0.7039,0,1,0,0.20841,3
0.3874,4.2534,2.7577,11.8761,2.7364,0.1988,-0.9084,0,1,0,0.26632,1
0.4198,4.4709,2.6571,11.7474,2.6132,0.1063,-0.7470,0,1,0,0.24170,1
0.4562,4.3998,2.4750,11.7729,-1.1182,0.0296,-0.7405,0,1,0,0.36841,3
0.4166,4.3296,2.6352,12.3077,2.1727,0.0186,-1.1104,0,1,0,1.10137,1
0.4678,5.0969,2.5842,11.6569,-2.2799,0.0327,-0.6608,0,1,0,0.25804,3
0.4894,4.5144,2.3643,12.3654,0.2703,0.0130,-1.3754,0,1,1,0.88065,1
0.4389,4.7664,2.6410,11.9495,1.9725,0.0620,-0.9088,0,1,0,0.53856,3
0.4379,4.4419,2.5655,12.9377,2.7422,0.0204,-1.7728,0,1,1,1.25544,1
0.5237,5.5381,2.4325,12.1025,-0.0572,0.0064,-1.1959,0,1,0,0.55176,1
0.4649,4.6939,2.5067,11.5053,0.8429,0.0282,-0.5097,0,1,0,0.16950,1
0.5035,5.0053,2.4118,11.8370,0.8186,0.0454,-0.9192,0,1,0,0.48695,1
0.3298,3.6169,2.8687,13.0444,-3.0948,0.0886,-1.5097,0,1,2,2.31415,1
0.3596,3.9645,2.8179,13.4059,3.1175,0.0168,-1.8173,1,2,1,2.45793,0
0.4557,4.4032,2.4780,11.9761,0.1549,0.0074,-0.8972,0,1,0,0.25717,1
0.4600,4.4903,2.4803,11.9005,2.1407,0.0001,-0.8275,0,1,0,0.47008,3
0.5514,5.0084,2.2259,12.0219,-0.7232,0.0283,-1.2034,0,1,0,0.41442,1
0.4370,4.7002,2.6335,11.7016,1.5182,0.0244,-0.6371,0,1,0,0.15625,1
0.5516,5.1669,2.2540,12.0859,0.6139,0.0319,-1.2830,0,1,0,0.77457,1
0.4150,4.2917,2.6324,12.8698,-2.9548,0.0123,-1.5984,0,1,0,1.59486,1
0.4125,4.0619,2.5820,11.9152,-2.6027,0.0541,-0.8094,0,1,0,0.42011,1
0.4232,4.1427,2.5549,11.6851,2.1321,0.0709,-0.6553,0,1,0,0.15952,1
0.3706,4.0748,2.7932,12.3871,-2.8390,0.1401,-1.2115,0,1,0,1.17151,1
0.4757,5.2391,2.5797,11.7287,2.4804,0.0006,-0.7028,0,1,0,0.16950,0
0.4614,4.7572,2.5362,11.7113,-2.2776,0.0770,-0.7543,0,1,0,0.39501,1
0.4429,4.7274,2.6128,12.6194,-1.4417,0.0167,-1.4806,0,1,0,1.27580,1
0.4297,4.2440,2.5522,11.5812,-2.1635,0.0007,-0.4916,0,1,0,0.33222,3
0.4463,4.8640,2.6297,11.7304,-2.2120,0.0030,-0.6527,0,1,0,0.42116,1
0.4092,4.1885,2.6320,11.6710,3.0175,0.0165,-0.5535,0,1,0,0.15555,3
0.4473,4.7451,2.5969,11.7721,2.1987,0.0243,-0.7179,0,1,0,0.33291,3
0.4843,4.7335,2.4333,12.0502,-0.5109,0.0155,-1.0487,0,1,0,0.80058,1
0.4290,4.3671,2.5873,11.6641,2.0822,0.0360,-0.6044,0,1,0,0.20721,3
0.4549,4.6545,2.5412,11.8305,-2.1782,0.0100,-0.7669,0,1,0,0.44776,3
0.3987,4.0231,2.6357,12.3338,2.4228,0.0256,-1.0897,0,2,0,0.94047,1
0.4580,4.6858,2.5347,12.0232,-2.5195,0.0486,-1.0037,0,1,1,0.38982,1
0.4746,4.9462,2.5211,12.0468,2.1802,0.0199,-1.0290,0,1,0,0.54635,3
0.3726,3.9813,2.7542,11.6689,-2.3622,0.0108,-0.4865,0,1,0,0.26107,1
0.5475,5.2299,2.2808,12.6995,1.9956,0.0012,-1.9327,0,1,1,1.44244,1
0.4504,4.7269,2.5783,11.8838,1.9337,0.0402,-0.8458,0,1,0,0.57168,3
0.3986,4.0112,2.6329,11.9911,-1.6582,0.0074,-0.7808,0,1,0,0.73730,1
0.4276,4.7083,2.6799,12.9613,2.9326,0.0692,-1.8348,0,2,0,0.72864,0
0.3877,4.1316,2.7215,11.8574,-2.5608,0.0882,-0.7542,0,1,0,0.41284,3
0.4083,4.1904,2.6370,12.4454,-3.0805,0.0140,-1.1980,0,1,2,1.07554,1
0.4301,4.1985,2.5386,12.0569,2.2403,0.0008,-0.9006,0,1,0,0.24651,1
0.5710,5.7233,2.2761,12.2703,-0.8980,0.0451,-1.5772,0,1,0,0.84746,1
0.4484,4.6748,2.5749,11.7212,-1.7490,0.0353,-0.6878,0,1,0,0.38757,3
0.4046,4.4438,2.7241,12.1559,-2.5163,0.0075,-0.9330,0,1,0,0.88968,1
0.4643,4.5972,2.4867,11.9093,2.0510,0.0073,-0.8551,0,1,0,0.23955,3
0.4629,5.0400,2.5939,11.8476,2.2142,0.0650,-0.8708,0,1,0,0.51017,3
0.4055,4.1003,2.6255,11.9996,-2.6836,0.0724,-0.8896,0,1,0,0.67936,1
0.4219,4.6148,2.6839,13.0983,-2.9665,0.0136,-1.8454,0,1,1,1.46162,1
0.3500,3.7682,2.8069,12.5512,3.0201,0.0109,-1.0885,0,1,0,1.33108,1
0.3732,4.0939,2.7853,13.1842,-2.7475,0.0222,-1.7079,0,1,1,2.04241,1
0.3748,4.0489,2.7632,12.1043,2.9938,0.0349,-0.8519,0,1,0,0.75571,3
0.3376,3.6798,2.8464,13.0367,2.7271,0.0677,-1.5028,0,1,0,1.84042,1
0.5080,4.6807,2.3267,12.1748,1.9783,0.0064,-1.2228,0,1,0,0.51298,1
0.4945,4.5892,2.3603,12.2869,-1.9000,0.0074,-1.3021,0,1,0,0.71057,1
0.3902,4.0242,2.6777,11.9693,-2.7363,0.0775,-0.8364,0,1,0,0.49229,1
0.3425,3.7526,2.8432,13.1848,-2.4839,0.0536,-1.6185,2,2,1,1.84505,1
0.4420,4.4253,2.5428,12.3740,2.8016,0.0155,-1.2421,0,1,1,0.96831,1
0.4614,4.6397,2.5091,11.8260,-1.6301,0.0102,-0.7757,0,1,0,0.19347,3
0.4650,4.7215,2.5127,12.6991,-0.7435,0.0112,-1.6309,0,1,1,1.14856,1
0.3913,4.0335,2.6749,12.2101,1.7761,0.0067,-0.9399,0,1,0,0.94027,1
0.3485,3.8279,2.8350,11.7058,3.0426,0.2538,-0.7680,0,1,0,0.37334,1
0.4043,4.3059,2.6877,13.0688,2.1966,0.0214,-1.7501,0,1,0,1.91023,1
0.3531,3.8316,2.8107,12.3902,-2.4000,0.0444,-1.0253,0,1,1,1.04739,1
0.4208,4.1542,2.5686,12.0491,-1.2734,0.0232,-0.9021,0,1,0,0.62605,1
0.4415,4.6787,2.6076,12.1088,-2.9295,0.0406,-1.0317,0,1,0,0.30477,3
0.4565,4.4930,2.4960,12.7801,0.8934,0.0170,-1.6875,0,1,2,1.51698,1
0.4125,4.5456,2.7118,11.8208,2.3437,0.0441,-0.7181,0,1,0,0.35832,2
0.4473,4.6056,2.5636,11.6899,-2.8311,0.0699,-0.7004,0,1,0,0.22381,1
0.4910,5.0133,2.4652,12.1216,-1.5047,0.0205,-1.1460,0,1,0,0.33466,3
0.3938,3.9704,2.6443,11.9808,1.6557,0.0063,-0.7603,0,1,0,0.76423,1
0.4721,4.9936,2.5424,12.2348,2.3157,0.0920,-1.3088,0,1,0,0.85721,1
0.3592,3.8490,2.7834,12.1487,2.1507,0.0752,-0.9008,0,1,0,0.51441,3
0.3638,3.8430,2.7569,11.8525,2.4136,0.0255,-0.6245,0,1,0,0.40886,1
0.4479,4.9441,2.6411,12.2377,-2.4311,0.0311,-1.1567,0,1,0,0.48653,2
0.4279,4.1276,2.5296,11.8585,3.0342,0.0025,-0.7257,0,1,0,0.28271,3
0.3682,4.0337,2.7931,12.3450,-2.3707,0.0810,-1.0869,0,1,1,0.83792,3
0.4055,4.0460,2.6100,11.6479,2.1551,0.0425,-0.5604,0,1,0,0.15701,3
0.3763,3.8786,2.7034,12.0532,-3.0973,0.1037,-0.9069,0,1,0,0.26914,1
0.4442,4.6420,2.5862,11.7020,1.6801,0.0276,-0.6535,0,1,0,0.37031,1
0.4198,4.1470,2.5714,12.2489,-1.8964,0.0168,-1.0645,0,1,1,0.81380,1
0.4478,4.6965,2.5829,12.1926,1.7869,0.0077,-1.0807,0,1,1,0.77997,1
0.4016,4.1132,2.6476,11.4967,-2.0524,0.0259,-0.4144,0,1,0,0.23163,3
0.4784,5.0825,2.5343,12.4963,2.9923,0.0330,-1.5091,0,1,1,1.21526,1
0.4379,4.7400,2.6391,11.9648,2.2892,0.0150,-0.8591,0,1,0,0.57011,1
0.5281,5.6428,2.4335,11.8945,-2.9210,0.0213,-1.0042,0,1,0,0.42738,3
0.4240,4.6048,2.6712,13.0106,-2.1333,0.0153,-1.7745,2,2,1,1.52217,1
0.4146,4.1967,2.6087,11.6467,2.7057,0.0125,-0.5375,0,1,0,0.28568,3
0.4699,5.0904,2.5736,12.0013,1.0894,0.0025,-0.9513,0,1,0,0.51429,1
0.3988,4.2004,2.6856,11.9633,-2.5303,0.0835,-0.8584,0,1,0,0.50408,3
0.3736,4.0662,2.7746,13.0477,-2.6912,0.0464,-1.6357,1,1,1,1.62383,1
0.4873,4.5536,2.3816,12.1277,1.9251,0.0091,-1.1229,0,1,0,0.73017,1
0.3713,3.8645,2.7247,12.9726,2.6431,0.0291,-1.5328,0,1,0,1.87811,1
0.4072,4.1748,2.6379,11.9553,2.9493,0.0824,-0.8691,0,1,0,0.46069,1
0.3667,3.9870,2.7865,11.8203,2.9041,0.1222,-0.7266,0,1,0,0.42430,3
0.4079,4.3344,2.6783,12.7231,-3.0556,0.0040,-1.4253,0,2,0,1.32763,1
0.3594,3.9282,2.8075,12.8595,-2.5448,0.0550,-1.4322,0,1,1,1.66864,1
0.3670,3.9874,2.7851,12.1176,2.9701,0.0857,-0.9104,0,1,1,0.85640,3
0.4116,4.2301,2.6321,12.2462,1.2805,0.0180,-1.0416,0,1,0,0.61922,1
0.4109,4.0902,2.5971,12.2472,-2.5443,0.0597,-1.0993,0,1,0,0.62992,1
0.3852,4.0619,2.7135,12.2535,-2.3850,0.0496,-1.0184,0,1,1,0.73840,3
0.3723,3.9195,2.7366,12.7138,3.0903,0.0319,-1.3270,0,1,1,1.29875,1
0.3644,3.9693,2.7935,13.3206,-3.0329,0.0290,-1.7935,0,1,1,2.06107,1
0.3774,4.1425,2.7773,12.5583,-2.8605,0.0489,-1.2434,0,1,1,1.42527,1
0.5028,5.3598,2.4861,11.8980,1.2149,0.0653,-1.0080,0,0,0,0.00000,1
0.6325,5.9749,2.0860,12.1188,0.1227,0.0329,-1.5502,0,1,0,0.49932,1
0.3995,4.0885,2.6508,11.8183,1.8961,0.0351,-0.6787,0,1,0,0.50185,3
0.5488,5.4343,2.3125,11.8900,-1.4235,0.0137,-1.0337,0,1,0,0.45814,3
0.3709,4.0159,2.7735,13.1665,-2.7564,0.0599,-1.7497,0,1,1,1.05943,1
0.3594,3.8057,2.7684,12.6134,2.2199,0.0131,-1.1713,0,1,0,1.45177,1
0.5254,5.4673,2.4121,12.2454,-1.1719,0.0108,-1.3611,0,1,0,0.80876,3
0.4098,4.1059,2.6065,12.1106,-2.4757,0.0245,-0.9295,0,1,0,0.66021,1
0.4516,4.3145,2.4738,12.2986,-1.3881,0.0230,-1.2101,0,0,0,0.00000,1
0.3853,4.2052,2.7549,13.3070,2.0280,0.0252,-1.8804,0,1,0,2.21343,1
0.3743,4.1214,2.7876,13.0703,2.3550,0.0406,-1.6480,0,1,3,2.33223,0
0.5016,4.5827,2.3312,12.1507,-1.1594,0.0140,-1.1909,0,1,0,0.69379,1
0.4067,4.1568,2.6353,12.1262,-1.8856,0.0303,-0.9432,0,1,0,0.34965,3
0.3752,4.0481,2.7609,11.7073,2.9500,0.1022,-0.6304,0,1,0,0.42327,3
0.4576,5.0525,2.6211,11.5842,2.5717,0.0264,-0.5698,0,1,0,0.21269,2
0.3820,4.1174,2.7460,11.7680,-2.4716,0.0772,-0.6589,0,1,0,0.20015,3
0.3474,3.8242,2.8398,12.9760,-2.5668,0.0180,-1.4146,0,1,0,1.64231,0
0.4619,4.8427,2.5539,12.6933,2.3368,0.0135,-1.6182,0,1,0,1.37544,1
0.4067,4.1881,2.6439,11.8258,3.1383,0.0958,-0.7759,0,1,0,0.46199,1
0.6117,5.8033,2.1362,12.0753,-0.1009,0.0613,-1.4776,0,1,0,0.19998,1
0.4277,4.2249,2.5560,12.0760,-2.7946,0.0005,-0.9114,0,1,0,0.48922,1
0.4455,4.7319,2.6022,11.7381,2.7116,0.1160,-0.7986,0,1,0,0.40384,1
0.4952,4.7441,2.3910,11.7037,-0.7529,0.0128,-0.7263,0,1,0,0.21157,3
0.5356,5.5317,2.3827,12.2237,-1.2158,0.0433,-1.4139,0,1,0,0.72938,1
0.4066,4.1037,2.6209,11.9195,-2.2042,0.0107,-0.7442,0,1,0,0.43256,3
0.3437,3.6954,2.8174,13.0157,-2.5768,0.0496,-1.4829,1,1,1,1.12087,1
0.4281,4.3419,2.5847,11.7833,2.3258,0.0731,-0.7521,0,1,0,0.42488,1
0.3986,4.1211,2.6641,11.6485,2.5791,0.0038,-0.5032,0,1,0,0.33923,1
0.4455,4.5866,2.5669,11.9910,-2.8571,0.0359,-0.9269,0,1,0,0.60361,1
0.4670,4.5696,2.4692,11.7459,-1.6652,0.0130,-0.7152,0,1,0,0.46109,3
0.4428,4.4236,2.5389,12.0496,2.2584,0.0911,-1.0488,0,1,0,0.65380,1
0.4300,4.2535,2.5531,11.8625,-1.4312,0.0103,-0.7441,0,1,0,0.54620,3
0.5078,4.9030,2.3734,12.5890,-1.6702,0.0087,-1.6698,0,1,0,0.91143,1
0.5075,5.0719,2.4088,12.1898,0.4096,0.0077,-1.2429,0,1,1,0.46524,1
0.3908,4.1052,2.6982,12.1385,2.5940,0.0830,-0.9843,0,2,0,0.80548,3
0.4485,4.2595,2.4733,11.5647,1.4228,0.0120,-0.5185,0,1,0,0.17825,3
0.3944,4.3346,2.7454,11.7287,-2.6125,0.0705,-0.6416,0,1,0,0.41223,3
0.4651,5.1318,2.6045,12.2892,-2.8078,0.0284,-1.2527,0,1,0,0.89078,2
0.4743,4.7604,2.4812,12.2321,-3.0164,0.0156,-1.2028,0,1,0,0.50562,1
0.4770,5.2124,2.5680,11.9173,-3.1406,0.0945,-1.0073,0,1,0,0.54246,1
0.4553,4.9946,2.6182,12.1075,1.7566,0.0001,-1.0125,0,1,0,0.72084,1
0.4346,4.5576,2.6094,11.8665,-2.7360,0.0330,-0.7874,0,1,0,0.33338,3
0.5064,5.5341,2.5048,11.9496,2.8946,0.0805,-1.0904,0,1,0,0.69130,1
0.4132,4.1709,2.6085,12.0037,-1.5243,0.0378,-0.8649,0,1,1,0.39097,1
0.4283,4.4846,2.6204,13.0268,2.5584,0.0523,-1.8740,0,1,1,1.54604,1
0.3551,3.8986,2.8212,12.5554,-3.1075,0.0760,-1.2051,0,1,1,1.38091,1
0.4627,4.6308,2.5014,12.0307,2.9989,0.0014,-0.9579,0,1,0,0.70458,3
0.4138,4.5199,2.6990,13.0857,2.4252,0.0369,-1.8365,0,1,1,2.07139,1
0.3421,3.7433,2.8424,12.9089,-2.1934,0.0396,-1.3758,1,2,1,1.60021,1
0.4559,4.7987,2.5704,11.8181,-1.8441,0.0066,-0.7538,0,1,0,0.43720,1
0.5642,5.8519,2.3238,12.2026,2.7215,0.0178,-1.4381,0,1,0,0.63015,1
0.5159,4.9255,2.3457,12.1458,-0.5126,0.0418,-1.2670,0,1,0,0.79552,1
0.4194,4.2684,2.6055,11.9786,-2.4114,0.0298,-0.8474,0,1,0,0.62521,3
0.4909,5.0436,2.4719,11.7850,-1.7202,0.0440,-0.8400,0,1,0,0.34197,3
0.4765,5.1173,2.5500,11.6715,3.0390,0.0046,-0.6546,0,1,0,0.30912,3
0.4670,4.4686,2.4457,12.2592,2.3091,0.0189,-1.2112,0,1,0,0.50802,1
0.3775,3.9261,2.7119,11.6149,2.6281,0.0044,-0.4461,0,1,0,0.23656,1
0.3718,4.0331,2.7741,13.2254,2.7638,0.0437,-1.7757,0,0,3,1.12602,1
0.5361,5.5774,2.3887,12.0815,2.4961,0.0044,-1.2028,0,1,0,0.38136,3
0.4490,4.2564,2.4704,11.7510,-0.0046,0.0061,-0.6768,0,1,0,0.48826,3
0.3993,4.2268,2.6907,12.0070,-2.8760,0.0626,-0.8686,0,1,0,0.72112,3
0.4086,4.0621,2.6000,11.8362,2.3074,0.0142,-0.6840,0,1,0,0.60005,3
0.4640,4.6462,2.4997,11.8391,2.3861,0.0059,-0.7873,0,1,0,0.52253,3
0.5039,5.1862,2.4467,12.0569,1.0498,0.0684,-1.1797,0,1,0,0.23933,1
0.4748,4.8828,2.5064,12.2584,2.6358,0.0499,-1.2802,0,1,0,0.69383,1
0.4725,4.9405,2.5292,12.0595,-2.7264,0.0074,-1.0192,0,1,0,0.45820,3
0.3540,3.8820,2.8220,13.1488,-3.0594,0.1113,-1.7451,0,1,1,2.13544,1
0.3359,3.6659,2.8512,13.2815,-2.9204,0.0493,-1.6562,1,2,0,1.33731,1
0.3684,4.0066,2.7835,13.0794,-2.9115,0.1068,-1.7445,0,1,0,2.02632,1
0.4948,5.3340,2.5152,12.8834,1.7771,0.0196,-1.9626,0,1,0,1.66846,1
0.3435,3.7051,2.8215,13.2516,2.2399,0.0335,-1.6413,0,1,1,2.00116,1
0.5367,5.6545,2.4002,12.1454,1.0812,0.0227,-1.3010,0,1,0,0.59099,1
0.4633,4.3514,2.4334,12.5109,0.1956,0.0207,-1.4492,0,1,0,0.40651,1
0.4308,4.4629,2.6035,12.0768,-1.9809,0.0628,-1.0052,0,1,0,0.48739,3
0.4361,4.1906,2.5098,11.9752,-0.0725,0.0022,-0.8442,0,1,0,0.64112,1
0.4845,4.8235,2.4520,12.0558,1.9325,0.0315,-1.0774,0,1,0,0.32915,1
0.3717,4.0397,2.7766,11.8691,-2.3006,0.0499,-0.6831,0,1,0,0.36679,1
0.4305,4.6762,2.6581,12.3301,-1.7317,0.0561,-1.2263,0,1,0,0.79986,1
0.4632,4.5061,2.4702,11.8325,0.9540,0.0107,-0.7851,0,1,0,0.19993,3
0.4227,4.6483,2.6884,11.9769,-3.0925,0.0076,-0.8259,0,1,0,0.72359,1
0.3597,3.8192,2.7709,11.7090,2.7674,0.0403,-0.5306,0,1,0,0.26758,3
0.5030,5.2140,2.4563,12.1949,-1.5688,0.0182,-1.2518,0,1,0,0.74559,3
0.4241,4.4529,2.6321,11.7466,1.4881,0.0124,-0.6372,0,0,0,0.00000,1
0.3933,4.3034,2.7418,12.6790,-2.3677,0.0489,-1.4024,0,1,1,1.03873,1
0.3588,3.9300,2.8111,12.1927,2.4189,0.1384,-1.0186,0,1,0,0.97516,3
0.3501,3.8239,2.8249,12.9163,2.9732,0.0763,-1.4746,0,1,1,1.49131,1
0.3350,3.6631,2.8551,12.4133,-2.6640,0.1699,-1.1652,0,1,1,0.98474,1
0.4157,4.1763,2.5981,11.8322,-2.1820,0.0177,-0.6993,0,1,0,0.31152,3
0.4192,4.6241,2.6994,11.8384,2.6287,0.0343,-0.7340,0,1,0,0.53732,2
0.4273,4.3486,2.5902,11.7562,2.2145,0.0566,-0.7062,0,1,0,0.28853,3
0.6361,5.8874,2.0611,11.9051,-0.0171,0.0891,-1.3607,0,1,0,0.55275,1
0.3725,3.9928,2.7582,13.2488,2.9879,0.0064,-1.7306,1,2,0,2.01554,1
0.3982,4.0890,2.6572,12.5102,2.4314,0.0190,-1.2281,0,1,0,1.25291,1
0.4025,4.2288,2.6753,12.5010,3.0646,0.0708,-1.3126,1,2,0,0.94805,1
0.3921,4.1014,2.6904,12.7333,-2.6858,0.0118,-1.3862,0,1,3,6.22718,1
0.3632,3.9264,2.7863,11.9388,2.0514,0.0503,-0.7189,0,1,0,0.43239,1
0.3391,3.6839,2.8389,12.7426,3.1321,0.0278,-1.2190,0,1,0,1.37200,1
0.4614,5.0463,2.6023,11.8130,1.6248,0.0277,-0.7879,0,1,0,0.36591,1
0.3604,3.8010,2.7616,12.9221,3.0161,0.0626,-1.5011,0,1,0,1.79417,1
0.3598,3.8691,2.7865,12.5333,3.1141,0.0634,-1.1851,0,1,1,1.12216,1
0.5047,5.4036,2.4867,12.4254,-2.1375,0.0058,-1.4839,0,1,0,0.65258,1
0.3354,3.6898,2.8623,12.8844,2.6654,0.0276,-1.3103,0,1,0,1.42426,1
0.4806,4.6259,2.4247,11.9355,-1.6798,0.0032,-0.9101,0,1,0,0.58866,1
0.3679,3.8895,2.7501,12.7136,2.4742,0.0259,-1.3011,0,1,0,1.39705,1
0.3330,3.6691,2.8687,13.0037,-2.6855,0.0509,-1.4286,0,1,1,1.83416,0
0.4040,4.1314,2.6411,11.7535,1.9150,0.0184,-0.6137,0,1,0,0.31460,1
0.4610,4.2839,2.4269,11.7770,2.5565,0.0067,-0.7230,0,0,0,0.00000,1
0.3982,4.3209,2.7221,11.9172,3.1055,0.0080,-0.7224,0,1,0,0.37888,1
0.3807,4.0940,2.7460,11.9897,2.5694,0.1540,-0.9308,0,1,0,0.46365,1
0.5349,5.6485,2.4066,11.9258,-2.3035,0.0276,-1.0617,0,1,0,0.71105,3
0.4334,4.2797,2.5446,11.5969,2.2321,0.0065,-0.5176,0,1,0,0.28770,3
0.4122,4.3103,2.6507,11.6554,-2.4148,0.0196,-0.5499,0,1,0,0.35117,3
0.3848,3.9728,2.6890,11.8533,-2.8966,0.0455,-0.6913,0,1,0,0.20901,3
0.4125,4.2372,2.6298,12.7955,-1.6558,0.0067,-1.5111,0,1,2,1.22558,1
0.4434,4.5462,2.5664,11.8931,2.4114,0.0271,-0.8217,0,0,2,0.28081,3
0.4191,4.4735,2.6611,12.5434,-2.5730,0.0542,-1.3820,0,1,1,1.08654,1
0.4872,4.9424,2.4663,11.9659,-2.6191,0.0310,-0.9941,0,1,0,0.48271,1
0.3647,3.8205,2.7452,11.7190,1.9729,0.0153,-0.5157,0,1,0,0.31814,1
0.3793,4.0050,2.7265,13.0414,-2.6279,0.0756,-1.7077,0,1,0,1.89855,1
0.4002,4.2384,2.6892,12.1288,-2.8373,0.0766,-0.9918,0,1,0,0.85343,1
0.3689,3.9333,2.7583,11.9370,-2.9144,0.1254,-0.8257,0,1,0,0.42700,1
0.3845,3.9277,2.6770,11.8276,-2.5069,0.0137,-0.6304,0,2,0,0.48311,3
0.4084,4.3924,2.6914,12.4681,-2.4134,0.0528,-1.2760,0,1,0,1.21989,1
0.3820,4.1191,2.7465,12.0893,-2.7138,0.0197,-0.8378,0,1,0,0.68873,1
0.3444,3.7558,2.8336,13.1736,-3.0907,0.0159,-1.5519,0,1,1,1.91341,1
0.4573,4.3908,2.4679,11.7909,2.0256,0.0646,-0.8044,0,1,0,0.35062,1
0.4350,4.4646,2.5844,11.9783,1.5395,0.0420,-0.8990,0,1,0,0.45199,1
0.4052,4.2520,2.6686,12.3561,2.4498,0.0580,-1.1752,0,1,3,1.57138,1
0.5217,5.6039,2.4532,12.3361,-1.7358,0.0297,-1.4780,0,2,0,0.77532,3
0.4444,4.8232,2.6290,12.6638,-2.4509,0.0285,-1.5474,0,1,1,1.50184,1
0.4578,4.8426,2.5723,12.1676,-1.5382,0.0090,-1.0865,0,1,0,0.55528,1
0.3890,3.9980,2.6757,11.8589,-2.9819,0.0165,-0.6671,0,1,0,0.48213,3
0.4522,4.7652,2.5796,12.1049,1.4793,0.0064,-1.0092,0,1,0,0.75332,1
0.3447,3.7301,2.8234,11.7945,-2.5370,0.0405,-0.5659,0,1,0,0.50244,1
0.3554,3.8492,2.8038,13.2264,-2.3277,0.0145,-1.6440,0,1,1,2.06570,1
0.4270,4.3467,2.5912,12.6277,-2.7016,0.0372,-1.4615,1,1,0,0.47912,1
0.3691,3.9532,2.7635,11.7556,2.6104,0.2098,-0.7896,0,1,0,0.34497,1
0.4548,4.7724,2.5691,11.9753,-0.9096,0.0036,-0.8919,0,1,0,0.45755,1
0.5774,5.5015,2.2153,11.9104,0.4352,0.1012,-1.2420,0,1,0,0.28391,1
0.3863,3.9572,2.6771,12.0494,-2.7065,0.0170,-0.8121,0,1,0,0.49323,3
0.4639,4.5007,2.4661,11.9112,0.8949,0.0077,-0.8559,0,1,0,0.43942,3
0.4350,4.3356,2.5519,12.5899,-1.2891,0.0007,-1.3969,0,1,2,1.03113,1
0.3743,3.9720,2.7426,12.7091,2.3129,0.0058,-1.2897,0,1,1,1.37343,1
0.3879,4.2084,2.7426,11.7545,-1.8714,0.0750,-0.6561,0,1,0,0.18522,1
0.4890,4.8075,2.4300,11.8231,-1.7438,0.0114,-0.8303,0,1,0,0.18537,3
0.3569,3.8523,2.7970,13.1681,2.6233,0.0386,-1.6465,0,1,1,1.97658,1
0.5635,5.1460,2.2059,11.9950,-0.6092,0.0718,-1.2657,0,1,0,0.46291,1
0.5343,5.4740,2.3774,12.1425,-0.6624,0.0322,-1.3032,0,1,0,0.84299,1
0.3870,4.0042,2.6876,12.1041,-2.0777,0.0611,-0.9169,0,1,0,0.69101,3
0.4338,4.5791,2.6187,11.8652,-1.9906,0.0598,-0.8190,0,1,0,0.19489,3
0.3709,3.8887,2.7344,11.8389,2.3109,0.0425,-0.6492,0,1,0,0.21858,3
0.4068,4.0634,2.6090,11.6831,-1.7702,0.0156,-0.5578,0,1,0,0.22680,3
0.3801,4.0198,2.7268,11.7339,-2.9835,0.0922,-0.6475,0,1,0,0.36650,3
0.4740,4.9441,2.5233,12.1295,-2.1667,0.0272,-1.1182,0,1,0,0.68854,3
0.4533,4.3287,2.4700,11.9784,-2.8787,0.0088,-0.8953,0,1,0,0.47038,1
0.3979,4.0070,2.6353,11.7931,1.5209,0.0049,-0.6171,0,1,0,0.52273,1
0.4114,4.1106,2.6001,12.8450,1.0766,0.0046,-1.5471,0,1,0,1.33155,1
0.4099,4.3764,2.6796,12.5775,2.9341,0.0211,-1.3307,0,1,0,1.10466,1
0.3945,4.2093,2.7093,12.4159,-2.6800,0.0199,-1.1385,0,1,1,1.01119,1
0.4809,5.1199,2.5311,11.9719,2.0196,0.0300,-0.9852,0,1,0,0.67448,3
0.4305,4.2691,2.5548,11.6620,-1.5783,0.0027,-0.5637,0,1,0,0.23950,3
0.4704,4.4705,2.4319,12.1054,0.4334,0.0149,-1.0652,0,1,0,0.56031,1
0.4039,4.1012,2.6332,11.8854,-1.9274,0.0119,-0.7122,0,1,0,0.58196,1
0.4346,4.6981,2.6445,11.6572,2.0210,0.0733,-0.6539,0,1,0,0.26485,3
0.3681,3.8354,2.7319,12.5208,-2.2840,0.0342,-1.1598,0,1,1,1.10380,1
0.4324,4.4550,2.5937,11.8634,-2.2633,0.0517,-0.8040,0,1,0,0.32844,3
0.4230,4.6135,2.6786,12.9986,2.6494,0.0312,-1.7857,0,2,0,1.66868,1
0.4881,5.0228,2.4795,12.1632,-1.1725,0.0183,-1.1775,0,2,0,0.47566,1
0.4785,5.2700,2.5737,12.1575,-3.0436,0.0444,-1.1833,0,1,0,0.28521,2
0.3653,3.8915,2.7641,11.8526,-2.4249,0.0219,-0.6231,0,1,0,0.43752,1
0.4167,4.4996,2.6794,12.9513,-2.6275,0.0531,-1.7505,0,1,1,1.69838,1
0.3859,4.2069,2.7522,11.7512,-2.7310,0.0182,-0.5803,0,1,0,0.26423,1
0.4744,4.3796,2.3942,11.6817,0.0813,0.0252,-0.6828,0,1,0,0.15064,1
0.3728,4.0991,2.7885,12.2139,3.1347,0.0291,-0.9248,0,1,1,0.83563,1
0.4233,4.3430,2.6073,12.0978,-0.4447,0.0002,-0.9199,0,1,0,0.29243,1
0.4440,4.4617,2.5432,11.7698,2.7823,0.0505,-0.7417,0,1,0,0.29574,1
0.4052,4.0745,2.6196,12.8446,1.5012,0.0043,-1.5210,0,1,0,1.48634,1
0.3386,3.7050,2.8492,12.3065,2.8187,0.0419,-0.9173,0,1,1,0.89195,1
0.3991,4.1596,2.6729,11.8702,2.0843,0.0143,-0.6936,0,1,0,0.15463,1
0.4600,4.6178,2.5103,12.0148,0.9465,0.0179,-0.9586,0,1,0,0.23385,1
0.4470,4.3277,2.4970,11.8407,2.7411,0.0087,-0.7569,0,1,0,0.21254,3
0.4644,4.3010,2.4166,11.8347,-2.0090,0.0203,-0.8010,0,1,0,0.17509,1
0.4252,4.5982,2.6640,12.9452,2.9092,0.0775,-1.8229,0,1,1,1.38299,1
0.4824,4.9464,2.4874,11.9683,3.0192,0.0136,-0.9623,0,1,0,0.42819,3
0.3950,4.3446,2.7447,12.8696,2.0647,0.0316,-1.5485,0,1,0,1.49707,1
0.4518,4.8700,2.6055,11.8935,-2.4803,0.0206,-0.8329,0,1,0,0.49178,3
0.4067,4.4377,2.7121,11.7754,-2.1278,0.0321,-0.6542,0,1,0,0.19811,1
0.3982,4.1381,2.6712,11.8354,2.9770,0.0046,-0.6515,0,1,0,0.54892,1
0.4103,4.1100,2.6053,12.0149,-2.5544,0.0565,-0.8927,0,1,0,0.62400,1
0.4543,4.5768,2.5253,12.1422,-2.2578,0.0348,-1.0879,0,1,1,0.42685,1
0.3967,4.1295,2.6759,11.9543,3.0186,0.0328,-0.7804,0,1,0,0.71018,3
0.3908,4.2403,2.7370,12.0204,-2.4163,0.0579,-0.8537,0,1,0,0.55164,3
0.4674,5.1252,2.5925,12.1118,2.1893,0.0054,-1.0553,0,2,0,0.73616,1
0.3757,3.9945,2.7417,12.4938,-2.5385,0.0239,-1.1481,0,2,2,1.12979,1
0.4355,4.1772,2.5091,11.6652,-1.4794,0.0479,-0.6302,0,1,0,0.27540,3
0.4072,4.1779,2.6386,11.6493,2.0746,0.0687,-0.5964,0,1,0,0.26304,3
0.3830,4.0240,2.7133,11.8537,1.8289,0.0252,-0.6625,0,1,0,0.19124,1
0.4770,4.9807,2.5181,11.9302,1.5903,0.0095,-0.9079,0,1,0,0.30936,3
0.4347,4.6559,2.6333,12.0024,-2.8501,0.0434,-0.9224,0,1,0,0.72137,3
0.3892,4.0465,2.6891,11.8181,2.1435,0.0029,-0.6185,0,0,0,0.00000,1
0.4985,5.4508,2.5225,11.6695,2.5173,0.0909,-0.7991,0,1,0,0.20014,1
0.3659,3.8493,2.7482,11.8317,-2.7208,0.0490,-0.6425,0,1,0,0.53704,3
0.3617,3.9584,2.8045,11.8532,2.2424,0.0268,-0.6229,0,1,0,0.31115,1
0.4276,4.6044,2.6542,12.9665,-2.2112,0.0385,-1.7877,0,1,1,1.53259,1
0.3608,3.8025,2.7599,12.3789,2.9173,0.1135,-1.1388,0,1,0,1.01320,1
0.4364,4.2901,2.5338,11.8920,0.6881,0.0155,-0.7899,0,1,0,0.48337,1
0.4177,4.5168,2.6789,12.2808,2.1650,0.0319,-1.1097,0,1,0,0.89327,3
0.4417,4.6275,2.5939,12.1468,-2.4977,0.0607,-1.0949,0,1,0,0.70293,1
0.4118,4.5076,2.7053,12.0349,-2.1144,0.0107,-0.8536,0,1,1,0.82131,1
0.3799,3.9968,2.7212,12.4265,2.8404,0.0039,-1.0779,0,1,1,0.89237,1
0.4509,4.7120,2.5726,12.3713,-2.2194,0.0643,-1.3399,1,2,1,1.27939,1
0.4465,4.2843,2.4883,12.0410,-0.2690,0.0137,-0.9434,0,1,0,0.55727,1
0.4253,4.6582,2.6784,12.4877,-2.7759,0.0273,-1.3126,0,1,0,1.06033,3
0.4898,4.8635,2.4387,12.0929,-2.6142,0.0296,-1.1254,0,1,0,0.52913,1
0.6130,5.6927,2.1151,11.8169,-1.1547,0.0217,-1.1014,0,1,0,0.37136,1
0.4584,4.9087,2.5848,12.7218,2.1553,0.0063,-1.6224,0,1,0,1.45640,1
0.5329,5.5991,2.4059,12.0325,-2.2132,0.0059,-1.1433,0,1,0,0.35773,3
0.3772,4.0418,2.7483,11.7271,2.5001,0.0345,-0.5665,0,1,0,0.21420,3
0.4256,4.1503,2.5461,12.5313,-2.0204,0.0220,-1.3427,0,1,0,1.12348,1
0.3842,3.9484,2.6851,11.7382,2.1372,0.0381,-0.5910,0,1,0,0.41506,3
0.4463,4.3019,2.4936,11.7847,1.3867,0.0091,-0.7058,0,1,0,0.41015,3
0.3725,3.9909,2.7575,12.6152,2.3418,0.0229,-1.2336,0,2,0,0.83190,1
0.4033,4.3062,2.6930,12.5235,2.6607,0.0520,-1.3067,0,1,0,0.26741,1
0.3886,4.2902,2.7622,12.5089,2.5345,0.0443,-1.2334,0,1,1,0.99774,2
0.3892,4.2065,2.7353,11.8833,3.0786,0.1607,-0.8702,0,1,0,0.18269,1
0.3733,4.0310,2.7653,12.0318,-2.8074,0.1452,-0.9363,0,1,0,0.80924,1
0.3621,3.8893,2.7807,12.7623,-1.9642,0.0217,-1.3117,0,1,0,1.58070,1
0.4674,4.7234,2.5027,12.4504,2.2373,0.0159,-1.3980,0,1,1,1.15367,1
0.3884,4.1889,2.7344,11.7364,1.8528,0.0603,-0.6246,0,1,0,0.52431,1
0.4459,4.5166,2.5480,11.6203,-2.8219,0.0680,-0.6331,0,1,0,0.25934,1
0.3554,3.8531,2.8052,12.6338,-2.3287,0.0356,-1.2072,0,1,0,1.20079,1
0.5658,5.2791,2.2209,11.9036,-0.4206,0.0041,-1.0720,0,1,0,0.53297,1
0.5003,4.9802,2.4196,12.1989,2.2303,0.0119,-1.2379,0,1,0,0.66714,1
0.4511,4.2565,2.4618,11.9053,3.0400,0.0166,-0.8335,0,1,0,0.23570,1
0.5012,4.6747,2.3523,11.9384,0.2453,0.0311,-0.9967,0,1,1,0.46432,1
0.6086,5.5063,2.1027,12.4055,-0.1030,0.0422,-1.8594,0,1,0,0.26298,1
0.4398,4.2371,2.5053,12.0679,-2.7363,0.0077,-0.9433,0,1,0,0.63307,1
0.6002,5.5527,2.1400,12.1091,-0.4851,0.0189,-1.4240,0,1,0,0.29400,1
0.4402,4.4543,2.5584,11.6504,2.0049,0.0259,-0.5986,0,1,0,0.17477,3
0.3460,3.7276,2.8151,12.3453,2.2710,0.0381,-0.9619,0,1,1,1.12154,1
0.4485,4.3943,2.5067,12.4124,-1.5012,0.0064,-1.2844,0,1,0,1.25397,1
0.4445,4.3503,2.5135,12.0029,3.0152,0.0306,-0.9272,0,1,0,0.61745,1
0.4607,4.8449,2.5599,11.9061,-2.7004,0.0220,-0.8650,0,1,0,0.21987,3
0.3537,3.8245,2.8050,13.2329,-2.6909,0.1019,-1.8010,0,1,0,2.25184,1
0.4089,4.5067,2.7196,12.1385,2.5463,0.0209,-0.9475,0,1,0,0.26727,0
0.4673,4.8891,2.5402,12.1290,2.1277,0.0057,-1.0705,0,0,2,0.38462,3
0.3646,3.9431,2.7845,11.6669,3.1171,0.1000,-0.5796,0,1,0,0.20125,3
0.3838,4.1399,2.7437,13.3116,-2.4931,0.0105,-1.8491,0,1,1,1.92795,1
0.3568,3.8269,2.7893,12.1772,-2.4842,0.0277,-0.8524,0,1,0,1.00506,1
0.4834,4.8725,2.4671,11.8018,-0.9068,0.0492,-0.8477,0,1,0,0.23957,1
0.4262,4.6890,2.6821,12.1917,2.5680,0.0430,-1.0700,0,1,0,0.63079,3
0.4857,4.7745,2.4363,12.8232,1.2956,0.0183,-1.8532,0,1,2,1.95751,1
0.4322,4.6460,2.6430,12.4854,2.5429,0.0050,-1.2999,0,1,0,1.11980,1
0.5007,5.1949,2.4618,12.2171,-0.9734,0.0338,-1.2908,0,1,1,0.70793,1
0.3710,3.9043,2.7385,12.7397,-2.3180,0.0211,-1.3264,0,1,1,1.29493,1
0.4102,4.0455,2.5879,11.7351,1.5041,0.0073,-0.5954,0,1,0,0.38077,1
0.5367,5.4768,2.3681,12.0430,1.0517,0.0326,-1.2001,0,1,0,0.61381,3
0.3722,3.8636,2.7196,11.6718,2.8525,0.0589,-0.5461,0,1,0,0.28257,3
0.3566,3.8942,2.8116,12.4955,-2.7463,0.0860,-1.1776,0,1,0,1.24341,3
0.3976,4.2768,2.7131,12.9611,2.9715,0.0510,-1.6732,0,1,0,1.90625,1
0.3505,3.7460,2.7967,12.5318,2.5338,0.1040,-1.2131,0,1,1,1.26999,1
0.3611,3.9289,2.7984,12.5815,-3.0267,0.0306,-1.1789,0,1,2,1.61687,1
0.3570,3.8304,2.7894,11.6477,2.4553,0.0737,-0.5222,0,1,0,0.39153,3
0.3812,4.0575,2.7324,12.2492,-2.5117,0.1490,-1.1416,0,1,0,0.89478,1
0.4681,4.7306,2.5011,11.8619,-2.6352,0.0272,-0.8453,0,1,0,0.56098,1
0.4210,4.5585,2.6741,11.6685,-2.2234,0.0211,-0.5774,0,1,0,0.14242,1
0.5049,4.8016,2.3641,11.7906,0.3098,0.0078,-0.8246,0,1,0,0.33903,3
0.3760,3.8792,2.7053,12.0083,2.0475,0.0713,-0.8276,0,1,0,0.56358,3
0.5735,5.3801,2.2094,11.9448,-0.3545,0.0110,-1.1476,0,1,0,0.27650,1
0.4694,4.9494,2.5448,11.7558,-2.0846,0.0979,-0.8379,0,1,0,0.21667,3
0.4591,4.4167,2.4664,11.6128,-0.3194,0.0172,-0.5844,0,1,0,0.14658,1
0.3614,3.8303,2.7658,12.0508,-3.1408,0.0774,-0.8345,0,1,0,0.47367,3
0.4139,4.2813,2.6349,12.3163,1.5391,0.0461,-1.1495,1,2,0,0.96817,1
0.4280,4.3697,2.5921,11.8211,-2.8374,0.0695,-0.7806,0,1,0,0.16157,1
0.4030,4.3739,2.7130,12.2519,-3.0159,0.0345,-1.0463,0,1,0,0.93620,3
0.4787,5.0099,2.5173,12.0094,-2.9531,0.0599,-1.0563,0,1,0,0.61404,1
0.5262,5.3756,2.3920,11.8286,-1.0129,0.0132,-0.9176,0,1,0,0.38854,3
0.4792,5.1275,2.5403,12.1151,1.9033,0.0154,-1.1026,0,1,0,0.62649,3
0.3581,3.8484,2.7889,12.0017,2.5698,0.0767,-0.7889,0,1,0,0.49120,3
0.3619,3.8550,2.7711,12.9767,2.9703,0.0455,-1.5234,0,2,0,0.96906,1
0.3841,4.2157,2.7640,11.7128,-2.9739,0.0385,-0.5723,0,1,0,0.26387,3
0.4214,4.2057,2.5799,11.9454,-2.7767,0.0402,-0.8366,0,1,0,0.47434,1
0.4615,4.7655,2.5379,11.7217,1.3830,0.0111,-0.6816,0,1,0,0.40945,1
0.3821,4.2158,2.7745,12.2886,-2.0834,0.0356,-1.0189,0,1,2,0.85623,0
0.4184,4.5710,2.6898,12.1123,-2.4429,0.0112,-0.9365,0,1,0,0.65306,1
0.4094,4.2169,2.6387,12.5454,2.7125,0.0779,-1.3869,0,1,1,1.12318,1
0.4507,4.8441,2.6049,12.0762,1.9064,0.0771,-1.0744,0,1,0,0.48418,3
0.4478,4.5360,2.5442,12.0369,2.8684,0.0182,-0.9504,0,1,0,0.53000,3
0.4470,4.3984,2.5144,11.9805,2.7995,0.0186,-0.8967,0,1,0,0.36162,1
0.3860,4.1403,2.7324,11.8779,2.6510,0.0565,-0.7271,0,1,0,0.57503,3
0.4583,4.5207,2.4949,12.3410,2.1141,0.0451,-1.3045,0,1,0,0.83052,1
0.4508,4.5894,2.5441,13.0316,1.2160,0.0023,-1.8903,0,1,0,1.64291,1
0.4215,4.5689,2.6742,12.0783,2.8681,0.0294,-0.9390,0,1,0,0.54418,3
0.4501,4.5710,2.5426,12.0346,-1.5548,0.0208,-0.9574,0,1,0,0.55981,3
0.3746,3.9621,2.7377,12.2396,1.8459,0.0224,-0.9403,0,1,0,0.84002,1
0.3944,4.3537,2.7505,12.7801,-2.9698,0.0660,-1.5219,0,1,2,1.32985,0
0.3642,3.9711,2.7951,12.9215,2.8887,0.0271,-1.4571,0,1,1,1.46389,1
0.4571,5.0231,2.6164,12.0389,-2.6001,0.1333,-1.1300,0,1,0,0.77052,1
0.4205,4.2920,2.6066,12.3032,2.9166,0.0314,-1.1362,0,1,0,1.01615,1
0.4892,4.7936,2.4261,12.3502,1.2121,0.0046,-1.3490,0,1,1,1.07454,1
0.4084,4.3210,2.6720,11.5801,-2.4952,0.0090,-0.4704,0,1,0,0.35989,1
0.4651,4.6264,2.4900,11.6952,0.8209,0.0227,-0.6774,0,1,0,0.15530,1
0.3412,3.6798,2.8260,12.6610,2.8895,0.0995,-1.2746,0,1,0,1.42094,1
0.3728,4.0970,2.7879,12.6749,-3.1207,0.0619,-1.3431,0,1,1,1.19394,1
0.4179,4.1631,2.5842,11.8435,1.8654,0.0293,-0.7280,0,1,0,0.52059,3
0.3593,3.9554,2.8167,13.1475,2.9617,0.0304,-1.6260,0,2,0,1.48428,0
0.3654,4.0143,2.8024,12.8933,2.8791,0.0733,-1.5139,0,1,0,1.57709,1
0.3367,3.6679,2.8473,12.0468,2.6302,0.0660,-0.7590,0,1,0,0.56873,3
0.4524,4.5078,2.5172,11.8416,-1.1338,0.0236,-0.7888,0,1,0,0.16800,1
0.3447,3.7244,2.8214,11.8236,-3.0696,0.0855,-0.6420,0,1,0,0.45863,3
0.4629,4.4798,2.4653,11.7620,-1.1154,0.0146,-0.7243,0,1,0,0.40652,3
0.4485,4.2847,2.4797,11.8422,0.9135,0.0061,-0.7576,0,1,0,0.26310,3
0.5094,5.3701,2.4601,11.8276,2.7341,0.0047,-0.8711,0,1,0,0.40154,3
0.4329,4.2841,2.5483,11.9155,-2.5649,0.0502,-0.8486,0,1,0,0.56044,1
0.4794,4.9136,2.4931,12.1238,2.3256,0.0392,-1.1434,0,1,0,0.36365,1
0.4442,4.6940,2.5987,11.7772,-1.2048,0.0089,-0.6972,0,1,0,0.27816,1
0.4392,4.4547,2.5629,12.0014,2.5959,0.0162,-0.8949,0,1,0,0.47542,3
0.5382,5.4388,2.3554,11.7555,0.0727,0.0242,-0.8787,0,0,0,0.00000,1
0.4452,4.7930,2.6177,11.7680,-2.4764,0.0444,-0.7357,0,1,0,0.59319,3
0.4191,4.2436,2.6005,12.7325,1.9953,0.0106,-1.4859,0,1,0,1.12405,1
0.4318,4.3229,2.5630,12.2337,-2.4820,0.0106,-1.0763,0,1,0,0.85392,1
0.4220,4.2005,2.5755,11.8973,-2.2888,0.0779,-0.8456,0,1,0,0.38174,1
0.4662,5.1218,2.5970,12.2590,-2.8594,0.1075,-1.3375,0,1,0,1.02525,1
0.4899,4.6254,2.3867,11.8466,1.8594,0.0026,-0.8423,0,1,0,0.28881,1
0.3672,3.8960,2.7556,12.8208,2.9841,0.0866,-1.4838,0,1,1,1.25336,1
0.3768,4.0550,2.7544,12.9027,-2.4233,0.0466,-1.5262,0,1,0,1.81924,1
0.4642,4.4975,2.4643,11.5726,1.6121,0.0242,-0.5644,0,1,0,0.26232,3
0.4594,4.5064,2.4868,11.8404,0.4457,0.0205,-0.7975,0,1,0,0.20478,1
0.3890,4.0563,2.6931,12.1074,-2.9106,0.0160,-0.8639,0,1,0,0.74166,3
0.3789,4.1163,2.7616,12.0271,-2.9974,0.1388,-0.9371,0,1,0,0.75975,1
0.5000,5.0517,2.4354,12.0043,3.1001,0.0260,-1.0569,0,1,0,0.64586,1
0.4438,4.6600,2.5925,11.9358,3.0801,0.0453,-0.8853,0,1,0,0.54340,1
0.5428,5.0559,2.2668,11.8619,0.5266,0.0202,-0.9954,0,1,0,0.24175,1
0.4063,4.0736,2.6140,12.1554,-2.7886,0.0568,-1.0032,0,1,0,0.85418,1
0.4430,4.8263,2.6361,11.7473,-2.9955,0.1095,-0.7941,0,1,0,0.35347,1
0.3910,4.0834,2.6907,12.1130,2.6895,0.0555,-0.9267,0,1,0,0.70992,3
0.4102,4.4452,2.6968,11.9994,2.7842,0.1509,-1.0030,0,1,0,0.72539,1
0.4303,4.4352,2.5986,11.6447,2.6138,0.0888,-0.6548,0,1,0,0.14311,1
0.4129,4.1017,2.5909,11.7111,-2.9015,0.0223,-0.5992,0,1,0,0.53407,3
0.4212,4.1225,2.5584,11.7409,2.2489,0.0333,-0.6523,0,1,0,0.40547,3
0.4560,4.3314,2.4594,12.0790,2.2072,0.0008,-0.9837,0,1,0,0.60915,1
0.4182,4.3268,2.6268,12.2908,-1.3307,0.0039,-1.0793,0,1,1,0.50594,1
0.4749,5.1614,2.5665,12.4365,2.8949,0.0120,-1.4061,0,1,0,0.73769,3
0.3512,3.8171,2.8161,12.4318,2.0934,0.0336,-1.0359,0,1,1,1.23344,1
0.4029,4.0376,2.6198,11.9839,3.0482,0.0210,-0.8026,0,1,0,0.42311,3
0.5607,5.6714,2.3075,12.2652,0.2231,0.0241,-1.5085,0,1,0,0.20514,1
0.3788,4.0745,2.7500,12.0539,-2.3440,0.0455,-0.8361,0,1,0,0.54263,3
0.4326,4.3993,2.5787,12.1053,2.8932,0.0060,-0.9579,0,1,0,0.42158,3
0.5577,5.3692,2.2669,12.4634,-0.6209,0.0072,-1.7029,0,1,0,0.75704,1
0.4486,4.4572,2.5217,12.7735,2.2322,0.0126,-1.6426,0,2,1,1.69308,1
0.4725,4.8988,2.5197,12.4612,1.9242,0.0095,-1.4173,0,1,3,1.43769,1
0.3771,3.9972,2.7357,11.7558,2.7184,0.0582,-0.6171,0,1,0,0.41332,3
0.4481,4.5344,2.5426,12.2446,-1.9695,0.0323,-1.1638,0,1,0,1.05997,1
0.4011,4.2066,2.6759,12.8086,1.8254,0.0049,-1.4754,0,1,1,1.56158,1
0.5149,4.9304,2.3508,11.7027,-3.1156,0.0080,-0.7554,0,1,0,0.15837,1
0.5624,5.6970,2.3049,12.3846,2.1779,0.0231,-1.6538,0,1,0,0.21525,1
0.3998,4.1620,2.6699,13.0704,-2.8974,0.0528,-1.7871,0,1,0,1.96192,1
0.3900,4.2747,2.7505,12.1174,3.0236,0.1118,-1.0030,0,1,0,0.80181,1
0.4842,4.9469,2.4797,11.9049,1.7650,0.0236,-0.9174,0,1,0,0.24837,3
0.4540,4.3690,2.4769,11.8908,2.9398,0.0053,-0.8121,0,1,0,0.52549,3
0.4879,5.1892,2.5153,12.5983,-2.5852,0.0101,-1.6139,0,1,0,1.24760,1
0.4618,4.9590,2.5804,11.8685,2.2961,0.0018,-0.8069,0,1,0,0.53038,1
0.4376,4.3871,2.5530,11.5337,2.7179,0.0084,-0.4724,0,1,0,0.21214,3
0.4682,4.4055,2.4259,11.7981,-1.8810,0.0143,-0.7668,0,1,0,0.34332,1
0.4508,4.3241,2.4798,11.5583,-3.0942,0.0039,-0.5065,0,1,0,0.20343,3
0.4673,4.9531,2.5546,12.4275,1.3860,0.0235,-1.3882,0,1,1,0.88449,1
0.4771,4.9395,2.5087,12.4568,1.1854,0.0456,-1.4829,0,1,2,1.22367,1
0.4413,4.3019,2.5153,12.0120,-1.6342,0.0210,-0.9150,0,0,0,0.00000,1
0.3829,4.1585,2.7536,13.2815,2.4389,0.0382,-1.8699,0,1,2,1.96936,1
0.4127,4.1380,2.6017,11.9091,-2.5537,0.0497,-0.7992,0,1,1,0.55424,1
0.3997,4.3429,2.7207,12.0418,-2.9921,0.0966,-0.9434,0,1,0,0.46049,1
0.4674,4.4668,2.4435,12.0913,-2.3744,0.0043,-1.0293,0,1,0,0.59781,1
0.4515,4.8221,2.5959,11.9691,-2.7791,0.0931,-0.9966,0,1,0,0.23935,1
0.3726,3.8633,2.7176,12.0449,-2.8409,0.0269,-0.7898,0,1,0,0.44809,3
0.5200,5.1723,2.3778,11.7156,-0.6535,0.0348,-0.8141,0,1,0,0.15691,1
0.3907,4.1597,2.7142,12.0240,2.6559,0.1142,-0.9305,0,1,0,0.28508,1
0.4062,4.4556,2.7191,12.0304,1.9664,0.0301,-0.8620,0,1,0,0.63629,1
0.3848,4.0317,2.7067,11.7652,2.7007,0.1640,-0.7695,0,1,0,0.22672,1
0.5655,5.2592,2.2183,11.9896,-1.2939,0.0200,-1.1918,0,1,0,0.47052,1
0.3941,4.1790,2.7029,11.8620,2.9748,0.0233,-0.6888,0,1,0,0.30013,3
0.4137,4.1155,2.5910,11.7993,-2.9664,0.0414,-0.6979,0,1,0,0.61162,1
0.3621,3.9547,2.8011,12.5766,2.2069,0.0364,-1.1871,0,1,1,1.44961,1
0.4436,4.8543,2.6400,11.6258,2.5503,0.0598,-0.6249,0,1,0,0.35075,3
0.4947,4.5708,2.3555,12.3655,-0.7672,0.0490,-1.4483,0,1,0,0.76456,1
0.5938,5.3808,2.1357,12.3189,-0.4130,0.0403,-1.6970,0,1,0,0.85312,1
0.5575,5.7292,2.3298,12.9435,-0.5284,0.0142,-2.2975,1,2,1,1.00574,1
0.5126,5.3176,2.4366,11.9624,2.8792,0.0200,-1.0368,0,1,0,0.30630,1
0.3646,3.9473,2.7856,12.4472,2.7482,0.0522,-1.1163,0,1,0,0.71977,3
0.5270,4.7750,2.2729,12.1511,0.2841,0.0109,-1.2562,0,1,0,0.34124,1
0.3799,4.1068,2.7537,12.0538,-2.1315,0.0211,-0.8067,0,1,0,0.51397,1
0.4337,4.4935,2.5979,11.7003,1.4266,0.0411,-0.6501,0,1,0,0.38415,1
0.3690,3.8653,2.7368,12.5892,2.7474,0.0350,-1.2189,0,1,0,0.99905,1
0.3960,4.0519,2.6574,12.9341,2.3025,0.0466,-1.6353,0,1,0,1.88768,1
0.5321,4.9493,2.2876,11.8093,-1.5254,0.0349,-0.9350,0,1,0,0.19947,1
0.4543,4.9382,2.6101,11.9517,2.4153,0.0013,-0.8668,0,1,0,0.63895,1
0.4712,4.8950,2.5247,12.0742,-2.5181,0.0428,-1.0781,0,1,0,0.35808,1
0.4630,4.4150,2.4496,11.9302,-0.0593,0.0025,-0.8642,0,1,0,0.29720,1
0.4696,4.9472,2.5433,11.8849,2.9796,0.0252,-0.8686,0,1,0,0.32912,3
0.3754,3.9540,2.7310,11.9112,2.5401,0.0473,-0.7196,0,1,0,0.47236,3
0.3527,3.7472,2.7854,12.0366,-3.1078,0.0630,-0.7846,0,1,1,0.54015,3
0.4519,4.9710,2.6288,11.8875,2.9476,0.0457,-0.8599,0,1,0,0.41668,3
0.4469,4.7989,2.6116,12.2574,-2.1231,0.0217,-1.1585,0,1,0,0.95027,3
0.4722,4.9768,2.5384,12.8823,1.4657,0.0283,-1.8785,0,1,0,1.16809,1
0.4231,4.6707,2.6922,12.1657,-2.6272,0.0495,-1.0474,0,1,0,0.25669,2
0.3518,3.7866,2.8029,12.6327,-2.6910,0.0307,-1.1865,0,1,1,0.86048,1
0.4194,4.5691,2.6844,12.2382,-3.0205,0.1237,-1.2041,0,1,0,0.75276,1
0.3749,3.9034,2.7183,13.0458,-3.0055,0.0419,-1.6330,0,1,0,1.92835,1
0.3626,3.8835,2.7760,11.6861,2.7119,0.1082,-0.6009,0,1,0,0.37174,3
0.3722,3.9836,2.7566,12.4812,1.8613,0.0311,-1.1372,0,1,1,1.16757,1
0.3666,4.0341,2.8017,12.7306,-2.7848,0.1447,-1.4944,0,1,1,1.45272,1
0.3940,4.1821,2.7040,11.5181,-2.7515,0.0218,-0.4166,0,1,0,0.20155,3
0.4966,5.2244,2.4854,12.1084,-2.5468,0.0354,-1.1689,0,1,0,0.43186,1
0.4466,4.3469,2.5033,11.7643,1.2113,0.0292,-0.7142,0,1,0,0.21720,3
0.4027,4.0233,2.6167,12.0619,-2.7342,0.0421,-0.8949,0,1,0,0.85271,1
0.4135,4.5348,2.7039,11.6013,-2.8951,0.0691,-0.5676,0,1,0,0.30141,3
0.5884,5.9686,2.2485,12.0288,-0.9589,0.0371,-1.3252,0,1,0,0.45054,3
0.4269,4.1377,2.5366,11.8490,2.3739,0.0584,-0.7882,0,1,0,0.39098,1
0.4787,4.6935,2.4478,11.7639,2.8726,0.0218,-0.7657,0,1,0,0.40611,1
0.4980,4.9476,2.4223,11.7800,1.6392,0.0428,-0.8470,0,1,0,0.14346,3
0.5810,5.5101,2.2031,12.0608,-0.3138,0.0172,-1.3122,0,1,0,0.46919,1
0.4047,4.1096,2.6318,11.5349,-2.5123,0.0013,-0.4194,0,1,0,0.20673,1
0.4024,4.0739,2.6324,11.5364,-2.4170,0.0138,-0.4324,0,1,0,0.18211,3
0.4923,4.7919,2.4130,11.7079,-1.9888,0.0555,-0.7800,0,1,0,0.26438,1
0.4373,4.6905,2.6300,13.0995,-1.4609,0.0258,-1.9396,0,1,1,1.76111,1
0.3581,3.7823,2.7678,11.7245,-2.4296,0.0325,-0.5296,0,1,0,0.16101,1
0.3568,3.8873,2.8085,12.0444,-2.4287,0.0410,-0.7713,1,1,0,0.63055,1
0.3823,3.9534,2.6957,11.9766,-2.3376,0.0270,-0.7591,0,1,0,0.63716,3
0.4350,4.6653,2.6342,12.6111,-2.7918,0.0007,-1.4196,0,1,0,1.08613,1
0.4742,4.8762,2.5076,11.9931,0.8278,0.0186,-0.9736,0,1,0,0.50381,1
0.4559,4.2536,2.4409,11.6930,-2.0703,0.0396,-0.6791,0,1,0,0.34941,1
0.3935,4.0048,2.6558,13.0232,1.9635,0.0036,-1.6282,0,1,2,1.51479,1
0.4332,4.1845,2.5209,11.7008,-1.0384,0.0528,-0.6635,0,1,0,0.29638,1
0.4925,5.3240,2.5231,11.7350,-2.0890,0.0756,-0.8344,0,1,0,0.35147,3
0.3959,4.2830,2.7233,12.0873,2.3253,0.0785,-0.9483,0,1,0,0.95039,3
0.4618,4.6206,2.5032,12.1451,-1.0322,0.0089,-1.0741,0,1,0,0.73779,1
0.3832,4.1015,2.7351,12.7227,-2.6120,0.0081,-1.3384,0,1,0,1.53988,1
0.3997,4.3781,2.7303,12.0602,2.5756,0.1949,-1.0888,0,1,0,0.60215,1
0.3471,3.7959,2.8322,11.8987,2.3509,0.0738,-0.6857,0,1,1,0.53400,1
0.3763,4.0211,2.7467,11.8151,-2.7154,0.1426,-0.7666,0,1,0,0.37307,1
0.3944,4.0258,2.6575,11.8051,1.6719,0.0605,-0.6903,0,1,0,0.29699,1
0.4641,4.7571,2.5245,11.7680,3.0978,0.0325,-0.7561,0,1,0,0.25909,1
0.4045,4.1730,2.6504,12.4676,1.6126,0.0006,-1.1851,0,1,1,0.85408,1
0.3521,3.8086,2.8089,13.1705,2.4474,0.0506,-1.6473,0,1,1,1.87610,1
0.4668,4.3975,2.4296,11.9399,1.5742,0.0292,-0.9174,0,1,0,0.21334,1
0.3832,3.9511,2.6906,12.0205,-2.5166,0.0638,-0.8440,0,1,0,0.31940,3
0.4386,4.1777,2.4956,11.7186,-0.1471,0.0044,-0.6272,0,1,0,0.24299,3
0.4238,4.5071,2.6472,12.0355,2.9226,0.0842,-0.9797,0,1,0,0.58424,1
0.4042,4.3966,2.7132,12.3494,2.4776,0.0107,-1.0993,0,1,0,0.99247,1
0.4105,4.3574,2.6717,11.9334,-2.3009,0.0205,-0.7776,0,1,0,0.48553,3
0.4407,4.4835,2.5635,12.1028,-2.9386,0.0124,-0.9848,0,1,0,0.58031,3
0.3671,4.0415,2.8015,12.2930,3.0282,0.0388,-0.9840,0,1,0,0.82437,2
0.5069,5.1837,2.4336,11.7760,0.8074,0.0119,-0.8218,0,1,0,0.36214,1
0.3885,4.1718,2.7287,12.9081,-2.9286,0.0937,-1.6585,0,1,1,1.67330,1
0.3611,3.9296,2.7989,13.0075,2.9551,0.1019,-1.6404,0,1,0,1.87956,1
0.3815,4.1854,2.7687,11.7660,2.5803,0.1528,-0.7494,0,1,0,0.48216,3
0.4331,4.4307,2.5846,11.8890,2.5183,0.0586,-0.8368,0,1,0,0.26872,1
0.3332,3.6312,2.8546,12.4089,-2.5350,0.0669,-1.0104,0,1,0,1.18624,3
0.3825,3.9797,2.7029,12.7667,-2.9398,0.0644,-1.4622,0,1,0,1.49541,1
0.4207,4.3070,2.6098,12.5470,-2.5130,0.0342,-1.3602,0,1,1,0.52384,1
0.3722,3.8994,2.7308,12.9792,2.6893,0.0750,-1.6213,0,1,1,0.95965,1
0.3765,3.9723,2.7311,12.3016,1.9738,0.0312,-1.0068,0,1,0,1.01471,1
0.3381,3.6996,2.8503,12.5131,-2.5027,0.0749,-1.1140,0,1,0,1.27914,3
0.4144,4.3802,2.6590,12.1239,-2.4668,0.0391,-0.9733,0,1,0,0.46435,3
0.3669,3.9147,2.7630,12.0944,-2.3828,0.0567,-0.8538,0,1,0,0.70895,3
0.4459,4.6505,2.5804,11.9542,-1.4388,0.0042,-0.8529,0,1,0,0.41195,1
0.3933,4.1449,2.6971,11.6356,-3.1185,0.0221,-0.5071,0,1,0,0.20182,3
0.3924,4.1144,2.6927,12.7101,2.0563,0.0118,-1.3675,0,1,1,1.43687,1
0.3498,3.7939,2.8163,12.1218,2.4616,0.0560,-0.8314,0,1,1,0.74839,3
0.4057,4.2825,2.6746,13.0721,-3.0482,0.0144,-1.7470,1,1,1,1.03173,1
0.3544,3.9109,2.8293,13.1969,2.6850,0.0624,-1.7004,0,1,1,1.89954,0
0.4769,5.2167,2.5694,11.7197,2.7798,0.0423,-0.7484,0,1,0,0.30359,3
0.4484,4.5611,2.5477,12.4448,-2.0509,0.0071,-1.3171,0,1,0,0.96303,1
0.4598,4.6564,2.5201,12.6642,3.0073,0.0332,-1.6120,0,1,1,0.91615,1
0.5345,5.3031,2.3450,12.1489,-1.3689,0.0184,-1.2900,0,1,0,0.55318,1
0.4031,4.1313,2.6452,11.5364,-1.6550,0.0033,-0.4209,0,1,0,0.28057,1
0.3622,3.8045,2.7533,12.5044,2.8901,0.0192,-1.1052,0,1,0,1.06120,1
0.3601,3.8435,2.7765,11.7155,2.7322,0.0440,-0.5406,0,1,0,0.27525,3
0.5154,4.8296,2.3282,11.7481,0.7000,0.0391,-0.8427,0,1,0,0.45949,3
0.4198,4.1492,2.5720,11.9804,-2.4028,0.0339,-0.8547,0,1,0,0.54268,3
0.4284,4.6641,2.6653,11.6025,2.8901,0.0008,-0.5095,0,1,0,0.18936,1
0.3562,3.7777,2.7762,12.6336,-2.9931,0.0753,-1.2708,0,1,1,1.32313,1
0.4966,4.9332,2.4251,11.9830,1.7122,0.0037,-0.9960,0,1,0,0.31009,3
0.5041,4.7607,2.3589,11.6826,0.3538,0.0596,-0.7809,0,1,0,0.16456,1
0.4602,5.0246,2.6026,12.2506,2.3569,0.0365,-1.2120,0,1,0,0.34064,3
0.4925,5.4134,2.5415,11.7614,1.7112,0.0748,-0.8599,0,1,0,0.15161,3
0.4151,4.2997,2.6342,11.6297,2.5649,0.0091,-0.5206,0,1,0,0.21129,3
0.3660,3.9392,2.7756,13.1223,2.9584,0.0203,-1.6188,0,1,1,1.63383,1
0.4961,4.6041,2.3572,12.1037,1.0303,0.0447,-1.1726,0,1,0,0.52104,1
0.4884,4.6803,2.4049,11.7702,1.0930,0.0129,-0.7785,0,1,0,0.23433,3
0.4501,4.3734,2.4948,11.9037,-2.6369,0.0150,-0.8286,0,1,0,0.31844,1
0.5735,5.2064,2.1798,12.2620,-0.5607,0.0438,-1.5688,0,1,0,0.54118,1
0.4904,4.4688,2.3503,11.6856,-0.1486,0.0563,-0.7544,0,1,0,0.21344,1
0.3706,3.9174,2.7448,11.7424,2.6032,0.0487,-0.5839,0,1,0,0.36817,3
0.4145,4.3889,2.6610,11.8430,-2.7144,0.1206,-0.8374,0,1,0,0.15282,1
0.5171,5.4083,2.4353,11.9993,3.0516,0.0205,-1.0876,0,1,0,0.30603,1
0.4404,4.4584,2.5586,12.3176,2.8618,0.0039,-1.1681,0,1,0,0.46234,1
0.3798,3.9944,2.7209,12.1166,-3.1341,0.0299,-0.8672,0,1,0,0.78817,3
0.4656,4.4227,2.4408,12.1335,-0.2529,0.0238,-1.0923,0,1,0,0.35643,1
0.4919,5.2738,2.5154,12.2053,1.2740,0.0005,-1.2076,0,1,0,0.47163,1
0.4410,4.5814,2.5858,12.4469,-1.4152,0.0087,-1.2981,0,1,1,0.93666,1
0.4012,4.1431,2.6576,11.6524,3.0778,0.0811,-0.6045,0,1,0,0.15765,1
0.5156,4.8659,2.3348,11.9441,2.3199,0.0044,-1.0001,0,1,0,0.29752,1
0.4375,4.4168,2.5610,11.9906,2.1354,0.0638,-0.9447,0,1,0,0.34988,3
0.5001,5.4800,2.5216,12.0393,-2.3907,0.0161,-1.0823,0,1,0,0.50454,3
0.3903,4.2699,2.7477,12.9767,-2.7987,0.0860,-1.7142,0,1,1,1.62725,1
0.4261,4.1802,2.5515,11.9215,-1.6380,0.0411,-0.8271,0,1,0,0.43213,3
0.4440,4.5833,2.5731,12.7691,2.4389,0.0062,-1.6106,0,1,0,1.25621,1
0.4422,4.2568,2.5001,11.9578,-2.1767,0.0225,-0.8699,0,1,0,0.59377,1
0.4277,4.2020,2.5503,11.9161,0.7836,0.0130,-0.7888,0,1,0,0.28128,1
0.3784,3.9314,2.7088,12.5845,2.6619,0.0916,-1.3343,0,1,2,1.13990,1
0.4843,5.0947,2.5111,11.6609,-2.9928,0.0683,-0.7367,0,1,0,0.23786,1
0.4002,4.1284,2.6588,12.1816,-2.3804,0.0215,-0.9607,0,1,1,0.83598,3
0.3914,4.1579,2.7102,12.0382,1.7711,0.0166,-0.8153,0,1,0,0.53451,1
0.4332,4.1647,2.5156,11.8963,2.2228,0.0199,-0.7921,0,1,0,0.48814,1
0.4121,4.1381,2.6044,11.9728,2.6431,0.0560,-0.8603,0,1,1,0.42163,1
0.4274,4.5423,2.6394,12.0005,1.5192,0.0387,-0.8971,0,1,0,0.30897,1
0.4142,4.0945,2.5827,11.7098,-1.9268,0.0412,-0.6240,0,1,0,0.15937,3
0.5180,5.0157,2.3553,12.7023,0.1908,0.0095,-1.8350,0,1,2,1.21611,1
0.4340,4.6999,2.6477,11.5729,-2.9365,0.0659,-0.5707,0,1,0,0.31232,3
0.4433,4.6844,2.6007,12.5275,2.1091,0.0470,-1.4400,0,1,1,1.23494,1
0.4643,4.4008,2.4407,11.7353,0.3710,0.0261,-0.7164,0,1,0,0.26311,1
0.4506,4.8415,2.6043,12.0466,-2.5925,0.0271,-0.9796,0,1,0,0.58541,3
0.4326,4.4343,2.5878,11.7000,1.0888,0.0123,-0.6122,0,1,0,0.50889,1
0.3765,3.9907,2.7369,11.7745,2.5569,0.0195,-0.5825,0,1,0,0.22180,1
0.4581,4.8708,2.5774,11.9685,2.2114,0.0013,-0.8905,0,1,0,0.72748,1
0.3930,4.0263,2.6646,12.4097,3.0052,0.0377,-1.1539,0,1,0,0.99846,1
0.4379,4.2614,2.5200,11.7791,-0.8170,0.0164,-0.6945,0,1,0,0.23153,1
0.3866,4.2463,2.7599,12.3761,-2.2017,0.0597,-1.1378,0,1,0,1.03748,3
0.3453,3.7738,2.8348,11.4738,2.6688,0.0933,-0.4064,0,1,0,0.20160,3
0.4364,4.7505,2.6489,13.2124,-3.0541,0.0310,-2.0574,0,1,1,1.87021,1
0.5495,5.7580,2.3666,11.9704,2.7793,0.0224,-1.1390,0,1,0,0.28066,1
0.6481,6.2878,2.0723,12.3653,-0.6555,0.0405,-1.9429,0,1,0,0.60052,1
0.4631,4.3220,2.4271,11.6586,-2.3659,0.0143,-0.6284,0,1,0,0.32899,1
0.5028,5.4696,2.5078,13.2759,1.4739,0.0108,-2.4246,0,1,1,1.61772,1
0.3909,4.0245,2.6743,12.4696,1.8658,0.0034,-1.1468,0,1,0,1.05504,1
0.3670,3.9979,2.7884,13.1650,2.7466,0.0609,-1.7316,0,1,1,2.05325,1
0.5431,5.3797,2.3253,12.0267,-2.0571,0.0379,-1.2047,0,1,0,0.52234,1
0.5142,5.4329,2.4522,12.0919,2.3006,0.0143,-1.1700,0,1,0,0.53805,3
0.4117,4.1971,2.6224,12.0196,2.9307,0.0454,-0.8853,0,1,0,0.80114,1
0.5359,5.6329,2.3996,12.6174,0.7770,0.0196,-1.8288,0,1,0,1.14808,1
0.4606,4.5550,2.4929,12.3589,-0.8970,0.0434,-1.3268,0,0,1,0.30138,1
0.4275,4.5825,2.6491,12.2596,-3.0997,0.0675,-1.1687,0,1,0,0.92481,1
0.3994,4.1557,2.6699,12.1616,2.8059,0.0084,-0.9243,0,1,0,0.93976,3
0.4035,4.2197,2.6679,11.5065,2.0145,0.0532,-0.4570,0,1,0,0.19903,3
0.3748,3.8977,2.7170,11.5312,-2.3642,0.0090,-0.3859,0,1,0,0.14592,1
0.5045,4.8692,2.3796,12.1898,-1.3100,0.0208,-1.2519,0,1,1,0.74743,1
0.4059,4.3602,2.6950,11.8892,2.9691,0.0826,-0.8105,0,1,0,0.27315,3
0.4936,5.0692,2.4658,12.0375,-2.3969,0.0144,-1.0595,0,1,0,0.59565,3
0.4462,4.8557,2.6280,12.0867,-2.4960,0.0306,-1.0106,0,1,0,0.36810,3
0.5179,5.2389,2.3996,12.7721,2.8844,0.0012,-1.9014,0,1,1,1.14606,1
0.4100,4.1137,2.6079,12.2301,-1.9680,0.0366,-1.0491,0,1,0,0.81400,1
0.3977,4.0828,2.6579,11.7304,-3.0343,0.1015,-0.6870,0,1,0,0.17335,1
0.4218,4.2508,2.5896,11.6489,-1.0054,0.0100,-0.5478,0,1,0,0.26681,1
0.4220,4.4943,2.6528,11.9469,1.9383,0.0284,-0.8246,0,1,0,0.27610,1
0.4383,4.4145,2.5569,11.6972,2.6754,0.0657,-0.6858,0,1,0,0.30597,1
0.3773,4.1286,2.7740,12.9335,2.4403,0.0725,-1.5970,1,1,1,1.61976,1
0.5048,5.2652,2.4589,11.7555,0.9833,0.0478,-0.8432,0,1,0,0.15332,1
0.3642,3.9609,2.7921,11.9750,-2.5569,0.0774,-0.7829,0,1,0,0.42521,3
0.3861,4.2359,2.7597,11.9376,-2.9567,0.0394,-0.7529,0,1,0,0.55912,3
0.5417,5.4455,2.3424,12.0311,0.9641,0.0012,-1.1559,0,1,0,0.47868,3
0.4375,4.6381,2.6162,12.5488,-2.7469,0.0784,-1.4880,0,1,1,1.13473,1
0.3825,3.9741,2.7011,12.8243,-2.9745,0.0414,-1.4745,0,1,2,1.36264,1
0.4541,4.4682,2.5003,12.0211,2.5402,0.0005,-0.9262,0,1,0,0.50635,1
0.3852,4.2429,2.7665,13.3406,2.9296,0.0129,-1.8865,0,1,1,2.24417,0
0.5029,5.4555,2.5044,11.8567,2.5686,0.0195,-0.9069,0,0,2,0.29823,3
0.5133,5.4211,2.4536,12.8320,-2.8423,0.0173,-1.9797,0,2,0,1.31545,1
0.3531,3.8626,2.8208,11.8696,-2.7504,0.2229,-0.8634,0,1,0,0.54841,1
0.3672,3.8967,2.7561,11.9475,-2.1945,0.0507,-0.7343,0,1,0,0.50970,1
0.3837,4.2337,2.7712,12.6593,-2.8380,0.0761,-1.3915,0,1,1,1.17359,0
0.4040,4.2248,2.6671,11.6616,2.5262,0.0071,-0.5263,0,1,0,0.37263,1
0.3613,3.8414,2.7698,12.2263,-3.0074,0.0168,-0.8862,0,1,0,0.73864,1
0.4143,4.0732,2.5768,12.4179,0.9837,0.0151,-1.1937,0,1,2,5.78976,1
0.3608,3.8597,2.7782,12.9599,2.2138,0.0177,-1.4583,0,1,2,1.97715,1
0.4793,4.8094,2.4708,11.8325,1.7653,0.0210,-0.8325,0,1,0,0.45659,3
0.4231,4.4456,2.6349,12.4089,3.0779,0.0530,-1.2707,0,1,0,0.91332,1
0.4794,4.5215,2.4065,11.9556,0.2926,0.0326,-0.9659,0,1,0,0.44528,1
0.4385,4.3281,2.5342,12.0043,1.3388,0.0054,-0.8807,0,1,0,0.44692,3
0.3816,4.1894,2.7694,11.8950,2.9763,0.0290,-0.6969,0,1,0,0.58349,1
0.3515,3.7629,2.7969,13.1286,-2.6817,0.0924,-1.6851,0,1,1,1.74457,1
0.4587,4.8031,2.5591,11.5804,2.9477,0.0265,-0.5673,0,1,0,0.35083,3
0.4166,4.1012,2.5738,12.0483,2.8460,0.0381,-0.9112,0,1,3,0.96541,1
0.3579,3.7843,2.7693,12.2698,2.7572,0.1313,-1.0685,0,1,0,1.00989,1
0.4483,4.6738,2.5755,12.9037,-2.3389,0.0784,-1.8840,0,1,0,1.64860,1
0.5481,5.0762,2.2505,11.8142,-1.1434,0.0033,-0.9319,0,1,0,0.43954,1
0.5029,5.2204,2.4578,12.2246,0.9018,0.0010,-1.2582,0,1,0,0.63118,3
0.4824,4.6653,2.4261,11.5718,1.0328,0.0396,-0.6110,0,1,0,0.19175,3
0.4443,4.2626,2.4923,11.8718,2.0435,0.0494,-0.8325,0,1,0,0.39343,1
0.4671,4.6677,2.4911,12.2352,-1.4116,0.0415,-1.2221,0,1,0,0.63200,1
0.4914,5.2791,2.5187,11.8377,-1.1681,0.0127,-0.8541,0,1,0,0.29727,1
0.4209,4.1577,2.5694,11.7937,-1.9149,0.0280,-0.6897,0,1,0,0.26912,3
0.3679,3.8674,2.7434,12.0380,2.1741,0.0241,-0.7699,0,1,0,0.31206,1
0.4340,4.5865,2.6195,12.2769,2.4387,0.0840,-1.2269,0,1,0,0.85450,1
0.3696,3.8947,2.7428,12.0357,-2.4548,0.0704,-0.8330,0,1,0,0.63780,3
0.3943,4.2725,2.7282,11.7947,-2.1225,0.0605,-0.6820,0,1,0,0.58799,3
0.3843,4.1634,2.7481,11.8143,2.8756,0.0060,-0.6107,0,1,0,0.54488,1
0.3950,4.2084,2.7066,12.2238,2.7341,0.0217,-0.9825,0,1,0,0.87116,3
0.4189,4.2728,2.6089,12.1667,-2.7328,0.0700,-1.0648,0,0,0,0.00000,1
0.3783,3.8848,2.6953,11.8323,-2.5852,0.0613,-0.6820,0,1,0,0.43739,3
0.4628,4.6835,2.5135,11.9530,-0.6760,0.0136,-0.9016,0,1,0,0.45812,1
0.4139,4.0691,2.5774,11.8150,2.6511,0.0336,-0.7014,0,1,0,0.49821,1
0.4186,4.3404,2.6284,11.7260,2.3315,0.0166,-0.6151,0,1,0,0.21928,3
0.3739,3.8882,2.7189,12.4155,3.1178,0.0426,-1.1062,0,1,3,1.19514,1
0.4216,4.4395,2.6401,11.9078,2.3150,0.0324,-0.7953,0,1,0,0.49729,3
0.5858,5.5023,2.1843,12.2100,-0.3012,0.0410,-1.5402,0,1,1,0.47948,1
0.5194,5.2730,2.3999,11.8985,-0.7360,0.0361,-1.0065,0,1,0,0.37728,1
0.4931,4.8795,2.4281,12.0373,0.8331,0.0164,-1.0595,0,2,0,0.67361,1
0.4704,4.6135,2.4647,12.0200,-2.7504,0.0136,-0.9822,0,1,0,0.33892,1
0.4597,5.0695,2.6151,12.3011,-2.6871,0.0691,-1.3058,1,1,0,0.62170,2
0.4912,5.0304,2.4679,12.1627,-3.0537,0.0193,-1.1869,0,1,1,0.71608,1
0.4640,4.4148,2.4456,11.8956,-0.8903,0.0071,-0.8400,0,1,0,0.45269,1
0.3867,3.9864,2.6840,12.2603,-2.4962,0.0086,-0.9704,0,1,0,0.96289,1
0.4428,4.5471,2.5693,11.8976,-2.1365,0.0372,-0.8377,0,1,0,0.23128,3
0.4330,4.3026,2.5523,11.8317,-1.0775,0.0160,-0.7308,0,1,0,0.34721,1
0.3607,3.8253,2.7678,11.7796,-2.9433,0.0869,-0.6411,0,1,0,0.53065,3
0.3893,4.2358,2.7431,12.6541,2.8635,0.1126,-1.4639,0,1,1,1.12909,1
0.4169,4.1304,2.5804,12.7034,2.7593,0.0415,-1.5009,0,1,2,1.43591,1
0.4061,4.2845,2.6732,11.8226,2.8567,0.0843,-0.7574,0,1,0,0.25803,1
0.4295,4.2709,2.5600,12.6616,-3.0058,0.0144,-1.4654,0,1,1,1.21598,1
0.4775,5.1523,2.5533,13.0069,-2.0497,0.0260,-2.0304,0,0,1,0.63855,1
0.3872,4.2505,2.7583,11.9872,-2.7882,0.0660,-0.8291,0,1,0,0.81990,3
0.5416,5.0815,2.2764,11.9560,-0.5243,0.0933,-1.1973,0,1,0,0.44770,1
0.4647,4.2942,2.4138,11.8902,-0.9513,0.0045,-0.8323,0,1,0,0.52440,1
0.3392,3.6667,2.8324,13.1775,-2.8936,0.0244,-1.5457,0,1,0,0.74466,1
0.3640,4.0052,2.8071,12.7876,-2.5649,0.0912,-1.4484,0,1,1,1.39227,1
0.4208,4.2522,2.5950,12.0224,1.7684,0.0214,-0.8769,0,1,0,0.70902,3
0.4475,4.3791,2.5075,12.3033,2.2955,0.0188,-1.1967,0,1,0,0.70904,1
0.3708,3.9331,2.7484,12.1743,2.7996,0.1199,-1.0116,0,1,0,0.43504,1
0.4003,4.3373,2.7162,11.8919,3.0590,0.0804,-0.7983,0,1,0,0.52180,3
0.3740,4.0724,2.7743,11.7243,-2.7394,0.0865,-0.6222,0,1,0,0.20932,3
0.3370,3.6553,2.8412,11.8422,3.1331,0.0959,-0.6534,0,1,1,0.55235,3
0.5046,4.7926,2.3635,11.6520,1.1075,0.0426,-0.7294,0,1,0,0.24371,3
0.5070,5.0889,2.4142,11.9075,-0.6098,0.0429,-0.9965,0,1,0,0.37638,1
0.5746,5.5040,2.2262,11.8792,1.5695,0.0263,-1.0961,0,1,0,0.49813,1
0.4934,5.1616,2.4860,12.2053,1.0838,0.0167,-1.2335,0,1,0,0.65016,1
0.4401,4.5869,2.5915,12.9420,-1.7517,0.0298,-1.8034,0,1,1,1.46546,1
0.3887,4.1134,2.7112,11.8555,2.2139,0.0222,-0.6713,0,1,0,0.49407,1
0.4779,4.6949,2.4516,12.0022,2.8002,0.0217,-0.9943,0,1,0,0.26813,1
0.3854,4.1778,2.7466,11.5663,-1.8724,0.0359,-0.4587,0,1,0,0.20968,1
0.3863,4.1976,2.7473,12.4963,2.1846,0.0519,-1.2263,0,1,1,1.33914,1
0.3329,3.6729,2.8707,12.1042,2.9924,0.0383,-0.7543,0,1,0,0.82579,0
0.4394,4.7943,2.6454,11.9617,2.5710,0.0258,-0.8738,0,1,0,0.25336,3
0.5593,5.7937,2.3338,11.9331,0.8751,0.0124,-1.1067,0,1,0,0.37604,3
0.4253,4.5474,2.6503,13.2213,2.7127,0.0083,-1.9692,0,1,0,2.14274,1
0.4089,4.0720,2.6011,12.1500,2.2068,0.0233,-0.9591,0,1,0,0.85151,1
0.4254,4.6671,2.6804,12.7387,3.0011,0.0085,-1.5148,0,1,0,1.42325,1
0.3913,4.2028,2.7234,11.9681,2.5574,0.0590,-0.8140,0,1,0,0.37042,3
0.4689,4.8372,2.5216,11.6826,2.1157,0.0161,-0.6650,0,1,0,0.24635,3
0.4738,5.1861,2.5767,11.6780,1.5882,0.0010,-0.6521,0,1,0,0.33648,1
0.3743,4.0835,2.7761,12.2940,-2.9349,0.0906,-1.0770,0,1,3,1.20669,3
0.3982,4.0125,2.6355,12.0337,-2.8421,0.0112,-0.8194,0,1,0,0.67408,3
0.3758,3.9964,2.7420,11.9486,-2.1355,0.0408,-0.7410,0,1,0,0.60677,1
0.4358,4.5754,2.6084,11.9879,-1.1904,0.0035,-0.8590,0,1,0,0.59964,1
0.4604,4.3070,2.4348,11.5988,-1.6970,0.0215,-0.5785,0,1,0,0.22372,3
0.3850,4.2248,2.7621,12.5033,-3.0237,0.0448,-1.2173,0,1,1,0.56840,3
0.3696,3.9281,2.7532,12.8165,2.4634,0.0571,-1.4417,1,2,0,1.17378,1
0.4366,4.7978,2.6593,12.0300,-2.3469,0.0113,-0.9098,0,1,0,0.56831,1
0.4107,4.0497,2.5869,11.9021,-1.1984,0.0605,-0.8029,0,1,0,0.36959,1
0.4355,4.3054,2.5420,11.6874,-1.8878,0.0177,-0.6123,0,1,0,0.25187,3
0.4584,4.8305,2.5665,13.1573,1.9231,0.0051,-2.0606,0,1,1,1.94767,1
0.4406,4.6242,2.5983,11.6930,2.7316,0.0308,-0.6433,0,1,0,0.26813,3
0.4399,4.4085,2.5484,12.2212,-1.2308,0.0284,-1.1128,0,1,0,0.82729,1
0.4468,4.3257,2.4974,12.2226,2.2832,0.0190,-1.1192,0,1,1,0.96210,1
0.3412,3.7356,2.8449,12.5269,-3.0868,0.0627,-1.1171,0,1,1,1.17663,3
0.3978,4.1882,2.6873,11.8306,-3.0378,0.0174,-0.6633,0,1,0,0.56100,3
0.3599,3.9209,2.8024,12.9642,-2.3196,0.0236,-1.4679,0,1,1,1.97240,1
0.5476,5.0086,2.2403,11.9273,0.3240,0.0843,-1.1664,0,1,0,0.59046,1
0.3649,3.9372,2.7811,12.2287,2.4578,0.0523,-0.9462,0,1,0,0.90279,3
0.3741,4.0171,2.7572,11.7342,-3.0426,0.1115,-0.6607,0,1,0,0.38378,3
0.3842,4.1513,2.7447,12.0172,-2.2400,0.0154,-0.7806,0,1,0,0.63525,1
0.4409,4.6372,2.6002,12.1737,2.2152,0.0238,-1.0667,0,1,0,0.52321,3
0.3757,4.0744,2.7661,11.5868,2.8308,0.0401,-0.4653,0,1,0,0.30678,3
0.3707,4.0809,2.7941,12.9262,-2.4273,0.0408,-1.5107,0,1,0,1.67850,1
0.4683,4.3235,2.4061,11.7133,-0.8104,0.0351,-0.7141,0,1,0,0.24253,1
0.4207,4.2498,2.5945,12.3957,-1.9161,0.0354,-1.2251,0,1,0,0.93509,1
0.4899,4.8532,2.4361,11.7362,1.3247,0.0096,-0.7449,0,1,0,0.16093,3
0.4233,4.5427,2.6588,12.8460,-3.1182,0.0775,-1.7188,0,1,0,1.41267,1
0.3453,3.7328,2.8208,11.7412,2.9591,0.0813,-0.5793,0,0,0,0.00000,3
0.3547,3.8597,2.8113,11.4709,2.9687,0.0667,-0.3849,0,1,0,0.23094,3
0.4215,4.1248,2.5574,12.7788,0.5709,0.0061,-1.5292,0,1,0,1.49759,1
0.5089,5.0046,2.3895,11.5251,-0.5735,0.0041,-0.5631,0,1,0,0.15394,3
0.4036,4.0342,2.6158,11.7121,1.7231,0.0085,-0.5670,0,1,0,0.28628,1
0.4930,4.7455,2.4002,12.0871,2.9048,0.0094,-1.0987,0,1,0,0.38634,1
0.3866,4.0373,2.6993,11.7814,2.4750,0.0254,-0.6133,0,1,0,0.46083,3
0.3494,3.7252,2.7956,12.4181,-2.6812,0.0780,-1.0835,0,2,0,0.78156,1
0.4706,4.8788,2.5238,11.8548,-2.6248,0.0433,-0.8651,0,1,0,0.41924,1
0.5607,5.5738,2.2908,12.7153,1.9891,0.0175,-2.0350,0,1,0,1.14992,1
0.4644,4.8188,2.5372,11.7866,-2.2510,0.0004,-0.7336,0,1,0,0.20834,3
0.3690,3.9659,2.7682,12.2171,2.8830,0.0200,-0.9043,0,1,0,0.83811,1
0.4419,4.5850,2.5829,13.0694,3.0513,0.0348,-1.9472,0,1,1,2.01515,1
0.3720,4.0152,2.7674,12.6729,-2.4605,0.0978,-1.3941,0,1,1,1.48929,1
0.3518,3.8736,2.8316,11.9140,-3.0634,0.0504,-0.6770,0,1,0,0.58103,2
0.4655,4.5556,2.4722,11.9021,-2.3542,0.0078,-0.8513,0,1,0,0.39677,3
0.4053,4.0821,2.6211,11.8459,-2.6399,0.0887,-0.7810,0,1,0,0.23693,1
0.5101,5.0986,2.4036,11.7477,-0.8294,0.0285,-0.8198,0,1,0,0.30375,1
0.4453,4.3543,2.5110,11.6769,-0.7758,0.0356,-0.6419,0,1,0,0.20660,1
0.4908,5.1344,2.4916,12.2947,2.3885,0.0064,-1.3028,0,1,0,0.58342,1
0.4466,4.6538,2.5781,11.6642,2.3715,0.0594,-0.6633,0,1,0,0.27931,3
0.5766,5.7484,2.2585,12.0857,-0.3072,0.0249,-1.3437,0,1,0,0.53771,1
0.3947,4.2653,2.7242,11.9900,2.1326,0.0190,-0.7875,0,1,0,0.28099,1
0.3723,3.9419,2.7434,11.6195,2.1787,0.0231,-0.4643,0,1,0,0.20797,1
0.3710,3.8903,2.7343,12.3539,-3.1344,0.0121,-1.0051,0,1,0,0.94535,1
0.5231,4.8764,2.3080,11.8991,-0.6543,0.0327,-1.0081,0,1,0,0.45009,1
0.3592,3.8999,2.7996,13.0102,-2.5074,0.0871,-1.6095,0,1,0,1.94525,1
0.4205,4.4124,2.6386,11.7410,-2.8447,0.0155,-0.6299,0,1,0,0.37260,3
0.4435,4.2092,2.4824,11.7444,-0.2681,0.0210,-0.6797,0,1,0,0.20329,1
0.4545,4.5492,2.5178,11.9268,-1.0322,0.0246,-0.8729,0,1,0,0.36347,1
0.5533,5.6458,2.3322,11.7230,2.0843,0.0066,-0.8511,0,0,0,0.00000,3
0.5406,5.6335,2.3807,12.0022,-1.8941,0.0032,-1.1258,0,1,0,0.24372,3
0.3613,3.9292,2.7973,11.7334,-2.7247,0.0298,-0.5383,0,1,0,0.45816,1
0.4101,4.1295,2.6115,12.0693,1.0665,0.0024,-0.8657,0,1,0,0.38822,1
0.4250,4.1462,2.5475,12.0739,-2.9710,0.0258,-0.9372,0,1,0,0.72614,1
0.4936,4.9104,2.4326,11.9715,0.3908,0.0128,-0.9899,0,1,0,0.28956,1
0.3698,3.8715,2.7348,12.1638,-2.5311,0.0460,-0.9003,0,1,0,0.29200,3
0.4374,4.1893,2.5038,11.7109,0.5763,0.0089,-0.6243,0,1,0,0.38590,1
0.4835,4.9070,2.4742,11.7533,-3.0496,0.0219,-0.7659,0,1,0,0.23796,1
0.4131,4.4550,2.6853,13.2786,-2.7270,0.0087,-1.9635,0,2,0,1.70897,1
0.3975,4.2249,2.6988,12.9739,3.0337,0.0068,-1.6091,0,1,0,1.72870,1
0.3612,3.7966,2.7558,12.3992,2.1917,0.0200,-1.0220,0,1,1,1.24686,1
0.3734,4.0353,2.7662,11.9033,2.5961,0.1201,-0.8017,0,1,0,0.35813,3
0.4533,4.3494,2.4753,11.4773,-0.0381,0.0115,-0.4479,0,1,0,0.21863,1
0.4208,4.3167,2.6120,11.9644,2.1555,0.0231,-0.8294,0,1,0,0.50198,3
0.4344,4.7956,2.6691,11.8922,2.8877,0.0649,-0.8512,0,1,0,0.19269,2
0.3927,4.0818,2.6818,11.7711,-3.1332,0.0946,-0.7025,0,1,0,0.41436,1
0.3467,3.7631,2.8235,12.4818,3.1209,0.1015,-1.1572,0,1,0,1.16928,3
0.3738,3.9757,2.7458,12.3239,-2.7175,0.1380,-1.1675,0,1,0,0.58810,1
0.6122,5.6283,2.1083,12.4294,-1.1395,0.0177,-1.8637,0,1,0,0.82891,1
0.3494,3.8150,2.8254,12.7453,2.6663,0.0148,-1.2397,0,1,1,1.59946,1
0.4479,4.8201,2.6116,12.1461,-3.0824,0.0092,-1.0407,0,1,0,0.35917,3
0.3772,3.9039,2.7069,11.6811,2.9016,0.0440,-0.5428,0,0,0,0.00000,3
0.5495,5.1427,2.2575,11.8578,-0.4863,0.0552,-1.0533,0,1,0,0.19101,1
0.4275,4.2998,2.5767,12.2136,-2.8214,0.0435,-1.0929,0,1,0,0.80322,1
0.5631,5.6850,2.3003,11.8607,-2.4040,0.0104,-1.0299,0,1,0,0.47298,1
0.4344,4.2242,2.5258,11.7619,-1.1417,0.0088,-0.6633,0,1,0,0.28420,3
0.4970,5.0241,2.4425,12.7423,1.1043,0.0006,-1.7832,0,1,0,1.07214,1
0.4528,4.5777,2.5322,12.9153,1.1359,0.0243,-1.8216,0,1,1,1.78033,1
0.4275,4.6415,2.6638,11.7122,2.4161,0.0100,-0.6119,0,1,0,0.31968,1
0.4864,4.7363,2.4252,11.8379,-2.0092,0.0247,-0.8564,0,1,0,0.35284,1
0.4774,4.6291,2.4389,12.2353,-0.3113,0.0253,-1.2276,0,1,0,0.23113,1
0.4220,4.4256,2.6349,12.0421,2.1189,0.0302,-0.9093,0,1,0,0.50143,3
0.4493,4.6377,2.5620,12.9213,2.2864,0.0146,-1.7962,0,1,0,1.54868,1
0.4909,5.1676,2.4979,11.8047,-3.1030,0.0008,-0.8047,0,1,0,0.17858,3
0.5220,5.4542,2.4238,12.4072,2.1509,0.0087,-1.5248,0,1,0,0.30483,1
0.4026,4.1379,2.6494,11.8333,-1.4175,0.0245,-0.6837,0,1,0,0.45384,1
0.4897,4.8891,2.4442,12.8354,1.0533,0.0043,-1.8593,0,1,1,1.46873,1
0.3419,3.7320,2.8395,11.6535,3.0155,0.1697,-0.6179,0,1,0,0.31124,3
0.3963,4.1431,2.6818,12.1974,2.7159,0.0864,-1.0530,0,1,0,0.64613,1
0.4399,4.4952,2.5698,11.7489,-2.3728,0.0354,-0.6965,0,1,0,0.32278,3
0.4849,4.8556,2.4574,11.6360,1.4184,0.0406,-0.6784,0,1,0,0.22628,3
0.4077,4.2984,2.6691,11.9126,-2.0906,0.0309,-0.7678,0,1,0,0.57411,3
0.4264,4.2576,2.5705,12.4407,1.7193,0.0114,-1.2476,0,1,0,1.11448,1
0.3971,4.3718,2.7421,12.9104,-2.9282,0.0809,-1.6740,0,2,0,1.42673,0
0.5193,4.7234,2.2919,11.5622,-0.7341,0.0324,-0.6494,0,0,0,0.00000,3
0.4800,4.6056,2.4227,11.7415,-0.5875,0.0174,-0.7406,0,1,0,0.28348,3
0.3862,4.0260,2.6982,11.7212,-2.1862,0.0291,-0.5704,0,1,0,0.48102,3
0.3830,4.1680,2.7558,12.2855,2.8479,0.0577,-1.0495,0,1,0,0.89420,3
0.4692,5.1276,2.5847,12.1280,3.0663,0.0323,-1.1123,0,1,0,0.58255,3
0.3846,3.9147,2.6727,11.6553,-1.7325,0.0265,-0.5138,0,1,0,0.19378,1
0.4281,4.5105,2.6280,12.7406,-3.0311,0.0614,-1.6108,0,1,1,1.14788,1
0.4416,4.4572,2.5529,11.7862,-2.7581,0.0126,-0.7037,0,1,0,0.50549,3
0.3838,4.1413,2.7439,12.2420,-2.1693,0.0199,-0.9643,0,1,0,0.73523,1
0.4014,4.2004,2.6731,12.1057,-2.9300,0.0460,-0.9338,0,1,0,0.25073,3
0.4882,4.8973,2.4526,12.7639,-1.2528,0.0134,-1.7923,0,1,1,1.50035,1
0.4105,4.4936,2.7082,12.0180,-2.7621,0.0730,-0.9178,0,1,0,0.58663,3
0.4444,4.6581,2.5893,11.8142,-2.6470,0.0209,-0.7454,0,1,0,0.35316,3
0.3768,4.1039,2.7692,11.9437,-1.8955,0.0568,-0.7599,0,1,0,0.29544,1
0.4266,4.3584,2.5957,12.9924,-1.8643,0.0196,-1.7752,0,1,0,1.85813,1
0.3988,4.0345,2.6389,11.9682,1.3012,0.0028,-0.7566,0,1,0,0.59382,1
0.4574,4.8702,2.5802,11.6754,-2.1455,0.0145,-0.6370,0,1,0,0.16265,3
0.3524,3.7412,2.7848,12.1219,2.8945,0.1632,-0.9811,0,1,0,0.43249,1
0.4159,4.4407,2.6677,11.9440,3.0385,0.0751,-0.8693,0,1,0,0.47644,1
0.4592,4.9900,2.5993,13.3108,2.7892,0.0278,-2.2692,0,1,1,2.26731,1
0.5902,6.0110,2.2480,12.3760,1.0183,0.0330,-1.7519,0,1,0,0.83390,1
0.4004,4.2186,2.6830,12.6128,-2.3109,0.0370,-1.3521,0,1,0,1.28144,1
0.3812,4.1910,2.7721,12.6211,-3.0370,0.0378,-1.2920,0,1,1,1.24293,1
0.3593,3.8487,2.7827,12.0888,2.3992,0.0491,-0.8209,0,1,0,0.68504,3
0.3726,4.0715,2.7813,12.1330,-2.6938,0.1195,-0.9816,0,2,0,0.82076,3
0.4994,4.9380,2.4148,11.8701,2.2336,0.0118,-0.8996,0,1,0,0.17828,1
0.5191,5.0738,2.3623,11.8516,0.0246,0.0427,-0.9641,0,1,0,0.36101,1
0.4514,4.5282,2.5265,12.3000,2.4283,0.0159,-1.2018,0,2,0,0.55871,1
0.5149,5.4450,2.4514,12.5244,2.5571,0.0298,-1.6624,0,1,1,1.22311,1
0.4151,4.1722,2.5997,11.7272,1.9408,0.0751,-0.6825,0,1,0,0.27744,3
0.4307,4.3724,2.5808,11.9221,-2.6745,0.0468,-0.8454,0,1,0,0.40864,1
0.4539,4.4964,2.5078,11.6711,-2.4637,0.0175,-0.6294,0,1,0,0.25300,3
0.5472,5.0109,2.2419,11.8448,-0.2706,0.0090,-0.9705,0,1,0,0.51875,1
0.4661,4.8187,2.5300,11.7203,3.0166,0.0664,-0.7580,0,1,0,0.25688,1
0.5250,5.2791,2.3784,12.7616,-1.6174,0.0219,-1.9533,0,1,0,0.52186,1
0.4198,4.5398,2.6749,11.8252,-1.5752,0.0483,-0.7413,0,0,2,0.28745,1
0.3895,3.9937,2.6719,12.4703,-2.9622,0.0049,-1.1451,0,1,1,1.05931,1
0.4980,4.7521,2.3815,11.9231,-0.4655,0.0463,-0.9952,0,1,0,0.36291,1
0.4655,4.4022,2.4363,11.5924,-0.4271,0.0207,-0.5799,0,1,0,0.17759,1
0.5831,5.5570,2.2032,12.0124,-1.0003,0.0064,-1.2451,0,1,0,0.28038,1
0.6341,5.7554,2.0496,12.4547,0.4378,0.0398,-2.0099,0,1,0,0.29720,1
0.4263,4.3986,2.6074,11.6537,-2.1887,0.0018,-0.5495,0,1,0,0.33232,1
0.4117,4.1816,2.6183,11.9412,2.3671,0.0163,-0.7806,0,1,0,0.51989,3
0.4927,5.1692,2.4905,12.5359,-3.0461,0.0194,-1.5794,1,2,1,1.30692,1
0.3559,3.8163,2.7904,13.0516,-2.4190,0.0716,-1.6039,0,1,1,1.90833,1
0.3692,3.8346,2.7263,12.1883,-3.0800,0.1030,-0.9959,0,1,0,0.98941,1
0.3785,3.8960,2.6977,12.6457,-2.3659,0.0262,-1.2848,0,1,1,1.39103,1
0.5252,4.9517,2.3146,12.0379,-2.2169,0.0035,-1.1209,0,1,0,0.39316,1
0.3774,3.9247,2.7119,11.8059,-2.9519,0.0602,-0.6587,0,1,0,0.44627,3
0.3499,3.7735,2.8092,12.3486,-2.9923,0.1333,-1.1092,0,1,0,0.96089,1
0.3827,3.9458,2.6919,12.1940,-2.2767,0.0680,-0.9883,0,1,1,0.82491,3
0.4164,4.3685,2.6465,11.7293,2.2989,0.0411,-0.6444,0,1,0,0.37216,3
0.3777,4.1245,2.7707,12.6466,2.4170,0.0847,-1.3719,0,1,1,1.43713,1
0.3718,4.0787,2.7878,12.6625,-3.1089,0.0536,-1.3165,0,1,1,1.47236,1
0.3662,3.9589,2.7806,11.9630,2.6427,0.0330,-0.7215,0,1,0,0.58216,1
0.3586,3.7995,2.7708,12.7387,-3.1303,0.0771,-1.3669,0,1,2,1.44975,1
0.5583,5.5606,2.2976,12.0733,-1.9209,0.0034,-1.2492,0,1,0,0.47545,1
0.3594,3.8857,2.7938,12.1392,-2.8531,0.1014,-0.9290,0,1,0,0.93064,3
0.3617,3.9818,2.8120,13.3614,2.5477,0.0479,-1.8497,0,1,1,2.15394,0
0.4191,4.4038,2.6429,12.6441,-2.3702,0.0320,-1.4399,0,1,1,1.21976,1
0.4253,4.5948,2.6628,13.0897,2.2002,0.0146,-1.8541,0,1,1,2.01770,1
0.4307,4.3473,2.5743,11.9836,-2.8639,0.0536,-0.9090,0,1,0,0.42578,1
0.3481,3.7784,2.8207,12.9063,2.8005,0.0338,-1.3892,0,1,1,1.78046,1
0.3701,3.9730,2.7647,11.8438,-3.0009,0.0072,-0.6074,0,1,0,0.27210,1
0.4224,4.4313,2.6342,12.3471,-2.3284,0.0577,-1.2193,0,1,0,1.15353,1
0.3541,3.8901,2.8243,11.8549,-2.6048,0.0502,-0.6385,0,1,0,0.31313,1
0.4786,5.1875,2.5559,12.2865,3.1373,0.0407,-1.3077,0,1,0,0.25719,1
0.3338,3.6460,2.8558,12.3800,-3.0256,0.0897,-1.0235,0,1,0,0.83591,3
0.5133,4.9020,2.3514,11.6739,2.4229,0.0135,-0.7302,0,1,0,0.30856,1
0.3834,4.0474,2.7181,12.3423,2.8677,0.1012,-1.1595,0,1,1,1.07506,1
0.4380,4.2165,2.5080,12.4350,-1.0541,0.0071,-1.2722,0,2,2,1.46683,1
0.4111,4.2479,2.6392,12.5543,2.2611,0.0061,-1.2908,0,1,0,1.18329,1
0.3411,3.7355,2.8453,11.7302,-3.0202,0.0916,-0.5770,0,1,0,0.42792,3
0.4390,4.6227,2.6053,12.9164,-2.8496,0.0510,-1.8099,0,1,1,1.31045,1
0.4339,4.5637,2.6145,11.7961,-2.7470,0.0183,-0.7055,0,1,0,0.49878,3
0.4147,4.3357,2.6458,12.0021,2.9228,0.0086,-0.8290,0,1,0,0.56392,3
0.4465,4.5740,2.5592,12.0042,-1.7468,0.0164,-0.9153,1,1,0,0.28053,3
0.4377,4.3448,2.5420,11.7338,-2.7014,0.0595,-0.7093,0,1,0,0.37023,1
0.3816,3.9438,2.6966,11.9737,2.8421,0.0585,-0.7961,0,0,0,0.00000,3
0.4764,4.9537,2.5148,12.0069,1.0311,0.0404,-1.0221,0,1,0,0.21303,1
0.4106,4.2596,2.6446,12.0726,-2.8076,0.0045,-0.8731,0,1,0,0.74336,3
0.4200,4.5161,2.6677,11.7677,-2.9192,0.0310,-0.6712,0,1,0,0.40538,3
0.3677,4.0533,2.8021,12.3911,2.8575,0.1856,-1.2704,0,1,0,0.59477,0
0.4869,4.8964,2.4578,12.9236,1.2950,0.0089,-1.9500,0,1,0,0.18233,1
0.4196,4.6153,2.6954,12.9977,-2.8819,0.0278,-1.7640,0,1,2,1.74824,1
0.4932,4.9558,2.4439,11.8125,-0.0674,0.0062,-0.8224,0,1,0,0.26968,1
0.3684,3.8702,2.7417,11.7280,-2.5410,0.1121,-0.6468,0,1,0,0.16267,3
0.4338,4.5526,2.6120,12.4278,2.4469,0.0343,-1.2950,0,1,1,0.92619,1
0.4966,4.5760,2.3492,12.0609,-1.7368,0.0105,-1.0813,0,1,0,0.18010,1
0.4525,4.5544,2.5280,11.7784,2.8782,0.0459,-0.7601,0,1,0,0.28353,1
0.3950,4.0403,2.6589,12.1748,-2.4449,0.0085,-0.9232,0,1,0,0.81710,3
0.3820,4.1143,2.7454,11.9647,2.6237,0.0353,-0.7600,0,1,0,0.48619,3
0.4363,4.6839,2.6331,12.7207,-2.8901,0.0491,-1.6038,0,2,0,1.32238,1
0.4543,4.6976,2.5540,12.6642,-2.7313,0.0060,-1.5481,0,1,0,1.17627,1
0.5353,4.9269,2.2711,11.9967,0.8701,0.0276,-1.1346,0,1,0,0.45960,1
0.3530,3.8178,2.8068,12.1672,-2.6520,0.1765,-1.0350,0,1,0,0.83795,1
0.3586,3.8881,2.7991,11.8339,2.7903,0.2142,-0.8361,0,1,0,0.30304,1
0.3643,3.9828,2.7982,11.6340,-2.8224,0.1122,-0.5694,0,1,0,0.22272,3
0.4916,5.1943,2.5003,11.9416,2.5962,0.0254,-0.9740,0,1,0,0.30268,3
0.4157,4.3438,2.6432,11.8944,-3.1139,0.1011,-0.8596,0,1,0,0.23148,1
0.3380,3.6762,2.8428,13.2339,-2.5900,0.0487,-1.6276,0,1,1,2.04367,1
0.5441,5.4125,2.3271,12.0543,-1.8738,0.0414,-1.2433,0,1,0,0.49560,1
0.4152,4.2737,2.6268,12.3959,-2.4332,0.0162,-1.1801,0,1,1,0.69734,1
0.6453,6.0127,2.0460,11.9064,0.9741,0.0250,-1.2951,0,1,0,0.50540,1
0.4661,5.0845,2.5892,11.9138,-2.2241,0.0099,-0.8695,0,1,0,0.41136,1
0.5845,5.6534,2.2133,12.1138,1.6198,0.0307,-1.4058,0,1,0,0.81588,1
0.4790,4.6788,2.4433,11.9989,-0.3965,0.0124,-0.9808,0,1,0,0.44539,1
0.3456,3.8112,2.8454,12.5605,2.8942,0.1527,-1.2895,0,1,1,1.43010,0
0.3363,3.6617,2.8474,13.0949,-3.1080,0.0812,-1.5664,0,1,1,1.74160,1
0.4689,4.7665,2.5060,12.2565,1.6042,0.0393,-1.2455,0,1,0,0.57577,1
0.4358,4.1640,2.5044,11.5459,-1.6736,0.0357,-0.5124,0,1,0,0.18720,3
0.5434,5.7421,2.3887,12.2453,0.7259,0.0293,-1.4424,0,0,0,0.00000,1
0.5781,5.7633,2.2552,12.1607,0.6518,0.0359,-1.4532,0,1,0,0.88760,1
0.4778,4.6080,2.4323,11.9301,1.0012,0.0116,-0.9099,0,1,0,0.46299,1
0.3974,4.3839,2.7435,11.8998,2.0165,0.0590,-0.7717,0,1,0,0.54373,0
0.6090,5.7498,2.1383,12.5073,-0.6050,0.0886,-2.0733,0,1,0,1.00986,1
0.4167,4.2012,2.6003,11.7305,-2.5025,0.0395,-0.6437,0,1,0,0.29022,3
0.4689,4.6680,2.4835,11.5916,-2.6425,0.0248,-0.5906,0,1,0,0.31379,1
0.3692,3.9894,2.7743,12.1996,2.9623,0.0515,-0.9342,0,1,0,0.93435,3
0.5035,5.3656,2.4842,11.8318,1.2292,0.0751,-0.9540,0,1,0,0.40987,1
0.3877,4.2692,2.7610,12.9174,2.5343,0.1153,-1.6974,0,1,1,1.40140,0
0.4498,4.8589,2.6122,11.9579,2.4911,0.0153,-0.8804,0,1,0,0.48785,3
0.4877,5.2716,2.5332,12.1935,-2.8595,0.0114,-1.1993,0,1,0,0.66291,3
0.4596,4.7508,2.5430,11.9315,-2.7547,0.0421,-0.9123,0,1,0,0.31984,1
0.4495,4.7771,2.5944,12.8562,-2.7863,0.0548,-1.8004,0,1,1,1.62545,1
0.3612,3.9418,2.8020,12.1017,-2.5884,0.1194,-0.9281,0,1,0,0.48225,3
0.3845,4.1170,2.7330,12.7061,2.5518,0.0371,-1.3747,0,1,1,1.40368,1
0.4387,4.5689,2.5934,11.7598,2.0545,0.0222,-0.6877,0,1,0,0.15391,3
0.4855,4.3977,2.3538,11.8265,0.2295,0.0424,-0.8651,0,1,0,0.22364,1
0.4287,4.1920,2.5429,11.9745,-2.2503,0.0594,-0.9038,0,1,0,0.38622,1
0.3709,4.0464,2.7825,11.7076,-2.7055,0.1241,-0.6501,0,1,0,0.41172,3
0.4200,4.3734,2.6307,12.9791,2.4804,0.0091,-1.7151,0,1,3,1.44793,1
0.5451,5.2695,2.2974,11.8981,-2.3009,0.0093,-1.0270,0,1,0,0.34418,1
0.3680,4.0160,2.7891,11.9439,-3.0883,0.0427,-0.7231,0,1,0,0.45004,3
0.4212,4.4175,2.6365,12.0394,-2.9096,0.0758,-0.9657,0,1,0,0.51552,1
0.4489,4.6046,2.5561,12.1036,2.6964,0.0574,-1.0685,0,1,0,0.79012,1
0.4066,4.4259,2.7092,11.7885,-3.0694,0.0630,-0.7033,0,1,0,0.40101,3
0.3990,4.3369,2.7228,11.5440,2.1382,0.0226,-0.4448,0,1,0,0.27372,1
0.4611,4.7128,2.5277,12.0682,-1.1769,0.0531,-1.0603,0,1,0,0.39695,1
0.3617,3.7944,2.7527,11.8584,2.9072,0.0099,-0.6050,0,1,0,0.43298,1
0.4264,4.5585,2.6480,12.1053,-1.9528,0.0298,-0.9755,0,1,0,0.63270,1
0.4180,4.5616,2.6891,11.7236,2.9803,0.0467,-0.6500,0,1,0,0.27163,3
0.4743,4.7551,2.4799,12.0455,-1.9506,0.0566,-1.0762,0,1,0,0.76391,3
0.3952,4.1116,2.6781,12.5729,-2.9486,0.0154,-1.2662,0,1,1,1.14059,1
0.3892,4.1800,2.7279,11.9305,2.8160,0.0537,-0.7721,0,1,0,0.51011,3
0.4322,4.2278,2.5367,12.8148,-1.4921,0.0038,-1.6010,0,1,0,1.50100,1
0.4448,4.6909,2.5953,11.9819,3.0529,0.0718,-0.9648,0,1,0,0.47302,1
0.3778,3.9333,2.7128,12.1400,2.1864,0.0771,-0.9443,0,1,0,0.72475,3
0.4723,5.1059,2.5663,11.7620,2.5100,0.0194,-0.7508,0,1,0,0.20593,3
0.5964,5.9979,2.2224,11.8926,0.7311,0.0289,-1.1692,0,1,0,0.25644,3
0.4278,4.5996,2.6517,12.2020,2.4884,0.0067,-1.0336,0,1,0,0.76253,1
0.5731,5.5413,2.2378,11.9972,-0.9097,0.0397,-1.2493,0,1,0,0.49675,1
0.4476,4.8293,2.6153,12.9530,3.0862,0.0576,-1.8951,0,2,0,1.89700,1
0.4219,4.1133,2.5526,11.7495,-2.7540,0.0341,-0.6619,0,1,0,0.22858,1
0.4034,4.2500,2.6769,12.1138,-1.8801,0.0131,-0.9015,0,1,0,0.53713,1
0.4250,4.6446,2.6766,12.5783,1.6679,0.0173,-1.3792,0,1,0,1.32678,1
0.3433,3.7809,2.8482,11.6722,3.0418,0.0828,-0.5293,0,1,0,0.24368,2
0.4624,4.3645,2.4403,12.4141,-0.9138,0.0216,-1.3524,0,1,0,0.98017,1
0.4686,5.0994,2.5814,11.9097,-1.7430,0.0625,-0.9392,0,1,0,0.46203,3
0.4395,4.2869,2.5193,12.4962,1.5649,0.0073,-1.3348,0,1,1,1.27906,1
0.3823,4.0187,2.7155,11.7904,3.0874,0.1211,-0.7316,0,1,0,0.23950,1
0.3404,3.6975,2.8362,12.2346,-3.0505,0.1607,-1.0320,0,1,0,0.74020,1
0.3586,3.8419,2.7842,12.2673,-3.1306,0.0297,-0.9277,0,1,1,0.83829,3
0.4501,4.6664,2.5654,11.8439,2.7136,0.0806,-0.8602,0,1,0,0.59394,1
0.4823,5.2683,2.5566,12.0483,2.8932,0.0935,-1.1498,0,1,0,0.48894,1
0.3945,4.0840,2.6737,11.9434,-2.3385,0.0051,-0.7309,0,1,0,0.37934,1
0.4236,4.2326,2.5769,12.3137,2.5582,0.0454,-1.1745,0,1,0,0.92274,1
0.3561,3.7843,2.7792,12.1221,-2.1069,0.0232,-0.8036,0,1,0,0.93479,1
0.4695,5.1518,2.5889,11.9478,3.0243,0.0581,-0.9723,0,1,0,0.39397,3
0.3736,3.8732,2.7155,12.6439,2.2393,0.0421,-1.2906,0,1,0,1.45487,1
0.4726,4.4582,2.4199,11.7813,-1.5732,0.0165,-0.7626,0,1,0,0.23157,3
0.5152,5.5479,2.4701,12.7366,-2.3995,0.0346,-1.9091,1,1,1,0.82445,1
0.3897,3.9970,2.6720,11.8383,2.9645,0.0105,-0.6446,0,1,0,0.36777,3
0.4290,4.5504,2.6340,12.1856,-2.0973,0.0347,-1.0602,0,1,1,0.57984,3
0.3887,4.2727,2.7567,12.5758,-2.9965,0.0155,-1.2474,0,1,1,1.32346,1
0.4925,4.6548,2.3828,11.2860,-1.1473,0.0283,-0.3393,0,0,0,0.00000,3
0.5451,5.4756,2.3345,12.4624,-1.3904,0.0363,-1.7062,0,0,1,0.80305,1
0.3906,3.9916,2.6661,11.4428,-2.4179,0.0936,-0.4378,0,0,0,0.00000,3
0.5306,5.2035,2.3416,11.5418,0.6332,0.0835,-0.7116,0,0,0,0.00000,1
0.3636,3.9648,2.7962,12.4838,-2.8296,0.1317,-1.2576,0,1,0,1.04093,1
0.3339,3.6385,2.8530,12.8217,2.6943,0.0602,-1.3091,1,1,1,1.33182,1
0.4895,4.8182,2.4299,11.3284,1.6924,0.0679,-0.4229,0,0,0,0.00000,3
0.4987,5.2862,2.4889,11.5093,-2.1011,0.0382,-0.5753,0,0,0,0.00000,3
0.5648,5.3186,2.2315,11.3642,-1.6425,0.0193,-0.4912,0,0,0,0.00000,1
0.4556,4.6461,2.5363,11.3170,-1.2857,0.0111,-0.3106,0,0,0,0.00000,1
0.4999,4.9863,2.4224,11.2843,-1.2146,0.0565,-0.3789,0,0,0,0.00000,3
0.3836,4.1291,2.7415,11.6983,2.9374,0.0794,-0.6098,0,0,1,0.37158,3
0.4940,4.7747,2.4025,11.5665,0.3226,0.0258,-0.6069,0,0,0,0.00000,1
0.3539,3.8616,2.8158,12.0838,2.9265,0.0849,-0.8513,0,0,3,0.62323,3
0.4877,4.8696,2.4484,11.8426,-0.2159,0.0080,-0.8427,0,1,0,0.48986,1
0.4671,4.7427,2.5084,11.4284,2.7618,0.0163,-0.4289,0,0,0,0.00000,3
0.5522,5.1217,2.2438,11.5432,-0.7665,0.0708,-0.7308,0,0,0,0.00000,3
0.3674,4.0132,2.7911,12.0763,-2.8974,0.0727,-0.8620,0,0,1,0.54158,3
0.3602,3.8069,2.7643,11.8336,-2.4949,0.1227,-0.7253,0,1,0,0.45906,3
0.5673,5.2025,2.2018,11.3881,-0.4827,0.1578,-0.6888,0,0,0,0.00000,1
0.5696,5.3062,2.2112,12.5274,-0.9079,0.0095,-1.8229,0,1,0,1.13972,1
0.4377,4.7545,2.6437,13.1443,2.4363,0.0322,-1.9977,0,1,0,2.01664,1
0.5004,4.6818,2.3570,11.5794,-0.8274,0.0729,-0.6877,0,0,0,0.00000,1
0.4756,4.8927,2.5050,11.2927,2.5895,0.0237,-0.3242,0,0,0,0.00000,3
0.6392,5.9832,2.0635,11.3370,0.4602,0.0634,-0.6112,0,0,0,0.00000,3
0.3792,3.9413,2.7078,11.6710,2.8341,0.0566,-0.5539,0,0,1,0.33136,3
0.4974,4.8891,2.4126,11.8407,2.3646,0.0360,-0.8975,0,1,0,0.15457,1
0.4963,4.6799,2.3728,11.3261,-0.4517,0.0219,-0.3738,0,0,0,0.00000,3
0.4951,5.2937,2.5058,12.1421,-1.8982,0.0262,-1.1875,0,0,1,0.42062,3
0.3879,3.9657,2.6718,12.2054,2.5754,0.0659,-1.0088,0,1,0,0.83237,1
0.4512,4.5247,2.5266,12.3226,-1.4671,0.0377,-1.2545,0,1,0,1.07717,1
0.5230,4.8013,2.2933,11.4158,0.7215,0.0244,-0.4966,0,0,0,0.00000,3
0.4996,5.1962,2.4666,11.9864,0.7266,0.0245,-1.0365,0,0,1,0.59887,1
0.4440,4.5117,2.5554,12.0146,2.5791,0.0389,-0.9487,0,1,0,0.75079,1
0.4282,4.4602,2.6148,12.4305,-2.3117,0.0256,-1.2662,0,0,1,1.13492,1
0.4361,4.2960,2.5369,11.4387,2.3802,0.0048,-0.3853,0,0,0,0.00000,3
0.3952,3.9703,2.6376,11.3831,-2.5746,0.0209,-0.3128,0,0,0,0.00000,3
0.3743,3.9307,2.7295,11.2987,2.1515,0.0282,-0.2385,0,0,0,0.00000,1
0.6454,5.8960,2.0297,11.3149,0.4783,0.0586,-0.5856,0,0,0,0.00000,3
0.4511,4.5031,2.5218,11.2911,2.4420,0.0408,-0.3175,0,0,0,0.00000,1
0.4225,4.3339,2.6086,12.0099,-2.2774,0.0097,-0.8549,0,0,1,0.55087,3
0.4255,4.1247,2.5395,11.3318,-1.0247,0.0367,-0.3214,0,0,0,0.00000,1
0.4469,4.7001,2.5881,11.3475,-1.7665,0.0288,-0.3487,0,0,0,0.00000,3
0.4847,4.4656,2.3722,12.3493,0.3638,0.0380,-1.3827,0,0,1,1.21293,1
0.4584,4.5437,2.4998,11.5458,3.1310,0.0092,-0.5138,0,0,0,0.00000,3
0.3446,3.7838,2.8422,12.3056,-2.4248,0.0695,-0.9716,0,1,1,1.05082,3
0.5251,5.2302,2.3686,11.3468,0.8163,0.0726,-0.4883,0,0,0,0.00000,1
0.5029,4.6452,2.3392,11.3531,-0.8530,0.0368,-0.4245,0,0,0,0.00000,3
0.5322,5.1006,2.3161,11.5479,0.5793,0.0050,-0.6226,0,0,0,0.00000,3
0.4195,4.3389,2.6240,11.3454,-0.0211,0.0004,-0.2853,0,0,0,0.00000,1
0.5218,5.0332,2.3436,11.8911,-1.4727,0.0149,-0.9741,0,1,0,0.42680,3
0.4499,4.6102,2.5530,11.3373,1.0422,0.0031,-0.3131,0,0,0,0.00000,1
0.4540,4.4570,2.4981,11.2981,0.3011,0.0115,-0.2926,0,0,0,0.00000,1
0.4602,4.4105,2.4607,11.3289,0.8227,0.0634,-0.3859,0,0,0,0.00000,1
0.4096,4.3391,2.6709,11.4516,2.4540,0.1352,-0.5166,0,0,0,0.00000,1
0.3942,4.0245,2.6578,11.3157,-2.4184,0.0494,-0.2930,0,0,0,0.00000,3
0.4039,4.3198,2.6937,11.9947,-2.5056,0.0165,-0.8088,0,0,1,0.43732,1
0.3986,4.0924,2.6561,11.2541,1.7617,0.0093,-0.2047,0,0,0,0.00000,1
0.3842,4.1910,2.7565,12.3814,3.0867,0.1276,-1.2314,0,1,0,0.78268,1
0.4729,4.6628,2.4652,12.7880,1.5804,0.0122,-1.7534,0,1,1,1.17910,1
0.5261,5.4094,2.3987,11.5170,0.0010,0.0232,-0.6055,0,0,0,0.00000,1
0.4214,4.2020,2.5786,11.3142,-1.7748,0.0399,-0.3069,0,0,0,0.00000,3
0.4200,4.4971,2.6630,11.8957,2.8025,0.0238,-0.7706,0,0,1,0.51102,3
0.4576,4.9025,2.5869,11.3114,-3.0048,0.0857,-0.3940,0,0,0,0.00000,1
0.4904,4.6408,2.3882,11.2391,-1.3563,0.0022,-0.2632,0,0,0,0.00000,3
0.4355,4.5448,2.6024,12.8593,-2.3144,0.0690,-1.7689,0,0,1,1.55498,1
0.3525,3.8048,2.8055,12.3223,-2.7701,0.0228,-0.9422,0,1,1,1.08231,1
0.4296,4.5279,2.6253,12.3163,2.2478,0.0565,-1.2112,0,1,1,0.81515,3
0.5464,5.6533,2.3610,11.6501,-0.0749,0.0176,-0.7731,0,0,0,0.00000,1
0.3501,3.7925,2.8144,12.4140,-3.0484,0.0216,-1.0017,0,1,0,0.96305,1
0.4497,4.7101,2.5776,12.1100,-2.4086,0.0600,-1.0805,0,0,1,0.48951,1
0.4391,4.2077,2.5011,11.7733,0.6499,0.0072,-0.6796,0,0,1,0.29193,1
0.4764,5.0994,2.5464,11.4488,2.5265,0.0774,-0.5327,0,0,0,0.00000,1
0.5516,5.5583,2.3237,11.4294,0.1869,0.0097,-0.5341,0,0,0,0.00000,3
0.4966,4.6184,2.3585,12.5898,-0.4825,0.0333,-1.6688,0,1,0,1.11301,1
0.5044,4.8784,2.3820,11.4535,-1.7897,0.0233,-0.5090,0,0,0,0.00000,1
0.4289,4.5049,2.6227,12.5908,2.7762,0.0614,-1.4717,1,1,0,1.25737,1
0.3984,4.3142,2.7195,13.2976,-2.0375,0.0078,-1.9054,0,1,1,2.21351,1
0.3476,3.7771,2.8231,12.0753,2.8026,0.1857,-0.9621,0,0,2,0.67169,1
0.3736,4.0764,2.7776,11.9472,-2.8394,0.1135,-0.8282,0,0,2,0.89594,3
0.5067,4.6820,2.3322,11.4418,-0.0341,0.0187,-0.4940,0,0,0,0.00000,3
0.5951,5.4710,2.1453,11.4545,0.9067,0.0109,-0.6233,0,0,0,0.00000,1
0.4276,4.2428,2.5614,11.7679,-2.4994,0.0253,-0.6770,0,0,1,0.30683,3
0.4839,4.9752,2.4873,11.4365,3.0423,0.0263,-0.4701,0,0,0,0.00000,1
0.3901,4.1913,2.7266,12.0047,-2.7862,0.0892,-0.8801,0,1,0,0.28894,3
0.4315,4.3483,2.5708,12.5269,2.0144,0.0076,-1.3377,0,0,2,1.12180,1
0.3963,4.0807,2.6639,12.9344,2.6896,0.0676,-1.6732,1,1,0,1.65729,1
0.5307,5.0117,2.3050,11.9148,-1.6477,0.0319,-1.0416,0,0,1,0.59443,1
0.4721,4.6374,2.4630,11.4147,-1.2049,0.0570,-0.4703,0,0,0,0.00000,3
0.4008,4.0039,2.6206,11.4156,-2.7125,0.0286,-0.3529,0,0,0,0.00000,3
0.5121,4.6812,2.3110,11.4366,-1.2678,0.0274,-0.5064,0,0,0,0.00000,3
0.4421,4.4616,2.5516,11.3771,2.6756,0.0430,-0.3849,0,0,0,0.00000,1
0.4643,4.3054,2.4182,11.7381,-2.1392,0.0047,-0.6909,0,0,1,0.28840,1
0.4734,4.7811,2.4897,11.3975,0.4682,0.0106,-0.4018,0,0,0,0.00000,1
0.3971,4.3395,2.7329,11.5354,2.2618,0.0519,-0.4699,0,0,0,0.00000,1
0.4609,4.9008,2.5717,11.4577,-2.2413,0.0335,-0.4683,0,0,0,0.00000,3
0.5183,5.2361,2.3973,11.6041,2.2544,0.0216,-0.6799,0,0,0,0.00000,1
0.5543,5.2291,2.2551,11.5024,0.4264,0.0083,-0.6124,0,0,0,0.00000,3
0.3537,3.7902,2.7937,12.8629,2.8274,0.0116,-1.3421,1,1,0,1.62738,1
0.4354,4.7277,2.6478,11.8436,2.9704,0.1017,-0.8566,1,1,0,0.53762,1
0.5350,5.3723,2.3559,11.5256,2.8165,0.0129,-0.6150,0,0,0,0.00000,1
0.5167,4.7895,2.3154,12.2974,-1.0956,0.0464,-1.4396,0,1,1,0.57534,1
0.5529,5.4105,2.2925,12.2480,0.1668,0.0214,-1.4590,0,0,1,0.68987,1
0.4824,4.7814,2.4518,11.3842,1.4412,0.0141,-0.4041,0,0,0,0.00000,3
0.5259,5.0291,2.3269,12.7517,0.3705,0.0054,-1.9143,1,1,1,1.30167,1
0.4343,4.7686,2.6630,11.5591,2.5016,0.2318,-0.7579,0,0,0,0.00000,1
0.5430,5.1355,2.2810,11.6151,-0.0022,0.0701,-0.7932,0,0,0,0.00000,1
0.5287,5.2876,2.3651,11.5675,1.0530,0.0246,-0.6628,0,0,0,0.00000,3
0.4668,4.9915,2.5653,11.4920,2.1265,0.0088,-0.4783,0,0,0,0.00000,3
0.3550,3.8026,2.7911,12.1299,-2.1765,0.0447,-0.8353,0,1,0,0.69425,1
0.3594,3.8818,2.7927,13.1154,-2.6069,0.0168,-1.5765,1,1,0,1.82941,1
0.3995,4.1842,2.6774,11.4245,-2.7908,0.1075,-0.4502,0,0,0,0.00000,1
0.4273,4.5794,2.6494,11.5857,3.0251,0.0619,-0.5667,0,0,0,0.00000,3
0.4440,4.5296,2.5599,11.3941,-1.9099,0.0210,-0.3762,0,0,0,0.00000,3
0.4703,4.8076,2.5089,12.4707,-1.8149,0.0064,-1.4141,0,1,0,0.78768,1
0.3899,3.9854,2.6678,11.5344,2.6605,0.1099,-0.5279,0,0,0,0.00000,1
0.3571,3.8056,2.7804,12.6279,-2.9819,0.0146,-1.1769,0,1,0,1.38176,1
0.4560,5.0237,2.6219,11.4664,2.9330,0.0621,-0.5037,0,0,0,0.00000,2
0.5406,5.2851,2.3176,11.4916,1.1919,0.0219,-0.5981,0,0,0,0.00000,3
0.4648,4.3412,2.4246,11.4514,1.5663,0.0627,-0.5010,0,0,0,0.00000,3
0.3791,3.9463,2.7102,11.3244,-1.7342,0.0344,-0.2684,0,0,0,0.00000,1
0.6029,5.8719,2.1790,11.5111,-1.3899,0.0022,-0.6925,0,0,0,0.00000,1
0.4493,4.7013,2.5773,11.4728,-2.4006,0.0281,-0.4598,0,0,0,0.00000,3
0.4285,4.2214,2.5517,11.3015,-2.0540,0.0978,-0.3695,0,0,0,0.00000,1
0.4141,4.4494,2.6788,12.8118,-2.5441,0.0237,-1.5612,0,1,0,1.53063,1
0.5297,4.8868,2.2847,11.9521,-0.7057,0.0083,-1.0459,0,0,1,0.65528,1
0.4648,4.7930,2.5298,11.3654,2.2554,0.0767,-0.4399,0,0,0,0.00000,1
0.5072,4.9539,2.3860,11.5707,0.0434,0.0210,-0.6263,0,0,0,0.00000,1
0.5019,5.4743,2.5125,11.9924,3.0957,0.0021,-1.0200,0,1,0,0.36550,3
0.5491,4.9914,2.2314,11.4783,0.3962,0.0060,-0.5749,0,0,2,0.33054,1
0.3646,3.9981,2.8015,11.8688,-3.0463,0.0410,-0.6577,0,1,0,0.37296,3
0.4177,4.1779,2.5894,11.2728,2.5800,0.0014,-0.2264,0,0,0,0.00000,3
0.5965,5.4434,2.1359,11.6102,-0.2484,0.0652,-0.8757,0,0,0,0.00000,3
0.3844,4.0374,2.7102,12.0265,-2.2748,0.0595,-0.8459,1,0,1,0.83847,3
0.5314,4.9657,2.2933,11.5458,0.5636,0.0094,-0.6237,0,0,0,0.00000,3
0.3620,3.8262,2.7610,12.1879,2.5680,0.1322,-1.0161,0,1,0,0.97073,1
0.3817,4.0740,2.7350,11.9432,2.6536,0.0498,-0.7610,0,1,0,0.63053,3
0.5506,5.5031,2.3179,11.5396,2.3264,0.0127,-0.6541,0,0,0,0.00000,1
0.4568,4.7445,2.5538,11.7425,1.5055,0.0100,-0.6906,0,1,0,0.51539,1
0.3938,4.1340,2.6913,11.3095,3.0309,0.0098,-0.2433,0,0,0,0.00000,1
0.3617,3.9350,2.7970,11.6916,2.5149,0.0798,-0.5690,0,1,0,0.36382,3
0.3570,3.8845,2.8068,11.3658,-2.6527,0.0984,-0.3494,0,0,0,0.00000,3
0.5294,5.6557,2.4308,11.4381,1.4463,0.0029,-0.5058,0,0,0,0.00000,3
0.4564,4.6510,2.5336,11.4207,-2.1032,0.0426,-0.4396,0,0,0,0.00000,3
0.4081,4.4037,2.6959,11.3488,2.1651,0.0046,-0.2816,0,0,0,0.00000,1
0.3674,4.0415,2.8001,12.9913,3.0326,0.1044,-1.6574,0,1,0,1.56383,1
0.4491,4.5411,2.5399,12.0282,2.1768,0.0144,-0.9403,0,0,1,0.41467,3
0.3815,4.1023,2.7441,11.8545,-2.9443,0.1147,-0.7730,0,0,1,0.51339,1
0.4778,4.4167,2.3890,12.1032,0.7956,0.0473,-1.1278,0,0,1,0.37899,1
0.4572,4.3599,2.4609,11.4374,-2.6914,0.0261,-0.4351,0,0,0,0.00000,1
0.4694,4.3625,2.4108,11.3793,-0.9525,0.0078,-0.3757,0,0,0,0.00000,3
0.4956,5.2282,2.4903,11.2814,-2.9029,0.0247,-0.3356,0,0,0,0.00000,3
0.4399,4.7150,2.6235,11.6291,2.6644,0.1369,-0.7156,0,0,0,0.00000,1
0.4153,4.1928,2.6046,11.4107,2.0883,0.0034,-0.3363,0,0,0,0.00000,3
0.3681,3.8773,2.7451,12.5650,-1.9996,0.0413,-1.2059,1,1,0,1.16686,1
0.3906,4.2074,2.7285,11.3151,2.8678,0.0546,-0.2952,0,0,0,0.00000,3
0.5123,5.4060,2.4551,11.5617,-0.1800,0.0095,-0.6132,0,0,0,0.00000,1
0.4611,4.7373,2.5333,11.5585,-1.5849,0.0338,-0.5597,0,0,0,0.00000,3
0.4813,5.2556,2.5580,12.3351,2.5254,0.0149,-1.3289,0,1,0,0.91419,3
0.5020,5.2446,2.4663,11.3316,-0.7786,0.0162,-0.3807,0,0,0,0.00000,1
0.4392,4.3568,2.5383,12.5251,2.1927,0.0045,-1.3569,0,1,1,0.62923,1
0.4142,4.2908,2.6360,12.0716,1.9603,0.0374,-0.9252,0,0,1,0.49469,3
0.4552,4.9944,2.6188,11.3855,2.1432,0.0002,-0.3587,0,0,0,0.00000,1
0.3449,3.7087,2.8152,11.8903,3.0627,0.0566,-0.6537,0,1,0,0.35255,3
0.5650,5.6863,2.2933,12.5540,-0.6839,0.0222,-1.8641,0,1,1,1.09668,1
0.3726,3.9636,2.7483,11.8346,2.8944,0.0083,-0.6067,0,1,0,0.57772,1
0.6294,5.7221,2.0616,11.8994,0.7567,0.0185,-1.2365,0,0,1,0.39450,1
0.3767,3.8903,2.7050,13.0365,1.8237,0.0155,-1.5866,1,1,0,1.68269,1
0.4727,4.4413,2.4154,11.3211,-0.3940,0.0539,-0.3809,0,0,0,0.00000,1
0.5219,5.6085,2.4534,11.5609,-2.7322,0.0246,-0.6468,0,0,0,0.00000,3
0.4470,4.4976,2.5386,11.7409,-2.2235,0.0067,-0.6662,0,0,1,0.23218,3
0.4390,4.3017,2.5255,11.3885,-1.7794,0.0226,-0.3671,0,0,0,0.00000,3
0.4114,4.1508,2.6112,11.3570,-1.9508,0.0021,-0.2879,0,0,0,0.00000,1
0.4893,4.7111,2.4077,11.3502,1.3409,0.0467,-0.4183,0,0,0,0.00000,3
0.3858,3.9474,2.6766,11.6275,2.7541,0.0035,-0.4666,0,0,1,0.30358,1
0.3917,4.0576,2.6797,11.8846,-2.3424,0.0356,-0.7174,0,1,0,0.51204,3
0.4721,4.6875,2.4744,11.9251,2.3475,0.0431,-0.9349,0,1,0,0.57540,1
0.4410,4.4180,2.5457,12.7877,-0.2108,0.0042,-1.6123,0,0,1,1.27860,1
0.4267,4.5397,2.6418,11.3742,-3.0779,0.1172,-0.4513,0,0,0,0.00000,1
0.4839,4.5330,2.3905,11.3363,0.2903,0.0034,-0.3479,0,0,0,0.00000,3
0.4212,4.3483,2.6183,13.0254,-2.8570,0.0007,-1.7487,0,0,2,1.17705,1
0.4305,4.5308,2.6217,11.4604,-1.7051,0.0338,-0.4314,0,0,0,0.00000,1
0.5118,5.4502,2.4658,11.5851,-2.2000,0.1067,-0.7554,0,0,0,0.00000,1
0.5723,5.7890,2.2819,11.6299,0.0726,0.0399,-0.8255,0,0,0,0.00000,1
0.4852,5.1280,2.5141,11.5075,1.3114,0.0580,-0.5776,0,0,0,0.00000,1
0.5065,4.7226,2.3413,11.5334,-1.3951,0.0118,-0.5757,0,0,0,0.00000,3
0.3896,4.0892,2.6994,11.4991,1.9845,0.0413,-0.4191,0,0,0,0.00000,1
0.4436,4.4060,2.5310,11.4719,2.5179,0.0213,-0.4428,0,0,0,0.00000,3
0.4635,4.4829,2.4635,12.0354,0.8485,0.0442,-1.0219,0,0,2,0.50513,1
0.5101,5.2106,2.4260,11.5170,-2.3842,0.0222,-0.5798,0,0,0,0.00000,1
0.3848,4.1473,2.7406,11.8683,-2.3432,0.1043,-0.7775,0,0,1,0.34311,3
0.4426,4.6055,2.5845,11.8472,2.6187,0.0184,-0.7679,0,1,0,0.45899,3
0.5205,5.1093,2.3638,11.4198,-2.1172,0.0081,-0.4793,0,0,0,0.00000,1
0.4709,4.7779,2.4999,11.3853,-2.5985,0.0617,-0.4476,0,0,0,0.00000,1
0.3865,3.9654,2.6788,11.5497,-2.2531,0.0576,-0.4729,0,0,0,0.00000,3
0.4637,4.8247,2.5416,11.3490,2.5036,0.0253,-0.3644,0,0,0,0.00000,3
0.4188,4.5890,2.6924,12.7709,2.4152,0.0466,-1.5791,0,0,0,0.00000,1
0.4971,4.5843,2.3491,11.4013,0.6411,0.0740,-0.5087,0,0,0,0.00000,1
0.4867,5.0960,2.5008,11.5358,-1.2872,0.0555,-0.6038,0,0,0,0.00000,1
0.4893,4.7447,2.4152,12.0446,-1.1824,0.0083,-1.0452,0,1,0,0.21271,1
0.5334,5.3121,2.3508,11.8156,0.5080,0.0544,-0.9725,0,0,1,0.27280,1
0.4598,4.3647,2.4510,11.4259,1.4363,0.0293,-0.4319,0,0,0,0.00000,3
0.5406,4.9870,2.2625,11.4342,0.4262,0.0382,-0.5562,0,0,0,0.00000,3
0.5486,5.5661,2.3369,11.6074,-1.0974,0.0011,-0.7095,0,0,0,0.00000,3
0.4243,4.6600,2.6838,11.4354,2.2799,0.0424,-0.4133,0,0,0,0.00000,3
0.4111,4.0695,2.5903,12.0162,1.8033,0.0068,-0.8289,0,1,0,0.46891,3
0.3655,3.8786,2.7592,12.8734,-2.5486,0.0482,-1.4580,0,1,1,1.68749,1
0.3665,3.9155,2.7654,12.8159,-3.1185,0.1105,-1.5150,1,1,0,1.28364,1
0.4978,5.4935,2.5344,11.4144,-1.3237,0.0065,-0.4450,0,0,0,0.00000,0
0.4148,4.2514,2.6227,12.3786,1.5193,0.0161,-1.1632,0,0,3,1.09632,1
0.6164,5.8101,2.1204,12.4435,-0.3043,0.0129,-1.8908,0,0,1,0.95472,1
0.5207,4.8659,2.3151,11.9862,0.8765,0.0002,-1.0500,0,0,1,0.32998,1
0.4691,4.4260,2.4267,12.6616,1.9784,0.0075,-1.5998,0,1,1,5.58864,1
0.3448,3.7993,2.8459,12.9610,-2.8651,0.1476,-1.6059,0,1,1,1.66315,0
0.5419,5.5362,2.3583,11.4134,-2.8305,0.0045,-0.4980,0,0,0,0.00000,3
0.4927,5.2088,2.4988,11.4805,1.0956,0.0353,-0.5351,0,0,0,0.00000,1
0.4360,4.6795,2.6334,12.9815,2.0111,0.0179,-1.8038,0,1,1,1.54179,1
0.5069,5.2168,2.4403,11.3673,1.5921,0.0628,-0.4756,0,0,0,0.00000,3
0.3404,3.6725,2.8276,11.3567,-2.7907,0.1114,-0.3418,0,0,0,0.00000,3
0.4114,4.1491,2.6109,11.2931,-3.0736,0.0025,-0.2380,0,0,0,0.00000,3
0.5686,5.2580,2.2068,12.1486,-0.2862,0.0418,-1.4164,0,0,1,0.52144,1
0.5612,5.4324,2.2645,11.5609,-0.5457,0.0849,-0.7839,0,0,0,0.00000,1
0.4183,4.0983,2.5651,11.9353,-2.8361,0.0066,-0.7766,0,0,1,0.55787,3
0.4734,4.7932,2.4924,11.4362,0.8841,0.0050,-0.4306,0,0,0,0.00000,1
0.3781,4.1568,2.7781,11.7558,-2.3679,0.0621,-0.6237,0,1,0,0.35084,3
0.4622,4.9396,2.5747,12.5501,-2.9990,0.0003,-1.4573,0,0,1,0.98123,1
0.4025,4.1714,2.6593,12.9388,-3.1047,0.0550,-1.6819,1,1,0,1.58965,1
0.4189,4.5998,2.6949,12.2077,-2.9039,0.0624,-1.0907,1,0,2,0.72663,3
0.4727,4.5382,2.4378,11.4834,-1.2344,0.0441,-0.5189,0,1,0,0.15555,3
0.6181,6.0142,2.1439,11.4932,0.3432,0.0799,-0.7930,0,0,0,0.00000,1
0.4507,4.9271,2.6239,11.7100,2.1848,0.0110,-0.6525,0,1,0,0.22513,1
0.5211,5.3019,2.3985,12.0043,1.7908,0.0335,-1.1195,0,0,1,0.14797,3
0.4391,4.2748,2.5181,11.8533,3.0786,0.0020,-0.7435,0,0,1,0.33504,3
0.4590,4.9638,2.5943,11.2301,1.7403,0.0077,-0.2349,0,0,0,0.00000,1
0.3726,4.0138,2.7641,11.8109,2.5009,0.0965,-0.6986,0,1,0,0.28097,3
0.4640,5.0733,2.5966,12.1666,2.0257,0.0249,-1.1254,0,1,0,0.72209,3
0.4303,4.1667,2.5293,12.0288,2.8913,0.0370,-0.9254,0,0,1,0.61742,1
0.5961,5.4126,2.1326,11.4506,-0.2031,0.1450,-0.7871,0,0,0,0.00000,1
0.5547,5.7432,2.3433,11.4166,3.0534,0.0015,-0.5157,0,0,0,0.00000,3
0.4340,4.5622,2.6134,12.0767,-2.1380,0.0277,-0.9660,0,0,1,0.82861,3
0.5632,5.7434,2.3097,11.5122,-1.2020,0.0340,-0.6711,0,0,0,0.00000,3
0.4875,4.6896,2.4104,11.5365,1.0955,0.0510,-0.5990,0,0,0,0.00000,3
0.4144,4.3170,2.6420,11.4205,-2.8845,0.1078,-0.4649,0,0,0,0.00000,1
0.4042,4.0467,2.6165,12.6847,-2.6738,0.0565,-1.4607,1,1,1,1.33129,1
0.4091,4.1928,2.6336,11.3376,1.4681,0.0179,-0.2885,0,0,0,0.00000,1
0.4790,4.4967,2.4024,11.3791,1.1447,0.0213,-0.4029,0,0,0,0.00000,3
0.4242,4.4093,2.6200,11.6812,2.0395,0.0784,-0.6634,0,1,0,0.44062,3
0.4016,4.3249,2.7064,11.4414,-2.9336,0.1218,-0.4827,0,0,0,0.00000,1
0.3883,4.0312,2.6888,11.8604,2.1190,0.0755,-0.7420,0,1,0,0.49423,3
0.3822,4.1576,2.7571,12.1454,2.9447,0.1093,-1.0027,0,1,0,0.98261,1
0.4503,4.7562,2.5860,12.1829,-2.8224,0.0476,-1.1339,0,0,1,0.88136,1
0.4948,5.1186,2.4713,11.4968,2.5268,0.0618,-0.5854,0,0,0,0.00000,1
0.4695,4.4465,2.4298,12.0477,-2.1941,0.0003,-0.9872,0,1,0,0.35629,1
0.4109,4.1572,2.6156,11.2859,-0.7913,0.0031,-0.2326,0,0,0,0.00000,1
0.3567,3.8325,2.7915,11.8138,-3.1052,0.0327,-0.5918,0,0,1,0.29517,1
0.5254,5.5849,2.4340,11.3749,2.3943,0.0079,-0.4421,0,0,0,0.00000,3
0.4566,4.7060,2.5459,11.4271,2.8703,0.0111,-0.4087,0,0,0,0.00000,3
0.4908,5.3972,2.5458,12.0785,-3.0688,0.0348,-1.1235,0,0,1,0.76402,3
0.5515,5.7637,2.3596,11.3253,0.2240,0.0098,-0.4245,0,0,0,0.00000,1
0.5408,5.4519,2.3472,12.7543,1.7588,0.0046,-1.9800,0,1,0,0.20092,1
0.3397,3.6990,2.8406,11.4611,2.8763,0.2706,-0.5952,0,0,0,0.00000,1
0.4411,4.6494,2.6020,11.8841,-2.9666,0.0119,-0.7898,0,0,1,0.52289,3
0.3764,4.1061,2.7720,12.0099,2.2765,0.0180,-0.7604,0,1,1,0.72414,1
0.3937,4.0277,2.6616,11.4210,-3.0490,0.0253,-0.3453,0,0,0,0.00000,3
0.4409,4.2265,2.4978,12.1068,2.3172,0.0166,-0.9935,0,1,0,0.77578,1
0.4425,4.4671,2.5512,12.6182,2.5704,0.0142,-1.4722,0,0,1,1.30523,1
0.4575,4.6611,2.5313,11.2982,2.4459,0.0027,-0.2865,0,0,0,0.00000,3
0.4476,4.5838,2.5568,11.9981,2.6342,0.0584,-0.9682,0,1,0,0.72241,1
0.3966,4.0980,2.6674,11.2694,-1.9934,0.0084,-0.2136,0,0,0,0.00000,1
0.4898,5.3478,2.5400,11.6536,-2.0894,0.0608,-0.7303,0,0,0,0.00000,3
0.4009,4.0100,2.6217,11.3799,-2.7883,0.0074,-0.3008,0,0,0,0.00000,3
0.4670,4.8750,2.5387,11.4132,-1.0913,0.0380,-0.4409,0,0,0,0.00000,1
0.3746,4.1359,2.7903,11.9035,2.6908,0.0578,-0.7254,0,1,0,0.55606,2
0.4201,4.2011,2.5846,11.8652,-2.9033,0.0206,-0.7395,0,0,2,0.38291,3
0.5137,5.3048,2.4294,11.4781,-0.6213,0.0024,-0.5226,0,0,0,0.00000,3
0.3380,3.7296,2.8608,11.3626,-2.8485,0.2077,-0.4518,0,0,0,0.00000,2
0.3524,3.7443,2.7858,11.8365,-2.4832,0.0423,-0.6120,0,1,0,0.37238,1
0.4370,4.4440,2.5700,12.0395,-1.8787,0.0133,-0.9201,0,0,1,0.22366,3
0.3410,3.6960,2.8324,12.3798,3.0701,0.0556,-0.9970,0,1,0,1.04737,3
0.3966,4.1506,2.6822,12.2644,-2.3132,0.1011,-1.1319,0,1,0,0.88682,3
0.4452,4.3607,2.5130,12.2985,1.2073,0.0034,-1.1629,0,0,1,0.73596,1
0.4297,4.4105,2.5952,11.6241,-2.4123,0.0045,-0.5330,0,0,1,0.27753,3
0.3731,4.0899,2.7842,13.1268,2.8046,0.0558,-1.7179,0,1,1,2.08352,1
0.4608,4.4021,2.4558,11.7452,-2.2178,0.0060,-0.6935,0,0,2,0.31999,3
0.3337,3.6754,2.8669,12.2287,-2.4566,0.0426,-0.8493,0,1,0,1.06454,0
0.6049,6.0860,2.2034,12.8691,1.1106,0.0173,-2.4187,1,1,1,0.89194,1
0.4668,4.5030,2.4545,11.7761,-1.1638,0.0452,-0.7839,0,1,0,0.26280,3
0.5244,5.3106,2.3867,11.5183,0.4358,0.0409,-0.6256,0,0,0,0.00000,1
0.5101,5.5293,2.4882,11.5939,-1.5486,0.0374,-0.6769,0,0,0,0.00000,3
0.4424,4.4166,2.5393,12.8186,-1.8800,0.0237,-1.6806,0,1,1,1.61829,1
0.4235,4.1644,2.5590,12.4434,-1.3290,0.0203,-1.2540,0,1,1,0.91607,1
0.3646,3.9320,2.7806,12.6472,2.7999,0.0435,-1.2629,0,1,0,1.13897,1
0.4682,4.3932,2.4227,11.3965,-2.4430,0.0087,-0.3910,0,0,0,0.00000,1
0.5091,4.8181,2.3509,11.5562,0.5163,0.0590,-0.6612,0,0,0,0.00000,1
0.4431,4.3808,2.5273,11.3770,1.2233,0.0357,-0.3772,0,0,0,0.00000,1
0.3922,4.3046,2.7479,13.2430,2.9926,0.0169,-1.8424,0,1,1,1.99538,1
0.4219,4.2128,2.5795,11.4085,1.7866,0.0143,-0.3546,0,0,0,0.00000,3
0.5180,4.9538,2.3431,11.7752,-1.8095,0.0230,-0.8554,0,1,0,0.47169,1
0.5988,5.4241,2.1248,11.5873,0.8158,0.0141,-0.7866,0,0,0,0.00000,1
0.4395,4.6852,2.6185,11.7901,-2.9895,0.0888,-0.8002,0,1,0,0.35082,1
0.4000,4.2581,2.6957,12.5077,2.6953,0.1161,-1.3774,0,1,0,0.98935,1
0.4724,4.3237,2.3893,11.4036,1.4413,0.0453,-0.4457,0,0,0,0.00000,3
0.4952,5.4350,2.5341,12.2100,1.5058,0.0624,-1.3090,0,0,1,0.48749,1
0.4427,4.7922,2.6292,12.9986,-2.5710,0.0213,-1.8568,0,0,3,1.35507,1
0.5225,4.8807,2.3109,12.2757,0.4554,0.0247,-1.4010,0,0,1,0.73864,1
0.4910,4.6161,2.3803,12.4981,0.4910,0.0037,-1.5042,0,1,0,0.96789,1
0.4142,4.0969,2.5834,12.2489,2.0928,0.0142,-1.0452,0,0,1,0.77245,1
0.5271,5.5992,2.4296,12.1558,0.6106,0.0159,-1.2764,0,1,0,0.58790,1
0.4917,4.8319,2.4241,12.1448,-0.6608,0.0393,-1.1967,0,0,1,0.83231,1
0.4760,4.5534,2.4275,11.2604,-2.0408,0.0109,-0.2794,0,0,0,0.00000,3
0.3619,3.9423,2.7986,11.8858,2.9862,0.1566,-0.8104,0,1,0,0.54487,1
0.4910,4.5367,2.3629,11.6018,-0.8261,0.0434,-0.6575,0,0,0,0.00000,3
0.4719,4.6266,2.4614,11.8362,-1.8637,0.0008,-0.7936,0,0,1,0.48638,3
0.5594,5.1976,2.2305,12.3611,0.5908,0.0567,-1.6639,0,1,0,0.61105,1
0.5105,4.9723,2.3767,11.9767,-0.8977,0.0625,-1.1025,0,1,0,0.16671,1
0.5616,5.6944,2.3078,11.3563,0.5345,0.0755,-0.5477,0,0,0,0.00000,1
0.4685,4.4080,2.4250,11.3974,-0.8983,0.0048,-0.3877,0,0,0,0.00000,3
0.3989,4.0803,2.6512,11.4111,2.9628,0.0743,-0.4003,0,0,0,0.00000,1
0.4487,4.7474,2.5910,11.3709,-2.9150,0.1177,-0.4742,0,0,0,0.00000,1
0.3606,3.8561,2.7779,11.8669,3.0770,0.0553,-0.6664,0,1,0,0.71750,3
0.3854,4.2221,2.7590,11.4509,2.3840,0.0797,-0.4218,0,0,0,0.00000,3
0.3676,3.9225,2.7619,12.8813,-2.7849,0.0314,-1.4454,0,1,0,1.69372,1
0.3692,3.9904,2.7747,12.4126,-3.0214,0.0909,-1.1586,0,1,0,0.96006,3
0.4289,4.3100,2.5726,12.7410,-1.0914,0.0005,-1.5147,1,1,0,1.20962,1
0.4741,4.7572,2.4816,11.4574,0.2801,0.0060,-0.4520,0,0,0,0.00000,1
0.4383,4.2809,2.5234,11.2918,-2.0267,0.0467,-0.3122,0,0,0,0.00000,3
0.4664,4.6518,2.4906,11.5099,-1.2525,0.0081,-0.4917,0,0,0,0.00000,3
0.3637,3.8722,2.7665,11.4794,-2.3952,0.1014,-0.4420,0,0,0,0.00000,3
0.5052,4.9039,2.3841,11.4442,-2.1047,0.0148,-0.4908,0,0,0,0.00000,1
0.4540,4.9682,2.6184,11.6774,-1.5213,0.0286,-0.6506,0,0,1,0.34772,1
0.5321,5.0170,2.3005,11.4136,0.3220,0.0383,-0.5239,0,0,0,0.00000,3
0.3956,4.1547,2.6886,12.7277,-1.8553,0.0030,-1.3807,0,0,3,1.31402,1
0.4897,4.6055,2.3834,12.2447,0.9887,0.0524,-1.3118,0,1,0,0.86077,1
0.3622,3.8246,2.7597,11.4351,-2.6541,0.1188,-0.4281,0,0,0,0.00000,3
0.3656,3.9291,2.7743,12.1515,-2.3843,0.0589,-0.8976,0,0,1,0.81993,3
0.4908,4.7571,2.4116,11.8356,0.8959,0.0275,-0.8670,0,1,0,0.15941,3
0.4742,4.9575,2.5254,11.2201,1.8771,0.0184,-0.2511,0,0,0,0.00000,3
0.5278,4.8126,2.2771,11.4777,-2.1363,0.0000,-0.5361,0,0,0,0.00000,1
0.3798,4.0787,2.7461,12.6844,-3.0787,0.0826,-1.4093,0,1,0,1.29436,1
0.3781,4.0325,2.7410,11.3906,-2.7236,0.0230,-0.3031,0,0,0,0.00000,1
0.5414,5.6515,2.3807,12.1341,-0.8195,0.0397,-1.3249,0,1,0,0.59500,1
0.3887,4.1563,2.7233,11.3508,-2.7823,0.0907,-0.3614,0,0,0,0.00000,3
0.4892,4.7902,2.4254,11.7824,0.7503,0.0370,-0.8238,0,1,0,0.37707,1
0.5037,5.2853,2.4673,11.3477,-2.1919,0.0253,-0.4088,0,0,0,0.00000,3
0.3789,3.9946,2.7256,13.1887,2.0794,0.0044,-1.7065,1,2,0,2.03415,1
0.5874,5.5711,2.1893,11.6215,0.1510,0.0337,-0.8333,0,0,0,0.00000,3
0.3479,3.7887,2.8251,12.2948,2.6644,0.0429,-0.9366,0,1,0,1.17320,1
0.4724,4.3264,2.3899,11.5124,-1.7917,0.0180,-0.5128,0,0,0,0.00000,1
0.4596,4.9868,2.5971,12.0622,-2.3445,0.0021,-0.9833,0,0,1,0.60421,1
0.5145,5.2511,2.4155,11.4873,2.3570,0.0658,-0.6095,0,0,0,0.00000,1
0.4605,4.3300,2.4401,11.2477,0.3446,0.0116,-0.2543,0,0,0,0.00000,3
0.3985,4.3571,2.7306,12.6753,2.9620,0.1081,-1.5098,0,0,1,1.25945,1
0.4648,5.0118,2.5789,12.0904,-2.6522,0.0967,-1.1511,0,1,0,0.65430,1
0.4112,4.1036,2.5994,11.5136,-2.5151,0.0220,-0.4356,0,0,0,0.00000,3
0.4584,4.3834,2.4615,11.4402,0.1828,0.0332,-0.4476,0,0,0,0.00000,1
0.4961,4.5415,2.3440,11.5474,-0.0315,0.0059,-0.5657,0,0,0,0.00000,3
0.3567,3.8246,2.7888,11.9294,2.2175,0.0253,-0.6664,0,1,0,0.64996,1
0.4632,4.9034,2.5617,11.3083,-1.1936,0.0263,-0.3288,0,0,0,0.00000,1
0.4099,4.1910,2.6293,12.5788,1.4805,0.0138,-1.3198,1,1,0,0.99485,1
0.4482,4.5438,2.5444,12.8959,-1.6623,0.0299,-1.7922,0,0,1,1.74558,1
0.5193,5.0606,2.3589,11.9095,-0.6590,0.0576,-1.0456,0,0,1,0.49865,1
0.3586,3.8645,2.7913,13.0537,2.4829,0.0526,-1.5847,0,2,0,0.77950,1
0.4245,4.1876,2.5607,11.3937,-2.9724,0.0068,-0.3367,0,0,0,0.00000,3
0.4051,4.0990,2.6267,12.3184,1.8333,0.0244,-1.0938,0,1,0,0.85137,1
0.4055,4.1216,2.6312,11.5363,2.2208,0.0074,-0.4289,0,1,0,0.15014,3
0.4314,4.7224,2.6656,12.3838,2.8861,0.0311,-1.2426,0,0,1,0.93793,3
0.4559,4.4371,2.4850,11.3484,-2.0508,0.0654,-0.4011,0,0,0,0.00000,1
0.3807,3.9334,2.6978,11.4556,-2.9096,0.0526,-0.3882,0,0,0,0.00000,3
0.5298,5.5574,2.4109,11.3433,0.0164,0.0202,-0.4295,0,0,0,0.00000,1
0.4348,4.4119,2.5720,11.3333,1.7041,0.0355,-0.3312,0,0,0,0.00000,3
0.3831,3.9394,2.6875,12.5138,2.4292,0.0181,-1.1797,0,0,0,0.00000,1
0.6326,5.8363,2.0666,11.3456,-0.6245,0.0266,-0.5673,0,0,0,0.00000,1
0.4016,4.1057,2.6455,11.8164,2.3414,0.0908,-0.7517,0,1,0,0.25500,3
0.4610,4.3912,2.4523,11.2344,-1.8713,0.0188,-0.2516,0,0,0,0.00000,3
0.4195,4.2071,2.5891,11.8278,3.0956,0.0293,-0.7179,0,1,0,0.54130,3
0.4117,4.2930,2.6485,12.7797,-1.6946,0.0142,-1.5065,0,0,5,1.37811,1
0.4502,4.7636,2.5878,11.8353,-2.5479,0.0830,-0.8557,0,1,0,0.38027,1
0.4660,4.6743,2.4975,11.4120,0.4702,0.0020,-0.3956,0,0,0,0.00000,3
0.4396,4.3150,2.5261,12.1519,-1.0752,0.0199,-1.0362,0,1,0,0.67265,1
0.4617,4.6196,2.5031,11.4456,-0.8972,0.0519,-0.4796,0,0,0,0.00000,1
0.3741,3.9286,2.7301,11.3827,2.6781,0.0233,-0.2935,0,0,0,0.00000,1
0.4119,4.1653,2.6129,12.3059,2.1209,0.0025,-1.0716,0,1,0,1.00322,1
0.4142,4.0828,2.5798,12.0152,1.6987,0.0185,-0.8509,0,1,0,0.77077,1
0.4029,4.0445,2.6220,11.3754,-2.4688,0.0536,-0.3527,0,0,0,0.00000,3
0.4660,4.7515,2.5151,12.2482,-2.6874,0.0041,-1.1785,0,1,0,0.80134,1
0.4693,4.8230,2.5167,11.4825,2.4857,0.0849,-0.5632,0,0,0,0.00000,1
0.3658,3.8184,2.7389,13.0197,2.5707,0.0149,-1.5234,0,1,1,1.26188,1
0.4760,4.6373,2.4465,11.3809,1.2387,0.0245,-0.4054,0,0,0,0.00000,3
0.6166,6.0265,2.1512,12.3347,-0.0768,0.0040,-1.7399,0,1,0,0.29525,1
0.4978,5.1852,2.4723,12.0295,-2.2043,0.0218,-1.0723,0,0,1,0.25065,3
0.4736,4.7054,2.4718,11.6062,3.1346,0.0114,-0.5951,0,1,0,0.26927,3
0.4208,4.3002,2.6075,11.5150,-1.5701,0.0614,-0.4969,0,0,0,0.00000,1
0.4516,4.9022,2.6142,11.3345,-2.5549,0.0596,-0.3781,0,0,0,0.00000,3
0.5817,5.7912,2.2460,11.5614,0.5585,0.0946,-0.8323,0,0,0,0.00000,1
0.5023,4.7500,2.3635,11.3551,1.9168,0.0142,-0.3994,0,0,0,0.00000,1
0.3715,4.0502,2.7808,12.8054,-3.1411,0.0474,-1.4239,0,0,3,1.22549,1
0.5221,5.2391,2.3823,11.6231,2.1684,0.0437,-0.7333,0,0,0,0.00000,1
0.4992,4.8058,2.3878,11.7800,2.3161,0.0269,-0.8278,0,1,0,0.25316,1
0.5197,5.3042,2.4045,12.0190,0.2905,0.0126,-1.1032,0,0,1,0.21535,1
0.4025,4.0338,2.6206,12.3697,1.3618,0.0145,-1.1152,0,0,1,1.03344,1
0.3712,4.0927,2.7951,11.3397,2.3695,0.0728,-0.3157,0,0,0,0.00000,0
0.4923,5.0688,2.4716,12.1236,-0.8087,0.0222,-1.1542,0,0,1,0.86087,1
0.4222,4.2819,2.5964,12.1405,-1.5358,0.0154,-0.9747,0,1,0,0.63597,1
0.4004,4.4028,2.7337,11.4008,-2.5917,0.0537,-0.3705,0,0,0,0.00000,3
0.5375,5.7048,2.4059,11.4375,1.0238,0.0267,-0.5448,0,0,0,0.00000,1
0.4576,4.6648,2.5317,11.4931,2.5608,0.0868,-0.5589,0,0,0,0.00000,1
0.5308,5.1985,2.3399,11.5588,2.8817,0.0111,-0.6398,0,0,0,0.00000,1
0.3970,4.3219,2.7287,11.4112,3.0881,0.0321,-0.3499,0,0,0,0.00000,3
0.4841,4.8138,2.4517,11.8227,-0.6172,0.0327,-0.8478,0,0,1,0.19462,1
0.4645,4.5904,2.4843,11.7355,-2.4371,0.0472,-0.7447,0,1,0,0.32938,1
0.4216,4.2164,2.5818,11.3275,-3.0621,0.0689,-0.3512,0,0,0,0.00000,1
0.5029,5.2574,2.4652,11.3912,-2.5130,0.0302,-0.4558,0,0,0,0.00000,3
0.4200,4.2539,2.5990,11.8927,2.6478,0.0066,-0.7448,0,0,1,0.44615,3
0.4468,4.8095,2.6145,11.3984,-2.9828,0.1267,-0.5068,0,0,0,0.00000,1
0.5465,5.3313,2.3031,11.3813,1.6528,0.0091,-0.4748,0,0,0,0.00000,1
0.4647,4.6963,2.5080,11.8586,2.3533,0.0211,-0.8271,0,0,1,0.17166,3
0.4479,4.9057,2.6320,12.7648,2.9925,0.0733,-1.7315,0,1,0,1.62941,1
0.5675,5.1566,2.1931,12.4795,0.9631,0.0142,-1.7637,0,0,1,0.76180,1
0.4322,4.5992,2.6310,11.2612,2.9806,0.0410,-0.2751,0,0,0,0.00000,3
0.4498,4.6808,2.5700,11.4168,-3.1073,0.0798,-0.4721,0,0,0,0.00000,1
0.5152,4.9974,2.3629,11.3934,-1.0940,0.0546,-0.5014,0,0,0,0.00000,3
0.4748,4.7509,2.4770,12.1203,-1.9605,0.0093,-1.0852,0,1,0,0.72986,1
0.4935,4.8943,2.4298,11.4203,-2.2107,0.0146,-0.4526,0,0,0,0.00000,3
0.4280,4.1381,2.5320,11.7793,1.2994,0.0022,-0.6577,0,1,0,0.42759,3
0.3743,4.1160,2.7860,12.1814,2.8690,0.1620,-1.0823,0,1,1,0.96970,1
0.4697,4.6905,2.4852,12.5123,1.6577,0.0007,-1.4436,0,1,0,1.15790,1
0.4266,4.5298,2.6399,11.9386,-3.0415,0.0389,-0.8413,0,0,1,0.65273,3
0.3737,4.1090,2.7870,12.8318,-2.9859,0.0390,-1.4411,0,1,0,1.41383,1
0.3560,3.9117,2.8205,12.4311,-2.4048,0.1160,-1.1677,0,1,1,1.04731,3
0.4819,4.6459,2.4239,12.2316,1.7170,0.0332,-1.2483,0,1,0,0.67769,1
0.3612,3.8619,2.7769,11.4348,-2.8343,0.1499,-0.4624,0,0,0,0.00000,3
0.4588,4.3892,2.4615,11.3854,-2.5805,0.0095,-0.3714,0,0,0,0.00000,1
0.4233,4.2686,2.5878,11.3385,-2.5263,0.0089,-0.2930,0,0,0,0.00000,3
0.5011,5.3659,2.4944,11.3173,-2.1000,0.0199,-0.3706,0,0,0,0.00000,3
0.4349,4.5891,2.6158,11.3881,2.7515,0.1355,-0.4939,0,0,0,0.00000,1
0.4028,4.3016,2.6939,11.2982,2.1200,0.0744,-0.3159,0,0,0,0.00000,3
0.4370,4.4658,2.5758,11.3144,-3.0394,0.0005,-0.2775,0,0,0,0.00000,3
0.4547,4.6736,2.5465,12.3162,2.7949,0.0481,-1.2746,0,1,0,0.84757,1
0.4934,5.4482,2.5445,11.7227,1.0582,0.0008,-0.7306,0,1,0,0.35850,0
0.3728,3.9182,2.7336,12.3685,2.4963,0.0344,-1.0537,0,1,0,1.12748,1
0.4806,5.0839,2.5249,11.5516,-0.9540,0.0235,-0.5710,0,0,0,0.00000,1
0.4927,4.5124,2.3508,12.5504,0.0953,0.0107,-1.5748,0,0,1,1.06531,1
0.4944,5.1077,2.4707,12.5619,-1.2266,0.0008,-1.5832,0,1,1,1.14397,1
0.4746,4.7897,2.4866,12.0091,2.8790,0.0034,-0.9691,0,1,0,0.39844,3
0.4653,5.0399,2.5830,11.9067,2.6793,0.0166,-0.8695,0,0,1,0.47748,3
0.4029,4.3994,2.7202,11.8627,-2.7700,0.0082,-0.6884,0,1,0,0.15847,1
0.4087,4.2049,2.6389,11.3311,-1.3524,0.0469,-0.3161,0,0,0,0.00000,1
0.4515,4.3915,2.4932,11.8494,1.1474,0.0512,-0.8294,0,1,0,0.35821,1
0.3928,4.0394,2.6692,12.0486,-2.3756,0.0155,-0.8250,0,1,0,0.81976,3
0.4367,4.4726,2.5785,11.5863,1.1798,0.0604,-0.5795,0,1,0,0.33132,1
0.3725,4.0647,2.7801,12.5010,2.8337,0.1015,-1.2568,1,1,0,1.13029,3
0.4746,4.8243,2.4942,12.0460,-3.1160,0.0237,-1.0327,0,0,2,0.74491,1
0.3994,4.2137,2.6864,12.3465,-3.0200,0.0454,-1.1313,0,1,1,0.84100,1
0.4396,4.7447,2.6322,12.1349,-2.7535,0.0891,-1.1171,0,0,2,0.65065,1
0.4936,5.2642,2.5063,11.5369,-3.0665,0.0830,-0.6488,0,0,0,0.00000,1
0.4915,4.4736,2.3469,11.4523,1.8317,0.0335,-0.5016,0,0,0,0.00000,1
0.4969,4.8416,2.4048,11.2986,-2.6300,0.0143,-0.3399,0,0,0,0.00000,1
0.4338,4.4948,2.5976,13.0551,2.6585,0.0222,-1.8727,1,1,1,1.71674,1
0.4800,4.4012,2.3765,11.3466,1.4917,0.0024,-0.3515,0,0,0,0.00000,3
0.3996,4.2116,2.6849,11.3956,-1.9486,0.0340,-0.3425,0,0,0,0.00000,1
0.5564,5.5668,2.3061,12.6617,-0.6095,0.0461,-2.0015,0,1,1,1.35469,1
0.5678,5.3984,2.2338,11.3197,-1.2413,0.0736,-0.5117,0,0,0,0.00000,3
0.5892,6.0056,2.2512,11.4236,1.3320,0.0487,-0.6288,0,0,0,0.00000,3
0.4174,4.1552,2.5845,11.3125,-1.7067,0.0768,-0.3438,0,0,0,0.00000,3
0.4724,5.1787,2.5814,12.3348,-2.2741,0.0424,-1.3402,0,0,1,0.91326,3
0.5016,4.6265,2.3403,11.2880,-2.2118,0.0016,-0.3191,0,0,0,0.00000,1
0.3917,4.2820,2.7443,11.5201,-2.4607,0.1218,-0.5327,0,0,0,0.00000,3
0.4134,4.2970,2.6415,11.3725,-1.5801,0.0159,-0.3185,0,0,0,0.00000,1
0.4154,4.4258,2.6663,12.7188,2.0248,0.0283,-1.4886,0,1,2,1.31242,1
0.4832,4.8384,2.4607,11.7163,-2.7441,0.0140,-0.7192,0,0,1,0.19364,1
0.4341,4.2319,2.5294,12.5860,-0.5216,0.0055,-1.3968,0,0,1,0.87418,1
0.6311,5.8742,2.0771,11.4362,0.4499,0.1313,-0.8067,0,0,0,0.00000,1
0.4815,4.7923,2.4579,12.0454,0.7416,0.0120,-1.0326,0,0,1,0.39527,1
0.4850,4.9919,2.4861,11.5521,-1.8019,0.0721,-0.6368,0,0,0,0.00000,3
0.5388,5.4955,2.3633,12.5092,0.8843,0.0342,-1.7358,0,1,1,1.08723,1
0.4254,4.3498,2.5990,11.3923,2.0145,0.0489,-0.3859,0,0,0,0.00000,3
0.4265,4.4379,2.6169,11.7143,1.7413,0.0046,-0.6043,0,0,1,0.14714,1
0.3731,4.1077,2.7897,12.6585,-2.8533,0.1506,-1.4655,0,1,0,1.24398,0
0.3826,4.1193,2.7438,11.4399,2.8446,0.0139,-0.3342,0,0,0,0.00000,1
0.5491,5.0273,2.2381,11.2548,-0.1518,0.0042,-0.3382,0,0,0,0.00000,1
0.6386,6.0791,2.0787,11.5244,-0.4015,0.0277,-0.7990,0,0,0,0.00000,3
0.5333,5.0611,2.3043,12.4041,1.4617,0.0009,-1.5412,0,0,1,0.78729,1
0.4443,4.5557,2.5648,11.4098,0.8283,0.0131,-0.3809,0,0,0,0.00000,1
0.4831,4.5843,2.4054,12.0550,-0.9725,0.0735,-1.1303,0,0,1,0.60290,1
0.5085,4.8973,2.3694,11.5960,1.1855,0.0249,-0.6582,0,0,0,0.00000,3
0.4708,4.4850,2.4333,11.8883,0.6702,0.0024,-0.8418,0,0,1,0.51241,1
0.4601,4.8444,2.5622,11.3510,-1.0881,0.0033,-0.3368,0,0,0,0.00000,1
0.3807,3.9226,2.6946,12.5986,-2.1955,0.0260,-1.2535,0,1,0,0.56964,1
0.3995,4.2697,2.7015,12.4182,2.6810,0.0177,-1.1530,0,0,2,1.61966,1
0.3478,3.7295,2.8062,11.7784,-2.7613,0.1386,-0.6806,0,1,0,0.44415,3
0.5323,5.0315,2.3023,11.5071,-0.6618,0.0696,-0.6599,0,0,0,0.00000,1
0.4479,4.5068,2.5368,11.2410,-2.3542,0.0048,-0.2306,0,0,0,0.00000,3
0.3701,3.8424,2.7241,12.9253,-2.5881,0.0231,-1.4781,1,1,0,1.51250,1
0.4723,4.8066,2.5000,12.9989,-2.7838,0.0042,-1.9577,1,1,1,1.49382,1
0.4771,4.5630,2.4251,11.7330,-1.7168,0.0528,-0.7724,0,0,1,0.44354,3
0.3266,3.6040,2.8832,11.8250,-2.7820,0.0549,-0.5716,0,1,0,0.65345,0
0.5166,5.0812,2.3739,11.6060,2.8243,0.0010,-0.6525,0,0,0,0.00000,3
0.4398,4.7372,2.6294,12.0453,2.6145,0.0128,-0.9328,0,1,0,0.84458,3
0.4678,4.5278,2.4560,11.8344,1.5270,0.0055,-0.7893,0,0,1,0.52323,3
0.4885,5.0307,2.4793,12.4506,-2.7785,0.0289,-1.4894,0,0,1,0.98901,1
0.3411,3.7081,2.8362,12.8783,2.6468,0.0692,-1.3960,0,1,1,1.69199,1
0.4893,4.4682,2.3544,11.4047,-0.1429,0.0649,-0.4911,0,0,0,0.00000,1
0.3798,4.0521,2.7379,11.9219,-2.1311,0.0390,-0.7267,0,1,0,0.60832,1
0.3495,3.7306,2.7972,12.9396,2.2510,0.0411,-1.4333,1,2,0,1.26890,1
0.5830,5.5375,2.2001,11.4521,-1.1933,0.0473,-0.6486,0,0,0,0.00000,1
0.4661,4.6619,2.4941,12.6815,2.4749,0.0257,-1.6408,0,0,1,1.10111,1
0.4375,4.2000,2.5063,11.3669,-1.4643,0.0164,-0.3396,0,0,0,0.00000,3
0.4354,4.2097,2.5177,12.5597,1.6107,0.0202,-1.4002,0,1,0,1.18639,1
0.5688,5.8003,2.2975,12.0507,-0.5924,0.0286,-1.2875,0,1,0,0.19167,1
0.4561,4.6357,2.5313,12.0428,-1.8560,0.0424,-1.0092,0,0,1,0.44095,3
0.3876,3.9958,2.6819,12.0791,-3.0363,0.0741,-0.9156,0,0,1,0.74520,1
0.5767,5.3608,2.1943,11.5336,-0.0811,0.1119,-0.8122,0,0,0,0.00000,1
0.5237,5.4466,2.4152,11.4515,0.3237,0.0164,-0.5271,0,0,0,0.00000,1
0.3407,3.6752,2.8271,11.9966,-3.1172,0.1435,-0.8323,0,1,0,0.54169,1
0.3482,3.8415,2.8410,12.4320,-2.5971,0.1486,-1.1901,0,0,1,1.04674,2
0.5161,5.3394,2.4261,12.3481,-2.1164,0.0059,-1.4365,0,0,1,0.74666,1
0.4138,4.2277,2.6209,11.3470,3.1202,0.0482,-0.3354,0,0,0,0.00000,3
0.5089,5.3104,2.4507,11.5186,3.0584,0.0194,-0.5767,0,0,0,0.00000,3
0.4226,4.2055,2.5741,11.3079,2.7936,0.0426,-0.3060,0,0,0,0.00000,1
0.3447,3.7506,2.8305,11.9616,3.0150,0.2006,-0.8879,0,1,0,0.55854,1
0.4598,4.7300,2.5373,12.7832,1.4081,0.0242,-1.7174,0,1,1,1.55823,1
0.4801,4.4546,2.3883,11.6594,2.1220,0.0227,-0.6685,0,0,1,0.14404,1
0.5135,4.9846,2.3672,11.5010,-1.5626,0.0731,-0.6299,0,0,0,0.00000,3
0.4444,4.2931,2.4997,12.7554,0.1094,0.0067,-1.5971,0,1,2,2.29919,1
0.5849,5.8476,2.2428,11.4901,0.4504,0.0952,-0.7557,0,0,0,0.00000,1
0.5029,4.8416,2.3805,11.5631,-2.1480,0.0232,-0.6143,0,0,0,0.00000,1
0.3381,3.6799,2.8432,13.2802,3.0061,0.0692,-1.7030,0,1,1,1.97681,1
0.3663,3.9928,2.7907,11.5525,-3.1287,0.1149,-0.5148,0,1,0,0.19609,3
0.4710,5.1847,2.5892,11.7765,2.4841,0.1614,-0.9412,0,1,0,0.17669,0
0.4554,4.5391,2.5115,11.2410,-2.8010,0.0262,-0.2612,0,0,0,0.00000,1
0.3506,3.7950,2.8122,11.5335,-2.6929,0.1370,-0.5059,0,0,0,0.00000,3
0.4616,4.9722,2.5845,13.1530,-2.0515,0.0300,-2.1182,0,1,1,1.92952,1
0.4338,4.5042,2.5997,11.3909,-1.2383,0.0446,-0.3894,0,0,0,0.00000,1
0.5382,5.4920,2.3649,11.8926,-0.3370,0.0247,-1.0280,0,0,1,0.50232,1
0.3869,3.9898,2.6839,11.3566,-2.3986,0.0103,-0.2723,0,0,0,0.00000,1
0.3379,3.7016,2.8520,12.4478,-2.3482,0.0548,-1.0362,1,1,0,0.69687,1
0.4138,4.1903,2.6110,12.7042,-2.6058,0.0490,-1.5020,1,1,1,1.40237,1
0.4612,4.4428,2.4638,11.4618,-0.8640,0.0407,-0.4797,0,0,0,0.00000,1
0.4257,4.2837,2.5806,11.5130,2.6128,0.0955,-0.5426,0,0,0,0.00000,1
0.4828,5.2319,2.5468,12.3426,2.4004,0.1097,-1.4776,0,1,0,1.14459,1
0.3792,3.9712,2.7168,11.3249,2.7624,0.0041,-0.2348,0,0,0,0.00000,1
0.4927,5.1431,2.4852,11.3917,2.9690,0.0455,-0.4617,0,0,0,0.00000,1
0.4498,4.3533,2.4909,11.2620,0.7657,0.0171,-0.2636,0,0,0,0.00000,1
0.4495,4.3498,2.4917,11.4957,-2.1409,0.0928,-0.5568,0,0,0,0.00000,1
0.3731,3.8554,2.7127,11.3056,-2.3999,0.0523,-0.2695,0,0,0,0.00000,3
0.3793,4.1144,2.7592,13.0410,-2.8177,0.0191,-1.6087,1,1,1,1.87799,1
0.4792,4.7315,2.4540,11.5332,1.6320,0.0241,-0.5509,0,0,0,0.00000,3
0.6580,6.1311,2.0166,11.4756,-0.4910,0.0285,-0.7700,0,0,0,0.00000,1
0.3400,3.6790,2.8324,11.7036,-2.2170,0.0419,-0.4967,0,1,0,0.39983,1
0.4961,4.8970,2.4195,12.6110,-0.7152,0.0308,-1.6877,0,1,1,1.49770,1
0.4335,4.6390,2.6351,11.9457,1.4549,0.0439,-0.8694,0,1,0,0.51294,1
0.4355,4.2995,2.5406,12.0112,-2.0206,0.0135,-0.8907,0,1,0,0.78662,3
0.4997,4.5694,2.3357,11.4501,-0.6236,0.0703,-0.5552,0,0,0,0.00000,1
0.4743,4.3471,2.3872,11.5021,1.7614,0.0311,-0.5219,0,0,0,0.00000,1
0.5629,5.1233,2.2044,11.4660,-0.0962,0.0834,-0.6778,0,0,0,0.00000,1
0.5181,5.1002,2.3717,11.7119,2.2981,0.0033,-0.7658,0,1,0,0.21291,3
0.5666,5.7230,2.2930,11.3495,-1.0831,0.0338,-0.4969,0,0,0,0.00000,3
0.4161,4.3079,2.6316,11.3088,-2.8723,0.0331,-0.2898,0,0,0,0.00000,3
0.4785,5.2624,2.5722,12.2266,-2.8391,0.0305,-1.2331,0,0,0,0.00000,3
0.4427,4.5744,2.5766,11.8710,2.2969,0.0419,-0.8196,0,0,1,0.16400,3
0.4846,4.5338,2.3880,11.4550,-1.5716,0.0154,-0.4735,0,0,0,0.00000,3
0.4926,5.0867,2.4737,11.5873,1.4675,0.0430,-0.6475,0,0,0,0.00000,3
0.4790,4.4408,2.3897,11.2605,-1.2614,0.0011,-0.2705,0,0,0,0.00000,3
0.4817,4.6784,2.4317,11.3659,-1.6766,0.0092,-0.3803,0,0,0,0.00000,3
0.4555,4.9441,2.6057,11.5209,2.9815,0.1363,-0.6406,0,0,0,0.00000,1
0.4662,4.4370,2.4414,11.5002,-0.1993,0.0340,-0.5131,0,0,0,0.00000,1
0.5094,5.0304,2.3928,11.5667,1.9629,0.0316,-0.6392,0,0,0,0.00000,1
0.5027,5.0774,2.4295,11.2742,3.0295,0.0289,-0.3403,0,0,0,0.00000,1
0.4794,4.3644,2.3707,11.9148,-0.5928,0.0300,-0.9217,0,0,0,0.00000,1
0.4513,4.8301,2.5988,12.8517,-2.5500,0.0006,-1.7131,0,1,0,0.71557,1
0.4613,4.4182,2.4577,11.3007,1.8077,0.0510,-0.3474,0,0,0,0.00000,3
0.5627,5.2695,2.2306,11.2816,-0.5115,0.0000,-0.3767,0,0,0,0.00000,1
0.4502,4.3492,2.4883,11.2970,-0.2773,0.0250,-0.3032,0,0,0,0.00000,1
0.4151,4.2607,2.6238,11.9548,-0.3095,0.0009,-0.7795,0,1,0,0.49518,1
0.4565,4.3858,2.4703,11.3484,0.9880,0.0612,-0.3967,0,0,0,0.00000,1
0.5469,5.7233,2.3712,11.8553,-2.8008,0.0246,-1.0077,0,0,1,0.54206,1
0.4495,4.6235,2.5578,11.4721,-3.1167,0.0033,-0.4298,0,0,0,0.00000,3
0.5317,5.0311,2.3048,11.3004,-2.0102,0.0024,-0.3649,0,0,0,0.00000,1
0.4311,4.2133,2.5377,12.1998,0.0334,0.0046,-1.0350,0,1,0,0.73117,1
0.3898,4.1961,2.7291,12.1983,-2.4466,0.1222,-1.0850,0,1,0,0.90525,3
0.4721,4.3547,2.3980,12.0050,2.1438,0.0021,-0.9541,0,1,0,0.73873,1
0.5390,5.4379,2.3520,11.3885,-0.9730,0.0267,-0.4944,0,0,0,0.00000,3
0.5356,4.8544,2.2561,11.9881,0.8906,0.0421,-1.1458,0,0,1,0.62969,1
0.3606,3.8105,2.7634,11.3793,2.7925,0.1513,-0.4231,0,0,0,0.00000,1
0.4304,4.3791,2.5838,11.9432,1.7673,0.0481,-0.8652,0,1,0,0.52181,3
0.4484,4.6099,2.5595,11.3292,0.3368,0.0055,-0.3075,0,0,0,0.00000,1
0.3785,4.0867,2.7553,11.3608,1.9002,0.0445,-0.3061,0,0,0,0.00000,1
0.6117,5.9555,2.1590,11.6098,1.3643,0.0168,-0.8431,0,0,0,0.00000,1
0.5752,5.2653,2.1839,11.4023,-0.0953,0.0083,-0.5325,0,0,0,0.00000,1
0.3827,4.1283,2.7458,11.6620,-2.5823,0.0137,-0.5010,0,0,1,0.29483,1
0.4077,4.1643,2.6327,11.3892,2.1814,0.0411,-0.3544,0,0,0,0.00000,3
0.4337,4.2255,2.5295,11.2796,-0.8789,0.0406,-0.2906,0,0,0,0.00000,1
0.3890,4.2402,2.7457,12.4940,3.0029,0.0879,-1.2860,0,1,0,1.19373,1
0.4522,4.7560,2.5770,11.6815,2.8942,0.0511,-0.6784,0,0,1,0.19939,1
0.4936,5.3128,2.5161,12.5377,0.6134,0.0053,-1.5641,0,0,1,0.98950,1
0.4466,4.6465,2.5766,11.3546,2.4467,0.0315,-0.3575,0,0,0,0.00000,3
0.3327,3.6436,2.8617,13.2251,2.6360,0.1246,-1.7315,1,1,1,2.10953,1
0.6024,5.9324,2.1900,11.8935,0.2363,0.0156,-1.1653,0,1,0,0.36178,3
0.4837,4.8384,2.4587,12.2526,0.8526,0.0063,-1.2368,0,1,0,0.81622,1
0.4600,4.2990,2.4345,11.2325,0.9849,0.0102,-0.2389,0,0,0,0.00000,3
0.5391,5.3481,2.3350,11.4121,-1.4793,0.0114,-0.5005,0,0,0,0.00000,3
0.4366,4.5712,2.6038,11.7203,-1.3001,0.0063,-0.6296,0,0,1,0.38259,1
0.4518,4.3604,2.4840,12.6287,-2.6223,0.0020,-1.4951,0,0,1,1.21080,1
0.5771,5.5439,2.2231,11.2902,-0.6506,0.0625,-0.4774,0,0,0,0.00000,3
0.4580,4.8358,2.5696,12.1339,1.3127,0.0219,-1.0730,0,1,0,0.70935,1
0.3983,4.0355,2.6415,12.0412,-1.4331,0.0059,-0.8188,0,0,1,0.65099,1
0.4413,4.7064,2.6151,12.9660,-2.7138,0.0475,-1.8631,0,1,1,1.58938,1
0.3916,4.2499,2.7357,11.7056,2.4488,0.0455,-0.5878,0,1,0,0.21212,3
0.4598,4.8210,2.5581,11.4255,2.8561,0.0140,-0.4149,0,0,0,0.00000,3
0.4943,5.1766,2.4854,12.1331,1.3392,0.0380,-1.1916,0,1,0,0.65917,1
0.5723,5.6772,2.2635,11.5676,0.7878,0.0094,-0.7161,0,0,0,0.00000,3
0.4253,4.6195,2.6686,12.4671,-2.9051,0.0906,-1.3867,0,1,0,1.31115,1
0.5203,4.7293,2.2891,12.2024,-0.4851,0.0305,-1.3223,0,0,1,0.51375,1
0.5598,5.4287,2.2692,12.6206,-0.1901,0.0025,-1.8901,0,1,0,1.07733,1
0.3669,4.0014,2.7902,11.8126,2.6769,0.0550,-0.6376,0,0,1,0.26657,3
0.3336,3.6440,2.8566,11.5600,-2.8035,0.1852,-0.5581,0,1,0,0.19348,3
0.4033,4.3802,2.7130,11.3766,2.5805,0.0642,-0.3667,0,0,0,0.00000,3
0.4543,4.5887,2.5282,11.5276,-0.6543,0.0090,-0.4917,0,0,0,0.00000,1
0.5235,5.6191,2.4484,11.8134,2.3630,0.0114,-0.8956,0,0,1,0.40600,3
0.3911,4.0428,2.6786,11.3381,2.1829,0.0444,-0.3014,0,0,0,0.00000,3
0.3653,3.9854,2.7935,13.1356,2.2214,0.0294,-1.6429,1,1,0,1.63467,1
0.3999,4.0983,2.6516,12.0619,-3.0199,0.0682,-0.9232,0,1,0,0.41447,1
0.5508,5.7056,2.3523,11.3854,-0.6291,0.0035,-0.4797,0,0,0,0.00000,3
0.4974,4.8091,2.3958,11.3789,-1.0605,0.0408,-0.4484,0,0,0,0.00000,3
0.6029,5.9530,2.1911,12.1409,-0.9309,0.0574,-1.5316,0,1,0,0.55180,1
0.5096,4.9136,2.3684,11.9481,-1.7859,0.0140,-1.0041,0,1,0,0.20420,1
0.4427,4.2497,2.4960,11.3701,1.9820,0.0234,-0.3563,0,0,0,0.00000,3
0.4943,5.0682,2.4630,11.5239,-2.2134,0.0423,-0.5873,0,0,0,0.00000,1
0.5866,5.9776,2.2569,11.6519,1.9468,0.0168,-0.8482,0,0,0,0.00000,1
0.5127,5.5094,2.4732,11.4860,-0.8541,0.0118,-0.5414,0,0,0,0.00000,1
0.4767,4.7575,2.4703,11.3093,-2.2051,0.0914,-0.4185,0,0,0,0.00000,1
0.3784,4.0305,2.7390,12.8996,-2.5632,0.0893,-1.6014,0,0,1,1.62954,1
0.4059,4.2577,2.6667,11.3310,-2.7204,0.1054,-0.3801,0,0,0,0.00000,1
0.3644,3.9848,2.7986,12.7105,-3.0008,0.0694,-1.3526,0,1,2,6.54334,1
0.6151,5.5701,2.0896,12.3063,0.0436,0.0392,-1.7476,0,1,0,0.63304,1
0.4934,4.9316,2.4381,11.3874,-0.0355,0.0015,-0.4057,0,0,0,0.00000,3
0.4816,5.2962,2.5653,12.3881,-3.1337,0.0688,-1.4619,1,1,0,0.66600,1
0.4594,4.7376,2.5409,11.3362,-2.6922,0.0345,-0.3587,0,0,0,0.00000,3
0.5884,5.6470,2.1978,11.5196,-0.5548,0.0711,-0.7645,0,0,0,0.00000,3
0.5449,5.1040,2.2677,12.3484,1.3333,0.0240,-1.5514,0,0,2,0.80028,1
0.4765,4.9831,2.5211,11.4896,1.6774,0.0172,-0.4991,0,0,0,0.00000,3
0.3779,3.9577,2.7197,12.8508,2.5799,0.0312,-1.4614,1,1,1,1.40339,1
0.4518,4.5258,2.5244,11.3610,-2.6477,0.0483,-0.3878,0,0,0,0.00000,1
0.4541,4.9479,2.6133,11.8873,-2.6495,0.0273,-0.8407,0,1,0,0.61246,3
0.4587,5.0044,2.6049,11.2745,1.9592,0.0321,-0.3013,0,0,0,0.00000,1
0.6576,6.2643,2.0351,11.5326,-0.6949,0.0336,-0.8501,0,0,0,0.00000,1
0.3626,3.8765,2.7738,12.1881,3.0790,0.0817,-0.9488,0,0,1,0.70130,3
0.4107,4.2633,2.6455,11.5710,1.8349,0.0826,-0.5543,0,0,0,0.00000,3
0.4321,4.1561,2.5186,11.5714,2.0002,0.0471,-0.5428,0,0,0,0.00000,3
0.4830,4.9219,2.4798,11.4070,1.0049,0.0224,-0.4364,0,0,0,0.00000,1
0.4682,5.1580,2.5958,12.3126,2.6940,0.0544,-1.3223,0,0,2,0.67724,2
0.4270,4.6602,2.6708,11.3491,2.0859,0.0364,-0.3380,0,0,0,0.00000,1
0.5274,5.5135,2.4126,11.5062,-2.0351,0.0041,-0.5737,0,0,0,0.00000,3
0.4668,4.8109,2.5251,11.3361,1.1615,0.0512,-0.3860,0,0,0,0.00000,1
0.4849,5.2145,2.5338,11.3307,2.6933,0.0329,-0.3803,0,0,0,0.00000,3
0.4722,5.0328,2.5506,11.6263,1.9623,0.0677,-0.6821,0,0,0,0.00000,3
0.4275,4.4453,2.6139,11.4552,1.8175,0.0650,-0.4600,0,0,0,0.00000,3
0.3589,3.7806,2.7629,11.6471,2.8201,0.0248,-0.4661,0,1,0,0.31747,1
0.4248,4.3914,2.6127,11.5715,1.5755,0.0128,-0.4917,0,0,1,0.26599,1
0.4095,4.3209,2.6668,12.3960,-2.6834,0.0035,-1.1443,1,1,0,1.11578,1
0.4277,4.4422,2.6123,11.5468,2.4204,0.0452,-0.5140,0,0,0,0.00000,3
0.3872,4.1079,2.7168,11.3918,2.8447,0.1607,-0.4717,0,0,0,0.00000,1
0.4009,4.2609,2.6920,12.1764,2.5705,0.0564,-1.0066,0,0,1,0.67817,3
0.3713,3.8612,2.7238,11.6861,-3.0440,0.0596,-0.5561,0,0,1,0.39512,3
0.4909,4.8178,2.4243,11.2703,2.0275,0.0532,-0.3522,0,0,0,0.00000,1
0.3403,3.7370,2.8503,11.3612,2.3432,0.0809,-0.3103,0,0,0,0.00000,1
0.4929,5.2798,2.5126,12.1440,3.0271,0.0641,-1.2357,0,0,2,0.54714,1
0.4132,4.3367,2.6531,11.4100,-2.6838,0.0489,-0.3865,0,0,0,0.00000,3
0.3973,4.3460,2.7340,12.9513,2.6793,0.0357,-1.6371,0,0,3,1.23519,1
0.4900,5.1471,2.4973,11.8972,-1.4453,0.0205,-0.9194,0,1,0,0.29244,3
0.4799,5.1030,2.5319,12.8574,3.1123,0.0040,-1.8443,0,0,1,1.52327,1
0.4753,4.7799,2.4814,11.9619,-2.1965,0.0313,-0.9624,0,0,1,0.35416,3
0.4375,4.4715,2.5748,11.9601,2.6130,0.0577,-0.9090,0,0,1,0.60944,1
0.4322,4.2611,2.5453,11.5353,2.3465,0.0889,-0.5628,0,0,0,0.00000,1
0.4718,4.8828,2.5191,11.6132,2.5016,0.0224,-0.6133,0,0,0,0.00000,3
0.4308,4.4565,2.6016,12.8019,-1.7896,0.0246,-1.6200,0,0,1,1.59556,1
0.6178,5.9123,2.1301,12.1418,-0.1787,0.0001,-1.4899,0,0,1,0.50607,1
0.4608,4.7731,2.5426,11.3001,-1.2659,0.0004,-0.2891,0,0,0,0.00000,1
0.4246,4.2905,2.5873,11.7747,1.8803,0.0217,-0.6731,0,1,0,0.33868,3
0.4915,4.9700,2.4541,12.4942,2.3424,0.0019,-1.5027,0,0,1,1.06488,1
0.4743,5.1274,2.5617,12.3144,1.7301,0.0379,-1.3189,0,0,1,0.85959,3
0.4842,4.5692,2.3973,11.5403,-0.7384,0.0751,-0.6269,0,0,0,0.00000,1
0.3884,3.9518,2.6654,11.3785,2.7943,0.1268,-0.4239,0,0,0,0.00000,1
0.4661,4.3114,2.4122,11.4435,-2.4700,0.0190,-0.4429,0,0,0,0.00000,1
0.4670,4.4833,2.4491,11.3414,1.5975,0.0217,-0.3557,0,0,0,0.00000,3
0.3488,3.7418,2.8049,11.9492,2.9302,0.0596,-0.7078,0,0,1,0.30220,3
0.4225,4.2211,2.5790,12.8206,-1.8883,0.0237,-1.6019,1,1,1,1.34261,1
0.5653,5.6270,2.2819,11.5202,0.9842,0.0429,-0.6936,0,0,0,0.00000,3
0.4599,4.3099,2.4374,11.3348,1.4321,0.0427,-0.3665,0,0,0,0.00000,3
0.4229,4.1401,2.5556,12.8345,0.7543,0.0072,-1.5876,1,1,0,1.49219,1
0.3523,3.8636,2.8253,12.5117,2.5230,0.0616,-1.1406,0,0,1,1.11464,3
0.4678,4.8225,2.5233,11.5476,3.0853,0.0053,-0.5254,0,0,0,0.00000,3
0.4553,4.5578,2.5166,12.5240,-3.0774,0.0275,-1.4473,0,0,1,0.99450,1
0.5758,5.7510,2.2622,11.4786,-1.6758,0.0056,-0.6178,0,0,0,0.00000,1
0.5352,5.2173,2.3262,11.4488,0.8248,0.0417,-0.5695,0,0,0,0.00000,3
0.5220,5.2633,2.3876,11.4832,0.0026,0.0066,-0.5441,0,0,0,0.00000,3
0.4687,4.5222,2.4507,11.5971,1.5176,0.0151,-0.5828,0,1,0,0.20492,3
0.4148,4.1768,2.6024,11.2421,1.9401,0.0087,-0.2078,0,0,0,0.00000,3
0.3908,3.9947,2.6660,11.4527,-2.6630,0.0438,-0.3877,0,0,0,0.00000,3
0.4414,4.4492,2.5516,11.4108,1.2394,0.0854,-0.4629,0,0,0,0.00000,1
0.4363,4.3089,2.5393,11.6367,-2.3556,0.0343,-0.5903,0,0,1,0.28773,3
0.4774,5.0753,2.5369,13.1249,1.2735,0.0038,-2.1160,0,1,1,1.76972,1
0.4814,4.7963,2.4593,12.2372,2.6457,0.0315,-1.2509,0,0,1,0.39503,1
0.4837,4.7528,2.4402,11.8010,-1.4349,0.0147,-0.8021,0,0,1,0.21226,3
0.5587,5.5460,2.2939,11.5871,1.6373,0.0273,-0.7370,0,0,0,0.00000,1
0.5184,5.5008,2.4476,11.3084,-2.4729,0.0256,-0.3876,0,0,0,0.00000,3
0.4642,5.1257,2.6071,11.6790,2.1447,0.0951,-0.7519,0,0,0,0.00000,2
0.4182,4.5069,2.6740,11.5667,3.0093,0.1061,-0.5899,0,0,0,0.00000,1
0.4736,4.3472,2.3902,11.2886,-0.5561,0.0055,-0.2956,0,0,0,0.00000,3
0.4346,4.4601,2.5853,11.7757,1.5408,0.0213,-0.6925,0,1,0,0.18953,1
0.4362,4.7131,2.6405,11.6355,2.6416,0.0743,-0.6389,0,1,0,0.21544,3
0.6409,6.0604,2.0680,12.1939,-0.1789,0.0246,-1.6615,0,0,1,0.67611,1
0.4376,4.2893,2.5286,12.0487,-1.8205,0.0349,-0.9582,0,1,0,0.78271,1
0.4903,5.1379,2.4944,11.4902,2.8724,0.0155,-0.5172,0,0,0,0.00000,3
0.4121,4.3026,2.6492,12.7383,-2.6300,0.0401,-1.5126,0,1,0,1.11522,1
0.4558,4.3338,2.4607,11.8934,-2.1216,0.0104,-0.8248,0,0,1,0.56221,1
0.4411,4.3283,2.5227,11.6988,1.6086,0.0050,-0.6160,0,0,1,0.39902,3
0.4628,4.5923,2.4923,11.3993,2.4360,0.0346,-0.4185,0,0,0,0.00000,1
0.3933,4.2467,2.7261,12.1833,-2.7008,0.0686,-1.0085,0,1,0,0.58945,3
0.4563,5.0309,2.6222,11.3612,2.2266,0.0295,-0.3725,0,0,0,0.00000,2
0.3919,4.3090,2.7505,11.9044,2.6992,0.0811,-0.7918,0,0,1,0.19487,3
0.4325,4.5067,2.6066,12.2814,-2.5182,0.0168,-1.1311,0,0,1,0.79706,1
0.3768,3.9624,2.7266,11.2867,2.9944,0.1427,-0.3605,0,0,0,0.00000,1
0.5058,5.2289,2.4472,11.5138,-2.7453,0.0523,-0.6071,0,0,0,0.00000,1
0.4246,4.6523,2.6803,11.8582,2.8237,0.0902,-0.8327,0,1,0,0.33152,3
0.4751,4.7789,2.4821,11.3547,-0.5049,0.0126,-0.3670,0,0,0,0.00000,1
0.4912,4.4495,2.3430,11.3244,-1.2719,0.0098,-0.3515,0,0,0,0.00000,1
0.4741,4.5057,2.4245,11.4243,-1.6090,0.0538,-0.4775,0,0,0,0.00000,3
0.4374,4.5306,2.5897,12.1860,-2.0485,0.0485,-1.1025,0,0,0,0.00000,3
0.3663,3.9442,2.7758,12.8723,2.0724,0.0397,-1.4461,0,1,1,1.43392,1
0.4255,4.1895,2.5568,11.2664,-2.3719,0.0295,-0.2598,0,0,0,0.00000,3
0.4693,4.4271,2.4263,12.0128,0.9163,0.0444,-1.0140,0,0,2,0.69084,1
0.5243,5.5450,2.4314,11.9797,-2.2503,0.0131,-1.0748,0,1,0,0.47751,3
0.4065,4.0448,2.6049,11.2733,-2.7493,0.0025,-0.2181,0,0,0,0.00000,3
0.3656,3.9195,2.7714,11.8316,-3.0845,0.1579,-0.7779,0,0,1,0.38187,1
0.4292,4.6122,2.6483,12.5244,-2.2232,0.0731,-1.4278,0,1,0,0.48642,1
0.4711,4.9681,2.5413,11.4707,-1.1706,0.0303,-0.4899,0,0,0,0.00000,1
0.4829,4.8062,2.4551,11.5167,-1.3189,0.0336,-0.5524,0,0,0,0.00000,3
0.3828,4.0572,2.7244,12.4996,2.2597,0.0686,-1.2422,0,0,1,1.28640,1
0.4247,4.2922,2.5872,12.0431,1.2778,0.0218,-0.9049,0,0,2,0.51640,1
0.4476,4.8856,2.6288,11.3809,-2.2447,0.0023,-0.3483,0,0,0,0.00000,1
0.4587,4.2693,2.4327,11.5404,0.0227,0.0265,-0.5293,0,0,0,0.00000,1
0.4920,5.1005,2.4794,12.2277,2.3637,0.0066,-1.2377,0,0,2,0.83200,3
0.4248,4.1210,2.5417,11.3738,1.6974,0.0402,-0.3593,0,0,0,0.00000,3
0.4618,4.4145,2.4547,11.2313,-0.3513,0.0059,-0.2349,0,0,0,0.00000,3
0.3686,3.8653,2.7389,11.4229,2.7228,0.1124,-0.4191,0,0,0,0.00000,3
0.5794,5.2872,2.1722,11.5688,0.8152,0.0053,-0.7210,0,0,0,0.00000,1
0.5225,5.3833,2.4083,12.1593,1.1244,0.0292,-1.2846,0,1,0,0.72567,3
0.4163,4.3585,2.6443,13.0374,-2.5245,0.0294,-1.7892,0,0,1,1.52013,1
0.4557,4.5034,2.5020,11.5114,-1.7185,0.0480,-0.5259,0,0,0,0.00000,3
0.5309,4.8133,2.2655,11.7970,1.0869,0.0174,-0.8952,0,0,1,0.41752,1
0.3729,3.9532,2.7439,12.8951,2.6773,0.0116,-1.4458,0,1,0,1.57275,1
0.5674,5.1959,2.2005,11.5032,-0.7304,0.0431,-0.6759,0,0,0,0.00000,3
0.4810,5.0986,2.5260,11.8154,2.4071,0.0168,-0.8155,0,0,1,0.21362,3
0.4101,4.2534,2.6454,11.4075,2.3197,0.0188,-0.3461,0,0,0,0.00000,3
0.4310,4.6361,2.6459,12.6106,-1.7993,0.0172,-1.4300,0,1,0,1.18258,1
0.4832,4.8676,2.4669,11.2680,-2.2036,0.0139,-0.2975,0,0,0,0.00000,3
0.4291,4.6325,2.6540,12.3206,-3.0449,0.0733,-1.2376,0,0,2,6.29060,1
0.3828,4.0515,2.7225,11.4488,2.4905,0.0787,-0.4159,0,0,0,0.00000,3
0.3773,3.9894,2.7323,11.6669,-1.8316,0.0395,-0.5270,0,1,0,0.21073,1
0.4903,4.9717,2.4593,11.5348,-2.3719,0.0420,-0.5915,0,0,0,0.00000,1
0.4508,4.6382,2.5555,11.3758,-2.9566,0.0479,-0.3996,0,0,0,0.00000,1
0.3432,3.7218,2.8288,12.6533,-2.9017,0.0133,-1.1453,0,1,0,1.45401,1
0.4602,4.9762,2.5916,13.2982,2.6761,0.0117,-2.2300,0,0,1,2.01474,1
0.6402,6.1694,2.0851,11.5587,-0.2518,0.0049,-0.8161,0,0,0,0.00000,1
0.5003,4.7646,2.3746,11.5824,1.1570,0.0116,-0.6145,0,0,0,0.00000,3
0.4895,4.9122,2.4502,12.0083,-1.2367,0.0047,-1.0060,0,0,1,0.69503,3
0.4089,4.5092,2.7200,13.1916,2.4674,0.0217,-1.8859,0,0,4,2.10094,0
0.5396,4.9305,2.2555,11.3331,-0.0959,0.0629,-0.4786,0,0,0,0.00000,1
0.4869,4.5741,2.3876,11.6676,1.8161,0.0578,-0.7330,0,0,0,0.00000,1
0.4132,4.3662,2.6611,11.9816,-2.2082,0.0118,-0.8127,0,1,0,0.62790,1
0.4050,4.0213,2.6056,12.2592,-2.3336,0.0291,-1.0492,0,0,2,0.80215,1
0.4350,4.5391,2.6031,12.1637,2.8779,0.0405,-1.0644,0,1,0,0.78876,3
0.4374,4.3103,2.5346,11.3235,-0.8348,0.0190,-0.3063,0,0,0,0.00000,1
0.5400,5.5284,2.3644,12.1969,1.2086,0.0614,-1.4224,0,0,1,0.39011,1
0.4622,4.3982,2.4491,11.3711,1.3214,0.0379,-0.3959,0,0,0,0.00000,3
0.3523,3.8298,2.8143,11.2579,2.9016,0.0523,-0.2189,0,0,0,0.00000,1
0.5823,5.3087,2.1654,11.6755,-0.7955,0.0247,-0.8726,0,0,0,0.00000,1
0.4898,4.5805,2.3772,11.3114,-2.0292,0.0128,-0.3421,0,0,0,0.00000,1
0.4142,4.1546,2.5994,11.3397,-1.3425,0.0141,-0.2907,0,0,0,0.00000,1
0.5316,4.9599,2.2916,11.3521,1.4219,0.0198,-0.4375,0,0,0,0.00000,1
0.4512,4.4871,2.5175,11.3882,-1.1225,0.0325,-0.3926,0,0,0,0.00000,1
0.3540,3.8340,2.8068,12.3667,-2.9365,0.1000,-1.0884,0,1,0,1.12178,3
0.5934,5.5250,2.1601,11.3678,0.0955,0.0882,-0.6162,0,0,0,0.00000,1
0.5372,5.0978,2.2960,11.2949,0.2525,0.0212,-0.3876,0,0,0,0.00000,3
0.4167,4.2741,2.6197,11.7048,-2.4887,0.0224,-0.6013,0,1,0,0.31213,3
0.3843,4.0986,2.7291,11.7371,-2.6126,0.0197,-0.5681,0,1,0,0.30865,1
0.4845,4.7774,2.4419,11.5402,-2.2574,0.0142,-0.5535,0,0,0,0.00000,3
0.5037,4.8346,2.3759,11.5548,-1.5583,0.0344,-0.6211,0,0,0,0.00000,3
0.4773,4.8832,2.4958,12.9969,-2.6785,0.0164,-1.9999,0,0,2,1.68867,1
0.4863,4.6870,2.4148,11.4459,2.6415,0.0041,-0.4543,0,0,0,0.00000,1
0.5353,5.1144,2.3065,11.5613,0.1162,0.0591,-0.7090,0,0,0,0.00000,1
0.4835,4.9745,2.4887,11.4995,-1.3822,0.0151,-0.5155,0,0,0,0.00000,3
0.4683,4.5965,2.4695,11.3766,-1.7780,0.0205,-0.3879,0,0,0,0.00000,3
0.5372,4.9991,2.2775,12.3465,0.2728,0.0339,-1.5394,0,0,1,0.63313,1
0.3654,3.9248,2.7745,12.4699,-2.2958,0.0485,-1.1314,0,1,0,1.10523,1
0.4917,4.8016,2.4177,12.5951,2.2563,0.0198,-1.6360,1,0,2,1.90424,1
0.5361,5.0113,2.2840,11.6586,0.0615,0.0481,-0.7993,0,0,0,0.00000,1
0.3462,3.7296,2.8148,13.1783,-2.8289,0.0577,-1.6389,1,1,1,2.06628,1
0.4011,4.2175,2.6791,11.4695,-2.3516,0.0704,-0.4447,0,0,0,0.00000,3
0.4873,4.7873,2.4324,11.3244,-0.7928,0.0186,-0.3591,0,0,0,0.00000,3
0.4549,5.0001,2.6214,12.2184,-2.5892,0.0486,-1.1826,0,1,0,0.72117,3
0.4670,4.4479,2.4409,11.3867,2.8253,0.0048,-0.3765,0,0,0,0.00000,1
0.4696,4.3555,2.4081,11.8480,0.2895,0.0221,-0.8266,0,0,1,0.45232,1
0.5145,4.7954,2.3249,11.3654,-0.9523,0.0041,-0.4116,0,0,0,0.00000,3
0.6301,5.8316,2.0745,11.5257,-0.0981,0.1409,-0.9297,0,0,0,0.00000,1
0.3416,3.6842,2.8250,12.0569,2.8294,0.0574,-0.7666,0,1,0,0.64767,3
0.3594,3.9013,2.7992,12.1867,-2.8551,0.1736,-1.0632,0,1,0,0.99138,1
0.3689,3.8489,2.7322,11.8753,1.8410,0.0580,-0.6925,0,0,1,0.44296,1
0.4961,5.0870,2.4593,11.3762,-0.8969,0.0162,-0.4161,0,0,0,0.00000,1
0.5279,4.8979,2.2937,12.1775,-0.6290,0.0419,-1.3343,0,0,1,0.33200,1
0.4497,4.4905,2.5252,11.3565,-0.5557,0.0077,-0.3345,0,0,0,0.00000,1
0.4292,4.2466,2.5548,11.8174,-1.7618,0.0027,-0.6939,0,0,1,0.16926,3
0.3516,3.7938,2.8067,12.2771,2.6469,0.0667,-0.9665,0,1,0,0.93263,3
0.3493,3.7420,2.8022,13.1127,2.5839,0.0692,-1.6203,0,1,1,1.97986,1
0.5886,5.5854,2.1874,11.4708,1.4774,0.0019,-0.6220,0,0,0,0.00000,1
0.4941,4.8238,2.4122,11.4502,-2.1375,0.0143,-0.4813,0,0,0,0.00000,1
0.4008,4.0592,2.6363,11.6393,2.9298,0.0279,-0.5283,0,1,0,0.25140,3
0.4467,4.5281,2.5475,11.4204,-2.6267,0.0736,-0.4637,0,0,0,0.00000,1
0.4506,4.5672,2.5394,11.3045,-1.4892,0.0726,-0.3654,0,0,0,0.00000,3
0.4330,4.2058,2.5276,11.3978,1.9154,0.0303,-0.3769,0,0,0,0.00000,3
0.4118,4.2563,2.6382,11.5106,-1.8887,0.0002,-0.4086,0,0,0,0.00000,1
0.4272,4.2335,2.5606,12.1876,1.8565,0.0200,-1.0355,0,1,0,0.84637,1
0.4349,4.5790,2.6133,11.4633,2.1662,0.0674,-0.4792,0,0,0,0.00000,3
0.3760,3.9296,2.7206,12.4727,-2.7406,0.1181,-1.2708,0,1,0,1.04896,1
0.4934,4.7141,2.3917,11.8670,-0.5910,0.0463,-0.9283,0,0,1,0.22011,1
0.5244,5.3202,2.3885,11.3660,-2.3998,0.0196,-0.4445,0,0,0,0.00000,1
0.4325,4.2640,2.5447,11.4698,-3.0615,0.0378,-0.4460,0,0,0,0.00000,1
0.5009,4.8685,2.3939,11.3500,-1.2357,0.0164,-0.3960,0,0,0,0.00000,3
0.3623,3.8533,2.7682,13.1410,-2.5473,0.0723,-1.7105,0,0,0,0.00000,1
0.5138,4.9069,2.3501,11.3665,-1.4736,0.0070,-0.4159,0,0,0,0.00000,3
0.4706,4.9829,2.5467,11.4479,-2.5235,0.0863,-0.5345,0,0,0,0.00000,1
0.4716,4.5785,2.4515,12.4913,-2.3492,0.0184,-1.4557,0,1,1,1.15645,1
0.4785,4.8194,2.4764,12.2127,-2.8272,0.0101,-1.1879,0,1,0,0.83784,1
0.4281,4.4562,2.6143,11.9752,2.5687,0.0078,-0.8355,0,1,0,0.25708,3
0.5215,4.9524,2.3291,11.5710,2.6981,0.0075,-0.6319,0,0,0,0.00000,1
0.3627,3.9717,2.8032,12.9332,-2.7345,0.0604,-1.5152,0,1,1,1.86029,1
0.3674,3.8539,2.7415,11.3725,-2.7218,0.0247,-0.2810,0,0,0,0.00000,1
0.4042,4.2074,2.6612,12.8527,2.2664,0.0139,-1.5414,0,1,1,1.71662,1
0.4428,4.4860,2.5546,11.3614,3.0382,0.0305,-0.3577,0,0,0,0.00000,3
0.4842,4.7516,2.4377,11.3168,-0.9400,0.0340,-0.3666,0,0,0,0.00000,1
0.4148,4.2995,2.6355,12.1944,2.7419,0.0766,-1.0874,0,1,1,0.76949,1
0.5401,5.4890,2.3569,11.4765,2.7171,0.0155,-0.5747,0,0,0,0.00000,1
0.5032,4.5921,2.3269,11.4689,0.4303,0.0302,-0.5296,0,0,0,0.00000,3
0.5034,4.6687,2.3422,11.4023,1.8220,0.0210,-0.4541,0,0,0,0.00000,1
0.3874,4.1183,2.7190,13.2441,2.0156,0.0133,-1.8126,1,1,0,1.86573,1
0.4729,4.7243,2.4790,11.5273,1.0933,0.0283,-0.5415,0,0,0,0.00000,1
0.3482,3.8110,2.8308,12.4114,2.7220,0.1598,-1.1902,0,1,1,0.94917,1
0.5341,5.6063,2.4025,11.3918,1.2031,0.0389,-0.5068,0,0,0,0.00000,3
0.3946,4.3212,2.7407,12.9048,-3.0830,0.0202,-1.5589,0,1,0,1.02851,1
0.4593,4.4329,2.4695,11.5177,1.3541,0.0496,-0.5384,0,0,0,0.00000,3
0.5050,5.0622,2.4173,11.9990,2.4976,0.0252,-1.0622,0,1,0,0.22267,1
0.4626,4.8012,2.5412,12.9978,-1.6856,0.0197,-1.9414,0,1,0,1.72971,1
0.5908,5.9789,2.2408,11.9131,1.2078,0.0328,-1.1860,0,1,0,0.38051,3
0.4080,4.4072,2.6974,12.1262,1.7614,0.0339,-0.9520,0,1,0,0.74718,1
0.4459,4.2445,2.4809,11.3670,-2.1853,0.0243,-0.3580,0,0,0,0.00000,1
0.3553,3.8580,2.8075,12.0620,-2.4131,0.0227,-0.7569,0,1,1,0.55714,1
0.5462,5.2132,2.2828,11.7027,0.7112,0.0613,-0.8835,0,0,0,0.00000,3
0.4643,5.1031,2.6018,11.9777,2.6325,0.0785,-1.0158,0,1,0,0.63076,3
0.3954,4.2239,2.7091,11.2710,-2.9611,0.0503,-0.2610,0,0,0,0.00000,3
0.4654,4.7550,2.5183,12.7039,-1.3146,0.0142,-1.6428,0,0,2,0.68294,1
0.4897,4.8570,2.4374,11.4944,-1.5533,0.0559,-0.5681,0,0,0,0.00000,3
0.4501,4.5381,2.5348,12.7859,-2.6836,0.0227,-1.6782,0,1,1,1.50719,1
0.4025,4.3705,2.7143,11.6521,-2.8009,0.1590,-0.7007,0,0,1,0.36546,1
0.5986,5.8296,2.1885,11.4217,-0.7702,0.0524,-0.6436,0,0,0,0.00000,3
0.4405,4.2128,2.4963,11.2688,-2.5940,0.0074,-0.2498,0,0,0,0.00000,3
0.4302,4.3767,2.5843,11.4327,-2.5186,0.0951,-0.4793,0,0,0,0.00000,1
0.4726,4.7331,2.4823,11.3061,1.1776,0.0454,-0.3579,0,0,0,0.00000,1
0.3626,3.9475,2.7965,12.8577,2.6689,0.0412,-1.4214,0,1,0,0.15959,1
0.4804,5.0834,2.5254,11.9356,2.5123,0.0598,-0.9875,0,1,0,0.41023,1
0.4129,4.3637,2.6616,11.4593,-2.9262,0.1130,-0.5012,0,0,0,0.00000,1
0.3863,4.1373,2.7300,12.0429,2.1883,0.0430,-0.8419,0,1,0,0.80911,3
0.4879,4.5903,2.3871,11.7365,2.4429,0.0040,-0.7329,0,1,0,0.30785,1
0.4426,4.4122,2.5371,12.2957,-2.2073,0.0001,-1.1486,0,0,0,0.00000,1
0.3554,3.8993,2.8198,12.5306,2.7760,0.0916,-1.2094,0,1,0,1.24051,3
0.4954,4.7590,2.3935,11.3132,-1.9625,0.0091,-0.3458,0,0,0,0.00000,3
0.5164,4.8593,2.3304,12.0627,-0.5086,0.0104,-1.1345,0,1,0,0.57197,1
0.4792,4.9742,2.5071,11.3802,3.1116,0.0228,-0.4077,0,0,0,0.00000,3
0.3855,4.1800,2.7467,11.5466,-2.6230,0.0788,-0.4944,0,0,2,0.42382,3
0.4226,4.3627,2.6157,13.0466,-1.3940,0.0039,-1.7806,0,1,2,1.82077,1
0.4296,4.4501,2.6054,11.9766,2.9207,0.0547,-0.9020,0,1,0,0.48945,1
0.4194,4.3719,2.6331,11.6714,-2.7905,0.0060,-0.5581,0,1,0,0.24807,3
0.4898,5.1290,2.4945,11.3547,-2.3965,0.0206,-0.3938,0,0,0,0.00000,3
0.4541,4.5748,2.5257,11.4435,2.0574,0.0329,-0.4455,0,0,0,0.00000,3
0.4377,4.2937,2.5292,11.4597,2.4416,0.0230,-0.4265,0,0,0,0.00000,3
0.4957,5.2176,2.4875,11.8694,3.1115,0.0075,-0.8874,0,1,0,0.18166,3
0.4157,4.1388,2.5881,11.3570,0.7874,0.0001,-0.2898,0,0,0,0.00000,1
0.4040,4.4575,2.7307,12.8225,2.8294,0.0517,-1.5754,0,1,0,1.58465,0
0.3873,4.0544,2.7010,11.5815,-2.9715,0.0160,-0.4490,0,0,0,0.00000,3
0.4436,4.3511,2.5174,11.4570,2.2519,0.0256,-0.4348,0,0,0,0.00000,3
0.4410,4.3410,2.5266,12.8063,-1.4166,0.0071,-1.6341,0,1,0,1.49275,1
0.4481,4.2295,2.4678,11.5641,-0.7345,0.0273,-0.5360,0,0,0,0.00000,1
0.4460,4.6380,2.5772,11.3444,2.6181,0.1167,-0.4464,0,0,0,0.00000,1
0.4622,4.4091,2.4517,11.5799,2.9637,0.0168,-0.5588,0,0,1,0.14984,1
0.5239,5.4121,2.4080,11.3069,-2.0221,0.0545,-0.4255,0,0,0,0.00000,1
0.4553,4.6093,2.5286,11.3012,1.8593,0.0175,-0.3039,0,0,0,0.00000,3
0.4807,4.5950,2.4175,11.4054,1.5670,0.0086,-0.4146,0,0,0,0.00000,3
0.4636,4.5110,2.4697,11.8709,-2.3494,0.0332,-0.8513,0,1,0,0.14203,1
0.3927,4.3185,2.7491,11.9428,2.3445,0.0599,-0.7978,0,1,0,0.61572,3
0.4106,4.0845,2.5968,11.5664,-2.0013,0.0452,-0.5052,0,0,0,0.00000,3
0.3772,3.9960,2.7347,11.3449,-2.8277,0.1816,-0.4489,0,0,0,0.00000,1
0.4303,4.4825,2.6106,12.8739,-2.2265,0.0326,-1.7000,0,0,2,1.35238,1
0.5326,4.8418,2.2648,11.6008,-0.2315,0.0725,-0.7622,0,0,0,0.00000,1
0.4369,4.1888,2.5058,11.2406,3.0726,0.0131,-0.2295,0,0,0,0.00000,3
0.3568,3.8005,2.7807,11.8226,2.9849,0.1754,-0.7761,0,0,2,0.39235,1
0.4118,4.2978,2.6496,11.3616,2.4370,0.0150,-0.3070,0,0,0,0.00000,3
0.4983,4.8735,2.4057,12.1291,1.7584,0.0101,-1.1570,0,0,1,0.61937,1
0.4461,4.3674,2.5108,11.7834,2.6135,0.0221,-0.7212,0,0,1,0.50921,1
0.4358,4.6610,2.6293,11.3895,-2.1127,0.0178,-0.3597,0,0,0,0.00000,1
0.3723,4.0749,2.7840,12.2795,-2.6721,0.0899,-1.0586,0,0,1,1.06905,3
0.5151,5.0204,2.3678,11.8635,2.3336,0.0167,-0.9330,0,0,1,0.22214,1
0.3737,4.1214,2.7909,12.3405,-2.7849,0.0302,-1.0283,0,1,0,0.96201,0
0.4193,4.5308,2.6749,12.8644,-2.6804,0.0492,-1.6731,0,1,0,0.59398,1
0.4568,4.4323,2.4800,11.8637,-2.7873,0.0290,-0.8247,0,0,1,0.39926,1
0.4653,4.7213,2.5111,11.4613,2.1536,0.0421,-0.4870,0,0,0,0.00000,3
0.5797,5.9378,2.2773,11.8631,2.1176,0.0254,-1.0910,0,0,1,0.41032,1
0.3480,3.7888,2.8247,12.8009,-2.6260,0.0277,-1.2970,0,0,0,0.00000,1
0.3488,3.8275,2.8330,13.1916,2.9469,0.0619,-1.6687,0,1,0,2.13342,1
0.4154,4.0957,2.5777,11.7316,2.9615,0.0331,-0.6339,0,0,1,0.27686,1
0.3711,4.0334,2.7778,12.5309,2.3356,0.0366,-1.1815,0,1,0,0.31075,1
0.3747,3.8750,2.7104,11.3325,3.0297,0.0598,-0.2990,0,0,0,0.00000,3
0.3588,3.9625,2.8215,12.7400,3.0260,0.1324,-1.4531,0,1,0,1.53801,0
0.6402,5.8354,2.0395,12.1721,0.1167,0.0443,-1.6580,0,1,0,0.37452,1
0.4685,4.9099,2.5396,11.2836,2.0302,0.0184,-0.3028,0,0,0,0.00000,3
0.4461,4.8435,2.6257,11.8541,-1.8857,0.0503,-0.8228,0,1,0,0.53990,3
0.4376,4.5601,2.5962,11.4614,3.0570,0.0519,-0.4627,0,0,0,0.00000,3
0.3400,3.6863,2.8350,12.9879,2.6263,0.1475,-1.6092,0,0,1,1.04319,1
0.4513,4.5160,2.5242,11.3155,-1.9036,0.0733,-0.3764,0,0,0,0.00000,3
0.3944,4.1758,2.7002,11.4329,-1.6945,0.0235,-0.3536,0,0,0,0.00000,1
0.5025,4.6861,2.3494,11.2843,-0.2853,0.0654,-0.3911,0,0,0,0.00000,1
0.3882,4.1907,2.7359,11.4341,2.7317,0.0397,-0.3660,0,0,0,0.00000,3
0.5263,5.2486,2.3675,11.4253,-1.7016,0.0056,-0.4899,0,0,0,0.00000,3
0.4818,5.1201,2.5275,11.5051,1.6308,0.0054,-0.5073,0,0,0,0.00000,1
0.4099,4.0665,2.5950,12.4347,3.0315,0.0395,-1.2314,0,1,1,0.64550,1
0.3315,3.6373,2.8663,12.4353,-2.8562,0.0265,-0.9671,0,1,0,1.18529,1
0.5040,4.8465,2.3770,11.4682,1.1643,0.0173,-0.5154,0,0,0,0.00000,3
0.3613,3.8396,2.7692,11.4009,2.4639,0.1315,-0.4168,0,0,0,0.00000,3
0.4302,4.2791,2.5589,12.1606,-2.3312,0.0223,-1.0229,0,1,0,0.79170,1
0.4115,4.4345,2.6874,11.8218,-2.3338,0.0545,-0.7298,0,1,0,0.49931,3
0.5110,5.3351,2.4464,11.2713,0.9514,0.0058,-0.3199,0,0,0,0.00000,3
0.4150,4.4848,2.6836,12.6778,-2.4708,0.0257,-1.4462,1,1,1,1.27770,1
0.5015,5.1812,2.4558,12.9010,-1.6499,0.0349,-2.0358,0,0,1,1.21756,1
0.3941,4.0599,2.6688,13.0396,2.7676,0.0077,-1.6527,0,1,1,1.53961,1
0.5370,5.3786,2.3491,12.3839,-2.3040,0.0085,-1.5456,0,0,1,0.60750,1
0.3458,3.7436,2.8220,12.8277,-2.8772,0.0674,-1.3722,1,1,0,1.10751,1
0.5436,5.5792,2.3589,12.9671,-1.6212,0.0145,-2.2637,0,0,0,0.00000,1
0.4735,4.5977,2.4480,11.3701,-1.2014,0.0121,-0.3780,0,0,0,0.00000,3
0.4365,4.5782,2.6058,12.5556,1.7993,0.0049,-1.3787,1,1,0,1.12646,1
0.5793,5.8830,2.2699,11.4833,1.6661,0.0190,-0.6456,0,0,0,0.00000,3
0.4599,4.6719,2.5232,11.7601,-2.6243,0.0146,-0.7178,0,0,1,0.18003,3
0.4429,4.6000,2.5819,11.6755,-2.2599,0.0111,-0.6075,0,1,0,0.36128,3
0.5504,5.6805,2.3497,12.7687,1.8835,0.0392,-2.0967,0,1,0,1.27563,1
0.4977,4.8414,2.4013,11.4159,-0.2966,0.0161,-0.4551,0,0,0,0.00000,3
0.4683,4.6827,2.4892,11.4278,1.7204,0.0217,-0.4360,0,0,0,0.00000,3
0.3627,3.8289,2.7582,11.8540,-2.1429,0.0199,-0.6165,0,1,0,0.47423,1
0.5900,5.5110,2.1704,11.5546,0.6717,0.0793,-0.8176,0,0,0,0.00000,3
0.4285,4.4046,2.5990,11.8164,1.3495,0.0159,-0.7092,0,1,0,0.20505,1
0.4969,4.7008,2.3747,11.4576,-0.4863,0.0080,-0.4838,0,0,0,0.00000,3
0.4316,4.2194,2.5371,11.7767,0.5979,0.0004,-0.6603,0,1,0,0.34465,3
0.5032,5.2818,2.4688,11.3213,-2.0492,0.0673,-0.4314,0,0,0,0.00000,3
0.3546,3.8824,2.8192,13.0904,2.9008,0.0447,-1.5824,0,1,0,1.94608,1
0.4629,4.5056,2.4713,11.8068,0.6530,0.0015,-0.7488,0,0,1,0.28317,3
0.3868,4.1040,2.7180,12.9742,-2.2237,0.0479,-1.6331,0,1,1,1.71211,1
0.4304,4.6746,2.6581,11.4410,-2.4172,0.1825,-0.5891,0,0,0,0.00000,1
0.4627,4.5382,2.4798,12.1245,-2.0020,0.0451,-1.1071,0,1,0,0.68385,1
0.4300,4.5441,2.6276,11.5873,2.0972,0.0330,-0.5373,0,0,1,0.28545,3
0.3890,4.0622,2.6946,12.9586,3.0475,0.0533,-1.6385,0,1,1,1.39800,1
0.5581,5.3728,2.2659,11.5433,-1.5753,0.0166,-0.6738,0,0,0,0.00000,1
0.4191,4.3941,2.6402,12.3721,2.6572,0.0218,-1.1797,0,1,0,1.05705,1
0.4551,4.6058,2.5289,11.3853,-1.0690,0.0112,-0.3700,0,0,0,0.00000,1
0.3876,3.9559,2.6703,11.4461,-2.5668,0.0738,-0.4138,0,0,0,0.00000,3
0.4923,4.5294,2.3563,11.5324,-1.1519,0.0385,-0.5860,0,0,0,0.00000,3
0.3658,3.9050,2.7659,13.0146,2.8401,0.0493,-1.5785,0,1,1,1.91053,1
0.3857,4.1676,2.7421,12.1037,-2.9773,0.1503,-1.0322,0,1,0,0.23136,1
0.4529,4.6066,2.5388,11.4341,2.3024,0.0301,-0.4324,0,0,0,0.00000,3
0.3619,3.8601,2.7726,11.4888,2.3115,0.0506,-0.3876,0,0,0,0.00000,1
0.4448,4.8712,2.6385,13.3230,-2.2267,0.0039,-2.1608,0,1,2,1.98981,1
0.3993,4.3132,2.7146,13.0423,-2.7291,0.0528,-1.7577,1,1,0,1.52501,1
0.4738,4.9046,2.5153,11.5117,0.6717,0.0193,-0.5182,0,0,0,0.00000,1
0.4537,4.7871,2.5778,11.3471,2.7575,0.0419,-0.3710,0,0,0,0.00000,3
0.5244,5.3515,2.3944,11.5705,-1.9588,0.0092,-0.6405,0,0,0,0.00000,3
0.4766,5.1756,2.5620,11.3971,-2.5029,0.0442,-0.4459,0,0,0,0.00000,3
0.3884,3.9689,2.6700,13.0330,2.0852,0.0150,-1.6347,0,1,1,1.66486,1
0.4979,5.1275,2.4600,11.4226,2.7015,0.0515,-0.5050,0,0,0,0.00000,1
0.5380,5.3009,2.3307,11.5864,0.3567,0.0491,-0.7282,0,0,0,0.00000,1
0.3639,3.9756,2.7980,11.7404,-2.5747,0.0194,-0.5353,0,0,1,0.30197,1
0.3777,3.9871,2.7294,12.4202,-2.9570,0.0918,-1.1934,0,1,0,1.21691,1
0.4993,4.7480,2.3751,11.3712,1.7424,0.0330,-0.4338,0,0,0,0.00000,1
0.3937,4.1474,2.6959,11.5112,1.7393,0.0396,-0.4317,0,0,0,0.00000,1
0.4629,4.3252,2.4286,11.3243,-0.2119,0.0319,-0.3476,0,0,0,0.00000,1
0.5290,5.1178,2.3317,11.4281,-1.2134,0.0019,-0.4913,0,0,0,0.00000,3
0.3759,3.9954,2.7412,11.7167,2.6712,0.0284,-0.5488,0,1,0,0.37369,3
0.5720,5.7940,2.2836,11.4030,-1.3917,0.0588,-0.5932,0,0,0,0.00000,3
0.4172,4.2495,2.6108,11.3933,-2.6882,0.0589,-0.3889,0,0,0,0.00000,3
0.5131,5.0661,2.3851,11.7423,-1.8398,0.0064,-0.7913,0,1,0,0.29581,3
0.4550,4.9877,2.6183,12.8628,2.4710,0.1050,-1.9130,0,0,1,1.53623,1
0.5378,5.0475,2.2844,11.7612,-0.3073,0.0424,-0.9052,0,0,1,0.34418,1
0.5154,5.5625,2.4721,12.6910,2.3087,0.0405,-1.8679,0,0,1,1.42633,1
0.5027,5.1036,2.4349,12.9629,0.6803,0.0051,-2.0568,0,1,0,1.43392,1
0.4023,4.4113,2.7268,11.4648,3.1372,0.2084,-0.6034,0,0,0,0.00000,1
0.3784,4.1311,2.7689,13.2758,-2.2739,0.0231,-1.8143,0,1,1,1.98693,1
0.4348,4.4099,2.5715,11.9578,-2.9145,0.0663,-0.9123,0,1,0,0.41883,1
0.4183,4.2683,2.6106,12.8679,2.3270,0.0201,-1.6232,0,0,2,1.09219,1
0.5150,4.8370,2.3314,12.1111,-0.0252,0.0156,-1.1893,0,0,1,0.72208,1
0.4924,4.7325,2.3999,11.3185,0.7530,0.1085,-0.4641,0,0,0,0.00000,1
0.3578,3.7986,2.7747,12.3515,2.0874,0.0383,-1.0012,0,1,0,1.15440,1
0.3719,4.0622,2.7823,11.8333,-2.1595,0.0861,-0.7014,0,0,1,0.36264,3
0.4233,4.1186,2.5479,11.2844,-2.9898,0.0141,-0.2548,0,0,0,0.00000,3
0.3661,3.9698,2.7848,11.3309,2.8497,0.0125,-0.2367,0,0,0,0.00000,1
0.4391,4.1764,2.4929,11.6760,1.0160,0.0163,-0.6061,0,0,1,0.28279,2
0.5024,5.0391,2.4231,11.3703,-1.3338,0.0403,-0.4461,0,0,0,0.00000,3
0.4750,5.1562,2.5652,12.9424,2.4779,0.0063,-1.9170,0,0,1,1.68488,1
0.5357,5.4552,2.3682,11.2966,-1.6663,0.0129,-0.3794,0,0,0,0.00000,3
0.3473,3.8207,2.8391,12.6618,2.4219,0.0679,-1.2488,0,1,1,1.51573,1
0.4159,4.1166,2.5813,11.4950,-3.0539,0.0632,-0.4755,0,0,0,0.00000,1
0.4181,4.4165,2.6510,11.7853,-2.8564,0.0007,-0.6442,0,1,0,0.53244,1
0.4225,4.1171,2.5510,12.3366,-2.1872,0.0615,-1.2155,0,1,1,0.71584,1
0.5108,4.7049,2.3208,11.7384,-1.3664,0.0218,-0.8006,0,0,1,0.16130,1
0.4727,4.8544,2.5092,11.4750,2.7904,0.0340,-0.5001,0,0,0,0.00000,1
0.4093,4.2867,2.6584,11.4966,-3.1281,0.0215,-0.4194,0,0,0,0.00000,3
0.5897,5.5247,2.1736,12.1821,-1.0149,0.0312,-1.5027,0,1,0,0.52820,1
0.4257,4.4859,2.6329,11.3973,-2.6611,0.0364,-0.3761,0,0,0,0.00000,3
0.3563,3.8781,2.8083,12.6663,2.8213,0.1096,-1.3486,1,1,1,1.20943,1
0.4743,4.3663,2.3916,11.5313,1.6974,0.0045,-0.5165,0,0,0,0.00000,3
0.4535,4.2752,2.4560,11.2176,2.2294,0.0160,-0.2272,0,0,0,0.00000,1
0.4251,4.5674,2.6564,11.3225,-2.9775,0.0175,-0.2924,0,0,0,0.00000,3
0.4266,4.6591,2.6727,12.1485,-2.5716,0.0193,-1.0003,0,0,1,0.69099,3
0.3363,3.6861,2.8558,12.9360,2.9100,0.0578,-1.4022,0,1,1,1.43859,1
0.4431,4.5410,2.5666,12.0535,-1.2623,0.0521,-1.0001,0,1,0,0.69350,1
0.4059,4.0925,2.6209,12.8338,-2.0298,0.0171,-1.5363,0,1,0,1.67546,1
0.5181,5.2652,2.4035,11.3256,1.0952,0.0012,-0.3752,0,0,0,0.00000,3
0.3750,4.0203,2.7534,11.8266,2.9374,0.0198,-0.6196,0,0,1,0.45809,1
0.4716,4.9987,2.5460,11.5260,-2.0313,0.0754,-0.5960,0,0,0,0.00000,3
0.3795,4.1126,2.7579,11.4821,2.3031,0.0280,-0.3781,0,1,0,0.17206,1
0.3535,3.7716,2.7890,12.3063,-2.6258,0.0413,-0.9588,0,1,0,0.26844,3
0.3901,3.9774,2.6642,12.8402,3.0206,0.0203,-1.4838,0,0,1,1.58751,1
0.3995,4.3635,2.7275,11.8292,2.7717,0.0149,-0.6629,0,0,1,0.36816,1
0.3774,3.9145,2.7091,12.7946,1.7798,0.0266,-1.4047,0,0,0,0.00000,1
0.3926,3.9799,2.6530,11.5352,2.3459,0.0848,-0.5023,0,0,0,0.00000,3
0.4257,4.3464,2.5968,11.2905,2.2880,0.0211,-0.2704,0,0,0,0.00000,3
0.4196,4.1264,2.5666,11.4462,2.5496,0.0143,-0.3825,0,0,0,0.00000,3
0.5051,5.4511,2.4942,11.9175,1.1140,0.0468,-1.0094,0,0,1,0.47242,1
0.4433,4.6193,2.5849,11.7980,2.2997,0.0213,-0.7292,0,1,0,0.41890,3
0.4908,5.3967,2.5453,11.6959,2.2518,0.0343,-0.7411,0,1,0,0.33653,3
0.4310,4.5238,2.6177,11.5771,2.6280,0.1227,-0.6381,0,0,0,0.00000,1
0.4941,4.9280,2.4344,11.4550,-2.6087,0.0247,-0.4987,0,0,0,0.00000,1
0.5340,4.9398,2.2785,11.9287,1.0447,0.0581,-1.0997,0,0,1,0.28826,1
0.4440,4.6084,2.5788,12.5063,-2.3939,0.0370,-1.4070,0,0,0,0.00000,1
0.3529,3.8205,2.8080,11.5063,2.8848,0.0321,-0.3675,0,0,0,0.00000,1
0.4076,4.1238,2.6219,12.6972,1.9637,0.0101,-1.4096,0,0,1,1.26744,1
0.3355,3.6815,2.8588,12.0038,-2.5744,0.0697,-0.7308,0,1,1,0.72954,1
0.4332,4.6032,2.6274,12.4710,2.1850,0.0463,-1.3511,0,1,1,1.09150,1
0.4428,4.6162,2.5862,11.5134,-1.9392,0.0237,-0.4813,0,0,0,0.00000,3
0.4638,4.7844,2.5321,11.2519,1.3252,0.0088,-0.2590,0,0,0,0.00000,1
0.3863,4.0459,2.7035,11.5396,3.1194,0.0009,-0.3979,0,1,0,0.30304,1
0.4462,4.6039,2.5681,12.0737,-2.5951,0.0682,-1.0484,0,1,0,0.51562,1
0.3971,4.3015,2.7223,12.3815,2.4709,0.0333,-1.1370,1,1,0,0.50188,3
0.4236,4.3030,2.5951,11.2899,-1.9913,0.0080,-0.2531,0,0,0,0.00000,3
0.3831,4.0418,2.7181,11.3383,2.3639,0.1037,-0.3612,0,0,0,0.00000,3
0.4490,4.3868,2.5028,11.4988,-2.1608,0.0406,-0.4964,0,0,0,0.00000,1
0.5632,5.5171,2.2715,11.5818,-0.9381,0.0494,-0.7662,0,0,0,0.00000,3
0.5024,5.4194,2.4998,11.2781,-1.5310,0.0600,-0.3803,0,0,0,0.00000,3
0.3533,3.8704,2.8224,11.3424,2.7509,0.0460,-0.2704,0,0,0,0.00000,1
0.4071,4.0329,2.5987,11.4081,0.8525,0.0035,-0.3249,0,0,0,0.00000,1
0.4356,4.5287,2.5978,12.1295,-2.0044,0.0477,-1.0448,0,1,0,0.19464,3
0.3922,4.1558,2.7058,12.9760,2.0829,0.0209,-1.6119,0,1,0,1.12322,1
0.3861,3.9905,2.6881,11.6824,1.7582,0.0031,-0.5085,0,1,0,0.31411,1
0.4318,4.6680,2.6503,11.3291,2.8873,0.0209,-0.3085,0,0,0,0.00000,3
0.5867,5.9510,2.2523,11.4224,3.1384,0.0057,-0.5715,0,0,0,0.00000,1
0.5519,5.2247,2.2632,11.5150,0.4072,0.0244,-0.6424,0,0,0,0.00000,3
0.4626,4.8231,2.5461,11.8751,-2.7534,0.0007,-0.8125,0,1,0,0.44289,3
0.4222,4.1688,2.5660,11.4041,0.8491,0.0182,-0.3558,0,0,0,0.00000,1
0.4852,4.7082,2.4241,11.9710,2.5530,0.0194,-0.9776,0,0,1,0.53356,1
0.5073,5.0355,2.4024,11.4536,0.3603,0.0305,-0.5222,0,0,0,0.00000,1
0.4577,4.5745,2.5101,11.3526,-1.6302,0.0158,-0.3493,0,0,0,0.00000,3
0.4490,4.4859,2.5269,11.7399,1.9036,0.0225,-0.6888,0,0,1,0.34078,3
0.4737,4.8892,2.5125,11.8060,-1.6220,0.0202,-0.7954,0,0,1,0.30555,3
0.3973,4.2600,2.7096,12.8744,-2.8823,0.0932,-1.6638,0,1,0,1.52485,1
0.4828,4.3716,2.3586,11.5299,1.4234,0.0000,-0.5217,0,0,0,0.00000,1
0.4339,4.7865,2.6695,11.7736,2.3411,0.0778,-0.7609,0,1,0,0.45124,2
0.4810,4.8714,2.4772,11.4745,-2.5157,0.0205,-0.4947,0,0,0,0.00000,3
0.4285,4.4994,2.6234,12.5766,2.0545,0.0099,-1.3777,1,1,1,1.03863,1
0.3494,3.7684,2.8100,11.9365,2.7631,0.1465,-0.8106,0,1,0,0.32746,3
0.4149,4.5072,2.6901,12.7431,2.2310,0.0114,-1.4826,1,1,0,1.48863,1
0.6462,6.0507,2.0477,12.3320,-0.4136,0.0267,-1.8664,0,0,1,0.68643,1
0.4026,4.2056,2.6685,11.9105,2.1637,0.0004,-0.7157,0,1,0,0.54829,1
0.4555,4.6636,2.5409,11.4942,0.8753,0.0227,-0.4803,0,0,0,0.00000,1
0.4783,4.6238,2.4340,11.3909,0.1704,0.0387,-0.4341,0,0,0,0.00000,1
0.5066,4.9284,2.3834,11.4490,2.4910,0.0187,-0.5021,0,0,0,0.00000,1
0.4178,4.4252,2.6545,11.9992,2.5363,0.0196,-0.8484,0,0,0,0.00000,3
0.4781,4.7792,2.4693,11.3860,0.9292,0.0362,-0.4268,0,0,0,0.00000,1
0.4225,4.4871,2.6484,11.4566,-2.3369,0.0394,-0.4248,0,0,0,0.00000,3
0.3790,3.9787,2.7203,11.8320,2.8771,0.0517,-0.6711,0,0,1,0.47663,3
0.5940,5.7375,2.1913,11.9130,-0.2072,0.0011,-1.1477,0,1,0,0.68893,1
0.5180,5.0856,2.3691,11.4221,2.7432,0.0140,-0.4853,0,0,0,0.00000,1
0.4800,5.2703,2.5669,12.2281,-1.7855,0.0035,-1.2016,0,0,2,0.56858,1
0.4800,5.0810,2.5270,11.3213,2.3118,0.0199,-0.3509,0,0,0,0.00000,3
0.3853,4.2309,2.7623,13.3273,-3.0865,0.0127,-1.8750,0,1,1,2.23531,1
0.4959,4.8842,2.4178,11.8494,0.5094,0.0193,-0.8811,0,1,0,0.42104,1
0.5876,5.4659,2.1718,11.5359,-0.5651,0.1843,-0.9249,0,0,0,0.00000,1
0.5290,5.5395,2.4110,11.9904,1.3456,0.0015,-1.0818,0,0,1,0.58825,3
0.4461,4.6703,2.5845,11.4599,-2.2395,0.0657,-0.4886,0,0,0,0.00000,3
0.4380,4.2968,2.5285,11.9799,1.8876,0.0354,-0.8979,0,0,1,0.47139,3
0.4557,4.5402,2.5108,11.8121,1.9540,0.0150,-0.7573,0,0,1,0.25035,3
0.4117,4.4087,2.6795,12.1699,3.0531,0.0687,-1.0465,0,1,1,0.84401,3
0.5367,5.0037,2.2801,12.1103,-0.0474,0.0607,-1.3119,0,0,1,0.71375,1
0.4233,4.3120,2.5988,11.3035,-1.8178,0.0132,-0.2697,0,0,0,0.00000,3
0.5078,4.9139,2.3758,11.4969,0.0029,0.0150,-0.5464,0,0,0,0.00000,3
0.3802,3.9763,2.7134,12.5292,-1.7882,0.0098,-1.1705,1,1,0,1.15369,1
0.4313,4.2628,2.5496,11.3875,1.6126,0.0343,-0.3713,0,0,0,0.00000,3
0.4374,4.6523,2.6201,11.3448,1.5112,0.0083,-0.3129,0,0,0,0.00000,1
0.3761,3.9183,2.7169,12.2771,-2.0987,0.0264,-0.9793,1,1,0,0.69058,1
0.4015,4.2459,2.6852,12.1214,-2.4283,0.0147,-0.9052,0,1,0,0.67721,1
0.4573,4.4123,2.4731,11.5102,0.7530,0.0402,-0.5174,0,0,0,0.00000,1
0.5656,5.4661,2.2534,11.9204,-0.3330,0.0089,-1.0994,0,1,0,0.49415,1
0.4542,4.5164,2.5113,12.2534,2.0975,0.0331,-1.1905,0,1,0,0.71191,1
0.4361,4.2549,2.5264,11.4963,-2.7993,0.0094,-0.4393,0,0,0,0.00000,3
0.4624,4.3072,2.4266,11.9145,-2.1717,0.0281,-0.8819,0,1,0,0.56406,1
0.5364,5.5749,2.3870,11.6710,-0.8416,0.0578,-0.8281,0,0,0,0.00000,1
0.3745,3.9228,2.7264,11.3487,-2.7398,0.0751,-0.3280,0,0,0,0.00000,3
0.3698,4.0372,2.7860,12.3792,-2.4942,0.0221,-1.0357,0,1,0,1.10699,1
0.3903,4.0192,2.6755,12.7453,-2.8186,0.0681,-1.4803,0,1,1,1.37092,1
0.4098,4.2320,2.6411,11.3719,2.7328,0.0474,-0.3503,0,0,0,0.00000,3
0.4596,5.0098,2.6021,11.3920,2.6726,0.0369,-0.4121,0,0,0,0.00000,3
0.5657,5.4436,2.2495,11.3029,1.1755,0.0182,-0.4253,0,0,0,0.00000,3
0.3974,4.0161,2.6399,11.4083,-1.8812,0.0084,-0.3202,0,0,0,0.00000,1
0.4309,4.6119,2.6404,12.0916,2.5545,0.0352,-0.9820,0,1,0,0.67231,3
0.5064,5.3588,2.4706,11.5597,-1.0347,0.0541,-0.6565,0,0,0,0.00000,1
0.3428,3.6872,2.8194,11.5865,-2.3628,0.0608,-0.4431,0,1,0,0.31953,1
0.4698,4.4913,2.4390,11.3530,0.3232,0.0438,-0.3952,0,0,0,0.00000,1
0.5253,5.2176,2.3656,11.3972,-1.0199,0.0901,-0.5610,0,0,0,0.00000,1
0.5163,5.5465,2.4652,11.9384,2.3391,0.0702,-1.0882,0,1,0,0.53301,1
0.3725,4.0273,2.7683,12.7540,3.0136,0.0893,-1.4514,0,1,1,1.59626,1
0.4152,4.2911,2.6314,11.3570,3.0527,0.0486,-0.3454,0,0,0,0.00000,3
0.3344,3.6719,2.8618,12.6750,-2.8874,0.0645,-1.2071,1,1,0,0.70089,1
0.4239,4.6093,2.6730,12.3823,2.3052,0.0083,-1.1851,0,0,2,1.19747,1
0.5373,5.0419,2.2853,11.4468,0.5437,0.0579,-0.5891,0,0,0,0.00000,3
0.4385,4.7169,2.6305,11.9798,1.7576,0.0190,-0.8789,0,1,0,0.58719,1
0.4858,5.1674,2.5199,11.7871,2.1408,0.0405,-0.8280,0,0,1,0.36937,3
0.4216,4.4127,2.6332,11.7607,2.1784,0.0009,-0.6303,0,0,1,0.40080,1
0.3922,4.2903,2.7438,12.3986,-1.8809,0.0390,-1.1445,0,1,0,0.66641,1
0.6250,6.1110,2.1325,12.3243,1.2935,0.0231,-1.7835,0,1,0,0.45781,1
0.4407,4.4173,2.5468,11.4360,-3.0544,0.0586,-0.4523,0,0,0,0.00000,1
0.5994,5.9988,2.2114,11.5177,1.0540,0.0593,-0.7667,0,0,0,0.00000,3
0.4615,4.9051,2.5699,11.4344,2.6943,0.0625,-0.4822,0,0,0,0.00000,3
0.4488,4.4926,2.5292,11.4547,1.1985,0.0602,-0.4808,0,0,0,0.00000,1
0.4484,4.2794,2.4790,11.4742,0.7892,0.0354,-0.4672,0,0,0,0.00000,1
0.4642,4.5392,2.4737,11.6010,-1.5057,0.0068,-0.5693,0,1,0,0.28749,3
0.6659,6.2641,2.0059,11.5466,-0.4183,0.0660,-0.9239,0,0,0,0.00000,3
0.3388,3.6870,2.8418,13.1092,2.7216,0.0281,-1.4973,0,1,1,1.66620,1
0.5171,4.7668,2.3093,11.6402,-0.1790,0.0401,-0.7355,0,0,0,0.00000,1
0.4867,5.0101,2.4828,12.0986,-2.2170,0.0417,-1.1409,0,0,1,0.81662,1
0.5465,5.2773,2.2933,12.1651,0.9963,0.0619,-1.4040,0,0,1,0.37710,1
0.4672,4.4277,2.4352,11.3492,0.6408,0.0348,-0.3782,0,0,0,0.00000,1
0.4204,4.3013,2.6098,11.2422,2.6814,0.0123,-0.2168,0,0,0,0.00000,3
0.3331,3.6452,2.8598,13.1863,-3.0642,0.0918,-1.6432,0,1,1,2.10279,1
0.3685,3.9639,2.7699,12.0018,-2.6969,0.0726,-0.8071,0,1,0,0.69784,3
0.5580,5.5046,2.2894,11.8002,0.4719,0.0746,-1.0344,0,0,1,0.51023,1
0.4185,4.3930,2.6429,11.7260,-2.8164,0.0764,-0.6892,0,1,0,0.42154,1
0.5258,5.5317,2.4225,11.5267,2.4211,0.0422,-0.6388,0,0,0,0.00000,1
0.3677,3.9757,2.7780,12.3492,3.0530,0.0632,-1.0639,0,1,0,1.12396,3
0.4961,4.4877,2.3320,12.2556,0.4212,0.0290,-1.3061,0,1,0,0.61572,1
0.4800,5.2067,2.5537,12.3175,3.1000,0.0777,-1.3965,1,1,0,0.83954,1
0.5396,5.4166,2.3457,11.2807,-1.9282,0.0021,-0.3545,0,0,0,0.00000,3
0.4332,4.6611,2.6419,12.3972,2.1847,0.0711,-1.3184,0,1,0,1.27393,3
0.4337,4.6227,2.6301,12.2203,-3.0482,0.0441,-1.1177,0,0,0,0.00000,3
0.4293,4.4786,2.6142,11.8832,2.4768,0.1191,-0.9019,0,0,1,0.41358,1
0.4989,5.0005,2.4295,12.0459,1.9625,0.0203,-1.0886,0,0,1,0.38210,3
0.5045,4.7701,2.3589,12.0456,-1.3130,0.0170,-1.0958,0,0,1,0.28496,1
0.4301,4.3857,2.5866,11.5663,-2.6215,0.0696,-0.5634,0,0,0,0.00000,1
0.4688,4.6486,2.4793,11.3592,0.9279,0.0762,-0.4381,0,0,0,0.00000,1
0.3587,3.8362,2.7821,12.4100,2.9707,0.0880,-1.1199,0,1,1,1.32945,3
0.5292,5.1324,2.3337,11.3774,-1.3391,0.0147,-0.4552,0,0,0,0.00000,3
0.4259,4.6555,2.6751,11.4937,2.7376,0.0826,-0.5112,0,0,0,0.00000,3
0.4375,4.2018,2.5066,11.4670,2.8942,0.0412,-0.4538,0,0,0,0.00000,1
0.5057,5.0040,2.4026,11.4266,-1.3850,0.0067,-0.4649,0,0,0,0.00000,3
0.4919,4.9049,2.4384,11.8229,1.5395,0.0244,-0.8536,0,0,1,0.33111,3
0.4740,4.9677,2.5286,11.5465,-3.1212,0.0650,-0.6061,0,0,0,0.00000,1
0.3807,3.9393,2.6999,12.1999,2.3792,0.0038,-0.8993,0,1,0,0.85748,1
0.4217,4.3224,2.6091,12.9370,-2.0661,0.0295,-1.7186,0,0,3,1.95928,1
0.4798,4.6553,2.4349,11.9207,0.5157,0.0028,-0.8936,0,1,0,0.61389,3
0.5214,5.0618,2.3509,11.8892,-0.2509,0.0230,-0.9822,0,0,2,0.41394,1
0.4488,4.9043,2.6276,12.5735,-1.9406,0.0422,-1.4970,0,0,1,1.13522,1
0.4183,4.3602,2.6352,11.8168,-2.2906,0.0282,-0.7053,0,0,1,0.36277,3
0.4054,4.2667,2.6719,12.4517,3.0956,0.0345,-1.2248,0,0,2,1.13460,1
0.6080,5.7745,2.1454,11.3478,0.2417,0.0746,-0.5965,0,0,0,0.00000,3
0.4171,4.5366,2.6873,12.2695,1.9568,0.0238,-1.0867,0,1,0,1.03855,1
0.5183,4.8786,2.3268,12.0113,1.6333,0.0319,-1.1152,0,1,0,0.70819,1
0.3556,3.8475,2.8023,12.8898,-2.7980,0.0099,-1.3679,0,1,0,1.64530,1
0.4885,4.8119,2.4327,12.0032,-2.2337,0.0278,-1.0294,0,0,1,0.51760,1
0.5040,5.2034,2.4498,12.8517,1.0060,0.0099,-1.9484,0,0,1,1.52351,1
0.5675,5.4465,2.2431,11.6179,-0.6919,0.0381,-0.7992,0,0,0,0.00000,3
0.4060,4.3311,2.6864,12.9539,2.7668,0.0514,-1.7040,1,1,1,1.77321,1
0.3685,3.9570,2.7678,11.8193,-2.6315,0.0450,-0.6333,0,0,1,0.29843,3
0.4597,4.7432,2.5408,11.2631,1.3258,0.0476,-0.3093,0,0,0,0.00000,1
0.3651,3.8533,2.7535,12.9070,2.1020,0.0468,-1.4818,1,1,1,1.72330,1
0.5708,5.3268,2.2104,12.0165,0.1230,0.0091,-1.2209,0,1,0,0.58013,1
0.3940,4.2472,2.7225,12.3367,2.8530,0.0582,-1.1252,1,1,1,0.95908,3
0.3779,3.9908,2.7297,12.0304,-2.6835,0.0395,-0.8076,0,0,1,0.35651,3
0.4751,4.3568,2.3861,11.2201,0.5230,0.0260,-0.2590,0,0,0,0.00000,3
0.5231,5.2810,2.3864,11.3590,1.9233,0.0762,-0.5028,0,0,0,0.00000,1
0.3604,3.9467,2.8082,13.1694,-2.6781,0.1087,-1.7885,0,1,0,2.03589,1
0.4569,4.5062,2.4972,11.5599,0.9940,0.0638,-0.5906,0,0,0,0.00000,1
0.4346,4.7590,2.6595,12.0880,-2.0396,0.0286,-0.9796,1,1,0,0.34269,1
0.4814,5.1477,2.5348,11.4224,-2.9109,0.0724,-0.5085,0,0,0,0.00000,1
0.4850,4.6073,2.4027,11.5160,0.3559,0.0318,-0.5519,0,0,0,0.00000,1
0.4520,4.9321,2.6192,12.0068,2.7999,0.1074,-1.0523,0,1,0,0.45526,1
0.4891,5.2841,2.5297,11.4430,1.7959,0.0460,-0.5073,0,0,0,0.00000,3
0.5500,5.6865,2.3521,11.4153,0.0995,0.0373,-0.5508,0,0,0,0.00000,1
0.4690,5.0647,2.5719,12.4765,-2.8361,0.0496,-1.4822,0,1,0,1.17581,1
0.3652,3.8849,2.7628,11.3302,-2.3063,0.0218,-0.2458,0,0,0,0.00000,1
0.4323,4.5955,2.6298,13.0987,2.6293,0.0241,-1.9122,1,1,2,6.05386,1
0.4903,4.7091,2.4031,11.4092,2.0226,0.0032,-0.4239,0,0,0,0.00000,3
0.4579,4.7376,2.5474,11.5485,1.9816,0.0524,-0.5684,0,0,0,0.00000,3
0.3804,4.1704,2.7699,12.1926,2.4597,0.0398,-0.9427,0,1,1,0.67701,1
0.4322,4.6252,2.6375,11.2788,2.3879,0.0773,-0.3309,0,0,0,0.00000,3
0.3635,3.9890,2.8044,12.8266,-2.8069,0.1407,-1.5586,0,1,0,0.34198,1
0.3837,4.1423,2.7448,11.7863,-2.7335,0.1377,-0.7513,0,1,0,0.34751,1
0.5246,4.7436,2.2757,11.4231,1.5580,0.0228,-0.5038,0,0,0,0.00000,1
0.5000,5.3830,2.5026,11.3776,-3.0638,0.0271,-0.4360,0,0,0,0.00000,3
0.3866,4.1758,2.7398,12.7968,3.1257,0.0544,-1.4876,1,1,0,1.53644,1
0.4614,4.3815,2.4485,11.4259,2.6761,0.0103,-0.4112,0,0,0,0.00000,1
0.4559,4.8638,2.5858,13.0869,1.1583,0.0048,-1.9763,0,1,0,1.90662,1
0.4180,4.4228,2.6529,11.3744,2.1441,0.0803,-0.3993,0,0,0,0.00000,3
0.5430,5.0006,2.2560,11.4455,0.4949,0.0186,-0.5473,0,0,0,0.00000,3
0.4648,4.3904,2.4363,11.4750,-0.5283,0.0101,-0.4593,0,0,0,0.00000,3
0.4142,4.4593,2.6808,13.1567,2.8136,0.0711,-1.9681,0,0,1,1.85443,1
0.3558,3.8813,2.8120,12.8726,2.8297,0.0194,-1.3707,0,0,2,1.50454,1
0.4047,4.2611,2.6736,11.5076,-2.4843,0.0611,-0.4688,0,0,0,0.00000,3
0.5280,5.0055,2.3140,11.4217,-0.9347,0.0440,-0.5337,0,0,0,0.00000,3
0.5551,5.5506,2.3086,11.5611,-0.1121,0.0006,-0.6696,0,0,0,0.00000,3
0.4021,4.1632,2.6593,11.7413,-2.6929,0.0730,-0.6683,0,1,0,0.19869,3
0.5093,5.1855,2.4240,11.2818,1.2542,0.0171,-0.3409,0,0,0,0.00000,3
0.4099,4.3836,2.6817,13.0641,2.8329,0.0462,-1.8147,0,1,2,1.67859,1
0.4515,4.2346,2.4544,11.3552,2.3849,0.0160,-0.3442,0,0,0,0.00000,1
0.4902,4.6898,2.3996,11.3795,-0.5588,0.0116,-0.4055,0,0,0,0.00000,3
0.3993,4.0760,2.6480,11.3616,-2.4588,0.0036,-0.2809,0,0,0,0.00000,1
0.3834,4.0206,2.7102,12.7430,2.5369,0.0841,-1.4770,0,1,1,0.88497,1
0.5035,5.3142,2.4742,11.5912,-0.9514,0.0097,-0.6286,0,0,0,0.00000,1
0.4364,4.3564,2.5506,11.9266,2.0109,0.0134,-0.8180,0,1,0,0.53039,3
0.4528,4.6742,2.5554,11.4598,-3.0604,0.0531,-0.4824,0,0,0,0.00000,1
0.4166,4.2099,2.6033,12.1063,-1.4770,0.0375,-0.9609,0,0,1,0.66328,1
0.3473,3.7250,2.8074,12.9495,2.8156,0.0574,-1.4589,1,1,0,0.92025,1
0.4368,4.7555,2.6482,11.6675,2.3600,0.1050,-0.7056,0,0,0,0.00000,3
0.4256,4.3382,2.5951,11.3859,-2.7391,0.0541,-0.3867,0,0,0,0.00000,1
0.5030,4.7382,2.3585,11.3238,1.0265,0.0373,-0.3971,0,0,0,0.00000,3
0.5007,4.9354,2.4089,12.0726,-2.0403,0.0277,-1.1301,0,0,1,0.58795,1
0.3890,4.0664,2.6961,11.3627,2.3773,0.0476,-0.3217,0,0,0,0.00000,3
0.5700,5.8905,2.3076,12.6917,-2.4364,0.0082,-2.0304,0,1,1,1.26600,1
0.5223,5.2408,2.3819,12.7929,2.0583,0.0278,-1.9883,1,1,1,1.46338,1
0.4710,4.6873,2.4791,11.7523,-2.0971,0.0066,-0.7209,0,1,0,0.17627,3
0.3980,4.3676,2.7363,12.2551,-2.3599,0.0365,-1.0376,0,1,0,0.27150,3
0.4220,4.4833,2.6496,11.2593,1.7062,0.0402,-0.2636,0,0,0,0.00000,1
0.4407,4.5151,2.5709,11.4318,2.6400,0.0177,-0.4008,0,0,0,0.00000,3
0.4215,4.6503,2.6948,11.2975,2.7240,0.0153,-0.2663,0,0,0,0.00000,0
0.4715,4.5711,2.4504,11.3625,0.6717,0.0249,-0.3837,0,0,0,0.00000,1
0.4538,4.5420,2.5192,11.4777,1.9863,0.0568,-0.5038,0,0,0,0.00000,3
0.4069,4.4900,2.7247,11.7450,2.5033,0.0932,-0.7051,0,1,0,0.24227,2
0.4693,4.9775,2.5514,11.6093,-2.6967,0.0071,-0.5872,0,0,1,0.15522,3
0.4217,4.3152,2.6072,12.0336,2.2306,0.0515,-0.9294,0,1,0,0.66639,3
0.5571,5.5651,2.3033,12.2254,0.3488,0.0101,-1.4299,0,0,1,0.55453,1
0.3742,4.0819,2.7762,12.3856,2.8261,0.1576,-1.2467,0,1,0,1.11501,1
0.4682,4.5196,2.4524,11.5640,1.3875,0.0375,-0.5790,0,0,0,0.00000,3
0.3324,3.6443,2.8634,13.1093,2.9977,0.1203,-1.6275,0,1,0,2.01529,1
0.4305,4.5315,2.6219,11.2747,2.5824,0.0637,-0.3104,0,0,0,0.00000,3
0.4387,4.4097,2.5539,11.3549,-0.8620,0.0253,-0.3417,0,0,0,0.00000,1
0.5059,4.9162,2.3837,11.3907,0.6052,0.0690,-0.5039,0,0,0,0.00000,1
0.3827,4.1861,2.7625,11.6056,3.0449,0.1419,-0.6112,0,0,0,0.00000,1
0.5859,5.7842,2.2288,11.5264,0.8712,0.0495,-0.7420,0,0,0,0.00000,3
0.3631,3.9202,2.7852,11.2833,-2.4563,0.1412,-0.3442,0,0,0,0.00000,3
0.4610,4.5516,2.4904,11.9407,-1.0537,0.0055,-0.8745,0,1,0,0.23172,3
0.5583,5.4900,2.2857,11.2821,1.6417,0.0077,-0.3827,0,0,0,0.00000,1
0.4400,4.2065,2.4967,12.0836,-1.4245,0.0462,-1.0111,0,1,0,0.20931,1
0.4393,4.5622,2.5891,11.9144,1.9690,0.0023,-0.7999,0,0,1,0.60962,1
0.4065,4.3074,2.6777,11.6699,-2.5492,0.1746,-0.7416,0,0,0,0.00000,1
0.5227,4.7282,2.2799,11.3197,-1.4340,0.0311,-0.4072,0,0,0,0.00000,1
0.5770,5.7535,2.2578,11.3337,-1.0692,0.0053,-0.4584,0,0,0,0.00000,3
0.5374,5.3459,2.3415,12.1190,-0.1328,0.0016,-1.2411,0,1,0,0.37165,1
0.5513,5.6329,2.3377,11.2590,-1.3002,0.0058,-0.3493,0,0,0,0.00000,3
0.4062,4.4040,2.7053,12.7612,2.2872,0.0138,-1.4687,0,0,1,1.41829,1
0.5178,4.6903,2.2909,12.0709,-0.3104,0.0698,-1.2306,0,0,1,0.74247,1
0.4560,4.8679,2.5859,11.8966,-3.0615,0.0434,-0.8741,0,0,1,0.57024,3
0.4493,4.7307,2.5844,11.4476,-2.8959,0.0750,-0.4929,0,0,0,0.00000,1
0.4816,5.0029,2.5030,11.3532,-2.0983,0.0345,-0.3990,0,0,0,0.00000,3
0.5807,5.4565,2.1954,11.5362,-0.1458,0.0114,-0.6954,0,0,0,0.00000,3
0.4663,4.4083,2.4342,11.3302,-2.8132,0.0000,-0.3195,0,0,0,0.00000,3
0.4808,4.6740,2.4348,11.4250,0.0699,0.0362,-0.4661,0,0,0,0.00000,1
0.3719,3.9561,2.7499,11.8541,2.7931,0.1273,-0.7695,0,1,0,0.39400,1
0.3808,4.0888,2.7437,11.3373,2.9200,0.0731,-0.3234,0,0,0,0.00000,3
0.4446,4.7200,2.6031,11.3202,-2.4933,0.0401,-0.3359,0,0,0,0.00000,3
0.4448,4.3818,2.5201,11.4520,-1.8652,0.0683,-0.4826,0,0,0,0.00000,3
0.3439,3.7781,2.8441,11.7931,-2.4656,0.0313,-0.5523,0,0,1,0.33617,1
0.4135,4.2163,2.6195,11.8870,-1.5096,0.0247,-0.7498,0,1,0,0.46569,1
0.4587,4.9772,2.5988,13.2272,-1.9555,0.0072,-2.1395,1,1,1,2.03441,1
0.4294,4.4058,2.5950,12.4003,2.3152,0.0010,-1.2061,0,0,1,0.94030,1
0.4531,4.8030,2.5841,12.1253,-2.6230,0.0900,-1.1450,0,1,0,0.87618,1
0.4074,4.4209,2.7041,13.2924,2.7568,0.0355,-1.9985,0,1,1,2.13977,1
0.4736,4.6835,2.4669,11.2031,-2.4687,0.0031,-0.2173,0,0,0,0.00000,3
0.5142,5.1807,2.4032,11.3454,-0.4809,0.0401,-0.4357,0,0,0,0.00000,1
0.4113,4.3064,2.6542,12.3359,-2.7263,0.0654,-1.1866,0,1,0,0.99738,1
0.4343,4.3642,2.5621,11.4366,1.2498,0.0623,-0.4492,0,0,0,0.00000,1
0.4712,4.9380,2.5344,12.6201,-2.3013,0.0166,-1.5842,0,1,0,1.28410,1
0.5236,5.0944,2.3484,11.3998,-0.3794,0.0202,-0.4775,0,0,0,0.00000,3
0.6532,5.9643,2.0117,11.6065,-0.3614,0.0965,-1.0174,0,0,0,0.00000,3
0.4611,4.5773,2.4958,11.3191,-2.4130,0.0098,-0.3163,0,0,0,0.00000,3
0.4863,5.1574,2.5156,11.7768,1.5171,0.0151,-0.7865,0,0,1,0.31721,1
0.4218,4.1901,2.5736,11.3158,2.5989,0.0677,-0.3404,0,0,0,0.00000,1
0.5662,5.2424,2.2127,11.4923,-1.4965,0.0020,-0.6112,0,0,0,0.00000,1
0.5132,4.9735,2.3660,11.3356,-0.5297,0.0730,-0.4629,0,0,0,0.00000,1
0.5712,5.5140,2.2404,12.7201,0.5385,0.0579,-2.1518,0,1,0,1.08440,1
0.3877,4.0759,2.7053,12.4410,2.9723,0.0255,-1.1457,1,0,3,0.88896,1
0.5715,5.7548,2.2791,11.4957,-1.1543,0.0025,-0.6268,0,0,0,0.00000,3
0.4565,4.6869,2.5417,12.0886,0.4561,0.0015,-0.9976,0,0,1,0.61345,1
0.4279,4.5043,2.6272,11.2656,-2.2965,0.0514,-0.2866,0,0,0,0.00000,3
0.4203,4.5376,2.6721,13.0571,-2.4172,0.0443,-1.8523,1,1,0,0.97291,1
0.5139,5.5293,2.4718,12.0288,2.3800,0.0339,-1.1298,0,0,1,0.42520,3
0.3844,3.9286,2.6779,11.6950,-1.9223,0.0072,-0.5203,0,1,0,0.37338,1
0.5346,5.5278,2.3858,11.8240,-0.9360,0.0026,-0.9175,1,1,1,0.64508,3
0.4359,4.4731,2.5823,11.5264,-2.4237,0.1106,-0.5865,0,0,0,0.00000,1
0.3972,4.2296,2.7017,12.3462,2.5999,0.1343,-1.2514,0,1,0,0.91631,1
0.5553,5.0830,2.2252,11.5067,1.3027,0.0518,-0.6718,0,0,0,0.00000,1
0.4531,4.6089,2.5382,11.2909,-0.8262,0.0104,-0.2847,0,0,0,0.00000,1
0.3783,3.9709,2.7215,11.5228,2.5454,0.0988,-0.4900,0,0,0,0.00000,3
0.4359,4.3307,2.5465,12.1977,0.7290,0.0146,-1.0607,0,0,1,0.76795,1
0.3631,3.9885,2.8066,11.8910,-2.2663,0.0511,-0.6839,0,1,0,0.52787,1
0.4997,5.4887,2.5249,12.7410,-1.1370,0.0086,-1.8107,0,1,0,1.51985,1
0.4403,4.4986,2.5687,12.3220,-1.3418,0.0173,-1.1918,0,0,1,0.91928,1
0.4755,4.5677,2.4329,11.3474,-1.1250,0.0058,-0.3520,0,0,0,0.00000,3
0.4919,5.2219,2.5047,11.3586,-2.4924,0.0535,-0.4386,0,0,0,0.00000,3
0.4824,4.3755,2.3613,11.8266,0.8936,0.0227,-0.8325,0,0,1,0.45714,1
0.4635,4.8366,2.5453,11.5514,1.8727,0.0125,-0.5314,0,0,0,0.00000,3
0.5597,5.4115,2.2666,11.7445,0.1191,0.0627,-0.9588,0,0,0,0.00000,1
0.4470,4.7308,2.5946,11.3989,-2.4668,0.0119,-0.3738,0,0,0,0.00000,3
0.4888,5.2020,2.5141,11.5416,2.5679,0.0275,-0.5790,0,0,0,0.00000,3
0.5531,5.4639,2.3011,12.0589,2.4718,0.0085,-1.2258,0,1,0,0.45006,1
0.3312,3.6370,2.8677,13.2224,2.8811,0.0674,-1.6192,0,1,3,1.32403,1
0.3915,4.2309,2.7306,11.4586,-2.2854,0.1091,-0.4692,0,0,0,0.00000,3
0.6164,6.0037,2.1485,11.7300,-0.5116,0.0547,-1.0482,0,0,0,0.00000,3
0.4341,4.5718,2.6156,11.3902,-2.5095,0.0038,-0.3419,0,0,0,0.00000,1
0.4707,4.3225,2.3962,11.4820,1.9391,0.0101,-0.4730,0,0,0,0.00000,1
0.5084,5.1501,2.4210,11.4796,-1.9292,0.0501,-0.5736,0,0,0,0.00000,3
0.4160,4.2171,2.6076,12.5276,-1.9909,0.0133,-1.2944,0,0,1,1.12890,1
0.4552,4.3445,2.4660,12.2093,1.2356,0.0152,-1.1243,0,1,1,0.79528,1
0.4845,4.7876,2.4441,11.2525,3.0265,0.0226,-0.2941,0,0,0,0.00000,1
0.4263,4.2115,2.5588,11.3902,-1.9305,0.0076,-0.3369,0,0,0,0.00000,3
0.3693,3.8619,2.7343,12.8182,2.6431,0.0354,-1.4069,0,0,2,1.39515,1
0.3708,3.9997,2.7692,11.4214,-2.2481,0.1132,-0.4212,0,0,0,0.00000,3
0.4570,4.6832,2.5386,11.4481,2.3389,0.0536,-0.4780,0,0,0,0.00000,3
0.4276,4.4198,2.6073,11.8689,-1.2776,0.0262,-0.7659,0,0,1,0.29607,1
0.5148,5.3659,2.4367,12.3498,2.5616,0.0394,-1.4841,0,1,0,0.93404,1
0.4355,4.7304,2.6482,12.5898,3.0271,0.0563,-1.4865,0,1,1,1.00551,1
0.4980,4.5326,2.3342,11.3253,-2.1881,0.0068,-0.3566,0,0,0,0.00000,1
0.4625,4.8659,2.5562,11.3036,0.5915,0.0012,-0.2951,0,0,0,0.00000,1
0.3457,3.7111,2.8115,11.4242,2.4802,0.0488,-0.3219,0,0,0,0.00000,1
0.4080,4.4640,2.7123,11.3864,2.5015,0.1357,-0.4617,0,0,0,0.00000,3
0.5152,5.4890,2.4590,11.4633,1.9155,0.0103,-0.5202,0,0,0,0.00000,3
0.4464,4.2437,2.4785,11.3726,-2.1805,0.0214,-0.3600,0,0,0,0.00000,1
0.4975,4.6749,2.3670,11.7103,0.4017,0.0098,-0.7326,0,0,0,0.00000,3
0.3854,4.2319,2.7620,11.3879,-2.5159,0.1007,-0.3977,0,0,0,0.00000,3
0.4229,4.2265,2.5785,12.3219,-2.9678,0.0337,-1.1627,0,1,0,1.03838,1
0.4990,4.6346,2.3525,11.4621,1.0873,0.0009,-0.4819,0,0,0,0.00000,3
0.4710,5.1638,2.5847,13.0435,-2.9413,0.0511,-2.0841,0,1,1,1.68783,1
0.4219,4.5657,2.6716,11.4939,-1.8876,0.0439,-0.4603,0,0,0,0.00000,1
0.3574,3.9141,2.8138,11.9275,2.8007,0.0713,-0.7249,0,1,0,0.63741,3
0.4629,5.0214,2.5896,12.1411,-2.2822,0.0311,-1.1062,0,1,0,0.90511,3
0.3788,4.0298,2.7365,11.5124,-2.7091,0.1799,-0.5779,0,0,0,0.00000,1
0.6449,6.2440,2.0782,11.3993,0.8594,0.0024,-0.6229,0,0,0,0.00000,1
0.3667,3.8547,2.7456,12.6886,2.5674,0.0197,-1.2667,0,0,2,0.97517,1
0.4299,4.3981,2.5909,11.8841,0.8964,0.0056,-0.7572,0,1,0,0.37334,1
0.4646,4.5600,2.4770,11.2687,-1.1745,0.0153,-0.2814,0,0,0,0.00000,3
0.3826,3.9133,2.6825,11.4473,2.3388,0.0572,-0.3895,0,0,0,0.00000,3
0.4387,4.6851,2.6218,11.2991,1.9930,0.0362,-0.3076,0,0,0,0.00000,3
0.4134,4.4690,2.6875,12.8221,-2.8168,0.0939,-1.6817,0,0,0,0.00000,1
0.4473,4.2964,2.4878,11.4680,-1.0312,0.0379,-0.4636,0,0,0,0.00000,1
0.5353,5.4851,2.3753,11.8403,2.1057,0.0101,-0.9459,0,0,1,0.37915,3
0.5614,5.2072,2.2246,11.3275,-0.4965,0.0365,-0.4677,0,0,0,0.00000,3
0.4358,4.6190,2.6192,11.6821,-1.7574,0.0271,-0.6210,0,0,1,0.15609,1
0.5079,5.0306,2.3987,11.3255,0.7318,0.0779,-0.4528,0,0,0,0.00000,1
0.4554,4.7636,2.5646,11.6493,1.8646,0.0003,-0.5922,0,1,0,0.36133,1
0.3348,3.6427,2.8493,11.4000,-2.9690,0.0546,-0.3010,0,0,0,0.00000,1
0.4631,4.4610,2.4602,11.3297,-1.0759,0.0061,-0.3231,0,0,0,0.00000,3
0.4538,4.6359,2.5418,11.6284,-2.3157,0.0150,-0.5882,0,1,0,0.25382,3
0.4779,4.4873,2.4047,12.0236,-1.2991,0.0444,-1.0454,0,0,1,0.50025,1
0.4387,4.3881,2.5486,11.3751,2.1323,0.0067,-0.3370,0,0,0,0.00000,3
0.5349,4.9531,2.2774,12.3819,-1.8375,0.0053,-1.5271,0,0,1,0.87024,1
0.4093,4.1377,2.6176,11.8338,-2.5648,0.0162,-0.6864,0,1,0,0.32420,3
0.5751,5.5485,2.2314,11.4052,-1.6158,0.0146,-0.5451,0,0,0,0.00000,1
0.4169,4.2430,2.6108,11.8186,2.5538,0.0183,-0.6912,0,0,1,0.16477,3
0.3571,3.7872,2.7745,12.9133,2.5862,0.0577,-1.4720,0,1,1,1.68543,1
0.5296,4.8904,2.2855,11.7567,0.0186,0.0624,-0.9100,0,0,1,0.37849,1
0.4034,4.1290,2.6430,11.9914,-2.6732,0.0291,-0.8209,0,1,0,0.61464,3
0.5290,5.4471,2.3940,11.6030,-3.0571,0.0296,-0.7072,0,0,0,0.00000,1
0.4468,4.3947,2.5144,11.9220,-1.7210,0.0022,-0.8213,0,0,1,0.36206,3
0.5573,5.4811,2.2881,11.8551,0.5280,0.0006,-0.9961,0,0,1,0.24509,3
0.4199,4.5475,2.6762,12.3379,-3.1118,0.0241,-1.1557,0,0,2,1.18152,3
0.4478,4.5816,2.5553,11.4155,-3.1396,0.0373,-0.4183,0,0,0,0.00000,1
0.4093,4.1624,2.6244,11.5890,2.6371,0.0489,-0.5264,0,1,0,0.26644,3
0.5187,5.3500,2.4175,11.4779,0.6875,0.0023,-0.5296,0,0,0,0.00000,3
0.5231,5.1734,2.3656,11.6115,-1.9704,0.0506,-0.7314,0,0,0,0.00000,1
0.3666,3.8704,2.7508,12.8868,2.3040,0.0223,-1.4308,1,1,0,1.49831,1
0.5764,5.5133,2.2207,11.4793,1.4572,0.0199,-0.6358,0,0,0,0.00000,1
0.5764,5.7542,2.2604,12.5597,1.3349,0.0418,-1.9450,1,1,0,0.55248,1
0.3964,3.9741,2.6328,11.7522,2.6487,0.0694,-0.6625,0,1,0,0.25678,1
0.3702,3.9277,2.7502,11.3513,2.4270,0.0950,-0.3483,0,0,0,0.00000,3
0.4621,4.6317,2.5045,11.6888,2.3236,0.0790,-0.7368,0,1,0,0.35955,1
0.4998,4.7515,2.3741,11.3506,1.4270,0.0006,-0.3762,0,0,0,0.00000,3
0.5045,4.8198,2.3693,12.2326,1.7065,0.0057,-1.2741,0,0,1,0.74752,1
0.4836,5.2007,2.5366,11.5915,2.8490,0.0183,-0.6076,0,0,0,0.00000,3
0.4129,4.2941,2.6430,11.8185,-2.9929,0.0990,-0.7859,0,0,3,0.57575,1
0.4593,4.3094,2.4402,11.7348,-1.7909,0.0069,-0.6817,0,0,1,0.33645,3
0.4159,4.3589,2.6460,11.5147,2.7670,0.0939,-0.5286,0,0,0,0.00000,1
0.4612,5.0012,2.5931,11.6072,2.3474,0.1178,-0.7072,0,0,0,0.00000,1
0.3577,3.8487,2.7913,12.9745,2.9719,0.0460,-1.5044,1,1,0,1.71208,1
0.5040,5.0461,2.4177,12.3033,2.1163,0.0117,-1.3579,0,0,1,0.89649,1
0.3602,3.9413,2.8071,11.9918,2.6690,0.0717,-0.7796,0,1,1,0.38893,3
0.3890,4.0370,2.6873,11.4030,-2.1060,0.0195,-0.3199,0,0,0,0.00000,1
0.3880,4.2013,2.7397,11.2928,-2.8399,0.1229,-0.3529,0,0,0,0.00000,3
0.5895,5.7113,2.2041,12.1980,-0.7041,0.0037,-1.4825,0,0,1,0.65763,1
0.4905,5.0927,2.4839,11.3318,-1.4256,0.0291,-0.3828,0,0,0,0.00000,3
0.3989,4.0038,2.6295,12.3622,-2.4862,0.0037,-1.0820,1,1,0,1.07959,1
0.5366,5.5344,2.3790,11.5372,0.5404,0.0205,-0.6397,0,0,0,0.00000,1
0.4091,4.1749,2.6286,11.4474,1.0000,0.0056,-0.3610,0,0,0,0.00000,1
0.4729,4.9625,2.5322,11.9817,2.0953,0.0115,-0.9507,0,1,0,0.19275,3
0.4621,5.0482,2.5996,11.3768,2.8673,0.0136,-0.3743,0,0,0,0.00000,3
0.4305,4.3107,2.5659,11.3445,1.8199,0.0198,-0.3178,0,0,0,0.00000,3
0.4315,4.3924,2.5820,11.8585,2.2818,0.0099,-0.7437,0,0,1,0.24171,3
0.4924,5.2619,2.5108,12.5055,-0.2520,0.0021,-1.5208,0,1,0,1.05862,1
0.5066,4.6006,2.3153,11.3042,1.8380,0.0140,-0.3541,0,0,0,0.00000,1
0.4611,4.9966,2.5924,11.5212,1.8368,0.0198,-0.5099,0,0,0,0.00000,1
0.4715,4.6821,2.4756,12.0014,-0.3380,0.0031,-0.9533,0,1,0,0.46765,3
0.3718,4.0410,2.7766,11.3129,-2.6424,0.0137,-0.2304,0,0,0,0.00000,1
0.3929,4.2835,2.7384,12.8740,2.7465,0.1054,-1.6643,0,0,1,1.64251,1
0.4209,4.3540,2.6214,11.4239,3.0571,0.0156,-0.3679,0,0,0,0.00000,3
0.4213,4.2413,2.5895,12.9070,-1.2119,0.0136,-1.6606,1,1,0,1.39005,1
0.3935,4.1329,2.6929,11.3937,2.4654,0.1101,-0.4219,0,0,0,0.00000,3
0.4826,4.5676,2.4038,11.2745,0.7448,0.0015,-0.2875,0,0,0,0.00000,3
0.3803,3.9058,2.6917,11.7218,1.7191,0.0446,-0.5798,0,1,0,0.28489,1
0.4283,4.5704,2.6422,11.3359,3.1235,0.0175,-0.3066,0,0,0,0.00000,3
0.4054,4.3158,2.6852,13.0395,-2.4294,0.0134,-1.7140,0,1,1,1.70913,1
0.4660,4.8535,2.5381,11.4131,1.1645,0.0472,-0.4504,0,0,0,0.00000,1
0.4927,4.4666,2.3410,11.8194,-0.5512,0.0049,-0.8228,0,0,1,0.41502,1
0.5460,5.5881,2.3509,11.4865,-1.4627,0.0519,-0.6386,0,0,0,0.00000,3
0.4214,4.1509,2.5651,11.3413,2.1294,0.0493,-0.3396,0,0,0,0.00000,3
0.4823,5.2182,2.5461,11.4579,-3.0764,0.0423,-0.5078,0,0,0,0.00000,3
0.4444,4.2396,2.4862,12.5781,0.7947,0.0251,-1.4566,0,0,1,0.79695,1
0.3527,3.7687,2.7924,13.2423,-2.6835,0.0727,-1.7512,0,1,1,1.74542,1
0.4729,4.7286,2.4802,11.5052,-0.8720,0.0454,-0.5416,0,0,0,0.00000,1
0.3664,4.0020,2.7929,12.7288,-3.0621,0.0410,-1.3314,0,1,0,1.64274,1
0.4745,4.8174,2.4932,11.6162,2.8401,0.0249,-0.6229,0,0,0,0.00000,1
0.4804,4.3625,2.3662,11.4891,-0.3327,0.0097,-0.4921,0,0,0,0.00000,3
0.4021,4.1248,2.6485,11.6882,-1.9019,0.0412,-0.5859,0,1,0,0.23235,3
0.4749,4.8601,2.5007,11.9332,-1.9397,0.0115,-0.9081,0,0,3,0.91759,3
0.4198,4.5726,2.6831,11.6085,2.7386,0.0812,-0.5978,0,0,1,0.26525,3
0.4300,4.4451,2.6023,12.3037,-2.4065,0.0417,-1.1795,0,0,1,0.97179,1
0.4789,4.3878,2.3780,11.3153,-1.3828,0.0183,-0.3401,0,0,0,0.00000,3
0.5464,5.6346,2.3575,11.6541,-0.2398,0.0219,-0.7829,0,0,0,0.00000,1
0.3386,3.6844,2.8421,12.8516,2.8008,0.0892,-1.3971,0,1,1,1.59740,1
0.4987,4.5267,2.3303,11.3857,2.6801,0.0020,-0.4091,0,0,0,0.00000,1
0.4337,4.1871,2.5194,11.3877,-0.0058,0.0094,-0.3448,0,0,0,0.00000,1
0.5397,4.9788,2.2643,11.6386,0.4951,0.1152,-0.8702,0,0,0,0.00000,1
0.3504,3.7654,2.8035,12.6581,3.0060,0.0573,-1.2416,0,0,1,1.44426,1
0.5195,5.4517,2.4338,11.7088,-2.6601,0.0427,-0.8172,0,0,1,0.23894,1
0.5541,5.7617,2.3490,11.4420,1.6115,0.0540,-0.6055,0,0,0,0.00000,3
0.4477,4.6553,2.5735,11.5400,2.4907,0.0586,-0.5532,0,0,0,0.00000,3
0.5165,4.8289,2.3241,11.7639,1.6963,0.0052,-0.8166,0,1,0,0.36408,1
0.5370,5.1874,2.3136,11.3188,0.7367,0.0490,-0.4451,0,0,0,0.00000,3
0.5676,5.6651,2.2793,11.5548,3.0740,0.0040,-0.6876,0,0,0,0.00000,1
0.4812,4.3927,2.3698,11.2473,-2.7344,0.0064,-0.2664,0,0,0,0.00000,1
0.5061,5.2291,2.4460,11.4736,-2.5581,0.0581,-0.5745,0,0,0,0.00000,1
0.3300,3.6262,2.8712,12.2403,2.3703,0.0550,-0.8642,0,1,0,0.88092,1
0.4515,4.9708,2.6306,12.7499,-2.0934,0.0588,-1.7076,1,1,0,1.57317,0
0.3891,4.0732,2.6972,11.7449,-3.0040,0.0986,-0.6799,0,0,1,0.26191,1
0.5501,5.0153,2.2320,12.1897,-0.7814,0.0447,-1.4154,0,1,0,0.63579,1
0.5351,5.2158,2.3262,11.4633,0.5644,0.0480,-0.5922,0,0,0,0.00000,1
0.6146,5.7831,2.1230,11.7786,0.0108,0.0710,-1.1250,0,0,1,0.29688,1
0.5357,5.5792,2.3908,12.0755,2.2744,0.0092,-1.2017,0,0,2,0.74185,3
0.5079,5.2974,2.4521,11.5813,2.4143,0.0254,-0.6450,0,0,0,0.00000,3
0.4691,4.5341,2.4520,11.2997,-2.0648,0.0110,-0.3083,0,0,0,0.00000,3
0.4157,4.4350,2.6670,11.2970,-2.4576,0.0122,-0.2566,0,0,0,0.00000,1
0.4091,4.1966,2.6349,11.7601,2.7880,0.1072,-0.7394,0,1,0,0.35862,1
0.4044,4.1410,2.6420,12.5987,1.6559,0.0198,-1.3270,0,1,0,1.53140,1
0.5436,5.6562,2.3728,12.4118,-1.2881,0.0362,-1.6435,0,1,0,0.24966,1
0.4663,4.3731,2.4259,12.3576,0.4495,0.0301,-1.3222,0,0,1,0.89384,1
0.5559,5.5533,2.3060,11.5756,0.2041,0.0423,-0.7386,0,0,0,0.00000,1
0.4367,4.2588,2.5244,11.9218,2.9921,0.0388,-0.8474,0,0,2,0.65133,1
0.5547,5.4618,2.2946,11.5229,-2.6109,0.0030,-0.6301,0,0,0,0.00000,1
0.3848,4.1952,2.7545,12.1580,-2.2323,0.0268,-0.9091,0,0,1,0.65620,1
0.4203,4.2914,2.6076,12.0099,2.1720,0.0354,-0.8838,0,0,1,0.75985,3
0.3725,4.0009,2.7603,11.6396,2.8680,0.1653,-0.6503,0,0,0,0.00000,1
0.3912,4.1852,2.7193,12.5978,3.1205,0.0496,-1.3255,0,1,0,1.41321,1
0.4975,4.6144,2.3540,12.3441,-0.7103,0.0644,-1.4581,0,0,2,1.43446,1
0.4141,4.3169,2.6434,12.0662,-1.5867,0.0156,-0.8912,0,1,0,0.65409,1
0.5436,5.4335,2.3329,11.5654,0.1059,0.0387,-0.7025,0,0,1,0.15424,1
0.6059,5.6073,2.1277,11.4197,0.1446,0.1088,-0.7202,0,0,0,0.00000,1
0.5182,5.3053,2.4111,11.9917,2.2176,0.0041,-1.0591,0,0,1,0.47126,3
0.4015,4.3103,2.7030,12.1803,2.0922,0.0272,-0.9715,0,0,1,0.67780,1
0.4991,4.9175,2.4115,11.3924,-1.5642,0.0272,-0.4477,0,0,0,0.00000,3
0.4740,5.1332,2.5644,13.1254,2.5070,0.0242,-2.1384,0,1,1,1.84212,1
0.3843,4.0706,2.7208,12.3000,-2.4397,0.0069,-0.9939,0,0,0,0.00000,1
0.5231,5.0150,2.3352,12.0050,1.8444,0.0001,-1.0767,0,0,1,0.50063,1
0.4608,4.9479,2.5829,11.3987,-0.6196,0.0021,-0.3788,0,0,0,0.00000,1
0.3750,3.9258,2.7247,11.2841,2.9168,0.0332,-0.2341,0,0,0,0.00000,3
0.4782,4.5180,2.4103,11.4466,-1.1147,0.0200,-0.4630,0,0,0,0.00000,3
0.5064,5.0401,2.4068,11.4529,-2.2765,0.0468,-0.5401,0,0,0,0.00000,1
0.4983,5.1769,2.4685,12.1277,-1.4184,0.0425,-1.2030,0,0,1,0.69284,3
0.3746,3.9817,2.7438,11.7738,2.1035,0.0244,-0.5846,0,1,0,0.23117,1
0.4545,4.7390,2.5630,11.6415,-1.1194,0.0360,-0.6273,0,1,0,0.18533,1
0.4364,4.4253,2.5681,11.5021,-0.9913,0.0044,-0.4393,0,0,0,0.00000,1
0.3662,3.9889,2.7902,11.7789,1.9632,0.0547,-0.6107,0,1,0,0.24207,1
0.5859,5.7463,2.2230,11.4893,-0.9962,0.0326,-0.6782,0,0,0,0.00000,3
0.4222,4.1489,2.5611,11.7687,2.7694,0.0083,-0.6460,0,0,1,0.48875,3
0.4391,4.3564,2.5387,11.2875,2.4396,0.0017,-0.2580,0,0,0,0.00000,3
0.4407,4.3606,2.5325,12.1620,2.1327,0.0415,-1.0791,0,0,1,0.65234,1
0.5111,4.8378,2.3470,11.3938,-0.1159,0.0194,-0.4540,0,0,0,0.00000,3
0.4149,4.3034,2.6361,11.3410,1.8109,0.0064,-0.2841,0,0,0,0.00000,1
0.4475,4.8559,2.6221,11.6660,2.0758,0.0041,-0.5991,0,0,0,0.00000,1
0.3521,3.8775,2.8310,12.3021,2.9973,0.1036,-1.0375,0,1,0,0.51861,2
0.3516,3.8702,2.8313,12.4560,-2.8194,0.0248,-1.0427,1,1,0,1.12469,1
0.4121,4.2706,2.6407,11.3753,1.7962,0.0036,-0.3052,0,0,0,0.00000,1
0.4993,5.1705,2.4629,12.4575,2.3715,0.0329,-1.5392,0,0,1,0.90648,1
0.4107,4.2742,2.6483,12.5004,2.4432,0.0695,-1.3375,0,0,1,1.10206,1
0.5353,5.1198,2.3075,12.4938,-1.4378,0.0261,-1.6900,0,0,1,0.89338,1
0.3715,3.9852,2.7612,13.0974,3.1313,0.0836,-1.7346,0,1,0,1.95882,1
0.3978,4.2022,2.6912,12.1088,-2.4213,0.0268,-0.9017,0,1,0,0.56080,3
0.4559,4.4430,2.4865,11.4426,-0.9216,0.0432,-0.4587,0,0,0,0.00000,1
0.3959,4.3064,2.7298,11.5298,2.6965,0.1825,-0.6178,0,0,0,0.00000,1
0.4643,4.5786,2.4827,11.3423,1.9855,0.0551,-0.3929,0,0,0,0.00000,3
0.4110,4.2240,2.6332,11.4071,-2.7635,0.0609,-0.3955,0,0,0,0.00000,3
0.5266,5.5140,2.4160,11.4745,1.0208,0.0495,-0.5948,0,0,0,0.00000,1
0.4828,4.8033,2.4547,11.2827,-0.9106,0.0178,-0.3150,0,0,0,0.00000,3
0.4120,4.1776,2.6157,11.8303,2.2047,0.0012,-0.6697,0,1,0,0.40766,1
0.4364,4.2063,2.5124,11.5177,-2.3425,0.0402,-0.4948,0,0,0,0.00000,1
0.4498,4.2744,2.4715,11.7788,-1.1654,0.0342,-0.7393,0,1,0,0.18983,3
0.3887,4.2201,2.7416,13.2862,-2.5041,0.0489,-1.9237,0,1,1,1.98690,1
0.3855,4.0248,2.7011,11.2523,1.8751,0.0113,-0.1951,0,0,0,0.00000,1
0.4579,4.9551,2.5974,12.8402,2.9083,0.0104,-1.7460,0,1,0,1.61408,1
0.4154,4.2663,2.6238,12.9092,3.0577,0.0132,-1.6375,0,1,0,1.60561,1
0.3481,3.8342,2.8394,12.9151,3.0185,0.0718,-1.4574,0,0,1,1.82456,0
0.3674,3.9047,2.7577,13.1264,-2.9450,0.0130,-1.6154,0,1,1,1.66528,1
0.5370,5.6718,2.4023,11.3880,0.9064,0.0711,-0.5450,0,0,0,0.00000,1
0.4740,5.1006,2.5573,11.4429,-2.5563,0.0730,-0.5189,0,0,0,0.00000,3
0.5130,4.8979,2.3515,11.4609,0.5069,0.0486,-0.5586,0,0,0,0.00000,1
0.4524,4.7006,2.5632,12.8311,2.4967,0.0075,-1.7077,0,1,1,1.39897,1
0.5510,5.5836,2.3301,11.6644,0.6433,0.0017,-0.7764,0,0,0,0.00000,3
0.3482,3.8235,2.8352,12.1592,-2.9978,0.1301,-0.9536,0,1,0,0.25389,3
0.4820,5.0697,2.5157,11.3114,-2.1748,0.0407,-0.3679,0,0,0,0.00000,3
0.4805,5.0179,2.5112,11.5022,2.0735,0.0332,-0.5357,0,0,0,0.00000,3
0.5110,5.4639,2.4715,11.2648,-0.9249,0.0310,-0.3430,0,0,0,0.00000,1
0.3552,3.7955,2.7878,12.3768,2.4759,0.1073,-1.1106,0,1,0,1.00649,3
0.4308,4.4518,2.6006,11.4533,1.9942,0.0059,-0.3929,0,0,0,0.00000,1
0.3584,3.7947,2.7703,11.3128,-1.9690,0.0779,-0.2903,0,0,0,0.00000,1
0.4489,4.8819,2.6217,12.8363,2.7832,0.0036,-1.6938,0,1,1,1.46812,1
0.4105,4.2919,2.6541,11.4472,2.9579,0.0438,-0.4073,0,0,0,0.00000,3
0.4264,4.3036,2.5824,12.2089,1.5261,0.0094,-1.0379,0,1,0,0.68663,1
0.5286,4.8940,2.2900,11.5046,-0.9338,0.0694,-0.6510,0,0,0,0.00000,3
0.5243,5.5879,2.4395,11.4790,-2.5892,0.0088,-0.5474,0,0,0,0.00000,3
0.4185,4.1589,2.5805,11.2354,-0.2921,0.0063,-0.2027,0,0,0,0.00000,1
0.4574,4.9058,2.5886,11.4017,1.4630,0.0391,-0.4204,0,0,0,0.00000,1
0.3644,3.8553,2.7577,11.8153,-2.4720,0.0855,-0.6730,0,1,0,0.48640,3
0.4386,4.1741,2.4947,11.9952,1.2219,0.0063,-0.8729,0,0,1,0.50024,0
0.5078,4.8586,2.3643,11.4289,-0.1358,0.0031,-0.4650,0,0,0,0.00000,3
0.3706,3.8464,2.7228,11.9845,-2.4873,0.0281,-0.7405,0,1,1,0.62357,3
0.3955,3.9858,2.6406,12.5564,-2.6586,0.0065,-1.2388,0,1,2,1.28972,1
0.3780,3.9948,2.7304,12.7342,-2.9893,0.0711,-1.4273,1,2,0,1.49178,1
0.4975,5.0255,2.4406,11.3398,-2.2518,0.0239,-0.3917,0,0,0,0.00000,3
0.4362,4.7229,2.6431,11.9212,-1.5152,0.0465,-0.8571,0,0,1,0.50391,1
0.4225,4.3329,2.6082,12.5140,1.2826,0.0225,-1.3186,0,0,1,0.95573,1
0.5299,5.5293,2.4054,11.8586,-0.3163,0.0228,-0.9710,0,0,1,0.42470,1
0.4240,4.2130,2.5698,11.9883,1.5325,0.0107,-0.8404,0,0,1,0.50718,3
0.4671,4.5862,2.4726,11.4384,3.0255,0.0109,-0.4308,0,0,0,0.00000,3
0.5687,5.4800,2.2440,11.4082,-1.4491,0.0044,-0.5272,0,0,0,0.00000,1
0.4485,4.8997,2.6278,13.1297,2.9122,0.0087,-1.9928,1,2,1,2.40579,1
0.5016,4.6811,2.3520,11.5155,-1.3758,0.0336,-0.5777,0,0,0,0.00000,3
0.4920,4.7015,2.3948,11.4602,-0.1581,0.0437,-0.5229,0,0,0,0.00000,1
0.4425,4.8588,2.6462,11.4706,-1.7722,0.0468,-0.4714,0,0,0,0.00000,1
0.4338,4.3979,2.5733,12.4449,0.5112,0.0024,-1.2622,0,0,3,1.14397,1
0.4523,4.5402,2.5257,11.7128,2.6161,0.0352,-0.6864,0,1,0,0.32866,1
0.4847,5.1787,2.5269,11.5016,-1.3257,0.0352,-0.5440,0,0,0,0.00000,1
0.4368,4.2030,2.5100,11.2977,2.1365,0.0267,-0.2927,0,0,0,0.00000,3
0.4470,4.7250,2.5936,11.4520,-2.3873,0.0316,-0.4429,0,0,0,0.00000,3
0.4002,4.2577,2.6948,12.5246,3.1327,0.0381,-1.2763,0,1,0,1.35417,1
0.4469,4.7969,2.6109,12.4139,-1.5945,0.0285,-1.3161,0,1,0,1.15270,1
0.3913,4.1021,2.6948,11.7690,-2.1711,0.0539,-0.6475,0,0,1,0.44065,3
0.4781,4.6156,2.4330,11.3634,-0.5143,0.0390,-0.4086,0,0,0,0.00000,1
0.3532,3.8933,2.8302,12.3023,-1.9617,0.0682,-0.9920,0,1,0,1.03800,0
0.4865,4.6086,2.3969,11.3427,1.0192,0.0137,-0.3691,0,0,0,0.00000,3
0.5206,4.9867,2.3392,11.4125,-0.1869,0.0526,-0.5250,0,0,0,0.00000,1
0.4393,4.3789,2.5436,12.0457,-2.4968,0.0423,-0.9699,0,0,1,0.49608,1
0.4640,4.4493,2.4535,11.3767,-2.9267,0.0242,-0.3870,0,0,0,0.00000,1
0.3825,4.0880,2.7347,13.2454,1.8898,0.0170,-1.7969,0,1,1,2.26834,1
0.5107,4.9458,2.3703,11.5796,-1.5012,0.0419,-0.6667,0,0,0,0.00000,3
0.4711,5.1047,2.5714,11.2685,-1.3386,0.0122,-0.2852,0,0,0,0.00000,1
0.3976,4.0892,2.6603,12.6501,-2.3562,0.0316,-1.3658,0,1,0,1.41589,1
0.4951,4.7913,2.4015,12.2790,-0.1481,0.0066,-1.2964,0,0,1,0.72791,1
0.3830,3.9715,2.6979,11.5430,-2.7199,0.0728,-0.4811,0,0,0,0.00000,3
0.4238,4.5830,2.6667,11.4368,-1.7627,0.0184,-0.3859,0,0,0,0.00000,1
0.4661,4.6610,2.4940,11.4881,-2.4635,0.0438,-0.5143,0,0,0,0.00000,1
0.4712,4.9248,2.5313,11.3298,2.8816,0.0418,-0.3744,0,0,0,0.00000,1
0.4957,4.8913,2.4201,11.3531,1.8496,0.0047,-0.3795,0,0,0,0.00000,3
0.4570,4.7199,2.5474,12.0097,3.0952,0.0394,-0.9761,0,0,1,0.17439,1
0.3990,4.0367,2.6385,11.3686,1.6525,0.0306,-0.3168,0,0,0,0.00000,1
0.5295,4.7992,2.2683,11.4144,0.6350,0.0248,-0.5038,0,0,0,0.00000,3
0.3657,3.9046,2.7666,12.9331,-2.9887,0.0595,-1.5269,0,1,0,1.77201,1
0.6615,6.2643,2.0214,11.4528,0.9502,0.0365,-0.7574,0,0,0,0.00000,1
0.4934,5.1965,2.4931,11.8176,-3.0771,0.0174,-0.8437,0,1,0,0.16508,3
0.3745,4.0317,2.7594,12.3766,2.8440,0.0783,-1.1279,0,0,1,0.64331,3
0.4800,5.0377,2.5175,11.4812,-3.0505,0.0766,-0.5672,0,0,0,0.00000,1
0.4535,4.3240,2.4680,11.6327,1.5739,0.0025,-0.5748,0,0,1,0.33127,3
0.4895,4.9983,2.4683,11.5887,-0.6060,0.0216,-0.6174,0,0,0,0.00000,1
0.4200,4.1545,2.5723,12.5557,-2.5032,0.0441,-1.3809,0,1,0,1.24529,1
0.4225,4.4574,2.6407,11.5658,2.0858,0.0482,-0.5261,0,0,0,0.00000,3
0.4505,4.2541,2.4635,11.2760,-1.8162,0.0055,-0.2628,0,0,0,0.00000,3
0.4820,4.9191,2.4833,11.5279,0.4966,0.0151,-0.5398,0,0,0,0.00000,1
0.4182,4.3932,2.6442,12.2504,-2.5747,0.0272,-1.0774,0,0,1,0.80789,3
0.5313,5.6766,2.4266,11.6425,-2.5970,0.0545,-0.7848,0,0,0,0.00000,1
0.4465,4.5664,2.5574,12.3843,-1.6016,0.0477,-1.3140,0,0,2,6.11168,1
0.5222,5.2143,2.3771,11.3343,-1.1002,0.0100,-0.3985,0,0,0,0.00000,3
0.5858,5.3534,2.1599,11.5995,-0.3575,0.0813,-0.8649,0,0,0,0.00000,3
0.4026,4.2385,2.6777,11.2908,2.6494,0.1515,-0.3970,0,0,0,0.00000,1
0.3634,3.8927,2.7748,12.0810,2.3190,0.0180,-0.7840,0,1,0,0.73515,1
0.4028,4.2247,2.6731,12.0134,2.4971,0.0539,-0.8705,0,0,1,0.55791,3
0.6366,6.1185,2.0911,11.9592,-0.2585,0.0743,-1.4135,0,0,1,0.26905,1
0.4251,4.3068,2.5892,11.4249,-2.8933,0.0038,-0.3598,0,0,0,0.00000,3
0.4730,5.0919,2.5601,11.2472,2.3462,0.0123,-0.2679,0,0,0,0.00000,3
0.3733,4.0650,2.7757,12.8876,-2.4588,0.0726,-1.5413,0,1,1,1.73941,1
0.3879,4.1554,2.7271,11.3375,3.1256,0.0409,-0.2940,0,0,0,0.00000,3
0.4727,4.9178,2.5232,11.5911,-1.8006,0.0569,-0.6362,0,0,0,0.00000,3
0.4102,4.2442,2.6425,11.3312,-2.7595,0.0519,-0.3234,0,0,0,0.00000,3
0.4896,4.4813,2.3563,11.5030,-0.8802,0.0651,-0.5862,0,0,0,0.00000,3
0.5666,5.6436,2.2799,11.4992,0.1822,0.0379,-0.6662,0,0,0,0.00000,1
0.5216,4.9207,2.3222,12.1763,-0.5746,0.0508,-1.3289,0,0,1,0.43408,1
0.5289,5.2684,2.3607,11.3783,-2.4261,0.0304,-0.4751,0,0,0,0.00000,1
0.5345,5.1464,2.3157,11.6776,-0.1910,0.0456,-0.8142,0,0,0,0.00000,1
0.4967,4.5154,2.3358,11.2359,1.4449,0.0037,-0.2671,0,0,0,0.00000,1
0.4405,4.6518,2.6057,11.3115,3.1332,0.0504,-0.3360,0,0,0,0.00000,3
0.4762,4.8705,2.4975,11.4075,-2.6391,0.0299,-0.4374,0,0,0,0.00000,1
0.3893,4.0169,2.6798,11.2472,-3.1371,0.0241,-0.2086,0,0,0,0.00000,3
0.3811,3.9662,2.7060,12.3093,1.8608,0.0045,-0.9884,0,1,1,0.84390,1
0.4502,4.5254,2.5313,12.4499,1.5905,0.0102,-1.3318,0,1,0,1.16377,1
0.5103,4.6552,2.3123,11.4882,1.0298,0.0060,-0.5290,0,0,0,0.00000,1
0.4374,4.7456,2.6429,11.3475,2.9627,0.0015,-0.3076,0,0,0,0.00000,1
0.4384,4.6995,2.6268,11.4059,2.8785,0.0515,-0.4158,0,0,0,0.00000,3
0.4766,4.4528,2.4022,11.3744,1.4602,0.0149,-0.3882,0,0,0,0.00000,3
0.4193,4.3664,2.6319,11.7653,2.1814,0.0212,-0.6552,0,1,0,0.21154,3
0.4110,4.2834,2.6492,12.4887,1.8552,0.0265,-1.2637,0,0,1,1.25748,1
0.4468,4.2393,2.4758,11.2940,-0.4724,0.0365,-0.3103,0,0,0,0.00000,1
0.4850,4.9619,2.4797,11.2587,1.7149,0.0339,-0.3139,0,0,0,0.00000,3
0.4079,4.1252,2.6208,12.3388,1.3833,0.0272,-1.1236,0,1,2,0.88196,1
0.5344,5.2373,2.3332,11.3189,-1.8577,0.0661,-0.4626,0,0,0,0.00000,1
0.5047,4.8166,2.3681,11.5532,-0.8624,0.0187,-0.6016,0,0,0,0.00000,3
0.5368,5.5538,2.3816,11.5900,1.3531,0.0240,-0.7001,0,0,0,0.00000,3
0.4724,5.0084,2.5444,11.3347,-1.5042,0.0023,-0.3347,0,0,0,0.00000,1
0.4412,4.3911,2.5381,11.2811,-1.9728,0.0030,-0.2561,0,0,0,0.00000,3
0.3823,4.1467,2.7532,11.8290,2.1008,0.0721,-0.7008,0,0,1,0.24970,1
0.3972,4.2933,2.7193,11.4569,2.1268,0.0338,-0.3875,0,0,0,0.00000,1
0.3618,3.9637,2.8059,12.5162,2.2967,0.0481,-1.1556,0,1,0,0.84108,1
0.4588,4.4301,2.4710,11.3662,-1.8085,0.0015,-0.3453,0,0,0,0.00000,3
0.4664,4.5368,2.4639,11.9999,-0.0437,0.0108,-0.9495,0,0,1,0.29489,1
0.3610,3.8123,2.7622,12.5583,-2.8222,0.0645,-1.2108,0,1,0,1.12227,1
0.4655,4.5000,2.4590,11.8057,2.5747,0.0003,-0.7512,0,0,1,0.31705,3
0.4976,4.7474,2.3820,12.2389,1.9982,0.0273,-1.2923,0,0,1,0.63051,1
0.4744,4.9287,2.5183,11.9502,1.9490,0.0266,-0.9435,0,1,0,0.67036,3
0.4608,4.3706,2.4482,11.2358,2.1004,0.0019,-0.2333,0,0,0,0.00000,3
0.3951,4.1019,2.6760,12.6741,2.6415,0.0288,-1.3733,1,1,0,1.09287,1
0.3863,3.9927,2.6876,11.5081,-2.5659,0.0043,-0.3781,0,1,0,0.27472,1
0.4144,4.5095,2.6933,13.1299,2.7493,0.0712,-1.9423,1,1,0,1.84011,1
0.4012,4.0394,2.6283,11.3919,-2.8918,0.0572,-0.3680,0,0,0,0.00000,1
0.5387,5.1345,2.2971,11.5751,-0.5976,0.0642,-0.7355,0,0,0,0.00000,1
0.4530,4.6021,2.5373,11.5221,1.6250,0.0610,-0.5475,0,0,0,0.00000,3
0.5030,5.1095,2.4352,11.3053,1.9419,0.0083,-0.3467,0,0,0,0.00000,3
0.3551,3.8951,2.8204,11.3855,2.7967,0.1202,-0.3862,0,0,0,0.00000,3
0.4366,4.4518,2.5740,11.3474,-2.2107,0.0074,-0.3126,0,0,0,0.00000,3
0.5183,4.9327,2.3377,11.3984,-0.0464,0.0019,-0.4469,0,0,0,0.00000,3
0.3833,4.1855,2.7593,13.0399,-2.7889,0.0316,-1.6472,0,1,1,1.78765,1
0.4763,4.4088,2.3933,11.5479,-0.7933,0.0548,-0.5969,0,0,0,0.00000,1
0.5213,5.2013,2.3784,12.1196,1.9197,0.0576,-1.2773,0,1,0,0.73652,1
0.3306,3.6307,2.8690,11.7768,-2.2229,0.0849,-0.5830,0,1,0,0.46987,1
0.5362,5.4779,2.3702,11.3697,-1.1856,0.0564,-0.5069,0,0,0,0.00000,3
0.3733,3.8609,2.7133,11.3677,2.9853,0.0076,-0.2638,0,0,0,0.00000,1
0.3397,3.7299,2.8515,11.9009,2.4644,0.0497,-0.6422,0,1,0,0.42183,1
0.6435,6.0528,2.0577,12.1027,-0.9660,0.0216,-1.5435,0,1,0,0.73626,1
0.4916,4.9436,2.4479,11.8167,2.0764,0.0165,-0.8368,0,0,1,0.36191,3
0.3509,3.8209,2.8191,12.7645,-2.9233,0.0650,-1.3386,0,1,0,1.33791,1
0.4324,4.5042,2.6063,11.9317,1.2582,0.0098,-0.8099,0,0,1,0.35264,1
0.4503,4.3180,2.4801,11.2567,-0.9813,0.0265,-0.2702,0,0,0,0.00000,1
0.3777,4.0362,2.7440,11.8048,1.8901,0.0515,-0.6477,0,1,0,0.23626,1
0.5044,5.2460,2.4567,11.4245,-2.5038,0.0290,-0.4888,0,0,0,0.00000,3
0.3894,4.1114,2.7067,11.4499,-2.9891,0.0855,-0.4325,0,0,0,0.00000,3
0.4233,4.6142,2.6768,12.0169,2.9721,0.0686,-0.9416,0,1,0,0.53848,3
0.4572,4.4875,2.4915,12.0390,2.2787,0.0608,-1.0327,0,0,2,1.23602,1
0.3946,4.0476,2.6625,12.8082,-2.3381,0.0420,-1.5100,0,1,0,0.76459,1
0.4271,4.2220,2.5581,11.5060,-2.2735,0.1136,-0.5601,0,0,0,0.00000,1
0.5030,5.1838,2.4500,12.9393,-2.7330,0.0037,-2.0301,0,0,1,1.53599,1
0.4657,4.9904,2.5703,12.6649,1.3021,0.0327,-1.6353,1,1,1,1.24034,1
0.5492,5.4323,2.3105,11.4118,1.6243,0.0448,-0.5539,0,0,0,0.00000,1
0.3376,3.6658,2.8414,12.9306,-2.8472,0.0684,-1.4210,0,1,0,1.33400,1
0.4974,5.0044,2.4367,12.8891,-0.4616,0.0105,-1.9610,0,1,2,1.96928,1
0.4510,4.5085,2.5234,11.3639,1.8903,0.0090,-0.3439,0,0,0,0.00000,3
0.4420,4.3275,2.5185,11.3478,-1.8394,0.0299,-0.3442,0,0,0,0.00000,3
0.5529,5.5963,2.3250,11.8067,0.9779,0.0341,-0.9782,0,0,1,0.30421,3
0.5224,5.1299,2.3603,11.9135,-2.5762,0.0151,-0.9999,0,0,1,0.44766,1
0.5376,5.0453,2.2849,11.7718,-0.3374,0.0488,-0.9248,0,0,1,0.34014,1
0.4134,4.0828,2.5834,11.4346,-0.7539,0.0111,-0.3619,0,0,0,0.00000,1
0.5230,4.9486,2.3225,11.4385,0.7219,0.0147,-0.5085,0,0,0,0.00000,3
0.5421,5.1562,2.2881,11.4407,-0.0396,0.0549,-0.5862,0,0,0,0.00000,1
0.3878,4.2106,2.7438,12.8661,-2.7627,0.0608,-1.5632,0,1,2,1.74034,1
0.4981,4.9160,2.4152,11.2588,-0.0344,0.0194,-0.3096,0,0,0,0.00000,1
0.3988,4.1329,2.6667,11.4889,3.0599,0.0396,-0.4208,0,0,0,0.00000,3
0.4156,4.4058,2.6600,11.9815,-2.6111,0.0545,-0.8741,0,1,0,0.57517,3
0.4410,4.4077,2.5433,12.6495,1.0345,0.0112,-1.4914,1,1,0,0.65489,1
0.4334,4.5082,2.6027,11.3451,1.5254,0.0193,-0.3212,0,0,0,0.00000,1
0.6128,5.8585,2.1406,11.6675,-0.5752,0.0587,-0.9686,0,0,0,0.00000,3
0.3982,4.2876,2.7130,12.1385,3.0155,0.0402,-0.9456,0,1,0,0.20372,3
0.5279,4.8968,2.2935,12.2902,0.8432,0.0414,-1.4584,1,2,0,0.91284,1
0.4856,5.3535,2.5594,11.3356,-1.6173,0.0229,-0.3745,0,0,0,0.00000,0
0.3923,4.3248,2.7529,12.4782,-3.1129,0.0944,-1.2927,0,1,0,1.22190,0
0.3814,4.0861,2.7401,11.7442,2.9542,0.0558,-0.6128,0,0,1,0.15832,3
0.5971,6.0419,2.2264,11.7388,0.7214,0.0154,-0.9689,0,0,1,0.30211,3
0.4255,4.3114,2.5889,11.4163,-3.0953,0.0278,-0.3811,0,0,0,0.00000,3
0.3662,3.8229,2.7382,11.9215,2.5343,0.0983,-0.7735,0,1,0,0.67538,3
0.4317,4.3703,2.5758,12.9989,-1.4150,0.0004,-1.7690,0,1,2,2.13701,1
0.4422,4.1913,2.4833,11.4800,2.7443,0.0141,-0.4385,0,0,0,0.00000,1
0.4826,5.2130,2.5435,12.5810,-2.4533,0.0489,-1.6368,0,1,0,0.33574,1
0.4614,4.8423,2.5561,13.1466,0.1459,0.0011,-2.0561,1,1,0,1.96829,1
0.3578,3.8918,2.8045,11.8241,-2.4313,0.1614,-0.7611,0,1,0,0.36739,3
0.4332,4.3379,2.5605,12.2510,-2.6895,0.0150,-1.1021,0,1,0,0.86070,1
0.3979,4.1744,2.6829,11.5102,-1.6764,0.0504,-0.4492,0,0,0,0.00000,1
0.5134,5.5005,2.4685,11.3028,-3.0125,0.0311,-0.3830,0,0,0,0.00000,3
0.3558,3.9115,2.8217,13.0072,-2.9643,0.0364,-1.5063,0,0,1,1.74996,1
0.4023,4.0864,2.6367,11.3338,2.7281,0.0362,-0.2996,0,0,0,0.00000,3
0.4534,4.6986,2.5584,11.9433,1.6226,0.0182,-0.8779,1,1,0,0.44612,3
0.4690,4.4748,2.4388,11.8711,0.9881,0.0005,-0.8192,0,0,1,0.52949,1
0.5263,4.8925,2.2987,11.3589,1.8214,0.0181,-0.4359,0,0,0,0.00000,1
0.4450,4.3538,2.5123,11.5799,-1.4225,0.0090,-0.5233,0,1,0,0.18956,3
0.4574,5.0002,2.6100,12.2070,2.9759,0.0022,-1.1146,0,0,1,0.78355,1
0.4495,4.3717,2.4967,12.6918,-0.9624,0.0072,-1.5567,1,1,0,1.29023,1
0.4831,4.8214,2.4573,12.9408,-1.4080,0.0083,-1.9507,0,1,1,1.75041,1
0.4832,5.2242,2.5430,11.2992,2.4440,0.0784,-0.4015,0,0,0,0.00000,3
0.4778,4.7043,2.4541,11.3025,2.9508,0.0078,-0.3162,0,0,0,0.00000,3
0.4356,4.3518,2.5533,12.0528,-1.3660,0.0039,-0.9152,0,0,1,0.54615,1
0.4283,4.4769,2.6186,11.2632,1.2435,0.0123,-0.2407,0,0,0,0.00000,1
0.3649,3.8312,2.7476,11.2520,3.1118,0.0316,-0.2014,0,0,0,0.00000,3
0.3973,3.9915,2.6333,11.3851,2.6934,0.0369,-0.3351,0,0,0,0.00000,3
0.3983,4.2690,2.7072,11.7764,-3.0964,0.1160,-0.7437,0,0,1,0.56121,1
0.4826,4.4972,2.3879,11.4735,0.7593,0.0874,-0.5754,0,0,0,0.00000,1
0.4374,4.7350,2.6401,12.1159,-1.6840,0.0199,-1.0002,0,1,0,0.86908,1
0.6007,5.7722,2.1719,11.5223,-0.0922,0.0723,-0.7895,0,0,0,0.00000,1
0.4391,4.3281,2.5315,11.2728,1.7004,0.0720,-0.3260,0,0,0,0.00000,3
0.4038,4.3452,2.7009,11.4582,2.0795,0.0488,-0.4140,0,0,0,0.00000,1
0.4350,4.6081,2.6204,11.4762,2.0046,0.0244,-0.4397,0,0,0,0.00000,3
0.5211,4.7154,2.2834,11.4019,-1.4762,0.0172,-0.4710,0,0,0,0.00000,1
0.4177,4.2892,2.6192,11.7449,-3.0357,0.0720,-0.6983,0,0,1,0.40419,1
0.3923,4.0636,2.6786,11.3789,1.5786,0.0750,-0.3688,0,0,0,0.00000,1
0.4326,4.2173,2.5320,11.3909,-2.2341,0.0324,-0.3732,0,0,0,0.00000,3
0.3711,4.0518,2.7834,12.2672,-3.0341,0.0602,-1.0044,0,0,0,0.00000,3
0.5799,5.6123,2.2239,11.3867,0.4095,0.0141,-0.5305,0,0,0,0.00000,3
0.4376,4.2207,2.5108,11.2824,1.0853,0.0448,-0.3014,0,0,0,0.00000,1
0.3820,4.0323,2.7212,12.6387,-2.9912,0.0648,-1.3510,0,1,0,0.49583,1
0.4856,5.1739,2.5222,11.3911,-0.9965,0.0295,-0.4338,0,0,0,0.00000,1
0.4383,4.5812,2.5984,11.5966,-3.1324,0.0829,-0.6185,0,0,0,0.00000,1
0.3838,4.1076,2.7341,12.2095,2.5494,0.0207,-0.9391,0,1,0,0.87260,1
0.4534,4.8199,2.5867,11.3646,2.8732,0.0445,-0.3891,0,0,0,0.00000,3
0.3590,3.9174,2.8061,12.9333,-2.4251,0.0221,-1.4368,0,1,0,1.59281,1
0.5749,5.5276,2.2288,11.5258,0.8743,0.0226,-0.6890,0,0,0,0.00000,3
0.4814,4.8819,2.4779,11.7379,-2.8294,0.0184,-0.7425,0,0,3,0.96023,1
0.5099,5.1105,2.4069,11.5717,-1.6408,0.0573,-0.6770,0,0,0,0.00000,3
0.3977,4.0853,2.6584,12.0950,1.9957,0.0363,-0.9026,0,0,2,0.59768,3
0.4384,4.7804,2.6465,13.2511,2.8707,0.0552,-2.1519,0,1,0,1.81693,1
0.4059,4.4278,2.7133,12.2348,2.7075,0.1353,-1.1787,0,1,0,0.85144,1
0.4623,4.3594,2.4394,11.2613,-1.8150,0.0012,-0.2559,0,0,0,0.00000,3
0.4202,4.1048,2.5582,11.4142,-2.7858,0.0559,-0.4058,0,0,0,0.00000,1
0.5482,5.0063,2.2374,11.4303,-0.5810,0.0988,-0.6366,0,0,0,0.00000,1
0.4932,5.2793,2.5108,11.3791,-1.7039,0.0482,-0.4537,0,0,0,0.00000,3
0.5949,6.0211,2.2319,11.4638,-0.0684,0.0469,-0.6814,0,0,0,0.00000,1
0.4331,4.6940,2.6502,11.4357,-2.3374,0.0010,-0.3761,0,0,0,0.00000,1
0.3820,3.9064,2.6835,12.6777,-2.9740,0.0128,-1.3026,0,1,0,1.40279,1
0.3714,4.0110,2.7691,12.9400,2.7537,0.0559,-1.5507,1,1,0,1.45513,1
0.4991,5.0409,2.4371,12.3328,-0.6362,0.0116,-1.3739,0,1,0,0.82849,1
0.3691,4.0288,2.7871,12.2112,3.0315,0.0764,-0.9767,0,0,2,1.00823,3
0.4390,4.3657,2.5415,12.4487,1.9063,0.0294,-1.3230,1,1,0,0.96700,1
0.3991,4.0274,2.6354,11.7441,1.7302,0.0163,-0.5946,0,0,0,0.00000,1
0.3587,3.8970,2.8015,12.3698,-2.7809,0.1357,-1.1553,0,0,2,0.83558,1
0.3712,3.8432,2.7187,11.5776,-3.0746,0.0055,-0.4108,0,0,1,0.20640,0
0.3659,3.9618,2.7833,11.3225,-3.1307,0.1295,-0.3620,0,0,0,0.00000,3
0.5609,5.7211,2.3150,12.2665,-0.8178,0.0163,-1.4996,0,0,1,1.05439,1
0.4665,4.3921,2.4297,11.8557,-1.2284,0.0600,-0.8777,0,1,0,0.39282,1
0.4179,4.1606,2.5836,11.8762,1.8100,0.0128,-0.7343,0,0,2,0.50253,3
0.3812,4.0789,2.7390,12.7785,-2.7946,0.0197,-1.3953,0,1,0,1.70245,1
0.3638,3.8230,2.7504,13.0575,-2.7124,0.0918,-1.6812,0,1,0,1.88734,1
0.3806,4.1043,2.7493,11.8818,-2.0619,0.0215,-0.6751,0,1,2,0.92139,1
0.4335,4.3702,2.5672,11.7422,0.8592,0.0003,-0.6348,0,1,0,0.41341,1
0.4169,4.1143,2.5758,11.9223,-2.8757,0.0136,-0.7719,0,0,1,0.54763,3
0.4294,4.3105,2.5706,11.4018,-2.3785,0.0392,-0.3869,0,0,0,0.00000,3
0.4276,4.3578,2.5913,12.2723,1.5981,0.0150,-1.1056,0,1,0,0.94104,1
0.4972,5.0941,2.4560,12.0468,-0.6805,0.0304,-1.0998,0,0,1,0.30401,1
0.4041,4.2475,2.6730,11.3660,-2.4949,0.0008,-0.2863,0,0,0,0.00000,1
0.3579,3.9371,2.8186,12.0829,2.7758,0.0613,-0.8292,0,0,1,0.77661,3
0.4773,4.9365,2.5073,11.9829,-2.3624,0.0015,-0.9486,0,1,0,0.33690,3
0.5462,5.2269,2.2853,11.4168,0.4603,0.0668,-0.5811,0,0,0,0.00000,1
0.5381,5.6573,2.3951,11.2655,1.0538,0.0329,-0.3740,0,0,0,0.00000,1
0.4098,4.1229,2.6113,11.8474,2.8990,0.0785,-0.7782,0,1,0,0.41121,1
0.3976,4.3521,2.7341,12.8520,-2.7283,0.0179,-1.5211,0,0,2,1.36223,1
0.5025,5.3021,2.4760,11.7277,-1.8033,0.0338,-0.7931,0,0,1,0.17440,3
0.4527,4.4281,2.4969,11.3195,-2.4782,0.0008,-0.2973,0,0,0,0.00000,3
0.4371,4.2577,2.5226,11.9453,1.5868,0.0292,-0.8564,0,0,1,0.15987,3
0.5401,5.6497,2.3857,11.5422,-2.3536,0.0134,-0.6423,0,1,0,0.27651,3
0.3857,4.1882,2.7478,12.9677,-2.1746,0.0374,-1.6047,0,1,1,1.69723,1
0.4702,4.5037,2.4402,12.3286,-1.2647,0.0066,-1.2707,0,1,1,0.87194,1
0.4735,4.5978,2.4478,12.0333,1.8455,0.0380,-1.0361,0,0,2,0.68609,1
0.6165,6.1232,2.1654,11.5978,-0.8015,0.0588,-0.8921,0,0,0,0.00000,3
0.4824,4.5715,2.4054,12.0617,0.3403,0.0081,-1.0437,0,0,1,0.54628,1
0.3498,3.7460,2.8004,12.1042,-2.5900,0.0558,-0.8184,0,1,0,0.49529,3
0.4071,4.0888,2.6143,11.4572,-1.6943,0.0311,-0.3961,0,0,0,0.00000,3
0.4922,4.9762,2.4523,11.4165,0.1800,0.0015,-0.4322,0,0,0,0.00000,3
0.4940,5.2999,2.5116,11.3715,-2.2995,0.0212,-0.4159,0,0,0,0.00000,3
0.3480,3.7664,2.8170,11.6852,-2.8789,0.0392,-0.4936,0,1,0,0.38262,1
0.5112,5.5714,2.4917,11.4471,-2.5947,0.0486,-0.5446,0,0,0,0.00000,3
0.3760,3.8924,2.7095,11.3642,3.0536,0.0611,-0.3249,0,0,0,0.00000,3
0.4539,4.5612,2.5236,11.5270,-2.2629,0.0230,-0.5073,0,0,0,0.00000,3
0.3707,4.0432,2.7830,11.7916,-2.5048,0.1202,-0.7093,0,1,0,0.28347,3
0.4901,4.7267,2.4081,11.3410,-0.7358,0.0266,-0.3868,0,0,0,0.00000,3
0.3350,3.6952,2.8663,11.3701,-2.3382,0.1140,-0.3484,0,0,0,0.00000,0
0.6644,6.1910,2.0017,11.5225,-0.4069,0.1318,-0.9740,0,0,0,0.00000,3
0.3888,4.0316,2.6868,12.5685,-1.5561,0.0266,-1.2572,1,2,0,0.80470,1
0.4245,4.5179,2.6468,11.4307,-2.5553,0.0090,-0.3705,0,0,0,0.00000,1
0.4998,5.3112,2.4892,12.2426,1.9660,0.0279,-1.3072,0,1,0,0.71561,3
0.4673,4.8609,2.5343,11.5559,-2.8470,0.0141,-0.5431,0,0,1,0.20695,3
0.4173,4.3770,2.6445,12.1083,2.7397,0.0568,-0.9910,0,1,0,0.94805,3
0.5024,4.5837,2.3282,11.4475,-0.6986,0.0291,-0.5062,0,0,0,0.00000,3
0.4359,4.4045,2.5652,11.2633,-1.5620,0.0239,-0.2604,0,0,0,0.00000,3
0.4144,4.1028,2.5843,12.2698,2.0769,0.0322,-1.0896,0,1,0,0.91762,1
0.5004,5.0588,2.4352,11.3059,-1.8003,0.0650,-0.4104,0,0,0,0.00000,3
0.3865,3.9274,2.6673,12.3873,-2.2215,0.0718,-1.1650,0,1,0,0.96828,1
0.5888,5.6348,2.1944,11.4605,0.8431,0.0399,-0.6579,0,0,0,0.00000,3
0.4880,4.4312,2.3515,11.5619,0.8714,0.0814,-0.6610,0,0,0,0.00000,3
0.4862,4.5692,2.3895,11.2742,0.7840,0.0030,-0.2924,0,0,0,0.00000,3
0.5112,5.5301,2.4837,11.6884,-1.2789,0.0390,-0.7767,0,0,0,0.00000,1
0.4989,4.9585,2.4207,11.6325,2.5735,0.0209,-0.6743,0,0,0,0.00000,1
0.3377,3.7285,2.8622,11.6835,3.0639,0.1484,-0.6068,0,1,0,0.48698,2
0.4534,4.8251,2.5879,11.4458,-1.5319,0.0084,-0.4185,0,0,0,0.00000,1
0.5472,5.1016,2.2589,11.3689,0.2333,0.0317,-0.4884,0,0,0,0.00000,3
0.3465,3.7485,2.8194,12.2611,2.7492,0.0449,-0.9106,0,0,1,0.77352,3
0.4767,4.9270,2.5077,11.3138,2.1645,0.0193,-0.3396,0,0,0,0.00000,3
0.3470,3.7898,2.8308,11.5871,2.5216,0.0387,-0.4233,0,1,0,0.24540,1
0.5402,5.0989,2.2849,11.4442,0.4244,0.0249,-0.5504,0,0,0,0.00000,3
0.4657,4.9157,2.5535,11.2930,-2.5586,0.0851,-0.3850,0,0,0,0.00000,1
0.4927,4.9152,2.4376,11.9700,0.9199,0.0241,-1.0014,0,1,0,0.53000,1
0.4920,4.9217,2.4419,11.4777,0.4040,0.0266,-0.5199,0,0,0,0.00000,1
0.3835,4.1936,2.7606,12.5449,-2.7544,0.0115,-1.1978,0,1,1,1.21314,1
0.3603,3.9567,2.8117,11.3240,-2.6809,0.0614,-0.2814,0,0,0,0.00000,1
0.3842,4.2025,2.7599,11.7809,2.7557,0.1932,-0.8165,0,0,1,0.41698,1
0.4385,4.2469,2.5136,11.3280,0.9386,0.0097,-0.3003,0,0,0,0.00000,1
0.3899,4.1530,2.7164,11.4256,-2.7669,0.0561,-0.3804,0,0,0,0.00000,3
0.4085,4.1940,2.6367,12.4894,2.3261,0.0166,-1.2410,0,0,1,1.27324,1
0.3572,3.7963,2.7771,11.3700,2.9600,0.1127,-0.3689,0,0,0,0.00000,3
0.4761,4.9111,2.5069,12.3964,-1.9293,0.0278,-1.3911,0,1,1,0.96362,1
0.3923,3.9723,2.6521,11.3442,1.3532,0.0064,-0.2637,0,0,0,0.00000,1
0.3509,3.8676,2.8344,12.1955,2.8901,0.2235,-1.1142,0,1,1,0.71277,0
0.3304,3.6204,2.8667,12.6048,-2.5462,0.0668,-1.1443,0,1,0,1.26963,1
0.5626,5.2691,2.2308,11.3654,-0.6338,0.0820,-0.5653,0,0,0,0.00000,3
0.3684,3.9395,2.7630,11.3798,-2.1635,0.0176,-0.2792,0,0,0,0.00000,1
0.4135,4.2601,2.6311,11.5397,-1.8995,0.0061,-0.4412,0,1,0,0.24633,1
0.4196,4.3764,2.6331,11.8192,-2.0359,0.0343,-0.7178,0,1,0,0.47402,3
0.5430,5.5076,2.3487,11.5385,-0.1712,0.0065,-0.6334,0,0,1,0.32847,3
0.4638,4.9091,2.5605,13.1112,-1.3460,0.0257,-2.0765,0,1,0,1.95900,1
0.3703,3.9038,2.7419,11.3786,2.3873,0.0452,-0.3116,0,0,0,0.00000,3
0.4370,4.8032,2.6589,11.3613,-1.6796,0.0257,-0.3465,0,0,0,0.00000,1
0.3735,4.0724,2.7767,11.6504,2.7151,0.0343,-0.5027,0,1,0,0.41765,1
0.4140,4.2154,2.6165,11.5276,-2.5448,0.1005,-0.5445,0,0,0,0.00000,1
0.5162,5.5000,2.4565,11.9370,2.2570,0.0695,-1.0854,0,0,1,0.40522,1
0.4182,4.2159,2.5974,12.9925,2.8637,0.0372,-1.7691,1,1,4,1.68684,1
0.4462,4.5409,2.5526,11.5285,2.6369,0.0369,-0.5146,0,0,0,0.00000,3
0.4216,4.6355,2.6906,11.6986,2.1826,0.0441,-0.6320,0,0,1,0.26279,1
0.4631,4.4688,2.4621,11.5156,-1.0668,0.0284,-0.5162,0,0,0,0.00000,3
0.4227,4.4228,2.6308,13.0079,2.3498,0.0143,-1.7635,0,1,1,0.93312,1
0.5526,5.4298,2.2971,11.6355,-1.2358,0.0504,-0.8084,0,0,0,0.00000,3
0.4722,4.4822,2.4271,12.1788,2.2534,0.0154,-1.1422,0,0,1,0.62625,1
0.4787,4.4135,2.3847,11.2648,-0.8239,0.0364,-0.3148,0,0,0,0.00000,3
0.3731,3.9803,2.7510,12.6957,-2.6815,0.0717,-1.3772,0,0,0,0.00000,1
0.5068,5.4256,2.4819,11.5418,2.1385,0.0314,-0.6119,0,0,0,0.00000,3
0.3613,3.9696,2.8105,11.3523,3.0809,0.0800,-0.3233,0,0,0,0.00000,3
0.5334,5.4630,2.3787,11.3883,-0.9417,0.0013,-0.4572,0,0,0,0.00000,3
0.5917,5.4784,2.1590,11.9131,0.6863,0.0542,-1.2135,0,0,1,0.39581,1
0.5852,5.8020,2.2346,11.4863,-1.6913,0.0238,-0.6632,0,0,0,0.00000,1
0.5994,5.7728,2.1768,11.9994,0.1344,0.0364,-1.3148,0,0,1,0.61807,1
0.5841,5.6759,2.2185,11.5545,-0.9494,0.0045,-0.7143,0,0,0,0.00000,1
0.3548,3.9183,2.8294,11.6043,2.1801,0.0731,-0.4872,0,0,0,0.00000,0
0.3832,4.2243,2.7710,13.1485,3.0514,0.0156,-1.7134,0,0,3,1.71417,0
0.6128,5.7866,2.1299,11.6588,0.9536,0.0230,-0.9109,0,0,0,0.00000,1
0.4727,4.4556,2.4188,11.3944,-0.5298,0.0595,-0.4549,0,0,0,0.00000,1
0.4763,4.3537,2.3807,11.3879,-0.4233,0.0314,-0.4193,0,0,0,0.00000,3
0.4932,4.6650,2.3822,11.8420,-2.6645,0.0038,-0.8462,0,0,1,0.42526,1
0.5130,4.8266,2.3373,12.0830,1.6728,0.0382,-1.1864,0,0,1,0.47182,1
0.4927,5.4220,2.5422,11.9136,2.2948,0.0220,-0.9451,0,0,0,0.00000,3
0.4344,4.5505,2.6085,12.6584,-3.0327,0.0023,-1.4631,0,1,0,0.84859,1
0.4186,4.2354,2.6008,11.4210,2.6230,0.0441,-0.3959,0,0,0,0.00000,3
0.3525,3.8472,2.8191,11.4460,2.9860,0.2669,-0.5951,0,0,0,0.00000,1
0.3529,3.8181,2.8074,12.4809,-2.8598,0.0727,-1.1348,0,1,0,1.21592,1
0.4044,4.0751,2.6232,11.6251,-0.9672,0.0007,-0.4896,0,1,0,0.36531,1
0.4998,5.4035,2.5075,11.5248,2.0866,0.0111,-0.5600,0,0,0,0.00000,3
0.4537,4.4819,2.5054,12.0230,2.3940,0.0373,-0.9771,0,0,1,0.40498,1
0.4975,4.5615,2.3428,12.0985,0.8675,0.0034,-1.1112,0,1,0,0.46072,1
0.3480,3.8034,2.8295,11.9670,2.9598,0.0919,-0.7602,0,1,0,0.45433,3
0.5045,5.0046,2.4076,11.3080,-0.7214,0.0095,-0.3519,0,0,0,0.00000,3
0.4366,4.2473,2.5220,12.2621,-2.9861,0.0146,-1.1207,0,1,0,1.01552,1
0.4619,4.2843,2.4230,12.5794,-0.1183,0.0136,-1.5006,1,1,1,0.59409,1
0.4930,5.4144,2.5395,12.8405,2.8783,0.0588,-1.9737,0,1,0,1.45968,1
0.3725,3.8751,2.7218,11.8709,-2.6532,0.0032,-0.6269,0,0,1,0.45265,1
0.5429,5.6520,2.3748,12.0219,-0.4300,0.0005,-1.1494,0,1,0,0.51983,3
0.5193,4.7612,2.2996,11.3071,0.5563,0.0083,-0.3641,0,0,0,0.00000,3
0.3589,3.9379,2.8131,11.8405,-1.9799,0.0657,-0.6565,0,1,0,0.55490,1
0.3919,4.0360,2.6726,12.8357,-2.4814,0.0324,-1.5072,0,0,0,0.00000,1
0.5235,4.8572,2.3024,11.3377,1.8034,0.0027,-0.3930,0,0,0,0.00000,1
0.4890,4.4872,2.3600,12.0500,0.2086,0.0160,-1.0587,0,1,0,0.67736,1
0.4947,4.6845,2.3802,11.4196,-1.9270,0.0379,-0.4805,0,0,0,0.00000,1
0.4178,4.3823,2.6431,11.9067,-2.3086,0.0102,-0.7576,0,0,1,0.13948,3
0.3465,3.7878,2.8327,12.5520,2.3443,0.0253,-1.0988,0,1,1,1.13958,1
0.4265,4.6438,2.6694,13.2248,-2.2330,0.0091,-1.9802,1,1,0,1.59276,1
0.5106,5.5696,2.4938,13.2278,2.9508,0.0277,-2.4413,0,1,1,1.89263,1
0.5096,5.3171,2.4490,11.5020,0.9735,0.0353,-0.5805,0,0,0,0.00000,1
0.5253,4.9690,2.3174,12.6300,1.2818,0.0215,-1.8007,0,0,1,1.39334,1
0.4965,5.2113,2.4829,11.5628,-2.9849,0.0229,-0.6057,0,0,0,0.00000,3
0.4861,4.6543,2.4085,11.3669,2.6168,0.0059,-0.3821,0,0,0,0.00000,1
0.4756,4.6272,2.4460,11.2668,-1.2736,0.0213,-0.2969,0,0,0,0.00000,3
0.4117,4.0803,2.5904,11.9501,2.2251,0.0326,-0.8092,0,0,1,0.69349,3
0.4726,5.0008,2.5417,12.0113,-1.6118,0.0071,-0.9730,0,1,0,0.46594,1
0.3981,4.2671,2.7077,12.1619,2.4484,0.1214,-1.0751,0,0,2,0.71734,1
0.5467,5.4459,2.3228,11.4319,1.5595,0.0342,-0.5592,0,0,0,0.00000,3
0.4637,4.5178,2.4710,11.5047,2.0202,0.0342,-0.5142,0,0,0,0.00000,3
0.3828,4.1908,2.7637,11.6421,-2.4098,0.0312,-0.5071,0,1,0,0.23532,1
0.4295,4.5990,2.6435,11.3726,-1.6516,0.0285,-0.3509,0,0,0,0.00000,1
0.3639,3.9599,2.7935,12.7164,-3.0002,0.1275,-1.4458,0,0,1,1.38940,1
0.4539,4.9297,2.6100,12.4871,-3.0393,0.0277,-1.4087,0,1,0,0.22964,1
0.3730,3.9802,2.7514,11.8208,-2.1708,0.0762,-0.6818,0,1,0,0.46555,3
0.3915,4.2828,2.7455,12.8825,1.9331,0.0310,-1.5440,0,1,0,1.63102,1
0.4889,4.9905,2.4692,11.5015,2.3160,0.0133,-0.5228,0,0,0,0.00000,3
0.4508,4.3727,2.4916,12.0803,0.8966,0.0361,-1.0215,0,1,0,0.45989,1
0.4420,4.2655,2.5030,11.4674,-0.7643,0.0139,-0.4276,0,0,0,0.00000,1
0.6061,5.9684,2.1817,12.2365,-1.5870,0.0353,-1.6289,0,0,1,0.33884,1
0.4833,4.3670,2.3557,11.2711,-0.8471,0.0158,-0.3009,0,0,0,0.00000,3
0.4057,4.4634,2.7238,11.7165,-2.5923,0.0848,-0.6690,0,1,0,0.32187,3
0.4376,4.6703,2.6233,11.2830,1.9182,0.0245,-0.2796,0,0,0,0.00000,1
0.5665,5.2259,2.2091,11.7244,-0.4635,0.0942,-0.9900,0,0,0,0.00000,1
0.3776,3.8928,2.7015,11.2739,-3.1174,0.0928,-0.2957,0,0,0,0.00000,3
0.4660,4.3238,2.4157,11.6818,-1.4539,0.0181,-0.6591,0,0,2,0.86954,3
0.4394,4.3147,2.5268,11.7961,2.3153,0.0137,-0.7090,0,0,1,0.32522,3
0.4218,4.5640,2.6714,11.9437,-2.5952,0.0498,-0.8495,0,1,0,0.61766,3
0.3696,4.0365,2.7867,12.1536,-2.6319,0.1715,-1.0602,0,1,0,0.78056,1
0.4089,4.1962,2.6357,11.3579,-1.4638,0.0555,-0.3474,0,0,0,0.00000,1
0.4557,4.6595,2.5388,12.9073,1.6484,0.0009,-1.7853,0,0,1,1.51710,1
0.4283,4.4534,2.6124,11.4848,2.9837,0.0315,-0.4463,0,0,0,0.00000,3
0.5128,5.1354,2.3999,11.3500,0.7255,0.0236,-0.4191,0,0,0,0.00000,1
0.5221,5.0160,2.3393,11.9444,-1.7390,0.0373,-1.0613,0,1,0,0.26621,1
0.4845,4.7423,2.4344,11.3935,-2.3424,0.0244,-0.4273,0,0,0,0.00000,1
0.4489,4.3411,2.4919,11.4500,-2.1682,0.0087,-0.4153,0,0,0,0.00000,3
0.4340,4.5842,2.6190,12.4193,-2.2177,0.0250,-1.2740,1,2,0,0.81966,1
0.3334,3.6587,2.8628,12.9005,3.0030,0.0501,-1.3506,0,1,0,1.06935,1
0.5439,5.5475,2.3519,11.4376,0.2246,0.0317,-0.5590,0,0,0,0.00000,1
0.4444,4.2482,2.4882,11.2904,-1.6207,0.0223,-0.2888,0,0,0,0.00000,3
0.3929,4.2706,2.7350,12.7451,1.8941,0.0191,-1.4115,0,0,2,1.10000,1
0.4872,5.1675,2.5139,11.4894,2.7734,0.0320,-0.5320,0,0,0,0.00000,3
0.4681,4.6200,2.4757,11.4613,-1.1098,0.0160,-0.4592,0,0,0,0.00000,3
0.5059,4.6970,2.3385,11.4696,1.8431,0.0324,-0.5370,0,0,0,0.00000,1
0.5068,5.0273,2.4027,11.8642,-2.0176,0.0092,-0.9065,0,0,1,0.22969,3
0.4678,4.3351,2.4109,11.4490,1.3933,0.0004,-0.4277,0,0,0,0.00000,3
0.4071,4.1843,2.6408,11.6200,-3.0941,0.0732,-0.5778,0,1,0,0.27723,1
0.4334,4.4942,2.5994,12.2173,-1.8888,0.0022,-1.0552,0,1,0,0.21149,1
0.4246,4.2411,2.5745,11.4166,-2.8056,0.0138,-0.3638,0,0,0,0.00000,3
0.4442,4.6124,2.5792,11.8706,-0.7577,0.0071,-0.7775,0,1,0,0.50915,1
0.3491,3.8383,2.8349,13.0257,2.9271,0.0415,-1.5003,0,0,1,1.74716,1
0.4526,4.4337,2.4988,12.0134,-1.0002,0.0059,-0.9227,0,0,1,0.40898,1
0.5440,4.9821,2.2485,12.4303,1.2730,0.0017,-1.6055,0,1,1,1.01397,1
0.4653,4.3824,2.4323,11.9854,2.0380,0.0146,-0.9373,0,0,1,0.58063,1
0.4743,4.6906,2.4656,12.5001,-1.2026,0.0264,-1.4869,0,0,2,0.62664,1
0.4849,5.1259,2.5150,12.1437,2.0972,0.0440,-1.1855,0,0,1,0.54915,3
0.3760,3.9932,2.7398,12.9058,-2.0296,0.0296,-1.4976,1,1,0,1.33402,1
0.4569,4.9666,2.6046,12.4288,-2.7611,0.0998,-1.4679,0,1,0,1.33105,1
0.3437,3.7517,2.8360,11.3755,2.4422,0.0954,-0.3397,0,0,0,0.00000,3
0.5028,5.4750,2.5090,11.9584,2.3307,0.0460,-1.0453,0,1,0,0.60175,3
0.4278,4.4385,2.6109,12.3404,2.1238,0.0608,-1.2341,0,1,0,0.86711,1
0.4087,4.1237,2.6168,11.2937,1.3211,0.0400,-0.2785,0,0,0,0.00000,1
0.4453,4.2397,2.4823,11.4284,2.0684,0.0312,-0.4184,0,0,0,0.00000,1
0.4637,4.3535,2.4322,11.4583,-0.4262,0.0400,-0.4785,0,0,0,0.00000,1
0.3585,3.8367,2.7831,12.6926,3.1207,0.0875,-1.3449,0,1,2,1.48336,1
0.5039,5.0800,2.4250,11.6733,1.7270,0.0353,-0.7419,0,0,1,0.32155,3
0.4123,4.2707,2.6395,11.2748,1.5595,0.0602,-0.2899,0,0,0,0.00000,1
0.4996,5.0426,2.4354,11.4981,0.2768,0.0086,-0.5290,0,0,0,0.00000,1
0.4547,4.6183,2.5334,12.4546,-2.6591,0.0131,-1.3563,0,1,0,1.02285,1
0.3955,4.3075,2.7321,11.7880,-2.9967,0.0622,-0.6810,0,1,0,0.39904,3
0.3520,3.8388,2.8194,11.3973,2.4879,0.0397,-0.2998,0,0,0,0.00000,1
0.5397,5.4213,2.3462,11.5359,-0.9788,0.0324,-0.6571,0,0,0,0.00000,3
0.5455,5.5033,2.3377,11.2919,-0.5549,0.0497,-0.4285,0,0,0,0.00000,1
0.5020,5.1472,2.4468,11.4242,2.8387,0.0043,-0.4558,0,0,0,0.00000,3
0.5055,5.3138,2.4657,12.4448,-2.7926,0.0080,-1.5095,0,1,0,1.12530,1
0.3943,4.0944,2.6776,13.0706,3.1310,0.0354,-1.7309,0,0,1,1.55827,1
0.3931,4.0715,2.6770,12.0570,1.8156,0.0440,-0.8705,0,1,0,0.64922,1
0.4168,4.3868,2.6491,12.1192,-2.9008,0.0812,-1.0325,0,0,1,0.61488,1
0.4415,4.2163,2.4929,11.9327,-0.7766,0.0262,-0.8506,0,1,0,0.53730,1
0.3846,3.9846,2.6936,11.8646,2.5396,0.0048,-0.6481,0,1,0,0.62892,1
0.4058,4.0925,2.6217,11.4812,-1.5632,0.0184,-0.3985,0,0,0,0.00000,1
0.4999,5.2185,2.4701,11.4456,1.3919,0.0373,-0.5134,0,0,0,0.00000,3
0.4026,4.0069,2.6126,11.4325,1.5124,0.0210,-0.3592,0,0,0,0.00000,1
0.5798,5.4390,2.1958,11.3334,0.1612,0.0424,-0.5041,0,0,0,0.00000,3
0.4790,4.8263,2.4759,11.3486,0.3460,0.0046,-0.3565,0,0,0,0.00000,1
0.4271,4.2254,2.5591,12.5171,-2.2032,0.0067,-1.3117,0,1,0,0.27201,1
0.3273,3.6043,2.8788,12.2173,-2.2916,0.0608,-0.8489,0,1,1,0.63127,0
0.4152,4.3512,2.6473,11.4934,-2.3131,0.0652,-0.4761,0,0,0,0.00000,3
0.5887,5.9837,2.2498,12.3526,0.5750,0.0210,-1.6991,0,0,1,0.75517,1
0.5286,5.4803,2.4016,11.4312,-2.2454,0.0009,-0.4945,0,0,0,0.00000,3
0.4191,4.1813,2.5839,11.7373,-2.0206,0.0108,-0.6175,0,1,0,0.41221,3
0.4323,4.1677,2.5204,11.3362,-2.7367,0.0439,-0.3403,0,0,0,0.00000,1
0.4200,4.3003,2.6115,11.8364,-1.1080,0.0113,-0.7034,0,1,0,0.30303,1
0.4524,4.7184,2.5673,12.3814,2.4376,0.0024,-1.2637,0,0,1,1.07373,1
0.4090,4.1767,2.6296,11.4367,-2.9492,0.0225,-0.3722,0,0,0,0.00000,3
0.4906,5.2438,2.5151,11.5527,0.5018,0.0016,-0.5612,0,0,0,0.00000,1
0.5495,5.1940,2.2670,11.5491,-1.6520,0.0633,-0.7240,0,0,0,0.00000,1
0.4637,4.4107,2.4458,11.3732,-2.0632,0.0197,-0.3781,0,0,0,0.00000,1
0.4542,4.4780,2.5025,11.7324,2.7977,0.0038,-0.6675,0,1,0,0.24417,3
0.3739,4.0695,2.7739,11.5651,2.1546,0.1155,-0.5356,0,0,0,0.00000,3
0.4430,4.7683,2.6222,11.4739,2.1822,0.0208,-0.4442,0,0,0,0.00000,3
0.4401,4.5317,2.5779,11.4033,-2.9635,0.0112,-0.3682,0,0,0,0.00000,3
0.4540,4.9403,2.6120,12.6410,1.9755,0.0195,-1.5471,0,0,3,1.22611,1
0.3895,4.0245,2.6812,11.7644,-2.7034,0.1252,-0.7295,0,1,0,0.36970,1
0.4199,4.1449,2.5705,11.2966,0.8007,0.0203,-0.2686,0,0,0,0.00000,1
0.3777,3.9203,2.7093,11.6412,-2.5762,0.0695,-0.5443,0,0,1,0.28919,3
0.5023,5.1944,2.4551,11.4480,-1.3927,0.0231,-0.5019,0,0,0,0.00000,3
0.4001,4.0962,2.6498,12.6857,-1.6511,0.0273,-1.3995,0,1,0,1.43634,1
0.5224,5.0919,2.3529,11.3403,1.8611,0.0325,-0.4307,0,0,0,0.00000,1
0.4510,4.6497,2.5577,12.4454,1.9986,0.0171,-1.3415,0,1,0,1.27858,1
0.4865,4.4598,2.3638,11.6311,0.4162,0.0255,-0.6555,0,0,1,0.29286,3
0.3857,4.2119,2.7549,12.2710,-2.6467,0.0526,-1.0383,0,1,0,1.00649,3
0.4998,5.0075,2.4273,12.2360,-3.0328,0.0142,-1.2786,0,0,1,0.54503,1
0.5591,5.3114,2.2515,11.6073,0.7085,0.0308,-0.7629,0,0,0,0.00000,3
0.3944,4.0315,2.6591,11.4385,-1.6729,0.0591,-0.3988,0,0,0,0.00000,1
0.3613,3.8293,2.7656,13.1886,2.7305,0.0038,-1.6219,1,1,0,0.77685,1
0.4825,4.4924,2.3871,11.3462,2.2962,0.0179,-0.3724,0,0,0,0.00000,1
0.3957,4.0438,2.6563,11.4633,-1.8984,0.0293,-0.3849,0,0,0,0.00000,1
0.5783,5.3142,2.1807,11.5492,0.9533,0.0508,-0.7550,0,0,0,0.00000,3
0.4821,5.2145,2.5461,11.7269,1.4085,0.0402,-0.7621,0,1,0,0.40887,1
0.5071,4.6013,2.3136,12.1039,0.5199,0.0796,-1.2520,0,0,1,0.47811,1
0.4503,4.8482,2.6076,12.2662,2.6847,0.0247,-1.1810,0,0,1,0.82369,3
0.3797,4.0868,2.7487,12.2426,2.7831,0.0209,-0.9550,0,0,1,0.71681,1
0.5014,4.6656,2.3495,11.5487,1.2317,0.0076,-0.5776,0,1,0,0.22300,3
0.4242,4.4203,2.6232,11.7956,2.3278,0.0757,-0.7587,0,0,1,0.45129,3
0.4193,4.3769,2.6346,12.2127,1.5342,0.0141,-1.0291,0,1,0,0.56063,1
0.4555,4.3625,2.4687,11.8782,-2.0529,0.0264,-0.8317,0,1,0,0.32437,1
0.5740,5.8649,2.2875,11.5411,1.1163,0.0291,-0.7149,0,0,0,0.00000,3
0.4200,4.3839,2.6332,12.6612,-2.5100,0.0172,-1.4357,0,0,2,1.36777,1
0.4072,4.2885,2.6689,11.6182,2.5925,0.0968,-0.6050,0,0,0,0.00000,3
0.4986,4.8054,2.3900,11.4654,-2.2043,0.0003,-0.4848,0,0,0,0.00000,3
0.4209,4.4123,2.6366,11.4815,-2.6925,0.0931,-0.5065,0,0,0,0.00000,1
0.5927,5.6671,2.1853,11.8430,-1.4597,0.0097,-1.0724,0,1,0,0.42667,1
0.4960,4.9443,2.4297,11.6936,-2.1408,0.0042,-0.7083,0,1,0,0.23146,3
0.4389,4.6442,2.6113,11.7170,1.5814,0.0188,-0.6465,0,1,0,0.19390,1
0.3697,4.0556,2.7920,11.3236,2.9680,0.0380,-0.2634,0,0,0,0.00000,1
0.4558,4.2749,2.4464,12.5834,-1.2563,0.0121,-1.4806,0,0,1,1.00545,1
0.4633,4.5881,2.4892,11.4483,1.8764,0.0152,-0.4402,0,0,0,0.00000,3
0.3740,4.0381,2.7640,12.0013,-2.4775,0.0544,-0.7955,0,0,2,0.94837,3
0.4090,4.0883,2.6054,11.3550,2.7759,0.0410,-0.3285,0,0,0,0.00000,3
0.5218,5.5953,2.4512,11.4388,-0.7806,0.0151,-0.5108,0,0,0,0.00000,1
0.3695,3.8586,2.7319,11.2817,2.6483,0.0133,-0.2056,0,0,0,0.00000,1
0.4807,4.6643,2.4330,11.7876,-0.5816,0.0423,-0.8186,0,0,1,0.46453,1
0.4677,4.6724,2.4898,11.3719,-0.7880,0.0226,-0.3857,0,0,0,0.00000,1
0.4991,4.8895,2.4056,11.9372,-1.4738,0.0070,-0.9599,0,0,2,0.46950,3
0.5129,5.2088,2.4138,12.8325,0.9670,0.0421,-2.0197,0,0,2,1.82675,1
0.6544,5.9364,2.0040,11.6798,-0.4266,0.0581,-1.0640,0,0,0,0.00000,1
0.4359,4.2110,2.5160,11.3248,-0.8757,0.0578,-0.3504,0,0,0,0.00000,1
0.4037,4.2850,2.6851,13.0779,2.3463,0.0394,-1.7874,0,1,1,1.59359,1
0.5333,5.1465,2.3205,11.3307,0.0908,0.0300,-0.4305,0,0,0,0.00000,3
0.4204,4.4906,2.6593,11.3438,3.0765,0.0610,-0.3545,0,0,0,0.00000,3
0.4403,4.7567,2.6319,11.4641,2.9893,0.1229,-0.5523,0,0,0,0.00000,1
0.5166,4.8754,2.3331,11.6434,0.1274,0.0501,-0.7512,0,0,0,0.00000,1
0.4001,4.0747,2.6440,11.4820,2.9083,0.0922,-0.4789,0,0,0,0.00000,1
0.4292,4.1521,2.5302,12.7682,2.6701,0.0241,-1.5797,0,0,1,1.25749,1
0.4495,4.4231,2.5095,12.4761,-2.6630,0.0259,-1.3781,0,0,1,1.23973,1
0.4110,4.2090,2.6293,11.3230,-2.5498,0.0541,-0.3201,0,0,0,0.00000,3
0.4551,4.2481,2.4426,11.2363,-1.6945,0.0373,-0.2690,0,0,0,0.00000,3
0.4026,4.3732,2.7146,11.8807,2.7745,0.0616,-0.7699,0,1,0,0.28151,3
0.4141,4.4099,2.6685,11.3859,-3.0884,0.1470,-0.4812,0,0,0,0.00000,1
0.4551,4.6300,2.5347,12.1170,3.1340,0.0084,-1.0296,0,1,0,0.66337,3
0.4191,4.4433,2.6533,12.6784,-2.8470,0.0295,-1.4674,0,1,0,1.58719,1
0.3846,4.0120,2.7021,12.9303,-3.0649,0.0548,-1.5971,0,1,0,1.77114,1
0.3936,4.0762,2.6759,11.2971,-2.2903,0.0659,-0.2969,0,0,0,0.00000,3
0.4077,4.4790,2.7182,12.2726,2.0789,0.0255,-1.0649,0,0,1,0.85493,1
0.3703,3.8497,2.7253,11.4596,-2.7756,0.1054,-0.4401,0,0,0,0.00000,3
0.4114,4.1631,2.6149,11.6625,2.9483,0.0846,-0.6336,0,0,1,0.16438,1
0.4054,4.3147,2.6849,11.3200,2.2863,0.0296,-0.2847,0,0,0,0.00000,3
0.4400,4.7476,2.6311,12.5780,2.5674,0.0769,-1.5227,0,1,0,1.37064,1
0.4411,4.3774,2.5353,11.8635,2.1938,0.0408,-0.8074,1,0,2,0.70845,3
0.4422,4.4529,2.5489,11.7216,-0.9696,0.0290,-0.6684,0,1,0,0.24202,1
0.3855,4.2069,2.7542,12.4575,-2.8840,0.0288,-1.1576,0,1,1,1.28484,3
0.4480,4.2763,2.4796,11.4032,-1.0160,0.0408,-0.4113,0,0,0,0.00000,1
0.5026,5.4042,2.4959,12.9477,-1.5294,0.0210,-2.0700,0,0,1,1.43356,1
0.4718,5.0132,2.5481,12.8433,-2.8351,0.0065,-1.7996,0,1,0,1.24706,1
0.5464,5.2853,2.2953,12.5175,1.5029,0.0123,-1.7348,0,0,2,1.29794,1
0.5135,5.1342,2.3968,12.1797,-1.2333,0.0256,-1.2748,0,0,1,0.50467,1
0.4980,4.6201,2.3533,11.2195,-2.5705,0.0044,-0.2540,0,0,0,0.00000,1
0.4020,4.3639,2.7150,13.1411,2.1754,0.0379,-1.8351,0,1,1,1.90382,1
0.4121,4.2673,2.6397,11.2885,1.6278,0.0105,-0.2443,0,0,0,0.00000,1
0.5550,5.2610,2.2580,11.8982,-0.7597,0.0835,-1.1503,0,0,1,0.29059,1
0.3836,3.9819,2.6982,12.2576,-2.6011,0.1004,-1.0882,0,0,0,0.00000,1
0.5312,4.8295,2.2679,11.5327,-0.8586,0.0002,-0.5975,0,0,0,0.00000,1
0.4247,4.5408,2.6517,11.4327,-2.8783,0.0696,-0.4430,0,0,0,0.00000,3
0.5017,5.1824,2.4551,12.0200,2.3327,0.0078,-1.0531,0,0,1,0.41737,3
0.5443,5.7284,2.3827,12.6257,1.2929,0.0211,-1.8725,0,0,2,1.25698,1
0.5177,5.4032,2.4318,12.3840,-0.0037,0.0081,-1.4844,0,1,0,0.86346,1
0.4816,5.2454,2.5547,11.5397,-2.6075,0.1386,-0.7004,0,0,0,0.00000,1
0.5068,5.3988,2.4768,13.1109,2.1038,0.0453,-2.3187,1,1,0,1.69064,1
0.4353,4.6338,2.6250,12.8366,-2.9417,0.0605,-1.7316,0,0,1,1.60899,1
0.4935,5.1721,2.4877,11.3123,-1.1963,0.0063,-0.3413,0,0,0,0.00000,1
0.4344,4.3986,2.5706,12.0597,-2.2462,0.0195,-0.9399,0,1,0,0.76990,3
0.4124,4.0533,2.5801,12.7514,1.9564,0.0092,-1.4739,0,1,1,1.19745,1
0.4843,4.9026,2.4700,11.4642,1.3421,0.0056,-0.4717,0,0,0,0.00000,3
0.5030,5.2982,2.4728,12.1282,0.0766,0.0082,-1.1693,0,1,0,0.18336,1
0.5103,4.7508,2.3321,12.3920,-0.4148,0.0207,-1.4828,0,1,1,1.20053,1
0.3325,3.6352,2.8597,12.1316,2.9469,0.2097,-0.9991,0,0,1,0.54738,1
0.5157,5.5449,2.4672,11.6130,-2.9303,0.0657,-0.7405,0,0,0,0.00000,1
0.4483,4.5184,2.5380,11.4046,-0.8378,0.0210,-0.3902,0,0,0,0.00000,1
0.4389,4.5990,2.5999,11.5671,1.9449,0.0232,-0.5216,0,0,0,0.00000,3
0.4664,4.5267,2.4614,11.5370,2.0545,0.0967,-0.6238,0,0,0,0.00000,1
0.4897,4.9380,2.4548,11.4441,0.8699,0.0534,-0.5168,0,0,0,0.00000,1
0.4355,4.4505,2.5787,11.8000,-1.8751,0.0055,-0.6952,0,0,1,0.40965,3
0.3995,4.2552,2.6973,11.5390,-2.7284,0.1117,-0.5468,0,0,0,0.00000,1
0.3598,3.9117,2.8001,11.7796,-2.6253,0.1105,-0.6683,0,1,0,0.47015,3
0.4340,4.2623,2.5376,11.4843,2.2921,0.0606,-0.4874,0,0,0,0.00000,1
0.4495,4.5496,2.5399,11.4438,-1.1958,0.0040,-0.4059,0,0,0,0.00000,1
0.4762,4.7058,2.4612,11.3561,-0.3801,0.0321,-0.3919,0,0,0,0.00000,1
0.4427,4.8565,2.6445,13.2364,1.6856,0.0172,-2.0879,0,1,0,0.59803,1
0.4740,4.8063,2.4929,11.9139,0.8154,0.0266,-0.9070,0,0,1,0.51415,1
0.4870,4.9521,2.4691,12.0053,-1.4087,0.0257,-1.0258,0,0,1,0.26457,3
0.4753,4.3994,2.3952,12.0405,-1.0836,0.0135,-1.0121,0,0,1,0.72062,1
0.3897,4.0259,2.6808,11.6590,-2.4751,0.0381,-0.5388,0,1,0,0.42484,3
0.4296,4.3844,2.5886,11.2859,2.7000,0.0201,-0.2692,0,0,0,0.00000,3
0.5939,5.8665,2.2116,11.2923,1.0275,0.0316,-0.4636,0,0,0,0.00000,3
0.3491,3.7247,2.7973,12.3299,-2.9010,0.1118,-1.0625,0,1,0,0.77404,1
0.3544,3.8627,2.8135,12.4992,-2.3554,0.0484,-1.1187,1,1,0,0.54655,1
0.3542,3.8342,2.8053,12.7065,-2.2460,0.0388,-1.2647,0,0,2,1.49193,1
0.5143,5.5920,2.4821,12.8920,-2.9266,0.0201,-2.0581,0,1,1,1.37457,1
0.4959,4.6105,2.3596,11.3819,0.2486,0.0154,-0.4185,0,0,0,0.00000,3
0.5647,5.6996,2.2964,12.2891,2.0134,0.0308,-1.5591,0,1,0,0.95249,1
0.4875,5.1417,2.5070,11.3600,2.5325,0.0706,-0.4547,0,0,0,0.00000,1
0.4348,4.6586,2.6337,11.4968,-1.7065,0.0092,-0.4391,0,0,0,0.00000,1
0.5939,5.7420,2.1925,11.6388,0.7135,0.0163,-0.8436,0,0,0,0.00000,3
0.3603,3.9153,2.7984,11.5436,3.0327,0.1896,-0.5878,0,0,0,0.00000,1
0.4021,4.4355,2.7343,11.4509,-2.8176,0.1983,-0.5798,0,0,0,0.00000,0
0.4802,5.3018,2.5728,11.3398,2.8980,0.0180,-0.3667,0,0,0,0.00000,2
0.3432,3.7386,2.8348,11.5237,2.9823,0.1470,-0.5008,0,0,0,0.00000,3
0.3988,4.3334,2.7227,11.4882,2.8703,0.1238,-0.5192,0,0,0,0.00000,3
0.5055,5.1874,2.4402,11.3813,-1.0910,0.0490,-0.4714,0,0,0,0.00000,1
0.4240,4.6140,2.6739,12.6883,1.9569,0.0099,-1.4648,0,1,1,0.54203,1
0.4788,4.9723,2.5086,12.6246,-1.1874,0.0411,-1.6557,0,1,0,1.42548,1
0.4463,4.5830,2.5624,11.3356,-1.0784,0.0242,-0.3323,0,0,0,0.00000,1
0.4087,4.3795,2.6863,11.4532,-2.4697,0.0671,-0.4372,0,0,0,0.00000,3
0.3687,4.0630,2.7996,11.6819,-3.1296,0.1165,-0.6174,0,1,0,0.27466,2
0.5172,5.1319,2.3813,12.0166,-1.8738,0.0031,-1.0803,0,1,0,0.72315,3
0.3883,4.0693,2.7000,12.9784,2.7658,0.0083,-1.5755,1,1,1,1.37817,1
0.6075,5.9214,2.1694,11.5176,0.2750,0.0023,-0.7078,0,0,0,0.00000,1
0.4170,4.2357,2.6081,12.2626,2.7064,0.0627,-1.1345,0,0,1,0.78400,1
0.5455,5.0473,2.2550,12.3781,0.4789,0.0164,-1.5747,1,1,0,1.13261,1
0.5761,5.2826,2.1835,11.3367,-0.5547,0.0122,-0.4662,0,0,0,0.00000,1
0.3296,3.6357,2.8767,13.0556,3.1372,0.0684,-1.4828,0,1,1,1.99113,0
0.4579,4.7385,2.5476,11.8681,2.6730,0.0099,-0.8076,0,0,1,0.54662,3
0.4330,4.6307,2.6352,11.8022,-2.8865,0.0267,-0.7200,0,0,0,0.00000,3
0.3415,3.7492,2.8479,11.3722,-2.7913,0.0843,-0.3227,0,0,0,0.00000,3
0.3944,4.0953,2.6774,11.4428,-1.8526,0.0309,-0.3695,0,0,0,0.00000,1
0.4646,4.8219,2.5371,11.7044,-2.3823,0.0742,-0.7501,0,0,1,0.17749,1
0.5592,5.6223,2.3050,12.4124,1.7052,0.0029,-1.6443,0,1,0,0.91948,1
0.4469,4.4942,2.5382,11.4705,-2.3693,0.0424,-0.4711,0,0,0,0.00000,3
0.4559,4.8718,2.5876,12.4470,2.7332,0.0162,-1.3589,0,0,1,0.91868,1
0.5383,4.9765,2.2689,11.5121,-0.0845,0.0623,-0.6649,0,0,0,0.00000,1
0.4253,4.1480,2.5467,11.4568,-3.0528,0.0157,-0.3997,0,0,0,0.00000,3
0.4134,4.1630,2.6054,11.5972,-1.6821,0.0503,-0.5408,0,0,1,0.24770,3
0.5049,5.3364,2.4724,11.4839,-1.1744,0.0291,-0.5484,0,0,0,0.00000,1
0.4057,4.3780,2.7007,11.3943,-2.2232,0.0312,-0.3452,0,0,0,0.00000,1
0.5485,5.6324,2.3487,11.5637,-2.0627,0.0750,-0.7546,0,0,0,0.00000,1
0.3782,4.0456,2.7442,11.8754,-2.5685,0.1183,-0.7876,0,1,0,0.41013,3
0.5009,5.2148,2.4653,11.3997,3.1275,0.0261,-0.4567,0,0,0,0.00000,1
0.5091,4.8543,2.3580,12.2942,-0.0100,0.0102,-1.3593,0,0,1,0.75948,1
0.4077,4.0947,2.6132,11.9536,-2.5630,0.0584,-0.8373,0,1,0,0.75253,1
0.5175,4.9316,2.3405,11.6501,1.9875,0.0335,-0.7390,0,0,0,0.00000,1
0.3636,3.8271,2.7528,11.9914,3.0992,0.0531,-0.7628,0,1,0,0.59667,3
0.4485,4.3975,2.5076,11.4554,3.1008,0.0030,-0.4128,0,0,0,0.00000,3
0.5034,5.3770,2.4869,11.4934,-3.0126,0.0092,-0.5320,0,0,0,0.00000,3
0.3973,4.1410,2.6760,11.4160,2.1410,0.0298,-0.3511,0,0,0,0.00000,3
0.4966,4.7517,2.3870,11.3311,-1.1028,0.0495,-0.4115,0,0,0,0.00000,3
0.5252,5.4629,2.4125,12.0246,-1.0769,0.0615,-1.1904,0,1,0,0.60005,1
0.4297,4.2339,2.5495,11.5043,-2.3481,0.0243,-0.4553,0,0,0,0.00000,3
0.3930,4.0487,2.6711,11.6515,-1.0481,0.0002,-0.4921,0,1,0,0.25365,1
0.4588,4.8897,2.5783,12.2930,-2.1789,0.0288,-1.2375,0,0,2,0.68471,3
0.4363,4.2435,2.5225,11.3406,-1.3258,0.0197,-0.3202,0,0,0,0.00000,3
0.4369,4.2764,2.5282,12.1472,-1.3904,0.0128,-1.0148,0,0,1,0.61762,1
0.4112,4.2014,2.6260,11.3538,2.9578,0.0012,-0.2843,0,0,0,0.00000,1
0.4473,4.5523,2.5507,11.4875,3.0199,0.0568,-0.5038,0,0,0,0.00000,1
0.3794,3.9480,2.7089,11.7138,-2.3612,0.0482,-0.5765,0,1,0,0.31199,3
0.4292,4.5632,2.6361,11.5111,-2.6520,0.0193,-0.4555,0,0,0,0.00000,3
0.3410,3.7119,2.8379,11.4166,2.2112,0.0932,-0.3623,0,0,0,0.00000,1
0.4321,4.2568,2.5448,11.2927,-1.8331,0.0017,-0.2557,0,0,0,0.00000,3
0.5552,5.6116,2.3187,11.2546,-2.8023,0.0042,-0.3467,0,0,0,0.00000,1
0.3972,4.3104,2.7241,11.7048,2.9137,0.1053,-0.6699,0,1,0,0.35287,3
0.5472,5.1082,2.2600,12.1872,-2.7883,0.0006,-1.3394,0,0,1,0.69604,1
0.3610,3.9782,2.8146,12.7173,-2.8475,0.0433,-1.3052,0,1,0,1.43937,0
0.4778,4.8412,2.4844,11.7319,-1.4368,0.0017,-0.7088,0,0,0,0.00000,3
0.4111,4.2380,2.6365,11.3328,-2.6896,0.0293,-0.2997,0,0,0,0.00000,3
0.4787,5.2450,2.5674,11.6299,3.0958,0.0407,-0.6638,0,0,0,0.00000,3
0.4713,4.5304,2.4418,11.4486,0.0045,0.0355,-0.4747,0,0,0,0.00000,1
0.4847,4.9140,2.4710,12.4914,-0.2314,0.0086,-1.4868,0,0,1,0.85348,1
0.4481,4.9083,2.6315,11.3596,2.8335,0.0256,-0.3573,0,0,0,0.00000,3
0.5054,4.7799,2.3577,11.6243,0.0131,0.0248,-0.6805,0,1,0,0.20852,1
0.6003,5.7889,2.1761,11.5660,1.5362,0.0207,-0.7753,0,0,0,0.00000,1
0.4334,4.4359,2.5845,12.3729,3.0830,0.0078,-1.2037,0,1,0,1.02912,1
0.4175,4.4474,2.6618,13.0284,2.8132,0.0236,-1.7762,1,1,0,1.64939,1
0.3997,4.0561,2.6405,12.6056,-2.5063,0.0048,-1.2929,1,2,0,1.27995,1
0.4530,4.5049,2.5140,11.5007,-2.9388,0.0239,-0.4837,0,0,0,0.00000,1
0.4238,4.3250,2.6001,11.3465,-1.5031,0.0451,-0.3418,0,0,0,0.00000,1
0.4478,4.3149,2.4900,11.9236,-2.2900,0.0033,-0.8261,0,0,1,0.54372,1
0.3715,3.9213,2.7412,12.1916,3.0185,0.1090,-1.0126,0,1,0,0.50794,1
0.5547,5.0879,2.2282,11.4589,-0.4764,0.0630,-0.6328,0,0,0,0.00000,3
0.4461,4.4335,2.5268,11.9323,2.1292,0.0077,-0.8367,0,1,0,0.68806,3
0.4390,4.5744,2.5936,11.9371,2.6938,0.0815,-0.9229,0,0,1,0.44957,1
0.3810,4.0998,2.7460,11.3901,2.3263,0.0289,-0.3127,0,0,0,0.00000,1
0.3741,4.0927,2.7800,11.7799,2.3593,0.0435,-0.6120,0,0,0,0.00000,1
0.4290,4.4133,2.5990,12.8536,-1.8666,0.0088,-1.6348,0,1,0,0.23621,1
0.5333,4.9469,2.2824,11.3362,0.8755,0.0411,-0.4486,0,0,0,0.00000,3
0.4858,4.7789,2.4371,11.3434,0.2379,0.0280,-0.3861,0,0,0,0.00000,1
0.4299,4.2323,2.5483,11.4042,0.4229,0.0021,-0.3459,0,0,0,0.00000,1
0.4866,4.4618,2.3637,12.3594,-0.3079,0.0185,-1.3688,1,1,0,0.72572,1
0.5304,5.5423,2.4057,11.4664,-2.3985,0.0610,-0.6058,0,0,0,0.00000,1
0.4045,4.3418,2.6968,12.4790,2.9532,0.0756,-1.3065,0,0,1,1.01305,1
0.5200,4.7853,2.3016,12.0686,0.3213,0.0480,-1.2028,0,0,1,0.68401,1
0.5085,5.1715,2.4249,11.4373,2.1603,0.0064,-0.4795,0,0,0,0.00000,3
0.4785,4.5255,2.4108,11.3354,1.7834,0.0212,-0.3621,0,0,0,0.00000,3
0.4098,4.0576,2.5933,11.8065,-1.4719,0.0392,-0.6936,0,0,1,0.48035,1
0.4132,4.4701,2.6886,11.9378,2.1560,0.0139,-0.7790,0,1,1,0.44392,1
0.4385,4.7115,2.6294,12.3174,2.4331,0.0284,-1.1992,0,1,0,0.52617,3
0.4038,4.0461,2.6181,11.7097,1.7740,0.0142,-0.5727,0,1,0,0.45402,1
0.5049,5.3376,2.4726,11.9966,-1.3916,0.0311,-1.0694,0,1,0,0.48858,3
0.3951,4.3399,2.7430,11.9143,2.8872,0.0160,-0.7239,0,0,1,0.31922,1
0.4043,4.3052,2.6879,13.2224,-2.1491,0.0142,-1.8776,1,1,1,1.86335,1
0.3366,3.6702,2.8486,12.9734,-2.7021,0.1118,-1.5223,0,1,0,1.72283,1
0.3999,4.0834,2.6471,12.2435,3.0427,0.0646,-1.0722,0,0,1,0.54204,1
0.4708,4.6223,2.4651,11.5233,-2.1035,0.0389,-0.5472,0,0,0,0.00000,1
0.5734,5.6731,2.2586,11.4939,-0.4559,0.0361,-0.6685,0,0,0,0.00000,3
0.4510,4.4184,2.5019,12.5869,2.4917,0.0155,-1.4739,0,1,1,1.06841,1
0.3560,3.8164,2.7902,11.6311,2.9708,0.0580,-0.4901,0,1,0,0.27016,3
0.4664,4.6418,2.4883,11.5951,2.6669,0.0397,-0.6080,0,0,0,0.00000,1
0.3512,3.8016,2.8115,13.1179,2.0421,0.0245,-1.5543,1,1,1,1.62133,1
0.4886,4.4170,2.3459,11.5268,-0.5422,0.0277,-0.5615,0,0,0,0.00000,3
0.5378,5.5347,2.3744,11.3583,0.7913,0.0369,-0.4740,0,0,0,0.00000,1
0.5021,5.0818,2.4330,11.3997,-3.1287,0.0124,-0.4415,0,0,0,0.00000,1
0.3612,3.8360,2.7687,13.1837,2.5689,0.0348,-1.6734,0,1,1,1.47255,1
0.4883,5.0053,2.4749,11.2330,2.4341,0.0448,-0.3055,0,0,0,0.00000,1
0.4728,4.9190,2.5232,11.2922,2.8414,0.0749,-0.3797,0,0,0,0.00000,1
0.3854,4.0348,2.7045,12.2383,-2.6164,0.0641,-1.0266,0,0,1,0.82610,3
0.3888,4.2827,2.7589,11.7331,2.6898,0.2313,-0.8324,0,0,1,0.25397,0
0.4858,4.6211,2.4025,11.7524,2.3533,0.0044,-0.7451,0,0,1,0.22162,1
0.4665,4.5207,2.4596,11.9511,-2.3161,0.0035,-0.8936,1,1,0,0.65135,1
0.5130,4.8073,2.3333,11.2987,-2.9242,0.0039,-0.3443,0,0,0,0.00000,1
0.4459,4.3297,2.5020,11.6261,-0.8511,0.0012,-0.5555,0,0,1,0.19381,3
0.3720,3.9452,2.7459,13.0540,2.0234,0.0284,-1.6031,2,1,2,1.51596,1
0.4084,4.3476,2.6792,12.5082,2.6803,0.0407,-1.2936,0,0,1,1.01611,1
0.4941,4.7408,2.3945,11.4111,0.2681,0.0232,-0.4542,0,0,0,0.00000,1
0.3592,3.8714,2.7902,11.5035,-3.1054,0.1261,-0.4826,0,0,0,0.00000,3
0.4507,4.6893,2.5683,11.4166,-2.7101,0.0781,-0.4709,0,0,0,0.00000,1
0.4206,4.2224,2.5878,11.7084,-1.7842,0.0361,-0.6276,0,1,0,0.34790,3
0.3332,3.6446,2.8593,12.2836,2.7996,0.0382,-0.8807,0,0,2,0.88635,1
0.4333,4.6347,2.6350,11.2957,-1.5063,0.0041,-0.2629,0,0,0,0.00000,1
0.4482,4.3647,2.5010,11.2674,-0.0025,0.0125,-0.2617,0,0,0,0.00000,1
0.4057,4.2086,2.6544,12.0690,-3.1293,0.0784,-0.9571,0,1,0,0.34264,1
0.4746,4.4589,2.4116,11.4635,1.9289,0.0206,-0.4745,0,0,0,0.00000,1
0.3675,3.8960,2.7542,12.3679,-2.2890,0.0578,-1.0707,0,1,0,1.04167,3
0.4414,4.6619,2.6038,11.4562,-1.2813,0.0211,-0.4270,0,0,0,0.00000,1
0.4386,4.4370,2.5612,11.3264,-1.2908,0.0265,-0.3189,0,0,0,0.00000,1
0.4094,4.4314,2.6971,12.4425,2.8807,0.1170,-1.3501,0,1,1,0.97618,1
0.4741,5.1131,2.5596,12.8433,3.0793,0.0056,-1.8085,0,0,1,1.44826,1
0.3738,4.0949,2.7820,11.4107,-3.0301,0.0253,-0.3160,0,0,0,0.00000,1
0.4221,4.1134,2.5519,11.4117,2.9609,0.0231,-0.3676,0,0,0,0.00000,3
0.5006,5.1860,2.4606,11.4272,3.0696,0.0303,-0.4880,0,0,0,0.00000,1
0.3486,3.8482,2.8412,11.4927,2.9903,0.1120,-0.4451,0,0,0,0.00000,2
0.5700,5.7122,2.2780,11.6079,-2.9319,0.0080,-0.7559,0,0,0,0.00000,1
0.4158,4.5719,2.7026,11.9038,2.5376,0.0231,-0.7682,0,1,0,0.62342,1
0.5404,4.8930,2.2455,11.3983,-0.1658,0.0457,-0.5270,0,0,0,0.00000,3
0.4644,4.3498,2.4284,11.5615,-2.1272,0.0321,-0.5638,0,0,0,0.00000,1
0.3753,3.9481,2.7297,13.1775,-2.3781,0.0061,-1.6831,1,1,2,2.03744,1
0.4725,4.8763,2.5146,11.8063,2.2981,0.0139,-0.7851,0,0,1,0.21559,3
0.4535,4.6643,2.5498,11.3806,-2.3416,0.0682,-0.4307,0,0,0,0.00000,1
0.3852,4.0341,2.7055,12.4893,3.0902,0.0483,-1.2113,1,1,0,1.12738,1
0.4712,4.4215,2.4172,11.4573,1.8601,0.0234,-0.4676,0,0,0,0.00000,1
0.4183,4.3052,2.6208,11.4347,3.0308,0.0833,-0.4526,0,0,0,0.00000,1
0.5073,5.5280,2.4998,12.2055,1.6134,0.0060,-1.2604,0,0,1,0.69462,1
0.4408,4.6030,2.5921,11.4852,-1.8344,0.0098,-0.4377,0,0,0,0.00000,1
0.4658,4.6744,2.4983,11.6793,-2.2258,0.0839,-0.7406,0,1,0,0.28218,1
0.4740,4.7986,2.4909,11.5248,1.0376,0.0729,-0.5949,0,0,0,0.00000,1
0.4827,5.3180,2.5651,11.3313,-2.5757,0.0457,-0.3936,0,0,0,0.00000,2
0.5205,5.0473,2.3518,12.1021,-2.7897,0.0007,-1.1745,0,0,1,0.52155,1
0.4395,4.4811,2.5683,13.0188,-2.9130,0.0259,-1.8692,1,1,1,1.13796,1
0.4334,4.3854,2.5718,12.0280,-2.4728,0.0357,-0.9311,0,1,0,0.52996,3
0.4101,4.0496,2.5893,11.9971,-2.3797,0.0098,-0.8147,0,0,2,0.62620,3
0.3953,4.3110,2.7339,11.4043,2.3367,0.0212,-0.3302,0,0,0,0.00000,1
0.3711,3.9218,2.7435,11.5166,-2.6330,0.1037,-0.4815,0,0,0,0.00000,3
0.4731,4.3566,2.3943,11.5865,-1.9186,0.0291,-0.5962,0,0,0,0.00000,1
0.4698,5.1571,2.5886,12.3842,2.1817,0.0005,-1.3208,0,1,0,0.75463,1
0.4338,4.6478,2.6355,12.8664,-2.0536,0.0167,-1.6817,0,0,2,1.08078,1
0.4626,4.3148,2.4275,11.3145,-1.3615,0.0215,-0.3265,0,0,0,0.00000,3
0.4591,4.4701,2.4792,11.5424,-1.3935,0.0653,-0.5796,0,0,0,0.00000,3
0.3342,3.6847,2.8675,11.3180,-2.8021,0.0562,-0.2486,0,0,0,0.00000,0
0.4225,4.2773,2.5934,11.6341,-2.6520,0.0392,-0.5723,0,1,0,0.25860,3
0.4598,4.7242,2.5357,11.3907,0.8646,0.0229,-0.3941,0,0,0,0.00000,1
0.4352,4.6345,2.6256,11.3262,-2.0085,0.0185,-0.3067,0,0,0,0.00000,1
0.4875,4.7545,2.4244,11.6191,1.5784,0.0518,-0.6799,0,0,0,0.00000,3
0.4627,4.3672,2.4398,11.3908,-2.4306,0.0168,-0.3891,0,0,0,0.00000,1
0.4424,4.6150,2.5879,11.3767,1.3192,0.0740,-0.4212,0,0,0,0.00000,1
0.4700,5.1210,2.5799,12.9923,-2.9937,0.0330,-1.9933,3,2,1,1.77229,1
0.4141,4.1609,2.6016,12.3192,2.9688,0.0039,-1.0911,0,1,1,0.86004,1
0.4228,4.1859,2.5682,12.0308,-2.5887,0.0064,-0.8683,0,0,1,0.58450,3
0.4040,4.3390,2.6982,11.5108,3.0196,0.1021,-0.5188,0,0,0,0.00000,3
0.3810,3.9221,2.6928,12.0946,-2.5059,0.0003,-0.8129,0,1,0,0.74115,1
0.3762,4.0822,2.7658,12.0403,2.3721,0.0932,-0.8816,0,0,1,0.61315,3
0.3513,3.8123,2.8145,12.2422,-2.5485,0.0196,-0.8751,0,0,1,0.87008,1
0.4399,4.6871,2.6170,11.4129,-1.3713,0.0428,-0.4133,0,0,0,0.00000,1
0.4134,4.0936,2.5865,12.2676,1.1952,0.0009,-1.0398,0,1,0,0.20929,1
0.4060,4.2655,2.6687,11.5573,2.1040,0.0574,-0.5061,0,0,0,0.00000,3
0.4080,4.3179,2.6732,11.4787,-3.0431,0.1166,-0.5150,0,0,0,0.00000,1
0.3756,3.9702,2.7353,11.4908,2.7513,0.0207,-0.3712,0,1,0,0.15128,1
0.5789,5.3514,2.1847,12.4145,-0.7873,0.0043,-1.7095,0,0,1,1.06608,1
0.4633,4.9235,2.5660,12.5804,-1.8660,0.0315,-1.5390,0,1,0,1.04725,1
0.4068,4.0821,2.6139,11.3711,2.7413,0.0441,-0.3425,0,0,0,0.00000,3
0.4000,4.2245,2.6865,12.8046,-2.3578,0.0360,-1.5182,0,0,2,0.53460,1
0.4468,4.2900,2.4883,11.7740,-3.0410,0.0010,-0.6869,0,1,0,0.24521,3
0.4462,4.5997,2.5671,11.2739,3.0382,0.0762,-0.3385,0,0,0,0.00000,1
0.5552,5.3737,2.2771,11.2676,-1.6945,0.0084,-0.3643,0,0,0,0.00000,1
0.4475,4.7536,2.5978,11.5091,-1.1340,0.0027,-0.4594,0,0,0,0.00000,1
0.4096,4.4729,2.7067,11.4481,2.5447,0.0790,-0.4483,0,0,0,0.00000,3
0.4383,4.3430,2.5390,11.8811,1.0119,0.0316,-0.8052,0,1,0,0.24728,1
0.4063,4.1340,2.6309,11.3039,2.7170,0.0020,-0.2412,0,0,0,0.00000,1
0.4837,4.5330,2.3916,11.3346,-2.7472,0.0135,-0.3578,0,0,0,0.00000,1
0.5427,5.0932,2.2741,12.1059,1.3737,0.0110,-1.2516,0,0,1,0.45196,1
0.4661,4.5643,2.4714,11.6904,-1.4603,0.0172,-0.6676,0,0,1,0.36046,3
0.4670,4.9226,2.5495,11.9282,1.5954,0.0068,-0.8800,0,1,0,0.57845,1
0.4812,5.0162,2.5077,11.4404,-1.8406,0.0694,-0.5214,0,0,0,0.00000,3
0.3630,3.9358,2.7904,11.5498,-3.0654,0.1847,-0.5905,0,0,0,0.00000,1
0.4071,4.1890,2.6422,11.4930,2.6426,0.0587,-0.4574,0,0,0,0.00000,3
0.4690,5.0847,2.5761,11.3239,2.9724,0.1297,-0.4683,0,0,0,0.00000,1
0.4377,4.5254,2.5873,11.9413,-1.8800,0.0190,-0.8420,0,0,1,0.45078,3
0.4880,4.7259,2.4162,11.4634,0.6219,0.0443,-0.5216,0,0,0,0.00000,1
0.5487,5.4490,2.3155,11.6720,0.7713,0.0269,-0.8116,0,0,1,0.22679,3
0.3922,4.3295,2.7550,13.1798,2.6092,0.0096,-1.7727,1,1,0,1.68219,0
0.4535,5.0082,2.6297,11.5051,-2.8903,0.1405,-0.6281,0,0,0,0.00000,0
0.4291,4.4254,2.6015,11.3064,-2.8083,0.0128,-0.2774,0,0,0,0.00000,3
0.3903,3.9588,2.6581,11.4123,-1.9345,0.0753,-0.3926,0,0,0,0.00000,3
0.5729,5.5262,2.2361,11.5000,0.7343,0.0433,-0.6827,0,0,0,0.00000,3
0.3410,3.7071,2.8365,12.6734,3.1001,0.1325,-1.3336,1,1,0,1.25952,1
0.4850,4.9844,2.4844,11.2837,1.7934,0.0203,-0.3214,0,0,0,0.00000,3
0.3875,4.2650,2.7605,11.8752,-3.0235,0.1331,-0.8248,0,1,0,0.55353,1
0.4651,5.0997,2.5974,11.9577,-0.7460,0.0003,-0.8962,0,1,0,0.58719,1
0.4720,4.9192,2.5266,11.4007,2.9949,0.0143,-0.4078,0,0,0,0.00000,3
0.5683,5.1684,2.1923,11.4653,-0.1119,0.0012,-0.5831,0,0,0,0.00000,1
0.4509,4.6868,2.5665,12.4163,-2.4370,0.0073,-1.2993,0,1,0,0.76862,1
0.5040,5.3788,2.4847,11.4830,-1.8813,0.0466,-0.5674,0,0,0,0.00000,3
0.5032,5.4730,2.5069,11.3949,-1.4490,0.0008,-0.4261,0,0,0,0.00000,1
0.4327,4.3802,2.5734,11.4290,-0.0209,0.0064,-0.3753,0,0,0,0.00000,1
0.3319,3.6470,2.8674,11.8256,-3.0436,0.2639,-0.8396,0,0,1,0.40975,1
0.4841,5.1257,2.5184,11.5423,-1.1165,0.0465,-0.5954,0,0,0,0.00000,1
0.4328,4.5487,2.6154,11.8043,-1.5249,0.0643,-0.7689,0,1,0,0.48439,1
0.3787,4.0846,2.7536,12.1223,-1.9731,0.0624,-0.9124,0,1,1,0.64597,1
0.3973,4.3862,2.7448,12.5097,3.1334,0.0375,-1.2532,0,1,1,1.33407,2
0.4507,4.4442,2.5095,11.3297,-1.9314,0.0538,-0.3655,0,0,0,0.00000,3
0.4616,4.4040,2.4530,11.2156,-0.6697,0.0247,-0.2423,0,0,0,0.00000,1
0.5728,5.7535,2.2743,11.8270,1.7924,0.0074,-1.0088,0,0,1,0.15012,1
0.4903,5.1112,2.4887,11.7357,2.3051,0.0033,-0.7389,0,1,0,0.18387,3
0.4402,4.6087,2.5965,12.5299,-2.8859,0.0020,-1.3630,0,0,2,1.31740,1
0.3743,3.9697,2.7416,12.9834,3.0722,0.0487,-1.5883,1,1,1,1.30875,1
0.4837,4.7621,2.4420,11.8515,-2.3994,0.0418,-0.8869,0,1,0,0.34268,1
0.4719,4.4982,2.4321,12.3410,-2.4036,0.0045,-1.2846,0,0,2,0.85826,1
0.4504,4.3242,2.4813,11.6240,-3.0850,0.0201,-0.5840,0,0,1,0.13576,1
0.4178,4.2269,2.6022,11.3765,-1.4937,0.0253,-0.3370,0,0,0,0.00000,1
0.3598,3.8416,2.7778,12.0451,2.7167,0.0903,-0.8433,0,1,0,0.62452,3
0.4598,5.0249,2.6047,12.7504,-1.8776,0.0399,-1.7111,0,1,0,1.46573,1
0.3378,3.6822,2.8460,11.3536,-2.5196,0.0407,-0.2578,0,0,0,0.00000,1
0.3987,4.3722,2.7341,11.8815,1.8230,0.0456,-0.7422,0,1,0,0.42215,1
0.4569,4.2552,2.4367,11.3516,-0.6044,0.0439,-0.3794,0,0,0,0.00000,0
0.4529,4.4463,2.5003,12.6921,0.8436,0.0188,-1.5892,0,1,1,1.22359,1
0.4419,4.2029,2.4875,11.4625,0.0766,0.0119,-0.4206,0,0,0,0.00000,1
0.4304,4.2284,2.5449,11.8413,-1.5582,0.0344,-0.7574,0,1,0,0.50767,3
0.3860,4.2266,2.7573,12.1775,3.0295,0.1251,-1.0608,0,1,0,0.89643,1
0.4723,4.9756,2.5375,11.4180,-2.1716,0.0289,-0.4414,0,0,0,0.00000,3
0.3446,3.7005,2.8138,12.9752,-2.6369,0.0771,-1.5013,1,1,1,1.79693,1
0.5161,5.0425,2.3681,11.4221,-1.6024,0.0111,-0.4793,0,0,0,0.00000,3
0.4060,4.0308,2.6034,11.3706,2.2933,0.0678,-0.3685,0,0,0,0.00000,3
0.4334,4.1616,2.5139,11.9552,-2.6048,0.0009,-0.8189,0,0,1,0.52707,1
0.4329,4.6054,2.6291,11.6368,2.6234,0.1070,-0.6745,0,0,0,0.00000,1
0.4264,4.3286,2.5892,11.3820,-2.3816,0.0111,-0.3345,0,0,0,0.00000,3
0.4387,4.2891,2.5233,12.4216,-3.0285,0.0275,-1.2936,0,2,0,0.63071,1
0.4947,5.0069,2.4483,11.4966,0.7918,0.0264,-0.5420,0,0,0,0.00000,1
0.4995,5.5032,2.5288,11.2900,-1.2872,0.0437,-0.3705,0,0,0,0.00000,0
0.5797,5.7571,2.2482,12.1884,-1.1529,0.0191,-1.4663,0,1,0,0.83658,1
0.3734,4.0088,2.7581,12.8204,3.1397,0.0452,-1.4407,0,1,1,1.37235,1
0.3687,3.8372,2.7294,11.3273,-2.7439,0.1199,-0.3575,0,0,0,0.00000,3
0.5229,5.1748,2.3669,11.4955,-1.1274,0.0422,-0.6008,0,0,0,0.00000,3
0.4362,4.5138,2.5912,11.4847,2.7735,0.0068,-0.4275,0,0,0,0.00000,3
0.6487,6.0325,2.0364,12.0296,0.4354,0.0574,-1.5129,1,1,0,0.60725,1
0.4362,4.4756,2.5818,11.3543,-2.9933,0.0783,-0.3998,0,0,0,0.00000,1
0.4028,4.4467,2.7337,11.8209,-2.7172,0.1191,-0.7929,0,1,0,0.40415,2
0.4746,4.3845,2.3948,11.5502,1.7238,0.0295,-0.5653,0,0,0,0.00000,1
0.4244,4.2924,2.5890,12.4990,1.2961,0.0372,-1.3333,0,1,0,1.27888,1
0.4065,4.2963,2.6743,11.3051,1.7345,0.0253,-0.2692,0,0,0,0.00000,1
0.5718,5.2465,2.1929,11.9015,1.0037,0.0149,-1.0978,0,0,1,0.34164,1
0.5240,5.2088,2.3689,11.4804,1.5620,0.0153,-0.5545,0,0,0,0.00000,3
0.3563,3.8419,2.7968,12.1243,-2.6057,0.1041,-0.9133,0,0,1,0.60926,3
0.3941,4.0200,2.6572,11.3161,-2.9741,0.0705,-0.3170,0,0,0,0.00000,1
0.4919,4.6403,2.3818,12.6485,0.9476,0.0099,-1.6756,0,0,2,1.48470,1
0.4096,4.3388,2.6709,11.6155,-2.4567,0.0896,-0.5979,0,0,0,0.00000,3
0.5523,5.0047,2.2221,11.9953,-1.0039,0.0030,-1.1395,0,0,2,0.78307,1
0.4459,4.6046,2.5693,11.4840,1.5283,0.0163,-0.4510,0,0,0,0.00000,1
0.4237,4.1922,2.5658,11.3304,1.8234,0.0143,-0.2928,0,0,0,0.00000,3
0.4317,4.1686,2.5234,11.2208,2.0667,0.0006,-0.1950,0,0,0,0.00000,3
0.3847,4.2049,2.7581,12.1828,-2.7754,0.0684,-0.9847,0,1,0,0.79522,3
0.3929,4.1799,2.7092,12.4781,-2.4135,0.1249,-1.3403,1,1,0,0.73391,1
0.5690,5.3613,2.2231,12.1071,-0.1554,0.0271,-1.3480,1,1,1,0.91782,1
0.4054,4.1473,2.6388,12.9582,2.5062,0.0527,-1.7083,0,1,0,1.77465,1
0.4418,4.7996,2.6351,12.6015,2.0934,0.0372,-1.4914,0,1,1,1.14198,1
0.5434,5.5939,2.3623,11.5742,1.2903,0.0233,-0.6934,0,0,0,0.00000,3
0.4885,4.6852,2.4054,11.4683,1.9449,0.0264,-0.5051,0,0,0,0.00000,1
0.4473,4.7283,2.5931,11.3181,-1.4919,0.0086,-0.3007,0,0,0,0.00000,1
0.4078,4.0570,2.6021,11.4374,2.1019,0.0049,-0.3505,0,0,0,0.00000,3
0.4534,4.3590,2.4769,11.2526,-0.6456,0.0092,-0.2498,0,0,0,0.00000,3
0.3923,4.1396,2.7005,12.9155,-2.9022,0.0079,-1.5375,0,1,0,1.67007,1
0.4307,4.5108,2.6158,12.7539,2.2933,0.0365,-1.5936,0,1,1,1.61134,1
0.5262,5.0131,2.3226,11.3157,-0.7070,0.0721,-0.4565,0,0,0,0.00000,1
0.4780,4.5282,2.4135,11.9091,-0.9291,0.0624,-0.9577,0,1,0,0.36974,1
0.4266,4.4609,2.6225,11.4085,2.9017,0.0698,-0.4251,0,0,0,0.00000,1
0.4240,4.1744,2.5593,11.9167,-0.9047,0.0140,-0.7829,0,0,1,0.40305,1
0.4575,4.2711,2.4383,11.3715,1.7789,0.0083,-0.3558,0,0,0,0.00000,3
0.4267,4.6675,2.6743,12.2687,-2.7481,0.0808,-1.1933,0,1,0,0.27769,3
0.3687,4.0707,2.8016,11.3832,2.8024,0.0466,-0.3151,0,0,0,0.00000,0
0.4179,4.5274,2.6810,12.8841,-2.5153,0.0666,-1.7144,1,0,1,1.12304,1
0.4925,5.0369,2.4640,12.5925,-0.0398,0.0068,-1.6174,1,0,0,0.58444,1
0.4871,5.3740,2.5572,11.4687,2.0950,0.0362,-0.5178,0,0,0,0.00000,2
0.4806,5.0602,2.5199,12.9725,-0.6378,0.0020,-1.9645,0,1,0,1.74106,1
0.4241,4.3679,2.6101,12.0536,2.3075,0.0696,-0.9769,0,0,1,0.37877,3
0.4967,4.8502,2.4072,12.8348,-2.2145,0.0073,-1.8917,0,1,2,1.65489,1
0.3704,3.9648,2.7604,12.7436,2.0714,0.0159,-1.3191,0,1,1,1.40753,1
0.4815,4.6980,2.4370,11.2711,2.8748,0.0125,-0.2966,0,0,0,0.00000,1
0.3992,4.1437,2.6677,12.9259,1.4599,0.0240,-1.6029,0,1,0,1.70895,1
0.3530,3.8628,2.8216,12.2585,-2.4802,0.0798,-0.9739,0,0,1,0.84506,3
0.5196,5.2077,2.3866,12.0482,0.5197,0.0328,-1.1610,0,0,1,0.47909,1
0.4160,4.2048,2.6045,11.3279,1.2209,0.0346,-0.3066,0,0,0,0.00000,1
0.4104,4.0964,2.6010,11.3843,2.3673,0.0058,-0.3126,0,0,0,0.00000,3
0.4888,5.2943,2.5334,11.4413,-0.8176,0.0011,-0.4521,0,0,0,0.00000,1
0.4775,4.3836,2.3828,11.5740,-1.1607,0.0223,-0.5828,0,0,0,0.00000,3
0.3616,3.8802,2.7805,11.3546,-3.0923,0.0939,-0.3410,0,0,0,0.00000,3
0.3566,3.7758,2.7734,11.3782,-2.7541,0.1526,-0.4195,0,0,0,0.00000,3
0.4077,4.2753,2.6630,12.6159,2.7114,0.0634,-1.4219,1,0,2,2.10699,1
0.4784,4.9523,2.5058,12.7676,2.3715,0.0406,-1.8037,0,0,1,1.38776,1
0.4471,4.6569,2.5765,11.6296,2.4081,0.1180,-0.7050,0,0,0,0.00000,1
0.4678,4.7080,2.4973,11.3571,2.4354,0.0300,-0.3811,0,0,0,0.00000,3
0.3881,4.1303,2.7188,11.3327,-3.1061,0.0119,-0.2578,0,0,0,0.00000,1
0.5266,5.1245,2.3423,11.6231,0.9867,0.0025,-0.6886,0,0,0,0.00000,3
0.3491,3.7297,2.7990,11.3135,-2.2392,0.1061,-0.3142,0,0,0,0.00000,3
0.5455,5.7141,2.3753,12.0185,1.5797,0.0156,-1.1732,0,0,1,0.59257,3
0.4261,4.6242,2.6660,11.9906,-2.1669,0.0593,-0.9127,0,1,0,0.53130,3
0.4462,4.4817,2.5381,11.2385,1.4253,0.0635,-0.2934,0,0,0,0.00000,3
0.4706,4.7747,2.5002,11.3254,-0.9475,0.0119,-0.3348,0,0,0,0.00000,1
0.4504,4.9061,2.6203,11.8421,-2.1221,0.0110,-0.7711,0,1,0,0.37158,1
0.4584,4.9147,2.5858,11.5582,-2.5821,0.0681,-0.5973,0,0,0,0.00000,3
0.4740,4.6012,2.4466,11.2955,-2.4493,0.0231,-0.3236,0,0,0,0.00000,1
0.4861,5.1841,2.5220,11.8246,1.6220,0.0276,-0.8490,0,0,1,0.46615,3
0.4423,4.5106,2.5627,11.3926,-1.2912,0.0069,-0.3566,0,0,0,0.00000,1
0.4989,5.1053,2.4512,11.9572,-3.1191,0.0038,-0.9768,0,1,0,0.25138,3
0.5100,4.7187,2.3269,11.4849,-1.8409,0.0293,-0.5541,0,0,0,0.00000,1
0.4966,4.8314,2.4037,11.3354,0.1181,0.0004,-0.3584,0,0,0,0.00000,3
0.4145,4.3466,2.6494,11.9401,3.0338,0.0104,-0.7788,0,1,0,0.64436,3
0.4060,4.1450,2.6353,11.4488,2.3776,0.0204,-0.3757,0,0,0,0.00000,3
0.4600,4.5632,2.4976,11.4461,2.6654,0.0382,-0.4614,0,0,0,0.00000,1
0.4639,4.9748,2.5746,12.3615,2.4075,0.0712,-1.3815,0,0,1,1.10644,1
0.4550,4.6798,2.5466,12.3763,2.1212,0.0069,-1.2732,0,1,0,1.12073,1
0.5110,4.6559,2.3100,11.2951,-0.2678,0.0355,-0.3753,0,0,0,0.00000,3
0.4352,4.4282,2.5743,11.7025,-2.9565,0.0512,-0.6671,0,1,0,0.22493,1
0.5575,5.0862,2.2174,11.3820,1.1703,0.0073,-0.4857,0,0,0,0.00000,1
0.5631,5.8064,2.3208,11.3025,2.9720,0.0019,-0.4044,0,0,0,0.00000,3
0.4802,4.7959,2.4642,12.5153,2.4483,0.0049,-1.4895,0,1,1,6.05152,1
0.4711,4.5432,2.4457,11.4368,-1.9012,0.0527,-0.4841,0,0,0,0.00000,1
0.4696,4.4779,2.4369,11.3200,1.4049,0.0046,-0.3194,0,0,0,0.00000,3
0.5495,5.0934,2.2485,12.0432,-0.6303,0.0670,-1.2789,0,0,1,0.65871,1
0.5388,5.0095,2.2736,11.8996,-0.5944,0.0072,-1.0094,0,1,0,0.23068,1
0.4577,4.5445,2.5030,11.6119,-0.7837,0.0012,-0.5623,0,0,1,0.22100,3
0.4700,4.5189,2.4448,11.3758,-1.3702,0.0404,-0.4123,0,0,0,0.00000,3
0.4142,4.3186,2.6436,11.3533,1.7003,0.0014,-0.2875,0,0,0,0.00000,1
0.5579,5.0473,2.2089,11.5576,0.5699,0.0056,-0.6729,0,0,0,0.00000,1
0.5895,5.8074,2.2191,11.5760,-0.8051,0.0103,-0.7561,0,0,0,0.00000,3
0.4857,5.1854,2.5242,11.3944,-1.1282,0.0308,-0.4386,0,0,0,0.00000,1
0.3388,3.7027,2.8472,13.2053,2.0570,0.0364,-1.5866,1,1,0,1.88815,1
0.4872,4.8125,2.4384,11.8400,2.1234,0.0035,-0.8329,0,0,0,0.00000,3
0.3994,4.1520,2.6692,12.1169,2.9195,0.0596,-0.9566,0,1,0,0.72906,1
0.3536,3.8900,2.8268,11.8862,2.6173,0.0863,-0.7055,0,1,0,0.45419,3
0.5369,5.7166,2.4107,11.7105,-2.0651,0.0722,-0.8903,0,0,0,0.00000,1
0.5644,5.8687,2.3259,11.3459,0.2035,0.0039,-0.4554,0,0,0,0.00000,3
0.4729,5.0535,2.5523,11.4060,-1.7085,0.0161,-0.4163,0,0,0,0.00000,1
0.4508,4.5107,2.5252,12.2641,1.8272,0.0169,-1.1673,1,2,1,0.84044,1
0.4298,4.4676,2.6092,11.6389,1.2036,0.0011,-0.5419,0,0,1,0.38455,1
0.5356,4.9758,2.2793,11.3859,0.2570,0.0335,-0.4936,0,0,0,0.00000,3
0.4049,4.4408,2.7216,12.1966,2.7287,0.0868,-1.0759,0,0,2,0.94034,3
0.3486,3.7473,2.8075,11.9755,2.1994,0.0438,-0.7063,0,1,0,0.47063,1
0.4090,4.4316,2.6991,12.9535,2.2762,0.0324,-1.6840,0,1,0,1.49981,1
0.4457,4.4655,2.5366,12.5555,1.4135,0.0398,-1.4637,0,0,3,2.49512,1
0.4183,4.4668,2.6633,11.7761,2.5071,0.1321,-0.8012,0,1,0,0.27074,1
0.3530,3.8863,2.8289,11.7019,2.7616,0.1758,-0.6782,0,1,0,0.29303,2
0.5010,4.5702,2.3308,11.2683,0.6375,0.0511,-0.3571,0,0,0,0.00000,3
0.5347,5.1081,2.3078,11.3900,-0.2495,0.0274,-0.4900,0,0,0,0.00000,3
0.6556,6.2396,2.0391,11.4982,-0.3871,0.0095,-0.7719,0,0,0,0.00000,1
0.4007,4.3476,2.7169,11.3390,-2.9098,0.0264,-0.2914,0,0,0,0.00000,3
0.4665,5.0175,2.5727,11.4392,2.2421,0.0936,-0.5299,0,1,0,0.17662,3
0.4677,4.5586,2.4636,11.2943,1.8939,0.0241,-0.3172,0,0,0,0.00000,3
0.4727,4.5354,2.4373,11.4012,0.8555,0.0364,-0.4339,0,0,0,0.00000,1
0.4192,4.5975,2.6925,11.3547,2.3774,0.0149,-0.3097,0,0,0,0.00000,1
0.4240,4.4748,2.6380,12.9151,2.4062,0.0245,-1.6994,1,1,3,1.87253,1
0.3710,3.9075,2.7393,11.3477,2.9179,0.1223,-0.3775,0,0,0,0.00000,3
0.4338,4.4971,2.5980,11.9424,2.3692,0.0269,-0.8447,0,0,1,0.39748,3
0.4343,4.2469,2.5324,11.4936,2.4625,0.0362,-0.4665,0,0,0,0.00000,1
0.5093,4.7779,2.3418,11.5020,-0.5830,0.0667,-0.6163,0,0,0,0.00000,1
0.4417,4.5758,2.5814,12.2289,2.1087,0.0041,-1.0916,0,0,1,0.75731,3
0.4376,4.4469,2.5681,12.7467,-2.8200,0.0071,-1.5650,0,1,1,1.50590,1
0.4464,4.2267,2.4743,11.4866,1.2397,0.0544,-0.4982,0,0,0,0.00000,3
0.4009,3.9970,2.6177,11.2996,2.6571,0.0980,-0.3419,0,0,0,0.00000,1
0.3485,3.8305,2.8355,12.0510,2.5316,0.0573,-0.7781,0,1,0,0.74135,1
0.4238,4.5061,2.6468,11.4486,-2.8149,0.0333,-0.4128,0,0,0,0.00000,3
0.4407,4.2030,2.4927,11.3740,2.1918,0.0559,-0.3952,0,0,0,0.00000,1
0.4631,4.7764,2.5333,12.3861,-1.7892,0.0415,-1.3594,0,0,1,0.92488,1
0.4152,4.1304,2.5880,11.3347,2.7373,0.0446,-0.3225,0,0,0,0.00000,1
0.5757,5.7183,2.2573,12.3022,0.2212,0.0421,-1.6258,0,1,0,0.56128,1
0.5031,5.1464,2.4420,11.5511,-2.8085,0.0377,-0.6220,0,0,0,0.00000,1
0.4709,4.5771,2.4542,11.5047,-2.5949,0.0014,-0.4848,0,0,0,0.00000,3
0.3629,3.9600,2.7989,12.6785,3.0327,0.1080,-1.3801,0,1,3,1.54208,1
0.3643,3.9394,2.7847,12.8766,2.6329,0.0864,-1.5176,0,0,1,1.69348,1
0.4755,4.3992,2.3943,11.4436,0.7546,0.0954,-0.5471,0,0,0,0.00000,1
0.5675,5.1734,2.1962,11.5030,-0.1523,0.1137,-0.7644,0,0,0,0.00000,1
0.3264,3.6011,2.8830,11.5585,-2.3324,0.0716,-0.4148,0,1,0,0.15338,0
0.4591,4.4570,2.4764,11.3451,-2.1226,0.0195,-0.3480,0,0,0,0.00000,3
0.4038,4.3626,2.7058,11.4483,-1.8738,0.0412,-0.3973,0,0,0,0.00000,1
0.4436,4.5674,2.5709,11.3341,1.9588,0.0045,-0.3055,0,0,0,0.00000,3
0.4701,4.5521,2.4518,11.4333,-3.0341,0.0077,-0.4261,0,0,0,0.00000,1
0.5618,5.1707,2.2167,11.6328,-0.7033,0.0169,-0.7769,0,0,1,0.35779,3
0.4567,4.4046,2.4740,11.9210,2.3784,0.0293,-0.8778,0,0,1,0.29418,1
0.5648,5.6832,2.2933,11.4259,1.2795,0.0502,-0.5978,0,0,0,0.00000,3
0.5078,4.9688,2.3868,12.2594,1.7315,0.0028,-1.3088,0,0,1,0.63104,1
0.4587,4.6718,2.5283,12.9081,-1.8829,0.0170,-1.8270,0,1,1,1.46333,1
0.3363,3.6929,2.8581,11.3089,-3.1296,0.0308,-0.2162,0,0,0,0.00000,1
0.5629,5.7553,2.3128,11.5142,-0.9961,0.0767,-0.7256,0,0,0,0.00000,3
0.3745,4.0328,2.7597,12.3925,-2.8598,0.0180,-1.0547,0,1,0,1.06472,1
0.5052,4.7702,2.3565,11.4130,-1.8864,0.0477,-0.4993,0,0,0,0.00000,1
0.4195,4.3059,2.6150,11.3511,1.6218,0.0376,-0.3325,0,0,0,0.00000,1
0.4297,4.3947,2.5912,12.5974,-2.9110,0.0137,-1.4062,0,1,1,1.33218,1
0.3619,3.8894,2.7816,11.3896,-3.0712,0.1110,-0.3858,0,0,0,0.00000,3
0.4826,5.0720,2.5137,12.2518,0.7236,0.0008,-1.2270,0,1,0,0.79199,1
0.4787,5.2744,2.5737,11.4377,2.1532,0.0246,-0.4635,0,1,0,0.14963,2
0.5995,5.5591,2.1433,11.6503,0.6593,0.0560,-0.9176,0,0,0,0.00000,3
0.4557,4.8800,2.5903,11.2816,-1.6680,0.0045,-0.2730,0,0,0,0.00000,1
0.4553,4.5264,2.5092,11.5455,-1.2046,0.0740,-0.5875,0,0,0,0.00000,1
0.4117,4.4734,2.6966,11.4540,1.7940,0.0219,-0.3891,0,0,0,0.00000,1
0.4677,4.7065,2.4975,11.3907,-3.0045,0.0241,-0.4045,0,0,0,0.00000,1
0.5563,5.6796,2.3259,11.4515,-1.0554,0.0046,-0.5587,0,0,0,0.00000,3
0.5433,5.7584,2.3918,12.0018,1.1430,0.0197,-1.1553,0,0,1,0.31967,3
0.4676,4.4931,2.4485,12.1674,-0.3826,0.0126,-1.1152,0,0,1,0.59810,1
0.5405,5.1725,2.2971,11.3339,-0.2118,0.0636,-0.4823,0,0,0,0.00000,1
0.4444,4.5404,2.5605,11.4793,-3.0918,0.0329,-0.4644,0,0,0,0.00000,3
0.4401,4.2221,2.5003,11.4591,1.5973,0.0018,-0.4035,0,0,0,0.00000,3
0.4308,4.7458,2.6743,11.7536,-2.0797,0.0066,-0.6493,0,1,0,0.38309,0
0.5063,5.1773,2.4348,11.4857,0.9159,0.0148,-0.5344,0,0,0,0.00000,1
0.5516,5.1191,2.2454,11.3615,0.1624,0.0050,-0.4542,0,0,0,0.00000,3
0.3807,4.0380,2.7295,11.3201,1.9220,0.0348,-0.2672,0,0,0,0.00000,1
0.4798,5.0215,2.5147,12.4475,-2.6912,0.0412,-1.4760,0,1,1,1.08735,1
0.5244,4.8848,2.3047,11.4811,1.5430,0.0369,-0.5805,0,0,0,0.00000,1
0.4137,4.1311,2.5954,11.4056,-2.0573,0.0483,-0.3824,0,0,0,0.00000,3
0.3758,4.0621,2.7618,11.9433,-2.9760,0.0409,-0.7372,0,0,1,0.63835,3
0.5007,4.8037,2.3811,11.4772,0.2990,0.0393,-0.5463,0,0,0,0.00000,1
0.4923,5.0121,2.4596,11.4737,2.0836,0.0078,-0.4943,0,0,0,0.00000,3
0.5216,5.1044,2.3582,11.5022,2.2083,0.0283,-0.5887,0,0,0,0.00000,1
0.4650,4.8983,2.5529,11.6163,2.3594,0.0751,-0.6695,0,0,0,0.00000,1
0.5107,4.8720,2.3557,12.4133,0.1118,0.0301,-1.5226,0,0,2,1.30400,1
0.4435,4.4843,2.5509,11.3057,-3.0397,0.0012,-0.2773,0,0,0,0.00000,3
0.3769,3.9917,2.7350,11.7611,2.8148,0.0107,-0.5622,0,1,0,0.20556,1
0.4569,4.3140,2.4513,11.9020,-1.3827,0.0029,-0.8248,0,0,1,0.45869,1
0.3916,4.0020,2.6644,11.3268,1.9148,0.0179,-0.2631,0,0,0,0.00000,1
0.3703,4.0586,2.7895,13.2889,-2.6345,0.0210,-1.7813,0,1,1,2.05618,1
0.5719,5.6738,2.2644,12.0129,-0.3119,0.0522,-1.2833,0,0,1,0.49966,1
0.4494,4.6173,2.5568,11.2570,1.9252,0.0631,-0.3119,0,0,0,0.00000,3
0.4334,4.1952,2.5231,12.4059,-2.7073,0.0275,-1.2616,0,1,0,1.10373,1
0.4931,4.5000,2.3464,11.5562,0.5396,0.0582,-0.6346,0,0,0,0.00000,1
0.4129,4.3149,2.6485,12.6583,-2.1312,0.0174,-1.4074,0,1,1,1.07356,1
0.4340,4.2912,2.5451,11.2863,-1.1109,0.0066,-0.2579,0,0,0,0.00000,1
0.4204,4.0950,2.5547,11.3547,3.1189,0.0494,-0.3496,0,0,0,0.00000,1
0.5183,5.0884,2.3684,11.5218,-2.4352,0.0035,-0.5732,0,0,0,0.00000,1
0.4231,4.2663,2.5877,11.3489,-1.1898,0.0247,-0.3195,0,0,0,0.00000,1
0.3556,3.8036,2.7881,12.3443,-2.6344,0.0427,-0.9955,0,1,1,1.11335,3
0.5444,5.5753,2.3549,11.3517,-0.7436,0.0041,-0.4365,0,0,0,0.00000,3
0.4731,4.7439,2.4829,11.7217,1.6437,0.0256,-0.7204,0,0,1,0.16263,3
0.3453,3.7013,2.8103,13.1826,2.2818,0.0225,-1.5751,0,1,1,2.12776,1
0.6413,5.9958,2.0577,11.6633,-0.5542,0.0344,-0.9866,0,0,0,0.00000,3
0.5104,5.2232,2.4273,12.2291,2.7999,0.0274,-1.3221,0,0,1,0.88138,1
0.4286,4.3986,2.5969,12.1187,2.4267,0.0184,-0.9767,0,0,1,0.54506,3
0.5399,5.0756,2.2815,11.2781,1.6043,0.0210,-0.3729,0,0,0,0.00000,1
0.4534,4.9949,2.6270,11.4401,-2.6696,0.1219,-0.5468,0,0,0,0.00000,0
0.3850,3.9717,2.6881,11.3311,-2.0963,0.0683,-0.3173,0,0,0,0.00000,3
0.5826,5.3910,2.1777,11.2910,0.7346,0.0117,-0.4233,0,0,0,0.00000,1
0.4822,5.1938,2.5413,11.3323,2.9631,0.0966,-0.4525,0,0,0,0.00000,1
0.4140,4.4830,2.6882,11.8387,2.7968,0.0401,-0.7309,0,1,0,0.64395,3
0.4392,4.2850,2.5204,11.9077,0.6275,0.0132,-0.8063,0,0,2,0.63185,1
0.5118,4.7990,2.3361,11.6393,-0.1771,0.0333,-0.7173,0,0,1,0.37746,1
0.4394,4.4942,2.5717,11.3378,-2.2236,0.1237,-0.4416,0,0,0,0.00000,1
0.4070,4.3243,2.6797,11.3300,-2.1499,0.0415,-0.3075,0,0,0,0.00000,3
0.4252,4.2453,2.5729,11.7759,-2.0704,0.0072,-0.6566,0,1,0,0.57259,3
0.4684,4.3516,2.4121,11.4582,-1.6765,0.0261,-0.4678,0,0,0,0.00000,3
0.4204,4.2592,2.5983,11.3101,1.4178,0.0687,-0.3356,0,0,0,0.00000,1
0.3701,3.9638,2.7614,12.3843,2.6558,0.0579,-1.0917,1,1,0,0.90376,3
0.4294,4.5888,2.6414,11.5248,2.6211,0.1101,-0.5753,0,0,0,0.00000,1
0.4741,4.8105,2.4931,11.5733,3.1404,0.0241,-0.5814,0,0,0,0.00000,1
0.5092,4.8400,2.3551,11.3487,-1.0573,0.0651,-0.4616,0,0,0,0.00000,3
0.4705,5.1404,2.5820,12.2576,-2.7197,0.0558,-1.2759,0,0,1,0.81290,3
0.5018,5.3015,2.4785,11.3804,-2.3282,0.0195,-0.4316,0,0,0,0.00000,3
0.3735,3.8893,2.7213,12.2220,3.0929,0.0788,-1.0010,0,1,0,0.82365,1
0.5043,4.8211,2.3707,11.8706,0.5364,0.0604,-0.9745,0,0,1,0.36819,1
0.4768,4.5031,2.4128,11.3250,-0.6712,0.0560,-0.3914,0,0,0,0.00000,1
0.4290,4.6541,2.6598,12.5683,1.7288,0.0182,-1.3855,0,1,0,0.98013,1
0.3533,3.8924,2.8295,12.3610,-2.4308,0.0354,-0.9911,0,1,1,1.09440,0
0.5307,5.5802,2.4113,13.0115,-0.8083,0.0077,-2.2467,1,1,0,1.73128,1
0.5423,5.0590,2.2693,11.7010,1.2783,0.0167,-0.8156,0,0,1,0.48915,1
0.4805,4.8585,2.4764,12.1943,1.1146,0.0311,-1.2052,0,0,1,0.76379,1
0.4532,4.4368,2.4967,11.3864,2.2235,0.0270,-0.3867,0,0,0,0.00000,3
0.3686,3.9750,2.7732,13.1588,3.1013,0.0547,-1.7229,0,0,1,1.83520,1
0.5051,4.6971,2.3415,11.4556,0.1725,0.0494,-0.5428,0,0,0,0.00000,1
0.3499,3.8441,2.8326,12.1152,-3.1014,0.1161,-0.9059,0,0,1,0.64243,3
0.4194,4.1289,2.5684,11.7628,-1.7882,0.0137,-0.6428,0,0,1,0.33722,3
0.4039,4.3688,2.7071,11.3605,1.8773,0.0281,-0.3133,0,0,0,0.00000,1
0.4796,5.0390,2.5196,13.0217,2.8192,0.0097,-2.0261,1,1,0,1.43871,1
0.4268,4.6572,2.6712,12.8064,-3.1350,0.0167,-1.5963,0,0,1,1.43976,1
0.4410,4.3692,2.5335,11.4512,-2.3029,0.0304,-0.4323,0,0,0,0.00000,3
0.4055,4.2749,2.6737,11.4190,-2.2633,0.0605,-0.3982,0,0,0,0.00000,3
0.3849,3.9379,2.6786,12.1589,-1.8225,0.0419,-0.9297,0,0,0,0.00000,1
0.4847,4.6953,2.4232,11.5354,0.7529,0.0565,-0.6005,0,0,1,0.18983,1
0.3616,3.9329,2.7970,11.3773,-2.9013,0.0668,-0.3265,0,0,0,0.00000,3
0.5395,5.4691,2.3556,11.7581,1.4206,0.0329,-0.8954,0,1,0,0.41808,3
0.4228,4.2579,2.5871,11.2406,-2.6724,0.0394,-0.2478,0,0,0,0.00000,3
0.4686,4.5701,2.4623,11.3519,1.7159,0.0111,-0.3549,0,0,0,0.00000,3
0.3471,3.8212,2.8404,12.2670,2.7037,0.0672,-0.9469,0,1,0,0.93471,2
0.3842,4.1824,2.7537,12.6131,3.0587,0.0336,-1.2897,0,1,1,1.27087,1
0.4822,4.7143,2.4377,11.3718,-0.9208,0.0203,-0.3995,0,0,0,0.00000,3
0.4390,4.3452,2.5364,11.6217,-2.4903,0.0774,-0.6346,0,0,0,0.00000,1
0.4913,4.8098,2.4207,11.2607,2.3000,0.0277,-0.3141,0,0,0,0.00000,1
0.5024,5.3684,2.4893,11.5990,-2.6067,0.0191,-0.6465,0,0,0,0.00000,3
0.5012,5.2015,2.4611,11.4758,1.0927,0.0120,-0.5144,0,0,0,0.00000,1
0.4906,5.1087,2.4871,11.5574,-1.0827,0.0349,-0.6055,0,0,0,0.00000,1
0.5618,5.5448,2.2815,11.9140,-1.2305,0.0168,-1.0947,0,0,1,0.46999,3
0.3991,4.1356,2.6658,11.8754,-3.0260,0.0911,-0.7961,0,0,1,0.48631,1
0.4592,4.6081,2.5115,11.8652,-0.9689,0.0514,-0.8610,0,1,0,0.55985,1
0.3971,4.0304,2.6454,11.3598,1.8090,0.0238,-0.3004,0,0,0,0.00000,1
0.4852,4.6639,2.4143,11.3984,2.2969,0.0307,-0.4399,0,0,0,0.00000,1
0.5196,4.9080,2.3275,12.1768,0.7702,0.0237,-1.2841,0,1,0,0.23279,1
0.4218,4.5119,2.6580,11.4230,-1.5407,0.0709,-0.4329,0,0,0,0.00000,1
0.4432,4.6456,2.5915,11.6442,1.2661,0.0425,-0.6192,0,1,0,0.17653,1
0.5437,5.0106,2.2550,11.8293,-0.5269,0.0462,-0.9963,0,1,0,0.27839,1
0.4813,5.0080,2.5056,11.5222,0.9657,0.0013,-0.5173,0,1,0,0.18787,1
0.4820,4.8382,2.4659,11.3128,0.9826,0.0367,-0.3640,0,0,0,0.00000,1
0.5485,5.1803,2.2682,11.5908,2.4047,0.0007,-0.6885,0,0,0,0.00000,1
0.4798,4.6920,2.4427,11.3102,-1.5925,0.0075,-0.3250,0,0,0,0.00000,3
0.4764,4.5985,2.4361,11.7666,0.8408,0.0136,-0.7528,0,1,0,0.27632,3
0.5980,5.4697,2.1349,11.4810,0.7350,0.0123,-0.6596,0,0,0,0.00000,1
0.4577,4.6552,2.5289,12.0118,-2.2671,0.0391,-0.9793,0,1,0,0.74741,3
0.4341,4.1979,2.5207,12.4261,-2.3327,0.0222,-1.2744,0,1,0,0.70023,1
0.4507,4.9302,2.6247,11.4224,-1.6215,0.0568,-0.4514,0,0,0,0.00000,1
0.5210,5.3484,2.4077,11.8249,2.0540,0.0435,-0.9424,0,0,1,0.42877,1
0.3731,4.0014,2.7574,12.3353,-2.4071,0.0410,-1.0377,0,0,2,1.04862,3
0.5689,5.3258,2.2173,11.6459,-0.7039,0.1376,-0.9611,0,0,0,0.00000,1
0.4843,4.6717,2.4197,11.3996,3.0968,0.0148,-0.4211,0,0,0,0.00000,1
0.4487,4.3032,2.4835,11.3730,1.2371,0.0402,-0.3850,0,0,0,0.00000,3
0.5293,4.8257,2.2741,11.8135,-1.4566,0.0218,-0.9155,0,1,0,0.33956,1
0.4574,4.9452,2.5976,11.9365,-2.5291,0.0021,-0.8608,0,0,0,0.00000,1
0.4655,4.9822,2.5694,11.3998,-2.9047,0.1017,-0.5017,0,0,0,0.00000,1
0.4818,4.6445,2.4241,12.0330,-0.8977,0.0434,-1.0635,0,1,1,0.64860,1
0.4748,4.9941,2.5308,11.6065,-2.3735,0.0733,-0.6744,0,0,0,0.00000,1
0.5312,5.3034,2.3581,12.6708,2.8801,0.0088,-1.8515,0,1,0,1.39414,1
0.4420,4.3755,2.5307,11.8510,-2.3658,0.0440,-0.8022,0,1,0,0.44246,1
0.4368,4.6775,2.6292,11.5781,2.7014,0.0787,-0.5948,0,0,0,0.00000,3
0.4772,4.8965,2.4989,11.5152,-0.2336,0.0068,-0.5111,0,0,0,0.00000,1
0.4992,4.8121,2.3891,11.6034,0.1623,0.0193,-0.6432,0,0,0,0.00000,1
0.4612,4.8189,2.5515,11.7995,1.2773,0.0195,-0.7636,0,1,0,0.21939,1
0.4140,4.2864,2.6358,12.1930,2.2179,0.0357,-1.0271,0,0,1,0.64960,3
0.5351,5.5033,2.3795,12.8286,0.3935,0.0007,-2.0378,0,1,0,1.08160,1
0.4266,4.1466,2.5403,11.5278,3.0879,0.0467,-0.4976,0,0,0,0.00000,1
0.3944,4.0786,2.6726,11.5306,-2.3112,0.0568,-0.4680,0,0,0,0.00000,3
0.4561,4.3838,2.4715,11.6151,-1.1815,0.0219,-0.5873,0,0,1,0.33265,3
0.4281,4.4784,2.6199,11.2774,2.4431,0.0978,-0.3490,0,0,0,0.00000,3
0.3541,3.8214,2.8022,12.4560,2.8843,0.0197,-1.0429,0,1,1,0.91301,1
0.4178,4.0964,2.5669,11.2831,-0.7381,0.0034,-0.2366,0,0,0,0.00000,1
0.4180,4.1518,2.5810,11.4093,3.0826,0.0559,-0.3993,0,0,0,0.00000,1
0.4123,4.3572,2.6632,11.2957,-2.3621,0.0179,-0.2588,0,0,0,0.00000,3
0.4666,4.5891,2.4750,11.3861,2.0878,0.0674,-0.4497,0,0,0,0.00000,1
0.4522,4.8189,2.5918,12.7363,-1.5293,0.0267,-1.6454,0,1,0,1.38340,1
0.5107,5.5515,2.4898,11.9434,1.0388,0.0080,-0.9984,0,1,0,0.54951,1
0.3538,3.8188,2.8025,12.9644,-2.5598,0.0434,-1.4752,0,1,0,1.83872,1
0.4484,4.6346,2.5655,11.7718,1.2918,0.0131,-0.7051,0,1,0,0.18898,1
0.3439,3.7713,2.8416,11.7866,-2.6316,0.0804,-0.6079,0,1,0,0.58263,3
0.4467,4.3524,2.5044,11.6805,2.1741,0.0269,-0.6367,0,0,1,0.16845,3
0.4268,4.5726,2.6499,12.6096,-2.6579,0.0733,-1.5001,0,1,1,1.32709,1
0.4112,4.2737,2.6457,11.4470,-2.6741,0.1468,-0.5286,0,0,0,0.00000,1
0.5173,4.7618,2.3072,12.5904,1.7000,0.0217,-1.7254,0,0,2,0.96645,1
0.4001,4.3620,2.7242,12.3723,2.3140,0.0427,-1.1518,0,1,1,1.13552,3
0.5137,4.6555,2.2993,12.0879,0.6158,0.0007,-1.1384,0,1,0,0.37360,1
0.4356,4.5790,2.6100,11.7422,-2.9411,0.0948,-0.7574,0,1,0,0.26909,1
0.4797,4.3708,2.3710,11.6413,-0.4650,0.0616,-0.6994,0,0,0,0.00000,1
0.4048,4.0863,2.6247,11.3381,2.4699,0.0884,-0.3652,0,0,0,0.00000,1
0.4673,4.8829,2.5389,11.3728,2.4143,0.0736,-0.4462,0,0,0,0.00000,1
0.3604,3.8119,2.7652,12.0747,3.0688,0.0932,-0.8713,0,0,0,0.00000,3
0.3532,3.8763,2.8246,12.1072,-2.8617,0.1576,-0.9630,0,1,0,0.29374,1
0.3810,4.1016,2.7466,11.6798,-2.5905,0.0387,-0.5420,0,1,0,0.30946,3
0.3551,3.8591,2.8087,13.0233,2.2825,0.0156,-1.4810,1,1,0,1.54958,1
0.5244,5.6359,2.4477,11.8621,1.1566,0.0277,-0.9701,0,0,1,0.44963,1
0.4016,4.3946,2.7258,11.7317,2.8304,0.0291,-0.6059,0,1,0,0.17206,3
0.4462,4.8535,2.6276,11.4760,-1.8929,0.0166,-0.4456,0,0,0,0.00000,1
0.3908,4.2519,2.7403,13.0607,-2.9478,0.0978,-1.8139,1,1,0,0.74082,1
0.4856,4.6921,2.4189,12.3796,-2.8801,0.0103,-1.3757,0,0,1,0.95306,1
0.3774,3.9955,2.7335,11.5202,3.0671,0.0818,-0.4668,0,0,1,0.14175,3
0.3759,3.9848,2.7377,11.5273,-2.4448,0.1233,-0.5191,0,0,0,0.00000,3
