x,Q2,miss_mass,phih,pt2,secondary_pips,secondary_pims,secondary_pizs,secondary_esum,accepted
0.4254,4.2477,11.9640,3.0593,0.0070,0,1,0,0.56808,3
0.4676,4.5396,11.9155,-1.0461,0.0148,0,1,0,0.41086,3
0.3598,3.9653,12.5299,-3.0773,0.0539,0,1,0,1.28383,2
0.4276,4.1871,11.9233,-1.0592,0.0499,0,1,0,0.30546,1
0.4614,4.3621,12.3492,2.4187,0.0125,0,1,1,0.84087,1
0.4169,4.2968,12.1839,-2.0630,0.0077,0,1,0,0.71310,1
0.4683,4.9652,12.2178,2.3768,0.0430,0,1,0,0.76332,3
0.4004,4.0699,12.1133,-1.9030,0.0061,0,1,0,0.43982,1
0.3840,4.1275,12.7261,2.0019,0.0308,0,1,1,1.08693,1
0.4128,4.1797,12.2364,-2.9662,0.0552,0,1,0,0.52797,1
0.3982,4.2008,12.8005,2.7216,0.0275,0,1,1,1.31435,1
0.3769,4.1153,12.9883,2.2993,0.0193,0,1,0,1.55304,1
0.4435,4.2993,11.8064,-2.2569,0.0406,0,1,0,0.41115,1
0.4488,4.2971,12.2135,2.2773,0.0414,0,1,0,0.63133,1
0.5164,4.7369,11.8449,-0.4970,0.0944,0,1,0,0.39102,1
0.4521,4.6717,11.8258,-2.5417,0.0858,0,1,0,0.33975,1
0.4609,4.6368,12.0189,-2.2962,0.0519,0,1,0,0.41735,1
0.4233,4.4789,13.0404,-2.5938,0.0439,0,1,1,1.72779,1
0.4740,4.9057,12.3569,2.8394,0.0055,0,1,0,0.76606,1
0.3706,3.9684,11.7795,2.9390,0.0782,0,1,0,0.38797,3
0.3959,4.0768,12.0567,3.0388,0.0251,0,1,0,0.67830,3
0.4761,4.7951,12.2025,-0.5023,0.0138,0,1,0,0.53303,1
0.4147,4.4815,11.8144,-3.1348,0.0826,0,1,0,0.53886,3
0.4732,4.3269,11.7145,0.7404,0.0124,0,1,0,0.27833,1
0.4683,4.7113,11.7874,2.2749,0.0082,0,1,0,0.40884,3
0.4039,4.1403,12.8522,2.3397,0.0423,0,1,0,1.46494,1
0.4045,4.3651,12.0654,-1.9112,0.0141,0,1,0,0.44796,1
0.4299,4.4401,12.0602,-2.0931,0.0678,0,1,0,0.41453,3
0.4589,4.8712,11.9211,2.3282,0.0090,0,1,0,0.54384,3
0.4564,5.0381,11.9565,2.9576,0.0472,0,1,0,0.32601,2
0.3543,3.8620,11.9731,3.1345,0.1244,0,1,0,0.72452,3
0.4116,4.2553,11.6438,-2.8089,0.0017,0,1,0,0.19200,1
0.3896,4.2783,12.1394,2.7166,0.0241,0,1,0,0.27179,1
0.3270,3.6023,13.3098,3.0650,0.1013,0,1,1,2.16805,0
0.4098,4.4638,12.0326,-2.8913,0.1201,0,1,0,0.48003,1
0.4418,4.2808,11.9649,-1.1670,0.0174,0,1,0,0.31434,1
0.5849,5.5654,12.0148,-0.8164,0.0277,0,1,0,0.44956,1
0.5046,5.4398,12.3868,1.4194,0.0103,0,1,0,0.87888,1
0.4060,4.0388,11.5619,-1.4158,0.0290,0,1,0,0.16585,1
0.4750,5.0565,11.6421,3.0882,0.0678,0,1,0,0.33572,1
0.5105,4.8834,11.7264,0.4032,0.0166,0,1,0,0.16216,3
0.3439,3.7189,13.3189,2.4144,0.0167,1,2,1,1.77409,1
0.3826,3.9401,11.8170,-2.8512,0.0605,0,1,0,0.44187,3
0.4345,4.3462,11.7324,2.6116,0.0303,0,1,0,0.16956,3
0.4536,4.6348,11.7126,1.4594,0.0055,0,1,0,0.36146,3
0.5393,5.1220,12.1974,1.0962,0.0039,0,1,0,0.67066,1
0.4372,4.2948,11.8051,1.4286,0.0054,0,1,0,0.23777,3
0.3632,3.9613,12.9743,3.0887,0.0759,0,1,1,1.74340,1
0.3999,4.3022,11.9147,-2.1790,0.0526,0,1,0,0.47830,3
0.4463,4.5777,12.0127,-1.6842,0.0360,0,1,0,0.46569,3
0.4802,4.7281,11.9961,2.0739,0.0103,0,1,0,0.51423,3
0.4040,4.2843,11.6003,2.2694,0.0089,0,1,0,0.25338,1
0.4348,4.1647,12.1258,1.5301,0.0181,0,1,0,0.53282,1
0.4656,4.4468,11.8128,1.6308,0.0239,0,1,0,0.52776,3
0.4522,4.6296,12.0591,-2.2252,0.0454,0,1,0,0.70156,3
0.5228,5.2772,12.1814,2.1771,0.0227,0,1,0,0.17879,1
0.5673,5.5617,11.8780,-0.5012,0.0836,0,1,0,0.29039,1
0.4390,4.5415,12.2829,1.9830,0.0215,0,1,0,0.91946,1
0.4807,4.9417,11.7488,2.4154,0.0132,0,1,0,0.27379,3
0.4631,5.1078,12.5228,2.2172,0.0356,0,1,1,1.06943,2
0.4749,4.6375,11.7774,-0.7711,0.0012,0,1,0,0.30974,3
0.4375,4.2661,12.5709,0.9166,0.0057,0,1,1,1.33526,1
0.3860,3.9987,12.0185,1.6476,0.0105,0,1,0,0.81544,1
0.3753,3.8999,11.7271,-2.3002,0.0437,0,1,0,0.20523,3
0.5162,5.0983,12.0695,-0.5883,0.0302,0,1,0,0.73517,1
0.4085,4.1075,12.4991,-1.7983,0.0169,0,1,0,1.14870,1
0.4317,4.3823,12.8059,-2.2768,0.0257,0,1,1,1.32729,1
0.4240,4.5865,11.8257,2.6369,0.0105,0,1,0,0.49642,1
0.3439,3.7380,13.2339,2.5708,0.0696,0,1,1,2.24336,1
0.4555,4.5511,11.8179,-1.9350,0.0030,0,1,0,0.15662,3
0.4652,5.1312,12.2200,2.0520,0.0376,0,1,0,0.88046,2
0.5001,4.6405,12.0138,-1.2612,0.0326,0,1,0,0.50902,1
0.4215,4.5621,11.9558,2.4281,0.0405,0,1,1,0.57874,3
0.4887,4.7442,11.8286,-0.2763,0.0307,0,1,0,0.36162,1
0.3556,3.8605,12.0536,-2.1824,0.0998,0,1,0,0.15074,3
0.3521,3.8254,12.0126,2.5611,0.1085,0,1,0,0.25891,3
0.4392,4.4888,11.9578,-3.0227,0.0003,0,1,0,0.49936,3
0.4400,4.2758,12.2054,2.8447,0.0264,0,1,1,0.73030,1
0.3787,4.0156,12.2521,2.9467,0.1086,0,1,0,1.15703,1
0.5349,5.0596,12.2105,0.9151,0.0230,0,1,0,0.43616,1
0.5019,4.6632,11.6369,0.7324,0.0163,0,1,0,0.14774,3
0.5265,5.4399,12.0782,-0.8736,0.0563,0,1,1,0.60945,1
0.3980,3.9983,11.8301,1.6062,0.0360,0,1,0,0.48419,1
0.3770,4.0331,12.0410,-2.6578,0.0526,0,1,0,0.69874,3
0.5057,5.3669,13.0945,2.4238,0.0218,0,2,0,1.55827,1
0.4033,4.3887,11.9943,2.6785,0.0274,0,1,0,0.45548,3
0.3783,3.9514,11.7470,2.9804,0.0456,0,1,0,0.34402,3
0.4116,4.5081,11.6722,-2.7050,0.0036,0,1,0,0.15825,1
0.3559,3.9188,11.6841,2.9267,0.0175,0,1,0,0.25468,0
0.3768,3.9613,13.1312,2.6513,0.0054,0,1,1,1.89052,1
0.3696,3.9102,12.6303,2.7149,0.0814,0,1,1,1.25462,1
0.4661,4.8091,11.8734,0.7910,0.0157,0,1,0,0.54738,1
0.4394,4.3672,11.8593,-0.4074,0.0107,0,1,0,0.45654,1
0.3417,3.7498,12.1828,2.3845,0.0346,0,1,0,1.00875,1
0.4806,4.8054,12.2161,2.4052,0.0083,0,1,0,0.81225,1
0.3803,4.0892,12.3777,-2.5112,0.0669,0,1,1,1.00200,3
0.4170,4.5832,11.9544,-2.0517,0.0485,0,1,0,0.52831,1
0.4098,4.2629,12.9836,2.8062,0.0145,0,1,0,1.74514,1
0.3609,3.9064,11.7236,-3.0497,0.0135,0,1,0,0.19533,1
0.4596,4.6514,11.9221,-0.6590,0.0178,0,1,0,0.38267,1
0.4748,4.7854,11.5871,1.0710,0.0093,0,1,0,0.17592,3
0.3901,4.2038,11.9285,2.0980,0.0595,0,1,0,0.63355,3
0.3656,3.9723,11.9806,2.2359,0.0805,0,1,0,0.22693,3
0.4789,5.1798,11.9576,3.1344,0.0313,0,1,0,0.32910,3
0.4600,4.3882,12.4462,-0.2709,0.0158,0,1,0,1.13032,1
0.3662,3.9531,12.6875,-3.0433,0.1140,0,1,0,1.27981,1
0.4686,4.5108,11.8567,0.6650,0.0074,0,1,0,0.51434,3
0.4145,4.4966,12.2050,-2.5184,0.0466,0,1,2,1.05905,3
0.3635,3.8869,12.9405,3.0338,0.0738,0,1,0,1.61307,1
0.4763,4.5656,12.1289,2.7178,0.0013,0,1,0,0.66430,1
0.4090,4.0646,11.9361,1.2363,0.0667,0,1,0,0.41602,1
0.4010,4.4052,11.9216,2.6076,0.0266,0,1,0,0.68028,1
0.3825,3.9804,12.7257,1.7842,0.0165,0,1,2,1.43786,1
0.5080,4.7552,11.9523,0.4432,0.0657,0,1,0,0.58722,1
0.4961,4.8346,11.8267,-2.3117,0.0033,0,1,0,0.47345,3
0.3734,4.0280,12.7813,2.8140,0.1005,0,1,1,1.32539,1
0.4613,4.7015,11.8713,2.9743,0.0407,0,1,0,0.18041,1
0.4213,4.4793,11.8196,2.5358,0.0267,0,1,0,0.23842,3
0.5081,5.5277,11.6408,0.9037,0.0115,0,1,0,0.22751,1
0.3438,3.7838,12.2788,-2.5957,0.0216,0,1,1,0.65830,1
0.4579,4.3326,11.9579,0.1506,0.0119,0,1,0,0.45172,1
0.4105,4.2274,11.8926,-3.0095,0.0617,0,1,0,0.43982,1
0.4371,4.6403,12.2890,2.8388,0.0275,0,1,1,0.40708,3
0.4320,4.2540,12.5590,-2.6741,0.0355,0,1,1,1.11752,1
0.4990,4.7294,11.9031,-0.6271,0.0418,0,1,0,0.50654,1
0.4804,5.0611,11.8589,2.2719,0.0993,0,1,0,0.59545,1
0.4999,4.9926,11.9344,1.2874,0.0087,0,1,0,0.25379,3
0.4393,4.3611,11.9453,1.3348,0.0508,0,1,0,0.46311,1
0.3889,4.0961,13.0309,2.4504,0.0595,0,1,0,1.80243,1
0.4410,4.4088,11.8709,-2.3210,0.0689,0,1,0,0.43787,1
0.3900,4.0055,12.0008,2.5178,0.0319,0,1,0,0.49222,3
0.4872,4.9513,11.7785,2.9651,0.0299,0,1,0,0.46170,1
0.4205,4.3012,12.8249,-2.6088,0.0152,0,1,1,1.41250,1
0.3782,3.8883,12.7429,-1.7012,0.0229,0,1,0,1.34998,1
0.4528,4.9950,11.8217,2.7795,0.1483,0,1,0,0.24991,0
0.4592,4.5930,12.2302,1.1812,0.0268,0,1,3,0.82803,1
0.4483,4.8247,11.7277,2.3018,0.0108,0,1,0,0.46574,3
0.4350,4.7431,12.1279,1.6794,0.0541,0,1,0,0.63832,1
0.4980,5.1009,12.3610,-2.2344,0.0369,0,1,0,0.23518,1
0.4436,4.6471,12.6342,2.8977,0.0091,0,1,1,1.36892,1
0.4286,4.2612,12.3491,1.8548,0.0032,0,1,1,0.80917,1
0.3851,4.2142,11.8671,2.3494,0.0958,0,1,0,0.48545,3
0.3822,4.0182,11.8691,-1.9277,0.0399,0,1,0,0.60256,1
0.4007,4.1167,11.7114,2.6300,0.0107,0,1,0,0.18187,3
0.3736,3.9712,11.8937,-2.9894,0.0920,0,1,0,0.23742,3
0.4399,4.1891,12.5776,2.2642,0.0100,0,1,1,1.03040,1
0.4290,4.6408,11.8807,-2.5342,0.0537,0,1,0,0.24414,3
0.3338,3.6731,11.6050,-2.7983,0.1143,0,1,0,0.22868,3
0.4511,4.4168,12.3400,1.6853,0.0270,0,1,0,0.92045,1
0.4919,4.9851,12.4006,1.2538,0.0251,0,1,1,0.98248,1
0.4819,4.5675,11.9036,-0.2711,0.0102,0,1,0,0.30161,1
0.4464,4.7999,12.0918,-2.2642,0.0071,0,1,0,0.79277,1
0.4731,4.4124,11.7372,-0.8080,0.0021,0,1,0,0.20483,3
0.5120,5.1573,11.8370,-2.6965,0.0068,0,1,0,0.54433,3
0.3677,3.8700,12.0213,-2.9338,0.0565,0,2,0,0.66653,3
0.4160,4.4537,11.6781,3.0799,0.0319,0,1,0,0.42857,3
0.4194,4.3845,11.7405,-3.1025,0.0878,0,1,0,0.42261,1
0.4517,4.2865,11.7761,1.0513,0.0158,0,1,0,0.44403,3
0.3706,3.9194,12.3255,-2.6021,0.0474,0,1,0,1.08434,3
0.3964,4.0623,12.0999,1.2726,0.0035,0,1,0,0.60333,1
0.5488,5.2673,12.5044,0.2036,0.0360,0,1,0,1.30339,1
0.3289,3.6086,13.2649,-2.4008,0.0553,0,1,1,1.37606,1
0.3825,4.1595,13.2310,2.7500,0.0622,0,1,0,1.94157,1
0.3934,4.1960,12.1816,2.5761,0.0679,0,1,0,0.69091,3
0.3505,3.8321,12.3225,2.0466,0.0527,0,1,0,1.15295,1
0.4549,4.4174,12.3418,2.6487,0.0081,0,2,0,0.82290,1
0.4119,4.2166,11.7059,-2.1069,0.0931,0,1,0,0.21258,3
0.4829,4.5147,11.8414,-1.6220,0.0197,0,1,0,0.40846,1
0.4722,4.9932,12.3440,-2.6088,0.0649,0,1,0,0.84296,1
0.4006,4.2155,11.8201,2.1779,0.0264,0,1,0,0.40623,3
0.4141,4.3612,11.7417,2.9042,0.0283,0,1,0,0.22380,3
0.3702,3.9122,13.1738,2.9341,0.0277,0,1,1,1.95676,1
0.3604,3.7991,11.7617,2.6841,0.0249,0,1,0,0.37214,1
0.3394,3.6751,13.2062,-3.0337,0.0861,0,1,2,2.11346,1
0.3489,3.7410,11.6522,-2.4168,0.0751,0,1,0,0.34794,3
0.5247,5.3736,11.8825,-1.9855,0.0257,0,1,0,0.44220,3
0.3845,3.9808,12.4697,-3.0338,0.0204,0,1,1,1.12618,1
0.3392,3.6952,13.2866,2.5863,0.1101,0,1,1,2.08314,1
0.4090,4.4453,11.7844,-2.6351,0.0533,0,1,0,0.46906,3
0.4008,4.1098,11.9744,-2.9612,0.0660,0,1,0,0.33933,1
0.3670,3.9122,11.7075,-2.8362,0.0460,0,1,0,0.39792,3
0.3404,3.6917,11.8842,2.9415,0.1178,0,1,0,0.43840,3
0.4108,4.2872,12.4940,2.9999,0.0359,0,1,0,1.14798,1
0.3956,4.2331,11.8749,-2.5092,0.0560,0,1,0,0.16999,3
0.5080,5.4016,11.6930,-1.0888,0.0405,0,1,0,0.20999,1
0.3546,3.8388,11.8116,2.2597,0.0591,0,1,0,0.22903,1
0.4332,4.4386,11.8185,2.4760,0.0586,0,1,0,0.37259,1
0.4011,4.3459,11.8659,-3.0702,0.0082,0,1,0,0.42483,1
0.3520,3.7842,11.5639,2.2347,0.0914,0,1,0,0.30051,3
0.4221,4.4686,12.8604,-1.8674,0.0162,0,1,1,1.26920,1
0.4828,5.0329,11.6345,-1.2474,0.0097,0,1,0,0.27094,1
0.4305,4.3915,12.7420,2.4354,0.0340,0,1,0,1.41388,1
0.3864,4.2600,12.0446,2.5112,0.0947,0,1,1,0.58413,2
0.4264,4.2390,11.9987,-0.9187,0.0098,0,1,0,0.43640,1
0.4765,5.0924,11.9479,-2.9786,0.0260,0,1,0,0.28784,3
0.4135,4.3568,12.7543,-2.5346,0.0177,0,1,0,1.55779,1
0.4429,4.8448,11.9080,-1.6658,0.0447,0,1,0,0.57986,1
0.5228,5.2843,12.9630,1.3358,0.0168,0,1,1,1.48043,1
0.3649,3.9359,12.4569,3.1030,0.0170,0,1,0,1.22785,1
0.5428,4.9932,12.1131,0.5586,0.0120,0,1,0,0.67723,1
0.3897,4.2623,12.0920,-2.5206,0.0419,0,1,0,0.75737,3
0.4471,4.8671,11.8546,2.8598,0.0549,0,1,0,0.28690,3
0.5184,4.9118,12.0957,-1.4556,0.0008,0,1,0,0.48623,1
0.3474,3.7882,13.2309,-2.9336,0.0205,0,1,0,0.34960,1
0.4000,4.0546,11.7750,2.3393,0.0025,0,1,0,0.21917,1
0.4730,4.7759,12.1219,2.3844,0.0429,0,1,0,0.27259,1
0.4175,4.2854,12.1278,-1.2387,0.0210,0,1,0,0.90700,1
0.4452,4.4766,12.0613,-1.1110,0.0262,0,1,0,0.70035,1
0.3791,4.0033,13.1157,-2.6319,0.0481,0,1,1,1.71061,1
0.5379,5.3903,12.1232,2.6024,0.0066,0,1,0,0.17539,1
0.4064,4.1163,11.7805,-2.1297,0.0269,0,1,0,0.46106,3
0.4229,4.1796,11.7167,1.7380,0.0206,0,1,0,0.31893,3
0.5142,4.9649,12.5319,-1.7259,0.0023,0,1,0,1.00149,1
0.3545,3.8415,12.8832,-2.8809,0.0341,0,1,1,1.27637,1
0.5223,5.4723,12.8919,2.0763,0.0042,0,1,1,1.41835,1
0.3423,3.7246,11.5670,-2.9526,0.0649,0,1,0,0.28520,3
0.4377,4.2857,11.8383,0.6324,0.0060,0,1,0,0.36756,1
0.4395,4.7443,13.0107,-2.8800,0.0096,0,1,1,1.54435,1
0.5310,5.2358,11.9117,0.2349,0.0049,0,1,0,0.31318,3
0.3492,3.7414,12.0572,3.0064,0.1488,0,1,1,0.52928,1
0.4935,5.1073,11.6935,-2.0189,0.0267,0,1,0,0.21368,3
0.5285,5.3449,12.1244,1.6950,0.0330,0,1,0,0.64105,1
0.3705,3.9384,12.5032,-3.1018,0.0420,0,1,0,1.28250,1
0.4128,4.4834,12.1021,3.1010,0.0677,0,1,0,0.52126,3
0.4412,4.5809,11.6608,1.5420,0.0629,0,1,0,0.34801,1
0.5477,4.9510,12.1081,-0.6564,0.0523,0,1,0,0.42688,1
0.4055,4.2839,11.8937,2.3172,0.0149,0,1,0,0.68640,1
0.4791,4.9207,11.7769,2.5472,0.0387,0,1,0,0.28902,1
0.3575,3.8440,12.1095,2.9770,0.0614,0,1,0,0.53546,3
0.3438,3.7771,11.7058,-3.0289,0.0225,0,1,0,0.35077,1
0.4154,4.4913,11.8341,-2.9393,0.0988,0,1,0,0.58854,1
0.3628,4.0026,13.2976,2.9049,0.0917,0,1,1,2.23517,0
0.4734,5.0722,12.6620,-1.5712,0.0340,0,1,0,1.54139,1
0.5277,4.7869,11.8329,-0.4506,0.0094,0,1,0,0.38687,1
0.5506,5.4533,11.8812,0.7731,0.0324,0,1,0,0.55203,3
0.4138,4.3455,11.8215,-2.0669,0.0168,0,1,0,0.49723,1
0.4751,4.5253,11.7305,-2.1645,0.0051,0,1,0,0.21744,3
0.4363,4.2396,12.0422,-2.7300,0.0324,0,1,0,0.27043,1
0.4096,4.0388,11.5844,2.7644,0.0162,0,1,0,0.29295,2
0.3483,3.7983,12.0173,2.8396,0.0955,0,1,0,0.83146,3
0.3376,3.6617,12.4427,2.9890,0.0334,0,1,0,0.45311,1
0.4331,4.4139,11.8546,1.6691,0.0318,0,1,0,0.40494,3
0.4473,4.3289,12.5472,0.7557,0.0201,0,1,0,0.62395,1
0.4753,5.0387,12.2791,1.5914,0.0186,0,1,0,0.68737,1
0.4434,4.7790,12.8114,-2.4812,0.0376,0,1,1,1.47008,1
0.5081,4.9235,12.4667,2.3034,0.0135,1,2,1,1.55826,1
0.4009,4.2506,12.6194,2.7105,0.0890,0,1,1,1.41082,1
0.4728,4.7081,12.6225,1.8304,0.0306,0,1,0,1.09961,1
0.4703,5.0173,12.2275,-2.7984,0.0108,0,0,0,0.00000,3
0.4483,4.3991,11.7574,-0.8291,0.0046,0,1,0,0.19670,3
0.4336,4.2456,12.6434,-1.8198,0.0097,0,1,1,1.35329,1
0.4900,5.0413,11.6327,2.7522,0.0486,0,1,0,0.26014,1
0.3798,4.0150,11.7993,2.7940,0.0848,0,1,0,0.57686,3
0.5687,5.3011,12.5322,0.1129,0.0159,0,1,0,0.97086,1
0.4636,4.3518,11.7663,-1.3911,0.0249,0,1,0,0.40417,3
0.4613,4.3374,12.3692,-0.7160,0.0272,0,1,0,0.76837,1
0.5020,4.9123,11.6634,1.8167,0.0214,0,1,0,0.38732,3
0.4394,4.5370,12.5641,2.7308,0.0042,0,1,3,1.09451,1
0.4045,4.1973,13.0510,1.8909,0.0147,0,1,0,1.79880,1
0.3818,4.1814,12.0228,2.3528,0.1219,0,1,0,0.31890,3
0.4506,4.8323,13.0219,-2.4365,0.0198,0,1,1,1.51888,1
0.3830,3.9725,11.6563,-3.0497,0.1230,0,1,0,0.35810,1
0.4040,4.4098,11.7814,2.1165,0.0166,0,1,0,0.28219,1
0.4870,5.1853,12.0232,2.2805,0.0327,0,0,0,0.00000,3
0.4585,4.2823,11.7818,-0.1833,0.0093,0,1,0,0.57566,1
0.3864,4.0869,13.0332,1.9584,0.0241,0,1,0,1.71899,1
0.4017,4.2922,11.9468,3.1355,0.1084,0,1,1,0.74336,1
0.3693,3.9097,12.7744,2.4441,0.0451,0,1,2,1.30686,1
0.4408,4.5454,11.7188,2.5977,0.0609,0,1,0,0.43226,1
0.5712,5.2403,12.0079,0.3021,0.0465,0,1,0,0.34795,1
0.3472,3.8202,12.2500,2.9337,0.0402,0,1,1,0.93139,1
0.4114,4.3138,12.2302,2.0226,0.0047,0,1,1,0.34978,1
0.3993,4.1784,12.4544,-2.5227,0.0133,0,0,1,0.19466,1
0.3576,3.8935,12.7325,2.3300,0.0663,1,1,2,2.18760,1
0.6038,5.8938,11.9470,-1.0162,0.0567,0,1,0,0.59576,3
0.5306,5.1993,11.8511,0.2325,0.0106,0,1,0,0.53127,3
0.4523,4.7189,12.2383,2.6009,0.0520,0,1,0,0.89112,1
0.4124,4.3071,12.9475,-2.1335,0.0018,0,1,1,1.60799,1
0.3521,3.7508,12.0893,-2.0725,0.0366,0,1,0,0.75918,1
0.4540,4.6806,11.7936,-1.9266,0.0049,0,1,0,0.39810,3
0.4917,4.7830,11.6829,1.1143,0.0083,0,1,0,0.18330,3
0.3899,4.0311,11.8273,-1.6091,0.0482,0,1,0,0.25225,1
0.3993,4.0680,12.8074,1.4424,0.0227,0,1,1,1.38298,1
0.3577,3.7872,12.3045,3.1171,0.0053,0,1,0,0.93365,1
0.4006,4.3095,12.9402,2.4513,0.0411,0,1,2,1.15603,1
0.5020,5.4123,11.9980,-2.7677,0.0437,0,1,0,0.23564,1
0.5216,4.9460,11.9579,0.4571,0.0262,0,1,0,0.57262,1
0.3868,3.9593,12.1303,-2.2435,0.0257,0,1,1,0.59226,3
0.4480,4.2613,11.7072,1.4244,0.0495,0,1,0,0.45210,3
0.5499,5.4490,12.2301,-0.1491,0.0366,0,1,0,0.71261,1
0.3930,4.1982,12.1821,2.9287,0.1006,0,1,1,0.63431,1
0.4277,4.6005,11.6141,-2.8120,0.0255,0,1,0,0.23258,3
0.3740,3.9639,11.6052,-2.4313,0.0394,0,1,0,0.27005,3
0.4039,4.0408,11.9219,-1.3324,0.0284,1,1,0,0.37609,1
0.4048,4.0832,11.7928,-2.9436,0.0666,0,1,0,0.42212,1
0.3640,4.0034,11.7307,-2.2271,0.0373,0,1,0,0.20014,1
0.3317,3.6519,11.6825,2.1298,0.0876,0,1,0,0.20941,1
0.4198,4.1019,11.9105,-2.6134,0.0398,0,1,0,0.40227,1
0.4074,4.3153,11.9418,-3.0049,0.0663,0,1,0,0.67004,3
0.4681,4.6462,12.7880,2.8411,0.0166,0,1,1,1.28866,1
0.3813,4.0817,11.9756,-2.4425,0.0158,0,1,0,0.51623,1
0.4298,4.2659,11.9375,-0.3366,0.0042,0,1,0,0.37724,1
0.3603,3.8456,12.7084,-3.0904,0.1035,0,1,1,1.01894,1
0.4725,5.1531,12.5034,1.9358,0.0137,0,1,0,1.01899,1
0.3571,3.8493,11.9652,-2.1570,0.0410,0,1,0,0.56317,1
0.5101,5.3604,11.7315,1.6888,0.0789,0,1,0,0.43469,3
0.4574,4.6490,11.5418,-0.4626,0.0138,0,1,0,0.30008,1
0.4303,4.2779,12.4959,-1.3986,0.0250,0,1,0,1.09034,1
0.4518,4.3824,12.0048,2.1778,0.0300,0,1,0,0.24906,1
0.4564,4.2730,11.7664,2.7536,0.0050,0,1,0,0.41372,1
0.4903,4.7660,12.3165,2.2287,0.0059,0,1,1,0.72625,1
0.5693,5.2630,12.1731,1.0143,0.0101,0,1,0,0.70491,1
0.4576,4.4136,12.4220,-1.0814,0.0362,0,1,1,0.88719,1
0.4471,4.3874,11.6656,2.9152,0.0214,0,1,0,0.33210,1
0.4525,4.3662,12.4342,-1.7710,0.0068,0,1,1,1.03184,1
0.4091,4.0582,12.0879,-2.0251,0.0261,0,1,0,0.76185,1
0.4022,4.2645,11.6984,-1.7671,0.0055,0,1,0,0.20180,1
0.4867,4.9991,11.9545,-1.7054,0.0255,0,1,0,0.45979,3
0.3992,4.0780,12.9260,-1.7102,0.0188,1,2,0,1.69062,1
0.3994,4.1554,11.8371,1.8946,0.0397,0,1,0,0.39356,1
0.3609,3.9550,12.8828,-2.3129,0.0444,0,1,1,1.68073,1
0.5388,5.5080,12.2932,-0.6187,0.0114,0,1,0,0.96545,1
0.4669,5.0287,12.8572,2.7036,0.0686,0,1,1,1.36772,1
0.3816,3.9530,12.0453,2.9061,0.0054,0,1,0,0.35146,1
0.4138,4.1899,12.0252,1.2462,0.0078,0,1,0,0.46259,1
0.5401,5.4383,12.0635,0.9882,0.0593,0,1,0,0.53758,1
0.3557,3.7730,11.7434,2.8227,0.0334,0,1,0,0.44652,3
0.4138,4.5410,12.0563,-2.4469,0.0536,0,1,0,0.42384,3
0.4349,4.4357,11.9718,3.0096,0.0414,0,1,0,0.73659,1
0.4490,4.6064,12.2015,1.6347,0.0032,0,1,0,0.18532,3
0.4920,4.9813,11.8660,2.2623,0.0370,0,1,0,0.57621,1
0.3890,4.0415,11.7509,-1.8962,0.0176,0,1,0,0.22364,1
0.4228,4.4829,12.0772,3.0717,0.0961,0,1,0,0.77024,1
0.4559,4.9962,11.8360,-1.8850,0.0067,0,1,0,0.40371,1
0.4815,4.9338,11.8277,-2.9659,0.0236,0,1,0,0.45812,1
0.4513,4.4983,11.5896,1.9605,0.0242,0,1,0,0.35519,3
0.5142,4.8225,11.9542,0.0322,0.0179,0,1,0,0.18068,1
0.4782,5.2267,12.0727,-1.8093,0.0145,0,1,0,0.54251,1
0.4162,4.4466,12.7082,2.6847,0.0440,0,1,0,1.62007,1
0.3541,3.7879,11.4998,2.2267,0.0287,0,1,0,0.14753,1
0.3788,3.9268,11.8307,2.5786,0.0797,0,1,0,0.35431,3
0.4170,4.0897,12.1576,1.8338,0.0099,0,1,0,0.34368,1
0.3742,4.0712,12.4564,-3.0448,0.0900,0,2,0,0.41814,3
0.3887,4.2509,12.0383,-2.4163,0.0292,0,1,0,0.73623,1
0.3367,3.6646,12.0087,-2.4135,0.1172,0,1,0,0.35833,3
0.5422,5.2197,12.3328,-0.3751,0.0292,0,1,1,0.70535,1
0.3581,3.9302,12.8223,2.3859,0.0479,0,1,1,1.22622,1
0.3917,4.1041,12.9847,-1.8189,0.0198,0,1,0,1.74596,1
0.3712,3.8947,11.7272,-3.1205,0.0259,0,1,0,0.26970,3
0.3880,4.1340,12.9335,2.6062,0.0868,0,1,1,1.67885,1
0.4222,4.4271,12.0186,-2.4138,0.0330,0,1,0,0.68120,3
0.4663,4.7681,11.7128,1.5448,0.0153,0,1,0,0.46437,3
0.3943,3.9710,12.1054,2.1989,0.0194,0,1,0,0.69376,3
0.5470,5.7801,13.0999,-0.6961,0.0121,0,1,0,1.42978,1
0.5459,4.9957,12.0759,-0.4433,0.0763,0,1,0,0.47053,1
0.4691,4.8280,11.9025,-2.5051,0.0298,0,1,0,0.49865,3
0.3627,3.9713,13.0510,-2.8910,0.0942,0,1,1,1.72992,1
0.4823,4.8299,11.8189,2.4660,0.0344,0,1,0,0.36550,1
0.4247,4.2462,11.5680,1.0819,0.0283,0,1,0,0.30737,1
0.3744,4.0661,13.0409,-2.7914,0.0114,0,1,1,2.01039,1
0.4445,4.8323,12.0948,2.1510,0.0207,0,1,0,0.75793,3
0.5491,5.6950,11.9871,-1.1349,0.0092,0,1,0,0.58690,3
0.3949,4.2182,12.3254,-2.7577,0.0949,0,1,1,0.84938,1
0.3569,3.8762,12.1155,3.0640,0.0894,0,1,0,0.94716,3
0.4262,4.2508,12.0152,-0.8597,0.0135,0,1,0,0.50492,1
0.3979,4.2755,12.5737,-2.3881,0.1142,0,1,0,1.43215,1
0.3740,4.1062,12.0131,3.1260,0.0134,0,1,0,0.51280,1
0.4748,5.1982,13.2828,-2.2080,0.0003,1,1,2,2.03315,1
0.4119,4.1226,12.0595,2.6566,0.0470,0,1,0,0.83561,1
0.5251,5.4638,12.2483,0.2773,0.0184,0,1,0,0.69019,1
0.3741,4.0323,11.9356,2.2542,0.0818,0,1,0,0.48125,3
0.4497,4.6063,12.2128,0.5150,0.0025,0,1,0,0.28436,1
0.5029,5.4983,12.7639,-1.0385,0.0087,0,1,0,1.51972,1
0.4684,4.8073,12.0344,-3.0006,0.0241,0,1,0,0.59900,1
0.5302,4.8158,12.2711,-0.6138,0.0380,0,1,0,0.72989,1
0.4254,4.3160,11.6748,1.6821,0.0194,0,1,0,0.20417,3
0.3828,4.1730,12.4553,-2.5076,0.0687,0,1,1,0.97100,3
0.4103,4.1148,12.5773,-0.7407,0.0040,0,1,1,0.93664,1
0.3650,3.9575,11.9359,2.8284,0.1896,0,1,0,0.26248,1
0.5018,4.9117,11.8689,2.2650,0.0027,0,1,0,0.21271,3
0.4166,4.1729,11.8067,-2.2960,0.0091,0,1,0,0.31816,3
0.5250,4.8659,11.7385,-1.8786,0.0008,0,1,0,0.35376,1
0.5116,5.5292,12.1305,2.6117,0.0785,0,1,0,0.42627,1
0.3991,4.2105,12.1611,-3.0821,0.0002,0,1,2,0.60276,1
0.5420,4.9574,11.6812,-0.6849,0.0150,0,1,0,0.24078,1
0.4298,4.3497,11.9776,1.0415,0.0003,0,1,0,0.43034,1
0.3839,4.1957,12.1863,3.0393,0.1047,0,0,3,0.73760,3
0.4530,4.3710,11.7673,-2.2241,0.0159,0,1,0,0.39480,3
0.3343,3.6719,13.0552,2.9244,0.1266,0,1,0,1.77727,1
0.4556,4.5893,11.6992,2.9866,0.0221,0,1,0,0.21554,1
0.3390,3.7335,13.4189,3.0018,0.0145,0,1,1,2.47550,0
0.4378,4.4640,12.0899,2.7395,0.0300,0,1,0,0.22443,3
0.4308,4.3940,11.8210,1.0419,0.0198,1,1,0,0.30959,1
0.3437,3.7074,12.9200,-2.9789,0.0456,0,1,0,1.71013,1
0.5435,5.6963,11.9311,-2.9118,0.0358,0,1,0,0.26402,1
0.4407,4.4373,11.7596,1.2013,0.0124,0,1,0,0.42401,1
0.4502,4.4054,11.9259,1.6698,0.0243,0,1,0,0.21393,3
0.4536,4.6359,11.6969,-2.7317,0.0625,0,1,0,0.19445,1
0.3807,4.0157,11.6962,2.9962,0.1498,0,1,0,0.16002,1
0.5590,5.3008,12.2070,0.2354,0.0115,0,1,0,0.51258,1
0.3747,4.0122,11.9281,-2.7046,0.0558,0,1,0,0.54970,3
0.4889,5.0548,12.0857,-2.5093,0.0024,0,1,0,0.81542,3
0.4001,4.3844,12.0548,2.8194,0.0248,0,1,0,0.42491,3
0.4146,4.5022,12.4382,2.6908,0.0535,0,1,1,1.15234,3
0.4764,4.6503,12.1859,-1.0825,0.0296,0,1,1,0.68369,1
0.4545,4.2613,12.0791,-0.2806,0.0080,0,1,0,0.21799,1
0.3399,3.7327,11.7431,-3.0614,0.0570,0,1,0,0.48372,1
0.3845,4.2354,12.0807,-2.8119,0.0821,0,1,2,1.09035,2
0.4013,4.4324,11.8763,-2.5974,0.0548,0,1,0,0.24898,2
0.4514,4.8520,11.8898,3.0851,0.0883,0,1,0,0.26055,1
0.4281,4.5498,11.7088,-2.3700,0.0278,0,1,0,0.15552,3
0.4097,4.3039,13.0223,-1.5211,0.0017,0,2,0,1.68661,1
0.3286,3.6235,13.1938,-2.6438,0.0640,0,2,1,1.89661,0
0.4642,4.4142,11.7689,2.0693,0.0179,0,1,0,0.17603,1
0.4307,4.2564,12.3046,1.5580,0.0059,0,1,1,0.88084,1
0.5036,4.8897,12.4073,2.7213,0.0078,0,1,0,0.85642,1
0.4396,4.7429,12.2471,1.8021,0.0307,0,2,0,0.76450,1
0.4029,4.1541,12.5573,-2.1075,0.0014,0,1,0,1.18985,1
0.4659,4.8228,11.8366,-1.2438,0.0639,0,0,1,0.14627,1
0.3887,4.1653,11.8927,-2.4732,0.0617,0,1,0,0.45827,3
0.3961,4.0121,11.8769,-3.0312,0.0655,0,1,0,0.17180,1
0.4073,4.3978,12.7211,2.7494,0.0800,0,1,0,1.46428,1
0.4831,4.5810,12.0636,-1.3635,0.0162,0,1,0,0.60332,1
0.3776,4.1186,11.9529,-2.9059,0.0928,0,1,0,0.47430,3
0.3945,4.1058,12.4535,2.9859,0.0716,0,1,1,0.84396,1
0.4288,4.1296,12.0780,2.0954,0.0150,0,1,0,0.50686,1
0.3863,4.2312,11.9822,-2.6767,0.1255,0,1,0,0.34193,3
0.3749,4.1274,12.1479,2.4309,0.0641,0,1,0,0.71251,2
0.4262,4.4396,12.3054,-3.1045,0.0093,0,1,0,1.12999,1
0.4565,4.3476,11.9941,3.0758,0.0124,0,1,0,0.37706,1
0.3594,3.9162,12.5505,-2.9717,0.0374,0,1,0,1.32103,1
0.4088,4.0785,11.6947,3.0457,0.0368,0,1,0,0.25336,3
0.3906,4.1250,12.2090,-2.6471,0.0967,0,1,0,0.96614,1
0.4242,4.2963,12.7013,-2.6281,0.0107,0,1,0,0.86911,1
0.3642,3.9316,12.6500,2.5189,0.1609,0,1,0,1.54037,1
0.4794,5.1821,12.1462,2.5604,0.0702,0,1,0,0.58248,1
0.4869,4.9150,11.8676,-2.8620,0.0395,0,1,0,0.24670,1
0.3915,3.9645,12.0302,1.4509,0.0061,1,1,0,0.62755,1
0.4506,4.8159,11.8738,2.8999,0.0342,0,1,0,0.22081,3
0.4063,4.4078,11.6699,1.8725,0.0425,0,1,0,0.36798,1
0.4231,4.2603,12.0002,2.1061,0.0205,0,1,0,0.62490,3
0.4103,4.2989,12.0916,3.0803,0.0413,0,1,1,0.58464,3
0.3873,4.1890,11.7108,-2.8075,0.0218,0,1,0,0.24945,1
0.4343,4.6600,11.6272,-2.3906,0.1017,0,1,0,0.19476,3
0.3523,3.8832,11.9962,2.6352,0.0249,0,1,0,0.69876,0
0.4862,5.2078,11.8285,2.7348,0.0618,0,1,0,0.43943,1
0.4200,4.2051,12.0653,-1.9991,0.0461,0,1,0,0.59833,3
0.3679,3.9825,11.8797,-2.7801,0.0696,0,1,0,0.28000,3
0.4194,4.2472,12.2413,-2.6476,0.0758,0,1,0,0.77974,1
0.4478,4.8499,11.7074,2.9729,0.0721,0,1,0,0.32162,1
0.5395,5.4380,11.9849,1.1221,0.0232,0,1,0,0.34549,3
0.4248,4.5857,11.8230,2.3886,0.0052,0,1,0,0.50852,1
0.4367,4.3496,11.6616,-2.7775,0.0042,0,1,0,0.36542,3
0.4063,4.4409,11.6762,2.5142,0.2163,0,1,0,0.24637,1
0.3620,3.8408,12.1835,-2.7996,0.0313,0,1,1,0.91251,3
0.4660,4.3053,11.8767,-0.3769,0.0114,0,1,0,0.22852,1
0.4710,4.5334,12.2061,-0.8856,0.0212,0,1,0,0.38392,1
0.4151,4.1365,11.8487,-1.4536,0.0336,0,1,0,0.27927,1
0.4093,4.3445,11.9327,2.9364,0.0514,0,1,0,0.48325,3
0.3334,3.6477,12.7323,2.9095,0.0359,0,1,1,1.51311,1
0.4923,4.7657,11.9050,-1.6697,0.0110,0,1,0,0.27238,3
0.4306,4.4507,12.1940,2.7698,0.0054,0,1,0,0.88944,3
0.3898,4.3002,11.8389,2.9388,0.0174,0,1,0,0.51475,0
0.3598,3.9229,12.9770,2.1994,0.0644,0,1,0,1.34657,1
0.4832,5.2269,12.5289,-2.6088,0.0011,0,1,1,1.02219,1
0.4958,4.5487,11.6867,0.6885,0.0118,0,0,0,0.00000,1
0.4734,5.0979,12.9920,1.9139,0.0049,0,1,1,1.72058,1
0.4926,5.3894,12.0181,2.9959,0.0296,0,1,0,0.60871,3
0.4928,5.3196,11.9895,2.2499,0.0371,0,1,0,0.63462,3
0.3816,4.1932,12.3170,3.0157,0.1381,0,1,1,1.15397,1
0.5364,4.9363,12.0571,0.4878,0.0152,0,1,0,0.50978,1
0.4366,4.2576,11.6197,1.7546,0.0156,0,1,0,0.19464,3
0.3886,3.9811,12.7447,2.1561,0.0478,0,1,2,1.05540,1
0.4107,4.4970,13.2813,2.9655,0.0390,0,1,0,0.89319,1
0.5072,5.4931,12.0754,-2.2889,0.0139,0,1,0,0.58077,3
0.4716,5.1522,12.7292,1.5368,0.0332,0,1,0,1.62257,1
0.4123,4.3639,12.0815,-2.7376,0.0556,0,1,1,0.58315,3
0.4710,4.9549,11.9039,-2.1242,0.0318,0,1,0,0.30433,3
0.4753,4.5141,11.7423,-2.9923,0.0067,0,1,0,0.42898,1
0.4627,4.3094,11.9612,0.6274,0.0024,0,1,0,0.55699,1
0.4131,4.2196,11.6757,-2.2279,0.0104,0,1,0,0.16267,3
0.5473,5.3539,12.5411,1.2196,0.0378,0,1,0,0.55837,1
0.4961,5.0479,12.1279,2.3510,0.0342,0,0,0,0.00000,1
0.4159,4.1177,12.1183,2.5912,0.0197,0,1,0,0.74271,1
0.4133,4.0783,12.7217,1.1317,0.0048,0,1,0,1.39092,1
0.4569,4.2785,11.7096,0.2197,0.0283,0,1,0,0.38260,1
0.3550,3.7736,13.1608,2.8183,0.0328,1,0,5,1.94657,1
0.4112,4.2235,12.4895,3.0646,0.0445,0,1,1,1.08599,1
0.4466,4.5375,11.7990,-2.1570,0.0032,0,1,0,0.46253,3
0.5266,5.5057,12.4225,-1.2041,0.0167,0,1,1,0.95347,1
0.4294,4.6971,11.6900,3.1018,0.0090,0,1,0,0.39059,1
0.4369,4.3760,12.4112,1.7960,0.0362,0,1,0,1.04883,1
0.4008,4.2326,11.9001,-2.5338,0.0652,0,1,0,0.42788,3
0.4518,4.6965,11.9845,2.7459,0.0565,0,0,0,0.00000,1
0.5003,5.2499,12.4412,2.5309,0.0183,0,1,0,0.39314,1
0.4744,4.8677,12.0090,-2.8795,0.0339,0,1,0,0.57702,1
0.4313,4.2766,11.8197,-1.4551,0.0051,0,1,0,0.35237,3
0.4487,4.7444,11.9665,-2.7387,0.0721,0,1,0,0.40253,1
0.4490,4.7887,12.7705,-2.4223,0.0105,0,1,0,1.39299,1
0.3420,3.7032,12.6883,2.7083,0.0553,0,2,0,0.90486,1
0.4372,4.3955,12.9540,-2.2665,0.0052,0,1,1,1.68315,1
0.3438,3.7405,12.1666,2.9293,0.2049,0,1,0,0.73912,1
0.4342,4.6134,11.5295,2.0360,0.0090,0,0,0,0.00000,1
0.3671,4.0427,12.0238,-2.5165,0.0350,0,1,0,0.56646,0
0.4752,4.3761,12.0195,-3.0328,0.0005,0,1,0,0.50385,1
0.3748,4.0150,12.9744,-2.7959,0.0673,0,1,1,1.93009,1
0.5059,4.9974,11.8419,1.5793,0.0133,0,1,0,0.27264,3
0.3486,3.7692,12.0058,-2.7296,0.1498,0,1,0,0.28528,3
0.3681,3.9953,12.7059,2.9394,0.0661,0,1,0,1.41471,1
0.4392,4.8273,11.7516,2.6072,0.1142,0,1,0,0.31512,1
0.3810,3.9415,12.4495,3.0977,0.0382,0,1,0,1.16866,1
0.4212,4.3394,11.9246,1.5694,0.0099,0,1,0,0.62550,1
0.4534,4.8917,12.1876,1.6839,0.0260,0,1,1,0.50546,1
0.3927,4.2350,11.7370,2.0417,0.0375,0,1,0,0.26596,1
0.5220,5.6241,12.0064,-3.0607,0.0524,0,1,0,0.48386,1
0.3926,4.1125,12.9959,2.9000,0.0056,0,1,1,1.63203,1
0.4180,4.5535,11.9278,2.7052,0.0224,0,1,0,0.39292,3
0.3973,4.1263,12.3606,2.5129,0.0443,0,1,0,1.05318,1
0.4832,4.5381,12.2722,-1.0389,0.0016,0,1,1,0.83235,1
0.5296,5.2877,12.0874,-1.7428,0.0254,0,1,0,0.64871,1
0.3569,3.8396,12.5289,-2.0407,0.0266,0,1,0,1.30421,1
0.3628,3.8582,12.4322,2.7301,0.1486,0,1,2,1.08607,1
0.5284,4.8852,12.4697,-0.4149,0.0480,0,1,2,0.97148,1
0.3908,4.0168,11.7522,-3.0269,0.0425,0,1,0,0.15084,3
0.4742,5.0119,12.4616,-2.5404,0.0189,0,1,0,1.20303,1
0.4562,4.8536,12.2327,-2.5985,0.0831,0,1,0,1.08256,1
0.4179,4.0858,12.0210,3.1038,0.0397,0,0,4,0.72051,1
0.4351,4.7856,11.7136,-2.8007,0.1366,0,1,0,0.45059,1
0.3957,4.1086,12.4369,2.2714,0.0786,0,2,0,1.19252,1
0.4591,4.9985,11.7819,-2.4506,0.0205,0,1,0,0.44461,3
0.3774,4.0112,12.9790,-2.4105,0.0316,0,1,1,1.90102,1
0.5259,5.1665,12.1189,-1.5622,0.0005,0,1,0,0.76331,1
0.3556,3.8677,13.2437,-2.6743,0.0821,0,1,1,1.86038,1
0.3416,3.7688,11.7963,-2.6290,0.1418,0,1,0,0.55885,2
0.5022,5.4111,11.6971,-2.1840,0.0389,0,1,0,0.39604,3
0.4375,4.5558,12.1875,-2.4244,0.0543,0,1,0,0.89097,3
0.5126,5.4310,12.3082,3.0891,0.0307,0,1,0,1.02415,1
0.4939,4.7431,12.0465,-0.7717,0.0051,0,1,0,0.53187,1
0.4548,4.4030,11.6929,-2.4309,0.0017,0,1,0,0.24009,3
0.3869,3.9599,11.7578,-2.6524,0.1257,0,1,0,0.46802,1
0.3891,4.2539,12.3485,2.7353,0.0568,1,1,1,1.09827,3
0.4481,4.5509,12.4732,-3.1354,0.0302,0,1,1,1.16948,1
0.3536,3.7778,11.8671,3.0425,0.1877,0,1,0,0.31307,1
0.4070,4.4222,11.9331,-2.2970,0.0280,0,1,0,0.20826,1
0.3819,3.9024,12.4497,2.4734,0.0119,0,1,0,0.97143,1
0.4852,5.1785,11.9911,-2.8434,0.0189,0,0,0,0.00000,3
0.4256,4.1761,11.7105,2.3476,0.0014,0,1,0,0.16556,3
0.5255,5.6219,12.0871,1.5219,0.0194,0,1,0,0.42076,3
0.3890,3.9434,11.7840,1.9606,0.0323,0,1,0,0.35579,3
0.4247,4.3335,12.1770,-1.2035,0.0181,0,1,0,0.63176,1
0.4876,4.5453,12.1414,-1.2528,0.0024,0,1,0,0.62141,1
0.3782,3.9276,11.8912,1.7495,0.0390,0,1,0,0.26877,1
0.4705,4.6104,11.7866,-1.2017,0.0461,0,1,0,0.43989,3
0.4712,4.6333,12.2209,-1.2709,0.0069,0,1,0,0.70860,1
0.4956,4.5574,11.9289,-0.1046,0.0243,0,1,0,0.44596,1
0.4321,4.1971,11.5934,-1.5168,0.0340,0,1,0,0.17668,3
0.4066,4.3346,11.9151,-2.8844,0.0458,0,1,1,0.39412,3
0.3489,3.7897,12.3157,-2.8858,0.1552,0,1,0,1.12743,1
0.4851,5.3048,12.4454,-2.8732,0.0395,0,1,0,1.08465,3
0.4469,4.2659,11.5980,-2.3866,0.0484,0,1,0,0.33168,1
0.3908,4.2498,11.9443,1.9426,0.0251,0,1,0,0.48112,1
0.4871,5.0963,12.2980,-1.3165,0.0459,0,1,1,0.44371,1
0.4301,4.2283,11.7487,1.7245,0.0084,0,1,0,0.30464,3
0.4993,4.5802,11.7498,-0.5347,0.0266,0,0,0,0.00000,1
0.4122,4.3538,11.9167,2.2569,0.0513,0,1,0,0.33925,3
0.4782,4.4745,11.9433,-0.7883,0.0010,0,1,0,0.25445,1
0.3597,3.8729,13.2389,3.0403,0.0707,0,1,3,1.63815,1
0.5219,5.1244,11.8657,-0.0965,0.0090,0,1,0,0.43110,3
0.4089,4.1385,12.0471,-2.9032,0.0345,0,1,0,0.41099,3
0.4493,4.5032,12.5479,-1.2603,0.0104,0,1,0,1.16624,1
0.4109,4.3293,11.7678,2.7612,0.0659,0,1,0,0.39613,3
0.4370,4.3329,11.6936,2.1659,0.0223,0,1,0,0.44663,3
0.3926,4.1011,12.3665,-2.2691,0.0434,0,1,0,1.00471,1
0.3825,4.2210,12.0532,-2.8202,0.0868,0,1,0,0.87576,2
0.3335,3.6800,12.6658,2.9807,0.0654,0,1,1,1.47229,0
0.3583,3.8820,12.1096,2.9994,0.1551,0,1,0,0.30169,1
0.3722,4.0794,11.7436,2.6069,0.0622,0,1,0,0.48735,3
0.5064,5.0502,12.4201,-1.1148,0.0120,0,1,0,1.08137,1
0.4206,4.6312,12.0184,2.4427,0.0314,0,1,0,0.31471,2
0.3708,3.9575,11.8331,3.0671,0.1420,0,1,0,0.26195,1
0.4504,4.9551,12.1070,2.8646,0.1089,0,1,0,0.69004,1
0.5115,4.9718,12.0859,-1.8360,0.0141,0,1,0,0.48690,1
0.3637,3.8938,12.2634,-2.9060,0.0134,0,1,0,0.83315,1
0.4609,4.3924,12.2378,-2.3125,0.0064,0,1,1,0.85174,1
0.4388,4.2944,12.2895,-1.1338,0.0261,0,1,0,1.00667,1
0.4469,4.8921,11.7469,2.1618,0.0076,0,1,0,0.37055,1
0.4178,4.1045,12.1337,2.2506,0.0199,0,1,0,0.51276,1
0.3715,4.0600,13.1499,2.7808,0.0412,0,1,2,2.67861,1
0.5347,5.0959,11.9495,-0.8575,0.0177,0,1,0,0.59163,1
0.4010,4.2647,12.2837,2.8859,0.0200,0,1,1,0.84759,3
0.3573,3.8976,11.9268,-3.0626,0.1775,0,1,0,0.71553,1
0.4048,4.3210,12.4509,2.3129,0.0037,0,1,0,0.93701,1
0.3715,3.9256,12.1099,3.0749,0.0749,0,1,1,0.76511,3
0.4783,5.0231,12.3474,1.2862,0.0391,0,1,0,0.74049,1
0.4163,4.3485,11.9025,2.0960,0.0432,0,1,0,0.32197,3
0.5781,5.8920,11.6812,-1.1565,0.0539,0,1,0,0.25060,3
0.4943,4.6188,12.0218,-1.8809,0.0278,0,1,0,0.40287,1
0.3967,4.1913,11.8291,2.6513,0.0553,0,1,0,0.56907,3
0.4794,4.7993,11.8526,-2.8639,0.0003,0,1,0,0.18163,3
0.4432,4.3116,11.7210,2.7963,0.0223,0,1,0,0.29403,1
0.4380,4.3274,12.6378,2.4541,0.0233,0,1,1,1.31627,1
0.3512,3.7897,12.3691,3.0357,0.0284,0,1,1,0.52031,1
0.6110,5.9398,12.3351,-1.4891,0.0025,0,1,1,0.70876,1
0.4304,4.6332,11.6038,2.7302,0.0706,0,1,0,0.25110,3
0.4004,4.4005,12.4087,2.9365,0.0507,0,1,0,1.11165,3
0.4943,4.9926,11.9693,2.6100,0.0025,0,1,0,0.34682,3
0.3745,3.9396,11.8979,3.0459,0.0140,0,1,0,0.37887,1
0.4270,4.3878,12.2186,1.2812,0.0032,0,1,0,0.69464,1
0.4135,4.1980,12.0693,3.1364,0.0164,0,1,0,0.64278,3
0.3804,4.0622,11.8155,-2.2675,0.0638,0,1,0,0.43989,3
0.3988,4.4027,12.6989,2.6461,0.0364,0,1,0,1.41361,0
0.3567,3.8097,12.9983,2.9177,0.0083,0,2,1,1.63423,1
0.3617,3.9770,12.0841,-3.0191,0.0371,0,1,0,0.81638,1
0.4238,4.2846,12.0697,-2.6571,0.0674,0,1,0,0.89105,1
0.4047,4.3708,11.6917,-2.8101,0.1626,0,1,0,0.23661,1
0.4927,5.2710,12.2207,-1.7721,0.0083,0,1,2,0.91916,3
0.4625,4.8772,11.9256,-1.4826,0.0018,0,1,0,0.33671,1
0.3801,3.9044,12.1495,2.9253,0.0278,0,1,0,0.77671,3
0.4683,4.4553,12.0158,-1.5233,0.0192,0,1,0,0.39594,1
0.4163,4.1348,11.7589,1.0141,0.0131,0,1,0,0.17614,1
0.3945,4.1439,11.8481,-2.6959,0.0419,0,1,0,0.69320,3
0.4256,4.6158,11.9152,2.7630,0.0250,0,1,0,0.54570,3
0.3750,4.1034,12.1349,2.9063,0.0282,0,1,0,0.74203,1
0.4786,5.1714,12.4803,-1.4102,0.0110,0,1,1,0.78634,1
0.4060,4.2097,12.1531,2.8296,0.0232,0,1,0,0.71846,3
0.4538,4.9191,11.7871,-1.7942,0.0326,0,0,0,0.00000,1
0.5144,5.1442,11.9571,-0.5070,0.0097,0,1,0,0.23105,3
0.3720,4.0945,12.4852,-2.7638,0.0155,0,1,0,0.90312,1
0.4142,4.2159,11.8622,-2.0181,0.0118,0,1,0,0.47562,3
0.3705,3.9890,13.0528,2.3450,0.0487,0,1,1,1.78781,1
0.4816,4.7572,12.1567,-0.1316,0.0078,0,1,0,0.69854,1
0.3405,3.7583,12.0341,2.3277,0.1276,0,1,0,0.79100,2
0.3415,3.7530,11.9106,-2.9567,0.1839,0,1,0,0.41813,1
0.3304,3.6293,12.5179,-2.7340,0.1378,1,1,1,1.41266,3
0.4316,4.4741,11.9142,2.9271,0.0327,0,1,0,0.29185,3
0.4329,4.5207,11.7120,1.8660,0.0178,0,1,0,0.38925,1
0.5999,5.5399,11.7096,0.4333,0.1011,0,1,0,0.20463,1
0.4539,4.7303,11.6076,2.2406,0.0782,0,1,0,0.27140,3
0.3685,4.0531,12.6961,3.1228,0.0345,0,1,2,1.35545,1
0.4512,4.6925,11.9782,1.9127,0.0194,0,1,0,0.57600,3
0.3447,3.7093,12.5281,2.8707,0.1425,0,1,1,0.81209,1
0.3884,4.0368,11.8401,-3.0331,0.0372,0,1,0,0.35712,3
0.4010,4.1096,12.5697,-2.1140,0.0344,0,1,1,1.18440,1
0.4001,4.1418,13.1084,1.8307,0.0128,1,2,0,1.85173,1
0.4899,4.6478,12.5510,-1.3483,0.0201,0,1,0,1.02692,1
0.3982,4.2141,11.7476,2.6381,0.1324,0,1,0,0.30593,1
0.4537,4.5110,11.8129,1.1524,0.0169,0,1,0,0.28185,1
0.3486,3.7509,12.7052,2.3477,0.0370,0,1,0,1.37909,1
0.4433,4.5641,11.9485,-2.2076,0.0257,0,1,0,0.29100,3
0.4488,4.4310,11.7796,-1.1880,0.0117,0,1,0,0.18687,3
0.5526,5.3882,12.6775,0.5409,0.0208,0,1,1,1.18886,1
0.4623,4.3949,11.8954,2.4241,0.0106,0,1,0,0.29375,1
0.4522,4.6443,11.9488,2.8123,0.0130,0,1,0,0.52956,3
0.3673,3.8987,12.9470,2.4997,0.0536,0,1,1,1.21455,1
0.4908,4.4380,11.7596,-0.2248,0.0197,0,1,0,0.38229,1
0.4238,4.5337,11.9252,-2.5167,0.0347,0,1,0,0.42900,3
0.4385,4.3014,12.0638,2.6603,0.0244,0,1,0,0.56103,1
0.5578,5.8280,13.0608,-1.2633,0.0017,0,1,1,1.95651,1
0.5185,5.5593,12.0858,2.8097,0.0264,0,1,0,0.61381,1
0.4353,4.4058,11.8848,2.5711,0.0311,0,1,0,0.52931,3
0.3798,4.0842,11.6134,2.8632,0.0292,0,1,0,0.19232,3
0.4077,4.3467,12.1722,-2.0009,0.0603,0,1,0,0.42722,3
0.4521,4.6231,12.0990,-2.3057,0.0485,0,1,0,0.61115,1
0.4852,4.5466,11.7582,0.7128,0.0665,0,1,0,0.23603,1
0.3643,3.8254,12.3906,2.7285,0.0745,0,1,1,1.11894,1
0.4758,4.9474,11.8719,-2.4146,0.0028,0,1,0,0.55754,3
0.6139,5.8413,12.2890,0.3951,0.0045,0,1,0,0.70302,1
0.5283,5.6276,12.0571,-2.0595,0.0519,0,1,0,0.44019,3
0.3428,3.7494,12.0941,2.8745,0.2200,0,1,0,0.42888,1
0.4808,5.1502,12.3255,1.8969,0.0137,0,1,0,0.69392,3
0.4504,4.9090,11.8951,1.8425,0.0089,0,1,0,0.34147,1
0.3304,3.6242,12.4521,3.0678,0.0964,0,1,2,0.75448,3
0.3677,3.8609,12.1529,2.0350,0.0395,0,1,0,0.73140,1
0.3871,3.9899,11.8573,-1.7526,0.0048,0,1,0,0.50975,1
0.4064,4.0512,12.3627,1.8571,0.0112,0,1,1,0.85469,1
0.3753,3.9964,12.3414,-2.5791,0.1274,0,1,1,1.04911,1
0.4364,4.1691,11.9867,-2.1860,0.0162,0,1,0,0.54298,1
0.4760,4.4355,11.9365,-1.7144,0.0393,0,1,0,0.17464,1
0.5023,4.8996,11.9623,-0.7373,0.0335,0,1,0,0.29240,1
0.4247,4.2050,11.8827,-1.6677,0.0186,0,1,0,0.52828,3
0.3805,4.1548,13.0123,2.9370,0.0738,0,1,0,1.76498,1
0.4076,4.3834,12.2072,1.7967,0.0192,0,1,0,0.69807,1
0.4268,4.2786,11.6063,-0.6538,0.0031,0,1,0,0.20063,1
0.3412,3.7469,12.7233,2.8585,0.1160,0,1,0,1.50643,1
0.4033,4.0585,11.8397,-2.4795,0.0702,0,1,0,0.34976,1
0.4016,4.0700,11.8214,2.1239,0.0319,0,1,0,0.22461,3
0.5089,5.3627,12.4035,-2.3739,0.0124,0,1,0,1.00180,1
0.3671,4.0046,12.7281,2.4793,0.0408,0,1,1,1.58285,1
0.4313,4.3642,12.6114,-2.5444,0.0116,0,1,1,1.00672,1
0.3556,3.9065,13.2910,2.4420,0.0280,0,1,1,2.30032,1
0.4813,5.2194,11.7096,-2.7664,0.0070,0,1,0,0.21855,3
0.4513,4.6274,11.9794,2.3884,0.0464,0,0,2,0.56250,3
0.4294,4.4192,11.8363,-1.4462,0.0372,0,1,0,0.51013,1
0.4462,4.6969,11.7512,-1.9179,0.0525,0,1,0,0.39414,3
0.4163,4.1159,11.9653,2.5501,0.0307,0,1,0,0.43858,3
0.3724,3.9341,13.0993,-3.1294,0.0457,0,1,0,1.79248,1
0.4073,4.2838,11.5429,-2.4475,0.0085,0,1,0,0.23178,1
0.4863,5.2611,12.0506,0.9207,0.0012,0,1,0,0.38871,1
0.5182,4.9950,11.9337,-1.8937,0.0174,0,1,0,0.14841,1
0.3928,4.0174,12.6200,-2.5483,0.0434,0,1,0,1.52251,1
0.4163,4.4261,12.4833,-2.5812,0.0035,0,1,1,1.11839,1
0.4550,4.8331,12.2003,2.7238,0.0163,0,1,0,0.80199,3
0.4461,4.9197,12.0993,-2.1917,0.0133,0,1,0,0.76240,0
0.3738,3.8968,13.0579,-2.4080,0.0185,1,1,1,1.85510,1
0.4376,4.1708,11.6680,0.5810,0.0109,0,1,0,0.27529,1
0.3945,4.0973,11.7843,-1.9135,0.0158,0,1,0,0.30937,1
0.4447,4.5587,11.7572,-2.5480,0.0022,0,1,0,0.35479,3
0.3651,3.8349,11.9615,2.5616,0.1379,0,1,0,0.38583,1
0.4571,4.6206,12.0613,-1.4272,0.0006,0,1,0,0.51284,3
0.4131,4.5380,12.0290,-2.4045,0.0386,0,1,0,0.59229,3
0.4588,4.8961,12.0645,2.4119,0.0127,0,1,0,0.53977,3
0.3460,3.8180,11.9584,2.6068,0.1747,0,1,0,0.56032,2
0.3303,3.6383,11.7852,-2.7320,0.1293,0,1,0,0.17816,2
0.4955,5.3134,11.5879,2.2982,0.0084,0,1,0,0.31751,3
0.4229,4.2345,11.8510,2.5142,0.0008,0,1,0,0.22141,3
0.4048,4.3957,12.0609,-3.0147,0.1017,0,1,0,0.80314,1
0.3927,4.3281,12.4449,2.8055,0.0868,0,1,1,1.20858,2
0.3669,3.9672,12.4051,2.3738,0.0688,0,1,0,1.23226,3
0.4870,5.1412,12.6023,1.2522,0.0039,0,1,1,0.99945,1
0.4277,4.3313,11.9332,-1.1993,0.0106,0,2,0,0.46019,1
0.4457,4.7252,13.0845,-2.6391,0.0159,0,1,3,1.69490,1
0.3952,3.9800,12.1222,-2.8909,0.0546,0,1,1,0.73130,1
0.5232,5.4367,12.1161,1.4047,0.0194,0,1,0,0.43428,3
0.3874,4.0397,12.1577,-3.0396,0.1071,0,1,0,0.53325,1
0.3316,3.6352,12.6920,2.2406,0.0339,0,1,0,1.61317,1
0.4064,4.1974,11.7174,-2.9685,0.0934,0,1,0,0.20195,1
0.4173,4.3297,12.0452,1.8049,0.0034,0,1,0,0.22131,1
0.6619,6.1303,11.9450,-0.5804,0.0463,0,1,0,0.39994,1
0.4803,4.5011,11.9090,0.6151,0.0359,0,1,0,0.49246,1
0.4050,4.2169,11.5278,1.6379,0.0170,0,0,0,0.00000,1
0.4504,4.7861,11.8279,2.6107,0.0177,0,1,0,0.62963,3
0.4974,5.0572,12.0905,-3.1410,0.0190,0,1,0,0.31532,1
0.4698,5.1805,13.3557,2.1392,0.0195,0,1,1,2.18422,0
0.5331,5.2150,12.0991,1.1236,0.0607,0,1,0,0.62566,1
0.4709,4.8476,11.6325,3.0013,0.0476,0,1,0,0.27583,1
0.5219,5.1013,11.8499,1.8049,0.0072,0,1,0,0.27972,3
0.4373,4.7690,12.4979,3.1050,0.0939,0,1,1,1.27815,1
0.4042,4.0707,11.8069,1.1852,0.0119,0,1,0,0.29228,1
0.3637,3.8168,11.8081,2.7141,0.0798,0,1,0,0.23943,3
0.4344,4.3362,11.9836,-1.9713,0.0533,0,1,0,0.62879,3
0.3409,3.6815,11.6479,3.1239,0.0343,0,1,0,0.38744,1
0.5104,4.6217,12.0368,1.1273,0.0149,0,1,0,0.37001,1
0.4363,4.4796,11.9161,2.1134,0.0086,0,1,0,0.42961,3
0.5161,4.9107,12.3323,0.3844,0.0024,1,1,0,0.36807,1
0.3817,4.1967,12.4154,-2.9815,0.0245,0,1,1,1.14798,1
0.4931,5.1539,11.6927,-0.3294,0.0055,0,1,0,0.47132,1
0.4436,4.4920,12.7823,2.5903,0.0365,0,1,1,1.07740,1
0.5101,5.3312,11.9190,2.8495,0.0086,0,1,0,0.50823,3
0.4713,4.9372,11.6760,1.5545,0.0283,0,1,0,0.30485,3
0.3692,3.9605,12.9983,3.0390,0.0794,0,1,1,1.89869,1
0.4076,4.3388,11.9207,-2.2050,0.0106,0,1,0,0.68330,1
0.4066,4.1435,12.0375,-2.2316,0.0053,0,1,0,0.59595,3
0.3526,3.8748,11.8752,-2.6553,0.1478,0,1,0,0.60950,3
0.4173,4.5974,11.9679,-3.0936,0.0237,0,1,0,0.56888,2
0.3981,4.3245,12.9830,-2.8065,0.0954,0,1,1,1.59396,1
0.4845,5.2947,12.0744,-1.3443,0.0073,0,1,0,0.58863,1
0.3725,4.1033,12.1567,-2.9951,0.1457,0,1,0,0.96731,0
0.4198,4.5627,11.9036,2.3410,0.0013,0,1,0,0.26577,1
0.4270,4.1831,11.8209,-2.0978,0.0605,0,1,0,0.26104,1
0.4169,4.5141,12.5373,-2.2924,0.0651,0,1,0,1.21430,1
0.3881,3.9993,12.3614,-2.0111,0.0441,0,1,1,1.16087,1
0.4788,4.9407,12.6007,-1.7872,0.0149,0,1,1,1.26379,1
0.4586,4.4341,11.8458,-1.4673,0.0255,0,1,0,0.42927,3
0.3522,3.7528,12.0713,2.7418,0.0678,0,1,0,0.53701,3
0.4646,5.0330,12.1118,2.0553,0.0068,0,1,0,0.95263,1
0.3945,4.0597,11.9699,2.2615,0.0397,0,1,0,0.58072,3
0.4909,5.2511,12.3887,-2.1943,0.0731,0,1,1,0.88534,1
0.4935,4.5728,12.2748,-0.1554,0.0017,0,1,1,0.81106,1
0.4918,5.0451,12.0364,-1.0724,0.0090,0,1,1,0.59093,1
0.4670,5.1099,11.7771,2.4861,0.0018,0,1,0,0.37418,1
0.3984,4.1096,11.9050,-2.3077,0.0365,0,1,0,0.36414,3
0.5376,5.4019,11.9969,-2.7380,0.0009,0,1,0,0.15138,3
0.4810,4.3711,11.7731,-0.1599,0.0003,0,1,0,0.40277,1
0.3935,4.2906,12.2617,2.5933,0.1470,0,1,0,0.66944,1
0.4504,4.3351,11.8675,-0.6710,0.0024,0,1,0,0.36877,3
0.4152,4.4342,11.8894,-2.8439,0.0908,0,1,0,0.52746,1
0.4509,4.5642,12.0675,-2.1344,0.0139,0,1,0,0.84600,3
0.4954,4.7468,12.0739,0.9783,0.0150,0,1,0,0.68497,1
0.4345,4.4855,12.2093,-2.7770,0.0404,0,2,0,0.82725,1
0.4043,4.2113,11.5528,2.2581,0.0306,0,1,0,0.30791,3
0.4411,4.6147,12.3185,-1.6726,0.0443,0,1,0,0.81361,1
0.3457,3.7365,11.7825,3.0451,0.0411,0,1,0,0.56185,1
0.4608,4.8353,11.9948,-2.3238,0.0059,0,1,1,0.43723,3
0.4726,4.5236,11.9443,-0.9607,0.0122,0,1,0,0.25895,1
0.4913,4.6658,11.9929,-0.8288,0.0322,0,1,0,0.50541,1
0.5648,5.6367,12.1559,-1.3541,0.0295,0,1,0,0.41417,1
0.3993,4.3930,12.2821,-3.1135,0.0041,0,1,2,0.88974,1
0.4380,4.4525,11.5697,2.1504,0.0054,0,1,0,0.22906,3
0.4628,4.7745,12.4223,2.4756,0.0464,0,1,0,1.17161,1
0.4233,4.2427,11.8080,1.1085,0.0069,0,0,0,0.00000,1
0.4554,4.6760,12.0914,1.5361,0.0120,0,1,1,0.74374,3
0.4365,4.2822,12.1066,3.0221,0.0309,0,1,0,0.35187,1
0.4615,4.3337,11.7802,-1.0620,0.0191,0,1,0,0.42544,3
0.4636,4.3428,11.8702,2.5232,0.0033,0,1,0,0.27908,1
0.4632,4.9539,11.6499,-2.5596,0.0314,0,1,0,0.18993,3
0.4839,5.2741,11.9860,2.6582,0.0138,0,1,0,0.73081,3
0.4824,5.2223,11.9122,-2.0721,0.0372,0,1,0,0.58350,3
0.4544,4.5969,11.8990,-3.0264,0.0186,0,1,0,0.44105,3
0.3643,4.0193,12.5208,-3.1357,0.1054,0,1,0,1.38144,2
0.3437,3.7176,12.1285,-2.6600,0.1080,0,1,0,0.81195,3
0.5340,5.4129,11.7225,0.0290,0.0072,0,1,0,0.15807,3
0.3840,4.0896,12.0288,2.8717,0.1443,0,1,0,0.54351,1
0.5233,5.5883,13.1419,1.0370,0.0140,0,1,1,1.57647,1
0.4211,4.4864,12.4075,1.8056,0.0164,0,1,0,1.02630,1
0.3490,3.7788,13.0261,-3.0795,0.0109,0,2,3,2.07664,1
0.4671,5.1391,11.5611,-2.8028,0.0536,0,1,0,0.27053,3
0.4741,4.4965,11.6866,-0.2514,0.0370,0,1,0,0.21758,1
0.3929,4.2903,12.2201,3.1370,0.0307,0,1,1,0.92876,3
0.4254,4.1870,11.8726,-2.1312,0.0147,0,1,0,0.26505,3
0.3811,4.0623,12.0937,2.9725,0.0614,0,1,1,0.72237,3
0.4240,4.1894,11.6584,3.0167,0.0278,0,1,0,0.34817,1
0.4168,4.2505,11.8733,-3.1030,0.0613,0,1,0,0.25896,1
0.4572,5.0330,12.1421,-2.9815,0.0128,0,1,0,0.63128,2
0.4421,4.3558,11.6000,3.0926,0.0032,0,1,0,0.17994,3
0.4431,4.5370,12.5413,2.6731,0.0365,0,1,0,1.21290,1
0.3663,3.8659,12.0533,-2.5986,0.0206,0,1,0,0.66031,1
0.3480,3.7677,11.7534,-2.4990,0.0878,0,1,0,0.40688,3
0.5154,5.0433,11.7607,-2.3145,0.0283,0,1,0,0.45684,1
0.3471,3.7288,12.0738,-2.0998,0.0358,0,1,0,0.73147,1
0.3941,4.1004,12.0906,-2.3634,0.0261,0,1,0,0.59873,3
0.3734,4.0236,12.8681,-2.7025,0.0722,0,1,0,1.49992,1
0.3770,3.9047,12.2883,2.4685,0.0111,0,1,0,0.80764,1
0.5277,5.2654,11.7450,-0.2668,0.0088,0,1,0,0.39502,3
0.4331,4.5749,12.1677,-2.2009,0.0055,0,1,0,0.73989,1
0.4456,4.3724,11.9001,-0.8488,0.0253,0,1,0,0.41187,1
0.4453,4.7293,11.9471,-2.5222,0.0521,0,1,0,0.48497,3
0.3509,3.7425,11.8999,2.7268,0.0306,0,1,0,0.48422,1
0.3952,4.1661,11.6147,2.1178,0.0038,0,1,0,0.35286,1
0.4181,4.2679,11.9134,1.4301,0.0055,0,1,0,0.44104,1
0.5143,5.2963,11.8809,1.3837,0.0354,0,1,0,0.28080,3
0.3341,3.6797,12.3284,-2.9502,0.0419,0,1,1,1.03045,0
0.4284,4.7224,11.8414,2.7412,0.0412,0,1,0,0.31168,2
0.4108,4.4887,12.3870,-3.0066,0.0094,0,1,1,0.88238,1
0.4500,4.5623,12.5787,1.5517,0.0159,0,1,1,1.42654,1
0.3592,3.8137,12.3646,-2.6028,0.1265,0,1,0,0.32001,1
0.3531,3.7607,11.9514,-2.5085,0.0169,0,1,0,0.55896,1
0.4813,4.5393,11.9617,-0.4342,0.0361,0,1,0,0.30081,1
0.3636,3.8336,12.3582,2.6777,0.0095,0,1,1,1.05218,1
0.3365,3.6770,12.5581,-2.9205,0.1213,0,1,0,1.16071,1
0.3819,4.1156,11.9698,-2.9269,0.0167,0,1,0,0.27278,1
0.4566,4.2576,12.0086,-2.2473,0.0120,0,1,0,0.61715,1
0.4058,4.2532,11.9762,2.9296,0.0038,0,1,0,0.45829,1
0.4593,4.4380,12.3820,0.0215,0.0040,0,1,1,0.68741,1
0.3567,3.8086,11.7893,-2.8673,0.1381,0,1,0,0.44959,1
0.3804,4.1554,13.1711,-2.6391,0.0083,0,1,1,1.83306,1
0.3876,4.1392,11.7619,-2.6883,0.0886,0,1,0,0.50279,3
0.3699,3.9761,12.4023,2.7022,0.0645,0,1,0,1.06281,3
0.4521,4.5777,11.8510,0.4375,0.0075,0,1,0,0.54776,1
0.4126,4.3113,11.8200,2.9391,0.0918,0,1,0,0.36855,1
0.4440,4.3992,12.0001,1.6740,0.0037,0,2,0,0.53977,3
0.3958,4.0736,11.7530,2.3590,0.0485,1,1,0,0.30225,3
0.3660,3.8811,11.8839,-1.9222,0.0541,0,1,0,0.44678,1
0.3614,3.9796,13.0561,2.4041,0.0183,0,1,0,1.97874,0
0.5102,5.3695,12.4292,-1.8260,0.0125,0,0,0,0.00000,1
0.5796,5.8892,12.5251,-1.9692,0.0223,0,1,0,1.11460,1
0.3617,3.9660,11.7622,1.9156,0.0881,0,1,0,0.42822,1
0.4252,4.6045,11.9688,2.7141,0.0627,0,1,0,0.67632,3
0.5999,5.9552,12.0852,-1.5742,0.0007,0,1,0,0.78211,1
0.4610,5.0670,12.1631,-2.8244,0.0254,0,1,0,0.97997,3
0.3756,3.9758,11.9446,2.6924,0.0351,0,1,0,0.46353,3
0.3834,4.0879,11.7049,-2.9429,0.0246,0,1,0,0.26492,3
0.3907,4.2044,11.8368,-1.8550,0.0466,0,1,0,0.28984,1
0.3669,3.9597,12.0665,-2.8574,0.0742,0,1,0,0.60305,3
0.4523,4.9450,12.1524,2.7572,0.0349,0,1,0,0.77815,3
0.5730,5.7521,12.3154,-0.3560,0.0258,0,1,1,0.67566,1
0.4652,4.9360,12.2090,1.2505,0.0012,0,1,0,0.57281,1
0.4473,4.2495,11.6878,-1.1656,0.0067,0,1,0,0.23789,3
0.4328,4.1805,12.5947,0.5859,0.0113,0,1,1,1.30648,1
0.3782,3.8936,12.6191,2.8546,0.0397,1,2,0,1.23450,1
0.4048,4.4642,13.2346,2.3244,0.0148,1,2,0,1.79914,0
0.3494,3.7308,12.8181,2.8584,0.1121,0,1,0,1.60369,1
0.4320,4.2483,11.8035,2.1080,0.0521,0,1,0,0.29284,3
0.4502,4.5757,11.7788,1.1225,0.0245,0,1,0,0.44499,1
0.4394,4.5537,12.0711,2.4381,0.0267,0,1,0,0.48218,3
0.5197,5.2488,11.9586,-1.7111,0.0446,0,1,0,0.51441,3
0.4070,4.2798,11.6527,-2.8005,0.0164,0,1,0,0.31591,3
0.4527,4.7340,12.0079,-2.8002,0.0477,0,1,0,0.46008,1
0.4951,5.1100,12.1256,2.1225,0.0259,0,1,0,0.30917,3
0.4247,4.2534,11.5778,-1.0299,0.0297,0,1,0,0.31227,1
0.4374,4.6238,12.3159,1.9295,0.0041,0,1,1,0.76323,1
0.4847,5.1101,12.8104,-1.4823,0.0335,0,1,0,0.46410,1
0.4664,4.3318,11.9680,3.0365,0.0064,0,1,0,0.60484,1
0.4556,4.5169,11.9691,-2.3191,0.0335,0,1,0,0.56129,1
0.3572,3.8760,11.5321,2.9851,0.0562,0,1,0,0.26837,3
0.4490,4.5451,11.8895,0.9575,0.0099,0,1,0,0.51342,1
0.4861,4.7068,12.0158,-1.6916,0.0462,0,1,0,0.51169,1
0.4639,4.9650,11.8786,-2.9407,0.0073,0,1,0,0.57024,3
0.3615,3.9131,12.4286,-2.4110,0.0459,0,1,1,1.33138,3
0.4882,5.2222,12.0550,3.0182,0.0720,0,1,0,0.66321,1
0.5519,5.5594,12.2026,1.9606,0.0215,0,1,0,0.28935,1
0.5366,5.4698,12.3667,-1.0387,0.0138,0,1,0,0.25446,1
0.5242,5.5229,12.3099,-0.1302,0.0118,0,1,1,0.69278,1
0.4370,4.3763,12.2639,2.4907,0.0347,0,1,0,0.74550,1
0.3820,3.9362,12.9158,-2.3819,0.0220,0,1,0,1.75935,1
0.3815,4.0973,13.1183,-2.7774,0.0896,0,1,0,1.85892,1
0.4801,4.7236,12.2764,-3.0078,0.0138,0,2,0,0.84930,1
0.3630,4.0046,12.8379,-2.8804,0.0595,0,1,0,0.23014,0
0.3582,3.9289,12.2080,2.9070,0.1561,0,1,1,0.79513,1
0.3884,4.2021,11.7065,2.9514,0.0846,0,1,0,0.36443,3
0.4188,4.3563,12.2800,-1.4296,0.0224,0,1,0,0.93512,1
0.3510,3.8705,12.1558,-2.9276,0.0394,0,0,0,0.00000,0
0.4039,4.0614,12.5329,-2.5448,0.0251,0,1,0,1.23267,1
0.4984,5.0610,11.7626,-0.1204,0.0104,0,1,0,0.17091,1
0.4381,4.2952,11.9692,0.7129,0.0008,0,1,0,0.48938,3
0.4615,4.3423,11.8414,1.7488,0.0034,0,1,0,0.32425,1
0.3402,3.7467,12.5988,2.5224,0.0678,0,1,0,0.92746,0
0.3763,4.1152,11.8794,-2.7993,0.1659,0,1,0,0.45383,1
0.5029,5.1802,12.0345,2.5493,0.0400,0,1,0,0.43078,1
0.4826,4.9823,12.1336,-1.5062,0.0109,0,1,0,0.54722,3
0.5445,5.4531,12.5710,1.6866,0.0090,0,1,0,0.32300,1
0.4266,4.5544,13.2396,-2.9325,0.0408,0,2,0,1.85125,1
0.4835,4.8778,12.3775,1.6160,0.0048,0,1,1,0.95935,1
0.4495,4.4571,11.7877,1.6270,0.0006,0,1,1,0.43841,3
0.4584,4.9647,11.8754,-3.0490,0.0113,0,1,0,0.42750,3
0.6023,5.8742,12.2772,-0.3419,0.0746,0,1,0,0.84051,1
0.4020,4.3283,11.8362,2.9185,0.0647,0,1,0,0.53323,3
0.3948,4.1163,12.3615,2.4429,0.0444,0,1,1,0.72571,1
0.3756,3.9753,11.5909,-3.0213,0.1331,0,1,0,0.31631,1
0.3459,3.8202,12.8714,2.8500,0.1437,0,1,1,1.55039,0
0.4322,4.6045,12.7622,2.4407,0.0319,0,1,0,1.49333,1
0.4814,4.7482,11.7535,-0.3023,0.0175,0,1,0,0.44929,1
0.4980,4.8050,12.0636,2.8350,0.0120,0,1,0,0.58230,1
0.4170,4.5531,13.1977,2.0466,0.0169,0,1,1,2.00889,1
0.5308,5.0265,12.3646,-1.8231,0.0120,0,1,0,0.81026,1
0.3788,3.9564,11.9091,-3.0577,0.0911,0,1,0,0.50286,1
0.4014,4.0690,12.4634,-2.3999,0.0138,0,1,0,1.18136,1
0.4655,4.7199,12.4088,-2.7745,0.0129,0,1,0,0.99494,1
0.5063,5.1507,12.6266,-1.3333,0.0263,0,1,0,0.84783,1
0.4603,4.7772,11.9881,-2.9153,0.0135,0,1,0,0.26512,3
0.5052,5.3496,12.8132,-0.6141,0.0052,1,2,1,1.40565,1
0.5361,5.2307,12.1644,1.6384,0.0515,0,1,0,0.54762,1
0.4095,4.4199,12.1540,2.6131,0.0333,0,0,0,0.00000,3
0.5128,5.3144,12.0390,1.7842,0.0173,0,1,0,0.44534,3
0.3816,4.1063,13.2494,-2.8573,0.0705,0,1,0,1.96507,1
0.4479,4.8329,12.0773,-2.4414,0.1017,0,1,0,0.84386,1
0.4011,4.2245,11.7491,-1.8343,0.0600,0,1,0,0.22630,1
0.5047,4.9794,12.0961,-1.6774,0.0234,0,1,0,0.62880,1
0.4143,4.5512,11.8440,-2.6171,0.0664,0,1,0,0.21549,3
0.4243,4.5654,11.6573,1.6511,0.0159,0,1,0,0.16371,1
0.3425,3.7803,13.0804,-2.5354,0.0804,0,1,1,1.96769,0
0.3904,3.9778,11.6090,3.1201,0.0775,0,1,0,0.22450,1
0.3886,4.2066,12.3701,3.1347,0.0434,0,1,1,0.51108,3
0.4297,4.3666,11.9710,-1.0332,0.0041,0,1,0,0.54935,1
0.4300,4.2185,12.4307,2.7520,0.0177,0,1,1,0.69303,1
0.4557,4.3226,11.5941,-1.5173,0.0002,0,1,0,0.26782,3
0.5057,4.8030,11.6039,0.9890,0.0086,0,1,0,0.26870,3
0.3758,3.9666,12.1209,-2.6287,0.0880,0,1,0,0.29809,3
0.4384,4.4689,11.8631,2.3073,0.0490,0,1,0,0.18947,3
0.5094,4.6088,11.8398,-0.5416,0.0028,0,1,0,0.26616,1
0.3852,4.2018,11.5160,2.8856,0.0541,0,1,0,0.29912,3
0.3665,3.8482,12.0943,-2.8101,0.0631,0,1,0,0.65275,3
0.4599,4.8687,11.7163,-2.4902,0.0177,0,1,0,0.21880,3
0.5467,5.0561,11.9004,0.6491,0.0109,0,1,0,0.67144,1
0.4463,4.3769,11.8968,-2.2213,0.0479,0,1,0,0.45337,1
0.4132,4.1447,12.2489,-0.5444,0.0010,0,2,0,0.36894,1
0.4255,4.2766,12.5247,2.0391,0.0061,0,1,0,1.16367,1
0.4631,4.7448,12.1274,2.6940,0.0241,0,1,0,0.70120,3
0.3534,3.7903,11.6451,2.4119,0.0164,0,1,0,0.43864,1
0.4461,4.4711,11.7714,-2.0891,0.0155,0,1,0,0.54723,3
0.5695,5.1779,12.0145,0.4395,0.0022,0,1,0,0.59265,1
0.4859,4.8809,12.2237,-1.9916,0.0338,0,1,3,1.00600,1
0.3616,3.9158,12.5815,-2.7922,0.0130,0,1,0,1.28169,1
0.4003,4.1760,12.2992,1.6330,0.0211,0,1,1,0.83535,1
0.3484,3.7177,11.8742,3.0287,0.0662,0,1,0,0.48615,2
0.4376,4.3043,11.8135,-1.1070,0.0221,0,1,0,0.60962,1
0.3458,3.7695,11.6133,-2.9864,0.2053,0,1,0,0.26004,1
0.3369,3.6816,13.1138,-3.1043,0.0526,0,1,1,1.98735,1
0.5313,5.3836,12.3892,-0.0936,0.0161,0,1,1,1.05318,1
0.3777,3.9844,12.1371,-2.7846,0.0553,0,1,0,0.45715,3
0.4282,4.1318,11.8794,0.4510,0.0002,0,1,0,0.67141,3
0.4102,4.4056,12.8431,-2.2809,0.0515,0,1,0,0.79065,1
0.3913,4.2685,11.8527,-1.7789,0.0498,0,0,0,0.00000,1
0.4253,4.2716,12.9255,2.1800,0.0198,0,1,1,1.57083,1
0.3519,3.7418,12.9890,-1.8656,0.0341,0,1,0,1.84288,1
0.4947,5.3294,12.0325,-2.3536,0.0226,0,1,0,0.57590,3
0.3814,3.9759,12.7806,2.7271,0.0835,0,1,0,1.37600,1
0.5623,5.5475,12.2653,1.7969,0.0496,0,1,0,0.63895,1
0.3695,3.9185,11.8242,-2.1492,0.0416,0,1,0,0.33882,1
0.4775,4.8400,11.8207,2.6216,0.0091,0,1,0,0.37441,3
0.4516,4.5760,12.2559,-2.8130,0.0468,0,1,0,0.80144,1
0.4677,4.4067,12.0260,-2.1023,0.0412,0,1,0,0.51053,1
0.3801,3.9976,12.8592,2.8289,0.0496,0,2,0,1.41339,1
0.4237,4.5746,11.8952,1.8255,0.0304,0,1,0,0.20969,1
0.5264,4.9714,12.1940,1.6740,0.0117,0,1,0,0.19968,1
0.4055,4.3071,13.0590,-2.7029,0.0035,0,1,1,1.54296,1
0.4930,5.2100,11.8891,-2.5781,0.0443,0,1,0,0.44768,1
0.4801,4.7580,11.8964,-0.7711,0.0348,0,1,0,0.44670,1
0.4556,4.8584,11.7863,-2.5839,0.0326,0,1,0,0.23632,3
0.3721,3.9866,11.9657,-2.8092,0.0723,0,1,0,0.26626,3
0.3916,4.1625,12.0976,-3.0069,0.0018,0,1,0,0.67012,1
0.5091,5.2215,12.3729,-2.2543,0.0038,0,2,0,1.04753,1
0.3943,4.0201,12.6442,-2.3909,0.0077,0,1,0,1.14984,1
0.5167,5.4777,12.9423,-1.7578,0.0140,0,1,1,1.32770,1
0.4493,4.3548,12.6944,-1.2874,0.0098,1,0,1,0.40527,1
0.5509,5.3419,11.6966,-0.1906,0.0234,0,1,0,0.20897,3
0.3794,4.0965,12.9343,2.6424,0.0552,1,2,0,1.67559,1
0.5806,5.6896,11.9981,-0.7656,0.0040,0,1,0,0.34366,1
0.4373,4.6423,11.8490,3.0944,0.0606,0,1,0,0.45749,1
0.4299,4.2567,11.7657,1.8498,0.0279,0,1,0,0.37721,3
0.4514,4.7021,12.5417,1.5858,0.0256,1,1,1,0.53993,1
0.5664,5.4626,12.5427,0.3957,0.0006,0,1,0,0.90628,1
0.4344,4.7766,13.0663,2.0815,0.0500,0,1,0,1.80084,1
0.3934,4.0899,12.2683,2.7300,0.0544,0,1,0,0.83412,3
0.4603,4.8720,11.9213,2.5368,0.0127,0,1,0,0.35618,3
0.3894,4.1396,11.7101,1.8155,0.0490,0,1,0,0.47581,1
0.3771,4.0684,12.6192,-3.0681,0.0175,0,1,0,1.14563,1
0.4527,4.5867,11.6769,2.3172,0.0542,0,1,0,0.38458,1
0.3633,3.9136,12.2501,2.4272,0.0123,0,1,0,0.48405,1
0.4989,5.4683,11.5946,1.7063,0.0501,0,1,0,0.30875,3
0.3641,3.8732,12.1375,2.4750,0.0545,0,1,0,0.66875,3
0.4184,4.3904,12.1789,-2.5043,0.0245,0,1,0,0.70729,3
0.4504,4.5784,12.0149,3.1112,0.0197,0,1,0,0.53127,3
0.5273,5.4365,12.5075,0.7641,0.0011,0,2,0,1.23295,1
0.4546,4.7042,12.2281,-2.2360,0.0476,0,1,0,0.51834,3
0.4138,4.2874,11.9193,2.4668,0.0148,0,1,1,0.37725,3
0.3669,4.0224,11.8233,-2.9926,0.2156,0,1,0,0.38092,1
0.3273,3.6103,12.9419,3.1260,0.1468,0,1,1,1.82488,0
0.4463,4.3212,11.9565,0.6727,0.0305,0,2,0,0.51568,1
0.5716,5.8847,12.8186,-0.8456,0.0226,0,1,0,1.47413,1
0.5008,5.0201,12.8160,0.6238,0.0169,0,1,1,1.46388,1
0.3536,3.8309,12.6066,-2.5675,0.0635,0,1,1,1.28213,1
0.4395,4.6679,13.0232,-2.9610,0.0351,1,2,0,1.24887,1
0.4153,4.5418,12.0468,-2.7055,0.0952,0,1,0,0.35809,3
0.4539,5.0010,13.3928,-2.8357,0.0087,0,1,1,2.15040,0
0.3641,3.9097,11.4864,-2.0732,0.0383,0,1,0,0.21166,1
0.3411,3.7371,11.9457,-3.0581,0.0674,0,1,0,0.35558,3
0.4484,4.7077,11.5406,1.5193,0.0229,0,1,0,0.19579,1
0.4808,4.6565,11.9247,-2.3657,0.0001,0,1,0,0.60680,3
0.4616,4.6922,12.1719,-1.2392,0.0476,0,1,0,0.65117,1
0.4648,4.6028,11.8279,2.9327,0.0031,0,1,0,0.47609,3
0.4877,4.5103,12.3886,-0.5696,0.0191,0,0,1,0.43905,1
0.4357,4.6483,11.9872,-2.1708,0.0233,0,1,0,0.51510,3
0.4468,4.4143,11.7043,2.8331,0.0125,0,1,0,0.32328,3
0.3932,4.2259,12.0828,2.5695,0.0716,0,1,0,0.46826,3
0.3792,3.9428,12.1530,-2.3749,0.0062,0,1,0,0.84049,1
0.4488,4.9360,11.9482,-2.6127,0.0847,0,1,0,0.56818,3
0.3358,3.6658,13.0086,2.3172,0.0231,0,1,2,1.05592,1
0.3985,4.1815,12.3620,-2.4695,0.0194,0,1,0,1.18573,1
0.5126,4.7500,12.0873,1.0038,0.0078,0,1,0,0.62291,1
0.4526,4.6545,11.7293,2.1254,0.0266,0,1,0,0.37172,3
0.3766,4.0264,13.1311,2.5910,0.0316,0,1,1,2.05070,1
0.4636,4.5707,12.5312,-0.7152,0.0181,0,1,1,1.01950,1
0.3928,4.1584,11.8817,2.7543,0.0595,0,1,0,0.50249,3
0.4128,4.1761,12.6090,-2.6081,0.0564,0,1,2,1.05738,1
0.3784,4.0588,11.6444,-2.3914,0.1256,0,1,0,0.37168,3
0.4327,4.4107,12.0234,0.1986,0.0006,0,2,0,0.73765,1
0.3907,4.2854,12.0055,2.3812,0.0351,0,1,0,0.78176,1
0.3579,3.7985,12.5972,1.9239,0.0339,0,1,0,1.19455,1
0.5555,5.4146,12.1237,-0.6164,0.0287,0,1,0,0.72342,1
0.5519,5.6197,12.0389,-0.8455,0.0493,0,1,0,0.54699,1
0.5178,5.5089,12.9700,-2.3287,0.0459,1,2,0,1.47671,1
0.3466,3.7767,13.2149,3.1393,0.0768,0,1,1,2.02130,1
0.4525,4.8117,12.5746,1.4379,0.0349,0,0,1,0.22994,1
0.3596,3.9262,12.0283,-3.1387,0.0425,0,1,0,0.66123,3
0.4336,4.1762,12.1249,1.4613,0.0292,0,1,0,0.69428,1
0.3861,4.1290,11.8329,2.6752,0.1204,0,1,0,0.27390,1
0.4201,4.5705,11.8777,2.1680,0.0381,0,1,0,0.34116,3
0.4810,4.5123,12.1397,0.9208,0.0532,0,1,0,0.54010,1
0.4409,4.5637,12.2579,2.8926,0.0293,0,1,0,0.82328,1
0.4704,4.3645,11.9732,-0.3629,0.0381,0,1,0,0.46174,1
0.3725,4.0869,12.1337,-3.1266,0.0694,0,1,1,0.53205,3
0.3649,3.9762,12.3039,2.7605,0.0649,0,1,0,1.17679,3
0.4139,4.2077,12.3986,-1.5475,0.0211,0,1,1,1.09035,1
0.3538,3.8448,12.1910,-3.0063,0.0297,0,1,0,0.91260,1
0.6177,6.0105,12.4287,1.5392,0.0096,0,1,0,1.17479,1
0.4624,4.4748,11.8358,1.3965,0.0514,0,1,0,0.20374,3
0.4500,4.6499,11.9304,-3.1335,0.0344,0,1,0,0.15717,1
0.3872,3.9283,12.3327,1.7399,0.0407,0,1,0,0.96246,1
0.4074,4.4971,11.9548,-2.0516,0.0159,0,1,0,0.51077,0
0.3567,3.8671,12.9240,-3.1380,0.0816,0,1,1,1.74392,1
0.4473,4.8639,12.0052,-2.7883,0.0951,0,1,0,0.48046,1
0.3650,3.8717,11.6021,2.8110,0.0567,0,1,0,0.19884,3
0.4049,4.3531,12.7413,2.6600,0.0189,0,1,0,1.56179,1
0.5162,5.1319,12.2815,0.1129,0.0284,0,1,0,0.72056,1
0.4539,4.2862,11.6527,0.1441,0.0066,0,1,0,0.41968,3
0.3914,4.0641,11.6478,-3.1167,0.0011,0,1,0,0.31828,1
0.4235,4.4442,13.0065,-2.9826,0.0320,0,1,2,1.76740,1
0.5282,5.4088,11.8941,-1.1407,0.0404,0,1,0,0.42180,3
0.3587,3.8287,13.1650,2.7815,0.0472,0,1,0,1.96355,1
0.4835,4.5888,12.2636,-0.6644,0.0246,0,1,1,0.79532,1
0.4598,4.7318,12.4078,-0.1220,0.0050,0,1,1,1.05593,1
0.3366,3.6811,11.7216,2.9261,0.0652,0,0,0,0.00000,3
0.4209,4.2040,11.7111,2.1041,0.0397,0,1,0,0.22459,3
0.3462,3.7179,12.9015,-2.5973,0.0528,0,2,0,1.42991,1
0.4855,5.0032,11.9964,-2.3132,0.0243,0,1,0,0.40336,3
0.4486,4.2663,12.0045,3.0123,0.0008,0,1,0,0.68690,1
0.4761,4.9309,12.2283,3.0742,0.0385,0,1,0,0.75953,1
0.3946,4.3041,11.7613,2.1489,0.0965,0,1,0,0.34375,3
0.4570,4.6448,12.0380,2.0845,0.0262,0,0,0,0.00000,3
0.4310,4.5269,11.6775,-1.7939,0.0026,0,1,0,0.44415,1
0.4263,4.1567,12.5716,-2.2637,0.0259,0,1,0,1.20069,1
0.4562,4.6418,11.8896,-1.4738,0.0245,0,1,0,0.59221,3
0.4263,4.5451,11.9083,1.5394,0.0133,0,1,0,0.43202,1
0.3976,4.1384,12.6327,-1.7624,0.0099,0,2,0,1.35855,1
0.4942,5.3493,12.0214,0.0628,0.0041,0,1,0,0.63766,1
0.4469,4.2192,12.0698,-1.1101,0.0068,0,1,0,0.62998,1
0.4483,4.7374,12.1892,2.2065,0.0361,0,1,0,0.93339,3
0.3903,4.2463,11.7443,-2.3104,0.0402,0,1,0,0.22848,1
0.4361,4.5753,12.8989,2.6974,0.0064,0,1,0,1.78250,1
0.3967,4.0355,11.5541,-2.2884,0.0456,0,1,0,0.23689,3
0.4292,4.1589,12.0080,2.2681,0.0183,0,1,0,0.48819,1
0.4141,4.5726,11.7066,2.5403,0.1576,0,1,0,0.27760,0
0.4521,4.3590,12.7620,-2.8548,0.0129,0,1,1,1.29436,1
0.3995,4.2841,11.8325,2.8954,0.0828,0,1,0,0.46851,3
0.3742,3.9190,12.5597,2.0912,0.0374,0,1,0,1.36942,1
0.4929,5.2214,12.5570,-1.8734,0.0428,0,1,2,1.86682,1
0.3927,4.2830,12.8580,1.8385,0.0345,1,2,1,1.55990,1
0.4385,4.3755,12.0272,2.6798,0.0277,0,1,0,0.49492,1
0.3631,3.9956,12.3803,3.1040,0.0785,0,1,1,1.11027,3
0.5022,4.5708,12.2431,-0.9436,0.0375,0,1,0,0.79951,1
0.3895,4.0070,11.6238,-2.9496,0.0073,0,1,0,0.24464,1
0.5463,5.2949,11.7849,0.4947,0.0453,0,0,2,0.27393,1
0.3581,3.7963,11.8556,-2.8218,0.1687,0,1,0,0.45448,1
0.4960,4.7770,11.8886,-0.9852,0.0063,0,1,0,0.36579,3
0.4003,4.2290,11.9845,-2.4805,0.0691,0,1,0,0.56687,3
0.4288,4.3118,12.5494,-1.3251,0.0236,0,1,1,1.19918,1
0.3645,3.9581,12.3754,2.4396,0.1074,0,0,0,0.00000,3
0.4485,4.5111,11.7323,2.3562,0.0279,0,1,0,0.25391,3
0.3840,4.1050,12.3320,2.7860,0.0688,0,1,1,0.88871,3
0.4893,4.7022,12.2822,-1.3643,0.0065,0,1,0,0.80844,1
0.4425,4.4694,12.0696,-1.0520,0.0061,0,1,0,0.66976,1
0.3968,4.2583,11.9583,2.4856,0.0089,0,1,0,0.49697,1
0.4705,5.1660,12.0063,2.4968,0.0504,0,1,0,0.62294,3
0.4899,5.3321,11.7976,1.1708,0.0286,0,1,0,0.44759,1
0.4466,4.4400,12.5161,1.0328,0.0019,0,1,1,1.02179,1
0.3830,3.9171,12.9198,-2.3202,0.0518,0,1,0,1.74517,1
0.5203,5.1928,11.7727,2.4995,0.0266,0,1,0,0.27082,1
0.3545,3.8871,11.8359,3.0461,0.0919,0,1,0,0.26398,3
0.4083,4.1029,12.4150,2.6536,0.0546,0,1,0,1.04663,1
0.3939,4.2979,11.6258,-2.4820,0.0417,0,1,0,0.22664,3
0.3637,3.8250,12.7846,-2.7287,0.0733,0,1,1,1.44728,1
0.3563,3.8227,12.4460,-2.9432,0.0098,0,1,0,1.26174,1
0.3960,4.0163,11.8299,1.8981,0.0170,0,1,0,0.33970,1
0.3674,4.0151,12.2702,2.9404,0.1634,0,1,0,0.82362,1
0.4180,4.3547,12.1073,-1.4064,0.0017,0,1,0,0.47826,1
0.4559,4.4260,12.2528,0.7758,0.0289,0,0,0,0.00000,1
0.3756,3.8716,11.7864,2.4761,0.1092,0,1,0,0.55249,3
0.3696,4.0810,11.9615,-2.7763,0.2061,0,1,0,0.64379,0
0.5032,5.3505,13.0382,-1.9560,0.0294,0,1,0,1.00585,1
0.5306,5.1357,12.3239,2.9292,0.0015,0,1,1,0.79665,1
0.4328,4.6685,11.7395,1.7064,0.0616,0,1,0,0.47078,1
0.5642,5.4026,12.0284,1.3212,0.0348,0,1,0,0.62643,1
0.3926,4.2249,12.5028,2.2723,0.0097,0,1,0,1.32444,1
0.5083,4.7730,11.8797,1.5757,0.0201,0,1,0,0.48253,1
0.4109,4.4462,11.6549,2.5561,0.0433,0,1,0,0.38915,3
0.4030,4.3893,11.8763,-2.4370,0.0361,0,1,0,0.43676,3
0.5187,4.9210,11.8000,-0.9530,0.0166,0,1,0,0.43102,3
0.4328,4.6543,11.4859,1.9161,0.0865,0,1,0,0.20208,3
0.4707,4.6571,11.7800,2.2560,0.0180,0,1,0,0.40103,3
0.4986,5.4198,13.2893,-2.6012,0.0237,0,1,0,1.78647,1
0.3978,4.1964,11.7639,-2.3832,0.0831,0,0,0,0.00000,3
0.3952,4.1087,11.9143,-2.1848,0.0058,0,1,0,0.45641,1
0.3576,3.8375,12.7646,-2.5590,0.0484,0,1,0,1.53632,1
0.4795,4.3795,11.7251,-0.4293,0.0676,0,1,0,0.29440,1
0.4235,4.4355,11.9591,-3.1083,0.0860,0,1,0,0.39063,1
0.4272,4.3812,11.7735,2.9717,0.0541,0,1,0,0.36289,1
0.4465,4.8033,12.2353,3.0696,0.0088,1,0,2,0.64131,3
0.6127,5.9952,12.1373,-0.0896,0.0680,0,1,0,0.53118,1
0.4208,4.3508,11.7647,3.1304,0.0458,0,1,0,0.23601,3
0.4174,4.5737,11.8454,-2.8029,0.0747,0,1,0,0.19667,3
0.3906,4.1627,12.3995,-2.5008,0.0102,0,1,0,1.10239,1
0.4287,4.2841,12.7119,1.9078,0.0136,0,1,3,1.44859,1
0.3705,4.0546,12.3680,-2.3904,0.0261,0,1,1,0.65195,1
0.4615,4.5824,12.0341,-1.7749,0.0060,0,1,0,0.30883,3
0.5458,5.0760,12.3941,0.1961,0.0286,0,1,1,0.87228,1
0.5777,5.3215,11.8085,0.9434,0.0029,0,1,0,0.45406,1
0.4356,4.7393,12.4890,-1.6819,0.0069,0,1,0,1.12119,1
0.5285,4.9662,11.8368,1.4860,0.0078,0,1,0,0.33587,1
0.3634,3.8582,12.9194,3.1153,0.0338,0,1,1,1.63687,1
0.4673,5.1589,12.2456,-2.1988,0.0059,0,1,0,0.71031,0
0.3919,4.2600,12.1613,-2.6854,0.1072,0,1,0,0.78917,3
0.4396,4.6448,11.8656,-2.9228,0.0266,0,1,0,0.49111,3
0.5179,4.8737,11.9441,-1.0074,0.0357,0,1,0,0.29530,1
0.4676,4.7476,11.8471,0.8625,0.0326,0,1,0,0.35679,1
0.3460,3.8189,11.7501,-2.8010,0.1247,0,1,0,0.44917,2
0.3954,4.1455,11.7482,1.8684,0.0056,0,1,0,0.46097,1
0.3982,4.3310,12.1306,2.0506,0.0687,0,1,0,0.66598,3
0.4508,4.3502,11.5280,1.9234,0.0016,0,1,0,0.15792,3
0.5334,5.6695,11.9194,-1.4794,0.0069,0,1,0,0.56941,3
0.4215,4.1688,11.6059,-3.0215,0.0251,0,1,0,0.30968,3
0.5484,5.0224,11.9463,-0.5839,0.1315,0,1,0,0.48919,1
0.5027,5.4328,11.8084,1.7356,0.0115,0,1,0,0.45701,3
0.3691,3.9528,13.0603,-1.9479,0.0288,0,1,2,1.73403,1
0.4528,4.4481,11.9800,-1.0208,0.0266,0,1,0,0.46707,1
0.4517,4.5358,11.7034,2.8403,0.0403,0,0,0,0.00000,1
0.4264,4.4168,12.7204,-2.7599,0.0504,0,1,0,1.49035,1
0.4699,4.8950,12.1267,1.6479,0.0200,0,1,0,0.22573,3
0.6124,5.7697,12.4379,-0.6922,0.0284,0,1,1,0.74960,1
0.3641,3.8772,12.4281,-2.9502,0.0203,0,1,0,0.89519,1
0.4954,5.4367,12.3839,-2.1949,0.0246,0,1,1,0.96861,3
0.4567,4.7527,11.8174,-0.7772,0.0041,0,1,0,0.56106,1
0.4932,4.6870,11.8711,-0.3125,0.0171,0,1,0,0.29934,1
0.4475,4.6543,12.8376,2.2679,0.0250,0,1,0,1.48551,1
0.4554,4.3391,12.0798,1.7144,0.0120,0,1,0,0.39173,1
0.5123,4.6308,11.9621,-0.9270,0.0051,0,1,0,0.32018,1
0.3807,4.0818,13.0807,-2.7962,0.0921,0,1,1,1.95439,1
0.3405,3.6792,12.0504,-3.1250,0.0497,0,1,0,0.32425,3
0.4080,4.0834,12.9667,-2.6658,0.0389,0,2,1,2.53820,1
0.3905,4.3019,12.0036,-2.5197,0.0733,0,1,0,0.61140,2
0.3464,3.7181,11.7605,2.8123,0.0811,0,1,0,0.53196,3
0.6244,5.8519,12.1883,0.2907,0.0293,0,1,0,0.71839,1
0.3888,4.2839,12.1186,-2.8295,0.0139,0,1,0,0.72029,0
0.4820,4.7172,11.7499,2.0857,0.0271,0,1,0,0.37373,1
0.4579,5.0194,12.7909,-1.6460,0.0291,0,1,0,1.42815,1
0.3547,3.8606,12.2114,2.4964,0.0864,0,1,0,0.99634,3
0.4902,4.4345,12.3990,-1.2163,0.0064,0,2,1,0.76014,1
0.3823,4.1073,12.1585,1.9429,0.0465,0,1,0,0.77892,1
0.4624,4.7416,11.9755,-2.3527,0.0252,0,1,0,0.41773,3
0.4248,4.4162,12.9662,2.8011,0.0398,0,2,1,1.77793,1
0.5247,4.9987,12.0885,0.9420,0.0383,0,1,0,0.84827,1
0.4613,4.9673,11.8604,-2.1654,0.0398,0,1,0,0.34176,3
0.3704,4.0543,13.1780,2.5615,0.0213,0,1,1,2.06578,1
0.4602,4.9392,11.7731,2.1446,0.0278,0,1,0,0.19477,3
0.4180,4.2620,11.8109,-2.4754,0.0138,0,1,0,0.34697,3
0.4391,4.5176,11.7978,1.1242,0.0193,0,1,0,0.36436,1
0.6137,6.0270,12.5104,-1.2979,0.0111,0,2,0,0.87352,1
0.3379,3.7052,12.1220,2.8852,0.0237,0,1,0,0.92705,1
0.3984,4.2988,13.2751,-1.8572,0.0206,0,1,0,2.08865,1
0.4646,4.7236,12.2852,0.6086,0.0075,0,1,1,0.68805,1
0.4275,4.2040,11.5914,0.1500,0.0086,0,1,0,0.18676,1
0.3621,3.9403,12.0657,2.5440,0.0510,0,1,0,0.79515,3
0.3275,3.6051,13.3513,-2.7359,0.0706,0,2,0,1.39795,0
0.4178,4.1039,12.1359,1.1693,0.0153,0,1,0,0.89399,1
0.4371,4.7301,11.7384,-2.1596,0.0620,0,1,0,0.40014,3
0.5256,5.6233,12.7002,-1.8230,0.0116,0,1,1,1.21092,1
0.3359,3.6531,11.8211,-3.0503,0.0895,0,1,0,0.26025,3
0.3780,4.1040,12.3608,-2.7495,0.0767,0,1,1,0.90538,3
0.4263,4.5250,12.9620,2.3392,0.0202,0,1,1,1.42838,1
0.4524,4.4642,12.1363,1.3163,0.0401,0,1,0,0.67048,1
0.4896,4.5359,11.7333,0.5093,0.0271,0,1,0,0.40201,1
0.3897,4.1944,12.8688,1.8132,0.0405,0,1,0,1.53639,1
0.4219,4.2512,12.0748,0.2002,0.0021,0,1,3,0.98443,1
0.3405,3.6932,13.0942,3.0024,0.0785,0,1,1,1.46414,1
0.4907,4.9232,11.8029,-0.4723,0.0184,0,1,0,0.50363,1
0.4504,4.3384,11.8213,-2.8997,0.0084,0,1,0,0.47451,3
0.4934,4.9720,12.6030,0.6105,0.0058,0,1,0,1.21412,1
0.4135,4.4325,12.9609,-2.7111,0.0392,0,1,0,1.64204,1
0.4988,5.1022,12.0209,-1.3304,0.0437,0,0,0,0.00000,3
0.3905,4.0506,12.1092,-2.6309,0.1267,0,1,0,0.78147,1
0.3958,4.2521,11.7191,2.9621,0.0713,0,1,0,0.23317,3
0.4842,4.9262,11.9847,2.5027,0.0469,0,1,0,0.19681,1
0.3555,3.9079,11.7092,-2.9077,0.0399,0,1,0,0.41590,1
0.4435,4.2166,11.9929,-0.4842,0.0101,0,1,0,0.57235,1
0.3876,4.0144,12.4328,2.7240,0.0740,0,1,0,1.27405,1
0.5163,5.3309,12.0366,-2.8627,0.0107,0,1,0,0.57173,3
0.3905,3.9917,12.0924,-2.7483,0.0533,0,1,0,0.23908,3
0.4118,4.4486,11.8971,2.6383,0.0167,0,1,0,0.27833,1
0.5019,4.8541,11.8226,-1.1638,0.0179,0,1,0,0.36511,3
0.5131,5.4409,12.8655,2.9107,0.0012,0,1,1,1.43738,1
0.4099,4.2367,12.3506,2.0733,0.0003,0,1,0,1.00794,1
0.5198,5.5674,11.9182,2.2180,0.0314,0,1,0,0.34709,3
0.4046,4.4357,11.8012,2.0140,0.0236,0,1,0,0.47154,1
0.4311,4.1479,11.9219,-3.0205,0.0231,0,1,0,0.18964,1
0.4341,4.4947,12.1886,-1.0605,0.0117,0,1,0,0.69376,1
0.3453,3.7928,13.3822,2.8905,0.0883,1,0,2,1.49140,1
0.3674,4.0505,12.2926,-2.0511,0.0355,0,1,0,1.03008,0
0.4964,4.5095,11.6298,0.5518,0.0312,0,1,0,0.33884,3
0.3655,3.9120,12.8838,2.1419,0.0342,0,1,0,1.58482,1
0.4227,4.3289,12.2390,-3.1069,0.0554,0,1,1,0.77079,1
0.4201,4.3408,11.9218,-2.0950,0.0239,0,1,0,0.24952,3
0.3652,3.8487,11.4848,2.4107,0.0400,0,1,0,0.24247,3
0.4334,4.4950,11.7898,1.2512,0.0246,0,0,0,0.00000,1
0.4244,4.2756,11.9041,2.6052,0.0159,0,1,0,0.39687,3
0.5507,5.5634,11.9256,-0.4242,0.0215,0,1,0,0.30153,1
0.4442,4.3921,12.0797,2.3843,0.0000,0,1,0,0.17691,1
0.4345,4.5602,12.4459,3.1140,0.0319,0,1,1,0.88118,1
0.3629,3.9867,13.1214,2.7445,0.0101,0,1,1,1.82573,1
0.3556,3.7632,12.1961,2.3859,0.0368,0,1,0,0.71895,1
0.3477,3.8229,12.7000,-3.1328,0.0485,0,1,1,1.44435,1
0.3906,4.2684,12.1213,-2.8677,0.0468,0,1,0,0.63985,3
0.4023,4.4137,12.3671,2.9709,0.0200,0,0,0,0.00000,3
0.3956,4.0175,11.9359,2.4090,0.0269,0,1,0,0.30314,3
0.4859,4.9962,11.6856,-2.5277,0.0083,0,1,0,0.16951,3
0.4174,4.0909,12.4064,2.6940,0.0266,0,1,1,1.09361,1
0.3642,3.9040,11.8730,-2.0675,0.0581,0,1,0,0.22433,1
0.4909,5.1078,11.8147,1.7881,0.0298,0,1,0,0.19710,3
0.3772,3.8849,12.1980,2.6356,0.0212,0,1,0,0.67160,3
0.4363,4.7691,12.9675,-2.8830,0.0735,0,1,1,1.62343,1
0.4676,4.6143,11.5029,-1.8284,0.0042,0,1,0,0.19295,3
0.4009,4.0406,11.8865,-2.7775,0.0399,0,1,0,0.44733,3
0.5070,4.6677,11.8511,0.7861,0.0049,0,1,0,0.53378,1
0.4285,4.5608,12.2865,-3.1204,0.0096,0,1,0,0.74543,3
0.4144,4.1633,11.6775,-1.3921,0.0419,0,1,0,0.45870,1
0.4607,4.5599,12.1016,0.9574,0.0221,0,0,0,0.00000,1
0.4340,4.5648,11.5562,1.9779,0.0395,0,1,0,0.15836,3
0.4322,4.5478,11.8259,-2.6340,0.0254,0,1,0,0.49259,3
0.3845,4.2115,12.2534,-2.6528,0.1289,0,1,0,0.80567,1
0.4737,4.6071,11.6167,-0.9121,0.0049,0,1,0,0.28716,3
0.4517,4.9740,12.0763,-2.8210,0.0432,0,1,0,0.27121,2
0.4731,4.8346,12.1261,2.8868,0.0254,0,1,0,0.32649,1
0.4442,4.8043,12.0158,-3.0792,0.0150,0,1,0,0.62560,3
0.4453,4.2712,11.8387,2.2037,0.0224,0,1,0,0.22773,1
0.4897,4.5508,11.8992,1.8782,0.0368,0,1,0,0.43541,1
0.4326,4.2369,11.7140,-1.3270,0.0002,0,1,0,0.45088,3
0.3871,4.1128,11.9617,-2.6166,0.1157,0,1,0,0.38325,1
0.3703,4.0304,12.6131,-3.0331,0.0835,0,1,0,1.44340,1
0.3830,4.0448,11.7828,1.9426,0.0274,0,1,0,0.25467,1
0.4443,4.5432,11.7317,-2.7521,0.0009,0,1,0,0.40885,3
0.5043,5.0759,11.9860,-3.0082,0.0006,0,1,0,0.37815,3
0.3682,3.9991,11.7352,-2.8550,0.1816,0,1,0,0.25489,1
0.4741,4.4844,11.9751,-2.0503,0.0314,0,1,0,0.61565,1
0.5260,5.5907,12.9864,1.4677,0.0217,0,1,1,1.78598,1
0.4415,4.7045,11.8340,-0.7697,0.0001,0,1,0,0.44231,1
0.3353,3.6678,11.8737,-2.6119,0.2100,0,1,0,0.56531,3
0.4403,4.4556,11.9725,-2.8610,0.0230,0,1,0,0.44561,3
0.4454,4.4091,11.8611,0.9617,0.0346,0,1,0,0.31167,1
0.3705,3.8502,11.6437,3.0014,0.0408,0,1,0,0.25526,3
0.4675,4.6880,12.3416,-0.5886,0.0106,0,1,1,1.04799,1
0.4173,4.4624,11.7295,-2.8717,0.0184,0,1,0,0.35760,3
0.3286,3.6120,11.8191,-2.6886,0.0430,0,1,0,0.23725,1
0.4573,4.5653,11.7874,1.1805,0.0041,0,1,0,0.29303,3
0.3883,4.0224,11.7795,-2.9190,0.0144,0,1,0,0.48595,3
0.4007,4.0184,11.7726,3.0444,0.0302,0,1,0,0.21202,3
0.4970,4.7380,11.6898,0.1114,0.0113,0,1,0,0.21345,3
0.4878,4.6244,11.8485,2.6106,0.0059,0,1,0,0.44877,1
0.3942,4.0415,11.7920,2.6957,0.1234,0,1,0,0.54424,1
0.4535,4.4828,11.8892,0.4360,0.0117,0,1,0,0.43844,1
0.3874,4.0842,11.9887,-2.9617,0.1193,0,1,0,0.30250,1
0.4851,4.5518,12.4408,0.9126,0.0020,0,1,0,1.05815,1
0.4833,4.4513,11.9307,-2.6037,0.0049,0,1,0,0.35580,1
0.4724,5.0406,11.8712,1.6554,0.0266,0,1,0,0.46658,1
0.3346,3.6919,12.2416,2.5378,0.0921,0,1,2,0.81737,2
0.3979,4.1114,12.0756,1.8480,0.0143,0,1,1,0.51317,1
0.4666,4.3390,11.9840,-0.6002,0.0016,0,1,0,0.53893,1
0.3817,4.0276,11.8734,-3.0513,0.0750,0,1,0,0.64818,3
0.4986,4.7803,11.5672,0.9845,0.0659,0,1,0,0.19322,3
0.3825,4.2141,12.0391,2.6007,0.0922,0,1,0,0.31786,2
0.4545,4.7489,12.0268,2.9280,0.0234,0,1,0,0.56219,3
0.4472,4.5637,11.8394,2.4454,0.0844,0,1,0,0.54788,1
0.3575,3.8552,11.8022,-2.7407,0.0126,0,1,0,0.30501,1
0.3848,3.9966,11.9861,1.9169,0.0194,0,1,0,0.64233,1
0.4751,5.1365,12.2374,1.3252,0.0166,0,1,0,0.85118,1
0.4746,4.9961,12.7765,2.7052,0.0436,0,2,0,1.33303,1
0.4254,4.1561,12.0027,-2.1263,0.0499,0,1,0,0.23646,1
0.4235,4.4929,11.7234,2.8046,0.0038,0,1,0,0.29200,1
0.4363,4.6936,12.0716,-2.1553,0.0803,0,1,0,0.65326,3
0.3605,3.9134,12.3277,-2.9024,0.0770,0,1,0,1.08636,3
0.3682,3.9154,11.8258,3.0427,0.1039,0,1,0,0.16481,3
0.3817,4.2054,12.9723,2.2599,0.0612,0,1,1,1.79441,0
0.4290,4.4029,12.3882,2.4585,0.0327,0,1,0,0.88313,1
0.4442,4.5356,11.7596,-1.8239,0.0132,0,1,0,0.20081,3
0.4399,4.2668,12.6313,-0.8119,0.0102,0,1,1,1.24008,1
0.4468,4.2137,11.9743,1.5071,0.0346,0,1,0,0.56135,1
0.5228,4.9281,12.1559,-1.6497,0.0145,0,1,0,0.39754,1
0.4206,4.2317,12.2592,1.1915,0.0292,0,1,1,0.71193,1
0.4561,4.6635,13.0104,-1.3203,0.0152,0,2,0,1.78916,1
0.4060,4.1211,12.5524,2.6041,0.0090,0,1,0,1.27141,1
0.4049,4.3684,11.8929,2.3108,0.0097,0,1,1,0.35179,1
0.5802,5.4478,12.3549,0.3255,0.0371,0,1,0,0.60796,1
0.4067,4.1139,11.7181,-1.4791,0.0351,0,1,0,0.49512,1
0.4924,4.8973,12.4193,-1.6289,0.0234,0,1,1,0.83459,1
0.5108,5.0197,11.5271,-2.8169,0.0139,0,1,0,0.30329,1
0.3644,3.9228,13.0944,3.0560,0.0738,0,1,3,1.66927,1
0.4766,4.4473,12.5581,2.0655,0.0075,1,3,1,1.46128,1
0.4357,4.4438,12.3269,1.0521,0.0070,0,1,1,1.07126,1
0.3382,3.6845,12.7380,2.4664,0.0755,0,2,2,1.14331,1
0.4362,4.4945,12.0481,2.3688,0.0117,0,1,0,0.51648,3
0.6270,5.6976,11.8470,0.2766,0.0266,0,0,0,0.00000,1
0.4702,4.5257,11.8338,2.3686,0.0083,0,1,0,0.41877,3
0.3673,3.9006,12.0103,2.7398,0.0393,0,1,0,0.53447,3
0.4673,4.3894,11.7470,-1.2267,0.0053,0,1,0,0.29379,3
0.3768,3.9339,11.9530,3.1132,0.0564,0,1,0,0.39759,3
0.3987,4.2967,12.0616,3.1270,0.1283,0,1,0,0.48774,1
0.4183,4.3722,12.3461,-2.3920,0.0481,0,1,0,0.85795,1
0.3625,3.8840,13.2194,3.0225,0.0184,1,2,0,1.82944,1
0.3800,4.0715,13.2099,-2.9958,0.0550,0,1,0,2.04492,1
0.3904,4.2577,11.6501,2.7139,0.0234,0,1,0,0.15227,1
0.3850,3.9799,11.8041,2.8074,0.0685,0,1,0,0.28608,3
0.3468,3.7695,11.8667,-2.6809,0.1981,0,1,0,0.39957,1
0.5602,5.3345,11.8219,1.1614,0.0429,0,1,0,0.24293,3
0.3380,3.7211,12.2623,-2.5360,0.0680,0,1,1,0.88535,2
0.4261,4.7033,12.0863,-2.7895,0.0367,0,1,0,0.70566,2
0.3681,3.8937,11.6776,-2.2194,0.0971,0,1,0,0.20722,3
0.4868,4.4513,11.8051,-1.4486,0.0056,0,1,0,0.51435,1
0.4067,4.1304,12.6270,1.3155,0.0086,0,1,1,1.06204,1
0.3514,3.8324,11.5952,-2.7793,0.0605,0,1,0,0.20320,3
0.4536,4.4795,11.9658,-1.9530,0.0073,0,1,0,0.27856,3
0.4584,4.9895,12.0984,2.7241,0.0416,0,1,0,0.49086,3
0.3418,3.7164,12.9494,-2.6192,0.0130,1,2,1,1.81876,1
0.5013,4.9395,12.1673,0.6857,0.0525,0,1,0,0.76372,1
0.4566,4.6092,12.6351,1.1751,0.0090,0,1,1,1.34266,1
0.4195,4.1849,11.6965,1.8747,0.0247,0,1,0,0.25673,3
0.4661,4.4232,12.0576,-2.1997,0.0218,0,1,0,0.60311,1
0.4195,4.1390,11.9660,-2.5334,0.0286,0,1,0,0.20268,3
0.4989,4.6588,12.6243,1.4180,0.0063,0,1,1,1.08992,1
0.3470,3.8083,13.0662,2.6141,0.0274,0,1,1,1.92588,1
0.4864,4.5094,11.9068,0.5621,0.0091,0,1,0,0.39512,1
0.3804,4.1569,13.0599,2.4595,0.0398,0,1,1,1.52414,1
0.4334,4.3118,11.8282,0.1410,0.0007,0,1,0,0.64932,1
0.4596,4.9000,11.6787,1.9481,0.0144,0,1,0,0.26360,3
0.4252,4.4480,12.5499,2.3528,0.0651,0,1,3,1.20205,1
0.4666,4.8325,11.6505,-2.0281,0.0043,0,1,0,0.18654,3
0.3629,3.9884,12.9025,2.9993,0.0108,0,1,1,1.60877,1
0.3754,4.0004,12.2457,2.5061,0.0864,0,2,0,0.68043,3
0.5212,4.8366,12.0936,-1.6010,0.0266,0,1,0,0.28116,1
0.4933,4.5387,12.2666,-1.8589,0.0080,0,1,0,0.87079,1
0.3383,3.6765,12.8012,-3.0949,0.1327,0,1,1,1.47812,1
0.3974,4.2772,12.0843,-3.0746,0.0215,0,1,0,0.53338,3
0.3663,3.8696,11.8524,-2.2545,0.0385,0,1,0,0.54973,1
0.4006,4.2565,11.9730,-2.5496,0.0251,0,1,0,0.50353,3
0.3874,4.0018,12.6109,2.3765,0.0451,0,1,1,0.55117,1
0.4418,4.2188,11.9077,-0.6934,0.0230,0,1,0,0.22464,1
0.4265,4.5148,11.7566,-1.8542,0.0127,0,1,0,0.40298,1
0.3569,3.8379,12.6410,2.7603,0.0183,0,1,1,1.09498,1
0.4529,4.3885,11.8161,-0.9798,0.0082,0,1,0,0.45992,3
0.4282,4.1947,11.7319,-1.6630,0.0020,0,1,0,0.34506,3
0.3418,3.7711,12.2183,3.1231,0.1702,0,1,0,0.99867,0
0.4199,4.1777,11.9968,2.2660,0.0044,0,1,0,0.69418,3
0.4327,4.2406,12.4499,-2.3391,0.0425,0,1,0,1.16897,1
0.4733,4.6269,12.1632,0.1442,0.0157,0,0,0,0.00000,1
0.5220,5.2463,11.7781,-2.5267,0.0315,0,1,0,0.42764,1
0.4817,4.5245,12.0274,-0.9989,0.0268,0,1,0,0.27553,1
0.4153,4.4321,12.6092,-2.6411,0.0039,0,1,2,1.48847,1
0.5561,5.5655,11.8792,1.6155,0.0294,0,1,0,0.38878,3
0.4044,4.4320,11.6212,2.4830,0.0637,0,1,0,0.24763,3
0.4593,4.3654,11.6268,-0.7592,0.0153,0,1,0,0.30451,3
0.5548,5.7019,11.7941,2.2532,0.0064,0,1,0,0.41168,3
0.3894,4.0004,12.9875,-1.7976,0.0126,0,1,0,1.70014,1
0.3963,4.1651,12.9271,3.0319,0.0271,0,1,1,1.50668,1
0.3609,3.7900,12.7604,3.0376,0.0668,0,1,0,1.42685,1
0.4038,4.3874,12.6217,2.3447,0.0087,0,1,1,1.13648,1
0.4482,4.6969,12.0378,-1.1866,0.0277,0,1,0,0.77943,1
0.3471,3.7880,11.8036,2.3861,0.0327,0,1,0,0.53615,1
0.3486,3.7413,11.8958,-2.7485,0.0130,0,1,0,0.45913,1
0.4093,4.2141,12.9997,2.6110,0.0382,0,1,3,1.48744,1
0.4308,4.2127,11.8361,1.1602,0.0203,0,1,0,0.34425,1
0.4746,4.9887,11.4628,-2.2507,0.0091,0,1,0,0.29416,3
0.3373,3.6886,11.8396,2.6310,0.1664,0,1,0,0.46303,3
0.5423,5.2265,12.0058,-0.1785,0.0545,0,1,0,0.47556,1
0.4899,5.2760,12.4372,-2.4014,0.0869,0,1,1,0.86790,1
0.3543,3.8974,12.1813,2.7666,0.1924,0,1,1,0.85032,1
0.4766,4.4999,12.0988,-0.1028,0.0089,0,1,0,0.17064,1
0.5474,5.2012,12.0023,-0.4391,0.0429,0,1,0,0.53795,1
0.3640,3.9728,12.4850,3.0258,0.1053,0,1,1,1.09499,3
0.4599,4.8538,12.4002,3.0868,0.0015,0,1,0,1.10749,1
0.5347,4.9963,12.5876,0.6364,0.0521,0,1,1,1.09137,1
0.3526,3.8356,11.7429,2.9109,0.0913,0,1,0,0.42597,3
0.4913,5.2863,13.0520,-2.0167,0.0049,0,1,2,1.94198,1
0.4480,4.3476,12.1144,-1.4257,0.0145,0,1,0,0.40510,1
0.3882,4.1760,13.1811,-2.6264,0.0570,0,1,0,0.23734,1
0.4947,4.4793,11.7956,-1.5633,0.0573,0,1,0,0.39136,1
0.3600,3.7901,11.7436,2.5499,0.1076,0,1,0,0.27564,3
0.5635,5.3753,11.9850,-0.0517,0.0112,0,2,0,0.77346,1
0.4752,4.8004,11.6426,1.3892,0.0045,0,1,0,0.24643,3
0.5975,5.7758,11.9397,1.2046,0.0109,0,1,0,0.31602,1
0.3813,3.9799,11.6432,2.6493,0.0301,0,1,0,0.37639,3
0.3660,4.0409,11.9790,2.1871,0.0558,0,1,0,0.30286,0
0.3409,3.7110,12.3692,-3.1378,0.0604,0,1,1,0.88920,3
0.4978,5.0664,12.0711,-2.8263,0.0062,0,1,0,0.60125,3
0.3944,4.1294,12.0389,2.8987,0.0095,0,1,0,0.23050,3
0.3487,3.7851,12.2106,2.3892,0.0638,0,0,3,0.95865,3
0.4506,4.4356,12.1083,1.6134,0.0047,0,1,0,0.82504,1
0.3640,3.8379,11.7349,-2.6520,0.0060,0,1,0,0.17284,1
0.4575,4.3380,11.9196,0.5844,0.0026,0,1,0,0.46873,1
0.4020,4.0523,11.5420,1.3031,0.0190,0,1,0,0.14976,1
0.4529,4.2394,12.1762,-1.3054,0.0254,0,1,0,0.36607,1
0.4217,4.6200,11.8084,2.5078,0.1449,0,1,0,0.23857,1
0.4415,4.3370,12.6253,-1.6202,0.0165,0,1,0,0.95463,1
0.4357,4.7385,12.2963,2.4032,0.1086,0,1,0,0.73128,1
0.4594,4.4052,11.6359,1.0693,0.0130,0,1,0,0.30983,3
0.4407,4.6961,12.2458,1.8380,0.0248,0,1,0,0.68240,1
0.4338,4.3279,11.9264,0.4035,0.0017,0,1,0,0.20353,1
0.4638,4.4283,12.7203,1.3535,0.0290,0,1,2,1.06124,1
0.4209,4.3908,11.9674,-2.1694,0.0005,0,1,0,0.47505,1
0.4531,4.9757,13.1595,1.8827,0.0211,0,1,1,1.99033,1
0.3353,3.6748,11.9100,-2.5037,0.0930,0,1,0,0.42368,3
0.4356,4.4215,11.8485,-2.3116,0.0222,0,1,0,0.46012,3
0.5441,5.3909,11.7432,-0.4310,0.0200,0,1,0,0.49946,3
0.4876,4.9704,12.8157,-2.8613,0.0261,1,1,1,1.12589,1
0.5459,4.9663,11.9751,-0.2833,0.0435,0,1,0,0.57956,1
0.3759,4.0221,12.2164,2.6747,0.0919,0,1,0,0.99608,3
0.4330,4.4942,12.5158,2.3976,0.0582,0,2,0,1.06586,1
0.4035,4.3040,12.3958,2.7894,0.0317,0,1,0,1.04543,3
0.4031,4.3276,11.9066,2.1311,0.0260,0,1,0,0.32087,1
0.4853,5.2429,12.1540,1.7992,0.0326,0,1,0,0.61326,3
0.3985,4.0321,12.2715,-1.6250,0.0140,0,1,0,0.82041,1
0.4244,4.2713,12.7045,2.9591,0.0414,0,1,0,1.38873,1
0.4184,4.2418,11.9554,-1.2893,0.0388,0,1,0,0.27479,1
0.3757,3.9373,12.2335,-2.2180,0.0418,0,1,0,0.88388,3
0.3631,3.8145,12.8766,-2.6666,0.0574,0,1,0,1.58641,1
0.4222,4.4209,11.8553,2.8070,0.0518,0,1,0,0.26094,3
0.4471,4.7087,11.9987,2.3632,0.0566,0,1,0,0.78073,3
0.4386,4.6295,11.8910,-2.6970,0.0276,0,1,0,0.56906,3
0.5554,5.7365,13.0517,0.8841,0.0208,0,1,0,1.61908,1
0.4435,4.2427,12.1988,2.7030,0.0085,0,1,1,0.74229,1
0.3778,3.9020,11.8965,-2.2619,0.0242,0,1,0,0.43455,3
0.3433,3.7266,12.6552,2.9433,0.0671,0,1,1,1.05394,1
0.4363,4.2482,11.6410,1.4259,0.0095,0,1,0,0.16061,3
0.4272,4.5061,12.4228,3.1243,0.0269,0,1,1,0.91690,1
0.5078,4.9390,11.9904,1.4780,0.0256,1,1,0,0.40441,1
0.3770,4.0627,13.2950,2.5755,0.0357,1,2,0,1.83000,1
0.4242,4.1903,11.8977,-1.9862,0.0217,0,1,0,0.44001,3
0.4835,4.5020,11.8911,0.2224,0.0439,0,1,0,0.21254,1
0.4825,5.0359,11.7307,-0.9620,0.0179,0,1,0,0.41028,1
0.3890,4.0368,11.7908,-2.3564,0.0135,0,1,0,0.21278,1
0.3710,4.0708,13.2825,-3.0181,0.0507,0,1,1,2.20685,1
0.4139,4.1972,11.9330,3.0944,0.0567,0,1,0,0.63371,1
0.3517,3.8058,13.0090,2.9320,0.0403,1,2,2,2.37643,1
0.3983,4.2099,12.4566,2.7603,0.0029,0,1,1,0.69394,1
0.3366,3.6560,11.9980,-2.2732,0.0375,1,1,0,0.40111,1
0.4101,4.3049,12.1871,3.0041,0.0387,0,0,0,0.00000,3
0.4123,4.4436,12.0058,-2.9670,0.0343,0,1,1,0.53537,3
0.5240,5.1609,12.1366,-0.0812,0.0263,0,1,0,0.68166,1
0.4801,5.2774,11.7357,-0.2065,0.0005,0,1,0,0.32361,1
0.4479,4.5650,12.1333,2.3029,0.0385,0,1,0,0.81358,3
0.3713,3.8517,11.8905,2.8432,0.1255,0,1,0,0.37031,1
0.5016,5.4029,11.9290,0.8140,0.0059,0,1,0,0.20681,1
0.3861,4.2087,12.4464,-2.4917,0.0781,0,1,1,1.21471,3
0.3772,3.8985,11.9354,2.3388,0.0902,0,1,0,0.26824,3
0.3989,4.1882,12.1699,3.1249,0.0773,0,1,0,0.59887,1
0.4178,4.5592,11.6401,2.6118,0.0288,0,1,0,0.17273,3
0.4217,4.3660,11.8927,-2.7167,0.0251,0,1,0,0.51002,3
0.5668,5.7806,11.9467,0.5072,0.0200,0,1,0,0.46551,3
0.4565,4.2774,11.7091,-1.8700,0.0098,0,1,0,0.39773,3
0.4501,4.7638,11.8219,-2.7066,0.0784,0,1,0,0.15849,1
0.3680,4.0180,12.6419,-3.0539,0.0134,0,1,1,0.85792,1
0.3495,3.7592,12.9568,-3.0952,0.1049,0,1,0,1.75201,1
0.3900,4.2145,11.8557,-2.8532,0.0459,0,1,0,0.30803,3
0.3935,4.1506,12.7538,-2.9276,0.0369,0,1,1,1.06444,1
0.4400,4.3614,11.6224,1.4485,0.0121,0,1,0,0.30347,3
0.3965,4.0359,12.3102,3.0266,0.0404,0,1,0,1.12051,1
0.4708,5.0484,11.7502,-3.1299,0.0356,0,1,0,0.16936,3
0.5213,5.3128,12.0659,1.0167,0.0401,0,1,0,0.58361,1
0.3494,3.7560,12.9719,-2.8058,0.0108,0,1,1,1.86124,1
0.3878,4.0889,12.0077,-2.6317,0.0669,0,1,0,0.58312,3
0.4501,4.4871,12.2243,-2.8128,0.0115,0,1,0,0.68079,1
0.4860,5.2285,12.3732,-2.2141,0.0860,0,1,0,0.98686,1
0.3744,4.0418,11.7957,2.2453,0.0302,0,1,0,0.42755,1
0.4702,4.9384,12.5814,2.2696,0.0105,0,1,1,1.09690,1
0.4635,4.6806,12.4211,-1.2869,0.0407,0,1,0,1.01518,1
0.5125,5.2196,12.1836,-1.8044,0.0125,0,0,1,0.60042,1
0.3614,3.9145,13.2211,2.9979,0.0540,1,2,1,2.14181,1
0.4037,4.3032,12.0202,-2.9897,0.0259,0,1,0,0.83945,3
0.4342,4.5833,12.0206,1.8339,0.0113,0,1,0,0.66759,1
0.4350,4.2035,11.7678,-0.5962,0.0234,0,1,0,0.23117,1
0.3750,4.0724,12.1718,-2.8075,0.1490,0,1,0,0.70205,1
0.4028,4.1034,11.8731,0.3323,0.0001,0,1,0,0.40507,1
0.5118,4.9605,11.8349,1.6934,0.0157,0,1,0,0.52582,3
0.4768,5.1857,13.3105,2.9090,0.0232,0,2,1,1.85340,1
0.4058,4.3475,11.7178,3.0402,0.0767,0,1,0,0.14173,3
0.4345,4.4720,12.1998,2.0104,0.0153,0,1,0,0.63047,3
0.4198,4.2236,12.0159,1.5172,0.0338,0,1,1,0.77672,1
0.4674,4.5911,11.9870,-1.2220,0.0341,0,1,0,0.60287,3
0.4889,5.0262,11.8114,1.3718,0.0299,0,1,0,0.40128,3
0.4266,4.2678,11.7517,2.0107,0.0717,0,1,0,0.48334,3
0.5510,5.7484,12.4517,0.8988,0.0129,0,1,0,0.99228,1
0.4665,4.6173,12.0856,1.8920,0.0248,0,1,0,0.66704,1
0.4386,4.2835,12.0589,-1.7094,0.0179,0,1,0,0.80868,1
0.3909,4.0593,13.0066,2.7985,0.0162,1,2,0,1.36422,1
0.4766,4.5134,12.6949,-0.7020,0.0071,0,1,0,0.42351,1
0.3716,4.0569,11.5511,-2.5017,0.0147,0,1,0,0.27184,1
0.5600,5.6188,11.8304,2.6735,0.0086,0,1,0,0.39819,1
0.5322,5.2986,12.9097,1.9586,0.0098,0,1,1,1.25385,1
0.3732,4.1087,11.9567,-3.1329,0.0833,0,1,0,0.43402,2
0.4096,4.4948,11.9058,3.0127,0.0742,0,1,0,0.39395,3
0.4418,4.2078,12.0065,-0.8224,0.0047,0,1,0,0.56949,1
0.4239,4.6746,11.7811,-3.1364,0.0824,0,1,0,0.38378,2
0.5789,5.9378,12.1476,1.7373,0.0557,0,1,0,0.67630,1
0.3791,4.0083,11.7353,-2.8061,0.0899,0,1,0,0.23741,3
0.3680,3.9141,12.3847,2.4018,0.0608,0,1,0,1.19303,3
0.3506,3.8706,13.0017,-3.0878,0.0163,0,1,1,1.91386,0
0.4369,4.1819,11.7472,0.5299,0.0107,0,1,0,0.18815,1
0.4042,4.2497,11.8928,-1.8696,0.0121,0,1,0,0.52094,1
0.5211,5.0981,12.3445,-1.8867,0.0075,0,1,1,0.71891,1
0.4592,4.9374,12.2141,-1.5838,0.0214,0,1,0,0.62956,1
0.3594,3.8556,12.3020,-2.9950,0.0334,0,1,0,1.06538,3
0.4158,4.5862,11.7309,-2.6248,0.0150,0,1,0,0.16377,0
0.4367,4.5293,11.8553,3.0584,0.0357,0,1,0,0.25645,3
0.3765,3.9290,13.0547,-2.3842,0.0109,0,1,0,0.54595,1
0.4042,4.1648,12.0042,2.5207,0.0762,0,1,0,0.29475,1
0.3699,3.8552,12.9014,-2.7268,0.0626,0,1,0,1.56627,1
0.3795,4.1324,12.2097,-2.8622,0.0205,0,1,1,0.62362,1
0.4610,4.3862,12.3854,0.2946,0.0086,0,1,1,0.80937,1
0.3959,4.2712,12.4286,-2.4717,0.1470,0,1,0,1.27705,1
0.3805,3.9700,12.1579,2.5213,0.0736,0,1,0,0.67733,3
0.5462,5.4055,11.6975,0.2680,0.0092,0,1,0,0.16951,3
0.4918,5.0156,11.6581,-0.5662,0.0091,0,1,0,0.17041,1
0.3560,3.9084,11.5456,-2.4569,0.0929,0,1,0,0.20805,3
0.4683,4.7105,12.1320,-2.9098,0.0183,0,1,0,0.58229,1
0.4452,4.7885,12.0624,-2.3326,0.0559,0,1,0,0.54177,3
0.4680,4.3693,11.6039,1.9132,0.0007,0,1,0,0.38477,3
0.4314,4.2146,11.6644,2.1792,0.0322,0,1,0,0.34568,3
0.5170,5.4146,11.8038,0.1760,0.0041,0,1,0,0.35900,1
0.4485,4.3759,11.8127,-0.7418,0.0074,0,1,1,0.45433,1
0.4927,4.6971,11.9254,-2.5424,0.0064,0,1,0,0.53759,1
0.4291,4.2400,12.1024,-2.9235,0.0380,0,1,0,0.65180,1
0.4321,4.6058,12.1729,1.8096,0.0574,0,1,0,0.30851,3
0.3758,3.8842,12.2336,2.7337,0.1009,0,1,0,0.93445,1
0.3598,3.8389,11.8077,2.7159,0.1257,0,1,0,0.42695,3
0.4247,4.3837,12.6851,-1.9155,0.0195,0,2,1,1.36793,1
0.3932,4.0113,12.5849,-1.9042,0.0370,0,1,0,1.29106,1
0.3711,3.8881,11.9014,2.4464,0.0858,0,1,0,0.46317,3
0.4038,4.0745,11.9846,-2.4073,0.0138,0,1,0,0.45441,3
0.3453,3.7259,12.3715,-2.6480,0.0510,0,1,0,1.21146,3
0.4958,4.9614,12.1602,-1.8916,0.0092,0,1,0,0.74191,1
0.3442,3.7448,11.8600,2.9059,0.2449,0,1,0,0.54868,1
0.4661,5.1180,11.7907,-2.7853,0.0060,0,1,0,0.36735,1
0.4762,5.0535,11.9032,-2.0600,0.0135,0,1,0,0.26262,3
0.4528,4.9065,11.9857,-2.8544,0.0873,0,1,0,0.55248,1
0.3580,3.8610,12.7036,2.8968,0.0069,0,1,1,1.32244,1
0.5387,5.2051,11.9385,1.6994,0.0100,0,1,0,0.42866,1
0.3960,4.2156,13.1150,-2.5948,0.0237,0,1,0,1.71591,1
0.3502,3.8065,13.2866,-2.5719,0.0655,0,1,1,2.17396,1
0.3677,3.9404,12.7099,-3.0464,0.0944,0,1,1,1.59591,1
0.3546,3.8209,11.9892,-2.9333,0.1017,0,1,0,0.33808,3
0.4215,4.3268,12.1523,-1.5227,0.0131,0,1,0,0.57716,1
0.4194,4.3245,11.9557,1.3544,0.0374,0,1,0,0.25050,1
0.3418,3.7493,11.5119,-3.1301,0.0759,0,1,0,0.19993,3
0.4307,4.6623,12.0362,-1.7179,0.0363,0,1,0,0.62547,1
0.4949,5.4538,12.4909,2.0722,0.0138,0,1,0,1.06283,2
0.4902,4.4593,12.1758,0.7863,0.0403,0,1,0,0.27359,1
0.4526,4.5965,12.5445,-1.9982,0.0270,0,1,3,0.99306,1
0.4519,4.8014,11.8218,2.2520,0.0213,0,1,0,0.25508,3
0.3522,3.8761,13.0353,2.9756,0.0174,0,1,1,1.85531,1
0.5352,5.5548,11.7615,-1.3112,0.0172,0,1,0,0.35301,3
0.3649,3.8878,13.1508,2.6243,0.0899,1,2,0,1.73059,1
0.4610,4.7743,11.8521,2.9670,0.0563,0,1,0,0.25323,1
0.5047,4.9905,12.3302,0.8315,0.0306,0,1,1,0.85037,1
0.4199,4.5048,12.4991,-2.2321,0.0528,0,1,0,1.16834,1
0.4771,4.8643,11.8272,1.6087,0.0251,0,1,0,0.31487,3
0.5086,4.8323,11.7781,-1.2967,0.0100,0,1,0,0.27353,3
0.4118,4.0977,11.9145,2.4108,0.0951,0,1,0,0.44355,1
0.5712,5.5831,11.7916,0.0980,0.0095,0,1,0,0.32605,3
0.5403,5.2352,12.4239,-0.7117,0.0136,0,1,1,0.78239,1
0.4822,5.3169,12.0352,1.9592,0.0278,0,1,0,0.55510,2
0.3379,3.6679,12.7524,-2.8162,0.1125,0,1,0,1.32168,1
0.6345,5.9915,12.4885,-0.7674,0.0062,0,1,0,1.01333,1
0.3701,4.0703,13.1149,-2.7009,0.0886,1,2,0,1.83038,1
0.3549,3.7592,12.5439,-3.0516,0.0813,0,1,2,1.03599,1
0.3909,4.0447,11.9236,-2.3813,0.0231,0,1,1,0.37343,3
0.4568,4.7526,13.0419,2.5313,0.0507,0,1,0,1.82476,1
0.3898,4.0332,12.5187,2.4800,0.0556,0,1,0,1.22708,1
0.3908,3.9890,11.9904,-1.5170,0.0365,0,1,0,0.63402,1
0.4278,4.2896,11.9496,1.2629,0.0102,0,1,0,0.46997,1
0.4281,4.6459,12.0209,-2.1723,0.0815,0,1,0,0.46419,3
0.4874,4.7904,11.6418,2.0514,0.0183,0,1,0,0.43021,3
0.4316,4.6588,12.3084,2.7635,0.0159,0,1,0,0.75697,3
0.4231,4.1862,11.7600,-2.9979,0.0192,0,1,0,0.49875,3
0.4654,4.8897,12.0807,-2.3831,0.0348,0,1,0,0.60606,3
0.4496,4.5684,12.4423,-2.3167,0.0404,0,1,0,1.26044,1
0.4416,4.6536,12.4008,-1.3818,0.0327,0,2,0,0.56330,1
0.4043,4.1617,11.9239,2.2542,0.0275,0,1,0,0.54683,3
0.5199,5.2217,11.9212,-1.9816,0.0229,0,1,0,0.40788,1
0.4319,4.2111,11.7151,-3.0392,0.0317,0,1,0,0.20491,1
0.4991,4.5819,12.2128,0.9696,0.0190,0,1,0,0.74853,1
0.3937,4.2004,12.0364,2.7630,0.0574,0,1,0,0.51843,3
0.4745,5.1512,12.1917,-2.3440,0.0880,0,1,0,0.84261,1
0.4352,4.6226,11.9580,-3.0507,0.0458,0,1,0,0.64923,3
0.4150,4.4606,11.8509,2.0346,0.0236,0,1,0,0.57322,1
0.4588,4.4317,12.0404,-0.0534,0.0032,0,1,0,0.60524,1
0.5906,5.4865,12.2871,1.1109,0.0247,0,1,0,0.95675,1
0.3714,4.0043,12.3300,2.3692,0.0703,0,1,1,0.86625,3
0.4028,4.1733,11.8896,-2.3716,0.0072,0,1,0,0.48672,1
0.4229,4.2576,11.7160,-1.8490,0.0172,0,1,0,0.22573,3
0.3757,4.0754,12.0848,-2.6969,0.1718,0,1,0,0.39766,1
0.3832,4.1600,12.5377,-2.4455,0.0057,0,1,1,1.14111,1
0.4036,4.4466,12.3021,-2.4802,0.1059,0,1,1,0.69323,2
0.3922,4.0401,11.9213,-2.5295,0.0941,0,1,0,0.57422,1
0.4630,5.0631,12.7141,2.5843,0.0944,1,2,0,1.19661,1
0.3619,3.9055,11.9016,3.0408,0.0180,0,1,0,0.44013,1
0.4482,4.5347,11.8995,-2.6967,0.0652,0,1,0,0.26465,1
0.4314,4.2875,12.0922,-2.1375,0.0318,0,1,0,0.58130,1
0.3907,4.2993,12.1055,-2.6531,0.1924,0,1,0,0.41835,1
0.3516,3.8669,13.3149,2.5141,0.0134,0,1,1,1.85247,1
0.4219,4.3885,12.0782,2.2133,0.0249,0,1,0,0.72101,3
0.4099,4.1352,12.1314,2.4797,0.0482,0,1,0,0.75820,1
0.3697,3.9170,12.2231,1.9591,0.0209,1,1,0,0.68992,1
0.3569,3.8952,13.1414,-2.3818,0.0326,0,1,1,1.89387,1
0.4534,4.4055,11.8012,-2.9552,0.0039,0,1,0,0.26751,3
0.3602,3.9344,13.2210,-2.6315,0.0097,0,1,1,2.01739,1
0.4541,4.6194,12.4481,1.9996,0.0073,0,1,0,1.04883,1
0.3846,4.1554,11.9826,2.4351,0.0318,0,1,0,0.64674,1
0.4519,4.2435,11.9683,-0.3772,0.0143,0,1,0,0.32670,1
0.3934,4.3186,11.5677,-2.3394,0.0342,0,1,0,0.20507,1
0.4940,4.9307,11.9897,-0.6934,0.0155,0,1,0,0.42619,1
0.4344,4.2406,12.2372,-2.9780,0.0178,0,1,0,0.81806,1
0.4532,4.8200,11.8457,1.7796,0.0320,0,1,0,0.50288,3
0.4599,4.2754,11.7586,1.9853,0.0393,0,1,0,0.36879,1
0.5424,5.4948,11.7601,0.2405,0.0202,0,1,0,0.34763,1
0.4055,4.4215,11.9136,-2.9974,0.0581,0,1,0,0.39673,3
0.3559,3.8716,11.9486,-2.8758,0.0558,0,1,0,0.56827,3
0.4052,4.2969,11.7575,-2.5370,0.0339,0,1,0,0.37411,3
0.3643,3.8809,11.9275,3.1251,0.1733,0,1,0,0.30538,1
0.4678,4.6730,11.9449,-2.3189,0.0332,0,1,0,0.41005,1
0.4373,4.3912,12.2636,1.9444,0.0022,0,1,1,0.79607,1
0.4029,4.0380,11.8059,-1.7131,0.0083,0,1,0,0.42320,1
0.4391,4.7309,11.8749,2.6004,0.0185,0,1,0,0.21656,3
0.4884,5.3639,12.4950,2.7551,0.0433,0,1,1,1.09582,3
0.6187,5.7714,12.2987,-0.5500,0.1027,0,1,0,0.48849,1
0.4051,4.4144,11.7603,2.8268,0.1442,0,1,0,0.22174,1
0.3624,3.8104,12.2294,-3.0259,0.0313,0,1,0,0.95106,3
0.4272,4.4485,12.9651,3.0711,0.0494,0,1,1,1.59146,1
0.5484,5.1026,11.9121,-0.7377,0.0286,0,1,0,0.47388,1
0.4459,4.5267,12.3569,-2.0782,0.0113,0,1,0,0.94448,1
0.4284,4.3586,11.8558,2.5563,0.0196,0,1,0,0.42578,3
0.3865,4.2138,12.7992,2.6255,0.0157,0,1,1,1.35844,1
0.3322,3.6566,12.0572,2.9476,0.2301,0,1,0,0.68960,1
0.4077,4.2220,11.8653,-1.5372,0.0357,0,1,0,0.64084,1
0.4201,4.3528,12.1527,-2.2645,0.0253,0,1,1,0.77245,3
0.3630,3.9832,11.7762,-2.0232,0.0631,0,1,0,0.40988,1
0.5546,5.6629,11.8971,-0.7881,0.0705,0,1,0,0.52132,1
0.3563,3.8376,12.6421,-2.6448,0.0634,0,1,0,1.49018,1
0.4296,4.2570,11.5699,-0.3598,0.0110,0,1,0,0.20063,1
0.3780,3.9894,12.6497,2.4350,0.0226,0,1,1,1.14971,1
0.4866,4.4731,11.8212,0.8245,0.0213,0,1,0,0.54240,1
0.4768,4.7269,12.2104,-2.1065,0.0147,0,1,0,0.38522,1
0.3954,4.0861,12.0323,2.8799,0.0667,0,1,0,0.71789,1
0.4416,4.7847,11.8636,2.6609,0.0505,0,1,0,0.21509,3
0.3786,4.1518,12.2652,-2.8250,0.0930,0,1,0,1.03017,3
0.4185,4.5317,12.2752,2.6980,0.0026,0,1,1,0.67112,1
0.4933,4.7254,12.2775,-1.2039,0.0145,0,2,0,0.49030,1
0.3877,4.1018,11.8386,-1.9616,0.0303,0,1,0,0.13993,1
0.5305,5.2910,12.1295,1.5535,0.0199,0,1,0,0.61638,1
0.4268,4.7055,12.6832,2.3533,0.0555,0,1,1,0.98847,0
0.4734,4.7878,12.8932,-1.5388,0.0058,0,1,3,1.69310,1
0.4999,5.1023,11.8677,-2.2711,0.0217,0,1,0,0.40109,3
0.5606,5.2639,11.6958,-0.2261,0.0492,0,1,0,0.27109,3
0.4679,4.4586,11.9049,1.2091,0.0307,0,1,0,0.38338,1
0.4799,5.2069,12.4627,1.7295,0.0348,0,1,0,1.09740,3
0.3993,4.3704,12.0308,-2.6845,0.1843,0,1,0,0.78695,1
0.3752,4.1321,11.8328,-2.5946,0.0781,0,1,0,0.56332,2
0.6325,5.8203,12.3395,0.9539,0.0343,0,0,0,0.00000,1
0.5798,5.7661,12.1311,-0.3629,0.0552,0,1,0,0.29589,1
0.4300,4.4424,11.9281,-2.4495,0.0605,0,1,0,0.41112,3
0.5181,4.9940,11.7894,1.7935,0.0125,0,1,0,0.41174,1
0.4704,4.9829,11.8625,-1.1641,0.0094,0,1,0,0.48143,1
0.5354,5.3809,11.8856,-0.9012,0.0044,0,1,0,0.41859,3
0.4652,4.3655,11.7215,-0.7625,0.0527,0,1,0,0.38145,1
0.3901,4.0971,12.3287,-1.6789,0.0344,0,1,0,1.00492,1
0.3731,3.9170,11.6903,-3.0989,0.0208,0,1,0,0.41667,3
0.4116,4.1161,12.1168,-2.3219,0.0508,0,1,1,0.63506,1
0.3969,4.2968,12.8119,2.9933,0.0131,0,1,0,1.64445,1
0.3871,3.9638,12.0001,-1.8432,0.0306,0,1,0,0.64107,1
0.4144,4.3683,11.6113,2.7985,0.0737,0,1,0,0.27980,3
0.4458,4.8011,13.2590,-2.7270,0.0175,0,1,1,1.96055,1
0.3553,3.7900,13.1367,-2.1304,0.0286,0,1,1,1.65525,1
0.4771,4.6486,11.8582,1.7161,0.0344,0,1,0,0.27728,3
0.5564,5.2831,12.0991,0.6212,0.0756,0,1,0,0.74102,1
0.5246,5.3933,11.4023,-2.2870,0.0049,0,0,0,0.00000,3
0.5192,5.3413,11.4134,-2.9363,0.0272,0,0,0,0.00000,1
0.6072,5.5621,11.5546,-0.0344,0.1070,0,0,0,0.00000,1
0.4365,4.1969,12.2927,0.0082,0.0009,0,1,1,0.77224,1
0.4404,4.2983,12.1612,-2.4471,0.0339,0,0,1,0.77774,1
0.4780,4.5514,11.3462,2.3022,0.0044,0,0,0,0.00000,3
0.4594,4.9063,11.7027,2.2041,0.0137,0,0,1,0.36794,3
0.5339,5.4231,11.3993,-1.2791,0.0101,0,0,0,0.00000,3
0.4816,5.0748,11.3174,1.4931,0.0037,0,0,0,0.00000,1
0.5043,5.5100,12.6084,2.4124,0.0861,0,1,0,1.14322,1
0.4395,4.1859,11.3279,-2.0786,0.0540,0,0,0,0.00000,1
0.4331,4.7796,12.0062,2.0601,0.0192,0,0,1,0.43590,0
0.3473,3.7821,11.9179,-2.5950,0.0715,0,1,0,0.39621,3
0.4176,4.0989,12.6606,3.0673,0.0101,0,1,0,1.51491,1
0.4425,4.2994,12.2217,1.1878,0.0320,0,0,1,0.76789,1
0.3858,4.1164,11.4258,2.7164,0.0949,0,0,0,0.00000,3
0.3789,4.1075,11.5227,-2.8830,0.1113,0,0,0,0.00000,3
0.3836,3.9127,11.7547,1.5683,0.0188,0,0,1,0.16725,1
0.5418,5.4941,12.3730,0.4511,0.0266,1,1,1,0.88849,1
0.4562,4.9373,11.5043,2.8659,0.0227,0,0,0,0.00000,3
0.4528,4.9133,12.0019,2.5122,0.0912,0,0,1,0.54275,1
0.5401,5.0649,11.3563,-0.2455,0.0399,0,0,0,0.00000,3
0.4977,5.2467,11.3760,-3.0203,0.0541,0,0,0,0.00000,1
0.4544,4.4129,12.5683,0.1943,0.0019,0,1,1,0.95589,1
0.4673,4.3295,11.2170,2.0095,0.0442,0,0,0,0.00000,1
0.5910,5.5148,11.9896,-0.3244,0.0604,0,0,1,0.36110,1
0.5295,5.1926,11.4170,0.3662,0.0444,0,0,0,0.00000,1
0.4812,4.5445,11.8829,0.5494,0.0355,0,0,2,0.60018,1
0.3595,3.7826,12.1773,2.4202,0.0702,0,1,0,0.42608,3
0.3739,4.0034,11.8205,-2.4702,0.1485,0,1,0,0.38640,3
0.3511,3.8380,12.7205,2.6187,0.0953,0,0,1,1.44693,1
0.4517,4.6404,11.2740,2.7428,0.0146,0,0,0,0.00000,3
0.4800,4.3691,11.5254,0.7752,0.0683,0,0,0,0.00000,1
0.4642,4.7701,12.5660,-1.4509,0.0317,0,1,0,1.21415,1
0.4213,4.2298,11.3045,-2.7366,0.0313,0,0,0,0.00000,3
0.4070,4.3175,11.9181,-3.0595,0.0878,0,1,0,0.34219,1
0.4868,4.7334,12.1562,2.0827,0.0464,0,1,0,0.63978,1
0.3943,3.9660,11.5273,1.6486,0.0114,0,1,0,0.21425,1
0.3878,4.0138,11.7976,-2.7988,0.0278,0,1,0,0.40177,3
0.5535,5.4511,11.2777,-1.3650,0.0038,0,0,0,0.00000,3
0.5757,5.8846,11.4222,2.8852,0.0018,0,0,0,0.00000,1
0.5273,4.8105,11.4970,-1.5163,0.0409,0,0,0,0.00000,1
0.4816,4.5756,11.4018,-2.0630,0.0205,0,0,0,0.00000,1
0.4348,4.7318,13.3418,2.4732,0.0098,1,1,1,1.46444,1
0.4852,4.7449,12.2339,2.3316,0.0253,0,1,0,0.92499,1
0.6178,5.7268,12.4838,0.4242,0.0053,0,0,1,1.15936,1
0.3852,4.1225,11.8460,2.9843,0.0640,0,0,1,0.35210,3
0.3499,3.8062,13.1425,2.2087,0.0378,0,0,2,1.72528,1
0.4205,4.4182,11.4820,-2.9274,0.0291,0,0,0,0.00000,3
0.4940,5.2944,11.4795,-2.6184,0.0205,0,0,0,0.00000,3
0.4591,4.2799,11.3643,-0.2039,0.0437,0,0,0,0.00000,1
0.5149,5.0265,11.3706,-0.6893,0.0678,0,0,0,0.00000,1
0.3914,4.2023,11.5340,2.8819,0.1727,0,0,0,0.00000,1
0.6185,5.6950,11.7841,-0.7694,0.0773,0,0,0,0.00000,1
0.3812,3.9052,11.9298,-2.4257,0.1211,0,0,1,0.33312,1
0.4107,4.4849,11.3916,1.9921,0.0370,0,0,0,0.00000,1
0.6429,6.2007,11.5210,-0.0386,0.1204,0,0,0,0.00000,1
0.4259,4.4063,12.1985,1.7296,0.0367,0,0,2,0.66409,3
0.4559,4.9992,12.0179,3.0988,0.0457,0,0,1,0.29343,3
0.3801,4.1638,12.3025,-2.9055,0.0192,0,1,0,0.89540,1
0.5193,5.5673,11.2555,-3.1160,0.0300,0,0,0,0.00000,3
0.3627,3.9305,12.3086,2.7101,0.0361,0,1,1,0.90047,3
0.4042,4.1754,12.8459,2.0227,0.0157,0,0,1,1.67001,1
0.3496,3.8398,12.6082,2.9431,0.1585,0,1,0,1.31076,1
0.4436,4.2832,11.5422,-0.6126,0.0132,0,1,0,0.14916,1
0.5248,5.3578,11.6948,-1.8026,0.0486,0,0,1,0.17978,3
0.4002,4.1767,11.4064,-1.8212,0.0257,0,0,0,0.00000,1
0.3623,3.9973,11.8661,-2.9520,0.2008,0,1,0,0.58347,0
0.3849,4.0949,11.3246,2.9435,0.0209,0,0,0,0.00000,1
0.5196,4.7218,11.5347,-0.5081,0.0648,0,0,0,0.00000,1
0.3727,3.9518,12.0532,-2.8134,0.1031,0,1,0,0.73801,1
0.3843,4.0357,11.5375,-2.7345,0.0316,0,1,0,0.18401,3
0.4206,4.1271,11.7101,-0.6077,0.0048,0,0,1,0.40494,1
0.4222,4.2771,11.3131,-1.9009,0.0402,0,0,0,0.00000,3
0.4746,4.7236,12.3392,-1.6897,0.0316,0,0,1,0.72924,1
0.5388,4.8859,11.4540,0.3392,0.1147,0,0,0,0.00000,1
0.4124,4.4458,12.3359,2.5886,0.0666,0,1,0,1.12965,3
0.4836,5.0554,11.4164,2.9688,0.0167,0,0,0,0.00000,3
0.4002,4.2542,12.5392,-2.9718,0.0147,0,1,0,1.10802,1
0.3780,3.9688,11.3834,2.5507,0.1099,0,0,0,0.00000,3
0.5433,5.5851,11.6311,-0.8724,0.0146,0,0,0,0.00000,3
0.4408,4.7641,11.3473,1.9011,0.0482,0,0,0,0.00000,1
0.4117,4.4867,13.2357,-2.4385,0.0371,0,0,0,0.00000,1
0.5389,5.3604,11.4998,0.9564,0.0452,0,0,0,0.00000,3
0.5592,5.7611,12.1201,-1.2260,0.0358,0,1,0,0.64827,3
0.4926,5.0483,13.0474,-0.8297,0.0005,0,0,1,1.43246,1
0.5032,5.2756,11.5744,2.2890,0.0072,0,0,0,0.00000,3
0.4329,4.6222,11.4170,-2.2220,0.0322,0,0,0,0.00000,3
0.6242,5.7493,11.3477,-0.7185,0.0581,0,0,0,0.00000,3
0.3436,3.7906,11.8525,-3.0228,0.0344,0,1,0,0.62078,0
0.4065,4.4651,11.9183,2.5875,0.0110,0,0,2,0.62693,1
0.3805,4.0520,12.7847,-2.3549,0.0298,1,1,1,1.21129,1
0.5954,5.7473,11.5149,0.3593,0.0454,0,0,0,0.00000,3
0.5207,5.2691,12.9480,1.5066,0.0252,0,1,1,1.22442,1
0.3882,4.2530,11.4963,-1.9110,0.0411,0,0,0,0.00000,1
0.4187,4.3100,11.6243,-3.1002,0.0257,0,1,0,0.25239,3
0.4284,4.6982,12.8980,-2.3360,0.0166,1,2,0,1.00329,1
0.5547,5.5470,11.2593,-0.6743,0.0355,0,0,0,0.00000,3
0.5203,5.1921,11.3762,0.1071,0.0442,0,0,0,0.00000,1
0.5196,5.4937,12.3337,-1.7020,0.0133,0,0,1,0.81277,3
0.4133,4.0620,11.8572,-2.7816,0.0515,0,1,0,0.39302,1
0.5119,4.8774,11.5708,1.2608,0.0213,0,0,0,0.00000,3
0.4021,4.3235,12.8957,2.7819,0.0534,0,0,2,1.25686,1
0.3552,3.8512,11.5618,2.6222,0.1438,0,0,0,0.00000,3
0.4147,4.2446,11.3037,-1.6348,0.0473,0,0,0,0.00000,1
0.3633,3.9961,11.6273,2.7287,0.2168,0,1,0,0.36322,1
0.4414,4.4740,11.5346,-2.6493,0.0352,0,0,0,0.00000,3
0.4572,4.6183,11.2833,1.3671,0.0795,0,0,0,0.00000,1
0.6239,5.6711,11.3137,0.1549,0.0083,0,0,0,0.00000,1
0.4989,4.8451,11.4680,3.0912,0.0049,0,0,0,0.00000,1
0.4098,4.0797,11.3221,1.1204,0.0250,0,0,0,0.00000,1
0.6573,5.9905,11.6005,-0.1242,0.1560,0,0,0,0.00000,1
0.3424,3.7007,13.2446,2.7009,0.0448,0,1,0,2.10255,1
0.3564,3.8190,12.6756,-2.1290,0.0257,0,1,1,1.36409,1
0.3584,3.9328,12.2830,2.6409,0.0725,0,1,0,0.85157,3
0.4806,5.0601,11.2512,-0.8631,0.0199,0,0,0,0.00000,1
0.4269,4.4651,11.5718,-2.9067,0.0532,0,0,0,0.00000,3
0.5134,4.7111,11.6822,-1.0130,0.0158,0,0,1,0.21975,1
0.4488,4.4386,11.3521,-2.1148,0.1014,0,0,0,0.00000,1
0.4202,4.5507,11.3652,1.8078,0.0205,0,0,0,0.00000,1
0.4390,4.2968,12.0622,1.7419,0.0412,0,1,0,0.65965,1
0.3560,3.9104,13.2188,2.7960,0.0690,0,1,0,2.16006,1
0.3437,3.7690,12.9301,-2.6444,0.1689,0,1,0,1.85397,1
0.4399,4.4162,11.7259,-2.0501,0.0121,0,1,0,0.42787,3
0.4305,4.4466,12.2863,2.9305,0.0021,0,1,0,0.85285,1
0.3729,3.9769,11.8808,2.0224,0.0183,0,1,0,0.35634,1
0.5853,5.3253,11.5079,-0.4838,0.0968,0,0,0,0.00000,3
0.5905,5.6585,11.5626,1.5578,0.0219,0,0,0,0.00000,1
0.4240,4.5066,11.3543,-2.7589,0.0339,0,0,0,0.00000,3
0.4243,4.3719,11.5931,2.9630,0.0984,0,0,0,0.00000,1
0.4431,4.2694,12.7710,1.7134,0.0244,0,1,1,1.38465,1
0.3311,3.6279,12.2778,2.8390,0.2305,0,0,1,0.47123,1
0.4032,4.3781,11.3998,2.4880,0.0874,0,0,0,0.00000,3
0.4562,4.3943,12.5586,0.5392,0.0127,0,0,3,1.14549,1
0.4190,4.3967,11.2738,-2.5689,0.1424,0,0,0,0.00000,1
0.4605,4.3247,11.4694,-0.8845,0.0884,0,0,0,0.00000,1
0.5061,5.0348,11.5399,1.0956,0.0227,0,0,0,0.00000,3
0.4101,4.0773,11.3200,-3.0677,0.0640,0,0,0,0.00000,1
0.4592,4.3400,11.4101,-0.7626,0.0162,0,0,0,0.00000,3
0.3403,3.6736,12.5278,2.2281,0.0302,0,1,0,1.27406,1
0.4633,4.3604,11.3358,2.0941,0.0535,0,0,0,0.00000,1
0.4097,4.3190,11.5518,-2.3387,0.0744,0,0,0,0.00000,3
0.3633,3.8386,11.3781,-2.4044,0.0224,0,0,0,0.00000,1
0.4382,4.6031,11.5439,2.4379,0.0372,0,0,0,0.00000,3
0.4292,4.7022,11.4003,1.7473,0.0235,0,0,0,0.00000,1
0.5364,5.6203,11.5541,-2.9332,0.0308,0,0,0,0.00000,1
0.4358,4.5834,11.3634,-2.8494,0.0872,0,0,0,0.00000,1
0.4541,4.4973,11.3974,2.5556,0.0012,0,0,0,0.00000,3
0.3986,3.9884,11.3914,3.0265,0.0362,0,0,0,0.00000,3
0.4272,4.1277,11.3398,1.6554,0.0289,0,0,0,0.00000,3
0.5281,4.8326,11.4245,0.2029,0.0116,0,0,0,0.00000,3
0.4431,4.2286,11.3282,-1.9996,0.0095,0,0,0,0.00000,3
0.4126,4.0830,11.2531,2.5611,0.0035,0,0,0,0.00000,3
0.5032,4.8402,11.4853,0.7881,0.0309,0,0,0,0.00000,3
0.4395,4.3107,11.5606,2.5150,0.0237,0,0,0,0.00000,3
0.4176,4.4579,11.5044,-2.1255,0.0282,0,0,0,0.00000,1
0.3658,3.9005,11.9363,-2.8693,0.0131,0,1,0,0.55565,1
0.4251,4.3653,11.7725,-1.5606,0.0272,0,0,1,0.14396,1
0.4451,4.5140,12.4781,2.4318,0.0502,0,1,0,1.17810,1
0.4101,4.0489,11.3404,1.8558,0.0114,0,0,0,0.00000,3
0.3873,4.2165,12.3066,2.2474,0.0433,1,1,0,0.88376,1
0.5219,5.1679,12.0480,0.0070,0.0107,0,0,1,0.40641,1
0.4278,4.3962,12.8698,2.4937,0.0037,0,1,1,1.19716,1
0.4562,4.2829,11.9522,1.1888,0.0062,0,0,1,0.45765,1
0.5048,4.5615,11.5110,-0.6133,0.0592,0,0,0,0.00000,3
0.3925,4.1259,11.3136,2.7281,0.0404,0,0,0,0.00000,3
0.4894,4.7510,11.3587,1.2214,0.0376,0,0,0,0.00000,3
0.4040,4.2057,11.2754,2.7287,0.0390,0,0,0,0.00000,3
0.4576,4.7807,12.9859,-2.7339,0.0014,0,1,0,0.57717,1
0.4311,4.2599,11.9480,-2.8181,0.0004,0,0,1,0.59527,3
0.3849,4.0450,11.4189,2.4040,0.0219,0,0,0,0.00000,1
0.4527,4.8258,11.3886,-2.3497,0.1068,0,0,0,0.00000,3
0.4136,4.1275,11.2760,-2.9852,0.0133,0,0,0,0.00000,3
0.4269,4.3631,11.3830,2.3270,0.0833,0,0,0,0.00000,3
0.4493,4.9577,11.3090,2.1623,0.0490,0,0,0,0.00000,2
0.4402,4.8387,12.3338,2.7925,0.0446,0,0,2,0.73699,3
0.4348,4.3312,11.3162,2.7030,0.0050,0,0,0,0.00000,3
0.6015,5.7478,11.5905,0.6237,0.0164,0,0,0,0.00000,3
0.5305,4.8917,11.5144,-0.5800,0.0213,0,0,0,0.00000,3
0.4326,4.4494,11.4474,-2.9699,0.0061,0,0,0,0.00000,3
0.5310,5.6181,11.4241,1.3673,0.0618,0,0,0,0.00000,3
0.4867,5.0945,11.4756,-2.9636,0.0370,0,0,0,0.00000,1
0.4513,4.8681,11.3396,-1.9168,0.0090,0,0,0,0.00000,1
0.3840,3.9290,11.3598,-2.4695,0.0498,0,0,0,0.00000,3
0.4003,4.1699,11.3207,-3.0389,0.0165,0,0,0,0.00000,3
0.4890,5.3628,11.4990,2.2803,0.0264,0,0,0,0.00000,3
0.3652,3.9746,12.6173,-3.1330,0.0311,1,0,0,0.94209,1
0.4179,4.3982,12.4319,2.6651,0.0044,0,1,0,1.21920,1
0.3801,4.1136,11.3217,-3.1029,0.0698,0,0,0,0.00000,3
0.3900,4.1830,12.3962,-2.5114,0.0787,0,0,1,0.94782,3
0.4944,5.1854,11.3775,2.9313,0.0375,0,0,0,0.00000,1
0.3738,4.0507,12.7325,-3.0811,0.0101,0,0,3,2.03474,1
0.4118,4.1703,11.6793,3.1198,0.0213,0,0,1,0.31988,3
0.4934,5.1636,11.5573,3.0722,0.0107,0,0,0,0.00000,3
0.4706,5.1092,11.3974,-1.5916,0.0590,0,0,0,0.00000,1
0.6173,5.8845,11.4824,-0.4722,0.0574,0,0,0,0.00000,3
0.5181,5.4709,11.2748,-1.0281,0.0208,0,0,0,0.00000,1
0.5321,5.2431,11.3849,-1.1759,0.0310,0,0,0,0.00000,3
0.3687,3.9788,12.6235,2.5320,0.0648,0,1,1,1.42074,1
0.4065,4.0679,11.4503,2.6065,0.0060,0,0,1,0.19729,3
0.4233,4.5074,11.7427,-3.0648,0.0183,0,1,0,0.46905,3
0.4781,4.5788,11.3001,1.7850,0.0335,0,0,0,0.00000,3
0.3610,3.7949,11.6010,-2.5345,0.1045,0,1,0,0.26334,3
0.5455,5.6949,11.9851,-1.7450,0.0086,0,0,2,0.57433,3
0.4156,4.4349,12.7968,-1.9840,0.0212,0,0,1,0.89764,1
0.3845,3.9313,11.4420,1.5923,0.0114,0,0,0,0.00000,1
0.4164,4.5669,11.2932,1.7547,0.0327,0,0,0,0.00000,1
0.4098,4.2798,11.5430,-2.9389,0.1193,0,0,0,0.00000,1
0.5618,5.1567,12.0343,-0.0414,0.0326,0,0,1,0.25360,1
0.4672,4.8789,13.1352,2.9838,0.0066,1,1,1,1.97552,1
0.4320,4.6271,12.4160,-1.5265,0.0116,0,0,1,0.15685,1
0.4090,4.3254,11.3547,-2.9377,0.0243,0,0,0,0.00000,3
0.3802,4.0554,12.2326,2.2413,0.0172,0,0,0,0.00000,1
0.5357,4.8523,11.3046,0.1793,0.0422,0,0,0,0.00000,3
0.4735,4.3945,11.4148,-2.0795,0.0065,0,0,0,0.00000,1
0.3619,3.9099,11.6570,3.0939,0.1009,0,1,0,0.21500,3
0.4418,4.4425,11.8019,-2.7763,0.0553,0,0,1,0.19569,1
0.5472,5.7401,12.6498,1.5222,0.0127,0,0,1,1.55078,1
0.4713,5.1306,11.4530,2.6921,0.0428,0,0,0,0.00000,3
0.3817,3.9431,11.3585,2.9095,0.1275,0,0,0,0.00000,1
0.4246,4.1925,11.5508,2.0045,0.0332,0,0,0,0.00000,3
0.3983,4.0295,12.6221,-2.9740,0.0459,0,0,1,1.27408,1
0.3750,4.0611,12.4245,3.0014,0.1013,0,1,0,1.11643,1
0.3965,4.3703,12.0112,2.6185,0.0607,0,0,1,0.42137,2
0.4518,4.7229,11.7761,-2.0960,0.0412,0,0,1,0.38181,3
0.4724,4.8158,11.4850,2.4842,0.0718,0,0,0,0.00000,1
0.4574,4.6958,11.4159,2.0770,0.0102,0,0,0,0.00000,3
0.5105,4.8461,11.5004,0.0407,0.0314,0,0,0,0.00000,1
0.4719,4.3731,11.3629,0.8071,0.0507,0,0,0,0.00000,3
0.4820,4.9218,11.3820,2.6663,0.0144,0,0,0,0.00000,3
0.3796,3.9953,11.7009,3.0997,0.0192,0,1,0,0.30069,3
0.4296,4.7300,11.5404,2.5859,0.1344,0,0,0,0.00000,2
0.3853,4.1577,12.5550,2.5940,0.0652,0,1,0,1.27263,1
0.5071,5.0729,12.8129,-1.3126,0.0132,0,0,1,1.54890,1
0.4326,4.2703,11.3413,-2.8120,0.0182,0,0,0,0.00000,3
0.3982,4.3749,11.4813,-2.5269,0.0448,0,0,0,0.00000,3
0.4970,5.3697,11.4537,2.3779,0.1523,0,0,0,0.00000,1
0.3617,3.9929,11.4161,-3.0480,0.0362,0,0,0,0.00000,0
0.5540,5.0177,11.4565,-0.4002,0.0782,0,0,0,0.00000,3
0.4376,4.6652,12.6547,2.6431,0.0732,0,1,1,1.32346,1
0.5271,5.6430,11.5354,2.0852,0.0248,0,0,0,0.00000,3
0.4489,4.6733,12.6320,2.4996,0.0014,1,1,0,1.25044,1
0.4401,4.3729,11.4031,1.1203,0.0231,0,0,0,0.00000,1
0.5615,5.2399,12.1129,-0.5453,0.0207,0,1,0,0.46839,1
0.4801,5.0967,11.4417,-1.1647,0.0218,0,0,0,0.00000,1
0.4322,4.3374,11.3370,2.7350,0.0397,0,0,0,0.00000,1
0.4040,4.2508,11.7523,1.8351,0.0247,0,1,0,0.40745,1
0.5704,5.4571,11.6252,-0.4597,0.0136,0,0,0,0.00000,3
0.5255,4.9544,12.1681,0.7597,0.0268,0,1,0,0.69644,1
0.4467,4.4161,12.2682,-2.2867,0.0436,0,1,0,0.69465,1
0.3477,3.7530,13.0600,2.8035,0.0603,1,2,0,1.45658,1
0.4552,4.4517,11.4054,-1.4708,0.0219,0,0,0,0.00000,3
0.4699,4.4481,12.3161,-2.1579,0.0135,0,0,3,1.09496,1
0.4726,4.7140,12.2257,2.7015,0.0064,0,0,1,0.70798,1
0.5079,5.4659,12.9787,-2.2593,0.0025,1,1,1,1.36851,1
0.5061,4.6310,12.3118,-0.5187,0.0155,0,1,1,0.92967,1
0.4402,4.5469,11.6333,-2.5568,0.0417,0,0,0,0.00000,3
0.3607,3.9370,12.2715,2.3883,0.0192,0,1,0,1.05550,1
0.4883,4.7517,12.0856,2.4291,0.0258,0,1,1,0.42673,1
0.5536,5.3176,12.0273,1.6745,0.0338,0,1,0,0.62206,1
0.4467,4.3929,11.4410,-1.9134,0.0078,0,0,0,0.00000,3
0.4872,4.4829,12.0750,0.5615,0.0350,1,0,1,0.49637,1
0.4256,4.6559,11.3676,3.0035,0.1118,0,0,0,0.00000,1
0.3422,3.7527,11.7076,2.5888,0.1029,0,0,1,0.17542,3
0.4771,4.8951,11.7421,-3.1305,0.0066,0,0,1,0.18446,3
0.4983,4.8464,11.4348,-0.1036,0.0261,0,0,0,0.00000,1
0.5162,4.7115,11.8205,1.7879,0.0033,0,0,1,0.17856,1
0.3799,4.1658,11.4232,-2.3467,0.0389,0,0,0,0.00000,1
0.5784,5.4313,11.3868,-0.4770,0.0586,0,0,0,0.00000,3
0.4094,4.2945,11.5386,-2.7774,0.1321,0,0,0,0.00000,1
0.4524,4.9062,11.3388,-2.9080,0.0119,0,0,0,0.00000,3
0.4154,4.2463,11.3009,1.2331,0.0349,0,0,0,0.00000,1
0.5231,5.1802,11.4912,2.3600,0.0096,0,0,0,0.00000,1
0.4840,4.4102,12.2341,0.4571,0.0170,0,1,3,1.72680,1
0.4209,4.4833,12.0190,-3.0595,0.0255,0,1,0,0.43531,3
0.4795,4.4020,11.5144,-0.5745,0.0540,0,0,0,0.00000,1
0.4059,4.0547,11.2746,2.9725,0.0153,0,0,0,0.00000,3
0.5013,5.3353,11.3807,1.3823,0.0158,0,0,0,0.00000,1
0.3849,4.0519,11.4005,2.9749,0.1126,0,0,0,0.00000,1
0.5494,5.0599,11.3777,-0.1579,0.0337,0,0,0,0.00000,3
0.4067,4.1428,11.8199,1.7598,0.0338,0,0,1,0.14668,3
0.4856,4.7502,11.8534,-0.7276,0.0198,0,0,1,0.41031,1
0.6099,5.7288,11.5250,-1.0937,0.0182,0,0,0,0.00000,1
0.4308,4.6917,12.6020,3.0890,0.0967,0,0,1,1.33912,1
0.5407,4.9743,11.4511,-0.6205,0.0989,0,0,0,0.00000,1
0.4278,4.6101,11.4563,-2.1161,0.0279,0,0,0,0.00000,1
0.4802,4.6283,11.3588,-3.0203,0.0024,0,0,0,0.00000,3
0.4173,4.4840,12.3817,2.9465,0.0559,0,0,1,0.79883,3
0.4283,4.1513,11.2790,-2.3443,0.0285,0,0,0,0.00000,3
0.4086,4.2379,11.3677,2.8031,0.0508,0,0,0,0.00000,3
0.4152,4.5051,12.3104,2.0091,0.0330,0,1,0,1.10827,1
0.4715,4.4309,11.4207,-0.6527,0.0816,0,0,0,0.00000,1
0.4854,4.6246,11.4637,1.3863,0.0241,0,0,0,0.00000,3
0.4105,4.1086,12.4509,-2.1748,0.0170,1,1,0,0.59096,1
0.4635,4.5408,11.8574,-1.1761,0.0092,0,0,1,0.28954,3
0.5000,5.1698,13.0143,-2.3099,0.0307,0,1,1,0.74496,1
0.3941,4.2658,11.5459,2.7038,0.0310,0,0,0,0.00000,3
0.4060,4.1461,11.7372,-1.5090,0.0243,0,0,2,0.57899,1
0.5329,4.8511,11.5085,0.9279,0.0197,0,0,0,0.00000,3
0.4703,4.8288,12.9241,1.9373,0.0183,0,1,0,1.66059,1
0.3965,4.2163,11.9928,3.1136,0.1214,0,1,0,0.69738,1
0.4990,5.3196,11.3906,-1.2366,0.0014,0,0,0,0.00000,1
0.4248,4.3681,11.3884,-2.1837,0.0220,0,0,0,0.00000,3
0.3561,3.7724,11.3931,-2.8376,0.0573,0,0,0,0.00000,3
0.4387,4.7980,11.3045,-2.4882,0.0271,0,0,0,0.00000,3
0.3389,3.7011,13.3044,2.8842,0.0223,0,1,1,2.25337,1
0.4405,4.3660,11.5303,-2.3492,0.0404,0,0,0,0.00000,1
0.4346,4.5237,11.3440,-2.5210,0.0552,0,0,0,0.00000,3
0.5720,5.8453,12.8327,0.9937,0.0280,0,1,1,1.47059,1
0.5528,5.3415,11.4689,-1.0341,0.0590,0,0,0,0.00000,3
0.4212,4.4182,11.6546,2.7947,0.0636,0,1,0,0.31020,3
0.4441,4.8340,11.3865,1.9295,0.0031,0,0,0,0.00000,1
0.3425,3.7696,11.8135,2.8578,0.1690,0,1,0,0.27079,3
0.3599,3.9239,11.2919,-2.6780,0.0334,0,0,0,0.00000,1
0.3975,4.2314,13.1591,-3.0012,0.0669,0,1,1,1.96698,1
0.4193,4.1053,11.3598,-3.1147,0.0074,0,0,0,0.00000,3
0.3787,3.9442,13.0694,-1.7737,0.0271,1,1,0,1.45347,1
0.3460,3.7210,13.0758,2.5400,0.0441,1,1,1,1.22314,1
0.5522,5.0650,11.4115,1.3212,0.0204,0,0,0,0.00000,1
0.4789,4.7424,11.2774,2.9551,0.0242,0,0,0,0.00000,1
0.5273,4.8730,11.3203,0.0064,0.0091,0,0,0,0.00000,3
0.4745,5.2260,13.2771,2.8190,0.0245,0,0,1,1.86491,0
0.3841,4.0664,11.4060,-2.7807,0.0427,0,0,0,0.00000,3
0.4773,4.4704,11.5238,0.4989,0.0383,0,0,0,0.00000,1
0.3471,3.8166,11.3144,-2.4387,0.0699,0,0,0,0.00000,1
0.3647,3.8828,11.3768,3.1068,0.0984,0,0,0,0.00000,3
0.4014,4.1580,11.2481,1.4585,0.0414,0,0,0,0.00000,1
0.4049,4.1501,11.3227,-2.3783,0.1000,0,0,0,0.00000,3
0.4784,4.6673,11.3864,-3.0863,0.0015,0,0,0,0.00000,3
0.3654,3.8422,12.4205,2.1253,0.0252,0,1,1,0.83055,1
0.4462,4.6913,11.4353,2.6761,0.0964,0,0,0,0.00000,1
0.3545,3.7556,11.5487,2.7065,0.2236,1,0,0,0.17544,1
0.3519,3.7765,12.3267,-2.5431,0.0350,0,1,1,0.74015,1
0.5420,5.2765,11.3491,-0.0457,0.0457,0,0,0,0.00000,1
0.4538,4.8010,12.3364,2.7998,0.0564,0,0,1,0.93875,1
0.4874,4.7800,12.2095,-2.8527,0.0182,0,1,0,0.74761,1
0.4905,5.3150,11.4272,2.2873,0.0235,0,0,0,0.00000,3
0.4411,4.8001,11.9616,2.9089,0.0555,0,1,0,0.27062,3
0.4465,4.7921,12.4820,-1.6464,0.0273,0,1,0,1.21723,1
0.3664,3.8399,11.3893,-3.0879,0.1851,0,0,0,0.00000,1
0.5092,4.8817,11.4864,-1.1009,0.0535,0,0,0,0.00000,3
0.5203,5.1721,12.6841,1.4514,0.0102,0,0,1,1.30455,1
0.4597,4.4307,11.3820,-2.5677,0.0264,0,0,0,0.00000,1
0.5815,5.5578,11.6677,0.6354,0.0819,0,0,0,0.00000,3
0.3945,4.1262,12.7973,-1.9364,0.0167,1,1,0,1.51950,1
0.5020,5.2154,11.3055,1.4650,0.0276,0,0,0,0.00000,3
0.4351,4.1770,11.5614,-1.6865,0.0371,0,0,0,0.00000,3
0.4804,4.6735,11.4060,1.6466,0.0639,0,0,0,0.00000,3
0.4345,4.2498,11.4990,-2.4067,0.0274,0,0,0,0.00000,3
0.3893,4.2609,12.0313,-2.7601,0.0697,0,1,0,0.29905,3
0.4662,4.8389,11.3274,-1.0699,0.0322,0,0,0,0.00000,1
0.3908,4.1133,11.3453,2.2521,0.0544,0,0,0,0.00000,3
0.5145,4.7259,11.3426,-1.4422,0.0103,0,0,0,0.00000,1
0.4498,4.7225,11.6179,2.4929,0.0266,0,1,0,0.14346,3
0.3741,4.0056,11.7885,2.9226,0.1222,0,1,0,0.36939,1
0.4807,4.7268,12.3477,-2.7925,0.0190,0,0,1,1.13008,1
0.4862,4.5328,11.3995,-1.7758,0.0225,0,0,0,0.00000,1
0.4810,4.5217,12.2775,0.7845,0.0325,0,1,1,0.87299,1
0.4381,4.6936,13.2284,1.9170,0.0052,1,1,1,2.00211,1
0.5170,5.2122,12.4287,-1.9645,0.0388,1,1,1,1.11871,1
0.4461,4.2777,11.3941,2.8040,0.0192,0,0,0,0.00000,1
0.5035,5.3324,11.3632,-1.2455,0.0406,0,0,0,0.00000,1
0.4222,4.5331,13.2495,2.6474,0.0127,0,1,0,2.11939,1
0.4649,4.7935,11.3104,-1.7397,0.0092,0,0,0,0.00000,3
0.4437,4.4862,11.3755,2.6479,0.0145,0,0,0,0.00000,3
0.5340,5.5592,12.7245,-0.6006,0.0203,0,0,1,1.15159,1
0.3630,3.8397,12.1816,2.0205,0.0184,0,1,0,0.98767,1
0.4091,4.1329,11.3987,1.8560,0.0411,0,0,0,0.00000,3
0.5214,5.5958,11.4210,-3.0668,0.0253,0,0,0,0.00000,3
0.4406,4.3449,11.8266,-1.8063,0.0220,0,0,1,0.16964,3
0.6148,5.7306,11.4032,0.0828,0.0634,0,0,0,0.00000,3
0.4396,4.4312,11.9288,-1.0407,0.0283,0,1,0,0.60034,1
0.4031,4.3513,11.9700,-2.6885,0.1367,0,1,0,0.55963,1
0.4608,4.5470,11.4334,-2.1440,0.0305,0,0,0,0.00000,3
0.4112,4.4752,11.3589,-2.3949,0.1157,0,0,0,0.00000,3
0.5131,5.4406,11.3960,2.2639,0.0482,0,0,0,0.00000,3
0.4784,4.6013,11.7247,2.2943,0.0321,0,0,1,0.21601,1
0.4274,4.1315,11.4023,1.8105,0.0120,0,0,0,0.00000,3
0.4772,5.0002,11.3810,-2.8150,0.0054,0,0,0,0.00000,3
0.3725,3.9218,11.7302,2.2508,0.0302,0,0,1,0.34553,1
0.5078,5.1885,11.5601,-1.2695,0.0381,0,0,0,0.00000,3
0.3870,4.1217,11.4643,-2.4510,0.0808,0,0,0,0.00000,3
0.5472,4.9548,11.4389,-0.2043,0.0320,0,0,0,0.00000,3
0.5829,5.7707,12.1251,0.7629,0.0090,0,0,1,0.66586,1
0.5111,5.2555,11.5599,-0.6237,0.0147,0,0,0,0.00000,1
0.4524,4.8436,12.5787,-2.2284,0.0367,0,0,1,0.96497,1
0.4138,4.0682,11.2970,0.4781,0.0023,0,0,0,0.00000,1
0.3889,3.9901,13.0302,-1.5209,0.0230,1,1,1,1.47674,1
0.5539,5.3245,12.0350,-0.0426,0.0205,0,0,0,0.00000,1
0.3632,3.9764,11.3782,2.5112,0.0417,0,0,0,0.00000,1
0.3563,3.8377,11.3088,2.5022,0.1322,0,0,0,0.00000,3
0.4379,4.5134,11.9358,0.2147,0.0011,0,1,0,0.62810,1
0.4276,4.3869,11.3972,1.6747,0.0065,0,0,0,0.00000,1
0.5527,5.7344,12.0765,-3.0039,0.0069,0,0,1,0.54245,1
0.4970,5.0107,12.9494,-0.5666,0.0083,0,0,3,1.51897,1
0.4417,4.8693,11.9117,-2.2073,0.0206,0,0,1,0.42674,0
0.4072,4.4675,11.9640,-2.1983,0.0136,0,0,1,0.26764,1
0.5196,5.5549,12.3383,1.3834,0.0030,1,1,0,0.75900,3
0.4079,4.2487,12.0425,2.5522,0.1306,0,0,2,0.45993,1
0.4610,4.7953,11.4586,-2.5741,0.0311,0,0,0,0.00000,3
0.4531,4.8625,11.2841,-1.9803,0.0249,0,0,0,0.00000,3
0.4335,4.7675,13.1677,2.9586,0.0010,0,1,1,1.45842,1
0.4788,4.9281,11.6867,2.3673,0.0900,0,0,1,0.16456,1
0.5013,4.9541,12.0822,0.7509,0.0255,0,0,1,0.42014,1
0.3337,3.6751,11.8313,-2.9440,0.2626,0,1,0,0.51322,0
0.3585,3.9005,12.1539,3.0662,0.1228,0,1,0,0.95855,3
0.4507,4.3050,11.7348,-2.1519,0.0271,0,0,1,0.33076,1
0.5332,5.0105,11.5110,-1.6590,0.0646,0,0,0,0.00000,1
0.5060,4.6265,12.3880,0.6896,0.0238,0,0,2,0.77118,1
0.4705,4.9546,11.5709,-2.1995,0.0355,0,1,0,0.27935,3
0.4098,4.2004,12.9698,-3.0025,0.0419,0,0,1,1.78267,1
0.4654,4.4926,11.7071,0.5894,0.0323,0,0,1,0.32810,1
0.4784,4.9597,11.4318,0.5753,0.0081,0,0,0,0.00000,1
0.4369,4.2542,11.3760,-3.0209,0.0041,0,0,0,0.00000,3
0.4932,5.3146,11.6093,1.5212,0.0342,0,0,0,0.00000,1
0.4073,4.1651,12.3981,-1.4981,0.0357,0,1,0,1.04632,1
0.4666,4.8912,11.3303,-1.4709,0.0714,0,0,0,0.00000,1
0.4349,4.4380,11.3582,-2.1899,0.0726,0,0,0,0.00000,3
0.4402,4.5519,11.7696,2.8071,0.0093,0,1,0,0.45771,3
0.3795,4.0943,12.9948,-2.5324,0.0184,0,0,0,0.00000,1
0.3948,4.1594,12.6093,-2.6400,0.0027,0,1,0,1.02770,1
0.3736,3.9409,13.0241,-2.6602,0.0281,0,1,0,1.88962,1
0.3402,3.7191,12.2140,-3.1391,0.0717,0,0,2,0.87715,3
0.4906,4.6178,12.1573,-2.7220,0.0053,0,0,1,0.57600,1
0.3795,4.0080,12.1668,2.7646,0.0567,0,1,0,0.78462,3
0.4320,4.5269,11.5217,1.5842,0.0356,0,0,0,0.00000,1
0.5568,5.6966,11.3892,-0.0583,0.0108,0,0,0,0.00000,3
0.5211,5.3191,11.5647,0.7316,0.0433,0,0,0,0.00000,1
0.4491,4.4389,11.4088,2.8202,0.0272,0,0,0,0.00000,1
0.3654,3.9374,12.9636,-2.4819,0.0429,0,0,2,1.64177,1
0.4811,4.4796,12.1027,0.2537,0.0208,0,1,0,0.60525,1
0.4703,4.5686,11.3766,0.7592,0.0196,0,0,0,0.00000,1
0.3879,4.1637,12.9507,3.0364,0.0663,0,1,1,1.81352,1
0.3950,4.1527,11.3961,2.7120,0.0827,0,0,0,0.00000,3
0.5976,5.9881,11.3282,0.6132,0.0298,0,0,0,0.00000,3
0.4226,4.2162,11.4096,-1.1984,0.0040,0,0,0,0.00000,1
0.4264,4.2441,11.5073,3.0693,0.0174,0,0,0,0.00000,3
0.4638,4.3942,12.3930,0.9787,0.0052,0,1,0,0.72067,1
0.3561,3.9258,12.4096,2.8938,0.1048,0,1,0,0.69153,2
0.5863,5.5899,12.3261,2.1949,0.0003,0,0,1,0.81542,1
0.4282,4.5462,11.3595,-2.2662,0.0575,0,0,0,0.00000,3
0.4238,4.1996,11.3677,3.0954,0.0518,0,0,0,0.00000,1
0.3720,4.0532,11.6572,-2.6931,0.2358,0,0,0,0.00000,1
0.4109,4.3899,11.5831,-2.1069,0.0199,0,1,0,0.17288,1
0.4885,4.5523,11.6075,-0.3745,0.0631,0,0,0,0.00000,1
0.4918,5.3720,11.8476,-2.2488,0.0210,0,1,0,0.57082,3
0.4938,5.2144,11.5825,3.0543,0.0186,0,0,0,0.00000,3
0.5613,5.6258,11.9434,1.3162,0.0204,0,0,1,0.30799,3
0.4917,5.1361,12.0425,-1.0212,0.0340,0,1,0,0.51725,1
0.4070,4.3741,11.3102,3.0163,0.0026,0,0,0,0.00000,1
0.4430,4.2497,11.4399,-0.7701,0.0190,0,0,0,0.00000,1
0.4324,4.4055,11.3915,-2.2297,0.0630,0,0,0,0.00000,3
0.4220,4.4820,11.8827,-3.0978,0.0416,0,1,0,0.61393,3
0.4788,4.5287,12.0960,0.2057,0.0230,0,0,1,0.76535,1
0.4757,4.9854,11.4519,-3.0192,0.0671,0,0,0,0.00000,1
0.4947,4.7422,11.4196,-2.5493,0.0211,0,0,0,0.00000,1
0.5460,5.3162,11.4151,0.8504,0.0285,0,0,0,0.00000,3
0.4834,5.1432,11.7218,1.8717,0.0723,0,0,0,0.00000,3
0.6172,5.9998,11.3681,0.3993,0.0956,0,0,0,0.00000,1
0.4241,4.6787,11.8293,-2.6147,0.0262,0,0,1,0.36529,2
0.4811,4.7487,11.4694,-2.7892,0.0254,0,0,0,0.00000,1
0.3560,3.7963,11.3672,2.6970,0.0566,0,0,0,0.00000,3
0.4753,5.1813,13.3015,-2.0756,0.0048,1,1,0,1.79426,1
0.4212,4.3143,12.4023,-2.7751,0.0020,0,1,2,0.95691,1
0.3750,3.9587,11.4470,2.5110,0.1653,0,0,0,0.00000,1
0.3662,3.9289,12.4376,2.7524,0.0910,0,1,1,1.28851,1
0.4119,4.4499,12.5884,-2.4504,0.0311,0,1,1,0.98191,1
0.4030,4.2034,11.3927,1.8670,0.0420,0,0,0,0.00000,1
0.5398,5.2123,11.6152,-0.8581,0.0183,0,0,0,0.00000,3
0.4724,4.8619,12.1317,-1.6000,0.0241,0,1,0,0.31253,3
0.5436,5.7184,11.4112,-2.7072,0.0376,0,0,0,0.00000,1
0.5719,5.8138,12.6302,1.8803,0.0269,0,0,1,1.07657,1
0.3868,3.9508,11.7533,2.1573,0.0305,0,0,1,0.28847,3
0.4608,4.9807,12.6706,2.6677,0.0478,0,0,1,1.29677,1
0.4569,4.6657,12.4898,2.6276,0.0114,0,1,0,1.15222,1
0.3709,4.0119,12.2862,2.3418,0.0167,0,1,0,0.81152,1
0.4619,4.5807,11.3598,-2.1157,0.0090,0,0,0,0.00000,3
0.5440,5.1215,11.5109,-1.1308,0.0562,0,0,0,0.00000,3
0.4309,4.3846,12.4089,-2.6679,0.0441,0,1,0,1.05690,1
0.4887,5.1994,11.4000,2.7338,0.0332,0,0,0,0.00000,3
0.4605,4.4913,11.3894,-0.2582,0.0156,0,0,0,0.00000,1
0.4368,4.5420,11.3418,-3.1188,0.1008,0,0,0,0.00000,1
0.5273,5.2386,11.4446,0.7245,0.0416,0,0,0,0.00000,1
0.4628,4.8791,11.2762,-2.0121,0.0335,0,0,0,0.00000,3
0.4151,4.5567,12.6606,-3.1404,0.1043,0,1,0,1.57267,1
0.5795,5.4504,11.3384,0.7140,0.0084,0,0,0,0.00000,1
0.4720,4.5611,12.6317,-2.8910,0.0023,1,1,0,0.70218,1
0.4134,4.4262,11.8964,2.4268,0.0165,0,0,2,0.45698,1
0.4200,4.5175,12.2049,3.0103,0.0160,0,0,1,0.71528,3
0.4799,4.8988,11.3253,-0.4738,0.0206,0,0,0,0.00000,1
0.4457,4.8911,11.4537,-2.8181,0.1002,0,0,0,0.00000,3
0.4799,5.1392,11.5319,-2.4223,0.0305,0,0,0,0.00000,3
0.4159,4.3419,11.3555,2.9794,0.0416,0,0,0,0.00000,3
0.5384,5.4214,11.4502,-1.8436,0.0395,0,0,0,0.00000,1
0.4313,4.3554,11.5289,-2.4953,0.0697,0,0,0,0.00000,1
0.4337,4.2883,11.3596,-2.7075,0.0545,0,0,0,0.00000,1
0.5193,4.6953,11.2815,-0.6236,0.0628,0,0,0,0.00000,3
0.3624,3.8318,12.4459,2.7455,0.0173,0,1,0,1.00643,1
0.4886,4.4880,12.2361,-0.3078,0.0114,0,0,1,0.64819,1
0.4237,4.2172,11.4121,1.1336,0.0692,0,0,0,0.00000,1
0.4946,4.5182,11.5108,-1.7124,0.0197,0,0,0,0.00000,1
0.4720,4.4714,11.9717,0.7883,0.0038,0,1,0,0.49407,1
0.4629,4.9521,11.8001,2.1711,0.0053,0,1,0,0.39763,3
0.4628,4.8508,11.4700,-1.0708,0.0176,0,0,0,0.00000,1
0.4929,5.0448,11.4053,-1.5427,0.0062,0,0,0,0.00000,3
0.4802,4.6890,11.2407,-1.8641,0.0168,0,0,0,0.00000,3
0.4580,4.6836,11.3658,-1.7694,0.0177,0,0,0,0.00000,3
0.4396,4.7247,11.4068,2.6915,0.0947,0,0,0,0.00000,1
0.4642,4.8465,12.1399,-2.1829,0.0444,0,0,2,0.72344,3
0.4527,4.5385,11.3034,1.6351,0.0291,0,0,0,0.00000,3
0.5612,5.2629,11.5841,-0.0088,0.0343,0,0,0,0.00000,3
0.5102,4.6704,11.4674,1.7682,0.0292,0,0,0,0.00000,1
0.4949,4.6188,11.4434,0.1127,0.0012,0,0,0,0.00000,3
0.4386,4.6306,11.5290,2.6636,0.0554,0,0,0,0.00000,3
0.3555,3.8418,12.2322,-2.6078,0.0860,0,1,0,1.00447,3
0.4294,4.3127,11.3094,2.7452,0.0476,0,0,0,0.00000,1
0.4184,4.4024,11.4646,-2.6569,0.0023,0,0,0,0.00000,1
0.4070,4.1777,11.9566,-2.9803,0.0893,0,1,0,0.50443,1
0.4836,5.0017,13.0763,-1.0924,0.0412,0,1,1,1.97548,1
0.4648,4.9060,11.6062,-2.9788,0.0371,0,0,0,0.00000,3
0.4719,4.9990,11.3415,2.0334,0.0375,0,0,0,0.00000,3
0.4564,4.9557,11.9029,-1.3344,0.0095,0,1,0,0.19729,1
0.4462,4.3220,11.4313,-1.5636,0.0348,0,0,0,0.00000,3
0.4467,4.2203,11.4253,-1.8768,0.0278,0,0,0,0.00000,3
0.4640,4.4441,12.6709,2.2244,0.0066,1,1,0,1.18879,1
0.5862,5.5381,11.3538,-1.3620,0.0223,0,0,0,0.00000,1
0.4753,4.9763,11.5366,3.0860,0.0580,0,0,0,0.00000,1
0.3392,3.6673,12.7426,-3.0938,0.1364,0,1,2,1.47303,1
0.4598,4.6912,11.5047,2.8758,0.0227,0,0,0,0.00000,3
0.5937,5.7279,11.5678,-0.9214,0.0320,0,0,0,0.00000,3
0.5118,4.8152,12.1010,-2.0809,0.0037,0,1,0,0.75697,1
0.3632,3.9374,13.1197,1.8960,0.0349,0,1,1,1.67683,1
0.4275,4.5029,11.4774,-2.9919,0.1043,0,0,0,0.00000,1
0.4203,4.6152,11.6596,-2.8082,0.1869,0,0,0,0.00000,1
0.5671,5.5090,11.7087,0.5158,0.0596,0,0,0,0.00000,1
0.4446,4.2401,11.6931,-1.3284,0.0323,0,0,1,0.30824,3
0.4002,4.0036,12.0268,-1.2610,0.0267,0,0,1,0.51102,1
0.4385,4.4512,11.4553,-3.0083,0.0506,0,0,0,0.00000,1
0.3987,3.9915,11.7094,-2.0345,0.0749,0,1,0,0.43579,3
0.4422,4.5517,11.3517,-1.7348,0.0001,0,0,0,0.00000,1
0.3979,4.2528,11.4499,-2.4727,0.0323,0,0,0,0.00000,3
0.4957,4.8796,11.3669,2.0169,0.0126,0,0,0,0.00000,3
0.4450,4.4662,11.4869,0.9355,0.0005,0,0,0,0.00000,3
0.5248,4.7542,11.5594,-0.7999,0.0005,0,0,0,0.00000,1
0.4290,4.4925,12.1374,-2.6448,0.0760,0,0,1,0.85012,1
0.3513,3.7900,13.0598,3.1299,0.0718,0,1,1,1.83264,1
0.4007,4.0649,11.9022,-3.1397,0.0308,0,1,0,0.46772,3
0.4152,4.4184,11.2790,2.6086,0.1291,0,0,0,0.00000,1
0.5497,4.9937,11.4128,1.2147,0.0744,0,0,0,0.00000,1
0.3625,4.0005,11.7031,-2.2594,0.0530,0,1,0,0.39972,0
0.3677,3.9117,12.3443,2.0804,0.0339,0,1,1,1.13310,1
0.4537,4.7044,11.4810,-2.2691,0.0107,0,0,0,0.00000,3
0.5199,4.9467,11.5129,0.3427,0.0549,0,0,0,0.00000,1
0.5710,5.7686,11.5400,2.1181,0.0016,0,0,0,0.00000,3
0.4757,4.8354,11.4491,2.1233,0.0605,0,0,0,0.00000,1
0.4358,4.4824,11.7198,2.7320,0.0479,0,1,0,0.38732,1
0.4184,4.5237,11.9133,3.0029,0.0333,0,0,1,0.36825,3
0.4360,4.3910,11.6744,1.0343,0.0094,0,1,0,0.30310,1
0.5431,5.6324,11.2298,-0.3041,0.0220,0,0,0,0.00000,1
0.5428,4.9279,11.3481,0.9009,0.0326,0,0,0,0.00000,3
0.4837,4.8320,11.3509,-0.7915,0.0527,0,0,0,0.00000,1
0.3584,3.8257,11.6946,2.5435,0.0749,0,1,0,0.15428,3
0.5286,4.7834,11.6110,0.5519,0.0407,0,0,0,0.00000,3
0.5518,5.7706,11.5074,-0.8895,0.0102,0,0,0,0.00000,3
0.4804,4.7273,11.2913,-3.0812,0.0232,0,0,0,0.00000,1
0.3887,4.2597,12.8378,-2.4250,0.0838,0,1,1,1.64512,1
0.4130,4.2374,12.7995,-1.5684,0.0019,1,1,0,1.43908,1
0.4637,4.6666,12.9534,-0.7284,0.0024,0,0,2,1.29683,1
0.4917,5.1126,12.0607,1.0532,0.0182,0,0,1,0.25741,1
0.4269,4.1895,11.4468,-2.7992,0.0296,0,0,0,0.00000,1
0.4162,4.1644,11.3135,-1.5910,0.0455,0,0,0,0.00000,3
0.4128,4.1191,12.3609,-2.5076,0.0502,0,0,1,0.77162,1
0.5473,5.6380,12.8613,1.9688,0.0289,0,1,0,1.65583,1
0.3936,4.1704,11.9299,1.7406,0.0354,0,0,1,0.44394,1
0.4893,4.7893,11.9427,2.8859,0.0130,0,0,1,0.43801,1
0.5007,4.8648,11.5130,1.5502,0.0221,0,0,0,0.00000,3
0.4024,4.4106,11.8504,2.2546,0.0478,0,0,1,0.55425,3
0.4466,4.2522,12.0430,-1.1521,0.0172,0,1,0,0.44819,1
0.3982,4.2264,11.5417,-2.6760,0.1243,0,0,0,0.00000,1
0.5536,5.4159,11.9795,-1.7984,0.0287,0,1,0,0.28521,1
0.3892,4.2321,12.1170,2.7194,0.1335,0,0,2,0.81111,1
0.4446,4.8412,11.3340,-1.6046,0.0117,0,0,0,0.00000,1
0.3666,4.0119,11.9690,2.5632,0.0142,0,0,1,0.39787,1
0.5215,5.1106,11.2736,0.7796,0.0680,0,0,0,0.00000,1
0.4272,4.6012,11.8884,2.2367,0.0865,0,0,1,0.61036,3
0.4668,5.1374,11.2447,3.0779,0.0422,0,0,0,0.00000,3
0.4331,4.6092,11.9410,-2.5373,0.0866,0,1,0,0.65168,1
0.5784,5.5542,12.1784,1.3209,0.0154,0,0,1,0.49220,1
0.4620,4.5685,11.3068,1.6796,0.0720,0,0,0,0.00000,3
0.4601,5.0619,11.4783,2.8853,0.0586,0,0,0,0.00000,3
0.3989,4.0873,11.3867,-1.8156,0.0111,0,0,0,0.00000,1
0.4771,4.8350,11.2942,-1.6648,0.0275,0,0,0,0.00000,3
0.5246,5.4592,12.6614,-1.6261,0.0100,0,0,2,1.36393,1
0.4658,4.3387,12.2383,1.1876,0.0055,0,0,1,0.60464,1
0.3453,3.8139,11.3997,-2.7604,0.0985,0,0,0,0.00000,2
0.5348,5.4565,11.6887,2.3504,0.0400,0,0,0,0.00000,1
0.5368,5.6146,12.8377,0.5452,0.0120,0,0,1,1.31583,1
0.3626,3.8141,11.4024,2.5829,0.0206,0,0,0,0.00000,1
0.5183,4.8034,11.3152,-1.5072,0.0476,0,0,0,0.00000,1
0.3802,3.9056,11.3339,-2.5882,0.0850,0,0,0,0.00000,3
0.5785,5.5794,11.5389,1.5416,0.0155,0,0,0,0.00000,1
0.3820,3.9954,11.4158,-2.7656,0.1398,0,0,0,0.00000,1
0.3799,4.1809,12.4899,2.9733,0.0150,0,1,0,1.28359,1
0.5740,5.6406,11.4694,0.6171,0.0413,0,0,0,0.00000,3
0.5182,5.0256,11.4062,0.6420,0.0302,0,0,0,0.00000,3
0.4496,4.4347,11.5470,1.7612,0.0574,0,0,0,0.00000,3
0.4118,4.1189,12.8324,2.4397,0.0300,0,1,2,1.80655,1
0.5994,5.5708,11.4607,-0.8231,0.0383,0,0,0,0.00000,3
0.3768,3.9210,11.3024,2.9176,0.1259,0,0,0,0.00000,1
0.4988,5.3035,11.3400,-2.8139,0.0877,0,0,0,0.00000,1
0.4271,4.1677,12.6338,0.8851,0.0167,1,1,0,1.03438,1
0.4805,5.1283,11.9449,-1.5393,0.0142,0,0,1,0.15924,1
0.4914,5.2791,12.8636,2.6958,0.0214,0,0,3,1.11227,1
0.4529,4.6898,11.5378,3.0901,0.0795,0,0,0,0.00000,1
0.5927,5.3820,11.4728,-0.4456,0.0152,0,0,0,0.00000,1
0.5283,5.0172,11.8210,-1.5873,0.0018,0,1,0,0.23849,1
0.4233,4.4142,13.0900,1.4188,0.0183,0,1,1,1.99711,1
0.5069,5.0434,11.4110,-0.8183,0.0164,0,0,0,0.00000,3
0.4015,4.1528,12.0073,1.9435,0.0533,0,1,0,0.66968,3
0.3809,4.0847,11.4402,-2.6897,0.1660,0,0,0,0.00000,1
0.4492,4.3026,11.9453,-2.6361,0.0073,0,0,2,0.58215,1
0.4323,4.1935,11.2339,0.9753,0.0046,0,0,0,0.00000,3
0.4579,5.0443,11.6094,-2.4216,0.1794,0,1,0,0.19384,0
0.4402,4.3512,12.3646,1.4310,0.0348,0,0,0,0.00000,1
0.4217,4.5462,11.4824,2.7545,0.1083,0,0,0,0.00000,1
0.4522,4.2849,11.3307,2.4346,0.0137,0,0,0,0.00000,1
0.4946,4.9676,12.5579,-0.3132,0.0166,0,0,2,1.08973,1
0.4231,4.2347,11.4866,-2.6695,0.0666,0,0,0,0.00000,1
0.5895,5.7141,11.6165,0.7176,0.0543,0,0,0,0.00000,3
0.3570,3.8520,12.2253,-3.0989,0.0823,0,1,0,1.05568,3
0.4166,4.3511,11.4198,2.8126,0.1278,0,0,0,0.00000,1
0.3730,4.0615,11.8339,-2.6532,0.0374,0,1,0,0.25312,1
0.4602,4.3738,11.4891,0.6233,0.0235,0,0,0,0.00000,1
0.3595,3.9181,13.3463,-3.1165,0.0470,0,0,1,2.18981,1
0.5363,5.5194,11.7264,-1.3839,0.0293,0,1,0,0.24579,3
0.5572,5.4131,11.4181,-1.4145,0.0323,0,0,0,0.00000,3
0.4333,4.5566,12.8536,-3.1362,0.0146,0,1,0,1.11064,1
0.3816,4.1610,13.2901,3.0301,0.0547,0,1,0,1.83068,1
0.4023,4.0521,12.2378,-2.7778,0.0108,0,1,0,0.91805,1
0.4146,4.0805,12.7951,-1.3187,0.0048,0,0,3,1.18404,1
0.5086,5.0460,12.4138,-0.8260,0.0132,0,0,2,0.98492,1
0.4488,4.6973,11.8336,2.7085,0.0497,0,0,1,0.51694,1
0.3796,4.0930,11.3237,2.8433,0.0913,0,0,0,0.00000,3
0.4103,4.2152,11.3366,-2.9224,0.0091,0,0,0,0.00000,3
0.5684,5.7594,11.6452,-1.0026,0.0759,0,0,0,0.00000,3
0.3980,4.2831,13.2717,-3.1235,0.0608,0,1,1,1.91208,1
0.5663,5.5286,11.3196,0.8481,0.0531,0,0,0,0.00000,3
0.5427,5.6220,11.2862,1.6237,0.0153,0,0,0,0.00000,3
0.3577,3.8746,13.1773,-2.3232,0.0326,0,1,1,1.94304,1
0.4202,4.5848,12.3844,2.8890,0.0992,0,0,1,0.80068,1
0.5265,4.9728,11.5449,1.9203,0.0291,0,0,0,0.00000,1
0.4879,5.2059,12.5460,-1.9725,0.0084,0,1,1,0.86723,1
0.5438,5.6834,11.9857,1.2897,0.0248,0,1,0,0.56396,3
0.3944,4.2789,11.3826,2.1154,0.1103,0,0,0,0.00000,3
0.4214,4.1799,11.3525,-0.6428,0.0086,0,0,0,0.00000,1
0.3915,4.1095,12.9618,-2.7280,0.0322,0,0,2,1.49476,1
0.5341,5.3427,11.7787,-1.0307,0.0145,0,0,1,0.20375,3
0.5437,5.2583,12.3116,-1.6715,0.0046,0,0,1,0.72860,1
0.3972,3.9850,11.3846,-1.9972,0.0348,0,0,0,0.00000,3
0.4526,4.8156,11.6134,-2.2037,0.0238,0,0,1,0.17265,3
0.5767,5.7963,11.5097,0.3530,0.0447,0,0,0,0.00000,1
0.5097,5.2101,11.3316,1.3951,0.0324,0,0,0,0.00000,3
0.4015,4.3221,11.5059,-2.8970,0.0268,0,0,0,0.00000,3
0.4846,5.0930,11.5093,2.8343,0.0784,0,0,0,0.00000,1
0.4144,4.2467,11.3271,1.8658,0.0433,0,0,0,0.00000,3
0.4386,4.5779,11.3542,-2.6218,0.0780,0,0,0,0.00000,1
0.5256,5.2778,11.6484,0.5502,0.0208,0,1,0,0.32268,1
0.6371,5.8884,11.5933,0.6225,0.0973,0,0,1,0.13874,3
0.4184,4.6079,12.5031,2.1587,0.0415,0,0,1,0.93385,2
0.6575,6.1251,11.5777,-0.4977,0.0688,0,0,0,0.00000,3
0.5778,5.6938,11.4818,-1.2626,0.0129,0,0,0,0.00000,3
0.4489,4.4910,11.2691,2.8002,0.0615,0,0,0,0.00000,1
0.4673,4.4242,11.9170,0.4342,0.0142,0,0,1,0.30099,1
0.4520,4.6012,12.2037,1.1686,0.0468,0,1,0,0.28527,1
0.5732,5.7877,12.4151,-0.5377,0.0291,0,0,1,0.94915,1
0.5607,5.5970,11.4934,0.6760,0.0890,0,0,0,0.00000,1
0.4702,5.1097,11.5466,1.2207,0.0129,0,0,0,0.00000,1
0.3626,3.8507,11.9119,2.7239,0.1688,0,0,2,0.52471,1
0.4322,4.7266,13.2985,2.6262,0.0134,0,1,1,1.81415,1
0.5077,5.3532,11.5802,2.9527,0.0375,0,0,0,0.00000,1
0.5915,5.9294,11.5504,0.7535,0.0983,0,0,0,0.00000,1
0.4822,4.7404,11.4131,2.4146,0.0380,0,0,0,0.00000,1
0.4224,4.1876,11.9399,-3.1133,0.0181,0,1,1,0.36244,3
0.3613,3.9723,12.2156,-2.3146,0.0920,0,1,1,0.94636,3
0.3264,3.6005,11.4005,3.1328,0.2107,0,0,0,0.00000,2
0.4424,4.4694,11.2474,0.8431,0.0171,0,0,0,0.00000,1
0.3411,3.7337,11.7721,-2.6214,0.0251,0,1,0,0.38128,1
0.5299,5.6730,11.6252,0.9052,0.0168,0,0,0,0.00000,1
0.3758,4.0191,12.1882,-2.8446,0.1526,0,1,0,0.81294,1
0.4749,4.9358,11.2745,-3.0682,0.0462,0,0,0,0.00000,1
0.4430,4.5415,11.7915,2.3156,0.0325,0,0,1,0.23079,3
0.4083,4.3067,12.7220,-2.5422,0.0121,0,0,1,1.38324,1
0.4852,5.0380,11.8638,-0.4967,0.0048,0,1,0,0.34759,1
0.3679,3.8955,12.9393,2.4332,0.0194,1,1,1,1.04192,1
0.4388,4.2425,11.4040,-0.5660,0.0169,0,0,0,0.00000,1
0.4418,4.8673,11.3129,-2.8386,0.0642,0,0,0,0.00000,2
0.4774,4.8904,12.8759,2.9011,0.0004,0,1,2,6.13888,1
0.4280,4.1741,11.5336,-2.8397,0.0441,0,0,0,0.00000,1
0.4757,5.1717,11.9486,-2.8176,0.0877,0,0,1,0.27300,1
0.3925,3.9873,11.3739,-3.0502,0.0525,0,0,0,0.00000,3
0.5431,5.1686,11.4111,1.2239,0.0013,0,0,0,0.00000,1
0.4079,4.4522,11.8102,-1.8072,0.0688,0,1,0,0.31259,1
0.3549,3.8586,12.5518,2.8768,0.0536,0,1,0,1.09882,1
0.3472,3.7849,12.1022,-2.6314,0.0509,0,1,1,0.64827,1
0.4633,4.4106,11.2618,2.7990,0.0024,0,0,0,0.00000,3
0.4416,4.6181,12.7161,-1.6552,0.0213,0,1,1,1.37801,1
0.5530,5.1546,11.3193,-0.2422,0.0296,0,0,0,0.00000,3
0.3984,4.0141,11.3118,3.1046,0.0114,0,0,0,0.00000,3
0.5002,4.6138,11.4912,0.8313,0.0469,0,0,0,0.00000,3
0.4282,4.1647,11.3326,-0.9647,0.0083,0,0,0,0.00000,1
0.4191,4.4068,13.1364,2.7391,0.0390,1,1,1,1.88763,1
0.4514,4.2677,12.0431,0.2404,0.0129,0,0,2,0.72642,1
0.3810,3.9479,12.8896,2.7906,0.0798,0,1,0,1.33367,1
0.4637,4.8266,11.4285,-2.4020,0.0438,0,0,0,0.00000,3
0.6172,6.1126,12.5678,1.6554,0.0271,0,1,1,0.95829,1
0.4387,4.4313,12.1335,2.7416,0.0295,0,1,0,0.82564,1
0.4104,4.1338,11.2518,2.0243,0.0074,0,0,0,0.00000,3
0.4850,4.4027,11.5164,0.7766,0.0059,0,0,1,0.27962,3
0.5472,5.5372,11.3375,0.4447,0.0238,0,0,0,0.00000,1
0.4933,4.7310,11.6134,1.8592,0.0325,0,0,0,0.00000,1
0.5277,5.4347,13.0356,-1.8400,0.0242,0,1,1,1.67084,1
0.3831,4.2053,12.6044,-3.0521,0.0056,0,1,0,1.46201,1
0.5923,5.9571,12.2693,-0.1571,0.0509,0,1,0,0.65446,1
0.3474,3.8142,11.4796,-3.0607,0.1633,0,0,0,0.00000,3
0.4342,4.4647,11.3077,2.0218,0.0470,0,0,0,0.00000,3
0.4678,4.4771,11.3501,3.0467,0.0113,0,0,0,0.00000,1
0.4107,4.1620,12.6807,1.8244,0.0005,1,1,1,1.31848,1
0.4190,4.2045,11.3987,2.1596,0.0194,0,0,0,0.00000,3
0.4622,4.7604,12.4406,-1.1427,0.0238,1,1,0,0.87505,1
0.4618,5.0342,12.5770,-2.1101,0.0222,0,1,2,1.03883,1
0.4799,4.8636,11.5494,1.3192,0.0192,0,0,0,0.00000,3
0.3984,4.0250,12.3049,-3.0814,0.0426,0,1,0,0.93482,1
0.5134,5.5454,11.5760,3.0121,0.0306,0,0,0,0.00000,3
0.4810,5.1442,13.1096,2.8353,0.0376,1,1,2,1.02494,1
0.4453,4.2662,11.8897,0.9711,0.0219,0,0,1,0.20112,1
0.5578,5.1035,11.5403,-0.4664,0.0074,0,0,0,0.00000,1
0.5600,5.7517,11.5442,2.1924,0.0572,0,0,0,0.00000,1
0.4437,4.6596,11.5095,-2.6376,0.0128,0,0,0,0.00000,3
0.4864,4.8865,11.4070,0.6049,0.0219,0,0,0,0.00000,1
0.4243,4.4857,11.5934,-2.3041,0.0642,0,0,0,0.00000,3
0.3946,3.9950,11.3228,2.8067,0.0376,0,0,0,0.00000,3
0.5071,5.5005,11.4451,-3.1109,0.0496,0,0,0,0.00000,1
0.4566,4.6759,12.1765,-2.7329,0.0548,0,1,0,0.62953,1
0.4657,4.4806,12.0593,-2.5390,0.0015,0,0,1,0.51451,1
0.3851,4.2089,12.7441,2.8259,0.0106,0,1,1,1.50981,1
0.3922,4.0096,11.8328,-1.5666,0.0099,0,1,0,0.42432,1
0.3553,3.8235,11.3775,2.4389,0.1405,0,0,0,0.00000,3
0.4289,4.6962,11.6238,2.3025,0.0621,0,0,0,0.00000,3
0.4471,4.9146,13.2345,-3.0510,0.0287,1,1,0,2.01902,1
0.5098,5.1043,11.4118,-1.2904,0.0600,0,0,0,0.00000,3
0.3865,4.0336,11.3056,-2.6255,0.0554,0,0,0,0.00000,3
0.4640,4.8594,11.4799,-0.8243,0.0111,0,0,0,0.00000,1
0.4348,4.2885,12.0042,2.1752,0.0013,0,0,1,0.30455,3
0.4488,4.7937,11.4851,1.5949,0.0083,0,0,0,0.00000,1
0.4869,4.7420,11.3378,1.2748,0.0159,0,0,0,0.00000,3
0.4126,4.2126,11.4245,1.1604,0.0025,0,0,0,0.00000,1
0.4747,4.9120,11.4592,-2.4989,0.0322,0,0,0,0.00000,3
0.4241,4.4254,11.4792,-2.7624,0.1162,0,0,0,0.00000,1
0.3967,4.3514,11.2572,3.0086,0.0515,0,0,0,0.00000,3
0.6345,6.0625,11.6742,-0.4177,0.0088,0,0,0,0.00000,1
0.3844,4.0997,11.4994,-2.7924,0.1546,0,0,0,0.00000,1
0.4103,4.4964,11.7597,2.6992,0.0983,0,1,0,0.33238,3
0.3897,4.0991,11.7602,2.8032,0.0706,0,1,0,0.21441,3
0.3906,4.0280,11.8834,-2.6117,0.0146,0,1,0,0.54792,3
0.4687,4.4840,11.2127,-1.6513,0.0230,0,0,0,0.00000,3
0.4197,4.4609,13.2115,2.9002,0.0567,1,1,1,1.81912,1
0.4292,4.7087,13.3047,2.5178,0.0776,0,0,1,2.09731,1
0.5181,4.9384,11.5791,-1.3061,0.0378,0,0,0,0.00000,3
0.4376,4.6529,11.4210,-1.7448,0.0450,0,0,0,0.00000,1
0.5205,5.5329,11.5895,1.1516,0.0478,0,0,0,0.00000,1
0.4204,4.1434,11.9894,3.0438,0.0461,0,1,0,0.65998,1
0.3869,4.2431,12.8336,-2.4313,0.0315,0,0,1,1.44006,1
0.3821,4.1921,11.9276,2.5241,0.0532,0,1,0,0.39480,3
0.4089,4.4315,11.4759,-2.4871,0.0166,0,0,0,0.00000,1
0.3565,3.8106,13.0358,2.7079,0.0144,0,1,1,1.79351,1
0.3535,3.8948,12.1390,2.5168,0.0956,0,0,2,0.68087,2
0.4154,4.2411,11.3915,-1.8010,0.0588,0,0,0,0.00000,3
0.4317,4.6980,11.3963,2.2745,0.0410,0,0,0,0.00000,3
0.4672,4.3958,11.7146,-0.2854,0.0020,0,1,0,0.30333,3
0.4592,4.3503,11.3962,1.0092,0.0648,0,0,0,0.00000,1
0.3716,3.8817,11.7067,2.4997,0.0093,0,0,1,0.38141,1
0.4011,4.1576,12.1441,-1.6811,0.0307,0,0,2,0.89379,1
0.5832,5.4079,12.4461,0.5937,0.0671,0,0,0,0.00000,1
0.4834,4.3683,12.3615,1.7414,0.0016,0,1,1,0.67631,1
0.4382,4.4873,11.7368,-1.8576,0.0211,0,0,1,0.27765,3
0.5081,4.5931,11.6277,1.1723,0.0735,0,0,1,0.27376,1
0.4248,4.4387,11.4502,2.3577,0.1058,0,0,0,0.00000,3
0.4222,4.3164,11.5123,2.1218,0.0710,0,0,0,0.00000,3
0.4904,4.7790,11.4647,0.0929,0.0341,0,0,0,0.00000,1
0.4661,4.5624,12.3062,-2.5875,0.0050,0,0,1,0.87891,1
0.5592,5.6800,11.4434,1.1109,0.0186,0,0,0,0.00000,3
0.4076,4.2162,11.9899,2.6460,0.1053,0,0,1,0.45079,1
0.4249,4.6108,12.2137,-2.2389,0.0174,0,0,1,0.93842,1
0.5278,5.3663,11.6204,2.9630,0.0198,0,1,0,0.23865,1
0.4262,4.1851,12.1229,0.9352,0.0054,0,1,0,0.38108,1
0.4684,4.4295,11.3201,-2.6621,0.0106,0,0,0,0.00000,1
0.3861,3.9602,11.3011,2.3304,0.0408,0,0,0,0.00000,3
0.4278,4.4208,11.6127,-2.4658,0.0317,0,0,1,0.29612,3
0.3674,3.9915,11.3485,2.5973,0.0517,0,0,0,0.00000,1
0.4837,4.4350,11.5284,2.1837,0.0156,0,0,0,0.00000,1
0.4229,4.3635,12.0614,-2.0956,0.0112,0,0,2,0.56415,3
0.4121,4.1360,12.6871,2.3021,0.0506,0,1,1,0.94813,1
0.4589,4.3901,12.1637,0.6030,0.0194,0,0,1,0.74408,1
0.4536,4.5799,11.7688,1.2040,0.0284,0,1,0,0.24477,1
0.3939,4.0302,11.7234,-2.7381,0.1074,0,1,0,0.22494,1
0.3913,4.1012,11.2945,2.9561,0.1200,0,0,0,0.00000,1
0.3908,4.2645,12.6374,-2.6513,0.0190,1,1,1,1.15766,1
0.5019,5.2421,11.5298,2.6364,0.0665,0,0,0,0.00000,1
0.4176,4.3568,12.0950,-2.5713,0.0209,1,1,2,1.07161,3
0.4638,4.6317,11.2939,-0.6397,0.0333,0,0,0,0.00000,1
0.4644,5.1068,11.7945,-2.4666,0.1325,0,1,0,0.50161,1
0.4555,4.8839,11.4187,-3.0836,0.1132,0,0,0,0.00000,1
0.5603,5.6434,11.4430,-0.4049,0.0595,0,0,0,0.00000,1
0.4403,4.2739,11.8703,1.5150,0.0335,0,0,1,0.46518,3
0.4462,4.7363,11.5234,2.7194,0.1054,0,0,0,0.00000,1
0.4266,4.7083,11.3812,3.1034,0.0950,0,0,0,0.00000,2
0.3742,4.0572,11.2974,-2.4215,0.0714,0,0,0,0.00000,3
0.4337,4.1880,11.2805,-2.4488,0.0174,0,0,0,0.00000,3
0.3650,3.9869,11.9275,2.7839,0.0481,0,0,2,0.51251,3
0.4076,4.1983,12.3966,1.8703,0.0151,0,0,0,0.00000,1
0.3702,3.8688,12.4846,1.9233,0.0551,0,1,0,1.12194,1
0.4901,5.2396,11.5000,2.1756,0.0002,0,0,0,0.00000,1
0.4127,4.1522,11.4829,-2.3129,0.1181,0,0,0,0.00000,1
0.4231,4.4692,11.5575,-2.9760,0.0559,0,0,0,0.00000,3
0.3967,4.1161,12.0222,2.2794,0.0916,0,0,1,0.38819,3
0.4339,4.4531,11.7278,2.6641,0.0625,0,1,0,0.28823,1
0.4167,4.0824,11.4177,-2.6194,0.0277,0,0,0,0.00000,3
0.5249,5.5176,11.6033,2.2710,0.0474,0,0,0,0.00000,1
0.4631,4.3244,11.3372,-1.1050,0.0356,0,0,0,0.00000,3
0.4201,4.2862,11.7442,-2.8516,0.0145,0,0,1,0.17279,3
0.3758,3.9091,11.2902,-2.7970,0.0030,0,0,0,0.00000,1
0.6230,6.0210,11.6926,0.7432,0.0369,0,0,0,0.00000,3
0.3581,3.9115,11.3305,-2.4554,0.0920,0,0,0,0.00000,3
0.4937,5.0940,11.8110,1.3799,0.0227,0,0,2,0.43785,3
0.5871,5.6728,11.9441,0.9569,0.0053,0,0,1,0.37594,1
0.4204,4.1807,11.3975,2.5924,0.0142,0,0,0,0.00000,3
0.4363,4.7475,11.8695,-2.7104,0.0205,0,1,0,0.26937,3
0.4670,4.6430,11.4361,1.6640,0.0393,0,0,0,0.00000,3
0.5339,5.0719,11.4500,-1.7700,0.0253,0,0,0,0.00000,1
0.6061,5.8631,11.5964,0.3240,0.0937,0,0,0,0.00000,1
0.5486,4.9999,12.2609,-1.2514,0.0048,0,0,1,0.87884,1
0.4224,4.4120,11.5619,-2.9139,0.0892,0,0,0,0.00000,1
0.4750,4.9057,12.1162,0.7920,0.0094,0,0,1,0.41794,1
0.4850,5.3504,12.8678,-2.7132,0.0418,0,1,1,1.49738,0
0.3841,4.1350,13.0626,-2.5076,0.0199,0,1,0,1.71172,1
0.3796,4.1494,11.8570,-3.0365,0.0092,0,1,0,0.58911,1
0.5611,5.4928,11.4685,0.3389,0.0046,0,0,0,0.00000,3
0.3943,4.0192,12.1998,3.1234,0.0016,0,0,1,0.86115,1
0.5156,5.5938,11.8740,-2.1523,0.0187,0,1,0,0.39455,3
0.4256,4.4198,12.7736,2.6511,0.0529,0,1,1,1.57599,1
0.5104,5.2712,12.0248,-3.0643,0.0009,0,0,1,0.79253,3
0.5962,5.9261,11.5122,-0.1988,0.0245,0,0,0,0.00000,3
0.4991,4.7051,11.4854,2.3634,0.0017,0,0,0,0.00000,1
0.4964,5.0442,11.3755,-2.7733,0.0372,0,0,0,0.00000,1
0.3891,4.0120,11.3987,2.7832,0.0911,0,0,0,0.00000,1
0.5398,5.2079,11.6337,0.2303,0.0067,0,0,0,0.00000,3
0.4056,4.2926,11.6074,2.9176,0.0022,0,1,0,0.19531,1
0.3930,4.1669,12.7954,-2.8789,0.0342,0,0,3,1.25462,1
0.3856,3.9368,12.7565,-2.9735,0.0000,1,1,0,0.54051,1
0.4844,5.3333,12.1222,1.9838,0.0076,0,0,1,0.72400,0
0.4511,4.9173,11.3321,2.8905,0.1201,0,0,0,0.00000,1
0.4970,5.4687,11.5446,1.9799,0.0268,0,0,0,0.00000,3
0.4369,4.2588,12.1163,-1.0943,0.0119,0,0,1,0.69563,1
0.4132,4.4883,11.9189,3.0254,0.1049,0,1,0,0.48611,1
0.4688,4.5416,11.9521,-1.4399,0.0114,0,0,1,0.44031,1
0.5029,4.8830,11.4918,0.0078,0.0107,0,0,0,0.00000,3
0.4339,4.7896,11.4759,-2.2695,0.0030,0,0,0,0.00000,0
0.4793,4.9253,11.5611,-1.2488,0.0238,0,0,0,0.00000,1
0.3749,4.0403,12.4100,2.7481,0.1566,0,1,0,1.18892,1
0.4596,4.7064,12.6578,0.5661,0.0003,0,1,2,0.97419,1
0.3718,4.0222,12.7339,2.7325,0.0532,0,1,2,1.44995,1
0.4488,4.3526,11.3192,0.7854,0.0377,0,0,0,0.00000,1
0.3892,4.1791,11.3541,-2.7504,0.0627,0,0,0,0.00000,3
0.5925,5.7813,11.6032,0.9286,0.0277,0,0,0,0.00000,3
0.4690,4.6330,12.0346,-0.8708,0.0271,0,0,1,0.37753,1
0.4862,4.8933,11.4096,0.0131,0.0052,0,0,0,0.00000,1
0.4499,4.5253,11.9297,-1.5581,0.0166,0,0,1,0.60285,3
0.3769,4.0598,12.2205,2.6045,0.0298,1,1,1,1.71580,3
0.5510,5.5363,11.6817,0.2598,0.0464,0,0,0,0.00000,1
0.5277,5.2550,11.4166,1.5385,0.0035,0,0,0,0.00000,3
0.3818,3.9621,11.3818,-2.7369,0.0668,0,0,0,0.00000,3
0.4811,5.2567,12.6797,-1.5546,0.0291,1,1,0,1.33083,1
0.5339,5.4263,11.7879,-0.7896,0.0565,0,1,0,0.40580,1
0.3576,3.9449,13.1179,2.5863,0.0209,1,1,0,1.91962,0
0.5396,5.3644,11.5480,0.7823,0.0495,0,0,0,0.00000,1
0.5924,5.5263,11.5400,-1.3512,0.0477,0,0,0,0.00000,1
0.4225,4.2230,11.4496,1.1595,0.0695,0,0,0,0.00000,1
0.4011,4.2337,11.4160,2.4591,0.0666,0,0,0,0.00000,3
0.3455,3.7382,11.7604,3.1362,0.1020,0,1,0,0.47753,3
0.4774,4.9058,11.9610,-2.6969,0.0533,0,0,1,0.54702,1
0.5204,5.5494,11.8664,-1.6304,0.0408,0,0,1,0.47728,3
0.4710,4.9670,11.7627,1.8008,0.0115,0,1,0,0.29025,3
0.5122,5.0651,11.8026,-1.8438,0.0100,0,0,1,0.38243,3
0.4612,4.4342,12.3759,1.1440,0.0137,0,0,1,0.66344,1
0.4492,4.9194,13.3002,-3.0900,0.0289,1,1,1,1.99312,1
0.4524,4.3445,12.5471,1.5494,0.0134,0,0,0,0.00000,1
0.5160,5.1185,11.3999,-0.6746,0.0810,0,0,0,0.00000,1
0.4235,4.4392,12.6031,2.7032,0.0012,0,1,0,1.19643,1
0.4414,4.6546,11.8625,-2.5511,0.1188,0,1,0,0.45203,1
0.4857,5.2688,11.7543,-2.7277,0.0417,0,1,0,0.17802,3
0.3982,4.2523,11.3430,2.7299,0.1259,0,0,0,0.00000,1
0.4178,4.2937,12.8424,-2.0132,0.0376,0,0,1,1.46212,1
0.4010,4.3040,12.9267,2.5323,0.0425,0,1,1,1.56242,1
0.3699,4.0113,11.9780,2.7070,0.1995,0,1,0,0.44245,1
0.4750,5.2190,12.0119,-1.4991,0.0288,0,0,1,0.35447,1
0.4275,4.6744,11.7136,2.8245,0.0681,0,1,0,0.46908,3
0.3699,3.8473,11.5129,2.2375,0.0052,0,1,0,0.28236,1
0.4016,4.2411,11.8204,2.8460,0.0581,0,0,1,0.45086,3
0.4976,4.6888,11.2704,0.4031,0.0044,0,0,0,0.00000,3
0.3962,4.1308,11.3210,-2.3375,0.0272,0,0,0,0.00000,3
0.3648,3.8727,11.3245,2.7612,0.0148,0,0,0,0.00000,1
0.3912,4.1184,12.7552,-2.6203,0.0596,0,1,0,1.49490,1
0.5099,5.1115,12.1430,1.1423,0.0381,0,1,0,0.51675,1
0.5330,5.1989,11.4664,-1.1910,0.0040,0,0,0,0.00000,3
0.4264,4.4735,11.4286,1.5509,0.0494,0,0,0,0.00000,1
0.5079,5.3609,11.4426,-0.9968,0.0270,0,0,0,0.00000,1
0.3598,3.9386,12.0047,2.6471,0.0726,0,0,1,0.51357,3
0.4564,4.5631,11.8515,-2.1893,0.0722,0,1,0,0.16871,1
0.3968,4.1419,11.9159,2.8151,0.0235,0,1,0,0.65359,3
0.4083,4.3230,13.1656,-2.1537,0.0129,0,0,1,1.92998,1
0.4283,4.6931,12.3995,3.1354,0.0443,0,1,0,1.07759,3
0.3992,3.9970,11.4596,-2.0292,0.0693,0,0,0,0.00000,3
0.4413,4.2724,11.3955,-1.9949,0.0502,0,0,0,0.00000,3
0.5389,5.6346,11.5806,2.5430,0.0018,0,0,0,0.00000,3
0.5542,5.8058,12.8229,-0.4993,0.0001,0,1,2,1.49535,1
0.4446,4.7131,11.3814,-2.3177,0.0438,0,0,0,0.00000,3
0.4745,4.9446,12.4560,2.3144,0.0613,0,1,0,0.79535,1
0.3669,4.0030,11.6946,2.7302,0.1268,0,1,0,0.35746,3
0.4362,4.3159,11.2971,3.1058,0.0261,0,0,0,0.00000,1
0.4181,4.1977,11.5951,1.0290,0.0090,0,1,0,0.23527,1
0.3854,4.1409,11.4795,-3.0657,0.0548,0,0,0,0.00000,3
0.5406,5.1976,11.6388,1.7055,0.0039,0,0,0,0.00000,1
0.4666,4.3422,11.3548,-0.3342,0.0274,0,0,0,0.00000,1
0.4510,4.5224,11.8223,2.9817,0.0102,0,1,0,0.40529,3
0.3836,4.2126,12.2676,-2.8152,0.0177,0,1,0,0.83701,1
0.6160,5.9848,11.6144,0.3833,0.0406,0,0,0,0.00000,3
0.5337,5.2955,11.8933,2.1199,0.0130,0,0,1,0.35018,1
0.5130,5.2705,12.9781,-0.6259,0.0113,0,0,1,1.32614,1
0.4355,4.3766,12.7322,0.9710,0.0062,0,0,1,1.10227,1
0.4455,4.4396,12.1100,2.0811,0.0461,0,1,0,0.83859,1
0.5587,5.3823,11.4357,-2.4325,0.0041,0,0,0,0.00000,1
0.4276,4.1302,11.7595,-1.5522,0.0403,0,1,0,0.30348,3
0.4829,4.4482,11.2790,-2.6257,0.0070,0,0,0,0.00000,1
0.4954,4.5990,12.4821,0.0244,0.0231,0,0,1,1.00088,1
0.5580,5.2308,11.8563,-0.0833,0.0565,0,1,0,0.23823,1
0.4074,4.4440,13.3305,2.9012,0.0423,0,1,0,2.01950,1
0.5792,5.3203,11.6407,-0.9155,0.0670,0,0,0,0.00000,3
0.3754,4.0647,11.8657,-2.1713,0.0296,0,1,0,0.37036,1
0.4964,5.2433,11.5146,1.6685,0.0333,0,0,0,0.00000,3
0.4033,4.3981,12.3479,-2.3742,0.0468,0,1,0,1.22423,3
0.3856,4.0980,11.4045,2.7986,0.0489,0,0,0,0.00000,3
0.4375,4.7504,12.8208,2.7534,0.0348,1,1,1,1.19956,1
0.4961,4.9979,11.4241,1.8995,0.0209,0,0,0,0.00000,3
0.5113,5.4433,11.5909,-2.4001,0.0328,0,0,0,0.00000,3
0.3791,4.1254,11.3180,2.8281,0.0384,0,0,0,0.00000,1
0.4346,4.5888,11.4187,2.3766,0.0413,0,0,0,0.00000,3
0.5518,5.2350,12.2021,0.3966,0.0012,0,1,0,0.83016,1
0.4916,5.1882,12.3997,2.5351,0.0001,0,1,2,1.11708,1
0.4482,4.6305,11.3211,0.0340,0.0059,0,0,0,0.00000,1
0.4534,4.5712,12.2618,2.4010,0.0326,0,1,0,0.77934,1
0.3912,4.0181,13.0422,-2.9340,0.0275,1,2,0,1.92142,1
0.3854,4.0520,12.3644,2.5260,0.0467,0,1,0,0.98163,1
0.4139,4.4237,11.7661,2.5412,0.0013,0,0,1,0.35696,1
0.3794,4.1236,11.5860,2.8521,0.0371,0,1,0,0.22434,3
0.4222,4.1026,11.3501,-1.5548,0.0349,0,0,0,0.00000,3
0.3894,4.2858,12.6162,2.7341,0.1126,1,1,0,0.87631,1
0.3743,3.9551,11.4804,-2.7726,0.0265,0,1,0,0.25369,3
0.4123,4.1345,11.2856,2.8299,0.0045,0,0,0,0.00000,3
0.4399,4.3606,11.4051,1.6109,0.0178,0,0,0,0.00000,3
0.4339,4.5340,13.1389,2.2389,0.0388,0,1,0,1.59151,1
0.3746,4.0617,12.7607,-2.6122,0.1021,0,1,1,1.13807,1
0.4648,4.6381,12.0248,-1.7786,0.0269,0,0,1,0.50368,3
0.5361,5.4549,12.9885,1.4883,0.0173,0,0,4,2.66561,1
0.4034,4.1523,11.3993,-2.6648,0.0759,0,0,0,0.00000,3
0.3461,3.7268,11.2939,-2.5152,0.0467,0,0,0,0.00000,1
0.4698,4.8634,11.2703,3.0599,0.0634,0,0,0,0.00000,1
0.3871,4.1002,11.3481,2.2760,0.0041,0,0,0,0.00000,1
0.4061,4.4743,12.1836,2.3446,0.0491,0,0,1,0.89529,2
0.5047,4.9679,11.8353,0.5312,0.0499,0,0,1,0.57140,1
0.4882,5.2189,11.4838,-2.6666,0.0474,0,0,0,0.00000,3
0.4124,4.5115,12.4003,-2.7648,0.0843,0,1,2,1.01979,3
0.5895,5.5308,11.3866,-1.0922,0.0220,0,0,0,0.00000,1
0.4615,4.3643,11.5818,-1.0537,0.0198,0,0,0,0.00000,3
0.5295,5.4751,12.9427,-1.2133,0.0046,1,1,1,0.76364,1
0.5027,5.0481,11.3728,-1.0993,0.0522,0,0,0,0.00000,3
0.3412,3.7390,11.7508,2.6357,0.1759,0,0,1,0.23869,3
0.5545,5.1940,11.4229,-0.6766,0.0054,0,0,0,0.00000,1
0.4554,4.2829,11.4438,-0.6586,0.0348,0,0,0,0.00000,1
0.3907,4.2918,11.3112,2.4783,0.0223,0,0,0,0.00000,1
0.4211,4.1372,11.4595,1.4883,0.0413,0,0,0,0.00000,3
0.5627,5.4292,12.4979,0.6239,0.0080,0,1,0,0.72887,1
0.3477,3.8307,11.8736,2.6505,0.0527,0,1,0,0.49826,0
0.4230,4.2334,11.8231,2.5480,0.0777,0,1,0,0.30093,1
0.5399,5.6877,11.8411,2.6394,0.0422,0,0,2,0.64989,1
0.4379,4.4724,11.5308,2.4586,0.0748,0,0,0,0.00000,1
0.4690,4.3211,11.7178,-0.4067,0.0151,0,0,1,0.21439,1
0.3769,4.0878,11.3342,2.0881,0.0376,0,0,0,0.00000,1
0.4227,4.3515,11.8272,-2.8054,0.0483,0,1,0,0.29467,3
0.5011,5.1706,11.2435,-0.2870,0.0052,0,0,0,0.00000,1
0.4750,4.8610,11.8880,1.3034,0.0215,0,0,2,0.38320,1
0.4401,4.2563,11.8072,3.0029,0.0079,0,0,1,0.25782,3
0.5596,5.1564,12.0595,0.3377,0.0918,0,0,1,0.45698,1
0.4579,4.8534,12.0264,-2.5657,0.0704,0,1,0,0.57976,1
0.4072,4.0556,11.9209,-3.0282,0.0116,0,0,1,0.48722,3
0.5158,5.4927,11.3532,1.5903,0.0611,0,0,0,0.00000,3
0.5012,4.5924,11.2920,1.3237,0.0256,0,0,0,0.00000,3
0.4276,4.1705,11.5008,-2.4285,0.0192,0,0,0,0.00000,3
0.4110,4.1745,12.1106,2.6968,0.0186,0,1,0,0.63857,3
0.4924,4.8758,12.0439,-2.9751,0.0218,0,0,1,0.65010,1
0.3639,3.8074,12.8941,-3.0410,0.0165,1,1,0,0.64549,1
0.4787,4.8088,11.2297,-1.4365,0.0292,0,0,0,0.00000,3
0.4932,5.0882,11.4329,1.2288,0.0036,0,0,0,0.00000,3
0.5996,5.9849,11.5737,-1.2731,0.0371,0,0,0,0.00000,3
0.4238,4.1393,11.3763,-2.7603,0.0308,0,0,0,0.00000,1
0.3360,3.7089,11.7551,2.8990,0.0381,0,1,0,0.49641,0
0.4731,4.4438,11.3424,0.6494,0.0139,0,0,0,0.00000,3
0.4364,4.3180,11.3673,1.3969,0.0182,0,0,0,0.00000,3
0.3281,3.6074,12.5534,2.8098,0.0435,1,1,0,1.11930,1
0.4005,4.3645,12.4785,2.5045,0.0467,0,1,1,1.09277,3
0.4510,4.6104,11.4665,-2.3773,0.0125,0,0,0,0.00000,3
0.4864,5.3034,11.6103,2.6791,0.0487,0,0,0,0.00000,3
0.4848,5.0105,12.8451,-0.9890,0.0196,0,1,1,1.38741,1
0.5536,5.2895,11.3448,0.4818,0.0366,0,0,0,0.00000,3
0.4028,4.1169,11.2866,-1.3335,0.0002,0,0,0,0.00000,1
0.3619,3.8481,13.0663,-2.8128,0.0168,1,1,0,1.57046,1
0.4365,4.2668,12.2703,-2.2216,0.0708,0,1,0,0.47839,1
0.5206,5.0096,11.5742,-0.9967,0.0169,0,0,0,0.00000,3
0.4670,5.0493,12.7313,1.9681,0.0212,0,0,3,1.08121,1
0.3909,4.1842,12.3575,2.3758,0.0485,0,1,0,1.06949,3
0.3819,4.0516,11.9044,-3.0175,0.0689,0,0,1,0.36803,3
0.5417,5.1539,12.1553,-1.6020,0.0306,0,0,2,0.49854,1
0.4548,4.7170,12.4933,2.3661,0.0338,0,1,0,1.32738,1
0.4758,4.6468,12.8021,-1.8970,0.0130,0,1,1,1.58948,1
0.4596,4.3336,11.4174,0.8121,0.0637,0,0,0,0.00000,1
0.3972,4.2809,13.0898,-3.0434,0.0446,0,1,1,1.95840,1
0.4864,5.0055,11.4409,-1.6198,0.0113,0,0,0,0.00000,3
0.5129,5.4361,12.3192,-1.3585,0.0038,0,0,1,0.80346,3
0.5224,5.1664,11.5051,1.1148,0.0399,0,0,0,0.00000,3
0.4122,4.4595,11.4166,2.5676,0.0981,0,0,0,0.00000,3
0.5122,5.1213,11.4428,-0.3989,0.0419,0,0,0,0.00000,1
0.4118,4.1736,11.4428,-1.0024,0.0041,0,0,0,0.00000,1
0.4207,4.3646,11.4561,1.5250,0.0671,0,0,0,0.00000,1
0.5078,4.6546,11.8692,-1.7005,0.0435,0,1,0,0.34576,1
0.5359,4.8965,11.5076,-0.1169,0.0076,0,0,0,0.00000,3
0.5331,5.1243,11.9354,-0.9941,0.0262,0,0,1,0.31939,1
0.3716,4.0361,12.0782,-2.0829,0.0278,0,0,1,0.73515,1
0.5082,5.2336,12.1197,0.8987,0.0046,0,1,0,0.62462,3
0.4965,4.7503,12.6486,0.6812,0.0369,0,0,1,1.02065,1
0.4831,5.1506,12.8552,2.4210,0.0106,0,0,1,1.53060,1
0.5333,5.2922,12.2841,-0.7800,0.0074,0,1,0,0.52511,1
0.5804,5.3123,11.3226,-0.7235,0.0914,0,0,0,0.00000,3
0.4062,4.4712,11.9483,-2.9804,0.0327,0,1,0,0.76384,3
0.5614,5.7309,12.1724,-2.4816,0.0128,0,1,1,0.57868,1
0.3989,4.0462,11.4181,-2.5550,0.0395,0,0,0,0.00000,3
0.5165,5.1873,12.8062,1.3407,0.0355,0,0,4,1.56579,1
0.4256,4.6552,11.9706,2.8427,0.1016,0,0,1,0.20928,1
0.3949,4.2294,12.2560,-2.4792,0.0507,0,0,1,0.91154,3
0.3602,3.8693,11.9953,-2.6098,0.0752,0,1,0,0.35054,3
0.4168,4.1361,11.4425,2.1992,0.0511,0,0,0,0.00000,3
0.4862,5.1787,12.6229,-1.2698,0.0313,0,0,1,0.96059,1
0.4441,4.6417,12.0101,2.1224,0.0261,0,1,0,0.58663,3
0.4451,4.4298,11.4620,3.0662,0.0250,0,0,0,0.00000,1
0.4226,4.4891,11.3790,-3.0190,0.0251,0,0,0,0.00000,3
0.4665,4.3578,11.5152,0.7144,0.0398,0,0,0,0.00000,1
0.4793,4.5081,11.4267,2.5685,0.0027,0,0,0,0.00000,1
0.5391,5.6221,11.7587,1.3805,0.0449,0,0,1,0.15791,3
0.4319,4.5567,11.4414,2.4190,0.0016,0,0,0,0.00000,1
0.3561,3.9281,11.8132,-2.5683,0.0638,0,1,0,0.44187,0
0.4127,4.3300,12.6080,-2.2250,0.0069,1,0,1,1.35091,1
0.4019,4.2576,12.3736,2.4890,0.0107,1,1,1,1.79609,1
0.4831,4.9204,11.3356,-0.8030,0.0211,0,0,0,0.00000,1
0.4249,4.4948,11.3970,2.5219,0.0454,0,0,0,0.00000,3
0.4146,4.2497,12.6000,2.1227,0.0232,0,0,1,0.35694,1
0.4339,4.6319,11.5219,-1.8725,0.0668,0,0,0,0.00000,3
0.4723,4.3686,11.5507,0.9991,0.0080,0,0,0,0.00000,3
0.4295,4.6957,11.7847,-1.6480,0.0519,0,0,1,0.23531,1
0.4177,4.2149,11.4424,2.8647,0.0643,0,0,0,0.00000,1
0.3909,3.9669,12.3835,1.7354,0.0409,0,1,0,0.95370,1
0.3510,3.7525,11.4235,-2.9291,0.1159,0,0,0,0.00000,3
0.3805,4.0499,12.6018,-2.1809,0.0088,0,1,0,1.32755,1
0.4138,4.5664,12.0384,2.5350,0.0242,0,1,0,0.78782,0
0.4160,4.3675,12.3352,-2.7887,0.0103,0,1,2,0.83002,1
0.3841,3.9164,11.3674,2.2689,0.0646,0,0,0,0.00000,3
0.3783,4.0900,12.0146,-2.7976,0.0353,0,0,1,0.42512,3
0.3834,3.9526,11.6383,2.9297,0.0254,0,0,1,0.14091,3
0.4144,4.3879,11.7205,2.6192,0.0405,0,0,1,0.30963,3
0.3730,3.9277,12.9263,2.3813,0.0199,0,1,1,1.75097,1
0.5171,5.5801,12.9896,2.3573,0.0169,0,1,1,1.89603,1
0.5139,5.3058,11.4554,2.7405,0.0257,0,0,0,0.00000,1
0.4172,4.4064,12.4555,-2.4781,0.0122,0,0,1,0.98502,1
0.3581,3.8272,11.4070,-2.1763,0.0799,0,0,0,0.00000,1
0.5232,5.3974,11.6750,3.0119,0.0214,0,0,0,0.00000,1
0.4235,4.1051,12.2399,-0.5043,0.0103,0,0,1,0.47813,1
0.5237,4.9270,11.7719,1.6725,0.0416,0,1,0,0.22266,1
0.4331,4.1747,12.0398,-0.5274,0.0161,0,1,0,0.44111,1
0.4583,4.9771,12.7809,1.7509,0.0052,1,0,1,0.43676,1
0.4005,4.1164,11.4572,2.7092,0.0532,0,0,0,0.00000,3
0.5823,5.4779,11.4980,0.0135,0.0243,0,0,0,0.00000,3
0.3696,3.8557,12.4488,2.4295,0.0681,0,0,1,1.16613,1
0.4639,4.2954,11.6537,0.5126,0.0153,0,1,0,0.15101,3
0.4333,4.2633,11.4253,-3.0876,0.0152,0,0,0,0.00000,3
0.4828,4.5519,12.6049,-2.8657,0.0003,1,1,0,1.04929,1
0.4584,4.3335,11.5369,-1.9002,0.0507,0,0,0,0.00000,1
0.4767,5.2555,11.4389,1.4929,0.0335,0,0,0,0.00000,0
0.4217,4.2828,11.3813,2.6402,0.0789,0,0,0,0.00000,1
0.3337,3.6629,11.9785,2.6194,0.0342,0,1,0,0.70198,1
0.5476,5.1575,11.7516,0.2004,0.0156,0,0,1,0.18195,3
0.3610,3.9240,13.3161,-2.8061,0.0789,0,1,1,2.08243,1
0.4301,4.7256,12.1015,2.4800,0.0684,0,1,0,0.52617,3
0.3681,3.9242,11.3821,-2.8901,0.0102,0,0,0,0.00000,1
0.5445,5.4964,11.7026,0.5606,0.0620,0,0,0,0.00000,1
0.4229,4.2461,11.3574,-2.4617,0.0108,0,0,0,0.00000,3
0.4864,5.0162,12.2946,-1.2041,0.0041,0,0,1,0.73416,1
0.4175,4.1903,12.9152,2.7219,0.0373,0,1,1,0.87738,1
0.5014,5.1301,11.5489,1.2308,0.0557,0,0,0,0.00000,3
0.5670,5.1867,12.0460,0.3864,0.0698,0,1,0,0.40028,1
0.5367,5.2161,12.8061,-0.8307,0.0229,0,0,1,1.13580,1
0.4539,4.4676,11.5595,3.1278,0.0169,0,0,0,0.00000,1
0.4195,4.1887,11.5128,-2.9894,0.0488,0,0,0,0.00000,1
0.5700,5.4153,11.3545,0.3227,0.0112,0,0,0,0.00000,3
0.3895,4.1330,13.0480,-2.1023,0.0194,0,1,0,1.81624,1
0.4114,4.2955,11.2808,-3.0395,0.0224,0,0,0,0.00000,3
0.3668,4.0194,11.4814,3.0308,0.0898,0,0,0,0.00000,3
0.5070,5.4312,11.7809,3.0967,0.0078,0,0,1,0.21076,3
0.4006,4.2913,11.9491,2.9883,0.0251,0,1,0,0.45714,3
0.4383,4.2197,11.6314,-2.8183,0.0312,0,0,1,0.37456,1
0.4379,4.8264,12.9054,2.4825,0.0063,1,2,0,1.48524,0
0.5350,5.6437,12.2240,0.6826,0.0181,0,0,1,0.51980,1
0.5205,5.2568,11.3068,0.7763,0.0334,0,0,0,0.00000,1
0.6376,6.1278,11.5423,0.7155,0.0259,0,0,0,0.00000,3
0.4375,4.3472,11.6387,-1.7999,0.0667,0,1,0,0.37886,3
0.5546,5.4010,11.3469,-1.9789,0.0201,0,0,0,0.00000,1
0.4385,4.5954,12.5136,1.2807,0.0125,0,0,1,1.12716,1
0.5074,5.3662,11.9471,1.5580,0.0114,0,0,1,0.51208,3
0.3659,3.9199,12.3361,2.1219,0.0280,1,1,2,1.00112,1
0.5329,5.5875,12.1801,-0.8185,0.0439,0,0,1,0.74483,1
0.6148,5.8454,12.3936,0.2380,0.0119,0,0,1,0.74990,1
0.5117,5.0820,12.2881,2.8460,0.0045,0,1,0,0.84523,1
0.3538,3.8198,11.5901,2.2062,0.0899,0,1,0,0.30617,1
0.4025,4.0971,12.1865,-2.6054,0.0162,0,0,2,0.57271,1
0.3725,3.9696,11.7568,2.2531,0.0730,0,1,0,0.40388,3
0.5440,4.9270,11.2759,0.7993,0.0527,0,0,0,0.00000,3
0.4980,4.8520,11.3313,2.9998,0.0032,0,0,0,0.00000,3
0.4822,5.2211,11.4767,1.0638,0.0020,0,0,0,0.00000,1
0.3952,3.9679,11.6118,-2.8677,0.0374,0,1,0,0.22504,3
0.5118,5.1672,11.4065,0.0180,0.0047,0,0,0,0.00000,3
0.4376,4.3760,11.3677,-2.4249,0.0787,0,0,0,0.00000,1
0.5894,5.4782,11.4851,1.0156,0.0496,0,0,0,0.00000,3
0.4240,4.2928,11.4738,-3.0740,0.0657,0,0,0,0.00000,1
0.4275,4.7068,11.4483,2.1379,0.0527,0,0,0,0.00000,2
0.3700,4.0226,12.7853,2.6378,0.0818,0,1,0,1.55436,1
0.4754,5.1305,11.6249,2.1014,0.0768,0,0,1,0.34894,3
0.4068,4.3056,11.3410,-1.7544,0.0047,0,0,0,0.00000,1
0.3904,3.9479,11.4943,-2.9559,0.0853,0,0,1,0.19750,1
0.5044,4.9791,11.9849,-0.5736,0.0399,0,0,1,0.51863,1
0.4675,4.9370,11.3662,-2.3381,0.0774,0,0,0,0.00000,3
0.4834,4.4702,11.4385,-0.1585,0.0433,0,0,0,0.00000,1
0.4527,4.9203,11.6917,-2.3941,0.0363,0,1,0,0.45932,3
0.5166,5.0999,11.3333,-0.6409,0.0590,0,0,0,0.00000,1
0.5509,5.1917,11.6089,1.4650,0.0139,0,0,0,0.00000,1
0.3867,4.1897,12.0045,-2.2094,0.0093,0,1,0,0.64933,1
0.5090,4.8297,11.4888,2.1391,0.0229,0,0,0,0.00000,1
0.4447,4.5705,11.9216,3.0552,0.0625,0,0,1,0.52662,1
0.4164,4.2712,11.4362,1.6323,0.0280,0,0,0,0.00000,1
0.4274,4.1857,12.0211,-0.7384,0.0047,0,1,0,0.52790,1
0.4845,4.4171,12.0808,-1.2066,0.0177,0,0,1,0.60455,1
0.4159,4.1779,12.0499,0.3790,0.0031,0,1,0,0.86940,1
0.5613,5.1589,11.9190,0.9808,0.0409,0,0,1,0.55694,1
0.5159,4.8675,11.4740,0.9152,0.0359,0,0,0,0.00000,3
0.3775,4.0833,13.1084,-3.0125,0.0457,0,0,2,0.59447,1
0.4908,5.3174,11.6421,2.9032,0.0871,0,1,0,0.27016,1
0.4863,5.1695,11.8256,2.8083,0.0011,0,1,0,0.44652,3
0.5544,5.7710,11.4584,-1.0629,0.0874,0,0,0,0.00000,1
0.4399,4.2095,11.4540,2.5073,0.0004,0,0,0,0.00000,3
0.4149,4.2366,11.4098,-2.8445,0.1051,0,0,0,0.00000,1
0.3806,4.1869,12.3926,-2.7353,0.0583,0,1,1,1.05777,3
0.5316,5.3481,11.9104,2.2295,0.0376,0,0,1,0.32303,1
0.4790,4.5315,11.2991,0.1135,0.0035,0,0,0,0.00000,3
0.4551,4.2560,11.3742,0.6752,0.0060,0,0,0,0.00000,3
0.6374,5.8996,11.5808,0.6264,0.1257,0,0,0,0.00000,3
0.4434,4.4701,11.3930,2.4495,0.0320,0,0,0,0.00000,3
0.5148,5.0381,12.5891,-0.0121,0.0073,0,0,1,0.93312,1
0.4737,4.5003,11.3843,3.0523,0.0101,0,0,0,0.00000,1
0.5195,5.0979,12.2312,0.4179,0.0098,0,0,1,0.60151,1
0.3816,3.9213,12.1607,2.8133,0.0526,0,1,0,0.64509,3
0.4471,4.3246,12.1792,0.6575,0.0141,0,1,0,0.52002,1
0.5959,5.8567,11.6400,-0.5523,0.1125,0,0,0,0.00000,1
0.4601,4.6925,12.3670,-0.2002,0.0054,0,1,0,0.80361,1
0.5814,5.4969,11.5965,0.6970,0.1434,0,0,0,0.00000,1
0.5093,4.9121,11.7670,1.8920,0.0451,0,0,1,0.14873,1
0.4598,4.5419,11.4467,1.6899,0.0142,0,0,0,0.00000,3
0.4919,5.4139,11.5838,-2.5058,0.0923,0,0,0,0.00000,1
0.4070,4.3114,11.3245,1.9803,0.0224,0,0,0,0.00000,1
0.3842,4.0041,11.8281,-2.2557,0.0101,0,0,1,0.20159,1
0.4424,4.7982,11.6858,-1.7802,0.0083,0,1,0,0.17379,1
0.4761,4.4456,11.5311,-0.9827,0.0291,0,0,0,0.00000,3
0.4669,4.8919,11.8356,3.0051,0.0508,0,0,1,0.39744,1
0.3568,3.8062,11.4895,2.6360,0.1540,0,0,0,0.00000,3
0.5731,5.8129,11.5278,0.2450,0.0538,0,0,0,0.00000,1
0.5129,5.3527,11.2906,-2.0765,0.0045,0,0,0,0.00000,3
0.5068,5.1032,12.4201,1.6742,0.0326,0,0,1,0.71530,1
0.5179,4.8138,11.5049,-1.0632,0.0346,0,0,0,0.00000,3
0.5127,5.4924,12.1596,1.9355,0.0273,0,0,1,0.67161,3
0.4591,4.3420,11.2387,2.5191,0.0253,0,0,0,0.00000,1
0.4722,4.8778,11.4758,2.3033,0.0743,0,0,0,0.00000,1
0.5234,5.3612,11.3895,2.5699,0.0074,0,0,0,0.00000,3
0.4537,4.3015,12.3208,1.4786,0.0166,0,1,0,0.80313,1
0.5353,4.9920,11.6203,-0.1695,0.0208,0,0,0,0.00000,3
0.4390,4.6836,11.9138,1.7238,0.0075,0,0,1,0.34665,1
0.5694,5.4170,12.2606,-0.0620,0.0490,0,0,1,1.01783,1
0.3901,4.0582,12.8943,2.9314,0.0495,0,1,0,1.58159,1
0.3692,3.9891,11.4739,-3.1408,0.0808,0,0,0,0.00000,3
0.4009,4.0616,11.4505,-3.0234,0.0378,0,0,0,0.00000,3
0.4735,4.5322,11.8722,-1.8757,0.0172,0,0,1,0.58468,3
0.5554,5.7793,13.0255,-0.0590,0.0065,0,1,0,1.46312,1
0.4432,4.4651,11.4647,0.9954,0.0063,0,0,0,0.00000,1
0.4233,4.4445,12.1152,-1.9358,0.0044,0,0,1,0.45504,1
0.5556,5.3466,11.3365,-0.0282,0.0402,0,0,0,0.00000,3
0.4650,4.5492,12.4477,2.0395,0.0120,0,1,0,1.05635,1
0.3972,4.0590,12.0309,-2.7551,0.0244,0,0,1,0.51167,3
0.4086,4.0601,11.8471,1.5239,0.0186,0,1,0,0.36607,1
0.6526,6.0566,11.4492,0.8928,0.0217,0,0,0,0.00000,1
0.3576,3.8791,13.0106,3.0500,0.0556,1,1,1,1.75404,1
0.4720,4.8431,11.4513,-2.8236,0.0066,0,0,0,0.00000,3
0.4835,5.3254,11.5971,2.6342,0.1166,0,0,0,0.00000,0
0.4842,4.9354,11.5700,-2.1274,0.0382,0,0,0,0.00000,3
0.6054,5.7579,11.6931,0.5377,0.0054,0,0,1,0.39806,1
0.6220,5.9245,11.9724,-0.1354,0.0131,0,0,1,0.15595,1
0.4515,4.6250,11.6634,-2.3889,0.0842,0,1,0,0.16622,1
0.5366,4.9449,11.5196,0.7622,0.0685,0,0,0,0.00000,3
0.6135,6.0591,12.6603,0.8099,0.0366,0,0,1,1.27442,1
0.4672,4.7147,11.2856,2.6676,0.0038,0,0,0,0.00000,3
0.6047,5.5423,11.6037,0.1951,0.0719,0,0,0,0.00000,3
0.3958,4.2244,11.6479,-2.3483,0.0447,0,1,0,0.37179,3
0.3710,3.9102,11.2871,2.2380,0.0110,0,0,0,0.00000,1
0.4967,4.6428,11.3325,-0.6236,0.0669,0,0,0,0.00000,1
0.3925,4.1867,11.7313,-3.1360,0.0505,0,0,0,0.00000,3
0.5357,5.6033,11.3083,-1.2345,0.0013,0,0,0,0.00000,3
0.4167,4.0736,11.3885,-1.4292,0.0500,0,0,0,0.00000,3
0.4865,4.4184,11.5424,2.7977,0.0040,0,0,0,0.00000,1
0.4313,4.3062,12.8894,2.4131,0.0117,0,1,0,0.18232,1
0.4255,4.1703,11.4237,2.0910,0.0108,0,0,0,0.00000,3
0.4484,4.7101,12.1021,2.7310,0.0014,0,1,0,0.59733,3
0.5264,5.1116,11.3530,-0.3206,0.0667,0,0,0,0.00000,1
0.4327,4.3518,11.3316,-1.1518,0.0048,0,0,0,0.00000,1
0.3799,4.1897,12.0075,2.2222,0.0891,0,1,0,0.19551,2
0.5491,5.6091,13.0280,-2.6284,0.0044,0,1,1,1.66269,1
0.4937,4.8396,11.2578,-0.9535,0.0510,0,0,0,0.00000,1
0.4613,4.2872,11.5699,0.7070,0.0137,0,1,0,0.27304,3
0.4263,4.6758,11.5164,-2.3063,0.0594,0,0,0,0.00000,3
0.5615,5.5871,12.4689,0.8352,0.0335,0,0,1,0.91909,1
0.5713,5.3780,11.4951,1.3605,0.0156,0,0,0,0.00000,1
0.3707,3.8435,11.5747,-2.8737,0.1479,0,0,0,0.00000,1
0.4399,4.2612,11.8349,2.6034,0.0156,0,0,1,0.30736,3
0.5627,5.5981,11.5057,-1.5873,0.0385,0,0,0,0.00000,1
0.4955,4.7032,11.5672,1.6037,0.0224,0,0,0,0.00000,3
0.4297,4.2870,11.4558,0.5088,0.0021,0,0,0,0.00000,1
0.4420,4.4523,11.4095,2.9041,0.0185,0,0,0,0.00000,3
0.3576,3.8126,12.3456,2.7017,0.1146,0,1,0,0.94854,1
0.4101,4.4976,11.2715,-2.6185,0.0104,0,0,0,0.00000,1
0.5521,5.3697,11.7980,1.8699,0.0418,0,1,0,0.33265,1
0.4814,4.4586,11.5399,-0.2720,0.0482,0,0,0,0.00000,1
0.4378,4.2016,11.2333,-3.1229,0.0198,0,0,0,0.00000,1
0.5624,5.7446,11.3999,0.1673,0.0267,0,0,0,0.00000,1
0.4064,4.1610,11.3848,-2.6982,0.0025,0,0,0,0.00000,1
0.3682,4.0429,12.2640,-2.0336,0.0368,0,1,1,0.55553,1
0.5523,5.0752,11.5348,0.6248,0.0712,0,0,0,0.00000,3
0.5501,5.0112,11.9229,-0.8910,0.0291,1,1,1,0.66549,1
0.4915,5.0345,11.4202,2.6664,0.0156,0,0,0,0.00000,3
0.3422,3.6908,12.9356,-2.8724,0.0251,0,1,1,1.35104,1
0.3964,4.1376,11.3766,2.2858,0.0023,0,0,0,0.00000,1
0.5033,4.6435,11.9995,1.5632,0.0182,0,1,0,0.55743,1
0.4493,4.2304,11.5132,1.2498,0.0407,0,0,0,0.00000,3
0.3341,3.6582,12.7582,-2.5349,0.0715,0,1,0,1.42286,1
0.4329,4.4130,11.4100,2.7514,0.0473,0,0,0,0.00000,1
0.5515,5.3312,11.8125,-2.3125,0.0014,0,0,1,0.18629,1
0.4104,4.4085,11.5504,3.0929,0.0929,0,0,0,0.00000,3
0.4427,4.5214,11.3191,-3.0188,0.0003,0,0,0,0.00000,3
0.5221,5.1439,12.4480,0.7291,0.0287,0,1,0,1.06648,1
0.5119,5.5183,11.7780,2.9677,0.0263,0,0,1,0.30219,3
0.3417,3.7156,11.5162,2.5782,0.1717,0,0,0,0.00000,3
0.3654,4.0153,12.2608,-2.2649,0.0271,0,0,1,0.52865,1
0.3982,4.1285,11.9251,-2.8757,0.0861,0,0,1,0.24708,1
0.5356,4.8661,12.4427,0.6021,0.0103,0,1,1,0.99546,1
0.4197,4.4542,11.4346,-1.6215,0.0692,0,0,0,0.00000,1
0.4862,5.1530,11.9895,2.4997,0.0410,0,0,1,0.31691,3
0.5926,5.8149,11.5955,-1.0511,0.0116,0,0,0,0.00000,3
0.5025,5.0982,11.6322,-3.0854,0.0286,0,0,0,0.00000,1
0.3472,3.7521,12.7621,2.2791,0.0597,0,0,0,0.00000,1
0.3726,3.8753,11.4988,-2.2117,0.0244,0,1,0,0.20467,1
0.5150,5.5080,11.4022,-2.0031,0.0178,0,0,0,0.00000,3
0.4867,4.5678,11.2891,2.1608,0.0237,0,0,0,0.00000,1
0.4601,4.4922,12.2576,-0.8874,0.0002,0,1,0,0.85967,1
0.4666,4.5100,12.1411,-0.7939,0.0228,0,1,0,0.61516,1
0.3681,3.9573,11.7046,-2.4156,0.0335,0,1,0,0.44036,1
0.4136,4.2169,11.3405,2.6060,0.0126,0,0,0,0.00000,3
0.3284,3.6027,11.3272,-2.6746,0.1697,0,0,0,0.00000,3
0.4535,4.6965,11.5779,2.5818,0.0435,0,0,0,0.00000,3
0.4454,4.5800,11.2978,2.7058,0.0867,0,0,0,0.00000,1
0.4413,4.7188,13.0251,-1.6695,0.0179,1,1,0,1.42994,1
0.4768,4.6577,11.5521,-1.2798,0.0104,0,0,1,0.20043,3
0.4472,4.3220,11.7346,-0.5963,0.0043,0,1,0,0.25068,3
0.4084,4.0451,12.1581,3.1097,0.0550,0,0,1,0.54309,1
0.5236,5.3208,11.5822,2.1193,0.0285,0,0,0,0.00000,1
0.5223,5.2237,11.3429,0.1318,0.0294,0,0,0,0.00000,1
0.4214,4.4755,11.3136,-2.8972,0.0599,0,0,0,0.00000,3
0.5233,5.2802,12.0769,-2.1384,0.0104,0,0,1,0.61174,3
0.4497,4.5354,12.4169,-2.6768,0.0156,0,0,0,0.00000,1
0.3554,3.8772,12.8181,-2.0499,0.0520,0,1,1,1.32231,1
0.4157,4.2390,11.3884,-1.3411,0.0052,0,0,0,0.00000,1
0.5637,5.3385,11.3672,-0.4950,0.0027,0,0,0,0.00000,1
0.5653,5.3321,11.5463,-0.8784,0.0066,0,0,0,0.00000,1
0.5065,4.9219,12.5932,-1.6172,0.0047,0,0,1,1.29591,1
0.5391,5.5807,11.9029,-2.4832,0.0027,0,0,2,0.68718,3
0.5231,5.3546,11.8475,0.7334,0.0440,0,0,1,0.55135,1
0.3871,4.1867,12.8640,2.5371,0.0319,0,1,0,1.71960,1
0.4272,4.6809,12.0566,2.0692,0.0307,0,1,1,0.69316,1
0.5045,5.0220,11.2282,2.0213,0.0110,0,0,0,0.00000,3
0.3488,3.7742,12.8396,3.0223,0.0605,0,1,1,1.62511,1
0.5945,5.7473,11.3125,0.4756,0.0080,0,0,0,0.00000,3
0.5422,5.2502,11.6833,0.9123,0.0278,0,0,0,0.00000,3
0.4911,4.5443,11.4003,-0.4992,0.0133,0,0,0,0.00000,3
0.4887,5.2477,11.4267,2.3314,0.0042,0,0,0,0.00000,3
0.4741,4.5150,11.6124,1.8502,0.0720,0,0,0,0.00000,1
0.4131,4.5578,13.0536,-2.6212,0.0166,1,1,0,1.46730,0
0.3902,4.0742,11.4571,-2.6426,0.0395,0,0,0,0.00000,3
0.5404,5.6551,12.0642,1.4585,0.0205,0,1,0,0.84711,3
0.5737,5.7828,11.4259,0.1034,0.0117,0,0,0,0.00000,3
0.5670,5.2425,11.5341,-0.6697,0.0517,0,0,0,0.00000,3
0.4154,4.2859,11.3500,-1.8550,0.0312,0,0,0,0.00000,3
0.4686,4.6011,11.4200,1.9431,0.0183,0,0,0,0.00000,3
0.4680,4.8777,12.8314,-2.3716,0.0076,0,1,1,1.37232,1
0.3851,4.1558,12.3057,-2.9718,0.0096,0,1,2,0.85481,1
0.3439,3.7006,11.3455,2.6792,0.1392,0,0,0,0.00000,3
0.4722,4.9094,11.5030,-2.3087,0.0575,0,0,0,0.00000,3
0.3982,4.2960,11.5642,-3.0036,0.1189,0,0,0,0.00000,1
0.4593,4.2725,11.2805,2.6984,0.0115,0,0,0,0.00000,1
0.6127,5.7795,11.3367,1.2056,0.0543,0,0,0,0.00000,1
0.4960,5.0632,11.8894,-0.0933,0.0066,0,0,1,0.37526,1
0.3991,4.2308,12.1895,1.6991,0.0152,0,0,1,0.88177,1
0.4092,4.1203,12.9064,1.2585,0.0055,0,1,0,0.98323,1
0.3686,3.8634,12.5824,2.1558,0.0334,0,1,1,1.29077,1
0.4840,5.0606,11.3628,0.2753,0.0070,0,0,0,0.00000,1
0.6090,5.6573,11.4366,0.3195,0.0690,0,0,0,0.00000,3
0.3946,4.0359,12.4938,2.6004,0.0432,0,1,0,0.20599,1
0.4891,4.8967,11.5112,2.0800,0.0208,0,0,0,0.00000,3
0.4432,4.3904,12.2402,2.6038,0.0438,0,0,1,0.69881,1
0.4815,5.1473,11.4594,2.0078,0.0547,0,0,0,0.00000,3
0.3822,3.9649,11.3427,-2.1495,0.0382,0,0,0,0.00000,3
0.3583,3.8177,11.6935,3.0062,0.0135,0,1,0,0.43955,1
0.3968,4.1037,11.3717,2.9375,0.0271,0,0,0,0.00000,3
0.3947,4.3578,11.9078,-2.9361,0.1135,0,1,0,0.63068,2
0.4362,4.4420,12.8984,-2.4318,0.0064,0,0,3,1.54790,1
0.4266,4.4878,11.8434,-1.6765,0.0167,0,0,1,0.17401,1
0.4895,5.1044,11.3260,3.1162,0.0623,0,0,0,0.00000,1
0.5000,5.2442,11.5402,-2.3225,0.0347,0,0,0,0.00000,3
0.3493,3.7721,11.4067,2.5963,0.0872,0,0,0,0.00000,3
0.3923,4.0509,12.8382,-2.1598,0.0292,0,0,1,1.62078,1
0.5141,4.9693,11.3386,-0.5182,0.0448,0,0,0,0.00000,1
0.4317,4.4415,11.4115,-2.8708,0.0425,0,0,0,0.00000,3
0.3961,4.1825,12.6929,2.8051,0.0278,0,0,1,0.44883,1
0.3573,3.7733,13.0448,-2.5779,0.0939,0,1,1,1.82573,1
0.4924,5.1067,12.5183,1.8455,0.0454,0,0,2,0.92693,1
0.3898,4.0971,12.4736,-3.0782,0.0775,0,1,1,0.86276,1
0.3620,3.7991,12.9236,2.6073,0.0616,2,1,0,1.46042,1
0.4247,4.2878,12.0258,1.2788,0.0164,0,0,1,0.50054,1
0.5694,5.3740,11.2705,-1.3350,0.0126,0,0,0,0.00000,1
0.4427,4.3286,11.4976,1.7034,0.0206,0,0,0,0.00000,3
0.4326,4.2682,11.3849,-1.2136,0.0105,0,0,0,0.00000,1
0.3532,3.8841,13.0233,-2.7835,0.0775,0,1,0,1.81951,1
0.4029,4.3147,13.2470,2.7756,0.0265,0,1,0,0.93951,1
0.4106,4.0495,11.9656,2.5110,0.0377,0,1,0,0.74267,3
0.3921,3.9687,11.8086,-2.8222,0.0908,0,0,1,0.43871,1
0.3834,4.1652,12.0830,2.5213,0.0767,0,1,0,0.66757,3
0.4728,4.9294,12.0473,-2.9707,0.0156,0,1,0,0.72219,3
0.4607,4.4058,12.4454,-3.0285,0.0006,1,1,0,1.18433,1
0.4085,4.2449,12.0048,-2.8807,0.0012,0,0,1,0.52266,1
0.4260,4.6704,11.4787,2.9811,0.0930,0,0,0,0.00000,3
0.4566,4.5191,12.6729,1.1115,0.0164,0,1,1,1.16697,1
0.3537,3.8882,11.7998,-2.5952,0.0983,0,1,0,0.22925,3
0.5335,4.9583,11.5279,0.2752,0.0820,0,0,0,0.00000,1
0.6044,5.6446,12.1282,0.2672,0.0996,0,0,1,0.57572,1
0.5585,5.2341,12.2578,-0.4596,0.0106,0,1,0,0.77166,1
0.4765,4.9585,11.2727,-1.3225,0.0013,0,0,0,0.00000,3
0.4325,4.3128,11.8399,-2.7706,0.0226,0,0,1,0.55418,3
0.4992,5.1042,11.3681,-0.8097,0.0418,0,0,0,0.00000,1
0.4609,4.7414,11.4354,-0.8821,0.0049,0,0,0,0.00000,1
0.5317,5.5552,12.6532,-0.5758,0.0041,0,0,1,1.15552,1
0.3757,4.1070,11.6604,-2.2321,0.0961,0,1,0,0.18241,3
0.4423,4.6505,11.5459,2.9763,0.0671,0,0,0,0.00000,1
0.4532,4.3509,11.3556,2.4075,0.0296,0,0,0,0.00000,1
0.4478,4.5198,12.0561,-1.1017,0.0046,0,0,1,0.61966,1
0.4915,4.9298,12.9629,-2.9655,0.0006,0,1,0,0.95746,1
0.3754,4.0842,12.3983,-2.2737,0.0619,0,1,0,1.10292,3
0.4276,4.3215,11.8267,2.8091,0.0749,0,1,0,0.53347,1
0.4462,4.8553,11.9110,2.5696,0.0328,0,1,0,0.31946,3
0.5253,4.8689,11.8090,1.7682,0.0036,0,1,0,0.23556,1
0.4156,4.5679,11.4859,-2.0370,0.0735,0,0,0,0.00000,1
0.4066,4.4170,13.2656,-2.3186,0.0015,0,1,0,2.00234,1
0.3942,4.3261,11.3983,2.5319,0.0531,0,0,0,0.00000,3
0.4884,4.6107,11.4172,-0.4003,0.0144,0,0,0,0.00000,3
0.4678,4.7310,11.3605,2.2313,0.0358,0,0,0,0.00000,3
0.4299,4.3739,11.4913,-2.7213,0.0621,0,0,0,0.00000,1
0.3630,3.8327,11.4537,-2.5129,0.2077,0,0,0,0.00000,1
0.4508,4.5124,11.9103,0.9334,0.0179,0,0,1,0.37107,1
0.4172,4.1770,11.4376,2.6724,0.0177,0,0,0,0.00000,3
0.4856,4.4667,11.4291,0.7990,0.0231,0,0,0,0.00000,3
0.4539,4.8610,11.3646,-1.7682,0.0227,0,0,0,0.00000,1
0.4091,4.0608,11.3309,2.4824,0.1133,0,0,0,0.00000,1
0.3709,3.8883,12.4682,2.5268,0.0896,0,1,0,0.65682,1
0.4421,4.4485,11.4530,-1.1704,0.0496,0,0,0,0.00000,1
0.4814,5.0535,12.8434,-1.1251,0.0043,0,0,2,1.44677,1
0.4719,4.8545,11.2928,-2.3294,0.0036,0,0,0,0.00000,3
0.4126,4.3541,11.3777,-2.9189,0.0080,0,0,0,0.00000,1
0.5519,5.4601,11.5442,-0.3478,0.0285,0,0,0,0.00000,3
0.4261,4.3161,11.5959,1.2533,0.0184,0,1,0,0.30181,1
0.4087,4.4670,11.4362,-2.2236,0.0833,0,0,0,0.00000,3
0.3541,3.8392,11.6458,2.7135,0.1927,0,0,0,0.00000,1
0.4109,4.2188,11.3349,-1.7089,0.0523,0,0,0,0.00000,1
0.4230,4.5369,12.9415,-2.6252,0.0245,1,2,0,1.49615,1
0.4246,4.1524,12.3556,0.4586,0.0011,0,0,1,1.04662,1
0.5322,5.0774,12.0238,-0.8300,0.0696,0,0,1,0.44741,1
0.3843,4.2223,11.8101,1.9208,0.0496,0,1,0,0.55331,1
0.4641,4.6114,11.3803,-1.4481,0.0107,0,0,0,0.00000,3
0.3556,3.7931,11.4384,-2.1919,0.1081,0,0,0,0.00000,3
0.5111,4.7156,11.4556,-1.6485,0.0045,0,0,0,0.00000,1
0.3867,4.1548,12.3723,-2.6135,0.0160,0,1,0,0.90487,1
0.3753,4.0260,12.0859,2.6462,0.1355,0,0,1,0.65174,1
0.5823,5.8272,11.5540,0.6798,0.0633,0,0,0,0.00000,1
0.4563,4.4644,11.3485,2.7368,0.0119,0,0,0,0.00000,3
0.4537,4.5809,11.3759,-1.3821,0.0176,0,0,0,0.00000,3
0.3925,4.2446,12.8509,2.4092,0.0480,0,1,1,1.51370,1
0.5115,4.9699,11.3953,-0.1577,0.0093,0,0,0,0.00000,3
0.4407,4.5249,11.8466,0.9537,0.0017,0,0,1,0.42015,1
0.4382,4.7494,11.5614,-2.2326,0.0003,0,0,1,0.24775,1
0.4561,4.2526,12.5672,-1.3920,0.0032,0,1,0,0.71975,1
0.4156,4.4466,11.2956,2.6916,0.0089,0,0,0,0.00000,1
0.3587,3.9475,12.4371,-2.1195,0.0399,0,1,0,1.00522,1
0.5622,5.8341,11.5328,2.7711,0.0022,0,0,0,0.00000,3
0.6182,5.8107,11.5614,0.5839,0.0497,0,0,0,0.00000,3
0.5137,5.0733,11.5473,-1.3834,0.0109,0,0,0,0.00000,3
0.3462,3.7755,11.5843,2.6655,0.0407,0,0,1,0.30481,1
0.3525,3.8689,12.3194,3.0419,0.0165,0,0,2,0.99378,1
0.4078,4.1925,11.9814,-1.5500,0.0243,0,0,3,0.63584,1
0.6637,6.2425,11.4879,0.4924,0.0188,0,0,0,0.00000,1
0.3824,4.1184,12.0185,-2.9040,0.1076,0,1,0,0.68639,1
0.4609,4.4435,11.7526,-2.3600,0.0254,0,1,0,0.29223,1
0.3898,4.2870,13.2423,-3.0538,0.0681,1,1,2,1.89829,1
0.4230,4.2225,11.4140,2.8522,0.0242,0,0,0,0.00000,3
0.4412,4.3099,11.3709,-2.0650,0.0193,0,0,0,0.00000,3
0.3504,3.8280,13.1043,-2.4859,0.0290,1,1,1,1.80322,1
0.4147,4.2490,12.5061,-1.9918,0.0172,0,1,0,0.74965,1
0.4057,4.3736,11.4169,2.6978,0.1576,0,0,0,0.00000,1
0.3984,4.1653,12.7788,1.6285,0.0110,0,0,1,1.39523,1
0.5163,4.8726,11.9647,0.0147,0.0384,0,0,1,0.18138,1
0.3995,4.0688,11.7872,1.3106,0.0006,0,1,0,0.39995,1
0.4318,4.1741,12.1663,3.0659,0.0150,0,1,0,0.56365,1
0.4656,4.5374,11.4825,-1.9177,0.0011,0,0,0,0.00000,3
0.5043,4.7819,11.8221,-0.5098,0.0444,0,0,2,0.68961,1
0.4177,4.2745,11.3925,-1.6784,0.0028,0,0,0,0.00000,1
0.4824,4.4297,11.7374,-0.5217,0.0047,0,1,0,0.47837,1
0.3620,3.9174,11.7746,-2.7320,0.1539,1,1,1,0.91519,3
0.4035,4.0697,11.5429,1.4314,0.0655,0,0,0,0.00000,1
0.4331,4.4995,12.5149,0.7016,0.0027,0,1,0,1.16337,1
0.5026,4.6274,11.3967,-0.5703,0.0057,0,0,0,0.00000,3
0.3742,3.8837,12.3833,-2.0216,0.0064,0,1,0,1.07013,1
0.4187,4.1650,12.1589,-2.9151,0.0543,0,1,0,0.63520,1
0.4812,4.7183,11.5077,1.0165,0.0409,0,0,0,0.00000,1
0.3741,3.9381,12.5381,-2.1713,0.0068,1,1,0,1.09678,1
0.3996,4.0261,11.7171,-2.4920,0.0404,0,1,0,0.35407,3
0.4273,4.4926,11.3971,2.4776,0.0765,0,0,0,0.00000,3
0.4894,5.2388,11.4227,-2.5002,0.0883,0,0,0,0.00000,1
0.4165,4.4359,11.5122,-3.0936,0.1048,0,0,0,0.00000,1
0.4004,4.2402,11.2543,-2.6675,0.0180,0,0,0,0.00000,3
0.4593,4.8288,12.3249,3.0453,0.0264,0,1,0,1.07426,1
0.5487,5.5391,11.4626,0.6264,0.0199,0,0,0,0.00000,3
0.4444,4.3359,11.3368,-2.6761,0.0179,0,0,0,0.00000,3
0.5433,5.7244,11.3651,-2.0582,0.0653,0,0,0,0.00000,1
0.4285,4.7080,11.8808,1.8257,0.0548,0,0,1,0.50887,1
0.4913,4.7703,12.2465,-0.2383,0.0250,0,1,0,0.51416,1
0.3570,3.8024,12.4902,-2.8038,0.0960,0,1,1,0.77267,1
0.4120,4.1136,12.0567,-2.9761,0.0342,0,1,0,0.62023,1
0.5673,5.5846,11.4649,-0.6819,0.0523,0,0,0,0.00000,3
0.4560,4.5499,11.3313,-2.5384,0.0231,0,0,0,0.00000,3
0.3902,3.9837,11.5816,-2.7325,0.0149,0,1,0,0.29398,3
0.5657,5.8791,11.6011,-0.7680,0.0323,0,0,0,0.00000,1
0.4107,4.0552,11.2207,-2.4429,0.0647,0,0,0,0.00000,1
0.4328,4.3679,11.4276,-2.5122,0.0605,0,0,0,0.00000,1
0.5468,5.5417,11.5178,-0.3358,0.0051,0,0,0,0.00000,3
0.4462,4.2436,11.3528,2.6094,0.0322,0,0,0,0.00000,1
0.4072,4.0881,11.3699,2.3849,0.0873,0,0,0,0.00000,1
0.4227,4.4456,12.0482,-1.9761,0.0374,0,0,1,0.64708,3
0.4612,4.2808,12.0386,-0.4852,0.0367,0,0,1,0.70232,1
0.5176,5.3738,11.3177,-2.8269,0.0300,0,0,0,0.00000,1
0.4319,4.4889,11.8877,2.5247,0.0078,0,1,0,0.18556,3
0.5078,5.2744,11.5790,1.8420,0.0140,0,0,0,0.00000,3
0.5871,5.9040,11.4705,-1.2849,0.0560,0,0,0,0.00000,3
0.4329,4.3086,11.3423,-2.9215,0.0511,0,0,0,0.00000,1
0.3684,3.9726,12.7924,-2.5712,0.0291,1,1,1,1.50012,1
0.4098,4.3694,11.8537,2.0863,0.0244,0,1,0,0.21292,1
0.4005,4.3558,12.9686,-2.6223,0.1000,0,1,1,1.49197,1
0.4114,4.0759,12.8070,-2.5981,0.0064,0,1,1,1.11762,1
0.4240,4.5142,12.3822,-1.5419,0.0241,0,0,1,0.69627,1
0.4981,5.3874,11.4895,1.8655,0.0102,0,0,0,0.00000,3
0.5004,4.7956,11.8905,-0.0957,0.0357,0,0,1,0.14263,1
0.6366,5.8645,11.4369,-0.9432,0.0576,0,0,0,0.00000,1
0.4029,4.1124,12.6000,-2.7212,0.0583,0,1,0,0.50931,1
0.3806,3.8982,11.6434,-1.8175,0.0454,0,0,1,0.43816,1
0.4188,4.1836,11.8334,-2.5932,0.0012,0,0,1,0.18601,3
0.3981,4.1104,12.3651,2.5179,0.0237,0,1,0,0.96289,1
0.4228,4.3539,11.8539,2.9577,0.0177,0,0,1,0.41643,3
0.4143,4.1589,11.4003,-2.8841,0.0283,0,0,0,0.00000,3
0.4068,4.2951,12.2689,2.7277,0.0210,0,1,0,1.00166,3
0.4434,4.7008,11.3143,2.0826,0.0304,0,0,0,0.00000,3
0.5477,5.6629,11.5030,1.7277,0.0663,0,0,0,0.00000,3
0.4778,5.0209,11.7506,2.0697,0.0551,0,0,1,0.24722,3
0.4833,5.1055,12.8416,-2.1862,0.0332,0,0,3,1.42080,1
0.5529,5.6851,11.5695,-2.3118,0.0425,0,0,0,0.00000,1
0.6073,5.9658,12.0308,-1.1086,0.0298,0,1,0,0.62004,1
0.3930,4.0792,12.0266,3.0996,0.0196,0,0,1,0.50823,3
0.4684,4.5313,11.3844,-2.8786,0.0094,0,0,0,0.00000,1
0.4742,4.9712,12.5984,-1.9004,0.0454,0,1,0,1.09763,1
0.4139,4.5178,11.9455,2.7811,0.1543,0,0,1,0.58203,1
0.3906,4.0912,11.9716,-3.0845,0.0708,0,1,0,0.70259,3
0.4952,4.6364,11.6370,1.0821,0.0102,0,0,1,0.20396,3
0.4408,4.2093,11.3713,-2.2226,0.0102,0,0,0,0.00000,3
0.3983,4.2710,11.3415,-2.9285,0.0286,0,0,0,0.00000,3
0.4712,4.9393,11.5267,-2.8577,0.0215,0,0,0,0.00000,3
0.5222,4.9861,11.3744,-1.1593,0.0045,0,0,0,0.00000,3
0.4077,4.4729,12.6705,-2.8192,0.0074,0,1,1,1.42294,1
0.4409,4.3871,12.5643,0.9310,0.0042,1,2,1,1.16896,1
0.4195,4.2788,11.9225,1.3291,0.0105,0,1,0,0.55421,1
0.4387,4.2401,11.4379,-2.5851,0.0341,0,0,0,0.00000,1
0.4651,4.6918,11.3876,-2.6883,0.0169,0,0,0,0.00000,3
0.3761,4.0545,11.5235,-2.4796,0.1015,0,0,0,0.00000,3
0.4859,5.1466,11.9879,2.7650,0.0225,0,0,1,0.66931,3
0.5994,5.9149,11.3583,1.3856,0.0089,0,0,0,0.00000,1
0.5290,5.3855,11.6455,0.8904,0.0340,0,0,0,0.00000,1
0.4918,5.4270,12.7382,-2.1339,0.0247,0,1,0,1.29858,0
0.5519,5.3226,11.4447,1.7958,0.0364,0,0,0,0.00000,1
0.3529,3.8023,11.4614,2.5071,0.0418,0,0,0,0.00000,1
0.4857,5.3325,12.7804,-2.6344,0.0469,0,1,0,0.97079,1
0.4362,4.5250,12.1604,1.5886,0.0144,0,1,0,0.87752,1
0.3788,4.0698,11.5721,2.8541,0.1336,0,0,0,0.00000,1
0.3745,3.9280,12.5700,2.3980,0.0297,0,1,1,1.16731,1
0.3718,4.0110,12.3129,2.5606,0.0583,0,1,0,0.93627,3
0.4554,4.2962,11.7779,1.5799,0.0262,0,0,1,0.54005,3
0.6215,6.0122,11.5321,0.6927,0.0054,0,0,0,0.00000,1
0.5036,4.7321,11.9214,2.0435,0.0099,0,0,1,0.67625,1
0.6032,5.6356,11.6313,-0.7690,0.0331,0,0,0,0.00000,3
0.4555,4.8139,12.0466,2.3591,0.0674,0,1,0,0.55352,3
0.4762,4.6975,11.3867,-2.4930,0.0096,0,0,0,0.00000,3
0.3745,3.9667,11.2835,2.9666,0.0105,0,0,0,0.00000,1
0.4080,4.4302,11.8622,2.6877,0.0847,0,1,0,0.45150,3
0.4462,4.5214,11.7413,-1.0328,0.0376,0,1,0,0.26661,1
0.5011,5.0549,11.4139,0.2315,0.0117,0,0,0,0.00000,1
0.4752,4.7415,11.3631,1.6794,0.0102,0,0,0,0.00000,3
0.3682,3.9973,11.3727,-2.6769,0.0451,0,0,0,0.00000,1
0.3424,3.7730,13.2968,-2.8297,0.0532,1,1,0,1.86235,0
0.4967,5.2643,11.4827,-1.9273,0.0440,0,0,0,0.00000,3
0.3568,3.8813,11.4181,-2.9118,0.0889,0,0,0,0.00000,3
0.4126,4.0586,12.1080,-1.3494,0.0007,0,1,1,0.68463,1
0.3709,3.9094,12.0626,2.6255,0.0488,0,1,1,0.56187,3
0.3904,4.0283,12.6819,-2.6218,0.0193,1,1,1,1.03979,1
0.4777,4.5897,11.3421,2.0181,0.0613,0,0,0,0.00000,1
0.4754,4.3742,11.3197,1.1212,0.0674,0,0,0,0.00000,3
0.3988,4.2498,11.9342,2.1898,0.0330,0,1,0,0.19927,3
0.4634,4.7335,11.4665,-1.1613,0.0314,0,0,0,0.00000,1
0.4603,4.3055,11.2413,0.7928,0.0905,0,0,0,0.00000,1
0.4341,4.3546,12.1049,2.5092,0.0035,0,1,0,0.69413,1
0.4387,4.7879,11.2866,2.4959,0.1560,0,0,0,0.00000,1
0.5641,5.8521,12.6390,-1.0839,0.0017,0,0,1,1.17321,1
0.4443,4.7016,11.3474,-2.1669,0.0583,0,0,0,0.00000,3
0.4400,4.7557,11.2927,-2.2148,0.0271,0,0,0,0.00000,3
0.3905,4.0412,11.2581,-1.6133,0.0361,0,0,0,0.00000,1
0.4377,4.3723,12.1453,2.7136,0.0104,0,0,2,0.60060,1
0.5259,5.0013,11.5433,-0.3528,0.0272,0,0,0,0.00000,3
0.3432,3.7682,11.3334,3.0483,0.0291,0,0,0,0.00000,1
0.4653,4.6242,11.4324,0.8584,0.0390,0,0,0,0.00000,1
0.5532,5.6070,11.9969,0.9179,0.0841,0,0,1,0.47153,1
0.5037,5.1975,11.5827,-1.1132,0.0684,0,0,0,0.00000,1
0.4778,4.6241,11.3913,1.5129,0.0697,0,0,0,0.00000,3
0.3977,4.3470,11.3039,2.0819,0.0242,0,0,0,0.00000,1
0.3528,3.8644,12.0372,-2.9210,0.0599,0,0,0,0.00000,3
0.4731,5.1744,11.3896,-2.2746,0.0111,0,0,0,0.00000,3
0.4286,4.5783,11.4121,2.1310,0.0289,0,0,0,0.00000,3
0.3335,3.6669,11.9460,2.7085,0.0859,0,1,0,0.62773,3
0.4748,4.6425,11.3451,-1.6798,0.0350,0,0,0,0.00000,3
0.4319,4.2796,12.5347,-2.9737,0.0017,0,1,0,1.20864,1
0.4804,5.1847,11.3677,2.7419,0.1055,0,0,0,0.00000,1
0.5147,4.9157,11.3914,-0.9264,0.0174,0,0,0,0.00000,3
0.3436,3.7671,12.2962,2.7632,0.0370,1,1,0,0.87091,1
0.4322,4.2188,12.1028,-2.5946,0.0425,0,1,0,0.52020,1
0.4517,4.7219,12.3102,-1.8398,0.0511,0,1,0,0.88845,1
0.4469,4.7809,11.3961,2.8398,0.0075,0,0,0,0.00000,3
0.3899,4.2033,12.6996,-2.8740,0.0971,0,1,1,1.39446,1
0.4271,4.2266,12.8199,-2.9394,0.0077,0,0,1,1.66066,1
0.4273,4.1222,12.0168,-3.0809,0.0036,0,1,0,0.52381,0
0.4451,4.3508,11.2563,-1.3947,0.0445,0,0,0,0.00000,3
0.5099,4.8653,11.4798,0.9186,0.0133,0,0,0,0.00000,3
0.3716,3.9390,13.2220,2.1780,0.0122,0,1,0,1.90900,1
0.4841,5.0403,11.9598,2.9640,0.0013,0,0,1,0.41473,3
0.4088,4.2864,12.9301,-2.7281,0.0723,0,1,0,1.80397,1
0.5025,4.6815,11.5620,2.2342,0.0023,0,0,0,0.00000,1
0.5004,4.9946,11.4924,-1.1661,0.0403,0,0,0,0.00000,3
0.4157,4.4067,12.7336,-2.4425,0.0659,0,1,1,0.97627,1
0.4923,4.8900,12.6432,-2.4223,0.0033,0,1,1,1.25692,1
0.5321,5.5803,11.2598,2.0703,0.0080,0,0,0,0.00000,3
0.4934,5.0453,11.3684,-1.2264,0.0606,0,0,0,0.00000,1
0.6400,6.1458,11.6266,0.3904,0.0336,0,0,0,0.00000,3
0.4018,4.1137,12.6134,1.7417,0.0193,0,1,1,0.97795,1
0.4118,4.5306,11.5805,-2.7886,0.1504,0,0,0,0.00000,1
0.5206,5.3120,12.1500,-0.5706,0.0207,0,1,0,0.52105,1
0.4024,4.3755,11.8975,2.6687,0.1306,0,0,1,0.52530,1
0.3950,3.9681,11.3326,-2.5929,0.0162,0,0,0,0.00000,3
0.4189,4.3959,11.4755,2.9703,0.0932,0,0,0,0.00000,1
0.4240,4.1886,11.6576,-1.3420,0.0043,0,0,1,0.21211,1
0.3988,4.2967,11.4335,2.3141,0.0151,0,0,0,0.00000,1
0.5871,5.7186,11.5436,1.4194,0.0375,0,0,0,0.00000,1
0.4196,4.5535,11.4573,-2.3437,0.0863,0,0,0,0.00000,3
0.4486,4.8039,11.4898,2.7863,0.0430,0,0,0,0.00000,3
0.4117,4.2137,12.1555,2.9354,0.0617,0,1,1,0.81016,1
0.3925,4.0177,11.4061,2.2132,0.0272,0,0,0,0.00000,3
0.3827,4.2000,13.2653,2.4727,0.0557,0,0,0,0.00000,1
0.4512,4.8288,12.2682,2.8002,0.0388,0,0,1,0.77581,3
0.5054,4.6369,11.5644,1.3723,0.0140,0,0,0,0.00000,1
0.3643,3.8799,11.6199,-2.9437,0.0493,0,0,1,0.23319,3
0.4985,5.2694,11.3769,-1.3378,0.0288,0,0,0,0.00000,1
0.4280,4.2003,11.2995,1.9152,0.0614,0,0,0,0.00000,3
0.3793,3.9001,11.6868,-2.0198,0.0120,0,1,0,0.41096,1
0.5021,5.1726,11.9090,0.7842,0.0288,0,1,0,0.38859,1
0.3623,3.8082,11.2999,2.6498,0.2194,0,0,0,0.00000,1
0.5355,5.4491,11.3930,-0.2170,0.0185,0,0,0,0.00000,1
0.3335,3.6533,11.2381,2.1558,0.0781,0,0,0,0.00000,1
0.4607,4.8354,11.6170,-1.8156,0.0439,0,1,0,0.26141,3
0.5200,5.0799,11.8824,1.2015,0.0074,0,1,0,0.27179,3
0.4650,5.0337,12.3096,-3.0542,0.0218,0,1,0,0.95758,3
0.3849,4.2433,11.9783,-2.0210,0.0431,0,1,0,0.69969,0
0.4044,4.3052,12.1893,-2.8576,0.0290,0,0,2,0.76738,3
0.3827,4.2001,13.0026,2.8901,0.0408,1,1,1,1.79668,1
0.4627,4.4363,11.4115,-0.5463,0.0061,0,0,0,0.00000,3
0.4529,4.6774,11.5233,-2.7131,0.0082,0,0,0,0.00000,3
0.4104,4.3253,11.6657,2.3538,0.0500,0,1,0,0.37068,3
0.5751,5.6724,12.0567,-1.9331,0.0089,0,1,0,0.47730,1
0.4115,4.2724,11.8660,-2.5980,0.0188,0,1,0,0.48328,3
0.4355,4.6238,11.3318,-2.8049,0.0938,0,0,0,0.00000,1
0.3887,4.1266,11.3558,3.0853,0.0827,0,0,0,0.00000,3
0.4061,4.4226,11.3366,2.4126,0.0587,0,0,0,0.00000,3
0.3914,4.2931,12.1404,-2.8327,0.0850,0,0,1,0.86436,3
0.4005,4.0914,11.9861,2.4162,0.0499,0,1,0,0.56421,3
0.4535,4.5742,11.4094,2.8212,0.0450,0,0,0,0.00000,1
0.4275,4.6916,13.1621,3.0644,0.0258,0,1,0,1.88533,1
0.4874,5.3336,11.4541,1.6412,0.0231,0,0,0,0.00000,1
0.4938,4.8627,11.2833,1.2562,0.0080,0,0,0,0.00000,3
0.4402,4.7991,12.3430,2.8786,0.0530,0,1,0,1.13830,3
0.4073,4.1482,12.0136,-2.2499,0.0562,0,1,0,0.51267,3
0.3725,4.0211,11.5469,-2.4638,0.0290,0,1,0,0.19368,1
0.4014,4.2373,11.4453,1.9967,0.0374,0,0,0,0.00000,1
0.3633,3.8249,11.7855,-2.5404,0.0095,0,1,0,0.46012,1
0.4275,4.1376,11.3494,-0.7110,0.0118,0,0,0,0.00000,1
0.3797,3.9089,11.5916,-2.6065,0.0471,0,1,0,0.27047,3
0.3436,3.6984,12.7437,-2.7036,0.1313,0,1,1,1.48410,1
0.4681,4.9504,11.6116,2.7199,0.0375,0,0,0,0.00000,3
0.3454,3.7161,11.4127,2.9038,0.0552,0,0,0,0.00000,3
0.4314,4.5785,11.8699,2.1929,0.0006,0,1,0,0.40968,1
0.3829,4.1919,11.8597,-2.6992,0.0975,0,1,0,0.61248,3
0.4690,5.1788,11.8148,3.0175,0.0038,0,1,0,0.32341,0
0.4393,4.5482,12.4304,-1.2140,0.0096,0,1,0,1.06336,1
0.4495,4.4760,11.4044,2.6083,0.0358,0,0,0,0.00000,1
0.4247,4.4740,11.4026,2.3436,0.0595,0,0,0,0.00000,3
0.3411,3.7575,12.1388,-3.0479,0.2329,0,0,2,0.79938,0
0.4044,4.1088,11.4352,1.8389,0.0384,0,0,0,0.00000,3
0.5919,5.7768,12.1616,-0.1212,0.0668,0,0,2,1.40268,1
0.4375,4.4876,12.9825,-2.9787,0.0082,0,0,1,1.35431,1
0.4861,5.1281,12.0459,-2.8571,0.0151,0,0,1,0.54419,3
0.4102,4.1053,12.1349,1.9303,0.0103,0,1,0,0.89344,1
0.4061,4.3042,11.3372,-2.3304,0.0389,0,0,0,0.00000,3
0.4349,4.5911,11.2946,2.5928,0.0516,0,0,0,0.00000,3
0.4250,4.5345,11.8079,2.3374,0.0054,0,1,0,0.59816,1
0.4431,4.6469,11.8159,-1.4319,0.0240,0,0,1,0.18597,1
0.4029,4.2855,11.5086,-2.5085,0.1970,0,0,0,0.00000,1
0.5302,5.5739,11.4256,-1.8619,0.0043,0,0,0,0.00000,3
0.4739,4.5927,11.3983,-1.2117,0.0042,0,0,0,0.00000,3
0.4474,4.5156,11.3052,-2.7308,0.0204,0,0,0,0.00000,3
0.3666,4.0112,12.6523,2.5749,0.0503,0,0,1,0.73235,1
0.4216,4.5340,12.9608,2.5598,0.0611,0,1,0,1.70404,1
0.3920,4.1138,12.0350,-1.7523,0.0101,0,1,0,0.34086,1
0.4787,4.5550,11.3627,2.1198,0.0184,0,0,0,0.00000,1
0.4793,4.4832,12.0865,1.7762,0.0160,0,0,1,0.69973,1
0.5916,5.7488,11.6375,1.3205,0.0282,0,0,0,0.00000,1
0.4164,4.3003,12.0260,-3.0339,0.0863,0,1,0,0.57136,1
0.4849,5.0672,11.5050,2.8349,0.0299,0,0,0,0.00000,3
0.4110,4.1049,11.7855,2.7065,0.0675,0,1,2,0.70088,1
0.4607,4.4209,11.8291,-0.2507,0.0031,0,0,1,0.26364,3
0.3829,4.0871,11.9471,-2.7945,0.1470,0,0,2,0.70016,1
0.3926,4.0585,12.0531,-1.7465,0.0333,0,0,1,0.69254,1
0.6125,5.5879,11.7450,-0.2202,0.1254,0,0,0,0.00000,1
0.4052,4.2220,11.2689,2.9899,0.0755,0,0,0,0.00000,3
0.5601,5.1388,11.4463,-0.6811,0.0912,0,0,0,0.00000,3
0.4845,5.1709,11.5550,-1.4137,0.0009,0,0,1,0.20608,1
0.4504,4.6279,11.5565,2.8529,0.0507,0,0,0,0.00000,1
0.5132,4.8929,12.6228,-0.5078,0.0237,0,1,0,0.82771,1
0.4975,4.7786,12.0927,2.0251,0.0315,0,1,0,0.76929,1
0.5325,5.2219,11.6459,0.0749,0.0494,0,0,1,0.36737,1
0.6234,6.1459,11.4343,0.9008,0.0640,0,0,0,0.00000,3
0.4883,4.4371,11.5970,-0.3323,0.0515,0,0,0,0.00000,1
0.4053,4.2258,11.8857,-2.8624,0.0573,0,1,0,0.35985,3
0.4409,4.5839,12.2034,-3.1405,0.0616,0,0,1,0.52321,1
0.4774,5.1511,11.3921,-2.0810,0.0861,0,0,0,0.00000,3
0.4583,4.6703,11.8123,-2.5755,0.0501,0,1,0,0.22164,1
0.3866,4.0988,11.4106,1.9673,0.0148,0,0,0,0.00000,1
0.4420,4.1895,11.2695,-0.5357,0.0081,0,0,0,0.00000,2
0.4244,4.2500,11.3797,-2.3824,0.0953,0,0,0,0.00000,1
0.3431,3.7074,11.8368,3.0406,0.0368,0,1,0,0.51569,1
0.4596,5.0396,11.5262,-2.8635,0.0094,0,0,0,0.00000,3
0.3911,3.9697,11.9610,-2.8453,0.0341,0,0,1,0.40337,3
0.6071,5.9053,11.5410,-1.6175,0.0367,0,0,0,0.00000,1
0.5190,5.0843,11.2334,0.2025,0.0016,0,0,0,0.00000,3
0.4115,4.3903,12.3722,-2.9931,0.0031,0,1,3,1.70368,1
0.5096,5.1258,11.7990,1.0008,0.0113,0,0,1,0.24360,3
0.4708,4.8125,11.4411,2.4487,0.0198,0,0,0,0.00000,3
0.4454,4.2176,11.2753,0.8985,0.0493,0,0,0,0.00000,1
0.4463,4.4977,12.7254,1.1511,0.0054,0,1,0,1.29598,1
0.4120,4.5158,11.8724,2.1298,0.0102,0,1,0,0.33662,1
0.3537,3.8706,12.6177,-2.5702,0.0350,0,0,3,1.31416,1
0.5406,5.6849,11.4531,0.0326,0.0152,0,0,0,0.00000,1
0.4123,4.2274,12.1983,-1.6416,0.0053,0,1,0,0.88977,1
0.4224,4.2475,12.3358,2.5490,0.0076,0,1,0,0.86898,1
0.4511,4.7903,12.8834,-0.8249,0.0006,0,1,1,1.24097,1
0.4907,5.1099,11.6142,2.2889,0.0389,0,0,1,0.29914,3
0.3296,3.6112,12.5436,2.8163,0.0805,0,1,1,1.26472,1
0.4634,4.5788,12.7477,2.5791,0.0055,0,1,1,1.49318,1
0.3425,3.7539,12.5887,3.0749,0.0423,0,1,0,1.13460,1
0.4899,4.6076,11.3157,-0.0642,0.0109,0,0,0,0.00000,3
0.3709,3.9796,12.4662,-2.6145,0.0450,0,1,0,1.11116,1
0.3567,3.7932,11.2909,-2.6501,0.0742,0,0,0,0.00000,3
0.3449,3.7093,11.9203,-3.0301,0.1537,1,1,0,0.34903,1
0.4341,4.4053,11.6028,-2.1315,0.0130,0,0,1,0.16947,3
0.4338,4.4708,11.9251,2.3871,0.0619,0,1,0,0.48893,3
0.4846,4.8742,11.4212,-1.7362,0.0147,0,0,0,0.00000,3
0.4747,4.9066,12.0090,2.9436,0.0229,0,0,1,0.54044,3
0.4624,4.3989,11.3288,1.9373,0.0226,0,0,0,0.00000,3
0.4022,4.0890,11.3963,2.1293,0.0010,0,0,0,0.00000,1
0.5304,5.0504,11.3601,1.9082,0.0350,0,0,0,0.00000,1
0.4873,5.2341,12.2136,-1.2763,0.0162,0,1,0,0.84079,1
0.4631,4.5769,12.4542,0.2401,0.0027,0,0,2,0.69781,1
0.5128,4.7781,11.4349,-1.9609,0.0199,0,0,0,0.00000,1
0.4298,4.4050,11.4002,1.1856,0.0333,0,0,0,0.00000,1
0.5402,5.6460,11.3199,2.6194,0.0511,0,0,0,0.00000,1
0.4007,4.0985,12.0859,-2.0980,0.0266,0,0,1,0.60160,3
0.4208,4.3902,11.3888,2.0458,0.0430,0,0,0,0.00000,3
0.3624,3.8909,11.9940,-2.6401,0.0475,0,1,0,0.45368,3
0.3972,4.0915,11.5920,2.9282,0.1045,0,0,0,0.00000,1
0.4263,4.1209,11.3327,-1.5459,0.0014,0,0,0,0.00000,3
0.4090,4.5156,13.3598,-2.9942,0.0247,0,1,0,2.11447,0
0.3885,3.9926,12.0716,2.9395,0.0059,0,0,1,0.76587,1
0.5290,5.1148,11.4807,1.1561,0.0548,0,0,0,0.00000,3
0.4297,4.2717,11.4206,-1.6044,0.0169,0,0,0,0.00000,3
0.5434,5.4678,11.2991,1.9410,0.0157,0,0,0,0.00000,3
0.5627,5.2721,12.2135,0.4302,0.0009,0,0,1,0.81763,1
0.5036,4.5572,11.6099,1.1336,0.0016,0,0,1,0.19317,1
0.4538,4.6558,11.9630,2.9389,0.0076,0,1,0,0.29043,3
0.5050,5.1518,11.5792,-1.7378,0.0667,0,0,0,0.00000,3
0.5601,5.5857,11.5350,-0.6087,0.0793,0,1,0,0.20493,1
0.4797,5.0883,11.9163,-2.3837,0.0214,0,0,1,0.28695,3
0.5055,5.2096,11.3736,2.8886,0.0378,0,0,0,0.00000,1
0.3683,3.9384,12.0081,1.9510,0.0263,0,0,2,0.75743,1
0.3900,3.9490,11.3596,2.4690,0.0340,0,0,0,0.00000,3
0.3711,4.0704,11.5771,2.9619,0.0314,0,1,0,0.29289,1
0.6186,5.9670,11.5683,-1.4790,0.0358,0,0,0,0.00000,1
0.4254,4.2194,12.1233,-2.3836,0.0628,0,1,0,0.88879,1
0.3489,3.8439,11.6785,-2.8713,0.1850,0,1,0,0.27359,2
0.4245,4.5650,13.0694,2.6977,0.0636,1,2,1,1.88152,1
0.3754,4.0255,12.0656,-2.6769,0.0121,0,1,0,0.49036,1
0.4457,4.5231,12.9652,2.0915,0.0293,0,1,2,1.33736,1
0.5400,5.1793,12.6251,-1.2460,0.0209,0,1,1,0.72773,1
0.3681,3.9458,11.8702,3.1328,0.1267,0,0,1,0.39150,1
0.4620,4.3311,11.2867,2.7544,0.0106,0,0,0,0.00000,1
0.5001,4.9172,12.0446,1.5179,0.0229,0,0,1,0.75676,1
0.4773,4.4764,11.6197,-1.7387,0.0268,0,0,1,0.18133,1
0.5654,5.2833,11.7376,0.9894,0.0291,0,1,0,0.26337,3
0.4693,4.9658,11.3360,-2.4672,0.0097,0,0,0,0.00000,3
0.4969,4.8246,12.2930,-1.9289,0.0113,0,0,1,0.81547,1
0.4406,4.6069,11.7236,-2.9079,0.0117,0,1,0,0.38502,3
0.4918,4.4480,11.2959,1.5734,0.0206,0,0,0,0.00000,1
0.4918,5.4130,11.4297,2.4833,0.1118,0,0,0,0.00000,1
0.4867,5.1888,13.0206,2.4313,0.0101,0,1,2,2.03456,1
0.4683,4.6240,11.5826,2.4776,0.0256,0,0,0,0.00000,1
0.3910,4.1887,11.5378,-2.4753,0.1284,0,0,0,0.00000,3
0.3475,3.7440,13.0252,2.4246,0.0571,0,1,1,1.36909,1
0.4616,5.0180,11.8927,3.0740,0.0092,0,0,1,0.32722,3
0.4507,4.3532,12.3987,-1.6582,0.0400,0,0,1,0.92703,1
0.5455,4.9581,11.3283,0.6752,0.0062,0,0,0,0.00000,1
0.4097,4.1137,11.6433,1.8941,0.0280,0,1,0,0.19774,3
0.4461,4.2745,11.3366,2.5896,0.0064,0,0,0,0.00000,3
0.4168,4.2700,11.4091,2.9889,0.0943,0,0,0,0.00000,1
0.5511,5.1683,12.4663,0.8560,0.0409,0,1,0,0.78994,1
0.5097,4.8418,11.3088,-0.7036,0.0582,0,0,0,0.00000,1
0.4659,4.8954,11.4723,-2.8070,0.0491,0,0,0,0.00000,1
0.4836,4.6310,11.3873,-1.3624,0.0079,0,0,0,0.00000,3
0.4016,4.2784,13.1964,2.4746,0.0060,0,0,1,2.02230,1
0.4387,4.2754,11.3381,-3.0106,0.0038,0,0,0,0.00000,3
0.4144,4.4271,12.0459,2.7562,0.1196,0,0,1,0.55817,1
0.6234,5.9756,12.1950,1.0289,0.0139,0,1,0,0.52472,1
0.4258,4.4406,11.2933,-1.7488,0.0273,0,0,0,0.00000,1
0.5258,5.0348,11.3913,-0.2738,0.0071,0,0,0,0.00000,3
0.6177,5.6586,11.9656,0.4661,0.1203,0,0,1,0.32546,1
0.4634,4.6781,11.3071,1.0908,0.0431,0,0,0,0.00000,1
0.5083,5.1352,12.8201,-2.1045,0.0114,0,0,1,1.47510,1
0.4619,4.4488,11.2918,-0.3565,0.0255,0,0,0,0.00000,1
0.4362,4.3460,12.5375,3.0691,0.0053,1,1,0,1.04319,1
0.4483,4.3255,11.3546,1.5470,0.0448,0,0,0,0.00000,3
0.4693,4.4711,12.6536,0.7769,0.0398,0,1,3,1.01153,1
0.4095,4.0771,11.3101,1.0943,0.0026,0,0,0,0.00000,1
0.4656,4.7024,11.6993,-1.5044,0.0118,0,0,1,0.41375,3
0.3637,3.9344,12.9086,2.9157,0.0326,0,1,1,1.06788,1
0.6179,5.8438,11.6751,0.8623,0.0771,0,0,0,0.00000,3
0.4785,5.2159,11.3946,-2.9093,0.0632,0,0,0,0.00000,3
0.4842,5.2075,11.4532,2.2461,0.1114,0,0,0,0.00000,1
0.4336,4.2411,11.4138,2.9597,0.0264,0,0,0,0.00000,1
0.4664,4.3616,11.4614,1.6063,0.0009,0,0,0,0.00000,3
0.4831,4.7087,11.3246,-0.3723,0.0111,0,0,0,0.00000,3
0.4048,4.3936,13.1064,-3.0980,0.0726,0,1,2,1.69653,1
0.5829,5.3453,12.4636,-0.4582,0.0419,0,1,0,0.65069,1
0.4479,4.9230,11.4797,-3.0353,0.1082,0,0,0,0.00000,1
0.4869,5.0973,12.1149,2.7032,0.0394,0,0,1,0.55515,1
0.4655,4.8412,12.3801,-1.5701,0.0246,0,0,1,0.69153,1
0.4368,4.3597,11.2759,-0.9495,0.0086,0,0,0,0.00000,1
0.4222,4.3206,11.3619,2.8447,0.0159,0,0,0,0.00000,3
0.3980,4.0113,11.8976,2.8525,0.0315,0,0,1,0.60906,3
0.5111,5.3425,11.8304,2.5220,0.0139,0,0,1,0.55145,3
0.4250,4.2108,11.7462,-2.8713,0.0621,0,0,1,0.40311,1
0.3996,4.0917,12.9685,1.2061,0.0022,0,1,0,1.60941,1
0.4526,4.6620,12.0567,1.9440,0.0524,0,0,1,0.33553,3
0.4679,4.9948,11.4244,-1.6447,0.0677,0,0,0,0.00000,3
0.4101,4.2702,11.2768,-2.8569,0.0635,0,0,0,0.00000,3
0.4823,4.7006,11.2855,1.0653,0.0228,0,0,0,0.00000,3
0.4167,4.2615,11.4170,2.3305,0.0939,0,0,0,0.00000,3
0.4322,4.5448,11.3619,-2.5962,0.0211,0,0,0,0.00000,3
0.4390,4.3508,11.3571,-1.3914,0.0250,0,0,0,0.00000,3
0.3830,4.2019,12.9564,-2.8714,0.1046,0,1,4,3.03013,1
0.4624,4.8312,11.8647,0.8638,0.0034,0,0,0,0.00000,1
0.3949,4.2077,11.3807,-2.4992,0.0889,0,0,0,0.00000,3
0.4007,4.1936,11.6045,2.5104,0.1025,0,1,0,0.32759,3
0.5256,4.7664,12.3929,1.4331,0.0189,1,2,0,1.13173,1
0.4392,4.8086,11.3115,-2.8242,0.0142,0,0,0,0.00000,3
0.3954,4.1999,11.9852,2.4316,0.0172,0,0,1,0.60528,1
0.4878,4.4279,12.0080,0.3483,0.0456,0,0,1,0.53257,1
0.4343,4.2603,11.3077,-1.5956,0.0012,0,0,0,0.00000,3
0.4535,4.2685,11.4883,0.7768,0.0452,0,0,0,0.00000,1
0.3873,3.9425,11.6978,3.1078,0.0007,0,0,1,0.37842,1
0.5413,5.0707,11.5063,-0.4483,0.0402,0,0,0,0.00000,3
0.3725,3.9956,12.7183,-2.7749,0.0447,0,1,0,0.86041,1
0.4899,4.5170,11.4856,0.4017,0.0292,0,0,0,0.00000,3
0.4878,5.0046,11.6207,-2.1676,0.0349,0,0,0,0.00000,3
0.5789,5.9233,11.9684,2.1320,0.0215,0,0,1,0.39334,1
0.4917,4.5674,11.5018,0.9101,0.0361,0,0,0,0.00000,3
0.4356,4.6235,11.4580,-1.9751,0.0195,0,0,0,0.00000,1
0.3901,4.2532,11.4484,2.6920,0.1342,0,0,0,0.00000,3
0.3365,3.6997,12.8849,-2.8819,0.0532,0,1,1,1.75704,1
0.3342,3.6406,13.1839,2.9342,0.1200,0,1,0,0.39189,1
0.4838,5.2435,12.8329,-3.1172,0.0162,0,1,0,1.35151,1
0.4839,4.3796,11.3223,-0.0641,0.0530,0,0,0,0.00000,1
0.3837,3.9729,11.9356,2.6609,0.0371,0,0,1,0.34668,3
0.4683,4.4816,12.2574,-2.5664,0.0122,0,0,1,0.59743,1
0.5139,5.3626,12.1210,-2.2974,0.0725,0,0,1,0.47235,1
0.5098,5.2761,11.7669,2.0454,0.0074,0,1,0,0.24627,3
0.4227,4.1198,11.4016,1.1606,0.0575,0,0,0,0.00000,1
0.4035,4.2463,11.6203,2.7658,0.1363,0,0,0,0.00000,1
0.4690,4.7005,12.9262,0.8618,0.0137,0,1,0,1.57183,1
0.4041,4.3732,11.9148,2.8730,0.1215,0,1,0,0.50637,1
0.5411,5.6131,11.4286,2.2595,0.0217,0,0,0,0.00000,3
0.5344,5.5285,11.5090,-0.5838,0.0429,0,0,0,0.00000,1
0.3798,3.9467,12.5538,2.3892,0.0055,0,1,0,1.06878,1
0.5645,5.3109,11.2546,0.7023,0.0726,0,0,0,0.00000,3
0.5181,5.4253,12.9941,2.0957,0.0119,0,0,3,1.46573,1
0.4642,4.4022,12.2424,1.7309,0.0069,0,0,1,0.79543,1
0.3660,3.9422,12.0083,-2.1981,0.0483,0,1,0,0.67318,1
0.3722,3.9677,11.7448,-3.0955,0.1189,0,1,0,0.29059,1
0.3537,3.8467,12.5392,-3.0205,0.1201,0,1,1,1.13384,1
0.4104,4.1653,11.4744,1.8977,0.0207,0,0,0,0.00000,3
0.5224,4.7847,11.6310,-0.8198,0.0128,0,0,0,0.00000,3
0.6166,5.8055,11.7932,0.5387,0.0985,0,1,0,0.24149,1
0.3310,3.6523,12.4769,-3.0123,0.0468,0,1,1,1.19120,0
0.4687,4.4415,11.3777,-0.5115,0.0389,0,0,0,0.00000,1
0.4796,4.4454,11.3871,2.4317,0.0163,0,0,0,0.00000,1
0.4811,4.6954,11.4730,0.1546,0.0252,0,0,0,0.00000,1
0.4792,4.8736,11.4401,-1.1324,0.0009,0,0,0,0.00000,3
0.5368,4.9637,11.3265,-0.7274,0.0144,0,0,0,0.00000,3
0.4859,4.8459,11.3596,-0.1607,0.0285,0,0,0,0.00000,1
0.5035,4.7576,11.2918,-1.5769,0.0264,0,0,0,0.00000,3
0.4535,4.9473,11.4620,-2.2491,0.1017,0,0,0,0.00000,3
0.5705,5.6084,12.2819,-0.9419,0.0316,0,0,1,0.87553,1
0.3621,3.8452,12.9030,-2.5794,0.1258,0,1,0,1.81464,1
0.4152,4.2595,12.7366,-1.4981,0.0043,0,0,2,1.25277,1
0.4041,4.4159,13.3133,2.9851,0.0537,1,0,0,1.10897,1
0.3977,4.0065,12.9637,-3.0745,0.0114,1,2,1,1.17906,1
0.4445,4.2570,11.3867,2.2589,0.0496,0,0,0,0.00000,1
0.4308,4.6514,11.9486,-2.7805,0.0072,0,1,0,0.48113,1
0.3661,3.9751,12.7232,-3.0150,0.0966,1,1,1,1.37650,1
0.5164,5.0677,11.3551,0.2199,0.0342,0,0,0,0.00000,1
0.4301,4.6920,11.3021,-1.9557,0.0469,0,0,0,0.00000,1
0.3831,3.9244,11.3782,2.6911,0.0666,0,0,0,0.00000,3
0.5781,5.7301,11.7663,-1.0851,0.0544,0,0,0,0.00000,3
0.3835,3.9551,11.6238,-2.3228,0.0059,0,1,0,0.22631,1
0.4373,4.7217,11.7117,2.5121,0.0431,0,0,1,0.18693,3
0.3755,3.9539,11.2755,-2.8290,0.1510,0,0,0,0.00000,1
0.4360,4.3782,11.9254,2.0418,0.0049,0,1,0,0.47928,3
0.4462,4.7444,12.9877,2.4543,0.0548,0,0,1,1.54665,1
0.5222,5.0300,11.3739,-1.4208,0.0797,0,0,0,0.00000,3
0.5504,5.5389,11.9212,0.0279,0.0080,0,0,1,0.33259,3
0.4952,4.9825,12.0855,0.8465,0.0413,0,1,0,0.57385,1
0.5232,4.9564,11.4791,-0.0678,0.0008,0,0,0,0.00000,3
0.4897,5.0589,11.5164,1.4604,0.0482,0,0,0,0.00000,3
0.4161,4.2529,11.2620,-2.6678,0.0106,0,0,0,0.00000,3
0.5829,5.9620,12.4953,1.0460,0.0350,0,0,1,0.68959,1
0.5476,5.1701,11.7362,0.6188,0.0797,0,0,0,0.00000,1
0.3460,3.7535,11.9052,-2.4310,0.0802,0,1,0,0.47004,3
0.4778,5.0381,11.8133,2.5182,0.0643,0,0,1,0.38830,1
0.4367,4.2084,11.9197,2.6872,0.0074,0,1,0,0.67881,1
0.4382,4.2264,11.4947,-2.7920,0.0151,0,0,0,0.00000,1
0.3891,4.2851,12.9523,2.9736,0.0888,1,1,1,1.74346,0
0.4282,4.6511,11.9742,-2.7197,0.0388,0,1,0,0.67284,3
0.3514,3.7845,12.0395,-3.1148,0.0610,0,1,0,0.68761,3
0.3385,3.6949,12.5702,3.0327,0.1322,1,1,0,0.92382,1
0.4765,4.8470,12.7162,-1.0532,0.0231,0,1,0,0.97349,1
0.4255,4.2095,12.8092,2.1266,0.0366,0,0,1,1.47231,1
0.4484,4.6357,11.6251,1.1420,0.0359,0,0,1,0.31601,1
0.4219,4.2899,11.9984,1.6054,0.0183,0,0,1,0.52998,1
0.4120,4.2811,11.4626,3.0690,0.0062,0,0,0,0.00000,3
0.4648,4.3181,11.4854,2.1426,0.0191,0,0,0,0.00000,1
0.4276,4.6619,11.3218,-2.4986,0.1837,0,0,0,0.00000,1
0.4521,4.8627,11.4851,2.8764,0.1247,0,0,0,0.00000,1
0.3985,4.2507,11.8790,2.7971,0.0416,0,1,0,0.33230,3
0.4189,4.3260,12.3158,2.7674,0.0086,0,1,1,0.68498,1
0.4591,4.7779,12.6111,-2.4118,0.0539,0,1,0,1.18420,1
0.5334,5.2671,12.3965,0.3324,0.0281,0,0,1,0.64309,1
0.4645,4.8945,11.4232,1.0012,0.0056,0,0,0,0.00000,1
0.4277,4.2229,11.3252,2.3562,0.0230,0,0,0,0.00000,3
0.5338,5.4980,11.5374,2.1602,0.0796,0,0,0,0.00000,1
0.4359,4.2635,11.3161,2.8940,0.0320,0,0,0,0.00000,1
0.4732,5.0370,11.7601,2.6843,0.0233,0,0,1,0.23411,3
0.4542,4.7244,12.0752,-2.6332,0.0179,0,1,0,0.65248,3
0.5029,5.4778,13.3108,1.6183,0.0053,1,2,1,3.34551,1
0.4286,4.4062,12.0889,-3.1143,0.0020,0,1,0,0.79129,3
0.4133,4.5188,11.6903,-2.1565,0.0330,0,0,1,0.21879,1
0.5034,5.2685,11.9023,2.3410,0.0036,0,0,1,0.51529,3
0.4713,4.9381,12.1096,-2.8051,0.0491,0,1,0,0.78346,1
0.5868,5.5655,12.0016,1.4019,0.0101,0,0,1,0.25016,1
0.4033,4.1909,11.5190,1.7036,0.0486,0,0,0,0.00000,1
0.4222,4.4836,11.3862,-2.0314,0.0011,0,0,0,0.00000,1
0.5197,5.3893,11.7280,-2.3377,0.0647,0,0,0,0.00000,1
0.3999,4.2940,11.5085,2.4997,0.1167,0,0,0,0.00000,3
0.3484,3.7967,12.5548,-2.6357,0.0742,0,1,1,1.32193,1
0.5038,5.2795,11.3968,0.5452,0.0212,0,0,0,0.00000,1
0.3734,4.0903,11.9861,-2.7573,0.1950,0,1,0,0.67859,1
0.4417,4.4528,12.2940,2.8102,0.0106,1,1,1,0.81316,1
0.3512,3.7593,12.4569,-2.6051,0.0422,0,1,1,1.33759,1
0.3556,3.8397,12.0849,3.0784,0.0577,0,1,0,0.63705,3
0.4879,4.7221,11.6176,1.6359,0.0269,0,0,0,0.00000,3
0.4284,4.7027,11.2520,-2.5643,0.0459,0,0,0,0.00000,3
0.4616,4.4828,12.1977,0.7776,0.0045,0,1,0,0.38793,1
0.4854,4.5360,11.2419,-2.1162,0.0032,0,0,0,0.00000,1
0.4969,5.2706,11.3936,-2.5349,0.0058,0,0,0,0.00000,3
0.4633,4.3196,11.2746,-1.4917,0.0495,0,0,0,0.00000,3
0.4255,4.3285,12.5110,1.1770,0.0069,1,1,0,0.60359,1
0.4768,4.9121,11.3263,1.4504,0.0188,0,0,0,0.00000,3
0.3477,3.7460,11.7528,2.9651,0.0141,0,1,0,0.52171,1
0.4333,4.2587,11.7431,1.5111,0.0201,0,1,0,0.28477,3
0.3993,4.1724,11.9829,3.1056,0.0962,0,0,1,0.44923,1
0.4824,4.9168,11.4558,2.9698,0.0268,0,0,0,0.00000,1
0.4484,4.3067,11.8326,-1.5974,0.0198,0,1,0,0.45531,3
0.4532,4.2953,11.9872,1.3138,0.0495,0,0,1,0.56516,1
0.4145,4.4015,12.6281,2.5105,0.1067,0,1,0,1.37991,1
0.4089,4.4595,13.0863,-2.9565,0.0607,0,0,1,1.75455,1
0.4537,4.5403,11.3887,-2.7595,0.0474,0,0,0,0.00000,1
0.4580,4.6539,11.4906,-3.1044,0.0114,0,0,0,0.00000,3
0.4772,4.4722,11.2717,-2.7977,0.0155,0,0,0,0.00000,1
0.4330,4.4925,11.3978,-1.4529,0.0346,0,0,0,0.00000,1
0.5035,4.6749,11.3342,-0.7301,0.0387,0,0,0,0.00000,3
0.4404,4.6406,11.4210,-2.3434,0.0835,0,0,0,0.00000,3
0.3991,4.0027,12.1129,-2.4336,0.0190,0,0,3,1.15268,1
0.5024,5.2930,11.5105,-1.8293,0.0048,0,0,0,0.00000,3
0.5486,5.1957,11.3894,0.6876,0.0123,0,0,0,0.00000,3
0.4471,4.4122,11.5271,0.9935,0.0308,0,0,0,0.00000,1
0.3749,3.9025,11.3412,2.2993,0.0519,0,0,0,0.00000,3
0.4988,4.5082,11.6447,0.0202,0.0062,0,0,1,0.25907,1
0.4108,4.1698,11.2998,-1.4598,0.0021,0,0,0,0.00000,1
0.3678,3.8885,11.7649,-2.4271,0.0729,0,0,1,0.24849,3
0.3860,4.0461,11.6754,-2.2066,0.0365,0,1,0,0.20223,3
0.5192,5.3041,11.4089,0.9864,0.0170,0,0,0,0.00000,3
0.4608,4.4767,11.9753,-0.4735,0.0109,0,0,1,0.44772,1
0.3974,4.3206,13.2062,-2.7229,0.0607,0,1,0,2.14296,1
0.4621,5.0638,11.7147,1.9347,0.0263,0,0,1,0.14959,1
0.4327,4.4394,11.2270,-2.2587,0.0028,0,0,0,0.00000,3
0.3916,4.0658,11.4165,-2.0157,0.0108,0,0,0,0.00000,1
0.3860,4.1870,11.4109,2.7869,0.0899,0,0,0,0.00000,3
0.4933,4.8872,11.4286,0.9863,0.0081,0,0,0,0.00000,3
0.4290,4.1842,11.6979,-1.0009,0.0313,0,0,1,0.42470,1
0.4857,5.2390,11.4124,1.2498,0.0159,0,0,0,0.00000,1
0.5755,5.6566,12.0054,0.8576,0.0032,0,0,1,0.29264,1
0.4747,4.5637,11.3767,-0.8023,0.0200,0,0,0,0.00000,3
0.4518,4.2529,12.4750,-1.0152,0.0127,0,0,1,0.95495,1
0.4878,4.6542,11.4258,0.2136,0.0151,0,0,0,0.00000,3
0.4320,4.3765,11.4904,-2.8341,0.0271,0,0,0,0.00000,3
0.4353,4.7490,11.9208,-2.5013,0.0181,0,0,1,0.40884,3
0.4121,4.2717,11.3595,1.7147,0.0099,0,0,0,0.00000,1
0.4300,4.3477,11.2985,2.7854,0.0234,0,0,0,0.00000,3
0.4793,4.7028,11.3258,-1.3251,0.0714,0,0,0,0.00000,3
0.4258,4.6689,11.4949,2.8874,0.0246,0,0,0,0.00000,3
0.4333,4.5515,11.8480,-3.1339,0.0730,0,0,1,0.26203,1
0.4004,4.3652,12.6148,-2.7960,0.0166,0,1,1,1.36686,1
0.4073,4.0680,11.2778,1.9496,0.0572,0,0,0,0.00000,3
0.4997,4.9718,11.6323,-1.5843,0.0302,0,0,0,0.00000,3
0.4485,4.6025,11.3365,0.6516,0.0111,0,0,0,0.00000,1
0.3983,4.2359,11.8172,-2.3818,0.0411,0,0,1,0.36440,3
0.4861,4.6993,11.3224,1.1286,0.0056,0,0,0,0.00000,3
0.4906,4.6024,11.7366,0.6821,0.0046,0,1,0,0.26160,3
0.3523,3.8019,12.0105,2.5240,0.0178,0,1,0,0.69749,1
0.4727,4.8185,11.2709,-1.9863,0.0068,0,0,0,0.00000,3
0.4567,4.3612,11.5689,1.2530,0.0244,0,0,0,0.00000,3
0.4892,4.6857,12.2268,-0.7977,0.0284,0,0,1,0.87561,1
0.3647,3.8190,11.7212,-2.6593,0.1491,0,1,0,0.26079,1
0.4569,4.8962,12.1377,1.7736,0.0388,0,0,1,0.43673,3
0.3854,4.0912,11.3434,2.4871,0.1078,0,0,0,0.00000,3
0.3965,4.0721,11.3264,-2.6811,0.0682,0,0,0,0.00000,3
0.3617,3.7997,13.1055,-2.5007,0.0106,0,1,1,1.79102,1
0.5402,4.9888,12.0403,0.0447,0.0438,0,0,1,0.54253,1
0.3747,4.0253,12.2082,2.7695,0.0624,0,0,1,0.82586,3
0.4428,4.5566,12.8052,0.9180,0.0067,0,1,1,1.45974,1
0.4320,4.7388,11.5381,2.9247,0.0206,0,0,0,0.00000,3
0.3884,3.9877,12.2964,-1.8093,0.0089,0,1,1,0.95562,1
0.4784,4.5362,11.4681,2.9883,0.0060,0,0,0,0.00000,1
0.5917,5.9285,11.6787,-0.8352,0.0139,0,0,0,0.00000,3
0.4904,4.5315,11.5944,1.8636,0.0259,0,0,1,0.35262,1
0.3963,4.1093,12.4651,-2.1916,0.0330,0,1,1,0.92398,1
0.5405,5.6156,11.3826,-1.5293,0.0219,0,0,0,0.00000,3
0.4565,4.2883,11.3501,-0.2533,0.0371,0,0,0,0.00000,1
0.5423,4.9727,11.4777,0.4653,0.0053,0,0,0,0.00000,1
0.4401,4.5456,12.2014,-0.5368,0.0017,0,0,1,0.81549,1
0.3633,3.8516,11.4446,3.1374,0.1851,0,0,0,0.00000,1
0.6199,5.8119,11.4573,0.7404,0.0077,0,0,0,0.00000,1
0.3504,3.7333,11.8616,2.2145,0.0290,0,0,1,0.47633,1
0.4573,4.5723,11.2642,2.6725,0.0099,0,0,0,0.00000,3
0.4969,5.0877,12.1997,2.3427,0.0385,0,0,1,0.56856,1
0.4578,4.9706,11.3432,1.9834,0.0810,0,0,0,0.00000,3
0.3819,4.0392,12.9126,2.8366,0.0359,0,1,1,1.35177,1
0.3578,3.7976,12.1984,2.8464,0.0131,0,1,1,0.85533,1
0.3893,4.1271,11.7094,2.2574,0.0139,0,1,0,0.27346,1
0.4946,4.7876,12.1165,2.5981,0.0137,0,0,1,0.81066,1
0.4864,5.0441,12.2827,2.8231,0.0434,0,1,0,0.58046,1
0.4063,4.2162,11.9502,2.8783,0.1079,0,1,0,0.41511,1
0.3588,3.9309,11.5423,-2.7474,0.1200,0,0,0,0.00000,3
0.4267,4.4638,11.7520,2.4923,0.0229,0,0,1,0.30467,3
0.4896,5.2198,11.3756,-3.1132,0.0488,0,0,0,0.00000,1
0.4154,4.1666,11.3762,-1.3296,0.0101,0,0,0,0.00000,1
0.4819,4.7695,11.4315,2.3810,0.0417,0,0,0,0.00000,1
0.5266,5.0873,11.7655,0.3759,0.0085,0,0,1,0.37760,3
0.4519,4.6922,11.3864,-2.6140,0.0614,0,0,0,0.00000,1
0.4578,4.9935,11.9747,-2.0520,0.0076,0,0,2,0.56421,1
0.4396,4.6920,11.3842,-2.2514,0.0164,0,0,0,0.00000,3
0.5330,5.2487,11.3296,-2.4103,0.0042,0,0,0,0.00000,1
0.3760,3.9561,12.8532,2.7136,0.0976,0,0,1,1.58796,1
0.5362,5.4188,11.6171,-0.8376,0.0145,0,0,0,0.00000,3
0.4187,4.1796,11.8854,2.9418,0.0486,0,1,0,0.34047,1
0.5126,5.3914,12.4426,1.7294,0.0155,0,0,1,1.00868,1
0.3357,3.6463,11.9407,2.4845,0.0332,0,0,1,0.48581,1
0.4376,4.6164,11.3798,1.7689,0.0038,0,0,0,0.00000,1
0.5109,5.2934,11.4885,1.3308,0.0446,0,0,0,0.00000,3
0.4201,4.2033,12.1066,1.8150,0.0124,0,0,1,0.36661,1
0.3671,3.8646,11.9374,-2.8505,0.1289,0,0,1,0.47376,1
0.4104,4.4999,12.9230,2.4970,0.1001,0,1,1,1.66323,1
0.5949,5.4476,11.5018,-0.1944,0.0501,0,0,0,0.00000,3
0.3473,3.7959,11.4048,-3.0297,0.0514,0,0,0,0.00000,1
0.5797,5.7422,11.4198,-0.4223,0.0680,0,0,0,0.00000,1
0.4738,4.4217,12.2027,2.6308,0.0063,0,0,2,0.90013,1
0.5544,5.6056,11.3453,2.5453,0.0245,0,0,0,0.00000,1
0.4163,4.5685,12.8170,2.6028,0.0248,1,2,0,1.48400,1
0.4597,4.6033,12.1900,1.0114,0.0023,0,0,1,0.61607,1
0.4046,4.1601,11.2385,2.2559,0.0464,0,0,0,0.00000,3
0.4115,4.5115,12.5013,-2.4373,0.0207,1,1,1,1.21209,1
0.4040,4.1033,11.4864,-2.4236,0.0946,0,0,0,0.00000,1
0.5529,5.2600,11.5917,0.1042,0.0731,0,0,0,0.00000,1
0.5141,4.9027,11.9777,-0.6498,0.0586,0,1,0,0.58146,1
0.4045,4.0429,11.3807,-2.2843,0.0573,0,0,0,0.00000,3
0.4406,4.3531,11.4092,2.4136,0.0475,0,0,0,0.00000,1
0.3871,4.0292,11.4072,-2.5436,0.1942,0,0,0,0.00000,1
0.3549,3.7771,12.8643,2.7733,0.0681,0,1,1,0.62965,1
0.5022,4.9221,11.4474,-0.4456,0.0251,0,0,0,0.00000,1
0.5095,5.1464,11.6071,-2.1535,0.0346,0,1,0,0.15777,1
0.3479,3.8275,11.3565,-2.8909,0.0981,0,0,0,0.00000,3
0.5133,4.9401,11.2648,1.8167,0.0106,0,0,0,0.00000,1
0.4155,4.4790,11.4195,1.6607,0.0745,0,0,0,0.00000,1
0.3489,3.7892,13.2453,-2.8378,0.0831,0,1,1,2.07671,1
0.4443,4.2976,11.9517,-0.8215,0.0349,0,0,1,0.45534,1
0.5035,5.4453,13.0833,2.5251,0.0178,1,2,1,2.43591,1
0.3698,3.8946,12.5241,-1.7843,0.0394,0,1,1,0.97176,1
0.4687,5.1597,11.7825,-1.7162,0.0237,0,1,0,0.26754,0
0.4510,4.3152,11.5923,1.9575,0.0659,0,0,0,0.00000,1
0.3626,3.8786,11.4387,2.4838,0.0924,0,1,0,0.16734,3
0.4599,4.7411,12.0757,-0.0398,0.0026,0,1,0,0.68887,1
0.3913,4.1357,11.4218,3.0865,0.1685,0,0,0,0.00000,1
0.4898,5.0323,11.9140,0.0744,0.0060,0,1,0,0.36918,1
0.4118,4.3429,11.3581,-2.5929,0.0354,0,0,0,0.00000,3
0.5283,4.9690,11.4091,-1.0263,0.0007,0,0,0,0.00000,1
0.3648,3.8500,13.0183,2.4835,0.0093,1,2,0,1.76189,1
0.5537,5.0065,11.4590,0.9021,0.0370,0,0,0,0.00000,3
0.5029,5.2182,11.4628,-1.4179,0.0689,0,0,0,0.00000,3
0.3912,4.1750,11.9016,2.1184,0.0311,0,1,0,0.39817,1
0.4302,4.2966,12.0813,-2.6103,0.0335,0,1,0,0.74317,1
0.5454,5.1393,11.3130,1.3409,0.0037,0,0,0,0.00000,1
0.4707,4.5707,11.4026,-2.4061,0.0277,0,0,0,0.00000,1
0.3995,4.1005,11.5156,-2.7842,0.0234,0,0,0,0.00000,3
0.4889,4.7252,11.5085,1.4006,0.0196,0,0,0,0.00000,3
0.4746,5.1629,12.2971,-2.5009,0.0605,0,1,0,0.85727,3
0.4464,4.9105,11.5212,2.9662,0.0111,0,0,0,0.00000,1
0.4738,4.5853,11.3663,-0.0037,0.0025,0,0,0,0.00000,3
0.4538,4.5894,11.4766,-2.5941,0.0775,0,0,0,0.00000,1
0.4563,4.7277,11.4045,2.9453,0.0055,0,0,0,0.00000,3
0.5334,5.3758,12.1891,1.1474,0.0166,0,0,1,0.70062,1
0.4197,4.4915,12.2758,-3.1002,0.1010,0,1,0,1.06116,1
0.4314,4.5218,12.1327,2.9733,0.0132,0,1,0,0.62912,3
0.5026,4.9769,12.7429,1.9735,0.0146,0,0,0,0.00000,1
0.5049,5.0365,11.3931,-2.6882,0.0285,0,0,0,0.00000,1
0.4762,5.1768,13.0399,1.0002,0.0024,0,1,1,1.75994,1
0.5197,5.1535,11.4903,0.3100,0.0156,0,0,0,0.00000,3
0.4480,4.4909,11.2411,2.1841,0.0163,0,0,0,0.00000,3
0.5439,5.0960,11.3940,-1.8178,0.0052,0,0,0,0.00000,1
0.3625,3.8495,11.4850,2.8925,0.0604,0,0,0,0.00000,3
0.4982,5.3692,12.5799,-2.4221,0.0713,1,1,0,1.09866,1
0.5230,5.6324,11.3951,-0.4813,0.0028,0,0,0,0.00000,1
0.4318,4.2707,11.4413,-2.3779,0.0144,0,0,0,0.00000,3
0.4157,4.0939,11.3781,2.4859,0.0738,0,0,0,0.00000,1
0.5382,4.9632,11.5324,-0.3731,0.0601,0,0,0,0.00000,1
0.4605,4.3823,11.3402,2.4496,0.0208,0,0,0,0.00000,1
0.4336,4.4260,11.9055,0.7847,0.0043,0,1,0,0.59949,1
0.4459,4.2620,12.0806,0.3936,0.0028,0,0,1,0.70128,1
0.4274,4.3001,11.4090,1.5081,0.0453,0,0,0,0.00000,1
0.4429,4.5364,11.5032,2.1530,0.1144,0,0,0,0.00000,1
0.3928,3.9838,11.4174,2.1808,0.0277,0,0,0,0.00000,3
0.4707,4.7212,11.2790,2.8959,0.0098,0,0,0,0.00000,3
0.5304,5.1646,11.6395,-0.4551,0.0316,0,1,0,0.19768,1
0.5320,5.5051,12.2625,-2.5962,0.0170,0,0,1,0.57878,1
0.4390,4.7062,11.3397,-1.5854,0.0299,0,0,0,0.00000,1
0.4135,4.2476,11.4281,2.9070,0.0111,0,0,0,0.00000,3
0.3826,4.2113,11.6356,-2.4629,0.0911,0,1,0,0.25352,3
0.4280,4.6791,12.0232,2.2428,0.0590,0,0,1,0.35617,3
0.4883,4.7584,11.4160,-1.0131,0.0065,0,0,0,0.00000,3
0.4019,4.0410,11.5266,-1.9555,0.0000,0,1,0,0.20984,1
0.5268,5.5183,11.9249,0.0130,0.0048,0,1,0,0.22671,1
0.3550,3.8614,13.0103,2.4209,0.0773,0,1,0,1.96500,1
0.3869,4.2345,11.9953,2.5799,0.0533,0,1,0,0.36149,3
0.5072,4.7569,11.8304,0.7367,0.0158,0,1,1,0.53677,1
0.3489,3.7365,12.9646,2.2429,0.0394,1,1,1,1.65019,1
0.4181,4.4141,11.8146,1.8803,0.0063,0,1,0,0.28092,1
0.5771,5.8016,11.4338,-1.2426,0.0271,0,0,0,0.00000,3
0.4064,4.0734,12.4481,2.0676,0.0298,0,1,0,1.22559,1
0.4084,4.1856,11.4337,-1.4966,0.0473,0,0,0,0.00000,1
0.5051,5.5366,11.4518,-1.1608,0.0039,0,0,0,0.00000,1
0.4786,5.1805,12.5926,2.6107,0.0146,0,1,1,0.59513,1
0.3526,3.8582,11.9461,2.9069,0.0948,0,1,0,0.62826,3
0.4722,5.1515,12.6773,2.0834,0.0070,0,1,0,1.11445,1
0.4303,4.5777,12.0020,2.5172,0.0232,0,0,1,0.40792,3
0.4766,5.2338,11.3472,1.3391,0.0429,0,0,0,0.00000,1
0.3515,3.7401,12.1618,2.1702,0.0182,0,0,2,0.76820,1
0.4856,4.4006,11.8258,-1.0702,0.0114,0,0,1,0.39191,1
0.3445,3.7288,13.2778,2.5962,0.0246,0,1,1,1.83440,1
0.4510,4.9233,12.4378,-2.7034,0.1089,0,0,0,0.00000,1
0.4819,4.8146,12.9289,0.7958,0.0120,0,0,1,1.57757,1
0.4957,4.5519,12.1302,0.7146,0.0150,0,1,0,0.43219,1
0.4347,4.4656,11.6285,1.6766,0.0281,0,1,0,0.31649,3
0.4101,4.0561,12.3764,-0.9773,0.0081,0,1,0,0.70477,1
0.5176,4.9662,11.2540,-0.8175,0.0207,0,0,0,0.00000,3
0.4429,4.7382,11.7748,2.8609,0.0007,0,0,1,0.16040,1
0.5481,5.5157,12.2041,1.2597,0.0242,0,0,1,0.74511,1
0.4460,4.2957,11.3435,-2.2439,0.0557,0,0,0,0.00000,1
0.4935,5.4085,11.4807,-2.3588,0.0545,0,0,0,0.00000,3
0.6168,6.0843,11.6402,1.0111,0.0132,0,0,0,0.00000,3
0.4447,4.7531,11.7418,-1.7615,0.0080,0,1,0,0.54594,1
0.4717,4.4619,11.4791,-0.0082,0.0400,0,0,0,0.00000,1
0.4230,4.1655,11.4899,1.1147,0.0363,0,0,0,0.00000,1
0.4541,4.4356,11.3080,-2.0676,0.0022,0,0,0,0.00000,3
0.5051,4.6586,11.6290,-0.5937,0.0323,0,0,0,0.00000,3
0.6141,5.7827,11.5044,-0.1374,0.0383,0,0,0,0.00000,3
0.4509,4.3787,11.3504,0.9922,0.0028,0,0,0,0.00000,3
0.4192,4.1331,11.3719,0.5259,0.0065,0,0,0,0.00000,1
0.5150,4.7474,11.3273,-1.1278,0.0566,0,0,0,0.00000,3
0.4618,4.9649,11.4794,2.6613,0.1001,0,0,0,0.00000,1
0.5766,5.8265,11.4141,-1.0965,0.0262,0,0,0,0.00000,3
0.3735,3.8920,12.7443,-1.7460,0.0322,0,0,1,1.52008,1
0.5172,5.5782,11.4930,2.6565,0.0026,0,0,0,0.00000,3
0.4189,4.4984,13.2631,-2.6111,0.0734,0,0,0,0.00000,1
0.4163,4.5963,11.9178,2.6865,0.0994,0,0,2,0.48984,2
0.5545,5.7168,11.5529,0.5294,0.0225,0,0,0,0.00000,1
0.4218,4.5295,11.4018,1.8343,0.0256,0,0,0,0.00000,1
0.5065,5.1910,11.6496,1.0854,0.0069,0,0,1,0.21567,3
0.5089,5.4368,11.4634,-2.4991,0.0493,0,0,0,0.00000,1
0.3596,3.8336,11.4290,2.9621,0.0740,0,0,0,0.00000,3
0.3493,3.7670,11.6575,-2.0849,0.0533,0,1,0,0.35927,1
0.4251,4.1306,11.8228,-2.6800,0.0074,0,0,2,0.55219,3
0.5246,5.2100,12.3151,-1.5395,0.0061,0,0,2,0.90357,1
0.4770,4.7148,11.6664,1.0073,0.0410,0,0,1,0.19718,1
0.4176,4.5785,11.2839,1.8844,0.0564,0,0,0,0.00000,1
0.4073,4.4694,11.5443,2.5517,0.1383,0,1,0,0.24282,3
0.3417,3.7304,12.3714,2.2684,0.0303,0,1,1,1.06005,1
0.3472,3.8218,13.1152,-2.6603,0.1016,1,1,0,1.30560,1
0.4045,4.1235,11.4023,-1.7071,0.0431,0,0,0,0.00000,1
0.5756,5.6326,11.5244,1.4176,0.0230,0,0,0,0.00000,1
0.5616,5.5957,11.3949,-2.4116,0.0032,0,0,0,0.00000,1
0.4549,4.4005,11.4125,3.0336,0.0183,0,0,0,0.00000,1
0.4411,4.5353,11.2622,-3.1003,0.0254,0,0,0,0.00000,3
0.3799,4.1629,12.3283,2.4792,0.0587,0,1,1,1.08892,3
0.5057,5.1116,11.3958,2.5039,0.0325,0,0,0,0.00000,1
0.5695,5.5875,11.6645,0.8099,0.0396,0,1,0,0.18391,3
0.6281,6.1573,12.7596,-0.3614,0.0484,0,1,0,1.09699,1
0.4901,4.9815,11.3574,2.1704,0.0662,0,0,0,0.00000,1
0.4063,4.3659,11.9964,-2.9436,0.0134,0,0,1,0.47563,3
0.5049,4.8965,11.9650,0.6124,0.0327,0,1,0,0.60407,1
0.4775,4.6207,12.0390,-0.2986,0.0032,0,0,1,0.53221,1
0.3781,3.9709,11.8496,2.5476,0.1254,0,1,0,0.41316,1
0.4016,4.3651,13.2383,-2.5913,0.0584,0,0,5,1.52620,1
0.4291,4.4912,11.3540,2.9886,0.0690,0,0,0,0.00000,1
0.5969,5.7173,11.5508,0.0820,0.0441,0,0,0,0.00000,3
0.3820,3.9190,11.8892,2.3461,0.0196,0,1,0,0.52642,3
0.4288,4.4735,11.9017,2.6409,0.0359,0,0,1,0.23093,3
0.5294,4.8864,11.3078,-2.9326,0.0009,0,0,0,0.00000,1
0.5165,4.7392,12.1239,-0.9781,0.0258,0,1,0,0.78940,1
0.3888,4.1765,11.6426,-2.3313,0.0209,0,1,0,0.18762,1
0.5344,5.6720,12.4133,2.2714,0.0563,0,1,1,0.99865,1
0.3635,3.8204,11.5818,2.7708,0.0386,0,1,0,0.31771,3
0.5105,5.0374,11.4905,0.4104,0.0199,0,0,0,0.00000,1
0.4371,4.5802,13.1005,-2.2047,0.0099,1,1,0,1.15954,1
0.4580,4.2715,12.0201,0.7113,0.0143,0,0,1,0.58046,1
0.3886,4.0374,11.3470,1.9508,0.0292,0,0,0,0.00000,1
0.4833,5.3243,13.3677,-2.8239,0.0096,1,2,0,0.69220,0
0.4793,5.0874,11.4569,1.1759,0.0544,0,0,0,0.00000,1
0.4117,4.0493,12.7557,2.8622,0.0261,0,0,2,1.52038,1
0.4489,4.4990,12.4741,-2.1348,0.0206,0,1,2,1.55729,1
0.3651,3.8291,12.1204,-1.8659,0.0527,0,0,1,0.75518,1
0.4335,4.2760,11.2617,-1.4024,0.0272,0,0,0,0.00000,3
0.4111,4.2651,11.9405,1.9499,0.0070,0,0,1,0.44875,1
0.3612,3.8560,12.0380,1.9050,0.0481,0,0,1,0.52941,1
0.3976,3.9922,11.2660,2.3424,0.0223,0,0,0,0.00000,3
0.4734,4.7472,11.2942,-0.8680,0.0617,0,0,0,0.00000,1
0.3813,3.9220,11.4330,2.9972,0.1263,0,0,0,0.00000,1
0.4993,4.9721,11.5757,-2.3513,0.0508,0,0,0,0.00000,1
0.4143,4.2550,12.7787,-2.2903,0.0236,0,0,1,1.12447,1
0.5273,5.4372,11.3713,-1.2321,0.0446,0,0,0,0.00000,3
0.4437,4.7503,12.1129,1.8562,0.0096,1,1,0,0.71322,1
0.4747,4.3588,11.3931,-0.3136,0.0509,0,0,0,0.00000,1
0.4459,4.2181,11.9776,-2.3509,0.0051,0,0,1,0.56988,1
0.4724,4.9590,12.9483,1.8688,0.0275,0,1,0,1.61733,1
0.4314,4.7538,11.4952,2.8620,0.0822,0,0,0,0.00000,2
0.3690,3.8613,11.2190,2.6126,0.0079,0,0,0,0.00000,1
0.4068,4.1273,12.2803,-2.4391,0.0228,0,0,2,0.65740,1
0.4667,5.0950,12.2264,2.7235,0.0890,0,1,0,0.87035,1
0.4277,4.4858,12.0290,-1.9551,0.0269,0,1,0,0.49249,3
0.3948,4.2956,13.0712,2.9345,0.0576,0,0,1,1.71213,1
0.3429,3.7654,13.3786,2.8161,0.0987,1,1,1,1.87220,1
0.4497,4.5616,11.3718,-3.0872,0.0631,0,0,0,0.00000,1
0.5009,5.0585,12.5622,0.3526,0.0104,0,1,0,1.27146,1
0.4699,4.3782,11.4555,1.8527,0.0178,0,0,0,0.00000,1
0.3900,4.1910,11.3559,-2.9469,0.0797,0,0,0,0.00000,3
0.3425,3.7513,11.4263,-2.8054,0.1639,0,0,0,0.00000,3
0.5329,5.6689,11.9265,2.7923,0.0325,0,0,1,0.29922,1
0.4364,4.5473,11.5318,-1.5511,0.0542,0,0,0,0.00000,1
0.4508,4.6990,12.7915,2.9335,0.0229,0,1,2,1.10295,1
0.4356,4.5257,12.9795,-2.3483,0.0138,1,2,1,2.04351,1
0.5892,5.9600,11.5532,-2.2229,0.0215,0,0,0,0.00000,1
0.3962,3.9732,12.7643,-2.5839,0.0198,0,0,1,1.52882,1
0.4783,4.6671,12.4439,0.9470,0.0111,0,0,1,0.82175,1
0.3554,3.8911,12.3964,-2.6100,0.1250,0,1,0,0.89069,3
0.5185,4.7477,11.6469,0.6919,0.0485,0,0,0,0.00000,3
0.3892,4.0880,12.0982,1.6244,0.0339,0,1,0,0.82161,1
0.5465,5.1089,11.3649,-0.4451,0.0119,0,0,0,0.00000,3
0.3506,3.8586,12.8442,-2.7047,0.0290,1,1,1,1.44134,1
0.6463,6.0052,11.4989,0.0182,0.0684,0,0,0,0.00000,3
0.5544,5.6818,12.0027,-2.6344,0.0183,0,1,1,0.42015,1
0.3545,3.8929,12.6837,-3.1309,0.0717,0,1,0,1.37312,1
0.4485,4.8256,11.8452,1.4935,0.0043,0,0,1,0.33193,1
0.3860,4.1046,12.9668,-2.7468,0.0873,1,1,1,1.69414,1
0.4138,4.4040,12.6842,-2.3870,0.0239,0,1,0,1.42805,1
0.3532,3.8764,12.1941,-2.7450,0.0403,0,1,1,0.90082,1
0.4932,4.9859,11.9607,0.8553,0.0506,0,0,1,0.16535,1
0.4415,4.2072,12.5043,-1.9370,0.0123,1,1,0,1.14907,1
0.4906,4.4956,12.4842,0.8889,0.0120,0,0,1,0.81384,1
0.3600,3.8428,13.1479,2.5240,0.0531,0,1,0,0.40257,1
0.4346,4.6259,12.2621,-2.4629,0.0418,0,0,1,0.58058,3
0.4155,4.2457,11.3634,2.9224,0.0656,0,0,0,0.00000,1
0.4219,4.5356,11.7009,-2.9010,0.0602,0,0,1,0.22910,3
0.3963,4.0791,12.1162,-3.0162,0.0629,0,1,0,0.69518,1
0.5063,4.8174,11.3108,2.4447,0.0114,0,0,0,0.00000,1
0.3280,3.6210,12.9117,-3.0317,0.0548,1,1,0,1.09258,0
0.5166,5.4439,11.2869,-2.6376,0.0194,0,0,0,0.00000,3
0.3862,4.0320,12.0367,2.5649,0.0177,0,0,0,0.00000,3
0.4557,4.4073,12.5558,-1.0424,0.0118,1,1,1,1.81384,1
0.4453,4.2319,12.0161,-2.0049,0.0583,0,0,2,0.81413,1
0.4688,4.4166,12.2234,-2.0629,0.0142,0,1,0,0.63067,1
0.5654,5.6131,12.4069,1.1544,0.0214,0,0,1,0.87951,1
0.4552,4.8727,12.0155,2.2942,0.1008,0,1,0,0.46958,1
0.4659,4.8398,11.3680,2.2314,0.0059,0,0,0,0.00000,3
0.4793,4.8096,11.3307,-2.0602,0.0309,0,0,0,0.00000,3
0.3947,4.1680,11.3232,2.1786,0.0830,0,0,0,0.00000,3
0.4924,5.0492,12.8714,-1.8530,0.0136,0,0,1,1.31440,1
0.4937,5.0089,11.9593,1.1879,0.0199,0,0,1,0.51661,3
0.5334,5.2078,11.6126,-0.1245,0.0339,0,0,0,0.00000,1
0.3803,3.9521,12.9545,2.5526,0.0089,0,1,0,1.55004,1
0.5941,5.6833,12.3777,-0.5733,0.0739,0,1,0,0.76556,1
0.5330,5.1171,12.3806,-0.2305,0.0356,0,1,0,1.00145,1
0.5488,5.6548,11.5884,0.9540,0.0650,0,0,0,0.00000,1
0.3768,4.0257,11.9342,2.5119,0.1804,0,1,0,0.48720,1
0.4207,4.3189,12.4232,2.2727,0.0655,0,0,1,1.23024,1
0.4271,4.1705,12.0933,1.5691,0.0254,0,0,2,0.71969,1
0.4600,5.0446,13.0715,2.4947,0.0059,0,0,1,0.74784,1
0.4104,4.3026,12.9785,2.7712,0.0339,0,1,0,1.83242,1
0.4293,4.5638,11.9344,-1.8654,0.0441,0,0,1,0.42086,3
0.4564,4.9686,11.4007,1.8300,0.0663,0,0,0,0.00000,3
0.5018,4.5673,11.4118,-1.1117,0.0209,0,0,0,0.00000,3
0.4181,4.4095,11.5733,2.2454,0.0894,0,1,0,0.18109,3
0.4639,5.0091,11.4032,2.4356,0.0123,0,0,0,0.00000,3
0.4449,4.8770,11.8904,-2.3931,0.0669,0,0,1,0.19288,3
0.5275,5.1014,11.4536,-0.4942,0.0385,0,0,0,0.00000,1
0.4156,4.4567,12.4828,-2.7984,0.1046,0,1,0,0.20994,1
0.4519,4.7087,11.3527,-1.5597,0.0222,0,0,0,0.00000,1
0.3853,3.9955,11.2942,-1.9721,0.0433,0,0,0,0.00000,1
0.3682,4.0025,12.3086,-2.7520,0.1818,0,1,1,1.08895,1
0.4073,4.2008,11.3741,2.1640,0.0240,0,0,0,0.00000,3
0.4807,4.7396,11.3192,-1.9284,0.0223,0,0,0,0.00000,3
0.5400,5.3195,12.5328,-1.5033,0.0097,0,0,1,1.18015,1
0.3313,3.6491,11.8157,2.7091,0.0983,0,0,0,0.00000,2
0.4246,4.4489,11.4568,1.4863,0.0064,0,0,0,0.00000,1
0.3947,4.0152,11.7371,1.3392,0.0117,0,1,0,0.34388,1
0.5253,5.2274,11.4212,-0.0603,0.0055,0,0,0,0.00000,3
0.5759,5.3227,11.6546,0.0462,0.0347,0,0,0,0.00000,3
0.4683,4.9453,12.5128,-2.1826,0.0689,0,0,3,1.61083,1
0.5063,5.3966,12.7258,2.9704,0.0220,0,1,0,1.35934,1
0.4643,4.9182,11.4072,-2.6168,0.0802,0,0,0,0.00000,1
0.4750,4.9148,11.5655,2.1816,0.0130,0,0,0,0.00000,3
0.3570,3.8366,11.2693,2.4859,0.0202,0,0,0,0.00000,1
0.4359,4.5806,11.4721,1.9916,0.1071,0,0,0,0.00000,3
0.4878,5.0244,12.2273,-1.9703,0.0235,0,0,1,0.63823,1
0.4232,4.1924,11.2560,3.0537,0.0523,0,0,0,0.00000,1
0.5076,4.6148,12.2010,-1.0132,0.0009,0,1,0,0.81177,1
0.5852,5.6737,11.8194,0.1847,0.0443,0,0,1,0.16286,1
0.3750,3.9229,11.6426,2.8993,0.1032,0,1,0,0.35147,1
0.4753,4.5515,12.0894,-2.6389,0.0106,0,0,1,0.56844,1
0.4753,4.8653,11.5600,2.7253,0.0605,0,0,0,0.00000,1
0.3985,4.0406,11.9241,1.5131,0.0412,0,0,1,0.33276,1
0.5300,5.6806,11.2923,-1.0724,0.0486,0,0,0,0.00000,1
0.4205,4.5905,12.6316,-2.1636,0.0344,1,1,1,1.11374,1
0.4230,4.6150,11.9164,-1.6030,0.0519,0,0,1,0.28476,1
0.4661,5.1310,11.6342,2.9237,0.1377,0,0,0,0.00000,0
0.3731,4.0446,11.7891,2.9260,0.1071,0,0,1,0.44651,3
0.4454,4.9174,11.9812,2.8762,0.0418,0,0,1,0.58443,2
0.3943,4.0803,11.3447,2.4466,0.1216,0,0,0,0.00000,1
0.4009,4.4012,11.4244,-2.9062,0.0622,0,0,0,0.00000,3
0.4130,4.2957,12.1211,2.7567,0.0312,1,1,0,0.66139,3
0.4529,4.8675,11.8799,1.5211,0.0042,0,0,1,0.32034,1
0.5305,5.2927,11.5759,2.0320,0.0515,0,0,0,0.00000,1
0.4834,4.7978,11.8323,-2.5578,0.0065,0,1,0,0.18789,3
0.4957,4.7940,11.3677,-2.0975,0.0207,0,0,0,0.00000,1
0.3393,3.6700,12.8806,2.9242,0.1122,1,1,0,1.33543,1
0.5323,5.5654,11.4550,-2.1087,0.0038,0,0,0,0.00000,3
0.5026,5.0972,11.4524,1.4448,0.0060,0,0,0,0.00000,3
0.6349,6.1304,12.0804,-0.4532,0.1115,0,1,0,0.82000,1
0.4914,4.7440,11.4804,0.7550,0.0736,0,0,0,0.00000,1
0.5082,4.9928,11.4522,3.0145,0.0065,0,0,0,0.00000,1
0.4918,5.4232,11.6117,1.9912,0.0337,0,0,0,0.00000,2
0.4443,4.5660,12.3402,2.6788,0.0275,0,1,0,0.95169,1
0.4213,4.3086,12.4224,2.7586,0.0036,0,0,1,0.81582,1
0.5059,5.3666,11.4011,-2.4315,0.0015,0,0,0,0.00000,3
0.3634,3.9258,12.3070,2.9980,0.0085,0,1,0,1.18968,1
0.4482,4.2288,11.4099,1.0069,0.0226,0,0,0,0.00000,3
0.4294,4.6237,12.7655,3.1095,0.0681,0,1,0,1.57396,1
0.3692,3.8437,12.2489,-2.3086,0.0161,0,0,2,0.83677,1
0.4463,4.4260,11.2699,-2.0303,0.0202,0,0,0,0.00000,3
0.4179,4.4397,12.0086,2.1303,0.0277,0,1,0,0.72058,3
0.4237,4.2719,11.5510,2.4791,0.0578,0,0,0,0.00000,1
0.4404,4.7642,12.2252,2.9588,0.0376,0,0,1,0.68637,3
0.3576,3.8131,12.0396,-2.5714,0.1114,0,1,0,0.71365,3
0.4538,4.7375,12.0168,2.1844,0.0196,0,1,0,0.72323,3
0.4422,4.5534,11.7113,-3.0195,0.0398,0,1,0,0.42092,1
0.3744,4.0514,12.3404,2.7357,0.1473,0,0,1,0.88987,1
0.4446,4.7587,12.4426,1.7526,0.0005,0,1,0,1.18604,1
0.5479,5.6908,11.7177,0.9418,0.0481,0,0,0,0.00000,1
0.3307,3.6380,13.2220,2.8339,0.0514,0,1,1,2.01419,1
0.4299,4.3183,11.5291,-1.8426,0.0311,0,0,0,0.00000,3
0.4439,4.4597,11.7943,2.4228,0.0876,0,0,1,0.32948,1
0.4962,5.2941,11.5739,2.5359,0.0980,0,0,0,0.00000,1
0.4557,4.7301,13.1219,3.1283,0.0174,0,1,0,1.09220,1
0.3636,3.9475,11.4260,-1.9701,0.0635,0,0,0,0.00000,1
0.5683,5.2303,12.0239,-0.2374,0.0785,0,0,1,0.60710,1
0.3704,3.8852,12.9893,2.1434,0.0216,1,1,0,1.48798,1
0.4731,5.0583,11.4022,1.2687,0.0297,0,0,0,0.00000,1
0.3880,4.2420,12.6691,-2.6346,0.0693,0,0,2,0.64929,1
0.4094,4.1491,12.2901,-2.7540,0.0364,0,0,1,0.71751,1
0.3880,3.9793,11.9969,-2.5578,0.0711,0,1,0,0.48249,3
0.5119,5.1128,12.8013,-2.1731,0.0022,0,0,1,1.52280,1
0.4637,4.9854,11.9896,2.4056,0.0095,0,1,0,0.29089,3
0.4263,4.3210,11.9434,-2.9247,0.0667,0,1,0,0.61472,1
0.4512,4.6502,11.9976,-1.9650,0.0081,1,1,1,1.13006,3
0.4480,4.4798,11.3472,1.6731,0.0029,0,0,0,0.00000,3
0.4890,5.1231,11.6671,2.5819,0.0579,0,0,0,0.00000,1
0.5543,5.7938,11.6582,-0.9596,0.0962,0,0,0,0.00000,1
0.4398,4.2316,11.4394,-2.3754,0.0103,0,0,0,0.00000,3
0.4610,4.3192,11.4446,1.5220,0.0687,0,0,0,0.00000,3
0.4954,4.6481,11.2641,-0.5896,0.0306,0,0,0,0.00000,3
0.4855,4.5172,11.3519,-0.7743,0.0334,0,0,0,0.00000,3
0.5090,5.1844,12.8040,-2.0692,0.0113,0,0,3,1.58260,1
0.4897,5.1965,12.0364,1.4817,0.0034,0,0,1,0.62955,1
0.4657,4.9242,11.5515,-2.6708,0.0121,0,0,0,0.00000,3
0.5372,5.1051,11.3495,0.6864,0.0199,0,0,0,0.00000,3
0.4780,5.2403,11.8805,-1.9716,0.0143,0,0,1,0.14382,1
0.4925,4.7292,11.3894,-2.4761,0.0103,0,0,0,0.00000,1
0.4927,5.2220,11.4414,-0.5460,0.0117,0,0,0,0.00000,1
0.3458,3.7201,12.0470,-2.7150,0.1128,0,0,1,0.47610,3
0.3997,4.0944,11.3571,-3.1341,0.0150,0,0,0,0.00000,3
0.4137,4.2566,11.3233,-2.3129,0.0589,0,0,0,0.00000,3
0.4978,5.1315,11.5283,-0.2548,0.0074,0,0,0,0.00000,1
0.6151,5.9067,11.2923,-0.4710,0.0405,0,0,0,0.00000,3
0.5066,5.0439,11.4016,1.0816,0.0069,0,0,0,0.00000,3
0.4814,4.5773,12.4773,2.7063,0.0009,0,0,1,1.16745,1
0.5048,4.9785,11.7111,-1.2708,0.0075,0,1,0,0.24774,3
0.3961,4.0863,13.0324,2.9056,0.0195,0,0,1,1.43154,1
0.4180,4.4297,11.7629,1.9170,0.0023,0,1,0,0.34231,1
0.3775,4.1192,12.6655,2.1216,0.0193,0,1,1,1.29531,1
0.4097,4.4224,13.1551,-2.0150,0.0162,0,1,1,0.45875,1
0.3837,4.2046,11.6532,-3.0449,0.1048,0,0,2,0.47432,3
0.5096,5.5569,11.8243,2.0944,0.0104,0,1,0,0.46215,3
0.3389,3.6822,12.9085,2.8920,0.1434,0,0,4,0.83337,1
0.4035,4.3366,12.1782,2.3249,0.0166,0,0,1,0.90417,1
0.4998,5.4431,11.7071,-1.2385,0.0050,0,0,1,0.14749,1
0.4663,4.5000,11.3504,1.3777,0.0122,0,0,0,0.00000,3
0.3822,3.9796,11.8744,2.8819,0.0131,0,1,0,0.22519,3
0.4847,4.8514,11.4653,-1.4446,0.0549,0,0,0,0.00000,3
0.4594,4.8757,11.6012,-2.5805,0.0949,0,0,0,0.00000,1
0.4826,4.7425,11.5043,1.4603,0.0219,0,0,0,0.00000,3
0.4230,4.5759,11.7255,2.1532,0.0396,0,0,1,0.27052,3
0.4728,5.1362,12.0349,-2.8207,0.0186,0,0,1,0.60416,3
0.4623,5.0323,12.6368,2.2665,0.0157,0,1,0,1.24198,1
0.4000,4.0040,11.3644,2.8654,0.0497,0,0,0,0.00000,3
0.4143,4.4531,11.5386,-2.5249,0.0651,0,0,0,0.00000,3
0.3797,4.1228,11.5954,2.9455,0.0419,0,1,0,0.32942,3
0.4337,4.5335,11.5394,-2.3338,0.1184,0,0,0,0.00000,1
0.4803,4.9459,11.4672,-2.5798,0.0589,0,0,0,0.00000,1
0.4194,4.2479,11.3599,2.3704,0.1142,0,0,0,0.00000,1
0.3956,4.0060,12.6272,-2.7388,0.0643,0,0,1,1.43635,1
0.5298,4.8160,11.4180,0.8418,0.0137,0,0,0,0.00000,3
0.4747,5.0268,11.4460,0.0555,0.0025,0,0,0,0.00000,1
0.3964,4.2706,11.6824,1.8913,0.0264,0,1,0,0.29675,1
0.5584,5.1798,11.5460,0.6362,0.0276,0,0,0,0.00000,3
0.5043,4.9211,12.8313,-1.6618,0.0087,1,1,0,1.20969,1
0.4247,4.1152,12.2874,-1.1872,0.0219,0,1,0,0.69337,1
0.4408,4.2392,11.3067,-1.2091,0.0227,0,0,0,0.00000,3
0.4073,4.1599,11.3303,2.7024,0.0315,0,0,0,0.00000,3
0.3641,3.8918,11.9429,2.3771,0.0568,0,1,0,0.57918,3
0.4396,4.2875,11.6959,-1.7380,0.0282,0,0,1,0.26267,3
0.4087,4.4685,11.9037,-2.5995,0.0178,0,1,0,0.22224,1
0.4661,4.4548,11.3299,2.1225,0.0269,0,0,0,0.00000,1
0.3959,4.3174,11.3271,2.0485,0.0177,0,0,0,0.00000,1
0.3873,3.9775,11.8673,1.7022,0.0506,0,0,1,0.50083,1
0.5487,5.6298,11.8502,-0.0863,0.0185,0,0,2,0.59824,1
0.5523,5.6953,12.7907,-2.8839,0.0116,0,1,1,1.47153,1
0.3726,3.9253,12.8776,3.0137,0.0651,1,1,0,1.13375,1
0.4183,4.1441,11.2190,-2.8253,0.0465,0,0,0,0.00000,1
0.4255,4.1717,12.2704,-2.7281,0.0286,0,1,0,0.90761,1
0.4670,4.4815,11.3237,0.4806,0.0434,0,0,0,0.00000,1
0.5107,4.8701,11.2651,2.8283,0.0102,0,0,0,0.00000,1
0.3602,3.9387,11.9415,2.9230,0.1192,0,1,0,0.55206,3
0.5736,5.6274,11.5720,-1.3880,0.0116,0,0,0,0.00000,1
0.4696,4.5351,11.3368,-2.1833,0.0357,0,0,0,0.00000,1
0.5302,4.9832,12.6730,0.5645,0.0579,0,0,2,1.67288,1
0.3552,3.8670,11.6450,3.1354,0.0813,0,0,1,0.16786,3
0.4083,4.1655,12.3289,-2.6703,0.0340,0,1,0,1.14173,1
0.5341,5.5685,11.7735,-2.5304,0.0188,0,1,3,0.93093,1
0.3687,3.8854,11.3519,2.0208,0.0337,0,0,0,0.00000,1
0.5300,5.6693,11.4301,2.0727,0.0562,0,0,0,0.00000,3
0.4743,4.4727,11.5263,1.4172,0.0065,0,0,0,0.00000,3
0.4263,4.5432,11.3385,2.1340,0.0429,0,0,0,0.00000,3
0.5486,5.6943,11.4882,-0.6272,0.0385,0,0,0,0.00000,1
0.4028,4.1801,12.6722,-2.4722,0.0116,1,0,0,0.44449,1
0.4336,4.6227,11.6804,2.2962,0.0144,0,1,0,0.30090,3
0.3785,4.0287,11.9813,2.8481,0.0301,0,0,1,0.50321,3
0.3327,3.6649,13.0862,-2.8436,0.0647,0,0,1,1.79158,0
0.3678,3.9235,12.4425,2.8764,0.0386,0,1,0,1.06080,1
0.5215,5.5058,11.6031,0.9987,0.0123,0,0,0,0.00000,1
0.4148,4.2461,12.5394,2.5984,0.0712,0,0,1,0.95776,1
0.4742,5.2106,12.6833,2.9454,0.0388,0,1,0,1.14263,1
0.4093,4.0790,11.4995,1.4663,0.0409,0,0,0,0.00000,1
0.5527,5.0200,11.3774,-0.5177,0.1040,0,0,0,0.00000,1
0.5404,5.5041,11.9199,0.5672,0.0497,0,0,1,0.45101,1
0.4678,4.8998,11.2621,2.8696,0.0935,0,0,0,0.00000,1
0.5915,5.9936,12.6483,-0.0230,0.0029,0,1,1,1.36932,1
0.5231,4.9033,11.3584,1.0447,0.0096,0,0,0,0.00000,3
0.4216,4.5334,12.4020,-2.2913,0.0302,0,1,0,1.11736,3
0.4614,4.3752,12.3386,-2.8394,0.0063,1,1,0,0.96473,1
0.4007,4.2723,12.5632,-2.7602,0.0494,0,0,2,1.15267,1
0.5466,5.2665,11.2967,-1.1736,0.0621,0,0,0,0.00000,3
0.4805,5.0117,12.2880,-1.3676,0.0184,0,1,0,0.80812,1
0.4473,4.6802,12.8037,-2.6996,0.0498,0,1,1,1.43739,1
0.5221,5.2736,11.7974,2.6456,0.0059,0,1,0,0.26272,3
0.4390,4.8328,11.5759,2.3069,0.0027,0,0,1,0.24586,0
0.4641,4.7219,12.6780,-2.4158,0.0360,0,0,2,1.11670,1
0.4522,4.8629,13.1048,-2.7175,0.0358,0,1,1,1.85874,1
0.4751,4.7025,11.2633,-2.2929,0.0119,0,0,0,0.00000,3
0.4150,4.4102,11.6916,1.8858,0.0298,0,0,1,0.30027,1
0.3367,3.6943,11.9904,2.8196,0.0348,0,1,0,0.40443,1
0.5892,5.9026,12.0570,-0.9027,0.0219,0,1,0,0.68787,3
0.4051,4.4105,13.3215,2.8108,0.0406,0,0,1,2.23015,1
0.5661,5.1206,12.4935,-0.2312,0.0600,0,0,1,1.08552,1
0.3711,4.0460,11.3766,-2.3563,0.0757,0,0,0,0.00000,3
0.4206,4.3603,11.4377,-2.9656,0.0182,0,0,0,0.00000,3
0.3811,4.1156,11.5831,-2.3552,0.0841,0,1,0,0.21441,3
0.4843,4.7093,11.4108,-1.3583,0.0424,0,0,0,0.00000,3
0.4903,4.6944,11.4750,0.3597,0.0320,0,0,0,0.00000,1
0.4087,4.2311,11.4173,-2.7396,0.0624,0,0,0,0.00000,3
0.4647,5.0641,13.1870,-1.5956,0.0089,0,0,1,1.46911,1
0.4913,4.5454,11.7750,-2.2161,0.0066,0,1,0,0.49880,1
0.4812,4.5182,12.1326,-0.4872,0.0162,0,0,1,0.73105,1
0.4318,4.1934,11.4461,2.2424,0.0655,0,0,0,0.00000,1
0.4418,4.7308,11.3737,2.5874,0.0276,0,0,0,0.00000,3
0.5106,5.3740,11.4042,2.2030,0.0279,0,0,0,0.00000,3
0.4341,4.4348,11.3759,2.4484,0.0514,0,0,0,0.00000,3
0.4195,4.3998,11.8311,-1.4268,0.0173,0,0,1,0.18866,1
0.4413,4.6482,11.6249,2.4469,0.0531,0,1,0,0.31409,3
0.4010,4.0714,11.3431,2.6403,0.0502,0,0,0,0.00000,3
0.5472,5.1583,12.0524,1.2803,0.0032,0,1,0,0.58446,1
0.3731,3.9088,11.4385,2.9683,0.0284,0,0,0,0.00000,3
0.5410,5.7166,11.9673,-2.8447,0.0081,0,0,3,0.82700,3
0.3866,4.1048,11.7865,-2.7011,0.0108,0,1,0,0.53236,1
0.5145,5.0539,11.3411,1.0250,0.0668,0,0,0,0.00000,3
0.4971,4.9568,11.4197,0.0004,0.0253,0,0,0,0.00000,1
0.4655,4.6147,11.2576,2.5527,0.0428,0,0,0,0.00000,1
0.4496,4.2701,11.8766,-0.2586,0.0187,0,0,1,0.41470,1
0.5028,4.9786,11.3128,-2.8317,0.0077,0,0,0,0.00000,1
0.4717,4.9564,12.7391,-2.9281,0.0078,1,1,1,1.04376,1
0.5041,4.9682,11.3804,2.8721,0.0208,0,0,0,0.00000,1
0.4926,4.6958,11.4683,1.8740,0.0085,0,0,0,0.00000,3
0.4630,5.0132,11.5190,2.0446,0.0501,0,0,0,0.00000,3
0.5102,5.0201,12.3298,1.7150,0.0038,0,1,0,0.95326,1
0.4365,4.5532,12.4387,1.7413,0.0233,0,0,1,0.99825,1
0.6336,6.1645,11.4650,-0.5419,0.0619,0,0,0,0.00000,3
0.5319,5.4938,11.3246,3.0077,0.0219,0,0,0,0.00000,1
0.4275,4.6944,12.3177,2.7163,0.1255,0,1,0,0.87011,1
0.4018,4.1662,11.4974,-2.1843,0.0346,0,0,1,0.20725,3
0.3435,3.7464,12.6238,3.0481,0.0704,0,1,0,1.37770,1
0.3525,3.8016,12.6167,-2.3709,0.0318,0,1,1,1.47213,1
0.4022,4.0855,12.6448,-2.3437,0.0249,0,0,1,1.25478,1
0.4538,4.9272,11.4385,-3.1145,0.0345,0,0,0,0.00000,3
0.5449,5.5116,12.2007,1.2624,0.0347,0,0,0,0.00000,1
0.4435,4.5710,11.4106,-2.9948,0.0177,0,0,0,0.00000,3
0.5237,5.1113,11.4124,0.6908,0.0173,0,0,0,0.00000,3
0.4935,4.9583,11.4776,-2.0490,0.0372,0,0,0,0.00000,3
0.4589,4.8543,11.6734,0.3570,0.0021,0,1,0,0.30430,1
0.4655,4.5587,11.4641,-1.8319,0.0563,0,0,0,0.00000,3
0.4427,4.7277,11.2739,-2.4024,0.0420,0,0,0,0.00000,3
0.3703,3.9219,11.3718,2.9745,0.0130,0,0,0,0.00000,1
0.4481,4.2627,11.3423,0.2636,0.0282,0,0,0,0.00000,1
0.3989,4.1442,11.3045,1.4841,0.0160,0,0,0,0.00000,1
0.4658,4.8155,11.5123,2.5716,0.0888,0,0,0,0.00000,1
0.4623,4.5010,12.7337,2.9817,0.0140,0,1,0,1.32721,1
0.5290,5.3041,11.3527,1.2635,0.0705,0,0,0,0.00000,3
0.4331,4.2973,11.4301,0.2489,0.0064,0,0,0,0.00000,1
0.3867,4.2109,12.4822,3.0569,0.0687,0,0,2,1.54820,3
0.4127,4.3797,12.7143,3.0112,0.0623,0,1,1,1.38646,1
0.4470,4.2907,11.2270,-2.4673,0.0468,0,0,0,0.00000,1
0.5055,5.4025,11.9824,2.9334,0.0285,0,1,0,0.50585,3
0.4832,4.7307,11.3842,0.0488,0.0322,0,0,0,0.00000,1
0.4241,4.4282,12.5526,-2.4640,0.0737,0,1,1,1.15566,1
0.6422,5.8932,11.6673,0.5712,0.1598,0,0,0,0.00000,1
0.3889,4.2749,12.1097,2.9116,0.1021,0,1,0,0.70147,3
0.3809,4.1534,12.5122,1.9648,0.0268,1,1,2,1.51790,1
0.4550,4.7657,12.7477,-2.5049,0.0074,1,1,1,1.02569,1
0.3816,4.1861,12.9111,2.2884,0.0482,0,1,1,1.72899,1
0.5462,5.4445,11.4540,-0.1779,0.0086,0,0,0,0.00000,3
0.4605,4.8094,12.9189,2.3153,0.0106,0,1,0,1.23800,1
0.4828,4.7585,12.0818,-0.8356,0.0028,0,0,1,0.42423,1
0.4115,4.1271,11.2481,-3.0585,0.0385,0,0,0,0.00000,3
0.4492,4.2313,11.5509,0.9483,0.0118,0,0,0,0.00000,3
0.4768,4.7413,11.7972,3.0293,0.0270,0,0,1,0.27707,1
0.5047,4.9386,12.4451,-0.0023,0.0057,1,0,2,1.34828,1
0.4866,4.7557,12.7094,2.5725,0.0158,0,0,1,1.41373,1
0.4829,4.8737,11.2657,-1.4989,0.0672,0,0,0,0.00000,3
0.4315,4.2627,11.4437,-2.6442,0.0328,0,0,0,0.00000,1
0.4927,5.3458,11.5488,2.1998,0.0586,0,0,1,0.16084,3
0.4725,4.5831,11.7234,-1.4342,0.0051,0,0,1,0.16983,3
0.4704,5.1362,11.7489,1.2319,0.0078,0,0,2,0.58757,1
0.5330,5.1059,11.4093,1.2294,0.0235,0,0,0,0.00000,3
0.4085,4.0448,11.8532,1.5942,0.0308,0,1,0,0.17377,3
0.3492,3.7236,13.2249,-2.6026,0.0197,0,1,0,2.27562,1
0.4856,4.4584,11.3203,1.2688,0.0267,0,0,0,0.00000,3
0.3770,4.0878,12.9076,3.1279,0.0304,1,1,0,1.34634,1
0.4921,4.6661,11.6908,-1.4739,0.0075,0,0,1,0.22811,3
0.3748,3.8733,11.5647,2.2795,0.0283,0,0,1,0.27936,3
0.4243,4.1991,11.4080,-1.8917,0.0106,0,0,0,0.00000,3
0.6304,6.0281,11.6776,1.0134,0.0651,0,0,0,0.00000,3
0.5586,5.7675,12.7009,2.5421,0.0196,0,1,1,1.26431,1
0.4639,4.8976,12.1148,2.7257,0.0260,0,1,0,0.62843,3
0.4966,5.4213,13.1200,2.4160,0.0415,0,1,0,1.98505,1
0.5220,5.4521,11.4996,-1.4319,0.0302,0,0,0,0.00000,3
0.4866,4.8000,12.3961,1.0031,0.0475,0,1,0,0.34508,1
0.4464,4.3982,12.4904,0.5983,0.0102,0,1,0,0.36863,1
0.5421,4.9078,11.2580,0.4677,0.0030,0,0,0,0.00000,1
0.4951,4.5762,11.5674,1.1701,0.0309,0,0,0,0.00000,3
0.4964,5.1113,11.4597,3.0732,0.0098,0,0,0,0.00000,3
0.4783,4.9511,11.5819,-1.5993,0.0200,0,0,0,0.00000,3
0.4736,4.4305,11.7374,-2.2620,0.0020,0,0,1,0.17632,3
0.3779,4.1272,11.2594,-2.5904,0.0625,0,0,0,0.00000,3
0.3328,3.6366,11.5566,-2.8510,0.1388,0,0,0,0.00000,3
0.4458,4.2738,11.4159,-2.7870,0.0155,0,0,0,0.00000,1
0.4063,4.0636,11.5762,3.0980,0.0687,0,0,1,0.25531,1
0.3324,3.6338,12.3516,-2.4554,0.0478,0,0,1,0.80490,1
0.4155,4.1956,12.2660,1.2033,0.0051,0,1,0,0.71001,1
0.4771,4.7196,12.7249,-2.8510,0.0026,0,0,1,0.48673,1
0.3614,3.9742,12.1085,2.9418,0.0403,0,1,0,0.73338,3
0.4264,4.1347,11.8231,-0.7441,0.0184,0,1,0,0.39491,1
0.3545,3.8601,11.7563,-2.9538,0.0800,0,1,0,0.20952,3
0.3972,4.0341,12.2283,1.5819,0.0329,0,0,2,0.60922,1
0.4696,4.5763,11.3968,1.3756,0.0486,0,0,0,0.00000,3
0.3623,3.8926,13.2939,-3.0841,0.0595,1,1,0,1.97012,1
0.5193,5.5837,11.5627,-3.1048,0.0562,0,0,0,0.00000,1
0.3962,4.1607,12.2653,-2.7825,0.0653,0,1,0,0.86239,3
0.5595,5.7773,11.5416,-2.2186,0.0297,0,0,0,0.00000,1
0.4919,5.1449,11.5512,1.6706,0.0153,0,0,0,0.00000,3
0.3802,4.1856,12.3654,-2.6561,0.0348,1,1,0,0.76819,2
0.4261,4.6756,11.3896,-2.0406,0.0114,0,0,0,0.00000,1
0.3813,4.0103,11.3627,2.9746,0.0280,0,0,0,0.00000,3
0.4316,4.5450,12.3289,1.6919,0.0277,0,0,1,0.51283,1
0.3434,3.7507,12.8426,-2.4850,0.0159,1,1,0,0.62630,1
0.5842,5.5651,12.1309,-0.5046,0.0296,0,0,1,0.71618,1
0.4055,4.3893,12.3507,2.3094,0.0061,0,1,0,1.19880,1
0.4517,4.2476,11.3567,0.4636,0.0079,0,0,0,0.00000,3
0.4201,4.5690,11.4477,3.0561,0.1042,0,0,0,0.00000,3
0.5000,5.1422,12.3814,-0.5608,0.0109,0,1,0,0.76280,1
0.4030,4.3931,12.2495,2.1979,0.0270,0,0,1,0.91650,1
0.4200,4.1472,11.4227,1.3726,0.0003,0,0,0,0.00000,3
0.5114,5.1114,12.3233,-0.9268,0.0181,0,1,0,0.86732,1
0.3916,3.9811,11.3232,-1.7069,0.0248,0,0,0,0.00000,1
0.4710,4.7076,12.3580,2.8071,0.0280,0,1,0,0.88450,1
0.4501,4.4299,11.5156,-2.2355,0.0204,0,0,0,0.00000,3
0.3613,3.8159,12.8304,-2.8746,0.0155,0,1,0,1.61105,1
0.4882,4.5333,11.3862,-0.0171,0.0153,0,0,0,0.00000,3
0.5513,5.7878,12.1573,0.7293,0.0332,0,0,1,0.64387,1
0.4785,4.6421,11.4618,2.4314,0.0096,0,0,0,0.00000,1
0.4285,4.4761,11.3092,1.4451,0.0506,0,0,0,0.00000,1
0.5477,5.3169,11.4937,-1.8425,0.0269,0,0,0,0.00000,1
0.3665,3.8927,13.1749,-2.5060,0.0526,1,1,3,2.02877,1
0.3456,3.7967,12.3047,2.4107,0.0328,0,0,1,0.92669,1
0.3950,4.2981,13.1974,-2.3962,0.0040,0,1,1,1.94875,1
0.3873,4.0109,11.3588,-2.1235,0.0399,0,0,0,0.00000,3
0.4755,5.0377,11.3650,-2.8529,0.0536,0,0,0,0.00000,1
0.4550,4.5938,11.7668,1.8389,0.0135,0,0,1,0.41177,3
0.4486,4.6121,12.8082,-2.0119,0.0366,0,0,1,1.40829,1
0.5597,5.2932,11.5093,-0.5467,0.0869,0,0,0,0.00000,1
0.5392,5.5258,11.2759,0.3235,0.0080,0,0,0,0.00000,3
0.5877,5.9605,11.5860,-0.4715,0.0652,0,0,0,0.00000,1
0.4889,4.8008,11.3840,1.7790,0.0238,0,0,0,0.00000,3
0.4884,4.9004,11.9573,0.5344,0.0241,0,0,1,0.50604,1
0.4433,4.4757,11.3813,2.3231,0.0647,0,0,0,0.00000,1
0.3943,4.0849,12.0846,-2.5808,0.0466,0,0,1,0.66249,3
0.4915,5.2827,11.2717,-0.3921,0.0036,0,0,0,0.00000,1
