x,Q2,W,miss_mass,phih,pt2,t,secondary_pips,secondary_pims,secondary_pizs,secondary_esum,accepted
0.3638,3.9584,2.7934,13.1885,-2.7984,0.0303,-1.6814,0,1,1,1.76203,1
0.4917,4.5607,2.3653,12.5496,0.2861,0.0343,-1.6099,0,1,1,0.66264,1
0.3888,4.1717,2.7273,12.1539,2.6068,0.0213,-0.9085,0,1,1,0.78811,3
0.4114,4.4036,2.6797,12.6606,2.0967,0.0036,-1.3828,0,1,0,1.46300,1
0.4206,4.3183,2.6134,11.8088,-2.4195,0.0421,-0.7205,0,1,0,0.21326,3
0.4375,4.4545,2.5707,12.5383,3.0374,0.0235,-1.3935,2,2,1,1.01931,1
0.3562,3.8591,2.8030,13.2911,-2.5547,0.0318,-1.7326,0,1,0,2.23907,1
0.4263,4.4243,2.6142,11.7129,2.2813,0.0629,-0.6751,0,1,0,0.42754,3
0.3552,3.7785,2.7818,11.6250,-2.5426,0.0347,-0.4567,0,1,0,0.39515,1
0.4549,4.4672,2.4967,11.7355,2.2417,0.0540,-0.7353,0,1,0,0.21918,1
0.3683,3.9372,2.7627,12.3511,-3.0044,0.0369,-1.0303,1,2,0,0.95796,3
0.4191,4.2691,2.6072,12.2515,2.6811,0.0024,-1.0452,0,1,0,0.68142,1
0.4228,4.1757,2.5654,11.9801,-1.9384,0.0186,-0.8408,0,1,0,0.53089,3
0.5008,5.0660,2.4350,12.3700,-0.7012,0.0068,-1.4112,0,1,0,0.79044,1
0.5041,5.4502,2.4983,12.3750,-2.1239,0.0351,-1.4718,0,1,1,0.70754,3
0.5066,5.2717,2.4525,11.7127,-1.1879,0.0274,-0.7774,0,1,0,0.28309,1
0.4019,4.4206,2.7311,11.9457,-2.8267,0.0909,-0.8600,0,1,0,0.49769,3
0.5084,5.1464,2.4202,12.6242,1.8812,0.0494,-1.7788,0,1,1,1.18324,1
0.4224,4.3556,2.6145,11.8811,-1.7589,0.0120,-0.7475,0,1,0,0.36473,1
0.3738,4.0040,2.7544,11.8837,-2.7918,0.1164,-0.7828,0,1,0,0.39487,3
0.4244,4.5274,2.6495,12.1091,-1.5826,0.0494,-1.0001,0,1,0,0.67179,1
0.4845,4.5570,2.3935,12.1871,-0.6565,0.0084,-1.1740,0,1,0,0.77135,1
0.5465,4.9680,2.2368,12.2329,-0.0588,0.0651,-1.4852,0,1,0,0.51706,1
0.3905,3.9711,2.6608,12.0737,1.7197,0.0085,-0.8300,0,1,0,0.77351,1
0.4521,4.4716,2.5098,11.9550,-2.5908,0.0204,-0.8877,0,1,0,0.37356,1
0.4225,4.3132,2.6029,12.7221,-2.9822,0.0144,-1.4958,0,1,1,1.06900,1
0.3680,3.9830,2.7788,11.9594,3.1399,0.0262,-0.7138,0,1,0,0.54203,1
0.3403,3.7196,2.8444,12.7182,2.8013,0.1579,-1.4056,0,1,0,1.44360,1
0.3945,4.1818,2.7018,11.9724,-3.0168,0.0475,-0.8094,0,1,0,0.50430,3
0.5079,5.4131,2.4749,11.7480,-0.2066,0.0103,-0.7946,0,1,0,0.22958,1
0.5001,4.6727,2.3562,11.7077,0.7950,0.0224,-0.7508,0,1,0,0.29574,3
0.3966,4.3600,2.7413,13.2821,-3.0822,0.0553,-1.9709,0,1,1,1.98057,1
0.4398,4.4821,2.5670,11.8005,-2.5988,0.0436,-0.7526,0,1,0,0.40566,1
0.4546,4.5804,2.5249,12.8240,-1.7934,0.0142,-1.7200,0,1,1,1.24164,1
0.5718,5.6745,2.2649,12.5869,-0.6843,0.0629,-1.9959,0,1,1,0.87716,1
0.4394,4.6077,2.5999,12.5222,-2.2476,0.0034,-1.3552,0,2,0,1.25191,1
0.5408,5.7049,2.3924,12.3249,-0.8784,0.0425,-1.5445,0,1,0,0.57086,1
0.4377,4.2945,2.5292,11.9026,-3.0511,0.0183,-0.8055,0,1,0,0.36501,1
0.4326,4.3068,2.5552,11.8382,-2.7564,0.0601,-0.7925,0,1,0,0.55455,1
0.4660,4.7182,2.5073,12.2095,2.8913,0.0427,-1.1959,0,1,0,0.99554,1
0.3722,3.9302,2.7403,12.5897,-2.6039,0.0610,-1.2698,0,1,0,1.20327,1
0.4005,4.3815,2.7272,13.0726,-2.4886,0.0757,-1.8310,0,1,1,1.57023,1
0.4455,4.3843,2.5175,11.9591,1.3120,0.0101,-0.8625,0,1,0,0.29383,3
0.4687,4.3869,2.4192,11.9170,-2.0326,0.0254,-0.8948,0,1,0,0.53113,1
0.5888,5.5701,2.1842,12.2488,0.6727,0.0319,-1.5835,0,0,0,0.00000,1
0.4966,5.0497,2.4495,11.8941,1.9468,0.0429,-0.9596,0,1,0,0.45443,3
0.4822,5.2051,2.5436,11.8969,1.5754,0.0657,-0.9612,0,1,0,0.50287,1
0.4648,4.8360,2.5393,11.9058,2.5251,0.0748,-0.9426,0,1,0,0.42222,1
0.4926,4.9952,2.4548,11.8403,1.2960,0.0139,-0.8589,0,1,0,0.39052,3
0.5173,5.5970,2.4704,12.2185,-2.4252,0.0615,-1.3813,0,1,0,0.58788,1
0.3797,4.0863,2.7490,11.8512,2.8776,0.0153,-0.6418,1,1,0,0.36662,1
0.5278,5.5733,2.4223,11.8891,-0.5305,0.0084,-0.9803,0,1,0,0.31617,1
0.4252,4.5949,2.6630,11.7674,-1.7446,0.0072,-0.6511,0,1,0,0.31546,1
0.3292,3.6120,2.8706,13.1220,2.4321,0.0332,-1.4718,0,1,0,1.99766,1
0.3773,4.1286,2.7737,12.2341,-2.3302,0.0214,-0.9425,0,1,1,0.63973,1
0.4997,5.4535,2.5182,12.3843,1.3213,0.0450,-1.4819,0,0,3,0.70869,1
0.5143,5.3946,2.4443,11.7936,1.3636,0.0474,-0.9012,0,1,0,0.35291,3
0.3963,4.2399,2.7090,11.9164,-3.0362,0.0306,-0.7464,0,1,0,0.55308,3
0.3811,3.9591,2.7036,12.2047,-1.8110,0.0135,-0.9178,0,2,0,0.95879,1
0.4654,4.6390,2.4919,12.0768,-1.1711,0.0138,-1.0250,0,1,0,0.42417,1
0.4375,4.2935,2.5299,12.1096,-2.0290,0.0155,-0.9862,0,1,0,0.66390,1
0.4996,4.8000,2.3850,11.9938,-0.4575,0.0251,-1.0423,0,1,0,0.51070,1
0.4782,5.0606,2.5303,13.1655,-2.8246,0.0203,-2.1941,0,1,1,1.76492,1
0.3942,4.0804,2.6744,11.8052,2.3221,0.0636,-0.6939,0,1,0,0.30658,3
0.4316,4.2664,2.5495,12.2663,-0.4285,0.0018,-1.0920,0,1,0,0.79451,1
0.4206,4.2712,2.6007,11.6864,-3.0512,0.0623,-0.6418,0,1,0,0.38104,1
0.5436,4.9961,2.2526,11.9688,-1.0412,0.0232,-1.1183,0,1,0,0.61948,1
0.4343,4.7307,2.6539,12.1840,2.6089,0.1449,-1.2249,0,1,0,0.79161,1
0.3704,4.0442,2.7845,13.1823,3.1008,0.0825,-1.8014,1,2,2,1.71211,1
0.4527,4.8628,2.5999,11.8264,1.8989,0.0468,-0.8065,0,1,0,0.28481,3
0.4724,4.7724,2.4921,12.1344,1.0706,0.0110,-1.0954,0,1,0,0.49937,1
0.4841,5.2896,2.5527,11.8846,2.3903,0.0884,-0.9828,0,1,0,0.22871,1
0.4055,4.2657,2.6708,12.9765,-2.4920,0.0471,-1.7157,0,0,3,1.32037,1
0.5037,4.8115,2.3709,11.9979,-2.1382,0.0092,-1.0343,0,1,0,0.38297,1
0.3387,3.6744,2.8379,13.0373,2.4333,0.0342,-1.4516,0,1,1,2.01635,1
0.3432,3.7016,2.8220,11.8130,-2.8702,0.1157,-0.6691,0,1,0,0.47188,3
0.4315,4.4120,2.5871,12.2419,2.5228,0.0310,-1.1123,0,1,1,0.92234,1
0.4297,4.6026,2.6438,11.9237,2.5751,0.0861,-0.8961,0,1,0,0.33280,3
0.5041,5.1477,2.4380,12.1496,-0.6284,0.0144,-1.2019,0,1,0,0.47712,1
0.4739,4.9930,2.5345,11.9348,-1.3590,0.0512,-0.9603,0,1,0,0.51463,1
0.4495,4.7369,2.5849,11.7535,-2.9527,0.0501,-0.7375,0,1,0,0.15372,1
0.4085,4.2196,2.6440,11.8421,-2.7492,0.0134,-0.6882,0,1,0,0.41234,3
0.5074,4.7271,2.3386,11.7280,-0.7851,0.0067,-0.7645,0,1,0,0.45165,3
0.4241,4.1961,2.5649,12.1824,-1.8600,0.0507,-1.0657,0,1,0,0.63206,1
0.3918,4.0492,2.6768,12.5889,2.9737,0.0634,-1.3418,0,1,0,1.40721,1
0.4933,5.0080,2.4544,11.8839,-2.0788,0.0077,-0.8957,0,1,0,0.20412,3
0.3722,4.0334,2.7721,11.8754,2.9825,0.0725,-0.7173,0,1,0,0.59558,3
0.5059,5.0848,2.4179,11.9121,0.7125,0.0087,-0.9532,0,1,0,0.42835,3
0.5812,5.8735,2.2610,12.9649,-0.2141,0.0077,-2.4196,0,1,0,1.57894,1
0.4141,4.4930,2.6902,12.1969,2.1317,0.0148,-1.0029,0,1,0,0.85925,1
0.3857,4.0599,2.7102,11.7285,2.2095,0.0190,-0.5629,0,1,1,0.37195,1
0.4586,4.7530,2.5479,12.4789,-2.5326,0.0400,-1.4341,0,1,1,1.12059,1
0.5921,5.4051,2.1455,12.4995,-0.3835,0.0167,-1.8800,0,1,1,0.88580,1
0.4508,4.5187,2.5270,11.5981,1.0179,0.0091,-0.5489,0,1,0,0.28984,1
0.4179,4.5020,2.6740,12.9761,-2.9542,0.0280,-1.7367,0,1,0,1.43341,1
0.4121,4.1587,2.6100,11.9886,2.2318,0.0678,-0.8895,0,1,0,0.70607,3
0.4566,4.7525,2.5565,12.0791,1.1600,0.0189,-1.0132,0,1,0,0.66279,1
0.4620,4.3155,2.4300,12.4117,1.0427,0.0190,-1.3446,0,1,0,1.04391,1
0.4022,4.2214,2.6751,11.9239,3.0223,0.0212,-0.7525,0,1,0,0.36158,3
0.5504,5.2967,2.2821,11.9899,1.5520,0.0130,-1.1461,0,1,0,0.55947,1
0.4077,4.3727,2.6895,12.3305,1.9386,0.0064,-1.0874,0,1,0,0.84360,1
0.3816,4.0375,2.7245,11.9040,2.8286,0.0528,-0.7339,0,1,0,0.43891,3
0.4032,4.4145,2.7229,11.6606,2.4483,0.1992,-0.7576,0,1,0,0.30874,1
0.3719,3.9211,2.7393,12.1341,-3.1142,0.0312,-0.8627,0,1,0,0.90808,3
0.3284,3.6146,2.8764,12.0274,-2.9530,0.2100,-0.9120,0,1,0,0.78034,1
0.4903,5.1690,2.5008,12.1695,1.2575,0.0301,-1.2072,0,1,0,0.25745,1
0.4663,4.8188,2.5291,12.3373,-0.7952,0.0061,-1.2694,0,1,0,0.85094,1
0.3928,3.9644,2.6474,11.9913,-2.1575,0.0115,-0.7733,0,1,0,0.60022,3
0.4764,4.8311,2.4879,12.1662,-1.1230,0.0040,-1.1276,0,1,0,0.67119,1
0.4403,4.3041,2.5203,11.8258,1.5649,0.0016,-0.7212,0,1,0,0.21510,3
0.4140,4.2971,2.6387,11.7724,-3.0243,0.0001,-0.6248,0,1,0,0.50635,1
0.4207,4.4402,2.6449,12.7046,-2.7407,0.0295,-1.4975,0,1,0,1.51772,1
0.3550,3.9047,2.8241,12.4312,3.0670,0.1333,-1.1890,0,1,0,1.05866,1
0.4055,4.1101,2.6280,11.9649,2.6436,0.0976,-0.8935,0,1,0,0.53997,1
0.3665,3.8688,2.7507,11.9458,-3.1043,0.0811,-0.7708,0,1,0,0.45625,3
0.3418,3.7244,2.8375,12.8798,2.6610,0.0819,-1.4206,0,1,1,1.32722,1
0.5262,5.2083,2.3600,12.0044,1.0082,0.0216,-1.1151,0,1,0,0.18821,3
0.4108,4.4126,2.6852,12.4179,-2.4300,0.1089,-1.3208,0,1,0,0.85587,1
0.5316,5.2041,2.3377,11.9892,0.8451,0.0912,-1.2076,0,1,0,0.32750,1
0.4297,4.3630,2.5828,11.6712,-2.7936,0.0194,-0.5911,0,1,0,0.36312,3
0.4437,4.5320,2.5616,12.5197,3.0107,0.0139,-1.3828,0,1,0,1.12783,1
0.5445,5.4892,2.3391,12.4128,-1.8029,0.0210,-1.6234,0,1,0,0.77260,1
0.4890,4.5947,2.3838,11.9627,-0.5431,0.0423,-1.0084,0,1,0,0.66394,1
0.3997,4.0528,2.6395,12.8814,2.6018,0.0446,-1.6003,1,0,2,1.02114,1
0.4897,4.5705,2.3757,11.5962,0.8792,0.0139,-0.6131,0,1,0,0.22198,3
0.4973,4.9701,2.4301,12.6886,-1.0867,0.0121,-1.7453,0,1,1,1.40338,1
0.3608,3.9518,2.8072,12.1788,-2.4524,0.1390,-1.0136,0,1,0,0.80619,3
0.5022,4.7274,2.3593,12.0702,-1.5920,0.0025,-1.0946,0,1,0,0.62148,1
0.5781,5.9130,2.2793,11.7451,-0.0933,0.0064,-0.9259,0,1,0,0.24099,3
0.3694,3.8962,2.7442,11.9408,-2.7999,0.0423,-0.7233,0,1,0,0.57434,3
0.3826,3.9856,2.7038,11.8191,1.8526,0.0149,-0.6220,0,1,0,0.30479,1
0.3780,4.0401,2.7439,12.2118,3.0504,0.0506,-0.9661,0,2,0,0.86044,3
0.3936,4.1466,2.6959,13.0927,1.8722,0.0049,-1.6931,0,1,1,1.78596,1
0.4308,4.6229,2.6435,11.9484,3.0189,0.1167,-0.9607,0,1,0,0.50698,1
0.3612,3.8758,2.7811,13.0425,2.8158,0.0444,-1.5730,0,1,1,1.89380,1
0.4806,4.9345,2.4926,12.2945,-2.4041,0.0299,-1.3050,0,1,1,0.73458,1
0.4547,4.9989,2.6222,12.4285,2.7188,0.0579,-1.3988,0,1,0,0.75352,3
0.4494,4.8539,2.6128,11.8839,2.6921,0.0171,-0.8143,0,1,0,0.42816,3
0.4645,4.3117,2.4188,11.4796,0.8135,0.0443,-0.5040,0,1,0,0.14962,1
0.6162,6.0574,2.1571,11.8195,0.2096,0.0305,-1.1267,0,1,0,0.51907,3
0.3466,3.7908,2.8331,11.7095,-3.1413,0.0255,-0.4919,0,1,0,0.20010,1
0.4727,4.8242,2.5022,11.9303,-0.4291,0.0029,-0.8888,0,1,0,0.44371,1
0.3704,4.0400,2.7836,11.8507,-2.2719,0.1174,-0.7510,0,1,0,0.50639,3
0.3933,4.2200,2.7186,11.6365,-2.8233,0.0186,-0.5038,0,1,0,0.28942,1
0.4643,4.7059,2.5121,12.4649,-0.6776,0.0066,-1.3880,0,1,0,1.16582,1
0.4442,4.2461,2.4888,11.6500,-0.7672,0.0528,-0.6374,0,1,0,0.39906,1
0.4588,4.7449,2.5450,12.1225,2.9988,0.0183,-1.0588,0,1,0,0.74753,3
0.4249,4.3944,2.6130,11.9343,1.5838,0.0387,-0.8332,0,1,0,0.54423,1
0.3753,3.9442,2.7286,12.2089,-2.9109,0.0860,-1.0054,0,1,1,0.73508,1
0.5051,5.0078,2.4056,11.8961,2.9179,0.0000,-0.9230,0,1,0,0.36405,3
0.3896,4.0381,2.6844,11.9646,2.1843,0.0617,-0.8108,0,1,0,0.75596,3
0.4576,4.5918,2.5144,11.7904,3.0426,0.0220,-0.7503,0,1,0,0.45356,1
0.3663,3.8666,2.7512,12.5984,-2.6651,0.0242,-1.2004,0,1,1,1.31253,1
0.4585,4.6497,2.5243,12.2029,-0.7853,0.0079,-1.1191,0,1,0,0.91606,1
0.4655,4.4876,2.4563,12.0596,3.1066,0.0012,-0.9903,0,1,0,0.54152,1
0.3968,4.0951,2.6658,12.5145,-1.4391,0.0224,-1.2323,0,1,1,1.03530,1
0.5649,5.2936,2.2265,12.1358,-0.8359,0.0175,-1.3561,0,1,0,0.47449,1
0.5792,5.4249,2.1960,12.0592,-0.4658,0.0190,-1.3072,0,1,0,0.58946,1
0.3450,3.7330,2.8225,11.9008,-2.1347,0.0380,-0.6382,0,1,0,0.23846,1
0.5184,4.8209,2.3149,12.2671,1.0819,0.0040,-1.3476,0,1,0,0.92981,1
0.4821,5.2878,2.5614,12.5897,-2.9917,0.0191,-1.5988,0,1,2,1.26876,1
0.3975,4.0855,2.6594,11.8360,2.1958,0.0297,-0.6823,0,1,0,0.20246,3
0.4119,4.2742,2.6427,12.4793,2.6365,0.0867,-1.3483,0,1,0,1.31749,1
0.4201,4.3819,2.6323,12.3616,-2.8581,0.0626,-1.2324,0,1,1,0.94371,1
0.3737,4.0209,2.7602,11.6695,-2.1520,0.0194,-0.4991,0,1,0,0.23580,1
0.4471,4.6145,2.5663,12.1173,1.1951,0.0035,-1.0031,0,1,0,0.71365,1
0.4029,4.2480,2.6788,12.8051,1.6940,0.0246,-1.5116,0,1,0,1.37736,1
0.3837,4.2293,2.7700,11.9010,-2.8617,0.0567,-0.7410,0,1,0,0.33929,2
0.4686,4.8564,2.5273,13.0405,1.0112,0.0128,-2.0007,0,1,1,1.74837,1
0.3714,4.0441,2.7794,13.0514,2.8175,0.0623,-1.6563,0,1,0,1.74601,1
0.3452,3.7765,2.8364,12.1320,-2.6672,0.0923,-0.8753,0,1,0,0.80899,3
0.5486,5.0323,2.2406,11.8096,-1.1632,0.0253,-0.9569,0,1,0,0.50597,1
0.4948,4.5665,2.3542,12.1186,1.5853,0.0305,-1.1640,1,1,1,0.56045,1
0.4587,4.6035,2.5125,12.8603,-2.1473,0.0047,-1.7567,0,1,2,1.51536,1
0.5845,5.4112,2.1743,12.4981,-0.0871,0.0221,-1.8609,0,1,0,1.06653,1
0.4626,4.9524,2.5756,12.0599,2.6007,0.0575,-1.0629,0,1,0,0.64726,3
0.5297,5.2076,2.3460,12.3918,1.4165,0.0169,-1.5426,0,1,1,0.98006,1
0.4160,4.4751,2.6762,11.9591,-2.6453,0.1268,-0.9497,0,0,0,0.00000,1
0.4519,4.3766,2.4877,12.1419,1.6368,0.0063,-1.0400,0,1,0,0.31831,1
0.4140,4.3239,2.6459,11.8749,2.6279,0.0328,-0.7517,0,1,1,0.51691,3
0.4261,4.2040,2.5579,11.4875,-0.1898,0.0074,-0.4164,0,1,0,0.21529,1
0.3816,4.1891,2.7693,12.7161,-1.9246,0.0345,-1.3680,0,2,0,0.77960,1
0.4368,4.7359,2.6433,11.7693,-2.3582,0.0173,-0.6871,0,1,0,0.42693,3
0.4057,4.1215,2.6300,12.5911,1.6331,0.0047,-1.3015,0,1,1,1.54150,1
0.4101,4.2932,2.6564,11.6673,-2.7572,0.0202,-0.5567,0,1,0,0.26961,3
0.4575,4.9654,2.6014,12.1340,-3.1006,0.0988,-1.1774,0,1,0,0.90766,1
0.5347,4.9772,2.2830,12.0874,1.2531,0.0269,-1.2319,0,1,0,0.23347,1
0.3731,3.8782,2.7198,12.8510,2.2372,0.0203,-1.4242,0,1,1,1.53812,1
0.4042,4.1397,2.6425,11.7735,-2.9519,0.0957,-0.7271,0,1,0,0.26452,1
0.4978,4.8439,2.4015,12.0543,1.6910,0.0456,-1.1286,0,1,0,0.57583,1
0.5402,5.3298,2.3276,12.4682,0.8076,0.0103,-1.6542,0,1,0,1.03268,1
0.4718,4.6863,2.4752,11.9589,-3.0939,0.0096,-0.9220,0,1,0,0.45478,3
0.3772,3.9843,2.7311,11.9233,2.8432,0.0069,-0.6811,0,2,0,0.39199,1
0.5218,5.2893,2.3934,12.4270,0.8828,0.0358,-1.5857,1,1,0,0.54984,1
0.4965,5.4036,2.5219,11.8881,-2.7938,0.0622,-0.9799,0,1,0,0.30189,1
0.4738,4.9098,2.5166,11.9548,-2.4178,0.0662,-0.9991,0,1,0,0.49732,1
0.4234,4.6321,2.6810,12.1076,2.0992,0.0067,-0.9393,0,1,0,0.61835,1
0.4717,4.3210,2.3918,11.8350,0.7656,0.0217,-0.8175,0,1,0,0.27213,1
0.3716,4.0746,2.7875,12.1274,-3.0465,0.0350,-0.8622,0,1,0,0.47163,3
0.4477,4.6831,2.5802,12.0661,2.2276,0.0190,-0.9789,0,1,0,0.64583,3
0.4586,4.9219,2.5867,12.0256,1.3296,0.0504,-1.0105,0,1,0,0.67218,1
0.5872,5.9630,2.2521,12.0209,-1.8812,0.0492,-1.3295,0,1,0,0.39458,1
0.3624,3.9383,2.7945,13.3350,2.7012,0.0695,-1.8724,0,1,2,2.00858,1
0.5342,5.3627,2.3573,12.1179,1.2902,0.0281,-1.2692,0,1,0,0.18660,1
0.3849,4.2462,2.7688,11.9811,2.0808,0.0276,-0.7697,0,0,0,0.00000,0
0.5591,5.1099,2.2157,12.1882,0.3755,0.0656,-1.4713,0,1,0,0.74214,1
0.4651,4.6070,2.4855,11.9607,-0.0818,0.0069,-0.9048,0,1,0,0.51965,1
0.3579,3.8339,2.7852,11.8027,3.0731,0.0452,-0.6016,0,1,0,0.33939,3
0.3533,3.8395,2.8123,12.3706,2.4109,0.0668,-1.0425,0,1,0,1.06118,3
0.4455,4.2175,2.4758,11.7255,-2.1392,0.0249,-0.6715,0,1,0,0.29866,1
0.4106,4.2443,2.6408,12.2772,2.8178,0.0500,-1.1109,0,1,0,0.70637,1
0.3669,3.8223,2.7343,12.5003,2.4225,0.0591,-1.1763,0,1,0,1.32504,1
0.4311,4.2179,2.5389,11.6845,0.2792,0.0088,-0.5910,0,1,0,0.23389,1
0.5006,4.8598,2.3934,11.9952,0.0503,0.0171,-1.0355,0,1,0,0.28327,1
0.4455,4.4196,2.5263,11.8811,-1.9066,0.0652,-0.8644,0,1,0,0.62362,3
0.4756,4.8907,2.5044,12.1788,2.5792,0.0064,-1.1417,0,1,0,0.80248,3
0.3653,3.9116,2.7707,11.8616,3.0236,0.1255,-0.7598,0,1,0,0.40299,1
0.4876,5.0090,2.4789,12.0954,1.5355,0.0064,-1.0913,0,0,0,0.00000,3
0.4444,4.2218,2.4816,11.8644,3.0628,0.0240,-0.7923,0,1,0,0.52053,1
0.5229,5.5958,2.4466,12.1642,-2.8682,0.0473,-1.3178,0,1,0,0.62550,1
0.3439,3.7253,2.8264,12.8064,-2.9734,0.1063,-1.4098,0,1,0,1.59059,1
0.4629,5.1026,2.6077,12.7185,-1.6396,0.0084,-1.6415,0,1,0,1.41998,0
0.5481,5.4344,2.3154,11.8547,-1.0345,0.0490,-1.0402,0,1,0,0.38093,3
0.3305,3.6194,2.8655,11.8689,2.7571,0.1588,-0.7378,0,1,0,0.68546,3
0.4634,4.8877,2.5573,11.7387,2.7491,0.0815,-0.7895,0,1,0,0.26915,1
0.4305,4.7005,2.6645,12.4205,-2.7473,0.0188,-1.2556,0,1,0,0.99913,3
0.5298,4.9474,2.2958,11.7992,1.8969,0.0146,-0.8927,0,1,0,0.30892,1
0.4080,4.1679,2.6323,11.5173,-2.5703,0.0049,-0.4142,0,1,0,0.19216,3
0.4623,4.4488,2.4606,11.9200,-1.9347,0.0008,-0.8512,0,1,0,0.49333,1
0.3367,3.6870,2.8535,12.8179,3.0841,0.0196,-1.2533,0,1,2,1.57302,1
0.4072,4.4601,2.7154,13.0248,2.9025,0.0054,-1.6958,0,1,1,1.31049,1
0.4613,4.9569,2.5823,11.8662,-3.0651,0.0576,-0.8754,0,1,0,0.40073,1
0.4183,4.5156,2.6759,12.2072,1.7391,0.0088,-1.0149,0,1,0,0.93362,1
0.3520,3.8490,2.8223,12.0713,-2.3136,0.0689,-0.8164,0,1,1,0.71132,1
0.4326,4.3384,2.5633,11.7090,-2.4556,0.0083,-0.6145,0,1,0,0.27428,3
0.5268,4.8104,2.2807,12.0170,-0.3584,0.0644,-1.1873,0,1,0,0.77905,1
0.3825,4.0188,2.7142,11.7249,-2.4798,0.2031,-0.7813,0,1,0,0.17324,1
0.4271,4.3770,2.5986,11.7570,1.5612,0.0156,-0.6551,0,1,0,0.57901,1
0.4604,4.5288,2.4878,11.9950,-0.0673,0.0054,-0.9235,0,1,0,0.43187,1
0.4745,5.1479,2.5654,11.9191,3.0459,0.0830,-0.9883,0,1,0,0.37841,1
0.4433,4.2047,2.4823,11.8820,0.6960,0.0071,-0.7834,0,1,0,0.36511,1
0.4801,4.5961,2.4202,11.7626,-0.2493,0.0158,-0.7589,0,1,0,0.29367,1
0.4840,5.1209,2.5178,12.7441,1.8168,0.0021,-1.7388,0,1,0,1.66134,1
0.4516,4.6254,2.5491,12.2787,-2.9207,0.0394,-1.2166,0,0,0,0.00000,1
0.4551,4.8280,2.5809,11.8599,-0.7686,0.0032,-0.7863,0,1,0,0.27546,1
0.3665,3.8573,2.7472,11.7918,-1.7998,0.0447,-0.6086,0,1,0,0.27666,1
0.3388,3.6925,2.8437,12.0035,3.0369,0.1604,-0.8546,0,1,0,0.65772,1
0.4148,4.4088,2.6645,12.9099,-1.8910,0.0151,-1.6398,0,1,1,1.51303,1
0.4167,4.0858,2.5690,11.7709,2.4375,0.0119,-0.6422,0,1,0,0.41820,3
0.4339,4.4879,2.5954,11.7052,0.4071,0.0037,-0.6084,0,1,0,0.23189,1
0.4080,4.3491,2.6818,11.8460,2.3494,0.1049,-0.8068,0,1,0,0.42498,3
0.4853,4.3854,2.3520,12.3774,-1.4940,0.0257,-1.3937,0,1,0,0.88577,1
0.4052,4.3040,2.6831,11.8981,-2.9106,0.0751,-0.8070,0,1,0,0.40693,3
0.3715,4.0128,2.7693,12.6923,-2.7663,0.0093,-1.2716,0,1,0,1.36696,1
0.3999,4.1977,2.6795,11.9394,-1.6923,0.0107,-0.7468,0,1,0,0.55667,1
0.3943,4.1331,2.6889,11.8715,-2.6724,0.0638,-0.7479,0,1,0,0.27720,3
0.5098,5.2052,2.4258,12.5894,-0.2164,0.0031,-1.6718,0,1,0,1.15194,1
0.5178,5.4091,2.4325,11.8632,-2.8366,0.0437,-0.9766,0,1,0,0.51530,1
0.4716,4.3534,2.3997,12.0134,-1.8568,0.0045,-0.9642,0,1,0,0.58049,1
0.4232,4.2767,2.5900,11.7543,1.2607,0.0653,-0.7080,0,1,0,0.33378,1
0.4602,4.8949,2.5734,12.7815,-1.9833,0.0002,-1.6790,0,1,1,1.26123,1
0.3756,4.1327,2.7841,11.4525,-2.4301,0.0513,-0.3786,0,1,0,0.15297,1
0.4081,4.4024,2.6956,13.2008,-1.9899,0.0111,-1.8707,0,1,1,1.96557,1
0.4909,4.6595,2.3899,11.8029,1.2586,0.0135,-0.8161,0,1,0,0.19636,3
0.4426,4.4919,2.5570,12.0015,1.8647,0.0352,-0.9285,0,1,0,0.55581,3
0.4290,4.3559,2.5843,11.8366,2.2543,0.0213,-0.7342,0,1,0,0.41607,3
0.3709,3.8693,2.7285,11.8690,-2.9245,0.0084,-0.6289,0,1,0,0.51434,1
0.4762,4.8576,2.4946,12.1906,0.7812,0.0057,-1.1538,0,1,0,0.51610,1
0.3958,4.3502,2.7426,12.9952,2.3479,0.0461,-1.6875,1,2,0,1.86945,1
0.4365,4.5915,2.6090,11.8927,-2.9404,0.0232,-0.8021,0,1,0,0.46515,3
0.5011,4.6881,2.3553,11.8327,1.7419,0.0243,-0.8805,0,1,0,0.46404,1
0.3410,3.6871,2.8294,12.0983,-2.8437,0.2016,-0.9848,0,1,0,0.66839,1
0.3709,3.9893,2.7655,11.6627,-2.8250,0.1398,-0.6347,0,1,0,0.25763,1
0.3909,4.2512,2.7393,11.5901,-2.8440,0.0507,-0.5025,0,1,0,0.23495,3
0.4179,4.4172,2.6522,12.0752,-2.5030,0.0583,-0.9656,0,1,0,0.16849,3
0.4466,4.7627,2.6042,11.9698,-2.8431,0.0241,-0.8952,1,1,0,0.35643,3
0.5009,4.7304,2.3652,12.0850,0.7204,0.0740,-1.2079,0,1,0,0.73100,1
0.4931,4.8222,2.4159,11.6926,1.0952,0.0452,-0.7534,0,1,0,0.40294,3
0.4312,4.3447,2.5714,11.8012,-2.4042,0.0735,-0.7743,0,1,0,0.44457,1
0.3997,4.2394,2.6923,12.3626,2.9350,0.0376,-1.1346,0,1,0,1.12564,3
0.4336,4.7166,2.6534,12.0793,2.6689,0.0975,-1.0614,0,1,0,0.59286,1
0.4657,4.8220,2.5322,12.2143,-0.9686,0.0173,-1.1642,0,1,0,0.79068,1
0.3909,4.0971,2.6953,12.1985,2.8387,0.0379,-0.9726,0,1,0,0.99064,3
0.4084,4.1442,2.6237,11.5222,-1.9088,0.0622,-0.4866,0,1,0,0.25705,3
0.4300,4.2783,2.5598,11.8180,1.2872,0.0218,-0.7204,0,1,0,0.49235,1
0.3764,4.0709,2.7615,12.4585,-2.6807,0.0534,-1.1647,0,1,1,1.08373,3
0.5105,4.6942,2.3196,11.9755,-0.1788,0.0611,-1.0983,0,1,0,0.19905,1
0.3677,3.9920,2.7830,12.0376,-2.8212,0.0934,-0.8598,0,1,0,0.78295,3
0.4550,4.4944,2.5027,11.8206,1.6137,0.0243,-0.7755,0,1,0,0.18212,3
0.5151,4.9943,2.3627,11.9162,0.2622,0.0385,-1.0171,0,1,0,0.46527,1
0.4481,4.8570,2.6197,11.9230,3.0095,0.0252,-0.8576,0,1,0,0.49538,3
0.4656,4.6749,2.4992,11.9917,-0.7500,0.0025,-0.9296,0,1,0,0.43259,3
0.4200,4.1394,2.5683,12.0003,-1.5799,0.0263,-0.8622,0,1,0,0.46511,3
0.4443,4.2157,2.4806,11.8985,0.8053,0.0314,-0.8326,0,1,0,0.45473,1
0.3593,3.9202,2.8058,13.1145,2.8948,0.1147,-1.7464,0,1,1,1.91571,1
0.5467,5.5229,2.3366,11.7513,3.0812,0.0170,-0.8819,0,1,0,0.25752,1
0.4700,5.0052,2.5544,11.7755,-2.6781,0.0192,-0.7585,0,1,0,0.43274,3
0.4692,5.0178,2.5606,11.7917,2.1749,0.0339,-0.7909,0,1,0,0.26571,3
0.4451,4.5901,2.5695,11.7995,-1.2860,0.0485,-0.7685,0,1,0,0.34967,1
0.5443,5.2359,2.2945,11.8006,-0.9252,0.0335,-0.9505,0,1,0,0.32784,3
0.3937,4.0549,2.6694,12.3375,-1.9184,0.0068,-1.0511,0,1,0,1.07110,1
0.3636,4.0011,2.8076,12.1256,-2.1146,0.0434,-0.8520,0,1,0,0.52412,1
0.5122,4.9891,2.3731,11.7682,-0.2023,0.0320,-0.8488,0,1,0,0.28024,1
0.3400,3.6971,2.8387,13.3444,2.8590,0.1073,-1.8372,0,1,1,2.31572,1
0.4402,4.4688,2.5618,12.3115,-2.9511,0.0141,-1.1770,0,1,0,0.81527,1
0.3352,3.6441,2.8472,12.7568,-2.3570,0.0382,-1.2312,0,1,1,0.51162,1
0.3937,4.0981,2.6815,11.7507,-2.4588,0.0398,-0.6200,0,1,0,0.19724,3
0.5075,4.6135,2.3148,12.0068,-2.2449,0.0029,-1.0417,0,1,0,0.24689,1
0.4701,4.4229,2.4218,11.9233,-0.8839,0.0127,-0.8869,0,1,0,0.34747,1
0.4604,4.6988,2.5272,12.6040,1.8540,0.0031,-1.5065,0,1,1,1.07180,1
0.4661,4.9151,2.5514,11.6702,3.1166,0.0215,-0.6557,0,1,0,0.18187,3
0.3997,4.3992,2.7362,11.8244,-2.7591,0.0056,-0.6481,0,1,0,0.31819,1
0.4343,4.1904,2.5175,11.7318,2.7000,0.0375,-0.6732,0,1,0,0.24240,1
0.4740,4.7755,2.4859,12.7451,-1.3211,0.0210,-1.7290,0,1,1,1.14818,1
0.4310,4.5085,2.6137,11.8541,1.3350,0.0059,-0.7344,0,1,0,0.40477,1
0.3880,4.1797,2.7336,11.5962,-2.2345,0.0199,-0.4662,0,1,0,0.15931,1
0.4325,4.3915,2.5773,11.8813,-1.3359,0.0263,-0.7868,0,1,0,0.60513,1
0.5631,5.3176,2.2374,11.7692,0.1983,0.0506,-0.9771,0,1,0,0.43666,1
0.4634,4.4173,2.4486,11.6624,0.7246,0.0342,-0.6577,0,1,0,0.17924,1
0.3697,4.0436,2.7885,11.6754,-2.2192,0.0340,-0.5148,0,1,0,0.28606,1
0.3867,4.0386,2.6989,11.7880,2.8175,0.0971,-0.7082,0,1,0,0.19110,1
0.3524,3.8195,2.8104,12.0623,2.9149,0.1345,-0.8967,0,1,0,0.67522,3
0.4183,4.4521,2.6595,11.9364,-2.4194,0.0680,-0.8587,0,1,0,0.40234,3
0.4076,4.2736,2.6631,12.2016,1.5443,0.0213,-0.9974,0,1,0,1.02517,1
0.3891,3.9768,2.6689,11.5436,-2.0164,0.0530,-0.4664,0,1,0,0.23572,3
0.5146,5.0066,2.3672,12.0212,0.2568,0.0223,-1.1040,0,0,0,0.00000,1
0.3791,4.1790,2.7792,11.9363,2.6787,0.1953,-0.9360,0,1,0,0.27276,0
0.5193,4.7464,2.2967,11.7727,0.3143,0.0415,-0.8783,0,1,0,0.51878,1
0.3667,3.8655,2.7489,12.0973,-2.4432,0.0407,-0.8342,0,2,0,0.76721,3
0.4195,4.1280,2.5676,11.6760,-3.0121,0.0268,-0.5869,0,1,0,0.32952,1
0.4045,4.1407,2.6415,11.7953,-2.3868,0.0398,-0.6754,0,0,0,0.00000,3
0.4229,4.2024,2.5720,12.4681,2.3847,0.0356,-1.2976,0,1,1,1.04930,1
0.4387,4.2950,2.5248,11.7701,-2.4731,0.0430,-0.7222,0,1,0,0.16344,1
0.4427,4.4580,2.5482,12.4921,2.9308,0.0146,-1.3537,0,1,1,0.94740,1
0.3667,3.9254,2.7675,12.3094,2.9367,0.0132,-0.9599,0,1,1,0.80007,1
0.4016,4.2136,2.6754,11.7156,3.0872,0.0035,-0.5612,0,1,0,0.30771,1
0.5003,5.1781,2.4602,12.9871,0.3603,0.0016,-2.0675,0,1,2,1.51994,1
0.4307,4.6840,2.6591,11.8814,1.9790,0.0154,-0.7705,0,1,0,0.57651,1
0.4304,4.6811,2.6600,11.9548,-2.3324,0.0193,-0.8389,0,1,0,0.19083,1
0.3708,3.8694,2.7287,12.4268,2.6018,0.0171,-1.0688,0,1,1,1.08591,1
0.4184,4.2614,2.6083,12.0220,-1.1365,0.0042,-0.8482,0,1,0,0.38348,1
0.4418,4.3444,2.5238,12.6118,2.4224,0.0321,-1.4917,0,1,1,1.01801,1
0.4405,4.2042,2.4942,12.6686,2.4693,0.0215,-1.5233,0,1,2,1.19656,1
0.4202,4.4988,2.6625,11.8004,-2.0358,0.0493,-0.7220,0,1,0,0.33670,3
0.4809,4.5117,2.3979,12.1816,-0.3712,0.0288,-1.1880,0,1,1,0.64561,1
0.5081,4.8703,2.3654,11.5251,0.7501,0.1048,-0.6850,0,1,0,0.22208,1
0.4245,4.4875,2.6390,11.6838,-1.7899,0.0087,-0.5806,0,1,0,0.41484,1
0.4815,4.8308,2.4663,12.2484,-1.1132,0.0382,-1.2724,0,1,0,0.16913,1
0.5649,5.2066,2.2114,11.8272,-0.5500,0.0529,-1.0492,0,1,0,0.17085,1
0.4015,4.1590,2.6607,12.0633,-1.9891,0.0117,-0.8529,0,1,0,0.37910,1
0.3664,4.0226,2.7993,12.4967,3.0973,0.0992,-1.2298,0,1,0,0.58537,3
0.4462,4.4887,2.5398,12.2862,-2.9689,0.0017,-1.1532,0,1,0,0.85083,1
0.4375,4.8024,2.6562,13.2212,2.7425,0.0519,-2.1105,0,1,0,1.93350,1
0.4368,4.2814,2.5300,12.0238,-2.2984,0.0397,-0.9403,0,1,0,0.59603,1
0.4242,4.4733,2.6369,11.7497,-3.1327,0.1051,-0.7557,0,1,0,0.16572,1
0.3952,4.3012,2.7319,12.1270,2.0108,0.0176,-0.8982,0,1,0,0.80617,1
0.4620,4.4680,2.4665,11.7975,-2.0526,0.0076,-0.7461,0,1,0,0.19373,3
0.3970,3.9766,2.6305,11.5862,-2.9931,0.0351,-0.4893,0,1,0,0.27797,2
0.4051,4.1778,2.6489,11.9109,1.5949,0.0094,-0.7326,0,1,0,0.61896,1
0.4783,4.3636,2.3749,12.3620,-0.9733,0.0013,-1.3185,0,1,0,0.37899,1
0.5074,5.2369,2.4424,11.9953,2.3706,0.0357,-1.0793,0,1,0,0.39615,1
0.3707,4.0550,2.7866,11.7768,2.8906,0.0433,-0.6033,0,1,0,0.44639,3
0.5235,5.1476,2.3594,11.9952,1.1533,0.0253,-1.1031,0,1,0,0.43662,1
0.3729,4.0277,2.7665,12.2695,-3.0446,0.0934,-1.0572,0,1,0,0.93773,3
0.3877,4.2804,2.7639,12.3735,2.8861,0.1050,-1.2031,0,1,0,1.19009,2
0.3899,3.9924,2.6698,12.1583,2.3028,0.0071,-0.8947,0,1,0,0.98687,1
0.5238,5.2366,2.3752,12.0117,-1.3549,0.0442,-1.1483,0,1,0,0.20516,3
0.4673,4.3593,2.4188,12.0284,-1.6838,0.0496,-1.0312,0,1,0,0.65038,1
0.4078,4.0876,2.6110,12.0817,-3.1325,0.0292,-0.9065,0,1,0,0.65384,3
0.3435,3.6949,2.8181,11.8586,2.0092,0.0523,-0.6233,0,1,0,0.48182,1
0.4618,4.6401,2.5078,11.8140,-0.6252,0.0101,-0.7651,0,1,0,0.35687,1
0.4522,4.6259,2.5467,12.1050,-0.1672,0.0032,-1.0039,0,1,0,0.24789,1
0.5942,5.5793,2.1658,12.1002,-0.6744,0.0625,-1.4612,0,1,0,0.41629,1
0.5453,5.6994,2.3735,12.1154,1.2638,0.0301,-1.3013,0,1,0,0.20501,3
0.3488,3.7621,2.8115,12.9856,-2.4550,0.0414,-1.4673,0,1,1,1.86457,1
0.4065,4.0357,2.6023,11.9953,-2.7255,0.0324,-0.8351,0,1,0,0.77904,3
0.3965,4.2141,2.7008,11.9450,2.8964,0.0980,-0.8569,0,1,0,0.35946,1
0.4796,4.6307,2.4301,12.2809,-1.1440,0.0198,-1.2716,0,1,0,0.82848,1
0.4050,4.3170,2.6876,13.2212,2.9450,0.0359,-1.9204,0,1,1,0.91096,1
0.4519,4.5414,2.5276,12.3479,2.0240,0.0335,-1.2748,0,1,0,1.10929,1
0.4104,4.1759,2.6230,12.4386,-2.7790,0.0588,-1.2653,1,1,1,1.05493,1
0.3543,3.8116,2.7979,12.9939,-3.0308,0.0474,-1.5076,0,1,0,1.76310,1
0.4099,4.1944,2.6302,11.7588,2.8911,0.0023,-0.6086,0,1,0,0.36940,1
0.4349,4.4444,2.5799,11.6826,1.7568,0.0038,-0.5906,0,1,0,0.31543,1
0.4974,5.1086,2.4581,11.7766,0.9564,0.0713,-0.8797,0,1,0,0.27224,1
0.4845,5.1862,2.5296,12.9210,-2.5157,0.0318,-1.9791,0,1,1,1.53736,1
0.3755,4.0273,2.7529,13.0966,-2.7053,0.0170,-1.6350,1,1,2,1.79488,1
0.4422,4.7164,2.6135,12.2235,1.7634,0.0302,-1.1252,0,1,0,0.65689,1
0.4683,5.0561,2.5732,11.7261,2.4080,0.0928,-0.8011,0,1,0,0.27086,1
0.4197,4.1399,2.5700,12.0154,-2.7208,0.0155,-0.8598,0,1,1,0.73471,3
0.4081,4.0866,2.6091,11.9967,-2.1695,0.0295,-0.8362,0,1,0,0.51279,3
0.5168,5.0473,2.3663,12.0463,1.0762,0.0308,-1.1483,0,1,0,0.51080,1
0.3881,4.1714,2.7309,12.1441,2.1368,0.0411,-0.9254,0,1,1,0.57860,1
0.3483,3.8423,2.8405,12.9170,2.2794,0.0707,-1.4583,0,1,1,1.88702,0
0.4844,5.1841,2.5297,12.2846,2.6039,0.0594,-1.3498,0,1,1,0.60237,1
0.4574,4.8861,2.5837,12.8873,2.1499,0.0251,-1.8157,0,1,0,1.55331,1
0.4022,4.1039,2.6418,12.0040,-3.0067,0.0498,-0.8559,0,1,0,0.23715,1
0.3993,4.0080,2.6287,11.9146,1.4037,0.0509,-0.7768,0,1,0,0.34685,1
0.3821,4.0748,2.7330,12.7420,-1.9265,0.0112,-1.3550,0,1,0,1.34434,1
0.3408,3.7467,2.8511,12.5659,-2.8277,0.0532,-1.1307,0,1,1,1.35025,1
0.6020,5.8978,2.1862,11.9802,0.7311,0.0852,-1.3671,0,1,1,0.46816,1
0.5234,4.8971,2.3106,11.8416,0.7309,0.0354,-0.9519,0,1,0,0.32566,1
0.4863,5.0802,2.4995,11.9759,-1.4337,0.0012,-0.9629,0,1,0,0.60308,3
0.4769,4.5469,2.4224,11.9446,-2.3242,0.0064,-0.9143,0,1,0,0.46876,1
0.4203,4.1658,2.5742,11.9502,2.2402,0.0469,-0.8471,0,1,0,0.45951,3
0.3942,3.9766,2.6442,11.8955,1.6611,0.0216,-0.7129,0,1,0,0.44178,1
0.4337,4.3727,2.5671,12.6245,-1.6601,0.0168,-1.4504,0,1,1,0.92579,1
0.3490,3.7581,2.8089,12.0836,-2.7934,0.1762,-0.9597,0,1,0,0.78501,1
0.4637,4.4127,2.4464,11.7140,-1.8005,0.0032,-0.6664,0,1,0,0.20710,3
0.4337,4.5276,2.6063,12.9318,2.0697,0.0161,-1.7419,0,1,1,1.60753,1
0.4035,4.1734,2.6553,12.6812,1.9184,0.0084,-1.3783,0,1,1,1.56781,1
0.4061,4.1225,2.6285,12.0603,0.6693,0.0001,-0.8455,0,1,0,0.72553,1
0.5097,4.7979,2.3445,12.5064,0.2123,0.0343,-1.6268,1,1,0,0.71299,1
0.4986,4.9769,2.4261,11.9408,-0.0823,0.0162,-0.9752,0,1,0,0.34457,1
0.4484,4.8382,2.6140,11.6751,1.9720,0.0418,-0.6548,0,1,0,0.17279,3
0.3637,3.8352,2.7552,11.4070,-1.9880,0.0207,-0.2971,0,1,0,0.22454,1
0.4694,4.5132,2.4460,12.1573,0.9772,0.0176,-1.1172,0,1,0,0.64828,1
0.3740,4.0340,2.7628,12.8221,2.9275,0.0242,-1.4105,0,1,0,1.70985,1
0.4996,4.9077,2.4073,12.2631,-2.2712,0.0201,-1.3141,0,1,0,0.93515,1
0.3952,4.3323,2.7405,12.2774,-2.9589,0.0350,-1.0464,0,1,1,1.14142,3
0.5168,5.2696,2.4097,12.0936,-1.3288,0.0058,-1.1655,0,1,0,0.62035,3
0.4395,4.3880,2.5448,12.1173,2.0617,0.0029,-0.9815,0,1,1,0.65203,1
0.4117,4.1215,2.6017,12.0711,-2.4657,0.0591,-0.9477,0,1,0,0.75075,1
0.3430,3.7384,2.8355,11.7166,2.9413,0.0672,-0.5412,0,1,0,0.33492,3
0.3360,3.6509,2.8453,12.6676,2.6529,0.0526,-1.1894,0,1,0,1.49157,1
0.3904,4.0559,2.6858,11.9065,2.8478,0.0866,-0.7976,0,1,0,0.51691,1
0.5021,5.3275,2.4827,12.1504,-1.5835,0.0512,-1.2498,0,1,0,0.64442,3
0.4805,4.8888,2.4831,11.8570,2.5439,0.0290,-0.8695,0,1,0,0.24657,1
0.4531,4.7483,2.5712,11.8427,-0.1426,0.0027,-0.7655,0,1,0,0.54030,1
0.3799,4.1646,2.7710,11.9800,3.1106,0.0628,-0.8029,0,1,1,0.55227,3
0.3898,4.1609,2.7193,12.7229,-3.1192,0.0503,-1.4296,0,1,1,1.35705,1
0.4157,4.2083,2.6066,11.8345,-1.9906,0.0226,-0.7077,0,1,0,0.22498,3
0.4555,4.9814,2.6143,12.0992,-2.5624,0.0777,-1.1097,0,1,0,0.70803,3
0.4992,4.5381,2.3309,11.8380,0.4898,0.0513,-0.9170,0,1,0,0.19592,1
0.3862,4.2013,2.7493,13.1469,-2.7769,0.0497,-1.7864,0,1,1,1.69841,1
0.4342,4.3369,2.5558,12.2592,-0.2884,0.0066,-1.1002,0,1,1,0.89650,1
0.4345,4.3347,2.5540,11.8864,3.1027,0.0333,-0.8043,0,1,0,0.29876,1
0.4775,4.9010,2.4988,11.6728,2.0988,0.0454,-0.7072,0,1,0,0.16825,3
0.3782,3.9581,2.7183,11.6320,2.5643,0.0891,-0.5617,0,0,2,0.34549,3
0.3857,4.1519,2.7374,12.1885,3.0917,0.0188,-0.9248,0,1,0,0.71398,3
0.3951,4.2590,2.7203,13.0781,-2.9341,0.0024,-1.6833,0,1,1,2.03169,1
0.4141,4.4406,2.6765,12.0129,2.4586,0.0621,-0.9075,0,1,0,0.55267,3
0.3643,3.9907,2.8010,12.5726,2.2515,0.0374,-1.1928,0,1,0,1.17861,1
0.3955,4.3281,2.7376,11.9536,-2.4181,0.0531,-0.8038,0,1,0,0.49745,3
0.4953,4.6354,2.3672,11.7916,0.0301,0.0282,-0.8326,0,1,0,0.38493,1
0.3715,4.0827,2.7904,11.5925,2.6765,0.0388,-0.4621,0,1,0,0.17118,1
0.5333,4.9127,2.2760,11.5812,-1.5563,0.0475,-0.7112,0,0,0,0.00000,1
0.4303,4.2104,2.5406,11.9867,0.9756,0.0195,-0.8648,0,1,0,0.60373,1
0.3848,4.0513,2.7125,11.9858,-2.7975,0.1148,-0.8863,0,1,0,0.52297,1
0.4054,4.2696,2.6724,12.9758,-1.6330,0.0193,-1.6666,0,1,0,1.66704,1
0.3951,4.2706,2.7238,11.7270,2.5319,0.0209,-0.5807,0,1,0,0.15613,1
0.4687,4.6679,2.4843,12.6154,1.7685,0.0451,-1.6145,0,2,0,1.13061,1
0.3912,4.2866,2.7480,12.5763,2.5626,0.0466,-1.3027,0,1,0,1.36196,1
0.5886,5.9500,2.2449,12.4538,-2.0073,0.0064,-1.8013,0,1,0,0.75988,1
0.3883,4.1118,2.7124,11.6343,2.6043,0.0242,-0.5010,0,1,0,0.17673,3
0.4145,4.3186,2.6421,12.1114,-2.6411,0.0597,-0.9906,0,1,0,0.58020,3
0.4350,4.5812,2.6137,12.1945,2.8000,0.0064,-1.0455,0,1,0,0.84436,3
0.4726,4.4091,2.4086,12.0466,-1.1704,0.0151,-1.0137,0,1,0,0.47448,1
0.4433,4.4911,2.5534,11.7913,-1.0334,0.0323,-0.7366,0,1,0,0.34431,1
0.4131,4.1776,2.6107,11.5296,2.7825,0.0142,-0.4419,0,1,0,0.20780,3
0.3689,3.8808,2.7419,11.7043,-2.8218,0.0179,-0.5151,0,1,0,0.21904,1
0.4625,4.8990,2.5639,12.3322,2.8060,0.0325,-1.2919,0,1,1,0.79690,3
0.3996,4.0510,2.6396,11.6722,-1.5631,0.0029,-0.5221,0,1,0,0.38519,1
0.4589,4.8393,2.5664,12.6986,-1.2775,0.0097,-1.6063,0,1,1,0.84176,1
0.3539,3.7496,2.7795,11.5354,-2.4696,0.0586,-0.4199,0,1,0,0.25217,3
0.5324,5.0702,2.3093,12.0934,0.6560,0.0081,-1.2067,0,1,0,0.70434,1
0.3408,3.7002,2.8352,13.3024,-3.0396,0.0630,-1.7231,0,1,1,2.27934,1
0.3887,4.1406,2.7188,12.1996,-2.9107,0.1346,-1.1004,0,1,0,0.93868,1
0.4365,4.6820,2.6314,12.3282,-2.7913,0.0748,-1.2694,0,1,1,0.79893,1
0.5358,5.5678,2.3883,11.9208,-2.3019,0.0417,-1.0766,0,1,0,0.27501,1
0.5248,5.1623,2.3567,12.6095,-2.9126,0.0075,-1.7546,0,1,1,1.09175,1
0.4024,4.2897,2.6926,11.8417,-2.4341,0.0531,-0.7266,0,1,0,0.51850,3
0.3562,3.9171,2.8216,13.0499,-2.6327,0.0397,-1.5480,0,1,1,1.90803,1
0.3805,4.1073,2.7510,11.7828,2.2516,0.0680,-0.6562,0,1,0,0.42325,3
0.4267,4.6286,2.6645,12.0093,2.9025,0.0015,-0.8547,0,1,0,0.64556,1
0.4977,4.8126,2.3951,12.7897,0.8164,0.0313,-1.8884,0,1,0,1.22809,1
0.4226,4.6620,2.6928,11.5828,-2.7292,0.0031,-0.4872,0,0,0,0.00000,0
0.3619,3.8171,2.7587,11.7456,-2.4016,0.0487,-0.5712,0,1,0,0.26882,3
0.3668,3.9105,2.7624,12.6146,-2.4906,0.0232,-1.2135,0,1,1,1.17559,1
0.4252,4.6103,2.6668,11.9683,2.3718,0.0400,-0.8660,0,2,0,0.68520,3
0.4105,4.2390,2.6399,11.7606,-2.7874,0.1142,-0.7512,0,1,0,0.36231,1
0.4237,4.2525,2.5814,12.4986,2.9420,0.0242,-1.3109,0,1,0,1.23889,1
0.6180,5.9160,2.1299,12.1791,0.3012,0.0597,-1.6269,0,1,0,0.41231,1
0.5447,5.2878,2.3022,11.7386,1.2941,0.0065,-0.8490,0,1,0,0.49974,3
0.4774,4.8142,2.4800,11.6128,-0.2304,0.0016,-0.5957,0,1,0,0.19074,3
0.5192,5.1718,2.3811,12.3428,2.3448,0.0117,-1.4473,0,1,1,0.95190,1
0.3736,3.9700,2.7452,11.9667,2.7202,0.0926,-0.8171,0,1,0,0.54037,3
0.5148,5.3646,2.4365,12.1471,1.2427,0.0282,-1.2491,0,1,0,0.49684,3
0.4305,4.6377,2.6489,12.5298,2.5500,0.0621,-1.4206,0,1,1,1.31462,1
0.3678,3.9669,2.7744,11.8659,-2.6519,0.0632,-0.6897,0,1,0,0.59119,3
0.4437,4.6714,2.5956,11.8542,2.1913,0.0781,-0.8532,0,1,0,0.53216,3
0.4983,5.0921,2.4510,12.1736,2.0009,0.0236,-1.2237,0,1,0,0.54531,3
0.4780,4.3950,2.3832,12.2621,-0.1186,0.0018,-1.2195,0,1,0,0.87563,1
0.3431,3.7206,2.8293,12.6706,2.5324,0.0259,-1.1767,0,1,0,1.40883,1
0.4727,5.1239,2.5684,11.8091,1.0547,0.0029,-0.7755,0,1,0,0.44826,1
0.3920,4.0016,2.6622,12.4773,2.3714,0.0037,-1.1569,0,1,0,0.95628,1
0.4218,4.1334,2.5586,12.2367,-1.4974,0.0140,-1.0553,0,1,0,0.76381,1
0.4596,4.4749,2.4785,12.5258,2.3469,0.0124,-1.4392,0,1,1,1.08958,1
0.4478,4.5709,2.5530,12.4568,-2.8420,0.0311,-1.3626,0,1,1,0.94165,1
0.4686,4.9971,2.5586,11.6747,1.7800,0.0155,-0.6571,0,1,0,0.25062,1
0.3754,4.0663,2.7654,11.7994,-2.6484,0.0724,-0.6650,0,1,0,0.24572,3
0.5072,5.2691,2.4494,12.6050,2.4647,0.0127,-1.6954,0,1,2,6.10695,1
0.3517,3.8597,2.8273,13.1868,-3.1073,0.0833,-1.7169,0,1,0,2.12252,1
0.4659,5.1379,2.6021,11.9520,-2.6482,0.0762,-0.9918,0,1,0,0.49422,2
0.3564,3.8958,2.8133,12.6270,-3.0280,0.0126,-1.1710,1,2,0,1.24835,1
0.4154,4.5595,2.7013,11.7648,-2.7570,0.1284,-0.7812,0,1,0,0.33168,1
0.3747,4.0623,2.7676,13.1164,-2.7355,0.0536,-1.7127,1,1,1,0.70998,1
0.3991,4.1045,2.6570,11.7316,2.6625,0.0146,-0.5830,0,1,0,0.28098,3
0.3719,3.9373,2.7443,11.8536,-2.5015,0.1243,-0.7654,0,1,0,0.35389,3
0.3820,4.2047,2.7716,12.0065,-2.6270,0.0771,-0.8472,0,1,0,0.74891,3
0.3694,4.0218,2.7831,11.8948,2.9096,0.1632,-0.8413,0,1,0,0.42219,1
0.4830,5.2137,2.5420,11.7865,2.0903,0.0132,-0.7875,0,1,1,0.50458,3
0.4509,4.9161,2.6203,12.0035,1.5857,0.0382,-0.9553,0,1,0,0.62814,1
0.3599,3.7881,2.7598,12.0173,2.9805,0.0236,-0.7357,0,1,0,0.47531,3
0.3900,4.0650,2.6903,11.5832,1.9362,0.0008,-0.4361,0,1,0,0.36378,1
0.3888,3.9599,2.6657,11.7586,2.1080,0.0266,-0.6006,0,1,0,0.28178,3
0.3546,3.7946,2.7903,12.3139,2.6527,0.1409,-1.1069,0,1,0,0.97037,1
0.3613,3.8933,2.7865,11.8079,2.9798,0.0226,-0.5835,0,1,0,0.23818,1
0.4607,4.9886,2.5922,12.1765,-1.7692,0.0154,-1.1127,0,1,0,0.85588,1
0.4354,4.3497,2.5534,11.9158,3.1207,0.0067,-0.7974,0,1,0,0.37614,3
0.4439,4.4889,2.5502,11.5896,-1.3182,0.0173,-0.5409,0,1,0,0.20639,1
0.4064,4.0936,2.6192,12.0239,1.5736,0.0058,-0.8235,0,1,0,0.55793,1
0.3596,3.8249,2.7734,11.6565,2.4360,0.0453,-0.4986,0,1,0,0.25099,1
0.3939,4.0964,2.6804,11.5454,3.0041,0.0206,-0.4359,0,1,0,0.24355,3
0.4078,4.1389,2.6248,11.7694,-2.9890,0.0086,-0.6212,0,1,0,0.24631,3
0.4554,4.3203,2.4590,11.9490,-0.7593,0.0293,-0.9006,0,1,0,0.30239,1
0.4220,4.5641,2.6704,11.4607,-2.1366,0.0120,-0.3958,0,1,0,0.23281,1
0.4721,5.1918,2.5857,11.7179,-2.6330,0.0432,-0.7388,0,1,0,0.29176,3
0.4615,4.4362,2.4611,11.8596,0.7065,0.0467,-0.8537,0,1,0,0.44871,1
0.4620,4.9294,2.5729,12.1246,0.9193,0.0056,-1.0528,0,1,0,0.61271,1
0.3554,3.8483,2.8038,12.2226,-2.9066,0.0183,-0.8698,0,1,1,0.67241,1
0.4118,4.5443,2.7148,12.0655,2.5729,0.0324,-0.9084,0,1,0,0.60318,2
0.3583,3.9388,2.8170,11.8194,-2.9057,0.1083,-0.6925,0,1,0,0.48165,3
0.3780,3.9304,2.7105,11.9304,2.3665,0.0414,-0.7323,0,1,0,0.60020,3
0.4666,4.3257,2.4138,11.9474,1.8743,0.0022,-0.8869,0,0,0,0.00000,1
0.4624,4.7171,2.5228,12.5155,-2.6345,0.0482,-1.4960,0,1,1,1.16064,1
0.3533,3.7891,2.7956,11.7965,2.7392,0.0393,-0.5814,0,1,0,0.47102,1
0.4178,4.0808,2.5624,11.9937,-2.8704,0.0266,-0.8517,0,1,0,0.52008,1
0.4362,4.2257,2.5185,11.8875,-0.6909,0.0165,-0.7863,0,1,0,0.33327,1
0.4650,5.0344,2.5834,12.6089,-3.0530,0.0581,-1.6154,0,1,0,1.40369,1
0.5581,5.1518,2.2269,11.8361,1.4330,0.0179,-0.9970,0,1,0,0.49364,1
0.4286,4.2467,2.5579,12.0874,2.3880,0.0163,-0.9452,0,1,0,0.84328,1
0.4207,4.3187,2.6129,12.1222,2.0655,0.0382,-0.9865,0,1,0,0.62931,3
0.4142,4.5261,2.6984,11.8465,-2.1626,0.0042,-0.6929,0,1,0,0.45611,1
0.4039,4.2437,2.6728,12.0070,-2.9985,0.0385,-0.8475,0,0,0,0.00000,3
0.4493,4.5587,2.5430,12.0895,-2.1453,0.0481,-1.0438,0,1,0,0.83453,3
0.3540,3.7672,2.7845,12.8816,-2.9832,0.1118,-1.5225,0,1,0,1.46238,1
0.4214,4.2144,2.5819,11.5093,1.8645,0.0528,-0.4825,0,1,0,0.26121,3
0.5654,5.3028,2.2263,11.8230,1.4256,0.0111,-0.9896,0,1,0,0.53162,1
0.4855,4.6764,2.4157,11.9479,-1.7119,0.0188,-0.9543,0,1,0,0.52043,1
0.3886,4.1766,2.7298,13.0363,1.7423,0.0250,-1.6561,1,2,2,1.86660,1
0.4789,4.9465,2.5027,11.9679,-2.0261,0.0022,-0.9387,0,1,0,0.47215,3
0.4174,4.5065,2.6780,11.8481,1.8115,0.0455,-0.7524,0,1,0,0.44750,1
0.4396,4.6258,2.6033,12.1058,-2.4395,0.0588,-1.0489,0,1,0,0.73004,3
0.5367,5.5039,2.3731,11.6610,2.2174,0.0407,-0.7960,0,1,0,0.34634,1
0.5001,4.9751,2.4192,11.9348,-0.0239,0.0103,-0.9647,0,0,0,0.00000,1
0.4468,4.6420,2.5745,11.8554,2.6873,0.0391,-0.8105,0,1,0,0.27110,3
0.3905,4.0734,2.6904,13.0238,2.2203,0.0032,-1.6154,0,1,2,1.28955,1
0.4357,4.6701,2.6322,11.6903,1.6071,0.0595,-0.6681,0,1,0,0.34123,1
0.4815,4.4548,2.3827,11.8903,1.1031,0.0182,-0.8871,0,0,0,0.00000,1
0.3483,3.7988,2.8266,11.6938,2.9656,0.1308,-0.6102,0,1,0,0.41044,3
0.4950,5.2026,2.4876,12.2078,1.4616,0.0318,-1.2623,0,1,0,0.64505,3
0.4065,4.2248,2.6548,11.8864,-3.1104,0.0212,-0.7309,0,1,0,0.61686,3
0.3485,3.8394,2.8386,12.2677,3.1099,0.1305,-1.0377,0,1,0,0.84473,2
0.3511,3.7878,2.8075,12.5700,-3.0061,0.0098,-1.1048,0,1,0,1.12572,1
0.3907,4.2131,2.7295,11.8129,-2.3923,0.0089,-0.6255,0,1,0,0.39381,1
0.3977,4.1770,2.6844,12.6472,3.1386,0.0002,-1.3152,0,1,0,1.33889,1
0.3723,4.1077,2.7938,13.1033,3.0327,0.0703,-1.7188,0,1,0,1.96635,0
0.5193,5.5193,2.4473,11.7245,0.0179,0.0076,-0.7893,0,1,0,0.32314,1
0.4967,5.2450,2.4889,11.9480,1.8908,0.0036,-0.9635,0,1,0,0.52464,3
0.3414,3.7342,2.8434,11.7865,2.9613,0.0263,-0.5371,0,1,0,0.41689,1
0.4404,4.3027,2.5193,11.9948,-1.1369,0.0584,-0.9480,0,1,0,0.75945,1
0.3466,3.7548,2.8210,11.7575,-2.1738,0.0715,-0.5812,0,1,0,0.31451,1
0.4207,4.1921,2.5794,11.8066,-2.8272,0.0345,-0.7088,0,1,0,0.46449,1
0.3930,3.9991,2.6565,11.8339,2.7817,0.0644,-0.7158,0,1,0,0.19799,1
0.4630,4.8470,2.5498,12.5537,2.9743,0.0488,-1.5378,0,2,0,0.77967,1
0.4861,4.5683,2.3895,12.0413,-1.2031,0.0190,-1.0478,0,2,0,0.66103,1
0.5075,5.2525,2.4450,11.8137,-0.5372,0.0060,-0.8538,0,1,0,0.44979,1
0.4209,4.4123,2.6364,11.7812,-2.8420,0.0028,-0.6486,0,1,0,0.35271,1
0.3898,4.0964,2.7003,11.6998,-2.6831,0.0685,-0.6082,0,1,0,0.29395,3
0.4549,4.9029,2.5990,11.8896,2.5973,0.0963,-0.9336,0,1,0,0.42567,1
0.4311,4.5203,2.6165,11.9056,-3.0878,0.0163,-0.7928,0,1,0,0.50150,3
0.3584,3.7983,2.7715,11.8613,-2.0383,0.0345,-0.6316,0,1,0,0.47294,1
0.3651,3.8402,2.7492,12.2485,-2.4050,0.0318,-0.9340,0,1,1,0.92586,3
0.4517,4.6269,2.5490,12.4849,1.2885,0.0396,-1.4159,0,1,0,1.02965,1
0.4915,5.2898,2.5204,12.4140,-2.0266,0.0360,-1.4731,0,1,0,0.95339,3
0.3570,3.7933,2.7773,12.8715,2.8127,0.0224,-1.3793,0,2,0,0.95185,1
0.4484,4.3046,2.4852,12.1431,-2.3146,0.0179,-1.0480,0,1,0,0.58598,1
0.4429,4.3882,2.5298,11.7481,2.9964,0.0206,-0.6822,0,1,0,0.25944,1
0.3272,3.6112,2.8821,11.7115,-2.4692,0.0455,-0.4858,0,1,0,0.30029,0
0.5557,5.6275,2.3193,12.1851,1.1102,0.0107,-1.3812,0,1,0,0.55892,1
0.3689,3.8921,2.7459,11.6741,-2.9346,0.0136,-0.4877,0,1,0,0.15818,1
0.3675,3.9173,2.7606,13.1708,-3.0503,0.0521,-1.7242,0,1,0,1.87715,1
0.4269,4.5160,2.6350,11.9434,2.4915,0.1143,-0.9442,0,1,0,0.57324,1
0.4207,4.1738,2.5744,11.8793,-2.0747,0.0090,-0.7377,0,1,0,0.47043,3
0.3383,3.6829,2.8432,12.0834,2.2058,0.0614,-0.7829,0,1,0,0.42646,1
0.3506,3.7425,2.7952,12.1769,2.9654,0.0735,-0.8978,0,1,0,0.67017,3
0.3687,3.8946,2.7478,12.2610,-1.9486,0.0381,-0.9623,0,1,0,0.87286,1
0.4097,4.1443,2.6175,11.8168,2.9716,0.0051,-0.6589,0,1,0,0.27282,3
0.5012,5.3948,2.4999,12.4928,-3.1290,0.0446,-1.6025,0,1,1,0.96842,1
0.5275,5.3935,2.3900,12.0883,-0.5574,0.0239,-1.2134,0,1,0,0.60754,1
0.4246,4.5880,2.6644,12.5673,2.0757,0.0122,-1.3597,0,1,0,1.20329,1
0.5238,4.8388,2.2977,12.5437,-0.4329,0.0137,-1.6835,0,1,0,1.29074,1
0.4681,4.7617,2.5080,11.9490,1.0229,0.0055,-0.8995,0,1,0,0.21669,1
0.3970,4.2752,2.7153,12.0297,-2.8477,0.0168,-0.8222,0,2,0,0.70291,1
0.4311,4.1680,2.5259,12.8105,2.5717,0.0018,-1.5888,0,1,1,0.71383,1
0.4126,4.3644,2.6635,11.5938,2.8593,0.0689,-0.5595,0,1,0,0.28897,3
0.4056,4.1985,2.6521,11.6555,-2.7814,0.0099,-0.5272,0,1,0,0.24312,3
0.4293,4.5190,2.6245,11.9718,2.4748,0.0340,-0.8699,0,1,0,0.40203,3
0.3866,4.1410,2.7294,12.2532,-2.9996,0.1019,-1.0946,0,1,0,0.88075,1
0.4142,4.2465,2.6244,11.6985,-2.1992,0.0489,-0.6243,0,1,0,0.31204,3
0.5106,5.3814,2.4573,12.1008,-2.5398,0.0469,-1.2145,0,1,0,0.28140,1
0.3439,3.7177,2.8239,12.1400,-2.8289,0.0942,-0.8807,0,1,0,0.91827,3
0.4891,5.1902,2.5103,11.9170,-2.6707,0.0792,-1.0143,0,1,0,0.48587,1
0.3672,3.8777,2.7502,12.3332,2.6829,0.0462,-1.0258,0,1,0,1.09957,3
0.5362,5.4999,2.3745,11.8633,-0.4234,0.0269,-0.9947,0,1,0,0.57892,1
0.4263,4.3745,2.6013,12.6027,2.5310,0.0342,-1.4312,0,1,1,1.32360,1
0.5033,5.0237,2.4164,11.8354,1.5639,0.0268,-0.8929,0,1,0,0.38631,3
0.4492,4.3393,2.4902,12.7387,-2.6347,0.0201,-1.6225,0,1,1,1.26106,1
0.5974,5.7714,2.1840,11.9293,-0.0515,0.0039,-1.1793,0,1,0,0.54614,1
0.4386,4.6346,2.6100,12.1205,2.7127,0.0082,-0.9909,0,1,0,0.78015,3
0.5138,5.2898,2.4262,12.0452,-0.8228,0.0129,-1.1165,0,2,0,0.59270,1
0.4623,4.7116,2.5218,12.5890,-2.9687,0.0082,-1.5065,0,1,1,1.25766,1
0.3696,4.0122,2.7789,12.9679,-2.8972,0.0367,-1.5345,0,1,0,1.74783,1
0.4224,4.4382,2.6361,11.6791,2.2137,0.0416,-0.6134,0,1,0,0.29402,3
0.3404,3.7072,2.8396,12.1740,-2.9748,0.0959,-0.8991,0,1,0,0.62078,3
0.4823,4.6730,2.4281,12.4565,-2.1773,0.0210,-1.4605,0,1,0,1.22865,1
0.3975,4.1165,2.6685,12.5738,1.4419,0.0026,-1.2552,0,1,0,1.33525,1
0.3949,4.3273,2.7406,12.2988,-3.0908,0.1467,-1.2192,0,2,0,0.86645,1
0.3812,4.2093,2.7774,11.7024,-2.4749,0.0783,-0.6075,0,1,0,0.26760,2
0.4801,4.6231,2.4265,11.9593,2.1235,0.0214,-0.9565,0,1,0,0.47646,1
0.4081,4.3172,2.6724,12.0824,2.8871,0.0925,-0.9935,0,1,0,0.65855,1
0.4468,4.7870,2.6089,12.0940,-2.2782,0.0630,-1.0624,0,1,0,0.81786,3
0.4897,4.6211,2.3865,12.0178,-1.7732,0.0232,-1.0394,0,1,0,0.60423,1
0.3615,3.8766,2.7796,12.1145,2.1428,0.0233,-0.8117,0,1,0,0.80012,1
0.4238,4.1230,2.5467,12.0261,2.5846,0.0134,-0.8756,0,1,0,0.49082,1
0.3842,3.9600,2.6886,11.5705,1.7273,0.0240,-0.4456,0,1,0,0.34571,1
0.4883,5.0156,2.4770,12.2688,-2.2249,0.0353,-1.3099,0,1,0,0.83595,1
0.3374,3.6976,2.8533,12.3445,2.9052,0.0292,-0.9238,0,1,1,1.00442,1
0.4739,5.1159,2.5610,11.9092,0.9393,0.0034,-0.8738,0,1,0,0.34432,1
0.5080,5.1259,2.4175,11.8232,-0.6155,0.0424,-0.9112,0,1,0,0.35621,1
0.4463,4.8290,2.6215,11.7923,2.7311,0.0034,-0.7081,0,1,0,0.19839,1
0.4062,4.4809,2.7261,12.0135,-2.2912,0.0149,-0.8280,0,1,0,0.59974,0
0.3971,4.0372,2.6474,11.9920,1.5751,0.0136,-0.7866,0,1,0,0.58038,1
0.4305,4.4059,2.5901,12.1162,-2.3276,0.0673,-1.0463,0,1,0,0.72514,1
0.3996,4.4097,2.7399,12.3049,-2.6375,0.0235,-1.0661,0,1,1,0.93315,0
0.4502,4.6164,2.5529,11.7675,-2.3769,0.0421,-0.7411,0,1,0,0.43570,3
0.4511,4.7755,2.5866,12.5384,-2.0789,0.0227,-1.4409,0,1,0,1.09463,1
0.3686,4.0144,2.7850,12.1150,2.7492,0.1907,-1.0521,0,1,0,0.92938,1
0.4799,5.0901,2.5293,12.6417,-3.0511,0.0120,-1.6321,0,1,0,1.15930,1
0.4693,4.5231,2.4485,12.4893,2.2186,0.0329,-1.4684,0,1,1,0.84075,1
0.5041,5.0509,2.4187,11.8882,0.1928,0.0075,-0.9229,0,1,0,0.29503,1
0.3824,4.1780,2.7618,12.0028,2.4164,0.0727,-0.8394,0,1,0,0.44611,3
0.3546,3.8963,2.8236,12.7582,2.4112,0.0211,-1.2789,0,1,1,1.40178,1
0.4612,4.2837,2.4257,12.1889,-1.2597,0.0175,-1.1242,0,1,0,0.67422,1
0.4112,4.2474,2.6387,12.3890,2.8507,0.0447,-1.2031,0,1,1,1.11472,1
0.4385,4.4079,2.5542,12.5513,3.0098,0.0386,-1.4329,0,1,1,1.09161,1
0.4789,4.3614,2.3719,11.9137,1.3436,0.0290,-0.9182,0,1,0,0.55809,1
0.3592,3.8270,2.7760,12.1499,-2.2264,0.0617,-0.8838,0,1,0,0.63662,3
0.5502,5.5718,2.3315,11.9225,-2.3057,0.0162,-1.0771,0,1,0,0.27944,1
0.4664,5.1125,2.5942,12.7262,2.5388,0.0047,-1.6565,0,1,0,1.55053,1
0.4109,4.2933,2.6525,12.3734,1.7097,0.0255,-1.1609,0,1,1,0.89118,1
0.3415,3.7582,2.8507,12.0322,2.9597,0.1343,-0.8479,0,1,0,0.83907,3
0.3281,3.6057,2.8748,13.1648,-2.7536,0.0970,-1.6111,0,1,1,1.94816,1
0.4044,4.2790,2.6798,12.1279,2.7726,0.1076,-1.0439,0,1,0,0.29502,1
0.4240,4.2108,2.5691,12.2353,1.2213,0.0009,-1.0419,0,1,0,0.63521,1
0.3924,4.0695,2.6801,12.7323,-2.0885,0.0085,-1.3808,0,1,1,1.37663,1
0.4142,4.4965,2.6909,13.1746,-2.9643,0.0357,-1.9205,0,1,2,0.78059,1
0.4210,4.0951,2.5521,11.7574,-0.8292,0.0054,-0.6304,0,1,0,0.43868,1
0.5225,5.1863,2.3705,12.6343,-1.8740,0.0272,-1.8069,0,1,0,1.38894,1
0.3601,3.8370,2.7747,12.1807,2.6742,0.1259,-0.9965,0,1,0,0.42585,1
0.4621,4.4832,2.4697,11.6675,-0.3245,0.0020,-0.6201,0,1,0,0.22463,3
0.4241,4.3943,2.6170,11.9496,-2.5460,0.0242,-0.8258,0,1,0,0.50056,3
0.3511,3.7407,2.7917,13.1416,2.2361,0.0443,-1.6085,0,1,0,1.76433,1
0.3498,3.7342,2.7968,12.1802,2.2627,0.0992,-0.9329,0,1,0,0.93537,3
0.3731,3.8990,2.7260,13.0787,-2.5969,0.0090,-1.5947,0,0,1,0.67288,1
0.5074,5.3431,2.4632,12.2209,2.9764,0.0002,-1.2672,0,1,1,0.53740,3
0.3774,4.1217,2.7712,12.9624,2.3978,0.0155,-1.5278,0,1,2,1.54491,1
0.3979,4.2261,2.6975,11.9045,2.5239,0.0946,-0.8217,0,1,0,0.31124,3
0.4153,4.1954,2.6053,11.9816,3.0997,0.0249,-0.8338,0,1,0,0.55132,3
0.5598,5.5232,2.2854,12.2166,1.1118,0.0082,-1.4245,0,1,0,0.67102,1
0.4808,5.0405,2.5147,11.7403,0.2879,0.0009,-0.7224,0,1,0,0.20551,1
0.3885,4.0373,2.6898,11.8803,-3.1187,0.0528,-0.7294,0,1,0,0.29672,3
0.4590,4.8904,2.5776,12.0381,-2.9111,0.0009,-0.9571,0,1,0,0.68596,1
0.3818,4.1676,2.7620,11.8332,2.2394,0.0280,-0.6481,0,1,0,0.53350,1
0.4248,4.6655,2.6830,12.7729,3.0991,0.0601,-1.6261,0,1,0,1.60936,1
0.3741,3.9453,2.7350,11.9388,2.1016,0.0430,-0.7327,0,1,0,0.70558,1
0.4644,5.0447,2.5881,12.1503,3.1183,0.0668,-1.1680,0,1,0,0.70565,1
0.4412,4.1982,2.4893,11.5140,2.6567,0.0141,-0.4666,0,1,0,0.15501,1
0.4133,4.2691,2.6344,12.5207,2.0789,0.0301,-1.3050,0,1,1,1.03769,1
0.4892,4.5767,2.3789,11.9243,2.0153,0.0046,-0.9193,0,1,0,0.32655,1
0.4759,5.1240,2.5541,13.1614,1.6671,0.0068,-2.1540,0,1,1,1.61881,1
0.3795,3.9003,2.6940,12.1856,-2.4441,0.0276,-0.9176,0,1,0,0.20043,3
0.5360,5.4293,2.3622,12.2342,-2.2267,0.0202,-1.3926,0,1,1,0.89178,1
0.3344,3.6838,2.8661,11.9844,2.9351,0.0240,-0.6566,0,1,0,0.58827,0
0.5587,5.2267,2.2379,12.0573,1.0315,0.0091,-1.2365,0,1,0,0.24293,1
0.4893,5.2061,2.5129,11.7431,3.1361,0.0755,-0.8358,0,1,0,0.34343,1
0.3534,3.8082,2.8013,12.7728,-2.9852,0.0842,-1.3853,0,1,1,1.70942,1
0.3335,3.6350,2.8538,13.0217,-2.9332,0.0362,-1.4203,0,1,2,1.78633,1
0.4111,4.3681,2.6717,12.6848,-3.0420,0.0151,-1.4209,0,1,2,1.25661,1
0.3625,3.8432,2.7641,12.3630,2.9366,0.0088,-0.9821,0,1,1,0.91378,1
0.3988,4.1751,2.6785,11.8028,1.8383,0.0191,-0.6451,0,1,0,0.20701,1
0.5368,5.0905,2.2964,11.8472,-2.1814,0.0073,-0.9495,0,0,0,0.00000,1
0.4112,4.0850,2.5942,12.6085,-2.4471,0.0319,-1.3786,0,1,1,1.05741,1
0.4296,4.5819,2.6391,12.6211,2.5470,0.0296,-1.4535,0,1,1,1.04403,1
0.4239,4.3174,2.5978,12.0531,2.0518,0.0397,-0.9357,0,1,0,0.65216,3
0.5344,5.4518,2.3728,11.8222,2.1774,0.0039,-0.9162,0,1,0,0.41963,3
0.4995,5.1347,2.4548,13.0480,2.9628,0.0056,-2.1381,0,1,0,1.69217,1
0.4291,4.4670,2.6122,12.7215,3.0213,0.0045,-1.5051,0,1,0,1.42175,1
0.4630,4.9573,2.5749,12.0832,1.8296,0.0296,-1.0485,0,1,0,0.59882,3
0.5107,5.3949,2.4594,12.3048,-1.7302,0.0171,-1.3905,0,1,1,0.95783,3
0.4070,4.0942,2.6165,11.6421,3.1177,0.0245,-0.5361,0,1,0,0.30524,3
0.4017,4.3434,2.7109,12.7615,-2.3163,0.0653,-1.5333,0,1,0,1.57703,1
0.3825,4.1972,2.7670,12.7037,-2.9776,0.0582,-1.3975,0,1,0,1.39306,1
0.4301,4.4243,2.5969,11.8324,2.8185,0.0748,-0.8013,0,1,0,0.45307,1
0.4967,4.7446,2.3850,12.1971,-0.1336,0.0184,-1.2336,0,1,1,0.70637,1
0.4831,5.3000,2.5597,11.9588,3.0998,0.0557,-1.0118,0,1,0,0.41605,1
0.4524,4.4291,2.4981,12.0045,0.9125,0.0083,-0.9174,0,1,0,0.57573,1
0.4636,4.9228,2.5644,11.8286,3.0059,0.0090,-0.7825,0,1,0,0.44655,3
0.4610,4.4905,2.4760,12.3635,1.3737,0.0168,-1.2924,0,1,1,0.54467,1
0.4267,4.4009,2.6065,11.9519,-2.7220,0.0529,-0.8711,0,1,0,0.25197,1
0.3406,3.6944,2.8342,13.0184,-2.8421,0.0211,-1.4231,0,1,0,0.39254,1
0.4564,4.6603,2.5361,12.0048,-2.4579,0.0348,-0.9638,0,1,0,0.48763,3
0.3786,4.1348,2.7690,12.6116,-2.7053,0.0502,-1.2936,0,1,1,1.34286,1
0.4732,4.7067,2.4738,11.7018,-1.1524,0.0462,-0.7277,0,1,0,0.34218,1
0.5394,5.0657,2.2815,11.8553,-0.0695,0.0636,-1.0396,0,1,0,0.27985,1
0.4140,4.1388,2.5960,12.1004,1.4269,0.0215,-0.9273,0,1,0,0.84522,1
0.3747,3.9372,2.7298,12.1827,2.6153,0.1063,-1.0102,0,0,1,0.30178,1
0.4375,4.7480,2.6429,12.3200,2.8259,0.0285,-1.1989,0,1,0,1.16857,3
0.4290,4.2001,2.5437,11.6657,-1.2734,0.0002,-0.5609,0,1,0,0.20546,3
0.3521,3.8132,2.8100,12.1070,-3.0313,0.0239,-0.7838,0,1,0,0.80646,1
0.4541,4.5354,2.5164,12.8604,2.2540,0.0012,-1.7313,0,1,1,1.74526,1
0.4827,5.3271,2.5668,12.2707,-2.2064,0.0382,-1.3011,1,1,0,0.34513,2
0.4235,4.1976,2.5678,12.0044,-2.3750,0.0189,-0.8641,0,1,0,0.69410,3
0.4665,4.9883,2.5663,11.9507,-1.1667,0.0013,-0.8934,1,1,0,0.43133,1
0.4413,4.7948,2.6363,12.0578,2.3688,0.0489,-0.9960,0,1,0,0.60377,3
0.5036,5.5204,2.5145,11.8516,-2.4362,0.0024,-0.8813,0,1,0,0.45238,3
0.3401,3.7353,2.8509,12.1170,-2.3308,0.0676,-0.8194,0,1,0,0.76436,1
0.4123,4.2811,2.6423,12.5416,-1.4954,0.0088,-1.2881,0,1,1,1.01666,1
0.5589,5.3800,2.2640,12.2319,0.2213,0.0201,-1.4558,0,1,0,0.93158,1
0.4425,4.6391,2.5931,11.7264,-1.8392,0.0271,-0.6716,0,1,0,0.27098,3
0.5030,4.7725,2.3658,12.1289,-0.3481,0.0088,-1.1661,0,1,0,0.58868,1
0.4856,4.9424,2.4731,12.6812,-1.4093,0.0262,-1.7162,0,1,1,1.17811,1
0.3692,3.9393,2.7587,12.1301,-2.8359,0.1066,-0.9540,0,1,0,0.87951,1
0.4969,4.7008,2.3750,11.9976,1.9491,0.0192,-1.0309,0,1,1,0.63272,1
0.4341,4.2440,2.5324,12.1741,-2.2227,0.0317,-1.0582,0,1,1,0.64616,1
0.4328,4.5558,2.6174,12.2883,-2.8448,0.0165,-1.1382,0,1,0,0.61787,3
0.3624,3.9364,2.7939,12.0949,3.1368,0.0777,-0.8708,0,1,0,0.36716,3
0.5970,5.8051,2.1908,12.0008,0.8286,0.0519,-1.3324,0,1,0,0.45143,1
0.4059,4.1578,2.6394,12.7605,2.8447,0.0303,-1.4925,0,1,0,1.45894,1
0.3580,3.7764,2.7664,12.3556,2.5294,0.0220,-0.9820,0,1,1,0.71218,1
0.5367,5.2389,2.3246,11.7420,-1.8765,0.0023,-0.8315,0,1,0,0.22017,1
0.4372,4.5519,2.5963,11.7308,-2.7632,0.0257,-0.6639,0,1,0,0.22270,3
0.4422,4.3617,2.5263,11.9252,2.9551,0.0264,-0.8463,0,1,0,0.46166,1
0.3618,3.8745,2.7777,12.1948,2.7553,0.0130,-0.8588,0,1,1,0.91675,1
0.4369,4.2343,2.5177,12.1204,-2.1302,0.0137,-0.9914,0,1,0,0.92800,1
0.3587,3.8957,2.8009,12.6029,2.7757,0.1232,-1.3263,0,1,1,1.14484,1
0.4463,4.3605,2.5081,11.9456,-0.6138,0.0235,-0.8697,0,1,0,0.49636,1
0.6062,5.9684,2.1812,12.8575,-0.4144,0.0206,-2.4130,0,1,1,1.49975,1
0.4258,4.5025,2.6365,12.1347,1.9104,0.0503,-1.0276,0,1,0,0.40513,3
0.5066,5.0229,2.4027,11.7348,-2.2971,0.0284,-0.7997,0,1,0,0.34702,1
0.4268,4.4975,2.6307,11.8991,-3.0311,0.0331,-0.7997,0,1,0,0.25175,3
0.4224,4.5097,2.6546,12.1543,2.9338,0.0540,-1.0411,0,1,0,0.72939,3
0.4538,4.9327,2.6108,11.5580,3.0089,0.0423,-0.5594,0,1,0,0.23804,3
0.4655,4.9889,2.5706,11.6864,-2.6617,0.0406,-0.6937,0,1,0,0.28785,3
0.4613,4.7634,2.5382,12.4843,1.3632,0.0264,-1.4281,0,1,0,1.02757,1
0.4660,4.7848,2.5224,12.2739,2.1831,0.0524,-1.2734,0,1,0,0.94564,1
0.3744,4.0125,2.7539,11.6332,2.6537,0.0227,-0.4773,0,1,0,0.27539,1
0.3612,3.8618,2.7765,11.8194,3.0217,0.0646,-0.6440,0,1,0,0.27313,3
0.4305,4.4563,2.6031,11.8139,1.8752,0.0354,-0.7358,0,1,0,0.45782,3
0.3582,3.8031,2.7738,12.1845,3.0240,0.1184,-0.9845,0,1,0,0.95991,1
0.3517,3.8199,2.8144,12.6824,2.9536,0.1135,-1.3511,0,1,1,1.51289,1
0.4542,4.8531,2.5909,11.9511,-2.0064,0.0213,-0.8917,0,1,0,0.39329,3
0.3579,3.8091,2.7773,12.1350,-2.6173,0.1738,-1.0194,0,1,0,0.35097,1
0.4425,4.7226,2.6133,12.8264,-2.0631,0.0009,-1.6529,0,1,3,2.42894,1
0.3984,4.0955,2.6582,11.8286,1.8412,0.0249,-0.6719,0,1,0,0.38544,1
0.3701,3.9438,2.7557,13.0978,2.9939,0.0467,-1.6636,0,1,2,1.17983,1
0.3684,3.8340,2.7302,12.5860,-2.6824,0.0270,-1.2019,0,1,1,1.18891,1
0.3909,4.0129,2.6707,11.7934,1.5061,0.0044,-0.6041,0,1,0,0.50907,1
0.3339,3.6804,2.8674,12.6929,2.4015,0.0306,-1.1672,0,1,0,0.41697,0
0.5155,5.3790,2.4362,11.9378,0.7980,0.0133,-1.0094,0,1,0,0.59371,1
0.3804,4.1016,2.7500,11.8696,2.6297,0.0354,-0.6825,0,1,0,0.45889,3
0.5161,4.9767,2.3550,11.8525,2.7293,0.0011,-0.9028,0,1,0,0.53914,1
0.4054,4.4401,2.7187,12.8352,2.6667,0.0559,-1.5997,0,1,0,1.59139,1
0.4053,4.2824,2.6764,11.6644,-1.6256,0.0059,-0.5294,0,1,0,0.36719,1
0.4103,4.5199,2.7158,12.1082,-3.0701,0.1002,-1.0314,0,1,0,0.81363,0
0.3388,3.7154,2.8518,13.2253,3.1306,0.1142,-1.7422,1,2,2,3.11530,1
0.3379,3.6974,2.8508,12.5258,-2.9499,0.1758,-1.2703,0,1,1,0.96085,1
0.3609,3.8280,2.7673,12.6181,-2.4680,0.0235,-1.1963,0,1,1,1.48737,1
0.5086,5.1130,2.4127,12.1124,-1.3304,0.0060,-1.1627,0,1,0,0.47139,1
0.4072,4.4123,2.7027,11.9792,-2.5508,0.1126,-0.9285,0,1,0,0.53362,3
0.3735,4.0588,2.7727,11.8404,2.1907,0.0245,-0.6333,0,1,0,0.31159,1
0.4921,5.4239,2.5453,13.3589,1.3607,0.0185,-2.4783,0,0,3,0.84553,0
0.4500,4.5389,2.5354,11.7672,1.7626,0.0032,-0.6910,0,1,0,0.52478,3
0.4810,4.4910,2.3930,11.8797,1.1123,0.0369,-0.9009,0,1,0,0.15800,1
0.4360,4.2381,2.5223,11.5939,-0.3847,0.0168,-0.5313,0,1,0,0.25068,1
0.5437,5.5702,2.3571,11.9367,0.9725,0.0055,-1.0635,0,1,0,0.46546,3
0.4129,4.0744,2.5832,12.5815,2.6381,0.0269,-1.3525,0,1,0,0.57050,1
0.3986,4.3945,2.7405,13.4110,2.5010,0.0267,-2.0475,0,1,1,1.99595,0
0.3869,4.2275,2.7529,11.9998,2.8005,0.0929,-0.8736,0,1,0,0.61070,3
0.4535,4.4329,2.4946,11.9603,-3.1077,0.0214,-0.8967,0,1,0,0.17309,1
0.3708,3.9150,2.7427,11.9381,-2.9014,0.1214,-0.8258,0,1,0,0.19333,1
0.3754,4.0921,2.7731,11.7246,-3.1214,0.0229,-0.5473,0,1,0,0.16775,1
0.4041,4.4275,2.7222,11.6253,2.9275,0.0193,-0.5127,0,1,0,0.26877,1
0.3869,4.0929,2.7143,12.8067,2.4825,0.0645,-1.5140,0,1,1,1.24123,1
0.4111,4.1550,2.6140,11.9578,2.4140,0.0181,-0.7953,0,1,0,0.49006,3
0.5057,5.4531,2.4922,12.2594,-2.6653,0.0333,-1.3507,0,1,0,0.41585,3
0.4190,4.1665,2.5802,12.2420,0.7161,0.0089,-1.0452,0,1,0,0.96006,1
0.5359,5.6366,2.4005,11.6818,-2.0443,0.0084,-0.7767,0,1,0,0.36777,3
0.4876,4.5917,2.3888,11.9307,-0.1574,0.0430,-0.9743,0,1,0,0.32606,1
0.4441,4.8529,2.6371,11.6273,2.7340,0.1394,-0.7239,0,1,0,0.14742,1
0.4775,4.9038,2.4991,11.7401,-1.4412,0.0563,-0.7856,0,0,0,0.00000,3
0.3793,4.1861,2.7804,12.7233,-2.7312,0.1041,-1.4731,0,1,1,1.16511,0
0.3726,3.9238,2.7362,12.8396,2.3358,0.0414,-1.4476,0,1,1,1.51330,1
0.5473,5.5942,2.3468,11.9235,3.1125,0.0206,-1.0778,0,1,0,0.51876,1
0.5118,4.9873,2.3743,11.9733,0.0855,0.0264,-1.0529,0,0,1,0.38070,1
0.4062,4.2300,2.6577,12.3321,-2.9672,0.0060,-1.0829,0,1,0,0.95937,1
0.4942,5.3590,2.5228,13.1123,2.8994,0.0070,-2.1902,0,1,0,0.44768,1
0.4517,4.8502,2.6017,12.9940,-2.0023,0.0406,-1.9257,0,0,1,0.70424,1
0.3903,4.1272,2.7072,12.0745,2.8768,0.1193,-0.9784,0,1,0,0.46043,1
0.4498,4.6254,2.5569,12.0919,-1.9309,0.0286,-1.0207,0,1,0,0.60113,3
0.5641,5.2727,2.2259,12.2971,-1.0608,0.0062,-1.5249,0,1,0,1.01897,1
0.4296,4.3837,2.5885,11.7428,-2.8652,0.0631,-0.7071,0,1,0,0.50715,1
0.5580,5.3227,2.2577,12.2589,-1.2865,0.0118,-1.4712,0,1,0,0.84052,1
0.3796,3.9996,2.7234,12.3668,-3.0415,0.0921,-1.1553,0,1,1,0.68546,1
0.3817,4.0236,2.7199,11.8200,-2.3551,0.0059,-0.6098,0,1,0,0.58294,1
0.4622,4.8539,2.5550,11.7683,-2.5857,0.0021,-0.7149,0,1,0,0.20322,3
0.3897,4.1946,2.7292,12.4161,-2.5260,0.0559,-1.1756,0,1,1,1.04719,3
0.4032,4.1184,2.6415,12.6350,3.0781,0.0075,-1.3350,0,1,0,1.39983,1
0.3880,4.0560,2.6980,11.9156,2.0073,0.0554,-0.7597,0,1,0,0.44711,3
0.4232,4.2862,2.5926,12.1052,2.1511,0.0165,-0.9482,0,1,0,0.40842,3
0.3814,3.9122,2.6881,11.7080,-1.7343,0.0226,-0.5440,0,1,0,0.25184,1
0.4222,4.3228,2.6068,12.1414,1.5356,0.0245,-0.9884,0,1,0,0.82179,1
0.4025,4.0773,2.6330,11.8153,2.9973,0.0441,-0.6934,0,1,0,0.53204,3
0.4561,4.7403,2.5560,11.6343,2.5241,0.0233,-0.6079,0,1,0,0.33053,3
0.4203,4.4753,2.6556,12.0351,-2.7135,0.0952,-0.9856,0,1,0,0.74934,1
0.4192,4.1463,2.5739,12.1007,2.7441,0.0163,-0.9333,0,1,0,0.29934,1
0.4302,4.6420,2.6513,11.8241,2.3738,0.0231,-0.7293,0,1,0,0.46506,3
0.3730,4.0280,2.7659,13.1405,-2.7647,0.1025,-1.8135,0,1,0,1.96652,1
0.5244,5.0036,2.3278,12.0518,-0.6290,0.0375,-1.1823,0,1,0,0.27035,1
0.4684,4.8585,2.5287,11.7121,3.0504,0.0270,-0.7053,0,1,0,0.34131,3
0.4091,4.1133,2.6118,11.9786,-1.3387,0.0311,-0.8255,0,1,0,0.54415,1
0.4442,4.7968,2.6234,12.2934,2.2867,0.0265,-1.1912,0,1,0,0.84198,3
0.4499,4.3727,2.4955,11.9765,-1.9191,0.0175,-0.8979,0,1,0,0.35212,1
0.4345,4.2412,2.5301,12.3163,-1.4363,0.0018,-1.1449,0,1,0,0.76993,1
0.4298,4.6077,2.6446,11.7760,-1.9246,0.0217,-0.6849,0,1,0,0.47407,1
0.4109,4.3733,2.6739,12.1820,3.0015,0.0951,-1.0911,0,1,0,0.81713,1
0.4446,4.7306,2.6056,11.9738,-2.3132,0.0093,-0.8748,0,1,0,0.42136,3
0.4923,5.3187,2.5228,12.7001,2.0854,0.0064,-1.7332,0,1,0,1.24842,1
0.4597,4.4329,2.4678,12.0787,-2.7836,0.0206,-1.0209,0,1,0,0.48735,1
0.4167,4.0776,2.5670,11.7210,2.5580,0.0521,-0.6511,1,1,0,0.34011,1
0.4147,4.3814,2.6577,11.6605,-2.7174,0.0036,-0.5388,0,1,0,0.32771,1
0.4381,4.2327,2.5120,12.1043,-0.9641,0.0364,-1.0116,0,1,0,0.62236,1
0.4015,4.0765,2.6377,12.0333,-3.1383,0.0286,-0.8503,0,1,0,0.64114,3
0.4543,4.5342,2.5152,11.8207,-2.3131,0.0492,-0.8066,0,1,0,0.20138,1
0.4743,4.8227,2.4953,12.7160,2.6273,0.0348,-1.7232,1,2,0,0.86662,1
0.3920,4.1347,2.7005,11.8324,-2.8026,0.0118,-0.6466,0,1,0,0.37486,1
0.3576,3.8189,2.7825,12.5034,2.7780,0.0877,-1.1900,0,1,1,1.14128,1
0.4197,4.6223,2.6968,12.0841,-2.7764,0.0976,-1.0304,0,1,1,0.67653,2
0.4396,4.5878,2.5938,11.9349,-2.9993,0.0796,-0.9199,0,1,0,0.40035,1
0.5075,5.0137,2.3971,11.7608,-1.7625,0.0115,-0.8059,0,1,0,0.21742,3
0.3855,3.9572,2.6813,11.8206,-1.9801,0.0455,-0.6668,0,1,0,0.15145,3
0.4964,5.4477,2.5312,11.7945,-1.5832,0.0358,-0.8516,0,1,0,0.44876,1
0.4561,4.9917,2.6140,11.7434,2.3891,0.0547,-0.7469,0,1,0,0.24410,3
0.4468,4.2788,2.4858,11.8742,2.2720,0.0374,-0.8239,0,1,0,0.37100,1
0.5023,4.6285,2.3381,11.6857,0.3825,0.0542,-0.7734,0,1,0,0.28252,1
0.4047,4.0512,2.6152,12.1285,-2.1187,0.0364,-0.9481,0,1,0,0.73828,1
0.4342,4.3572,2.5607,12.1455,1.7997,0.0104,-1.0036,0,1,0,0.70332,1
0.3505,3.8590,2.8339,13.4003,-3.0849,0.0332,-1.7965,0,1,0,2.20657,0
0.4438,4.4943,2.5522,12.9974,2.5822,0.0025,-1.8250,0,1,0,0.74641,1
0.4644,4.5894,2.4845,12.5164,-2.8602,0.0066,-1.4383,0,1,1,0.93810,1
0.4849,4.5390,2.3879,11.9274,1.9825,0.0275,-0.9438,0,1,0,0.26682,1
0.5200,4.7586,2.2961,11.6710,1.6046,0.0122,-0.7364,0,1,0,0.16167,1
0.4302,4.2581,2.5533,12.8426,-1.0935,0.0026,-1.6177,0,1,1,1.43464,1
0.3979,4.1602,2.6785,12.0281,2.9186,0.1116,-0.9478,0,1,0,0.72262,1
0.3534,3.7591,2.7851,13.1642,-3.0983,0.0242,-1.6016,1,2,0,2.00528,1
0.4439,4.4704,2.5457,12.3025,-1.8611,0.0031,-1.1633,0,1,1,0.84325,1
0.3424,3.7632,2.8473,12.7627,-2.6187,0.0799,-1.3275,0,1,0,1.48807,1
0.4179,4.4039,2.6486,12.3601,-2.4418,0.0162,-1.1573,0,1,2,1.43770,1
0.3592,3.9419,2.8131,11.8521,-2.6733,0.0218,-0.6110,0,1,0,0.44184,1
0.3818,4.0264,2.7204,11.8283,2.5809,0.1367,-0.7805,0,1,0,0.47842,1
0.4893,5.0004,2.4698,11.9618,2.3698,0.0000,-0.9537,0,1,0,0.61757,3
0.4289,4.7220,2.6772,11.9889,-3.0373,0.0213,-0.8683,0,1,0,0.27461,2
0.4193,4.4536,2.6548,12.5379,-2.0718,0.0310,-1.3427,0,2,0,0.94918,1
0.3583,3.8365,2.7844,12.1126,2.5713,0.1194,-0.9297,0,1,0,0.77148,3
0.5350,4.8835,2.2639,12.3310,-1.2388,0.0059,-1.4705,0,1,0,0.57907,1
0.3793,4.1577,2.7721,12.8134,2.7642,0.1046,-1.5529,0,1,1,1.37322,1
0.3584,3.8453,2.7866,11.4560,-2.1919,0.0335,-0.3405,0,1,0,0.16108,1
0.3744,3.9735,2.7424,11.8392,-1.8508,0.0375,-0.6501,0,1,0,0.23994,1
0.4012,4.1092,2.6481,11.6975,-2.1163,0.0596,-0.6146,1,1,0,0.33673,3
0.4395,4.8302,2.6532,11.9437,3.1224,0.0179,-0.8481,0,1,0,0.49733,3
0.4128,4.4196,2.6771,11.5779,-1.9948,0.0432,-0.5161,0,1,0,0.27558,1
0.4201,4.3306,2.6189,11.9329,1.8757,0.0298,-0.8098,1,1,0,0.41731,3
0.5006,4.7554,2.3717,12.0716,0.3022,0.0429,-1.1491,0,1,0,0.32641,1
0.3809,4.1827,2.7709,12.1793,-3.1159,0.0864,-0.9963,0,1,0,0.48116,3
0.4302,4.4048,2.5913,11.8658,1.4044,0.0389,-0.7848,0,1,0,0.54400,1
0.3656,3.8790,2.7588,12.0160,-2.7370,0.1500,-0.9126,0,1,0,0.66817,1
0.5111,4.6980,2.3184,11.9961,-1.2576,0.0282,-1.0752,0,2,0,0.48232,1
0.5133,5.2365,2.4179,11.8633,0.6270,0.0150,-0.9282,0,1,0,0.48477,1
0.4534,4.5454,2.5219,12.0679,1.1640,0.0089,-0.9798,0,1,0,0.40602,1
0.4386,4.3928,2.5503,11.7972,2.2788,0.0597,-0.7676,0,1,0,0.28351,1
0.4586,4.3569,2.4543,12.6546,1.2462,0.0308,-1.5926,1,2,1,1.90506,1
0.3600,3.8191,2.7694,13.2051,2.6115,0.0156,-1.6506,0,2,0,1.81119,1
0.4887,5.0813,2.4894,12.6038,2.2339,0.0167,-1.6319,0,1,0,1.28232,1
0.3922,4.2041,2.7193,12.8006,1.9127,0.0077,-1.4382,1,1,1,1.20539,1
0.3906,4.2037,2.7274,11.7030,-2.2767,0.0429,-0.5808,0,1,0,0.42766,3
0.3599,3.8182,2.7695,12.1353,-2.7630,0.1344,-0.9720,0,1,0,0.48514,1
0.3651,3.9182,2.7737,12.1864,-2.6026,0.0995,-0.9781,0,1,0,1.03745,3
0.4585,4.9889,2.6024,12.3651,1.8013,0.0143,-1.2860,0,1,1,1.15284,1
0.5823,5.4168,2.1832,11.9978,0.2860,0.0128,-1.2334,0,1,0,0.47467,1
0.4153,4.5723,2.7052,11.6455,3.0839,0.0487,-0.5825,0,1,0,0.28787,2
0.5552,5.6156,2.3195,12.7190,1.5244,0.0024,-1.9929,0,1,0,1.14624,1
0.4344,4.7464,2.6573,13.2710,3.0355,0.0317,-2.1075,0,1,0,2.12675,1
0.4066,4.4826,2.7243,11.8591,2.6426,0.0779,-0.7809,0,1,0,0.21620,2
0.3725,4.0380,2.7716,11.9612,-2.4376,0.0759,-0.7887,0,1,0,0.39204,3
0.4815,4.4015,2.3706,11.9798,1.6734,0.0103,-0.9631,0,1,0,0.34254,1
0.5177,5.4946,2.4492,12.0917,-2.3717,0.0097,-1.1731,0,1,0,0.54705,3
0.3771,4.0674,2.7567,12.5751,3.1092,0.0956,-1.3263,0,1,1,1.17102,1
0.3528,3.8289,2.8114,12.0267,-2.3284,0.0354,-0.7419,0,2,0,0.47010,1
0.4738,4.9679,2.5292,11.7977,2.4385,0.0382,-0.8109,0,1,0,0.43004,3
0.5868,5.6902,2.2106,11.7310,-1.3717,0.0194,-0.9418,0,1,0,0.38046,1
0.3695,3.9090,2.7477,12.1213,2.1344,0.0465,-0.8674,0,1,0,0.77018,1
0.6180,5.9555,2.1359,11.7428,1.4910,0.0141,-1.0131,0,1,0,0.41323,1
0.5384,4.9013,2.2544,11.8161,0.1441,0.0193,-0.9340,0,1,0,0.48836,1
0.4995,4.8126,2.3881,11.9413,1.2466,0.0120,-0.9709,0,1,0,0.48135,1
0.3984,4.3684,2.7342,11.8108,-2.1885,0.0215,-0.6544,0,1,0,0.35011,1
0.4652,4.5878,2.4808,11.6329,-2.3378,0.0396,-0.6408,0,1,0,0.18032,1
0.5397,5.0921,2.2856,12.5485,-0.2278,0.0387,-1.7885,0,1,1,0.51113,1
0.4379,4.6160,2.6086,12.2773,2.6366,0.0818,-1.2358,0,1,0,0.72034,1
0.3849,4.0917,2.7236,13.2002,2.9057,0.0303,-1.7933,0,1,1,2.07316,1
0.4176,4.4034,2.6499,12.6881,-1.4726,0.0083,-1.4373,0,1,1,1.22428,1
0.3568,3.8124,2.7842,11.8145,2.7415,0.1607,-0.7516,0,1,0,0.46297,1
0.4414,4.3721,2.5324,12.3703,-0.0658,0.0086,-1.2262,0,1,1,0.98244,1
0.3935,4.0982,2.6828,11.8560,-1.6880,0.0261,-0.6860,0,1,0,0.40318,1
0.4488,4.3989,2.5067,11.9495,2.0953,0.0127,-0.8646,0,1,0,0.19380,3
0.4217,4.5146,2.6593,11.9098,-2.0390,0.0130,-0.7723,0,1,0,0.58237,1
0.4476,4.6083,2.5626,11.7383,-2.9053,0.0090,-0.6684,0,1,0,0.37229,3
0.4319,4.7666,2.6738,13.0544,-2.5780,0.0580,-1.9269,0,1,1,1.82721,0
0.3835,3.9309,2.6830,11.4817,-2.0004,0.0009,-0.3508,0,1,0,0.23664,1
0.4222,4.4829,2.6487,11.7939,-1.7455,0.0413,-0.7103,0,1,0,0.31319,1
0.4680,4.6384,2.4805,11.8736,1.0853,0.0566,-0.8944,0,1,1,0.50243,1
0.3802,4.1118,2.7537,12.1954,2.7568,0.1733,-1.1261,0,2,0,0.74691,1
0.4367,4.7971,2.6587,12.2335,-2.9399,0.0251,-1.1125,0,1,0,0.96610,3
0.4171,4.1790,2.5923,11.6723,1.4768,0.0087,-0.5577,0,1,0,0.15879,1
0.3323,3.6587,2.8689,11.6164,2.5088,0.0768,-0.4675,0,1,0,0.32387,0
0.4302,4.6913,2.6634,13.0946,-2.6863,0.0043,-1.8640,0,1,1,1.67864,1
0.3470,3.8064,2.8363,12.6593,-2.4754,0.0931,-1.2837,0,1,1,1.43573,1
0.3456,3.7296,2.8182,12.7160,2.9426,0.0534,-1.2627,0,1,0,1.49377,1
0.4166,4.2086,2.6028,11.8441,-2.1600,0.0119,-0.7038,0,1,0,0.31922,3
0.4866,4.8471,2.4484,12.2715,0.6295,0.0256,-1.2924,0,1,1,0.97592,1
0.4894,5.4014,2.5526,11.7917,-1.5691,0.0104,-0.8025,0,1,0,0.22738,0
0.4758,5.0342,2.5352,11.9280,-2.9941,0.0116,-0.9061,1,1,0,0.58066,3
0.4458,4.2182,2.4747,11.8149,-2.3698,0.0177,-0.7425,0,1,0,0.14159,1
0.3796,4.0140,2.7276,12.1235,2.3818,0.0354,-0.8796,0,1,0,0.59091,3
0.4242,4.5285,2.6510,12.1111,-3.0904,0.0850,-1.0493,0,1,0,0.69445,1
0.4390,4.2401,2.5099,11.9569,-1.7664,0.0346,-0.8781,0,1,0,0.59325,1
0.4042,4.2416,2.6706,12.0293,2.1757,0.0008,-0.8171,0,1,0,0.38240,1
0.5419,5.1699,2.2914,11.6611,-1.1578,0.0274,-0.7865,0,1,0,0.18011,3
0.4465,4.6548,2.5789,12.0687,1.1273,0.0109,-0.9672,0,1,0,0.72127,1
0.5331,5.6128,2.4076,11.8338,1.1006,0.0686,-1.0114,0,1,0,0.15829,1
0.4363,4.1802,2.5062,12.3391,-2.0878,0.0081,-1.1800,0,1,1,0.84637,1
0.4479,4.6577,2.5735,12.0680,2.2244,0.0334,-1.0003,0,1,0,0.54636,3
0.3861,4.0468,2.7047,11.8248,2.7631,0.0212,-0.6408,0,1,0,0.34823,3
0.3959,4.0658,2.6615,11.6009,2.8538,0.0636,-0.5336,0,1,0,0.31465,3
0.3913,4.1294,2.7025,12.2698,2.8764,0.0012,-0.9816,0,1,1,0.88502,1
0.3534,3.8243,2.8070,12.5863,3.0082,0.0678,-1.2113,0,2,0,1.22053,1
0.4061,4.2314,2.6586,11.7664,-2.6341,0.0274,-0.6395,0,1,0,0.36379,3
0.4990,5.3868,2.5076,11.8108,1.2868,0.0579,-0.9011,0,1,0,0.31764,1
0.3532,3.8336,2.8108,11.8176,-2.5712,0.1793,-0.7698,0,1,0,0.33579,3
0.3496,3.7305,2.7965,12.2038,2.7515,0.1170,-0.9745,0,1,0,0.62951,3
0.3849,4.1530,2.7418,11.9147,3.0525,0.1066,-0.8179,0,1,0,0.38655,1
0.4898,4.9742,2.4622,12.1629,-2.2391,0.0384,-1.2096,1,1,0,0.31132,1
0.4239,4.2842,2.5890,12.0408,2.4819,0.0662,-0.9606,0,1,0,0.63735,1
0.4655,4.9428,2.5605,11.7406,1.0788,0.0031,-0.6970,0,1,0,0.32642,1
0.3719,4.1038,2.7947,11.5826,-2.9698,0.0685,-0.4904,0,1,0,0.35803,2
0.3918,3.9727,2.6549,12.7202,1.8942,0.0062,-1.3639,0,1,1,1.39620,1
0.3425,3.7632,2.8470,12.4276,3.0822,0.0521,-1.0317,0,1,1,1.15664,3
0.3553,3.8013,2.7888,12.1775,2.2653,0.0487,-0.8770,0,1,0,0.76520,1
0.3605,3.9496,2.8081,11.8034,-3.0840,0.0663,-0.6329,0,1,0,0.34954,3
0.4602,4.6665,2.5207,12.7385,1.0400,0.0220,-1.6699,0,0,0,0.00000,1
0.4460,4.3042,2.4952,12.3097,-2.2459,0.0180,-1.1970,0,1,1,0.91729,1
0.5137,4.7207,2.3128,11.8429,-0.3788,0.0203,-0.9115,0,1,0,0.22483,1
0.4031,4.4490,2.7329,12.0601,-2.3008,0.0514,-0.9074,0,1,0,0.46754,2
0.5417,5.1083,2.2809,11.7111,-0.7155,0.0115,-0.8190,0,1,0,0.38842,3
0.3620,3.9832,2.8107,12.7041,-2.1399,0.0482,-1.3060,0,1,1,1.53428,1
0.4684,4.8096,2.5178,11.5842,-3.0119,0.0486,-0.6125,0,1,0,0.24068,1
0.4555,4.7475,2.5604,12.2843,2.5102,0.0738,-1.2831,0,1,0,0.87396,1
0.4323,4.2502,2.5420,12.0809,2.6904,0.0280,-0.9647,0,1,0,0.64071,1
0.3359,3.6662,2.8508,11.9883,3.0449,0.1904,-0.8755,0,1,0,0.78165,1
0.4048,4.1309,2.6372,11.8885,-3.0242,0.0391,-0.7516,0,1,0,0.40240,3
0.4464,4.8677,2.6300,11.7942,-2.8842,0.0557,-0.7759,0,1,0,0.18851,3
0.4397,4.5944,2.5950,11.9075,1.2660,0.0114,-0.8066,0,1,0,0.19700,1
0.4388,4.3577,2.5404,11.7751,2.2751,0.0322,-0.7132,0,1,0,0.24840,3
0.4803,4.8001,2.4648,11.6568,-1.4710,0.0046,-0.6454,0,1,0,0.21045,3
0.4414,4.4548,2.5531,12.3197,-1.0658,0.0379,-1.2224,0,1,1,0.61568,1
0.4412,4.2062,2.4917,12.1055,1.9736,0.0316,-1.0137,0,1,0,0.67854,1
0.3764,3.9488,2.7245,12.2996,3.0742,0.0429,-1.0214,0,1,0,1.07871,3
0.4000,4.1179,2.6564,11.9014,1.6073,0.0053,-0.7090,0,1,1,0.52367,1
0.5476,5.5367,2.3356,12.4980,-0.6898,0.0095,-1.7148,0,1,1,1.09261,1
0.3409,3.6771,2.8268,12.5497,2.7457,0.0148,-1.0627,0,1,1,1.01571,1
0.5785,5.7746,2.2556,12.3109,-1.3160,0.0253,-1.6203,0,1,0,0.66084,1
0.4710,5.0794,2.5660,11.8923,2.3668,0.0923,-0.9664,0,1,0,0.37024,1
0.4207,4.3423,2.6191,11.8028,2.3628,0.1033,-0.7931,1,1,0,0.39192,1
0.4672,5.0424,2.5751,12.4873,-2.0069,0.0260,-1.4515,0,1,1,0.99274,1
0.6000,5.9880,2.2074,12.0309,-1.4886,0.0063,-1.3144,0,1,0,0.32112,1
0.4679,4.4480,2.4368,11.7662,-0.8758,0.0049,-0.7246,0,1,0,0.20910,3
0.5473,5.7301,2.3707,11.7308,1.9977,0.0530,-0.9082,0,1,0,0.15009,1
0.4281,4.6902,2.6732,13.0602,2.8976,0.0519,-1.9044,0,2,0,1.90770,1
0.4326,4.5832,2.6250,12.5776,2.3594,0.0051,-1.3863,0,1,1,0.92330,1
0.4437,4.8476,2.6380,12.0749,-2.9607,0.0889,-1.0713,0,1,0,0.37382,1
0.4631,4.4271,2.4521,11.8801,2.0297,0.0277,-0.8512,0,1,0,0.46741,1
0.5682,5.5057,2.2506,11.9044,0.5149,0.0688,-1.1689,0,1,0,0.32192,1
0.5006,4.9578,2.4140,11.9303,0.9453,0.0432,-1.0052,0,1,0,0.39614,1
0.3992,4.3518,2.7256,12.0664,3.0013,0.1564,-1.0422,0,1,0,0.24656,1
0.3992,3.9986,2.6264,11.9584,-0.6483,0.0022,-0.7486,0,1,0,0.47671,1
0.3753,4.0320,2.7555,12.0286,2.1231,0.0271,-0.7840,0,1,0,0.55933,1
0.3896,4.1280,2.7107,12.0227,-2.2864,0.0055,-0.7840,0,0,0,0.00000,1
0.4476,4.2815,2.4830,11.9660,2.4449,0.0140,-0.8779,0,1,1,0.58729,1
0.4891,4.8067,2.4295,12.4216,-0.3911,0.0042,-1.4214,0,1,1,0.80381,1
0.3993,4.3927,2.7366,12.4080,-2.2740,0.0281,-1.1591,0,1,1,0.91639,1
0.4570,4.3358,2.4560,11.7362,-0.6346,0.0016,-0.6724,0,1,0,0.18499,3
0.4602,4.3686,2.4503,11.9030,0.6457,0.0257,-0.8635,0,1,0,0.33352,1
0.4521,4.9587,2.6247,13.2724,-1.7147,0.0039,-2.1472,1,2,0,0.73585,1
0.4790,4.6143,2.4290,11.8892,-0.0548,0.0001,-0.8575,0,1,0,0.41673,3
0.3633,4.0107,2.8125,12.2256,2.8162,0.0251,-0.9028,0,1,2,1.00598,0
0.3794,3.9441,2.7075,13.0712,-2.8000,0.0283,-1.6513,0,1,1,1.82569,1
0.4066,4.4844,2.7249,12.9198,-2.9713,0.0817,-1.7246,0,1,0,0.32970,0
0.4678,4.7386,2.5043,12.9286,-1.7065,0.0265,-1.9037,0,1,0,0.73949,1
0.4969,4.6997,2.3745,11.9925,-1.0721,0.0225,-1.0304,0,1,0,0.61893,1
0.4288,4.3250,2.5770,12.3144,-1.1974,0.0293,-1.1675,0,0,3,0.63026,1
0.3594,3.8397,2.7794,11.8905,2.9695,0.0956,-0.7322,0,0,0,0.00000,3
0.3870,3.9509,2.6720,12.8239,-2.8570,0.0422,-1.4934,0,2,0,1.55179,1
0.4840,4.8071,2.4504,11.8716,-1.5743,0.0276,-0.8888,0,1,0,0.53804,3
0.4845,4.7325,2.4322,12.3867,0.8463,0.0582,-1.4529,0,1,0,0.86501,1
0.4189,4.2101,2.5924,12.2032,1.7065,0.0112,-1.0147,0,1,1,0.67177,1
0.3939,4.2065,2.7117,12.0435,-2.3431,0.0458,-0.8640,0,1,0,0.70123,3
0.5036,5.2236,2.4554,12.3511,3.0078,0.0109,-1.4076,0,2,0,0.75087,1
0.3636,3.8089,2.7473,12.3097,2.5216,0.0213,-0.9621,0,1,0,0.94354,1
0.3540,3.7714,2.7863,12.1504,2.5813,0.0162,-0.8099,0,1,0,0.86595,1
0.4708,5.0379,2.5581,12.3711,-2.2609,0.0425,-1.3711,0,1,1,0.46444,3
0.4688,5.0105,2.5609,11.9972,2.4827,0.0037,-0.9460,0,1,0,0.45630,3
0.4345,4.7696,2.6621,11.7490,-2.3254,0.0830,-0.7469,1,0,0,0.14269,3
0.4759,4.4550,2.4056,11.7526,1.5613,0.0421,-0.7746,0,1,0,0.22234,3
0.4047,4.0412,2.6124,11.6792,2.2771,0.0103,-0.5448,0,1,0,0.37740,3
0.4420,4.4292,2.5440,11.7201,-2.5306,0.0530,-0.6968,0,1,0,0.31002,1
0.4820,4.7174,2.4393,11.8063,1.5305,0.0308,-0.8248,0,1,0,0.27011,3
0.5650,5.2079,2.2113,12.0341,-0.6118,0.0361,-1.2642,0,1,0,0.53440,1
0.3927,4.2484,2.7294,11.8689,2.1987,0.0320,-0.7026,0,1,0,0.21841,1
0.4349,4.7886,2.6650,12.7803,-2.8286,0.0449,-1.6495,0,1,0,1.33143,0
0.4012,4.1285,2.6535,11.7330,1.7629,0.0119,-0.5844,0,1,0,0.26980,1
0.5140,4.8480,2.3375,11.8669,0.0539,0.0130,-0.9281,0,1,0,0.44434,1
0.5598,5.7194,2.3189,11.8571,-2.8820,0.0006,-1.0059,0,1,0,0.29035,3
0.4172,4.5195,2.6823,12.7730,2.5618,0.0696,-1.6115,0,1,1,1.39096,1
0.3504,3.8096,2.8181,13.2598,-2.4368,0.0431,-1.6994,0,1,1,2.19642,1
0.3947,4.1410,2.6891,11.7018,-2.1376,0.0496,-0.5948,0,1,0,0.25098,3
0.3929,3.9738,2.6496,12.3274,-3.1218,0.0111,-1.0462,0,1,0,0.86645,1
0.4441,4.6724,2.5939,12.8232,2.2166,0.0031,-1.6593,0,1,1,1.66519,1
0.4809,4.5212,2.4000,11.8464,0.3971,0.0092,-0.8318,0,1,0,0.33950,1
0.3558,3.8782,2.8111,13.1303,-2.7334,0.0276,-1.5909,0,1,1,1.73400,1
0.4367,4.2226,2.5153,11.9823,-1.0863,0.0531,-0.9207,0,1,0,0.63546,1
0.3767,4.1149,2.7731,11.9044,2.7128,0.1551,-0.8537,0,1,0,0.48765,1
0.5098,5.5467,2.4928,11.9840,-3.0564,0.0159,-1.0488,0,1,0,0.40500,3
0.5020,5.1032,2.4379,11.7259,-1.2340,0.0095,-0.7585,0,1,0,0.25765,3
0.3695,3.9064,2.7469,11.9031,2.9303,0.1102,-0.7813,0,1,0,0.23847,1
0.3989,4.1210,2.6626,11.9553,2.2415,0.0038,-0.7483,0,1,0,0.60512,1
0.4004,4.1206,2.6556,11.8464,2.0467,0.0041,-0.6639,0,1,0,0.45243,1
0.4635,4.9300,2.5665,12.3575,0.4868,0.0007,-1.2739,0,1,0,1.04470,1
0.5281,5.3550,2.3802,12.3103,-0.8945,0.0140,-1.4440,0,1,0,0.73514,1
0.4869,4.4348,2.3568,12.2104,-0.0186,0.0147,-1.2119,0,1,0,0.64184,1
0.4185,4.5451,2.6826,12.5656,2.6053,0.0963,-1.4638,0,1,0,0.32888,1
0.3870,4.0930,2.7136,13.2026,1.6709,0.0152,-1.7776,0,1,0,0.95771,1
0.4664,4.6069,2.4800,11.7030,0.9690,0.0362,-0.7038,0,1,0,0.24823,1
0.3709,4.0360,2.7797,11.8441,2.9183,0.1082,-0.7354,0,1,0,0.64198,3
0.3520,3.8338,2.8176,11.5600,-2.6963,0.1504,-0.5424,0,1,0,0.27240,3
0.4040,4.2275,2.6676,11.9636,2.7765,0.1097,-0.9046,0,1,1,0.66635,1
0.4367,4.7554,2.6487,12.9369,2.5130,0.0564,-1.8289,0,1,0,1.77116,1
0.4530,4.8583,2.5976,11.9749,-2.6505,0.0524,-0.9520,0,1,0,0.50980,3
0.5427,5.3160,2.3151,11.8180,1.9932,0.0282,-0.9598,0,1,0,0.41919,1
0.3672,3.9979,2.7874,11.9607,-2.7461,0.2055,-0.9430,0,1,0,0.63441,1
0.4277,4.1889,2.5465,12.1298,-1.5260,0.0116,-0.9738,0,1,0,0.75388,1
0.3569,3.8046,2.7815,11.7897,2.8083,0.0787,-0.6315,0,1,0,0.34854,3
0.4740,4.5075,2.4255,11.7593,2.1866,0.0276,-0.7590,0,1,0,0.23213,1
0.4223,4.3589,2.6158,12.2535,2.0992,0.0296,-1.0948,0,1,0,0.76631,1
0.4136,4.2888,2.6386,12.2702,2.1369,0.0541,-1.1191,0,1,0,0.95321,1
0.3958,4.0395,2.6547,12.8153,2.7885,0.0156,-1.4768,0,1,1,1.49835,1
0.3786,4.0580,2.7460,12.5759,-2.6288,0.0686,-1.2918,1,2,0,1.16995,1
0.3964,4.1507,2.6832,11.8760,-2.5781,0.0214,-0.7020,0,1,0,0.43855,3
0.3566,3.8384,2.7937,12.0917,-2.9920,0.0569,-0.8269,0,1,0,0.58501,3
0.4995,4.7955,2.3843,12.0114,-1.4116,0.0018,-1.0279,0,1,0,0.44474,1
0.4142,4.4187,2.6701,12.2243,2.6458,0.1176,-1.1689,0,1,0,1.12850,1
0.5109,5.4429,2.4678,11.6398,-1.0618,0.0048,-0.6840,0,1,0,0.17205,1
0.3982,4.0444,2.6442,11.7634,-2.4311,0.0946,-0.7065,0,1,0,0.23090,1
0.5071,5.2766,2.4515,11.7144,1.1930,0.0377,-0.7930,0,1,0,0.30014,1
0.3536,3.8290,2.8072,12.0921,2.9250,0.0773,-0.8468,0,1,1,0.71076,3
0.4504,4.7560,2.5851,12.0234,1.7288,0.0052,-0.9282,0,1,0,0.42609,1
0.5027,4.9494,2.4036,11.7358,1.8952,0.0048,-0.7627,0,1,0,0.23657,3
0.5051,5.1862,2.4415,12.0199,-2.1220,0.0058,-1.0587,0,1,0,0.63268,3
0.4761,5.0203,2.5309,11.6110,1.9893,0.0643,-0.6697,0,1,0,0.22120,3
0.4170,4.4823,2.6736,12.1144,3.1253,0.0634,-1.0045,0,1,0,0.67294,3
0.3404,3.7395,2.8506,13.3147,-2.8395,0.0590,-1.7231,0,1,1,2.25006,1
0.5004,5.0724,2.4383,12.0236,-1.4595,0.0322,-1.0862,0,1,0,0.40501,3
0.4962,4.9167,2.4233,11.8628,1.3602,0.0304,-0.9101,0,1,0,0.23079,3
0.3802,3.9804,2.7148,11.6728,-2.2731,0.0403,-0.5370,0,1,0,0.21530,3
0.3652,3.8577,2.7542,11.7890,2.8940,0.0110,-0.5624,0,1,0,0.16806,1
0.4803,4.6921,2.4406,12.0493,-2.0825,0.0008,-1.0174,0,1,0,0.57885,1
0.3748,3.9000,2.7178,12.0209,2.4085,0.0230,-0.7713,0,1,0,0.73781,3
0.3664,3.8704,2.7519,12.0907,2.5206,0.0119,-0.7904,0,1,0,0.90600,1
0.4295,4.5794,2.6388,11.7664,-2.7615,0.0307,-0.6873,0,1,0,0.37725,3
0.4314,4.1996,2.5328,12.1473,-1.4084,0.0243,-1.0166,0,1,1,0.81985,1
0.4750,4.4882,2.4169,11.9378,2.0805,0.0254,-0.9288,0,1,0,0.68911,1
0.4490,4.8286,2.6089,12.0468,2.6258,0.0940,-1.0651,0,1,0,0.56714,1
0.3813,4.0344,2.7254,13.2237,-2.8018,0.0106,-1.7597,0,1,1,1.78060,1
0.3466,3.7202,2.8094,11.5643,-2.6702,0.0208,-0.3862,0,1,0,0.16720,1
0.4350,4.3871,2.5649,11.7324,-2.2780,0.0345,-0.6719,0,1,0,0.26435,3
0.4726,4.3941,2.4050,11.9311,-0.8482,0.0228,-0.9131,0,1,0,0.49481,1
0.5561,5.4024,2.2789,11.8653,-0.0544,0.0068,-1.0126,0,1,0,0.22042,3
0.3501,3.8503,2.8331,12.4308,-2.7643,0.0849,-1.1046,0,1,1,1.10267,3
0.5062,5.1278,2.4255,11.6394,-1.8601,0.0451,-0.7242,0,1,0,0.16112,3
0.3992,4.2936,2.7097,12.8947,3.0427,0.0504,-1.6190,0,1,1,1.33591,1
0.4076,4.1633,2.6325,11.5777,-2.8171,0.0415,-0.5059,0,1,0,0.25768,3
0.4196,4.1002,2.5595,11.9657,1.4586,0.0481,-0.8605,0,1,0,0.40713,3
0.3606,3.9789,2.8169,13.0480,-2.9114,0.0336,-1.5559,0,1,1,1.80200,0
0.4973,4.5403,2.3389,12.3796,-1.4740,0.0237,-1.4314,0,1,1,0.86946,1
0.4780,5.2711,2.5763,11.9110,-2.7181,0.0600,-0.9584,0,1,0,0.24212,2
0.4473,4.4349,2.5220,11.6626,-0.3691,0.0038,-0.5935,0,1,0,0.17591,1
0.4961,5.4622,2.5355,12.6868,2.3830,0.0269,-1.7668,0,1,0,0.51782,0
0.4189,4.1990,2.5897,11.7628,1.3493,0.0163,-0.6455,0,1,0,0.46844,1
0.3740,4.0602,2.7707,11.5926,2.7809,0.1260,-0.5692,0,1,0,0.17674,3
0.3797,3.9601,2.7112,11.9144,2.5356,0.0419,-0.7240,0,1,0,0.30914,3
0.4791,4.5207,2.4075,11.6418,-3.0504,0.0127,-0.6379,0,1,0,0.14650,1
0.4600,4.5064,2.4840,12.1941,2.3794,0.0450,-1.1667,0,1,0,0.85295,1
0.5080,5.4557,2.4829,12.1225,1.1622,0.0045,-1.1725,0,1,0,0.64427,1
0.4542,4.7220,2.5602,11.6653,2.9082,0.0568,-0.6740,0,1,0,0.26528,1
0.4690,4.8506,2.5245,11.5982,3.0320,0.0277,-0.6010,0,1,0,0.25660,3
0.3842,4.0966,2.7290,11.9953,2.7848,0.1084,-0.8842,0,1,0,0.45509,1
0.4048,4.0542,2.6157,11.6935,2.5029,0.0785,-0.6407,0,1,0,0.31576,1
0.3499,3.8146,2.8227,12.3421,-2.4543,0.0320,-0.9622,0,1,0,1.09280,1
0.4412,4.4898,2.5626,11.7392,2.4563,0.0919,-0.7615,0,1,0,0.34346,1
0.3888,4.2163,2.7402,12.8992,2.2527,0.0351,-1.5542,0,1,1,1.65177,1
0.4262,4.2089,2.5588,11.8734,0.0269,0.0034,-0.7365,0,1,0,0.40156,1
0.4265,4.2937,2.5796,11.8994,-2.2431,0.1046,-0.8918,0,1,0,0.26014,1
0.3694,4.0098,2.7797,12.1301,2.8863,0.0921,-0.9347,0,1,0,0.61247,3
0.4082,4.2188,2.6449,11.4750,-2.2024,0.0141,-0.3920,0,1,0,0.16020,3
0.4066,4.2259,2.6548,12.8630,-2.5685,0.0549,-1.6291,0,1,1,1.38331,1
0.4468,4.5690,2.5566,12.0268,-3.0029,0.0485,-0.9798,0,1,0,0.69729,1
0.5407,5.4551,2.3484,11.9662,0.3890,0.0436,-1.1397,0,1,0,0.36556,1
0.3737,3.9524,2.7394,12.1541,2.1901,0.0246,-0.8741,0,1,0,0.77782,1
0.4162,4.5704,2.7004,12.1441,2.7880,0.0692,-1.0364,0,1,0,0.22983,3
0.3841,4.1725,2.7517,13.0362,-2.8030,0.0894,-1.7466,0,1,1,1.94870,1
0.4622,4.5996,2.4964,12.0228,-2.5212,0.0162,-0.9691,0,1,0,0.32617,3
0.3990,4.1946,2.6830,11.9110,2.9084,0.0698,-0.7977,0,1,0,0.36880,3
0.3579,3.9323,2.8168,12.8511,-3.0899,0.0130,-1.3522,0,1,1,1.59206,1
0.5470,5.5099,2.3330,11.6332,-1.6843,0.0320,-0.7733,0,1,0,0.19611,3
0.4351,4.4795,2.5876,12.0788,1.4101,0.0463,-0.9956,0,1,0,0.45639,1
0.4408,4.5915,2.5894,11.7608,-2.5608,0.1020,-0.7929,0,1,0,0.26805,1
0.4257,4.6734,2.6807,12.5282,-2.6871,0.0362,-1.3640,0,1,0,1.35343,3
0.5769,5.8745,2.2778,12.6349,0.9868,0.0064,-1.9835,0,1,1,1.08477,1
0.4456,4.6075,2.5715,12.6984,-1.1359,0.0236,-1.5769,0,1,0,1.23745,1
0.3845,4.1235,2.7352,11.9765,2.5554,0.0610,-0.8080,0,1,0,0.38041,3
0.4855,4.6850,2.4176,11.6763,-1.9106,0.0018,-0.6687,0,1,0,0.27237,3
0.5392,5.6520,2.3897,12.2083,-0.5527,0.0168,-1.3698,0,1,2,0.67265,1
0.5444,5.0732,2.2639,11.9770,0.0590,0.0629,-1.1854,0,1,0,0.57525,1
0.4622,4.8592,2.5565,12.3021,2.4837,0.0653,-1.3084,0,1,0,0.83532,1
0.4255,4.2284,2.5670,11.8175,-2.1032,0.0384,-0.7324,0,1,0,0.16762,3
0.3851,3.9305,2.6749,11.8591,-1.5590,0.0061,-0.6462,0,1,0,0.50305,1
0.4456,4.2540,2.4846,11.6788,0.0876,0.0150,-0.6180,0,1,0,0.14560,1
0.5039,5.0302,2.4151,11.6450,-0.4867,0.0249,-0.7002,0,1,0,0.33742,1
0.3608,3.9103,2.7944,12.7325,-2.9057,0.0662,-1.3524,0,1,0,1.39668,1
0.5084,5.1831,2.4273,12.8588,1.9442,0.0326,-2.0140,0,1,0,1.17914,1
0.4794,4.3605,2.3696,11.8372,1.2096,0.0119,-0.8224,0,1,0,0.25074,1
0.4041,4.3052,2.6887,12.1213,2.3488,0.0067,-0.9011,0,1,1,0.61159,1
0.4815,5.2760,2.5618,12.3007,2.4312,0.0063,-1.2824,0,1,0,0.99561,3
0.4166,4.3807,2.6484,11.6869,-2.8087,0.0760,-0.6523,0,1,0,0.17574,1
0.3534,3.8018,2.7992,11.8512,-2.4729,0.0868,-0.6801,0,1,0,0.33892,3
0.4739,5.0156,2.5393,12.0238,2.4152,0.0156,-0.9996,0,1,0,0.47181,3
0.4967,4.7108,2.3778,11.7067,2.9745,0.0074,-0.7247,0,1,0,0.25190,1
0.4289,4.3648,2.5872,12.2347,2.6132,0.0504,-1.1257,0,0,2,0.34214,1
0.3935,4.1902,2.7091,11.9892,-3.1061,0.1072,-0.8988,0,1,0,0.25890,1
0.4404,4.5126,2.5720,12.5123,-2.1856,0.0100,-1.3586,0,1,0,0.95117,1
0.3355,3.6812,2.8586,12.8478,2.8056,0.1022,-1.4020,0,2,0,1.70573,1
0.4288,4.1739,2.5378,11.9365,3.0303,0.0235,-0.8227,0,1,0,0.55702,1
0.5130,5.2014,2.4119,11.9851,0.4965,0.0328,-1.0782,0,1,0,0.56861,1
0.3577,3.7995,2.7754,11.6538,1.9944,0.0351,-0.4815,0,1,0,0.21525,1
0.5223,4.7329,2.2823,12.0198,0.6630,0.0574,-1.1690,0,1,0,0.30440,1
0.3628,3.9226,2.7876,11.8181,2.9547,0.0435,-0.6198,0,1,0,0.66525,3
0.3446,3.7693,2.8370,12.2255,-2.8901,0.0844,-0.9327,0,1,1,0.99052,3
0.4250,4.6557,2.6796,12.1042,2.3196,0.0499,-0.9980,0,1,0,0.61704,3
0.4095,4.1748,2.6268,11.7919,2.4593,0.0609,-0.7088,0,1,0,0.45696,3
0.3552,3.8243,2.7969,12.3953,3.1018,0.0293,-1.0142,0,1,1,1.11753,3
0.4015,4.0274,2.6239,11.9486,1.2865,0.0049,-0.7493,0,1,0,0.48034,1
0.3592,3.7993,2.7672,12.9468,-2.5944,0.0391,-1.4770,0,2,0,1.39641,1
0.3714,3.9465,2.7497,12.6471,-1.9879,0.0305,-1.2670,0,2,0,1.10231,1
0.4722,5.1845,2.5835,11.9523,-2.9609,0.0447,-0.9657,0,1,0,0.26265,3
0.4307,4.1788,2.5307,12.3993,2.2807,0.0419,-1.2689,0,1,1,0.97955,1
0.3474,3.7591,2.8182,13.0597,2.5559,0.0989,-1.6191,0,1,3,1.76498,1
0.5404,5.6977,2.3928,12.3479,-1.5566,0.0311,-1.5525,0,1,1,1.06118,1
0.4935,5.1016,2.4731,12.2077,-0.4583,0.0159,-1.2348,0,1,0,0.44432,1
0.5125,4.6379,2.3003,11.9342,-1.1635,0.0003,-0.9752,0,1,0,0.50879,1
0.3793,4.0551,2.7417,12.9374,-1.9538,0.0096,-1.5044,0,1,1,1.57797,1
0.4059,4.2558,2.6665,12.0140,-2.8083,0.0848,-0.9192,0,1,0,0.52615,1
0.5090,4.9557,2.3792,11.7089,0.6841,0.0168,-0.7626,0,1,0,0.24058,3
0.4097,4.1688,2.6243,11.8157,-2.2413,0.0295,-0.6891,0,1,0,0.19193,3
0.3997,4.2435,2.6931,12.1546,2.6018,0.0529,-0.9803,0,1,0,0.91619,3
0.4148,4.1113,2.5848,11.8984,0.9790,0.0187,-0.7540,0,1,0,0.47947,1
0.5588,5.3123,2.2526,12.1725,0.4045,0.0187,-1.3838,0,1,0,0.50798,1
0.3919,4.2859,2.7443,13.1894,-2.6513,0.0118,-1.7836,0,1,1,1.86817,1
0.3474,3.7265,2.8071,12.4910,-3.0698,0.0935,-1.1555,0,1,1,1.16910,1
0.3414,3.7026,2.8326,13.0997,-2.6667,0.0720,-1.5778,0,1,1,2.00201,1
0.4494,4.4515,2.5168,11.9980,0.9577,0.0484,-0.9586,1,1,0,0.38281,1
0.4456,4.9192,2.6461,11.8331,2.3394,0.0608,-0.8160,0,0,2,0.34015,2
0.4390,4.3455,2.5366,12.7306,2.5849,0.0033,-1.5478,0,1,0,1.21871,1
0.3317,3.6294,2.8623,12.1554,-2.8450,0.1913,-0.9901,0,1,0,0.86663,1
0.4139,4.3113,2.6431,11.5350,-1.7852,0.0669,-0.5104,0,1,0,0.20891,3
0.5483,5.3618,2.3015,11.7727,0.2669,0.0177,-0.9083,0,1,0,0.36539,3
0.4663,4.9356,2.5552,12.8672,2.7162,0.0317,-1.8436,0,1,1,1.47357,1
0.3642,3.8439,2.7549,12.4500,-2.5437,0.0565,-1.1238,0,1,1,1.00539,1
0.4415,4.8189,2.6412,12.5602,-1.9413,0.0160,-1.4189,0,1,0,1.43206,1
0.4371,4.6586,2.6231,12.1551,-2.8688,0.0778,-1.1137,0,1,1,0.93508,1
0.3745,3.8700,2.7102,12.7689,-1.8720,0.0218,-1.3643,0,1,1,1.24991,1
0.3897,4.1073,2.7040,12.5376,2.3054,0.0344,-1.2464,0,1,0,1.39313,1
0.4724,4.7635,2.4901,11.9104,1.5311,0.0542,-0.9364,0,1,0,0.47769,3
0.3622,3.8964,2.7826,12.0191,3.0979,0.0956,-0.8358,0,1,0,0.70488,3
0.3775,4.0543,2.7507,11.7816,-2.4616,0.0610,-0.6411,0,1,0,0.44652,3
0.4223,4.3340,2.6092,12.0020,2.1584,0.0075,-0.8448,0,1,0,0.48589,3
0.3535,3.7615,2.7856,12.2885,-2.6509,0.0092,-0.9009,0,1,1,1.01666,1
0.6335,6.2188,2.1162,11.7698,-1.3122,0.0055,-1.0695,0,0,0,0.00000,1
0.4547,4.3263,2.4635,11.8311,-1.4645,0.0025,-0.7553,0,1,0,0.47593,3
0.3693,3.8850,2.7415,11.8886,2.6336,0.0145,-0.6482,0,1,0,0.54175,1
0.4572,4.4962,2.4939,11.8190,3.0769,0.0336,-0.7902,0,1,0,0.44783,1
0.3985,4.0026,2.6309,11.8017,2.9684,0.0614,-0.6965,0,1,0,0.43857,1
0.3916,4.2237,2.7279,13.0967,-2.8819,0.0127,-1.7018,0,1,2,1.79928,1
0.5071,4.9293,2.3817,12.0089,-0.9906,0.0306,-1.0841,0,1,1,0.45391,1
0.5530,5.1756,2.2504,11.8962,-1.4078,0.0052,-1.0358,0,1,0,0.52812,1
0.3569,3.8868,2.8078,11.8677,-2.1764,0.0792,-0.6895,0,1,1,0.47668,1
0.3765,3.9830,2.7344,12.0481,2.8825,0.0222,-0.7953,0,1,0,0.79587,3
0.3604,3.8457,2.7760,12.2043,-2.2649,0.0334,-0.8897,0,1,1,0.52650,1
0.4497,4.4946,2.5261,12.0973,1.9177,0.0211,-1.0144,0,1,0,0.73685,1
0.5638,5.7487,2.3083,12.0197,-2.2577,0.0202,-1.2268,0,1,0,0.25704,1
0.4560,4.9429,2.6035,11.9599,-1.8975,0.0007,-0.8774,1,1,0,0.41387,1
0.4162,4.5221,2.6875,11.9709,-2.7850,0.0052,-0.8025,0,1,0,0.53312,1
0.5309,5.1975,2.3394,12.1982,-0.6696,0.0084,-1.3188,1,0,2,0.44577,1
0.4131,4.5040,2.6978,11.9743,-2.5644,0.0262,-0.8258,0,1,0,0.37055,3
0.3742,4.0692,2.7723,11.7692,-2.7516,0.0121,-0.5656,0,0,0,0.00000,1
0.4263,4.4879,2.6305,12.0941,-2.7254,0.0344,-0.9712,0,1,0,0.87855,3
0.5720,5.3890,2.2166,11.9900,0.9413,0.0321,-1.2261,0,1,0,0.17028,1
0.4977,4.9148,2.4166,12.0566,-0.6102,0.0445,-1.1297,0,1,0,0.46797,1
0.4574,4.8581,2.5777,13.1259,2.4918,0.0092,-2.0309,1,1,1,1.38821,1
0.4315,4.4737,2.6030,11.9586,2.3119,0.0357,-0.8653,0,1,0,0.40786,3
0.4794,4.7083,2.4483,11.6658,-2.1283,0.0622,-0.7241,0,1,0,0.28073,1
0.3731,4.0395,2.7690,13.0371,3.0192,0.0827,-1.6871,0,1,1,1.77320,1
0.5442,4.9518,2.2423,12.0530,1.3713,0.0163,-1.2026,0,1,0,0.30780,1
0.3787,4.1411,2.7700,12.9092,-3.0716,0.0298,-1.5121,0,1,1,1.79662,1
0.5384,5.5264,2.3704,12.3124,2.0094,0.0047,-1.4654,0,1,0,0.34625,1
0.4473,4.4519,2.5263,12.2516,2.9334,0.0121,-1.1384,0,1,1,0.86092,1
0.4001,4.1659,2.6694,11.7891,1.5513,0.0237,-0.6421,0,1,0,0.44036,1
0.4437,4.7485,2.6143,12.5004,-3.0135,0.0321,-1.3931,0,1,0,1.00119,1
0.3829,3.9426,2.6897,12.1999,1.9267,0.0012,-0.9017,0,1,0,0.92876,1
0.4808,5.0318,2.5127,11.8878,0.0524,0.0082,-0.8736,0,1,0,0.28135,1
0.3616,3.9176,2.7921,11.8193,-3.0517,0.0752,-0.6577,0,1,0,0.32492,3
0.5100,5.0096,2.3860,11.8769,-1.5555,0.0286,-0.9519,0,1,0,0.26443,3
0.4615,4.5814,2.4954,12.8368,-1.2187,0.0252,-1.7795,0,1,0,1.46809,1
0.4682,5.1033,2.5838,12.5669,-1.3466,0.0115,-1.5135,0,1,0,1.32820,1
0.4666,4.4772,2.4493,11.9795,-0.9002,0.0153,-0.9361,0,1,0,0.40856,1
0.4346,4.4717,2.5880,12.6967,-2.3625,0.0222,-1.5310,0,1,2,1.17653,1
0.3566,3.8362,2.7931,12.4755,-3.0856,0.0082,-1.0493,0,1,0,1.24617,1
0.3423,3.6918,2.8236,11.9655,-3.0714,0.1379,-0.8058,0,1,0,0.29899,3
0.5189,5.2113,2.3898,11.7952,2.1371,0.0457,-0.9092,0,1,0,0.19917,1
0.3751,3.8992,2.7158,12.5750,-1.8369,0.0157,-1.1992,1,2,0,1.07957,1
0.3654,3.9916,2.7949,11.8837,-2.5457,0.1209,-0.7710,0,1,0,0.47330,3
0.3714,3.9416,2.7479,12.0284,-2.9875,0.1452,-0.9296,0,1,0,0.28152,1
0.3836,4.2195,2.7679,12.5840,-2.7525,0.1318,-1.4101,0,1,0,1.38573,1
0.4594,4.2730,2.4308,11.7811,0.8869,0.0649,-0.7994,0,1,0,0.17632,1
0.3925,4.1386,2.6993,12.4025,-2.8726,0.0221,-1.1239,0,1,1,1.03670,1
0.4215,4.2967,2.6032,11.7345,2.2523,0.0093,-0.6181,0,1,0,0.41348,3
0.3420,3.7030,2.8295,12.4740,2.8100,0.0849,-1.1120,0,1,3,1.58378,3
0.3681,3.8753,2.7449,12.8725,3.0557,0.0585,-1.4848,0,1,0,1.70050,1
0.4902,5.1792,2.5033,11.8388,-1.1604,0.0058,-0.8432,0,1,0,0.29992,1
0.3581,3.8565,2.7919,11.7570,-3.0039,0.1065,-0.6437,0,1,0,0.22656,3
0.5000,4.6155,2.3444,11.8537,-1.7438,0.0218,-0.8955,0,1,0,0.24544,1
0.5499,5.3029,2.2851,12.6362,-1.7903,0.0031,-1.8713,0,1,1,1.32323,1
0.5332,5.4408,2.3756,11.9514,-1.6095,0.0505,-1.1151,0,1,0,0.33540,3
0.4679,5.0897,2.5824,11.6062,1.5985,0.0528,-0.6381,0,1,0,0.33415,1
0.4332,4.7154,2.6552,12.0567,-1.5164,0.0588,-0.9881,0,1,0,0.80845,1
0.3705,4.0435,2.7840,11.9000,-2.4403,0.0212,-0.6681,0,1,0,0.50260,1
0.4613,4.5406,2.4867,12.0980,1.6339,0.0469,-1.0803,0,2,0,0.74858,1
0.5474,5.3168,2.2970,12.4928,0.8717,0.0019,-1.6934,0,1,0,1.10170,1
0.4734,5.0229,2.5430,11.7738,3.0720,0.0756,-0.8350,0,1,0,0.48552,1
0.4281,4.1669,2.5392,11.7165,2.4613,0.0579,-0.6746,0,1,0,0.28394,1
0.3710,3.8800,2.7312,12.9188,3.1262,0.0502,-1.5222,0,1,0,1.58899,1
0.3819,3.9354,2.6927,11.7094,-2.7249,0.1081,-0.6510,0,0,0,0.00000,1
0.5134,5.3937,2.4478,11.9813,-0.7735,0.0109,-1.0468,0,1,0,0.55261,1
0.4805,5.1667,2.5427,12.0436,1.9681,0.0133,-1.0328,0,1,0,0.46382,3
0.4366,4.3987,2.5608,12.6194,0.4558,0.0061,-1.4389,0,1,0,1.27877,1
0.5767,5.5441,2.2247,11.9144,0.0915,0.0432,-1.1657,0,1,0,0.42805,1
0.4348,4.6654,2.6351,12.1580,3.0731,0.0383,-1.0563,0,2,0,0.84653,3
0.4349,4.1945,2.5160,11.9113,3.1335,0.0268,-0.8181,0,1,0,0.41278,1
0.4442,4.8799,2.6431,13.2646,-2.5261,0.0006,-2.0931,0,1,0,2.05806,1
0.4314,4.1773,2.5272,11.9065,1.2635,0.0417,-0.8259,0,1,0,0.32376,1
0.4815,4.5103,2.3954,12.6675,1.3077,0.0119,-1.6593,1,2,0,1.30658,1
0.4157,4.1712,2.5966,12.1686,-2.5656,0.0564,-1.0390,0,1,0,0.72841,1
0.3620,3.8596,2.7717,12.0561,2.9367,0.1615,-0.9507,0,1,0,0.47386,1
0.3680,4.0560,2.8012,13.0404,-2.0903,0.0260,-1.5695,0,1,1,1.59309,0
0.3627,3.8590,2.7680,12.7046,1.8564,0.0325,-1.2847,0,1,1,1.58357,1
0.4903,5.3389,2.5361,12.3804,3.0224,0.0685,-1.4815,0,1,0,0.78803,1
0.4526,4.4692,2.5071,11.7824,0.9692,0.0460,-0.7638,0,1,0,0.39172,1
0.4401,4.2255,2.5013,11.9120,-2.2078,0.0054,-0.8015,0,1,0,0.51628,1
0.4900,5.3033,2.5300,12.5480,2.3419,0.0425,-1.6189,0,1,2,0.90217,1
0.3571,3.8910,2.8080,11.9742,2.6883,0.0910,-0.7842,0,1,0,0.48473,3
0.4486,4.2557,2.4719,11.7409,-1.7126,0.0112,-0.6735,0,0,1,0.19856,3
0.3952,4.0389,2.6574,12.2229,2.9770,0.0142,-0.9712,0,1,1,0.61337,1
0.3646,3.8974,2.7700,12.1781,2.5155,0.0923,-0.9606,0,1,3,0.88421,3
0.3918,4.2366,2.7308,11.8624,-2.0901,0.0198,-0.6802,0,1,0,0.53089,1
0.3824,3.9064,2.6811,12.8112,1.8134,0.0122,-1.4148,0,1,2,1.16228,1
0.4731,4.9048,2.5186,11.9244,1.8682,0.0033,-0.8851,0,1,0,0.51861,3
0.3780,4.0485,2.7462,12.5029,2.4317,0.0182,-1.1548,0,1,0,1.10006,1
0.4472,4.4938,2.5369,12.7033,0.8695,0.0091,-1.5630,0,1,2,1.39401,1
0.4832,4.5595,2.3994,11.8110,2.2087,0.0283,-0.8275,0,1,0,0.50327,1
0.4006,4.1138,2.6523,12.7730,-1.4478,0.0240,-1.4729,0,1,1,1.61756,1
0.4107,4.2121,2.6313,12.3046,-1.2107,0.0042,-1.0697,0,1,0,0.76187,1
0.4573,4.9398,2.5967,11.9600,2.0397,0.0569,-0.9540,0,1,0,0.31027,3
0.3632,3.8409,2.7596,11.8030,-2.2735,0.1227,-0.7076,0,1,0,0.27436,3
0.3580,3.8415,2.7876,12.0643,2.2826,0.0511,-0.8020,0,1,1,0.54990,1
0.3605,3.8620,2.7804,11.9996,2.6412,0.0392,-0.7442,0,1,0,0.68749,3
0.4182,4.5681,2.6897,12.1198,2.5173,0.1828,-1.1734,0,1,0,0.84999,1
0.4567,4.7052,2.5451,12.5160,-2.7777,0.0059,-1.4120,0,1,0,1.02156,1
0.4152,4.4934,2.6852,12.9301,2.6075,0.0475,-1.7145,0,1,2,1.46143,1
0.3916,4.0975,2.6917,12.0480,2.2031,0.0185,-0.8260,0,1,0,0.62514,1
0.4108,4.1933,2.6259,11.7595,-2.5640,0.0409,-0.6590,0,1,0,0.27477,3
0.3892,4.1118,2.7078,12.6023,2.8070,0.0688,-1.3521,1,2,1,1.44026,1
0.5356,5.0504,2.2932,12.5096,0.0576,0.0033,-1.6713,0,1,1,1.01516,1
0.4159,4.2275,2.6111,12.3736,-1.0399,0.0066,-1.1482,0,1,0,0.91321,1
0.5568,5.4364,2.2819,12.1266,0.7255,0.0859,-1.4237,0,1,0,0.58430,1
0.4221,4.6166,2.6837,12.0294,2.2891,0.0170,-0.8817,0,1,0,0.37201,1
0.4676,4.8040,2.5200,12.1685,-0.4687,0.0029,-1.1047,0,1,0,0.74783,1
0.4546,4.2842,2.4535,11.9581,0.2873,0.0173,-0.8908,0,1,0,0.57727,1
0.4423,4.7251,2.6152,11.9784,-2.0041,0.0403,-0.9143,0,1,0,0.47803,3
0.3904,4.2568,2.7437,11.8015,-3.0673,0.0515,-0.6689,0,1,0,0.53805,3
0.5050,5.4757,2.4994,11.9317,3.0588,0.0380,-1.0123,0,1,0,0.31941,1
0.3578,3.7879,2.7711,11.6865,-1.8584,0.0547,-0.5287,0,1,0,0.27097,1
0.4001,4.0580,2.6390,12.5642,3.0968,0.0080,-1.2640,0,1,0,1.32422,1
0.5054,4.6485,2.3300,11.8891,-1.3978,0.0492,-0.9802,0,1,0,0.48064,1
0.4727,4.6091,2.4541,11.7689,0.1927,0.0018,-0.7330,0,1,0,0.37455,3
0.4244,4.5601,2.6580,12.1233,-1.8504,0.0115,-0.9615,0,1,1,0.49302,1
0.5492,5.7869,2.3728,11.9894,1.4049,0.0367,-1.1791,0,1,0,0.53504,3
0.5134,5.1342,2.3974,12.8678,1.0906,0.0057,-1.9971,0,1,0,1.16682,1
0.3396,3.7010,2.8419,11.8711,-2.4715,0.0556,-0.6287,0,1,0,0.30277,1
0.3867,3.9382,2.6694,11.8224,-2.5593,0.1224,-0.7678,0,1,0,0.44825,1
0.3528,3.7910,2.7990,12.9167,2.9871,0.0449,-1.4352,0,1,1,0.38268,1
0.4432,4.4791,2.5511,11.8907,2.3181,0.0127,-0.7999,0,1,0,0.51974,3
0.3983,4.3212,2.7219,11.9512,3.0134,0.1143,-0.8869,0,1,0,0.21414,1
0.4308,4.2817,2.5569,11.7286,-1.7814,0.0674,-0.7021,0,1,0,0.24316,3
0.3606,3.9663,2.8129,12.4939,2.6237,0.0270,-1.1037,0,1,1,1.09487,1
0.3977,4.3794,2.7412,11.7497,-2.2152,0.0733,-0.6678,0,1,0,0.52359,2
0.4112,4.2837,2.6486,13.1420,-2.4248,0.0139,-1.8355,0,1,0,1.69879,1
0.4377,4.2043,2.5065,11.5661,2.3570,0.0088,-0.4999,0,1,0,0.26222,3
0.4027,4.0114,2.6137,11.8525,2.9784,0.0290,-0.7046,0,1,0,0.57953,3
0.3831,3.9941,2.7039,12.3463,2.6843,0.0783,-1.1295,0,1,0,1.04066,1
0.3916,4.2393,2.7325,12.2621,-2.3621,0.0175,-0.9991,0,1,0,0.73235,1
0.5061,4.8516,2.3695,11.8639,0.4323,0.0153,-0.9115,0,1,0,0.28013,3
0.3910,4.2521,2.7392,11.9031,-2.1104,0.0648,-0.7681,0,1,0,0.44993,1
0.5383,5.4458,2.3562,12.0553,0.3696,0.0382,-1.2252,0,1,0,0.67755,1
0.3790,4.0608,2.7446,11.5711,1.9301,0.0434,-0.4622,0,1,0,0.23195,1
0.4839,4.7747,2.4441,12.7376,2.6706,0.0135,-1.7469,0,1,1,1.31866,1
0.4378,4.4855,2.5769,11.9052,2.3850,0.0392,-0.8363,0,1,0,0.50358,3
0.4238,4.3472,2.6058,12.0647,0.8894,0.0030,-0.8964,0,1,0,0.48246,1
0.5093,5.3087,2.4483,12.7515,-0.1898,0.0070,-1.8554,0,1,0,1.18035,1
0.4233,4.1547,2.5576,11.9377,2.0572,0.0325,-0.8237,0,1,0,0.41570,3
0.4278,4.3279,2.5823,11.8995,2.7961,0.0547,-0.8297,0,1,0,0.15734,1
0.5369,5.2857,2.3324,12.0545,1.2035,0.0269,-1.2038,0,1,0,0.64607,1
0.3553,3.8501,2.8048,13.1902,3.0205,0.0287,-1.6395,0,2,0,1.58894,1
0.4786,4.7386,2.4582,12.1002,-2.9499,0.0189,-1.0886,0,1,0,0.52677,1
0.4869,4.5052,2.3723,12.1041,0.6084,0.0269,-1.1233,0,1,0,0.24127,1
0.4471,4.3263,2.4963,12.2313,1.2132,0.0418,-1.1611,0,1,0,0.27917,1
0.4337,4.5167,2.6037,12.4210,-3.0210,0.0312,-1.2834,0,1,0,0.55592,1
0.4521,4.2851,2.4643,11.9439,0.0689,0.0216,-0.8780,0,1,1,0.50673,1
0.4682,5.1161,2.5867,12.4343,2.7049,0.0300,-1.4083,0,1,0,0.89081,3
0.4630,4.3362,2.4310,11.6855,2.0475,0.0225,-0.6631,0,1,0,0.15392,1
0.4323,4.4420,2.5909,12.2027,2.5030,0.0268,-1.0734,0,1,0,0.80270,3
0.3932,4.1322,2.6940,12.2959,2.9528,0.0697,-1.1046,0,1,0,0.94813,1
0.4601,4.3839,2.4543,11.8789,1.4651,0.0368,-0.8556,0,1,0,0.35371,1
0.4633,4.4376,2.4538,11.7476,-0.4214,0.0210,-0.7195,0,1,0,0.22680,1
0.3549,3.7648,2.7792,12.5576,2.6249,0.1318,-1.2904,0,1,0,1.28623,1
0.4767,5.1246,2.5505,12.1206,2.7070,0.0083,-1.0919,0,1,0,0.60639,3
0.5478,5.0880,2.2539,12.0563,-0.6140,0.0377,-1.2475,0,1,0,0.27943,1
0.3451,3.7795,2.8378,11.7116,3.0618,0.2015,-0.7033,0,1,0,0.42073,1
0.3733,4.0804,2.7803,11.6053,-3.0397,0.0288,-0.4623,0,1,0,0.27487,1
0.5430,4.9675,2.2497,11.6508,1.1133,0.0298,-0.7792,0,1,0,0.20156,1
0.3496,3.7478,2.8023,12.6263,-2.8318,0.0268,-1.1676,0,1,1,1.30743,1
0.5141,5.5885,2.4825,12.3724,2.7508,0.0501,-1.5236,0,1,0,0.64672,1
0.4233,4.4440,2.6332,11.8741,2.4331,0.0051,-0.7349,1,1,0,0.36472,1
0.4304,4.2884,2.5603,12.7313,-0.8308,0.0003,-1.5108,0,1,0,1.27749,1
0.4040,4.2513,2.6742,12.4377,2.8437,0.0155,-1.1805,0,1,0,1.06896,1
0.3817,4.0942,2.7409,12.5212,2.6696,0.0795,-1.2727,0,1,1,1.05893,1
0.3604,3.8275,2.7699,12.7605,-3.0769,0.0567,-1.3593,0,1,0,1.38760,1
0.4074,4.3312,2.6795,12.7439,-1.8526,0.0058,-1.4449,0,2,0,1.47805,1
0.3591,3.9245,2.8082,12.1629,2.4735,0.0635,-0.8955,0,1,0,0.75871,3
0.4485,4.5836,2.5528,11.8510,-2.2414,0.0013,-0.7611,0,1,0,0.40015,3
0.3902,4.0228,2.6771,12.0252,-2.7376,0.0918,-0.9012,0,1,0,0.62815,1
0.4627,4.3391,2.4330,11.9010,-1.5617,0.0191,-0.8578,0,1,0,0.52692,1
0.3545,3.8350,2.8039,11.4641,2.8855,0.0335,-0.3417,0,1,0,0.15755,1
0.4933,5.1981,2.4941,12.3109,1.9262,0.0161,-1.3413,0,1,0,0.96341,3
0.4627,4.3159,2.4274,11.9750,-1.1068,0.0326,-0.9457,0,1,0,0.36789,1
0.3577,3.7953,2.7743,11.5417,-2.6535,0.0620,-0.4332,0,1,0,0.31841,3
0.3632,3.8182,2.7524,11.9046,-2.4379,0.0905,-0.7443,0,1,0,0.73873,3
0.3659,4.0165,2.8002,12.3996,-2.1641,0.0525,-1.0830,0,1,0,1.05438,1
0.5544,5.4258,2.2893,12.7976,0.7975,0.0429,-2.1535,0,1,0,1.66284,1
0.4752,4.6622,2.4556,11.7593,-3.0933,0.0165,-0.7478,0,1,0,0.15726,1
0.4422,4.5635,2.5764,11.8617,2.6489,0.0014,-0.7579,0,1,0,0.46078,3
0.4202,4.1207,2.5626,11.8390,-1.2593,0.0023,-0.6936,0,1,0,0.40348,1
0.4654,4.6970,2.5052,11.8632,-2.4916,0.0560,-0.8784,0,1,0,0.40987,1
0.4526,4.5998,2.5386,12.0944,1.8819,0.0225,-1.0214,0,1,0,0.48890,3
0.4854,4.3863,2.3517,11.7234,-0.3935,0.0490,-0.7727,0,1,0,0.39401,1
0.3978,4.1517,2.6769,11.7551,2.7003,0.0463,-0.6388,0,1,0,0.25775,3
0.3978,4.0175,2.6388,11.8638,2.7136,0.0503,-0.7315,0,1,0,0.28108,3
0.4125,4.0701,2.5839,11.6742,-2.0632,0.0300,-0.5777,0,1,0,0.36431,3
0.5003,5.4921,2.5231,12.3552,-1.5303,0.0317,-1.4339,0,1,0,0.77861,1
0.3543,3.8445,2.8082,11.5681,2.4618,0.0490,-0.4323,0,1,0,0.27908,1
0.3992,4.3971,2.7383,11.8967,2.1515,0.0379,-0.7460,0,1,0,0.43527,0
0.3959,4.2840,2.7234,11.8608,2.7397,0.0166,-0.6831,0,1,0,0.43216,1
0.4837,4.8473,2.4605,12.5321,0.7400,0.0112,-1.5290,0,0,2,1.29249,1
0.4135,4.2394,2.6254,11.9366,1.7135,0.0273,-0.7953,0,1,0,0.54599,1
0.4603,4.8084,2.5532,11.9385,2.4483,0.0206,-0.8924,0,1,0,0.39130,3
0.5259,5.2650,2.3719,11.9868,-2.8911,0.0023,-1.0696,0,2,0,0.45298,3
0.3725,4.0211,2.7665,11.9614,2.3199,0.0256,-0.7243,0,1,0,0.70761,1
0.4725,4.3904,2.4046,12.0428,-1.4477,0.0176,-1.0132,0,1,0,0.51745,1
0.3727,4.0314,2.7687,12.3478,2.3409,0.0375,-1.0416,1,1,0,0.95849,1
0.3905,4.1006,2.6983,11.6821,3.1026,0.0463,-0.5683,0,1,0,0.40872,3
0.3461,3.7721,2.8296,11.8095,2.6016,0.0856,-0.6346,0,1,0,0.24066,3
0.3832,4.0140,2.7093,12.5685,-2.8729,0.0309,-1.2448,0,1,1,1.33284,1
0.3446,3.7087,2.8166,11.9318,3.0639,0.0125,-0.6269,0,1,0,0.58141,1
0.4153,4.2727,2.6259,11.7038,3.0096,0.0464,-0.6278,0,1,0,0.29072,3
0.3737,4.1097,2.7870,12.1394,-1.9671,0.0807,-0.9378,0,1,0,0.65508,1
0.4518,4.8126,2.5923,13.2312,2.1676,0.0205,-2.1335,0,1,0,2.03854,1
0.5326,5.0959,2.3136,12.6157,-0.3861,0.0236,-1.8159,0,1,2,1.34186,1
0.3976,4.3095,2.7222,13.0736,2.3245,0.0324,-1.7429,0,2,0,1.78212,1
0.3732,3.9980,2.7562,12.0785,2.2734,0.1019,-0.9163,0,1,0,0.78630,3
0.3824,4.1133,2.7427,11.9931,-2.9979,0.0432,-0.7936,0,1,0,0.23375,3
0.5420,5.2584,2.3074,11.9803,-1.8857,0.0078,-1.1080,0,1,0,0.60735,1
0.3312,3.6467,2.8713,12.6120,2.9182,0.0601,-1.1423,0,1,1,1.22211,0
0.4893,4.5262,2.3674,11.8126,0.8146,0.0474,-0.8662,0,1,0,0.34246,1
0.4959,4.8913,2.4190,11.8379,-0.3559,0.0060,-0.8523,0,1,0,0.19911,3
0.4825,4.9873,2.4959,12.4338,-1.3127,0.0219,-1.4413,0,1,0,0.61357,1
0.3842,4.2306,2.7678,12.1802,2.5579,0.0404,-0.9437,0,1,0,0.25589,2
0.5373,5.3871,2.3493,11.9982,0.9560,0.0234,-1.1390,0,1,0,0.45800,3
0.5107,5.1561,2.4127,11.8867,-1.2644,0.0125,-0.9430,0,1,0,0.50828,3
0.3501,3.7543,2.8017,12.4373,3.0953,0.0939,-1.1230,0,1,1,1.06547,1
0.4581,4.3228,2.4484,12.0413,1.7787,0.0224,-0.9834,0,1,0,0.51196,1
0.4386,4.7155,2.6296,12.2360,2.2493,0.0994,-1.2236,0,1,0,0.69787,3
0.4678,4.4348,2.4342,11.9760,0.4051,0.0071,-0.9242,0,1,0,0.64895,1
0.3532,3.7701,2.7901,11.9681,-2.5077,0.0416,-0.7079,0,1,0,0.74215,1
0.4200,4.4619,2.6538,12.9871,-1.9157,0.0363,-1.7701,1,1,1,1.24825,1
0.3742,3.8772,2.7136,11.9042,-2.4661,0.0911,-0.7677,0,1,0,0.38665,3
0.4624,5.0827,2.6057,12.2342,-2.0441,0.0206,-1.1804,0,1,0,0.81416,1
0.3778,4.0675,2.7533,12.0501,-2.7233,0.0649,-0.8561,0,1,1,0.69756,3
0.4919,5.0474,2.4687,12.0611,2.0244,0.0029,-1.0631,1,1,0,0.31414,3
0.4286,4.4122,2.6003,11.9276,-1.7740,0.0672,-0.8727,0,1,0,0.44766,3
0.3492,3.7522,2.8060,12.9634,2.8639,0.0305,-1.4331,0,1,1,1.59946,1
0.4172,4.2147,2.6016,11.7868,-2.5451,0.0222,-0.6700,0,1,0,0.27488,3
0.4596,4.8410,2.5635,12.4738,-2.9687,0.0221,-1.4061,0,1,0,1.25007,1
0.5342,5.4486,2.3730,11.9794,-1.9459,0.0708,-1.1759,0,1,0,0.38682,1
0.3956,4.0492,2.6583,11.7840,-2.0329,0.0114,-0.6142,0,1,0,0.30835,1
0.4493,4.7088,2.5792,11.5388,1.5992,0.0144,-0.5016,0,1,0,0.22506,1
0.3981,4.1190,2.6661,11.8944,-2.4502,0.0193,-0.7175,0,1,0,0.45272,3
0.4947,4.6142,2.3650,11.9590,-1.5027,0.0019,-0.9625,0,0,2,0.56988,1
0.4866,4.7037,2.4174,12.6872,1.4062,0.0221,-1.7178,0,1,1,1.29620,1
0.3661,4.0166,2.7992,13.3026,-2.0944,0.0224,-1.7743,0,1,2,1.97556,1
0.3643,3.8735,2.7642,13.2481,-2.8267,0.0424,-1.7568,0,1,1,2.05862,1
0.4936,5.0357,2.4590,11.8309,-0.7871,0.0400,-0.8857,0,1,0,0.21475,1
0.5157,5.5633,2.4710,12.6271,2.7052,0.0398,-1.7960,0,1,1,0.87382,1
0.3642,3.9642,2.7928,13.2916,-3.0860,0.0873,-1.8769,0,1,1,2.20324,1
0.4757,4.7667,2.4765,11.9730,-2.4453,0.0434,-0.9906,0,1,0,0.30101,1
0.3826,4.0555,2.7247,12.5922,-1.7482,0.0263,-1.2554,0,1,0,1.38558,1
0.4172,4.2245,2.6044,11.8284,-2.0498,0.0584,-0.7510,0,1,0,0.47864,3
0.4623,4.5731,2.4898,11.8164,1.0348,0.0112,-0.7695,0,1,0,0.27393,3
0.5468,5.4544,2.3239,11.9598,-0.3886,0.0229,-1.1191,0,1,0,0.59822,1
0.5291,5.2299,2.3528,11.8352,-2.5864,0.0088,-0.9239,0,1,0,0.28257,1
0.3662,4.0391,2.8057,13.2626,2.5594,0.0494,-1.7902,0,2,0,1.84447,0
0.4331,4.1691,2.5174,11.9715,-1.7311,0.0130,-0.8488,0,1,0,0.57464,1
0.4970,5.3512,2.5090,11.6388,1.6586,0.0132,-0.6696,0,1,0,0.22185,3
0.4045,4.1457,2.6429,12.1380,-2.3627,0.0340,-0.9524,0,1,1,0.58227,3
0.4558,4.3077,2.4543,12.6149,0.7084,0.0318,-1.5442,0,1,0,1.46649,1
0.4311,4.1725,2.5272,11.8403,-2.0522,0.0207,-0.7401,0,1,0,0.29884,3
0.4596,4.5630,2.4991,12.4213,2.3668,0.0294,-1.3638,0,1,1,0.73463,1
0.3810,4.0687,2.7371,13.1841,-2.7793,0.0028,-1.7097,0,1,0,1.78942,1
0.4089,4.0587,2.5975,11.9428,1.1523,0.0225,-0.7836,0,1,0,0.44834,1
0.5454,5.4766,2.3335,11.8935,-2.0705,0.0039,-1.0172,0,1,0,0.48201,3
0.5743,5.5575,2.2361,12.2487,-0.3066,0.0441,-1.5584,0,1,0,0.77273,1
0.4563,4.8684,2.5846,12.0445,1.7608,0.0150,-0.9755,0,1,1,0.38363,1
0.4837,4.9272,2.4779,12.2227,1.2273,0.0100,-1.2128,0,1,0,0.62387,1
0.4996,4.8891,2.4036,11.6651,-2.2658,0.0155,-0.7003,0,0,0,0.00000,1
0.5013,5.4349,2.5075,11.7087,-2.5033,0.0530,-0.7963,0,1,0,0.30942,3
0.4240,4.3050,2.5941,12.5428,2.3831,0.0573,-1.4033,0,1,1,1.26229,1
0.5894,5.3877,2.1526,12.0201,0.7344,0.0323,-1.3052,0,1,0,0.61452,1
0.6059,5.9002,2.1722,11.9217,-0.3882,0.0970,-1.3201,0,1,0,0.32756,1
0.3995,4.1106,2.6569,11.5518,3.0965,0.0029,-0.4275,0,1,0,0.18514,1
0.3737,4.0395,2.7659,12.9683,2.8145,0.0095,-1.5066,0,1,2,2.00126,1
0.4527,4.4631,2.5054,11.7601,-1.5197,0.0208,-0.7113,0,1,0,0.46456,3
0.4688,5.1569,2.5931,12.0630,-2.0641,0.0207,-1.0327,0,1,0,0.24893,3
0.4369,4.5751,2.6032,11.9400,1.8402,0.0689,-0.9045,0,1,0,0.36548,3
0.3557,3.8104,2.7898,13.2125,2.7720,0.0433,-1.6865,0,1,1,2.12745,1
0.4257,4.4759,2.6302,12.2797,-2.8380,0.0659,-1.1797,0,1,0,0.81571,1
0.3384,3.7316,2.8594,11.8344,-2.6358,0.0545,-0.5994,0,1,0,0.32628,0
0.5176,5.6123,2.4720,12.1916,-2.0009,0.0201,-1.2948,0,1,1,0.82059,3
0.3747,4.1063,2.7806,12.4391,-2.8097,0.0197,-1.0953,0,2,0,1.10458,1
0.3451,3.7329,2.8222,13.3107,2.5768,0.0836,-1.7905,0,1,3,1.47673,1
0.4347,4.5210,2.6000,12.2082,-2.4629,0.0392,-1.1024,0,1,0,0.82225,3
0.4214,4.5076,2.6587,11.8276,2.4577,0.0261,-0.7184,0,1,1,0.55947,3
0.4762,4.3601,2.3826,12.2665,-0.6346,0.0041,-1.2216,0,1,0,0.81384,1
0.3346,3.6595,2.8560,12.9860,2.4110,0.0310,-1.3893,0,1,1,0.96574,1
0.3681,4.0456,2.7972,13.1213,2.3000,0.0212,-1.6294,0,1,3,1.63294,1
0.4268,4.6590,2.6716,12.2893,-1.8625,0.0340,-1.1468,0,1,0,0.94700,1
0.4876,4.9037,2.4564,11.8307,-0.4577,0.0179,-0.8440,0,1,0,0.40948,1
0.4337,4.3723,2.5672,12.7797,2.9793,0.0226,-1.6063,0,1,4,1.95153,1
0.3665,3.9999,2.7917,12.0548,2.6442,0.0143,-0.7671,0,1,0,0.63749,1
0.4535,4.8377,2.5905,11.8489,-3.0790,0.0117,-0.7839,0,1,0,0.45347,3
0.4752,4.7791,2.4815,12.1108,2.5013,0.0251,-1.0993,0,1,0,0.63148,1
0.6565,6.2789,2.0410,12.1440,0.3343,0.0197,-1.6352,0,1,0,0.22419,1
0.5641,5.7375,2.3052,12.3225,0.4262,0.0401,-1.6112,0,1,0,0.73201,1
0.4297,4.6860,2.6644,12.5648,-2.7743,0.0907,-1.4943,0,1,0,1.31542,1
0.4232,4.6105,2.6768,12.0263,2.4181,0.1068,-0.9998,0,1,0,0.39968,3
0.5159,4.7290,2.3059,12.0144,0.2382,0.0144,-1.0869,0,1,0,0.42844,1
0.3563,3.7630,2.7713,11.7468,2.0343,0.0543,-0.5692,0,1,0,0.23746,1
0.5070,4.9510,2.3863,11.7109,-1.2860,0.0057,-0.7469,0,1,0,0.14148,3
0.5019,4.7332,2.3616,12.3377,1.7066,0.0284,-1.4104,0,1,0,0.68838,1
0.5240,4.7628,2.2820,11.9234,-0.1557,0.0101,-1.0040,0,1,0,0.47463,1
0.3511,3.8398,2.8243,13.0296,2.5412,0.0377,-1.5060,0,1,1,1.70444,1
0.4953,4.9300,2.4298,12.7934,1.7534,0.0156,-1.8563,0,1,1,1.28270,1
0.4917,4.8015,2.4174,12.2632,0.5679,0.0310,-1.3064,0,1,1,0.68041,1
0.3857,4.1614,2.7403,11.6488,2.6071,0.0067,-0.4872,0,1,0,0.19467,1
0.3972,4.0423,2.6485,12.3292,2.5190,0.0848,-1.1668,0,1,0,0.89668,1
0.5800,5.4908,2.2039,12.2775,0.6175,0.0009,-1.5439,0,1,0,0.70097,1
0.3472,3.7464,2.8153,12.2322,2.0308,0.0449,-0.8909,0,1,1,1.00181,1
0.4044,4.0144,2.6065,12.0967,-2.2697,0.0704,-0.9668,0,1,0,0.70782,1
0.4727,4.6471,2.4627,12.1224,1.4023,0.0199,-1.0960,0,1,0,0.59552,1
0.3694,3.8651,2.7346,12.2013,2.8630,0.0220,-0.8958,0,1,1,0.73417,3
0.4551,4.2635,2.4466,11.8608,1.4080,0.0088,-0.7908,0,1,0,0.18254,1
0.3673,4.0462,2.8021,12.4029,-2.8127,0.1774,-1.2673,0,1,0,0.81691,0
0.5495,5.2333,2.2741,12.0016,-1.6905,0.0248,-1.1730,0,1,0,0.61212,1
0.4442,4.8120,2.6270,12.0053,2.1868,0.0023,-0.8936,0,1,0,0.23034,1
0.6001,5.8224,2.1817,12.0264,-0.6309,0.0329,-1.3452,0,1,0,0.49275,1
0.3560,3.7740,2.7763,11.7358,2.8027,0.1090,-0.6276,0,1,0,0.54491,3
0.3481,3.7581,2.8141,11.9248,2.0616,0.0414,-0.6657,0,1,0,0.22649,1
0.4111,4.3158,2.6575,11.9228,2.3521,0.0437,-0.8000,0,1,0,0.27082,3
0.5897,5.7870,2.2153,12.6249,1.2640,0.0125,-2.0277,0,1,0,0.97427,1
0.4329,4.3460,2.5638,11.8868,-2.2377,0.0460,-0.8179,0,1,0,0.35054,3
0.3919,3.9506,2.6479,11.6890,-2.1162,0.0106,-0.5319,0,1,0,0.17580,2
0.3804,4.1251,2.7567,12.8663,2.5452,0.0257,-1.4759,0,1,0,1.58459,1
0.4615,5.0923,2.6118,11.7203,-2.5429,0.0366,-0.7134,0,1,0,0.47338,2
0.4394,4.3426,2.5339,11.9235,2.2369,0.0279,-0.8406,0,1,0,0.56335,3
0.5404,4.9241,2.2511,11.9798,0.8655,0.0789,-1.2006,0,1,0,0.56683,1
0.4015,4.3383,2.7106,12.6246,-3.0968,0.0614,-1.4039,0,1,1,1.20500,1
0.3835,3.9783,2.6975,12.0247,2.5031,0.0584,-0.8408,0,1,0,0.61137,3
0.4171,4.3728,2.6439,11.9540,3.0005,0.0837,-0.8918,0,1,0,0.48002,1
0.4745,4.5083,2.4236,11.8190,-2.2541,0.0120,-0.7964,0,1,0,0.35356,1
0.4178,4.5607,2.6898,12.9234,2.8749,0.0724,-1.7611,0,1,1,1.56212,1
0.4640,4.6112,2.4914,11.7129,-1.0872,0.0016,-0.6651,0,1,0,0.38161,3
0.3331,3.6523,2.8620,13.1634,3.0630,0.0588,-1.5666,0,1,1,1.73228,1
0.4502,4.4371,2.5096,11.8482,-2.9659,0.0130,-0.7762,0,1,0,0.50498,3
0.4547,4.9793,2.6176,11.8393,-1.6924,0.0491,-0.8257,0,1,0,0.21791,1
0.4381,4.2877,2.5259,11.8008,-2.1426,0.0617,-0.7722,0,1,0,0.24257,1
0.4746,4.7877,2.4861,11.8468,2.3631,0.0087,-0.8205,0,1,0,0.20018,3
0.4082,4.0809,2.6069,12.6579,-2.2741,0.0284,-1.4063,0,1,1,1.32202,1
0.5913,5.7010,2.1957,12.6031,-1.2288,0.0048,-1.9919,0,2,0,1.01856,1
0.5145,4.8883,2.3437,11.6343,0.5920,0.0026,-0.6784,0,1,0,0.18010,3
0.5095,4.9056,2.3670,12.7001,-1.8532,0.0162,-1.8104,0,1,0,0.30937,1
0.3662,4.0199,2.7998,12.2210,2.3886,0.1243,-1.0415,0,1,0,0.90931,3
0.5040,5.4898,2.5067,13.3129,-2.5466,0.0055,-2.4628,1,2,0,2.05481,1
0.6481,6.1906,2.0595,11.9594,0.6222,0.0100,-1.3519,0,0,0,0.00000,1
0.5208,5.6007,2.4563,13.0693,1.7773,0.0364,-2.3213,0,1,1,1.47790,1
0.4479,4.3984,2.5106,11.6982,-1.6754,0.0214,-0.6477,0,1,0,0.18415,3
0.5992,5.7775,2.1783,12.1922,-0.1490,0.0306,-1.5441,0,1,0,0.68601,1
0.4096,4.0763,2.5991,11.7201,-3.0723,0.0133,-0.5898,0,1,0,0.29493,3
0.3525,3.7428,2.7849,12.6850,2.3097,0.0575,-1.2706,0,1,1,1.20727,1
0.5046,4.9856,2.4032,11.8754,-0.6640,0.0053,-0.9077,0,1,0,0.55528,3
0.4569,4.4905,2.4935,12.0696,-1.0884,0.0044,-0.9834,0,1,0,0.62157,1
0.4932,4.6399,2.3765,12.1557,2.3514,0.0019,-1.1570,0,1,0,0.77963,1
0.3602,3.8531,2.7792,13.1795,-2.8484,0.0405,-1.6757,1,3,1,3.36025,1
0.4380,4.8213,2.6585,12.5141,2.4304,0.1009,-1.4893,0,1,0,0.28503,0
0.4209,4.1799,2.5754,11.7106,2.4918,0.0842,-0.6899,0,1,0,0.33634,1
0.5459,5.1179,2.2667,11.8934,1.4148,0.0108,-1.0243,0,1,0,0.51589,1
0.4023,4.0462,2.6254,11.8707,-1.9668,0.0193,-0.7063,0,1,0,0.36708,3
0.3685,3.8433,2.7323,11.9670,2.9357,0.0098,-0.6992,0,1,0,0.48734,1
0.3547,3.7549,2.7767,12.5755,2.8956,0.0241,-1.1426,0,1,0,1.21422,1
0.3989,4.3566,2.7284,12.6394,2.0824,0.0458,-1.3837,0,1,1,1.24522,1
0.3543,3.7809,2.7875,11.6707,-2.6802,0.0846,-0.5479,0,1,0,0.16487,3
0.4628,4.5828,2.4901,11.6857,0.0079,0.0055,-0.6429,0,1,0,0.16451,1
0.3858,4.0392,2.7037,11.8225,2.2878,0.0206,-0.6378,0,1,0,0.20683,1
0.4325,4.3709,2.5723,11.6871,1.8204,0.0321,-0.6251,0,1,0,0.43802,3
0.4187,4.2189,2.5957,11.8725,-2.7727,0.0062,-0.7245,0,1,0,0.42490,3
0.4968,5.2065,2.4808,12.0570,2.4760,0.0604,-1.1507,0,1,0,0.69978,1
0.4079,4.2301,2.6496,12.7148,2.4865,0.0841,-1.5459,0,1,1,1.16462,1
0.3850,3.9751,2.6889,12.0639,2.5198,0.0491,-0.8635,0,1,0,0.48035,3
0.4143,4.3496,2.6511,12.3737,-2.0057,0.0172,-1.1598,0,1,1,0.86509,1
0.5228,5.5981,2.4474,11.7678,-1.1643,0.0597,-0.9079,0,1,0,0.41462,1
0.4038,4.0488,2.6191,11.6830,-2.4745,0.0183,-0.5561,0,1,0,0.24305,3
0.4795,4.3746,2.3724,12.4887,-2.3203,0.0028,-1.4524,0,1,1,0.95924,1
0.5577,5.4834,2.2869,11.8229,-0.5105,0.0204,-0.9874,0,1,0,0.45626,3
0.3698,3.9754,2.7670,12.0490,-2.6868,0.1708,-0.9755,0,1,0,0.57585,1
0.4623,4.8250,2.5482,12.4515,-2.3089,0.0619,-1.4524,0,1,0,1.02744,1
0.3974,4.1597,2.6809,12.1155,2.5236,0.0060,-0.8783,0,1,0,0.64712,1
0.3709,4.0942,2.7974,13.0360,3.0172,0.0233,-1.5741,0,1,1,1.68823,0
0.3986,4.3907,2.7394,12.6133,-2.1125,0.0176,-1.3172,0,1,1,1.41602,0
0.3789,4.1479,2.7712,11.8447,2.9982,0.0167,-0.6374,0,1,0,0.21372,1
0.3974,4.1084,2.6667,12.0816,2.7936,0.0379,-0.8930,0,1,0,0.62184,3
0.3672,4.0392,2.8000,12.7899,2.2601,0.0341,-1.3733,0,1,0,1.71854,1
0.5490,5.0602,2.2445,11.7223,-0.7501,0.0534,-0.8991,0,1,0,0.18964,1
0.5901,5.5520,2.1766,12.0441,0.6220,0.0478,-1.3597,0,1,0,0.67227,1
0.4850,4.9020,2.4667,12.8580,0.9690,0.0178,-1.8877,0,1,1,1.40492,1
0.4638,4.3744,2.4369,11.8625,0.8634,0.0554,-0.8724,0,1,0,0.47875,1
0.4545,4.8268,2.5835,11.7010,-2.3508,0.0043,-0.6423,0,1,0,0.23005,3
0.4023,4.1393,2.6515,12.0570,2.2921,0.0670,-0.9234,0,1,0,0.69741,3
0.4865,4.6885,2.4142,11.8940,0.3308,0.0051,-0.8854,0,1,0,0.63513,3
0.4886,5.0226,2.4775,13.0536,-2.2576,0.0063,-2.0946,0,1,1,1.60177,1
0.6332,6.0269,2.0909,12.1399,0.2175,0.0847,-1.6575,0,1,0,0.59858,1
0.4496,4.5615,2.5427,12.2708,-2.8618,0.0066,-1.1557,0,1,0,0.99499,1
0.4667,4.8332,2.5304,11.7620,2.3483,0.0768,-0.8119,0,1,0,0.25221,1
0.4751,4.7521,2.4758,11.9939,2.7120,0.0237,-0.9828,0,1,0,0.45384,1
0.4034,4.4503,2.7318,11.6558,-2.6063,0.0300,-0.5491,0,1,0,0.35725,0
0.4532,4.7426,2.5696,11.5699,-1.3031,0.0588,-0.5884,0,1,0,0.17513,1
0.5051,5.3502,2.4744,11.8998,-1.7835,0.0175,-0.9522,0,1,0,0.18363,3
0.4464,4.5963,2.5653,11.7329,-1.3771,0.0086,-0.6608,0,1,0,0.25239,1
0.3680,3.8363,2.7331,11.8256,-3.0393,0.0628,-0.6591,0,1,0,0.29872,3
0.4050,4.0476,2.6127,12.5770,1.3901,0.0224,-1.3140,0,1,1,1.43372,1
0.5354,5.1399,2.3109,12.7021,1.0007,0.0168,-1.9152,0,1,0,0.61209,1
0.3858,4.1173,2.7270,12.2635,-2.6255,0.1021,-1.1011,0,0,0,0.00000,1
0.3625,3.9979,2.8129,12.4908,-2.9837,0.0396,-1.1255,0,1,1,1.29475,2
0.4909,4.7132,2.4017,12.6248,-0.6913,0.0312,-1.6828,0,0,1,0.91017,1
0.4957,5.4472,2.5343,11.7555,3.0997,0.0435,-0.8209,0,1,0,0.28658,3
0.5103,5.3454,2.4513,12.6115,-1.1284,0.0188,-1.7243,0,1,1,1.11831,1
0.4209,4.3663,2.6246,11.9714,-1.3276,0.0066,-0.8143,0,1,0,0.51726,1
0.4383,4.3052,2.5293,11.8584,-2.3123,0.0218,-0.7723,0,1,0,0.36668,3
0.3605,3.9406,2.8052,12.5733,-2.7583,0.0652,-1.2219,0,1,0,1.32965,1
0.4148,4.1719,2.6012,11.6769,-2.6424,0.0029,-0.5506,0,1,0,0.15317,3
0.3714,3.9727,2.7578,11.8376,2.5019,0.0464,-0.6541,0,1,0,0.51421,3
0.4093,4.4117,2.6919,11.9491,1.9717,0.0406,-0.8145,0,1,0,0.71770,1
0.3932,4.2112,2.7165,11.7043,-2.6999,0.0607,-0.6079,0,1,0,0.28548,3
0.4063,4.2982,2.6761,11.7155,-2.6466,0.0329,-0.6052,0,1,0,0.40037,3
0.3850,4.0978,2.7251,12.1409,-2.8940,0.0076,-0.8697,0,1,0,0.87793,1
0.3843,4.1786,2.7523,11.8839,-2.9680,0.1666,-0.8678,0,0,0,0.00000,1
0.5434,5.6286,2.3686,12.0907,1.8379,0.0424,-1.2851,0,1,0,0.73564,3
0.4489,4.8115,2.6050,12.5546,-2.3644,0.0261,-1.4544,0,1,1,0.98615,1
0.4386,4.5312,2.5844,11.7887,2.7079,0.0934,-0.8032,0,1,0,0.40284,1
0.5115,5.2976,2.4373,11.8226,-2.8036,0.0153,-0.8834,0,1,0,0.16138,3
0.3649,4.0143,2.8050,13.2174,-2.9836,0.0739,-1.7893,0,1,1,1.82720,1
0.5026,5.0268,2.4197,11.8678,-1.2586,0.0027,-0.8927,0,1,0,0.27696,3
0.4988,4.6547,2.3575,12.2129,-0.0158,0.0378,-1.2835,0,1,1,0.66994,1
0.3535,3.8997,2.8308,12.5731,-2.6065,0.0213,-1.1326,0,2,0,1.25513,0
0.3587,3.8987,2.8019,12.1323,-2.6588,0.0493,-0.8525,0,1,0,0.83244,3
0.4686,4.3907,2.4207,11.7861,0.4179,0.0319,-0.7791,0,1,0,0.56428,1
0.3958,4.0851,2.6678,12.2800,-2.3388,0.0674,-1.0954,0,1,1,0.58422,1
0.4639,4.6312,2.4966,12.1964,-3.1316,0.0153,-1.1379,0,1,0,0.46871,1
0.3771,4.0044,2.7378,11.7948,-3.0883,0.0856,-0.6810,0,1,0,0.33919,3
0.4410,4.3371,2.5253,11.7838,2.2394,0.0043,-0.6894,0,1,0,0.32096,3
0.4430,4.6509,2.5938,12.0954,-2.9782,0.0619,-1.0523,0,1,0,0.71328,1
0.4109,4.1666,2.6182,12.2278,1.6003,0.0081,-1.0096,0,1,1,0.97603,1
0.4356,4.5401,2.6004,11.9724,-2.3487,0.0573,-0.9155,0,1,0,0.54689,3
0.4379,4.6081,2.6070,12.1947,2.0837,0.0109,-1.0597,0,1,0,0.69834,3
0.4663,5.0588,2.5827,11.6753,-2.3450,0.0577,-0.7059,0,1,0,0.22113,3
0.3595,3.8999,2.7982,12.6307,2.6231,0.0351,-1.2186,0,1,0,1.41799,1
0.4624,4.8884,2.5622,11.9085,2.1390,0.0381,-0.8921,0,1,0,0.49853,3
0.3739,3.9562,2.7396,11.5735,3.0731,0.0259,-0.4359,0,1,0,0.19781,3
0.3912,4.1057,2.6964,12.2511,2.9518,0.0088,-0.9762,0,0,3,0.62353,1
0.3947,4.0158,2.6530,12.6794,2.6861,0.0201,-1.3625,0,1,2,1.48654,1
0.3830,4.1214,2.7423,11.9411,2.0638,0.0266,-0.7325,0,1,0,0.66014,1
0.3579,3.8727,2.7977,12.2845,2.4135,0.0974,-1.0322,0,1,2,1.21536,3
0.5245,5.2028,2.3657,12.3402,0.7984,0.0467,-1.5139,0,1,0,0.91489,1
0.4420,4.3270,2.5187,11.9108,-1.6996,0.0034,-0.8023,0,1,0,0.57353,3
0.3617,3.9831,2.8126,13.1352,-2.2618,0.0179,-1.6053,0,1,1,1.97214,0
0.4725,5.0235,2.5473,11.8975,-2.8115,0.0311,-0.8950,0,1,0,0.44160,3
0.5191,5.0849,2.3646,11.6082,0.1274,0.0223,-0.6853,0,1,0,0.33350,1
0.4323,4.1953,2.5280,11.9954,2.0696,0.0311,-0.8924,0,1,0,0.63542,1
0.3602,3.8262,2.7707,12.3625,-3.1394,0.0717,-1.0642,0,2,0,1.06019,3
0.4176,4.2110,2.5986,12.0543,-2.1486,0.0020,-0.8707,0,1,0,0.53818,3
0.3417,3.7519,2.8478,13.2815,-2.9136,0.1046,-1.7862,0,1,1,2.12279,1
0.3738,3.9279,2.7314,12.4499,3.1275,0.0530,-1.1491,0,1,1,0.92174,1
0.4632,4.5270,2.4753,11.8358,-2.4415,0.0449,-0.8327,0,1,0,0.35317,1
0.3518,3.8192,2.8138,12.0785,-2.7617,0.1329,-0.9053,0,2,0,0.54193,3
0.5626,5.4011,2.2537,11.8457,1.7877,0.0206,-1.0232,0,1,0,0.31402,1
0.3849,4.0561,2.7134,11.7510,-2.8956,0.0926,-0.6696,0,1,0,0.22512,3
0.4234,4.4643,2.6382,11.7277,1.5495,0.0358,-0.6491,0,1,0,0.49883,1
0.3871,4.1807,2.7383,11.8775,2.4453,0.0306,-0.6964,0,1,0,0.52875,1
0.4313,4.3979,2.5843,12.5688,-2.2602,0.0074,-1.3757,0,2,0,1.17498,1
0.4015,4.3357,2.7101,12.3547,2.7476,0.1046,-1.2290,0,1,1,0.98403,1
0.3906,3.9446,2.6521,12.8089,2.6463,0.0168,-1.4528,0,2,0,1.42209,0
0.4531,4.3103,2.4664,12.0782,0.0661,0.0116,-0.9908,0,1,0,0.68645,1
0.5162,5.1211,2.3834,12.1505,1.6554,0.0203,-1.2434,0,1,0,0.68641,1
0.5278,4.8231,2.2792,11.7698,-0.8253,0.0585,-0.9150,0,1,0,0.28934,1
0.3323,3.6350,2.8608,12.7149,2.7422,0.0259,-1.1704,0,1,1,0.73265,1
0.4692,5.0401,2.5656,11.7038,2.4941,0.0291,-0.7023,0,1,0,0.41336,3
0.4823,4.9932,2.4980,11.9295,-2.0478,0.0682,-0.9965,0,1,0,0.28647,3
0.4337,4.4207,2.5793,11.7556,2.7285,0.0805,-0.7477,0,1,0,0.39090,1
0.4976,5.1331,2.4623,12.3911,-0.6090,0.0028,-1.4179,0,1,0,0.39578,1
0.3538,3.8668,2.8182,11.6722,-2.8254,0.0238,-0.4752,0,1,0,0.18036,1
0.3979,4.0120,2.6366,11.7552,2.4686,0.0091,-0.5923,0,1,0,0.44070,3
0.4289,4.1655,2.5353,12.0143,-1.1383,0.0184,-0.8840,0,1,0,0.23353,1
0.5371,5.2895,2.3320,12.5021,0.7330,0.0361,-1.7234,0,1,1,1.13834,1
0.4437,4.3902,2.5267,11.8500,-1.1163,0.0281,-0.7842,0,1,0,0.43714,1
0.4801,4.3843,2.3722,12.1568,1.8864,0.0277,-1.1588,0,1,0,0.54136,1
0.4115,4.5053,2.7062,12.9604,-2.5140,0.0498,-1.7307,1,2,1,1.46464,1
0.4343,4.5547,2.6101,12.3928,-0.9413,0.0005,-1.2148,0,2,0,0.96918,1
0.4120,4.3612,2.6652,13.1072,1.7936,0.0185,-1.8159,0,1,0,1.77489,1
0.3578,3.9158,2.8123,13.1231,2.1124,0.0476,-1.6293,0,1,3,1.63759,1
0.5046,5.1095,2.4282,11.9362,-1.5842,0.0614,-1.0456,0,1,0,0.39305,3
0.5674,5.6575,2.2789,12.1589,0.8397,0.0335,-1.4166,0,1,0,0.39210,1
0.3748,3.9305,2.7268,12.1657,2.4728,0.1336,-1.0341,0,0,0,0.00000,1
0.5326,5.0490,2.3045,11.8920,-1.1929,0.0079,-0.9892,0,1,0,0.21215,1
0.3757,3.9668,2.7333,12.2027,1.7569,0.0384,-0.9362,0,1,1,0.80284,1
0.5065,5.2396,2.4464,12.0434,2.9088,0.0397,-1.1331,0,1,0,0.26457,1
0.3863,4.1549,2.7354,11.5208,2.9003,0.0157,-0.4014,0,1,0,0.19827,1
0.5435,5.1762,2.2865,11.9750,0.0343,0.0617,-1.1797,0,1,0,0.43645,1
0.4173,4.2910,2.6217,11.8164,2.4960,0.0059,-0.6745,0,1,0,0.40520,3
0.4070,4.4719,2.7195,11.9073,2.5502,0.0907,-0.8385,0,1,0,0.52804,3
0.3605,3.9627,2.8126,11.9103,2.9830,0.0957,-0.7492,0,1,0,0.40793,3
0.5893,5.8098,2.2202,11.9518,-1.4016,0.0349,-1.2303,0,1,0,0.63821,1
0.3505,3.7751,2.8063,12.0585,-2.2996,0.0653,-0.7989,0,1,0,0.74314,3
0.4227,4.2955,2.5976,12.4837,-1.2445,0.0027,-1.2615,0,1,0,1.34314,1
0.3868,4.0734,2.7089,11.7336,3.0460,0.0215,-0.5719,0,1,0,0.24539,3
0.4396,4.6733,2.6149,12.5807,-1.8203,0.0212,-1.4386,0,1,1,1.33688,1
0.3834,4.1688,2.7540,11.9703,-2.7046,0.1176,-0.8737,0,1,0,0.62620,3
0.5137,5.2954,2.4277,12.6251,2.3685,0.0301,-1.7691,0,1,2,1.01663,1
0.5475,5.0635,2.2506,12.4400,-0.2097,0.0382,-1.6879,1,1,0,0.89943,1
0.4012,4.3669,2.7200,12.6860,-2.5796,0.0238,-1.3991,0,1,0,1.50745,1
0.4594,5.0272,2.6071,12.4763,-2.7727,0.0495,-1.4492,0,1,0,0.35484,3
0.4876,5.3406,2.5481,11.8148,2.6828,0.0036,-0.8126,0,1,0,0.19224,3
0.4226,4.6125,2.6801,11.9599,2.3296,0.0809,-0.9056,0,1,0,0.56830,3
0.3629,3.9973,2.8106,11.6142,-2.6348,0.0679,-0.4999,0,1,0,0.22194,2
0.4026,4.4218,2.7280,12.6890,-2.6037,0.0650,-1.4706,0,1,0,1.07413,1
0.4173,4.2929,2.6218,12.4742,2.6095,0.0370,-1.2872,0,2,0,1.04452,1
0.4163,4.1930,2.5999,11.7909,2.8885,0.0636,-0.7242,0,1,0,0.19173,1
0.4748,4.5657,2.4351,11.9497,-0.3783,0.0094,-0.9188,0,1,0,0.55529,1
0.4385,4.6309,2.6096,12.0567,3.0255,0.0406,-0.9766,0,1,1,0.61234,3
0.5541,5.6451,2.3287,12.0024,2.3010,0.0135,-1.1731,0,1,0,0.51994,1
0.4850,4.9084,2.4681,11.9216,2.3077,0.0031,-0.9082,0,1,0,0.39945,3
0.4728,5.1890,2.5817,11.9762,2.4258,0.0491,-0.9961,0,1,0,0.69476,3
0.3740,3.8689,2.7120,11.8479,2.3289,0.0037,-0.6133,0,1,0,0.54287,1
0.4551,4.3745,2.4735,11.8644,2.6106,0.0208,-0.8107,0,1,0,0.17433,1
0.3313,3.6375,2.8677,12.9101,3.0754,0.1117,-1.4488,0,1,2,1.61567,1
0.4651,4.4141,2.4409,11.8632,2.2361,0.0377,-0.8525,0,1,0,0.51453,1
0.3514,3.7629,2.7977,12.9202,-2.6827,0.0198,-1.3906,0,1,1,1.53829,1
0.4595,5.0392,2.6094,12.6784,2.2619,0.0381,-1.6342,0,1,0,1.35361,1
0.4083,4.4024,2.6944,12.0656,-2.6971,0.1027,-0.9929,0,1,0,0.73662,1
0.5037,5.2384,2.4580,11.9221,2.3918,0.0023,-0.9510,0,1,0,0.38203,3
0.4485,4.6326,2.5645,12.9283,2.1766,0.0239,-1.8159,0,1,1,1.13293,1
0.5562,5.5318,2.3009,11.7888,1.4136,0.0534,-0.9899,0,1,0,0.32629,3
0.3908,4.0180,2.6729,11.9910,-2.8863,0.0620,-0.8352,0,1,0,0.25898,1
0.5433,5.4368,2.3346,12.9330,-0.6638,0.0067,-2.2055,0,1,1,1.65708,1
0.3780,4.0600,2.7497,12.8309,2.5269,0.0534,-1.4813,0,1,1,1.70421,1
0.4176,4.4441,2.6606,12.1393,-2.0690,0.0517,-1.0121,0,1,0,0.62152,3
0.4797,4.7905,2.4651,12.5680,1.8750,0.0193,-1.5645,0,1,1,1.02038,1
0.3932,4.1048,2.6861,12.4804,-2.8825,0.0375,-1.2142,0,1,0,1.08693,1
0.4167,4.1323,2.5818,11.6864,2.4870,0.0128,-0.5735,0,1,0,0.25595,3
0.3736,4.0562,2.7715,12.4104,2.5254,0.1112,-1.1996,0,1,1,0.98359,3
0.4383,4.6011,2.6031,11.2705,1.9083,0.0012,-0.2433,0,0,0,0.00000,1
0.4490,4.4211,2.5109,11.8803,2.6425,0.0193,-0.8111,0,0,1,0.56733,1
0.3966,4.2747,2.7175,11.7231,2.6141,0.0165,-0.5747,0,0,1,0.23759,1
0.4165,4.2718,2.6201,11.7300,1.9830,0.0598,-0.6683,0,1,0,0.40188,3
0.4064,4.3668,2.6943,11.3428,-2.9663,0.0574,-0.3352,0,0,0,0.00000,3
0.5541,5.4267,2.2907,11.3989,0.4785,0.0108,-0.5057,0,0,0,0.00000,3
0.4320,4.6848,2.6534,11.5412,2.3890,0.1327,-0.6201,0,0,0,0.00000,3
0.3563,3.9337,2.8262,13.0892,2.5493,0.0315,-1.5665,0,1,1,1.61019,0
0.4769,5.1545,2.5563,11.5792,2.8728,0.0505,-0.6243,0,0,0,0.00000,3
0.4433,4.6328,2.5883,12.7147,-2.7037,0.0185,-1.5758,0,1,0,0.83524,1
0.4322,4.7608,2.6713,12.2690,-2.5516,0.0200,-1.1249,0,1,0,0.68820,2
0.3990,4.1793,2.6789,12.9423,-1.6101,0.0223,-1.6137,1,1,1,1.52511,1
0.5262,4.7982,2.2807,11.4524,0.9515,0.0625,-0.5845,0,0,0,0.00000,3
0.3963,4.3297,2.7343,12.3866,-2.5182,0.0129,-1.1098,1,1,1,0.85370,1
0.3602,3.8352,2.7737,11.4061,-2.3221,0.0630,-0.3410,0,0,0,0.00000,3
0.4748,5.1342,2.5612,11.4655,-3.1292,0.0678,-0.5350,0,0,0,0.00000,1
0.4870,4.4314,2.3554,11.9324,-1.2281,0.0058,-0.9230,0,1,0,0.46110,1
0.5230,4.7917,2.2913,11.3973,0.3904,0.0680,-0.5304,0,0,0,0.00000,1
0.4095,4.4416,2.6991,12.6707,-2.9176,0.0718,-1.4908,1,1,0,0.86009,1
0.4736,4.3558,2.3921,11.3243,3.1165,0.0070,-0.3296,0,0,0,0.00000,1
0.3636,3.8612,2.7637,11.4558,-1.9523,0.0308,-0.3433,0,0,0,0.00000,1
0.3824,3.9633,2.6986,11.2361,2.5659,0.0522,-0.2263,0,0,0,0.00000,3
0.3852,4.0245,2.7028,11.4139,3.0247,0.0778,-0.3910,0,0,0,0.00000,3
0.4110,4.2910,2.6512,11.3402,-1.6639,0.0531,-0.3328,0,0,0,0.00000,1
0.4758,5.1516,2.5605,13.2262,1.8042,0.0061,-2.2221,0,1,1,1.90975,1
0.4344,4.2211,2.5251,11.7841,-1.9382,0.0260,-0.7045,0,0,1,0.28513,3
0.3389,3.7339,2.8575,12.7660,-2.8643,0.1470,-1.4208,1,1,0,1.17674,0
0.6005,5.5683,2.1413,11.2767,-0.4571,0.0403,-0.4623,0,0,0,0.00000,3
0.3556,3.8671,2.8084,11.8910,-2.7505,0.0495,-0.6669,0,1,0,0.70813,3
0.4975,4.6510,2.3619,11.2645,-0.7168,0.0960,-0.4025,0,0,0,0.00000,1
0.4256,4.1361,2.5420,11.8405,0.9425,0.0249,-0.7348,0,1,0,0.29625,1
0.4896,5.0778,2.4849,11.4308,-0.6881,0.0257,-0.4715,0,0,0,0.00000,1
0.4242,4.3658,2.6091,12.1927,-3.0154,0.0002,-1.0051,0,1,0,0.79501,1
0.3946,4.0401,2.6608,12.6296,3.0660,0.0577,-1.3782,0,1,0,0.91009,1
0.5336,4.8836,2.2691,11.8452,0.6296,0.0328,-0.9735,0,0,1,0.29324,1
0.4254,4.6513,2.6766,11.3288,-2.2546,0.0304,-0.3126,0,0,0,0.00000,1
0.5714,5.4650,2.2313,11.7637,-0.2377,0.0107,-0.9357,0,0,1,0.28661,3
0.4895,5.2826,2.5276,11.5018,-1.1244,0.0241,-0.5381,0,0,0,0.00000,1
0.3340,3.6499,2.8562,12.2911,2.4328,0.0893,-0.9585,0,1,0,0.88838,3
0.4773,5.0950,2.5417,11.3291,1.9392,0.0362,-0.3741,0,0,0,0.00000,3
0.3755,3.9943,2.7429,11.6561,2.5398,0.1894,-0.6972,0,0,0,0.00000,1
0.3884,4.2793,2.7604,13.3280,2.3924,0.0756,-2.0099,0,1,0,1.89752,0
0.4236,4.5743,2.6654,11.4209,3.0773,0.1008,-0.4681,0,0,0,0.00000,1
0.4102,4.4545,2.6991,12.3923,2.9825,0.1081,-1.2945,0,1,1,1.21569,1
0.4673,5.1415,2.5965,11.4932,-1.4280,0.0364,-0.5132,0,0,0,0.00000,1
0.3830,4.2213,2.7717,12.2215,-3.0776,0.0141,-0.9379,0,1,0,0.80894,0
0.4352,4.2061,2.5177,11.4853,-0.1612,0.0035,-0.4215,0,0,0,0.00000,1
0.4750,4.9266,2.5151,11.7712,2.3018,0.0172,-0.7610,0,1,0,0.48907,3
0.4881,5.3393,2.5457,11.4005,1.0579,0.0116,-0.4252,0,0,0,0.00000,1
0.4179,4.1593,2.5834,12.6018,0.5893,0.0002,-1.3462,0,1,1,1.13550,1
0.5792,5.3279,2.1796,11.7167,-0.9946,0.0299,-0.9214,0,1,0,0.27548,1
0.4639,4.9604,2.5715,12.1976,2.3772,0.0776,-1.2279,0,1,0,0.95741,1
0.6414,6.1802,2.0824,12.6061,0.1141,0.0701,-2.3010,0,0,1,1.25990,1
0.5490,5.6930,2.3572,11.8085,-2.8280,0.0201,-0.9545,0,0,1,0.37122,1
0.3857,4.0946,2.7204,12.3447,-2.8342,0.0579,-1.1066,0,1,0,1.04330,3
0.5232,5.0759,2.3463,11.4876,1.2912,0.0092,-0.5527,0,0,0,0.00000,3
0.4628,5.0384,2.5939,11.9633,1.9941,0.0312,-0.9365,0,1,0,0.49380,3
0.3756,4.1423,2.7868,12.1725,3.1040,0.0201,-0.8878,0,1,0,0.86458,0
0.4296,4.1651,2.5320,11.9999,0.9770,0.0342,-0.8944,0,1,0,0.52766,1
0.4930,4.8398,2.4203,11.4840,0.3713,0.0153,-0.5135,0,0,0,0.00000,1
0.4885,4.9197,2.4560,11.7042,-1.2163,0.0321,-0.7403,0,1,0,0.21475,3
0.4442,4.5545,2.5651,11.3709,-1.2639,0.0181,-0.3531,0,0,0,0.00000,1
0.4264,4.3316,2.5898,11.2844,-1.5210,0.0010,-0.2431,0,0,0,0.00000,1
0.6008,5.9174,2.1937,11.3898,-0.2575,0.0172,-0.5671,0,0,0,0.00000,3
0.4021,4.0549,2.6286,12.6232,2.2496,0.0326,-1.3602,1,2,0,1.33037,1
0.4388,4.4864,2.5726,11.4203,1.2719,0.0707,-0.4507,0,0,0,0.00000,1
0.5145,5.4813,2.4604,11.3075,2.5225,0.0564,-0.4181,0,0,0,0.00000,1
0.4197,4.2599,2.6018,11.5631,-2.7292,0.0353,-0.5040,0,1,0,0.27339,3
0.5112,5.0887,2.3973,11.4595,-1.5179,0.0065,-0.5047,0,0,0,0.00000,3
0.5579,5.5938,2.3051,12.1832,2.4274,0.0157,-1.3921,0,0,1,0.36220,1
0.4368,4.3802,2.5548,11.3779,1.2121,0.0014,-0.3312,0,0,0,0.00000,1
0.4269,4.1860,2.5497,11.3533,-1.3114,0.0416,-0.3462,0,0,0,0.00000,1
0.4076,4.3069,2.6720,11.5244,-2.3938,0.0453,-0.4676,0,1,0,0.26445,3
0.4627,4.3358,2.4320,11.5765,2.3434,0.0141,-0.5528,0,0,0,0.00000,1
0.3902,4.2011,2.7285,13.0086,2.8270,0.0018,-1.5996,0,1,2,1.09716,1
0.4012,4.1687,2.6649,12.0150,1.4750,0.0130,-0.8143,0,0,1,0.66220,1
0.5193,5.0561,2.3583,11.3364,1.7775,0.0003,-0.3851,0,0,0,0.00000,3
0.4442,4.5191,2.5564,12.7359,-1.1109,0.0084,-1.5826,0,0,1,1.40395,1
0.4612,4.5055,2.4786,11.5993,2.7587,0.0134,-0.5712,0,0,0,0.00000,1
0.4604,4.2959,2.4320,11.9795,0.8369,0.0170,-0.9233,0,0,1,0.59816,1
0.5580,5.3888,2.2690,12.4732,0.5652,0.0281,-1.7492,0,0,1,1.29239,1
0.3933,4.3108,2.7442,12.7325,2.7047,0.0718,-1.4846,0,1,0,1.56407,1
0.4646,4.7363,2.5177,11.2464,-1.6605,0.0709,-0.3254,0,0,0,0.00000,3
0.4309,4.5009,2.6123,11.3523,3.1415,0.1172,-0.4374,0,0,0,0.00000,1
0.4696,4.5620,2.4562,11.4662,-3.1369,0.0003,-0.4466,0,0,0,0.00000,3
0.4485,4.2359,2.4677,11.5105,3.0362,0.0039,-0.4611,0,0,0,0.00000,3
0.4782,4.5944,2.4277,11.4278,1.6449,0.0649,-0.4994,0,0,0,0.00000,3
0.5356,5.5494,2.3859,12.0088,1.6727,0.0102,-1.1296,0,1,0,0.61214,3
0.4162,4.1278,2.5825,11.8368,-3.0824,0.0463,-0.7408,0,0,1,0.40863,1
0.4327,4.1803,2.5220,11.5068,2.3719,0.0713,-0.5177,0,0,0,0.00000,1
0.4643,4.5823,2.4836,11.5027,1.3011,0.0079,-0.4818,0,0,0,0.00000,3
0.4754,4.7945,2.4843,11.9383,-0.1640,0.0119,-0.9141,0,0,1,0.53493,1
0.4814,4.8999,2.4818,11.3685,-2.2152,0.0206,-0.3964,0,0,0,0.00000,3
0.3583,3.8165,2.7774,11.9930,-2.6805,0.1727,-0.9074,0,1,0,0.70022,1
0.4474,4.7036,2.5864,11.8533,1.8448,0.0263,-0.7937,0,1,0,0.29866,3
0.3977,4.2568,2.7066,12.3790,-3.0157,0.0909,-1.2193,1,1,0,0.74885,1
0.5789,5.8981,2.2741,11.4132,-1.3613,0.0119,-0.5576,0,0,0,0.00000,3
0.3479,3.7741,2.8202,11.7202,-2.8193,0.1591,-0.6631,0,1,0,0.47096,3
0.4568,4.4989,2.4961,11.9877,-0.5654,0.0062,-0.9095,0,1,1,0.64266,1
0.4269,4.1515,2.5405,11.2687,-1.4225,0.0022,-0.2318,0,0,0,0.00000,3
0.3806,3.9494,2.7031,11.6921,-2.7523,0.0033,-0.5073,0,0,1,0.18935,1
0.5026,4.7373,2.3597,11.5909,0.3808,0.0356,-0.6563,0,0,0,0.00000,1
0.4542,4.3175,2.4635,11.2807,1.8466,0.0191,-0.2860,0,0,0,0.00000,3
0.4377,4.5003,2.5811,11.7849,-1.8267,0.0178,-0.7021,0,1,0,0.42991,3
0.4532,4.4684,2.5045,12.1455,-2.1553,0.0604,-1.1234,0,0,1,0.54130,1
0.5405,4.9919,2.2636,11.5635,-0.1858,0.0921,-0.7606,0,0,0,0.00000,1
0.4066,4.0989,2.6195,12.1257,-1.7224,0.0105,-0.9152,0,0,1,0.41044,1
0.4234,4.2275,2.5766,11.6386,-1.6710,0.0087,-0.5399,0,1,0,0.22313,3
0.3756,4.1136,2.7784,12.8467,-2.4520,0.0246,-1.4382,0,1,1,1.75829,1
0.3948,4.0809,2.6715,11.3116,-2.1811,0.0459,-0.2864,0,0,0,0.00000,3
0.5398,5.2819,2.3203,11.5014,1.5916,0.0601,-0.6541,0,0,0,0.00000,1
0.4150,4.2742,2.6277,12.0473,-2.8449,0.0170,-0.8790,0,1,0,0.37130,3
0.4248,4.3719,2.6079,12.3650,-2.2210,0.0477,-1.2281,0,1,0,0.95861,1
0.4286,4.7079,2.6753,11.9643,-2.1415,0.0386,-0.8684,0,0,1,0.53105,3
0.4288,4.4888,2.6194,11.7389,-1.9245,0.0300,-0.6610,0,1,0,0.51491,3
0.5678,5.8771,2.3138,11.6470,-1.6339,0.0284,-0.8228,0,0,0,0.00000,3
0.4606,4.9222,2.5778,12.6222,-2.5429,0.0125,-1.5416,0,0,1,1.16417,1
0.5430,5.1636,2.2862,11.3472,0.6745,0.0589,-0.4934,0,0,0,0.00000,3
0.4794,5.1106,2.5359,12.5790,-2.0137,0.0222,-1.5816,0,0,2,1.26773,1
0.4043,4.1189,2.6361,11.8362,1.4338,0.0174,-0.6801,0,1,0,0.46590,1
0.4435,4.8405,2.6370,11.3005,1.8904,0.0262,-0.3023,0,0,0,0.00000,1
0.3757,4.0411,2.7560,12.8805,-2.2797,0.0644,-1.5321,0,1,0,1.46808,1
0.4628,4.6279,2.5003,12.1844,2.7997,0.0335,-1.1492,0,0,1,0.78881,1
0.5227,5.5893,2.4463,11.8673,2.2430,0.0526,-1.0041,0,0,1,0.36461,1
0.4934,5.1577,2.4850,12.9278,2.9235,0.0017,-1.9728,0,1,0,1.68419,1
0.4340,4.2421,2.5325,11.4723,-2.1069,0.0488,-0.4630,0,0,0,0.00000,3
0.6343,5.8002,2.0554,11.4250,-0.2938,0.0311,-0.6718,0,0,0,0.00000,3
0.5434,4.9992,2.2542,11.4039,-0.0778,0.0127,-0.4971,0,0,0,0.00000,3
0.4846,5.1433,2.5201,12.0573,2.9932,0.0117,-1.0540,0,0,1,0.35365,3
0.4184,4.5833,2.6930,11.6358,-3.0507,0.0867,-0.6252,0,0,1,0.28555,3
0.5125,5.3655,2.4463,12.5146,-1.5133,0.0042,-1.6031,0,0,1,0.78531,1
0.4092,4.2329,2.6441,12.4007,-2.2493,0.0829,-1.2634,0,0,1,0.79273,1
0.4107,4.3756,2.6755,11.4928,2.5990,0.0632,-0.4673,0,0,0,0.00000,3
0.3560,3.7680,2.7742,12.9284,2.8270,0.0961,-1.5440,0,1,0,1.87716,1
0.4356,4.2326,2.5226,11.4154,1.0278,0.0443,-0.4114,0,0,0,0.00000,1
0.3554,3.7835,2.7825,11.8635,-2.8571,0.1402,-0.7603,0,1,1,0.57231,1
0.4809,4.7543,2.4520,11.4342,2.6345,0.0169,-0.4521,0,0,0,0.00000,1
0.4522,4.2924,2.4659,11.3146,-0.8810,0.0038,-0.2956,0,0,0,0.00000,3
0.4759,4.9638,2.5194,11.3633,-1.5348,0.0599,-0.4315,0,0,0,0.00000,3
0.4339,4.5923,2.6216,11.4048,-1.6825,0.0435,-0.4000,0,0,0,0.00000,1
0.4020,4.1878,2.6662,11.9246,2.1108,0.0121,-0.7411,0,0,1,0.31403,1
0.4460,4.5091,2.5458,11.9638,2.2077,0.0039,-0.8604,0,0,3,0.81625,3
0.5792,5.6161,2.2273,11.5353,-0.1945,0.0146,-0.6969,0,0,0,0.00000,3
0.3781,4.0739,2.7535,13.1022,-2.6187,0.1016,-1.8011,0,1,0,1.29663,1
0.5721,5.6017,2.2518,11.4820,-1.4504,0.0413,-0.6592,0,0,0,0.00000,1
0.4056,4.0789,2.6188,11.4666,-2.0275,0.0309,-0.4014,0,0,0,0.00000,3
0.3743,4.0767,2.7738,13.0490,-2.8543,0.0746,-1.6886,0,1,1,1.85993,1
0.4777,5.2593,2.5751,13.0613,2.4985,0.0096,-2.0616,1,1,2,3.08234,0
0.4899,5.1867,2.5062,11.6209,2.6239,0.0926,-0.7373,0,0,0,0.00000,1
0.5413,5.1438,2.2890,12.3957,1.5683,0.0177,-1.5846,0,1,1,1.00529,1
0.4528,4.5999,2.5375,11.6481,2.3602,0.0355,-0.6295,0,1,0,0.33562,3
0.4689,4.4621,2.4360,11.6717,0.5844,0.0245,-0.6636,0,0,1,0.13826,1
0.4806,4.7545,2.4534,12.6500,-2.7274,0.0009,-1.6222,0,0,2,1.20260,1
0.4286,4.2668,2.5628,11.9721,-1.1532,0.0423,-0.8790,0,0,1,0.39029,1
0.3588,3.9427,2.8155,12.6753,-2.8157,0.1154,-1.3735,0,1,1,1.48843,1
0.5291,5.4163,2.3878,11.5269,-2.6480,0.0345,-0.6339,0,0,0,0.00000,1
0.4873,4.9747,2.4726,11.4534,2.7781,0.0253,-0.4892,0,0,0,0.00000,1
0.5410,5.6009,2.3734,11.5158,-2.3117,0.0060,-0.6063,0,0,0,0.00000,3
0.4092,4.1564,2.6233,11.6299,2.5705,0.0749,-0.5911,0,0,1,0.32657,1
0.3876,4.1219,2.7190,12.3947,-2.6151,0.0147,-1.0919,0,0,1,1.05193,1
0.4806,4.4569,2.3867,11.3219,-0.2178,0.0341,-0.3668,0,0,0,0.00000,1
0.5778,5.5288,2.2181,11.6880,0.0520,0.0468,-0.9093,0,0,0,0.00000,1
0.4703,4.5624,2.4534,11.5019,1.3490,0.0295,-0.5152,0,0,0,0.00000,3
0.4112,4.3676,2.6710,11.4934,2.9139,0.0515,-0.4548,0,0,0,0.00000,3
0.4122,4.2855,2.6443,12.1801,3.1030,0.0272,-0.9994,0,1,0,0.87848,3
0.5590,5.4665,2.2786,11.3382,0.1587,0.0007,-0.4349,0,0,0,0.00000,3
0.5033,4.7619,2.3622,11.7630,-1.0554,0.0161,-0.8044,0,0,3,0.76347,3
0.5856,5.6658,2.2114,11.9261,-1.5531,0.0232,-1.1734,0,0,1,0.44214,1
0.4751,4.9855,2.5274,11.4552,-2.3828,0.0152,-0.4631,0,0,0,0.00000,3
0.4101,4.1424,2.6152,12.3903,-1.4041,0.0236,-1.1698,0,0,2,1.90212,1
0.5766,5.6779,2.2470,11.3486,2.7338,0.0056,-0.4743,0,0,0,0.00000,1
0.4567,4.7259,2.5502,11.2941,-0.6698,0.0133,-0.2944,0,0,0,0.00000,1
0.3796,4.1726,2.7747,12.2724,-2.6300,0.0237,-0.9824,0,1,1,1.02224,1
0.4711,4.5953,2.4576,11.2876,-1.5105,0.0004,-0.2873,0,0,0,0.00000,3
0.5470,5.4475,2.3222,11.9741,-2.2192,0.0088,-1.1159,0,1,0,0.53089,1
0.6266,5.7153,2.0703,11.3529,0.2391,0.0085,-0.5455,0,0,0,0.00000,1
0.3456,3.7935,2.8397,12.1217,-2.8158,0.1291,-0.9173,0,1,0,0.40925,3
0.4433,4.7005,2.6047,11.7681,-2.6368,0.0438,-0.7311,0,0,0,0.00000,3
0.3677,3.8634,2.7429,13.0847,-2.0068,0.0363,-1.6238,0,1,0,0.23567,1
0.4626,4.9900,2.5842,11.3524,-2.3620,0.0578,-0.4041,0,0,0,0.00000,3
0.4247,4.4311,2.6235,11.8133,2.3117,0.0436,-0.7344,0,0,1,0.27953,3
0.4177,4.0796,2.5625,11.4921,3.1370,0.0380,-0.4456,0,0,0,0.00000,1
0.4121,4.3810,2.6704,12.7764,-2.4104,0.0310,-1.5325,0,0,2,1.47006,1
0.4941,5.0505,2.4600,12.1398,0.3889,0.0042,-1.1502,0,0,1,0.42555,1
0.4522,4.6793,2.5591,12.5688,-2.9786,0.0171,-1.4649,0,1,1,1.38433,1
0.4539,4.4463,2.4961,12.0378,1.7180,0.0358,-0.9892,0,0,1,0.57457,1
0.4509,4.3186,2.4778,11.9361,-1.5983,0.0077,-0.8498,0,0,1,0.54985,1
0.4724,4.4662,2.4225,11.2345,1.3238,0.0423,-0.2885,0,0,0,0.00000,3
0.5658,5.3398,2.2312,12.3776,0.1563,0.0151,-1.6398,1,1,0,0.87796,1
0.4541,4.6765,2.5501,11.6079,-2.3058,0.1271,-0.7076,0,0,0,0.00000,1
0.3489,3.7926,2.8210,11.3839,-2.8805,0.0911,-0.3458,0,0,0,0.00000,3
0.3936,4.0649,2.6728,11.6369,-2.7146,0.0506,-0.5428,0,1,0,0.33294,3
0.4336,4.6113,2.6277,12.0476,-1.7536,0.0601,-0.9823,0,0,1,0.60713,3
0.4702,4.8672,2.5228,11.3916,0.1503,0.0087,-0.3908,0,0,0,0.00000,1
0.4573,4.7241,2.5469,11.9132,1.3091,0.0020,-0.8376,0,0,1,0.32070,1
0.3893,4.0378,2.6857,12.2246,2.3477,0.0511,-1.0081,0,1,0,0.84820,3
0.4982,4.8340,2.3979,11.5037,0.8715,0.0305,-0.5580,0,0,0,0.00000,3
0.5672,5.3175,2.2220,11.5532,0.4409,0.1179,-0.8264,0,0,0,0.00000,1
0.3674,3.9933,2.7847,11.8199,2.5569,0.0299,-0.6130,0,0,1,0.22139,1
0.4299,4.7048,2.6682,12.2311,1.6968,0.0468,-1.1211,0,0,0,0.00000,1
0.4327,4.6818,2.6493,12.7695,2.1802,0.0243,-1.5971,0,0,1,1.27680,1
0.4456,4.2320,2.4789,11.5000,1.9615,0.0365,-0.4874,0,0,0,0.00000,3
0.4267,4.3009,2.5806,12.5364,-2.3128,0.0320,-1.3674,0,1,1,1.04525,1
0.5475,5.2581,2.2860,11.2429,-1.0725,0.0786,-0.4121,0,0,0,0.00000,3
0.4483,4.6114,2.5603,11.3814,-1.5206,0.0085,-0.3558,0,0,0,0.00000,1
0.4918,4.5362,2.3596,11.8524,1.5628,0.0304,-0.8882,0,1,0,0.18420,1
0.3673,3.9467,2.7713,11.9064,2.8446,0.0315,-0.6792,1,2,1,0.93965,3
0.5481,5.5733,2.3401,11.5508,0.3309,0.0353,-0.6904,0,0,0,0.00000,1
0.3920,4.1065,2.6927,11.4254,-2.8907,0.0708,-0.3996,0,0,0,0.00000,3
0.5030,4.9189,2.3959,11.5638,1.1067,0.0058,-0.5941,0,0,0,0.00000,3
0.4868,5.1363,2.5092,12.4270,-2.9492,0.0500,-1.4912,0,1,3,1.82362,1
0.3571,3.7836,2.7733,11.2578,2.5595,0.0606,-0.2316,0,0,0,0.00000,3
0.3589,3.7854,2.7643,13.1809,-2.6430,0.0434,-1.6763,1,1,0,1.98898,1
0.4534,4.2906,2.4602,11.3090,-0.6251,0.0019,-0.2899,0,0,0,0.00000,3
0.4534,4.8974,2.6049,11.8294,-1.7731,0.0376,-0.7990,0,0,1,0.25259,1
0.3923,4.0896,2.6861,11.7785,-2.9387,0.0112,-0.6038,0,1,0,0.45844,3
0.5273,5.2494,2.3634,12.4062,-1.6098,0.0234,-1.5615,0,0,1,1.13725,1
0.4174,4.3587,2.6389,11.4029,-1.4988,0.0207,-0.3529,0,0,0,0.00000,1
0.4888,4.9820,2.4679,11.9492,2.1642,0.0475,-1.0034,0,0,1,0.43990,1
0.4645,4.8823,2.5511,12.7840,-1.3399,0.0224,-1.7350,0,1,1,1.13008,1
0.3836,4.0618,2.7214,11.4746,-2.7049,0.1045,-0.4666,0,0,0,0.00000,3
0.4245,4.2047,2.5652,11.3596,-1.1110,0.0185,-0.3224,0,0,0,0.00000,1
0.4968,4.9587,2.4298,11.7425,0.4389,0.0010,-0.7536,0,0,1,0.23318,3
0.5120,4.9629,2.3688,11.4740,-0.2488,0.0118,-0.5259,0,0,0,0.00000,3
0.4125,4.0597,2.5813,11.3325,2.6781,0.0362,-0.3085,0,0,0,0.00000,3
0.5323,5.3801,2.3679,11.3015,-0.7826,0.0674,-0.4444,0,0,0,0.00000,1
0.3565,3.8927,2.8118,13.2908,2.5540,0.0583,-1.7832,0,1,0,2.05887,1
0.5291,5.5657,2.4154,11.5415,0.2711,0.0048,-0.6137,0,0,0,0.00000,1
0.5532,5.1826,2.2508,11.3581,-0.9008,0.0491,-0.5057,0,0,0,0.00000,3
0.4050,4.4383,2.7204,11.2787,2.2445,0.0282,-0.2507,0,0,0,0.00000,1
0.5276,5.5360,2.4160,12.1405,-1.4191,0.0290,-1.2788,0,1,1,0.69000,3
0.3723,3.9187,2.7363,11.8658,2.2833,0.0240,-0.6491,0,1,0,0.49536,1
0.4293,4.2917,2.5661,11.2750,2.6291,0.0430,-0.2858,0,0,0,0.00000,1
0.5694,5.7411,2.2853,11.4810,-0.7377,0.0063,-0.6120,0,0,0,0.00000,3
0.4822,5.1917,2.5405,12.0971,2.4349,0.0665,-1.1626,0,1,0,0.80378,1
0.4720,4.4310,2.4159,11.3597,-0.3354,0.0466,-0.4069,0,0,0,0.00000,1
0.5021,5.4177,2.5004,11.5577,2.2769,0.0121,-0.5970,0,0,0,0.00000,3
0.4928,4.4936,2.3464,11.4688,-0.5676,0.0646,-0.5570,0,0,0,0.00000,1
0.4843,4.8212,2.4524,12.7329,2.9408,0.0054,-1.7303,0,0,3,1.85460,1
0.4660,4.5505,2.4689,11.3664,-0.4640,0.0050,-0.3579,0,0,0,0.00000,3
0.5492,5.5694,2.3348,11.9117,0.2174,0.0202,-1.0685,0,0,1,0.62970,1
0.5446,5.5648,2.3523,11.5029,-0.4736,0.0158,-0.6099,0,0,0,0.00000,3
0.5060,5.3952,2.4795,11.9644,-2.1492,0.0083,-1.0084,0,1,0,0.39291,3
0.3874,4.2584,2.7593,13.2322,2.9861,0.0649,-1.8967,0,1,1,1.98326,1
0.4748,5.0559,2.5443,11.4801,2.9940,0.0727,-0.5543,0,0,0,0.00000,1
0.4301,4.5290,2.6233,11.9973,2.5460,0.0013,-0.8511,0,1,0,0.34378,1
0.4464,4.2483,2.4799,11.4228,1.7397,0.0090,-0.3886,0,0,0,0.00000,3
0.3554,3.8164,2.7934,12.2051,3.0485,0.1396,-1.0214,0,1,1,0.82172,1
0.3720,4.0898,2.7902,11.2459,-1.9761,0.0662,-0.2411,0,0,0,0.00000,1
0.4373,4.3529,2.5459,12.1604,1.0816,0.0570,-1.0901,0,1,0,0.93429,1
0.4984,4.6382,2.3554,12.0934,-2.9235,0.0040,-1.1100,0,0,1,0.76683,1
0.4739,4.3294,2.3848,11.5032,-0.6075,0.0328,-0.5243,0,0,0,0.00000,3
0.5103,5.4558,2.4730,11.3655,2.3791,0.0348,-0.4457,0,0,0,0.00000,3
0.4466,4.5689,2.5577,11.3570,3.0746,0.0047,-0.3285,0,0,0,0.00000,3
0.4965,4.5959,2.3540,11.5157,-2.7966,0.0028,-0.5322,0,0,0,0.00000,1
0.4737,4.3923,2.3999,12.3730,-0.8049,0.0214,-1.3470,0,0,1,1.05941,1
0.3605,3.9471,2.8076,12.1509,2.4261,0.0737,-0.9036,0,0,1,0.62877,3
0.4920,4.7983,2.4154,11.4511,-0.5090,0.0307,-0.4990,0,0,0,0.00000,1
0.4885,4.4987,2.3646,11.2966,-0.8091,0.0260,-0.3421,0,0,0,0.00000,3
0.3785,4.1151,2.7638,11.3345,-2.7382,0.1758,-0.4353,0,0,0,0.00000,1
0.4170,4.5241,2.6844,11.7287,-2.8718,0.0464,-0.6519,0,0,1,0.39042,3
0.4962,4.9953,2.4396,11.6462,1.1311,0.0345,-0.7002,0,0,1,0.21946,3
0.4863,4.7988,2.4393,12.0888,-0.4317,0.0219,-1.1013,0,1,0,0.64529,1
0.4524,4.7541,2.5760,12.1422,2.5585,0.0837,-1.1507,1,1,0,0.78316,1
0.4035,4.0851,2.6304,12.0877,2.5958,0.0643,-0.9486,0,1,1,0.63949,1
0.3528,3.8403,2.8149,12.1724,2.3493,0.0466,-0.8641,0,0,2,0.71040,1
0.4567,4.4802,2.4918,11.9912,2.7431,0.0218,-0.9335,0,0,1,0.40586,1
0.4046,4.1957,2.6561,13.1060,2.3009,0.0401,-1.8193,0,0,3,3.18506,1
0.5293,5.5784,2.4170,11.4969,-1.4249,0.0064,-0.5700,0,0,0,0.00000,3
0.4603,4.5486,2.4926,11.2719,-1.2366,0.0058,-0.2694,0,0,0,0.00000,3
0.4885,4.8501,2.4410,12.2862,-0.3057,0.0086,-1.2882,0,1,0,0.24898,1
0.4075,4.4233,2.7043,12.8129,-2.7174,0.0404,-1.5626,0,0,0,0.00000,1
0.3631,3.9047,2.7802,11.3085,-2.5130,0.1933,-0.4210,0,0,0,0.00000,3
0.5189,4.9018,2.3291,11.6077,-0.7334,0.1201,-0.8070,0,0,0,0.00000,1
0.4488,4.2641,2.4735,11.2343,-0.1051,0.0205,-0.2427,0,0,0,0.00000,1
0.4792,5.2582,2.5679,12.3404,-2.8354,0.0931,-1.4400,0,1,0,0.73453,1
0.4436,4.4002,2.5296,11.8022,1.3190,0.0088,-0.7166,0,1,0,0.18869,3
0.4387,4.7750,2.6437,12.4823,2.6049,0.0374,-1.3674,0,1,1,1.14504,3
0.3777,4.1570,2.7803,11.6476,-2.0039,0.0486,-0.5242,0,1,0,0.22847,1
0.5069,4.9883,2.3942,11.4410,-1.6445,0.0084,-0.4827,0,0,0,0.00000,3
0.4712,4.6419,2.4679,12.6307,-1.0829,0.0028,-1.5702,1,0,0,0.95528,1
0.3422,3.7215,2.8345,11.3668,-3.0415,0.1307,-0.3721,0,0,0,0.00000,3
0.4461,4.8171,2.6194,12.2738,-1.9489,0.0316,-1.1857,0,1,0,0.85250,3
0.4586,4.5947,2.5109,11.4655,0.9851,0.0358,-0.4742,0,0,0,0.00000,1
0.4568,4.4926,2.4944,11.4781,2.6247,0.0206,-0.4647,0,0,0,0.00000,1
0.3716,4.1006,2.7957,11.3726,2.9767,0.0948,-0.3650,0,0,0,0.00000,2
0.4554,4.7880,2.5701,11.9081,-1.4031,0.0036,-0.8315,0,1,0,0.55665,1
0.4175,4.4378,2.6594,11.4820,-2.7608,0.0132,-0.4086,0,0,0,0.00000,3
0.5399,4.9612,2.2602,11.4594,-0.7594,0.0167,-0.5551,0,0,0,0.00000,3
0.4771,4.7980,2.4777,11.7300,1.2336,0.0179,-0.7260,0,1,0,0.29723,3
0.4862,4.7429,2.4273,11.2818,2.7712,0.0135,-0.3123,0,0,0,0.00000,1
0.4255,4.3460,2.5978,11.3466,-0.7199,0.0075,-0.3004,0,0,0,0.00000,1
0.3315,3.6326,2.8648,11.5544,3.0964,0.1331,-0.4903,0,0,0,0.00000,3
0.5409,5.5857,2.3709,11.5527,2.3701,0.0506,-0.7002,0,0,0,0.00000,1
0.4719,4.3373,2.3948,11.4113,0.6195,0.0323,-0.4367,0,0,0,0.00000,3
0.5559,5.8181,2.3513,12.7460,0.1590,0.0010,-2.0286,0,1,2,2.02008,1
0.3815,3.9267,2.6921,11.3763,-2.5435,0.0230,-0.2959,0,0,0,0.00000,3
0.4550,4.4554,2.4934,11.3331,-2.4364,0.0345,-0.3507,0,0,0,0.00000,1
0.4681,4.8776,2.5341,12.5359,-2.4302,0.0299,-1.5086,0,1,1,1.02492,1
0.4077,4.1796,2.6370,12.9451,-2.5353,0.0511,-1.7032,0,1,0,1.74669,1
0.5460,5.5274,2.3402,12.3802,2.3655,0.0068,-1.5692,0,0,1,0.77936,1
0.4340,4.7707,2.6648,12.1750,-2.1716,0.0155,-1.0390,0,1,0,0.82765,1
0.4926,4.6548,2.3822,11.5512,2.3964,0.0009,-0.5588,0,1,0,0.17707,1
0.4193,4.2692,2.6062,11.2833,-1.3803,0.0263,-0.2645,0,0,0,0.00000,1
0.4169,4.1807,2.5940,11.8304,-0.3016,0.0011,-0.6789,0,0,1,0.17416,1
0.4411,4.7798,2.6338,11.5991,-3.0948,0.1288,-0.6806,0,0,0,0.00000,1
0.4675,4.6596,2.4875,11.8154,-1.6994,0.0325,-0.8067,0,1,0,0.30603,3
0.4323,4.2798,2.5494,11.3540,1.6943,0.0469,-0.3589,0,0,0,0.00000,3
0.4331,4.2886,2.5481,12.1323,-1.2056,0.0278,-1.0128,0,1,0,0.58260,1
0.4331,4.2394,2.5357,11.6786,-2.5856,0.0369,-0.6244,0,0,1,0.41362,1
0.5843,5.8031,2.2382,11.4736,2.0726,0.0095,-0.6297,0,0,0,0.00000,1
0.4890,4.8940,2.4484,11.3405,2.8873,0.0120,-0.3687,0,0,0,0.00000,3
0.4690,4.5831,2.4638,11.4832,-2.2357,0.0042,-0.4660,0,0,0,0.00000,3
0.3660,3.9315,2.7730,11.6176,2.8075,0.1279,-0.5786,0,1,0,0.18946,3
0.3605,3.9357,2.8039,12.6225,-3.0192,0.0602,-1.2535,1,1,1,1.08754,1
0.3897,4.1502,2.7165,11.7205,-2.5783,0.0698,-0.6260,0,1,0,0.23097,3
0.3567,3.9384,2.8256,11.3389,3.0204,0.1252,-0.3602,0,0,0,0.00000,2
0.5741,5.7842,2.2741,11.3645,0.8753,0.1035,-0.6066,0,0,0,0.00000,1
0.4476,4.9280,2.6387,11.4803,1.9531,0.0107,-0.4444,0,0,0,0.00000,0
0.5173,5.2744,2.4089,11.5443,-2.4963,0.0493,-0.6515,0,0,0,0.00000,1
0.4105,4.3083,2.6584,11.3680,-3.0461,0.0586,-0.3609,0,0,0,0.00000,3
0.5271,4.8860,2.2944,11.3374,-0.2448,0.0483,-0.4510,0,0,0,0.00000,3
0.4023,4.0695,2.6318,11.7498,2.9883,0.0419,-0.6368,0,1,0,0.41954,3
0.3420,3.6923,2.8259,11.6850,-2.6133,0.1039,-0.5615,0,1,0,0.20123,3
0.4350,4.6825,2.6388,11.4292,-3.1066,0.0647,-0.4469,0,0,0,0.00000,3
0.5266,4.9006,2.2991,11.4369,-1.7394,0.0004,-0.4939,0,0,0,0.00000,1
0.5673,5.5622,2.2634,11.5659,-0.0178,0.0686,-0.7796,0,0,0,0.00000,1
0.4396,4.2358,2.5060,11.5778,-2.6442,0.0253,-0.5330,0,0,0,0.00000,1
0.4785,4.3503,2.3712,11.4197,-0.3082,0.0276,-0.4468,0,0,0,0.00000,3
0.4883,5.1163,2.4982,11.5261,-2.9967,0.0679,-0.6118,0,0,0,0.00000,1
0.4130,4.5195,2.7028,11.8661,2.8920,0.1554,-0.8981,0,1,0,0.53315,1
0.4320,4.2056,2.5317,11.5233,-2.6459,0.0290,-0.4801,0,0,0,0.00000,1
0.3731,4.0047,2.7588,12.0730,-2.8412,0.0153,-0.7975,0,0,2,0.65547,1
0.4130,4.4232,2.6769,11.7382,-2.5624,0.0269,-0.6286,0,0,1,0.19669,3
0.4241,4.4674,2.6357,11.4355,2.3182,0.0095,-0.3744,0,0,0,0.00000,1
0.3669,3.9148,2.7634,12.3895,2.9885,0.0400,-1.0604,0,0,2,0.30845,3
0.3714,3.9114,2.7386,12.3205,-2.5165,0.0376,-1.0161,1,1,0,0.60505,3
0.3897,4.1646,2.7205,11.4601,-2.3058,0.1015,-0.4595,0,0,0,0.00000,3
0.3647,3.8448,2.7527,12.9003,-3.0641,0.0178,-1.4264,0,1,2,2.07892,1
0.4134,4.5577,2.7109,11.6028,-1.7092,0.0601,-0.5578,0,0,0,0.00000,0
0.3739,3.9599,2.7408,12.8654,1.9938,0.0145,-1.4301,1,1,2,2.49864,1
0.5769,5.6967,2.2489,11.3458,-0.2857,0.0098,-0.4767,0,0,0,0.00000,3
0.6095,5.7134,2.1310,11.4706,1.3315,0.0344,-0.6940,0,0,0,0.00000,1
0.4368,4.3852,2.5561,11.9025,1.6941,0.0238,-0.8112,0,0,1,0.37544,3
0.3703,3.9426,2.7541,12.7236,-2.7228,0.0816,-1.4057,0,1,0,1.08116,1
0.4334,4.6249,2.6318,11.3652,2.2069,0.0207,-0.3400,0,0,0,0.00000,3
0.3441,3.7178,2.8226,11.4958,-2.7163,0.1787,-0.5192,0,0,0,0.00000,3
0.3706,3.9724,2.7616,11.2540,2.0855,0.0368,-0.2131,0,0,0,0.00000,1
0.4622,4.9699,2.5814,11.5284,2.7149,0.0571,-0.5625,0,0,0,0.00000,3
0.4601,5.0063,2.5989,12.0116,2.4020,0.0686,-1.0253,0,1,0,0.46582,3
0.3793,4.1854,2.7802,13.1403,2.8743,0.0322,-1.7169,0,0,0,0.00000,0
0.5407,5.4932,2.3550,11.4770,-0.7341,0.0404,-0.6064,0,0,0,0.00000,1
0.4970,5.3013,2.4992,11.8214,-0.8770,0.0025,-0.8363,0,1,0,0.45086,1
0.3484,3.7470,2.8087,12.3951,-2.9085,0.1490,-1.1636,0,1,0,1.05841,1
0.4603,5.0137,2.6000,11.4392,-2.3532,0.1075,-0.5381,0,0,0,0.00000,3
0.3923,3.9604,2.6488,12.6026,-2.0077,0.0062,-1.2663,0,0,2,1.28394,1
0.4554,4.7494,2.5612,11.8232,2.8625,0.0207,-0.7753,0,0,0,0.00000,3
0.3858,3.9568,2.6797,11.3456,-2.6885,0.0756,-0.3373,0,0,0,0.00000,3
0.4703,4.5949,2.4606,11.4316,3.0092,0.0246,-0.4451,0,0,0,0.00000,1
0.3779,4.1217,2.7686,11.5867,2.1648,0.1192,-0.5623,0,0,0,0.00000,3
0.3653,3.9322,2.7771,12.7839,-2.8869,0.0207,-1.3397,0,1,1,1.41927,1
0.4160,4.2800,2.6245,11.7703,1.7988,0.0003,-0.6269,0,0,1,0.29306,1
0.5412,5.0905,2.2796,12.4795,1.6314,0.0299,-1.6994,0,0,1,0.57317,1
0.5844,5.5261,2.1933,11.3614,0.1734,0.0626,-0.5661,0,0,0,0.00000,3
0.4230,4.1417,2.5552,12.0153,-1.6772,0.0132,-0.8645,0,0,2,0.87389,1
0.3912,4.3148,2.7558,13.3666,-2.9347,0.0273,-1.9685,0,1,3,1.67398,0
0.3911,4.0559,2.6826,11.3182,-2.7968,0.0926,-0.3409,0,0,0,0.00000,3
0.6042,5.4653,2.1122,11.9173,-0.3757,0.0154,-1.1931,0,0,1,0.29897,1
0.4618,4.3146,2.4308,11.3490,-2.0076,0.0526,-0.3927,0,0,0,0.00000,1
0.4635,4.3522,2.4327,11.6106,-0.2394,0.0158,-0.5871,0,1,0,0.32484,1
0.4865,5.1002,2.5026,11.9518,3.0468,0.0252,-0.9718,0,0,1,0.26424,3
0.4411,4.2648,2.5066,12.1046,1.2919,0.0086,-0.9811,0,0,2,0.72525,1
0.6055,6.0752,2.1995,11.2930,-1.5767,0.0086,-0.4516,0,0,0,0.00000,1
0.4156,4.3489,2.6449,13.1645,-2.2856,0.0269,-1.9018,1,1,0,0.96416,1
0.4164,4.2608,2.6178,12.3874,2.1898,0.0471,-1.2213,0,1,0,1.10113,1
0.3381,3.7022,2.8509,11.2985,2.4689,0.0473,-0.2292,0,0,0,0.00000,1
0.4223,4.4591,2.6421,12.6374,2.8456,0.0671,-1.5003,0,0,3,1.36401,1
0.4910,4.9103,2.4435,11.3485,0.9587,0.0588,-0.4334,0,0,0,0.00000,1
0.4609,4.4790,2.4736,11.2496,2.9531,0.0330,-0.2812,0,0,0,0.00000,1
0.4139,4.4596,2.6824,11.4921,2.8368,0.1419,-0.5636,0,0,0,0.00000,1
0.4765,4.4942,2.4119,11.5076,1.8464,0.0681,-0.5758,0,0,0,0.00000,1
0.3568,3.8940,2.8106,12.1235,-2.4953,0.0996,-0.9078,0,1,0,0.73107,3
0.4086,4.2357,2.6478,12.4345,-2.3294,0.0564,-1.2523,0,0,3,0.71740,1
0.4481,4.6314,2.5659,12.0261,-0.7515,0.0010,-0.9187,0,0,1,0.59923,1
0.4006,4.0914,2.6464,12.3872,-2.2338,0.0121,-1.1209,1,1,1,0.95295,1
0.4372,4.2986,2.5327,11.4309,1.5721,0.0048,-0.3800,0,0,0,0.00000,3
0.5028,4.5587,2.3214,11.3792,-0.7650,0.0510,-0.4664,0,0,0,0.00000,3
0.4641,4.6728,2.5051,12.6554,-3.0049,0.0187,-1.5957,0,0,1,1.09893,1
0.4036,4.3713,2.7092,12.0075,-2.3653,0.0351,-0.8432,0,0,1,0.42522,3
0.3611,3.9403,2.8023,12.0714,2.7535,0.1513,-0.9463,0,1,0,0.66062,1
0.3837,4.1084,2.7349,12.2021,2.1177,0.0292,-0.9446,0,1,0,0.92308,1
0.4114,4.3532,2.6661,11.2591,-1.7355,0.0158,-0.2268,0,0,0,0.00000,1
0.4055,4.0387,2.6081,12.3941,-1.5161,0.0026,-1.1274,0,0,0,0.00000,1
0.4080,4.1177,2.6182,12.3061,-2.2378,0.0283,-1.0973,0,0,1,1.05282,1
0.4468,4.4057,2.5171,11.5878,1.3040,0.0443,-0.5762,0,0,0,0.00000,3
0.5879,5.4566,2.1693,11.5620,0.8206,0.0620,-0.8004,0,0,0,0.00000,3
0.4263,4.2923,2.5800,11.5313,-1.5262,0.0537,-0.5088,0,0,0,0.00000,3
0.3720,3.9944,2.7612,11.4770,2.8999,0.1285,-0.4818,0,0,0,0.00000,3
0.5174,5.3767,2.4282,11.5885,2.1406,0.0222,-0.6638,0,0,0,0.00000,3
0.5422,5.0550,2.2689,12.0115,-0.9443,0.0361,-1.1807,0,1,0,0.67947,1
0.5019,4.9527,2.4074,11.3183,-2.4938,0.0245,-0.3763,0,0,0,0.00000,1
0.4645,4.4150,2.4436,12.2011,-2.8390,0.0111,-1.1363,0,0,2,0.91314,1
0.4760,4.7362,2.4688,11.3277,-2.4559,0.0308,-0.3642,0,0,0,0.00000,1
0.4676,5.0121,2.5667,12.7822,1.8165,0.0037,-1.7153,1,1,1,1.39772,1
0.3900,4.0754,2.6935,11.9242,-1.9768,0.0496,-0.7633,0,1,0,0.49401,3
0.5134,5.2307,2.4160,11.2999,1.1307,0.0237,-0.3707,0,0,0,0.00000,3
0.4114,4.3007,2.6519,11.4838,2.1764,0.0402,-0.4339,0,0,0,0.00000,3
0.3737,4.1109,2.7876,11.4989,3.0700,0.0764,-0.4398,0,0,0,0.00000,3
0.4974,5.0455,2.4451,11.5799,2.6782,0.0308,-0.6326,0,0,0,0.00000,1
0.4465,4.3652,2.5085,12.0009,1.1165,0.0289,-0.9278,0,1,0,0.45574,1
0.4340,4.1739,2.5146,11.5020,-2.5221,0.0226,-0.4568,0,0,0,0.00000,1
0.5266,5.3629,2.3876,11.4008,1.6268,0.0174,-0.4801,0,0,0,0.00000,3
0.3996,4.0948,2.6520,11.7760,2.1928,0.0565,-0.6715,0,1,0,0.41069,3
0.5441,5.7149,2.3810,11.9004,0.2400,0.0255,-1.0524,0,0,1,0.41871,1
0.4654,4.9134,2.5541,11.5525,2.4266,0.0980,-0.6388,0,0,0,0.00000,1
0.3859,3.9521,2.6774,11.9204,2.9741,0.0169,-0.7095,0,1,0,0.57779,3
0.5379,5.4087,2.3509,11.9563,2.4826,0.0062,-1.0712,0,0,1,0.28146,1
0.5362,5.4172,2.3592,12.0190,0.6381,0.0033,-1.1316,0,0,1,0.45367,3
0.4565,5.0036,2.6150,12.7614,-1.5243,0.0076,-1.6574,0,1,1,0.69148,1
0.4085,4.4928,2.7175,13.0593,-1.9344,0.0354,-1.7852,1,1,0,1.68880,1
0.4346,4.7927,2.6673,11.4192,-2.3753,0.0692,-0.4435,0,0,0,0.00000,2
0.3547,3.8936,2.8222,12.8023,-2.8792,0.0170,-1.3073,1,1,1,0.92843,1
0.5068,5.3778,2.4726,11.3930,2.7984,0.0791,-0.5205,0,1,0,0.14868,1
0.3937,4.0394,2.6646,13.0431,2.7044,0.0248,-1.6847,0,1,0,1.70573,1
0.4953,4.7911,2.4007,12.0505,2.1509,0.0087,-1.0666,0,0,1,0.73625,1
0.6152,5.7755,2.1198,12.1612,-0.5898,0.0095,-1.5191,0,0,1,0.63312,1
0.4835,4.4636,2.3766,12.2854,-2.0006,0.0190,-1.2850,0,0,1,0.69394,1
0.4455,4.7500,2.6063,11.3930,-2.3375,0.0573,-0.4197,0,0,0,0.00000,3
0.5469,5.1129,2.2620,11.4804,-0.4012,0.0271,-0.6006,0,0,0,0.00000,3
0.5992,5.9375,2.2027,11.8410,1.0695,0.0235,-1.1053,0,0,1,0.55119,3
0.4884,4.5930,2.3857,11.4095,1.6160,0.0003,-0.4177,0,0,0,0.00000,3
0.4505,4.6148,2.5513,11.7942,2.7307,0.0692,-0.8005,0,1,0,0.55323,1
0.3599,3.9265,2.8041,13.3065,-2.7014,0.0736,-1.8424,0,1,1,1.43432,1
0.4214,4.4414,2.6418,13.1222,-3.0758,0.0375,-1.9082,0,0,4,1.66555,1
0.3724,3.9425,2.7429,12.8322,2.7587,0.0980,-1.5331,1,1,0,1.30370,1
0.3963,4.2683,2.7173,11.8954,-2.8527,0.0185,-0.7140,0,1,0,0.53545,3
0.4998,5.1051,2.4472,11.4446,-1.5516,0.0339,-0.5079,0,0,0,0.00000,3
0.4425,4.2374,2.4936,11.3307,1.0500,0.0057,-0.3019,0,0,0,0.00000,3
0.4220,4.2944,2.6005,12.9368,2.1147,0.0034,-1.6737,1,1,0,1.20001,1
0.4081,4.4596,2.7108,11.4187,-2.9834,0.1193,-0.4692,0,0,0,0.00000,3
0.3645,3.9412,2.7843,12.4979,-2.5584,0.0167,-1.1043,1,1,0,1.11073,1
0.4315,4.1661,2.5239,11.8783,-1.8661,0.0301,-0.7861,0,1,0,0.65193,3
0.4471,4.3244,2.4956,11.8866,1.1263,0.0069,-0.7959,0,1,0,0.39919,3
0.4602,4.6580,2.5189,11.2865,-2.7221,0.0456,-0.3280,0,0,0,0.00000,1
0.4076,4.1719,2.6350,11.3828,-2.2277,0.0451,-0.3538,0,0,0,0.00000,3
0.3335,3.6624,2.8634,11.8224,-2.4540,0.1018,-0.6403,0,1,0,0.45422,3
0.4372,4.1780,2.5017,11.3245,-1.3279,0.0714,-0.3672,0,0,0,0.00000,3
0.4273,4.4804,2.6240,11.8891,1.3525,0.0104,-0.7628,0,1,0,0.67045,1
0.4116,4.5212,2.7101,12.6813,-2.2359,0.0251,-1.4357,0,0,0,0.00000,1
0.5001,4.9656,2.4174,11.4160,1.7290,0.0109,-0.4525,0,0,0,0.00000,3
0.4667,4.6941,2.4989,11.3067,-1.6991,0.0108,-0.3124,0,0,0,0.00000,3
0.5864,5.8076,2.2309,11.5116,0.6954,0.0946,-0.7819,0,0,0,0.00000,1
0.5567,5.3149,2.2611,11.9079,0.2153,0.0663,-1.1421,0,1,0,0.53787,1
0.3415,3.7593,2.8514,11.5555,2.7152,0.2654,-0.6596,0,0,0,0.00000,0
0.4805,4.7649,2.4558,12.5586,-2.1480,0.0179,-1.5553,0,0,1,1.07658,1
0.5745,5.7338,2.2643,11.4266,-2.6787,0.0043,-0.5565,0,0,0,0.00000,1
0.5874,5.4883,2.1761,11.5746,-0.6250,0.0368,-0.7823,0,0,0,0.00000,3
0.4710,4.4235,2.4182,12.5181,-1.6337,0.0170,-1.4772,1,0,0,1.12750,1
0.4286,4.1347,2.5285,11.9976,1.3764,0.0151,-0.8641,0,1,0,0.71485,1
0.4381,4.5589,2.5935,11.3332,2.7532,0.0086,-0.3040,0,0,0,0.00000,3
0.4379,4.8347,2.6620,11.4345,3.0346,0.0823,-0.4759,0,0,0,0.00000,2
0.5209,5.6250,2.4604,11.5253,-2.1474,0.0608,-0.6529,0,0,0,0.00000,3
0.4285,4.2440,2.5573,11.4815,1.5735,0.0331,-0.4452,0,0,0,0.00000,3
0.3683,3.9366,2.7624,11.5080,3.0447,0.1028,-0.4705,0,0,0,0.00000,3
0.4560,4.7775,2.5650,11.4390,-1.2053,0.0267,-0.4371,0,0,0,0.00000,1
0.4407,4.4033,2.5433,11.3471,-2.5049,0.0473,-0.3626,0,0,0,0.00000,1
0.4160,4.0955,2.5747,11.7125,2.6941,0.0711,-0.6667,0,1,0,0.36421,1
0.4699,4.8459,2.5195,11.7086,-1.4274,0.0430,-0.7246,0,1,0,0.31031,3
0.4419,4.3220,2.5176,11.3233,-3.0319,0.0100,-0.3002,0,0,0,0.00000,3
0.4468,4.4629,2.5311,11.9759,2.6378,0.0489,-0.9329,0,1,0,0.64842,1
0.4369,4.4578,2.5741,11.3469,1.6886,0.0346,-0.3439,0,0,0,0.00000,3
0.3764,3.9691,2.7306,11.4249,-2.2675,0.0090,-0.3103,0,0,0,0.00000,1
0.3939,4.2709,2.7297,12.9633,-2.7967,0.0314,-1.6263,0,1,0,0.52390,1
0.4281,4.3998,2.5997,11.4017,-0.9074,0.0085,-0.3498,0,0,0,0.00000,1
0.5525,5.6494,2.3359,11.4240,1.1568,0.0483,-0.5765,0,0,0,0.00000,3
0.3793,4.0923,2.7526,12.3331,3.1357,0.0688,-1.0932,1,1,2,1.19247,3
0.4255,4.3242,2.5922,11.6623,-2.3335,0.0050,-0.5590,0,1,0,0.30436,3
0.4752,4.3565,2.3857,11.3084,-0.9953,0.0152,-0.3265,0,0,0,0.00000,3
0.4726,4.3821,2.4021,11.3268,-0.2110,0.0029,-0.3262,0,0,0,0.00000,3
0.3444,3.7752,2.8405,13.3356,2.6884,0.0229,-1.6926,0,0,1,0.45500,1
0.5386,5.5463,2.3733,11.5259,-1.4017,0.0401,-0.6549,0,0,0,0.00000,3
0.3970,4.1986,2.6939,12.0644,-2.6384,0.0576,-0.9043,1,1,0,0.57323,3
0.4797,5.0881,2.5297,11.8518,-2.9915,0.0277,-0.8619,0,0,1,0.29576,3
0.3737,3.8572,2.7100,11.4074,2.5481,0.0583,-0.3511,0,0,0,0.00000,3
0.4561,4.9538,2.6056,12.2484,2.7480,0.0719,-1.2472,0,0,1,0.81325,1
0.4305,4.3383,2.5730,12.0084,0.8146,0.0057,-0.8665,0,1,0,0.47208,1
0.4194,4.2174,2.5922,11.8592,-1.5074,0.0059,-0.7142,0,0,1,0.38030,1
0.4304,4.3617,2.5793,12.3924,2.9224,0.0247,-1.2367,0,0,2,0.98020,1
0.4550,4.3207,2.4607,11.4664,1.5080,0.0046,-0.4322,0,0,0,0.00000,3
0.4584,4.6747,2.5307,11.9843,2.7244,0.0517,-0.9719,0,1,1,0.57980,1
0.5350,4.9229,2.2714,11.9438,0.0252,0.0158,-1.0599,0,0,1,0.28800,1
0.4422,4.8096,2.6360,11.5345,1.9324,0.0380,-0.5162,0,0,0,0.00000,1
0.5162,4.9599,2.3513,11.4582,0.4080,0.0325,-0.5410,0,0,0,0.00000,1
0.5515,5.3859,2.2937,11.4212,3.0117,0.0029,-0.5161,0,0,0,0.00000,1
0.5425,5.6483,2.3757,13.0377,-1.6371,0.0322,-2.3774,0,0,1,1.41677,1
0.6187,5.9266,2.1292,11.4560,0.6213,0.0173,-0.6704,0,0,0,0.00000,3
0.4597,4.7123,2.5336,11.3636,-1.0282,0.0136,-0.3590,0,0,0,0.00000,1
0.3619,3.8153,2.7584,11.5366,2.6786,0.0286,-0.3960,0,0,1,0.23029,1
0.4558,4.7238,2.5536,11.3238,-1.8550,0.0515,-0.3636,0,0,0,0.00000,3
0.4874,4.6253,2.3968,11.3055,1.8094,0.0095,-0.3305,0,0,0,0.00000,3
0.4280,4.3053,2.5759,11.3700,2.6997,0.0183,-0.3345,0,0,0,0.00000,3
0.4148,4.4226,2.6682,11.7865,-2.6047,0.0319,-0.6782,0,0,1,0.28029,3
0.4678,4.3138,2.4057,11.3709,2.0824,0.0005,-0.3577,0,0,0,0.00000,3
0.3504,3.7566,2.8011,11.4333,-2.7113,0.0943,-0.3854,0,0,0,0.00000,3
0.4838,4.4134,2.3640,12.3739,-0.0136,0.0266,-1.3874,0,1,0,0.77559,1
0.4697,4.8862,2.5290,11.5381,-2.1274,0.0122,-0.5281,0,0,0,0.00000,3
0.4405,4.3678,2.5352,12.0487,-1.8408,0.0236,-0.9502,0,1,0,0.39766,1
0.4994,5.0038,2.4283,12.7771,-0.9130,0.0032,-1.8344,0,0,1,1.35224,1
0.4237,4.3889,2.6174,12.9065,-2.3795,0.0641,-1.7573,0,1,0,1.58831,1
0.4035,4.0233,2.6133,11.3034,-1.8397,0.0219,-0.2606,0,0,0,0.00000,3
0.4328,4.5010,2.6035,11.4524,1.6533,0.0766,-0.4779,0,0,0,0.00000,3
0.3904,4.1112,2.7020,11.4055,-2.6601,0.1348,-0.4562,0,0,0,0.00000,1
0.4106,4.3812,2.6778,12.6727,-2.2173,0.0313,-1.4335,0,1,1,1.09736,1
0.5494,5.4907,2.3204,11.4205,-1.1044,0.0369,-0.5541,0,0,0,0.00000,3
0.5012,5.1364,2.4478,11.3975,-3.0398,0.0182,-0.4453,0,0,0,0.00000,1
0.3696,3.8445,2.7273,11.3181,2.4706,0.0302,-0.2505,0,0,0,0.00000,3
0.4157,4.5109,2.6869,12.0069,-1.8834,0.0258,-0.8588,0,1,0,0.27308,1
0.5212,5.2981,2.3974,11.2847,1.0723,0.0634,-0.4102,0,0,0,0.00000,1
0.4539,4.9635,2.6175,12.0289,2.3098,0.0089,-0.9475,0,1,0,0.64749,1
0.4984,5.2539,2.4834,11.3350,-2.5600,0.0601,-0.4311,0,0,0,0.00000,1
0.3877,3.9874,2.6790,11.4045,-2.0629,0.0057,-0.3036,0,0,0,0.00000,1
0.4908,4.6324,2.3846,11.8508,-2.8116,0.0086,-0.8562,0,0,2,0.56103,1
0.4339,4.3679,2.5648,11.5797,2.4708,0.0678,-0.5783,0,1,0,0.36629,1
0.5741,5.6525,2.2524,11.6330,0.0941,0.0104,-0.7939,0,0,0,0.00000,3
0.4045,4.3357,2.6949,11.9630,-2.5983,0.0257,-0.7961,0,1,0,0.68498,3
0.5329,4.9965,2.2936,11.5465,-0.3133,0.0784,-0.7130,0,0,0,0.00000,1
0.3512,3.7431,2.7919,12.0016,-2.9471,0.0120,-0.6898,0,1,0,0.57754,1
0.4826,4.8291,2.4614,11.3000,-0.8056,0.0571,-0.3763,0,0,0,0.00000,1
0.4453,4.5856,2.5678,11.6949,3.0966,0.0109,-0.6282,0,0,1,0.33185,3
0.4585,4.9802,2.6004,11.5048,2.5754,0.0290,-0.5025,0,0,0,0.00000,3
0.3661,3.9217,2.7697,11.2681,-2.6793,0.0478,-0.2317,0,0,0,0.00000,3
0.4781,4.4085,2.3860,11.3043,2.0551,0.0215,-0.3331,0,0,0,0.00000,1
0.4425,4.3119,2.5127,11.4731,-1.4409,0.0015,-0.4184,0,0,0,0.00000,3
0.5152,5.2483,2.4124,12.2137,2.3826,0.0289,-1.3215,0,0,0,0.00000,1
0.4664,4.9445,2.5567,12.2395,-1.6196,0.0386,-1.2216,0,1,1,0.92143,3
0.4386,4.7863,2.6471,11.4708,-1.6471,0.0291,-0.4457,0,0,0,0.00000,1
0.4988,4.9977,2.4295,11.2697,-2.5588,0.0079,-0.3076,0,0,0,0.00000,3
0.4709,4.8565,2.5176,11.9753,1.7261,0.0380,-0.9746,0,1,0,0.67043,3
0.4960,4.7442,2.3879,11.5332,-0.9272,0.0441,-0.6000,0,0,0,0.00000,3
0.4560,4.5010,2.5002,11.5893,-1.6126,0.0337,-0.5789,0,0,0,0.00000,3
0.4479,4.4865,2.5317,12.6386,-2.1842,0.0301,-1.5371,0,1,0,0.24196,1
0.4334,4.2386,2.5340,12.8563,-0.9019,0.0138,-1.6627,0,1,0,0.78249,1
0.3936,4.3443,2.7518,12.0563,-2.5016,0.0483,-0.8773,0,1,1,0.48122,2
0.3830,4.1263,2.7437,13.2784,-2.7603,0.0358,-1.8634,0,1,0,2.07421,1
0.4465,4.5196,2.5461,11.4359,2.1373,0.0296,-0.4253,0,0,0,0.00000,3
0.4384,4.6575,2.6164,12.2891,-2.0612,0.0352,-1.1822,0,0,1,0.95245,3
0.4298,4.7283,2.6743,12.1371,2.5793,0.0582,-1.0514,0,1,0,0.71834,3
0.4023,4.0231,2.6185,12.9168,1.8553,0.0029,-1.5707,1,1,0,1.43285,1
0.5485,5.1705,2.2664,11.3770,-1.3303,0.0188,-0.4835,0,0,0,0.00000,1
0.4985,4.8432,2.3986,11.5446,1.6069,0.0286,-0.5961,0,0,0,0.00000,3
0.3874,4.1234,2.7204,11.7555,-2.8643,0.0899,-0.6745,0,1,0,0.31784,3
0.4744,4.3665,2.3912,11.3465,1.9550,0.0078,-0.3515,0,0,0,0.00000,1
0.5120,4.8089,2.3377,11.4259,2.9650,0.0062,-0.4708,0,0,0,0.00000,1
0.4738,5.0573,2.5490,12.4819,-2.0691,0.0143,-1.4508,0,0,1,1.17710,1
0.5049,5.1124,2.4277,12.3714,-1.2820,0.0101,-1.4309,0,1,0,0.18312,1
0.3818,4.0222,2.7192,11.3742,3.0572,0.1098,-0.3940,0,0,0,0.00000,1
0.3730,4.0746,2.7804,11.4368,2.1386,0.0646,-0.3793,0,0,0,0.00000,1
0.4586,4.6821,2.5314,11.4034,2.8676,0.0106,-0.3894,0,0,0,0.00000,3
0.4216,4.1574,2.5661,11.8279,0.7432,0.0149,-0.7034,0,0,1,0.50133,1
0.3640,3.8556,2.7599,11.8030,-2.6565,0.0139,-0.5740,0,1,0,0.37097,1
0.4634,4.8652,2.5521,11.4450,-2.0483,0.0317,-0.4580,0,0,0,0.00000,3
0.3900,4.1850,2.7252,13.0734,2.6791,0.0061,-1.6620,0,0,0,0.00000,1
0.4873,5.3304,2.5474,11.3712,-1.2640,0.0401,-0.4297,0,0,0,0.00000,1
0.4294,4.6036,2.6454,12.6255,-2.9295,0.0606,-1.5049,1,0,0,0.37180,1
0.4905,5.1582,2.4976,11.2564,2.5921,0.0308,-0.3138,0,0,0,0.00000,3
0.4351,4.6109,2.6203,11.5454,2.5259,0.0876,-0.5745,0,0,0,0.00000,3
0.4263,4.5192,2.6387,12.1818,-2.7149,0.1099,-1.1532,0,1,0,0.70339,1
0.3919,4.2571,2.7359,11.7302,-2.5208,0.0809,-0.6512,0,1,0,0.41433,3
0.4248,4.5918,2.6642,11.8247,-2.6914,0.0120,-0.7050,0,1,0,0.41402,1
0.3983,4.1925,2.6856,11.4776,-2.7219,0.1019,-0.4845,0,0,0,0.00000,1
0.4687,5.1253,2.5866,11.3481,2.4675,0.0181,-0.3614,0,0,0,0.00000,3
0.3918,4.3109,2.7518,11.4145,2.8317,0.1416,-0.4725,0,0,0,0.00000,3
0.4610,4.4620,2.4695,11.3782,3.1039,0.0259,-0.3870,0,0,0,0.00000,1
0.5241,4.9306,2.3148,12.5707,2.0207,0.0046,-1.7006,0,0,1,1.32414,1
0.6092,6.0144,2.1767,12.0182,1.6931,0.0220,-1.3448,0,0,1,0.61953,1
0.4727,4.8969,2.5187,11.4186,-1.0508,0.0142,-0.4248,0,0,0,0.00000,1
0.4057,4.3482,2.6925,12.2199,2.1960,0.0511,-1.0493,0,0,2,0.62526,3
0.3679,3.9213,2.7601,12.0154,-2.5843,0.0676,-0.8096,0,0,2,0.58162,3
0.4256,4.4097,2.6138,11.9804,-3.0004,0.0036,-0.8287,0,1,0,0.46969,3
0.5481,5.0321,2.2424,11.4562,-0.0778,0.0523,-0.6074,0,0,0,0.00000,3
0.3361,3.7090,2.8647,12.0845,2.8669,0.1123,-0.8447,0,1,0,0.80126,2
0.4749,5.0307,2.5382,12.4413,2.1762,0.0555,-1.4749,1,1,1,1.20353,1
0.4265,4.5721,2.6509,11.8601,-2.0901,0.0035,-0.7280,0,0,1,0.25493,1
0.5810,5.7877,2.2481,11.7804,2.0537,0.0045,-0.9688,0,0,0,0.00000,1
0.4849,4.8523,2.4567,11.3884,-0.7959,0.0632,-0.4691,0,0,0,0.00000,1
0.3565,3.8099,2.7853,11.8803,2.8029,0.0662,-0.6818,0,1,0,0.43663,3
0.5130,5.2369,2.4191,11.4326,-1.7711,0.0451,-0.5272,0,0,0,0.00000,3
0.3969,4.0078,2.6403,11.4014,2.4212,0.0234,-0.3316,0,0,0,0.00000,3
0.4649,4.9858,2.5729,11.5286,-2.9383,0.0291,-0.5331,0,0,0,0.00000,3
0.5098,5.1774,2.4203,11.2467,-0.4880,0.0208,-0.3115,0,0,0,0.00000,1
0.4616,4.4158,2.4559,11.3226,-2.3421,0.0340,-0.3474,0,0,0,0.00000,1
0.3761,3.9089,2.7137,11.7143,2.7605,0.0208,-0.5379,0,0,1,0.17929,3
0.4285,4.6732,2.6668,13.1946,-1.6569,0.0263,-1.9926,1,1,0,1.16189,1
0.4732,4.6447,2.4597,11.4165,-2.6446,0.0052,-0.4120,0,0,0,0.00000,3
0.4832,4.4167,2.3672,11.6790,-0.9598,0.0076,-0.6730,0,0,1,0.32927,1
0.4469,4.6800,2.5832,11.5898,2.2973,0.0412,-0.5752,0,0,0,0.00000,3
0.3706,3.9262,2.7473,13.1333,2.7702,0.0478,-1.6988,1,1,0,1.62933,1
0.3728,4.0766,2.7819,12.8934,2.5393,0.0880,-1.5691,1,1,0,1.15210,1
0.4071,4.0531,2.6043,11.6528,1.3187,0.0078,-0.5245,0,0,0,0.00000,1
0.6556,6.1120,2.0226,11.6988,-0.0288,0.0642,-1.1010,0,1,0,0.17086,3
0.4019,4.1309,2.6508,11.3503,-2.9037,0.0555,-0.3343,0,0,0,0.00000,3
0.5239,5.3473,2.3960,11.3197,-2.8358,0.0211,-0.3991,0,0,0,0.00000,1
0.4309,4.2532,2.5492,11.3896,2.0482,0.0060,-0.3395,0,0,0,0.00000,3
0.4478,4.5835,2.5558,11.4188,0.3573,0.0018,-0.3797,0,0,0,0.00000,1
0.4266,4.1218,2.5339,11.3571,2.4256,0.0523,-0.3614,0,0,0,0.00000,1
0.4674,4.5814,2.4702,11.4135,2.5123,0.0337,-0.4357,0,0,0,0.00000,1
0.3417,3.6852,2.8248,11.9965,-2.8444,0.0787,-0.7510,0,0,1,0.61788,3
0.5700,5.7105,2.2778,12.0506,-0.4889,0.0527,-1.3237,0,0,1,0.13896,1
0.3320,3.6313,2.8612,11.9477,2.8650,0.0485,-0.6574,0,1,0,0.23754,1
0.3697,3.9754,2.7675,11.3632,-2.2984,0.0268,-0.2791,0,0,0,0.00000,1
0.5080,4.8622,2.3642,12.6978,-0.0561,0.0152,-1.7999,0,0,1,1.19589,1
0.6023,5.8158,2.1727,12.2061,-1.4410,0.0259,-1.5639,0,0,1,0.76159,1
0.4048,4.0663,2.6191,12.5546,-1.4656,0.0368,-1.3159,0,1,1,1.07051,1
0.5174,5.4886,2.4493,11.6391,-1.0920,0.0237,-0.7180,0,0,1,0.22172,1
0.3855,4.2036,2.7533,11.8837,-2.1902,0.0255,-0.6916,0,1,0,0.57387,1
0.4369,4.6881,2.6309,11.9060,-2.9354,0.0591,-0.8614,0,0,1,0.25346,3
0.4299,4.2999,2.5658,11.9437,-2.9724,0.0198,-0.8270,0,0,1,0.44593,3
0.4385,4.1886,2.4987,11.4136,-0.9147,0.0539,-0.4244,0,0,0,0.00000,1
0.3878,4.0418,2.6946,11.3505,2.2221,0.0233,-0.2836,0,0,0,0.00000,1
0.3827,3.9178,2.6831,11.3281,-2.2130,0.0212,-0.2595,0,0,0,0.00000,1
0.4238,4.2717,2.5862,12.4356,1.1762,0.0262,-1.2570,0,1,0,1.12412,1
0.4519,4.6514,2.5540,11.8648,-1.6512,0.0464,-0.8389,0,1,0,0.55411,3
0.4849,5.3247,2.5568,12.1090,1.3388,0.0005,-1.0922,0,1,0,0.27787,1
0.4554,4.3922,2.4764,11.4816,0.8517,0.0384,-0.4870,0,0,0,0.00000,1
0.4626,4.3109,2.4267,12.5865,-0.3309,0.0112,-1.5060,0,0,1,1.14339,1
0.5029,5.1505,2.4438,12.8583,0.9970,0.0342,-1.9926,0,0,2,1.66792,1
0.4755,4.5211,2.4221,11.7159,-1.7022,0.0374,-0.7334,0,1,0,0.23271,3
0.4518,4.3322,2.4771,12.7241,-1.2383,0.0069,-1.5957,0,1,0,1.31383,1
0.4766,4.3765,2.3847,11.5900,-0.3880,0.0151,-0.5875,0,0,0,0.00000,3
0.4540,5.0083,2.6275,11.5785,2.5058,0.1781,-0.7417,0,0,0,0.00000,0
0.4358,4.4228,2.5702,12.1757,1.2159,0.0222,-1.0516,0,1,0,0.68166,1
0.5506,5.5710,2.3299,11.2950,-3.1046,0.0042,-0.3843,0,0,0,0.00000,1
0.5217,5.6195,2.4559,11.4943,0.9730,0.0200,-0.5729,0,0,0,0.00000,1
0.5356,4.9348,2.2715,11.2844,1.8321,0.0022,-0.3520,0,0,0,0.00000,1
0.4815,5.2464,2.5556,11.4071,2.7694,0.0451,-0.4622,0,0,0,0.00000,3
0.6012,5.5231,2.1318,11.5089,-0.1296,0.0717,-0.7723,0,0,0,0.00000,3
0.4643,4.7047,2.5119,11.4876,0.8412,0.0088,-0.4698,0,0,0,0.00000,1
0.4624,4.8018,2.5424,11.3094,2.1414,0.0512,-0.3573,0,0,0,0.00000,3
0.3941,3.9908,2.6488,12.6966,-2.1844,0.0440,-1.4133,0,1,1,1.66696,1
0.5519,5.1319,2.2464,11.6232,-1.3205,0.0116,-0.7425,0,0,0,0.00000,1
0.3580,3.8961,2.8047,12.0641,3.0878,0.0480,-0.7980,0,0,1,0.48390,3
0.3669,3.8231,2.7343,11.3509,-3.0729,0.0521,-0.2962,0,0,0,0.00000,3
0.5819,5.3044,2.1661,11.4467,-0.4379,0.0266,-0.6139,0,0,0,0.00000,3
0.4536,4.7408,2.5673,11.9318,3.0485,0.0016,-0.8463,0,0,1,0.49938,3
0.4355,4.4094,2.5681,11.9410,-3.0427,0.0136,-0.8293,0,0,1,0.50600,3
0.6562,6.2110,2.0333,11.9188,-0.1607,0.1046,-1.4520,0,0,1,0.29637,1
0.4546,4.7676,2.5692,11.4801,-2.0199,0.0054,-0.4464,0,0,0,0.00000,3
0.4691,4.3621,2.4118,11.8163,-1.6719,0.0105,-0.7805,0,1,0,0.42709,1
0.4059,4.3227,2.6848,12.4451,-1.6628,0.0097,-1.1846,0,0,1,0.88069,1
0.4484,4.4404,2.5187,11.4255,-2.0425,0.0360,-0.4258,0,0,0,0.00000,3
0.3689,3.9523,2.7644,12.6681,-3.0848,0.0421,-1.2931,0,1,1,1.19723,1
0.4732,4.6073,2.4513,11.5164,-2.7210,0.0052,-0.5034,0,0,0,0.00000,3
0.4445,4.8285,2.6294,11.3700,2.7347,0.1345,-0.4880,0,0,0,0.00000,1
0.4997,4.7660,2.3774,11.3726,-2.4312,0.0194,-0.4196,0,0,0,0.00000,1
0.3595,3.9382,2.8102,11.4137,-2.6985,0.1051,-0.3938,0,0,0,0.00000,3
0.3674,3.8304,2.7340,11.2231,2.1695,0.0169,-0.1667,0,0,0,0.00000,1
0.3721,4.0772,2.7860,12.0492,2.9919,0.0913,-0.8764,0,1,0,0.39387,3
0.3909,4.0549,2.6831,11.8664,2.4576,0.0060,-0.6634,0,1,0,0.41217,1
0.4775,5.2384,2.5714,11.3576,-1.6288,0.0136,-0.3749,0,0,0,0.00000,1
0.5406,5.2230,2.3063,11.2747,-2.1574,0.0191,-0.3685,0,0,0,0.00000,1
0.5834,5.9314,2.2617,11.8000,-1.6146,0.0364,-1.0398,0,0,1,0.35051,1
0.4426,4.2565,2.4983,12.0444,1.5224,0.0077,-0.9288,0,0,1,0.55176,1
0.3938,4.0309,2.6618,12.4232,2.6148,0.0380,-1.1683,0,1,0,0.21992,1
0.5737,5.7975,2.2779,12.2576,0.4672,0.0200,-1.5336,0,0,1,0.71157,1
0.5377,5.6742,2.3996,11.5647,2.0972,0.0146,-0.6639,0,0,0,0.00000,3
0.4720,5.0472,2.5547,11.7949,-1.7576,0.0495,-0.8193,0,0,1,0.49631,3
0.4123,4.0886,2.5900,12.2916,-2.4064,0.0363,-1.1086,0,0,1,0.62000,1
0.4531,4.4958,2.5114,11.4261,-2.4720,0.0258,-0.4201,0,0,0,0.00000,3
0.4043,4.3063,2.6881,11.4179,2.9078,0.0902,-0.4304,0,0,0,0.00000,3
0.3892,4.2589,2.7502,11.9943,-2.7397,0.1143,-0.9022,0,1,0,0.29969,3
0.4419,4.3874,2.5339,11.2886,0.0744,0.0040,-0.2643,0,0,0,0.00000,1
0.4988,5.0716,2.4449,12.6656,-0.9265,0.0151,-1.7320,0,0,1,0.38488,1
0.4390,4.2891,2.5223,11.4236,-0.3987,0.0206,-0.3945,0,0,0,0.00000,1
0.3477,3.8393,2.8430,12.9015,2.8568,0.0495,-1.4090,0,1,0,0.18021,0
0.3979,4.2424,2.7017,12.8867,-2.9868,0.0384,-1.5869,2,2,0,1.41460,1
0.4693,4.7136,2.4920,11.5965,1.4335,0.0373,-0.6113,0,0,0,0.00000,3
0.4838,4.8002,2.4498,11.7704,-2.9049,0.0009,-0.7555,0,0,1,0.50667,3
0.4374,4.3744,2.5508,12.7927,-2.9253,0.0239,-1.6359,1,0,0,0.62904,1
0.4968,5.2966,2.4989,11.3388,2.9750,0.0760,-0.4515,0,0,0,0.00000,1
0.3892,4.1985,2.7330,12.7079,-2.9211,0.1063,-1.5018,0,0,1,1.20532,1
0.3593,3.7972,2.7663,12.8214,2.8217,0.1114,-1.4931,0,1,0,1.55320,1
0.4452,4.7550,2.6089,11.6634,-1.5887,0.0053,-0.5941,0,1,0,0.23346,1
0.5052,5.2705,2.4581,11.7170,-0.7570,0.0280,-0.7798,0,1,0,0.20636,1
0.5043,4.9841,2.4040,11.2885,0.8431,0.0436,-0.3724,0,0,0,0.00000,1
0.5173,5.3918,2.4315,11.4230,-1.6952,0.0506,-0.5302,0,0,0,0.00000,3
0.3834,4.0685,2.7247,11.7852,-2.4089,0.0263,-0.6117,0,1,0,0.35984,1
0.4473,4.3380,2.4980,11.2577,1.8813,0.0017,-0.2403,0,0,0,0.00000,3
0.5727,5.8849,2.2960,12.0546,-1.4597,0.0055,-1.2707,0,0,1,0.61004,3
0.5539,5.8014,2.3563,11.4913,1.1719,0.0844,-0.6960,0,0,0,0.00000,3
0.5268,5.0953,2.3360,11.4852,-1.4651,0.0123,-0.5590,0,0,0,0.00000,3
0.3919,4.3052,2.7495,11.3850,-2.9854,0.1020,-0.4041,0,0,0,0.00000,3
0.4920,4.9791,2.4539,11.3305,1.7558,0.0289,-0.3826,0,0,0,0.00000,3
0.5479,5.7055,2.3638,12.1896,-0.3689,0.0226,-1.3822,0,1,0,0.70715,1
0.4542,4.2754,2.4532,11.7204,-2.9164,0.0175,-0.6731,0,0,1,0.41116,1
0.4358,4.5886,2.6119,12.0665,2.3895,0.0604,-1.0052,0,0,1,0.56933,3
0.3720,4.1003,2.7932,12.6375,2.9251,0.0872,-1.3474,0,1,0,1.45170,0
0.4768,4.7148,2.4607,11.3727,0.3501,0.0058,-0.3771,0,0,0,0.00000,3
0.3615,3.9433,2.8009,11.9842,-3.0594,0.1160,-0.8336,0,0,1,0.65739,3
0.3856,4.0632,2.7122,11.3396,2.6504,0.1230,-0.3865,0,0,0,0.00000,3
0.4402,4.5005,2.5699,11.6574,2.3395,0.1158,-0.7158,0,0,0,0.00000,1
0.5113,4.9316,2.3653,11.6237,0.8221,0.0636,-0.7393,0,0,0,0.00000,1
0.3559,3.7934,2.7831,12.9745,2.4806,0.0222,-1.4567,0,1,1,1.96191,1
0.4154,4.0718,2.5709,11.4499,-3.0864,0.0419,-0.4129,0,0,0,0.00000,1
0.3587,3.7881,2.7666,13.0609,2.7855,0.0496,-1.5863,1,1,1,1.98758,1
0.5512,5.4932,2.3138,11.6364,0.3471,0.0507,-0.8077,0,0,0,0.00000,1
0.4392,4.6705,2.6162,11.3727,1.8207,0.0134,-0.3442,0,0,0,0.00000,1
0.4091,4.0428,2.5922,11.7169,3.0078,0.0037,-0.5742,0,1,0,0.27556,3
0.4513,4.6100,2.5467,11.7735,1.6857,0.0066,-0.7036,0,0,0,0.00000,3
0.5836,5.6011,2.2083,11.8738,0.8102,0.0024,-1.0783,0,0,1,0.26436,1
0.4226,4.4500,2.6384,11.3321,-1.4189,0.0156,-0.2953,0,0,0,0.00000,1
0.5637,5.3936,2.2482,11.4091,-0.3476,0.0556,-0.5832,0,0,0,0.00000,1
0.4075,4.2990,2.6703,12.9425,-2.4658,0.0375,-1.6764,0,1,1,1.69665,1
0.5035,5.1095,2.4330,11.9146,-2.5790,0.0217,-0.9677,0,1,0,0.55259,1
0.5401,5.3217,2.3262,11.4847,-1.4005,0.0346,-0.6059,0,0,0,0.00000,3
0.3365,3.6659,2.8474,11.6615,-3.0843,0.1051,-0.5381,0,1,0,0.28956,3
0.4812,5.1659,2.5395,11.3771,-2.9696,0.0755,-0.4691,0,0,0,0.00000,1
0.4615,4.3306,2.4361,11.9074,-0.9007,0.0113,-0.8507,0,1,0,0.48565,1
0.3822,4.1028,2.7409,11.5562,-2.5711,0.1531,-0.5851,0,0,0,0.00000,3
0.4361,4.6655,2.6293,12.5021,2.3628,0.0320,-1.3688,0,0,0,0.00000,1
0.3937,4.2836,2.7347,12.4278,-2.4769,0.0160,-1.1405,0,1,0,1.08261,1
0.4871,4.9176,2.4615,11.4691,0.5190,0.0113,-0.4868,0,0,0,0.00000,1
0.3978,4.1021,2.6628,11.4303,-3.0672,0.1113,-0.4572,0,0,0,0.00000,1
0.4600,4.4318,2.4663,11.4347,2.2437,0.0295,-0.4405,0,0,0,0.00000,1
0.4007,4.1595,2.6648,12.2708,2.4813,0.0088,-1.0191,0,0,0,0.00000,1
0.4820,4.9961,2.5000,11.2788,3.1043,0.0181,-0.3115,0,0,0,0.00000,3
0.3469,3.7118,2.8054,12.4249,-2.5074,0.0584,-1.0524,0,0,2,0.90652,1
0.6354,6.1060,2.0937,11.3962,-0.8324,0.0234,-0.6307,0,0,0,0.00000,1
0.5146,5.4340,2.4509,12.0400,-2.8144,0.0193,-1.1228,0,1,0,0.45999,3
0.3815,4.0697,2.7347,11.8665,-2.9563,0.0816,-0.7406,0,0,1,0.21759,3
0.4379,4.5294,2.5872,12.9358,-2.9296,0.0115,-1.7560,0,1,0,1.53184,1
0.3929,4.0088,2.6596,11.6756,-3.0687,0.0988,-0.6313,0,1,0,0.23336,1
0.4072,4.1959,2.6435,12.1354,-1.4992,0.0191,-0.9370,0,0,1,0.77060,1
0.4500,4.2413,2.4625,11.3150,-1.4618,0.0082,-0.2988,0,0,0,0.00000,3
0.3945,4.3250,2.7420,11.9148,-2.8872,0.0106,-0.7160,0,0,1,0.45151,1
0.4811,4.8339,2.4685,11.9123,1.6375,0.0101,-0.8993,1,1,1,0.90554,3
0.4445,4.2782,2.4952,11.4967,-2.8066,0.0058,-0.4464,0,0,0,0.00000,3
0.4262,4.2990,2.5824,11.7350,-2.9382,0.0318,-0.6548,0,1,0,0.41823,3
0.5072,5.3030,2.4563,13.1097,3.0542,0.0203,-2.2723,0,1,0,1.69384,1
0.3757,4.1481,2.7881,11.3975,-2.9319,0.0827,-0.3740,0,0,0,0.00000,2
0.5138,5.3246,2.4331,11.4684,-1.0195,0.0205,-0.5349,0,0,0,0.00000,1
0.4129,4.1474,2.6033,11.3811,-1.7814,0.0211,-0.3304,0,0,0,0.00000,3
0.5807,5.5377,2.2090,11.3251,0.5747,0.0162,-0.4650,0,0,0,0.00000,3
0.4890,4.6082,2.3868,11.3638,-0.4309,0.0553,-0.4407,0,0,0,0.00000,1
0.5011,4.9863,2.4178,11.6313,-0.7496,0.0245,-0.6812,0,0,0,0.00000,1
0.4776,4.9638,2.5118,11.3650,-2.0573,0.0327,-0.4033,0,0,0,0.00000,3
0.4333,4.5522,2.6143,12.1450,2.2855,0.1092,-1.1374,0,0,1,0.78603,1
0.3723,3.8786,2.7239,11.6277,2.8017,0.0365,-0.4863,0,1,0,0.26077,3
0.4096,4.2550,2.6485,12.8230,3.0244,0.0463,-1.5900,0,1,2,1.22845,1
0.4590,4.9163,2.5838,11.3991,2.3743,0.0310,-0.4105,0,0,0,0.00000,3
0.4581,4.3772,2.4614,11.5261,-1.3587,0.0055,-0.4905,0,0,0,0.00000,3
0.4855,4.4971,2.3763,11.5786,-1.3457,0.0245,-0.6026,0,0,0,0.00000,3
0.3976,4.2117,2.6945,12.0860,-3.0802,0.0249,-0.8802,0,1,0,0.70002,3
0.4179,4.0890,2.5645,11.3402,3.0868,0.0120,-0.2922,0,0,0,0.00000,3
0.4003,4.3868,2.7301,12.0630,2.4608,0.0948,-0.9602,0,0,1,0.44457,3
0.3370,3.6907,2.8532,12.3340,3.1147,0.1774,-1.1208,0,1,1,0.98462,1
0.4976,4.6101,2.3527,11.6930,1.7177,0.0331,-0.7452,0,0,1,0.13909,1
0.4543,4.8498,2.5895,11.4969,3.0776,0.0330,-0.4940,0,0,0,0.00000,3
0.4555,4.6072,2.5275,11.8737,2.5905,0.0240,-0.8254,0,0,1,0.40392,3
0.3669,3.8414,2.7400,11.9397,1.7682,0.0393,-0.7133,0,0,1,0.62452,1
0.4494,4.7754,2.5944,11.2759,2.3910,0.0468,-0.3101,0,0,0,0.00000,3
0.4489,4.7588,2.5926,13.1126,-3.1067,0.0206,-1.9982,0,0,1,1.48451,1
0.5098,5.2727,2.4394,11.5776,-2.3968,0.0380,-0.6597,0,0,1,0.15350,1
0.4563,4.8701,2.5853,11.5093,2.6378,0.0703,-0.5523,0,0,0,0.00000,3
0.5209,4.8317,2.3075,11.2874,-0.3050,0.0608,-0.4083,0,0,0,0.00000,1
0.4699,5.0798,2.5713,11.8964,-3.0238,0.0768,-0.9477,0,1,0,0.39329,1
0.4618,5.0573,2.6027,11.4653,2.9316,0.0935,-0.5476,0,0,0,0.00000,1
0.4017,4.3308,2.7077,12.3754,-1.8058,0.0236,-1.1319,0,1,0,0.98622,1
0.4322,4.7584,2.6706,12.9420,-1.9339,0.0234,-1.7590,1,1,0,1.54142,0
0.4280,4.5639,2.6417,11.3879,-2.6262,0.1564,-0.5099,0,0,0,0.00000,1
0.4656,4.6713,2.4983,11.4005,-2.7895,0.0354,-0.4241,0,0,0,0.00000,1
0.4008,4.2814,2.6983,11.3854,2.7474,0.1625,-0.4837,0,0,0,0.00000,1
0.4368,4.5866,2.6068,12.4772,2.8633,0.0045,-1.3061,0,1,0,0.91200,1
0.4781,4.3932,2.3826,11.4824,-0.6891,0.0040,-0.4761,0,0,0,0.00000,3
0.4028,4.2499,2.6797,11.5719,3.0388,0.0069,-0.4531,0,1,0,0.27392,1
0.4513,4.6596,2.5584,11.4250,-2.2188,0.1223,-0.5310,0,0,0,0.00000,1
0.4296,4.5911,2.6412,12.1679,3.0981,0.0187,-1.0242,0,0,1,0.76420,3
0.3283,3.6215,2.8791,11.8954,3.0305,0.2223,-0.8316,0,1,1,0.39536,0
0.3718,4.0477,2.7784,12.4935,-2.6506,0.0143,-1.1213,0,1,0,1.26845,1
0.6193,5.7838,2.1063,11.5110,0.5135,0.0741,-0.8081,0,0,0,0.00000,3
0.5355,5.0108,2.2861,11.5048,1.1103,0.0232,-0.6047,0,1,0,0.16529,3
0.5057,5.2631,2.4546,11.5632,-2.9232,0.0435,-0.6456,0,0,0,0.00000,1
0.5046,5.3875,2.4839,11.8382,2.3643,0.0353,-0.9115,0,1,0,0.30504,3
0.5147,5.5056,2.4642,11.5264,1.0669,0.0625,-0.6460,0,0,0,0.00000,1
0.4492,4.4322,2.5128,11.5372,-1.8177,0.0624,-0.5570,0,0,1,0.21363,3
0.3947,4.1646,2.6958,12.4777,2.9724,0.0660,-1.2590,0,1,0,1.17079,1
0.4819,4.8199,2.4620,11.9954,-0.8616,0.0460,-1.0309,0,1,0,0.27309,1
0.3520,3.8093,2.8096,12.6325,-3.0395,0.0438,-1.2065,0,1,0,1.23424,1
0.5075,4.6383,2.3198,11.9760,1.0458,0.0167,-1.0297,0,0,2,0.67053,1
0.4156,4.1697,2.5967,11.3617,0.2488,0.0034,-0.2975,0,0,0,0.00000,1
0.4792,5.1563,2.5466,12.8889,-2.5982,0.0197,-1.9013,0,1,1,0.76973,1
0.4086,4.4734,2.7120,13.3621,-2.1185,0.0172,-2.0360,0,1,0,0.20535,1
0.4541,4.5692,2.5246,12.0449,1.9784,0.0389,-1.0011,0,1,0,0.51995,3
0.4584,4.4327,2.4735,11.4043,2.8130,0.0325,-0.4149,0,0,0,0.00000,1
0.4153,4.3553,2.6479,12.2507,2.8312,0.0223,-1.0626,0,1,0,1.03907,3
0.4451,4.7760,2.6141,12.8017,2.0703,0.0109,-1.6560,0,1,0,1.62560,1
0.5610,5.5616,2.2874,12.5659,2.1821,0.0059,-1.8364,0,1,0,1.20424,1
0.4517,4.2978,2.4694,12.2871,1.1552,0.0206,-1.1957,0,1,1,0.87894,1
0.4473,4.3324,2.4966,11.3047,-0.5825,0.0103,-0.2901,0,0,0,0.00000,1
0.5679,5.6671,2.2785,11.9775,0.5532,0.0060,-1.1680,0,1,0,0.28460,3
0.4771,4.5595,2.4242,11.8515,2.7529,0.0169,-0.8394,0,0,1,0.52230,1
0.3559,3.8449,2.7998,11.3075,-2.1594,0.0548,-0.2585,0,0,0,0.00000,1
0.5040,5.4265,2.4943,13.1483,2.2117,0.0361,-2.3313,0,1,0,2.01367,1
0.5561,5.7220,2.3339,13.0514,-0.4681,0.0164,-2.4291,1,1,0,0.83332,1
0.3970,4.1131,2.6700,11.2649,2.8458,0.0208,-0.2245,0,0,0,0.00000,3
0.4317,4.5149,2.6121,11.3760,-1.2896,0.0043,-0.3280,0,0,0,0.00000,1
0.4531,4.7800,2.5789,11.8153,0.5196,0.0029,-0.7410,0,1,0,0.53606,1
0.5581,5.7398,2.3293,11.6077,-0.4322,0.0434,-0.7800,0,0,0,0.00000,1
0.4739,4.7370,2.4779,12.8746,0.6366,0.0150,-1.8527,1,1,0,1.41313,1
0.3683,4.0080,2.7849,12.3834,2.6894,0.0271,-1.0417,0,0,1,0.71246,1
0.4574,4.7300,2.5477,11.6404,-2.7425,0.0506,-0.6491,0,1,0,0.29392,1
0.3725,3.9746,2.7525,11.9587,2.7435,0.1776,-0.9180,0,1,0,0.44592,1
0.4821,4.7379,2.4435,11.5372,-0.8016,0.0316,-0.5681,0,0,0,0.00000,1
0.5152,5.4008,2.4418,11.4879,-0.0067,0.0182,-0.5540,0,0,0,0.00000,1
0.5018,4.6885,2.3527,11.7312,-1.8135,0.0336,-0.7919,0,0,1,0.33383,1
0.4988,5.2525,2.4817,11.4045,1.4307,0.0329,-0.4669,0,0,0,0.00000,3
0.3991,4.1641,2.6740,11.3310,1.6277,0.0261,-0.2829,0,0,0,0.00000,1
0.4256,4.3631,2.6017,12.6600,2.4967,0.0375,-1.4871,0,0,1,1.41112,1
0.5349,5.0164,2.2897,12.2045,0.3160,0.0032,-1.3273,0,0,1,0.65858,1
0.3521,3.8708,2.8291,13.0879,-2.6675,0.1319,-1.7193,0,1,1,1.95475,1
0.4828,4.6423,2.4192,12.0019,1.8148,0.0323,-1.0198,0,0,1,0.57434,1
0.4634,4.5259,2.4741,12.5902,2.7854,0.0076,-1.5088,0,0,1,1.26549,1
0.4061,4.2270,2.6575,11.7243,1.4964,0.0287,-0.6068,0,1,0,0.25268,1
0.4990,5.2647,2.4833,12.4658,2.1204,0.0391,-1.5571,0,1,1,0.77407,1
0.3578,3.9160,2.8124,13.2788,2.3817,0.0270,-1.7214,0,0,2,0.59738,1
0.4989,4.6760,2.3617,12.5640,-1.1156,0.0217,-1.6305,0,1,1,1.23248,1
0.5543,5.0179,2.2172,11.3183,0.7522,0.0520,-0.4672,0,0,0,0.00000,3
0.4103,4.1624,2.6196,11.3580,-2.3757,0.1058,-0.4069,0,0,0,0.00000,1
0.4700,4.3576,2.4072,11.6118,0.8829,0.0558,-0.6483,0,0,0,0.00000,1
0.4342,4.5910,2.6195,11.5676,-3.0962,0.0910,-0.5965,0,0,0,0.00000,1
0.4277,4.6798,2.6724,12.2654,-2.9006,0.0936,-1.2111,0,1,0,0.69556,1
0.4457,4.5314,2.5528,11.2571,1.4480,0.0049,-0.2425,0,0,0,0.00000,1
0.4916,4.9846,2.4567,11.5150,-2.6658,0.0149,-0.5414,0,0,0,0.00000,3
0.3734,4.1085,2.7882,13.2869,3.1383,0.0436,-1.8369,0,1,1,1.94822,1
0.5733,5.2437,2.1872,12.3787,-0.6597,0.0044,-1.6467,0,0,1,0.77414,1
0.5000,4.7499,2.3730,11.5230,0.8183,0.0640,-0.6202,0,0,0,0.00000,1
0.4958,5.4052,2.5253,12.9136,-1.5333,0.0060,-1.9773,0,1,1,1.18215,1
0.4776,5.0464,2.5298,11.3779,-1.3398,0.0402,-0.4243,0,0,0,0.00000,1
0.4189,4.1774,2.5838,11.3436,-3.0550,0.0296,-0.3163,0,0,0,0.00000,3
0.4748,4.9397,2.5187,11.3114,2.2661,0.0616,-0.3843,0,0,0,0.00000,3
0.5215,5.2444,2.3858,11.2862,1.9973,0.0126,-0.3528,0,0,0,0.00000,3
0.4882,5.2497,2.5266,11.5361,1.9694,0.0689,-0.6229,0,0,0,0.00000,3
0.4886,4.5979,2.3858,11.3805,2.2666,0.0013,-0.3920,0,0,0,0.00000,1
0.4209,4.2322,2.5892,11.4468,2.8729,0.0744,-0.4554,0,0,0,0.00000,1
0.4229,4.1365,2.5546,12.4136,1.4001,0.0162,-1.2185,0,0,1,0.83262,1
0.5258,4.9312,2.3082,11.7004,-0.0717,0.0221,-0.7910,0,1,0,0.16495,3
0.4646,4.3616,2.4305,11.2964,-0.7431,0.0022,-0.2902,0,0,0,0.00000,3
0.5309,5.4674,2.3899,11.7023,1.3103,0.0545,-0.8467,0,0,0,0.00000,3
0.3405,3.7338,2.8482,12.0493,3.1066,0.1956,-0.9380,0,1,0,0.65213,1
0.4894,4.6221,2.3879,11.3834,-1.3177,0.0120,-0.4084,0,0,0,0.00000,3
0.4285,4.4059,2.5996,11.5320,2.7118,0.0003,-0.4489,0,1,0,0.24752,1
0.3789,4.0038,2.7282,11.3038,-2.0573,0.0467,-0.2671,0,0,0,0.00000,1
0.3780,4.0137,2.7358,11.2744,-2.4387,0.0547,-0.2538,0,0,0,0.00000,3
0.5100,5.5396,2.4905,13.1386,2.2637,0.0131,-2.3077,1,1,0,1.68307,1
0.5062,5.3444,2.4684,12.3226,1.9933,0.0300,-1.4143,0,1,0,0.50087,3
0.4454,4.4634,2.5375,11.8986,-0.5716,0.0101,-0.8082,0,1,0,0.61454,1
0.4563,4.5402,2.5080,11.8225,2.7554,0.0347,-0.7935,0,1,0,0.25566,1
0.5057,4.5830,2.3154,11.6907,-0.3267,0.0832,-0.8218,0,0,0,0.00000,1
0.3847,4.2250,2.7636,12.1003,-3.0783,0.1068,-0.9687,0,0,1,0.50245,3
0.4474,4.4635,2.5284,11.5062,-2.3006,0.0124,-0.4672,0,0,0,0.00000,3
0.5163,4.8445,2.3277,11.6308,1.1242,0.0248,-0.7057,0,0,0,0.00000,3
0.4130,4.4385,2.6811,11.4352,1.7877,0.0331,-0.3885,0,0,0,0.00000,1
0.4946,5.3116,2.5116,11.9395,1.6671,0.0137,-0.9637,0,0,1,0.49488,3
0.5091,5.4250,2.4722,12.8804,2.5960,0.0429,-2.0602,0,1,0,1.34054,1
0.5069,4.8870,2.3735,11.8815,-1.9201,0.0075,-0.9210,0,0,1,0.53880,1
0.4478,4.5548,2.5491,11.3715,-1.8250,0.0034,-0.3406,0,0,0,0.00000,3
0.3907,4.3096,2.7570,11.4301,3.0796,0.0497,-0.3776,0,0,0,0.00000,2
0.4863,4.9390,2.4693,11.5025,-1.3600,0.0216,-0.5299,0,0,0,0.00000,3
0.5825,5.8747,2.2564,11.3910,-1.6601,0.0011,-0.5245,0,0,0,0.00000,3
0.4304,4.7345,2.6733,11.4468,2.8887,0.0297,-0.4156,0,0,0,0.00000,3
0.4960,5.4627,2.5361,11.5314,1.9157,0.0114,-0.5614,0,0,0,0.00000,0
0.6318,6.0537,2.0997,11.4246,-0.7969,0.0223,-0.6585,0,0,0,0.00000,1
0.3722,3.8950,2.7295,11.2813,-2.6024,0.0142,-0.2085,0,0,0,0.00000,1
0.5451,5.3190,2.3063,11.6043,-2.2002,0.0209,-0.7238,0,0,1,0.27514,1
0.4262,4.3658,2.5995,11.9501,2.1490,0.0487,-0.8629,0,1,0,0.65422,3
0.4663,4.9272,2.5535,11.4110,-2.5787,0.1091,-0.5216,0,0,0,0.00000,1
0.4671,4.9351,2.5515,11.4656,-0.9949,0.0208,-0.4687,0,0,0,0.00000,1
0.4594,4.4280,2.4680,11.5207,-1.0015,0.0426,-0.5327,0,0,0,0.00000,1
0.5221,5.6331,2.4571,11.7965,-1.2946,0.0575,-0.9340,0,1,0,0.19853,1
0.4065,4.2973,2.6746,12.4623,2.7932,0.0457,-1.2545,0,1,1,1.12662,1
0.4452,4.2372,2.4820,11.2360,1.5814,0.0053,-0.2238,0,0,0,0.00000,3
0.4133,4.3511,2.6564,11.4539,2.1296,0.0375,-0.4089,0,0,0,0.00000,3
0.3764,3.9685,2.7302,12.0006,-2.6217,0.0877,-0.8439,0,0,2,0.63851,3
0.4968,5.3609,2.5119,11.5546,-2.3241,0.0241,-0.6002,0,0,0,0.00000,3
0.4562,4.5121,2.5019,11.3359,2.9315,0.0059,-0.3213,0,0,0,0.00000,3
0.4511,4.4862,2.5176,11.8878,-2.9287,0.0289,-0.8352,0,0,1,0.19309,1
0.5138,5.3548,2.4388,12.1597,1.0062,0.0460,-1.2846,1,1,0,0.68126,1
0.3386,3.7137,2.8520,11.3326,2.7332,0.2710,-0.5028,0,0,0,0.00000,1
0.4169,4.1956,2.5980,12.6981,-2.7280,0.0324,-1.4813,0,0,1,1.26617,1
0.3755,4.0423,2.7573,12.7219,-2.5239,0.0526,-1.3781,0,1,0,1.48471,1
0.4039,4.0365,2.6151,11.6182,-2.6016,0.0877,-0.5888,0,1,0,0.31236,1
0.5013,5.3953,2.4994,11.5615,1.0576,0.0395,-0.6327,0,0,0,0.00000,1
0.3601,3.8097,2.7661,12.7190,-2.8167,0.0116,-1.2538,0,0,0,0.00000,1
0.3897,3.9690,2.6641,12.3840,2.5329,0.1002,-1.2134,0,1,0,0.75086,1
0.4983,5.1276,2.4582,11.4491,2.7409,0.0272,-0.5023,0,0,0,0.00000,1
0.3836,4.0545,2.7196,12.4971,2.8376,0.0250,-1.1782,1,1,0,0.59554,1
0.3801,4.1470,2.7647,11.6694,-2.5177,0.1260,-0.6380,0,1,0,0.19912,3
0.5699,5.4939,2.2421,12.1641,-1.2474,0.0267,-1.4183,0,0,2,0.52174,1
0.5004,5.1827,2.4605,11.3701,2.7694,0.0180,-0.4179,0,0,0,0.00000,3
0.4105,4.0472,2.5870,11.3199,-1.7632,0.0199,-0.2778,0,0,0,0.00000,3
0.4023,4.3620,2.7130,12.5820,2.5102,0.0521,-1.3550,0,0,1,1.15557,1
0.4728,4.5061,2.4299,11.7816,-1.8595,0.0023,-0.7453,0,0,1,0.41140,3
0.5069,4.8378,2.3635,11.6328,1.6014,0.0069,-0.6694,0,0,0,0.00000,3
0.5071,4.5829,2.3099,11.5449,0.7690,0.0160,-0.5923,0,0,0,0.00000,3
0.4614,4.3232,2.4347,11.3807,0.0302,0.0148,-0.3761,0,0,0,0.00000,1
0.5811,5.9486,2.2733,11.7351,0.6755,0.0674,-0.9996,0,0,0,0.00000,1
0.4678,4.4331,2.4338,11.5509,0.1852,0.0376,-0.5662,0,0,0,0.00000,1
0.4539,4.8209,2.5848,12.0253,-3.0519,0.0677,-1.0216,0,1,0,0.34961,1
0.4517,4.5616,2.5331,11.4230,-0.0566,0.0082,-0.3954,0,0,0,0.00000,1
0.4822,5.0573,2.5121,11.5275,3.0761,0.0550,-0.5885,0,0,0,0.00000,1
0.4592,4.9842,2.5979,12.5898,-2.4202,0.0370,-1.5426,0,1,0,1.23306,1
0.4829,4.4173,2.3687,11.2760,-0.8385,0.0100,-0.2985,0,0,0,0.00000,3
0.3947,4.0415,2.6608,11.3586,2.9009,0.1000,-0.3843,0,0,0,0.00000,1
0.4951,4.8976,2.4237,11.4301,1.4637,0.0100,-0.4584,0,0,0,0.00000,3
0.5893,5.7144,2.2053,11.3439,0.7095,0.0028,-0.4813,0,0,0,0.00000,1
0.4610,4.7827,2.5441,12.4245,3.0836,0.0469,-1.3988,0,1,0,1.06686,1
0.4278,4.4752,2.6204,11.5521,1.6490,0.0506,-0.5251,0,0,0,0.00000,1
0.3977,4.0231,2.6406,11.2923,-1.2687,0.0027,-0.2253,0,0,0,0.00000,1
0.5308,4.9211,2.2870,12.4229,-1.1419,0.0214,-1.5850,0,0,3,0.65924,1
0.3865,3.9404,2.6713,12.8718,1.9185,0.0259,-1.5054,1,1,0,1.03562,1
0.4901,5.1708,2.5018,11.7896,0.8268,0.0217,-0.8150,0,0,1,0.26347,1
0.4808,4.8760,2.4792,12.6731,-1.1575,0.0106,-1.6638,1,1,1,1.38771,1
0.6637,6.2353,2.0100,11.7230,-0.5485,0.1103,-1.2126,0,0,0,0.00000,3
0.4335,4.2960,2.5484,11.4387,-2.6220,0.0429,-0.4270,0,0,0,0.00000,1
0.5596,5.2348,2.2362,11.3414,-0.6983,0.0732,-0.5246,0,0,0,0.00000,3
0.4228,4.2956,2.5971,11.3522,-2.4668,0.0317,-0.3300,0,0,0,0.00000,3
0.4223,4.4779,2.6468,12.2586,1.7795,0.0421,-1.1173,0,1,0,1.01004,1
0.5199,5.1388,2.3718,11.6025,1.9933,0.0198,-0.6780,0,0,1,0.19502,1
0.5333,4.9567,2.2843,11.6660,1.2063,0.0021,-0.7427,0,0,0,0.00000,1
0.4982,4.6310,2.3548,11.3336,0.4426,0.0095,-0.3682,0,0,0,0.00000,3
0.4874,5.2173,2.5233,11.3129,-2.0936,0.0201,-0.3516,0,0,0,0.00000,3
0.5742,5.5988,2.2433,11.4657,0.0858,0.0761,-0.6869,0,0,0,0.00000,1
0.5615,5.3335,2.2461,11.2901,-0.7958,0.0273,-0.4173,0,0,0,0.00000,3
0.5074,5.4456,2.4833,11.7980,-2.1912,0.0928,-0.9502,0,0,1,0.15359,1
0.3692,3.9839,2.7725,12.2423,-2.2087,0.0381,-0.9493,0,1,1,0.79095,1
0.5133,5.4059,2.4507,11.3401,-1.0295,0.0111,-0.3962,0,0,0,0.00000,1
0.4189,4.1465,2.5753,11.9661,-1.2512,0.0043,-0.8011,0,0,4,0.96462,1
0.4169,4.5770,2.6984,11.9084,2.3887,0.0257,-0.7777,0,1,0,0.41807,1
0.4582,4.2919,2.4403,11.4567,0.7687,0.0276,-0.4550,0,0,0,0.00000,3
0.4148,4.5303,2.6965,12.1194,2.6001,0.0302,-0.9589,0,0,2,0.51506,3
0.5480,5.3078,2.2930,11.3836,-0.5734,0.0884,-0.5743,0,0,0,0.00000,1
0.4171,4.1917,2.5959,11.3224,0.4933,0.0069,-0.2715,0,0,0,0.00000,1
0.4313,4.2594,2.5487,12.6448,2.9182,0.0077,-1.4456,0,0,1,1.38546,1
0.4996,4.5849,2.3395,11.4588,1.3386,0.0562,-0.5465,0,0,0,0.00000,3
0.4980,4.5357,2.3351,11.3561,-0.4034,0.0734,-0.4650,0,0,0,0.00000,1
0.4583,4.4804,2.4852,11.3616,-1.0482,0.0038,-0.3436,0,0,0,0.00000,3
0.4646,4.8560,2.5447,12.0047,2.9928,0.0233,-0.9686,0,0,1,0.51471,3
0.5762,5.3396,2.1927,11.3308,-0.5780,0.0204,-0.4701,0,0,0,0.00000,3
0.3933,3.9687,2.6462,11.3328,-2.2921,0.0206,-0.2723,0,0,0,0.00000,3
0.3784,4.1783,2.7829,12.9157,1.9814,0.0270,-1.5116,0,1,2,1.50975,0
0.3880,4.1351,2.7210,11.9597,2.7662,0.0151,-0.7430,0,0,1,0.35837,1
0.3662,4.0251,2.8009,11.3907,2.6218,0.0991,-0.3775,0,0,0,0.00000,3
0.4309,4.7062,2.6639,12.9021,-2.6409,0.0391,-1.7410,0,1,1,1.36927,1
0.4199,4.1596,2.5743,11.4695,-2.9718,0.0338,-0.4250,0,0,0,0.00000,1
0.4294,4.1640,2.5326,11.3537,-2.7129,0.0438,-0.3517,0,0,0,0.00000,1
0.4998,4.6235,2.3468,12.3370,0.6233,0.0102,-1.3744,0,1,1,1.09820,1
0.3582,3.8743,2.7966,13.2285,-2.7282,0.0153,-1.6608,1,1,0,1.88562,1
0.3980,3.9841,2.6278,11.2729,2.1633,0.0796,-0.2976,0,0,0,0.00000,3
0.5778,5.3132,2.1825,12.1405,-0.4497,0.0886,-1.5023,0,1,0,0.75759,1
0.4656,4.4198,2.4398,11.9090,-1.7542,0.0265,-0.8821,0,1,0,0.35988,1
0.5467,5.3085,2.2983,11.3532,-1.6541,0.0322,-0.4729,0,0,0,0.00000,1
0.5055,5.4582,2.4940,11.3747,-3.0036,0.0663,-0.4858,0,0,0,0.00000,1
0.4713,4.9854,2.5442,11.6106,-2.7469,0.0201,-0.6075,0,0,0,0.00000,3
0.6317,6.0109,2.0940,11.4026,0.8760,0.0197,-0.6281,0,0,0,0.00000,1
0.4350,4.5243,2.5996,11.8135,-2.2516,0.0653,-0.7824,0,0,1,0.15161,3
0.4279,4.1927,2.5467,12.6793,2.8032,0.0206,-1.4858,0,1,0,0.86740,1
0.3605,3.9278,2.8015,12.3743,2.8187,0.1555,-1.1923,0,1,0,1.19027,1
0.4652,4.2962,2.4124,11.7330,2.0439,0.0067,-0.6904,0,1,0,0.25973,1
0.4757,4.5695,2.4325,11.3323,-0.9573,0.0340,-0.3714,0,0,0,0.00000,3
0.4752,4.8436,2.4959,11.2411,3.1385,0.0120,-0.2634,0,0,0,0.00000,3
0.3566,3.7776,2.7744,13.1410,2.5584,0.0523,-1.6479,1,1,1,1.36141,1
0.5225,5.2933,2.3912,12.3002,0.2914,0.0046,-1.4016,0,0,1,0.74277,1
0.4723,4.8154,2.5022,11.2883,-1.4539,0.0194,-0.3117,0,0,0,0.00000,3
0.4675,5.0944,2.5854,11.4859,2.3316,0.1146,-0.5994,0,0,0,0.00000,3
0.5070,5.4487,2.4856,11.6797,2.4499,0.0828,-0.8147,0,0,0,0.00000,1
0.4260,4.6230,2.6665,12.7349,-2.7300,0.0092,-1.5142,1,1,0,1.19496,1
0.4345,4.4042,2.5715,11.3967,0.7385,0.0141,-0.3593,0,0,0,0.00000,1
0.5472,5.0163,2.2430,12.1184,-0.4541,0.0056,-1.2685,0,0,1,0.49339,1
0.4176,4.2988,2.6224,11.4136,-2.3750,0.0034,-0.3414,0,0,0,0.00000,1
0.5761,5.8327,2.2744,12.1102,-1.7076,0.0268,-1.3748,0,0,1,0.62798,1
0.3462,3.7703,2.8284,11.8310,-2.4942,0.1451,-0.7240,0,1,0,0.38117,3
0.5180,5.0241,2.3570,11.8709,0.7835,0.0747,-1.0244,0,1,0,0.20371,1
0.4336,4.5590,2.6143,11.9597,-2.9603,0.0917,-0.9447,0,1,0,0.43998,1
0.4155,4.1275,2.5857,11.7465,1.6442,0.0121,-0.6204,1,1,1,0.80043,3
0.4199,4.3589,2.6274,11.5667,2.8320,0.0184,-0.4871,0,1,0,0.31151,3
0.5932,5.9393,2.2257,11.5627,2.5647,0.0020,-0.7373,0,0,0,0.00000,1
0.4949,5.4532,2.5389,11.7267,2.8194,0.0268,-0.7698,0,1,0,0.46796,2
0.4282,4.3194,2.5786,11.2524,0.2569,0.0045,-0.2226,0,0,0,0.00000,1
0.4342,4.6640,2.6378,11.5340,-2.6052,0.1410,-0.6270,0,0,0,0.00000,1
0.4227,4.5689,2.6682,12.1068,-2.4405,0.1306,-1.1032,0,0,1,0.37157,1
0.4516,4.4363,2.5036,11.7497,-0.5907,0.0062,-0.6813,0,1,0,0.21196,1
0.4065,4.4671,2.7207,11.3888,-2.3205,0.0199,-0.3291,0,0,0,0.00000,1
0.5222,5.5930,2.4489,11.7104,-2.1959,0.0089,-0.7822,0,0,1,0.26194,3
0.4122,4.2604,2.6373,12.3029,2.4717,0.0773,-1.1772,0,1,0,1.05313,1
0.4074,4.4772,2.7190,13.3289,2.2298,0.0159,-1.9960,0,2,2,2.00860,1
0.4863,4.4521,2.3629,12.0648,2.4031,0.0004,-1.0445,0,0,1,0.37902,1
0.4619,4.9873,2.5864,11.3236,-2.1903,0.0186,-0.3325,0,0,0,0.00000,3
0.4101,4.1751,2.6240,12.3545,-2.1797,0.0056,-1.1126,0,1,0,0.18297,1
0.4658,4.4868,2.4547,11.2846,2.2227,0.0349,-0.3191,0,0,0,0.00000,1
0.4141,4.2151,2.6159,11.9202,2.9335,0.0342,-0.7916,0,1,0,0.28399,3
0.4374,4.6932,2.6300,11.3003,2.1448,0.0142,-0.2823,0,0,0,0.00000,1
0.4941,5.0660,2.4634,12.0035,-2.1913,0.0297,-1.0470,0,1,0,0.35043,3
0.4745,5.0713,2.5491,11.4906,0.6020,0.0050,-0.4831,0,0,0,0.00000,1
0.6378,5.8494,2.0501,11.4012,-0.8409,0.0270,-0.6428,0,0,0,0.00000,1
0.4355,4.1713,2.5076,11.3117,2.7998,0.0423,-0.3210,0,0,0,0.00000,1
0.3683,4.0585,2.8002,13.0561,2.2937,0.0377,-1.6040,0,0,0,0.00000,0
0.3822,4.0953,2.7385,11.5444,-2.8230,0.0467,-0.4503,0,1,0,0.27005,3
0.3555,3.8671,2.8089,11.4321,-2.9735,0.1745,-0.4822,0,0,0,0.00000,3
0.5595,5.1929,2.2290,11.9796,-0.7885,0.0517,-1.2098,0,0,1,0.27403,1
0.4006,3.9947,2.6185,11.7330,2.6689,0.0705,-0.6560,0,0,1,0.32233,0
0.4467,4.3402,2.5013,11.3031,1.4401,0.0003,-0.2767,0,0,0,0.00000,3
0.5289,5.0414,2.3176,11.4092,-0.8721,0.0533,-0.5333,0,0,0,0.00000,3
0.4469,4.7241,2.5935,11.4274,-3.0007,0.0025,-0.3873,0,0,0,0.00000,3
0.3524,3.8756,2.8291,12.4808,2.8244,0.0952,-1.1652,0,1,1,1.28873,3
0.5872,5.7400,2.2173,12.6060,1.5672,0.0033,-1.9784,1,1,1,2.26066,1
0.5572,5.3773,2.2701,12.0373,0.5666,0.0145,-1.2193,0,0,1,0.49466,1
0.4437,4.7001,2.6026,11.8018,2.9509,0.0057,-0.7139,0,1,0,0.21889,3
0.5556,5.6845,2.3297,11.4949,-1.3478,0.0055,-0.6056,0,0,0,0.00000,3
0.4891,4.4848,2.3589,11.4230,-2.0099,0.0137,-0.4468,0,0,0,0.00000,1
0.3940,4.0702,2.6723,13.0621,1.5435,0.0113,-1.6785,0,0,2,0.90407,1
0.4212,4.5476,2.6699,11.3656,-2.5757,0.0369,-0.3457,0,0,0,0.00000,3
0.5046,5.1528,2.4370,11.3967,-0.0713,0.0107,-0.4399,0,0,0,0.00000,1
0.4994,4.5762,2.3383,11.4481,-1.3170,0.0297,-0.5036,0,0,0,0.00000,3
0.3789,4.0852,2.7528,11.3418,2.4125,0.0758,-0.3280,0,0,0,0.00000,3
0.5101,5.4507,2.4728,12.2882,-3.0390,0.0160,-1.3698,0,1,0,0.65115,3
0.4700,4.5437,2.4504,11.3877,1.7793,0.0307,-0.4118,0,0,0,0.00000,3
0.5310,5.3760,2.3723,11.3595,1.8329,0.0373,-0.4671,0,0,0,0.00000,3
0.4948,4.7032,2.3839,12.2496,1.5367,0.0081,-1.2666,0,0,1,0.81213,1
0.4377,4.2026,2.5059,11.7502,-0.8698,0.0304,-0.6863,0,0,1,0.32614,1
0.4526,4.2404,2.4515,12.0298,0.0859,0.0074,-0.9383,0,1,0,0.39301,1
0.3502,3.7557,2.8016,12.0643,2.6488,0.1183,-0.8718,0,1,0,0.80575,3
0.3465,3.8076,2.8394,12.9682,2.4656,0.0446,-1.4485,0,1,1,1.79368,1
0.4654,4.6709,2.4990,11.9395,-1.4995,0.0395,-0.9290,0,0,1,0.19380,3
0.4208,4.5894,2.6826,12.9121,-2.4004,0.0650,-1.7507,0,0,1,1.55742,1
0.4104,4.1143,2.6060,12.0726,-2.2955,0.0285,-0.9043,0,1,0,0.64782,3
0.5468,5.5934,2.3487,12.5171,-0.7791,0.0189,-1.7498,0,0,2,0.74957,1
0.4046,4.1846,2.6528,11.3262,-1.4352,0.0063,-0.2621,0,0,0,0.00000,1
0.4149,4.3761,2.6557,11.6399,-2.7566,0.0053,-0.5241,0,0,1,0.17098,1
0.4024,4.4232,2.7291,11.8080,-3.0200,0.0161,-0.6531,0,0,1,0.36225,1
0.5046,4.9803,2.4021,11.3413,1.0262,0.0220,-0.3987,0,0,0,0.00000,3
0.4409,4.4896,2.5638,12.9474,-2.5551,0.0131,-1.7825,1,1,2,1.63835,1
0.5310,4.9047,2.2832,11.4162,0.8267,0.0398,-0.5264,0,0,0,0.00000,3
0.5895,5.5154,2.1729,11.4851,-0.6736,0.0122,-0.6520,0,0,0,0.00000,1
0.5212,4.8227,2.3044,12.3721,1.6826,0.0146,-1.4865,0,0,1,1.08548,1
0.4160,4.2829,2.6257,11.9042,-1.8890,0.0660,-0.8233,0,0,1,0.42959,3
0.4200,4.3815,2.6326,11.3974,-2.6464,0.0490,-0.3842,0,0,0,0.00000,3
0.3553,3.7825,2.7829,13.0429,-2.4197,0.0684,-1.5887,1,1,0,1.85975,1
0.6140,5.7067,2.1139,11.4123,0.0830,0.1029,-0.7160,0,0,0,0.00000,1
0.5308,5.1715,2.3349,11.4281,-1.8854,0.0003,-0.4919,0,0,0,0.00000,3
0.5600,5.4310,2.2690,11.3756,1.7348,0.0010,-0.4762,0,0,0,0.00000,1
0.6209,5.9953,2.1309,11.6024,-0.0512,0.0304,-0.8682,0,0,0,0.00000,3
0.3427,3.7108,2.8280,11.7611,2.6871,0.0820,-0.5898,0,1,0,0.55388,3
0.4330,4.2228,2.5318,12.0049,1.2624,0.0012,-0.8624,0,1,2,0.73061,1
0.4095,4.2510,2.6479,12.2548,2.0291,0.0321,-1.0630,0,1,0,0.36772,3
0.4319,4.5477,2.6195,11.7617,-2.4502,0.0426,-0.7024,0,0,1,0.50044,3
0.4037,4.3435,2.7011,12.6219,-2.8077,0.0147,-1.3381,0,0,1,1.33744,1
0.4449,4.6013,2.5733,12.9624,-2.4701,0.0295,-1.8439,0,1,1,1.40512,1
0.4189,4.6228,2.7005,12.1090,2.9424,0.1522,-1.1238,0,0,1,0.59720,0
0.4857,5.0698,2.4996,11.4059,-2.3371,0.0360,-0.4553,0,0,0,0.00000,3
0.3823,3.9455,2.6938,11.4819,-2.8077,0.0778,-0.4393,0,0,0,0.00000,3
0.4753,4.7339,2.4711,11.4774,-0.2142,0.0247,-0.4942,0,0,0,0.00000,1
0.3540,3.7652,2.7840,12.6264,2.9275,0.0066,-1.1527,0,1,1,1.21000,1
0.3826,4.0508,2.7234,11.5767,2.7092,0.0496,-0.4787,0,1,0,0.41063,3
0.3642,3.9776,2.7972,11.3003,3.0054,0.0139,-0.2151,0,0,0,0.00000,1
0.3838,4.1571,2.7484,11.5623,-3.0798,0.1319,-0.5670,0,0,0,0.00000,1
0.4488,4.5782,2.5500,12.1540,2.7592,0.0204,-1.0643,0,0,1,0.65747,3
0.5039,5.2005,2.4494,12.0184,0.8449,0.0099,-1.0600,0,0,1,0.42411,1
0.5621,5.2069,2.2218,11.8999,-0.0425,0.0032,-1.0577,0,0,1,0.42633,1
0.4607,4.6128,2.5060,11.3007,-1.3066,0.0190,-0.3104,0,0,0,0.00000,3
0.3370,3.6795,2.8493,11.2548,-2.7201,0.0357,-0.1870,0,0,0,0.00000,1
0.4185,4.5927,2.6946,12.1617,2.9800,0.0059,-0.9725,0,0,1,0.52560,1
0.5274,4.9707,2.3098,11.3920,1.0059,0.0023,-0.4523,0,0,0,0.00000,3
0.5158,5.1194,2.3848,12.4450,0.7589,0.0406,-1.5921,0,1,0,1.05574,1
0.4018,4.2964,2.6975,13.2132,2.7002,0.0562,-1.9351,0,1,0,2.22092,1
0.3572,3.7979,2.7774,12.0722,-2.1108,0.0341,-0.7839,0,1,0,0.70748,1
0.5077,5.5264,2.4980,11.6891,3.0452,0.0165,-0.7430,0,0,1,0.19123,3
0.3660,4.0315,2.8042,11.5556,2.3467,0.1115,-0.5127,0,1,0,0.30601,2
0.5001,5.1734,2.4598,11.3527,-1.0692,0.0095,-0.3909,0,0,0,0.00000,3
0.3730,4.0475,2.7721,12.6261,-2.7999,0.0996,-1.3605,0,0,2,0.99230,1
0.4303,4.4860,2.6114,12.2149,-2.8210,0.0534,-1.1161,0,1,0,1.03347,1
0.4897,5.2126,2.5123,11.9062,-1.9779,0.0066,-0.9099,0,1,0,0.54496,3
0.4306,4.1805,2.5313,11.4175,2.0480,0.0324,-0.3931,0,0,0,0.00000,3
0.4425,4.8680,2.6485,11.6192,-2.6835,0.1122,-0.6807,0,0,0,0.00000,1
0.4653,4.4997,2.4600,11.4348,1.8062,0.0032,-0.4160,0,0,0,0.00000,3
0.4733,4.4687,2.4194,12.0037,-0.2423,0.0180,-0.9784,0,0,1,0.74916,1
0.4200,4.6017,2.6899,11.7530,3.1296,0.0506,-0.6831,0,0,1,0.18038,3
0.3882,4.2085,2.7409,11.9862,2.8407,0.0099,-0.7581,0,1,1,0.66928,1
0.3685,3.8447,2.7328,11.4913,-2.9551,0.1022,-0.4577,0,0,0,0.00000,3
0.4764,4.8565,2.4934,11.4278,2.1035,0.0018,-0.4232,0,0,0,0.00000,3
0.4685,4.7056,2.4939,11.6056,-2.2998,0.0065,-0.5806,0,0,1,0.25744,3
0.4290,4.2713,2.5621,11.8783,-0.4138,0.0003,-0.7428,0,1,0,0.43562,1
0.4650,4.6660,2.5000,11.4751,-2.1580,0.0963,-0.5639,0,0,0,0.00000,1
0.4375,4.7958,2.6546,11.8739,-1.9643,0.0261,-0.7919,0,0,2,0.66369,1
0.4095,4.1330,2.6154,11.5775,-0.4579,0.0010,-0.4596,0,0,1,0.16489,1
0.3757,3.9732,2.7357,11.9196,-2.6434,0.0747,-0.7615,0,1,0,0.51329,3
0.4481,4.8331,2.6141,12.3321,1.9248,0.0166,-1.2253,0,1,0,0.74359,1
0.4878,5.1273,2.5027,11.4119,-0.4401,0.0013,-0.4228,0,0,0,0.00000,1
0.3950,3.9807,2.6414,12.9044,1.7585,0.0003,-1.5251,0,1,1,1.54108,1
0.4192,4.3626,2.6315,11.6774,1.5286,0.0064,-0.5633,0,0,1,0.17403,1
0.3764,3.9834,2.7349,11.3809,2.5057,0.1195,-0.4045,0,0,0,0.00000,3
0.4893,5.2248,2.5166,11.5859,-1.3104,0.0347,-0.6314,0,0,0,0.00000,1
0.3649,3.8127,2.7413,11.4372,2.5603,0.1312,-0.4471,0,0,0,0.00000,3
0.5096,4.7889,2.3427,11.4835,-0.5371,0.0777,-0.6117,0,0,0,0.00000,1
0.5116,5.2278,2.4229,11.3496,-2.9395,0.0322,-0.4277,0,0,0,0.00000,1
0.4015,4.3292,2.7081,11.5235,-2.9405,0.1181,-0.5445,0,0,0,0.00000,1
0.4319,4.3300,2.5643,11.4922,-2.6344,0.0727,-0.5059,0,0,0,0.00000,1
0.5994,5.9687,2.2067,11.3503,-1.8246,0.0453,-0.5538,0,0,0,0.00000,1
0.5033,4.8337,2.3773,11.7170,0.2486,0.0364,-0.7848,0,0,1,0.21896,1
0.3988,4.2960,2.7123,11.3771,2.1414,0.0237,-0.3158,0,0,0,0.00000,1
0.3374,3.7246,2.8627,12.8184,2.8722,0.1027,-1.3871,0,1,1,1.52926,0
0.3951,4.2701,2.7235,13.1766,-3.0383,0.0258,-1.8127,0,0,1,1.87412,1
0.4256,4.4910,2.6345,11.3011,-2.6688,0.0759,-0.3416,0,0,0,0.00000,3
0.4685,5.1339,2.5891,11.5264,1.9427,0.0070,-0.5105,0,0,0,0.00000,1
0.4028,4.2915,2.6913,12.9289,-1.7130,0.0073,-1.5929,1,1,1,1.44097,1
0.3429,3.7419,2.8375,12.6572,3.0252,0.1339,-1.3296,0,0,1,0.80293,1
0.3981,4.3718,2.7370,12.2369,-2.2652,0.0747,-1.0750,0,1,1,0.46809,3
0.5709,5.3913,2.2208,11.9458,-0.3949,0.0464,-1.1920,0,0,1,0.61429,1
0.3700,3.9989,2.7728,13.2852,-2.6004,0.0714,-1.8710,3,2,1,1.86300,1
0.4944,4.6363,2.3711,11.5716,1.0535,0.0438,-0.6342,0,0,0,0.00000,3
0.5735,5.6357,2.2519,12.4669,-0.5466,0.0377,-1.8124,0,0,1,0.96305,1
0.5027,5.2507,2.4648,11.3203,-1.5995,0.0327,-0.3896,0,0,0,0.00000,3
0.4071,4.3774,2.6935,11.4812,2.9515,0.1022,-0.4990,0,0,0,0.00000,3
0.5447,5.4382,2.3296,11.5034,0.2624,0.0033,-0.5946,0,0,0,0.00000,3
0.4723,4.8022,2.4993,11.8515,2.1130,0.0059,-0.8168,0,0,4,0.81266,3
0.3993,4.1614,2.6723,11.9355,2.6028,0.0317,-0.7693,0,0,1,0.40437,3
0.4051,4.0547,2.6145,11.3117,-1.5423,0.0825,-0.3377,0,0,0,0.00000,1
0.3692,3.9218,2.7533,11.3768,-1.8982,0.0421,-0.3057,0,0,0,0.00000,1
0.4699,4.4744,2.4346,11.3664,1.9892,0.0823,-0.4528,0,0,0,0.00000,1
0.4350,4.4837,2.5894,12.7632,0.6889,0.0026,-1.5634,1,0,1,0.95674,1
0.4673,4.8259,2.5263,11.3679,3.0939,0.0205,-0.3796,0,0,0,0.00000,3
0.3626,3.9263,2.7898,11.3926,2.7373,0.1017,-0.3780,0,0,0,0.00000,3
0.4108,4.2396,2.6382,13.0805,2.6563,0.0107,-1.7709,1,2,1,2.26239,1
0.4876,4.6378,2.3989,11.3952,-0.5580,0.0141,-0.4199,0,0,0,0.00000,3
0.4768,4.8402,2.4882,11.3171,-1.4462,0.0120,-0.3340,0,0,0,0.00000,3
0.3930,4.0957,2.6846,11.3994,-3.1207,0.0699,-0.3796,0,0,0,0.00000,3
0.4623,4.4376,2.4580,11.5282,0.7173,0.0402,-0.5406,0,0,0,0.00000,1
0.4081,4.0580,2.6010,11.8362,-1.6881,0.0287,-0.7017,0,1,0,0.52348,3
0.4990,5.3946,2.5092,12.1020,-2.7442,0.0666,-1.2123,0,0,1,0.27862,1
0.3834,4.0875,2.7303,12.8033,-2.5771,0.0816,-1.5247,0,0,2,0.71394,1
0.3575,3.8521,2.7936,12.0305,3.1326,0.1445,-0.8973,0,1,0,0.79511,1
0.4596,4.9033,2.5777,11.3196,-1.0466,0.0009,-0.3061,0,0,0,0.00000,1
0.4021,4.1072,2.6434,11.3025,-3.1388,0.0179,-0.2545,0,0,0,0.00000,3
0.5069,5.5126,2.4984,11.5378,-1.4036,0.0045,-0.5758,0,0,0,0.00000,1
0.4437,4.6554,2.5919,12.0909,-1.5798,0.0602,-1.0474,0,0,1,0.60919,1
0.4517,4.4908,2.5164,12.4253,2.8594,0.0119,-1.3156,0,0,3,1.76409,1
0.3372,3.6611,2.8422,11.8506,2.6217,0.0996,-0.6643,0,1,0,0.35614,3
0.4301,4.3381,2.5747,11.5854,-1.0923,0.0301,-0.5316,0,0,0,0.00000,1
0.6212,6.1308,2.1493,11.4447,-1.2329,0.0639,-0.7194,0,0,0,0.00000,3
0.3985,4.2976,2.7143,11.5196,-2.5843,0.0516,-0.4589,0,1,0,0.22480,3
0.4844,4.9658,2.4831,11.5669,-2.5160,0.0039,-0.5669,0,0,0,0.00000,3
0.5458,5.3954,2.3176,11.7767,0.0628,0.0399,-0.9369,0,1,0,0.31925,1
0.5323,5.3616,2.3644,11.8492,-0.7224,0.0400,-0.9878,0,1,0,0.33689,1
0.4659,4.8979,2.5487,12.9694,1.4693,0.0043,-1.9000,1,1,0,1.49430,1
0.5844,5.9217,2.2564,11.6628,1.0324,0.0172,-0.8570,0,0,0,0.00000,3
0.4152,4.1082,2.5819,11.2400,3.1267,0.0461,-0.2485,0,0,0,0.00000,1
0.5110,5.2211,2.4244,12.9403,-1.8754,0.0162,-2.0882,0,1,1,1.26789,1
0.5281,5.5379,2.4142,12.3858,-1.9823,0.0412,-1.5702,0,0,1,0.99267,1
0.3599,3.8005,2.7638,11.3140,2.4175,0.0684,-0.2818,0,0,0,0.00000,3
0.4231,4.1366,2.5534,11.3231,-3.0360,0.0267,-0.3005,0,0,0,0.00000,1
0.6216,5.9422,2.1208,12.4453,-1.3239,0.0119,-1.9110,0,0,1,0.93014,1
0.3873,4.2683,2.7626,13.0858,3.0843,0.0681,-1.7686,0,1,1,1.98459,0
0.4841,5.2450,2.5438,12.9309,2.5352,0.0111,-1.9529,0,0,1,1.79507,1
0.5106,5.4770,2.4759,11.3749,2.7492,0.0088,-0.4248,0,0,0,0.00000,3
0.4709,4.4199,2.4179,11.4183,-0.5154,0.0510,-0.4645,0,0,0,0.00000,1
0.4540,4.5351,2.5170,11.4526,-2.2135,0.0067,-0.4222,0,0,0,0.00000,3
0.4711,4.7206,2.4860,12.1290,0.8982,0.0108,-1.0861,0,0,1,0.57621,1
0.4571,4.8767,2.5833,11.3354,3.0483,0.0838,-0.4126,0,0,0,0.00000,1
0.4111,4.2824,2.6488,12.9268,1.4658,0.0193,-1.6459,0,0,1,1.67192,1
0.4311,4.5709,2.6292,11.5124,3.0510,0.1132,-0.5705,0,0,0,0.00000,1
0.4343,4.4203,2.5764,11.4329,-1.9126,0.0020,-0.3754,0,0,0,0.00000,3
0.4727,4.9402,2.5283,11.4923,2.7354,0.0410,-0.5246,0,0,0,0.00000,3
0.4310,4.2551,2.5492,11.4027,-0.8536,0.0248,-0.3725,0,0,0,0.00000,1
0.4776,5.0336,2.5269,11.5754,-1.0056,0.0138,-0.5770,0,0,0,0.00000,1
0.5097,5.3482,2.4544,11.4934,-1.7744,0.0087,-0.5402,0,0,0,0.00000,3
0.4441,4.6566,2.5900,11.8792,2.2285,0.0385,-0.8259,0,1,0,0.20925,3
0.5943,5.4340,2.1423,11.5779,0.2141,0.1009,-0.8797,0,0,0,0.00000,1
0.3689,4.0424,2.7923,12.9935,2.3344,0.0451,-1.5665,0,0,1,1.69766,1
0.4459,4.4745,2.5377,11.6392,-2.4473,0.0308,-0.6041,0,0,1,0.22319,3
0.3807,4.1312,2.7568,12.2262,-2.7325,0.1211,-1.0816,0,1,0,0.66136,1
0.4097,4.0756,2.5986,11.3064,2.1081,0.0062,-0.2509,0,0,0,0.00000,3
0.4323,4.4254,2.5867,11.3903,-1.6343,0.0194,-0.3577,0,0,0,0.00000,1
0.4529,4.2772,2.4592,11.2677,-0.6718,0.0316,-0.2878,0,0,0,0.00000,1
0.3990,4.1371,2.6670,12.2189,-2.8596,0.0141,-0.9783,0,1,1,0.71287,3
0.4818,5.0583,2.5142,12.0690,-0.6016,0.0004,-1.0427,0,0,2,0.39065,1
0.4570,4.4635,2.4867,11.2265,2.1557,0.0252,-0.2487,0,0,0,0.00000,3
0.3945,4.1822,2.7017,11.4926,2.0279,0.0725,-0.4569,0,0,0,0.00000,3
0.4305,4.5837,2.6350,11.5082,-2.2749,0.0625,-0.5060,0,0,0,0.00000,3
0.4157,4.0871,2.5738,12.7371,1.8239,0.0208,-1.4931,0,0,3,0.76243,1
0.4130,4.2649,2.6350,12.5737,1.5065,0.0172,-1.3312,0,0,1,1.24793,1
0.3736,3.9726,2.7459,12.4867,-2.8899,0.0857,-1.2264,0,2,0,0.84278,1
0.3418,3.7450,2.8446,11.6805,-2.8716,0.0238,-0.4622,0,1,0,0.22851,1
0.4157,4.1753,2.5980,11.3206,2.7976,0.0464,-0.3138,0,0,0,0.00000,3
0.4729,4.9019,2.5189,11.5267,1.8404,0.0568,-0.5758,0,0,0,0.00000,3
0.4773,4.3426,2.3741,11.4786,1.1096,0.0458,-0.5221,0,0,0,0.00000,3
0.4461,4.8822,2.6351,13.2285,2.9630,0.0432,-2.1446,0,0,1,1.86092,1
0.4545,4.6330,2.5377,11.3441,1.5349,0.0341,-0.3599,0,0,0,0.00000,3
0.4213,4.1372,2.5617,12.7046,1.2189,0.0219,-1.4866,0,0,1,1.41151,1
0.5206,5.4763,2.4339,12.6398,-0.4243,0.0110,-1.7821,0,1,2,1.46827,1
0.5141,4.6939,2.3057,11.5049,0.2980,0.0561,-0.6128,0,0,0,0.00000,1
0.5005,5.3401,2.4919,11.4395,1.3807,0.0294,-0.4993,0,0,0,0.00000,1
0.5033,5.3413,2.4801,11.4609,2.4781,0.0702,-0.5726,0,0,0,0.00000,1
0.4232,4.5115,2.6515,11.3676,-2.9332,0.1364,-0.4639,0,0,0,0.00000,1
0.4708,4.3713,2.4069,11.5367,3.0636,0.0053,-0.5177,0,1,0,0.15142,1
0.4479,4.7551,2.5966,11.9039,2.9097,0.0338,-0.8504,0,1,0,0.53557,3
0.4646,4.7977,2.5317,11.7396,2.3958,0.0502,-0.7530,0,0,1,0.32444,1
0.3532,3.9007,2.8325,11.7043,-2.2986,0.0727,-0.5557,0,1,0,0.20030,0
0.4724,4.8332,2.5056,11.7235,-1.7595,0.0393,-0.7386,0,1,0,0.22480,3
0.5020,4.5496,2.3225,12.2738,1.2607,0.0218,-1.3316,0,0,1,0.89636,1
0.3828,3.9657,2.6971,12.2969,1.9678,0.0057,-0.9850,0,1,0,0.70221,1
0.6404,6.0192,2.0641,11.4862,-0.3457,0.0349,-0.7631,0,0,0,0.00000,3
0.4717,4.5357,2.4414,11.9694,-1.4438,0.0185,-0.9428,0,0,1,0.34819,1
0.5454,5.0407,2.2544,11.7430,0.3560,0.0645,-0.9294,0,1,0,0.30025,1
0.4875,4.8080,2.4363,11.3430,2.7465,0.0205,-0.3790,0,0,0,0.00000,1
0.3801,4.1214,2.7572,11.5666,-3.0707,0.1741,-0.6150,0,0,0,0.00000,1
0.5313,4.9904,2.2985,11.8557,0.5015,0.0885,-1.0555,0,1,0,0.45410,1
0.4362,4.2131,2.5150,11.4464,2.3268,0.0415,-0.4351,0,0,0,0.00000,1
0.4645,4.5301,2.4703,11.3495,-1.5836,0.0265,-0.3663,0,0,0,0.00000,3
0.4217,4.4650,2.6466,11.4822,-2.8679,0.0935,-0.5086,0,0,0,0.00000,1
0.5253,5.3324,2.3875,11.5281,-0.3400,0.0310,-0.6249,0,0,0,0.00000,1
0.4321,4.3130,2.5589,11.3998,-1.2008,0.0543,-0.4060,0,0,0,0.00000,1
0.4645,4.7310,2.5170,11.4218,-0.7699,0.0144,-0.4175,0,0,0,0.00000,1
0.4476,4.6391,2.5700,11.4240,1.5486,0.0253,-0.4116,0,0,0,0.00000,1
0.4910,5.1382,2.4913,12.3625,-2.9578,0.0404,-1.4233,0,1,0,0.88692,1
0.5324,5.1162,2.3181,12.1748,1.3780,0.0131,-1.3034,0,0,0,0.00000,1
0.4496,4.7079,2.5775,11.5255,-1.2144,0.0017,-0.4751,0,0,0,0.00000,1
0.4746,5.1154,2.5581,11.3093,-0.9916,0.0011,-0.3129,0,0,0,0.00000,1
0.4357,4.6098,2.6175,11.8685,-2.9921,0.0449,-0.8069,0,1,0,0.42032,3
0.4495,4.3002,2.4794,11.2891,-2.0751,0.0094,-0.2777,0,0,0,0.00000,3
0.4804,4.9067,2.4875,11.2889,2.5195,0.0172,-0.3179,0,0,0,0.00000,3
0.4488,4.2995,2.4822,11.3654,-0.3237,0.0062,-0.3388,0,0,0,0.00000,3
0.4363,4.4589,2.5773,12.1286,2.0655,0.0398,-1.0346,1,1,0,0.35826,3
0.4605,4.4457,2.4674,11.3939,-2.7531,0.0155,-0.3881,0,0,0,0.00000,1
0.5423,5.7088,2.3870,12.1223,0.0463,0.0111,-1.2747,0,0,1,0.52747,1
0.4132,4.1955,2.6151,11.3180,-1.8911,0.0599,-0.3249,0,0,0,0.00000,3
0.5693,5.8834,2.3091,11.6014,-1.3618,0.0545,-0.8068,0,0,0,0.00000,3
0.3707,3.8474,2.7226,12.2533,-2.6415,0.0432,-0.9688,0,1,1,0.79228,3
0.4518,4.8127,2.5921,12.2436,2.7480,0.0029,-1.1333,0,1,0,0.63921,3
0.4853,5.3269,2.5555,11.4424,2.6871,0.0727,-0.5333,0,0,0,0.00000,3
0.4153,4.0858,2.5756,11.4279,-1.6999,0.0382,-0.3905,0,0,0,0.00000,3
0.5207,4.7550,2.2927,11.4792,-0.1212,0.0388,-0.5752,0,0,0,0.00000,3
0.4546,4.8236,2.5820,11.5259,2.6270,0.0715,-0.5663,0,0,0,0.00000,1
0.4550,4.5240,2.5098,11.3203,-1.1734,0.0480,-0.3552,0,0,0,0.00000,1
0.4193,4.4035,2.6416,11.9055,-2.4080,0.1066,-0.8842,0,0,1,0.39338,1
0.3913,4.3081,2.7534,12.8966,-3.0911,0.0055,-1.5143,0,0,1,1.73389,0
0.4122,4.4918,2.6994,11.4447,2.2229,0.0316,-0.3936,0,0,0,0.00000,1
0.4854,5.1916,2.5268,11.4808,-2.5038,0.0170,-0.5035,0,0,0,0.00000,3
0.5157,4.7482,2.3108,11.6172,-0.6988,0.0432,-0.7135,0,0,0,0.00000,3
0.3873,4.2325,2.7527,12.3867,-2.3133,0.0257,-1.1002,0,1,1,1.18943,1
0.6335,6.2018,2.1139,12.3771,-0.8355,0.0020,-1.8489,0,0,1,0.78541,1
0.3628,3.8401,2.7614,11.4121,-2.5760,0.1448,-0.4419,0,0,0,0.00000,3
0.5255,4.9515,2.3132,11.5019,1.9184,0.0053,-0.5649,0,0,0,0.00000,1
0.5306,5.3307,2.3655,12.6187,-1.2616,0.0411,-1.8428,0,0,1,0.46062,1
0.4483,4.2735,2.4780,11.4158,-3.1407,0.0268,-0.4059,0,0,0,0.00000,1
0.4310,4.4030,2.5873,11.4537,1.6836,0.0005,-0.3870,0,0,0,0.00000,1
0.4056,4.3001,2.6798,11.3739,3.0502,0.0587,-0.3606,0,0,0,0.00000,3
0.4766,5.0984,2.5453,13.1425,-2.1311,0.0207,-2.1627,0,0,1,1.88435,1
0.4529,4.6493,2.5487,12.8663,1.1374,0.0066,-1.7427,0,1,0,1.55474,1
0.4226,4.5730,2.6698,12.3296,-3.0621,0.0033,-1.1271,1,1,0,1.10102,1
0.5336,5.1427,2.3187,11.5752,0.5160,0.0436,-0.7014,0,0,0,0.00000,1
0.4828,5.0905,2.5165,11.9777,2.5816,0.0659,-1.0430,0,1,0,0.42333,1
0.3887,4.2585,2.7529,12.5833,2.4499,0.0122,-1.2484,0,0,1,1.03256,1
0.3431,3.7451,2.8374,11.5895,2.8309,0.1000,-0.4917,0,1,0,0.32821,3
0.4746,4.9982,2.5325,11.4198,2.0820,0.0316,-0.4491,0,0,0,0.00000,3
0.4905,4.9882,2.4619,11.5137,-0.9031,0.0261,-0.5522,0,0,0,0.00000,1
0.4871,4.5591,2.3834,11.8251,2.4609,0.0108,-0.8261,0,0,1,0.42460,1
0.4898,5.0100,2.4696,11.6180,-0.8535,0.0400,-0.6690,0,0,0,0.00000,1
0.4908,4.5359,2.3636,11.8832,-0.9154,0.0547,-0.9495,0,1,0,0.16417,1
0.3957,4.1883,2.6976,11.3450,-2.6850,0.0921,-0.3656,0,0,0,0.00000,3
0.5197,5.0138,2.3483,11.3834,-1.9275,0.0087,-0.4421,0,0,0,0.00000,1
0.4945,5.4282,2.5356,13.2472,1.4704,0.0170,-2.3612,0,1,0,0.21641,1
0.4919,5.2036,2.5011,12.3151,2.4031,0.0291,-1.3604,0,0,1,1.13330,3
0.4929,4.6087,2.3712,11.4463,0.6799,0.0369,-0.5022,0,0,0,0.00000,3
0.3750,4.1041,2.7788,13.2346,1.9883,0.0248,-1.7646,1,1,0,1.85415,1
0.4285,4.3345,2.5812,11.4183,-2.5965,0.0560,-0.4192,0,0,0,0.00000,1
0.4305,4.5555,2.6283,11.3394,2.7747,0.0579,-0.3578,0,0,0,0.00000,3
0.4338,4.4568,2.5878,12.1213,2.8013,0.0160,-0.9893,0,1,0,0.33116,3
0.4497,4.8302,2.6059,11.4635,-2.7252,0.1107,-0.5500,0,0,0,0.00000,1
0.5037,5.3955,2.4894,11.3627,2.4212,0.0147,-0.4114,0,0,0,0.00000,3
0.5390,5.0633,2.2826,11.3631,-0.0466,0.0378,-0.4797,0,0,0,0.00000,3
0.4491,4.7422,2.5877,11.7863,2.0439,0.0034,-0.7078,0,1,0,0.30249,1
0.4909,5.1486,2.4941,11.9673,2.9776,0.0095,-0.9766,0,0,1,0.54412,3
0.5529,5.0677,2.2312,11.3950,0.2165,0.0951,-0.6003,0,0,0,0.00000,1
0.3781,3.9694,2.7220,11.5061,-2.8813,0.0952,-0.4728,0,0,0,0.00000,3
0.3932,4.1721,2.7055,12.2316,-2.9576,0.0664,-1.0457,0,1,0,0.33033,3
0.5404,5.4178,2.3428,12.0970,-2.6703,0.0155,-1.2449,0,0,3,0.93849,1
0.3550,3.9008,2.8227,11.8357,-2.5718,0.1614,-0.7644,0,1,0,0.26459,3
0.4334,4.3169,2.5542,11.4175,1.5409,0.0094,-0.3698,0,0,0,0.00000,3
0.4970,5.0205,2.4415,12.5622,-0.8870,0.0059,-1.5998,0,1,0,1.14453,1
0.4687,4.5293,2.4523,11.3143,-2.4436,0.0281,-0.3408,0,0,0,0.00000,1
0.3784,3.8953,2.6978,11.6512,-2.3243,0.0209,-0.4943,0,1,0,0.24697,3
0.3688,3.9611,2.7677,12.5036,-2.6263,0.0502,-1.1718,0,0,1,0.22954,1
0.4737,4.4623,2.4162,11.4160,2.5375,0.0112,-0.4185,0,0,0,0.00000,1
0.4171,4.5159,2.6817,12.4111,-2.1283,0.0581,-1.2612,0,0,2,1.18472,3
0.3545,3.8091,2.7956,12.6686,2.4180,0.0935,-1.3202,0,1,1,1.23665,1
0.3494,3.7382,2.8001,11.3397,-2.2738,0.1060,-0.3325,0,0,0,0.00000,3
0.5022,4.5849,2.3290,11.3566,1.9494,0.0093,-0.3942,0,0,0,0.00000,1
0.5464,5.5035,2.3344,11.4910,-3.0821,0.0183,-0.6025,0,0,0,0.00000,1
0.5296,5.5282,2.4064,11.4348,0.5149,0.0055,-0.5052,0,0,0,0.00000,3
0.4458,4.2735,2.4887,11.3465,0.7754,0.0404,-0.3591,0,0,0,0.00000,1
0.3798,4.0789,2.7463,12.7154,-2.9399,0.0148,-1.3297,1,2,1,2.17597,1
0.3471,3.8165,2.8389,12.1200,-2.3453,0.0298,-0.7889,0,1,0,0.91500,1
0.4195,4.3529,2.6274,12.2046,1.8472,0.0279,-1.0416,0,1,0,0.71703,3
0.4599,4.6631,2.5214,11.3561,-1.9922,0.0053,-0.3428,0,0,0,0.00000,3
0.4826,4.7285,2.4393,11.3896,0.9728,0.0266,-0.4239,0,0,0,0.00000,3
0.3911,3.9729,2.6581,12.9100,-2.6975,0.0057,-1.5232,1,1,0,1.35875,1
0.3917,4.1501,2.7066,11.4910,2.9647,0.1195,-0.5071,0,0,0,0.00000,1
0.4528,4.7566,2.5746,11.3033,-1.6692,0.0485,-0.3392,0,0,0,0.00000,3
0.4990,5.2367,2.4776,12.3027,1.9969,0.0621,-1.4171,0,1,1,0.96414,3
0.3725,4.0574,2.7778,11.5550,-2.8770,0.1510,-0.5679,0,0,0,0.00000,3
0.4893,5.1925,2.5101,11.5342,-2.5291,0.0694,-0.6231,0,0,0,0.00000,1
0.3585,3.8532,2.7887,11.4623,-3.0457,0.0523,-0.3666,0,0,0,0.00000,3
0.3865,4.0587,2.7062,12.1603,2.8208,0.1130,-1.0320,0,1,0,0.91235,1
0.4234,4.5528,2.6610,11.9754,2.9922,0.0429,-0.8715,0,1,0,0.55612,3
0.4523,4.5091,2.5180,11.9354,-2.6975,0.0503,-0.9098,0,0,1,0.15841,1
0.5785,5.3922,2.1930,11.4175,-0.1361,0.0715,-0.6320,0,0,0,0.00000,1
0.3542,3.7541,2.7795,11.9317,-2.4413,0.0233,-0.6602,0,1,0,0.34663,1
0.4088,4.3035,2.6653,12.4445,3.0441,0.0252,-1.2159,0,1,0,1.00172,1
0.3694,3.8968,2.7448,11.9299,2.4541,0.0576,-0.7345,0,1,0,0.66036,3
0.4675,5.0633,2.5785,11.4078,3.0180,0.1154,-0.5276,0,0,0,0.00000,1
0.4433,4.2321,2.4889,11.3365,1.7327,0.0042,-0.3059,0,0,0,0.00000,3
0.4635,4.6965,2.5135,11.3120,0.4778,0.0145,-0.3183,0,0,0,0.00000,1
0.5395,4.9300,2.2558,11.3821,0.6543,0.0080,-0.4635,0,0,0,0.00000,1
0.3446,3.7081,2.8165,13.2821,2.6597,0.0322,-1.6686,0,1,2,2.25376,1
0.3596,3.8643,2.7861,11.9249,-2.8814,0.0531,-0.7045,0,1,0,0.48033,3
0.4567,4.8399,2.5764,11.2978,-2.7448,0.0596,-0.3510,0,0,0,0.00000,3
0.4793,4.5154,2.4054,11.4625,2.0650,0.0344,-0.4965,0,0,0,0.00000,1
0.4920,4.6424,2.3820,11.4188,0.2198,0.0477,-0.4878,0,0,0,0.00000,1
0.5226,4.8643,2.3073,11.3513,0.5426,0.0867,-0.5056,0,0,0,0.00000,1
0.5424,5.1952,2.2941,11.4873,0.6947,0.0717,-0.6569,0,0,0,0.00000,1
0.3846,3.9423,2.6813,12.6728,2.2741,0.0205,-1.3202,0,1,0,1.46250,1
0.3935,4.2610,2.7293,11.5366,-2.9588,0.0824,-0.5018,0,0,0,0.00000,3
0.4008,4.1829,2.6709,11.9666,2.7111,0.0345,-0.8018,0,0,1,0.67218,3
0.3919,4.2866,2.7446,11.5541,-2.2560,0.1117,-0.5480,0,0,0,0.00000,3
0.3572,3.7801,2.7716,12.2722,-3.0746,0.0548,-0.9623,0,1,0,0.71448,3
0.4566,4.3155,2.4529,11.4055,0.7056,0.0455,-0.4288,0,0,0,0.00000,1
0.5411,5.1666,2.2940,12.0660,2.2799,0.0072,-1.1983,0,0,0,0.00000,1
0.4641,4.7482,2.5224,11.5250,2.8707,0.0388,-0.5396,0,0,0,0.00000,1
0.4521,4.2387,2.4531,12.0086,-0.6424,0.0348,-0.9553,0,0,1,0.49791,1
0.4030,4.2410,2.6765,12.4037,-2.6795,0.0552,-1.2057,0,0,2,0.80685,1
0.4730,4.7385,2.4819,11.4099,-0.6267,0.0013,-0.4015,0,0,0,0.00000,3
0.4505,4.8947,2.6176,11.3016,2.3696,0.0272,-0.3113,0,0,0,0.00000,3
0.4371,4.8113,2.6602,12.7073,1.7789,0.0168,-1.5437,0,0,1,0.79146,1
0.4451,4.6405,2.5820,11.3445,-1.5111,0.0006,-0.3116,0,0,0,0.00000,1
0.5391,5.7234,2.4028,11.6670,0.8603,0.0572,-0.8285,0,0,0,0.00000,1
0.4992,4.6238,2.3491,11.3669,0.3830,0.0828,-0.4883,0,0,0,0.00000,1
0.4059,4.2062,2.6526,12.1497,-2.6737,0.0210,-0.9485,0,1,0,0.82023,3
0.4232,4.5506,2.6614,12.6938,-2.6227,0.0142,-1.4735,0,1,0,0.66881,1
0.4855,4.4786,2.3722,11.4527,0.7295,0.0172,-0.4743,0,0,0,0.00000,3
0.4000,4.3365,2.7173,11.4005,-2.9287,0.1137,-0.4388,0,0,0,0.00000,3
0.4060,4.0880,2.6192,11.3950,-3.0678,0.0813,-0.4037,0,0,0,0.00000,1
0.4292,4.3705,2.5872,11.5697,-2.0617,0.0405,-0.5297,0,0,0,0.00000,3
0.4325,4.2125,2.5311,11.3886,2.7514,0.0187,-0.3552,0,0,0,0.00000,3
0.5450,5.2137,2.2876,11.7424,1.5570,0.0090,-0.8564,0,1,0,0.44315,1
0.3664,3.8181,2.7353,12.5092,-2.3091,0.0125,-1.1128,0,1,2,0.64176,1
0.4721,4.5762,2.4488,12.7862,1.9285,0.0022,-1.7304,0,1,0,1.37943,1
0.5124,5.5335,2.4790,11.3882,1.6961,0.0628,-0.5039,0,0,0,0.00000,3
0.4831,4.9452,2.4842,11.4796,2.5116,0.0114,-0.4917,0,0,0,0.00000,3
0.3732,4.0711,2.7779,12.2390,2.6640,0.0654,-0.9951,0,1,0,0.58299,3
0.5044,4.6168,2.3274,12.1602,-1.4045,0.0428,-1.2507,0,0,1,0.63263,1
0.5342,4.8778,2.2656,11.4391,1.2380,0.0137,-0.5223,0,0,0,0.00000,1
0.4263,4.4743,2.6273,12.7980,-1.3720,0.0043,-1.5651,0,0,1,1.65752,1
0.5129,4.8498,2.3424,11.5301,-2.4821,0.0031,-0.5717,0,0,0,0.00000,1
0.3511,3.8273,2.8204,11.3746,-3.0864,0.1768,-0.4386,0,0,0,0.00000,3
0.4892,4.6071,2.3856,11.5894,0.6149,0.0695,-0.6753,0,0,0,0.00000,1
0.6187,5.8092,2.1120,12.1482,-0.3097,0.0577,-1.5848,0,0,1,0.40163,1
0.4240,4.2744,2.5858,11.3301,2.8303,0.0833,-0.3724,0,0,0,0.00000,1
0.6064,6.0041,2.1858,12.5064,0.7067,0.0197,-1.9516,0,1,0,1.15314,1
0.4596,4.3593,2.4509,11.3895,-2.6554,0.0146,-0.3818,0,0,0,0.00000,1
0.3900,4.1578,2.7174,13.1835,2.2887,0.0282,-1.7988,0,1,1,1.91730,1
0.5344,5.3960,2.3626,11.5437,0.7140,0.0210,-0.6430,0,0,0,0.00000,3
0.3823,3.9401,2.6922,11.5172,1.5627,0.0301,-0.4100,0,0,0,0.00000,1
0.4798,4.7983,2.4662,11.6297,-1.9944,0.0529,-0.6790,0,0,0,0.00000,3
0.4335,4.4262,2.5816,11.3283,-2.3273,0.1185,-0.4211,0,0,0,0.00000,1
0.4707,4.8522,2.5173,12.7122,1.1835,0.0106,-1.6660,0,1,0,1.16742,1
0.5201,5.6139,2.4616,11.5352,1.6889,0.0369,-0.6328,0,0,0,0.00000,3
0.3376,3.6656,2.8413,11.4828,-3.1029,0.1192,-0.4333,0,1,0,0.21878,3
0.4658,4.5279,2.4645,12.0592,-0.8980,0.0337,-1.0359,0,0,1,0.38820,1
0.3987,4.1813,2.6808,11.5602,-2.6882,0.1071,-0.5573,0,0,0,0.00000,1
0.4207,4.6086,2.6884,12.1286,-2.7703,0.1067,-1.0850,0,1,0,0.50781,1
0.4720,4.8271,2.5062,11.3246,-1.6042,0.0146,-0.3387,0,0,0,0.00000,3
0.4374,4.2767,2.5261,11.4829,2.3023,0.0686,-0.5003,0,0,0,0.00000,1
0.3287,3.6270,2.8786,12.4519,2.7583,0.0868,-1.0560,0,1,0,1.24906,2
0.5218,5.3975,2.4139,11.7432,-0.7954,0.0202,-0.8286,0,0,1,0.21826,1
0.3912,4.2191,2.7287,11.8744,3.1290,0.0411,-0.7154,0,0,1,0.49924,3
0.4420,4.3150,2.5157,11.7509,-1.9826,0.0244,-0.6875,0,0,1,0.39042,3
0.6025,5.6047,2.1397,11.5364,-1.1791,0.0445,-0.7730,0,0,0,0.00000,1
0.4059,4.1509,2.6373,12.0928,2.7911,0.0140,-0.8909,0,1,0,0.49230,3
0.5149,5.2564,2.4150,11.4213,0.6085,0.0052,-0.4709,0,0,0,0.00000,3
0.4812,4.6407,2.4257,11.4620,-1.3006,0.0083,-0.4676,0,0,0,0.00000,3
0.5189,5.2076,2.3892,11.3695,-2.6102,0.0030,-0.4214,0,0,0,0.00000,3
0.4828,4.6520,2.4214,11.4197,0.2702,0.0159,-0.4394,0,0,0,0.00000,1
0.3754,4.1381,2.7868,12.7041,-2.8071,0.0198,-1.3121,1,1,0,1.48041,0
0.3872,4.2188,2.7488,11.5019,-2.9308,0.1114,-0.5003,0,0,0,0.00000,3
0.6052,5.5318,2.1187,11.4530,-0.4768,0.0351,-0.6667,0,0,0,0.00000,3
0.4326,4.7374,2.6632,12.3359,2.6085,0.0974,-1.2969,0,1,0,0.89909,1
0.4087,4.3221,2.6706,11.3457,-2.1527,0.0080,-0.2835,0,0,0,0.00000,1
0.5373,5.1540,2.3062,11.5274,-1.7162,0.0048,-0.6090,0,0,0,0.00000,1
0.4886,4.6871,2.4054,12.4923,-2.0856,0.0018,-1.4881,0,0,2,0.91665,1
0.4197,4.4843,2.6611,12.6780,2.9956,0.0539,-1.5077,0,0,1,1.27943,1
0.4355,4.6824,2.6364,11.4979,2.2822,0.0415,-0.4792,0,0,0,0.00000,3
0.4507,4.7748,2.5886,11.5155,2.4586,0.1097,-0.5969,0,0,0,0.00000,1
0.4109,4.4220,2.6869,12.3933,-2.3906,0.0409,-1.2009,1,1,0,1.11814,3
0.4863,4.8880,2.4584,11.2707,-0.0773,0.0146,-0.3039,0,0,0,0.00000,1
0.5357,5.0061,2.2847,11.3979,0.5052,0.1152,-0.6050,0,0,0,0.00000,1
0.4703,5.0575,2.5646,12.1907,-1.8173,0.0300,-1.1730,0,0,0,0.00000,3
0.4543,4.9128,2.6040,12.7858,2.7084,0.0814,-1.7922,1,1,0,1.01487,1
0.4306,4.3190,2.5673,11.2249,-2.4128,0.0428,-0.2452,0,0,0,0.00000,3
0.4308,4.4297,2.5950,11.4832,2.4034,0.0377,-0.4554,0,0,0,0.00000,3
0.4354,4.2519,2.5285,11.4645,-1.8454,0.0088,-0.4107,0,0,0,0.00000,3
0.3929,3.9751,2.6498,11.9630,-1.9199,0.0037,-0.7408,0,0,1,0.66595,1
0.4912,4.4599,2.3453,11.6797,0.8968,0.0249,-0.7096,0,1,0,0.36716,1
0.5120,5.4978,2.4741,11.7108,-2.5159,0.0972,-0.8742,0,1,0,0.21477,1
0.5196,5.5943,2.4602,11.3683,-2.1794,0.0258,-0.4495,0,0,0,0.00000,3
0.5138,5.0169,2.3724,12.7453,-2.3740,0.0093,-1.8664,0,1,1,0.95257,1
0.5991,5.8486,2.1896,11.4627,-0.6487,0.0523,-0.6922,0,0,0,0.00000,3
0.5021,5.1521,2.4472,12.5608,-2.0057,0.0373,-1.6671,0,1,0,1.03367,1
0.4497,4.9384,2.6310,11.4633,-2.4179,0.0220,-0.4456,0,0,0,0.00000,3
0.4781,4.7912,2.4721,11.5252,1.2569,0.0199,-0.5370,0,0,0,0.00000,3
0.4813,4.8818,2.4783,11.8422,-0.3101,0.0047,-0.8251,0,1,0,0.21333,1
0.3907,4.0313,2.6774,12.7831,-2.5381,0.0450,-1.4771,0,1,0,1.09598,1
0.5483,5.1832,2.2695,11.4392,0.2285,0.0699,-0.6114,0,0,0,0.00000,1
0.4749,5.1137,2.5563,13.2514,-3.1274,0.0407,-2.3104,1,1,0,1.69005,1
0.3506,3.7985,2.8137,13.2660,2.4498,0.0192,-1.6611,0,1,1,2.19069,1
0.3856,4.0367,2.7040,12.4733,-2.0665,0.0145,-1.1496,1,1,0,1.16607,1
0.4157,4.0717,2.5698,11.3109,-2.4658,0.0900,-0.3559,0,0,0,0.00000,1
0.4940,4.8231,2.4125,12.8175,1.7827,0.0094,-1.8654,0,0,1,1.34625,1
0.5307,5.2541,2.3509,11.3861,-1.3164,0.0149,-0.4667,0,0,0,0.00000,3
0.4012,4.3255,2.7087,11.7606,2.6394,0.0218,-0.6193,0,1,0,0.21807,3
0.5108,5.1906,2.4191,11.3390,2.4316,0.0046,-0.3837,0,0,0,0.00000,3
0.3949,4.2681,2.7241,11.6736,-2.0150,0.0268,-0.5454,0,1,0,0.31858,1
0.5356,5.5292,2.3823,11.3856,2.7228,0.0150,-0.4737,0,0,0,0.00000,1
0.3953,4.0293,2.6538,11.3623,2.1243,0.0691,-0.3524,0,0,0,0.00000,3
0.4051,4.0798,2.6214,12.0156,-2.1336,0.0130,-0.8232,0,0,1,0.57098,3
0.3994,4.2599,2.6994,11.4096,2.8727,0.1420,-0.4780,0,0,0,0.00000,1
0.4163,4.2983,2.6280,12.9657,-1.6634,0.0060,-1.6812,1,0,2,2.98873,1
0.3474,3.8332,2.8428,12.7220,2.7129,0.1659,-1.4468,0,1,0,1.40274,0
0.3971,4.1085,2.6680,11.7706,-1.6810,0.0057,-0.5992,0,1,0,0.44194,1
0.3932,3.9662,2.6461,12.6609,1.5994,0.0157,-1.3339,0,0,3,1.26800,1
0.3875,4.0781,2.7066,12.0727,1.6228,0.0344,-0.8571,0,1,0,0.64893,1
0.4432,4.5706,2.5733,11.3886,-2.4235,0.0299,-0.3811,0,0,0,0.00000,3
0.4546,4.7006,2.5534,12.2555,-2.3775,0.0573,-1.2289,1,1,0,0.95003,1
0.4361,4.2651,2.5287,11.3740,2.9668,0.0483,-0.3814,0,0,0,0.00000,1
0.4532,4.2434,2.4495,11.3899,-0.8179,0.0566,-0.4240,0,0,0,0.00000,1
0.4551,4.4778,2.4982,11.4176,2.9851,0.0241,-0.4130,0,0,0,0.00000,1
0.5631,5.1175,2.2024,11.3769,-0.1333,0.0112,-0.4921,0,0,0,0.00000,3
0.4545,4.3989,2.4819,11.4780,-2.4567,0.0474,-0.4934,0,0,0,0.00000,1
0.4118,4.3743,2.6698,12.5225,2.2060,0.0247,-1.2939,0,1,1,1.05865,1
0.5412,5.6013,2.3727,11.4549,-0.0844,0.0148,-0.5532,0,0,0,0.00000,1
0.5347,4.9662,2.2808,11.3162,0.2440,0.0024,-0.3838,0,0,0,0.00000,1
0.3861,4.0570,2.7076,12.0813,-2.3888,0.0814,-0.9232,0,1,0,0.70608,3
0.4118,4.2994,2.6497,11.3120,2.1625,0.0444,-0.3013,0,0,0,0.00000,3
0.4727,4.6572,2.4650,11.7179,1.0242,0.0041,-0.6884,0,0,2,0.66224,3
0.5213,4.8808,2.3157,11.4316,0.5759,0.0217,-0.5074,0,0,0,0.00000,3
0.3704,3.9496,2.7559,11.2783,-2.2228,0.0496,-0.2444,0,0,0,0.00000,1
0.5904,5.5086,2.1684,11.6713,-0.0973,0.0368,-0.9002,0,0,0,0.00000,3
0.5093,4.8076,2.3480,11.5908,-1.7904,0.0245,-0.6532,0,0,0,0.00000,1
0.4734,4.8976,2.5156,12.6559,0.4655,0.0034,-1.6076,0,0,2,0.82723,1
0.4244,4.3963,2.6160,13.0123,2.8126,0.0069,-1.7618,1,1,1,1.48492,1
0.5190,5.3757,2.4214,12.1709,-2.8674,0.0093,-1.2592,0,1,1,0.64715,3
0.4377,4.6358,2.6146,11.9907,2.5588,0.0247,-0.8940,0,0,1,0.39296,3
0.6085,5.6106,2.1190,11.9244,-0.9695,0.0183,-1.2175,0,1,0,0.22989,1
0.5763,5.8238,2.2720,12.3008,-1.9056,0.0274,-1.6047,0,1,0,0.60484,1
0.4253,4.3160,2.5910,11.4078,-2.1903,0.0143,-0.3581,0,0,0,0.00000,3
0.5043,4.6383,2.3322,11.4489,-1.1369,0.0379,-0.5211,0,0,0,0.00000,3
0.3839,3.9543,2.6882,11.3774,-2.4242,0.0590,-0.3404,0,0,0,0.00000,3
0.5074,4.8709,2.3682,11.3314,-0.3612,0.0038,-0.3704,0,0,0,0.00000,3
0.5055,5.2662,2.4561,12.8425,2.2386,0.0070,-1.9401,1,1,0,1.44761,1
0.5225,5.5361,2.4373,11.5394,-2.9246,0.0504,-0.6569,0,0,0,0.00000,1
0.4294,4.6521,2.6573,11.8701,3.0564,0.0188,-0.7622,0,1,0,0.42794,3
0.4382,4.4582,2.5682,11.8981,1.7081,0.0235,-0.8102,0,0,1,0.39109,3
0.4349,4.3728,2.5616,11.6175,2.7104,0.0699,-0.6154,0,1,0,0.23390,1
0.3607,3.9557,2.8091,12.3889,-2.7394,0.1740,-1.2309,0,0,3,0.94400,1
0.4602,4.4287,2.4646,12.2865,-1.6207,0.0410,-1.2509,0,1,0,0.98757,1
0.3768,4.0280,2.7464,11.4939,-2.7046,0.1484,-0.5240,0,0,0,0.00000,1
0.5232,4.8320,2.2988,12.2994,1.3727,0.0138,-1.4117,0,0,1,0.83184,1
0.6505,5.9082,2.0137,11.5002,0.4424,0.1396,-0.9299,0,0,0,0.00000,3
0.4412,4.2048,2.4911,11.2804,2.5732,0.0042,-0.2564,0,0,0,0.00000,3
0.5759,5.7603,2.2632,11.3305,-1.9882,0.0325,-0.4859,0,0,0,0.00000,1
0.4800,5.1709,2.5461,11.4997,1.7311,0.0700,-0.5771,0,0,0,0.00000,3
0.4743,5.0369,2.5422,11.5039,2.4119,0.0334,-0.5289,0,0,0,0.00000,3
0.3291,3.6334,2.8791,11.9860,-2.6977,0.0740,-0.7098,0,1,0,0.57836,0
0.4331,4.4153,2.5806,11.9287,-3.0215,0.0064,-0.8038,0,0,2,1.06801,3
0.4227,4.5852,2.6726,12.9804,2.5255,0.1040,-1.8916,1,1,2,1.82846,1
0.3860,4.0018,2.6920,12.8350,-3.1170,0.0077,-1.4419,0,1,1,1.52885,1
0.4557,4.7781,2.5665,13.1187,-2.1230,0.0168,-2.0294,0,1,1,1.32612,1
0.4761,4.7831,2.4788,11.2804,2.3331,0.0597,-0.3544,0,0,0,0.00000,1
0.4729,4.8141,2.4994,12.0968,1.3474,0.0093,-1.0580,0,1,0,0.64848,3
0.5383,5.0075,2.2747,11.2366,-0.3000,0.0435,-0.3546,0,0,0,0.00000,3
0.4382,4.7942,2.6510,11.5461,2.5050,0.0997,-0.5940,0,0,0,0.00000,3
0.4620,4.4873,2.4709,12.3679,-1.5426,0.0302,-1.3200,0,0,1,0.85412,1
0.4882,5.0710,2.4894,11.8726,-3.0010,0.0210,-0.8913,0,0,1,0.34904,3
0.4631,4.4576,2.4592,11.4570,0.8385,0.0452,-0.4832,0,0,0,0.00000,1
0.5818,5.4886,2.1968,12.3983,0.1157,0.0616,-1.7922,0,0,1,0.84166,1
0.4493,4.4896,2.5264,11.2331,-1.3469,0.0090,-0.2296,0,0,0,0.00000,3
0.4734,4.9159,2.5196,11.7260,-1.9951,0.0631,-0.7729,0,0,1,0.45510,3
0.5197,5.4580,2.4342,11.3461,-1.2648,0.0604,-0.4673,0,0,0,0.00000,1
0.4968,4.6091,2.3556,11.4603,-1.1366,0.0232,-0.5042,0,0,0,0.00000,3
0.5337,5.6729,2.4160,11.3639,1.2852,0.0309,-0.4683,0,0,0,0.00000,3
0.3793,4.0673,2.7451,12.2039,-2.6381,0.0918,-1.0197,0,1,0,0.87477,3
0.6550,6.1585,2.0308,11.3574,-0.4851,0.1198,-0.7285,0,0,0,0.00000,3
0.4585,5.0277,2.6110,12.0135,2.6245,0.1251,-1.0981,0,1,0,0.75528,1
0.5178,4.8498,2.3232,11.2514,-0.6840,0.0032,-0.3022,0,0,0,0.00000,3
0.4801,5.0082,2.5106,11.7235,1.7609,0.0347,-0.7475,0,0,1,0.15789,3
0.5095,5.3596,2.4578,11.4232,-2.0673,0.0155,-0.4784,0,0,0,0.00000,3
0.3976,4.0715,2.6548,11.6563,2.9991,0.0221,-0.5299,0,1,0,0.35581,3
0.5426,5.4839,2.3460,12.7694,-0.8726,0.0285,-2.0461,0,0,2,1.04929,1
0.5095,5.3366,2.4533,11.3761,-1.8064,0.0039,-0.4183,0,0,0,0.00000,3
0.4070,4.2567,2.6613,12.2070,2.9169,0.0642,-1.0598,0,1,0,0.84869,1
0.4354,4.2266,2.5221,11.2721,1.6830,0.0069,-0.2475,0,0,0,0.00000,3
0.5200,5.0751,2.3589,11.3423,0.5001,0.0544,-0.4558,0,0,0,0.00000,1
0.4558,4.4718,2.4941,12.0890,2.2547,0.0290,-1.0327,0,0,1,0.69305,1
0.5118,4.9976,2.3764,11.4192,1.2691,0.0345,-0.4987,0,0,0,0.00000,3
0.3315,3.6490,2.8704,12.9692,2.2181,0.0418,-1.3810,1,2,0,0.92546,1
0.3787,4.1515,2.7735,11.4983,2.2441,0.0510,-0.4161,0,0,0,0.00000,1
0.4098,4.3599,2.6757,11.8775,3.1392,0.0250,-0.7355,0,1,0,0.60509,3
0.4345,4.2842,2.5409,11.2872,2.5324,0.0715,-0.3332,0,0,0,0.00000,1
0.4593,4.2845,2.4340,11.3560,1.6040,0.0145,-0.3514,0,0,0,0.00000,3
0.4686,4.5544,2.4589,11.8451,-2.2111,0.0015,-0.7958,0,1,0,0.28231,3
0.3704,3.8705,2.7314,12.7417,2.4695,0.0177,-1.3200,0,1,0,1.48505,1
0.4917,4.8944,2.4371,11.3587,2.7818,0.0066,-0.3826,0,0,0,0.00000,3
0.3939,3.9684,2.6432,12.4416,-2.5614,0.0709,-1.2332,0,1,2,0.56235,1
0.5970,5.9718,2.2163,11.6204,-0.4783,0.0558,-0.8797,0,0,0,0.00000,1
0.4219,4.4744,2.6477,12.7417,1.8638,0.0101,-1.5057,0,1,0,1.42301,1
0.4069,4.4444,2.7127,12.8482,1.8414,0.0436,-1.5976,1,1,0,0.39180,1
0.4033,4.2861,2.6873,11.2805,1.9824,0.0318,-0.2544,0,0,0,0.00000,1
0.4074,4.2182,2.6490,12.3039,1.9966,0.0015,-1.0557,0,0,1,0.95552,1
0.3732,3.8662,2.7152,13.0275,-1.8042,0.0100,-1.5540,0,0,1,1.39670,1
0.4713,4.7257,2.4862,11.4887,-2.8571,0.0099,-0.4815,0,0,0,0.00000,3
0.3908,4.3045,2.7552,12.3416,2.5576,0.0497,-1.1076,0,0,2,0.86046,2
0.4888,5.1646,2.5062,11.5163,2.4866,0.0221,-0.5481,0,0,0,0.00000,3
0.4770,4.5576,2.4244,11.4477,0.8896,0.0193,-0.4618,0,0,0,0.00000,3
0.4454,4.2266,2.4787,11.6230,0.9706,0.0076,-0.5593,0,1,0,0.21701,3
0.5033,5.0705,2.4258,12.9082,-1.7558,0.0057,-1.9992,0,1,1,1.67015,1
0.3924,4.0675,2.6791,12.5080,3.0792,0.0825,-1.3027,0,0,0,0.00000,1
0.4460,4.4513,2.5315,12.1191,2.1137,0.0261,-1.0321,0,1,0,0.73398,1
0.6021,5.6369,2.1462,11.8491,-0.1032,0.0240,-1.1194,0,1,0,0.19530,1
0.5176,5.0800,2.3695,11.4029,1.4060,0.0316,-0.4867,0,0,0,0.00000,3
0.3776,3.9393,2.7156,11.3693,1.9870,0.0460,-0.3131,0,0,0,0.00000,1
0.4023,4.1811,2.6629,11.8135,-3.1218,0.0501,-0.6994,0,0,1,0.22254,3
0.3553,3.8284,2.7979,12.5214,-3.0272,0.1468,-1.2835,0,0,2,0.75510,1
0.4970,4.8340,2.4028,12.0871,1.1843,0.0310,-1.1397,0,0,2,0.78430,1
0.4653,4.5916,2.4812,11.4932,-2.3035,0.0619,-0.5396,0,0,0,0.00000,1
0.4610,4.9169,2.5747,12.8039,1.5164,0.0141,-1.7277,0,0,1,1.05231,1
0.4352,4.6583,2.6315,12.5322,3.0205,0.0539,-1.4271,0,1,0,1.00303,1
0.3969,4.1887,2.6919,12.4207,-2.8825,0.0958,-1.2603,0,1,1,1.03345,1
0.4175,4.4099,2.6520,12.4242,2.8265,0.0600,-1.2770,0,1,0,1.17039,1
0.5055,5.3679,2.4760,11.7469,0.3602,0.0115,-0.7902,0,0,0,0.00000,1
0.5033,5.5133,2.5143,11.8546,-2.1346,0.0351,-0.9258,0,1,1,0.56862,3
0.3907,4.2656,2.7445,11.8344,3.1033,0.0114,-0.6456,0,0,2,0.54164,1
0.3699,3.9879,2.7703,11.5027,-2.0821,0.0528,-0.4102,0,0,0,0.00000,1
0.3906,4.2093,2.7290,12.9682,-2.7317,0.0365,-1.6248,0,0,2,3.48144,1
0.4479,4.7064,2.5848,12.0090,-1.3865,0.0026,-0.9053,0,0,1,0.60491,1
0.3644,3.9420,2.7852,11.6692,2.5984,0.1260,-0.6123,0,1,0,0.23543,3
0.4420,4.5811,2.5816,11.4053,-1.2967,0.0178,-0.3799,0,0,0,0.00000,1
0.3777,4.0248,2.7410,11.6116,2.6667,0.2104,-0.6907,0,0,0,0.00000,1
0.4735,4.7695,2.4866,12.4642,-1.1506,0.0309,-1.4554,0,1,0,0.99156,1
0.3670,4.0292,2.7981,13.1604,3.1145,0.0408,-1.6916,1,1,1,1.25596,1
0.4357,4.6129,2.6180,13.0490,2.1469,0.0103,-1.8548,0,1,1,2.02397,1
0.4563,4.3299,2.4577,11.4347,-1.4758,0.0276,-0.4332,0,0,0,0.00000,3
0.3794,4.1035,2.7557,12.4742,-2.5020,0.0547,-1.1890,0,1,3,1.61710,1
0.5461,5.7351,2.3762,11.4666,2.1933,0.0003,-0.5557,0,0,0,0.00000,3
0.3871,4.2225,2.7505,11.3339,-2.4655,0.0189,-0.2659,0,0,0,0.00000,1
0.4091,4.1739,2.6286,11.4075,-2.8506,0.0009,-0.3239,0,0,0,0.00000,1
0.5010,5.0239,2.4259,12.1916,-0.6759,0.0177,-1.2407,0,0,2,0.79081,1
0.3820,3.9654,2.7010,12.3237,-2.2400,0.0570,-1.0771,0,0,2,0.81825,1
0.4021,4.2726,2.6896,12.4328,-2.7987,0.0675,-1.2461,0,1,0,0.34461,1
0.4468,4.4184,2.5200,11.4201,-1.5947,0.0041,-0.3816,0,0,0,0.00000,3
0.4611,4.3100,2.4328,11.6352,0.9299,0.0733,-0.6774,0,0,0,0.00000,1
0.6219,5.8410,2.1053,11.3983,0.8754,0.0385,-0.6313,0,0,0,0.00000,1
0.5077,4.6850,2.3288,11.8588,-2.4469,0.0046,-0.8941,0,1,0,0.49113,1
0.4442,4.4607,2.5421,11.2752,-2.3343,0.0271,-0.2816,0,0,0,0.00000,3
0.4635,4.6979,2.5138,11.5279,0.9128,0.0185,-0.5167,0,1,0,0.19747,1
0.5036,4.7856,2.3660,11.4544,1.3009,0.0339,-0.5212,0,0,0,0.00000,3
0.4653,4.3485,2.4244,11.9423,0.9771,0.0249,-0.9103,0,1,0,0.53254,1
0.3734,4.0894,2.7828,11.4269,2.5771,0.1131,-0.4280,0,0,0,0.00000,3
0.4764,4.6064,2.4378,11.7139,-2.3117,0.0425,-0.7399,0,0,1,0.25331,1
0.3664,3.8534,2.7466,11.9487,-2.6040,0.0931,-0.7882,0,0,1,0.24669,3
0.4180,4.2117,2.5972,11.6395,-2.7102,0.0498,-0.5824,0,0,0,0.00000,1
0.5050,5.5215,2.5083,11.8315,-1.0923,0.0200,-0.8866,0,0,1,0.24626,1
0.4623,4.6960,2.5184,11.3046,2.9308,0.0513,-0.3528,0,0,0,0.00000,1
0.3963,4.1178,2.6747,11.9360,-2.4927,0.0190,-0.7468,0,0,1,0.60180,3
0.3855,3.9385,2.6755,11.5037,-1.7568,0.0186,-0.3904,0,0,1,0.27298,1
0.4796,4.5586,2.4138,11.7827,-1.7312,0.0093,-0.7685,0,1,0,0.47503,3
0.6200,6.0064,2.1358,11.4069,0.6931,0.0854,-0.6977,0,0,0,0.00000,3
0.4401,4.3161,2.5240,12.5354,3.0843,0.0068,-1.3729,0,1,1,1.29619,1
0.4255,4.6832,2.6838,12.2467,2.9405,0.0695,-1.1541,0,1,0,0.60725,3
0.4809,5.1216,2.5317,11.6928,-2.6350,0.0369,-0.7225,0,1,0,0.26718,3
0.4388,4.2047,2.5017,11.7373,-2.0258,0.0206,-0.6646,0,0,1,0.43693,3
0.4562,4.5574,2.5126,11.7755,-2.3877,0.0471,-0.7660,0,1,0,0.52063,1
0.4909,5.1351,2.4910,12.0725,-2.6191,0.0503,-1.1378,0,0,1,0.32408,1
0.4013,4.0946,2.6436,11.5731,-1.9606,0.0074,-0.4522,0,0,2,0.50121,1
0.4784,4.4560,2.3957,11.5190,1.9221,0.0210,-0.5315,0,0,0,0.00000,1
0.5173,5.4448,2.4416,11.3875,1.7026,0.0263,-0.4660,0,0,0,0.00000,3
0.4211,4.3103,2.6086,11.7713,1.8997,0.0559,-0.7069,0,0,1,0.22607,3
0.3920,3.9681,2.6525,12.1821,2.5708,0.0174,-0.9333,0,0,1,0.74503,1
0.5406,5.4729,2.3518,11.6775,-2.1817,0.0184,-0.7922,0,0,0,0.00000,1
0.3501,3.7400,2.7968,12.3724,2.3821,0.0339,-0.9881,0,1,0,0.88843,1
0.6265,6.0863,2.1233,11.8777,0.5729,0.0381,-1.2333,0,1,0,0.39228,3
0.5487,5.2831,2.2858,11.3946,0.6775,0.0062,-0.4879,0,0,0,0.00000,3
0.5937,5.4471,2.1467,11.3840,0.6103,0.0122,-0.5421,0,0,0,0.00000,1
0.5167,4.8129,2.3201,11.5871,1.0820,0.0269,-0.6642,0,0,0,0.00000,3
0.4555,4.5340,2.5101,11.3938,-2.4868,0.0242,-0.3928,0,0,0,0.00000,3
0.3994,4.2175,2.6875,12.3664,-2.4141,0.0141,-1.1035,1,1,0,0.67814,1
0.5723,5.6615,2.2609,11.5554,-1.5705,0.0002,-0.6908,0,0,0,0.00000,1
0.5129,4.7757,2.3271,11.3875,0.5645,0.0376,-0.4714,0,0,0,0.00000,3
0.5117,5.3732,2.4512,11.8755,-2.2066,0.0596,-0.9967,0,0,1,0.56235,1
0.3708,3.9981,2.7685,11.4643,-2.7507,0.0640,-0.3962,0,0,0,0.00000,3
0.4596,4.8020,2.5545,11.4181,-1.7529,0.0375,-0.4356,0,0,0,0.00000,3
0.3846,3.9344,2.6789,11.9083,2.9468,0.0058,-0.6829,0,0,1,0.61110,1
0.3764,4.1000,2.7698,12.3538,2.6768,0.0589,-1.0875,0,0,0,0.00000,3
0.3577,3.9152,2.8127,11.6503,-2.6066,0.0196,-0.4606,0,1,0,0.31066,1
0.4085,4.3151,2.6697,11.8908,2.5335,0.0180,-0.7348,0,0,1,0.42436,3
0.4175,4.5810,2.6969,12.1647,-2.7900,0.1208,-1.1280,0,0,1,0.81761,1
0.5168,5.2293,2.4021,12.6135,-0.6110,0.0146,-1.7421,0,0,1,1.26796,1
0.3818,4.1171,2.7470,12.7449,-2.0309,0.0156,-1.3634,0,1,1,1.28514,1
0.4297,4.5086,2.6198,12.3987,1.5196,0.0369,-1.2589,0,1,0,1.01739,1
0.5238,4.8399,2.2979,11.8294,1.2541,0.0218,-0.9211,0,0,1,0.32309,1
0.5684,5.5548,2.2579,12.6316,-0.2534,0.0456,-2.0094,0,0,2,1.14972,1
0.4959,5.1115,2.4650,12.6007,0.2358,0.0048,-1.6361,0,0,1,0.81494,1
0.4778,4.7527,2.4646,11.3251,0.2663,0.0286,-0.3613,0,0,0,0.00000,1
0.4027,4.1757,2.6595,11.5389,2.9946,0.1261,-0.5685,0,1,0,0.28730,1
0.5339,5.6632,2.4132,11.4527,2.0116,0.0358,-0.5665,0,0,0,0.00000,3
0.4756,4.4065,2.3955,11.3895,-0.3524,0.0258,-0.4136,0,0,0,0.00000,3
0.5621,5.4565,2.2653,12.0268,-0.2915,0.0079,-1.2109,0,0,1,0.80948,1
0.4186,4.2571,2.6066,11.4486,-2.9784,0.0681,-0.4467,0,0,0,0.00000,1
0.4286,4.1537,2.5336,11.9993,-1.9779,0.0209,-0.8735,0,1,0,0.19487,1
0.3661,3.8914,2.7601,11.4565,2.7430,0.1640,-0.5006,0,0,0,0.00000,1
0.3346,3.6446,2.8511,13.3505,-2.8663,0.0199,-1.6494,0,2,0,0.71514,1
0.4989,5.0514,2.4401,11.4766,1.1817,0.0129,-0.5124,0,0,0,0.00000,3
0.4955,5.4685,2.5391,11.6663,2.0141,0.0454,-0.7344,0,0,0,0.00000,2
0.5061,4.9227,2.3841,12.6229,2.0646,0.0203,-1.7201,0,0,1,1.03379,1
0.4592,4.8741,2.5732,12.2902,-2.2050,0.0235,-1.2281,0,1,0,0.93449,3
0.4206,4.3344,2.6177,11.3924,2.0933,0.0402,-0.3704,0,0,0,0.00000,3
0.3790,3.9648,2.7163,12.1185,2.5395,0.0372,-0.8762,0,1,0,0.89367,3
0.4824,4.9087,2.4792,11.3958,0.6217,0.0291,-0.4331,0,0,0,0.00000,1
0.4501,4.7121,2.5763,11.4869,-3.1342,0.0820,-0.5374,0,0,0,0.00000,1
0.4319,4.2790,2.5510,12.1053,1.4467,0.0038,-0.9524,0,1,0,0.77064,1
0.4945,4.8103,2.4079,11.3796,-1.1936,0.0288,-0.4314,0,0,0,0.00000,3
0.5548,5.7395,2.3423,11.6338,3.0963,0.0143,-0.7666,0,0,0,0.00000,1
0.5197,5.0810,2.3613,12.5595,0.9099,0.0490,-1.7468,0,1,1,1.04340,1
0.3704,4.0647,2.7908,12.8500,2.9230,0.0862,-1.5192,0,0,1,1.54598,1
0.3664,3.9679,2.7825,13.0321,-3.1214,0.0262,-1.5560,0,0,1,1.63952,1
0.4879,4.9068,2.4557,11.9514,1.5206,0.0066,-0.9484,0,0,2,0.72341,3
0.4514,4.8258,2.5973,12.9559,1.6003,0.0069,-1.8275,1,1,1,1.15121,1
0.6030,6.0250,2.2016,11.2736,-1.4156,0.0078,-0.4251,0,0,0,0.00000,1
0.3560,3.8301,2.7945,11.9689,-2.5292,0.0250,-0.6934,0,1,0,0.68743,1
0.4113,4.0487,2.5837,12.0794,2.0550,0.0304,-0.9145,0,0,1,0.76509,1
0.3732,4.0405,2.7688,12.0756,-2.6135,0.0096,-0.7925,0,1,1,0.68009,1
0.3985,4.2801,2.7092,11.4145,-2.1832,0.0582,-0.3841,0,0,0,0.00000,3
0.5300,5.6647,2.4299,11.4939,-1.6592,0.0635,-0.6373,0,0,0,0.00000,3
0.3502,3.7774,2.8087,12.9508,2.8325,0.1271,-1.5886,1,2,0,1.72000,1
0.4233,4.3522,2.6095,13.0575,-1.8017,0.0074,-1.8003,3,1,1,1.57334,1
0.3928,4.0847,2.6823,11.8568,-2.7238,0.0305,-0.6908,0,1,1,0.60582,3
0.3726,3.9900,2.7567,12.2723,2.9113,0.0443,-0.9907,0,0,1,0.77066,3
0.3536,3.8725,2.8215,12.8376,-2.9051,0.0322,-1.3546,0,0,1,1.59621,1
0.4936,4.7528,2.3993,11.9149,-1.1463,0.0015,-0.9168,0,0,1,0.43539,1
0.4754,4.9443,2.5170,11.6832,1.0276,0.0177,-0.6793,0,0,1,0.35383,1
0.5329,4.9267,2.2800,11.3636,1.6718,0.0082,-0.4369,0,0,0,0.00000,1
0.4936,5.1237,2.4774,12.9854,-0.1884,0.0014,-2.0350,0,0,1,1.52030,1
0.3984,4.3742,2.7362,11.3613,-2.2553,0.0499,-0.3331,0,0,0,0.00000,1
0.4353,4.2080,2.5178,12.4517,1.2331,0.0269,-1.3093,0,0,1,1.03442,1
0.4199,4.5003,2.6643,11.4568,2.1738,0.0591,-0.4448,0,0,0,0.00000,3
0.4876,5.1573,2.5100,12.2953,-0.6679,0.0066,-1.2945,0,0,1,0.69285,1
0.3624,3.9533,2.7994,11.7077,-2.4968,0.2102,-0.7402,0,1,0,0.29091,1
0.4451,4.3649,2.5143,12.7472,2.5103,0.0164,-1.6091,1,1,0,1.12834,1
0.3796,4.1015,2.7538,12.4464,-2.7390,0.1383,-1.2884,0,1,0,0.88182,1
0.5283,5.5546,2.4167,12.1196,-1.1387,0.0408,-1.2744,0,0,2,0.54357,1
0.3841,3.9679,2.6912,12.5228,-2.4167,0.0242,-1.1997,0,1,0,1.09424,1
0.3460,3.7982,2.8390,13.1517,-2.1805,0.0230,-1.5546,1,0,1,1.14298,1
0.4721,4.8610,2.5130,11.4162,3.0389,0.0623,-0.4786,0,0,0,0.00000,1
0.5022,4.9358,2.4028,11.3590,-0.6266,0.0188,-0.4092,0,0,0,0.00000,3
0.3885,3.9483,2.6635,11.3938,2.8842,0.0979,-0.4026,0,0,0,0.00000,1
0.3838,3.9337,2.6823,12.2163,1.5582,0.0036,-0.9204,0,1,2,1.05815,1
0.4509,4.8582,2.6068,11.6154,-2.8246,0.0234,-0.5833,0,1,0,0.23161,3
0.4859,4.7094,2.4215,11.8732,-2.2773,0.0232,-0.8878,0,0,1,0.28596,1
0.4962,5.0252,2.4459,12.8082,0.4914,0.0132,-1.8727,0,1,0,1.47817,1
0.4653,5.0068,2.5756,12.6803,-2.1008,0.0189,-1.6278,0,0,1,1.24549,1
0.4715,4.9090,2.5267,11.8626,1.1360,0.0231,-0.8485,0,0,1,0.38373,1
0.4166,4.5521,2.6937,11.9727,-2.6885,0.0144,-0.8170,0,0,1,0.57077,1
0.3512,3.8518,2.8277,12.4472,-2.5199,0.0621,-1.0880,0,1,0,1.12568,3
0.4414,4.6454,2.5998,11.2802,-2.7565,0.0417,-0.3003,0,0,0,0.00000,3
0.4418,4.4185,2.5421,11.3558,2.6769,0.0782,-0.4071,0,0,0,0.00000,1
0.3932,4.0741,2.6772,11.4067,2.3552,0.0895,-0.4080,0,0,0,0.00000,3
0.3905,4.0912,2.6957,11.5618,2.3119,0.0059,-0.4266,0,1,0,0.23082,1
0.5219,5.0604,2.3488,11.8387,-3.0208,0.0080,-0.9102,0,1,0,0.36006,1
0.4142,4.1933,2.6099,12.9274,2.1286,0.0108,-1.6445,0,1,1,1.48205,1
0.5069,4.8376,2.3636,11.2936,-1.2643,0.0373,-0.3722,0,0,0,0.00000,3
0.4627,4.9843,2.5825,12.2221,1.2120,0.0090,-1.1528,0,0,1,0.27960,1
0.4382,4.4778,2.5733,11.8772,1.6156,0.0169,-0.7831,0,1,0,0.21807,3
0.4782,4.5045,2.4073,11.3951,-1.0287,0.0007,-0.3925,0,0,0,0.00000,3
0.3982,4.0512,2.6464,11.4336,1.4353,0.0269,-0.3620,0,0,0,0.00000,1
0.4753,4.4150,2.3986,12.3992,0.9438,0.0428,-1.4118,1,1,0,0.75904,1
0.3876,4.0261,2.6912,12.4949,2.5922,0.0017,-1.1545,0,0,1,1.20271,1
0.4923,5.3630,2.5320,12.2442,-2.6740,0.0338,-1.2959,0,1,0,0.65991,3
0.4606,4.3181,2.4366,11.9147,-0.1807,0.0046,-0.8467,0,0,1,0.47406,1
0.4132,4.2863,2.6397,12.7753,1.6803,0.0199,-1.5175,0,1,0,0.23988,1
0.4687,4.3436,2.4092,11.3621,1.0106,0.0178,-0.3712,0,0,0,0.00000,3
0.4598,4.6326,2.5145,12.5476,2.0922,0.0477,-1.5181,0,1,0,1.09337,1
0.4418,4.7468,2.6228,11.4791,1.8829,0.0871,-0.5253,0,0,0,0.00000,3
0.4020,4.3917,2.7229,11.6769,-2.5599,0.0323,-0.5665,0,0,2,0.39535,3
0.4221,4.3012,2.6016,11.7565,-1.0239,0.0084,-0.6365,0,1,0,0.49100,1
0.4065,4.1715,2.6400,11.8850,-3.0854,0.0758,-0.7998,0,1,0,0.25716,1
0.5008,4.9455,2.4103,11.3518,-0.4260,0.0206,-0.4029,0,0,0,0.00000,1
0.4923,5.0755,2.4729,11.5015,1.9717,0.0375,-0.5569,0,0,0,0.00000,3
0.4805,4.6801,2.4374,11.6732,1.5561,0.0323,-0.6954,0,0,1,0.35269,3
0.4553,4.9444,2.6070,12.0485,-2.7644,0.0292,-0.9958,0,1,0,0.58792,3
0.4669,4.5889,2.4739,11.4607,3.1096,0.0306,-0.4744,0,0,0,0.00000,1
0.3486,3.7257,2.8006,12.4980,-2.6144,0.0317,-1.0744,1,1,0,1.28372,1
0.4451,4.5013,2.5478,11.2881,1.3393,0.0215,-0.2872,0,0,0,0.00000,1
0.4593,4.2688,2.4301,11.2908,-2.9944,0.0136,-0.2931,0,0,0,0.00000,1
0.4786,4.6578,2.4401,11.3617,0.6804,0.0417,-0.4110,0,0,0,0.00000,1
0.4136,4.1249,2.5939,12.0554,-1.8312,0.0098,-0.8721,0,0,1,0.73207,3
0.4540,4.5140,2.5116,11.5366,2.9515,0.0424,-0.5393,0,0,0,0.00000,1
0.4942,4.6740,2.3800,11.6272,-0.3526,0.0129,-0.6496,0,0,1,0.17542,3
0.3846,4.0805,2.7220,12.1754,2.7488,0.1073,-1.0317,0,0,1,0.67522,1
0.4655,5.0720,2.5893,11.7228,-2.4383,0.1372,-0.8481,0,0,0,0.00000,1
0.4752,4.9577,2.5210,11.4605,-3.1171,0.0601,-0.5212,0,0,0,0.00000,1
0.4355,4.1807,2.5099,11.4575,3.0577,0.0117,-0.4081,0,0,0,0.00000,3
0.3866,4.2356,2.7569,11.9748,2.3172,0.0261,-0.7665,0,1,0,0.57890,1
0.4518,4.5677,2.5345,11.3844,-1.4988,0.0040,-0.3568,0,0,0,0.00000,3
0.4462,4.3255,2.5000,11.3827,1.2462,0.0336,-0.3830,0,0,0,0.00000,3
0.3784,3.9121,2.7032,11.4105,3.0411,0.0496,-0.3484,0,0,0,0.00000,3
0.4372,4.2096,2.5097,11.7884,2.5379,0.0458,-0.7389,0,0,2,0.55215,1
0.4351,4.6166,2.6220,12.6958,-1.7314,0.0041,-1.5039,0,1,0,1.30314,1
0.3408,3.6779,2.8277,11.3434,-3.0801,0.0387,-0.2515,0,0,0,0.00000,1
0.4425,4.6274,2.5903,12.6644,-0.9299,0.0033,-1.5004,1,1,0,1.44033,1
0.4387,4.5263,2.5828,11.4792,2.1080,0.0108,-0.4307,0,0,0,0.00000,3
0.4742,4.9682,2.5277,11.4330,0.1500,0.0021,-0.4259,0,0,0,0.00000,1
0.5565,5.1661,2.2354,11.6001,-0.0776,0.0320,-0.7514,0,0,1,0.28140,3
0.5459,5.1646,2.2751,11.5431,0.3349,0.0150,-0.6514,0,0,0,0.00000,3
0.4306,4.3686,2.5803,11.9047,2.3649,0.0183,-0.7928,0,1,0,0.17499,3
0.5465,5.1286,2.2664,11.5931,-0.6035,0.0161,-0.7068,0,0,0,0.00000,3
0.5135,4.9396,2.3579,12.3001,2.7841,0.0055,-1.3724,0,0,0,0.00000,1
0.4885,4.5918,2.3850,11.3164,0.6340,0.0538,-0.3934,0,0,0,0.00000,1
0.4114,4.4465,2.6912,11.7811,-2.9147,0.1051,-0.7586,0,0,1,0.46659,1
0.4531,4.9392,2.6156,12.0691,-1.7384,0.0134,-0.9889,0,0,1,0.61056,1
0.4952,4.7529,2.3929,12.6101,-0.9839,0.0021,-1.6348,0,0,2,1.11664,1
0.4134,4.5314,2.7036,11.5146,2.4712,0.0357,-0.4566,0,0,0,0.00000,3
0.3985,4.1029,2.6595,11.8433,2.2899,0.0803,-0.7545,0,0,1,0.18705,3
0.3622,3.9967,2.8141,12.9567,2.6769,0.0948,-1.5889,0,1,1,1.58734,0
0.4468,4.5556,2.5534,12.9865,1.1980,0.0163,-1.8529,0,1,0,1.17177,1
0.4094,4.2639,2.6515,11.2163,2.7479,0.0356,-0.2137,0,0,0,0.00000,3
0.4539,4.8808,2.5984,11.9866,2.4703,0.1337,-1.0727,0,1,0,0.20149,1
0.5001,4.9238,2.4089,12.0551,0.5567,0.0430,-1.1318,0,0,2,0.49125,1
0.4848,4.4835,2.3757,12.5998,-0.6352,0.0321,-1.6346,0,0,2,1.13053,1
0.3681,4.0225,2.7904,11.4424,2.5256,0.0431,-0.3529,0,0,0,0.00000,1
0.5253,5.4688,2.4129,12.0738,3.0168,0.0178,-1.1842,0,0,2,0.28987,1
0.3867,4.2191,2.7516,11.4753,2.5721,0.0774,-0.4394,0,0,0,0.00000,3
0.3454,3.7675,2.8319,11.6918,-2.6368,0.0329,-0.4866,0,1,0,0.30008,1
0.4372,4.5903,2.6059,12.2704,2.7444,0.0722,-1.2133,0,1,2,0.73512,1
0.5151,4.7153,2.3063,11.5043,1.5627,0.0191,-0.5681,0,0,0,0.00000,1
0.3948,4.0446,2.6611,11.9340,-2.6534,0.0200,-0.7431,0,1,0,0.46484,3
0.5622,5.2480,2.2287,11.7007,0.3525,0.1050,-0.9688,0,0,0,0.00000,1
0.5050,5.2773,2.4603,13.0167,-1.7549,0.0082,-2.1343,0,0,1,1.75056,1
0.5293,5.0314,2.3141,11.4931,-0.2872,0.0526,-0.6198,0,0,0,0.00000,1
0.3783,4.0475,2.7444,11.3398,-1.9412,0.0767,-0.3270,0,0,0,0.00000,1
0.4764,5.1164,2.5501,11.8963,-3.0855,0.0694,-0.9525,0,0,1,0.63653,1
0.3477,3.8271,2.8392,12.9446,2.9162,0.0988,-1.5240,0,1,2,1.80114,1
0.6518,6.0555,2.0287,11.5664,0.7323,0.0335,-0.8815,0,0,0,0.00000,1
0.4145,4.3803,2.6586,11.9762,-2.7518,0.0812,-0.9018,0,0,1,0.28354,1
0.5305,5.4421,2.3868,11.4811,-1.6730,0.0024,-0.5498,0,0,0,0.00000,3
0.4443,4.5277,2.5579,11.7511,-1.1979,0.0452,-0.7191,0,1,0,0.47736,1
0.3623,3.9769,2.8070,12.4107,-2.9460,0.1795,-1.2617,0,1,0,0.71958,1
0.3390,3.7394,2.8588,12.8477,-2.6183,0.0459,-1.3261,0,0,1,1.72594,0
0.4684,5.0666,2.5750,12.0151,2.4578,0.0490,-1.0226,0,1,1,0.52479,3
0.4248,4.5389,2.6509,13.1644,-2.2720,0.0442,-1.9777,0,0,1,1.80302,1
0.3883,4.0201,2.6859,11.3357,-3.1278,0.1434,-0.4095,0,0,0,0.00000,1
0.4014,4.1692,2.6642,12.2113,2.8194,0.1021,-1.1008,0,1,0,0.95212,1
0.5695,5.3776,2.2239,11.5500,-0.3404,0.0757,-0.7735,0,0,0,0.00000,1
0.3725,3.9657,2.7499,12.0471,2.7754,0.0715,-0.8500,0,0,1,0.68541,3
0.4930,4.9422,2.4420,11.5670,-2.2647,0.0199,-0.5995,0,0,0,0.00000,3
0.4832,5.0685,2.5104,11.9944,2.9806,0.0072,-0.9819,0,0,1,0.44828,3
0.5622,5.6816,2.3032,11.8311,0.2467,0.0204,-1.0078,0,1,0,0.18988,1
0.5338,5.0546,2.3012,11.3307,-0.2911,0.0238,-0.4234,0,0,0,0.00000,3
0.5289,5.0724,2.3233,11.5132,-0.7850,0.0637,-0.6541,0,0,0,0.00000,3
0.3832,4.1140,2.7390,11.4093,2.2710,0.0099,-0.3075,0,1,0,0.17100,1
0.4640,4.5936,2.4875,12.4622,-0.5846,0.0182,-1.4012,0,0,1,1.09334,1
0.4292,4.1463,2.5288,11.8085,-2.3312,0.0324,-0.7237,0,0,1,0.31500,1
0.3591,3.9291,2.8093,12.2077,-2.9697,0.1385,-1.0314,0,1,0,0.92527,1
0.4733,4.4617,2.4178,11.4296,1.2477,0.0320,-0.4552,0,0,0,0.00000,3
0.4256,4.3077,2.5872,11.2558,1.4804,0.0076,-0.2267,0,0,0,0.00000,1
0.5643,5.1796,2.2091,11.7920,-1.1865,0.0010,-0.9379,0,1,0,0.33437,1
0.4733,4.9011,2.5168,11.8876,-3.1334,0.0236,-0.8769,0,0,2,0.62955,3
0.4475,4.6315,2.5689,13.0095,-2.8880,0.0308,-1.9050,0,1,0,1.68846,1
0.3952,4.2298,2.7116,12.7520,2.7623,0.0783,-1.5203,0,1,1,1.32278,1
0.4760,4.6733,2.4548,11.4233,-2.8937,0.0084,-0.4254,0,0,0,0.00000,3
0.4451,4.3988,2.5227,11.4880,2.9270,0.0495,-0.4923,0,0,0,0.00000,1
0.5236,5.5014,2.4262,11.3684,1.6995,0.0656,-0.5008,0,0,0,0.00000,3
0.3597,3.9464,2.8115,13.0203,3.1036,0.0826,-1.6121,1,1,1,1.71579,1
0.4601,4.9570,2.5880,12.8427,-2.2202,0.0194,-1.7722,1,1,0,1.29967,1
0.4311,4.3690,2.5780,12.5451,3.0050,0.0132,-1.3618,0,1,0,0.16203,1
0.3843,4.1641,2.7478,11.3570,-2.7250,0.0555,-0.3218,0,0,0,0.00000,3
0.4558,4.9132,2.5972,11.4669,-2.0599,0.0602,-0.5016,0,0,0,0.00000,3
0.4636,4.8239,2.5419,11.5169,-2.8292,0.0067,-0.4933,0,0,1,0.16896,3
0.3905,3.9815,2.6637,12.6785,2.5183,0.0559,-1.4031,0,0,1,1.29447,1
0.3647,3.8746,2.7623,12.9832,-2.6380,0.0555,-1.5582,0,1,1,1.67292,1
0.3625,3.9445,2.7958,12.3985,-2.0421,0.0342,-1.0459,1,1,0,0.92965,1
0.3837,3.9344,2.6832,12.6540,2.7191,0.0493,-1.3467,0,1,0,1.51558,1
0.3885,4.1543,2.7236,12.2003,2.2668,0.0264,-0.9522,0,1,0,0.85983,1
0.4655,5.0048,2.5741,11.3662,-2.3002,0.0215,-0.3778,0,0,0,0.00000,3
0.4150,4.5771,2.7078,11.3225,2.8106,0.0352,-0.3027,0,0,0,0.00000,2
0.4415,4.6980,2.6123,11.2928,-1.3531,0.0296,-0.2974,0,0,0,0.00000,1
0.3443,3.7690,2.8388,12.1483,-2.6263,0.0948,-0.8886,0,0,1,0.54676,3
0.3711,4.0053,2.7691,11.4540,-2.6455,0.0302,-0.3500,0,0,0,0.00000,1
0.4961,5.2074,2.4839,13.1231,-2.6140,0.0160,-2.2261,0,1,0,1.73289,1
0.4278,4.4778,2.6208,11.4368,-2.6562,0.0358,-0.4107,0,0,0,0.00000,3
0.4108,4.5317,2.7168,12.6338,2.4072,0.0113,-1.3693,0,1,0,1.04421,0
0.4943,4.9690,2.4422,11.5559,-1.7357,0.0061,-0.5739,0,0,0,0.00000,3
0.4331,4.6492,2.6392,13.1088,-2.5516,0.0412,-1.9570,0,0,1,1.81885,1
0.4411,4.4470,2.5524,11.2763,-2.7947,0.0243,-0.2765,0,0,0,0.00000,3
0.5151,5.0786,2.3795,11.2503,-1.1657,0.0647,-0.3705,0,0,0,0.00000,3
0.5121,5.4711,2.4685,11.4741,-2.6534,0.0694,-0.5976,0,0,0,0.00000,1
0.5049,4.6954,2.3419,11.5247,-1.8821,0.0083,-0.5602,0,0,0,0.00000,1
0.5821,5.5158,2.2002,11.4920,-0.2360,0.0076,-0.6430,0,0,0,0.00000,3
0.5177,5.5865,2.4666,11.6819,0.3422,0.0056,-0.7405,0,0,1,0.21546,1
0.4530,4.4316,2.4963,12.1621,-1.5498,0.0014,-1.0553,0,1,0,0.83164,1
0.5066,4.5776,2.3106,11.2435,-0.0532,0.0015,-0.2810,0,0,0,0.00000,1
0.4738,4.4522,2.4135,11.3756,-1.2083,0.0509,-0.4286,0,0,0,0.00000,3
0.4212,4.5926,2.6817,11.4005,3.1350,0.1426,-0.4965,0,0,0,0.00000,1
0.3678,3.9971,2.7838,13.1923,-2.9819,0.0174,-1.6808,0,1,1,2.14149,1
0.4651,4.7801,2.5255,12.2345,2.9361,0.0417,-1.2165,1,1,0,0.66600,1
0.4076,4.2794,2.6645,12.8249,2.3218,0.0068,-1.5190,0,1,1,1.23201,1
0.4979,4.6109,2.3515,11.8274,-0.4886,0.0292,-0.8747,0,1,1,0.61813,1
0.4874,5.0581,2.4902,12.4319,-2.9578,0.0085,-1.4356,0,0,1,0.98080,1
0.4556,4.8582,2.5855,11.5778,2.6047,0.1304,-0.6862,0,0,0,0.00000,1
0.5874,5.5848,2.1916,12.6566,0.6404,0.0390,-2.1022,0,1,1,1.14949,1
0.3773,3.9566,2.7222,12.7835,-2.8819,0.0160,-1.3783,0,1,0,1.36654,1
0.4086,4.4531,2.7068,11.3784,2.6624,0.0498,-0.3572,0,0,0,0.00000,3
0.6474,5.9548,2.0306,11.7216,-0.3515,0.0296,-1.0664,0,1,0,0.35211,1
0.5052,4.5665,2.3135,11.6245,-0.3135,0.0359,-0.6934,0,0,0,0.00000,1
0.4509,4.5834,2.5422,11.5736,-1.4154,0.0299,-0.5528,0,0,0,0.00000,1
0.4508,4.8047,2.5948,11.4469,2.2362,0.0514,-0.4667,0,0,0,0.00000,3
0.4203,4.2762,2.6033,11.3283,2.9513,0.0045,-0.2769,0,0,0,0.00000,3
0.5026,4.6437,2.3401,11.4820,1.1598,0.0299,-0.5415,0,0,0,0.00000,3
0.3995,4.3568,2.7259,11.3240,2.5206,0.0217,-0.2733,0,0,0,0.00000,1
0.4050,4.0751,2.6207,12.7765,-1.4774,0.0100,-1.4694,0,0,2,1.37022,1
0.5319,5.1529,2.3269,11.5835,-2.5700,0.0089,-0.6643,0,0,0,0.00000,1
0.5305,5.5707,2.4105,11.5490,1.1906,0.0021,-0.6203,0,0,0,0.00000,3
0.4130,4.3442,2.6561,11.2775,1.5509,0.0399,-0.2698,0,0,0,0.00000,1
0.4513,4.4909,2.5180,11.5262,-0.4201,0.0111,-0.4885,0,0,0,0.00000,1
0.4907,5.2141,2.5084,11.7387,1.3494,0.0167,-0.7600,0,0,1,0.20977,1
0.3992,4.0476,2.6402,12.9143,-1.9205,0.0110,-1.5701,0,1,1,1.77882,1
0.4536,4.8441,2.5916,11.2953,2.5696,0.0363,-0.3191,0,0,0,0.00000,3
0.3927,4.1770,2.7094,11.8365,2.9036,0.0455,-0.6936,0,1,0,0.51212,3
0.4133,4.3073,2.6449,11.4183,-2.6009,0.0352,-0.3774,0,0,0,0.00000,3
0.5941,5.8863,2.2141,12.5508,0.0073,0.0404,-1.9969,0,0,1,1.04163,1
0.5011,5.3346,2.4882,11.5296,0.6626,0.0078,-0.5623,0,0,0,0.00000,1
0.4262,4.5081,2.6364,11.3787,-2.5923,0.0882,-0.4209,0,0,0,0.00000,3
0.3599,3.8420,2.7773,11.6440,2.9685,0.1148,-0.5733,0,0,0,0.00000,3
0.3376,3.6983,2.8525,12.2847,2.9067,0.0909,-0.9659,0,1,0,0.80996,3
0.5048,5.1607,2.4378,12.0518,-2.2982,0.0344,-1.1298,0,0,1,0.27445,1
0.5339,4.8635,2.2643,11.3602,0.0969,0.0930,-0.5359,0,0,0,0.00000,1
0.5059,5.4583,2.4921,12.4912,2.3582,0.0214,-1.5824,0,0,1,1.02944,1
0.3723,3.9676,2.7513,12.2354,-2.1266,0.0442,-0.9607,0,0,0,0.00000,1
0.4538,4.5986,2.5328,11.3976,-0.7717,0.0006,-0.3668,0,0,0,0.00000,3
0.4578,4.7174,2.5433,11.7012,1.2390,0.0621,-0.7197,0,1,0,0.44248,1
0.3838,4.0036,2.7032,12.0694,2.4748,0.0120,-0.8157,0,1,0,0.86460,1
0.5017,5.1996,2.4584,11.5598,2.3050,0.0141,-0.5998,0,0,0,0.00000,3
0.3559,3.8008,2.7853,11.7768,2.4788,0.0906,-0.6350,0,0,1,0.27698,3
0.5015,5.3974,2.4992,11.2955,-2.5445,0.0223,-0.3528,0,0,0,0.00000,3
0.6522,6.1893,2.0449,11.5410,-0.6985,0.0526,-0.8752,0,0,0,0.00000,3
0.4881,4.6702,2.4039,11.9619,2.2019,0.0170,-0.9716,0,1,0,0.22315,1
0.4884,4.4771,2.3599,11.4759,-0.1716,0.0159,-0.4986,0,0,0,0.00000,3
0.3871,4.0965,2.7141,11.5320,-2.6602,0.1076,-0.5194,0,1,0,0.32276,3
0.4261,4.4325,2.6175,12.6720,-1.8970,0.0107,-1.4577,1,1,0,1.25540,1
0.4695,4.3117,2.3983,11.4502,3.0994,0.0053,-0.4367,0,0,0,0.00000,1
0.4866,5.3551,2.5556,12.9701,3.0768,0.0319,-2.0427,1,1,1,1.33408,1
0.4673,4.9252,2.5487,11.3013,-1.6882,0.0571,-0.3620,0,0,0,0.00000,3
0.4965,5.4655,2.5345,11.5693,-2.8139,0.1029,-0.7099,0,0,0,0.00000,0
0.4021,4.3044,2.6981,11.2608,1.6613,0.0410,-0.2486,0,0,0,0.00000,1
0.5022,4.8247,2.3798,11.6513,1.6979,0.0363,-0.7170,0,0,0,0.00000,1
0.5384,5.1893,2.3084,11.2397,-1.7006,0.0221,-0.3337,0,0,0,0.00000,1
0.4895,4.7220,2.4094,11.4977,2.6519,0.0044,-0.5080,0,0,0,0.00000,1
0.4593,4.5427,2.4954,11.3668,1.0740,0.0636,-0.4194,0,0,0,0.00000,1
0.4122,4.1989,2.6207,11.3893,2.3409,0.0582,-0.3793,0,0,0,0.00000,3
0.5591,5.2057,2.2329,11.5305,0.2342,0.0810,-0.7409,0,0,0,0.00000,1
0.4580,4.4336,2.4752,11.9309,2.1660,0.0047,-0.8571,0,1,0,0.41678,1
0.3959,3.9710,2.6346,11.9856,-2.4344,0.0243,-0.7923,0,1,0,0.56385,2
0.5123,5.2014,2.4148,11.4281,0.8292,0.0430,-0.5193,0,0,0,0.00000,1
0.4456,4.7236,2.5993,13.0431,2.6720,0.0414,-1.9497,0,1,0,0.94350,1
0.5442,5.5164,2.3454,11.4841,1.0951,0.0061,-0.5773,0,0,0,0.00000,3
0.4949,5.0456,2.4555,11.3390,-1.1523,0.0186,-0.3820,0,0,0,0.00000,3
0.3949,4.1783,2.6988,11.6934,-3.0439,0.0778,-0.6230,0,1,0,0.46958,3
0.3363,3.6995,2.8604,11.3829,3.0833,0.1171,-0.3617,0,0,0,0.00000,3
0.5120,4.7709,2.3298,11.2813,-0.3234,0.0141,-0.3381,0,0,0,0.00000,3
0.4551,4.5724,2.5211,12.6869,-1.3757,0.0105,-1.5793,0,1,1,0.43163,1
0.4906,4.7423,2.4092,12.1702,1.5093,0.0480,-1.2319,0,1,0,0.74663,1
0.3827,4.1071,2.7396,11.4008,-2.8636,0.0543,-0.3515,0,0,0,0.00000,3
0.4634,4.7936,2.5358,11.8340,-2.7549,0.0684,-0.8629,0,0,1,0.47504,1
0.4609,5.0516,2.6057,11.3451,1.7332,0.0254,-0.3585,0,0,0,0.00000,1
0.5059,5.2671,2.4546,11.5984,-1.6160,0.0064,-0.6353,0,0,0,0.00000,3
0.3902,4.2098,2.7313,11.3354,2.9139,0.0679,-0.3252,0,0,0,0.00000,3
0.4412,4.4211,2.5456,11.4180,1.4457,0.0308,-0.4047,0,0,0,0.00000,3
0.4285,4.4809,2.6185,11.2933,-2.2584,0.0111,-0.2641,0,0,0,0.00000,3
0.3905,4.3103,2.7583,12.9588,2.8538,0.0320,-1.6085,0,0,2,1.40938,0
0.4478,4.4998,2.5354,11.5620,1.0478,0.0548,-0.5681,0,0,0,0.00000,1
0.4220,4.1171,2.5531,12.6658,0.7401,0.0017,-1.4206,0,1,1,1.23769,1
0.3787,3.9454,2.7119,11.9907,-3.0619,0.0114,-0.7416,0,0,2,1.14614,1
0.4559,4.6144,2.5274,11.3886,3.0267,0.0256,-0.3906,0,0,0,0.00000,3
0.4587,4.3616,2.4550,11.3768,-1.6255,0.0056,-0.3590,0,0,0,0.00000,3
0.4935,5.0842,2.4695,11.3755,-1.6996,0.0496,-0.4516,0,0,0,0.00000,3
0.4415,4.5931,2.5868,11.4294,2.3101,0.1419,-0.5456,0,0,0,0.00000,1
0.3373,3.6810,2.8480,13.1533,2.9956,0.0618,-1.5838,0,0,1,2.07876,1
0.3642,4.0207,2.8104,12.5670,-2.8152,0.0320,-1.1804,0,0,0,0.00000,0
0.4863,4.4216,2.3560,12.4487,-0.5324,0.0303,-1.4782,0,1,0,1.03140,1
0.3462,3.7217,2.8124,11.8056,2.6561,0.0443,-0.5811,0,1,0,0.20289,1
0.5200,5.3981,2.4213,11.5232,-0.6508,0.0155,-0.5935,0,0,0,0.00000,1
0.4775,4.8767,2.4933,11.6138,-2.4414,0.0692,-0.6803,0,0,0,0.00000,1
0.4199,4.3963,2.6370,11.3688,2.5014,0.0647,-0.3787,0,0,0,0.00000,3
0.4560,4.9003,2.5935,12.0721,2.4942,0.0588,-1.0595,0,1,0,0.32854,3
0.4163,4.3198,2.6340,11.9070,-2.2920,0.0086,-0.7522,0,1,0,0.45125,3
0.4112,4.2658,2.6436,11.5104,3.0379,0.0732,-0.4941,0,0,0,0.00000,1
0.5419,5.7230,2.3912,12.2133,-2.6203,0.0374,-1.4132,1,2,1,1.22337,1
0.3783,3.9673,2.7204,11.8467,2.9501,0.1163,-0.7627,0,0,1,0.56004,1
0.4208,4.6103,2.6884,11.4088,3.0098,0.0321,-0.3752,0,0,0,0.00000,3
0.4403,4.5268,2.5760,11.3340,-2.3845,0.0157,-0.3148,0,0,0,0.00000,3
0.4098,4.4786,2.7073,12.6692,2.5648,0.0851,-1.5110,0,1,0,1.49038,1
0.3902,4.3063,2.7588,12.6409,-1.9607,0.0631,-1.3794,0,0,1,1.37216,0
0.4533,4.2923,2.4613,11.7185,-2.9424,0.0219,-0.6754,0,0,1,0.22585,1
0.5452,5.2090,2.2860,11.2762,-0.6265,0.0116,-0.3659,0,0,0,0.00000,3
0.4586,4.3257,2.4468,11.7916,0.6242,0.0520,-0.7910,0,1,0,0.25950,1
0.4737,4.8832,2.5112,11.4069,2.1813,0.0617,-0.4712,0,0,0,0.00000,3
0.3692,3.9101,2.7499,13.1785,-2.7488,0.0084,-1.6590,1,1,0,1.70092,1
0.3696,3.9052,2.7462,11.5546,-2.8642,0.0317,-0.4230,0,1,0,0.19738,3
0.4965,4.6567,2.3668,11.3780,-0.4898,0.0597,-0.4685,0,0,0,0.00000,1
0.5629,5.2933,2.2339,11.9270,1.3050,0.0042,-1.0926,0,0,0,0.00000,1
0.4420,4.3789,2.5314,11.8740,-2.2258,0.0492,-0.8297,0,0,0,0.00000,1
0.4004,4.2239,2.6842,11.3931,-2.7017,0.0215,-0.3272,0,0,0,0.00000,3
0.4015,4.3834,2.7232,11.4387,2.9360,0.1335,-0.4938,0,0,0,0.00000,1
0.4723,4.4704,2.4239,11.7478,1.3288,0.0019,-0.7118,0,0,1,0.23244,3
0.3850,4.2374,2.7659,11.8923,-2.8610,0.1239,-0.8216,0,0,1,0.27034,3
0.4584,4.3713,2.4586,11.4160,-0.5765,0.0281,-0.4199,0,0,0,0.00000,1
0.4085,4.3438,2.6776,11.4409,-2.7977,0.0237,-0.3766,0,0,0,0.00000,3
0.4426,4.7004,2.6075,13.0069,2.4247,0.0308,-1.8809,0,0,1,1.20580,1
0.4592,4.7997,2.5561,11.3872,-1.3732,0.0470,-0.4186,0,0,0,0.00000,1
0.4009,4.1329,2.6563,11.3105,2.3959,0.0628,-0.3105,0,0,0,0.00000,3
0.5508,5.4264,2.3034,11.3534,0.7753,0.0574,-0.5087,0,0,0,0.00000,3
0.3866,4.0480,2.7027,11.6234,2.8451,0.0311,-0.4981,0,1,0,0.33967,3
0.5244,5.0491,2.3367,11.4006,2.8508,0.0004,-0.4553,0,0,0,0.00000,1
0.4329,4.4530,2.5913,12.1579,-2.8615,0.0002,-0.9977,0,1,0,0.85993,1
0.4007,4.3516,2.7181,11.4550,2.0271,0.0818,-0.4461,0,0,0,0.00000,3
0.5335,5.6580,2.4140,12.5570,-2.6680,0.0043,-1.7269,0,1,0,1.00321,1
0.3622,3.8379,2.7636,12.2353,-1.8434,0.0542,-0.9469,0,1,0,1.08195,1
0.4737,5.1988,2.5801,11.7683,-2.7592,0.0320,-0.7758,0,1,0,0.24387,3
0.4735,4.9414,2.5247,12.4096,-0.3004,0.0032,-1.3599,0,1,0,0.37558,1
0.3811,3.9970,2.7151,11.3280,2.0914,0.0354,-0.2741,0,0,0,0.00000,1
0.4156,4.4634,2.6749,12.3457,1.9955,0.0206,-1.1446,1,1,0,1.10576,1
0.3683,3.9134,2.7554,12.7513,-2.0182,0.0421,-1.3588,0,1,1,0.93740,1
0.5003,5.1874,2.4619,11.4173,3.0353,0.0462,-0.4969,0,0,0,0.00000,1
0.4389,4.4090,2.5529,12.1870,-0.5520,0.0048,-1.0457,0,0,1,0.66496,1
0.4547,4.7340,2.5606,12.6434,2.3348,0.0153,-1.5445,0,1,1,1.07899,1
0.5926,5.7919,2.2052,11.4498,-0.0917,0.0002,-0.6032,0,0,0,0.00000,1
0.4372,4.5800,2.6032,11.8054,2.1801,0.0326,-0.7382,0,1,0,0.38410,3
0.4997,4.6907,2.3616,11.5149,-0.4769,0.0291,-0.5687,0,0,0,0.00000,3
0.4779,4.4121,2.3877,11.8448,-1.5832,0.0344,-0.8569,0,0,0,0.00000,1
0.5131,5.2380,2.4190,11.7255,-0.9344,0.0264,-0.8008,0,0,1,0.31665,1
0.4651,4.2939,2.4121,11.7083,-0.5534,0.0301,-0.6974,0,1,0,0.41464,1
0.3610,3.9851,2.8170,12.6143,-3.1222,0.0720,-1.2659,0,0,1,1.31258,0
0.4618,4.8597,2.5580,11.4444,-1.7046,0.0417,-0.4670,0,0,0,0.00000,3
0.4421,4.8523,2.6466,11.5344,-1.6970,0.0302,-0.5067,0,0,0,0.00000,1
0.3488,3.7496,2.8071,12.0445,-3.1109,0.0333,-0.7430,0,1,0,0.32167,1
0.4775,4.5340,2.4168,11.3217,-0.8158,0.0313,-0.3604,0,0,0,0.00000,3
0.5258,5.0041,2.3224,12.3846,-1.6264,0.0147,-1.5166,0,0,1,0.96432,1
0.5309,5.5253,2.4005,11.4712,-2.4362,0.0391,-0.5849,0,0,0,0.00000,1
0.4086,4.2691,2.6569,11.7212,-1.6167,0.0250,-0.6043,0,1,0,0.38975,1
0.5335,5.3602,2.3597,11.5252,-1.3251,0.0556,-0.6646,0,0,0,0.00000,3
0.4476,4.5971,2.5600,12.0820,-1.8019,0.0410,-1.0227,0,1,0,0.70484,3
0.4436,4.2040,2.4806,11.4311,-1.3604,0.0118,-0.3957,0,0,0,0.00000,3
0.4589,4.8312,2.5648,11.4925,2.4097,0.0791,-0.5511,0,0,0,0.00000,1
0.3822,4.0414,2.7225,12.7356,3.0665,0.0196,-1.3632,0,1,0,0.80519,1
0.4150,4.0826,2.5758,12.8522,3.0030,0.0247,-1.6025,0,1,0,1.51995,1
0.6043,5.5316,2.1218,11.5605,0.4720,0.1523,-0.9425,0,0,0,0.00000,1
0.4356,4.4274,2.5723,11.4503,-2.1748,0.0275,-0.4217,0,0,0,0.00000,3
0.3426,3.7606,2.8457,12.4511,-2.9734,0.0591,-1.0594,0,1,2,1.07427,3
0.4023,4.3387,2.7065,12.9230,-2.8093,0.0423,-1.6444,0,0,2,1.28998,1
0.5811,5.5068,2.2022,12.1860,0.9199,0.0037,-1.4420,0,0,1,0.82719,1
0.4478,4.4635,2.5266,12.0687,1.2218,0.0429,-1.0131,0,1,0,0.77285,1
0.4646,4.5585,2.4764,11.2484,-1.2917,0.0078,-0.2549,0,0,0,0.00000,3
0.4091,4.1862,2.6318,12.0822,-2.1698,0.0070,-0.8806,0,1,0,0.61797,3
0.3696,3.9854,2.7710,11.4623,-2.3977,0.0793,-0.4109,0,0,0,0.00000,3
0.5533,5.7576,2.3512,11.2973,0.8151,0.0412,-0.4338,0,0,0,0.00000,1
0.4050,4.4635,2.7271,12.8425,2.5048,0.1187,-1.7061,0,1,0,1.66708,0
0.4875,4.5801,2.3864,12.0232,0.3909,0.0352,-1.0559,0,0,1,0.39571,1
0.4096,4.2672,2.6516,12.3835,-2.0942,0.0009,-1.1299,1,1,0,1.08573,1
0.4221,4.4119,2.6308,12.0997,3.1225,0.0013,-0.9206,0,1,0,0.69313,1
0.4759,4.5018,2.4164,11.2475,-0.5392,0.0290,-0.2882,0,0,0,0.00000,1
0.5329,5.0538,2.3044,11.5095,0.6386,0.0850,-0.6824,0,0,0,0.00000,1
0.5114,5.4900,2.4749,11.5841,1.5884,0.0368,-0.6683,0,0,0,0.00000,3
0.4093,4.2809,2.6568,12.9274,3.0274,0.0302,-1.6577,0,1,0,1.60396,1
0.5591,5.3062,2.2506,11.6150,1.6844,0.0163,-0.7530,0,1,0,0.16694,1
0.4295,4.3289,2.5751,11.7794,-0.5950,0.0082,-0.6691,0,1,0,0.55108,1
0.5229,5.1849,2.3686,11.3005,-2.1042,0.0120,-0.3676,0,0,0,0.00000,1
0.4175,4.1207,2.5750,11.8164,2.0347,0.0070,-0.6755,0,0,1,0.47432,3
0.4496,4.8226,2.6047,11.7873,-1.4614,0.0607,-0.7820,0,0,1,0.31665,1
0.6164,5.9075,2.1346,11.6038,-0.5617,0.0640,-0.9045,0,0,0,0.00000,3
0.4147,4.2188,2.6145,11.4471,2.4042,0.0092,-0.3717,0,0,0,0.00000,3
0.4874,5.0102,2.4800,11.4677,1.7337,0.0410,-0.5217,0,0,0,0.00000,3
0.4422,4.4742,2.5543,11.3028,1.3858,0.0153,-0.2897,0,0,0,0.00000,1
0.3866,3.9615,2.6767,12.0511,2.5674,0.0248,-0.8247,0,1,0,0.78483,3
0.4515,4.5791,2.5385,11.8523,2.1091,0.0102,-0.7797,0,0,1,0.62680,3
0.4642,4.8387,2.5425,11.5773,-2.5934,0.0684,-0.6240,0,0,0,0.00000,1
0.5670,5.3243,2.2241,11.3687,-0.7550,0.0055,-0.4823,0,0,0,0.00000,1
0.5062,5.5409,2.5073,11.3152,0.9558,0.0097,-0.3628,0,0,0,0.00000,1
0.4547,4.9227,2.6044,11.8116,1.2336,0.0048,-0.7440,0,0,1,0.50933,1
0.5078,5.3149,2.4560,11.3529,-2.7626,0.0016,-0.3910,0,0,0,0.00000,3
0.3589,3.8360,2.7807,11.4919,-2.6097,0.0679,-0.4062,0,0,0,0.00000,3
0.4938,5.1870,2.4896,11.5358,-2.8197,0.0747,-0.6379,0,0,0,0.00000,1
0.4165,4.3983,2.6539,12.1792,2.7576,0.0294,-1.0134,0,0,1,0.49506,3
0.4410,4.2015,2.4913,11.4133,1.4276,0.0279,-0.3964,0,0,0,0.00000,3
0.3492,3.8397,2.8350,12.7961,2.8344,0.1319,-1.4617,0,1,1,1.68263,1
0.3412,3.6816,2.8263,11.3194,-2.6703,0.0487,-0.2472,0,0,0,0.00000,1
0.4551,4.6072,2.5293,11.4099,-2.8622,0.0155,-0.3965,0,0,0,0.00000,3
0.4235,4.5572,2.6615,13.1309,1.6728,0.0192,-1.8937,0,1,1,1.97970,1
0.3833,3.9374,2.6859,12.7078,2.3491,0.0266,-1.3549,0,1,1,1.43517,1
0.4933,5.2311,2.5006,11.9754,-1.8348,0.0375,-1.0281,0,0,1,0.21789,3
0.4566,4.2907,2.4466,12.2612,-0.7032,0.0395,-1.2133,0,1,0,0.25997,1
0.5878,5.6764,2.2047,12.2865,-0.2166,0.0300,-1.6252,0,0,1,0.96113,1
0.3577,3.9274,2.8166,11.9872,2.5118,0.0756,-0.7753,0,1,0,0.63416,3
0.5346,4.9911,2.2860,11.7329,0.0761,0.0238,-0.8440,0,0,0,0.00000,3
0.4896,4.7065,2.4054,11.6024,1.2346,0.0379,-0.6496,0,0,0,0.00000,3
0.5403,4.9372,2.2541,11.7231,-0.3087,0.0955,-0.9382,0,0,1,0.30040,1
0.4116,4.1741,2.6169,11.4933,2.3995,0.0246,-0.4230,0,0,0,0.00000,3
0.4182,4.5245,2.6784,11.4649,2.6065,0.0020,-0.3829,0,0,0,0.00000,1
0.4091,4.2834,2.6583,11.7653,1.5342,0.0331,-0.6513,0,0,1,0.44938,1
0.3698,3.9886,2.7709,12.1824,2.2484,0.0389,-0.9054,0,1,1,0.82428,1
0.5139,4.8159,2.3313,11.2538,1.1953,0.0051,-0.3030,0,0,0,0.00000,3
0.4885,5.2227,2.5199,12.0320,2.9495,0.0226,-1.0534,0,0,1,0.49335,3
0.3883,4.0538,2.6958,11.7724,-2.2455,0.0332,-0.6190,0,0,1,0.25560,3
0.4750,4.6184,2.4465,12.2578,1.6936,0.0250,-1.2428,1,1,0,1.00773,1
0.4027,4.2429,2.6785,12.9473,-2.3960,0.0278,-1.6434,0,1,0,1.77254,1
0.4521,4.7339,2.5726,11.5342,2.6529,0.0960,-0.5994,0,0,0,0.00000,1
0.3683,4.0172,2.7873,12.2275,2.3967,0.0787,-0.9908,0,1,0,0.43166,3
0.4262,4.1629,2.5465,12.6365,-2.9401,0.0039,-1.4125,0,1,0,0.28866,1
0.4877,5.2619,2.5313,11.5218,1.8211,0.0255,-0.5562,0,0,0,0.00000,3
0.4839,4.7512,2.4388,11.4707,-1.5613,0.0011,-0.4711,0,0,0,0.00000,3
0.4215,4.2995,2.6041,11.9407,2.5713,0.0709,-0.8732,0,0,1,0.28393,1
0.4638,4.4101,2.4451,11.4397,-1.6230,0.0504,-0.4746,0,0,0,0.00000,3
0.5413,5.6752,2.3853,11.4905,2.6095,0.0391,-0.6207,0,0,0,0.00000,1
0.4478,4.7890,2.6050,11.5421,2.1508,0.0696,-0.5687,0,0,0,0.00000,3
0.3617,3.9638,2.8063,11.6868,2.7010,0.2015,-0.7124,0,1,0,0.34639,1
0.3942,4.0374,2.6616,11.7978,2.6782,0.0436,-0.6629,0,0,1,0.51291,3
0.4161,4.1479,2.5885,11.4171,-2.8709,0.0384,-0.3831,0,0,0,0.00000,3
0.3551,3.8063,2.7917,12.5637,2.2444,0.0811,-1.2197,0,1,1,1.44195,1
0.3813,4.1533,2.7602,11.6327,-2.7960,0.1347,-0.6216,0,0,0,0.00000,3
0.5187,4.7879,2.3071,11.2957,-0.1032,0.0249,-0.3719,0,0,0,0.00000,3
0.4785,4.5023,2.4056,12.0478,-1.8341,0.0250,-1.0437,0,0,2,0.51801,1
0.4348,4.2512,2.5309,11.5143,-1.9517,0.0666,-0.5216,0,0,0,0.00000,3
0.3664,3.9899,2.7893,11.4656,2.9320,0.1600,-0.5029,0,0,0,0.00000,3
0.4167,4.4975,2.6789,11.3967,-1.9632,0.0288,-0.3567,0,0,0,0.00000,1
0.5137,5.1992,2.4088,11.5619,1.6193,0.0221,-0.6301,0,0,0,0.00000,3
0.4970,5.0878,2.4555,11.3129,0.8550,0.0293,-0.3719,0,0,0,0.00000,1
0.4878,4.8254,2.4385,11.2645,0.2360,0.0227,-0.3086,0,0,0,0.00000,1
0.5722,5.5310,2.2397,12.7721,-1.1280,0.0062,-2.1300,0,1,1,1.25691,1
0.4547,4.7841,2.5723,11.3939,-2.4267,0.0354,-0.4059,0,0,0,0.00000,3
0.4482,4.3172,2.4893,11.3104,2.0444,0.0136,-0.2995,0,0,0,0.00000,3
0.4645,4.8866,2.5521,11.4703,-1.2836,0.0707,-0.5286,0,0,0,0.00000,1
0.4812,4.5817,2.4125,11.9297,1.6873,0.0021,-0.9039,0,0,1,0.57342,1
0.4812,4.9841,2.5008,11.3338,2.3119,0.0281,-0.3730,0,0,0,0.00000,3
0.4576,4.8508,2.5751,11.5252,1.5582,0.0075,-0.4934,0,0,0,0.00000,1
0.4609,4.6645,2.5171,11.7473,-1.9768,0.0242,-0.7202,0,0,1,0.51257,3
0.4622,4.7088,2.5218,11.6406,-2.4675,0.0699,-0.6808,0,0,0,0.00000,1
0.4722,4.9831,2.5396,11.9046,-2.9816,0.0168,-0.8825,0,1,0,0.39597,3
0.3814,4.1147,2.7486,11.4325,-2.4910,0.0898,-0.4147,0,0,0,0.00000,3
0.5046,5.4535,2.4967,12.1291,2.5659,0.0645,-1.2532,0,1,0,0.73794,1
0.4065,4.4144,2.7064,12.6766,2.9425,0.0020,-1.3769,1,1,0,1.41517,1
0.4972,4.5606,2.3436,11.4650,1.2565,0.0516,-0.5436,0,0,0,0.00000,3
0.3741,4.1164,2.7872,12.0818,-2.8525,0.1083,-0.9293,0,1,0,0.89611,3
0.4401,4.7255,2.6252,11.6217,-3.0873,0.1234,-0.6928,0,0,0,0.00000,1
0.3773,4.1258,2.7733,11.2988,2.8895,0.0591,-0.2759,0,0,0,0.00000,3
0.3599,3.8022,2.7645,12.5078,-2.8829,0.1161,-1.2437,0,0,1,1.22365,1
0.4072,4.3657,2.6900,13.0619,2.5760,0.0125,-1.7412,0,0,4,1.11941,1
0.3660,3.9781,2.7880,11.7123,-3.1289,0.0472,-0.5518,0,1,0,0.23128,3
0.3510,3.7968,2.8107,12.4493,-2.6716,0.0119,-1.0171,0,0,1,0.74478,1
0.3690,4.0474,2.7930,11.3618,-2.2416,0.0682,-0.3243,0,0,0,0.00000,1
0.4238,4.3300,2.6013,11.3870,-2.7141,0.0289,-0.3564,0,0,0,0.00000,3
0.5159,5.4487,2.4481,11.4363,2.2851,0.0825,-0.5802,0,0,0,0.00000,1
0.4301,4.1718,2.5314,11.4132,2.2752,0.0365,-0.3937,0,0,0,0.00000,3
0.4401,4.4413,2.5555,12.8267,-2.8103,0.0160,-1.6664,0,1,1,1.49114,1
0.4968,5.4853,2.5370,11.4057,-2.5135,0.0396,-0.4742,0,0,0,0.00000,2
0.4214,4.2842,2.6005,11.3382,2.5443,0.0148,-0.2978,0,0,0,0.00000,3
0.4143,4.1898,2.6082,12.5541,-1.5900,0.0265,-1.3326,0,1,0,1.21056,1
0.3870,4.1657,2.7348,12.0007,-1.8303,0.0374,-0.8023,0,1,0,0.60602,1
0.3900,4.2312,2.7381,11.3353,-2.3919,0.0456,-0.2998,0,0,0,0.00000,1
0.5319,5.1089,2.3187,11.8631,0.9088,0.0248,-0.9799,0,0,1,0.18398,3
0.3559,3.8980,2.8169,11.5889,2.7949,0.2091,-0.6384,0,1,0,0.36477,1
0.5875,5.7557,2.2183,11.6691,-1.2766,0.0091,-0.8583,0,0,0,0.00000,1
0.3969,4.2651,2.7130,11.3723,-2.8748,0.0023,-0.2857,0,0,0,0.00000,1
0.5682,5.4512,2.2413,11.4328,-0.8547,0.0449,-0.6026,0,0,0,0.00000,3
0.3625,3.9388,2.7942,12.8304,-2.8308,0.0084,-1.3465,0,1,1,1.32947,1
0.5339,5.7003,2.4202,11.9879,-1.4707,0.0032,-1.0944,0,1,0,0.32912,3
0.4315,4.4055,2.5854,11.2992,1.1924,0.0051,-0.2648,0,0,0,0.00000,1
0.4216,4.5363,2.6654,12.5571,-2.1430,0.0301,-1.3669,0,0,2,0.84292,1
0.3736,4.0729,2.7767,12.4265,-3.0711,0.1217,-1.2278,0,1,0,0.72416,1
0.4060,4.0833,2.6183,11.9165,-2.8352,0.0242,-0.7578,0,0,1,0.57612,3
0.5231,4.7279,2.2784,11.5644,1.2754,0.0273,-0.6511,0,0,0,0.00000,1
0.4056,4.3317,2.6885,11.4493,-1.9668,0.0501,-0.4106,0,0,0,0.00000,1
0.3646,3.9012,2.7713,12.7432,2.8320,0.1206,-1.4616,0,1,0,1.64986,1
0.5486,4.9897,2.2328,11.2346,1.0885,0.0292,-0.3457,0,0,0,0.00000,1
0.4836,5.2363,2.5441,13.1975,-2.6930,0.0080,-2.2334,0,0,2,1.57578,1
0.4286,4.5457,2.6345,11.4901,-2.2656,0.0272,-0.4463,0,0,0,0.00000,3
0.4910,5.2715,2.5188,12.1356,2.2445,0.0231,-1.1655,0,0,1,0.59148,3
0.4219,4.4535,2.6423,11.3303,-2.5275,0.0218,-0.3003,0,0,0,0.00000,3
0.5749,5.7719,2.2691,11.9007,-0.4188,0.0306,-1.1298,0,0,2,0.68047,1
0.5112,5.4901,2.4758,12.1564,2.3909,0.0236,-1.2434,0,1,0,0.59468,3
0.3919,3.9787,2.6559,11.4473,3.0874,0.1133,-0.4660,0,0,0,0.00000,1
0.5104,5.1406,2.4107,11.3642,-2.7227,0.0246,-0.4313,0,0,0,0.00000,1
0.6134,5.6291,2.1042,12.1390,-0.0247,0.0413,-1.5320,0,1,0,0.48301,1
0.4768,4.6293,2.4414,11.3779,1.0548,0.0370,-0.4183,0,0,0,0.00000,3
0.3700,4.0175,2.7785,11.7781,2.7987,0.1601,-0.7471,0,0,1,0.41213,1
0.5114,5.4156,2.4604,11.9090,-2.7796,0.0620,-1.0346,0,1,0,0.61445,1
0.6216,5.9409,2.1205,11.8073,-0.3277,0.0118,-1.0970,0,0,1,0.41509,3
0.5747,5.3842,2.2058,11.5251,-0.2518,0.0433,-0.7129,0,0,0,0.00000,3
0.3745,3.9258,2.7274,12.4928,-2.5269,0.0495,-1.1809,0,1,1,0.92709,1
0.4144,4.3069,2.6395,11.3890,1.8076,0.0623,-0.3863,0,0,0,0.00000,3
0.3427,3.7593,2.8444,11.9806,-2.6425,0.1000,-0.7688,0,1,0,0.21822,3
0.4622,4.9858,2.5847,11.4048,-1.5643,0.0518,-0.4439,0,0,0,0.00000,1
0.3744,3.9476,2.7343,12.7159,-2.7617,0.0848,-1.4201,0,1,0,0.29255,1
0.3647,3.9361,2.7814,11.9110,2.8802,0.0604,-0.7140,0,1,0,0.56780,3
0.5191,4.9219,2.3323,11.5562,-1.4627,0.0384,-0.6516,0,0,0,0.00000,3
0.4952,5.4666,2.5401,11.8407,-1.8958,0.0330,-0.8920,0,0,1,0.32772,2
0.4928,4.9702,2.4488,12.9884,1.4338,0.0017,-2.0334,0,1,0,1.09647,1
0.5194,4.8456,2.3161,11.7554,-2.9588,0.0008,-0.8078,0,0,2,0.55446,1
0.3970,4.0512,2.6520,12.1568,2.7541,0.0641,-0.9903,0,1,0,0.69835,1
0.4375,4.4241,2.5629,11.3576,-2.2393,0.0141,-0.3298,0,0,0,0.00000,3
0.3637,3.9277,2.7842,11.8170,3.0853,0.0379,-0.6137,0,0,1,0.44931,3
0.4811,5.0464,2.5148,12.7836,1.8215,0.0102,-1.7813,0,1,0,1.40742,1
0.3939,3.9751,2.6452,11.3410,2.0426,0.0040,-0.2601,0,0,0,0.00000,1
0.4381,4.2771,2.5230,11.3964,-1.7047,0.0565,-0.4124,0,0,0,0.00000,3
0.4982,4.9468,2.4213,11.2622,0.3042,0.0076,-0.2994,0,0,0,0.00000,3
0.5170,4.7178,2.2997,12.1117,0.1302,0.0429,-1.2335,0,0,1,0.31685,1
0.4845,5.2175,2.5359,11.5131,-1.5571,0.0017,-0.5147,0,0,0,0.00000,1
0.4233,4.5715,2.6662,12.1488,-1.7675,0.0430,-1.0238,0,1,0,0.63777,1
0.4873,5.0080,2.4796,11.5664,1.7673,0.0336,-0.6072,0,0,0,0.00000,3
0.3773,3.8826,2.6997,11.7134,-2.7138,0.0284,-0.5485,0,1,0,0.18727,3
0.3545,3.7547,2.7780,12.1978,-3.1043,0.1225,-0.9906,0,1,0,0.91437,1
0.4424,4.7215,2.6136,12.3809,2.8165,0.0727,-1.3347,0,0,2,0.48688,1
0.4184,4.1069,2.5671,11.4240,-2.3075,0.1127,-0.4783,0,0,0,0.00000,1
0.3788,4.1283,2.7658,11.5661,2.8532,0.0763,-0.4970,0,0,1,0.17754,3
0.5630,5.1998,2.2172,12.5096,-0.2533,0.0194,-1.7937,0,0,1,1.11985,1
0.5632,5.2006,2.2167,11.6679,0.5206,0.0308,-0.8366,0,0,0,0.00000,3
0.4121,4.4072,2.6771,11.3765,-2.7699,0.0240,-0.3299,0,0,0,0.00000,3
0.4329,4.5983,2.6276,12.1636,2.3032,0.0457,-1.0661,0,0,2,0.86235,3
0.3420,3.6972,2.8273,13.1512,-2.8467,0.0909,-1.6560,1,1,3,1.77486,1
0.3987,4.3686,2.7328,12.5810,-2.2038,0.0083,-1.2759,0,0,2,0.66404,1
0.4752,4.5303,2.4256,12.7237,1.2070,0.0031,-1.6791,0,0,2,1.25623,1
0.4736,4.4850,2.4218,11.6643,-2.1921,0.0017,-0.6359,0,0,1,0.14191,3
0.4619,4.7923,2.5422,11.9714,2.3164,0.0948,-1.0254,0,0,1,0.35725,1
0.3813,3.9468,2.6989,11.6861,2.7751,0.0192,-0.5233,0,1,0,0.47769,3
0.3632,3.9897,2.8061,12.6737,-2.7982,0.0149,-1.2355,0,1,0,0.42588,1
0.5399,5.4873,2.3573,11.4185,1.3345,0.0047,-0.5008,0,0,0,0.00000,3
0.4249,4.5562,2.6547,11.4563,3.0258,0.0361,-0.4238,0,1,0,0.20564,3
0.3621,3.9910,2.8126,12.5103,2.2666,0.0550,-1.1621,0,0,0,0.00000,0
0.3828,3.9947,2.7057,12.6233,-2.9635,0.0536,-1.3240,0,1,0,1.37519,1
0.5461,5.4505,2.3259,11.3911,-0.0933,0.0089,-0.4850,0,0,0,0.00000,3
0.5328,5.0457,2.3031,11.3820,-1.1197,0.0357,-0.4892,0,0,0,0.00000,3
0.3732,4.1060,2.7887,12.1728,2.7819,0.0889,-0.9739,0,1,0,0.93142,3
0.5541,5.4476,2.2946,11.4915,0.3956,0.0621,-0.6679,0,0,0,0.00000,1
0.5277,4.8371,2.2824,11.3502,-1.2666,0.0379,-0.4522,0,0,0,0.00000,1
0.4922,4.8086,2.4169,11.3422,0.1829,0.0212,-0.3843,0,0,0,0.00000,1
0.4944,5.0804,2.4650,11.3955,-0.2133,0.0185,-0.4353,0,0,0,0.00000,1
0.3340,3.6376,2.8517,12.4616,-2.1953,0.0373,-1.0093,1,2,1,2.34843,1
0.4643,5.0058,2.5800,12.4798,3.0897,0.0439,-1.4609,0,0,2,1.05073,1
0.4789,4.8837,2.4890,12.7850,-2.2279,0.0065,-1.7662,0,0,2,1.17014,1
0.4020,4.1518,2.6563,11.3068,-2.5683,0.1706,-0.4312,0,0,0,0.00000,1
0.4742,4.8820,2.5086,11.5115,-2.6703,0.0468,-0.5515,0,0,0,0.00000,1
0.5246,5.2679,2.3778,11.4091,-2.6964,0.0062,-0.4723,0,0,0,0.00000,1
0.4140,4.5473,2.7049,11.5759,-2.5556,0.1206,-0.6087,0,0,0,0.00000,3
0.3365,3.6999,2.8590,12.8156,2.8636,0.0163,-1.2457,1,1,0,1.27117,1
0.4302,4.4830,2.6111,11.3756,2.6139,0.0510,-0.3798,0,0,0,0.00000,3
0.3836,3.9352,2.6842,12.6975,-1.6452,0.0154,-1.3292,0,1,1,1.27554,1
0.3539,3.8013,2.7966,12.6016,2.8428,0.0976,-1.2702,0,0,2,1.23676,1
0.4206,4.3016,2.6091,11.3380,1.8660,0.0554,-0.3434,0,0,0,0.00000,3
0.4860,4.5339,2.3823,11.4336,1.4353,0.0073,-0.4455,0,0,0,0.00000,3
0.3828,3.9960,2.7063,11.2498,-2.2123,0.0025,-0.1813,0,0,0,0.00000,1
0.4644,4.6434,2.4971,11.7496,-0.8592,0.0453,-0.7554,0,0,1,0.32739,1
0.4465,4.4519,2.5295,11.5055,-1.9753,0.0021,-0.4528,0,0,0,0.00000,3
0.5833,5.9671,2.2677,11.8083,1.6968,0.0431,-1.0585,0,0,1,0.24832,1
0.4985,5.2606,2.4846,11.5309,0.5794,0.0069,-0.5583,0,0,0,0.00000,1
0.4756,4.5101,2.4192,11.4079,1.9778,0.0283,-0.4339,0,0,0,0.00000,1
0.4883,5.1433,2.5041,12.0029,2.8645,0.0153,-1.0136,0,0,1,0.53837,3
0.4397,4.4017,2.5473,11.5781,3.0667,0.0044,-0.5087,0,0,1,0.20847,3
0.4213,4.5492,2.6701,12.3235,2.4274,0.0415,-1.1717,1,0,2,1.24554,3
0.6327,5.9535,2.0825,11.6042,-0.1542,0.1349,-1.0266,0,0,0,0.00000,1
0.3485,3.7269,2.8015,11.4087,-2.3735,0.0606,-0.3278,0,0,0,0.00000,1
0.5145,5.3519,2.4352,11.5906,1.6166,0.0179,-0.6560,0,0,0,0.00000,3
0.5203,5.2862,2.3989,11.6393,-1.0012,0.0281,-0.7275,0,0,0,0.00000,3
0.3749,4.1131,2.7819,13.0204,2.9491,0.0454,-1.6162,0,1,0,1.00808,1
0.3924,4.1613,2.7061,11.6521,2.7834,0.0420,-0.5427,0,1,0,0.40689,3
0.3939,4.1982,2.7092,12.5651,2.9177,0.0427,-1.2967,0,1,0,1.28288,1
0.4251,4.2081,2.5635,11.6441,-1.0204,0.0189,-0.5596,0,0,1,0.25842,1
0.4611,4.5147,2.4812,11.4127,-0.9765,0.0129,-0.4028,0,0,0,0.00000,3
0.4108,4.2133,2.6311,11.5596,-2.9221,0.0572,-0.5146,0,0,0,0.00000,3
0.5880,5.7725,2.2194,11.3877,-1.1857,0.0545,-0.5921,0,0,0,0.00000,3
0.5227,5.2873,2.3892,11.3491,0.7844,0.0265,-0.4335,0,0,0,0.00000,1
0.4818,4.4139,2.3723,12.2150,-1.0382,0.0026,-1.1845,1,1,0,0.71644,1
0.4170,4.1473,2.5845,11.4259,2.4373,0.0450,-0.3989,0,0,0,0.00000,3
0.3660,3.8687,2.7538,12.3522,-2.5669,0.1124,-1.1311,0,1,0,0.81052,1
0.4300,4.1701,2.5316,12.4705,-1.0840,0.0364,-1.3240,0,0,5,1.08091,1
0.6177,5.7523,2.1071,12.0710,-0.0501,0.0641,-1.4918,0,0,1,0.29972,1
0.4863,4.7328,2.4247,11.6346,0.5061,0.0460,-0.6857,0,1,0,0.39964,1
0.4247,4.5588,2.6563,12.9604,3.0312,0.0250,-1.7463,0,0,3,1.36118,1
0.6038,5.5549,2.1273,11.3861,-0.3144,0.1283,-0.7011,0,0,0,0.00000,1
0.4867,4.5923,2.3924,11.6099,0.6675,0.0639,-0.6843,0,0,0,0.00000,1
0.5166,5.1607,2.3894,11.4803,-1.9407,0.0206,-0.5502,0,0,0,0.00000,3
0.4585,4.3050,2.4425,11.3131,-0.8698,0.0560,-0.3611,0,0,0,0.00000,1
0.4707,4.9832,2.5464,12.7159,-2.8880,0.0265,-1.6966,0,0,3,0.93239,1
0.3362,3.6907,2.8581,12.6502,-3.0637,0.0370,-1.1535,0,1,0,1.23795,1
0.4612,4.4424,2.4640,11.3015,2.4135,0.0066,-0.2967,0,0,0,0.00000,3
0.4782,4.4370,2.3922,11.4907,0.9077,0.0550,-0.5462,0,0,0,0.00000,3
0.4913,5.0205,2.4657,11.4827,2.1337,0.0527,-0.5555,0,0,0,0.00000,1
0.4011,4.3848,2.7254,11.4118,-2.9584,0.0462,-0.3712,0,0,0,0.00000,3
0.4262,4.5637,2.6503,12.5280,-2.4931,0.0085,-1.3238,0,1,0,1.04605,1
0.3565,3.8807,2.8081,12.8737,-2.5189,0.0712,-1.4582,1,1,0,1.40213,1
0.4422,4.2241,2.4916,11.3940,-2.3592,0.0376,-0.3927,0,0,0,0.00000,1
0.3572,3.7794,2.7713,12.0112,2.9884,0.0833,-0.8026,0,1,0,0.68325,3
0.4666,5.0396,2.5772,11.5734,2.3248,0.0492,-0.6012,0,0,0,0.00000,3
0.4740,5.1021,2.5578,12.7933,2.5620,0.0052,-1.7555,0,1,0,1.63718,1
0.4874,5.3802,2.5573,13.2518,-2.4547,0.0595,-2.4101,0,1,0,1.95191,0
0.4200,4.2985,2.6108,12.2982,1.8592,0.0296,-1.1277,0,1,0,0.99329,1
0.4095,4.4156,2.6922,13.2102,-2.4821,0.0353,-1.9310,0,0,1,1.87775,1
0.4618,4.5509,2.4868,11.4475,-0.9444,0.0133,-0.4353,0,0,0,0.00000,1
0.4558,4.3080,2.4544,11.4070,1.3990,0.0257,-0.4058,0,0,0,0.00000,3
0.4502,4.5369,2.5339,11.4661,1.4462,0.0523,-0.4833,0,0,0,0.00000,3
0.6407,5.9754,2.0571,11.9615,0.8611,0.0450,-1.3837,0,0,1,0.22270,1
0.4719,4.9063,2.5241,13.0483,2.1094,0.0159,-2.0298,0,0,2,1.54066,1
0.5443,5.0292,2.2564,12.0352,0.1988,0.0432,-1.2221,0,1,0,0.63601,1
0.4195,4.5966,2.6911,11.3192,-2.8861,0.0216,-0.2890,0,0,0,0.00000,3
0.4260,4.6113,2.6632,11.5561,-2.7465,0.0124,-0.4807,0,0,1,0.17805,1
0.4982,5.1077,2.4547,12.2484,-3.0797,0.0182,-1.2933,0,1,0,0.30833,1
0.4641,5.0260,2.5852,11.9444,-2.5890,0.0501,-0.9461,0,1,0,0.16672,3
0.3565,3.8399,2.7949,11.5068,2.2156,0.1046,-0.4565,0,0,0,0.00000,3
0.3899,4.1477,2.7150,12.9912,3.1406,0.0039,-1.5861,0,1,1,0.95320,1
0.4177,4.3618,2.6382,11.3540,1.4860,0.0676,-0.3676,0,0,0,0.00000,1
0.4942,5.3011,2.5111,12.4243,3.0820,0.0473,-1.5094,0,0,1,0.82817,1
0.4177,4.5893,2.6980,12.3253,2.5996,0.0132,-1.1228,0,1,0,0.82151,1
0.5060,5.4886,2.4979,11.6873,2.1538,0.0611,-0.7936,0,0,1,0.14048,3
0.4564,4.7618,2.5596,11.4760,-1.5910,0.0387,-0.4847,0,0,0,0.00000,3
0.3890,4.2243,2.7413,12.8652,-2.5698,0.0080,-1.4815,0,1,0,1.70879,1
0.4794,5.0770,2.5285,13.1111,-2.1378,0.0252,-2.1500,0,1,0,1.69545,1
0.5220,5.0452,2.3452,11.3121,1.5611,0.0189,-0.3857,0,0,0,0.00000,3
0.3407,3.7424,2.8498,12.0414,3.0129,0.2223,-0.9671,0,0,1,0.17050,1
0.4406,4.4433,2.5538,11.3686,-2.3665,0.0569,-0.3921,0,0,0,0.00000,1
0.4161,4.3770,2.6499,11.4568,-2.2450,0.0734,-0.4568,0,0,0,0.00000,3
0.4693,4.8962,2.5332,11.5200,2.5410,0.0902,-0.6047,0,0,0,0.00000,1
0.5314,4.9997,2.2999,11.7635,1.8563,0.0176,-0.8625,0,0,1,0.36712,1
0.4051,4.2179,2.6597,12.3331,-2.6432,0.0429,-1.1333,0,1,0,1.00938,1
0.4419,4.3933,2.5357,11.3901,0.3623,0.0069,-0.3535,0,0,0,0.00000,1
0.5473,5.6608,2.3586,12.8632,2.8220,0.0030,-2.1355,0,1,0,1.48958,1
0.5678,5.4371,2.2404,11.5953,-1.5223,0.0349,-0.7703,0,0,0,0.00000,1
0.4265,4.3155,2.5854,11.3376,-1.4871,0.0612,-0.3556,0,0,0,0.00000,1
0.4059,4.0315,2.6043,11.7496,0.2970,0.0026,-0.5937,0,1,0,0.42245,1
0.4738,5.0432,2.5458,12.6416,-2.5983,0.0298,-1.6374,0,0,1,1.11121,1
0.4114,4.4723,2.6981,12.7992,-2.3530,0.0133,-1.5223,1,1,0,1.33803,1
0.5046,4.7973,2.3645,11.2716,1.4780,0.0201,-0.3285,0,0,0,0.00000,3
0.3686,4.0227,2.7877,12.3782,-2.5734,0.0659,-1.0933,0,1,0,1.01633,3
0.3733,3.9119,2.7290,12.4163,2.8920,0.0116,-1.0603,0,1,1,1.01834,1
0.4304,4.6741,2.6584,11.8307,2.5428,0.0403,-0.7571,0,1,0,0.51336,3
0.4764,4.6236,2.4419,11.4316,1.2452,0.0239,-0.4518,0,0,0,0.00000,3
0.6513,5.9246,2.0131,11.6094,-0.9857,0.0934,-1.0133,0,0,0,0.00000,1
0.3636,3.9333,2.7865,12.8354,-2.6729,0.0116,-1.3599,0,1,0,1.35147,1
0.4400,4.4915,2.5686,11.2557,-2.8810,0.0284,-0.2629,0,0,0,0.00000,3
0.5153,5.2134,2.4051,12.5916,-0.8902,0.0271,-1.7323,0,0,1,1.26382,1
0.5414,5.3072,2.3185,11.6294,-1.8775,0.0090,-0.7293,0,0,1,0.26245,1
0.4660,4.6540,2.4926,12.0325,0.6467,0.0019,-0.9682,0,1,0,0.49729,3
0.5714,5.7378,2.2768,11.5397,0.3621,0.0212,-0.6987,0,0,0,0.00000,3
0.4852,5.2453,2.5387,11.4810,2.8163,0.0782,-0.5766,0,0,0,0.00000,1
0.4615,4.7020,2.5233,12.0520,-2.1500,0.0054,-0.9809,0,1,0,0.70577,3
0.3496,3.8442,2.8340,12.5527,-2.9707,0.0478,-1.1428,0,0,0,0.00000,3
0.4021,4.0574,2.6296,11.4519,-2.0486,0.0015,-0.3511,0,0,0,0.00000,1
0.4569,4.5289,2.5028,11.7373,0.0487,0.0142,-0.6903,0,1,0,0.49123,1
0.3467,3.8078,2.8380,11.5248,2.5699,0.3491,-0.7423,0,0,0,0.00000,1
0.6091,5.7949,2.1445,11.5583,-0.9346,0.0391,-0.8044,0,0,0,0.00000,3
0.4913,4.8442,2.4280,11.7814,-0.6003,0.0271,-0.8145,0,0,1,0.27489,1
0.4067,4.1610,2.6362,11.7102,2.4896,0.0619,-0.6373,0,1,0,0.20744,3
0.3890,4.1297,2.7141,11.7230,2.8446,0.0575,-0.6117,0,0,1,0.30260,3
0.4101,4.1234,2.6099,11.7694,-1.2288,0.0212,-0.6410,0,0,1,0.36827,1
0.4249,4.1414,2.5466,12.1337,2.6675,0.0038,-0.9590,0,0,1,0.53717,1
0.4448,4.7319,2.6050,11.8925,-1.8759,0.0188,-0.8142,0,0,0,0.00000,1
0.4734,5.1096,2.5620,11.6773,-0.4414,0.0004,-0.6496,0,0,0,0.00000,1
0.3641,3.8724,2.7645,12.9408,-2.2246,0.0115,-1.4464,0,1,1,1.66528,1
0.4680,4.4608,2.4394,11.4582,3.0462,0.0118,-0.4506,0,0,0,0.00000,1
0.4689,4.6476,2.4788,11.6184,-0.3336,0.0223,-0.6122,0,0,0,0.00000,1
0.6378,5.8465,2.0497,11.6333,0.1015,0.0545,-0.9672,0,0,0,0.00000,3
0.4173,4.5980,2.7022,12.3518,-2.6894,0.0826,-1.2432,1,1,0,0.42639,2
0.4471,4.2794,2.4846,11.2779,1.1980,0.0262,-0.2850,0,0,0,0.00000,3
0.4191,4.3340,2.6246,11.4279,2.9376,0.1059,-0.4744,0,0,0,0.00000,1
0.5102,5.5507,2.4919,11.5661,3.0590,0.0511,-0.6657,0,0,0,0.00000,1
0.4347,4.6799,2.6394,11.3495,2.6272,0.1085,-0.4291,0,0,0,0.00000,1
0.4538,4.6096,2.5353,11.8663,3.0361,0.0317,-0.8252,0,0,1,0.38736,1
0.4964,5.3991,2.5216,11.3580,1.7479,0.0108,-0.3939,0,0,0,0.00000,1
0.4270,4.3798,2.5994,11.8395,-2.9469,0.0343,-0.7496,0,1,0,0.50047,3
0.3927,4.2854,2.7401,11.9558,2.7508,0.0520,-0.7980,0,0,1,0.44451,3
0.4648,5.0959,2.5975,11.4726,-2.5369,0.1266,-0.5976,0,0,0,0.00000,1
0.5079,5.5318,2.4979,12.1302,2.7891,0.0575,-1.2540,0,0,1,0.55363,1
0.4260,4.2735,2.5766,12.8685,-1.1042,0.0187,-1.6528,0,1,0,1.76745,1
0.4767,5.1216,2.5502,11.6994,-2.3910,0.0947,-0.7933,0,0,0,0.00000,1
0.3976,4.2460,2.7043,11.4307,-2.5473,0.0077,-0.3374,0,0,0,0.00000,1
0.5329,5.2948,2.3496,11.5564,2.3627,0.0103,-0.6402,0,0,0,0.00000,1
0.4637,4.5363,2.4753,11.4944,1.2140,0.0101,-0.4759,0,0,0,0.00000,3
0.4974,4.7211,2.3773,11.6056,-1.5393,0.0383,-0.6657,0,0,0,0.00000,3
0.3657,3.9064,2.7667,11.5089,3.0122,0.0176,-0.3684,0,0,1,0.17273,1
0.4800,4.7839,2.4624,11.2950,2.6143,0.0041,-0.3075,0,0,0,0.00000,3
0.4997,5.2807,2.4834,11.3152,-0.9911,0.0273,-0.3753,0,0,0,0.00000,1
0.5823,5.4838,2.1940,11.4396,1.1032,0.0051,-0.5813,0,0,0,0.00000,1
0.4981,5.3791,2.5099,11.5095,-2.7658,0.0812,-0.6267,0,0,0,0.00000,1
0.5187,5.4945,2.4453,11.4146,-2.0973,0.0025,-0.4668,0,0,0,0.00000,3
0.4001,4.1235,2.6575,11.3522,2.8648,0.0247,-0.2987,0,0,0,0.00000,3
0.4455,4.7903,2.6158,12.2817,3.0322,0.0488,-1.2156,0,1,0,1.01241,3
0.4757,5.0897,2.5475,12.4623,2.1323,0.0527,-1.4950,0,1,0,0.71288,1
0.4580,5.0485,2.6181,11.4990,2.9648,0.0842,-0.5621,0,0,0,0.00000,2
0.4738,5.1107,2.5606,11.7926,-2.2383,0.0850,-0.8659,0,1,0,0.16085,3
0.5626,5.1120,2.2034,11.3832,0.6533,0.0204,-0.5093,0,0,0,0.00000,3
0.5318,5.2620,2.3478,11.4226,-0.9405,0.0228,-0.5152,0,0,0,0.00000,3
0.4048,4.2727,2.6764,11.5354,-3.0881,0.0989,-0.5361,0,0,0,0.00000,1
0.3858,4.1107,2.7246,11.2835,-2.6649,0.0648,-0.2786,0,0,0,0.00000,3
0.4483,4.3968,2.5082,11.9988,-0.0205,0.0083,-0.9025,0,0,1,0.60696,1
0.4778,4.6125,2.4336,11.9817,2.1421,0.0302,-0.9850,0,0,1,0.61262,1
0.5258,5.5734,2.4302,12.3934,1.4281,0.0026,-1.5141,0,1,0,0.59748,1
0.4647,4.5130,2.4658,12.2565,-2.5592,0.0028,-1.1790,0,0,1,0.77870,1
0.3492,3.7683,2.8111,13.0043,-2.6986,0.1237,-1.6235,0,0,2,1.60753,1
0.4803,4.8285,2.4710,11.7150,-2.4103,0.0051,-0.7014,0,0,1,0.25157,3
0.4802,5.0866,2.5270,11.7677,2.6664,0.0007,-0.7475,0,0,1,0.29498,3
0.3691,3.8924,2.7446,11.5875,2.8393,0.0787,-0.5022,0,1,0,0.27597,3
0.3958,4.3601,2.7450,11.4196,-2.3517,0.1607,-0.5033,0,0,0,0.00000,2
0.5039,5.0528,2.4197,11.4855,0.6833,0.0319,-0.5508,0,0,0,0.00000,1
0.4217,4.5027,2.6562,11.4367,-1.7127,0.0365,-0.4042,0,0,0,0.00000,1
0.4739,5.0226,2.5410,11.3814,1.2936,0.0123,-0.3905,0,0,0,0.00000,1
0.5087,5.3061,2.4505,11.2448,-1.0544,0.0510,-0.3436,0,0,0,0.00000,1
0.4087,4.0708,2.6017,11.3306,-1.6116,0.0052,-0.2679,0,0,0,0.00000,1
0.3921,4.1583,2.7071,11.5403,-1.8053,0.0685,-0.4864,0,0,0,0.00000,1
0.5860,5.9760,2.2587,11.6432,2.8725,0.0029,-0.8194,0,0,0,0.00000,1
0.5105,5.0036,2.3830,11.9809,0.3344,0.0110,-1.0366,0,1,0,0.47056,1
0.3969,4.1163,2.6710,11.3307,-2.9623,0.0589,-0.3179,0,0,0,0.00000,3
0.4006,4.3121,2.7077,12.7650,-2.4681,0.1233,-1.6250,1,1,0,1.32386,1
0.4274,4.1797,2.5458,11.8711,-0.8734,0.0255,-0.7656,0,0,1,0.29238,1
0.4049,4.3172,2.6882,12.3715,-2.8430,0.0547,-1.1829,0,1,1,0.84581,3
0.4312,4.5574,2.6252,11.6480,-2.0547,0.0573,-0.6207,0,0,2,0.60486,3
0.3406,3.7486,2.8529,12.2095,-2.4898,0.0550,-0.8704,0,1,0,1.00922,1
0.4972,5.1887,2.4754,11.4667,1.1681,0.0152,-0.5038,0,0,0,0.00000,1
0.4087,4.3363,2.6746,11.7631,2.6606,0.0491,-0.6687,0,1,0,0.43367,3
0.4692,4.9011,2.5346,11.5578,-1.9507,0.0364,-0.5748,0,0,0,0.00000,3
0.4795,5.1913,2.5525,13.1133,-2.4615,0.0032,-2.1136,1,1,1,1.49418,1
0.4951,5.4290,2.5330,11.7812,-1.6592,0.0115,-0.8048,0,1,0,0.44468,1
0.4799,4.9402,2.4968,11.9172,1.3211,0.0149,-0.9085,0,0,2,0.46701,3
0.4743,4.3789,2.3944,11.4500,-2.0084,0.0156,-0.4553,0,0,0,0.00000,1
0.5124,5.2231,2.4189,11.6382,-2.2368,0.0280,-0.7126,0,0,0,0.00000,1
0.5581,5.2827,2.2500,12.2641,0.6673,0.0098,-1.4743,0,0,1,0.97473,1
0.4799,4.7426,2.4538,11.4537,0.5911,0.0426,-0.4996,0,0,0,0.00000,1
0.3476,3.7437,2.8119,11.8081,2.6328,0.1323,-0.6941,0,1,0,0.44328,3
0.4228,4.1741,2.5650,12.2285,2.0910,0.0154,-1.0530,0,1,0,0.80862,1
0.5209,5.6192,2.4594,11.3405,-2.2888,0.0326,-0.4311,0,0,0,0.00000,3
0.4530,4.4776,2.5075,11.8450,-1.0487,0.0196,-0.7876,0,1,0,0.24901,1
0.3932,4.2793,2.7360,13.0534,-2.7702,0.0685,-1.7671,0,1,1,1.92443,1
0.3893,4.2361,2.7430,13.2211,-2.1814,0.0234,-1.8205,0,1,2,1.86969,1
0.4401,4.5539,2.5832,12.0043,2.8575,0.0424,-0.9352,0,0,1,0.58607,1
0.5390,4.8937,2.2509,11.6524,0.4267,0.1072,-0.8735,0,0,0,0.00000,1
0.4674,4.3833,2.4239,11.6720,-1.1037,0.0145,-0.6483,0,1,0,0.32339,3
0.4680,4.9491,2.5509,12.0631,0.1941,0.0032,-1.0059,0,0,1,0.74146,1
0.6340,6.1892,2.1102,12.7463,-1.2551,0.0159,-2.3727,0,1,1,1.12976,1
0.4308,4.3743,2.5805,11.3853,1.6481,0.0460,-0.3827,0,0,0,0.00000,3
0.3627,3.8162,2.7542,13.0166,-2.6226,0.0278,-1.5298,1,1,0,1.02336,1
0.4293,4.1850,2.5384,11.4450,2.0984,0.0315,-0.4136,0,0,0,0.00000,3
0.3777,4.1579,2.7806,13.3613,-3.0273,0.0264,-1.8917,0,1,0,0.19294,0
0.4867,5.1031,2.5026,12.4826,-2.2124,0.0816,-1.5971,0,0,1,1.12203,1
0.4632,5.1087,2.6076,12.0002,-1.5734,0.0093,-0.9440,0,1,0,0.49828,0
0.5212,5.5211,2.4397,11.6204,2.9227,0.0157,-0.6955,0,0,1,0.20308,3
0.5282,5.5476,2.4158,11.8502,-1.9566,0.0285,-0.9660,0,1,0,0.20614,3
0.4336,4.4993,2.5993,12.3508,-2.6934,0.0724,-1.2785,0,1,0,1.13733,1
0.3586,3.8645,2.7913,11.6814,2.6941,0.0126,-0.4757,0,1,0,0.29665,1
0.4642,4.3264,2.4236,11.6422,2.4930,0.0052,-0.6036,0,0,2,0.69765,1
0.4698,4.4494,2.4296,11.2186,1.2336,0.0378,-0.2667,0,0,0,0.00000,3
0.3904,4.1616,2.7163,11.9078,-1.9077,0.0306,-0.7270,0,1,0,0.20893,1
0.4634,4.8504,2.5490,11.4383,-3.1216,0.0657,-0.4918,0,0,0,0.00000,1
0.4783,4.3679,2.3757,11.5027,-1.5163,0.0443,-0.5443,0,0,0,0.00000,1
0.5227,5.3628,2.4035,11.4124,1.8796,0.0073,-0.4749,0,0,0,0.00000,3
0.3917,4.2379,2.7319,11.3982,2.7048,0.0916,-0.4022,0,0,0,0.00000,3
0.4209,4.1902,2.5780,11.3867,1.5674,0.0557,-0.3838,0,0,0,0.00000,3
0.4515,4.5477,2.5309,11.4508,2.1573,0.0849,-0.5100,0,0,0,0.00000,1
0.4997,5.4548,2.5184,12.5088,2.5980,0.0272,-1.5887,0,1,0,1.08665,1
0.4187,4.1732,2.5833,11.3112,-2.4858,0.0068,-0.2641,0,0,0,0.00000,3
0.3964,3.9752,2.6331,12.9171,2.4025,0.0223,-1.5799,0,1,1,1.33942,1
0.3535,3.7633,2.7863,11.4345,-2.6748,0.0614,-0.3519,0,0,0,0.00000,3
0.3731,3.9287,2.7353,11.6259,-3.0362,0.0879,-0.5477,0,1,0,0.20194,3
0.3950,4.2534,2.7194,11.4625,-3.0228,0.1768,-0.5556,0,0,0,0.00000,1
0.4497,4.4641,2.5186,11.3179,-0.6190,0.0260,-0.3222,0,0,0,0.00000,1
0.3619,3.9656,2.8057,11.4500,-2.4509,0.0838,-0.3982,0,0,0,0.00000,3
0.4777,4.5708,2.4246,11.8143,0.8091,0.0089,-0.7945,0,1,0,0.49824,3
0.5461,5.2015,2.2810,11.4691,0.8580,0.0692,-0.6397,0,0,0,0.00000,3
0.3877,3.9856,2.6788,12.8687,1.8047,0.0043,-1.4714,0,1,0,0.23453,1
0.4508,4.3977,2.4978,11.7014,1.5150,0.0322,-0.6691,0,1,0,0.17966,3
0.4138,4.4318,2.6755,12.4623,2.6806,0.0420,-1.2728,0,1,0,1.23527,1
0.4927,4.7690,2.4063,12.0759,1.4608,0.0124,-1.0911,0,1,0,0.60338,1
0.4853,4.6139,2.4030,11.4182,2.5364,0.0202,-0.4459,0,0,0,0.00000,1
0.5335,5.4989,2.3850,11.8522,-2.7371,0.0102,-0.9552,0,0,1,0.17166,1
0.4752,4.5056,2.4200,11.7924,0.6811,0.0330,-0.7998,0,0,1,0.40275,1
0.4218,4.4456,2.6411,13.0961,-2.4362,0.0266,-1.8650,0,1,1,1.68399,1
0.4722,5.0302,2.5500,11.3047,2.3674,0.0638,-0.3781,0,0,0,0.00000,3
0.3790,3.9964,2.7255,12.5015,-2.2778,0.0113,-1.1464,0,0,1,0.95129,1
0.3534,3.8055,2.8004,11.5054,3.1001,0.1562,-0.5117,0,0,0,0.00000,3
0.4784,4.6237,2.4336,11.9841,-1.8872,0.0043,-0.9536,0,0,1,0.53446,1
0.4145,4.2212,2.6161,11.3906,-3.0840,0.0145,-0.3322,0,0,0,0.00000,3
0.3516,3.8566,2.8271,11.9466,-3.0328,0.1914,-0.8795,0,1,0,0.34120,1
0.3439,3.7910,2.8483,13.0274,2.6326,0.0348,-1.4674,1,1,1,1.77829,0
0.5172,4.6868,2.2924,11.3704,0.0522,0.0391,-0.4611,0,0,0,0.00000,3
0.3813,3.9339,2.6951,11.8016,2.5062,0.0525,-0.6529,0,1,0,0.48058,3
0.4044,4.0606,2.6192,12.0232,-2.3667,0.0135,-0.8285,0,1,0,0.57843,3
0.5712,5.6611,2.2650,11.3941,-0.7421,0.0246,-0.5404,0,0,0,0.00000,3
0.4730,4.9924,2.5384,12.3932,-1.0768,0.0225,-1.3707,0,0,2,1.00476,1
0.3946,4.1043,2.6792,11.3515,3.0990,0.1367,-0.4205,0,0,0,0.00000,1
0.5328,5.1772,2.3282,11.5399,-1.4151,0.0378,-0.6561,0,0,0,0.00000,3
0.5838,5.4918,2.1898,11.4738,0.4391,0.1276,-0.7741,0,0,0,0.00000,1
0.5465,5.6816,2.3655,11.6582,1.6431,0.0428,-0.8140,0,0,0,0.00000,3
0.4828,5.3055,2.5621,11.3754,-2.2893,0.0151,-0.3994,0,0,0,0.00000,3
0.3386,3.7329,2.8589,13.0128,-2.6529,0.0302,-1.4252,0,1,1,1.32169,0
0.4888,4.8177,2.4328,11.3449,-0.5358,0.0394,-0.4045,0,0,0,0.00000,1
0.3420,3.7352,2.8404,12.5270,-3.1211,0.1508,-1.2485,0,1,0,1.37779,1
0.5021,4.6289,2.3390,11.4925,0.3771,0.0061,-0.5218,0,0,0,0.00000,3
0.3897,4.0391,2.6844,11.9647,2.2455,0.0107,-0.7446,0,1,0,0.53407,1
0.4753,5.0597,2.5427,12.6805,-0.1425,0.0021,-1.6394,0,1,0,0.95609,1
0.4466,4.8218,2.6180,12.3013,2.6063,0.0152,-1.1900,0,0,5,1.41326,3
0.5403,5.6337,2.3821,11.6490,1.0486,0.0405,-0.7899,0,0,0,0.00000,1
0.4635,4.3288,2.4273,11.3776,-1.3702,0.0261,-0.3890,0,0,0,0.00000,3
0.3938,4.1734,2.7025,12.3163,2.0287,0.0462,-1.0904,0,1,0,1.10614,3
0.4336,4.1781,2.5174,11.5874,-2.0631,0.0584,-0.5729,0,0,0,0.00000,1
0.3912,4.2918,2.7494,12.3765,-1.9910,0.0411,-1.1260,0,1,0,0.97654,1
0.5728,5.4200,2.2186,11.8143,-0.7638,0.0465,-1.0440,0,0,1,0.43225,1
0.4069,4.1751,2.6393,11.8239,-1.8776,0.0117,-0.6680,0,1,0,0.58368,1
0.4405,4.4795,2.5631,11.5026,-2.9238,0.0439,-0.4924,0,0,0,0.00000,1
0.4201,4.1957,2.5828,12.7460,-2.1060,0.0058,-1.4939,0,0,2,1.19024,1
0.4303,4.3805,2.5848,13.0031,-1.2044,0.0301,-1.8201,0,1,0,1.84548,1
0.4581,4.4190,2.4713,11.8074,0.2859,0.0168,-0.7594,1,1,1,0.65992,1
0.4031,4.4450,2.7317,11.6036,2.5300,0.0735,-0.5588,0,1,0,0.16334,2
0.4896,4.7895,2.4233,11.2763,-2.3462,0.0177,-0.3155,0,0,0,0.00000,1
0.5222,4.7938,2.2949,11.6235,0.5257,0.0335,-0.7188,0,0,0,0.00000,3
0.3912,4.2716,2.7437,11.9103,-2.8218,0.0197,-0.7170,0,1,0,0.67184,1
0.4735,4.7918,2.4917,11.6043,2.4935,0.0335,-0.6207,0,1,0,0.17157,1
0.4869,4.8478,2.4472,11.4673,-0.7619,0.0189,-0.4937,0,0,0,0.00000,1
0.3886,4.2841,2.7604,12.2059,-2.1362,0.0522,-0.9925,0,1,0,0.56024,0
0.4928,5.0111,2.4572,12.9463,-0.9704,0.0137,-2.0097,0,1,1,1.53516,1
0.3739,4.0283,2.7613,12.4341,-2.6907,0.0348,-1.1103,0,0,1,1.05706,3
0.4188,4.4614,2.6593,12.1023,-3.0895,0.0055,-0.9208,0,1,0,0.31728,1
0.5127,4.9917,2.3718,11.4929,1.5059,0.0442,-0.5853,0,0,0,0.00000,3
0.4380,4.3528,2.5428,11.6973,-0.8890,0.0029,-0.6068,0,1,0,0.32697,1
0.4908,4.9882,2.4609,12.1910,-1.2791,0.0630,-1.2763,0,1,0,0.61545,1
0.4884,5.3042,2.5371,12.2855,2.5231,0.0598,-1.3637,0,0,1,0.89386,1
0.4610,4.8123,2.5508,11.3778,0.5512,0.0058,-0.3642,0,0,0,0.00000,1
0.4793,4.5999,2.4243,11.8579,0.4197,0.0286,-0.8659,0,0,1,0.20734,1
0.5616,5.1252,2.2094,11.4781,-0.3013,0.0131,-0.6020,0,0,0,0.00000,3
0.4619,5.0308,2.5964,11.4078,2.5194,0.0060,-0.3930,0,0,0,0.00000,1
0.4608,4.9265,2.5776,11.3080,3.0051,0.0682,-0.3743,0,0,0,0.00000,1
0.5233,5.0666,2.3444,11.5602,-0.1914,0.0280,-0.6500,0,0,0,0.00000,1
0.4608,4.3634,2.4467,11.3776,2.5193,0.0041,-0.3603,0,0,0,0.00000,3
0.4051,4.2301,2.6631,11.4098,2.5613,0.0075,-0.3291,0,0,0,0.00000,1
0.4673,4.5611,2.4657,11.4941,3.1370,0.0282,-0.5024,0,0,0,0.00000,1
0.4559,4.7637,2.5625,11.5278,-1.2032,0.0233,-0.5119,0,1,0,0.18161,1
0.4033,4.0789,2.6295,12.4880,1.1357,0.0009,-1.1987,0,1,0,1.12512,1
0.4338,4.1990,2.5220,11.8650,-2.0113,0.0080,-0.7505,0,0,1,0.39221,3
0.4860,4.4520,2.3641,11.6779,0.6617,0.0630,-0.7477,0,0,1,0.23342,1
0.4669,4.9212,2.5494,12.8135,2.2317,0.0551,-1.8293,0,1,2,0.98856,1
0.3437,3.7324,2.8297,13.3156,-2.8383,0.0394,-1.7044,1,1,0,2.14534,1
0.3911,4.2515,2.7386,13.0008,2.9640,0.0227,-1.6322,0,1,2,1.44183,1
0.4984,4.8388,2.3982,11.3540,-2.8695,0.0100,-0.3893,0,0,0,0.00000,1
0.4310,4.6408,2.6471,11.8641,-2.3492,0.0799,-0.8380,0,1,0,0.31489,3
0.3511,3.8561,2.8297,11.8887,-2.8783,0.0601,-0.6694,0,1,0,0.52554,3
0.5105,5.4069,2.4627,11.2664,2.9145,0.0110,-0.3208,0,0,0,0.00000,3
0.5161,5.0156,2.3628,11.4106,-1.5243,0.0295,-0.4897,0,0,0,0.00000,3
0.4820,5.0173,2.5045,11.3416,0.5694,0.0064,-0.3560,0,0,0,0.00000,1
0.3916,4.0271,2.6714,11.3151,-1.4427,0.0051,-0.2399,0,0,0,0.00000,1
0.4017,4.0340,2.6246,12.9131,2.9966,0.0287,-1.6098,0,0,1,1.69733,1
0.5821,5.3744,2.1770,11.3617,0.0215,0.0649,-0.5656,0,0,0,0.00000,3
0.3818,4.1535,2.7576,12.5406,-2.7601,0.1496,-1.3935,0,0,2,0.67227,1
0.4410,4.7845,2.6353,11.4175,-1.9905,0.0437,-0.4199,0,0,0,0.00000,3
0.3387,3.7244,2.8553,11.6835,2.3770,0.0804,-0.5270,0,0,1,0.40305,1
0.4406,4.6001,2.5925,12.5866,-2.6001,0.0732,-1.5280,0,0,2,0.91943,1
0.3487,3.8406,2.8379,12.6779,-2.5898,0.0824,-1.2883,0,0,1,1.44772,0
0.4978,5.4708,2.5297,11.9320,-1.6704,0.0183,-0.9704,0,1,0,0.42639,1
0.4869,5.0093,2.4817,11.5601,-1.0717,0.0574,-0.6296,0,0,0,0.00000,1
0.4039,4.3528,2.7025,12.6961,2.8729,0.0958,-1.5307,0,0,1,0.63671,1
0.4364,4.7915,2.6587,11.9661,-2.8564,0.0325,-0.8799,0,1,0,0.55168,3
0.3713,3.8452,2.7188,11.3153,-2.6124,0.0780,-0.3038,0,0,0,0.00000,3
0.5907,5.8404,2.2198,11.4056,-1.9419,0.0207,-0.5754,0,0,0,0.00000,1
0.5019,4.7192,2.3589,11.4396,1.9776,0.0034,-0.4674,0,0,0,0.00000,1
0.4509,4.5362,2.5306,11.3325,2.3362,0.0228,-0.3326,0,0,0,0.00000,3
0.4693,4.5557,2.4559,11.2838,-0.3298,0.0063,-0.2889,0,0,0,0.00000,3
0.4655,4.4515,2.4479,11.4422,-1.5894,0.0280,-0.4522,0,0,0,0.00000,3
0.3991,4.3109,2.7147,12.4550,-2.4416,0.0343,-1.2074,0,0,3,2.08225,3
0.4133,4.3908,2.6669,12.8895,-2.6776,0.0405,-1.6572,1,2,1,1.28985,1
0.3793,3.9749,2.7178,11.8704,1.8421,0.0103,-0.6490,0,1,0,0.24418,1
0.3740,3.9565,2.7393,11.8514,2.7006,0.0313,-0.6507,0,0,1,0.39701,3
0.4889,5.2384,2.5211,12.0586,-1.6621,0.0040,-1.0562,0,0,1,0.51173,1
0.4860,4.9848,2.4805,11.4365,-2.1723,0.0087,-0.4518,0,0,0,0.00000,3
0.4071,4.3906,2.6974,11.3382,2.9543,0.0255,-0.2961,0,0,0,0.00000,3
0.4919,5.4148,2.5442,11.5671,2.9287,0.0305,-0.6128,0,0,0,0.00000,3
0.4404,4.5685,2.5855,12.2180,2.5627,0.0261,-1.1090,0,1,0,0.93249,3
0.4812,4.9018,2.4830,11.2757,-3.0202,0.0220,-0.3121,0,0,0,0.00000,1
0.4108,4.0790,2.5942,11.2652,0.6791,0.0092,-0.2231,0,0,0,0.00000,1
0.5291,5.1291,2.3335,11.6162,-1.1644,0.0400,-0.7328,0,0,0,0.00000,3
0.4178,4.5740,2.6936,13.2035,-1.9331,0.0050,-1.9098,0,1,1,2.02693,1
0.4348,4.7829,2.6640,11.5157,1.9723,0.0374,-0.4889,0,0,0,0.00000,1
0.4963,4.6684,2.3704,12.3886,2.2116,0.0029,-1.4065,0,0,1,1.05254,1
0.5406,5.2703,2.3151,12.4508,0.0418,0.0035,-1.6242,0,0,1,0.71108,1
0.4228,4.6566,2.6904,13.1288,2.5420,0.0385,-1.9228,1,1,1,1.56179,0
0.4239,4.1137,2.5438,11.4413,0.5244,0.0154,-0.3848,0,0,0,0.00000,1
0.4947,4.5429,2.3496,11.3208,-1.3241,0.0498,-0.3993,0,0,0,0.00000,3
0.3871,4.1338,2.7249,12.5302,-2.8071,0.0482,-1.2520,0,1,1,1.30184,1
0.4704,5.0276,2.5576,11.4483,-1.6453,0.0426,-0.4831,0,0,0,0.00000,1
0.4447,4.3259,2.5066,11.7544,1.4282,0.0066,-0.6729,0,1,0,0.27095,3
0.4007,4.1322,2.6573,12.4816,2.5213,0.0564,-1.2680,0,0,2,1.02798,1
0.4092,4.4723,2.7086,12.1108,-2.4611,0.0121,-0.9132,0,0,2,0.78047,1
0.4142,4.2383,2.6220,12.1268,2.5942,0.0107,-0.9361,0,0,1,0.64894,3
0.3888,4.0088,2.6798,11.3545,-3.0456,0.0063,-0.2681,0,0,0,0.00000,1
0.3519,3.7843,2.8017,11.9917,-3.0778,0.0777,-0.7688,1,1,1,1.13606,3
0.3609,3.8270,2.7672,13.0835,-2.4295,0.0542,-1.6231,0,1,0,1.87466,1
0.4096,4.1218,2.6116,11.6380,2.3596,0.1114,-0.6432,0,1,0,0.14209,1
0.6389,5.9889,2.0653,11.6590,-0.7381,0.0453,-0.9908,0,0,0,0.00000,3
0.3375,3.6559,2.8386,13.1668,2.3666,0.0287,-1.5367,0,1,0,2.00529,1
0.4344,4.4977,2.5953,12.3608,-2.1764,0.0132,-1.2040,0,1,0,0.86987,1
0.4230,4.3727,2.6163,11.3301,-2.5785,0.0314,-0.3119,0,0,0,0.00000,3
0.3954,4.0968,2.6730,11.4976,2.7540,0.1275,-0.5268,0,0,0,0.00000,1
0.4647,4.5303,2.4696,11.3439,1.1727,0.0610,-0.4016,0,0,0,0.00000,3
0.5054,5.1564,2.4343,11.4250,2.6796,0.0211,-0.4809,0,0,0,0.00000,1
0.4843,4.9521,2.4808,11.4367,2.4116,0.0400,-0.4868,0,0,0,0.00000,1
0.4273,4.5873,2.6512,11.6235,2.6646,0.0117,-0.5383,0,1,0,0.23899,3
0.4634,4.8653,2.5524,12.1812,-1.0640,0.0193,-1.1290,0,0,3,0.86535,1
0.3940,4.2060,2.7112,11.6071,2.6246,0.0419,-0.5098,0,0,1,0.33643,3
0.3670,3.8365,2.7383,11.3590,-2.7560,0.0600,-0.3110,0,0,0,0.00000,3
0.4534,4.9406,2.6145,11.3872,-1.4888,0.0094,-0.3687,0,0,0,0.00000,1
0.5680,5.6429,2.2743,11.8118,0.5937,0.0323,-1.0135,0,0,1,0.34099,3
0.4515,4.5519,2.5318,11.3363,-0.8921,0.0218,-0.3354,0,0,0,0.00000,1
0.3910,4.2897,2.7497,12.0774,-2.2871,0.0639,-0.9088,0,1,0,0.43999,3
0.5105,5.1973,2.4218,12.3434,0.9452,0.0133,-1.4238,0,1,0,0.77748,1
0.5188,4.7546,2.3000,11.6920,-2.7553,0.0004,-0.7406,0,1,0,0.31286,1
0.3797,4.0316,2.7323,11.4164,2.9891,0.0227,-0.3236,0,0,0,0.00000,3
0.4117,4.1051,2.5972,12.1269,-2.4576,0.0256,-0.9497,0,0,2,0.41311,1
0.3996,4.3073,2.7113,12.0014,2.6892,0.1180,-0.9372,0,0,1,0.19683,1
0.3743,3.9308,2.7297,11.7898,-2.4108,0.0401,-0.6155,0,0,1,0.50970,3
0.3851,4.1634,2.7436,11.4399,2.9703,0.1051,-0.4425,0,0,0,0.00000,3
0.3930,4.2672,2.7335,13.3133,2.5351,0.0416,-1.9562,0,1,1,2.23646,1
0.3913,4.1593,2.7111,12.2406,3.0823,0.0619,-1.0418,0,0,1,0.66312,3
0.3749,4.0282,2.7561,13.0731,2.3077,0.0258,-1.6279,0,1,0,1.81155,1
0.4893,4.4262,2.3452,11.4320,-0.6726,0.0249,-0.4688,0,0,0,0.00000,3
0.4279,4.5681,2.6432,11.3345,2.3323,0.0284,-0.3175,0,0,0,0.00000,3
0.4088,4.1984,2.6369,11.9998,1.8495,0.0260,-0.8360,0,1,0,0.57875,3
0.5450,5.5161,2.3420,11.4716,-0.9082,0.0458,-0.6136,0,0,0,0.00000,3
0.4735,4.9779,2.5331,11.4765,1.3695,0.0137,-0.4788,0,0,0,0.00000,1
0.4398,4.6177,2.6006,12.0868,-2.8169,0.0548,-1.0263,0,1,0,0.42714,1
0.4633,4.2941,2.4199,11.2933,1.0429,0.0559,-0.3482,0,0,0,0.00000,3
0.4794,4.4506,2.3903,11.3507,-0.7638,0.0113,-0.3652,0,0,0,0.00000,3
0.6353,6.1344,2.0980,12.0731,0.5337,0.0406,-1.5112,0,0,2,1.14847,1
0.3743,3.9361,2.7313,12.6731,2.1528,0.0237,-1.2884,1,1,1,1.38397,1
0.4151,4.3765,2.6545,11.6438,2.0713,0.0813,-0.6201,0,1,0,0.39021,3
0.5606,5.6702,2.3073,11.4249,0.9863,0.0385,-0.5769,0,0,0,0.00000,3
0.4245,4.1729,2.5569,11.3218,1.8315,0.0272,-0.3014,0,0,0,0.00000,3
0.3786,4.1473,2.7726,11.6369,-3.0746,0.0501,-0.5193,0,1,0,0.31919,3
0.6553,6.0061,2.0100,12.1605,-0.3940,0.0845,-1.7492,0,0,1,0.45428,1
0.3850,4.1083,2.7283,11.4832,3.0607,0.1593,-0.5389,0,0,0,0.00000,1
0.4591,5.0245,2.6076,11.8739,-1.9635,0.0550,-0.8748,0,1,0,0.33942,3
0.4681,5.1466,2.5941,11.4975,1.8862,0.0348,-0.5164,0,0,0,0.00000,1
0.4753,4.8103,2.4880,11.4866,1.6518,0.0126,-0.4885,0,0,0,0.00000,3
0.5101,5.2692,2.4374,11.3870,-2.2953,0.0421,-0.4746,0,0,0,0.00000,1
0.5619,5.5994,2.2905,11.9027,-2.5358,0.0052,-1.0670,0,0,1,0.33995,1
0.5344,5.1646,2.3194,11.5872,0.3904,0.0164,-0.6817,0,0,0,0.00000,3
0.4986,5.3579,2.5037,12.3984,-2.1017,0.0283,-1.4684,0,1,0,1.01568,3
0.4529,4.2765,2.4589,12.6585,0.2011,0.0101,-1.5406,0,1,2,1.01907,1
0.4408,4.3801,2.5370,11.9819,1.5418,0.0221,-0.8887,0,0,1,0.34659,3
0.5638,5.7614,2.3104,12.0824,-0.6020,0.0018,-1.2736,0,0,2,0.69633,3
0.3731,4.1050,2.7889,11.9861,-2.6298,0.0653,-0.7956,0,1,0,0.71355,3
0.4397,4.5314,2.5797,12.0950,-1.6032,0.0004,-0.9593,0,1,0,0.80197,1
0.3617,3.8016,2.7550,11.3591,-2.1891,0.0307,-0.2726,0,0,0,0.00000,1
0.4005,4.0706,2.6410,11.5872,2.9483,0.0548,-0.5189,0,0,1,0.20397,3
0.4275,4.5342,2.6369,11.5232,-2.7593,0.1006,-0.5598,0,0,0,0.00000,1
0.5841,5.3167,2.1600,11.9293,0.8899,0.0247,-1.1727,0,0,1,0.27231,1
0.4827,4.8522,2.4657,11.6407,3.0298,0.0360,-0.6736,0,0,0,0.00000,1
0.4111,4.5199,2.7121,11.3889,2.1559,0.0628,-0.3834,0,0,0,0.00000,1
0.4766,4.4374,2.3986,11.2806,-2.9922,0.0073,-0.2937,0,0,0,0.00000,1
0.3706,3.9803,2.7638,11.3152,2.7327,0.1803,-0.4185,0,0,0,0.00000,1
0.5608,5.1513,2.2167,11.4695,0.2640,0.0043,-0.5809,0,0,0,0.00000,1
0.5462,5.5049,2.3354,11.8182,-0.4571,0.0452,-0.9910,0,0,1,0.50688,1
0.4522,4.7659,2.5793,11.7163,-1.5005,0.0059,-0.6538,0,1,0,0.33099,1
0.3925,4.0172,2.6640,11.4717,-2.6653,0.0191,-0.3756,0,1,0,0.22672,3
0.5303,5.5283,2.4035,11.5582,-2.4743,0.0640,-0.7052,0,0,0,0.00000,1
0.3865,4.1920,2.7448,11.4006,-2.2360,0.0944,-0.4014,0,0,0,0.00000,3
0.4222,4.6483,2.6910,11.3004,-1.9474,0.0297,-0.2855,0,0,0,0.00000,0
0.3615,3.9098,2.7903,11.3581,-2.6369,0.1427,-0.3986,0,0,0,0.00000,3
0.5716,5.8333,2.2918,11.9428,1.8117,0.0301,-1.1710,0,0,1,0.51626,1
0.4810,4.8894,2.4813,11.6111,2.5990,0.0318,-0.6373,0,0,0,0.00000,1
0.5094,5.3681,2.4595,11.5294,2.7851,0.0027,-0.5683,0,0,1,0.15272,3
0.3802,4.1154,2.7547,11.3936,2.6609,0.0712,-0.3628,0,0,0,0.00000,3
0.3413,3.7679,2.8552,12.6183,2.7204,0.0919,-1.2297,1,2,2,5.89046,0
0.4193,4.3432,2.6261,11.3593,-1.9862,0.0354,-0.3365,0,0,0,0.00000,3
0.4657,4.3751,2.4289,11.2735,2.1003,0.0308,-0.3041,0,0,0,0.00000,1
0.5190,4.7314,2.2945,12.4152,-0.6027,0.0278,-1.5468,0,1,0,0.94933,1
0.4214,4.1397,2.5621,12.3109,1.8925,0.0312,-1.1447,0,1,0,1.05756,1
0.4972,5.1833,2.4744,12.5142,-0.6236,0.0078,-1.5542,0,0,1,1.12484,1
0.4582,4.3969,2.4657,11.3864,1.3663,0.0086,-0.3706,0,0,0,0.00000,3
0.4832,5.2369,2.5457,11.5343,1.3628,0.0699,-0.6148,0,0,0,0.00000,1
0.3984,4.1670,2.6783,11.4985,1.9355,0.0058,-0.3883,0,0,0,0.00000,1
0.4812,5.1586,2.5381,12.3766,2.2771,0.0710,-1.4516,0,1,0,0.83379,1
0.3574,3.9074,2.8118,11.5890,-2.7767,0.1479,-0.5682,0,0,0,0.00000,3
0.4380,4.2067,2.5057,11.5200,0.5129,0.0146,-0.4679,0,0,0,0.00000,1
0.4967,5.4407,2.5284,12.0515,-1.2721,0.0353,-1.1119,0,1,0,0.55651,1
0.4822,5.0910,2.5195,11.3485,-1.0878,0.0171,-0.3753,0,0,0,0.00000,1
0.3662,4.0401,2.8060,11.3650,2.1986,0.0639,-0.3190,0,0,0,0.00000,0
0.4634,5.0961,2.6042,12.1005,-1.4349,0.0020,-1.0297,0,1,0,0.67753,1
0.4934,4.8322,2.4169,11.6013,2.0781,0.0662,-0.6903,0,0,0,0.00000,1
0.4317,4.3394,2.5675,11.4796,-0.9600,0.0157,-0.4273,0,0,1,0.16045,1
0.4807,4.9961,2.5055,11.5044,-2.5423,0.0099,-0.5100,0,0,0,0.00000,3
0.4310,4.4759,2.6055,11.5066,1.6050,0.0543,-0.4953,0,0,1,0.17498,1
0.4460,4.2585,2.4838,11.3898,-1.6264,0.0283,-0.3826,0,0,0,0.00000,3
0.4388,4.2118,2.5036,11.3491,-1.1371,0.0033,-0.3108,0,0,0,0.00000,3
0.4798,4.5017,2.4004,11.3821,2.8906,0.0015,-0.3831,0,0,0,0.00000,1
0.3394,3.7426,2.8575,13.2978,-2.5986,0.0168,-1.6266,0,1,1,2.16288,0
0.4729,4.6664,2.4662,11.3223,-2.9786,0.0343,-0.3600,0,0,0,0.00000,1
0.4819,4.9417,2.4887,12.4455,2.4441,0.0309,-1.4648,0,0,2,1.04675,1
0.3791,4.0510,2.7412,11.8252,-2.1618,0.0399,-0.6514,0,1,0,0.30700,1
0.6223,5.9300,2.1164,12.0866,-0.3104,0.0934,-1.5689,0,0,1,0.18126,1
0.3536,3.8251,2.8060,12.2843,2.5246,0.0850,-1.0027,0,1,0,0.77799,3
0.4959,4.9352,2.4284,11.4628,1.4312,0.0382,-0.5250,0,0,0,0.00000,3
0.4805,4.5269,2.4031,11.3005,1.5336,0.0029,-0.3108,0,0,0,0.00000,3
0.4374,4.5794,2.6022,11.3328,1.2628,0.0085,-0.3027,0,0,0,0.00000,1
0.4222,4.3213,2.6068,11.3171,2.7400,0.0544,-0.3267,0,0,0,0.00000,3
0.4283,4.2942,2.5715,12.2952,0.9461,0.0102,-1.1209,0,1,1,0.84178,1
0.4032,4.2519,2.6786,12.4976,3.0585,0.0359,-1.2597,0,1,0,1.00463,1
0.4754,5.0480,2.5397,11.4267,-0.9622,0.0168,-0.4393,0,0,0,0.00000,1
0.4426,4.6184,2.5876,13.0826,-1.6247,0.0008,-1.9020,1,1,1,1.35355,1
0.4212,4.4301,2.6399,12.1037,-2.0466,0.0236,-0.9519,0,1,0,0.90365,3
0.5609,5.0775,2.2035,11.5151,-0.3023,0.0726,-0.7156,0,0,0,0.00000,3
0.5023,4.9153,2.3981,11.5698,-0.9683,0.0128,-0.6076,0,0,0,0.00000,3
0.4229,4.3939,2.6221,11.4233,-1.3140,0.0222,-0.3776,0,0,0,0.00000,1
0.4858,4.9677,2.4775,12.8363,-2.3526,0.0058,-1.8477,0,0,1,1.18405,1
0.3722,3.9660,2.7515,11.7706,3.0486,0.0780,-0.6440,0,1,0,0.45700,3
0.6465,6.1737,2.0630,11.4962,-0.0471,0.0629,-0.8219,0,0,0,0.00000,3
