x,Q2,W,miss_mass,phih,pt2,t,secondary_pips,secondary_pims,secondary_pizs,secondary_esum,accepted
0.4691,5.1581,2.5917,12.1438,-1.9317,0.0154,-1.1045,0,1,0,0.41403,1
0.3979,4.2206,2.6958,11.5299,-1.8658,0.0149,-0.4229,0,1,0,0.21258,1
0.5413,5.4814,2.3508,12.0329,1.7596,0.0248,-1.1895,0,1,0,0.61018,3
0.3658,3.8779,2.7577,12.0942,-2.3698,0.0208,-0.8033,0,1,1,0.79007,1
0.4910,4.9031,2.4419,12.0627,1.1862,0.0502,-1.1268,0,1,0,0.60272,3
0.5547,5.4736,2.2967,12.2259,0.8898,0.0315,-1.4542,0,1,0,0.52964,1
0.4038,4.3669,2.7071,12.0963,2.5741,0.0464,-0.9329,0,1,0,0.54793,3
0.4356,4.2247,2.5208,12.1079,-1.7281,0.0057,-0.9660,0,1,0,0.47707,1
0.4314,4.2544,2.5472,11.6702,-0.9361,0.0200,-0.5934,0,1,0,0.25639,1
0.4484,4.7840,2.6008,12.0037,2.5212,0.0601,-0.9782,0,1,0,0.22949,3
0.3700,3.9498,2.7579,11.5209,2.9644,0.0537,-0.4248,0,1,0,0.15691,3
0.3974,4.0986,2.6636,12.2078,-2.6666,0.0280,-0.9841,0,2,0,0.64043,3
0.4624,4.7297,2.5258,11.9231,-0.5701,0.0094,-0.8674,0,1,0,0.18449,1
0.5138,4.8699,2.3427,11.9186,-1.8129,0.0086,-0.9754,0,1,0,0.55110,1
0.6463,5.9816,2.0381,11.8791,0.2866,0.0979,-1.3638,0,1,0,0.36262,1
0.3689,3.9648,2.7685,12.4748,-2.8393,0.0815,-1.1945,0,1,1,0.97186,1
0.4398,4.3638,2.5373,11.9549,-1.7670,0.0436,-0.8907,0,1,0,0.35878,3
0.4556,4.5652,2.5169,11.6774,1.4158,0.0109,-0.6299,0,1,0,0.29305,3
0.3619,3.8143,2.7578,12.4455,-2.4071,0.0254,-1.0676,0,1,1,1.19698,1
0.4251,4.1323,2.5434,12.3221,2.7894,0.0070,-1.1300,0,1,1,0.59318,1
0.4066,4.3411,2.6862,12.4931,3.0015,0.0147,-1.2359,0,1,0,1.17279,1
0.4193,4.4834,2.6625,11.7918,2.2170,0.0027,-0.6548,0,0,2,0.36760,1
0.4774,4.8630,2.4909,12.8906,-2.5770,0.0039,-1.8660,0,1,1,1.56969,1
0.5389,4.9078,2.2538,12.3631,-0.4687,0.0560,-1.5980,0,1,0,1.00737,1
0.5279,5.1998,2.3516,12.4418,-1.6458,0.0281,-1.6099,0,1,2,1.82104,1
0.4426,4.6263,2.5897,11.7710,2.6778,0.0587,-0.7511,0,1,1,0.41449,1
0.5428,5.6519,2.3752,12.0223,1.4150,0.0248,-1.1828,0,1,0,0.41792,3
0.4197,4.5246,2.6713,12.9444,-2.6119,0.0677,-1.7818,0,1,0,1.78176,1
0.4248,4.3558,2.6036,11.8520,-2.2805,0.0006,-0.7128,0,1,0,0.49616,1
0.5470,5.5279,2.3365,12.0104,2.0376,0.0449,-1.2067,0,1,0,0.17935,1
0.3746,4.1053,2.7811,12.1876,2.5232,0.0269,-0.9060,0,1,0,0.88210,1
0.4026,4.0585,2.6273,11.8239,2.4529,0.0672,-0.7299,0,1,0,0.55594,1
0.4574,4.7565,2.5541,12.1007,1.8185,0.0023,-1.0127,0,1,1,0.60216,3
0.4133,4.2476,2.6289,12.0604,-2.2026,0.0158,-0.8842,0,1,0,0.79874,3
0.4814,4.6278,2.4221,11.8187,0.6534,0.0360,-0.8419,0,1,0,0.37912,1
0.4000,3.9932,2.6212,11.6190,2.2131,0.0382,-0.5233,0,1,0,0.31557,3
0.4179,4.1331,2.5765,11.6697,-1.7479,0.0350,-0.5891,0,1,0,0.34835,3
0.3750,4.0828,2.7723,11.7932,2.7990,0.1052,-0.7001,0,1,0,0.18578,3
0.4708,5.0888,2.5689,11.9070,-1.8729,0.0402,-0.9126,0,1,0,0.52349,3
0.3642,3.9838,2.7993,12.2912,3.0771,0.0267,-0.9575,0,1,0,0.93811,1
0.3642,3.8965,2.7716,12.4065,-2.0251,0.0340,-1.0570,0,1,2,1.32845,1
0.3943,3.9906,2.6475,11.8106,1.6696,0.0254,-0.6503,0,1,0,0.25699,1
0.4374,4.5111,2.5853,12.0405,2.6443,0.0542,-0.9771,0,1,0,0.46871,1
0.3791,4.0702,2.7473,12.1455,-2.5322,0.0206,-0.8758,0,1,0,0.88829,1
0.4335,4.4406,2.5854,11.8213,2.1883,0.0126,-0.7190,0,1,0,0.57611,3
0.4734,5.0398,2.5470,11.9275,-1.5930,0.0067,-0.8939,0,1,0,0.22529,1
0.4126,4.1892,2.6163,11.8583,2.4257,0.0535,-0.7609,0,1,0,0.45770,3
0.4222,4.2895,2.5982,11.8287,2.8954,0.0162,-0.7075,0,1,0,0.43634,3
0.4600,4.9978,2.5977,13.1742,1.8625,0.0008,-2.0791,0,1,1,2.09421,1
0.4478,4.3462,2.4981,11.9136,1.9063,0.0528,-0.8825,0,1,0,0.67302,3
0.3974,4.0494,2.6498,12.0474,2.8229,0.0250,-0.8474,0,1,0,0.58269,3
0.4645,4.5181,2.4677,12.7516,-0.4144,0.0099,-1.6781,0,1,0,1.67415,1
0.4669,5.1490,2.5999,11.6139,-2.2474,0.0068,-0.5881,0,1,0,0.20110,0
0.4158,4.4678,2.6753,11.8400,-1.8649,0.0421,-0.7381,0,1,0,0.24543,1
0.4915,4.8736,2.4337,11.8468,-0.8774,0.0574,-0.9193,0,1,0,0.33558,1
0.5292,5.5188,2.4062,13.1241,1.6820,0.0183,-2.3923,0,1,1,1.69224,1
0.3766,4.0711,2.7602,12.2177,2.3261,0.0391,-0.9516,0,1,0,0.88238,1
0.3469,3.8167,2.8399,11.8443,-3.0916,0.1169,-0.6998,0,1,0,0.45188,3
0.4705,4.9353,2.5365,12.2775,2.4209,0.0288,-1.2569,0,1,1,0.75694,3
0.3609,3.8702,2.7812,13.0524,2.1474,0.0175,-1.5331,0,1,0,1.81886,1
0.3992,4.0923,2.6532,12.1374,-3.0699,0.0573,-0.9702,1,1,0,0.58585,1
0.4263,4.2908,2.5796,11.5942,-2.7475,0.0448,-0.5513,0,1,0,0.15440,1
0.3672,3.9582,2.7754,11.9074,-3.0948,0.1801,-0.8683,0,1,0,0.55555,1
0.4040,4.1891,2.6570,12.3191,3.1276,0.0048,-1.0636,0,2,0,0.82663,1
0.4906,5.0686,2.4784,11.7290,-1.4765,0.0477,-0.7889,0,1,0,0.24816,3
0.4531,4.7156,2.5634,11.6267,3.1142,0.0092,-0.5790,0,1,0,0.33522,3
0.3852,3.9976,2.6945,11.9753,-2.0583,0.0079,-0.7396,1,1,0,0.50451,1
0.4619,4.7440,2.5310,11.8141,1.4107,0.0234,-0.7831,0,1,0,0.43882,1
0.4475,4.6275,2.5678,11.7876,1.6793,0.0170,-0.7224,0,1,0,0.40968,3
0.4073,4.0399,2.5997,11.6359,2.4362,0.0048,-0.5074,0,1,0,0.21124,3
0.4215,4.2353,2.5869,11.7682,-1.3788,0.0130,-0.6508,0,1,0,0.23842,1
0.4042,4.3380,2.6972,11.9560,1.7390,0.0358,-0.8025,0,1,0,0.54202,1
0.4269,4.2586,2.5684,12.1971,2.5867,0.0393,-1.0705,0,1,0,0.68761,1
0.4154,4.1327,2.5879,11.6169,1.2991,0.0276,-0.5323,0,1,0,0.25125,1
0.4255,4.6683,2.6800,13.0246,3.0614,0.0833,-1.9119,1,2,1,1.23684,1
0.4487,4.7278,2.5865,12.8660,-1.8498,0.0099,-1.7312,0,1,0,1.28820,1
0.3704,3.8527,2.7256,11.4751,-2.4018,0.0329,-0.3675,0,1,0,0.18308,3
0.4088,4.3926,2.6896,12.4342,2.9752,0.0576,-1.2544,0,1,0,0.79905,1
0.5261,5.3571,2.3889,12.0032,-1.1153,0.0269,-1.1216,0,1,0,0.69183,3
0.3389,3.7109,2.8494,12.5949,-2.7565,0.1934,-1.3549,0,1,1,1.28298,1
0.4225,4.5244,2.6580,11.9687,-2.5023,0.0397,-0.8594,0,1,0,0.33694,3
0.4714,4.4216,2.4162,11.9352,1.4812,0.0306,-0.9252,0,1,0,0.53564,1
0.3817,4.1584,2.7600,12.3861,2.4200,0.0595,-1.1306,1,2,0,0.65797,3
0.3827,4.0860,2.7332,11.7480,-2.7896,0.0542,-0.6162,0,1,0,0.25484,3
0.4533,4.8027,2.5832,11.9695,2.0702,0.0011,-0.8799,0,1,1,0.63856,1
0.4843,5.2845,2.5509,11.7809,-1.3719,0.0245,-0.7993,0,1,0,0.25709,1
0.4579,4.6924,2.5368,11.9030,2.8401,0.0217,-0.8550,0,1,0,0.42588,3
0.4962,5.2873,2.4999,11.9558,-2.0167,0.0468,-1.0275,0,1,0,0.60391,3
0.4664,5.1099,2.5933,12.6526,1.7906,0.0035,-1.5808,0,1,1,1.51874,1
0.4474,4.2200,2.4684,12.1951,1.8559,0.0056,-1.0753,0,1,2,1.15470,1
0.5415,5.7286,2.3938,12.8155,2.7877,0.0014,-2.0530,0,1,0,1.21481,1
0.4424,4.4461,2.5464,12.4313,-2.9949,0.0069,-1.2840,0,1,0,0.70358,1
0.4586,4.3189,2.4454,11.9570,0.0739,0.0103,-0.8891,0,1,0,0.53522,1
0.4363,4.3020,2.5373,11.8775,2.1773,0.0111,-0.7711,0,1,0,0.41562,3
0.4111,4.2222,2.6323,11.7954,-1.4600,0.0365,-0.6839,0,1,0,0.36057,1
0.3554,3.9067,2.8223,11.4369,-2.6109,0.0928,-0.3918,0,1,0,0.15029,3
0.3568,3.8156,2.7856,11.7495,-2.3113,0.0341,-0.5473,0,1,0,0.47295,1
0.3687,3.9397,2.7615,11.8655,-2.7904,0.0663,-0.6952,0,1,0,0.16517,3
0.4221,4.3031,2.6021,11.6705,2.4690,0.0079,-0.5639,0,1,0,0.24979,3
0.4681,4.3119,2.4041,11.8130,0.6650,0.0327,-0.8043,0,1,0,0.40059,1
0.4955,5.0023,2.4440,12.0966,2.8239,0.0284,-1.1432,0,1,0,0.83966,1
0.5107,5.4781,2.4757,12.9645,2.3519,0.0286,-2.1387,1,2,1,1.64245,1
0.4432,4.4076,2.5335,11.6198,1.3631,0.0645,-0.6238,0,1,0,0.26107,1
0.4368,4.2277,2.5162,11.8189,2.0770,0.0648,-0.7896,0,1,0,0.42295,1
0.3637,4.0003,2.8069,11.4779,-2.4146,0.0954,-0.4339,0,1,0,0.19876,3
0.5756,5.6163,2.2409,12.3857,0.5735,0.0687,-1.7681,0,1,0,0.55835,1
0.3625,3.8330,2.7605,12.2510,2.7793,0.1331,-1.0689,0,0,0,0.00000,1
0.4224,4.1775,2.5676,11.9657,-2.6120,0.0444,-0.8619,0,1,0,0.47976,1
0.4419,4.4845,2.5582,11.8702,-1.7532,0.0016,-0.7647,0,1,0,0.72340,3
0.4349,4.1921,2.5155,12.4915,2.2499,0.0215,-1.3366,0,1,1,0.93647,1
0.5089,4.6195,2.3105,11.7818,-0.1084,0.0510,-0.8793,1,1,0,0.47207,1
0.4968,4.8350,2.4035,11.8921,-1.7361,0.0359,-0.9477,0,1,0,0.52465,3
0.5677,5.5812,2.2651,12.0639,2.1173,0.0114,-1.2740,0,1,0,0.43145,1
0.4468,4.8316,2.6196,11.7857,2.0628,0.0172,-0.7206,0,1,0,0.38396,1
0.3491,3.7291,2.7988,12.0088,2.7625,0.0260,-0.7083,0,1,0,0.62566,1
0.4813,4.9946,2.5027,11.8466,2.5933,0.0437,-0.8805,0,1,0,0.37526,1
0.4892,4.9449,2.4582,12.9505,2.5507,0.0054,-1.9835,0,1,1,0.83532,1
0.3718,4.0831,2.7890,12.3918,-3.1115,0.0656,-1.1137,0,1,0,0.86917,3
0.3764,3.9425,2.7226,12.0228,2.3469,0.0557,-0.8193,0,1,0,0.70095,3
0.4226,4.2206,2.5783,11.8725,1.7368,0.0059,-0.7319,0,1,0,0.27892,3
0.3569,3.7881,2.7761,12.7853,2.9161,0.0432,-1.3440,0,1,1,1.54323,1
0.4908,4.5759,2.3723,11.4587,-1.3812,0.0245,-0.4962,0,1,0,0.18678,3
0.4135,4.1309,2.5958,11.9114,0.4986,0.0026,-0.7414,0,1,0,0.19342,1
0.3985,4.1667,2.6776,11.4973,-2.5975,0.0073,-0.3892,0,1,0,0.27280,1
0.4097,4.4025,2.6875,12.9372,-2.0472,0.0172,-1.6467,0,1,0,1.75968,1
0.4394,4.4885,2.5706,12.0441,1.5440,0.0435,-0.9706,0,1,0,0.26118,3
0.3814,4.1720,2.7654,12.6275,-2.7918,0.0096,-1.2555,0,1,1,1.47629,1
0.4322,4.6241,2.6372,13.2594,-1.9767,0.0036,-2.0317,0,1,1,2.16433,1
0.3747,3.9342,2.7289,11.5820,-2.2489,0.0195,-0.4356,0,1,0,0.30227,1
0.3695,3.9452,2.7593,11.6048,2.5511,0.0156,-0.4405,0,1,0,0.19269,1
0.4139,4.5339,2.7022,11.9225,2.9531,0.1407,-0.9304,0,1,0,0.50345,1
0.5594,5.8071,2.3355,12.3139,-1.7522,0.0466,-1.5964,0,1,0,0.58042,1
0.5331,5.6263,2.4100,12.4702,0.7606,0.0060,-1.6293,0,1,0,0.17392,1
0.3879,4.2256,2.7475,11.8231,2.7174,0.0510,-0.6807,0,1,0,0.22318,3
0.3646,3.8237,2.7467,11.8176,-1.8704,0.0463,-0.6261,0,1,0,0.59247,1
0.5037,5.1483,2.4399,12.0935,2.0835,0.0103,-1.1368,0,1,0,0.36450,3
0.4649,5.1298,2.6048,11.5512,2.5189,0.0000,-0.5195,0,1,0,0.24379,0
0.3389,3.6747,2.8370,11.6664,-2.3751,0.0319,-0.4577,0,1,0,0.26696,1
0.4198,4.1690,2.5773,11.5762,-1.0819,0.0399,-0.5204,0,1,0,0.30966,1
0.3801,4.0813,2.7452,12.8937,2.7473,0.0166,-1.4829,0,1,0,1.77237,1
0.4160,4.2047,2.6046,12.0515,1.5318,0.0161,-0.8832,0,1,1,0.52635,1
0.3367,3.6909,2.8549,12.8275,2.9991,0.0333,-1.2821,1,2,0,0.84261,1
0.4205,4.5399,2.6715,11.9427,-1.9961,0.0022,-0.7841,0,1,0,0.59910,1
0.5763,5.7293,2.2567,12.3407,0.1197,0.0285,-1.6539,0,1,0,0.28542,1
0.3809,3.9388,2.6986,11.4836,-2.2833,0.0099,-0.3596,0,1,0,0.24782,1
0.3987,4.2275,2.6938,11.6268,2.6604,0.0730,-0.5700,0,1,0,0.37839,3
0.3960,4.1892,2.6961,11.8960,2.8559,0.0052,-0.6967,0,1,0,0.55199,1
0.5576,5.7759,2.3371,11.8513,0.9922,0.0325,-1.0374,0,1,0,0.51465,3
0.4580,4.5978,2.5140,11.8294,2.7472,0.0238,-0.7895,0,1,0,0.20292,1
0.4573,4.6454,2.5287,12.1260,1.5401,0.0024,-1.0355,0,1,0,0.78380,3
0.3401,3.6803,2.8320,11.9081,2.4490,0.0873,-0.6955,0,1,1,0.48141,3
0.4565,4.7084,2.5467,11.9638,2.6929,0.0527,-0.9497,0,1,0,0.64618,1
0.4216,4.1821,2.5726,12.9067,2.4089,0.0005,-1.6380,0,1,1,1.74929,1
0.4487,4.6376,2.5648,11.9935,-1.1995,0.0008,-0.8902,0,1,0,0.53362,1
0.3557,3.8571,2.8048,13.0671,2.6431,0.0486,-1.5756,0,1,2,1.19962,1
0.3709,4.0947,2.7975,12.9596,-2.5878,0.0350,-1.5297,1,1,2,1.86569,0
0.4809,4.7019,2.4406,11.7074,0.5614,0.0000,-0.6881,0,1,0,0.25063,3
0.5821,5.3574,2.1742,11.9439,0.3153,0.0191,-1.1777,0,1,0,0.44234,1
0.4621,4.3601,2.4406,12.1575,0.0937,0.0087,-1.0843,0,1,0,0.34225,1
0.4250,4.4930,2.6378,11.9416,2.6578,0.0600,-0.8679,0,1,0,0.66374,3
0.5450,4.9575,2.2405,11.9875,-0.0574,0.0721,-1.2109,0,1,0,0.35243,1
0.4418,4.7517,2.6238,11.7738,-1.7407,0.0157,-0.6984,0,1,0,0.49297,1
0.4016,4.0907,2.6411,11.8528,-2.2085,0.0222,-0.6943,0,1,0,0.57359,3
0.3701,3.9190,2.7477,12.1798,3.0140,0.0869,-0.9692,0,1,0,0.79851,3
0.4740,5.0041,2.5364,11.8450,1.0293,0.0060,-0.8155,0,1,0,0.46613,1
0.4888,4.8283,2.4352,12.3320,2.3615,0.0038,-1.3283,0,1,0,0.29191,1
0.3785,4.0068,2.7312,12.3057,-2.4655,0.0416,-1.0304,0,1,1,0.97184,3
0.4698,4.7790,2.5049,12.1286,-0.9377,0.0301,-1.1096,0,1,0,0.58713,1
0.5507,5.0648,2.2388,11.7591,-0.3899,0.0259,-0.9067,0,1,0,0.31949,1
0.4191,4.1402,2.5727,11.7987,-0.9982,0.0181,-0.6781,0,1,0,0.39143,1
0.3928,4.2932,2.7418,11.8631,2.0173,0.0613,-0.7352,0,1,0,0.30809,1
0.4306,4.5941,2.6372,11.7999,2.2343,0.0613,-0.7569,0,1,0,0.15994,3
0.4475,4.9219,2.6375,12.1941,1.7734,0.0268,-1.1089,0,1,0,0.59354,1
0.4072,4.2700,2.6637,12.1217,-2.7243,0.0734,-0.9995,0,1,0,0.34993,1
0.4303,4.1860,2.5344,12.2524,1.0914,0.0347,-1.1227,0,1,0,0.87815,1
0.3790,4.0560,2.7432,11.8254,2.5402,0.0623,-0.6794,0,1,0,0.34569,3
0.4498,4.6094,2.5533,12.3247,-2.2424,0.0810,-1.3156,0,1,1,0.89916,1
0.5345,5.5143,2.3839,12.9545,-0.5581,0.0112,-2.2016,0,1,1,1.57960,1
0.4285,4.3838,2.5936,11.7937,-1.4087,0.0322,-0.7103,0,1,0,0.56187,1
0.5687,5.6458,2.2719,11.8646,1.7890,0.0138,-1.0509,0,1,0,0.40534,1
0.3692,3.9311,2.7560,11.7361,-2.1602,0.0633,-0.5947,0,1,0,0.33660,3
0.4297,4.5454,2.6292,11.6313,1.3527,0.0064,-0.5421,0,1,0,0.29017,1
0.5900,5.9897,2.2455,12.2421,-2.8864,0.0010,-1.5374,0,1,0,0.50526,1
0.4172,4.6010,2.7030,11.7656,-2.1830,0.0662,-0.7082,0,1,0,0.41807,2
0.4286,4.2384,2.5557,11.9951,-1.4211,0.0025,-0.8456,0,1,0,0.19086,3
0.3949,4.0672,2.6670,11.8478,-3.0228,0.0794,-0.7498,0,1,0,0.53530,1
0.5146,4.6565,2.2964,12.1046,0.0154,0.0414,-1.2171,0,1,0,0.64085,1
0.3902,4.1677,2.7190,12.1509,2.8512,0.0293,-0.9205,0,1,0,0.52360,3
0.3839,4.0859,2.7274,11.9029,3.0236,0.0720,-0.7622,0,1,0,0.40052,3
0.4236,4.2148,2.5722,11.8899,-1.9874,0.0403,-0.7933,0,1,0,0.34284,3
0.4986,4.7831,2.3856,11.8556,1.7529,0.0516,-0.9351,0,1,0,0.21054,1
0.4454,4.6943,2.5934,11.9484,-1.8094,0.0042,-0.8466,0,1,0,0.63920,1
0.3593,3.8242,2.7750,11.6049,2.3130,0.0373,-0.4514,0,1,0,0.21282,1
0.6264,5.8000,2.0830,11.8196,-0.0685,0.0303,-1.1463,0,1,0,0.26705,1
0.3739,4.0650,2.7728,13.1332,-1.9989,0.0218,-1.6671,0,1,1,1.68288,1
0.5432,4.9986,2.2549,12.1788,-0.0994,0.0127,-1.3356,0,1,0,0.63562,1
0.3845,3.9471,2.6832,12.2654,2.6411,0.0520,-1.0294,0,1,0,0.96801,1
0.5012,4.6687,2.3507,11.9289,-2.4096,0.0057,-0.9525,0,1,0,0.35792,1
0.4399,4.6662,2.6118,11.8659,-2.3940,0.1086,-0.8951,0,1,0,0.22556,1
0.4469,4.2338,2.4740,11.5710,-2.4193,0.0101,-0.5192,0,1,0,0.14920,3
0.3965,4.3086,2.7275,12.0623,-2.0973,0.0325,-0.8682,0,1,0,0.63286,1
0.4850,5.2373,2.5379,12.1257,0.2309,0.0003,-1.1083,0,1,0,0.82716,1
0.4907,4.4519,2.3453,11.7704,-0.2852,0.0675,-0.8534,0,1,0,0.14777,1
0.3675,3.9772,2.7794,11.9060,2.7312,0.1276,-0.8011,0,0,0,0.00000,3
0.4490,4.6514,2.5668,13.0035,-1.6102,0.0282,-1.9010,0,1,0,0.56652,1
0.4555,4.9125,2.5985,13.0365,1.3578,0.0018,-1.9187,1,2,0,0.88390,1
0.4149,4.2477,2.6213,12.0229,-2.2764,0.0264,-0.8703,0,1,0,0.82331,3
0.3323,3.6641,2.8712,12.4466,-2.8623,0.1856,-1.2040,0,1,0,1.30569,0
0.4645,4.7504,2.5211,11.9121,1.2180,0.0216,-0.8780,0,0,0,0.00000,1
0.3608,3.8557,2.7770,12.9510,2.7343,0.0374,-1.4840,2,2,1,1.48016,1
0.3923,4.2452,2.7309,11.8167,2.4554,0.0681,-0.7053,0,1,0,0.34189,3
0.3926,4.1994,2.7160,12.2695,2.7492,0.1001,-1.1229,0,1,0,0.99778,1
0.4208,4.4192,2.6389,11.9298,1.8562,0.0301,-0.8093,0,1,0,0.51133,1
0.5164,4.7142,2.3011,12.0592,-0.2430,0.0280,-1.1545,0,1,0,0.81050,1
0.4418,4.8273,2.6417,12.0538,-2.6885,0.1205,-1.0891,0,1,0,0.51231,1
0.3990,4.0230,2.6344,11.7349,-2.1289,0.0219,-0.5941,0,1,0,0.39501,3
0.3580,3.9028,2.8069,12.4254,-2.6502,0.0419,-1.0638,1,2,1,1.96592,3
0.3572,3.8075,2.7805,11.8165,-3.0503,0.0429,-0.6075,0,1,0,0.37141,3
0.4935,4.8936,2.4296,11.6896,-0.7079,0.0366,-0.7405,0,1,0,0.35636,1
0.4508,4.8441,2.6041,11.8822,1.3755,0.0443,-0.8507,0,1,0,0.44510,1
0.4806,4.4481,2.3847,12.1901,1.4590,0.0258,-1.1910,0,1,1,1.02229,1
0.4953,4.5930,2.3582,11.9103,1.8072,0.0106,-0.9269,0,1,0,0.51239,1
0.3912,4.1990,2.7230,12.0043,2.3251,0.0165,-0.7877,0,1,0,0.81873,1
0.4775,4.9352,2.5059,12.0423,1.8874,0.0115,-1.0203,0,1,0,0.47774,3
0.3527,3.7761,2.7946,11.7611,2.3592,0.0298,-0.5434,0,1,0,0.51067,1
0.4677,4.9092,2.5432,12.4806,-2.1781,0.0088,-1.4198,0,1,0,1.22466,1
0.4158,4.2511,2.6178,12.1196,-2.6070,0.0787,-1.0270,0,1,0,0.54102,1
0.3866,4.1135,2.7214,11.7327,-1.9737,0.0234,-0.5733,0,1,0,0.46025,1
0.3759,4.0926,2.7703,11.5665,-2.8384,0.0897,-0.5091,0,1,0,0.18051,3
0.3955,4.0573,2.6613,11.9125,2.4092,0.0297,-0.7398,0,1,0,0.31622,3
0.4659,4.8120,2.5291,11.9065,-2.9341,0.0259,-0.8816,0,1,0,0.37618,3
0.4634,4.7221,2.5198,11.7359,1.4500,0.0160,-0.7039,0,1,0,0.31260,3
0.3910,4.1421,2.7078,13.0347,-2.2534,0.0041,-1.6289,0,1,0,1.73759,1
0.4913,5.0449,2.4705,11.7241,-1.0661,0.0106,-0.7383,0,1,0,0.36072,1
0.5063,5.0779,2.4149,11.8208,0.6352,0.0019,-0.8523,0,1,0,0.33152,3
0.3580,3.8279,2.7831,12.5884,3.0024,0.0964,-1.2723,0,1,0,1.31397,1
0.3448,3.7685,2.8358,12.0182,2.0922,0.0701,-0.7624,0,1,0,0.70983,1
0.4359,4.7304,2.6462,11.9704,-1.6643,0.0628,-0.9218,0,1,0,0.53424,1
0.4199,4.3914,2.6356,12.0544,2.2145,0.0326,-0.9181,0,1,0,0.18673,3
0.3968,3.9874,2.6348,12.5842,1.9102,0.0211,-1.2896,1,2,1,1.80549,1
0.4758,4.9688,2.5208,12.5262,1.3206,0.0315,-1.5283,0,0,1,0.29838,1
0.3804,4.1520,2.7646,12.0818,-2.2106,0.0573,-0.8777,0,1,0,0.63666,1
0.3992,4.3915,2.7369,11.7376,3.0401,0.0382,-0.6176,0,1,0,0.43655,3
0.3523,3.7944,2.8029,12.1325,2.8146,0.0170,-0.7937,0,1,0,0.18156,1
0.3899,4.2126,2.7337,11.8679,2.6999,0.0529,-0.7224,0,1,0,0.60315,3
0.3338,3.6860,2.8700,11.6154,2.6578,0.1116,-0.5100,0,1,0,0.18332,2
0.3888,4.2636,2.7536,12.0794,-3.1299,0.0344,-0.8661,0,1,0,0.80018,3
0.3520,3.8531,2.8237,12.2475,-2.3556,0.0362,-0.9037,0,1,1,0.90181,1
0.4401,4.7581,2.6331,11.9407,1.5117,0.0053,-0.8300,0,1,0,0.54515,1
0.4640,4.3097,2.4204,12.2180,-0.4103,0.0277,-1.1749,0,1,0,0.68785,1
0.4248,4.1357,2.5458,12.7513,-2.4985,0.0130,-1.5279,0,1,4,1.70133,1
0.3713,4.0946,2.7951,11.9557,-3.0151,0.1693,-0.9012,0,1,0,0.36858,0
0.4774,5.0721,2.5361,12.2768,1.3706,0.0349,-1.2858,0,1,1,0.35052,1
0.4045,4.0543,2.6172,12.2846,-1.3596,0.0077,-1.0391,0,1,0,0.93907,1
0.4201,4.1730,2.5768,12.6036,-2.4817,0.0575,-1.4465,0,1,1,1.38820,1
0.5180,5.1858,2.3887,11.7349,-1.6646,0.0326,-0.8274,0,1,0,0.20025,3
0.3824,4.1651,2.7579,11.9788,2.7787,0.1928,-0.9757,0,1,0,0.43018,1
0.3437,3.6943,2.8167,12.9496,2.8266,0.0369,-1.4099,0,1,0,1.74703,1
0.4065,4.4260,2.7099,12.9883,-2.9204,0.0171,-1.6791,0,1,0,1.17477,1
0.4421,4.7362,2.6186,12.2815,-2.3159,0.0261,-1.1733,0,1,0,0.95578,3
0.4911,4.8578,2.4321,11.8101,-0.8131,0.0414,-0.8610,0,1,0,0.24015,1
0.4893,5.2992,2.5320,12.8398,2.7032,0.0430,-1.9311,0,1,0,0.63960,1
0.3541,3.7974,2.7943,11.7538,-2.8083,0.0338,-0.5454,0,1,0,0.23504,1
0.5228,4.9340,2.3203,12.0436,1.4985,0.0060,-1.1246,0,1,0,0.41637,1
0.4431,4.2460,2.4932,11.9306,0.9378,0.0350,-0.8640,0,1,0,0.18176,1
0.5898,5.9670,2.2427,12.0977,2.5548,0.0045,-1.3662,0,1,0,0.53145,1
0.4335,4.7092,2.6524,12.0795,-2.0251,0.0139,-0.9494,0,0,0,0.00000,1
0.6034,6.0235,2.1999,12.0424,-0.8075,0.0026,-1.3324,0,1,0,0.51400,3
0.4635,5.0724,2.5982,12.6712,1.7135,0.0122,-1.6020,0,1,1,1.41650,1
0.4909,4.8644,2.4343,12.2190,-0.6518,0.0300,-1.2575,0,1,0,0.67756,1
0.5061,4.7526,2.3493,12.0462,-0.6898,0.0656,-1.1684,0,1,0,0.70812,1
0.4611,4.6196,2.5061,11.6169,-1.3850,0.0216,-0.5974,0,1,0,0.20924,3
0.3694,4.0027,2.7775,11.7223,3.0948,0.1194,-0.6529,0,1,0,0.38773,3
0.4067,4.2202,2.6528,12.8537,2.5448,0.0465,-1.6068,0,1,1,1.50537,1
0.3991,4.1513,2.6703,11.8274,-2.6396,0.1262,-0.8008,0,1,0,0.29061,1
0.3416,3.7637,2.8519,12.6685,2.8485,0.0393,-1.1902,0,1,0,1.55484,0
0.3826,4.1127,2.7418,12.4636,-2.1778,0.0260,-1.1491,0,1,1,1.14260,1
0.3356,3.6569,2.8498,12.0377,2.6615,0.0453,-0.7234,0,1,0,0.74966,1
0.4035,4.0928,2.6327,11.8954,-2.8392,0.0552,-0.7755,0,1,0,0.50697,1
0.3970,4.0118,2.6409,11.9927,2.6378,0.0328,-0.8120,0,1,0,0.51055,3
0.3523,3.7810,2.7984,13.0733,2.4817,0.0103,-1.4993,0,1,1,2.05278,1
0.3953,4.3559,2.7464,12.2574,-2.4353,0.0626,-1.0680,0,1,0,0.65616,2
0.4720,4.9880,2.5415,12.2612,1.6179,0.0356,-1.2550,0,1,0,0.86171,3
0.4285,4.1509,2.5329,11.6296,0.3665,0.0144,-0.5470,0,1,0,0.24902,1
0.3646,3.9009,2.7712,12.9149,2.8105,0.0571,-1.5031,2,2,1,1.66867,1
0.3672,3.9644,2.7770,11.8564,3.0598,0.0841,-0.7075,0,1,0,0.67003,3
0.4029,4.2211,2.6714,12.0272,-2.6483,0.0007,-0.8121,0,1,1,0.72054,1
0.3808,4.1985,2.7761,13.1800,2.9777,0.0436,-1.7790,1,2,0,1.32321,0
0.4547,4.7241,2.5584,12.0849,3.0887,0.0572,-1.0658,0,1,0,0.53373,1
0.4122,4.0677,2.5849,11.7200,-2.5710,0.0171,-0.5987,0,1,0,0.27236,3
0.4203,4.1195,2.5616,12.4449,-2.4791,0.0386,-1.2726,0,1,0,1.12085,1
0.4855,4.6776,2.4162,11.8509,2.2239,0.0117,-0.8499,0,1,0,0.44020,1
0.4717,4.9052,2.5246,11.7824,-1.6388,0.0303,-0.7820,0,1,0,0.34890,3
0.3610,3.9459,2.8046,11.6867,-2.1683,0.0533,-0.5324,0,1,0,0.28366,1
0.4471,4.6474,2.5744,12.3843,1.3281,0.0270,-1.2857,0,1,0,0.91431,1
0.3991,4.3832,2.7348,11.9946,2.8074,0.0637,-0.8594,0,1,0,0.60811,3
0.4274,4.1244,2.5309,11.7776,-1.4043,0.0171,-0.6741,0,1,0,0.32317,3
0.3749,3.8865,2.7132,11.8500,2.4360,0.1347,-0.7820,0,1,0,0.29794,1
0.4441,4.7281,2.6074,12.3935,-2.2068,0.0032,-1.2508,0,0,0,0.00000,1
0.5061,4.8163,2.3622,12.1346,-0.0310,0.0245,-1.2034,1,1,0,0.53560,1
0.4225,4.1771,2.5669,12.0040,2.0983,0.0042,-0.8416,0,1,0,0.63960,3
0.5103,5.2286,2.4286,12.1950,-3.0284,0.0226,-1.2787,0,1,0,0.74226,1
0.4079,4.0892,2.6109,12.3746,1.6482,0.0097,-1.1288,0,1,0,0.69860,1
0.4212,4.3729,2.6249,12.6981,-2.4139,0.0017,-1.4488,0,1,1,1.17372,1
0.3708,3.8644,2.7275,11.7297,2.3916,0.0842,-0.6182,0,1,0,0.25466,3
0.4113,4.1204,2.6035,12.5814,2.7776,0.0098,-1.3202,0,1,0,1.23698,1
0.5139,4.6955,2.3069,11.9029,-0.7629,0.0113,-0.9615,0,1,0,0.35008,1
0.4664,4.5326,2.4631,12.3712,-1.1239,0.0079,-1.3032,0,1,0,0.91482,1
0.4176,4.5690,2.6929,11.7995,-2.9831,0.1346,-0.8233,0,1,0,0.24149,1
0.3444,3.7757,2.8402,12.6891,2.5356,0.0648,-1.2547,0,1,1,1.42005,1
0.3956,4.2625,2.7191,11.7452,-2.5299,0.0249,-0.6008,0,1,0,0.25851,1
0.3932,4.0041,2.6572,12.0430,2.3884,0.1116,-0.9495,0,1,0,0.21121,1
0.5070,4.5928,2.3123,11.9147,1.7844,0.0049,-0.9490,0,1,0,0.15087,1
0.4124,4.2565,2.6354,12.1099,-2.7792,0.0824,-1.0148,0,1,0,0.72065,1
0.4775,5.2281,2.5693,12.1224,-2.3885,0.0074,-1.0951,0,1,0,0.60035,3
0.4692,5.1457,2.5888,11.9836,-2.0391,0.0014,-0.9319,0,1,0,0.55196,1
0.4408,4.2277,2.4989,12.0043,2.4018,0.0005,-0.8785,0,1,0,0.55472,1
0.4835,4.6058,2.4086,11.9260,-1.7984,0.0274,-0.9395,0,1,0,0.18981,1
0.3465,3.7335,2.8146,13.0666,-3.0585,0.1094,-1.6393,0,1,1,1.71732,1
0.4703,4.9465,2.5398,11.8485,2.8116,0.0187,-0.8273,0,1,0,0.51949,3
0.4204,4.3083,2.6114,11.8982,2.5773,0.0376,-0.7908,0,1,0,0.43752,3
0.4981,4.9715,2.4267,11.9727,0.7899,0.0081,-0.9955,0,1,0,0.44197,3
0.4224,4.6077,2.6795,12.0255,2.4768,0.1033,-0.9928,0,1,0,0.62860,3
0.4911,5.3789,2.5406,11.6585,2.6856,0.0023,-0.6655,0,1,0,0.26784,1
0.4534,4.7574,2.5721,12.8011,-1.3356,0.0254,-1.7120,0,2,0,0.88118,1
0.3848,3.9444,2.6807,11.7795,1.9035,0.0376,-0.6236,0,1,0,0.17036,1
0.3910,4.1339,2.7052,12.0219,3.0406,0.0824,-0.8876,0,1,0,0.62143,1
0.5212,5.6229,2.4590,11.5589,2.9958,0.0491,-0.6736,0,1,0,0.15488,1
0.4804,5.1052,2.5304,12.0205,-2.3559,0.0796,-1.0982,0,1,0,0.80029,1
0.5095,5.2502,2.4361,12.6730,1.0393,0.0406,-1.8236,0,1,0,0.24588,1
0.4141,4.2857,2.6354,11.8433,3.0264,0.0069,-0.6921,0,1,0,0.52703,3
0.4682,4.4046,2.4256,12.2734,-1.2323,0.0039,-1.2059,0,1,1,0.72999,1
0.4602,4.4288,2.4647,11.7933,0.5598,0.0003,-0.7291,0,1,0,0.24222,3
0.4271,4.3198,2.5834,12.0134,-2.3686,0.0075,-0.8656,0,1,0,0.49421,3
0.4507,4.8991,2.6174,11.7364,-1.9085,0.0618,-0.7392,0,1,0,0.36807,3
0.3794,4.0936,2.7526,13.0877,-3.0941,0.0680,-1.7347,0,1,1,2.00804,1
0.4158,4.5592,2.6990,13.3497,-2.3134,0.0203,-2.0681,0,1,2,1.98070,1
0.4683,4.9604,2.5518,12.1147,2.2026,0.0425,-1.1102,0,1,0,0.71500,3
0.5105,5.2625,2.4343,12.0688,1.9864,0.0445,-1.1766,0,1,0,0.75756,3
0.5123,4.6969,2.3132,12.3074,0.3194,0.0250,-1.4040,0,1,1,0.75970,1
0.3949,4.3468,2.7459,12.5201,2.3361,0.0436,-1.2631,0,1,0,1.21153,3
0.4500,4.8511,2.6094,12.3892,2.1306,0.0480,-1.3310,1,3,1,1.59086,3
0.6696,6.3496,2.0035,12.4588,0.7458,0.0333,-2.1361,0,1,0,0.83494,1
0.4051,4.4329,2.7186,11.9098,-2.8099,0.0883,-0.8335,0,1,0,0.33421,3
0.3630,3.8418,2.7609,11.7650,-2.1779,0.0281,-0.5619,0,1,0,0.47743,1
0.3552,3.8224,2.7962,11.7307,2.8427,0.1525,-0.6755,0,1,0,0.14603,1
0.6061,5.7667,2.1515,12.1723,-1.4631,0.0100,-1.5080,0,1,0,0.40279,1
0.3567,3.8266,2.7898,12.3516,-2.5139,0.1700,-1.1838,1,1,0,1.02899,1
0.3795,4.0766,2.7468,11.8258,2.8045,0.1622,-0.8058,0,1,0,0.23087,1
0.3961,4.0198,2.6475,12.3468,2.6273,0.0811,-1.1731,0,1,1,0.72407,1
0.4133,4.1134,2.5924,11.9558,1.4289,0.0128,-0.7913,0,1,0,0.43616,1
0.4769,4.4483,2.4000,11.9173,-0.6195,0.0211,-0.9072,0,1,0,0.48578,1
0.5155,5.0046,2.3632,11.8605,1.9941,0.0013,-0.9101,0,1,0,0.34435,3
0.4493,4.4289,2.5119,12.0124,1.0871,0.0134,-0.9242,0,1,0,0.51112,1
0.4322,4.3421,2.5661,12.1620,2.7592,0.0263,-1.0352,0,1,0,0.61876,1
0.3508,3.8209,2.8196,11.6548,-2.1551,0.0831,-0.5291,0,0,0,0.00000,1
0.5499,5.0871,2.2459,11.8730,0.3107,0.0332,-1.0409,0,1,0,0.40189,1
0.4547,4.7318,2.5602,12.0641,-1.7865,0.0091,-0.9810,0,1,0,0.62817,3
0.3983,4.3980,2.7433,11.8289,2.6572,0.0960,-0.7617,0,1,0,0.29246,2
0.4157,4.4050,2.6595,12.0548,-2.1081,0.0604,-0.9453,0,1,0,0.48969,3
0.3700,3.8532,2.7281,11.4918,-2.8690,0.0034,-0.3446,0,1,0,0.21131,1
0.3768,3.9919,2.7355,12.6501,-2.4684,0.0713,-1.3520,0,1,0,1.43456,1
0.4429,4.3394,2.5177,11.8927,2.9103,0.0275,-0.8198,0,1,0,0.23636,1
0.3938,4.0523,2.6678,11.7454,-2.3948,0.0093,-0.5780,0,1,0,0.27044,1
0.3703,3.9179,2.7465,12.7056,-2.7590,0.0258,-1.3034,1,2,0,1.22574,1
0.3688,3.8519,2.7339,12.0043,3.1353,0.0123,-0.7310,0,1,0,0.32685,1
0.5038,5.3587,2.4814,11.8381,-2.4837,0.0486,-0.9269,0,1,0,0.34697,1
0.4424,4.7830,2.6283,12.0915,2.9958,0.1051,-1.1055,0,1,0,0.39636,1
0.3485,3.7336,2.8035,12.7175,2.4416,0.0398,-1.2538,0,1,1,1.29576,1
0.5787,5.6550,2.2355,12.1779,-1.7559,0.0304,-1.4664,0,1,0,0.56771,1
0.3900,4.1018,2.7014,11.9274,2.9347,0.0292,-0.7396,0,1,0,0.29838,3
0.4537,4.6064,2.5352,11.9536,2.1877,0.0088,-0.8752,0,1,0,0.31804,3
0.4894,4.7314,2.4119,11.8424,2.3857,0.0131,-0.8517,0,1,0,0.35527,1
0.4929,4.8853,2.4301,12.6771,-0.8404,0.0418,-1.7653,0,1,1,1.18572,1
0.5065,5.1297,2.4247,11.7555,-2.0704,0.0152,-0.8040,0,1,0,0.22946,3
0.4827,4.6022,2.4107,11.8913,-0.9247,0.0427,-0.9243,0,1,0,0.40429,1
0.5285,5.0482,2.3205,12.1683,-1.7027,0.0055,-1.2738,0,0,0,0.00000,1
0.5112,5.5383,2.4851,12.0011,1.5200,0.0440,-1.1075,0,1,0,0.29153,3
0.4271,4.2003,2.5525,11.9151,-1.0407,0.0268,-0.8048,0,1,0,0.65417,1
0.5076,4.6944,2.3312,11.8272,0.7441,0.0290,-0.8944,0,1,0,0.31960,1
0.3792,3.9694,2.7164,12.0301,-2.0547,0.0142,-0.7771,0,1,0,0.52671,1
0.4259,4.2673,2.5755,12.1082,2.3874,0.0109,-0.9496,0,1,0,0.60839,1
0.3451,3.7317,2.8219,12.0692,2.7861,0.1192,-0.8643,0,1,1,0.85429,3
0.4151,4.3282,2.6418,11.9737,1.6126,0.0302,-0.8343,0,1,0,0.47225,1
0.3483,3.7707,2.8169,12.0397,2.3281,0.0341,-0.7394,0,1,1,0.62872,1
0.5095,4.9668,2.3794,12.2782,-0.5266,0.0341,-1.3801,0,1,0,1.06699,1
0.5063,5.0322,2.4058,12.0612,0.9758,0.0006,-1.0956,0,1,0,0.71976,1
0.3716,4.0382,2.7768,12.7041,3.0119,0.0709,-1.3768,0,1,3,0.79091,1
0.3672,3.9343,2.7676,12.0898,-3.0543,0.0445,-0.8349,0,1,0,0.83951,3
0.3395,3.7460,2.8583,13.2294,3.0486,0.0757,-1.6790,0,1,0,2.16615,0
0.4597,4.7551,2.5435,12.5531,3.0304,0.0014,-1.4518,0,2,0,1.28060,1
0.4145,4.2533,2.6246,13.0530,-2.9455,0.0168,-1.7730,1,2,0,1.52873,1
0.5279,5.4612,2.4008,12.0536,-1.5918,0.0202,-1.1723,0,1,0,0.50447,3
0.4609,4.7238,2.5311,11.7131,-2.7722,0.0151,-0.6774,0,1,0,0.19407,3
0.3615,3.9260,2.7954,12.2570,-3.1233,0.1521,-1.0960,0,1,0,0.96898,1
0.3319,3.6457,2.8669,11.9001,3.0658,0.1365,-0.7347,0,1,0,0.62363,3
0.3747,4.0602,2.7669,12.8787,2.1929,0.0307,-1.4711,0,1,1,1.58139,1
0.4374,4.7655,2.6478,12.4945,2.7409,0.0637,-1.4134,0,1,0,1.14439,3
0.3951,3.9873,2.6427,12.0656,2.3358,0.0372,-0.8732,0,1,1,0.56404,3
0.5312,4.9333,2.2879,12.0742,-1.0305,0.0018,-1.1721,0,1,0,0.65203,1
0.4728,4.7044,2.4750,12.1407,1.9696,0.0157,-1.1087,0,1,0,0.58293,1
0.3786,4.0131,2.7326,12.5500,-2.4553,0.0432,-1.2322,0,2,0,1.02121,1
0.4910,5.3818,2.5417,12.7684,1.0234,0.0016,-1.7936,0,1,1,1.37399,1
0.4433,4.8086,2.6305,12.7309,2.9229,0.0570,-1.6537,0,1,0,1.41166,1
0.4617,4.8867,2.5648,12.5139,-1.8593,0.0086,-1.4322,0,1,0,1.29318,1
0.4423,4.5434,2.5708,12.0471,-1.2967,0.0567,-0.9985,0,1,0,0.20691,1
0.4186,4.6052,2.6973,11.7014,-2.6236,0.0517,-0.6386,0,1,0,0.32010,3
0.3645,3.9104,2.7746,12.1881,2.5999,0.1182,-1.0032,0,1,0,0.67892,3
0.4495,4.4878,2.5252,11.7793,2.9626,0.0237,-0.7267,0,1,0,0.28908,1
0.4035,4.1069,2.6368,12.0578,-1.6331,0.0292,-0.8762,0,1,0,0.48953,1
0.4279,4.1409,2.5332,11.9208,1.1004,0.0207,-0.8032,0,1,0,0.49292,1
0.3826,4.1652,2.7570,12.0008,2.1153,0.0262,-0.7782,0,1,0,0.23045,1
0.3589,3.9106,2.8048,12.7389,-1.9873,0.0401,-1.3096,0,1,0,1.30932,1
0.4785,5.0299,2.5225,12.1610,-0.5466,0.0029,-1.1281,0,1,0,0.77526,1
0.4566,4.4647,2.4887,12.1522,-2.8091,0.0117,-1.0701,0,2,0,0.57194,1
0.4053,4.3672,2.6995,12.0284,2.4759,0.0323,-0.8609,0,1,0,0.83797,3
0.4608,4.2800,2.4268,11.9757,-1.8985,0.0142,-0.9165,0,1,0,0.72144,1
0.4002,4.3935,2.7325,12.6949,2.0551,0.0286,-1.4105,0,1,0,1.04583,1
0.3646,4.0194,2.8081,12.3320,-2.7134,0.1681,-1.1872,0,1,0,0.57943,0
0.3790,3.9056,2.6981,12.0069,-3.0102,0.0772,-0.8411,0,1,0,0.67002,1
0.3638,3.8343,2.7540,12.7063,-2.8766,0.0054,-1.2480,0,1,1,1.44012,1
0.3525,3.8163,2.8088,13.1102,2.6015,0.0893,-1.6678,0,1,0,2.06453,1
0.4519,4.3510,2.4814,11.8476,-2.6580,0.0018,-0.7639,0,1,0,0.39875,3
0.4038,4.4186,2.7212,12.0806,2.1390,0.0623,-0.9407,0,1,0,0.22181,3
0.3773,3.9869,2.7314,12.3967,1.9008,0.0152,-1.0623,0,1,0,1.08720,1
0.4436,4.8389,2.6363,11.8371,1.8167,0.0139,-0.7563,0,1,0,0.14602,1
0.4474,4.8453,2.6203,11.6299,-2.7661,0.0316,-0.6005,0,0,0,0.00000,3
0.5174,5.1831,2.3904,12.8179,-0.0889,0.0095,-1.9647,0,1,0,0.36485,1
0.4011,4.0156,2.6224,11.7814,2.2720,0.0209,-0.6337,0,1,0,0.29413,3
0.4669,5.0486,2.5777,12.0594,2.4049,0.0916,-1.1191,0,1,0,0.49561,1
0.4491,4.4504,2.5178,12.0537,-3.0108,0.0079,-0.9544,0,1,0,0.61398,1
0.3960,4.0413,2.6541,11.8580,3.1296,0.0101,-0.6720,0,1,0,0.20182,3
0.3463,3.7463,2.8202,12.0842,-2.5559,0.1864,-0.9668,0,1,0,0.92351,1
0.3966,3.9854,2.6349,11.9127,-1.8932,0.0055,-0.7108,0,1,0,0.44838,1
0.4393,4.2520,2.5112,11.7652,1.9873,0.0008,-0.6651,0,1,0,0.45341,3
0.3733,4.0681,2.7769,11.9555,-2.7229,0.1172,-0.8388,0,1,0,0.55124,3
0.3891,4.0464,2.6893,11.6562,2.1142,0.0924,-0.6018,0,1,0,0.40436,3
0.4016,4.1833,2.6669,11.9477,2.1262,0.0109,-0.7574,0,1,0,0.60187,1
0.4140,4.5583,2.7080,11.8297,2.7535,0.1318,-0.8387,0,1,0,0.20267,0
0.4146,4.2473,2.6226,12.7460,3.0844,0.0102,-1.4803,0,1,0,1.00094,1
0.3564,3.8191,2.7885,12.1022,-2.2149,0.1007,-0.8925,0,1,0,0.76998,3
0.4542,4.4508,2.4959,12.7166,-1.6375,0.0036,-1.5928,0,1,0,1.41538,1
0.4490,4.3169,2.4854,11.8219,-2.5073,0.0386,-0.7828,0,1,0,0.35031,1
0.3373,3.6620,2.8419,11.5306,2.7797,0.1246,-0.4720,0,1,0,0.20477,3
0.4700,4.5867,2.4601,12.2893,-2.1780,0.0343,-1.2732,0,1,0,0.59168,1
0.4477,4.3843,2.5079,11.9479,-2.1724,0.0342,-0.8893,0,1,0,0.56756,1
0.4645,4.5195,2.4682,11.4954,-1.7389,0.0530,-0.5295,0,1,0,0.15804,3
0.4021,4.2404,2.6808,12.4623,2.7431,0.0246,-1.2087,0,1,0,1.03128,1
0.3881,3.9885,2.6773,11.5210,-2.7456,0.0364,-0.4280,0,1,0,0.18286,3
0.3539,3.8948,2.8266,12.6407,2.9236,0.1151,-1.3271,0,1,0,1.49783,1
0.4262,4.2294,2.5639,12.8168,2.8968,0.0260,-1.6174,0,1,1,1.35312,1
0.4022,4.4045,2.7253,11.8010,2.6275,0.0408,-0.6776,0,1,0,0.21434,3
0.5214,5.4859,2.4324,12.2423,1.3983,0.0412,-1.3897,0,2,0,0.76381,3
0.3976,4.0328,2.6438,11.6142,-2.4610,0.0990,-0.5897,0,1,0,0.22951,1
0.4605,4.5079,2.4822,12.2505,1.6300,0.0041,-1.1636,0,1,0,0.87608,1
0.4238,4.2519,2.5808,11.7369,1.6846,0.0228,-0.6408,0,1,0,0.43128,3
0.4970,5.3802,2.5149,12.1052,-1.3305,0.0169,-1.1425,0,1,1,0.54263,1
0.3593,3.8731,2.7907,12.6755,-2.8143,0.0850,-1.3296,0,1,0,1.33560,1
0.3858,3.9956,2.6909,11.7341,1.6096,0.0231,-0.5724,0,1,0,0.17206,1
0.3663,3.9779,2.7863,12.0756,-2.9664,0.0170,-0.7856,0,1,0,0.42103,1
0.3623,3.8851,2.7781,12.2513,2.3020,0.0606,-0.9682,0,2,0,0.83561,3
0.4578,4.4400,2.4776,12.7543,1.7557,0.0157,-1.6644,0,1,1,1.23673,1
0.4232,4.1618,2.5599,11.5320,-3.0993,0.0031,-0.4442,0,1,0,0.16593,3
0.5034,4.8062,2.3710,12.0740,0.8692,0.0407,-1.1560,0,1,0,0.49508,1
0.3522,3.8689,2.8278,12.8096,2.2607,0.0533,-1.3607,0,1,0,1.47936,1
0.3917,4.1692,2.7120,12.1749,2.1375,0.0220,-0.9340,0,0,0,0.00000,1
0.4618,4.6725,2.5153,11.9552,2.2267,0.0009,-0.8845,0,1,0,0.55147,3
0.3757,4.0011,2.7437,12.4836,2.5136,0.0553,-1.1861,0,1,0,1.39291,1
0.5120,5.2659,2.4290,12.5408,-0.0396,0.0013,-1.6243,1,1,0,0.49442,1
0.5442,4.9998,2.2511,11.9625,-0.9944,0.0118,-1.0969,0,1,0,0.35466,1
0.4196,4.4075,2.6412,12.1247,-2.7883,0.0209,-0.9627,0,1,0,0.77077,3
0.4097,4.2701,2.6519,11.5986,2.2478,0.0377,-0.5214,0,1,0,0.21444,3
0.3633,3.8900,2.7744,11.7854,-3.0540,0.0112,-0.5567,0,1,0,0.16225,1
0.3380,3.6875,2.8468,11.7500,-2.9504,0.0798,-0.5711,0,1,0,0.21288,3
0.3523,3.8707,2.8280,11.7366,2.9772,0.0514,-0.5516,0,1,0,0.18451,3
0.4821,4.8092,2.4589,11.8090,1.1157,0.0004,-0.7887,0,1,0,0.19555,3
0.4830,5.0436,2.5058,12.2766,-2.3131,0.0745,-1.3588,0,1,0,1.08044,1
0.3939,3.9656,2.6426,11.7351,-1.8984,0.0143,-0.5758,0,1,0,0.22028,1
0.3561,3.8490,2.8003,11.7174,2.6775,0.0509,-0.5435,0,1,0,0.44801,3
0.5841,5.9602,2.2639,12.5770,2.0640,0.0233,-1.9666,0,1,0,1.17504,1
0.3494,3.8255,2.8289,12.2954,-2.4810,0.0384,-0.9352,0,1,0,1.01110,1
0.4280,4.6995,2.6759,11.7822,2.7749,0.0326,-0.7009,0,1,0,0.46600,3
0.3662,4.0072,2.7955,11.7319,-2.5796,0.0482,-0.5681,0,1,0,0.42193,1
0.4506,4.4872,2.5202,11.8993,2.5071,0.0040,-0.8118,0,1,0,0.49713,3
0.4148,4.2216,2.6144,11.7641,-2.1818,0.0420,-0.6717,0,1,0,0.20741,3
0.4624,4.5880,2.4927,11.8711,-1.3946,0.0016,-0.8080,0,1,0,0.52410,3
0.4817,4.4060,2.3707,11.9642,1.6584,0.0407,-0.9902,0,1,0,0.19226,1
0.4232,4.5913,2.6719,12.1100,-2.3607,0.0657,-1.0197,0,1,0,0.67359,3
0.4091,4.0843,2.6038,12.5704,-1.2674,0.0271,-1.3297,0,1,1,1.21028,1
0.5561,5.3307,2.2662,12.5646,0.8264,0.0273,-1.8496,0,1,2,1.60897,1
0.3479,3.7429,2.8100,11.6576,3.1267,0.0942,-0.5399,0,1,0,0.30826,3
0.5058,5.2512,2.4516,12.9028,-2.2829,0.0241,-2.0381,0,1,1,1.41389,1
0.4629,5.0559,2.5976,13.0792,-1.8640,0.0144,-2.0192,0,1,1,1.56837,1
0.3965,4.1016,2.6689,11.7674,2.6600,0.0303,-0.6263,0,1,0,0.43645,3
0.4203,4.5374,2.6717,12.9304,-3.0347,0.0229,-1.6956,1,2,1,1.13894,1
0.4597,4.6941,2.5294,11.8192,0.7782,0.0097,-0.7656,0,1,0,0.25479,1
0.4522,4.6061,2.5418,11.9837,-2.5938,0.0296,-0.9272,0,1,0,0.50500,3
0.3950,4.1995,2.7040,12.0063,-2.3397,0.0244,-0.8082,0,1,0,0.59967,3
0.5123,5.4780,2.4691,12.3271,-2.4893,0.0598,-1.4819,0,0,0,0.00000,1
0.3887,4.2569,2.7523,11.6543,-2.6315,0.0232,-0.5162,0,1,0,0.37506,1
0.4121,4.4922,2.6997,11.7827,-3.0911,0.0591,-0.7041,0,1,0,0.41340,3
0.4419,4.2755,2.5060,12.4683,1.5475,0.0208,-1.3372,0,1,0,1.12927,1
0.3923,4.3302,2.7545,13.4033,2.5853,0.0086,-1.9720,0,1,1,2.37348,0
0.3591,3.7793,2.7617,12.1827,2.4919,0.0986,-0.9585,0,1,0,0.98049,3
0.3764,3.9781,2.7334,11.8983,2.9896,0.0213,-0.6787,0,1,0,0.46869,3
0.3479,3.7170,2.8016,12.5881,2.9968,0.1333,-1.2926,1,2,0,0.98400,1
0.4355,4.1746,2.5084,11.8359,-2.3017,0.0321,-0.7596,0,1,0,0.24137,1
0.4468,4.6596,2.5787,12.4740,-2.2300,0.0234,-1.3649,0,1,1,1.15863,1
0.4586,4.7929,2.5573,11.7830,2.1132,0.0137,-0.7358,0,1,0,0.32823,3
0.3347,3.6926,2.8673,12.1659,-2.7858,0.0670,-0.8398,0,1,1,0.99420,2
0.4867,4.7957,2.4369,11.8512,1.0601,0.0374,-0.8872,0,1,0,0.52541,3
0.3715,4.0734,2.7879,11.8791,2.9824,0.0141,-0.6455,0,1,0,0.28589,1
0.3881,4.0476,2.6948,12.7002,-2.7817,0.0732,-1.4401,0,1,0,1.51122,1
0.4517,4.9335,2.6210,11.8146,-1.7944,0.0431,-0.7891,0,1,0,0.43416,1
0.5684,5.6730,2.2776,11.8807,1.4279,0.0459,-1.1120,0,1,0,0.55998,3
0.4665,4.8037,2.5248,12.2519,1.2060,0.0586,-1.2619,0,1,0,0.84065,1
0.3926,4.0345,2.6689,12.3082,2.6282,0.0804,-1.1285,0,1,0,1.11252,1
0.4485,4.9467,2.6388,12.4831,-3.0332,0.0815,-1.4665,0,1,0,1.16878,0
0.3326,3.6570,2.8667,12.7394,-2.6347,0.0477,-1.2229,0,1,1,1.45430,1
0.3904,4.0222,2.6758,11.5648,1.9162,0.0437,-0.4737,0,1,0,0.34070,1
0.4621,4.4168,2.4538,12.2627,0.0413,0.0043,-1.1792,0,1,0,0.51655,1
0.4880,5.3686,2.5519,13.3784,2.5270,0.0307,-2.5023,0,1,2,3.63794,1
0.5029,5.5194,2.5170,12.4050,-2.9368,0.0351,-1.5005,0,1,1,0.69008,3
0.4178,4.5492,2.6870,11.6420,-2.2555,0.0299,-0.5608,0,1,0,0.14637,1
0.4644,4.4521,2.4524,11.9896,0.9362,0.0239,-0.9524,0,1,0,0.61897,1
0.4080,4.2509,2.6550,11.9126,-1.9566,0.0439,-0.7848,0,1,0,0.41364,3
0.3880,3.9503,2.6668,11.8117,2.9590,0.0384,-0.6555,0,1,0,0.34009,3
0.4677,5.1099,2.5877,11.8861,3.1049,0.0354,-0.8797,0,1,0,0.58069,3
0.4018,4.2659,2.6894,11.7745,1.9023,0.0256,-0.6361,0,1,0,0.29818,1
0.5042,5.1343,2.4348,12.0247,1.9851,0.0295,-1.0933,0,1,0,0.23607,3
0.3864,3.9889,2.6859,12.8487,-2.1685,0.0336,-1.4983,0,2,0,1.61863,1
0.4260,4.2429,2.5684,11.4802,-2.4257,0.0341,-0.4421,0,1,0,0.21403,3
0.4304,4.4089,2.5911,12.4704,-2.4979,0.0134,-1.2916,0,1,0,1.30688,1
0.5094,5.0607,2.3986,11.9220,3.0326,0.0193,-0.9851,0,1,0,0.51398,1
0.3485,3.8406,2.8390,12.4863,-2.3554,0.0580,-1.1033,0,1,0,1.33788,0
0.4470,4.8303,2.6185,11.8973,3.1210,0.0779,-0.8996,0,1,0,0.31088,1
0.4948,4.5203,2.3442,11.7262,-0.0079,0.0343,-0.7743,0,1,0,0.34242,1
0.4024,4.4123,2.7261,12.6245,1.9458,0.0416,-1.3769,1,2,1,1.23310,1
0.4405,4.4919,2.5664,12.1398,1.9712,0.0105,-1.0155,0,1,0,0.67408,3
0.4061,4.3289,2.6852,12.3378,-2.4605,0.0493,-1.1497,0,1,0,1.04317,3
0.3715,3.9266,2.7428,13.0088,2.2367,0.0280,-1.5621,0,1,1,1.47565,1
0.3658,3.9849,2.7911,11.6777,-2.5606,0.0851,-0.5717,0,1,0,0.41925,3
0.5453,5.1360,2.2723,11.8941,-0.2646,0.0637,-1.0960,1,1,0,0.55373,1
0.3474,3.8076,2.8340,11.8821,2.5825,0.1463,-0.7653,0,1,0,0.36792,3
0.5667,5.4043,2.2389,11.7405,2.2069,0.0012,-0.8874,0,1,0,0.22418,1
0.4983,5.2223,2.4774,12.1189,-2.5002,0.0117,-1.1516,0,0,0,0.00000,3
0.4092,4.2803,2.6573,11.9978,-1.9937,0.0265,-0.8363,0,1,0,0.54701,3
0.4476,4.5077,2.5384,12.1978,-2.6580,0.0154,-1.0944,0,1,1,0.86499,1
0.5235,5.6461,2.4537,11.8515,1.2997,0.0245,-0.9526,0,2,0,0.52676,1
0.4215,4.5381,2.6660,11.8543,-2.9144,0.0202,-0.7340,0,1,0,0.35485,3
0.3542,3.8235,2.8021,13.1898,-2.4006,0.0599,-1.6902,1,2,1,3.00762,1
0.4636,4.3743,2.4375,11.9471,1.8296,0.0054,-0.8848,0,1,0,0.44933,1
0.5249,5.2554,2.3743,12.2484,1.6090,0.0251,-1.3818,0,1,0,0.91988,1
0.4762,4.5257,2.4206,11.9086,1.9035,0.0162,-0.8912,0,1,0,0.37388,1
0.4957,4.7297,2.3860,12.2478,-1.1581,0.0176,-1.2815,0,1,0,0.60632,1
0.4164,4.4862,2.6772,13.1930,2.9826,0.0627,-1.9989,1,2,1,3.41996,1
0.3800,3.9911,2.7190,12.0545,2.5166,0.0850,-0.8916,0,1,0,0.64598,3
0.4774,5.2685,2.5781,12.3590,2.6144,0.0240,-1.3541,0,1,0,0.30212,2
0.4640,5.0027,2.5805,12.0787,-1.6160,0.0033,-1.0116,0,1,0,0.32215,1
0.4416,4.5806,2.5830,11.9387,-1.4941,0.0409,-0.8771,0,1,0,0.56658,1
0.4204,4.2044,2.5838,12.8644,-2.3236,0.0172,-1.6232,0,1,1,1.37355,1
0.4938,5.1219,2.4759,11.8750,-2.7642,0.0519,-0.9464,0,1,0,0.55866,1
0.4081,4.1581,2.6287,11.9489,-1.5855,0.0366,-0.8058,0,0,0,0.00000,1
0.3874,3.9357,2.6655,11.5500,2.2593,0.0811,-0.5022,0,1,0,0.16027,3
0.5231,5.0070,2.3336,11.9005,-1.2558,0.0199,-0.9932,0,1,0,0.27583,1
0.5135,4.8346,2.3370,11.6039,1.9026,0.0309,-0.6812,0,1,0,0.29927,1
0.4541,4.5777,2.5268,12.8278,2.6498,0.0177,-1.7274,0,1,1,1.25827,1
0.4969,5.4760,2.5346,12.0084,-2.4461,0.0992,-1.1535,0,1,0,0.22094,0
0.5111,5.2049,2.4208,12.1292,2.3793,0.0330,-1.2255,0,1,0,0.61340,1
0.4349,4.5876,2.6156,12.4159,2.7665,0.0286,-1.2792,0,1,0,1.18165,1
0.4654,5.0548,2.5859,11.9546,-0.7168,0.0001,-0.8934,0,1,0,0.26680,1
0.4792,4.9900,2.5108,12.8561,0.1032,0.0001,-1.8320,0,2,0,1.40941,1
0.4985,5.0595,2.4433,12.5146,-0.4197,0.0022,-1.5492,0,1,2,1.02458,1
0.4600,5.0072,2.5998,11.7101,-2.6199,0.0092,-0.6670,0,0,0,0.00000,3
0.3985,4.2782,2.7089,12.4921,2.9157,0.0979,-1.3311,0,1,1,1.22214,1
0.3518,3.7408,2.7878,12.2039,2.6889,0.0520,-0.8922,0,1,1,0.92721,3
0.4646,4.9909,2.5754,13.1317,-2.3307,0.0188,-2.0894,0,1,2,2.09712,1
0.5035,4.7356,2.3557,12.6287,-0.6763,0.0018,-1.6840,1,1,0,0.41075,1
0.4449,4.7649,2.6127,11.7049,3.0735,0.0947,-0.7406,0,0,0,0.00000,1
0.4745,4.6670,2.4595,11.7603,0.3157,0.0018,-0.7288,0,1,0,0.18391,3
0.4567,4.6158,2.5242,12.4350,-1.1026,0.0340,-1.3752,0,1,1,0.96660,1
0.5240,4.8342,2.2960,11.9677,0.2131,0.0524,-1.1105,0,1,0,0.24587,1
0.4813,4.4231,2.3763,12.3512,1.6883,0.0340,-1.3679,0,1,1,0.53525,1
0.3424,3.6907,2.8226,12.2829,-3.1129,0.0811,-0.9650,0,1,1,1.05271,3
0.4086,4.1068,2.6125,11.8804,-2.5079,0.0710,-0.7939,0,1,0,0.21145,1
0.4396,4.4882,2.5695,12.2944,2.0721,0.0008,-1.1403,0,1,0,0.65550,1
0.3699,3.9025,2.7438,13.1820,-2.8217,0.0672,-1.7732,0,1,0,2.03614,1
0.4255,4.1681,2.5512,11.9392,-0.4644,0.0122,-0.8029,0,1,0,0.47747,1
0.4172,4.1968,2.5969,12.5940,-2.8022,0.0066,-1.3470,0,1,1,1.04323,1
0.5166,5.0775,2.3732,11.8283,2.3843,0.0167,-0.9001,0,1,0,0.43427,1
0.4401,4.2218,2.5003,11.6925,-0.7078,0.0064,-0.6100,0,1,0,0.27493,3
0.3627,3.9541,2.7979,11.9217,3.0083,0.0564,-0.7127,0,1,0,0.49024,3
0.3859,4.0437,2.7045,12.0024,-2.8102,0.0682,-0.8414,0,1,0,0.50579,3
0.4542,4.5223,2.5128,12.1238,0.9663,0.0218,-1.0517,0,1,0,0.71141,1
0.3707,3.8639,2.7275,12.9182,2.6593,0.0456,-1.5128,0,1,2,1.64634,1
0.3826,4.1669,2.7574,13.0596,-2.5619,0.0085,-1.6212,0,1,1,1.93063,1
0.4649,4.4615,2.4526,12.0248,1.4866,0.0069,-0.9636,0,1,0,0.63901,1
0.4284,4.3563,2.5871,12.4468,-2.9205,0.0167,-1.2680,0,1,1,1.03167,1
0.4915,4.4899,2.3506,12.1049,0.6435,0.0475,-1.1655,0,1,0,0.32292,1
0.4331,4.1641,2.5162,11.6743,3.0664,0.0323,-0.6147,0,1,0,0.18398,1
0.4106,4.1727,2.6211,11.9101,1.4640,0.0031,-0.7353,0,1,0,0.27270,1
0.4513,4.6352,2.5529,11.9138,-2.3469,0.0761,-0.9216,0,1,0,0.22201,1
0.4264,4.5435,2.6444,12.2396,2.6131,0.0696,-1.1503,0,1,0,0.88339,3
0.4322,4.6121,2.6344,12.2643,2.0865,0.0229,-1.1239,0,1,0,0.85140,3
0.4667,4.6260,2.4831,12.6444,0.9195,0.0002,-1.5637,0,1,1,1.19180,1
0.3715,3.9375,2.7465,12.5480,2.5224,0.0657,-1.2400,1,1,0,1.29700,1
0.4317,4.2597,2.5472,12.7695,2.3277,0.0127,-1.5719,0,0,2,1.12282,1
0.3922,4.3243,2.7536,13.2265,-2.4973,0.0667,-1.9179,0,1,2,2.03715,0
0.3575,3.8572,2.7950,12.3155,2.5254,0.0249,-0.9543,0,1,1,0.56732,1
0.3678,3.9164,2.7591,12.1572,2.5978,0.0779,-0.9331,0,1,0,0.53085,3
0.5126,4.6695,2.3065,11.9226,-0.9914,0.0269,-1.0003,0,1,0,0.58942,1
0.3794,3.9215,2.7009,13.0690,2.4079,0.0719,-1.7274,0,2,0,1.44588,1
0.3537,3.7790,2.7901,11.9748,3.0967,0.0413,-0.7137,0,1,0,0.60219,3
0.4680,4.4313,2.4325,12.2896,0.9365,0.0152,-1.2384,0,1,0,0.86814,1
0.3670,4.0075,2.7917,11.6982,-2.4663,0.1141,-0.6240,0,1,0,0.26896,3
0.3778,4.1580,2.7802,12.6639,3.0954,0.0253,-1.2962,0,1,1,1.54601,1
0.3434,3.6944,2.8186,12.9154,2.1038,0.0232,-1.3595,0,1,1,1.44224,1
0.4864,4.6964,2.4163,11.7992,1.4985,0.0108,-0.8004,0,1,0,0.19598,3
0.4621,4.9939,2.5870,12.3085,-2.2160,0.0206,-1.2511,0,1,0,0.88362,3
0.4705,4.6360,2.4693,12.0118,-2.3964,0.0455,-1.0183,0,1,0,0.46015,1
0.4129,4.0864,2.5868,11.7449,2.2898,0.0293,-0.6358,0,1,0,0.49961,3
0.4091,4.4435,2.7015,11.8692,2.6881,0.0320,-0.7363,0,1,0,0.38203,3
0.3570,3.8995,2.8113,13.0390,-2.4407,0.0241,-1.5166,0,1,1,1.78111,1
0.5048,4.5979,2.3217,12.1080,-1.5980,0.0030,-1.1394,0,1,0,0.30610,1
0.3774,4.0838,2.7598,12.8840,-3.1032,0.0421,-1.5055,0,1,1,1.82711,1
0.5394,5.6064,2.3807,12.3092,-0.8346,0.0351,-1.5104,0,1,0,0.32894,1
0.4153,4.2853,2.6293,11.8141,2.7139,0.0773,-0.7594,0,1,0,0.36467,1
0.5039,5.2634,2.4621,12.0338,3.1350,0.0338,-1.1086,0,1,0,0.36460,1
0.4322,4.5725,2.6245,11.7907,-2.3626,0.0219,-0.7022,0,1,0,0.43182,3
0.4512,4.3357,2.4808,12.4605,-1.7306,0.0418,-1.3928,0,1,0,1.03044,1
0.4335,4.1979,2.5231,12.3867,1.7335,0.0054,-1.2112,0,1,1,0.71052,1
0.4469,4.5032,2.5406,12.3109,-3.1193,0.0298,-1.2189,0,1,1,0.79236,1
0.4583,4.8470,2.5710,11.9537,-1.7078,0.0008,-0.8764,0,1,0,0.27521,1
0.3659,3.8717,2.7548,12.4239,2.8102,0.1242,-1.2065,0,1,0,1.14830,1
0.3671,3.9893,2.7851,12.1534,-2.7887,0.0337,-0.8691,0,1,0,0.27596,3
0.3482,3.7596,2.8140,12.6394,-2.3254,0.0337,-1.1831,0,1,1,1.37505,1
0.4802,4.9492,2.4975,12.9989,-1.5951,0.0116,-2.0072,0,2,1,1.12461,1
0.3723,3.9967,2.7604,11.9392,-2.9729,0.0714,-0.7654,0,1,0,0.26487,3
0.4464,4.2644,2.4835,12.3276,-2.8157,0.0152,-1.2105,0,1,0,0.98348,1
0.5001,5.1855,2.4625,11.9024,-0.3779,0.0129,-0.9368,0,1,0,0.46796,1
0.3789,4.0406,2.7394,11.7084,2.6309,0.0583,-0.5840,0,1,0,0.31073,3
0.4366,4.6788,2.6302,12.0231,2.7334,0.0558,-0.9618,0,1,0,0.57360,3
0.3709,3.9956,2.7674,11.5746,-2.8125,0.0521,-0.4636,0,1,0,0.15825,3
0.5582,5.7568,2.3316,11.9206,-1.3721,0.0353,-1.1206,0,1,0,0.14366,3
0.3982,4.0070,2.6335,12.0216,-1.9320,0.0038,-0.7999,0,1,0,0.25242,1
0.5226,5.1994,2.3727,11.9322,0.0231,0.0193,-1.0265,0,1,0,0.18453,1
0.3783,4.0456,2.7437,11.8570,2.5393,0.0589,-0.6984,0,1,0,0.53016,3
0.4293,4.1947,2.5411,12.0229,-1.5913,0.0260,-0.9029,0,1,1,0.58511,1
0.3701,3.8507,2.7267,12.1128,2.5158,0.0460,-0.8616,0,1,0,0.81950,3
0.6389,5.8418,2.0450,12.4520,-0.5584,0.0405,-2.0250,0,1,0,0.88195,1
0.4572,4.7350,2.5497,11.9520,2.9429,0.0123,-0.8870,0,1,0,0.19940,3
0.6111,5.8921,2.1519,11.7752,0.5347,0.1095,-1.1656,0,1,0,0.41297,1
0.3809,4.1940,2.7745,12.1291,2.8996,0.1556,-1.0476,0,1,0,0.44543,0
0.5511,5.0449,2.2336,11.9168,0.8982,0.0336,-1.0925,0,1,0,0.52972,1
0.3957,4.1547,2.6879,12.9001,-2.3110,0.0496,-1.6084,1,1,1,0.81111,1
0.3751,4.1112,2.7801,12.6800,-2.7352,0.1553,-1.4994,0,1,1,1.12723,1
0.3784,4.1620,2.7780,11.8542,2.6105,0.0768,-0.7188,0,1,0,0.26582,3
0.4593,4.4393,2.4710,11.7058,-2.8033,0.0004,-0.6481,0,1,0,0.16201,3
0.4118,4.4940,2.7016,11.9352,2.5415,0.0511,-0.8218,0,1,0,0.46320,3
0.4232,4.2074,2.5719,11.6541,-1.4197,0.0058,-0.5489,0,1,0,0.39998,1
0.4626,4.5069,2.4732,11.7031,-1.5783,0.0405,-0.7022,0,1,0,0.42293,3
0.4665,4.7497,2.5125,11.9041,-2.3889,0.0280,-0.8830,0,1,0,0.40347,3
0.4392,4.6581,2.6131,11.9377,-2.7408,0.0218,-0.8462,0,1,0,0.50557,3
0.3947,4.1381,2.6884,12.0538,2.2596,0.0817,-0.9218,0,1,0,0.31473,3
0.4822,4.7287,2.4411,12.6518,2.1578,0.0062,-1.6381,0,1,1,1.12448,1
0.4394,4.3162,2.5274,12.7068,3.0121,0.0059,-1.5307,0,1,0,1.23011,1
0.3466,3.7970,2.8350,11.9151,3.0834,0.1240,-0.7599,0,1,0,0.30620,3
0.3537,3.8943,2.8276,11.5817,2.8017,0.1481,-0.5578,0,1,0,0.15334,2
0.4530,4.8168,2.5879,12.0788,2.8324,0.0463,-1.0411,0,1,0,0.59255,3
0.5287,4.8851,2.2881,11.8571,-0.3270,0.0095,-0.9445,0,1,0,0.44185,1
0.5065,5.2777,2.4541,12.1490,2.2645,0.0179,-1.2135,0,1,0,0.59904,3
0.4889,5.2794,2.5298,13.1405,2.6254,0.0451,-2.2652,0,1,2,1.54511,1
0.5408,5.1069,2.2841,11.9804,1.4059,0.0032,-1.0973,0,1,0,0.41205,1
0.4184,4.2965,2.6178,11.6059,2.5248,0.1018,-0.6182,0,1,0,0.37127,1
0.4547,4.6689,2.5455,11.8538,-2.1697,0.0711,-0.8667,0,1,0,0.35713,3
0.3616,3.8357,2.7665,11.7893,2.5110,0.0954,-0.6604,0,1,0,0.25845,3
0.5812,5.2954,2.1670,11.8979,-0.5644,0.0842,-1.2115,0,1,0,0.57864,1
0.3639,3.9526,2.7912,11.7343,2.1890,0.0388,-0.5543,0,0,0,0.00000,1
0.3690,4.0660,2.7988,11.7638,-3.1049,0.0992,-0.6591,0,1,0,0.28149,2
0.5313,4.8230,2.2661,12.0134,1.0092,0.0439,-1.1655,0,1,0,0.53965,1
0.5686,5.6239,2.2689,11.9012,-0.6529,0.0434,-1.1323,0,0,0,0.00000,3
0.4819,4.4524,2.3804,11.8103,-0.5488,0.0093,-0.7988,0,1,0,0.36054,1
0.4242,4.5752,2.6629,12.1328,-2.7373,0.0020,-0.9566,0,1,0,0.66818,1
0.5297,5.6686,2.4317,12.4544,3.0615,0.0394,-1.6511,0,1,0,1.22809,1
0.4766,4.7543,2.4700,11.7281,3.0582,0.0151,-0.7196,0,1,0,0.48819,1
0.3380,3.6708,2.8410,12.6469,-2.7707,0.0750,-1.2149,0,1,1,1.19468,1
0.4627,4.6744,2.5118,11.8656,-1.0990,0.0076,-0.8118,0,1,0,0.28945,1
0.3807,4.0853,2.7435,13.1105,2.5946,0.0882,-1.7972,0,1,2,1.80571,1
0.4282,4.2565,2.5622,11.9652,-3.0177,0.0044,-0.8215,0,1,0,0.64858,3
0.4219,4.4167,2.6331,11.7175,2.4153,0.0695,-0.6794,0,1,0,0.33256,3
0.4706,4.7917,2.5042,11.8796,2.7709,0.0499,-0.8973,0,1,0,0.30659,1
0.4943,4.5839,2.3599,12.2117,-0.5338,0.0003,-1.2140,0,1,0,0.80284,1
0.3702,4.0210,2.7788,11.8481,-3.0994,0.1797,-0.8268,0,1,0,0.51588,1
0.3704,4.0179,2.7769,12.5347,2.8118,0.1022,-1.2791,0,1,1,1.23737,1
0.5417,5.5720,2.3653,12.5794,-1.9690,0.0077,-1.7861,0,1,0,0.37740,1
0.4863,5.0326,2.4894,12.4457,-2.7059,0.0135,-1.4536,0,1,1,0.86327,1
0.3652,3.8166,2.7410,12.1540,-2.7152,0.1513,-1.0239,1,1,0,0.32488,1
0.4195,4.3258,2.6206,11.9636,-1.1557,0.0103,-0.8091,0,1,0,0.40349,1
0.3992,4.1131,2.6593,11.7938,-2.6997,0.1102,-0.7528,0,1,0,0.20133,1
0.4509,4.9346,2.6249,11.9997,2.7251,0.0765,-1.0022,0,1,0,0.53528,3
0.3978,4.0059,2.6353,12.2913,2.9935,0.0597,-1.0999,0,1,0,0.88192,1
0.3502,3.7450,2.7983,13.2722,2.2238,0.0201,-1.6659,0,2,1,1.62534,1
0.3763,4.0288,2.7490,12.7313,-2.8841,0.0549,-1.3929,0,1,1,1.22823,1
0.3611,3.8849,2.7844,11.9210,-2.1440,0.0738,-0.7310,0,0,0,0.00000,1
0.3919,4.1849,2.7156,12.5394,2.6001,0.0276,-1.2451,0,1,0,1.12083,1
0.4092,4.2401,2.6462,11.8064,2.2282,0.0505,-0.7072,0,1,0,0.43584,3
0.3437,3.7325,2.8297,12.0886,-2.6237,0.1403,-0.9031,0,1,0,0.83413,3
0.4638,4.2937,2.4174,11.5877,-1.8723,0.0116,-0.5613,0,1,0,0.29594,1
0.4287,4.2401,2.5555,12.2952,3.0250,0.0303,-1.1508,0,1,0,1.13205,1
0.3441,3.7647,2.8384,11.9107,3.1360,0.1729,-0.8132,0,1,0,0.69400,1
0.4082,4.5076,2.7231,11.9000,2.1158,0.0144,-0.7378,0,1,0,0.63172,0
0.3824,4.1902,2.7654,12.9242,-2.2715,0.0384,-1.5544,0,1,1,1.51513,1
0.4675,5.0606,2.5779,12.7048,-2.2865,0.0212,-1.6648,0,1,0,1.57770,1
0.4016,4.0672,2.6346,12.4023,1.5716,0.0249,-1.1555,0,1,0,1.21784,1
0.5556,5.0217,2.2130,11.7517,1.0914,0.0037,-0.8781,0,1,0,0.26389,1
0.4075,4.1729,2.6357,12.7490,-2.8970,0.0431,-1.5095,0,1,0,1.32553,1
0.3543,3.8329,2.8048,12.3128,-2.6815,0.1513,-1.1190,0,1,0,0.73611,1
0.4531,4.2424,2.4499,11.6314,0.7740,0.0275,-0.6035,0,1,0,0.28111,1
0.3775,4.0921,2.7622,12.4793,-3.0761,0.0692,-1.2083,1,1,0,0.48808,1
0.4846,5.0135,2.4924,12.0541,1.8972,0.0080,-1.0450,0,1,0,0.59315,3
0.5432,5.3822,2.3251,11.6008,0.5384,0.0069,-0.6997,0,1,0,0.25386,3
0.3635,3.8769,2.7691,12.5295,-2.8810,0.0801,-1.2196,0,1,1,0.73702,1
0.5122,5.0136,2.3780,11.6440,-2.1689,0.0101,-0.6947,0,1,0,0.17876,1
0.4470,4.4429,2.5251,11.6427,-1.8082,0.0485,-0.6307,0,1,0,0.22854,3
0.5092,5.3574,2.4584,12.0308,0.4873,0.0127,-1.0905,0,1,0,0.56911,1
0.4462,4.7327,2.5991,11.8508,-2.6686,0.0575,-0.8289,0,1,0,0.39548,3
0.4742,4.6443,2.4556,11.8797,-1.0080,0.0192,-0.8641,0,1,0,0.49206,3
0.3614,3.9116,2.7913,12.2762,2.3871,0.0344,-0.9488,0,1,0,0.91576,1
0.3270,3.6095,2.8822,12.0496,3.0008,0.1855,-0.8932,0,1,0,0.86248,0
0.4275,4.4548,2.6167,12.9427,2.6336,0.0122,-1.7189,0,2,0,1.35420,1
0.3831,4.2233,2.7714,11.9258,2.8107,0.0287,-0.7237,0,1,1,0.63108,0
0.4974,4.8197,2.3982,11.7653,-1.1486,0.0609,-0.8537,0,1,0,0.21189,3
0.3869,4.0477,2.7010,13.0946,-2.9187,0.0679,-1.7768,0,1,2,1.80879,1
0.3573,3.8047,2.7791,13.0533,-2.9676,0.0601,-1.5920,0,1,0,0.43077,1
0.3485,3.7584,2.8116,12.8855,-2.9848,0.1034,-1.4884,0,1,1,1.69367,1
0.3791,4.0362,2.7371,11.7513,-1.9082,0.0495,-0.6065,0,1,0,0.18523,1
0.4238,4.5478,2.6579,12.8173,-1.6534,0.0150,-1.5911,0,1,1,1.42300,1
0.5299,5.0452,2.3144,12.1045,-2.1367,0.0009,-1.2016,0,1,0,0.50984,1
0.4116,4.1271,2.6039,12.0822,2.1062,0.0151,-0.8972,0,1,0,0.62742,3
0.3487,3.7934,2.8226,11.5970,-3.0986,0.1140,-0.5214,0,1,0,0.27225,3
0.3791,4.0889,2.7528,11.7531,3.0750,0.1166,-0.6904,0,1,0,0.26020,3
0.3650,3.8115,2.7405,13.0926,3.0188,0.0111,-1.5733,0,1,1,1.93325,1
0.4776,5.0885,2.5391,11.8794,2.6251,0.0540,-0.9184,0,1,0,0.38521,1
0.4499,4.3714,2.4950,12.0672,-2.1002,0.0466,-1.0216,0,1,0,0.31575,1
0.3580,3.9324,2.8165,11.9355,-2.4561,0.0267,-0.6755,0,1,0,0.67444,1
0.3643,3.8860,2.7682,12.0733,-2.6620,0.1495,-0.9537,0,1,0,0.89397,1
0.3609,3.8838,2.7851,13.2334,2.6880,0.0212,-1.6888,0,2,0,2.13747,1
0.4732,5.2122,2.5853,12.1812,-1.5166,0.0020,-1.1339,0,1,0,0.59940,0
0.3615,3.9148,2.7922,12.0093,-2.4505,0.0384,-0.7525,0,1,0,0.37934,1
0.4258,4.1376,2.5418,11.6368,1.1207,0.0064,-0.5389,0,1,0,0.42647,1
0.5070,4.6583,2.3261,12.3283,-0.8901,0.0327,-1.4217,0,1,0,0.78806,1
0.4314,4.5470,2.6216,12.0873,-3.1218,0.0241,-0.9642,0,1,0,0.55759,3
0.4699,4.4470,2.4284,12.2246,1.0640,0.0009,-1.1594,0,1,0,0.60824,1
0.4385,4.6514,2.6147,11.9696,-1.9638,0.0185,-0.8688,0,1,0,0.54104,3
0.4261,4.1740,2.5498,11.9554,-1.3452,0.0148,-0.8218,0,1,0,0.72847,3
0.4343,4.2797,2.5405,12.2133,2.2174,0.0138,-1.0692,0,1,0,0.35425,1
0.3620,3.8842,2.7797,12.1063,-3.1413,0.0341,-0.8209,0,1,0,0.84927,3
0.3640,3.8494,2.7581,12.1972,-2.5898,0.0589,-0.9285,0,1,0,0.68585,3
0.4597,4.6359,2.5159,11.6557,1.0634,0.0038,-0.6086,0,1,0,0.40547,3
0.6444,5.9447,2.0399,12.1295,1.0318,0.0244,-1.5842,0,1,0,0.60310,1
0.5185,4.8092,2.3124,12.4262,-0.5577,0.0158,-1.5387,0,1,0,0.91618,1
0.3997,4.1808,2.6756,12.6326,-1.6715,0.0236,-1.3461,0,1,0,0.53223,1
0.4953,5.3262,2.5116,11.9643,2.8515,0.0187,-0.9970,0,1,0,0.51625,3
0.5260,4.8198,2.2856,11.8443,-0.5700,0.0113,-0.9270,0,1,0,0.34221,1
0.3777,4.0419,2.7457,11.9435,2.1000,0.0464,-0.7484,0,1,0,0.66334,1
0.5635,5.3825,2.2470,12.0153,-1.4426,0.0079,-1.2005,0,1,0,0.36637,1
0.3511,3.7466,2.7937,13.2680,2.7142,0.0358,-1.6963,0,1,1,1.99172,1
0.5258,5.4213,2.4020,12.0856,-1.6129,0.0064,-1.1821,0,1,0,0.73388,3
0.5276,5.6384,2.4349,11.8364,3.0050,0.0238,-0.9444,0,1,0,0.14469,1
0.3742,4.1091,2.7841,11.8581,-2.7140,0.0376,-0.6645,0,1,0,0.47313,1
0.4094,4.1006,2.6069,11.9013,2.9372,0.0220,-0.7496,0,1,0,0.30405,3
0.3644,3.9131,2.7759,12.4161,-2.2615,0.0596,-1.1017,0,1,0,0.98047,3
0.3656,3.8216,2.7408,12.4017,2.8748,0.0143,-1.0290,0,1,1,1.19166,1
0.4188,4.3068,2.6187,11.7229,2.4398,0.0096,-0.6041,0,1,0,0.34426,3
0.4864,4.5184,2.3772,11.9654,0.1783,0.0010,-0.9482,0,1,0,0.68267,1
0.3705,3.8623,2.7283,12.3312,-2.2007,0.0393,-1.0242,0,1,1,0.87406,1
0.5685,5.3696,2.2264,12.6495,0.2301,0.0096,-1.9683,0,1,0,1.16649,1
0.4222,4.1895,2.5716,11.9947,-0.0992,0.0031,-0.8316,0,0,0,0.00000,1
0.3568,3.8412,2.7940,11.4534,-2.0957,0.0728,-0.3820,0,0,0,0.00000,1
0.4551,4.8502,2.5859,11.8006,-2.9454,0.0091,-0.7398,0,1,0,0.47482,3
0.4099,4.1432,2.6162,11.8857,-1.9045,0.0092,-0.7213,0,1,0,0.41742,3
0.4136,4.2914,2.6391,11.8297,-2.7022,0.0051,-0.6777,0,1,0,0.62154,3
0.4892,4.8807,2.4447,12.3464,-0.4211,0.0206,-1.3699,0,1,1,0.69266,1
0.4337,4.6410,2.6343,12.1024,-2.7198,0.0272,-0.9881,0,1,0,0.66859,3
0.4782,4.4249,2.3893,12.1709,0.9813,0.0251,-1.1641,0,1,0,0.63981,1
0.4919,4.4596,2.3425,11.8276,0.8595,0.0235,-0.8542,0,1,0,0.24929,1
0.3453,3.7618,2.8305,12.2634,2.4725,0.0367,-0.8979,0,1,0,0.84638,1
0.3503,3.8097,2.8190,11.8177,-2.2792,0.0551,-0.6105,0,1,1,0.28321,1
0.4622,4.5735,2.4906,11.9469,1.1113,0.0167,-0.8980,0,1,0,0.26291,1
0.4672,4.5890,2.4726,11.9684,1.5535,0.0060,-0.9153,0,1,0,0.42525,3
0.4792,4.9940,2.5114,11.9819,-1.1890,0.0429,-1.0077,0,1,1,0.69689,1
0.5052,5.2961,2.4630,11.7502,1.7862,0.0344,-0.8217,0,1,0,0.25262,3
0.3811,4.1263,2.7535,11.5563,-2.1565,0.0351,-0.4442,0,1,0,0.24055,1
0.4816,5.1083,2.5259,11.9996,1.3801,0.0271,-1.0100,0,1,0,0.56687,1
0.3720,3.9459,2.7460,11.7893,2.8486,0.1136,-0.7023,0,1,0,0.28035,1
0.4817,4.7395,2.4453,11.9871,0.9089,0.0188,-0.9847,0,1,0,0.14765,1
0.4651,4.7787,2.5250,12.4166,-2.4156,0.0273,-1.3749,0,1,1,0.92459,1
0.4763,4.6082,2.4388,12.2211,0.4120,0.0024,-1.1770,0,1,0,0.71770,1
0.4992,5.2944,2.4883,11.7527,3.0887,0.0579,-0.8425,0,1,0,0.32394,1
0.4447,4.6940,2.5967,12.3104,-2.8935,0.0285,-1.2109,0,1,0,0.86699,3
0.4474,4.4382,2.5222,12.7863,2.7072,0.0290,-1.6781,0,1,1,1.64346,1
0.4186,4.1579,2.5798,11.5524,-1.2492,0.0045,-0.4562,0,1,0,0.33625,1
0.3656,3.9589,2.7841,13.1872,2.3626,0.0317,-1.6913,0,1,1,2.11048,1
0.4478,4.8657,2.6231,12.6021,-2.4114,0.0205,-1.4881,0,1,1,1.04970,1
0.4608,4.5861,2.4993,12.0151,-1.0098,0.0355,-0.9845,0,1,0,0.35686,1
0.4096,4.2423,2.6448,12.7872,1.6386,0.0099,-1.4979,0,1,0,0.26467,1
0.4502,4.2633,2.4670,11.9950,0.5572,0.0359,-0.9401,0,1,1,0.64553,1
0.3785,4.1285,2.7676,11.9550,3.1173,0.0293,-0.7372,0,1,0,0.76727,3
0.4203,4.6358,2.6971,12.2279,2.9844,0.0155,-1.0482,0,1,0,0.71886,0
0.3732,4.1104,2.7900,13.0098,2.7313,0.0238,-1.5632,0,1,1,1.86727,0
0.4665,4.8468,2.5342,12.5714,0.9546,0.0053,-1.5004,0,1,0,0.88027,1
0.3821,4.0841,2.7357,11.9975,-2.5957,0.0234,-0.7706,0,1,0,0.60325,1
0.5288,5.2527,2.3580,11.9489,1.1358,0.0661,-1.1223,0,1,0,0.55894,3
0.4349,4.5623,2.6095,12.2374,-2.5808,0.0738,-1.1783,0,1,0,0.50204,1
0.5237,4.9793,2.3259,11.8290,0.2231,0.0001,-0.8926,0,1,0,0.22647,3
0.3295,3.6202,2.8716,12.5189,3.0721,0.0967,-1.1220,0,1,0,1.16935,3
0.3922,4.1527,2.7048,12.1470,-1.7749,0.0222,-0.9127,0,2,0,0.83351,1
0.4270,4.1972,2.5518,11.5535,2.7906,0.0523,-0.5267,0,1,0,0.24724,1
0.4484,4.2339,2.4674,11.7426,2.6468,0.0209,-0.6869,0,1,0,0.28379,1
0.3462,3.7594,2.8251,12.8757,-2.7759,0.0552,-1.3919,0,1,1,1.46810,1
0.4435,4.6471,2.5907,12.1934,-1.3382,0.0024,-1.0620,0,1,1,0.87542,1
0.4506,4.3418,2.4850,12.0540,-0.6084,0.0236,-0.9791,0,1,0,0.33858,1
0.4135,4.2108,2.6179,12.9928,1.9217,0.0161,-1.7113,0,1,1,1.80103,1
0.3635,3.8134,2.7493,12.3662,2.8042,0.0090,-0.9877,0,1,1,0.94260,1
0.4128,4.5004,2.6988,12.5541,1.7332,0.0461,-1.3576,0,1,1,0.96395,1
0.4286,4.1798,2.5404,11.8342,-1.4520,0.0014,-0.7050,0,1,0,0.35432,3
0.3911,4.2980,2.7519,13.1736,-2.5143,0.0568,-1.8462,0,2,0,1.84079,1
0.4209,4.2433,2.5919,11.6388,-0.0028,0.0009,-0.5268,0,1,0,0.25181,1
0.5730,5.7886,2.2790,12.0853,-1.3648,0.0009,-1.3000,0,1,0,0.46226,3
0.4025,4.0907,2.6370,11.8107,-3.0252,0.0794,-0.7343,0,1,0,0.19338,1
0.4102,4.1815,2.6256,12.8888,-1.8803,0.0066,-1.5854,0,1,0,1.60207,1
0.3353,3.6901,2.8627,11.5082,2.8466,0.0875,-0.4112,0,1,0,0.25704,3
0.4247,4.6559,2.6807,12.9569,-3.0410,0.0295,-1.7511,0,1,0,1.81009,1
0.3941,4.2981,2.7366,12.2333,2.0604,0.0232,-0.9903,0,1,0,0.59723,1
0.3375,3.7180,2.8599,12.1608,2.4627,0.1097,-0.9001,0,1,0,0.33758,2
0.4185,4.1034,2.5658,11.9510,2.8008,0.0558,-0.8554,0,1,0,0.62415,1
0.4219,4.5051,2.6558,12.8259,-2.7285,0.0294,-1.6150,0,1,1,1.25324,1
0.3650,3.9106,2.7717,12.1918,3.1076,0.0338,-0.8933,0,1,1,0.75972,3
0.3354,3.6864,2.8608,11.7032,-2.9402,0.0620,-0.5133,0,1,0,0.47582,1
0.4249,4.4669,2.6316,11.8615,1.9849,0.0188,-0.7450,0,1,0,0.33084,1
0.3329,3.6480,2.8618,11.9431,-2.9497,0.0946,-0.7143,0,1,0,0.51426,3
0.3966,4.3759,2.7453,11.8823,-2.7355,0.0650,-0.7633,0,1,0,0.61093,2
0.5114,5.3003,2.4379,12.3168,-2.6255,0.0140,-1.4002,0,1,0,0.69878,1
0.3653,4.0169,2.8037,12.2944,2.6123,0.0326,-0.9712,0,1,0,0.98821,1
0.3681,4.0352,2.7944,11.9220,-3.0795,0.1467,-0.8387,0,1,0,0.35856,1
0.4293,4.6713,2.6626,12.9533,2.4931,0.0397,-1.7849,0,1,0,1.80901,1
0.4554,4.5927,2.5246,11.9230,0.9170,0.0005,-0.8397,0,1,0,0.70224,3
0.4261,4.2774,2.5770,11.9840,3.1203,0.0333,-0.8717,0,1,0,0.28658,1
0.3565,3.7722,2.7728,12.4487,2.5383,0.0552,-1.0965,0,1,0,0.46799,1
0.3884,4.1464,2.7220,11.9772,2.7176,0.1429,-0.9237,0,1,1,0.38982,1
0.4862,4.5881,2.3936,11.8971,-1.1141,0.0030,-0.8840,0,1,0,0.56855,1
0.4314,4.6189,2.6399,12.8407,2.6781,0.0059,-1.6290,0,1,0,1.58519,1
0.5081,5.1212,2.4163,11.7914,-0.1972,0.0203,-0.8501,0,1,0,0.37212,1
0.3640,4.0081,2.8077,11.9051,2.2814,0.0557,-0.7022,0,1,0,0.53595,0
0.4408,4.6744,2.6096,12.1999,3.0858,0.0455,-1.1208,0,1,0,0.46165,3
0.4684,4.3168,2.4039,11.8122,-0.6768,0.0266,-0.7962,0,1,0,0.31801,1
0.4197,4.3734,2.6320,11.9222,2.4346,0.0774,-0.8616,0,1,0,0.40196,3
0.4256,4.4986,2.6365,12.2684,2.8231,0.0404,-1.1331,0,1,0,0.97705,3
0.5345,5.2626,2.3376,12.1618,0.0794,0.0391,-1.3335,0,1,0,0.60720,1
0.5217,4.8642,2.3109,11.7660,-1.6535,0.0480,-0.8852,0,1,0,0.25084,1
0.4707,4.6893,2.4805,12.0393,-1.2078,0.0176,-1.0077,0,1,0,0.39476,3
0.4084,4.3299,2.6745,11.6649,2.2402,0.0640,-0.6056,0,1,0,0.34587,3
0.4504,4.3944,2.4985,12.1695,-2.6152,0.0089,-1.0656,0,1,0,0.41161,1
0.5492,5.1533,2.2606,12.0526,0.3199,0.0598,-1.2788,0,1,0,0.30676,1
0.4573,4.7603,2.5551,12.0449,1.3781,0.0536,-1.0297,0,1,0,0.22467,1
0.5251,4.7600,2.2772,11.8421,1.2759,0.0013,-0.9089,0,1,0,0.45716,1
0.3527,3.7885,2.7988,12.2550,-2.7734,0.1335,-1.0447,0,1,0,0.97910,1
0.4598,4.7111,2.5330,12.6509,-1.1084,0.0228,-1.5820,0,0,0,0.00000,1
0.4623,4.4760,2.4670,11.7561,-2.9740,0.0132,-0.7158,0,1,0,0.28871,1
0.4708,4.6991,2.4823,11.8074,-0.2682,0.0130,-0.7807,0,1,0,0.20344,1
0.4143,4.4991,2.6906,12.3864,2.5922,0.0435,-1.2094,0,1,1,0.67679,3
0.3877,4.2635,2.7593,12.7208,2.1207,0.0219,-1.3755,0,1,1,1.23718,1
0.5055,5.3236,2.4675,12.3571,2.8797,0.0016,-1.4068,0,1,0,0.71268,1
0.4483,4.2389,2.4691,11.7399,-1.9576,0.0331,-0.7000,0,1,0,0.47910,1
0.4034,4.1294,2.6433,11.9661,-2.6807,0.0426,-0.8176,0,1,0,0.25962,3
0.4593,4.7170,2.5363,11.9922,2.4331,0.0476,-0.9762,0,1,0,0.44662,1
0.4910,4.5260,2.3607,12.0487,-1.6707,0.0468,-1.1059,0,1,0,0.56039,1
0.3842,4.1934,2.7572,11.7438,-2.3111,0.0140,-0.5663,0,1,0,0.17764,1
0.4292,4.7353,2.6794,12.6271,2.9198,0.0531,-1.4940,0,1,0,1.28109,0
0.3680,3.8686,2.7429,11.6951,-1.8702,0.0468,-0.5420,0,0,0,0.00000,1
0.3758,3.9140,2.7166,11.6371,3.0441,0.0213,-0.4804,0,1,0,0.40103,3
0.5448,4.9803,2.2455,11.7309,0.2542,0.0109,-0.8441,0,1,0,0.21959,1
0.3513,3.7444,2.7918,12.3186,-2.7563,0.1123,-1.0609,0,1,0,0.75538,3
0.4490,4.4164,2.5098,12.7626,-2.1212,0.0027,-1.6164,0,1,0,1.58283,1
0.4532,4.6590,2.5497,11.7278,2.4950,0.0590,-0.7320,0,1,0,0.19617,1
0.4365,4.7217,2.6410,11.6451,2.7295,0.0147,-0.5753,0,1,0,0.29974,3
0.4792,4.9028,2.4918,11.8261,-2.0724,0.0469,-0.8600,0,1,0,0.21095,3
0.4179,4.5736,2.6929,11.7675,-2.4882,0.0609,-0.7043,0,1,0,0.23054,3
0.4272,4.4290,2.6111,12.1210,-2.2392,0.0351,-0.9982,0,1,0,0.63959,3
0.3747,4.0902,2.7761,12.2642,2.1061,0.0245,-0.9630,0,1,0,0.92595,1
0.4613,4.6733,2.5174,12.1373,1.6766,0.0457,-1.1171,0,1,0,0.56334,3
0.5679,5.7069,2.2855,12.0367,-3.0244,0.0027,-1.2320,0,1,0,0.52047,1
0.3794,3.8954,2.6932,11.8627,-2.6525,0.0125,-0.6459,0,1,0,0.44164,3
0.3644,3.8709,2.7629,12.8955,2.7503,0.0792,-1.5228,0,1,1,1.40667,1
0.4890,4.4760,2.3574,12.2604,-1.8152,0.0213,-1.2790,0,1,0,0.50168,1
0.3602,3.8100,2.7657,12.9242,-2.9405,0.0630,-1.5024,0,1,0,1.72660,1
0.3505,3.7593,2.8013,11.9222,3.1261,0.0384,-0.6649,0,1,0,0.26837,3
0.4716,4.9797,2.5414,12.4948,-1.8826,0.0246,-1.4716,0,1,0,1.15974,1
0.4449,4.6946,2.5960,11.8545,-1.3501,0.0016,-0.7578,0,1,0,0.52022,1
0.4301,4.3993,2.5902,11.7923,0.7604,0.0019,-0.6739,0,1,0,0.14452,1
0.5052,4.8708,2.3772,12.0110,0.5832,0.0095,-1.0522,0,1,0,0.45929,1
0.3700,3.8708,2.7335,11.6617,-2.7365,0.0364,-0.5077,0,1,0,0.28377,3
0.4257,4.3610,2.6007,11.7966,2.0408,0.0310,-0.7058,0,1,0,0.43745,3
0.4968,5.2208,2.4836,13.1651,1.9041,0.0196,-2.2837,0,1,1,2.00258,1
0.3687,3.9800,2.7741,13.2566,-2.8327,0.0628,-1.8232,0,0,1,1.87692,1
0.4021,4.2564,2.6853,12.2389,-1.9490,0.0448,-1.0466,0,1,0,0.84121,3
0.5580,5.7215,2.3263,11.9147,-0.7758,0.0566,-1.1421,0,1,0,0.32791,1
0.4701,5.0338,2.5602,11.7229,-2.4473,0.0742,-0.7781,0,1,0,0.38392,3
0.3899,4.1392,2.7126,12.1459,-1.8918,0.0105,-0.8901,0,1,1,0.73889,1
0.5568,5.1668,2.2347,11.8892,0.2614,0.0152,-1.0500,0,1,0,0.43707,1
0.4053,4.0223,2.6043,11.9870,-1.6901,0.0415,-0.8374,0,1,0,0.20662,3
0.4114,4.4535,2.6931,11.6632,-2.7111,0.0093,-0.5428,0,1,0,0.24546,1
0.5066,5.2965,2.4574,12.3628,-2.8459,0.0087,-1.4265,0,1,0,0.26590,1
0.5157,4.9905,2.3593,11.8343,2.0502,0.0049,-0.8884,0,1,0,0.45236,1
0.3860,3.9525,2.6772,11.8194,-2.3729,0.1278,-0.7709,0,1,0,0.24310,1
0.4431,4.6618,2.5960,11.8715,-2.2301,0.0147,-0.7862,0,1,0,0.32768,3
0.4889,4.8994,2.4498,12.2957,-0.8039,0.0161,-1.3105,0,2,0,0.74114,1
0.4259,4.1277,2.5386,11.7642,-2.0368,0.0234,-0.6680,0,1,0,0.34821,3
0.4474,4.7886,2.6066,12.0984,2.6338,0.0039,-0.9881,0,1,0,0.60716,1
0.5383,5.6029,2.3847,12.1104,-1.9043,0.0178,-1.2591,0,1,0,0.39836,3
0.4345,4.2093,2.5219,11.8633,1.5518,0.0179,-0.7632,0,1,0,0.50718,3
0.4390,4.5044,2.5764,12.3544,-1.9709,0.0188,-1.2199,0,1,0,1.04338,1
0.5005,5.0822,2.4400,11.8512,0.3242,0.0140,-0.8867,0,1,0,0.35458,1
0.4750,5.0797,2.5483,11.7931,1.8107,0.0133,-0.7777,0,0,0,0.00000,3
0.3698,4.0057,2.7763,12.6840,-2.5776,0.0703,-1.3525,0,1,0,1.43523,1
0.4751,4.5972,2.4414,11.9551,-1.3017,0.0004,-0.9127,0,1,0,0.45351,1
0.4283,4.2536,2.5607,12.7551,-1.5275,0.0177,-1.5537,0,1,0,1.23028,1
0.3672,3.9877,2.7845,11.5036,2.1930,0.0731,-0.4311,0,1,0,0.24902,1
0.3414,3.7515,2.8490,12.0931,2.8033,0.0947,-0.8407,0,1,1,0.69702,3
0.4616,4.6288,2.5057,11.5742,1.1838,0.0312,-0.5712,0,1,0,0.18403,1
0.5699,5.5226,2.2470,11.8932,-0.1913,0.0208,-1.0944,0,1,0,0.52798,3
0.4327,4.5914,2.6267,12.3788,-2.4986,0.0948,-1.3341,0,1,0,1.13125,1
0.4340,4.1917,2.5193,11.8238,-2.9718,0.0277,-0.7405,0,1,0,0.23783,1
0.3837,3.9713,2.6942,12.0585,2.3084,0.0242,-0.8230,0,1,0,0.30290,3
0.3713,3.8817,2.7298,11.6349,2.5744,0.0282,-0.4802,0,1,0,0.18037,3
0.4473,4.4898,2.5355,11.6944,1.2332,0.0124,-0.6325,0,1,0,0.33448,1
0.4217,4.3939,2.6281,12.3921,2.7500,0.0072,-1.1840,0,1,0,0.83724,1
0.3948,4.0315,2.6569,11.7775,-2.8036,0.0313,-0.6325,0,1,0,0.33336,3
0.5324,5.4327,2.3772,12.7191,-2.1030,0.0457,-1.9750,0,1,0,0.24249,1
0.4554,4.9778,2.6142,11.9714,-2.1731,0.0085,-0.8971,0,1,0,0.63364,1
0.4140,4.2431,2.6241,12.3057,-2.4551,0.0161,-1.0973,0,1,0,0.70446,1
0.4250,4.6476,2.6773,11.6723,2.3667,0.1136,-0.7001,0,1,0,0.24633,3
0.3776,3.8925,2.7014,11.9056,-1.6809,0.0297,-0.6971,0,1,0,0.47827,1
0.3580,3.7933,2.7716,11.8714,2.5313,0.0705,-0.6838,0,1,1,0.52517,3
0.3630,3.9590,2.7978,12.2979,-2.2089,0.0426,-0.9813,0,1,1,1.09700,1
0.4250,4.3000,2.5883,11.9253,-2.7567,0.0103,-0.7881,0,1,0,0.16873,3
0.4968,4.7681,2.3896,12.0648,-2.2909,0.0225,-1.1041,0,1,0,0.26735,1
0.4695,5.1419,2.5867,11.8846,-1.8979,0.0235,-0.8670,0,1,0,0.28584,1
0.4864,4.5945,2.3941,11.9047,1.4788,0.0296,-0.9279,0,1,0,0.33421,1
0.5653,5.2870,2.2241,12.2491,0.7909,0.0075,-1.4742,0,1,0,0.35879,1
0.3345,3.6653,2.8590,12.8153,3.0504,0.1485,-1.4461,0,1,0,1.61240,1
0.3936,4.1573,2.6989,11.6947,3.0317,0.1161,-0.6689,0,1,0,0.15125,1
0.6414,5.8240,2.0339,12.0547,-0.2706,0.0224,-1.4730,0,1,0,0.46303,1
0.4291,4.3860,2.5917,11.9793,1.6999,0.0257,-0.8647,0,1,0,0.28286,3
0.5935,5.4429,2.1468,11.8509,0.0667,0.0855,-1.1856,0,1,0,0.33078,1
0.4781,5.0518,2.5287,12.2117,2.9380,0.0241,-1.2072,0,1,0,0.68134,3
0.3876,3.9973,2.6825,12.1254,-2.5944,0.0872,-0.9712,0,1,0,0.91406,1
0.4369,4.7208,2.6391,12.9662,2.1723,0.0111,-1.7816,1,2,0,1.58939,1
0.4521,4.8923,2.6094,12.7079,-2.3584,0.0343,-1.6293,0,1,0,1.39036,1
0.3760,3.9357,2.7224,11.9081,-2.4162,0.1227,-0.8149,0,1,0,0.20068,3
0.5455,5.1602,2.2760,12.0414,1.0966,0.0174,-1.1965,0,1,0,0.67011,1
0.3646,3.8262,2.7473,11.5969,2.6262,0.0792,-0.5032,0,1,0,0.31410,3
0.5885,5.5238,2.1779,12.3466,0.4439,0.0661,-1.7568,0,1,0,0.66695,1
0.5191,5.4323,2.4315,11.9657,0.8953,0.0228,-1.0602,0,1,0,0.35162,1
0.5689,5.1848,2.1930,12.1125,0.8107,0.0009,-1.3139,0,1,0,0.34723,1
0.3509,3.7828,2.8067,12.8713,-2.9741,0.0440,-1.3897,0,1,1,1.66746,1
0.5076,4.9295,2.3796,12.0814,2.2405,0.0065,-1.1271,0,1,0,0.64751,1
0.3573,3.8970,2.8090,12.0871,-2.3277,0.0608,-0.8302,0,1,0,0.24446,1
0.4076,4.0637,2.6053,12.2556,-2.3055,0.0192,-1.0394,0,1,1,0.63828,1
0.3794,4.0400,2.7364,12.5761,-3.0001,0.0195,-1.2210,0,1,0,0.99693,1
0.4760,5.1596,2.5612,11.7136,2.4854,0.0308,-0.7263,0,1,0,0.35293,3
0.4121,4.3056,2.6500,11.7413,2.6944,0.0176,-0.6176,0,1,0,0.33839,3
0.4678,4.9229,2.5459,11.9860,1.8775,0.0401,-0.9808,0,1,0,0.65716,3
0.4052,4.2054,2.6558,12.1867,2.5626,0.0297,-0.9898,0,1,0,0.85597,3
0.4248,4.1114,2.5392,12.6525,-2.0920,0.0106,-1.4327,0,1,1,1.20433,1
0.4396,4.5287,2.5795,12.1013,-2.4173,0.0038,-0.9694,0,1,0,0.56481,3
0.4641,4.6725,2.5051,12.4067,3.0041,0.0169,-1.3456,0,2,0,1.00234,1
0.4770,4.8318,2.4854,11.8536,-0.7158,0.0059,-0.8286,0,1,0,0.44919,1
0.4391,4.5443,2.5855,11.8493,-1.6382,0.0001,-0.7391,0,1,0,0.14465,1
0.6044,5.5561,2.1253,12.2647,0.4787,0.0652,-1.7019,0,1,0,0.80253,1
0.3952,4.2388,2.7142,11.6031,-2.3849,0.0375,-0.5033,0,1,0,0.28830,3
0.4674,4.8146,2.5232,11.5122,1.5358,0.0071,-0.4947,0,1,0,0.21916,3
0.4241,4.2926,2.5900,12.1250,2.1346,0.0181,-0.9700,0,1,0,0.77906,3
0.3983,4.3836,2.7390,12.7530,2.3382,0.0359,-1.4659,1,1,1,1.39239,1
0.4463,4.9253,2.6441,11.7745,2.5663,0.1221,-0.8410,0,1,0,0.34038,0
0.5274,5.4797,2.4063,12.0989,1.4271,0.0111,-1.2077,0,1,0,0.40537,3
0.4849,4.5413,2.3883,11.8473,0.6568,0.0493,-0.8942,0,1,0,0.27427,1
0.3984,4.1396,2.6705,12.6668,-2.8961,0.0355,-1.3896,0,1,0,0.21774,1
0.3579,3.8475,2.7900,11.5765,-2.4916,0.1321,-0.5411,0,0,0,0.00000,3
0.3723,4.0319,2.7709,12.3429,-2.8358,0.1115,-1.1406,0,1,0,0.93337,1
0.4895,5.3145,2.5345,12.2420,2.4444,0.0319,-1.2825,0,1,0,0.97449,3
0.4397,4.5244,2.5778,12.8724,-1.8116,0.0396,-1.7500,0,1,0,1.59607,1
0.4317,4.7187,2.6631,11.7882,-1.7579,0.0610,-0.7485,0,1,0,0.22567,1
0.3850,4.0323,2.7061,12.2438,1.7883,0.0087,-0.9529,0,1,1,0.85597,1
0.3419,3.7620,2.8496,11.8020,-2.7737,0.1059,-0.6465,0,1,0,0.22350,3
0.3662,3.9127,2.7665,12.9338,-1.9791,0.0269,-1.4751,0,2,2,2.65459,1
0.5106,5.0069,2.3833,12.7842,0.9915,0.0376,-1.9462,0,1,0,1.52388,1
0.5228,4.9299,2.3195,12.0864,1.6511,0.0113,-1.1778,0,1,0,0.73582,1
0.4291,4.1660,2.5344,11.8835,2.6763,0.0079,-0.7568,0,1,0,0.41020,3
0.4412,4.2144,2.4936,11.9142,1.6046,0.0267,-0.8339,0,1,0,0.45089,1
0.4093,4.4133,2.6924,11.8528,1.6022,0.0529,-0.7494,0,1,0,0.47614,1
0.5091,4.9533,2.3785,11.8389,-0.8578,0.0027,-0.8764,0,1,0,0.52239,3
0.3891,4.2356,2.7441,12.1525,2.5668,0.0538,-0.9520,0,1,0,0.57601,3
0.3921,4.0315,2.6706,12.8856,2.2331,0.0167,-1.5249,0,1,0,1.65846,1
0.4107,4.2615,2.6449,11.8538,3.1214,0.0476,-0.7461,0,1,0,0.35648,3
0.6134,5.6310,2.1045,12.2755,0.1551,0.0220,-1.6767,0,1,0,0.83779,1
0.4605,4.8254,2.5560,11.7095,2.3968,0.0449,-0.7111,0,1,0,0.24541,3
0.4027,4.1766,2.6602,12.6643,-1.4884,0.0071,-1.3585,0,2,0,0.50719,1
0.4373,4.7519,2.6448,12.4389,2.9482,0.0429,-1.3299,0,1,0,1.21326,3
0.4521,4.4230,2.4981,11.9908,-2.8216,0.0139,-0.9115,0,1,0,0.65784,1
0.3428,3.7389,2.8368,12.2975,-3.0447,0.1020,-1.0056,0,1,0,1.17036,3
0.4537,4.9596,2.6176,12.8677,-1.5622,0.0336,-1.7947,0,1,0,1.69883,1
0.5594,5.0731,2.2082,12.1977,-0.6611,0.0183,-1.4113,0,1,0,0.61202,1
0.4828,4.7364,2.4399,12.0678,0.8208,0.0121,-1.0578,0,1,0,0.63567,1
0.3937,4.0788,2.6761,13.0348,-2.1075,0.0109,-1.6527,1,1,0,0.42287,1
0.5107,5.0065,2.3825,12.2243,2.7243,0.0076,-1.2875,0,1,0,0.46009,1
0.4331,4.6306,2.6346,11.7614,1.8677,0.0254,-0.6832,0,1,0,0.28628,1
0.5744,5.5924,2.2416,12.1871,-0.6746,0.0103,-1.4350,0,2,0,0.85563,1
0.4956,5.3157,2.5083,12.7024,-1.1368,0.0047,-1.7451,0,1,0,1.02258,1
0.5236,5.0366,2.3374,11.6411,-0.8715,0.0441,-0.7540,0,1,0,0.22775,3
0.4360,4.1697,2.5048,12.0479,-0.7432,0.0187,-0.9309,0,1,0,0.50701,1
0.5001,4.6952,2.3610,12.1492,-0.3278,0.0114,-1.1826,0,1,0,0.59445,1
0.3638,4.0007,2.8067,13.1022,2.3992,0.0595,-1.6598,0,1,1,1.85632,1
0.3780,3.8894,2.6983,11.6985,2.9352,0.0505,-0.5654,0,1,0,0.19342,3
0.4035,4.1485,2.6484,12.4801,-3.0160,0.0380,-1.2483,0,1,0,1.30933,1
0.4070,4.4833,2.7226,13.0716,-2.9531,0.0879,-1.8806,0,2,1,1.66447,0
0.3765,3.9519,2.7248,12.8766,2.4971,0.0129,-1.4474,0,1,0,0.22761,1
0.3673,3.9224,2.7635,11.6966,2.2958,0.0246,-0.5150,0,1,0,0.36829,1
0.4301,4.3382,2.5747,11.8607,2.4412,0.0257,-0.7629,0,1,0,0.29415,3
0.4337,4.1571,2.5118,12.3270,2.0788,0.0115,-1.1660,0,1,1,0.97518,1
0.3383,3.6678,2.8382,12.9147,3.1224,0.1047,-1.4711,0,0,2,0.43349,1
0.4188,4.0845,2.5589,11.7643,-2.6527,0.0272,-0.6600,0,1,0,0.36087,1
0.4790,4.9257,2.4977,12.0294,-3.0772,0.0119,-1.0116,0,1,0,0.53641,3
0.4191,4.1495,2.5750,11.7750,-2.8629,0.0108,-0.6491,0,1,0,0.37359,3
0.4855,5.1672,2.5214,11.5254,2.1526,0.0837,-0.6261,0,1,0,0.21334,3
0.4184,4.0835,2.5607,12.0844,-2.2902,0.0131,-0.9126,0,1,1,0.73400,1
0.4473,4.6418,2.5722,11.9605,-2.3733,0.0066,-0.8646,0,1,0,0.75989,3
0.3956,4.0838,2.6681,11.7487,2.6993,0.0479,-0.6316,0,1,0,0.38190,3
0.4222,4.2556,2.5892,11.6103,2.2095,0.0705,-0.5899,0,1,0,0.24950,3
0.5409,4.9248,2.2496,11.7579,-1.2524,0.0355,-0.8979,0,1,0,0.40700,1
0.3820,3.9199,2.6875,12.0157,-2.6800,0.0716,-0.8476,0,1,0,0.43659,3
0.4154,4.0677,2.5698,12.8595,1.1040,0.0152,-1.5945,0,1,1,1.54400,1
0.3752,4.0806,2.7705,11.9316,2.6463,0.0993,-0.8013,0,1,0,0.72347,3
0.4392,4.8467,2.6589,11.9624,2.6170,0.0700,-0.9316,0,1,0,0.67694,2
0.5147,4.7177,2.3085,11.5897,-1.1562,0.0130,-0.6456,0,1,0,0.14516,3
0.3986,4.2935,2.7127,12.2964,2.7428,0.0187,-1.0491,0,1,0,0.93485,3
0.3571,3.8230,2.7860,12.3553,-2.4142,0.0625,-1.0363,0,1,1,0.98339,3
0.4916,4.8918,2.4371,12.4765,-2.3287,0.0266,-1.5222,0,1,2,1.32087,1
0.4054,4.1376,2.6363,12.1156,2.3269,0.0600,-0.9712,0,2,0,0.67187,3
0.4084,4.2384,2.6497,11.8100,-2.2854,0.0140,-0.6625,0,1,0,0.41485,3
0.4125,4.2789,2.6412,12.3372,-2.7396,0.0531,-1.1735,0,1,1,0.61708,1
0.4173,4.3741,2.6434,12.2749,2.7216,0.0632,-1.1470,0,1,1,0.79918,1
0.4282,4.1988,2.5472,11.9845,-2.6651,0.0400,-0.8855,0,1,0,0.48988,1
0.3589,3.9555,2.8190,11.8119,-2.7992,0.0670,-0.6370,0,1,0,0.29204,2
0.4180,4.3987,2.6467,11.9551,1.4631,0.0414,-0.8396,0,1,0,0.37361,1
0.4914,4.4698,2.3465,11.9185,0.0073,0.0543,-0.9856,1,1,0,0.62440,1
0.3685,3.9846,2.7765,12.4259,-2.7057,0.0369,-1.0897,0,1,0,1.19912,3
0.3559,3.7882,2.7817,12.2017,-2.1955,0.0327,-0.8750,0,1,0,0.88344,1
0.4717,4.8415,2.5107,12.0681,-2.8066,0.0246,-1.0483,0,1,0,0.77191,1
0.4458,4.5126,2.5475,11.5839,-2.6062,0.0076,-0.5271,0,1,0,0.35942,3
0.3893,4.0054,2.6767,11.6818,-1.8073,0.0202,-0.5340,0,1,0,0.14511,1
0.5684,5.4784,2.2450,11.6338,-0.5509,0.0802,-0.8729,0,1,0,0.32577,1
0.4032,4.1545,2.6514,11.6597,2.8473,0.0122,-0.5295,0,1,0,0.19048,3
0.4707,4.3785,2.4090,11.8733,-1.6347,0.0185,-0.8481,0,1,0,0.44307,1
0.3764,4.1499,2.7849,11.7909,2.7756,0.0154,-0.5902,0,1,0,0.15256,0
0.4111,4.2111,2.6294,12.0566,-2.1872,0.0453,-0.9152,0,1,0,0.76815,3
0.5572,5.8346,2.3487,12.9632,2.2143,0.0004,-2.2972,0,1,1,1.41558,1
0.5392,5.3083,2.3274,11.8127,-0.1104,0.0418,-0.9647,0,1,0,0.24111,1
0.4166,4.2432,2.6119,11.5301,2.9155,0.0378,-0.4754,0,1,0,0.23934,3
0.6299,6.1950,2.1261,11.6843,-1.0362,0.0100,-0.9610,0,1,0,0.25068,1
0.4909,4.9190,2.4457,11.8634,2.5140,0.0254,-0.8929,0,1,0,0.22901,1
0.4118,4.5121,2.7064,12.6597,2.4974,0.1103,-1.5485,0,1,1,1.11400,1
0.5736,5.4756,2.2251,12.0718,1.3865,0.0012,-1.2828,0,1,0,0.48137,1
0.4174,4.4029,2.6508,12.8254,-2.4649,0.0372,-1.6089,0,1,0,1.73147,1
0.5696,5.6809,2.2743,11.9189,-0.7834,0.0556,-1.1722,0,2,0,0.45648,1
0.4179,4.1309,2.5758,11.7856,-2.1737,0.0141,-0.6596,0,1,0,0.47532,3
0.5260,5.4633,2.4090,11.6658,1.1498,0.0291,-0.7672,0,1,0,0.23062,3
0.5388,5.2854,2.3247,12.7781,0.4122,0.0288,-2.0401,0,0,2,0.59183,1
0.4520,4.4991,2.5171,12.7664,2.4853,0.0322,-1.6818,0,1,0,1.51187,1
0.4734,4.8981,2.5156,11.8655,2.9145,0.0208,-0.8523,0,1,0,0.37579,3
0.4743,4.8462,2.5002,12.9971,2.0096,0.0056,-1.9674,0,1,0,1.73749,1
0.4611,4.3178,2.4347,11.7122,-0.7383,0.0286,-0.6920,0,1,0,0.23319,1
0.4855,4.7096,2.4229,11.9207,-0.7416,0.0413,-0.9581,0,1,0,0.47575,1
0.4390,4.4690,2.5674,12.2249,1.3563,0.0015,-1.0761,0,1,1,1.00996,1
0.3832,4.1040,2.7363,11.8407,-2.0530,0.0248,-0.6523,0,1,0,0.19425,1
0.3759,3.9352,2.7231,11.8337,-2.7769,0.0117,-0.6163,0,1,0,0.23882,1
0.4833,5.0440,2.5046,11.9615,1.8693,0.0104,-0.9541,0,1,0,0.43963,3
0.3665,3.9908,2.7890,13.2792,2.6321,0.0165,-1.7456,1,2,0,1.38930,1
0.4564,4.7087,2.5471,12.1447,2.3680,0.0632,-1.1357,0,1,1,0.87602,1
0.5143,4.7846,2.3234,12.5216,-0.0400,0.0301,-1.6528,1,2,1,1.27747,1
0.4368,4.5649,2.6012,11.7583,1.6958,0.0455,-0.7122,0,1,0,0.34436,3
0.3735,4.0833,2.7802,13.2250,-3.0361,0.0956,-1.8782,0,1,2,1.87908,1
0.4426,4.4830,2.5547,11.9722,-2.5946,0.0712,-0.9497,0,1,0,0.32816,1
0.3878,4.2333,2.7501,13.1864,-2.8976,0.0340,-1.8013,1,2,0,1.34236,1
0.3594,3.8266,2.7751,12.7946,2.6266,0.0318,-1.3431,0,1,4,1.58332,1
0.3700,3.8705,2.7333,12.3527,-3.1008,0.0825,-1.1012,0,1,1,0.77346,1
0.4406,4.3405,2.5282,11.9065,1.4879,0.0119,-0.8068,0,1,0,0.16560,3
0.4374,4.5484,2.5943,12.2482,-2.4595,0.0614,-1.1781,0,1,0,0.77630,1
0.4115,4.2249,2.6313,12.2389,-2.9412,0.0768,-1.1177,0,1,0,0.88570,1
0.4210,4.2806,2.6016,11.7789,-2.1974,0.0160,-0.6628,0,1,0,0.27089,3
0.5058,4.9106,2.3831,11.9617,-0.7845,0.0315,-1.0333,0,1,0,0.62065,1
0.4023,4.0038,2.6133,12.0565,1.3325,0.0159,-0.8540,0,1,1,0.50314,1
0.3990,4.0867,2.6526,12.3592,3.0692,0.0610,-1.1634,0,0,0,0.00000,1
0.4151,4.3211,2.6399,12.1799,2.3669,0.0311,-1.0125,0,1,0,0.75394,3
0.4042,4.3374,2.6970,12.7716,2.3332,0.0199,-1.4796,1,2,0,1.55001,1
0.5050,5.0747,2.4198,11.6992,-1.0049,0.0111,-0.7391,0,1,0,0.37506,3
0.4371,4.5704,2.6012,12.0382,2.9359,0.0173,-0.9251,0,0,0,0.00000,3
0.4124,4.0739,2.5857,11.7980,-2.9666,0.0012,-0.6432,0,0,2,0.30954,3
0.3672,4.0154,2.7927,12.1740,-2.8106,0.1783,-1.0798,0,1,0,0.87814,1
0.4802,5.2946,2.5714,11.8873,2.1183,0.0309,-0.9026,0,1,0,0.45598,2
0.4609,4.4002,2.4548,12.0772,0.8796,0.0267,-1.0307,0,1,1,0.49829,1
0.4023,4.3091,2.6985,12.0392,3.0452,0.0887,-0.9371,0,1,0,0.77130,1
0.3443,3.7101,2.8191,11.9073,2.2107,0.0364,-0.6392,0,1,0,0.49916,1
0.4379,4.2826,2.5256,12.2787,-1.7514,0.0249,-1.1544,0,1,1,0.46690,1
0.5060,5.4429,2.4888,11.8429,-0.0072,0.0058,-0.8814,0,1,0,0.24858,1
0.3994,4.2366,2.6930,11.9140,3.0445,0.0259,-0.7448,0,1,1,0.49220,3
0.3438,3.7876,2.8480,13.1237,3.1200,0.0334,-1.5401,0,2,2,1.62923,0
0.4195,4.2304,2.5949,11.7295,1.2869,0.0332,-0.6399,0,1,0,0.15616,1
0.3413,3.6843,2.8270,12.0618,2.7372,0.1255,-0.8582,0,1,1,0.58199,3
0.4720,4.4741,2.4262,11.6942,0.4076,0.0128,-0.6750,0,1,0,0.33599,3
0.3570,3.8626,2.7995,11.9282,3.0812,0.0118,-0.6492,0,1,0,0.44512,1
0.3934,4.2918,2.7384,12.3345,2.9143,0.1399,-1.2364,0,1,0,1.16091,1
0.3771,3.9211,2.7125,11.7761,-2.4544,0.0248,-0.5911,0,1,0,0.24953,3
0.3986,4.0962,2.6570,11.8645,2.1116,0.0060,-0.6774,0,1,0,0.57157,1
0.3889,3.9705,2.6684,12.2451,-2.4153,0.0224,-0.9836,0,1,0,0.82683,1
0.5114,5.2030,2.4188,11.6062,-0.8418,0.0007,-0.6447,0,0,0,0.00000,3
0.3729,3.8852,2.7229,11.8994,-2.7476,0.1157,-0.7926,0,1,0,0.47516,1
0.3866,4.2435,2.7595,11.8294,2.7174,0.0722,-0.7095,0,1,0,0.51294,3
0.4051,4.1567,2.6430,11.8745,2.4900,0.0334,-0.7335,0,1,0,0.23694,3
0.4092,4.3153,2.6666,11.5423,1.7026,0.0005,-0.4311,0,1,0,0.23664,1
0.4598,5.0554,2.6116,12.0234,-1.8386,0.0329,-0.9885,0,1,0,0.48110,1
0.4380,4.4951,2.5782,12.1275,-2.6463,0.0519,-1.0549,0,1,0,0.50698,1
0.3606,3.7999,2.7600,12.1036,-2.8593,0.0320,-0.8126,0,1,0,0.16681,3
0.4687,4.3104,2.4014,11.9570,0.6069,0.0554,-0.9732,0,1,0,0.49097,1
0.5336,4.8338,2.2595,12.4404,-1.6246,0.0011,-1.5800,0,1,1,0.93386,1
0.4328,4.2067,2.5284,11.7185,2.1445,0.0283,-0.6476,0,1,0,0.32057,3
0.4862,5.0981,2.5036,11.7423,2.5104,0.0358,-0.7787,0,1,0,0.27763,3
0.4917,4.4917,2.3502,12.1654,0.0407,0.0109,-1.1744,0,0,2,0.33291,1
0.4084,4.5061,2.7218,12.0504,-2.9253,0.0526,-0.9137,0,1,0,0.65735,2
0.5187,5.4071,2.4286,12.8038,1.9037,0.0125,-1.9613,0,1,1,1.27795,1
0.3816,4.1184,2.7483,12.4928,2.4943,0.0272,-1.1716,1,2,0,1.21862,1
0.4544,4.8181,2.5816,11.9184,-1.1263,0.0081,-0.8447,0,1,0,0.53172,1
0.3507,3.7829,2.8079,11.6634,2.3019,0.0241,-0.4644,0,1,0,0.21950,1
0.4543,4.5942,2.5295,11.9600,1.4614,0.0039,-0.8759,0,1,0,0.43928,3
0.3921,4.1985,2.7184,11.9012,3.1002,0.0889,-0.7996,0,1,0,0.20180,3
0.4353,4.2459,2.5276,11.5917,1.2513,0.0069,-0.5162,0,1,0,0.27945,3
0.4348,4.1675,2.5093,11.8040,0.3476,0.0039,-0.6940,0,1,0,0.46609,1
0.5504,5.2627,2.2757,11.9582,-1.4225,0.0435,-1.1527,0,1,1,0.56492,1
0.4910,5.0926,2.4820,12.0016,1.9831,0.0240,-1.0300,0,1,0,0.34326,3
0.4520,4.8631,2.6032,11.9174,-2.5397,0.0308,-0.8682,0,1,0,0.64984,3
0.5274,5.2555,2.3645,11.7141,-1.1289,0.0691,-0.8705,0,1,0,0.16206,3
0.3572,3.8387,2.7909,12.9814,2.5342,0.0100,-1.4472,0,1,0,1.88083,1
0.3438,3.7862,2.8475,12.7179,-3.0593,0.0595,-1.2662,0,1,0,1.20287,0
0.4163,4.0781,2.5685,11.9714,-1.1763,0.0050,-0.8005,0,1,0,0.34890,1
0.4231,4.3936,2.6214,12.5793,-1.3976,0.0313,-1.3936,0,1,1,1.04878,1
0.4801,4.6881,2.4408,11.9891,-2.1312,0.0123,-0.9737,0,1,0,0.62699,1
0.3528,3.8729,2.8260,12.9894,2.8243,0.1308,-1.6365,0,1,1,1.88766,1
0.4458,4.7529,2.6054,12.2164,2.3086,0.0409,-1.1438,0,1,0,0.85059,3
0.4182,4.4381,2.6559,11.8417,-3.0574,0.0220,-0.7187,0,1,0,0.36136,3
0.3491,3.7869,2.8183,12.3875,-2.5765,0.0708,-1.0483,0,1,0,1.02194,3
0.4667,4.4016,2.4313,11.7504,-1.6862,0.0037,-0.7058,0,1,0,0.24990,3
0.5274,5.3881,2.3895,12.3158,1.2650,0.0187,-1.4550,0,1,1,0.81142,1
0.3605,3.8429,2.7745,13.1821,2.8961,0.0645,-1.7228,0,1,0,1.93507,1
0.4396,4.5134,2.5754,11.8275,1.8810,0.0063,-0.7287,0,1,0,0.50216,3
0.4494,4.2887,2.4768,11.8875,-0.3924,0.0208,-0.8196,0,1,0,0.43063,1
0.4288,4.6741,2.6657,11.9357,2.9647,0.1302,-0.9621,0,1,0,0.24734,1
0.4238,4.1683,2.5587,12.2933,-1.4914,0.0202,-1.1200,0,1,1,0.99928,1
0.4261,4.3155,2.5872,12.6376,2.1576,0.0282,-1.4530,0,1,0,1.38389,1
0.6069,5.7141,2.1405,12.1674,0.1620,0.0872,-1.6191,0,1,0,0.74761,1
0.4410,4.8328,2.6469,12.3759,-2.9860,0.0769,-1.3313,0,1,0,0.84662,1
0.4866,4.7908,2.4362,12.8245,1.9689,0.0054,-1.8356,0,1,0,0.70118,1
0.4592,4.4026,2.4626,11.6798,-1.6145,0.0270,-0.6575,0,1,0,0.34105,3
0.5745,5.3927,2.2078,11.8636,-1.1651,0.0394,-1.0948,0,1,0,0.38488,1
0.4712,5.1187,2.5738,11.9210,-2.8890,0.0301,-0.9139,0,1,0,0.63449,3
0.4552,4.5344,2.5115,11.9858,0.5361,0.0152,-0.9163,0,1,0,0.46980,1
0.5704,5.5157,2.2436,11.9219,-1.8724,0.0008,-1.1015,0,1,0,0.40544,1
0.4429,4.5431,2.5682,12.1966,3.0557,0.0193,-1.0862,0,1,0,0.51310,3
0.4410,4.4830,2.5617,12.0500,2.9710,0.0109,-0.9360,0,1,0,0.61104,3
0.3942,4.2645,2.7267,12.8101,2.9025,0.0798,-1.5702,0,1,1,1.47569,1
0.3458,3.7294,2.8173,12.3480,-2.3544,0.1061,-1.0583,0,1,0,1.20787,3
0.4134,4.3814,2.6640,11.7503,2.4253,0.0412,-0.6568,0,1,0,0.34248,3
0.3873,4.2401,2.7549,11.9949,2.7332,0.1587,-0.9557,0,1,0,0.38511,1
0.3573,3.8013,2.7783,11.8977,2.8873,0.0989,-0.7377,0,1,0,0.28830,3
0.4626,4.8848,2.5604,11.9701,2.3640,0.0042,-0.9061,0,1,0,0.59707,3
0.4813,4.8723,2.4761,12.1812,-2.9877,0.0138,-1.1698,1,1,0,0.41698,1
0.4533,4.5055,2.5126,12.2447,-1.1124,0.0424,-1.1930,0,1,1,0.86090,1
0.3908,4.1938,2.7238,12.5798,-2.7160,0.0957,-1.3784,0,1,0,1.32387,1
0.4302,4.1851,2.5344,12.2984,-2.0688,0.0144,-1.1347,0,1,0,0.95241,1
0.5023,5.2273,2.4619,11.9440,0.6430,0.0072,-0.9765,0,1,0,0.20185,1
0.3953,4.1507,2.6886,11.7452,2.9413,0.1000,-0.6930,0,1,0,0.16959,1
0.3573,3.8970,2.8090,13.0941,-2.8072,0.0883,-1.6737,1,2,0,2.10121,1
0.4258,4.5373,2.6456,12.3345,-2.6724,0.0117,-1.1525,0,1,1,0.67675,3
0.4393,4.3195,2.5283,12.4377,-1.3198,0.0232,-1.3042,0,1,1,0.76135,1
0.3524,3.8444,2.8189,12.5357,2.8918,0.1051,-1.2231,0,1,1,1.19791,1
0.3651,3.9505,2.7840,12.7711,2.8394,0.1015,-1.4563,0,1,0,1.44253,1
0.4128,4.2102,2.6210,12.1278,1.5362,0.0086,-0.9305,0,1,1,0.72183,1
0.4451,4.8917,2.6417,12.1399,3.0412,0.0203,-1.0431,0,1,0,0.78809,3
0.3742,4.0908,2.7789,11.6782,-2.8014,0.0839,-0.5842,0,1,0,0.27889,3
0.4363,4.5381,2.5967,12.9628,-2.6291,0.0046,-1.7633,0,1,1,1.79025,1
0.3622,3.8285,2.7609,11.8793,-2.4370,0.0368,-0.6553,0,1,0,0.60209,3
0.3423,3.7287,2.8364,13.3172,-3.0172,0.0154,-1.6537,0,1,1,1.87546,1
0.4887,5.2405,2.5228,12.9133,-1.7091,0.0201,-1.9692,0,2,1,1.13908,1
0.3951,4.3407,2.7435,11.8657,2.9285,0.0569,-0.7363,0,1,0,0.50599,3
0.6508,6.0463,2.0309,12.4874,0.2365,0.0860,-2.1949,0,1,0,0.96843,1
0.4691,4.3319,2.4050,11.8451,-2.3730,0.0080,-0.8038,0,1,0,0.32126,1
0.5190,4.7288,2.2940,11.8699,0.6719,0.0900,-1.0455,0,1,0,0.44965,1
0.3355,3.6804,2.8583,11.9168,-2.2745,0.0596,-0.6573,0,1,0,0.52214,1
0.5001,4.8516,2.3937,12.3513,-0.1736,0.0218,-1.4100,0,1,0,1.15808,1
0.3511,3.8205,2.8179,11.8427,-2.7386,0.0242,-0.5917,0,1,0,0.40386,1
0.4335,4.2348,2.5325,11.8489,2.6680,0.0491,-0.7894,0,1,0,0.54889,1
0.4574,4.3410,2.4557,11.7882,-0.0714,0.0059,-0.7258,0,1,0,0.21305,3
0.3935,3.9613,2.6430,12.3526,-2.5723,0.0778,-1.1657,0,1,0,1.08918,1
0.4847,4.7239,2.4296,12.4695,-1.6407,0.0116,-1.4673,0,1,1,0.88484,1
0.4332,4.7292,2.6585,11.9699,2.4790,0.0623,-0.9147,0,1,0,0.20704,3
0.4251,4.3973,2.6128,11.6769,-2.6808,0.0550,-0.6324,0,1,0,0.37773,3
0.4263,4.3130,2.5853,12.2153,-2.9213,0.0331,-1.0767,0,1,0,1.02192,1
0.3796,3.9364,2.7044,12.6239,-2.8455,0.0539,-1.3137,0,1,1,1.12443,1
0.4311,4.1795,2.5291,11.9894,-1.3952,0.0042,-0.8482,0,1,0,0.46913,1
0.4612,4.4729,2.4712,11.9648,-0.6213,0.0133,-0.9074,0,1,0,0.48369,1
0.3910,4.2322,2.7334,12.0749,-2.7284,0.1431,-1.0117,0,1,0,0.71607,1
0.5398,5.3226,2.3277,11.6690,-1.1152,0.0294,-0.7947,0,1,0,0.23701,3
0.3783,4.0945,2.7587,11.8716,-3.0822,0.0530,-0.7022,0,1,0,0.47677,3
0.5370,4.9360,2.2662,12.1248,0.9219,0.0525,-1.3165,0,1,0,0.74592,1
0.3834,4.0106,2.7076,12.2399,-2.8207,0.0499,-1.0026,0,1,1,0.74130,3
0.4299,4.4085,2.5936,12.1929,1.4621,0.0193,-1.0473,0,2,0,0.77755,1
0.5341,4.9964,2.2889,12.0882,-0.0859,0.0455,-1.2581,0,1,0,0.26634,1
0.3900,4.1664,2.7198,12.1968,-3.0856,0.0866,-1.0356,0,1,0,0.81398,1
0.4699,4.4957,2.4397,12.0267,2.2725,0.0264,-1.0044,0,1,0,0.63776,1
0.4419,4.6170,2.5906,12.4656,2.6123,0.0738,-1.4161,0,1,1,0.96904,1
0.4746,5.2153,2.5797,11.7402,2.4689,0.0400,-0.7606,0,1,0,0.48438,3
0.4493,4.8258,2.6066,11.9435,2.0703,0.0043,-0.8518,0,1,1,0.47009,1
0.4778,4.3792,2.3806,11.7083,1.1029,0.0074,-0.6908,0,1,0,0.30142,1
0.4718,4.6219,2.4607,11.9422,0.9490,0.0400,-0.9463,0,1,0,0.59598,1
0.6660,6.3453,2.0155,12.1499,0.0392,0.0514,-1.7189,0,1,0,0.40449,1
0.4761,4.6094,2.4398,12.2461,-2.7053,0.0062,-1.2068,0,1,1,0.40537,1
0.4831,4.4257,2.3696,11.9191,1.8380,0.0247,-0.9273,0,1,0,0.18671,1
0.4022,4.3131,2.7001,11.7875,2.9385,0.0835,-0.7196,0,1,0,0.26960,3
0.4507,4.2624,2.4650,11.5211,0.7691,0.0221,-0.4955,0,1,0,0.21124,1
0.3456,3.7920,2.8392,11.7759,-2.7395,0.2703,-0.8361,0,1,0,0.25865,1
0.4955,4.7715,2.3954,12.5103,-1.6301,0.0235,-1.5654,0,1,1,1.24986,1
0.4472,4.2673,2.4812,11.8773,1.8637,0.0027,-0.7818,0,1,0,0.34559,1
0.4274,4.1466,2.5370,11.6326,-1.4423,0.0448,-0.5851,0,1,0,0.46046,3
0.4415,4.1885,2.4858,12.0603,-0.3908,0.0034,-0.9342,0,1,0,0.23958,1
0.5165,5.1930,2.3960,11.8536,2.6647,0.0292,-0.9435,0,1,0,0.58841,1
0.3355,3.6461,2.8463,11.9616,2.5218,0.0793,-0.7135,0,1,0,0.66709,3
0.3952,4.2594,2.7202,13.0579,2.1929,0.0053,-1.6708,0,1,1,1.70087,1
0.3865,3.9628,2.6779,12.0728,3.1211,0.0522,-0.8783,0,1,0,0.72160,3
0.6185,5.9944,2.1396,12.2274,0.2744,0.0322,-1.6500,0,1,0,0.66294,1
0.4774,4.4494,2.3981,11.9377,-0.0985,0.0245,-0.9327,0,1,0,0.38613,1
0.4134,4.3967,2.6683,11.9850,-2.4516,0.0107,-0.8147,0,1,0,0.54540,1
0.5371,4.9797,2.2742,12.2222,-0.4595,0.0779,-1.4649,0,1,0,0.39876,1
0.4620,4.6413,2.5068,11.9492,-2.4227,0.0364,-0.9265,0,1,0,0.35487,1
0.3426,3.7432,2.8394,12.4205,-3.0392,0.1438,-1.1573,0,1,1,0.93472,1
0.5426,5.7217,2.3881,12.4672,2.1003,0.0357,-1.7045,0,1,0,0.78823,1
0.4978,4.5468,2.3383,12.3235,0.1129,0.0101,-1.3533,0,1,1,0.86522,1
0.4167,4.5462,2.6917,12.1926,-2.6916,0.0650,-1.0747,0,1,0,0.92156,3
0.4764,4.9112,2.5057,11.8859,1.4233,0.0213,-0.8788,0,1,0,0.51686,3
0.5221,5.3627,2.4061,11.9150,2.6783,0.0369,-1.0316,0,1,0,0.22077,1
0.3715,3.9975,2.7647,12.0424,-2.5342,0.0922,-0.8710,0,1,0,0.72190,3
0.3961,4.3112,2.7302,12.8804,2.0599,0.0572,-1.6042,1,1,0,1.19651,1
0.3804,4.1970,2.7781,12.6779,2.0529,0.0230,-1.3138,0,1,1,1.38001,0
0.4590,4.9496,2.5910,11.8427,-2.4984,0.0611,-0.8529,0,1,0,0.21270,3
0.5771,5.5125,2.2182,12.2920,-0.0404,0.0433,-1.6177,0,1,0,0.98765,1
0.4793,4.8805,2.4864,12.4197,-1.9477,0.0407,-1.4443,0,1,0,0.92178,1
0.3772,4.0696,2.7567,11.8754,-2.1941,0.0470,-0.6954,0,1,0,0.60050,1
0.4621,4.4048,2.4509,11.9593,-2.8785,0.0073,-0.8959,0,1,0,0.38157,1
0.5088,5.2339,2.4360,12.8824,-2.9721,0.0043,-1.9930,0,1,1,0.92765,1
0.4390,4.4063,2.5515,11.8673,-2.7358,0.0211,-0.7811,0,1,0,0.15821,3
0.4303,4.4277,2.5968,11.6841,-2.6588,0.0903,-0.6909,0,1,0,0.19789,1
0.3498,3.8027,2.8196,12.6512,-2.4040,0.0728,-1.2570,0,1,1,1.42722,1
0.3791,3.9423,2.7086,12.6771,2.1021,0.0185,-1.3011,0,1,2,1.68101,1
0.3608,3.9121,2.7947,12.3435,-2.8489,0.0984,-1.0884,0,1,1,1.03188,3
0.3428,3.7438,2.8386,13.1915,3.0502,0.0852,-1.6820,0,1,1,1.68254,1
0.4193,4.6180,2.6972,12.6387,2.3257,0.0158,-1.4118,0,1,0,1.21545,0
0.5548,5.0590,2.2225,11.9628,0.6035,0.0366,-1.1572,0,1,0,0.46360,1
0.4640,4.8875,2.5547,11.7318,-2.2158,0.0279,-0.7170,0,1,0,0.34951,3
0.3604,3.8694,2.7835,12.0548,-3.0611,0.0762,-0.8335,0,1,0,0.85179,3
0.3603,3.8726,2.7850,13.1972,-3.0555,0.0163,-1.6468,0,1,1,2.03260,1
0.4346,4.4236,2.5757,12.0914,2.3397,0.0830,-1.0557,0,1,0,0.69284,1
0.3967,4.2766,2.7174,11.6700,1.7138,0.0458,-0.5686,0,1,0,0.19798,1
0.3693,3.9072,2.7482,11.6929,-2.4604,0.0539,-0.5512,0,1,0,0.29466,3
0.5436,5.7431,2.3881,12.1121,-3.0348,0.0094,-1.2645,0,1,0,0.68698,3
0.3897,4.0488,2.6871,12.8787,-2.4422,0.0593,-1.5810,0,2,0,1.30088,1
0.4833,4.7799,2.4475,12.0025,0.8578,0.0125,-0.9952,0,1,0,0.63932,3
0.4060,4.3145,2.6821,11.8246,-1.9497,0.0288,-0.6888,0,1,0,0.49374,1
0.5172,5.3911,2.4315,12.0716,2.6832,0.0025,-1.1396,0,1,0,0.52107,3
0.4334,4.5798,2.6208,11.5364,-2.8034,0.0496,-0.5187,0,1,0,0.15044,3
0.4993,5.4909,2.5273,12.2745,1.2152,0.0278,-1.3401,0,1,0,0.70829,1
0.3634,3.8900,2.7739,12.8870,-2.2022,0.0096,-1.3971,0,1,0,1.61227,1
0.5341,5.1699,2.3216,11.7312,-0.4453,0.0548,-0.8829,0,1,0,0.44087,1
0.4105,4.3225,2.6621,11.5807,1.8947,0.0266,-0.4950,0,1,0,0.32726,1
0.4700,5.0920,2.5735,12.3866,-1.5784,0.0350,-1.3735,0,1,0,0.92765,1
0.4210,4.1206,2.5586,12.0518,-2.5817,0.0282,-0.9115,0,1,0,0.51323,1
0.3543,3.8070,2.7963,11.9192,2.6422,0.0645,-0.7036,0,1,0,0.59972,3
0.4234,4.4445,2.6331,12.4580,2.2705,0.0113,-1.2547,0,1,0,1.10710,1
0.4006,4.0404,2.6315,12.3246,-3.0250,0.0211,-1.0810,0,1,0,1.10665,1
0.3543,3.8565,2.8123,12.2650,2.0737,0.0472,-0.9380,0,2,0,0.90212,1
0.3575,3.9062,2.8109,12.1231,2.4273,0.0506,-0.8442,0,1,0,0.59523,1
0.4219,4.6011,2.6805,13.1252,-2.4987,0.0626,-1.9581,0,1,1,1.90317,1
0.4202,4.5622,2.6789,13.2795,2.3787,0.0164,-2.0151,0,1,1,2.01880,1
0.4314,4.6794,2.6549,11.8625,2.7008,0.0514,-0.8012,0,1,0,0.52080,3
0.4033,4.3292,2.6991,13.1780,2.2848,0.0187,-1.8407,1,2,0,1.66193,1
0.3654,3.8471,2.7497,12.8450,2.9387,0.0397,-1.4205,0,0,1,1.46592,1
0.4010,4.0326,2.6277,11.8593,-2.5500,0.0122,-0.6854,0,1,0,0.50481,3
0.3674,4.0265,2.7954,11.6700,-2.6204,0.0936,-0.5787,0,1,0,0.34937,3
0.4829,4.4849,2.3839,12.3901,-0.7057,0.0131,-1.3805,0,1,1,0.88288,1
0.4271,4.6358,2.6641,11.7599,1.8168,0.0345,-0.6823,0,1,0,0.31244,1
0.3436,3.7342,2.8311,13.1525,-2.9070,0.0699,-1.6267,0,1,1,2.06624,1
0.3496,3.8459,2.8346,12.2997,2.4663,0.0548,-0.9614,0,1,0,0.54200,1
0.4939,5.4035,2.5332,11.7463,-2.0311,0.0173,-0.7752,0,1,0,0.23779,3
0.3908,3.9942,2.6659,11.6028,-1.4927,0.0264,-0.4827,0,1,0,0.27392,1
0.4082,4.0513,2.5987,11.9363,-2.7082,0.0534,-0.8172,0,1,0,0.22033,1
0.3946,4.3107,2.7377,12.1618,-3.0401,0.0672,-0.9920,0,1,0,0.60698,3
0.3550,3.8924,2.8199,11.7659,-3.0911,0.1456,-0.6925,0,1,0,0.35765,3
0.3755,3.9395,2.7262,12.7137,-2.4428,0.0738,-1.4052,0,1,0,1.51383,1
0.4553,4.5836,2.5227,12.2270,2.1132,0.0291,-1.1629,0,1,0,0.92335,1
0.4629,4.5692,2.4862,11.7779,1.1961,0.0211,-0.7478,0,1,0,0.30060,3
0.4480,4.4534,2.5233,12.2532,-1.8893,0.0439,-1.1879,0,1,0,0.81785,1
0.3914,3.9681,2.6555,12.6182,1.6200,0.0124,-1.2859,0,2,0,1.33373,1
0.4524,4.3122,2.4697,12.0893,-2.5418,0.0259,-1.0195,0,1,0,0.37501,1
0.5371,5.4667,2.3646,12.0732,0.5857,0.0155,-1.2106,0,1,0,0.66566,1
0.4030,4.2524,2.6795,12.2948,2.0933,0.0186,-1.0601,0,1,0,0.39011,1
0.5493,5.1785,2.2650,12.4171,0.6331,0.0036,-1.6128,0,0,0,0.00000,1
0.4395,4.3077,2.5248,12.5510,-2.5098,0.0291,-1.4206,0,1,1,0.97665,1
0.3885,3.9463,2.6632,12.8727,2.0450,0.0047,-1.4785,0,2,0,1.17459,1
0.3985,4.2786,2.7089,11.7920,3.0522,0.0019,-0.6148,0,1,0,0.23088,1
0.4200,4.2847,2.6071,11.6789,2.8879,0.0515,-0.6210,0,1,0,0.17776,1
0.3478,3.8087,2.8322,13.1900,2.8655,0.1023,-1.7352,0,1,1,1.70491,1
0.4343,4.4617,2.5868,11.7880,0.0175,0.0003,-0.6762,0,0,0,0.00000,1
0.4764,5.0116,2.5277,12.0887,-2.0604,0.0154,-1.0686,0,1,1,0.58192,3
0.5034,5.4411,2.4995,11.8388,0.0025,0.0029,-0.8682,0,1,0,0.40160,1
0.5433,5.5183,2.3494,12.4527,0.5105,0.0089,-1.6468,0,1,1,1.13744,1
0.4967,5.1638,2.4725,11.7180,1.0932,0.0166,-0.7503,0,1,0,0.32432,1
0.4468,4.5894,2.5617,11.9016,0.7837,0.0119,-0.8170,0,1,0,0.28586,1
0.3643,3.9032,2.7734,11.7950,3.1275,0.0437,-0.6057,0,1,0,0.45651,3
0.3806,4.1828,2.7729,12.7205,-2.7387,0.0298,-1.3605,0,1,1,1.61648,1
0.4202,4.3021,2.6107,11.8148,-1.3659,0.0306,-0.7103,0,1,0,0.37235,1
0.3665,3.9272,2.7694,11.8361,-2.9739,0.0948,-0.7041,0,1,0,0.35761,3
0.4127,4.4972,2.6983,11.9016,2.7478,0.0302,-0.7686,0,1,0,0.50442,3
0.4292,4.2219,2.5485,12.8053,-1.7760,0.0025,-1.5781,0,1,1,1.44673,1
0.4739,4.7508,2.4808,11.7635,-1.2006,0.0557,-0.7999,0,1,0,0.25628,1
0.4152,4.1901,2.6042,11.7935,2.0604,0.0240,-0.6741,0,1,0,0.43626,3
0.4534,4.6159,2.5388,11.5197,2.5576,0.0048,-0.4785,0,1,0,0.20350,3
0.3489,3.8024,2.8244,13.1760,-2.2340,0.0454,-1.6272,0,1,2,1.49427,1
0.3687,3.9632,2.7686,12.5035,2.4505,0.0083,-1.1103,0,1,1,1.13883,1
0.3788,3.9832,2.7225,12.0100,-2.9694,0.0171,-0.7645,0,1,0,0.63629,3
0.3663,3.9615,2.7812,11.7218,2.7431,0.0769,-0.5955,0,1,0,0.40010,3
0.4881,4.7124,2.4128,11.7372,-0.1182,0.0227,-0.7588,0,1,0,0.21183,1
0.3893,4.2125,2.7363,12.5221,2.5953,0.0137,-1.2017,0,1,0,1.23498,1
0.4686,5.0858,2.5783,12.0782,1.7895,0.0289,-1.0575,0,1,0,0.52865,1
0.3966,3.9866,2.6356,12.8470,-1.6729,0.0031,-1.4864,0,1,1,1.51656,1
0.4650,4.7806,2.5262,12.0921,2.4108,0.0409,-1.0766,0,1,0,0.82862,1
0.3695,4.0639,2.7956,12.3947,3.0630,0.1127,-1.1755,0,1,0,1.01314,3
0.4835,4.5900,2.4051,12.0261,-0.1963,0.0330,-1.0459,0,0,0,0.00000,1
0.4558,4.9730,2.6113,11.5308,-1.8785,0.0768,-0.5790,0,1,0,0.19574,3
0.4790,4.4012,2.3808,11.8088,1.0557,0.0556,-0.8521,0,1,0,0.22810,1
0.5228,4.7810,2.2902,11.7343,-0.5831,0.0715,-0.8844,0,1,0,0.14960,1
0.3826,4.1506,2.7527,12.8485,-2.8586,0.0366,-1.4875,1,2,0,1.13878,1
0.4630,4.6542,2.5056,11.9785,-2.7514,0.0131,-0.9253,0,1,0,0.49113,3
0.4637,4.3903,2.4407,11.7099,-2.0649,0.0190,-0.6827,0,1,0,0.37917,1
0.4164,4.1991,2.6009,12.7326,1.8937,0.0045,-1.4656,0,1,0,1.37394,1
0.3846,4.2445,2.7699,12.2428,2.8230,0.1726,-1.1765,0,1,0,1.07797,0
0.4412,4.6058,2.5910,11.8851,-1.7411,0.0409,-0.8281,0,1,0,0.23684,3
0.4056,4.0946,2.6232,12.2014,-2.5148,0.0056,-0.9693,0,1,0,0.47585,1
0.5293,5.2434,2.3546,11.7868,1.0413,0.0167,-0.8835,0,1,0,0.44210,3
0.4770,4.6442,2.4438,11.7357,1.1544,0.0213,-0.7349,0,1,0,0.27338,3
0.4831,5.2111,2.5407,12.3037,1.7752,0.0424,-1.3414,0,0,0,0.00000,3
0.4068,4.0359,2.6012,12.0294,1.9603,0.0349,-0.8676,0,1,0,0.50127,3
0.4253,4.3395,2.5971,11.7756,-2.4653,0.0226,-0.6764,0,1,0,0.24745,3
0.4929,4.6972,2.3903,12.0354,-0.4170,0.0200,-1.0606,0,1,0,0.44936,1
0.4283,4.4253,2.6051,12.0004,-1.8788,0.0452,-0.9074,0,0,1,0.24204,3
0.4119,4.2192,2.6274,11.7065,-2.3889,0.1175,-0.7121,0,1,0,0.29166,1
0.6076,5.7631,2.1455,12.2372,-0.9538,0.0017,-1.5809,0,1,0,0.68112,1
0.5273,5.3466,2.3819,12.4626,1.3022,0.0044,-1.5958,0,1,1,0.86726,1
0.4744,4.5716,2.4382,11.6540,-3.1314,0.0031,-0.6299,0,1,0,0.26676,3
0.5082,5.2981,2.4510,11.6936,2.6318,0.0518,-0.7918,0,1,0,0.32801,1
0.4383,4.5048,2.5795,12.6307,1.2360,0.0261,-1.4882,0,1,1,1.07761,1
0.4049,4.4529,2.7249,12.3383,2.8576,0.1253,-1.2536,0,1,0,1.14874,1
0.5386,5.1664,2.3034,11.9731,1.9428,0.0089,-1.0928,0,1,0,0.16084,1
0.5095,5.1039,2.4072,12.6526,1.4331,0.0182,-1.7632,0,1,1,1.06456,1
0.5191,4.8259,2.3132,12.1058,0.4012,0.0065,-1.1811,0,0,0,0.00000,1
0.5520,5.6327,2.3349,12.0918,0.2414,0.0074,-1.2602,0,1,0,0.49266,3
0.4896,5.0343,2.4755,12.0493,-2.3247,0.0455,-1.1037,0,1,0,0.67621,1
0.3862,4.0510,2.7053,11.5920,2.5681,0.0618,-0.5102,0,1,0,0.26913,3
0.4414,4.1868,2.4857,12.2005,1.1368,0.0148,-1.0774,0,1,1,0.63538,0
0.5273,4.9255,2.3012,12.1517,1.7874,0.0035,-1.2484,0,1,0,0.52290,1
0.4217,4.5228,2.6615,12.8263,-2.9500,0.0254,-1.6079,0,1,1,1.68747,1
0.4800,4.6414,2.4308,12.2498,0.7748,0.0463,-1.2804,0,0,0,0.00000,1
0.4745,4.3733,2.3923,12.0519,1.8589,0.0295,-1.0436,0,1,0,0.52631,1
0.3582,3.8692,2.7952,11.5285,3.0042,0.0137,-0.3683,0,1,0,0.16406,1
0.4364,4.2622,2.5269,12.5285,1.4510,0.0034,-1.3483,0,1,1,0.79417,1
0.4399,4.5402,2.5809,12.9577,1.4760,0.0057,-1.7757,0,1,0,1.44495,1
0.5149,5.0521,2.3747,11.8943,-1.2918,0.0284,-0.9806,0,1,0,0.35455,3
0.5387,5.0113,2.2741,11.6498,0.6765,0.0258,-0.7658,0,1,0,0.25678,3
0.3687,4.0618,2.7994,12.1634,-2.6275,0.1024,-0.9727,0,1,0,0.27669,2
0.3504,3.7698,2.8053,12.8499,-2.7700,0.0198,-1.3318,0,1,0,1.49152,1
0.4069,4.2578,2.6621,11.9062,-2.6272,0.0345,-0.7651,0,1,0,0.37454,3
0.4005,4.0556,2.6363,12.8373,-2.6557,0.0250,-1.5310,0,1,1,1.58883,1
0.4570,5.0240,2.6174,12.8286,1.6864,0.0184,-1.7441,0,1,1,1.34681,1
0.4652,4.7469,2.5176,11.8674,-2.9675,0.0532,-0.8783,0,1,0,0.46553,1
0.3561,3.9067,2.8186,12.2025,2.3425,0.0638,-0.9182,0,1,0,0.89750,1
0.4351,4.5751,2.6115,11.7196,-2.9925,0.0166,-0.6393,0,1,0,0.46682,3
0.4404,4.2180,2.4980,11.9011,0.1882,0.0150,-0.8050,0,1,0,0.19748,1
0.3765,3.8737,2.7012,11.9491,1.9879,0.0280,-0.7260,0,1,0,0.21788,1
0.3900,3.9604,2.6598,12.1469,-3.1140,0.0491,-0.9432,0,1,0,0.38782,1
0.4101,4.1412,2.6148,12.2181,1.4929,0.0142,-1.0078,0,1,1,0.85626,1
0.4948,5.0446,2.4557,12.8511,-1.0182,0.0004,-1.8919,0,1,1,1.49410,1
0.3430,3.7269,2.8317,11.7611,3.0470,0.1211,-0.6380,0,1,0,0.25372,3
0.4406,4.6091,2.5945,12.2152,-1.3430,0.0113,-1.0865,0,1,1,0.88434,1
0.4097,4.3791,2.6814,12.1580,2.7802,0.1102,-1.0874,0,1,0,0.86704,1
0.3336,3.6598,2.8621,13.3679,2.6197,0.1284,-1.8630,0,1,0,2.19612,1
0.3980,4.3361,2.7275,12.2178,2.6514,0.0051,-0.9634,0,1,0,0.62555,1
0.4784,5.0313,2.5233,11.9607,-2.5001,0.0146,-0.9475,0,1,0,0.48491,3
0.4364,4.7273,2.6428,12.4430,-3.1348,0.0959,-1.4085,0,1,0,0.71374,1
0.4410,4.6500,2.6029,13.1055,3.0621,0.0337,-1.9772,0,1,1,1.78094,1
0.4300,4.3179,2.5699,11.8420,3.0028,0.0242,-0.7444,0,1,0,0.53301,3
0.4487,4.4841,2.5277,12.5063,-1.1840,0.0111,-1.3821,1,1,0,0.84765,1
0.4663,4.2955,2.4078,11.9396,0.5365,0.0421,-0.9329,0,1,0,0.45351,1
0.4177,4.0803,2.5631,11.8447,-1.5810,0.0425,-0.7452,0,1,0,0.23358,3
0.4377,4.8025,2.6550,12.9637,2.6716,0.0656,-1.8756,1,1,2,1.65286,1
0.3535,3.7587,2.7847,11.8301,-2.5000,0.0508,-0.6201,0,1,0,0.35237,3
0.3714,4.0641,2.7854,12.5439,-3.0760,0.0948,-1.2790,0,1,0,1.21773,1
0.4428,4.3073,2.5099,11.6139,-0.3806,0.0061,-0.5460,0,1,0,0.30281,1
0.4549,4.9039,2.5992,11.9259,-2.8601,0.0055,-0.8499,0,1,0,0.47182,3
0.4104,4.2542,2.6443,12.0904,3.0986,0.0700,-0.9759,0,1,0,0.50350,1
0.5061,4.9031,2.3801,12.0364,-0.9636,0.0224,-1.0988,0,1,0,0.41641,1
0.4344,4.7720,2.6632,12.8895,-2.4959,0.0940,-1.8348,0,1,0,1.50654,1
0.3413,3.7391,2.8454,12.9944,-2.8922,0.0485,-1.4535,0,1,0,0.51110,1
0.4207,4.2166,2.5860,12.4726,2.6449,0.0193,-1.2697,0,1,0,1.30872,1
0.4127,4.2126,2.6219,12.3358,-3.0299,0.0253,-1.1329,0,1,0,0.86995,1
0.4759,4.4439,2.4032,12.5928,1.5946,0.0065,-1.5524,0,2,0,1.29605,1
0.5595,5.2157,2.2333,12.0652,0.0024,0.0454,-1.2994,0,1,0,0.44090,1
0.4128,4.1639,2.6085,12.6503,3.1401,0.0356,-1.4278,0,1,0,1.28652,1
0.4432,4.3474,2.5183,11.8454,1.3893,0.0267,-0.7771,0,1,0,0.46707,3
0.4314,4.7509,2.6727,11.6568,-1.9645,0.0620,-0.6347,0,1,0,0.19211,0
0.3935,4.3027,2.7410,12.7672,-2.8415,0.0107,-1.4196,0,2,0,0.49237,1
0.4012,4.1142,2.6495,12.6259,2.6981,0.0376,-1.3675,0,1,0,1.25250,1
0.4736,4.5676,2.4408,12.3101,2.4344,0.0194,-1.2821,0,1,0,0.66644,1
0.4032,4.2968,2.6910,11.7390,-1.7789,0.0558,-0.6472,0,1,0,0.32468,1
0.3474,3.8215,2.8388,13.0642,2.6783,0.0539,-1.5445,0,1,2,1.49311,1
0.4472,4.4391,2.5234,11.6656,0.6895,0.0220,-0.6186,0,1,0,0.38220,1
0.4797,4.7555,2.4573,11.8858,-1.4058,0.0308,-0.8974,0,1,0,0.54545,3
0.4815,4.4177,2.3744,12.5814,-0.4102,0.0396,-1.6155,0,1,2,5.61988,1
0.4493,4.4708,2.5221,11.8192,-3.0415,0.0428,-0.7867,0,1,0,0.52206,1
0.5158,5.1135,2.3833,11.9516,2.3211,0.0330,-1.0493,0,1,0,0.65571,1
0.3655,3.8192,2.7403,13.1312,-2.2999,0.0048,-1.5960,0,1,1,1.94367,1
0.3521,3.8783,2.8315,11.8830,-2.9682,0.0426,-0.6453,0,1,0,0.32665,0
0.3927,4.0020,2.6591,12.1009,-1.4081,0.0420,-0.9026,0,1,0,0.80846,1
0.4110,4.1037,2.6005,11.8984,-1.9851,0.0193,-0.7469,0,1,0,0.28347,3
0.4985,5.4650,2.5257,11.9454,-0.4872,0.0006,-0.9623,0,1,1,0.47791,1
0.4373,4.6080,2.6097,12.1407,2.3465,0.0945,-1.1238,0,2,0,0.51311,1
0.5220,5.6393,2.4583,11.8756,-2.3343,0.0207,-0.9700,0,1,0,0.37295,3
0.3671,3.8895,2.7541,11.9827,-2.8578,0.0060,-0.7032,1,1,0,0.46187,1
0.5029,4.7376,2.3586,11.8209,-1.7304,0.0337,-0.8849,0,1,0,0.41191,1
0.3873,4.2196,2.7488,13.2875,2.6928,0.0334,-1.8884,0,1,1,2.19008,1
0.4441,4.7338,2.6088,12.4097,-1.6638,0.0227,-1.2944,0,1,1,0.76342,1
0.4038,4.3201,2.6944,12.5155,3.0931,0.0110,-1.2403,0,1,1,1.00134,1
0.4509,4.8558,2.6065,11.7764,-1.8531,0.0538,-0.7659,0,1,0,0.33546,3
0.4291,4.6966,2.6702,11.6119,-3.0298,0.0502,-0.5780,0,1,0,0.22256,3
0.4237,4.3826,2.6157,11.7772,2.3647,0.0369,-0.6929,0,0,0,0.00000,3
0.5014,5.0454,2.4285,11.7062,-0.7332,0.0208,-0.7518,0,1,0,0.18647,1
0.3604,3.9645,2.8138,11.5407,3.0233,0.0271,-0.3955,0,1,0,0.22439,1
0.4575,4.5858,2.5135,11.6705,1.9156,0.0000,-0.6134,0,1,0,0.28806,3
0.4203,4.3319,2.6184,12.0428,2.1337,0.0595,-0.9447,0,1,0,0.45798,3
0.4325,4.6015,2.6302,12.8469,2.5441,0.0604,-1.7297,0,1,0,1.79215,1
0.5135,4.9863,2.3673,11.8451,1.9536,0.0189,-0.9134,0,1,0,0.35826,1
0.4462,4.8980,2.6381,12.2783,-2.6764,0.1043,-1.2926,0,1,0,0.74383,1
0.4388,4.3072,2.5278,11.9160,-1.2591,0.0122,-0.8117,0,1,0,0.52261,3
0.4041,4.1471,2.6448,11.7375,-2.3008,0.0908,-0.6912,0,1,0,0.20798,3
0.4735,4.9137,2.5189,11.8829,2.2052,0.0332,-0.8853,0,1,0,0.24931,3
0.4201,4.1990,2.5837,11.6910,2.4532,0.0465,-0.6251,0,1,0,0.43857,3
0.4747,5.2353,2.5835,11.7550,-1.5428,0.0062,-0.7328,0,1,0,0.41090,0
0.4911,4.9854,2.4590,12.1060,-2.3750,0.0538,-1.1765,0,1,0,0.83791,1
0.3544,3.7978,2.7927,11.6651,-2.3025,0.0760,-0.5336,0,1,0,0.27298,3
0.4712,4.3817,2.4077,11.8341,1.6796,0.0035,-0.7922,0,1,0,0.46048,1
0.4192,4.3820,2.6367,11.8710,-1.7200,0.0188,-0.7411,0,1,0,0.31409,1
0.4877,5.1205,2.5020,12.4600,-2.5754,0.0382,-1.5109,0,1,1,0.95278,1
0.4744,4.8521,2.5013,11.7728,2.4449,0.0479,-0.8001,0,1,0,0.40457,1
0.3877,4.1932,2.7392,11.9669,-1.7558,0.0443,-0.7860,0,1,0,0.21359,1
0.4154,4.4461,2.6718,11.9172,2.7421,0.0032,-0.7525,0,1,0,0.46870,1
0.4275,4.5178,2.6326,12.4556,-2.9928,0.0199,-1.2789,0,1,3,1.17881,1
0.5652,5.3087,2.2280,11.9250,1.1185,0.0122,-1.1066,0,1,0,0.44537,1
0.4424,4.2244,2.4910,12.0703,-1.8403,0.0215,-0.9706,0,1,1,0.64709,1
0.3762,4.0061,2.7430,12.6212,2.5792,0.0081,-1.2290,0,1,1,1.31218,1
0.4051,4.2310,2.6634,12.3178,-1.8303,0.0398,-1.1157,0,1,1,1.03498,1
0.4186,4.2719,2.6102,11.9011,1.1027,0.0067,-0.7494,0,1,0,0.71381,1
0.4916,5.4264,2.5479,11.9648,-2.5474,0.0505,-1.0315,0,1,0,0.48869,2
0.3867,4.2215,2.7525,12.7840,-2.5368,0.0658,-1.4947,0,1,1,1.64647,1
0.4941,4.9062,2.4298,11.8266,0.6188,0.0049,-0.8361,0,1,0,0.18845,3
0.3601,3.8479,2.7782,11.9536,2.6864,0.1115,-0.8017,0,1,0,0.42329,3
0.3689,3.8561,2.7345,12.5135,2.4588,0.0598,-1.1947,0,1,0,1.33030,1
0.3913,4.2123,2.7264,13.2083,2.2685,0.0237,-1.8191,0,1,1,1.84455,1
0.4283,4.2795,2.5676,12.5879,0.2037,0.0029,-1.3749,0,1,1,1.15978,1
0.4827,4.7688,2.4478,12.6906,-1.3216,0.0088,-1.6851,0,2,0,1.25579,1
0.4320,4.5929,2.6306,11.8027,-2.5661,0.0096,-0.6968,0,1,0,0.42115,3
0.4027,4.3462,2.7070,12.1004,2.0013,0.0262,-0.9065,0,1,0,0.67957,1
0.4626,4.9222,2.5689,11.9789,-2.5447,0.0131,-0.9262,0,1,0,0.71980,3
0.5527,5.5742,2.3220,11.6232,-0.8970,0.0103,-0.7453,0,1,0,0.20319,3
0.3600,3.8886,2.7914,11.6826,-2.6394,0.0719,-0.5503,0,1,0,0.45999,3
0.4207,4.2065,2.5833,11.7857,2.4738,0.0432,-0.7020,0,1,0,0.36902,3
0.4206,4.3538,2.6227,11.7137,1.7456,0.0123,-0.6030,0,0,2,0.40246,1
0.4371,4.7620,2.6482,12.0981,2.2213,0.0656,-1.0448,0,1,0,0.65143,3
0.5560,5.7171,2.3337,12.1104,-0.4904,0.0207,-1.3112,0,0,0,0.00000,1
0.3648,3.8481,2.7535,12.2292,2.7335,0.0424,-0.9328,0,1,0,0.95403,3
0.3552,3.8282,2.7982,12.6214,-2.4797,0.0336,-1.1940,0,1,1,1.38276,1
0.4760,5.2272,2.5760,11.5797,0.8390,0.0019,-0.5648,0,1,0,0.19210,1
0.5251,5.1805,2.3590,12.2382,-2.7042,0.0054,-1.3418,0,1,0,0.69038,1
0.3800,4.1613,2.7694,11.8268,2.8225,0.0271,-0.6387,0,1,0,0.33443,1
0.3761,4.0309,2.7511,11.8825,-1.9950,0.0301,-0.6771,0,1,0,0.42083,1
0.4083,4.1764,2.6330,11.6868,3.0853,0.0912,-0.6568,0,1,0,0.16797,1
0.4684,4.9073,2.5397,12.1059,-3.1351,0.0303,-1.0849,0,1,0,0.76824,1
0.3483,3.8376,2.8392,12.8154,-2.7001,0.0789,-1.3901,0,1,0,1.65826,0
0.4046,4.3334,2.6939,11.9730,-2.7586,0.0028,-0.7748,0,1,0,0.57658,1
0.3907,4.1497,2.7116,11.8586,2.9292,0.0888,-0.7619,0,1,0,0.62041,3
0.4661,5.0299,2.5771,11.9547,2.4375,0.0076,-0.9049,0,1,0,0.28408,3
0.4757,4.9786,2.5232,12.1501,2.4186,0.0585,-1.1868,0,1,0,0.66685,1
0.4328,4.2507,2.5400,12.0564,-1.2626,0.0080,-0.9167,0,1,0,0.31276,1
0.3838,4.0996,2.7319,11.9773,-1.6532,0.0684,-0.8166,0,1,0,0.65317,1
0.3600,3.9613,2.8148,12.1326,-2.8422,0.0255,-0.8245,0,1,1,0.68844,1
0.3732,4.1022,2.7875,13.0217,-2.7903,0.0349,-1.5921,0,1,1,1.82990,1
0.3983,4.3630,2.7334,13.2418,2.7139,0.0447,-1.9224,1,2,0,1.82070,1
0.5061,4.7024,2.3387,12.0932,1.0433,0.0498,-1.1954,0,1,0,0.25302,1
0.4201,4.1934,2.5826,11.6065,0.6185,0.0065,-0.5055,0,1,0,0.22974,1
0.3668,3.9761,2.7829,12.4164,-3.0389,0.0966,-1.1623,0,1,1,0.76139,3
0.3790,3.8945,2.6945,12.5616,1.5624,0.0366,-1.2333,0,1,1,0.98120,1
0.5348,5.1227,2.3099,12.4733,0.1388,0.0340,-1.6777,0,1,1,1.07318,1
0.4183,4.2732,2.6121,11.9031,-2.4654,0.0791,-0.8443,0,1,0,0.46244,1
0.5007,4.8471,2.3904,11.7232,-1.0375,0.0838,-0.8473,0,1,0,0.25438,3
0.4059,4.1866,2.6474,11.8238,1.7732,0.0255,-0.6834,0,1,0,0.43619,1
0.3685,3.9740,2.7733,12.7740,2.9275,0.0224,-1.3467,1,2,1,1.40728,1
0.4012,4.2882,2.6981,12.8043,-2.4346,0.0335,-1.5189,1,2,0,1.24717,1
0.4966,5.1784,2.4760,12.0868,-0.8678,0.0146,-1.1180,0,1,0,0.61114,1
0.4155,4.5523,2.6988,12.1447,2.9917,0.0609,-1.0240,0,1,0,0.87818,3
0.3755,3.9691,2.7352,11.9208,-2.9349,0.1423,-0.8489,0,1,0,0.34770,1
0.4218,4.2470,2.5888,11.9259,3.1124,0.0210,-0.7956,0,1,0,0.42185,3
0.3824,4.1051,2.7408,12.4753,2.1849,0.0153,-1.1422,1,2,1,1.14321,1
0.4422,4.3907,2.5337,12.3046,-2.3335,0.0592,-1.2416,0,1,0,0.80967,1
0.4042,4.0924,2.6291,12.4212,2.4368,0.0117,-1.1605,0,1,0,0.98568,1
0.4930,4.7959,2.4111,11.6175,0.7792,0.0134,-0.6395,0,1,0,0.32834,3
0.4516,4.7159,2.5703,11.8512,2.0668,0.0708,-0.8576,0,1,0,0.52404,3
0.5051,5.4437,2.4928,11.7081,1.0656,0.0029,-0.7401,0,1,0,0.36598,1
0.5260,5.3649,2.3906,12.6513,2.3479,0.0001,-1.7962,0,1,3,1.06859,1
0.4734,4.8853,2.5131,11.7693,-2.3908,0.0932,-0.8527,0,1,0,0.41771,1
0.5681,5.3794,2.2293,12.2515,0.8451,0.0616,-1.5685,0,1,1,5.48623,1
0.4264,4.6523,2.6721,12.4081,-2.7494,0.1030,-1.3528,0,0,1,0.18303,1
0.4420,4.4948,2.5602,11.6857,0.9856,0.0261,-0.6330,0,1,0,0.46428,1
0.4491,4.2670,2.4729,12.3014,2.2550,0.0116,-1.1882,0,1,1,0.62001,1
0.5266,5.2769,2.3714,11.9429,-1.9913,0.0135,-1.0396,0,1,0,0.64608,3
0.4943,5.0893,2.4671,12.0276,2.5361,0.0212,-1.0606,0,1,1,0.59456,3
0.5911,5.3865,2.1464,11.6931,0.9111,0.0125,-0.8941,0,1,0,0.24688,1
0.4307,4.3513,2.5750,11.7720,-1.1023,0.0234,-0.6844,0,1,0,0.15824,1
0.3887,3.9910,2.6753,12.4772,1.6835,0.0290,-1.1840,0,1,1,1.08778,1
0.4648,4.9365,2.5623,12.0259,1.8575,0.0130,-0.9758,1,1,0,0.49835,3
0.3801,4.1421,2.7631,12.1079,-2.6563,0.0716,-0.9168,0,1,0,0.50664,3
0.5458,5.1686,2.2764,12.4207,0.8584,0.0286,-1.6453,0,1,1,0.89021,1
0.3545,3.7890,2.7894,12.6994,2.9661,0.0230,-1.2357,0,1,0,1.38049,1
0.4144,4.1028,2.5841,11.5879,-1.8714,0.0093,-0.4849,0,1,0,0.20580,3
0.4523,4.6983,2.5632,13.0779,3.0238,0.0227,-1.9820,0,1,0,0.73362,1
0.3769,3.9027,2.7080,11.7038,-2.6372,0.0388,-0.5533,0,1,0,0.37296,3
0.4887,4.4811,2.3599,11.7902,0.7126,0.0411,-0.8344,0,1,0,0.40953,1
0.4004,4.2823,2.7004,11.9692,-2.6030,0.0097,-0.7713,0,1,0,0.63267,1
0.3521,3.8277,2.8148,12.6172,-2.3766,0.1108,-1.2959,0,1,2,0.79402,1
0.4505,4.4880,2.5208,11.7927,-0.6908,0.0197,-0.7355,0,1,0,0.27670,1
0.5122,4.9096,2.3573,11.8113,0.7565,0.0198,-0.8766,0,1,0,0.37369,3
0.4557,4.6707,2.5415,11.7938,-2.9683,0.0651,-0.8052,0,1,0,0.37980,1
0.4976,5.0591,2.4472,12.0908,-2.2855,0.0524,-1.1762,0,1,0,0.25252,1
0.5294,4.9305,2.2944,12.3256,-1.0618,0.0117,-1.4570,0,0,0,0.00000,1
0.4517,4.6546,2.5555,12.2567,-2.4887,0.0186,-1.1663,0,1,0,0.77902,1
0.4537,4.8004,2.5809,13.0250,3.0608,0.0440,-1.9724,0,2,0,1.17969,1
0.4451,4.7721,2.6132,12.1821,-1.7854,0.0280,-1.0922,0,1,0,0.73748,1
0.6211,5.7770,2.0986,12.4857,1.0907,0.0188,-1.9717,0,0,3,0.96060,1
0.3484,3.7442,2.8079,11.8970,2.9799,0.1624,-0.7990,0,1,0,0.40375,1
0.4076,4.4673,2.7156,11.6193,-2.3992,0.0102,-0.5025,0,1,0,0.28763,1
0.4246,4.3941,2.6146,11.8455,1.8432,0.0445,-0.7630,0,1,0,0.52109,3
0.3532,3.7533,2.7843,12.7308,-2.9708,0.0786,-1.3426,0,1,0,1.66463,1
0.4477,4.4996,2.5362,11.7574,2.0628,0.0090,-0.6851,0,1,0,0.41466,3
0.4628,4.3653,2.4388,11.8438,1.4517,0.0061,-0.7878,0,1,0,0.43409,1
0.3666,3.8490,2.7442,11.7674,2.8555,0.0440,-0.5896,0,1,0,0.35600,3
0.3900,4.1047,2.7018,11.7980,3.0423,0.0602,-0.6761,0,1,0,0.38914,3
0.5010,5.0419,2.4293,11.6510,-0.9628,0.0152,-0.6893,0,1,0,0.17040,3
0.5389,5.1784,2.3045,12.5003,1.4064,0.0358,-1.7261,0,1,0,1.09245,1
0.4763,5.1979,2.5683,12.2522,2.6137,0.0161,-1.2319,0,1,0,0.50666,3
0.4068,4.1166,2.6236,11.9082,-2.3440,0.0352,-0.7671,0,1,0,0.42360,3
0.3619,3.9784,2.8099,12.1152,-2.7402,0.0830,-0.8920,0,2,0,0.46872,3
0.3389,3.7371,2.8586,12.9612,3.0956,0.1356,-1.5605,0,1,0,1.69575,0
0.4339,4.2468,2.5339,12.6388,-1.9511,0.0280,-1.4820,0,1,1,1.38437,1
0.5318,5.6433,2.4186,11.8083,-0.1777,0.0064,-0.9007,0,1,0,0.33065,1
0.3898,4.3019,2.7596,11.9814,-2.4503,0.1202,-0.9002,0,1,0,0.36360,2
0.3934,3.9623,2.6440,12.8830,-2.7200,0.0430,-1.5729,0,1,0,1.63603,1
0.4826,5.1499,2.5300,11.8768,2.0196,0.0224,-0.8859,0,1,0,0.16408,3
0.4761,4.4143,2.3954,12.3471,1.6258,0.0446,-1.3640,0,1,0,1.01340,1
0.5486,5.3572,2.2996,12.2883,-2.4914,0.0079,-1.4720,0,1,0,0.65400,1
0.3598,3.8282,2.7732,12.3404,-2.7964,0.0702,-1.0438,0,1,0,0.97254,3
0.4773,4.8364,2.4854,12.1585,1.9360,0.0405,-1.1737,0,1,0,0.55706,1
0.3607,3.9336,2.8021,12.2380,2.4986,0.0606,-0.9534,0,1,0,0.82207,3
0.3674,3.9626,2.7754,12.9877,-3.0809,0.0292,-1.5288,0,1,1,1.31353,1
0.3722,3.8802,2.7251,11.8451,-2.6692,0.0205,-0.6287,0,1,0,0.37893,3
0.4130,4.3210,2.6499,12.5385,-1.2741,0.0004,-1.2751,0,1,0,1.23383,1
0.4514,4.3679,2.4878,11.6824,-0.8263,0.0188,-0.6362,0,1,0,0.16224,1
0.4684,5.0273,2.5665,12.0206,-2.6636,0.0107,-0.9767,0,1,0,0.47077,3
0.4136,4.1901,2.6116,12.1410,2.4489,0.0108,-0.9467,0,1,0,0.93900,3
0.4460,4.7888,2.6130,12.5835,2.3465,0.0386,-1.4911,1,2,1,1.20116,1
0.3731,3.9691,2.7477,12.2006,1.8900,0.0411,-0.9311,0,1,0,0.91426,1
0.3845,4.2012,2.7578,12.0366,-2.2292,0.0283,-0.8136,0,1,0,0.70217,1
0.3825,4.0000,2.7086,12.0357,2.6928,0.0481,-0.8338,0,1,0,0.29020,3
0.3851,4.0171,2.7009,11.8836,2.6892,0.0066,-0.6662,0,1,0,0.48394,1
0.4760,4.9981,2.5265,12.4455,-2.4128,0.0044,-1.4059,0,1,0,1.15472,1
0.3971,4.1325,2.6746,11.9568,1.6441,0.0210,-0.7681,0,1,0,0.26313,1
0.3897,4.1561,2.7183,11.8361,-2.5122,0.1002,-0.7562,0,1,0,0.46356,3
0.5130,5.2177,2.4153,12.0551,2.1437,0.0263,-1.1430,0,1,0,0.50580,1
0.5355,5.4010,2.3592,11.9443,1.0365,0.0086,-1.0558,0,1,0,0.27201,3
0.4212,4.2016,2.5796,12.0395,0.3990,0.0014,-0.8655,0,1,0,0.57801,1
0.4579,4.9572,2.5978,12.0079,-1.4467,0.0082,-0.9364,0,1,0,0.58876,1
0.4234,4.1156,2.5468,11.4659,2.0716,0.0249,-0.4157,0,1,0,0.18227,3
0.4138,4.2432,2.6252,12.0533,-3.0683,0.0640,-0.9442,0,1,0,0.72200,1
0.3664,4.0149,2.7970,11.6592,-2.4869,0.0258,-0.4879,0,1,0,0.36347,1
0.4746,4.7034,2.4673,11.8553,2.4241,0.0487,-0.8803,0,1,0,0.46977,1
0.4414,4.7296,2.6202,12.0953,-1.5085,0.0517,-1.0344,0,1,0,0.45820,1
0.3845,4.2180,2.7628,13.1059,2.8877,0.0315,-1.7098,0,1,3,2.26376,1
0.4408,4.3931,2.5405,11.9887,-2.7864,0.0034,-0.8696,0,1,0,0.62114,3
0.3556,3.7783,2.7799,11.6330,-2.9285,0.0829,-0.5205,0,1,0,0.25277,3
0.4003,4.2190,2.6837,11.6274,-3.1159,0.0377,-0.5303,0,1,0,0.29897,3
0.3400,3.7290,2.8495,13.1468,-2.6530,0.0832,-1.6281,0,1,0,2.16133,1
0.5516,5.3435,2.2857,12.0501,-0.6806,0.0377,-1.2520,0,1,0,0.43692,1
0.5638,5.2468,2.2225,12.5012,-0.3301,0.0281,-1.8011,0,1,0,0.45801,1
0.5597,5.1806,2.2262,12.1901,0.0728,0.0656,-1.4753,0,1,0,0.72043,1
0.4226,4.3333,2.6077,12.0335,-0.1889,0.0012,-0.8642,0,1,0,0.76286,1
0.5587,5.8195,2.3404,11.8933,0.1805,0.0079,-1.0547,0,1,0,0.44817,3
0.4449,4.6862,2.5938,12.9577,-1.5498,0.0073,-1.8010,0,1,0,0.56546,1
0.3688,3.9764,2.7721,12.2510,-2.4790,0.0453,-0.9650,0,1,0,0.46251,3
0.3901,3.9714,2.6627,12.0261,-2.4283,0.0361,-0.8277,0,1,0,0.69915,3
0.4366,4.7872,2.6565,11.8576,1.9004,0.0441,-0.7986,0,1,0,0.57001,1
0.3841,4.0258,2.7085,11.7975,1.9572,0.0471,-0.6483,0,1,0,0.47305,1
0.4380,4.7662,2.6450,12.3115,2.5550,0.0527,-1.2268,0,1,0,0.51755,3
0.4871,4.6729,2.4086,12.4685,1.6744,0.0104,-1.4717,0,1,1,0.70944,1
0.4403,4.3837,2.5401,12.1926,-0.7053,0.0151,-1.0689,0,1,0,0.77561,1
0.3978,4.2877,2.7148,11.6276,3.1061,0.0842,-0.5827,0,1,0,0.36452,3
0.3849,4.2064,2.7575,12.2581,-2.4797,0.0414,-1.0099,0,2,1,0.84474,3
0.5095,4.9136,2.3685,12.0087,1.7924,0.0231,-1.0794,0,1,0,0.32272,1
0.4666,4.4055,2.4325,11.7741,-0.2667,0.0311,-0.7631,0,0,0,0.00000,1
0.4139,4.3273,2.6472,11.8479,2.8424,0.0539,-0.7557,0,1,0,0.54560,3
0.4204,4.1314,2.5645,11.8637,1.0848,0.0234,-0.7423,0,1,0,0.44892,1
0.5654,5.8134,2.3126,11.7953,-2.6597,0.0023,-0.9513,0,1,0,0.50288,3
0.3667,3.8294,2.7373,12.3096,-1.8905,0.0185,-0.9672,0,2,0,0.67852,1
0.3631,3.9599,2.7977,12.3647,-2.7118,0.1094,-1.1272,0,1,0,1.09233,3
0.3479,3.7589,2.8154,11.7983,-2.2951,0.0589,-0.5970,0,1,0,0.53119,1
0.4104,4.4924,2.7081,11.8636,-3.0287,0.1041,-0.8255,0,1,0,0.51099,1
0.4156,4.3361,2.6415,11.9034,2.6843,0.1173,-0.8881,0,1,0,0.32458,1
0.4211,4.6441,2.6953,11.8401,-2.4285,0.0466,-0.7546,0,0,0,0.00000,2
0.3860,4.1942,2.7479,11.8556,-2.6098,0.0466,-0.6971,0,1,0,0.34187,3
0.4459,4.2652,2.4861,12.1864,-1.3368,0.0050,-1.0628,0,1,1,0.46163,1
0.4046,4.3174,2.6894,11.7747,-2.2826,0.0443,-0.6649,0,1,0,0.26637,3
0.4891,5.0699,2.4851,11.9562,-3.0587,0.0062,-0.9566,0,1,0,0.35088,3
0.4070,4.3469,2.6861,12.4133,2.4040,0.0199,-1.1754,0,1,0,1.16046,1
0.5138,4.7812,2.3247,12.4510,-0.9726,0.0441,-1.5958,0,1,1,0.75413,1
0.4122,4.4648,2.6923,12.4615,-2.6779,0.0552,-1.2861,0,1,2,1.38521,3
0.3840,4.1662,2.7502,12.4147,-2.2054,0.0811,-1.1926,0,1,0,0.84584,3
0.4014,4.0858,2.6408,12.7350,2.1236,0.0010,-1.4050,0,2,0,1.13058,1
0.4048,4.3372,2.6940,11.9398,3.0317,0.0467,-0.8045,0,1,0,0.45561,3
0.3896,4.0222,2.6799,11.5292,2.5979,0.0203,-0.4173,0,1,0,0.26110,3
0.4471,4.6667,2.5792,12.1446,-2.8037,0.0705,-1.1206,0,1,1,0.84870,1
0.4071,4.0397,2.6006,11.6946,-0.7180,0.0060,-0.5558,0,1,0,0.19055,1
0.4254,4.1782,2.5541,11.5125,-2.8711,0.0333,-0.4671,0,1,0,0.16752,1
0.4900,5.2770,2.5242,12.1189,-2.4533,0.0753,-1.2176,0,1,0,0.68875,1
0.4297,4.3669,2.5839,11.8482,2.0180,0.0156,-0.7384,0,1,0,0.60152,3
0.4403,4.4426,2.5547,11.6656,1.5975,0.0197,-0.6044,0,1,0,0.24561,3
0.3838,4.1223,2.7382,12.1910,-2.1427,0.0340,-0.9426,0,2,0,0.83590,1
0.4218,4.3024,2.6033,11.9808,2.5040,0.0815,-0.9231,0,1,0,0.57002,1
0.4404,4.7419,2.6278,11.8516,-2.8335,0.1235,-0.9021,0,1,0,0.49162,1
0.5389,4.9250,2.2570,12.4094,-0.8292,0.0168,-1.5887,0,2,0,1.09880,1
0.4553,4.3648,2.4705,12.4783,1.6929,0.0101,-1.3743,0,1,0,0.35977,1
0.4433,4.4515,2.5439,12.5997,-1.8697,0.0114,-1.4529,0,1,0,1.30084,1
0.3772,4.0325,2.7454,12.1921,2.6743,0.0220,-0.9096,0,1,0,0.79775,1
0.4977,4.9983,2.4340,11.9416,2.5130,0.0038,-0.9577,0,1,0,0.41112,3
0.4395,4.6927,2.6202,11.8827,2.9022,0.0567,-0.8428,0,1,0,0.41421,3
0.5302,5.3468,2.3702,12.0304,-1.0388,0.0027,-1.1279,0,1,0,0.67651,3
0.3841,3.9861,2.6965,11.6003,-3.0371,0.0270,-0.4718,0,1,0,0.28325,3
0.3519,3.8786,2.8325,11.9296,-3.1201,0.1332,-0.7931,0,1,0,0.56400,2
0.4548,4.3169,2.4606,12.3893,0.5061,0.0171,-1.2975,0,1,2,1.15928,1
0.4128,4.1305,2.5992,11.8634,-1.7674,0.0252,-0.7292,0,1,0,0.29613,3
0.4277,4.5403,2.6373,12.8405,2.7213,0.0267,-1.6479,0,1,1,1.35631,1
0.4569,4.3264,2.4541,11.6012,0.6681,0.0348,-0.5919,0,1,0,0.18561,1
0.3891,4.2067,2.7358,12.4112,-2.4643,0.0162,-1.1126,0,1,0,1.08327,1
0.4292,4.4119,2.5975,12.8200,2.5379,0.0071,-1.6014,0,1,1,1.58233,1
0.3835,3.9912,2.7013,11.7459,3.0078,0.0324,-0.5889,0,1,0,0.36760,3
0.3563,3.8593,2.8020,11.8900,-2.5713,0.0574,-0.6775,0,1,0,0.46933,3
0.4277,4.3602,2.5911,12.0162,-1.8029,0.0263,-0.8946,0,1,0,0.55161,3
0.4778,4.9346,2.5049,12.3874,-1.4409,0.0176,-1.3722,0,1,2,1.44117,1
0.4063,4.1930,2.6472,11.3052,1.8836,0.0071,-0.2483,0,0,0,0.00000,1
0.3711,4.0355,2.7785,12.1496,2.8663,0.0407,-0.8857,0,1,1,0.98022,3
0.4383,4.5506,2.5907,12.0383,2.0596,0.0347,-0.9512,0,0,1,0.54749,3
0.4263,4.2952,2.5809,11.3198,-2.2168,0.1053,-0.3913,0,0,0,0.00000,1
0.4382,4.4909,2.5763,11.4208,-2.9324,0.0206,-0.3918,0,0,0,0.00000,3
0.4781,5.2250,2.5661,11.4032,2.8273,0.0008,-0.4027,0,0,0,0.00000,1
0.4695,5.0718,2.5714,12.9314,3.0405,0.0439,-1.9453,0,0,1,1.31203,1
0.3775,4.0093,2.7371,12.1685,-2.7299,0.0172,-0.8852,0,0,2,0.65602,1
0.4043,4.4051,2.7147,13.3298,-2.9366,0.0660,-2.0768,1,2,1,1.85052,1
0.4291,4.3719,2.5876,11.4810,2.5176,0.0022,-0.4094,0,0,0,0.00000,3
0.4751,4.4401,2.4053,11.4533,2.2616,0.0202,-0.4650,0,0,0,0.00000,1
0.5042,4.7306,2.3521,11.2580,-1.1083,0.0300,-0.3263,0,0,0,0.00000,3
0.4270,4.6357,2.6646,11.6110,-2.9833,0.1006,-0.6347,0,0,0,0.00000,1
0.4698,5.1742,2.5922,11.8195,2.6442,0.0042,-0.7816,0,1,0,0.56135,0
0.5522,5.7116,2.3479,11.4746,0.7192,0.0489,-0.6317,0,0,0,0.00000,1
0.5593,5.5111,2.2854,11.3919,0.7243,0.0774,-0.5853,0,0,0,0.00000,1
0.4662,4.6048,2.4804,11.4391,-2.1901,0.0933,-0.5286,0,0,0,0.00000,1
0.5591,5.3230,2.2535,11.9619,-0.5515,0.0702,-1.2151,0,0,1,0.52152,1
0.4328,4.7733,2.6713,13.1607,2.0321,0.0063,-1.9443,0,1,1,1.85111,0
0.3446,3.7112,2.8176,12.7637,-2.8554,0.0992,-1.3678,0,1,0,1.67425,1
0.4139,4.0880,2.5823,11.4930,3.0898,0.0307,-0.4328,0,0,0,0.00000,3
0.4387,4.4341,2.5599,11.6719,-1.5242,0.0228,-0.6111,0,1,0,0.26966,3
0.5216,5.4170,2.4184,11.4440,-2.9375,0.0358,-0.5397,0,0,0,0.00000,1
0.3784,4.0028,2.7303,12.7069,2.8234,0.0850,-1.4279,0,1,1,1.31964,1
0.4258,4.1365,2.5412,12.1645,0.0456,0.0065,-0.9920,0,1,0,0.81946,1
0.4368,4.5371,2.5942,11.4184,1.8688,0.0159,-0.3827,0,0,0,0.00000,3
0.4461,4.4691,2.5355,11.8800,2.6753,0.0197,-0.8055,0,0,1,0.40687,3
0.3669,4.0295,2.7990,12.6545,2.9616,0.0305,-1.2570,0,0,2,1.07559,1
0.5374,5.4248,2.3558,11.3973,1.0209,0.0803,-0.5656,0,0,0,0.00000,1
0.5221,4.9038,2.3172,11.5739,1.8413,0.0106,-0.6394,0,0,0,0.00000,1
0.3798,3.9872,2.7188,11.2643,-2.9206,0.0450,-0.2369,0,0,0,0.00000,3
0.4898,4.5806,2.3774,11.5727,0.7713,0.0553,-0.6422,0,0,0,0.00000,1
0.3613,3.9573,2.8063,12.2464,-2.8776,0.0445,-0.9395,0,1,1,0.98627,3
0.4197,4.2516,2.5999,13.0137,-2.4647,0.0293,-1.7817,0,1,0,1.92053,1
0.4719,4.6880,2.4750,11.6577,-1.3191,0.0324,-0.6664,0,0,1,0.34467,3
0.6108,6.0253,2.1727,11.7432,0.0099,0.0725,-1.0766,0,0,0,0.00000,1
0.4257,4.6662,2.6787,11.6405,-3.0349,0.1284,-0.6917,0,0,1,0.18175,1
0.4348,4.2665,2.5350,11.3459,2.6427,0.0354,-0.3414,0,0,0,0.00000,1
0.4479,4.5532,2.5480,11.4341,-2.2296,0.0139,-0.4071,0,0,0,0.00000,3
0.5072,5.2562,2.4471,11.4528,-2.6180,0.0434,-0.5377,0,0,0,0.00000,1
0.3911,4.1733,2.7163,11.8364,1.7670,0.0698,-0.7208,0,0,1,0.41215,1
0.3878,4.0235,2.6894,11.5386,-2.8597,0.0467,-0.4533,0,0,0,0.00000,3
0.4573,4.9547,2.6000,13.2730,-2.9321,0.0221,-2.2085,0,1,0,2.10399,1
0.3913,4.1168,2.6991,11.7465,-2.6899,0.0096,-0.5750,0,1,0,0.46981,1
0.3800,4.1159,2.7561,11.3962,-2.7241,0.0377,-0.3262,0,0,0,0.00000,3
0.5872,5.6154,2.1972,11.5939,-0.7337,0.0023,-0.7612,0,0,0,0.00000,1
0.4352,4.2947,2.5406,11.4985,-2.2884,0.0547,-0.4942,0,0,0,0.00000,1
0.4552,4.5627,2.5183,12.3668,-1.5661,0.0421,-1.3159,0,0,1,0.70956,1
0.3338,3.6385,2.8536,11.3116,-2.9290,0.0392,-0.2251,0,0,0,0.00000,1
0.3507,3.7419,2.7941,12.9041,-2.7813,0.1221,-1.5445,1,1,1,1.09915,1
0.5196,4.7736,2.3009,11.7763,-1.8257,0.0141,-0.8465,0,0,1,0.26016,1
0.4317,4.2782,2.5519,11.4154,0.6702,0.0133,-0.3705,0,0,0,0.00000,1
0.4222,4.5636,2.6696,12.7833,2.5634,0.0722,-1.6454,1,1,1,1.31082,1
0.3608,3.9588,2.8095,13.0107,-2.9413,0.0244,-1.5107,1,1,1,1.87943,1
0.3576,3.8777,2.8011,12.7906,3.0262,0.0258,-1.3233,0,1,2,1.65478,1
0.4197,4.2146,2.5899,11.9005,0.9714,0.0034,-0.7465,0,1,0,0.39183,1
0.4481,4.3424,2.4956,11.3410,0.7784,0.0012,-0.3115,0,0,0,0.00000,3
0.4453,4.8683,2.6353,12.2374,-2.7961,0.0607,-1.1900,0,0,1,0.70906,3
0.3591,3.8137,2.7724,11.6511,-2.2721,0.1151,-0.5777,0,1,0,0.16459,3
0.4444,4.2816,2.4966,11.3811,1.3138,0.0501,-0.3989,0,0,0,0.00000,3
0.3601,3.9240,2.8022,11.8954,-2.9009,0.1430,-0.7970,0,1,0,0.51213,3
0.3607,3.7947,2.7581,11.6453,2.7577,0.0102,-0.4500,0,1,0,0.31190,1
0.4042,4.2794,2.6812,12.0085,2.4802,0.0710,-0.8922,0,1,0,0.67808,3
0.3309,3.6181,2.8631,13.0574,2.7128,0.0377,-1.4383,0,0,1,1.41083,1
0.4186,4.1813,2.5862,12.4886,-2.5477,0.0166,-1.2729,0,1,0,0.92512,1
0.4571,4.3276,2.4538,12.5425,1.0352,0.0471,-1.5019,0,1,0,0.49954,1
0.3895,4.2894,2.7577,12.0873,-2.7506,0.0711,-0.9225,0,1,0,0.79328,2
0.4418,4.6785,2.6062,11.5194,-2.6722,0.0365,-0.5004,0,0,0,0.00000,3
0.5397,4.9715,2.2629,11.5083,-1.6165,0.0353,-0.6292,0,0,0,0.00000,1
0.3935,4.2087,2.7144,11.4022,1.9542,0.0645,-0.3760,0,0,0,0.00000,1
0.3792,4.0566,2.7427,11.4811,-2.6735,0.1832,-0.5579,0,0,0,0.00000,1
0.4228,4.4964,2.6493,11.7274,-3.1364,0.0432,-0.6571,0,1,0,0.31075,3
0.5183,4.8384,2.3188,11.3293,0.1459,0.0001,-0.3758,0,0,0,0.00000,1
0.4625,4.3108,2.4270,11.4695,-1.2501,0.0530,-0.5027,0,0,0,0.00000,3
0.4011,4.1344,2.6559,11.5011,-2.9236,0.1059,-0.5116,0,0,0,0.00000,1
0.4909,4.6077,2.3788,11.5401,-1.7422,0.0290,-0.5800,0,0,0,0.00000,1
0.3791,3.9092,2.6988,11.5469,2.1135,0.0196,-0.4156,0,1,0,0.24779,1
0.4197,4.5431,2.6761,12.1000,2.9957,0.0454,-0.9749,0,1,0,0.42539,3
0.3648,3.8793,2.7630,11.4725,-2.9327,0.0977,-0.4340,0,0,0,0.00000,3
0.4283,4.3959,2.5979,12.4184,2.0845,0.0285,-1.2595,0,0,1,0.71958,1
0.4172,4.5467,2.6893,12.8145,-2.6620,0.0707,-1.6521,0,1,0,1.42816,1
0.4073,4.1852,2.6402,12.4062,2.6659,0.0388,-1.1974,0,1,0,1.10779,1
0.3963,4.3231,2.7322,12.2066,-3.0245,0.0914,-1.0673,0,0,2,0.71815,3
0.6370,5.8091,2.0473,12.0160,0.6388,0.0375,-1.4329,0,0,1,0.39925,1
0.4324,4.1981,2.5281,12.1924,-2.1785,0.0294,-1.0667,0,1,0,0.37492,1
0.3711,3.8742,2.7285,11.3367,-2.7687,0.1105,-0.3561,0,0,0,0.00000,3
0.3555,3.9152,2.8245,11.4976,-2.3444,0.0749,-0.4143,0,0,0,0.00000,0
0.4906,4.6408,2.3871,11.4068,-2.3869,0.0055,-0.4244,0,0,0,0.00000,1
0.5220,4.9645,2.3293,11.3599,0.1435,0.0586,-0.4806,0,0,0,0.00000,1
0.5171,4.8720,2.3302,11.4308,0.0228,0.0523,-0.5381,0,0,0,0.00000,1
0.4968,5.3003,2.4999,11.6183,-2.6884,0.0836,-0.7355,0,0,0,0.00000,1
0.4697,4.3648,2.4101,11.5870,1.6978,0.0185,-0.5784,0,0,0,0.00000,3
0.5142,5.4647,2.4582,11.3287,2.7224,0.0336,-0.4124,0,0,0,0.00000,3
0.5005,4.7854,2.3783,11.9800,-1.9727,0.0061,-1.0042,0,0,2,0.79914,1
0.5647,5.5992,2.2797,12.1926,-0.7128,0.0248,-1.4354,0,0,1,0.54314,1
0.4057,4.2702,2.6711,11.8581,-1.8429,0.0026,-0.6825,0,0,1,0.26112,1
0.6631,6.1522,2.0014,11.5996,-0.8928,0.0396,-0.9533,0,0,0,0.00000,1
0.4819,5.0654,2.5153,12.4434,2.8167,0.0042,-1.4232,0,1,0,0.76571,1
0.4297,4.2990,2.5661,12.0997,0.5275,0.0023,-0.9401,0,0,1,0.26749,1
0.4991,5.4071,2.5114,11.9573,-1.2930,0.0054,-0.9817,0,0,1,0.28941,1
0.4461,4.8004,2.6157,12.4897,1.8297,0.0120,-1.3612,0,0,2,1.12475,1
0.4354,4.5595,2.6064,11.9512,-2.8951,0.0912,-0.9404,0,0,1,0.66405,1
0.4591,4.8602,2.5704,11.5899,-1.4191,0.0325,-0.5841,0,1,0,0.36888,1
0.6360,6.2074,2.1055,11.7083,0.2427,0.0349,-1.0358,0,1,0,0.30854,3
0.5152,4.6913,2.3010,11.4769,0.2189,0.0316,-0.5561,0,0,0,0.00000,3
0.3745,4.0910,2.7776,11.9208,-2.9170,0.0099,-0.6777,0,0,1,0.30801,1
0.3942,4.2702,2.7282,12.8833,2.7104,0.0025,-1.5093,0,1,0,1.56568,1
0.5932,5.4320,2.1461,11.6791,-0.3508,0.0892,-0.9830,0,0,0,0.00000,1
0.4480,4.3038,2.4865,11.3862,2.5776,0.0422,-0.3982,0,0,0,0.00000,1
0.4246,4.2674,2.5815,12.4798,-0.9209,0.0021,-1.2630,0,1,1,1.10864,1
0.4523,4.7411,2.5731,12.4813,-1.2968,0.0397,-1.4150,0,0,1,0.91846,1
0.4889,4.5876,2.3826,11.3258,-0.4173,0.0116,-0.3532,0,0,0,0.00000,3
0.3976,4.3635,2.7371,12.2275,3.0963,0.1208,-1.1289,0,1,0,0.80458,1
0.3666,3.8634,2.7488,12.6016,-3.1120,0.0539,-1.2490,0,1,1,1.42997,1
0.5115,5.2527,2.4282,11.2273,2.0033,0.0151,-0.2879,0,0,0,0.00000,3
0.4522,4.2452,2.4543,11.4059,1.0244,0.0244,-0.3989,0,0,0,0.00000,3
0.4276,4.6541,2.6668,11.3279,3.0618,0.0056,-0.2858,0,0,0,0.00000,1
0.4206,4.3397,2.6191,12.1275,2.4956,0.0336,-0.9845,0,1,0,0.70614,3
0.3950,3.9675,2.6376,11.3137,2.1525,0.0404,-0.2818,0,0,0,0.00000,3
0.5100,5.1354,2.4112,11.3887,0.0457,0.0274,-0.4585,0,0,0,0.00000,1
0.4752,4.9408,2.5172,11.4846,0.6972,0.0026,-0.4752,0,0,0,0.00000,1
0.4311,4.2436,2.5458,12.6704,-2.1011,0.0155,-1.4811,0,1,1,1.38653,1
0.4203,4.1818,2.5783,11.3177,0.0134,0.0006,-0.2637,0,0,0,0.00000,1
0.4470,4.5772,2.5580,11.6678,-2.1253,0.0015,-0.5954,0,1,0,0.35940,3
0.4356,4.4289,2.5727,11.4412,3.0313,0.0319,-0.4190,0,0,0,0.00000,3
0.3719,3.9691,2.7538,12.0656,2.3443,0.0659,-0.8556,0,1,0,0.78357,3
0.5117,4.7707,2.3310,11.6964,0.1032,0.0259,-0.7653,0,0,1,0.20038,3
0.4822,5.1692,2.5361,12.5390,-3.0189,0.0466,-1.5876,0,0,1,1.36774,1
0.3638,3.8908,2.7719,13.2241,3.0891,0.0518,-1.7515,0,2,3,2.16521,1
0.3719,4.0246,2.7709,12.4716,-2.5756,0.0364,-1.1361,0,0,1,0.95105,3
0.4219,4.3610,2.6185,12.1543,1.5795,0.0508,-1.0351,0,1,0,0.48256,1
0.4136,4.0798,2.5818,11.3554,-2.4476,0.0231,-0.3127,0,0,0,0.00000,3
0.4632,4.8656,2.5532,11.4668,-1.2538,0.0430,-0.4907,0,0,0,0.00000,1
0.4309,4.4931,2.6104,11.8670,2.6577,0.0597,-0.8144,0,0,1,0.27636,1
0.4367,4.4579,2.5752,11.7370,0.8406,0.0031,-0.6397,0,1,0,0.27852,1
0.3788,3.9905,2.7250,12.8166,-2.7929,0.0217,-1.4208,0,0,1,1.19090,1
0.4479,4.2352,2.4700,11.3985,-2.7414,0.0310,-0.3953,0,0,0,0.00000,1
0.5180,5.3207,2.4148,11.3183,-1.7892,0.0003,-0.3669,0,0,0,0.00000,3
0.4942,4.8924,2.4264,11.3199,3.0193,0.0311,-0.3772,0,0,0,0.00000,1
0.3623,3.9013,2.7835,12.0924,2.8404,0.1089,-0.9099,0,0,1,0.57007,3
0.4423,4.5105,2.5630,12.9507,2.3858,0.0193,-1.8026,0,0,4,3.05788,1
0.4247,4.6157,2.6706,11.8732,-2.6786,0.0849,-0.8394,0,0,1,0.38001,3
0.4462,4.3013,2.4940,12.6255,2.0491,0.0187,-1.4985,1,1,1,1.45098,1
0.4532,4.9192,2.6109,11.5549,-2.7042,0.1121,-0.6393,0,0,0,0.00000,1
0.4439,4.7355,2.6101,11.3883,2.7815,0.0311,-0.3834,0,0,0,0.00000,3
0.4937,4.9218,2.4346,12.6711,-0.5599,0.0235,-1.7317,0,1,1,1.00452,1
0.4009,4.0766,2.6408,11.6425,-2.5299,0.0461,-0.5532,0,1,0,0.42039,3
0.3871,4.0736,2.7073,12.0395,-2.0744,0.0288,-0.8221,0,1,0,0.74720,1
0.4922,5.2115,2.5013,11.3686,1.9719,0.0477,-0.4417,0,0,0,0.00000,3
0.4751,5.1928,2.5723,12.2133,-2.5858,0.0410,-1.2247,0,0,1,0.97936,3
0.4109,4.1999,2.6270,11.4059,1.6278,0.0705,-0.4054,0,0,0,0.00000,1
0.5132,5.3398,2.4385,11.4462,-0.1626,0.0058,-0.4945,0,0,0,0.00000,1
0.5026,5.0176,2.4177,11.4366,1.0704,0.0246,-0.4924,0,0,0,0.00000,3
0.3796,3.9251,2.7008,12.6829,-2.3859,0.0205,-1.3108,0,0,2,1.41360,1
0.4135,4.1658,2.6055,11.9529,-1.0637,0.0066,-0.7815,0,0,2,0.84917,1
0.4327,4.5798,2.6240,12.8982,-1.4856,0.0212,-1.7145,0,1,0,1.61856,1
0.3945,3.9761,2.6428,11.3233,-1.3834,0.0315,-0.2785,0,0,0,0.00000,1
0.5828,5.9432,2.2659,11.6552,0.9786,0.0082,-0.8339,0,0,0,0.00000,3
0.3980,4.0813,2.6558,11.3534,-2.6856,0.0800,-0.3607,0,0,0,0.00000,3
0.4396,4.6679,2.6139,11.4661,3.0262,0.1077,-0.5352,0,0,0,0.00000,1
0.4221,4.3025,2.6021,11.3299,0.8474,0.0003,-0.2751,0,0,0,0.00000,1
0.4506,4.8694,2.6112,11.5690,-2.7628,0.0103,-0.5257,0,1,0,0.26371,3
0.4327,4.7678,2.6705,11.3318,-2.6608,0.0403,-0.3340,0,0,0,0.00000,2
0.5396,5.5743,2.3741,11.2758,-1.7289,0.0265,-0.3784,0,0,0,0.00000,3
0.5238,5.0340,2.3360,11.3021,-1.5606,0.0317,-0.3927,0,0,0,0.00000,3
0.4715,4.8934,2.5229,11.4739,2.5527,0.0136,-0.4733,0,0,0,0.00000,3
0.5839,5.3894,2.1727,12.2389,1.1269,0.0323,-1.5557,0,0,1,0.72199,1
0.3916,3.9690,2.6548,11.3526,2.5613,0.0472,-0.3160,0,0,0,0.00000,3
0.4176,4.4244,2.6554,11.3947,1.6829,0.0164,-0.3417,0,0,0,0.00000,1
0.5500,5.6889,2.3528,11.3740,0.9158,0.1025,-0.5843,0,0,0,0.00000,1
0.4589,4.8376,2.5660,11.2751,2.8809,0.0132,-0.2801,0,0,0,0.00000,3
0.5000,4.8262,2.3887,11.7722,-0.5219,0.0543,-0.8575,0,0,1,0.50457,1
0.5038,4.7333,2.3543,11.2664,2.1098,0.0126,-0.3137,0,0,0,0.00000,1
0.3712,4.0305,2.7766,12.0422,3.0729,0.0115,-0.7647,0,0,1,0.76374,1
0.4914,4.4773,2.3483,12.0284,0.8133,0.0629,-1.1088,1,1,1,0.72991,1
0.4273,4.1929,2.5497,11.3350,1.7119,0.0143,-0.3001,0,0,0,0.00000,3
0.4058,4.0755,2.6167,11.9976,2.3922,0.0226,-0.8226,0,1,1,0.59727,3
0.4193,4.3863,2.6370,11.4408,1.9998,0.0419,-0.4108,0,0,0,0.00000,3
0.3854,4.1022,2.7241,11.8899,-2.6107,0.0664,-0.7481,0,0,1,0.34418,3
0.4421,4.4882,2.5580,11.9692,2.7128,0.0353,-0.8982,0,1,0,0.27051,1
0.4562,4.7486,2.5577,12.1593,-2.4939,0.0030,-1.0655,0,1,0,0.89926,3
0.5490,5.3895,2.3038,11.3166,-1.5836,0.0191,-0.4219,0,0,0,0.00000,3
0.5087,5.1477,2.4190,11.3002,-1.3228,0.0245,-0.3666,0,0,0,0.00000,3
0.3517,3.7682,2.7973,11.6838,2.4776,0.0227,-0.4786,0,1,0,0.45504,1
0.4915,4.8877,2.4368,11.5908,-2.6637,0.0030,-0.5989,0,0,0,0.00000,3
0.5126,4.8637,2.3461,12.2577,-0.2916,0.0296,-1.3598,0,0,1,0.58670,1
0.4476,4.3930,2.5105,11.2792,2.2554,0.0173,-0.2767,0,0,0,0.00000,3
0.4427,4.4364,2.5426,11.3364,2.8835,0.0690,-0.3806,0,0,0,0.00000,1
0.4943,5.1655,2.4831,12.6471,2.0583,0.0131,-1.6931,0,1,0,1.34863,1
0.4560,4.2790,2.4464,11.4314,-1.2319,0.0505,-0.4572,0,0,0,0.00000,3
0.5185,5.2688,2.4027,11.6364,1.3129,0.0202,-0.7116,0,0,0,0.00000,3
0.4070,4.0606,2.6070,11.3615,-1.3785,0.0146,-0.3011,0,0,0,0.00000,1
0.4566,4.9568,2.6040,11.4229,-1.7502,0.0018,-0.3949,0,0,0,0.00000,1
0.6138,5.7104,2.1149,12.3807,0.4555,0.0887,-1.9216,0,0,1,0.70871,1
0.4720,5.0434,2.5539,11.8932,1.7389,0.0432,-0.9055,0,0,2,0.53312,3
0.5227,4.9966,2.3330,11.8661,0.1717,0.0091,-0.9415,0,0,1,0.52424,1
0.3614,3.8408,2.7689,12.4028,-2.5310,0.0560,-1.0770,0,1,1,1.14042,1
0.3423,3.7764,2.8525,13.0220,-2.5081,0.1008,-1.5669,0,1,0,1.66096,0
0.3897,4.1903,2.7282,12.0463,-2.8873,0.0323,-0.8385,0,1,0,0.55487,3
0.4602,4.4586,2.4720,11.4893,2.4337,0.0321,-0.4927,0,0,0,0.00000,1
0.3929,4.1159,2.6909,12.3436,-2.3757,0.0040,-1.0502,0,1,0,0.83301,1
0.5059,4.6634,2.3312,12.4566,1.3704,0.0102,-1.5204,0,0,1,0.72922,1
0.6319,6.0931,2.1046,11.4204,0.0335,0.0898,-0.7375,0,0,0,0.00000,1
0.5052,5.0448,2.4128,11.4441,2.2094,0.0016,-0.4756,0,0,0,0.00000,3
0.4543,4.5263,2.5134,12.6006,-1.2214,0.0001,-1.4752,0,1,0,1.45865,1
0.5364,5.3012,2.3373,11.7799,0.3122,0.0325,-0.9112,0,0,1,0.36507,1
0.5440,4.9775,2.2480,11.5259,0.8742,0.0501,-0.6728,0,0,0,0.00000,3
0.4572,4.4640,2.4861,12.5819,1.3464,0.0009,-1.4677,0,0,1,1.31846,1
0.4310,4.1449,2.5206,11.9579,-2.0160,0.0052,-0.8215,1,1,2,1.31707,1
0.3604,3.9024,2.7938,11.3915,2.5966,0.0925,-0.3646,0,0,0,0.00000,3
0.4623,4.3631,2.4401,11.3239,0.5723,0.0421,-0.3587,0,0,0,0.00000,1
0.4249,4.3944,2.6129,11.3651,-1.9404,0.0298,-0.3408,0,0,0,0.00000,3
0.3654,3.9718,2.7888,11.9872,-2.7143,0.2199,-0.9791,1,1,1,0.70012,1
0.5044,5.2620,2.4599,12.2966,-2.8286,0.0148,-1.3582,0,1,0,0.59869,1
0.4924,5.1303,2.4836,11.9826,-1.6208,0.0204,-1.0099,0,0,1,0.58867,3
0.5431,5.3695,2.3232,11.5180,0.1895,0.0325,-0.6433,0,0,0,0.00000,1
0.4916,4.4601,2.3437,11.7226,-2.0109,0.0090,-0.7315,0,1,0,0.35697,1
0.4853,4.5679,2.3928,11.3656,-0.5747,0.0538,-0.4362,0,0,0,0.00000,1
0.4820,4.5120,2.3934,11.4449,-2.1855,0.0248,-0.4721,0,0,0,0.00000,1
0.5123,5.2254,2.4198,12.4460,2.9014,0.0021,-1.5233,0,0,1,0.94979,1
0.4251,4.2639,2.5781,11.3739,-2.8069,0.0791,-0.4051,0,0,0,0.00000,1
0.4313,4.1534,2.5215,11.4966,-2.7632,0.0239,-0.4502,0,0,0,0.00000,1
0.4565,4.7342,2.5530,11.4235,1.4366,0.0524,-0.4539,0,0,0,0.00000,1
0.4241,4.1699,2.5578,12.1817,-2.0123,0.0437,-1.0552,0,1,0,0.90395,1
0.4616,4.9126,2.5711,11.8912,3.1379,0.0550,-0.8961,0,1,0,0.47046,1
0.4852,4.6076,2.4019,11.8149,-0.5823,0.0178,-0.8217,0,1,0,0.34309,3
0.5277,5.0045,2.3151,11.6721,-0.5175,0.0603,-0.8143,0,0,0,0.00000,1
0.4730,4.3265,2.3875,11.6618,1.5214,0.0179,-0.6522,0,1,0,0.33691,3
0.4309,4.5541,2.6259,12.9008,-2.5181,0.0605,-1.7759,0,1,1,1.15677,1
0.4338,4.7363,2.6576,11.9443,2.2638,0.0104,-0.8259,0,0,1,0.27248,1
0.3986,4.2872,2.7107,11.8780,3.0891,0.0232,-0.7107,0,0,1,0.46788,3
0.4858,5.2397,2.5352,12.2684,-1.5999,0.0260,-1.2900,0,1,0,0.67678,1
0.4968,4.9738,2.4327,11.2607,-2.6106,0.0383,-0.3320,0,0,0,0.00000,1
0.5138,5.5201,2.4705,11.3006,2.3512,0.0034,-0.3493,0,0,0,0.00000,3
0.4974,5.0183,2.4394,11.3560,-1.2410,0.0018,-0.3812,0,0,0,0.00000,3
0.4101,4.3682,2.6765,12.2246,-2.2335,0.0246,-1.0288,0,0,1,0.50933,3
0.4395,4.5231,2.5786,11.3576,-1.7009,0.0728,-0.4000,0,0,0,0.00000,3
0.3928,4.1087,2.6893,12.2297,-2.7076,0.0150,-0.9718,0,1,0,0.79652,3
0.4863,5.2436,2.5335,11.3352,-2.7274,0.0387,-0.3930,0,0,0,0.00000,3
0.5226,4.7289,2.2804,11.8263,-0.0462,0.0108,-0.8998,0,0,3,0.78284,1
0.3861,3.9700,2.6819,11.7823,1.8116,0.0031,-0.5852,0,1,0,0.17613,1
0.4262,4.4793,2.6291,11.4790,1.6770,0.0247,-0.4308,0,1,0,0.20288,1
0.4796,4.6806,2.4412,11.2953,-0.4886,0.0318,-0.3392,0,0,0,0.00000,1
0.3810,4.1433,2.7589,12.7647,-2.5644,0.0830,-1.4832,0,1,1,1.53903,1
0.3647,3.8090,2.7415,11.3639,-2.6092,0.0730,-0.3270,0,0,0,0.00000,3
0.4282,4.3722,2.5920,11.8838,3.0236,0.0378,-0.7950,0,1,0,0.17565,1
0.4172,4.1022,2.5712,11.4299,2.9846,0.0428,-0.3997,0,0,0,0.00000,1
0.4063,4.1356,2.6314,11.6183,2.9007,0.0509,-0.5480,0,1,0,0.26825,3
0.4527,4.9085,2.6106,11.3310,2.2098,0.0526,-0.3682,0,0,0,0.00000,3
0.4628,4.4549,2.4599,11.2610,1.6616,0.0070,-0.2632,0,0,0,0.00000,3
0.4990,4.8448,2.3969,12.6966,-1.1835,0.0300,-1.7893,0,0,1,1.29676,1
0.5505,4.9899,2.2259,11.4029,0.0314,0.0267,-0.5221,0,0,0,0.00000,3
0.4660,4.5760,2.4749,11.3574,2.7237,0.0085,-0.3539,0,0,0,0.00000,3
0.5068,5.3349,2.4640,11.4057,-0.9748,0.0011,-0.4409,0,0,0,0.00000,3
0.4456,4.3357,2.5050,11.3872,2.9034,0.0273,-0.3788,0,0,0,0.00000,1
0.4919,4.5543,2.3631,11.3281,-0.3732,0.0706,-0.4278,0,0,0,0.00000,1
0.5442,5.5599,2.3531,11.3690,1.8710,0.0290,-0.4838,0,0,0,0.00000,3
0.5337,5.3638,2.3595,11.6010,0.2462,0.0024,-0.6787,0,0,0,0.00000,3
0.4684,4.6150,2.4737,11.5127,1.3589,0.0529,-0.5510,0,0,0,0.00000,3
0.4320,4.1825,2.5258,12.1776,2.9201,0.0293,-1.0520,0,0,1,0.92098,1
0.5337,5.1417,2.3178,11.3698,0.1241,0.0083,-0.4453,0,0,0,0.00000,3
0.3953,4.1397,2.6856,11.3550,2.0962,0.0155,-0.2856,0,0,0,0.00000,1
0.4084,4.0897,2.6084,12.1217,2.5387,0.0637,-0.9894,0,0,1,0.75164,1
0.3480,3.7937,2.8264,12.1495,-2.7860,0.0988,-0.9041,0,1,0,0.89641,3
0.4119,4.3675,2.6675,12.9897,1.5669,0.0065,-1.6857,0,1,1,1.30840,1
0.4666,4.3367,2.4162,12.0800,0.3153,0.0122,-1.0267,0,1,0,0.32037,1
0.5616,5.3549,2.2494,12.1037,0.5108,0.0217,-1.3167,0,0,1,0.45593,1
0.4261,4.4797,2.6293,11.6483,-2.4412,0.0631,-0.6197,0,0,1,0.29033,3
0.4272,4.1373,2.5353,11.9318,1.3572,0.0322,-0.8266,0,0,1,0.48002,1
0.5456,5.2517,2.2923,11.7000,-1.3593,0.0065,-0.8088,0,1,0,0.28056,3
0.4506,4.8652,2.6100,12.0116,1.3878,0.0024,-0.9145,0,0,1,0.55508,1
0.4302,4.1400,2.5226,11.3195,2.9409,0.0309,-0.3093,0,0,0,0.00000,1
0.4204,4.3930,2.6340,11.3476,2.8142,0.0072,-0.2958,0,0,0,0.00000,3
0.4923,5.0239,2.4621,11.6785,-2.7959,0.0397,-0.7319,0,1,0,0.21749,1
0.3641,3.9279,2.7820,12.3086,-2.4604,0.0229,-0.9654,0,1,0,0.97251,1
0.3897,4.1571,2.7188,12.7226,3.0645,0.0530,-1.4330,1,1,1,1.31192,1
0.3299,3.6170,2.8686,11.3508,2.5520,0.0505,-0.2597,0,0,0,0.00000,1
0.4568,4.8891,2.5872,12.2711,-2.3101,0.0173,-1.1943,1,1,0,0.79285,3
0.4688,4.4233,2.4273,11.6362,1.5832,0.0522,-0.6650,0,0,0,0.00000,3
0.4463,4.6235,2.5721,12.1161,2.2360,0.0545,-1.0697,0,0,1,0.82345,3
0.4958,5.4591,2.5363,13.2190,-2.0717,0.0125,-2.3277,0,1,2,2.68056,0
0.4220,4.2823,2.5975,11.3784,2.5060,0.0718,-0.3970,0,0,0,0.00000,1
0.4752,5.2265,2.5791,11.3707,-2.9781,0.0209,-0.3928,0,0,0,0.00000,3
0.3963,4.1598,2.6865,12.9408,-2.6555,0.0023,-1.5668,0,0,2,0.88930,1
0.5709,5.3995,2.2224,11.4045,-1.3602,0.0276,-0.5538,0,0,0,0.00000,1
0.3827,4.1034,2.7384,13.2502,2.6119,0.0453,-1.8547,0,1,0,1.10964,1
0.4356,4.3236,2.5460,12.8351,2.8787,0.0149,-1.6539,0,0,1,1.16178,1
0.4153,4.4773,2.6804,13.0647,2.6348,0.0400,-1.8290,1,1,0,1.83595,1
0.5224,5.2654,2.3863,11.3332,1.5410,0.0243,-0.4146,0,0,0,0.00000,3
0.5394,5.4463,2.3517,11.5793,2.5962,0.0203,-0.6879,0,0,0,0.00000,1
0.4829,4.9124,2.4780,11.4936,-2.9635,0.0464,-0.5466,0,0,0,0.00000,1
0.4772,4.5488,2.4216,11.8238,-1.0901,0.0132,-0.8082,0,0,1,0.38668,3
0.3994,4.1662,2.6730,11.4497,-2.3573,0.0431,-0.3950,0,0,0,0.00000,3
0.4706,4.8381,2.5146,12.2428,1.9858,0.0269,-1.2195,0,1,0,0.87596,1
0.3467,3.7242,2.8105,12.9959,-2.6999,0.1279,-1.6129,0,1,0,1.89401,1
0.4780,4.9583,2.5088,12.1462,2.8615,0.0341,-1.1551,0,1,0,0.74628,1
0.5052,5.3251,2.4691,11.4665,-3.1065,0.0052,-0.5030,0,0,0,0.00000,3
0.5030,4.6758,2.3453,11.5729,-0.0730,0.0278,-0.6290,0,0,0,0.00000,3
0.4207,4.3576,2.6230,11.5384,2.8474,0.0916,-0.5524,0,0,0,0.00000,1
0.3370,3.6815,2.8504,11.7690,2.4632,0.0414,-0.5358,0,1,0,0.22032,1
0.4707,4.5644,2.4521,11.5621,2.7478,0.0281,-0.5696,0,0,0,0.00000,1
0.3755,3.9483,2.7290,12.1039,-2.8957,0.0373,-0.8563,0,1,0,0.48932,3
0.3796,4.0636,2.7428,12.5169,3.1286,0.0064,-1.1538,0,0,1,1.13866,1
0.5115,5.1743,2.4129,11.8726,1.0549,0.0157,-0.9346,0,0,1,0.42024,3
0.4730,4.9160,2.5215,12.2670,2.2851,0.0035,-1.2173,0,1,1,0.71515,1
0.4217,4.3088,2.6058,12.0702,-2.6865,0.0114,-0.9071,0,0,1,0.62459,3
0.3341,3.6558,2.8576,12.1264,2.5548,0.0722,-0.8175,0,1,0,0.90603,3
0.3856,4.1678,2.7425,12.4421,2.1874,0.0253,-1.1401,0,0,1,0.77460,1
0.4099,4.3919,2.6838,12.7215,-1.8920,0.0321,-1.4763,0,1,0,1.11004,1
0.5023,4.6824,2.3493,11.3895,-0.6193,0.0318,-0.4534,0,0,0,0.00000,3
0.4195,4.4629,2.6564,11.3025,1.6898,0.0299,-0.2846,0,0,0,0.00000,1
0.4212,4.2495,2.5921,11.4653,1.6019,0.0613,-0.4559,0,0,0,0.00000,3
0.4027,4.0336,2.6197,11.2973,1.8083,0.0273,-0.2616,0,0,0,0.00000,3
0.5009,5.2394,2.4699,11.8137,-2.5473,0.0175,-0.8555,0,1,0,0.46996,3
0.3689,3.8800,2.7417,11.9310,2.1144,0.0159,-0.6811,0,0,1,0.58458,1
0.5627,5.4862,2.2681,11.5366,-1.6048,0.0039,-0.6585,0,0,0,0.00000,1
0.3931,4.0882,2.6816,12.1645,2.4679,0.0452,-0.9606,0,0,1,0.46378,3
0.3929,4.0398,2.6687,11.3179,-1.8737,0.0163,-0.2559,0,0,0,0.00000,1
0.3785,4.1014,2.7597,12.8468,-2.8540,0.0199,-1.4423,0,1,1,1.45156,1
0.3680,3.8731,2.7445,13.0131,-2.8278,0.0363,-1.5649,0,1,1,1.61235,1
0.5112,5.4654,2.4713,11.4611,1.5586,0.0337,-0.5404,0,0,0,0.00000,3
0.4646,4.8506,2.5437,12.1446,2.4732,0.0307,-1.1126,0,1,0,0.34226,3
0.3482,3.7191,2.8004,11.8525,-3.0108,0.0904,-0.6756,0,1,0,0.41575,3
0.4663,4.9118,2.5498,12.1763,2.6451,0.0664,-1.1980,0,0,2,0.59121,1
0.3931,4.1036,2.6863,11.7165,-2.8823,0.0697,-0.6285,0,0,1,0.23443,3
0.5179,4.8096,2.3146,11.6011,-0.8804,0.0085,-0.6573,0,0,0,0.00000,3
0.4822,4.6953,2.4336,11.4979,-1.7252,0.0035,-0.4970,0,0,0,0.00000,3
0.5208,5.2730,2.3942,12.5459,-1.3545,0.0019,-1.6616,0,0,1,0.89785,1
0.4011,4.0009,2.6183,12.6500,-1.5649,0.0335,-1.3814,0,1,0,1.49867,1
0.4558,4.8689,2.5874,11.3679,-2.3454,0.0077,-0.3522,0,0,0,0.00000,3
0.4432,4.5663,2.5726,11.4003,-0.9054,0.0149,-0.3736,0,0,0,0.00000,1
0.4481,4.2973,2.4845,12.6223,0.8138,0.0121,-1.4917,0,1,0,1.23658,1
0.5614,5.6937,2.3082,11.3175,-2.7724,0.0098,-0.4274,0,0,0,0.00000,1
0.4171,4.2843,2.6207,12.5044,1.1740,0.0097,-1.2723,1,1,1,0.59395,1
0.4337,4.2621,2.5386,12.7062,-2.0922,0.0313,-1.5507,0,0,4,0.96610,1
0.4533,4.4397,2.4971,11.3115,-0.5798,0.0223,-0.3159,0,0,0,0.00000,1
0.3794,4.0281,2.7329,12.2460,-2.7560,0.0612,-1.0121,0,0,1,0.74116,3
0.4814,5.0407,2.5120,11.3120,-1.1805,0.0131,-0.3359,0,0,0,0.00000,1
0.4170,4.2184,2.6036,12.1162,-2.4347,0.0285,-0.9582,0,1,0,0.84965,3
0.4176,4.3292,2.6301,11.9021,3.1112,0.0607,-0.8181,0,0,1,0.33577,1
0.4539,4.4522,2.4975,12.6784,-1.2996,0.0344,-1.6051,0,1,0,1.41054,1
0.3550,3.7670,2.7796,11.9111,2.4002,0.0154,-0.6369,0,0,1,0.58875,1
0.4377,4.2598,2.5207,11.3064,2.5986,0.0083,-0.2799,0,0,0,0.00000,3
0.5325,5.6326,2.4135,11.4116,-1.0354,0.0357,-0.5216,0,0,0,0.00000,1
0.4087,4.1683,2.6291,11.3120,2.8172,0.0132,-0.2625,0,0,0,0.00000,3
0.5013,4.5312,2.3212,12.4745,0.3673,0.0470,-1.5829,0,1,0,0.88143,1
0.3643,3.8371,2.7524,11.5373,2.8199,0.0140,-0.3826,0,1,0,0.21003,1
0.4771,4.6210,2.4382,12.5762,0.8450,0.0129,-1.5521,0,1,0,1.27861,1
0.5577,5.6391,2.3137,11.4157,1.0198,0.0115,-0.5301,0,0,0,0.00000,3
0.5688,5.4384,2.2366,11.7065,0.2487,0.0372,-0.9004,0,0,0,0.00000,3
0.5114,5.1738,2.4134,11.4617,0.6681,0.0155,-0.5184,0,0,0,0.00000,1
0.4984,5.1143,2.4552,11.5187,1.1538,0.0040,-0.5420,0,0,0,0.00000,3
0.4193,4.1588,2.5770,11.8682,-1.9584,0.0237,-0.7443,0,1,0,0.41451,3
0.4199,4.1253,2.5651,11.4866,-2.4234,0.0496,-0.4577,0,0,0,0.00000,1
0.3519,3.8692,2.8295,12.5755,-2.5365,0.0278,-1.1386,1,2,0,1.19993,1
0.3683,4.0396,2.7947,12.8817,-2.6937,0.0149,-1.4216,0,1,3,1.16537,1
0.4281,4.3764,2.5938,11.8574,-0.9974,0.0035,-0.7277,0,0,1,0.29901,1
0.5761,5.3577,2.1960,11.4928,0.7475,0.1119,-0.7643,0,0,0,0.00000,3
0.4267,4.3795,2.6008,12.1609,-2.8938,0.0688,-1.0788,0,0,2,1.16546,1
0.4937,4.8636,2.4226,11.4775,-1.9251,0.0127,-0.5050,0,0,0,0.00000,3
0.5125,4.8146,2.3368,11.2939,0.4381,0.0075,-0.3434,0,0,0,0.00000,3
0.4051,4.4255,2.7166,11.5849,2.5421,0.1808,-0.6748,0,0,0,0.00000,1
0.4539,4.3214,2.4658,11.8990,-1.6687,0.0241,-0.8440,0,0,1,0.58093,1
0.4360,4.2354,2.5217,11.9224,-2.2287,0.0102,-0.8084,0,0,1,0.46124,3
0.5006,4.5959,2.3378,11.9587,0.2484,0.0044,-0.9788,0,0,1,0.19348,1
0.4415,4.3591,2.5286,12.2916,-1.8093,0.0093,-1.1548,0,1,0,1.05391,1
0.4966,5.4633,2.5336,11.4734,1.5831,0.0254,-0.5226,0,0,0,0.00000,1
0.4851,5.2254,2.5353,11.8529,2.4198,0.0543,-0.9092,0,1,0,0.38301,3
0.4073,4.0469,2.6016,11.6271,1.5689,0.0175,-0.5158,0,0,1,0.20205,1
0.4164,4.3545,2.6426,11.6216,3.1352,0.0062,-0.5125,0,1,0,0.20882,3
0.3620,3.9308,2.7944,11.5748,-2.3064,0.1030,-0.5113,0,1,0,0.20481,3
0.5396,5.1758,2.3013,11.5695,0.4284,0.0821,-0.7537,0,0,0,0.00000,1
0.5512,5.4115,2.2991,12.8441,-1.5833,0.0248,-2.1643,0,0,3,2.85187,1
0.5189,5.6111,2.4662,11.9328,-1.0443,0.0296,-1.0349,0,0,1,0.41128,1
0.3875,4.1553,2.7290,12.0549,1.8538,0.0317,-0.8395,0,1,0,0.36223,1
0.5263,4.7918,2.2790,11.3395,0.5316,0.0519,-0.4561,0,0,0,0.00000,3
0.3822,3.9796,2.7041,11.8557,3.0604,0.0972,-0.7536,0,0,1,0.41945,1
0.3896,3.9908,2.6710,12.3774,2.5916,0.0840,-1.1836,0,0,1,0.99912,1
0.3870,4.2123,2.7483,13.1041,2.5670,0.0389,-1.7329,1,1,0,1.55295,1
0.4710,4.6214,2.4641,11.5791,-1.7265,0.0259,-0.5833,0,0,0,0.00000,3
0.3336,3.6398,2.8551,11.7229,-3.0869,0.0251,-0.4793,0,0,0,0.00000,1
0.4397,4.2402,2.5069,11.2811,0.7178,0.0407,-0.2975,0,0,0,0.00000,1
0.5004,4.7412,2.3694,12.0561,-0.9098,0.0235,-1.1054,0,0,1,0.70582,1
0.4627,5.0718,2.6018,12.4050,2.0760,0.0175,-1.3431,0,1,0,1.12983,3
0.4502,4.7223,2.5782,11.3219,1.7325,0.0165,-0.3160,0,0,0,0.00000,1
0.4522,4.8759,2.6053,12.0489,-2.6590,0.0418,-1.0052,0,1,0,0.49297,3
0.4824,4.4520,2.3784,11.3083,1.0427,0.0217,-0.3415,0,0,0,0.00000,3
0.6309,6.1369,2.1144,11.5232,-1.3821,0.0331,-0.7923,0,0,0,0.00000,1
0.3902,4.0703,2.6910,11.4615,2.9534,0.0347,-0.3833,0,0,0,0.00000,3
0.5165,5.3900,2.4345,11.5057,0.5060,0.0055,-0.5583,0,0,0,0.00000,1
0.3388,3.6909,2.8429,13.1562,-2.6986,0.1177,-1.6921,0,1,0,2.08857,1
0.3979,3.9979,2.6327,11.9551,-1.1658,0.0100,-0.7533,0,0,1,0.38181,1
0.4526,4.8215,2.5905,11.4306,1.7841,0.0702,-0.4767,0,0,0,0.00000,3
0.4904,5.0760,2.4811,11.5363,2.9013,0.0022,-0.5451,0,0,0,0.00000,3
0.4639,4.4661,2.4580,11.4010,-1.9658,0.0184,-0.4019,0,0,0,0.00000,3
0.4392,4.5356,2.5830,12.1672,-0.6568,0.0050,-1.0297,0,1,0,0.77275,1
0.5606,5.4242,2.2652,12.5465,-0.1628,0.0328,-1.8541,0,1,1,0.84640,1
0.4812,5.1470,2.5355,11.4706,1.2871,0.0123,-0.4826,0,0,0,0.00000,1
0.4354,4.3722,2.5595,11.4394,-1.9454,0.0134,-0.3953,0,0,0,0.00000,3
0.4285,4.1375,2.5296,11.3236,2.7444,0.0309,-0.3109,0,0,0,0.00000,1
0.3964,4.3260,2.7325,11.9966,-2.6229,0.0905,-0.8897,0,1,0,0.42535,3
0.4050,4.2305,2.6638,12.1028,-1.7949,0.0289,-0.9175,0,0,2,0.49645,1
0.4487,4.3567,2.4965,11.3211,-1.3630,0.0387,-0.3384,0,0,0,0.00000,3
0.3767,3.9783,2.7319,12.5234,3.0928,0.0282,-1.1816,0,0,1,1.24908,1
0.4580,4.7220,2.5434,12.1157,-1.3085,0.0098,-1.0385,0,0,0,0.00000,1
0.3899,4.0286,2.6806,11.9563,-3.0117,0.0906,-0.8422,0,1,0,0.60900,1
0.3513,3.8113,2.8141,11.4134,2.6633,0.1888,-0.4802,0,0,0,0.00000,3
0.4511,4.3915,2.4949,12.7857,1.1103,0.0213,-1.6785,0,1,1,1.44854,1
0.3577,3.7756,2.7677,11.3391,2.7008,0.0295,-0.2536,0,0,0,0.00000,1
0.5094,5.5538,2.4958,12.9916,-3.0419,0.0332,-2.1724,1,1,0,1.63911,1
0.4916,4.7159,2.3993,11.9086,-2.5739,0.0118,-0.9199,0,0,1,0.51830,1
0.4329,4.4522,2.5907,11.2629,-1.4506,0.0350,-0.2701,0,0,0,0.00000,1
0.5592,5.5488,2.2921,12.2657,-1.4519,0.0353,-1.5204,0,0,1,0.63441,1
0.4288,4.1447,2.5302,11.7118,3.0911,0.0085,-0.6097,0,0,2,0.65058,3
0.4888,4.4469,2.3517,11.4198,0.3544,0.0145,-0.4443,0,0,0,0.00000,3
0.3756,3.9272,2.7221,11.7026,-2.3844,0.0478,-0.5611,0,1,0,0.17126,3
0.4368,4.7084,2.6364,13.0240,-1.7733,0.0267,-1.8648,1,1,0,1.41501,1
0.4408,4.2617,2.5072,11.3642,0.7429,0.0345,-0.3622,0,0,0,0.00000,1
0.4225,4.3305,2.6078,12.0413,-2.3381,0.0323,-0.9122,0,1,0,0.51777,3
0.5084,4.7453,2.3385,11.7990,-0.5620,0.0518,-0.8976,0,0,1,0.46446,1
0.6419,5.9946,2.0555,12.5823,0.1522,0.0168,-2.1758,0,1,1,1.23082,1
0.4831,4.7540,2.4429,12.1218,-2.9311,0.0040,-1.1007,0,0,1,0.70669,1
0.4516,4.4221,2.5000,11.4831,-0.9879,0.0197,-0.4610,0,0,0,0.00000,1
0.4320,4.2517,2.5436,11.4622,1.1678,0.0745,-0.4825,0,0,0,0.00000,1
0.4617,4.8557,2.5577,11.5158,1.9149,0.0976,-0.5986,0,0,0,0.00000,3
0.4209,4.5897,2.6822,12.3452,2.1540,0.0453,-1.1955,0,1,1,0.84530,3
0.4144,4.5678,2.7085,11.4005,1.9366,0.0282,-0.3567,0,0,0,0.00000,0
0.6199,5.7968,2.1058,12.3392,-0.6964,0.0370,-1.8049,0,0,1,0.96993,1
0.4639,4.8103,2.5377,11.4377,2.9593,0.0143,-0.4312,0,0,0,0.00000,3
0.4788,5.0484,2.5249,12.1017,-1.2393,0.0303,-1.1082,0,1,0,0.53207,1
0.4283,4.4477,2.6109,11.4945,2.9088,0.1017,-0.5376,0,0,0,0.00000,1
0.3994,4.3042,2.7114,13.2323,-2.9495,0.0327,-1.8975,0,1,2,1.88676,1
0.4635,4.7486,2.5254,11.9811,-2.5542,0.0368,-0.9610,0,0,1,0.42074,1
0.3998,4.2212,2.6865,11.3156,-2.0728,0.0076,-0.2510,0,0,0,0.00000,1
0.4208,4.4111,2.6364,12.4925,2.0106,0.0396,-1.3196,0,0,1,0.99025,1
0.4099,4.2622,2.6488,11.6053,2.9187,0.0797,-0.5779,0,0,0,0.00000,1
0.3907,4.0322,2.6774,11.2426,2.3184,0.0341,-0.2173,0,0,0,0.00000,3
0.5510,5.1076,2.2454,12.0369,1.6364,0.0078,-1.1912,0,0,1,0.67234,1
0.4420,4.7178,2.6146,11.3812,-2.7434,0.0343,-0.3788,0,0,0,0.00000,3
0.5069,5.5086,2.4979,13.1678,2.2416,0.0045,-2.3097,0,1,3,5.91133,1
0.3920,4.2489,2.7330,12.6997,-2.6644,0.0379,-1.3987,0,0,2,1.49161,1
0.4350,4.5893,2.6154,13.0312,2.6439,0.0338,-1.8758,0,0,1,1.55272,1
0.4988,4.9148,2.4122,11.3018,0.9253,0.0523,-0.3895,0,0,0,0.00000,1
0.4788,4.8950,2.4919,12.6191,2.9677,0.0142,-1.6066,1,1,1,0.74562,1
0.3636,4.0005,2.8076,11.4047,2.8661,0.2180,-0.5207,0,0,0,0.00000,1
0.4067,4.3944,2.7000,13.2785,2.8000,0.0500,-2.0095,1,1,1,1.14665,1
0.4177,4.4019,2.6492,12.3699,2.7606,0.0228,-1.1748,0,1,0,1.07508,1
0.4418,4.8428,2.6454,12.9238,-2.2618,0.0197,-1.7768,0,0,1,1.87454,1
0.4428,4.2025,2.4838,12.6830,2.9895,0.0124,-1.5304,0,1,1,1.51941,1
0.3811,4.1889,2.7719,11.8626,-2.4430,0.1013,-0.7613,0,0,1,0.42972,3
0.4265,4.5989,2.6580,11.5060,2.5240,0.1689,-0.6245,0,0,0,0.00000,1
0.5224,4.7317,2.2819,11.5137,-0.0682,0.0732,-0.6553,0,0,0,0.00000,1
0.4325,4.6105,2.6326,12.4259,1.4641,0.0153,-1.2613,1,1,0,0.98168,1
0.3503,3.7349,2.7941,11.7679,-2.1234,0.0258,-0.5391,0,1,0,0.56127,1
0.5087,5.2484,2.4392,11.6519,-2.3183,0.0643,-0.7656,0,0,0,0.00000,1
0.4515,4.4736,2.5128,11.3769,-1.9723,0.0198,-0.3682,0,0,0,0.00000,3
0.4427,4.7241,2.6128,11.4876,2.0694,0.0159,-0.4497,0,0,0,0.00000,1
0.3913,4.2625,2.7404,12.6046,-2.4166,0.0626,-1.3517,1,1,0,1.11382,1
0.4717,4.6835,2.4753,12.4173,-2.9378,0.0224,-1.3884,1,1,0,0.93017,1
0.5620,5.2107,2.2230,11.5025,-0.0222,0.0184,-0.6363,0,0,0,0.00000,3
0.5046,5.0541,2.4171,12.5520,2.8878,0.0092,-1.6209,0,0,1,0.86521,1
0.4541,4.4697,2.5008,11.9000,1.4712,0.0055,-0.8217,0,1,0,0.18269,3
0.4485,4.5894,2.5540,11.3471,-1.6494,0.0249,-0.3454,0,0,0,0.00000,3
0.4267,4.1604,2.5438,12.3726,-2.5220,0.0229,-1.2035,0,0,1,1.00017,1
0.5903,5.7483,2.2069,11.6267,2.2214,0.0029,-0.8062,0,0,1,0.19354,1
0.4404,4.4414,2.5541,12.7523,-3.0067,0.0159,-1.5956,1,1,0,1.33682,1
0.4909,4.4610,2.3466,11.4035,1.7991,0.0267,-0.4460,0,0,0,0.00000,1
0.3779,3.9008,2.7024,11.9025,2.1187,0.0689,-0.7455,0,1,0,0.64272,3
0.4657,5.1284,2.6008,12.3432,2.8432,0.0604,-1.3535,0,1,1,0.95884,0
0.4247,4.3556,2.6039,12.7437,2.6958,0.0398,-1.5659,0,1,1,0.98148,1
0.5286,5.4422,2.3944,12.7597,1.4833,0.0030,-1.9353,0,0,1,1.45772,1
0.4577,4.9155,2.5891,11.5027,-1.5087,0.0163,-0.4842,0,0,0,0.00000,1
0.5091,5.1588,2.4196,11.6648,1.7985,0.0372,-0.7452,0,0,0,0.00000,3
0.4239,4.4300,2.6272,11.4159,-2.4584,0.1065,-0.4708,0,0,0,0.00000,1
0.4103,4.0495,2.5888,11.9976,1.0988,0.0150,-0.8223,0,0,1,0.59662,1
0.4799,4.5857,2.4187,11.4037,-2.1919,0.0351,-0.4434,0,0,0,0.00000,1
0.5208,5.1492,2.3702,11.4697,-1.3868,0.0667,-0.6012,0,0,0,0.00000,3
0.4812,5.0274,2.5101,11.3286,-2.3287,0.0027,-0.3390,0,0,0,0.00000,3
0.4405,4.5815,2.5883,11.6102,-2.6971,0.0936,-0.6468,0,0,0,0.00000,1
0.4258,4.6356,2.6704,11.8945,1.9699,0.0256,-0.7844,0,0,1,0.57822,1
0.3925,4.0615,2.6770,11.4490,-1.8171,0.0491,-0.3932,0,0,0,0.00000,1
0.3724,3.8545,2.7158,11.3333,2.4793,0.1523,-0.4022,0,0,0,0.00000,1
0.3843,4.0022,2.7005,11.7821,-2.5230,0.0708,-0.6661,0,1,1,0.36699,3
0.4730,5.1152,2.5650,11.7554,1.7266,0.0437,-0.7766,0,0,1,0.35313,3
0.4898,5.0041,2.4684,11.2732,-2.9638,0.0168,-0.3124,0,0,0,0.00000,3
0.4472,4.9178,2.6383,12.8129,2.8807,0.0868,-1.7990,0,1,0,0.21816,1
0.4800,5.0076,2.5112,11.3730,1.4375,0.0182,-0.3966,0,0,0,0.00000,1
0.4216,4.1612,2.5668,11.7072,1.4570,0.0283,-0.6185,0,0,1,0.40823,3
0.4953,4.4931,2.3362,11.2712,-0.7921,0.0123,-0.3089,0,0,0,0.00000,3
0.5167,5.4294,2.4412,11.4393,-0.7999,0.0330,-0.5250,0,0,0,0.00000,1
0.5047,5.0560,2.4172,11.7464,-2.6941,0.0045,-0.7773,0,1,0,0.29510,3
0.4105,4.3523,2.6702,11.2544,-2.6422,0.0452,-0.2554,0,0,0,0.00000,3
0.4617,4.3863,2.4484,11.3232,1.2836,0.0456,-0.3616,0,0,0,0.00000,3
0.3845,3.9375,2.6803,11.6358,-1.8177,0.0646,-0.5447,0,0,1,0.23617,3
0.4031,4.4328,2.7287,12.0072,2.8188,0.0310,-0.8365,0,1,0,0.43625,3
0.4849,4.4477,2.3674,11.8233,-0.3030,0.0218,-0.8337,0,0,1,0.38474,1
0.4279,4.5250,2.6325,11.5038,3.1152,0.0046,-0.4301,0,0,0,0.00000,1
0.4513,4.2529,2.4597,11.3977,2.7931,0.0216,-0.3875,0,0,0,0.00000,1
0.3702,3.8543,2.7274,12.4494,2.3336,0.0141,-1.0801,0,0,1,1.03236,1
0.4825,5.0462,2.5085,11.3974,-0.5427,0.0006,-0.4016,0,0,0,0.00000,1
0.4758,4.5357,2.4243,11.2579,-1.5269,0.0066,-0.2720,0,0,0,0.00000,3
0.4681,4.8403,2.5260,12.7347,1.8035,0.0322,-1.7143,0,1,0,1.56413,1
0.6064,5.6177,2.1275,11.3436,0.2419,0.0166,-0.5182,0,0,0,0.00000,1
0.4220,4.3963,2.6273,11.3384,-1.2538,0.0010,-0.2829,0,0,0,0.00000,1
0.4936,4.9577,2.4427,12.5117,2.4108,0.0226,-1.5603,0,1,0,1.34005,1
0.3815,4.1718,2.7647,12.3570,2.9467,0.1171,-1.1874,1,1,1,1.15222,1
0.3823,4.2083,2.7715,12.8305,-2.4450,0.0492,-1.4908,1,1,1,0.88847,0
0.4434,4.6213,2.5847,11.3126,2.0127,0.0701,-0.3624,0,0,0,0.00000,3
0.3488,3.7328,2.8018,13.2637,2.6615,0.0809,-1.7652,0,1,1,2.02437,1
0.4640,4.2957,2.4173,11.2834,0.6569,0.0375,-0.3188,0,0,0,0.00000,1
0.3845,4.1047,2.7298,13.2482,2.1895,0.0144,-1.8039,0,1,0,2.19489,1
0.4063,4.2678,2.6675,13.0007,2.5505,0.0200,-1.6943,0,1,0,1.60705,1
0.4236,4.3647,2.6113,11.9876,-2.4189,0.0136,-0.8435,0,0,1,0.54261,3
0.4818,4.7283,2.4424,11.4260,2.8579,0.0190,-0.4481,0,0,0,0.00000,1
0.4765,4.9774,2.5195,11.8406,-1.9822,0.0186,-0.8325,0,1,0,0.47458,3
0.3643,3.9966,2.8026,12.0102,2.5903,0.0353,-0.7557,0,0,1,0.70130,1
0.4699,5.0299,2.5602,11.3877,3.1078,0.0135,-0.3931,0,0,0,0.00000,3
0.3514,3.7788,2.8030,13.0211,-2.9737,0.0723,-1.5595,0,0,2,1.46343,1
0.4523,4.8737,2.6041,13.2569,2.2976,0.0066,-2.1367,0,1,0,1.86402,1
0.3413,3.7618,2.8530,12.3730,2.6656,0.1661,-1.1475,0,1,0,0.98425,0
0.5090,4.6529,2.3171,11.8415,0.5940,0.0035,-0.8773,0,0,1,0.32801,1
0.3725,4.0524,2.7763,11.8747,-2.7632,0.0721,-0.7169,0,0,1,0.39176,3
0.5011,4.5896,2.3344,11.3412,0.6084,0.0363,-0.4101,0,0,0,0.00000,3
0.4854,5.0549,2.4977,11.6610,-0.8799,0.0098,-0.6660,0,0,1,0.24779,1
0.3856,4.0500,2.7081,12.7435,-2.9691,0.0853,-1.4875,0,1,0,1.59468,1
0.3872,3.9419,2.6682,11.6400,2.7284,0.1013,-0.5968,0,1,0,0.23314,1
0.3841,3.9211,2.6771,12.7904,1.9667,0.0222,-1.4206,0,1,0,1.45778,1
0.4150,4.2735,2.6278,12.8381,-2.4306,0.0264,-1.5927,0,1,0,0.61719,1
0.4768,4.6189,2.4391,11.5027,-1.0889,0.0695,-0.5736,0,0,0,0.00000,1
0.5114,4.7826,2.3345,11.4342,1.2814,0.0354,-0.5133,0,0,0,0.00000,3
0.3704,3.9047,2.7417,12.2274,2.4753,0.0063,-0.8972,0,0,1,0.48614,1
0.4700,4.4215,2.4220,11.4551,-0.5692,0.0325,-0.4749,0,0,0,0.00000,1
0.4331,4.2552,2.5397,11.3440,2.8379,0.0507,-0.3556,0,0,0,0.00000,1
0.5269,4.8427,2.2867,11.3700,-0.8333,0.0610,-0.4990,0,0,0,0.00000,3
0.3987,4.0893,2.6546,11.8519,-2.7319,0.0806,-0.7624,0,1,0,0.68755,1
0.5640,5.4376,2.2548,12.0330,0.6241,0.0248,-1.2464,0,0,1,0.31251,1
0.4381,4.4368,2.5635,12.8675,-1.4071,0.0186,-1.7022,1,2,0,0.96229,1
0.5461,5.3915,2.3155,12.8835,-1.2035,0.0045,-2.1536,0,0,1,1.19848,1
0.5288,5.5266,2.4092,12.4460,-1.5250,0.0090,-1.5913,0,0,1,1.08404,1
0.4932,5.1246,2.4793,11.3595,2.2267,0.0439,-0.4294,0,0,0,0.00000,3
0.4359,4.4972,2.5886,12.0353,1.0720,0.0122,-0.9125,0,1,0,0.60964,1
0.5301,5.5902,2.4156,11.5045,0.0487,0.0113,-0.5850,0,0,0,0.00000,1
0.3773,3.8796,2.6987,12.0093,-2.3397,0.0742,-0.8352,0,0,1,0.26203,3
0.3455,3.7950,2.8410,12.6082,2.5089,0.0200,-1.1296,0,1,0,1.45433,1
0.4799,5.2368,2.5604,13.2566,2.8935,0.0050,-2.2742,0,1,0,0.15633,1
0.3937,4.1594,2.6994,12.1151,2.0618,0.0040,-0.8660,0,1,0,0.73483,1
0.5185,5.1571,2.3809,12.5210,0.7083,0.0168,-1.6486,0,1,0,1.23055,1
0.3988,4.0177,2.6337,11.8663,-3.0211,0.0862,-0.7817,0,1,0,0.53394,1
0.4769,4.4960,2.4109,11.5071,0.4485,0.0578,-0.5634,0,0,0,0.00000,1
0.3937,4.3016,2.7397,11.3254,2.1294,0.0690,-0.3223,0,0,0,0.00000,1
0.6368,5.7719,2.0427,12.3983,-0.1816,0.0097,-1.8933,0,0,1,0.66927,1
0.4444,4.8874,2.6438,11.8137,2.5514,0.0517,-0.7848,0,1,0,0.46887,3
0.4975,5.3836,2.5137,11.5182,2.1243,0.0387,-0.5832,0,0,0,0.00000,3
0.4840,5.0911,2.5114,11.9413,2.5121,0.0164,-0.9440,0,1,0,0.72157,3
0.5179,4.9813,2.3489,11.5892,0.9136,0.0633,-0.7148,0,0,0,0.00000,3
0.4985,4.6290,2.3531,11.7793,1.7689,0.0500,-0.8551,1,0,1,0.44615,1
0.4406,4.6847,2.6133,11.6182,-2.1570,0.0168,-0.5608,0,1,0,0.22768,3
0.3634,3.9331,2.7874,12.3926,-1.8547,0.0590,-1.0794,1,1,2,1.38910,1
0.4407,4.6873,2.6132,11.5201,1.3710,0.0264,-0.4875,0,0,0,0.00000,1
0.4738,5.1307,2.5649,12.8690,1.8914,0.0239,-1.8645,0,0,1,1.51690,1
0.4511,4.5370,2.5302,11.5880,1.9728,0.0258,-0.5607,0,0,0,0.00000,3
0.3601,3.9613,2.8144,11.6515,2.6857,0.0344,-0.4828,0,1,0,0.39271,1
0.5368,5.3929,2.3525,11.5864,0.2661,0.0256,-0.6974,0,0,0,0.00000,1
0.3802,3.9678,2.7107,11.2800,2.8561,0.0819,-0.2902,0,0,0,0.00000,3
0.4963,4.8458,2.4079,11.3770,1.2475,0.0346,-0.4380,0,0,0,0.00000,3
0.4624,4.9562,2.5774,12.7017,3.0800,0.0259,-1.6492,0,0,1,1.15636,1
0.4990,4.8069,2.3888,11.4201,0.7236,0.0212,-0.4667,0,0,0,0.00000,3
0.4357,4.7990,2.6636,13.4003,2.8670,0.0017,-2.1870,1,2,0,2.09538,0
0.3650,3.9715,2.7908,12.6648,2.2313,0.0162,-1.2367,0,1,1,1.19080,1
0.4358,4.7342,2.6473,12.7809,2.7720,0.0762,-1.7040,0,0,2,1.22019,1
0.5465,4.9446,2.2324,11.4321,0.7871,0.0135,-0.5314,0,0,0,0.00000,1
0.4384,4.2025,2.5029,11.3796,1.8410,0.0166,-0.3515,0,0,0,0.00000,3
0.6120,5.7660,2.1296,12.2673,0.6177,0.0261,-1.6700,0,1,0,0.76212,1
0.4524,4.3967,2.4904,11.3681,2.5740,0.0044,-0.3433,0,0,0,0.00000,3
0.5221,5.4381,2.4203,11.4167,0.9136,0.0372,-0.5143,0,0,0,0.00000,1
0.5277,5.0505,2.3240,11.7596,0.8595,0.0412,-0.8823,0,1,0,0.26387,3
0.3773,3.9190,2.7106,11.4375,2.6023,0.1293,-0.4596,0,0,0,0.00000,1
0.4215,4.1245,2.5578,11.3115,1.1614,0.0050,-0.2646,0,0,0,0.00000,1
0.4009,4.2962,2.7021,11.6879,2.5123,0.0503,-0.5952,0,1,0,0.46688,3
0.5029,5.4547,2.5043,11.3222,-2.3906,0.0786,-0.4455,0,0,0,0.00000,3
0.4660,4.3596,2.4242,11.3025,-0.9934,0.0049,-0.3001,0,0,0,0.00000,3
0.4582,4.9159,2.5872,11.7802,2.3265,0.0117,-0.7306,0,0,1,0.34363,3
0.4363,4.2073,2.5133,12.4400,-1.9378,0.0203,-1.2915,1,1,1,2.31032,1
0.5126,4.6974,2.3123,11.5055,0.8504,0.0743,-0.6339,0,0,0,0.00000,3
0.4459,4.5827,2.5643,11.9897,-1.5792,0.0183,-0.9032,0,1,0,0.33417,1
0.4392,4.4408,2.5596,11.2688,-3.0693,0.0092,-0.2513,0,0,0,0.00000,3
0.4222,4.4349,2.6363,11.7957,2.3706,0.0433,-0.7142,0,1,0,0.38147,3
0.4008,4.1078,2.6499,12.1909,1.6521,0.0143,-0.9600,0,1,0,0.43993,1
0.4444,4.3864,2.5228,12.0181,0.8739,0.0232,-0.9311,0,0,1,0.54365,1
0.5164,5.0846,2.3753,11.9220,-1.7375,0.0116,-0.9904,0,0,1,0.14012,3
0.5087,5.1627,2.4222,12.2348,-1.3390,0.0271,-1.3225,0,1,0,0.92756,1
0.4544,4.8422,2.5874,11.7654,-2.9830,0.0387,-0.7436,0,1,0,0.26775,3
0.5157,5.1503,2.3909,12.2639,2.0331,0.0127,-1.3529,0,0,1,0.85886,1
0.3598,3.8530,2.7813,13.0393,-2.7929,0.0122,-1.5088,0,0,1,1.76883,1
0.4137,4.3476,2.6534,12.3198,2.2740,0.0212,-1.1166,1,1,0,0.74893,3
0.3687,3.8960,2.7481,11.7174,-2.9125,0.0604,-0.5762,0,1,0,0.33330,3
0.3735,3.8872,2.7202,12.7885,3.0332,0.0008,-1.3432,0,0,1,1.44060,1
0.5520,5.1693,2.2528,11.5576,-0.1958,0.0494,-0.7197,0,0,0,0.00000,3
0.4297,4.2528,2.5545,12.6656,-0.9797,0.0111,-1.4644,0,1,0,1.23267,1
0.4760,4.4003,2.3926,11.4251,-2.7118,0.0041,-0.4208,0,0,0,0.00000,1
0.4131,4.2672,2.6348,11.3182,2.9754,0.0892,-0.3584,0,0,0,0.00000,1
0.5737,5.2212,2.1819,11.5119,-0.0174,0.0100,-0.6537,0,0,0,0.00000,1
0.4785,4.7795,2.4676,12.3846,1.0139,0.0320,-1.3922,0,0,0,0.00000,1
0.5186,5.5179,2.4500,11.4543,-0.6765,0.0137,-0.5201,0,0,0,0.00000,1
0.4003,4.1473,2.6634,12.2886,2.1927,0.0061,-1.0290,0,1,0,0.53146,1
0.4444,4.4753,2.5449,12.0523,-2.5248,0.0313,-0.9737,0,0,1,0.67953,1
0.3659,3.9508,2.7799,12.2764,-2.4527,0.0930,-1.0424,0,1,0,1.05789,3
0.4387,4.3987,2.5510,12.2639,-1.0752,0.0247,-1.1437,0,0,1,0.84532,1
0.5397,5.7312,2.4017,11.9245,-2.4160,0.0209,-1.0630,0,0,2,0.49244,3
0.4021,4.0051,2.6146,11.7714,-2.1281,0.0095,-0.6131,0,0,1,0.18571,3
0.5781,5.4079,2.1972,11.4031,0.2511,0.0588,-0.5998,0,0,0,0.00000,3
0.4468,4.7672,2.6045,11.4229,-1.4900,0.0345,-0.4208,0,0,0,0.00000,1
0.5081,5.2141,2.4348,11.3249,-2.3937,0.0342,-0.4018,0,0,0,0.00000,1
0.4084,4.4379,2.7035,11.5513,-2.4340,0.0929,-0.5470,0,0,0,0.00000,3
0.4784,4.4521,2.3946,11.3564,-0.3215,0.0219,-0.3819,0,0,0,0.00000,3
0.5303,5.3542,2.3712,11.5525,-1.8706,0.0135,-0.6364,0,0,0,0.00000,3
0.3548,3.8667,2.8127,12.4109,-2.9716,0.0234,-1.0166,0,0,0,0.00000,1
0.5026,4.7394,2.3602,11.9764,-2.1044,0.0145,-1.0165,0,0,1,0.18622,1
0.4926,4.9394,2.4428,12.0565,-0.9188,0.0670,-1.1479,0,0,1,0.52544,1
0.3534,3.7601,2.7856,12.3642,3.0214,0.0507,-1.0156,1,1,0,0.71009,3
0.4674,5.0485,2.5757,11.6486,-2.0286,0.0827,-0.7135,0,0,0,0.00000,3
0.4856,5.1538,2.5179,11.2791,-1.4086,0.0294,-0.3287,0,0,0,0.00000,1
0.4742,4.8992,2.5123,12.1796,-1.5914,0.0278,-1.1689,0,1,0,0.81729,3
0.4475,4.9091,2.6348,11.4087,-2.6455,0.0881,-0.4718,0,0,0,0.00000,3
0.4559,4.9178,2.5978,11.5302,2.4630,0.0462,-0.5420,0,0,0,0.00000,3
0.6378,6.1463,2.0908,11.5600,0.6890,0.1188,-0.9594,0,0,0,0.00000,3
0.4044,4.2939,2.6842,12.3333,2.9229,0.0869,-1.1941,0,1,0,0.92641,1
0.4455,4.4400,2.5313,11.2509,1.3683,0.0196,-0.2536,0,0,0,0.00000,3
0.5754,5.2715,2.1842,11.5920,0.6820,0.0484,-0.7955,0,0,0,0.00000,3
0.4403,4.5246,2.5750,12.9036,-1.6058,0.0028,-1.7197,1,2,1,1.72156,1
0.4177,4.5009,2.6750,11.4806,-2.1988,0.0764,-0.4820,0,0,0,0.00000,3
0.5121,5.1877,2.4131,11.8146,-1.0962,0.0139,-0.8739,0,0,0,0.00000,3
0.5196,5.1307,2.3714,11.5058,2.5851,0.0188,-0.5779,0,0,0,0.00000,1
0.3719,3.9858,2.7592,11.8953,3.1369,0.1552,-0.8370,0,0,1,0.23361,1
0.4486,4.3517,2.4959,11.4110,-2.7137,0.0217,-0.3964,0,0,0,0.00000,1
0.3931,4.2712,2.7338,13.0720,-2.5221,0.0333,-1.7227,1,1,2,1.77533,1
0.4452,4.5859,2.5680,11.2212,-2.4586,0.0206,-0.2294,0,0,0,0.00000,3
0.5787,5.8648,2.2693,11.5128,-1.5638,0.0306,-0.6921,0,0,0,0.00000,3
0.3937,4.2300,2.7195,11.9125,2.7939,0.0152,-0.7181,0,1,0,0.61971,1
0.4446,4.2860,2.4968,11.4950,-1.0129,0.0700,-0.5222,0,0,0,0.00000,1
0.4309,4.4784,2.6065,11.3050,-2.5476,0.0336,-0.3016,0,0,0,0.00000,3
0.3414,3.7582,2.8514,12.0078,-2.7637,0.1178,-0.8084,0,1,0,0.23676,2
0.4810,5.2876,2.5662,12.6584,-2.8129,0.0101,-1.6523,0,1,1,1.43716,1
0.5079,5.2488,2.4426,11.3459,2.4324,0.0498,-0.4405,0,0,0,0.00000,1
0.5618,5.3947,2.2556,12.0053,0.8817,0.0000,-1.1740,0,0,3,0.99206,1
0.5214,5.1535,2.3689,11.4817,-0.0654,0.0221,-0.5600,0,0,0,0.00000,1
0.4733,5.1674,2.5752,11.9187,2.1660,0.0076,-0.8872,0,1,0,0.21353,1
0.4439,4.8392,2.6347,13.2495,-3.0765,0.0545,-2.1770,0,1,1,1.55147,1
0.5335,5.1595,2.3219,11.4947,0.5245,0.0758,-0.6567,0,0,0,0.00000,1
0.5287,4.8553,2.2822,11.3578,-0.5214,0.0858,-0.5186,0,0,0,0.00000,1
0.3636,3.9823,2.8019,11.7975,-2.8713,0.0880,-0.6610,0,1,0,0.34775,3
0.3837,3.9860,2.6985,11.3203,-2.8766,0.0047,-0.2362,0,0,0,0.00000,1
0.6258,5.9100,2.1011,11.5789,0.2239,0.0676,-0.8950,0,0,0,0.00000,3
0.4687,4.6859,2.4885,11.4374,-1.1554,0.0274,-0.4520,0,0,0,0.00000,1
0.4315,4.7259,2.6660,12.4356,3.0199,0.0716,-1.3496,0,1,0,0.72551,1
0.3856,4.2378,2.7629,11.6932,-3.0606,0.0969,-0.6303,0,1,0,0.39242,3
0.4332,4.2670,2.5425,11.5154,1.4180,0.0467,-0.4962,0,0,0,0.00000,3
0.3490,3.8499,2.8396,11.6248,2.6805,0.0393,-0.4531,0,0,1,0.24469,0
0.5087,5.1965,2.4289,11.2748,1.2745,0.0260,-0.3438,0,0,0,0.00000,3
0.3841,3.9302,2.6800,11.7287,-3.0139,0.0825,-0.6384,0,1,0,0.34825,1
0.5440,5.1577,2.2812,11.3854,-0.1457,0.0065,-0.4720,0,0,0,0.00000,3
0.4151,4.3069,2.6362,11.5284,-2.7315,0.0221,-0.4534,0,1,0,0.17816,3
0.3690,3.9625,2.7668,11.6203,-2.4176,0.0323,-0.4710,0,1,0,0.23131,1
0.4686,4.5479,2.4571,11.3409,-2.3862,0.0132,-0.3474,0,0,0,0.00000,3
0.4339,4.6115,2.6260,11.3959,2.2786,0.1408,-0.5056,0,0,0,0.00000,1
0.3891,4.1878,2.7304,12.9085,-2.8533,0.0566,-1.5995,0,1,0,0.88443,1
0.4114,4.1198,2.6026,11.4947,3.0661,0.0260,-0.4255,0,0,0,0.00000,3
0.4379,4.3316,2.5378,12.5196,2.4987,0.0358,-1.3959,0,1,0,1.03877,1
0.5476,5.4863,2.3265,11.3979,-0.1089,0.0060,-0.4906,0,0,0,0.00000,3
0.4653,4.9460,2.5620,11.5222,-2.6244,0.0342,-0.5338,0,0,0,0.00000,3
0.5185,5.5207,2.4510,11.2654,-2.7622,0.0082,-0.3249,0,0,0,0.00000,3
0.3839,4.0754,2.7241,11.7571,2.7047,0.0682,-0.6426,0,0,1,0.28027,3
0.4893,5.1385,2.4989,11.7656,-2.9381,0.0363,-0.8081,0,0,1,0.27798,1
0.4937,4.7752,2.4038,11.3272,-1.6166,0.0122,-0.3610,0,0,0,0.00000,3
0.4847,4.5730,2.3961,11.3150,3.0019,0.0028,-0.3285,0,0,0,0.00000,1
0.4271,4.4445,2.6156,11.3687,-1.3272,0.0238,-0.3393,0,0,0,0.00000,1
0.5540,5.7551,2.3481,12.7442,-0.9746,0.0447,-2.0914,0,0,1,1.35836,1
0.4608,4.4885,2.4764,11.5399,-1.0527,0.0350,-0.5430,0,0,0,0.00000,1
0.4972,5.1444,2.4664,11.3843,0.2809,0.0041,-0.4112,0,0,0,0.00000,1
0.3743,4.0663,2.7707,13.0864,-2.1248,0.0214,-1.6288,0,0,1,1.94574,1
0.4044,4.1027,2.6311,12.1781,2.7468,0.0325,-0.9839,0,0,1,0.95437,1
0.4959,4.8561,2.4119,11.4316,-1.2765,0.0344,-0.4899,0,0,0,0.00000,3
0.5487,5.3067,2.2902,11.2989,-1.1771,0.0028,-0.3834,0,0,0,0.00000,3
0.3666,3.9957,2.7898,13.0645,2.8609,0.0357,-1.6002,1,1,2,2.00210,1
0.4443,4.5200,2.5563,11.7551,-1.0757,0.0111,-0.6795,0,1,0,0.21527,1
0.3913,4.0942,2.6925,11.3510,-2.2079,0.0774,-0.3491,0,0,0,0.00000,3
0.5227,4.8403,2.3022,11.3201,0.2547,0.0100,-0.3831,0,0,0,0.00000,3
0.4456,4.9195,2.6461,12.6098,2.7971,0.0550,-1.5405,0,0,1,1.22060,0
0.3865,4.2007,2.7477,11.5297,2.9807,0.1026,-0.5106,0,0,0,0.00000,3
0.6097,5.8626,2.1526,11.5866,0.7169,0.0977,-0.9147,0,0,0,0.00000,3
0.3470,3.7476,2.8166,13.2265,2.3993,0.0357,-1.6419,0,1,2,1.94429,1
0.5344,5.0665,2.3010,12.1271,-0.9125,0.0194,-1.2649,0,0,1,0.58070,1
0.4602,4.8493,2.5628,12.6943,1.2140,0.0051,-1.5997,0,1,1,1.57446,1
0.4684,4.8056,2.5170,11.3340,-2.4200,0.0296,-0.3607,0,0,0,0.00000,3
0.4758,4.6437,2.4486,11.3636,-0.1796,0.0253,-0.3904,0,0,0,0.00000,1
0.4115,4.3168,2.6562,12.1884,2.0347,0.0579,-1.0471,0,0,1,0.50688,3
0.5469,5.2881,2.2939,12.3723,-2.4634,0.0008,-1.5509,0,0,2,0.89277,1
0.5031,5.1466,2.4419,12.1222,-0.7832,0.0289,-1.1910,0,0,1,0.20055,1
0.4143,4.3758,2.6585,12.3729,-2.6992,0.0787,-1.2478,0,0,1,0.76860,1
0.5461,5.2757,2.2946,12.2278,2.3517,0.0005,-1.3839,0,0,1,0.85317,1
0.5275,5.2312,2.3592,11.5108,-0.6489,0.0331,-0.6124,0,0,0,0.00000,1
0.3681,3.8497,2.7364,12.6923,-2.2986,0.0363,-1.3010,1,1,0,0.93168,1
0.4929,5.2294,2.5019,11.3766,1.2407,0.0540,-0.4577,0,0,0,0.00000,1
0.3564,3.8872,2.8104,12.2311,-2.5238,0.0399,-0.9085,1,1,0,0.83949,1
0.4144,4.4887,2.6876,11.2973,1.8557,0.0451,-0.2930,0,0,0,0.00000,1
0.3907,4.0471,2.6818,12.0930,1.5632,0.0126,-0.8519,0,1,0,0.57420,1
0.4349,4.6458,2.6300,12.1286,-2.7634,0.0845,-1.0925,0,1,1,0.72377,1
0.4145,4.5427,2.7015,11.3065,3.0753,0.0674,-0.3257,0,0,0,0.00000,3
0.4955,4.4861,2.3341,11.5140,-0.2149,0.0684,-0.6095,0,0,0,0.00000,1
0.5326,5.1996,2.3333,11.3172,-1.4213,0.0377,-0.4252,0,0,0,0.00000,3
0.4009,4.3018,2.7033,11.7805,2.8113,0.0744,-0.7001,0,0,1,0.26093,3
0.4823,4.3671,2.3595,12.2815,-1.1462,0.0319,-1.2964,0,1,0,1.04589,1
0.3684,4.0125,2.7858,13.1395,2.8812,0.0128,-1.6309,0,0,2,1.68358,1
0.5434,5.3036,2.3104,11.6736,0.6887,0.0771,-0.8671,0,0,0,0.00000,1
0.5900,5.6998,2.2003,11.3431,1.2347,0.0052,-0.4842,0,0,0,0.00000,1
0.5114,4.6288,2.3029,11.5821,0.8428,0.0073,-0.6252,0,0,1,0.22965,3
0.4791,4.7378,2.4558,11.8351,2.2650,0.0085,-0.8178,0,0,1,0.27814,3
0.4816,4.5115,2.3953,11.2685,2.0457,0.0477,-0.3344,0,0,0,0.00000,1
0.4373,4.1969,2.5062,11.2655,-2.5857,0.0044,-0.2407,0,0,0,0.00000,3
0.5373,5.6487,2.3967,11.9321,-0.4373,0.0055,-1.0446,0,1,0,0.31888,1
0.5197,5.5159,2.4448,11.4619,2.4812,0.0444,-0.5661,0,0,0,0.00000,1
0.3984,4.1082,2.6614,11.4356,2.8309,0.0940,-0.4421,0,0,0,0.00000,1
0.5755,5.4000,2.2054,11.4247,-1.4370,0.0332,-0.5891,0,0,0,0.00000,1
0.4471,4.3395,2.4992,12.4879,-2.5595,0.0178,-1.3686,0,0,3,0.88852,1
0.4244,4.1649,2.5553,11.4350,-1.4865,0.0010,-0.3635,0,0,0,0.00000,3
0.5320,5.0492,2.3072,11.5555,-1.4107,0.0355,-0.6678,0,0,0,0.00000,3
0.5342,5.5980,2.4004,11.3171,-2.2422,0.0317,-0.4213,0,0,0,0.00000,3
0.3391,3.6765,2.8365,11.5060,2.5280,0.1134,-0.4444,0,0,0,0.00000,3
0.4268,4.6688,2.6739,12.1230,-2.1357,0.0465,-1.0151,0,1,0,0.75731,3
0.3439,3.7606,2.8381,12.2869,3.0174,0.1052,-1.0050,0,1,0,1.00805,3
0.4900,4.8169,2.4275,11.5289,-0.7595,0.0566,-0.6025,0,0,0,0.00000,1
0.4050,4.1889,2.6525,13.0903,2.2121,0.0441,-1.8136,0,1,1,1.81804,1
0.5617,5.7036,2.3088,11.8021,1.3549,0.0238,-0.9786,0,1,0,0.16394,3
0.5066,4.7334,2.3433,11.4185,1.6377,0.0065,-0.4567,0,0,0,0.00000,1
0.4533,5.0002,2.6287,12.7957,2.2886,0.0299,-1.7150,0,0,2,0.55295,0
0.3720,4.0056,2.7643,11.3326,2.8199,0.0278,-0.2606,0,0,0,0.00000,1
0.3928,4.0192,2.6632,12.8214,2.2561,0.0005,-1.4454,0,0,0,0.00000,1
0.3604,3.8472,2.7764,12.6545,2.7590,0.0318,-1.2356,0,1,0,1.38123,1
0.4721,5.2092,2.5896,11.8572,1.4717,0.0119,-0.8318,0,0,1,0.28426,0
0.5351,5.4087,2.3620,11.3582,-0.9963,0.0146,-0.4438,0,0,0,0.00000,3
0.4577,5.0526,2.6203,11.6104,2.0549,0.0342,-0.6032,0,0,0,0.00000,0
0.5088,5.4877,2.4855,12.0218,1.0832,0.0187,-1.0892,0,1,0,0.59321,1
0.4657,4.6685,2.4974,11.6818,2.5437,0.0068,-0.6462,0,0,1,0.42240,3
0.3732,4.1123,2.7906,12.6502,2.9339,0.0752,-1.3440,0,1,0,1.30031,0
0.5201,4.8166,2.3075,11.6247,-0.7992,0.0331,-0.7161,0,0,0,0.00000,3
0.3547,3.8131,2.7958,12.0620,2.5532,0.2013,-0.9900,0,0,1,0.40619,1
0.5836,5.3691,2.1704,11.3515,0.2623,0.0101,-0.4897,0,0,0,0.00000,1
0.5219,5.0167,2.3399,11.3358,2.5725,0.0114,-0.4004,0,0,0,0.00000,1
0.4545,4.4697,2.4989,12.1839,-0.4988,0.0189,-1.1048,0,0,3,0.48963,1
0.6293,6.0435,2.1073,12.3434,-0.7192,0.0279,-1.8291,0,0,1,0.70699,1
0.4431,4.2247,2.4882,11.3238,-1.7471,0.0109,-0.3025,0,0,0,0.00000,3
0.4397,4.2986,2.5217,11.6368,-2.2531,0.0142,-0.5710,0,1,0,0.20116,3
0.4902,5.1520,2.4977,11.3461,-1.1234,0.0327,-0.4004,0,0,0,0.00000,1
0.3540,3.8349,2.8069,12.9355,2.7060,0.0842,-1.5200,0,1,0,1.69576,1
0.5525,5.7737,2.3575,12.5110,3.1276,0.0213,-1.7679,0,1,0,1.21632,1
0.5008,5.2697,2.4764,11.5407,-1.6451,0.0349,-0.6054,0,0,0,0.00000,3
0.3910,4.0378,2.6775,11.3664,-2.8978,0.0063,-0.2793,0,0,0,0.00000,1
0.3913,4.2790,2.7454,11.3509,2.6610,0.0203,-0.2843,0,0,0,0.00000,1
0.4703,5.1693,2.5888,11.5982,-2.4436,0.0581,-0.6412,0,1,0,0.22582,3
0.6323,5.7593,2.0565,11.4565,-0.0424,0.0500,-0.7311,0,0,0,0.00000,3
0.4496,4.4632,2.5186,11.8101,-1.9607,0.0352,-0.7694,0,0,1,0.46464,3
0.5532,5.1683,2.2482,11.3998,-0.2837,0.0818,-0.5901,0,0,0,0.00000,1
0.4487,4.5901,2.5535,11.2983,-2.4725,0.0337,-0.3135,0,0,0,0.00000,3
0.4431,4.6718,2.5986,11.3760,-2.9397,0.0543,-0.3986,0,0,0,0.00000,3
0.3852,4.1630,2.7430,12.2772,-2.3744,0.0519,-1.0409,0,1,2,1.02335,3
0.4595,4.4284,2.4676,11.2523,-2.7620,0.0324,-0.2816,0,0,0,0.00000,1
0.4856,5.1280,2.5125,11.3933,-2.5115,0.0152,-0.4189,0,0,0,0.00000,3
0.5359,5.2487,2.3292,11.3947,0.3563,0.0535,-0.5284,0,0,0,0.00000,1
0.4596,5.0210,2.6046,11.5866,2.8105,0.1191,-0.6869,0,0,0,0.00000,1
0.4737,5.1388,2.5672,11.2860,1.6498,0.0012,-0.2910,0,0,0,0.00000,1
0.5716,5.6629,2.2638,11.4664,0.6247,0.1018,-0.7158,0,0,0,0.00000,1
0.3718,4.0861,2.7900,12.9203,-2.4962,0.0436,-1.5149,0,1,1,1.59800,1
0.4563,4.7644,2.5607,11.3965,-1.8820,0.0404,-0.4158,0,0,0,0.00000,3
0.3758,3.9770,2.7360,13.0502,-2.5453,0.0115,-1.5875,0,0,1,1.71001,1
0.3536,3.7520,2.7820,12.6285,2.7501,0.0810,-1.2661,0,1,0,1.35187,1
0.4959,5.3764,2.5191,11.6703,1.6996,0.0101,-0.6949,0,1,0,0.32889,1
0.5275,4.7724,2.2707,12.2194,0.3452,0.0500,-1.3907,0,0,1,0.52781,1
0.3561,3.7718,2.7748,11.7876,2.7404,0.1302,-0.6923,0,1,0,0.61781,3
0.4273,4.4994,2.6290,12.9992,-1.5996,0.0047,-1.7589,1,1,0,0.94335,1
0.3967,4.2983,2.7236,13.1186,2.2477,0.0252,-1.7666,0,0,1,0.61924,1
0.3793,4.0746,2.7474,13.2285,-2.8940,0.0521,-1.8310,0,1,1,0.62175,1
0.5533,5.0627,2.2287,12.3925,-0.0170,0.0390,-1.6527,0,0,1,0.88191,1
0.4054,4.3040,2.6820,11.3810,-2.6139,0.0133,-0.3138,0,0,0,0.00000,1
0.3424,3.7724,2.8506,13.1363,-3.0069,0.0854,-1.6344,0,1,1,1.94851,0
0.5137,5.3687,2.4417,11.4642,-0.6804,0.0336,-0.5466,0,0,0,0.00000,1
0.4786,4.6926,2.4481,11.4451,2.7673,0.0168,-0.4589,0,0,0,0.00000,1
0.5281,5.4239,2.3931,12.3441,1.2062,0.0061,-1.4703,0,1,0,0.68515,1
0.4489,4.5264,2.5372,11.2387,-0.8695,0.0273,-0.2550,0,0,0,0.00000,1
0.5076,5.3783,2.4691,11.4807,-1.1583,0.0111,-0.5277,0,0,0,0.00000,1
0.5129,4.6399,2.2994,11.5048,-0.1090,0.0506,-0.6040,0,0,0,0.00000,1
0.3648,3.8404,2.7507,12.9159,-3.1182,0.0790,-1.5421,0,1,1,1.47583,1
0.4038,4.2789,2.6830,12.5693,-2.2359,0.0351,-1.3232,0,1,0,1.27014,1
0.3808,4.1131,2.7508,11.2736,-2.5581,0.0134,-0.2095,0,0,0,0.00000,1
0.5352,5.1267,2.3093,11.3806,0.7181,0.0111,-0.4614,0,0,0,0.00000,3
0.4320,4.3806,2.5768,11.3390,1.4786,0.0101,-0.3038,0,0,0,0.00000,1
0.4082,4.0690,2.6037,11.3460,-3.1377,0.0451,-0.3251,0,0,0,0.00000,1
0.5562,5.3990,2.2780,11.5566,-1.0049,0.0228,-0.6931,0,0,0,0.00000,3
0.5546,5.4346,2.2903,11.3021,-2.5972,0.0044,-0.3957,0,0,0,0.00000,1
0.4364,4.2804,2.5313,11.3147,-2.5069,0.0663,-0.3523,0,0,0,0.00000,1
0.4909,4.7645,2.4127,11.5130,0.1681,0.0108,-0.5325,0,0,0,0.00000,3
0.5092,5.0069,2.3887,11.4017,-2.5549,0.0165,-0.4568,0,0,0,0.00000,1
0.3552,3.8374,2.8010,12.8440,2.6280,0.0667,-1.4220,0,1,1,1.52164,1
0.4799,5.1969,2.5520,11.3441,-1.8287,0.0593,-0.4178,0,0,0,0.00000,3
0.4727,4.9582,2.5320,12.0287,1.9438,0.0327,-1.0241,0,1,0,0.49819,3
0.3907,3.9602,2.6563,11.3883,2.8338,0.1265,-0.4338,0,0,0,0.00000,1
0.5516,5.6830,2.3454,12.0152,-0.9860,0.0274,-1.2007,0,0,1,0.69348,3
0.4803,4.9185,2.4906,12.1648,-2.6096,0.0463,-1.1966,0,0,2,0.68190,1
0.4910,5.2608,2.5166,11.4785,1.4755,0.0203,-0.5131,0,0,0,0.00000,1
0.4112,4.2071,2.6275,11.7197,2.3812,0.0106,-0.5894,0,1,0,0.29018,3
0.4741,4.6212,2.4507,11.5214,0.6327,0.0299,-0.5392,0,0,0,0.00000,1
0.6037,5.8828,2.1777,12.2452,1.3539,0.0241,-1.6151,0,1,0,0.94252,1
0.4600,4.9661,2.5905,11.6619,2.9190,0.1033,-0.7385,0,0,0,0.00000,1
0.5334,5.1458,2.3198,11.4178,0.5107,0.0579,-0.5541,0,0,0,0.00000,1
0.4028,4.0101,2.6127,11.3305,-2.8209,0.0888,-0.3575,0,0,0,0.00000,1
0.5183,5.1789,2.3863,11.4426,0.8820,0.0608,-0.5630,0,0,0,0.00000,1
0.5101,4.6206,2.3059,11.4210,-0.5662,0.1179,-0.5980,0,0,0,0.00000,1
0.3700,3.9086,2.7451,12.8936,-2.6788,0.0206,-1.4475,0,1,1,1.59049,1
0.3544,3.8473,2.8090,12.5403,-2.9979,0.0676,-1.1784,0,1,1,0.91966,1
0.4636,4.9429,2.5689,11.4167,-2.7656,0.0485,-0.4524,0,0,0,0.00000,3
0.4087,4.2310,2.6459,11.9110,-2.6513,0.0746,-0.8248,0,1,0,0.64200,1
0.5068,4.6615,2.3272,12.5720,0.6325,0.0429,-1.7025,0,1,1,1.16425,1
0.3933,4.0354,2.6657,11.6870,1.6658,0.0290,-0.5555,0,1,0,0.38002,1
0.3859,3.9331,2.6721,11.9206,-1.8314,0.0528,-0.7558,0,1,0,0.36571,3
0.4192,4.4755,2.6611,11.5830,-1.7010,0.0357,-0.5207,0,0,0,0.00000,1
0.5139,5.3691,2.4413,11.3134,-0.9424,0.0303,-0.3926,0,0,0,0.00000,1
0.4429,4.2259,2.4893,11.3845,-0.7955,0.0147,-0.3584,0,0,0,0.00000,1
0.6072,5.8209,2.1555,11.6813,-0.5195,0.0548,-0.9694,0,0,0,0.00000,3
0.5529,5.3409,2.2803,11.4471,-0.6207,0.0971,-0.6602,0,0,0,0.00000,1
0.4433,4.7332,2.6124,11.7299,-2.4492,0.0498,-0.7045,0,1,0,0.31298,3
0.4843,4.9930,2.4893,11.5597,-1.1601,0.0645,-0.6338,0,0,0,0.00000,1
0.4098,4.0816,2.5999,12.0356,2.1048,0.0320,-0.8761,0,1,0,0.66563,3
0.4825,5.0499,2.5093,11.3135,-1.0516,0.0018,-0.3255,0,0,0,0.00000,1
0.5640,5.7558,2.3088,11.4547,1.6781,0.0295,-0.6036,0,0,0,0.00000,3
0.4573,4.6610,2.5323,12.3021,-0.9035,0.0020,-1.2016,0,0,1,0.85222,1
0.4540,4.2613,2.4505,11.3527,-0.3747,0.0333,-0.3649,0,0,0,0.00000,1
0.3533,3.7812,2.7930,11.8184,-2.5215,0.0685,-0.6333,0,1,0,0.37714,3
0.3764,4.1146,2.7744,11.9891,2.6914,0.1019,-0.8527,0,1,0,0.74640,3
0.4255,4.1990,2.5593,11.2465,-2.8957,0.0317,-0.2460,0,0,0,0.00000,1
0.5421,5.6990,2.3862,11.5147,2.0321,0.0678,-0.6828,0,0,0,0.00000,1
0.4691,4.6767,2.4846,11.3829,2.4894,0.0126,-0.3855,0,0,0,0.00000,3
0.4014,4.3547,2.7156,12.5847,-2.7101,0.0485,-1.3487,0,1,1,1.31524,1
0.5727,5.9150,2.3009,11.7322,-0.7206,0.0410,-0.9450,0,0,1,0.14882,1
0.5889,5.8317,2.2250,12.7465,-0.5852,0.0519,-2.2491,0,1,1,1.39128,1
0.4843,5.0630,2.5043,11.4315,-1.3023,0.0576,-0.5031,0,0,0,0.00000,1
0.4545,4.2795,2.4529,12.0147,-1.3032,0.0084,-0.9306,0,0,1,0.55604,1
0.5405,5.0950,2.2831,11.5091,-1.3789,0.0032,-0.5921,0,0,0,0.00000,1
0.4380,4.2908,2.5268,12.2156,1.0055,0.0394,-1.1178,0,1,0,0.20910,1
0.4262,4.1308,2.5383,11.6446,2.1966,0.0410,-0.5887,0,1,0,0.29850,3
0.5232,5.1001,2.3511,11.4884,1.4734,0.0199,-0.5665,0,0,0,0.00000,3
0.3587,3.8843,2.7974,12.4620,-2.8274,0.0838,-1.1548,1,1,1,0.91679,3
0.4203,4.5256,2.6686,13.2853,1.5907,0.0223,-2.0327,1,1,1,2.19253,1
0.4136,4.4057,2.6695,11.2837,2.1196,0.0563,-0.2939,0,0,0,0.00000,3
0.4499,4.4071,2.5037,11.4179,-1.0275,0.0866,-0.4808,0,0,0,0.00000,1
0.4261,4.5674,2.6517,11.4015,2.6807,0.0410,-0.3855,0,0,0,0.00000,3
0.4269,4.4312,2.6132,12.1830,2.6382,0.0734,-1.1057,0,1,0,0.92550,1
0.3777,3.9902,2.7302,11.8000,-1.9850,0.0725,-0.6700,0,1,0,0.26552,3
0.4430,4.7570,2.6195,12.0744,-1.5131,0.0568,-1.0259,1,1,0,0.56570,1
0.3737,3.9907,2.7508,13.2064,2.6340,0.0227,-1.7307,0,1,1,2.03457,1
0.4744,4.9841,2.5305,11.8270,-2.4185,0.0432,-0.8465,1,0,2,0.90333,3
0.4925,4.9372,2.4430,12.0491,1.3313,0.0103,-1.0619,0,0,1,0.72203,3
0.5527,5.0219,2.2236,11.5358,0.9474,0.0334,-0.6761,0,0,0,0.00000,3
0.3830,3.9918,2.7041,11.6894,-2.2683,0.0879,-0.6123,0,1,0,0.36241,3
0.3987,4.2753,2.7072,12.3103,2.9341,0.0160,-1.0571,0,0,1,0.88728,3
0.4593,4.7423,2.5421,12.6967,-0.5892,0.0004,-1.5902,0,1,1,1.24046,1
0.3902,3.9867,2.6664,11.5602,2.8534,0.0450,-0.4712,0,0,1,0.28661,3
0.4355,4.3692,2.5582,11.7898,1.1537,0.0050,-0.6854,0,0,1,0.34887,1
0.6138,6.1215,2.1753,11.6246,-0.7386,0.0143,-0.8629,0,0,0,0.00000,3
0.5350,4.8582,2.2591,12.1061,0.4112,0.0194,-1.2413,0,0,1,0.66071,1
0.4621,4.8315,2.5503,12.0762,1.3967,0.0039,-1.0042,0,0,1,0.51885,1
0.3424,3.7303,2.8365,11.4382,-2.5872,0.1085,-0.3959,0,0,0,0.00000,3
0.4570,4.4062,2.4728,11.4698,-2.8115,0.0005,-0.4332,0,0,0,0.00000,3
0.4520,4.6699,2.5576,11.8940,3.1091,0.0295,-0.8443,0,0,1,0.41620,3
0.4943,4.9877,2.4459,11.6722,1.9689,0.0172,-0.7009,0,0,2,0.75324,3
0.4486,4.5000,2.5320,11.4015,1.6618,0.0111,-0.3762,0,0,0,0.00000,3
0.5022,4.6755,2.3483,11.2576,0.3568,0.0050,-0.2948,0,0,0,0.00000,3
0.3984,4.0669,2.6496,11.2732,-2.7472,0.0080,-0.2175,0,0,0,0.00000,3
0.3739,3.8831,2.7169,12.5650,2.6937,0.0646,-1.2611,0,1,0,0.92773,1
0.4283,4.4754,2.6180,11.3686,-1.8042,0.0613,-0.3838,0,0,0,0.00000,3
0.4896,4.7084,2.4061,11.4745,-2.0268,0.0200,-0.5048,0,0,0,0.00000,1
0.4953,4.4797,2.3335,11.6117,-0.5996,0.0950,-0.7390,0,0,0,0.00000,1
0.4392,4.6569,2.6128,11.6806,2.6022,0.0995,-0.7148,0,1,0,0.25707,1
0.5496,5.5587,2.3314,11.3897,-3.0535,0.0029,-0.4812,0,0,0,0.00000,1
0.5645,5.3185,2.2325,11.5107,0.4612,0.0709,-0.7151,0,0,0,0.00000,1
0.4026,4.0496,2.6246,11.8646,1.3510,0.0000,-0.6774,0,0,1,0.35879,1
0.5898,5.7916,2.2156,11.3599,-2.3554,0.0043,-0.5022,0,0,0,0.00000,1
0.4635,5.1083,2.6062,11.5062,-1.7941,0.0320,-0.5146,0,0,0,0.00000,0
0.4125,4.4116,2.6766,11.4461,2.5882,0.0454,-0.4109,0,0,0,0.00000,3
0.4731,4.8815,2.5133,12.1440,-1.6903,0.0102,-1.1062,0,0,4,0.82545,3
0.4303,4.4150,2.5933,12.1644,1.9830,0.0434,-1.0565,0,0,2,0.76948,3
0.6376,6.1782,2.0957,11.2296,0.4489,0.0002,-0.4035,0,0,0,0.00000,1
0.3992,4.1360,2.6654,11.4750,-2.3906,0.0481,-0.4205,0,0,0,0.00000,3
0.5426,5.0855,2.2733,12.4135,1.1850,0.0341,-1.6344,0,0,1,0.98750,1
0.4211,4.4153,2.6364,11.4609,-2.5692,0.0675,-0.4595,0,0,0,0.00000,3
0.5163,5.0984,2.3783,11.4908,2.0165,0.0210,-0.5606,0,0,0,0.00000,1
0.4572,4.3515,2.4589,11.3216,0.7404,0.0031,-0.3062,0,0,0,0.00000,3
0.4552,4.3208,2.4600,12.4910,0.0224,0.0011,-1.3717,1,1,0,0.84131,1
0.5014,5.4061,2.5014,11.4888,-1.8818,0.0092,-0.5248,0,0,0,0.00000,3
0.4562,4.7212,2.5513,12.4927,1.6451,0.0197,-1.4087,0,1,0,0.88660,1
0.3885,4.1442,2.7212,11.5330,2.5246,0.0690,-0.4764,0,0,1,0.27063,3
0.4128,4.4033,2.6731,12.7054,2.3815,0.0092,-1.4364,0,1,0,0.85166,1
0.5895,5.5498,2.1782,11.9222,-0.6334,0.1070,-1.2936,0,1,0,0.44433,1
0.4085,4.1954,2.6374,11.4141,-2.1771,0.1022,-0.4461,0,0,0,0.00000,3
0.3902,4.0639,2.6892,11.3539,2.7515,0.0196,-0.2843,0,0,0,0.00000,3
0.3992,4.0875,2.6517,12.3535,2.0930,0.0278,-1.1112,0,1,0,1.01176,1
0.4758,5.1142,2.5523,11.4133,-1.4059,0.0010,-0.4091,0,0,0,0.00000,1
0.4749,4.9112,2.5123,12.5706,-2.4677,0.0520,-1.6021,0,1,0,1.42209,1
0.4365,4.7595,2.6505,13.3256,2.9858,0.0538,-2.2162,0,0,1,2.21635,1
0.4182,4.3926,2.6444,11.5255,-2.1816,0.1063,-0.5554,0,0,0,0.00000,3
0.4960,5.0809,2.4581,12.1988,2.3920,0.0134,-1.2289,0,1,0,0.43736,1
0.3447,3.7588,2.8331,12.3210,2.1060,0.0412,-0.9444,0,1,1,1.08808,1
0.5360,5.6433,2.4013,11.3816,1.9453,0.0020,-0.4551,0,0,0,0.00000,3
0.3506,3.7389,2.7937,11.2593,-2.3546,0.0638,-0.2312,0,0,0,0.00000,1
0.3400,3.7112,2.8433,12.5454,2.9761,0.0336,-1.0843,0,1,1,1.37388,1
0.4406,4.4271,2.5496,11.4571,-1.1795,0.0291,-0.4356,0,0,0,0.00000,1
0.4599,4.4756,2.4770,11.3531,-0.2023,0.0236,-0.3609,0,0,0,0.00000,1
0.3704,4.0834,2.7965,12.6407,3.1227,0.0513,-1.2901,0,0,2,1.19643,0
0.4889,5.0762,2.4874,11.9450,-1.2091,0.0400,-0.9898,0,1,1,0.36405,1
0.4128,4.2445,2.6302,11.9036,2.7766,0.0891,-0.8459,0,1,0,0.62296,1
0.5732,5.5210,2.2341,11.6685,1.0061,0.0309,-0.8578,0,0,1,0.32753,3
0.4864,4.7843,2.4355,11.4094,1.4714,0.0110,-0.4288,0,0,0,0.00000,3
0.4670,4.9352,2.5521,12.8931,3.0394,0.0282,-1.8673,1,2,1,1.53469,1
0.5289,5.2045,2.3488,11.4985,2.1738,0.0212,-0.5871,0,0,0,0.00000,1
0.4497,4.4637,2.5186,11.7708,-1.9934,0.0557,-0.7600,0,1,0,0.25463,3
0.4166,4.1546,2.5881,12.8611,2.2567,0.0381,-1.6404,1,2,0,1.07733,1
0.4642,4.7459,2.5215,11.3290,2.0426,0.0461,-0.3709,0,0,0,0.00000,3
0.4775,4.8481,2.4869,11.8291,1.4207,0.0460,-0.8581,0,0,2,0.45771,3
0.4755,4.4337,2.4023,11.5132,0.6592,0.0562,-0.5650,0,0,0,0.00000,1
0.4211,4.3533,2.6199,12.0843,-1.5700,0.0286,-0.9415,0,1,0,0.78321,1
0.5039,5.1008,2.4293,11.6456,2.1948,0.0552,-0.7391,0,0,1,0.21601,1
0.3892,4.2219,2.7400,11.9763,2.1768,0.0710,-0.8313,0,1,0,0.66643,3
0.5231,5.3822,2.4055,11.3501,1.3282,0.0025,-0.4072,0,0,0,0.00000,3
0.4288,4.7273,2.6789,11.7125,-2.3365,0.0205,-0.6276,0,1,0,0.44861,0
0.4999,5.1274,2.4516,11.4947,-2.5452,0.0014,-0.5177,0,0,0,0.00000,3
0.4330,4.1583,2.5150,11.7625,-0.6921,0.0015,-0.6516,0,1,0,0.28958,3
0.3388,3.6830,2.8406,12.6762,-2.4761,0.0340,-1.1776,0,0,2,1.50601,1
0.5353,5.3615,2.3526,12.8527,2.4984,0.0090,-2.0794,0,0,1,1.24177,1
0.6196,6.1258,2.1543,11.5443,0.2688,0.0164,-0.7785,0,0,0,0.00000,3
0.5337,5.3135,2.3502,11.4931,-0.3145,0.0355,-0.6064,0,0,0,0.00000,1
0.4326,4.7434,2.6651,11.8393,2.7551,0.1345,-0.8883,0,0,1,0.14421,1
0.4188,4.2801,2.6116,11.3627,2.6392,0.0885,-0.3998,0,0,0,0.00000,1
0.4406,4.7907,2.6387,12.4305,2.6399,0.0560,-1.3518,0,1,1,0.76413,3
0.3811,3.9013,2.6862,12.1931,1.7258,0.0406,-0.9456,1,1,0,0.57702,1
0.4052,4.0417,2.6101,12.2502,-2.3776,0.0428,-1.0619,0,1,0,0.94547,1
0.4475,4.6986,2.5847,13.0355,2.5114,0.0273,-1.9254,0,0,2,1.68244,1
0.4185,4.6157,2.7008,11.8278,2.2113,0.0364,-0.7261,0,0,1,0.33901,0
0.5992,5.9911,2.2107,11.3798,-1.8121,0.0089,-0.5438,0,0,0,0.00000,1
0.3326,3.6608,2.8680,11.5019,-3.1161,0.2988,-0.6481,0,0,0,0.00000,1
0.4415,4.4222,2.5445,11.3350,-3.0491,0.0371,-0.3413,0,0,0,0.00000,1
0.5920,5.9522,2.2320,11.6071,-1.6645,0.0294,-0.8217,0,0,0,0.00000,1
0.4452,4.8389,2.6288,11.9116,2.4821,0.0419,-0.8624,0,0,1,0.38805,3
0.4971,5.1843,2.4749,11.2880,1.8581,0.0029,-0.3181,0,0,0,0.00000,3
0.4946,5.0039,2.4481,11.5278,2.3450,0.0154,-0.5587,0,0,0,0.00000,3
0.3944,4.1185,2.6841,13.1022,-2.6881,0.0093,-1.7127,0,1,2,1.52016,1
0.4808,4.5152,2.3990,11.9089,-0.9758,0.0220,-0.9092,0,0,1,0.48628,1
0.5205,5.3176,2.4038,11.3655,-1.8403,0.0261,-0.4471,0,0,0,0.00000,3
0.3449,3.7134,2.8164,12.9341,3.0465,0.0255,-1.3842,0,1,1,1.80611,1
0.4684,4.9040,2.5390,11.4288,-2.4367,0.0144,-0.4291,0,0,0,0.00000,3
0.4341,4.7365,2.6562,11.6807,3.1208,0.1216,-0.7330,0,0,0,0.00000,1
0.4652,4.8474,2.5402,12.1726,2.9785,0.0185,-1.1245,1,1,0,0.36238,3
0.3802,3.9116,2.6937,12.3963,-2.6354,0.0070,-1.0588,0,0,1,0.84132,1
0.5215,5.3796,2.4118,12.8672,-2.7889,0.0217,-2.0609,0,1,1,1.15516,1
0.3933,4.0783,2.6778,11.8297,1.7802,0.0104,-0.6450,0,1,0,0.32894,1
0.3406,3.7175,2.8421,11.8944,2.3408,0.0672,-0.6614,0,1,0,0.50953,1
0.5979,6.0135,2.2191,11.5607,1.0379,0.0832,-0.8453,0,0,0,0.00000,3
0.5621,5.4388,2.2621,11.6739,-0.4441,0.0690,-0.8921,0,0,0,0.00000,1
0.6328,6.0965,2.1019,11.6529,1.2223,0.0396,-0.9651,0,0,0,0.00000,1
0.5416,5.3629,2.3280,11.4351,-2.1458,0.0234,-0.5423,0,0,0,0.00000,1
0.4699,5.1652,2.5898,11.3360,-2.4459,0.0119,-0.3448,0,0,0,0.00000,3
0.4587,4.7366,2.5438,11.7482,-2.7677,0.0423,-0.7399,0,1,0,0.34197,1
0.4950,5.0312,2.4522,11.5075,0.3547,0.0174,-0.5422,0,0,0,0.00000,1
0.4958,4.4913,2.3339,11.4004,0.3939,0.0055,-0.4237,0,0,0,0.00000,3
0.5793,5.5983,2.2240,11.9836,1.2002,0.0360,-1.2437,0,1,0,0.57450,1
0.5089,5.4567,2.4792,11.2913,-1.7564,0.0002,-0.3311,0,0,0,0.00000,3
0.4431,4.6225,2.5865,12.4064,-1.1226,0.0132,-1.2736,0,0,1,0.79713,1
0.3622,3.8149,2.7564,11.3364,2.0620,0.0318,-0.2585,0,0,0,0.00000,1
0.5752,5.8397,2.2790,11.4878,0.5300,0.0312,-0.6592,0,0,0,0.00000,3
0.4231,4.5247,2.6552,12.5579,3.0384,0.0477,-1.3996,0,0,1,1.30578,1
0.4122,4.3326,2.6569,12.9433,-2.7814,0.0222,-1.6709,0,1,1,1.51589,1
0.5385,4.9518,2.2638,11.5502,0.9087,0.0145,-0.6454,0,0,0,0.00000,3
0.3431,3.7702,2.8456,11.9381,2.8048,0.1587,-0.8133,0,1,0,0.65463,3
0.3370,3.6654,2.8447,12.2422,-2.9886,0.0386,-0.8624,0,1,0,1.00481,1
0.3699,3.9724,2.7655,11.6159,-2.5596,0.0659,-0.5091,0,1,0,0.36707,3
0.4119,4.1785,2.6167,11.3136,2.0220,0.0488,-0.3074,0,0,0,0.00000,3
0.3596,3.9065,2.7993,13.0250,-2.3736,0.0222,-1.5134,1,1,2,2.40616,1
0.4474,4.7096,2.5878,11.8485,1.0269,0.0097,-0.7682,0,0,1,0.28723,1
0.4605,4.6451,2.5144,11.3731,-1.3027,0.0743,-0.4390,0,0,0,0.00000,1
0.4220,4.1182,2.5537,11.4478,-2.3098,0.0001,-0.3699,0,0,0,0.00000,3
0.4435,4.6372,2.5881,12.3110,2.5564,0.0349,-1.2170,0,0,1,0.58859,1
0.5108,5.3027,2.4413,11.6023,-2.6411,0.0011,-0.6407,0,0,0,0.00000,3
0.4719,4.4129,2.4123,11.4907,3.1064,0.0136,-0.4872,0,0,0,0.00000,1
0.4121,4.5495,2.7147,11.3782,1.9742,0.0190,-0.3259,0,0,0,0.00000,0
0.4622,4.4101,2.4518,11.4848,-0.1789,0.0310,-0.4901,0,0,0,0.00000,1
0.5073,5.3017,2.4557,12.4356,-1.7220,0.0387,-1.5517,0,1,0,1.07460,1
0.4742,4.5864,2.4423,11.2548,-0.6819,0.0210,-0.2844,0,0,0,0.00000,1
0.3751,4.0933,2.7748,11.4750,3.0049,0.1717,-0.5343,0,0,0,0.00000,1
0.5176,5.1506,2.3832,12.4409,2.0419,0.0238,-1.5679,0,0,2,0.67580,1
0.3486,3.7850,2.8202,12.0919,2.1885,0.0886,-0.8493,0,1,0,0.60074,3
0.5464,5.4314,2.3216,12.8938,-0.5859,0.0339,-2.2209,0,0,1,1.57587,1
0.5521,5.3744,2.2893,11.9302,0.8741,0.0374,-1.1176,0,1,0,0.39827,3
0.4866,5.1979,2.5228,13.1118,1.1781,0.0288,-2.1921,0,1,1,1.37698,1
0.4153,4.3467,2.6456,11.4728,2.6536,0.1423,-0.5500,0,0,0,0.00000,1
0.4592,4.3042,2.4390,11.8020,1.9540,0.0415,-0.7881,0,0,1,0.27817,1
0.5304,5.1665,2.3355,11.5963,0.6478,0.0561,-0.7344,0,0,0,0.00000,1
0.4632,5.0780,2.6011,11.3250,-1.9000,0.0446,-0.3650,0,0,0,0.00000,1
0.4202,4.2333,2.5925,11.8977,-2.0141,0.0197,-0.7665,0,1,0,0.44847,3
0.4631,4.7250,2.5216,11.4098,-2.4362,0.0994,-0.5050,0,0,0,0.00000,1
0.5302,4.8619,2.2778,11.6001,-0.7420,0.0490,-0.7277,0,0,0,0.00000,3
0.4559,4.2782,2.4466,11.3400,0.3347,0.0326,-0.3550,0,0,0,0.00000,1
0.3714,3.9324,2.7451,11.4884,2.7271,0.1448,-0.5089,0,0,0,0.00000,1
0.4611,4.4260,2.4605,11.3686,-0.6744,0.0515,-0.4084,0,0,0,0.00000,1
0.4012,4.2934,2.6998,12.5918,2.9125,0.0372,-1.3370,0,1,1,1.14549,1
0.4302,4.4836,2.6115,12.8343,2.1738,0.0126,-1.6282,0,1,1,1.34974,1
0.3931,4.1171,2.6899,11.8940,2.3674,0.0072,-0.6916,0,0,1,0.58512,1
0.5337,5.3171,2.3507,11.7944,-2.2111,0.0151,-0.8988,0,1,0,0.44367,1
0.4730,4.3694,2.3975,11.4168,-0.3744,0.0210,-0.4298,0,0,0,0.00000,3
0.4977,4.8997,2.4136,11.4201,3.0573,0.0012,-0.4417,0,0,0,0.00000,3
0.4838,4.5924,2.4044,11.4256,1.8414,0.0047,-0.4325,0,0,0,0.00000,3
0.4607,4.8413,2.5588,12.2314,-1.5286,0.0001,-1.1427,0,0,1,0.92228,1
0.4835,5.1888,2.5344,11.2628,-0.1874,0.0014,-0.2796,0,0,0,0.00000,1
0.4432,4.3115,2.5095,11.4013,-0.3834,0.0222,-0.3822,0,0,0,0.00000,1
0.4690,4.6859,2.4870,11.5175,2.4079,0.0372,-0.5376,0,0,0,0.00000,1
0.3675,3.8636,2.7440,13.1175,2.5572,0.0599,-1.6929,1,0,1,1.73899,1
0.4334,4.4123,2.5785,11.3830,-1.3801,0.0330,-0.3686,0,0,0,0.00000,1
0.4898,4.7506,2.4144,11.3538,1.2265,0.0517,-0.4282,0,0,0,0.00000,3
0.5925,5.8591,2.2160,11.5963,0.1737,0.0049,-0.7781,0,0,0,0.00000,3
0.4520,4.7477,2.5762,11.7841,1.8278,0.0489,-0.7686,0,1,0,0.40657,3
0.5051,5.2006,2.4447,11.5837,-2.1622,0.0541,-0.6778,0,0,0,0.00000,1
0.5378,5.2199,2.3166,11.7982,0.8118,0.0225,-0.9202,0,0,1,0.31661,3
0.4929,5.0567,2.4662,11.5703,1.5958,0.0572,-0.6487,0,0,0,0.00000,3
0.4002,4.1759,2.6718,11.4255,-2.3631,0.0740,-0.4129,0,0,0,0.00000,3
0.4941,4.5669,2.3573,11.3600,-0.9651,0.0256,-0.4075,0,0,0,0.00000,3
0.3378,3.6937,2.8501,11.9832,2.3990,0.1474,-0.8206,0,1,1,0.58801,3
0.4120,4.4015,2.6762,11.4558,-2.9433,0.1601,-0.5522,0,0,0,0.00000,1
0.4389,4.5228,2.5813,11.3952,-0.1161,0.0021,-0.3494,0,1,0,0.16882,1
0.4717,4.6434,2.4660,11.3599,-1.1476,0.0483,-0.4093,0,0,0,0.00000,3
0.4506,4.8312,2.6022,11.3641,1.1867,0.0019,-0.3363,0,0,0,0.00000,1
0.4157,4.1103,2.5802,12.1213,-0.5591,0.0017,-0.9221,0,1,0,0.72411,1
0.4593,4.3376,2.4467,11.4316,-0.9872,0.0584,-0.4709,0,0,0,0.00000,1
0.4780,5.0279,2.5240,11.3650,-2.9443,0.0230,-0.3926,0,0,0,0.00000,3
0.3730,3.9049,2.7286,12.3283,2.9807,0.0740,-1.0784,0,1,0,0.90110,1
0.4213,4.6256,2.6895,11.3223,2.9684,0.0145,-0.2852,0,0,0,0.00000,1
0.4596,4.8455,2.5646,11.3626,-2.8836,0.0353,-0.3837,0,0,0,0.00000,3
0.4259,4.2218,2.5635,11.8595,-1.1298,0.0232,-0.7498,0,1,0,0.47807,1
0.4441,4.3036,2.5035,11.3990,1.8808,0.0425,-0.4051,0,0,0,0.00000,3
0.4140,4.3155,2.6435,12.0821,-3.0188,0.0465,-0.9462,0,0,1,0.65767,3
0.4681,4.3805,2.4203,11.7801,-1.4063,0.0280,-0.7674,0,1,0,0.30498,1
0.5199,5.1557,2.3752,11.4706,0.1789,0.0166,-0.5401,0,0,0,0.00000,1
0.4986,5.4297,2.5179,13.3200,-1.3482,0.0105,-2.4525,0,0,0,0.00000,1
0.4943,4.9203,2.4320,12.0901,-2.2677,0.0249,-1.1279,0,0,1,0.73874,1
0.3973,3.9935,2.6339,11.3531,3.0329,0.0268,-0.2988,0,0,0,0.00000,3
0.5401,4.8914,2.2463,11.4353,-0.6901,0.1376,-0.6781,0,0,0,0.00000,1
0.3843,3.9517,2.6852,11.9308,-2.9191,0.0571,-0.7662,0,1,0,0.26655,3
0.4907,4.5587,2.3690,11.4857,-0.8043,0.0915,-0.6035,0,0,0,0.00000,1
0.4413,4.8333,2.6458,11.5114,2.6354,0.0811,-0.5458,0,0,0,0.00000,3
0.4245,4.2092,2.5667,11.5654,1.7887,0.0080,-0.4796,0,1,0,0.21289,3
0.4766,4.6325,2.4429,11.9142,2.4556,0.0345,-0.9226,0,0,1,0.17585,1
0.4374,4.6420,2.6177,12.8768,1.5746,0.0018,-1.6811,0,0,1,1.53071,1
0.4770,5.0876,2.5416,12.6251,-3.0603,0.0473,-1.6596,0,0,3,0.60254,1
0.5711,5.5753,2.2512,11.5560,0.7107,0.0488,-0.7499,0,0,0,0.00000,3
0.3452,3.7401,2.8241,13.1933,2.7406,0.0332,-1.6020,1,1,0,1.73622,1
0.4359,4.7131,2.6418,11.5027,-2.6086,0.0407,-0.4831,0,0,0,0.00000,3
0.5350,5.5782,2.3934,11.3960,2.6711,0.0060,-0.4732,0,0,0,0.00000,3
0.4397,4.6177,2.6007,11.2899,3.0903,0.0180,-0.2800,0,0,0,0.00000,3
0.5424,5.2019,2.2952,12.6704,-1.2335,0.0062,-1.8876,0,1,1,1.44238,1
0.4355,4.4500,2.5785,11.3206,3.1370,0.0085,-0.2903,0,0,0,0.00000,3
0.4124,4.2291,2.6280,11.2815,-1.6337,0.0436,-0.2764,0,0,0,0.00000,1
0.4785,5.1293,2.5436,12.6637,0.9905,0.0011,-1.6329,0,0,2,1.34610,1
0.3717,3.9854,2.7599,11.8369,-3.0338,0.0891,-0.7077,0,0,1,0.39798,3
0.3513,3.8299,2.8201,12.1738,2.9182,0.0746,-0.8986,0,0,1,0.72407,3
0.5117,4.9822,2.3736,11.3590,0.5909,0.0297,-0.4333,0,0,0,0.00000,1
0.6067,5.5618,2.1180,11.5396,-0.1764,0.0156,-0.7465,0,0,0,0.00000,1
0.4670,4.8689,2.5372,11.4762,2.2572,0.0133,-0.4691,0,0,0,0.00000,3
0.5069,5.3856,2.4737,11.8123,2.3300,0.0470,-0.9049,0,1,0,0.47197,3
0.5088,4.8773,2.3642,11.9213,-0.6517,0.0204,-0.9831,0,1,0,0.27707,1
0.5275,4.9941,2.3137,12.1106,-0.5517,0.0489,-1.2706,0,0,1,0.82753,1
0.4302,4.3680,2.5818,12.9516,1.9495,0.0099,-1.7344,0,0,1,1.67302,1
0.4565,4.2904,2.4470,11.7882,2.6437,0.0040,-0.7215,0,0,1,0.35480,1
0.4442,4.8918,2.6458,12.1609,-2.8770,0.0099,-1.0460,0,1,0,0.77562,0
0.4683,4.5231,2.4527,11.8960,0.3793,0.0306,-0.8816,0,0,1,0.43581,1
0.5322,4.8525,2.2683,11.4051,-0.1196,0.0326,-0.5075,0,0,0,0.00000,3
0.5287,5.0646,2.3228,12.0988,0.6166,0.0109,-1.2069,0,0,1,0.24321,1
0.3825,4.2241,2.7748,12.2157,-3.0892,0.1618,-1.1328,1,1,0,0.76414,0
0.4262,4.6693,2.6771,12.5898,-2.8061,0.0311,-1.4150,0,1,1,1.12041,1
0.4184,4.2216,2.5976,11.3952,2.9215,0.0031,-0.3270,0,0,0,0.00000,3
0.5537,5.3581,2.2800,12.5220,1.2260,0.0432,-1.8166,0,0,1,1.01604,1
0.3752,4.0589,2.7638,12.7590,-3.0189,0.0565,-1.4142,0,1,1,1.11830,1
0.4199,4.3416,2.6225,12.1198,-3.0272,0.0739,-1.0312,0,1,1,0.36198,1
0.5694,5.3330,2.2166,11.4311,-0.1014,0.1017,-0.6716,0,0,0,0.00000,1
0.4234,4.4505,2.6347,11.4620,2.9890,0.0416,-0.4329,0,0,0,0.00000,3
0.5219,4.8121,2.2997,11.3824,-0.1888,0.0157,-0.4512,0,0,0,0.00000,3
0.4272,4.2047,2.5530,11.7923,-2.5634,0.0220,-0.6930,0,0,1,0.41379,3
0.4247,4.6216,2.6721,12.8299,2.1947,0.0309,-1.6329,0,1,1,1.56818,1
0.4597,4.4090,2.4620,12.4842,-1.0688,0.0403,-1.4424,0,0,1,0.28120,1
0.3908,4.1189,2.7020,11.5343,2.6428,0.1255,-0.5474,0,0,1,0.20328,1
0.4152,4.2526,2.6213,11.3403,2.4332,0.0493,-0.3327,0,0,0,0.00000,3
0.3508,3.8400,2.8259,11.6679,2.6804,0.2301,-0.7148,0,0,0,0.00000,1
0.5236,5.2945,2.3871,11.3450,2.1337,0.0199,-0.4227,0,0,0,0.00000,3
0.5811,5.6754,2.2296,11.9380,1.4768,0.0237,-1.1779,0,1,0,0.42721,1
0.6132,5.9186,2.1480,12.3030,-0.0747,0.0632,-1.7784,0,0,1,0.77334,1
0.5025,4.9808,2.4107,11.4462,2.4838,0.0008,-0.4728,0,0,0,0.00000,3
0.5374,5.3305,2.3387,11.8160,1.1529,0.0423,-0.9654,0,0,1,0.30781,3
0.4367,4.2269,2.5163,11.9424,-1.3677,0.0048,-0.8204,0,1,0,0.69595,1
0.4441,4.6455,2.5877,11.8219,2.4099,0.0446,-0.7818,0,0,1,0.40363,3
0.4325,4.7648,2.6709,12.2057,-1.6650,0.0276,-1.0789,0,0,1,0.77953,0
0.4298,4.2882,2.5631,11.7851,2.8749,0.0359,-0.7096,0,1,0,0.25311,1
0.3961,4.1383,2.6813,12.7430,2.4168,0.0422,-1.4585,0,1,0,1.45114,1
0.3615,3.8093,2.7581,12.6682,-2.0884,0.0264,-1.2423,0,0,1,0.86400,1
0.5299,4.9723,2.3004,11.2699,-1.0733,0.0064,-0.3367,0,0,0,0.00000,3
0.3788,4.0407,2.7398,11.4919,-3.0058,0.1761,-0.5575,0,0,0,0.00000,1
0.3762,4.1150,2.7758,12.3569,2.9138,0.1193,-1.1743,1,1,0,0.55173,1
0.4698,4.5305,2.4480,12.0625,-1.1165,0.0290,-1.0426,0,0,1,0.69225,1
0.4172,4.1627,2.5877,11.4415,2.8041,0.0268,-0.3905,0,0,0,0.00000,3
0.4229,4.5390,2.6598,12.4705,2.9306,0.0150,-1.2703,0,1,0,1.02738,1
0.4003,4.1163,2.6544,11.6183,2.4866,0.0087,-0.4879,0,0,0,0.00000,3
0.5523,5.5044,2.3114,11.2677,2.2816,0.0044,-0.3573,0,0,0,0.00000,1
0.5398,5.1655,2.2986,11.5119,1.7103,0.0241,-0.6204,0,0,0,0.00000,1
0.3565,3.8823,2.8085,11.2880,2.8510,0.0254,-0.2129,0,0,0,0.00000,1
0.4598,4.6718,2.5239,12.1967,2.5484,0.0447,-1.1688,0,1,0,0.74101,1
0.4695,5.0642,2.5697,11.2945,-1.9021,0.0520,-0.3525,0,0,0,0.00000,3
0.6240,5.9608,2.1146,11.6384,-0.8531,0.0185,-0.9023,0,1,0,0.25191,1
0.3693,3.9060,2.7480,12.8288,-3.0773,0.0425,-1.4271,0,1,1,1.57272,1
0.3919,4.0436,2.6748,12.2046,-2.8742,0.0153,-0.9490,0,1,0,0.43948,3
0.5677,5.3870,2.2322,11.3324,0.4999,0.0030,-0.4411,0,0,0,0.00000,1
0.3575,3.8051,2.7783,12.0754,-2.3726,0.0574,-0.8175,0,1,0,0.86212,3
0.4183,4.5293,2.6793,11.3948,1.7898,0.0668,-0.4009,0,0,0,0.00000,1
0.4392,4.4647,2.5656,12.0434,1.2299,0.0075,-0.9209,0,1,0,0.21876,1
0.3990,4.3213,2.7184,12.8017,-2.7554,0.0843,-1.5892,0,0,2,1.54583,1
0.5449,4.9505,2.2393,11.3799,-0.0753,0.0215,-0.4843,0,0,0,0.00000,3
0.3436,3.7051,2.8211,12.9514,-2.7787,0.0690,-1.4641,0,1,0,1.73794,1
0.3519,3.7381,2.7865,12.4428,-3.1237,0.0306,-1.0419,0,1,1,1.30769,1
0.5048,4.6601,2.3349,11.4551,-0.2863,0.0560,-0.5498,0,0,0,0.00000,1
0.5015,4.9035,2.3988,11.4397,-1.7497,0.0148,-0.4817,0,0,0,0.00000,3
0.4147,4.5368,2.6990,11.3551,-3.0678,0.0064,-0.2956,0,0,0,0.00000,1
0.3405,3.7578,2.8563,12.2696,-2.9815,0.1231,-1.0066,0,0,1,0.85350,2
0.5546,5.0555,2.2227,11.2548,-0.3157,0.0009,-0.3399,0,0,0,0.00000,1
0.4514,4.5160,2.5235,11.4876,-0.6097,0.0157,-0.4603,0,0,0,0.00000,1
0.4481,4.3885,2.5069,12.3846,-2.5495,0.0277,-1.2889,0,1,0,0.88473,1
0.3594,3.9498,2.8142,12.0763,3.0322,0.1507,-0.9451,0,0,1,0.30717,1
0.4875,4.6412,2.3999,11.4991,0.8929,0.0345,-0.5427,0,0,0,0.00000,3
0.4926,5.1010,2.4768,12.0820,0.9462,0.0362,-1.1322,0,1,0,0.53786,1
0.4279,4.2998,2.5749,12.6089,-1.6288,0.0122,-1.4075,0,1,0,1.30107,1
0.3306,3.6367,2.8714,13.2981,-2.3167,0.0275,-1.6026,0,1,3,2.63409,1
0.5734,5.2445,2.1868,11.5708,-0.2916,0.0561,-0.7778,0,0,0,0.00000,3
0.5263,4.8341,2.2872,11.4107,1.2438,0.0373,-0.5113,0,0,0,0.00000,1
0.4920,5.0604,2.4710,12.2140,-2.1373,0.0136,-1.2334,0,1,0,0.60092,1
0.5459,5.6213,2.3574,12.7527,-2.2471,0.0285,-2.0407,0,1,1,1.41755,1
0.3525,3.8903,2.8330,12.8324,3.0872,0.1157,-1.4789,0,1,3,1.56707,0
0.5871,5.5767,2.1916,11.6163,-0.4788,0.0905,-0.8995,0,0,0,0.00000,1
0.5016,4.6382,2.3428,11.8960,1.3679,0.0171,-0.9354,0,0,2,0.67279,1
0.4337,4.4364,2.5831,12.1245,-2.0303,0.0043,-0.9756,0,1,0,0.46601,3
0.3916,4.2488,2.7353,12.2027,-2.2241,0.0462,-0.9895,0,1,0,0.77555,3
0.4837,5.3300,2.5633,11.5811,-2.9561,0.1046,-0.7028,0,0,0,0.00000,0
0.4661,4.8100,2.5278,11.4510,-3.0982,0.0609,-0.5012,0,0,0,0.00000,1
0.5778,5.5173,2.2164,11.5333,0.9877,0.0224,-0.7016,0,0,0,0.00000,3
0.5658,5.6840,2.2896,11.7273,0.3038,0.0439,-0.9283,0,0,1,0.28847,1
0.4760,4.9936,2.5254,13.1593,-2.2642,0.0094,-2.1558,0,1,1,2.14546,1
0.3533,3.8881,2.8282,13.1533,-2.8402,0.0777,-1.6858,0,1,1,1.93279,1
0.3629,3.8348,2.7591,11.6898,-2.9278,0.0103,-0.4856,0,1,0,0.33536,1
0.4503,4.7046,2.5736,12.6710,-1.7130,0.0143,-1.5534,0,1,0,1.11118,1
0.4392,4.2439,2.5099,11.4201,-0.0167,0.0168,-0.3871,0,0,0,0.00000,1
0.5410,4.9591,2.2554,11.3319,-0.6546,0.0095,-0.4154,0,0,0,0.00000,3
0.4121,4.5329,2.7104,11.5225,-2.1166,0.0428,-0.4696,0,0,0,0.00000,1
0.4621,4.4489,2.4615,11.3545,1.8268,0.0133,-0.3523,0,0,0,0.00000,3
0.4776,4.8635,2.4900,11.2632,0.9432,0.0044,-0.2770,0,0,0,0.00000,3
0.4451,4.5453,2.5587,11.8069,-1.5343,0.0033,-0.7173,0,1,0,0.34537,1
0.4336,4.6534,2.6378,11.4522,2.7291,0.1029,-0.5097,0,0,0,0.00000,1
0.3612,3.9856,2.8161,12.7002,2.3385,0.0293,-1.2708,0,0,3,1.08539,0
0.4406,4.2671,2.5097,11.3921,2.3729,0.0528,-0.4071,0,0,0,0.00000,1
0.3450,3.7180,2.8175,11.9596,-3.0590,0.0428,-0.6859,0,1,0,0.55669,3
0.4255,4.3991,2.6115,12.3959,-2.4561,0.0331,-1.2372,1,1,0,0.51242,1
0.5757,5.8346,2.2762,11.5155,-0.8800,0.1150,-0.7949,0,0,0,0.00000,1
0.4309,4.3286,2.5685,11.4196,-2.0730,0.0113,-0.3709,0,0,0,0.00000,3
0.4359,4.4814,2.5843,12.0429,-1.9050,0.0083,-0.9140,0,0,1,0.30358,3
0.4484,4.8137,2.6079,12.3370,-2.2919,0.0255,-1.2436,0,1,0,1.04678,3
0.5073,5.5409,2.5024,13.1953,-2.3575,0.0529,-2.4341,0,0,1,1.94152,1
0.5448,5.2340,2.2921,11.5235,-1.1270,0.0212,-0.6369,0,0,0,0.00000,3
0.4791,4.9753,2.5081,11.4853,2.2251,0.1354,-0.6401,0,0,0,0.00000,1
0.3792,3.9822,2.7202,11.9080,2.1312,0.0410,-0.7170,0,0,1,0.22922,3
0.4728,4.6486,2.4624,11.3078,0.6188,0.0385,-0.3515,0,0,0,0.00000,1
0.4912,5.3144,2.5271,11.7840,1.9767,0.0648,-0.8669,0,1,0,0.30772,3
0.3657,3.8806,2.7591,12.6307,-3.0865,0.0845,-1.3161,0,1,1,1.47470,1
0.4044,4.3618,2.7026,11.5284,2.8360,0.0545,-0.4774,0,1,0,0.22184,3
0.4703,4.6772,2.4794,11.3759,0.1895,0.0065,-0.3734,0,0,0,0.00000,1
0.3524,3.8537,2.8218,12.1655,-2.5611,0.0187,-0.8206,0,1,0,0.38674,1
0.4495,4.5052,2.5294,11.4017,1.5386,0.0164,-0.3836,0,0,0,0.00000,3
0.4595,4.9230,2.5830,12.9272,-3.0652,0.0398,-1.8903,0,1,0,1.52662,1
0.3936,4.1884,2.7081,13.1703,1.8102,0.0079,-1.7671,1,2,0,1.87333,1
0.4635,4.9133,2.5628,11.4565,-1.9749,0.0657,-0.5087,0,0,0,0.00000,3
0.3612,3.9149,2.7935,12.6418,-2.0338,0.0243,-1.2171,0,1,0,1.14288,1
0.4141,4.1444,2.5970,11.8157,3.1336,0.0686,-0.7472,0,0,1,0.28932,1
0.3824,4.1490,2.7533,12.4078,-2.2614,0.0196,-1.0938,0,1,1,1.19889,1
0.3684,3.8969,2.7495,11.5720,-2.9878,0.1234,-0.5426,0,1,0,0.21950,1
0.3572,3.8076,2.7806,11.8614,-2.8343,0.0169,-0.6076,0,0,1,0.28813,1
0.4913,4.4919,2.3519,11.5165,-1.5527,0.0110,-0.5352,0,0,0,0.00000,1
0.3638,3.9305,2.7847,11.9965,3.1177,0.1710,-0.9197,0,1,0,0.31929,1
0.4136,4.0824,2.5823,11.3353,-1.3229,0.0214,-0.2948,0,0,0,0.00000,1
0.6081,5.7134,2.1359,11.4744,-0.6489,0.0772,-0.7500,0,0,0,0.00000,3
0.4661,4.3264,2.4159,11.9962,-1.4959,0.0132,-0.9470,0,0,1,0.58656,1
0.5262,5.6414,2.4411,11.4572,1.8513,0.0140,-0.5343,0,0,0,0.00000,3
0.5750,5.4260,2.2114,11.5102,-0.6648,0.0546,-0.7110,0,0,0,0.00000,3
0.3805,4.1682,2.7691,13.3582,2.7106,0.0919,-2.0287,0,1,1,2.25921,1
0.5200,5.2643,2.3956,11.2913,0.9900,0.0005,-0.3423,0,0,0,0.00000,3
0.6555,6.2116,2.0359,12.4429,0.1358,0.0505,-2.0910,0,1,1,0.75508,1
0.5522,5.4953,2.3103,12.1428,1.8914,0.0286,-1.3475,0,0,1,0.48366,1
0.4502,4.6599,2.5633,11.4568,2.7512,0.0132,-0.4293,0,0,0,0.00000,3
0.4884,4.7867,2.4280,12.4642,1.9714,0.0288,-1.5013,0,0,1,1.08816,1
0.3931,4.0772,2.6788,12.1262,-2.3417,0.1059,-1.0112,0,0,1,0.38690,1
0.3964,4.1477,2.6826,11.3237,-2.8330,0.0753,-0.3307,0,0,0,0.00000,3
0.4642,4.9730,2.5728,11.9417,2.4168,0.1014,-1.0108,0,0,1,0.59960,1
0.3805,4.0572,2.7358,12.9954,2.5721,0.1012,-1.7159,0,0,1,1.67981,1
0.4875,5.1667,2.5123,11.4556,-3.0288,0.0098,-0.4739,0,0,0,0.00000,3
0.3640,3.9600,2.7925,13.0187,-2.8990,0.0453,-1.5669,0,1,1,1.86868,1
0.5001,5.0458,2.4340,11.4317,0.5177,0.0190,-0.4776,0,0,0,0.00000,1
0.4868,5.0748,2.4962,11.3852,-2.9854,0.0717,-0.4789,0,0,0,0.00000,1
0.3816,4.1622,2.7616,13.2384,-2.1884,0.0375,-1.8236,0,0,1,0.18930,1
0.5114,4.6457,2.3062,11.3619,0.4204,0.0296,-0.4343,0,0,0,0.00000,3
0.4294,4.4053,2.5950,11.3335,2.8071,0.0043,-0.2901,0,0,0,0.00000,3
0.3974,4.1331,2.6735,11.3420,2.4094,0.0725,-0.3427,0,0,0,0.00000,3
0.4632,4.7707,2.5316,11.3514,1.4601,0.0038,-0.3408,0,0,0,0.00000,3
0.5206,4.8652,2.3152,11.4232,-1.4538,0.0069,-0.4801,0,0,0,0.00000,1
0.4367,4.4450,2.5720,11.4053,2.8929,0.0133,-0.3682,0,0,0,0.00000,3
0.3891,4.1497,2.7196,13.0050,-2.9679,0.0627,-1.6957,0,1,1,1.76282,1
0.3963,4.2795,2.7201,12.0101,2.8940,0.1078,-0.9234,0,0,1,0.67440,1
0.3920,4.1738,2.7120,12.0480,2.0966,0.0603,-0.8822,0,1,0,0.81529,3
0.4019,4.0041,2.6152,11.3127,-2.0828,0.0100,-0.2529,0,0,0,0.00000,3
0.5347,5.5734,2.3938,11.3754,1.1377,0.0102,-0.4565,0,0,0,0.00000,3
0.4183,4.2674,2.6103,11.9657,1.8034,0.0356,-0.8414,0,1,0,0.62199,3
0.4508,4.8514,2.6057,11.9972,2.7565,0.0268,-0.9340,0,1,2,1.42088,3
0.4912,4.5706,2.3694,11.3110,-1.0301,0.0288,-0.3618,0,0,0,0.00000,3
0.5659,5.5577,2.2679,11.6522,0.5363,0.0850,-0.8957,0,0,0,0.00000,1
0.4419,4.5554,2.5754,11.3444,-1.2979,0.0151,-0.3248,0,0,0,0.00000,1
0.3669,4.0151,2.7942,11.5869,-2.9757,0.1407,-0.5718,0,0,2,0.51247,3
0.3978,4.0824,2.6572,11.2719,-1.4212,0.0212,-0.2309,0,0,0,0.00000,1
0.3728,3.9843,2.7536,12.2881,2.6798,0.0536,-1.0170,0,1,1,0.90359,3
0.5421,5.5468,2.3591,11.4477,1.0073,0.0088,-0.5395,0,0,0,0.00000,3
0.4970,4.9475,2.4267,11.5744,-0.5325,0.0023,-0.5911,0,0,0,0.00000,3
0.3735,4.1246,2.7925,11.8947,-2.9913,0.0886,-0.7552,0,1,0,0.62163,2
0.5102,4.7082,2.3238,11.4773,-0.6100,0.0281,-0.5454,0,0,0,0.00000,3
0.5129,4.9484,2.3623,11.4739,0.8800,0.0427,-0.5645,0,0,0,0.00000,3
0.4486,4.4266,2.5142,11.3605,2.6061,0.0326,-0.3655,0,0,0,0.00000,1
0.5071,5.3835,2.4725,11.3741,1.3916,0.0016,-0.4111,0,0,0,0.00000,3
0.4369,4.2846,2.5301,12.1905,-2.2506,0.0404,-1.0932,1,1,0,0.64534,1
0.4628,4.5943,2.4927,11.4663,1.0649,0.0338,-0.4781,0,0,0,0.00000,1
0.4501,4.7249,2.5792,12.6416,0.0985,0.0010,-1.5033,1,1,0,1.06958,1
0.3577,3.8766,2.8001,12.4554,2.8850,0.1552,-1.2497,1,1,1,1.16016,1
0.5079,5.4707,2.4860,11.3270,-1.3320,0.0451,-0.4171,0,0,0,0.00000,1
0.4606,4.9875,2.5925,12.0362,1.6797,0.0085,-0.9699,0,0,1,0.28019,1
0.5093,5.1965,2.4262,11.5452,2.6355,0.0440,-0.6335,0,1,0,0.18050,1
0.3566,3.9122,2.8179,12.9843,-3.1001,0.1052,-1.6059,0,1,0,1.94787,1
0.4660,4.3392,2.4191,11.7488,-0.9491,0.0087,-0.7093,0,0,1,0.25265,1
0.6653,6.2544,2.0069,11.5788,0.2140,0.1605,-1.0882,0,0,0,0.00000,1
0.5033,5.2726,2.4666,11.4836,-2.8760,0.0146,-0.5282,0,0,0,0.00000,3
0.5115,5.3622,2.4498,11.5365,-2.8639,0.0471,-0.6324,0,0,0,0.00000,1
0.5346,5.5608,2.3920,11.4507,-1.7294,0.0232,-0.5498,0,0,0,0.00000,3
0.4901,5.1210,2.4916,12.5488,-1.5637,0.0157,-1.5778,0,1,0,0.86164,1
0.4666,4.9240,2.5513,12.4219,-2.4054,0.0128,-1.3643,0,0,2,1.22131,1
0.5740,5.7129,2.2627,11.6717,0.6618,0.0060,-0.8323,0,0,0,0.00000,3
0.5160,5.1194,2.3837,11.6915,-0.9174,0.0737,-0.8309,0,0,0,0.00000,1
0.4778,4.3600,2.3759,11.3281,0.7932,0.0126,-0.3441,0,0,0,0.00000,3
0.5062,4.9390,2.3872,12.0693,1.9423,0.0185,-1.1280,0,1,0,0.48011,1
0.3397,3.6966,2.8401,12.7605,2.4371,0.0319,-1.2410,0,1,1,1.60934,1
0.4189,4.4796,2.6635,13.0630,2.9814,0.0617,-1.8826,0,1,1,1.74046,1
0.4585,4.4186,2.4696,11.4448,1.6536,0.0121,-0.4267,0,0,0,0.00000,3
0.5219,5.2966,2.3943,11.8383,-1.1473,0.0443,-0.9593,0,0,1,0.18265,3
0.4690,4.3658,2.4133,11.4649,1.6352,0.0455,-0.4980,0,0,0,0.00000,3
0.4725,4.7130,2.4781,11.7354,2.6880,0.0342,-0.7431,0,1,0,0.50018,1
0.5574,5.5501,2.2996,11.4027,0.6763,0.0208,-0.5265,0,0,0,0.00000,3
0.4619,4.8345,2.5520,11.3224,-1.6442,0.0627,-0.3817,0,0,0,0.00000,3
0.3955,3.9810,2.6389,11.5579,-2.2627,0.0401,-0.4710,0,1,0,0.20306,3
0.5829,5.8752,2.2547,11.4213,0.8861,0.0196,-0.5815,0,0,0,0.00000,3
0.4001,4.2635,2.6967,11.3921,-2.9964,0.0603,-0.3707,0,0,0,0.00000,3
0.4409,4.6604,2.6056,11.3203,1.0402,0.0017,-0.2882,0,0,0,0.00000,1
0.5134,5.1041,2.3913,11.7716,0.3581,0.0127,-0.8302,0,1,0,0.15291,3
0.4321,4.6386,2.6414,11.3446,-2.1716,0.0055,-0.3039,0,0,0,0.00000,1
0.5438,5.1369,2.2780,11.3795,-1.4668,0.0090,-0.4684,0,0,0,0.00000,1
0.3774,3.9744,2.7269,12.5398,1.8826,0.0428,-1.2193,0,1,2,1.37388,1
0.5202,4.9205,2.3279,11.5080,-0.5640,0.1024,-0.6828,0,0,0,0.00000,1
0.4760,5.0728,2.5425,13.0511,3.0135,0.0317,-2.0810,0,1,1,1.57690,1
0.4051,4.4391,2.7202,13.2483,-2.8653,0.0427,-1.9587,1,1,1,2.77297,1
0.3879,3.9868,2.6779,11.5930,2.8459,0.1116,-0.5732,0,0,0,0.00000,1
0.4992,4.5202,2.3271,11.3749,1.0964,0.0427,-0.4478,0,0,0,0.00000,3
0.4244,4.2277,2.5718,11.3570,1.7097,0.0100,-0.3104,0,0,0,0.00000,3
0.4286,4.7165,2.6774,12.0939,1.8567,0.0594,-1.0109,0,0,1,0.64656,1
0.5644,5.3129,2.2316,11.5625,0.4990,0.0450,-0.7402,0,0,0,0.00000,3
0.3691,4.0623,2.7973,12.3626,3.0232,0.0585,-1.0718,0,1,0,1.15323,3
0.4296,4.5643,2.6343,11.3364,-1.8892,0.0053,-0.2942,0,0,0,0.00000,1
0.4261,4.4499,2.6216,11.2980,2.1150,0.1136,-0.3824,0,0,0,0.00000,3
0.4044,4.2121,2.6618,12.8612,2.5141,0.0230,-1.5648,0,0,2,1.45338,1
0.4126,4.0666,2.5826,11.4098,-2.2816,0.0255,-0.3579,0,0,0,0.00000,3
0.4724,4.3254,2.3897,11.5458,0.5642,0.0515,-0.5849,0,0,0,0.00000,1
0.4736,5.0524,2.5486,11.5088,2.9781,0.0638,-0.5690,0,0,0,0.00000,1
0.5642,5.6554,2.2909,11.6202,0.6706,0.0798,-0.8502,0,0,0,0.00000,1
0.4636,4.6843,2.5099,11.3782,0.6635,0.0069,-0.3685,0,0,0,0.00000,1
0.4057,4.4771,2.7272,12.1891,3.1416,0.0110,-0.9689,0,1,0,0.64468,0
0.4668,4.3458,2.4176,11.2560,1.6818,0.0233,-0.2807,0,0,0,0.00000,3
0.4981,4.8871,2.4093,11.3360,-2.8524,0.0112,-0.3734,0,0,0,0.00000,1
0.5061,5.4050,2.4810,11.8261,-2.2896,0.0478,-0.9185,0,0,2,0.57842,3
0.4329,4.4543,2.5913,12.9434,-2.2053,0.0265,-1.7678,0,1,1,1.67854,1
0.4262,4.5997,2.6597,12.8382,1.7941,0.0153,-1.6210,0,1,0,1.51692,1
0.6457,5.9173,2.0315,12.3417,-0.3453,0.1064,-2.0050,0,1,0,0.81521,1
0.3475,3.8308,2.8414,12.8416,-2.4233,0.0325,-1.3341,0,1,1,1.73526,0
0.4068,4.1915,2.6442,11.3078,-2.6149,0.0399,-0.2880,0,0,0,0.00000,3
0.3409,3.7137,2.8392,11.3118,2.8127,0.0470,-0.2399,0,0,0,0.00000,1
0.3924,4.0977,2.6880,11.9839,2.8412,0.1037,-0.8876,0,1,0,0.40110,1
0.4937,5.0446,2.4605,11.4956,1.5818,0.0282,-0.5419,0,0,0,0.00000,3
0.3803,4.0106,2.7232,12.6536,2.8630,0.0831,-1.3861,0,1,0,1.47165,1
0.4822,5.3107,2.5656,11.4892,-2.8421,0.0642,-0.5637,0,0,0,0.00000,2
0.4548,4.3829,2.4769,11.5539,-1.6632,0.0561,-0.5723,0,0,0,0.00000,3
0.3878,4.2809,2.7635,11.4890,1.9729,0.0711,-0.4441,0,0,0,0.00000,0
0.4243,4.2380,2.5748,11.2262,2.0075,0.0276,-0.2241,0,0,0,0.00000,3
0.5030,5.2181,2.4567,11.8148,-1.0697,0.0283,-0.8747,0,1,0,0.25847,1
0.4842,4.9163,2.4736,11.3004,1.3699,0.0012,-0.3139,0,0,0,0.00000,3
0.5061,5.2214,2.4448,11.4207,2.6787,0.0216,-0.4784,0,0,0,0.00000,1
0.4578,4.6451,2.5262,11.3165,-1.8869,0.0031,-0.3032,0,0,0,0.00000,3
0.4739,5.2221,2.5839,12.0846,-1.8807,0.0413,-1.0946,0,0,1,0.41562,2
0.5309,5.2682,2.3529,11.5491,-0.8214,0.0006,-0.6174,0,0,0,0.00000,3
0.3855,4.2454,2.7653,11.7273,2.5736,0.0229,-0.5670,0,1,0,0.37558,0
0.3881,4.0341,2.6907,11.3008,-2.5910,0.1871,-0.4319,0,0,0,0.00000,1
0.5098,4.7409,2.3321,11.3450,-0.6721,0.0208,-0.4059,0,0,0,0.00000,3
0.5723,5.2762,2.1961,11.3598,0.8743,0.0208,-0.4973,0,0,0,0.00000,1
0.4353,4.3359,2.5504,12.0805,2.7471,0.0054,-0.9412,0,0,1,0.69455,1
0.4295,4.1381,2.5253,11.7137,1.0777,0.0674,-0.6865,0,0,1,0.20151,1
0.4489,4.6788,2.5739,11.4251,-2.7850,0.0777,-0.4756,0,0,0,0.00000,1
0.4566,4.6668,2.5364,11.5265,-3.1401,0.0593,-0.5547,0,0,0,0.00000,1
0.4120,4.3054,2.6505,11.7794,-2.5352,0.0183,-0.6498,0,0,1,0.31966,3
0.5178,5.5160,2.4531,11.6225,0.9071,0.0009,-0.6736,0,0,0,0.00000,3
0.3985,4.3344,2.7244,11.7077,-2.8304,0.0306,-0.5832,0,0,1,0.29759,3
0.6405,5.8519,2.0410,11.6779,-0.4203,0.0263,-0.9914,0,0,0,0.00000,1
0.4100,4.3722,2.6781,12.2979,2.4957,0.0024,-1.0604,0,1,0,0.95598,1
0.5512,5.5631,2.3259,11.3652,-1.5433,0.0347,-0.4952,0,0,0,0.00000,3
0.3893,3.9917,2.6724,12.3909,-2.2500,0.0762,-1.1830,1,1,0,1.01484,1
0.5178,4.7983,2.3126,11.5747,1.5829,0.0444,-0.6753,0,0,0,0.00000,1
0.5864,5.3957,2.1647,12.1592,0.4149,0.0604,-1.5079,0,1,0,0.52519,1
0.4017,4.1614,2.6603,12.4533,3.0929,0.0291,-1.2063,0,0,1,1.12409,1
0.4167,4.2182,2.6046,11.4163,2.5206,0.0704,-0.4206,0,0,0,0.00000,1
0.4726,4.9932,2.5400,11.9127,1.2333,0.0217,-0.8974,0,1,0,0.70032,1
0.3750,3.8726,2.7084,11.3559,-2.3807,0.0456,-0.3002,0,0,0,0.00000,3
0.5508,5.3637,2.2924,11.6558,1.7343,0.0262,-0.7963,0,0,0,0.00000,1
0.5628,5.7750,2.3165,11.5464,-0.2726,0.0061,-0.6740,0,0,1,0.19021,3
0.4880,4.5885,2.3863,11.4283,-0.7047,0.0439,-0.4871,0,0,0,0.00000,1
0.3785,3.9393,2.7107,12.2459,-2.5501,0.0161,-0.9469,0,1,0,0.92935,3
0.3600,3.8707,2.7862,12.7189,2.5537,0.0848,-1.3674,0,1,1,1.30032,1
0.4462,4.5047,2.5441,12.0639,2.1144,0.0626,-1.0314,0,1,0,0.59515,3
0.4540,4.7400,2.5651,11.3626,-2.4620,0.0509,-0.3953,0,0,0,0.00000,3
0.5273,5.1360,2.3418,12.5554,-0.7617,0.0066,-1.7009,1,1,2,1.57338,1
0.4077,4.0463,2.5999,12.1558,-1.8957,0.0357,-0.9778,0,1,1,0.66765,1
0.4204,4.3711,2.6281,11.3204,-1.3470,0.0507,-0.3236,0,0,0,0.00000,1
0.4559,4.5325,2.5079,11.2654,-1.5567,0.0023,-0.2557,0,0,0,0.00000,3
0.5055,4.9457,2.3913,11.5547,1.5669,0.0387,-0.6296,0,0,0,0.00000,3
0.5361,5.4037,2.3574,11.5180,-1.5567,0.0499,-0.6540,0,0,0,0.00000,3
0.4871,4.4605,2.3615,11.2693,0.6898,0.0621,-0.3571,0,0,0,0.00000,1
0.3456,3.7662,2.8306,11.3042,-2.6810,0.0419,-0.2333,0,0,0,0.00000,1
0.4350,4.5326,2.6014,11.3405,2.0622,0.0101,-0.3086,0,0,0,0.00000,3
0.3914,4.1751,2.7150,12.6841,-3.1304,0.0341,-1.3769,0,1,0,1.39487,1
0.4047,4.1938,2.6553,11.8337,2.4878,0.0769,-0.7543,0,0,1,0.41230,3
0.4941,4.9020,2.4290,11.3387,0.9450,0.0026,-0.3616,0,0,0,0.00000,3
0.3595,3.9574,2.8160,12.4087,3.0779,0.0847,-1.1162,0,0,1,0.93949,3
0.4632,5.0539,2.5955,11.7671,-1.7311,0.0196,-0.7386,0,1,0,0.45134,1
0.3878,4.0893,2.7086,11.8581,-2.8846,0.0821,-0.7473,0,1,0,0.35959,3
0.4528,4.6312,2.5451,12.0369,3.1331,0.0431,-0.9963,0,1,1,0.77407,1
0.3621,3.8419,2.7658,12.7465,-2.5186,0.1061,-1.4324,0,1,0,1.51077,1
0.4390,4.2558,2.5138,11.6686,1.1854,0.0013,-0.5812,0,1,0,0.27965,3
0.4356,4.2568,2.5289,12.1399,-2.7110,0.0132,-1.0054,0,0,1,0.77859,1
0.4778,4.4584,2.3984,11.4421,-0.6562,0.0634,-0.5102,0,0,0,0.00000,1
0.4041,4.4296,2.7224,11.5043,2.5131,0.0748,-0.4817,0,0,0,0.00000,3
0.5035,5.4074,2.4925,11.6121,-0.3325,0.0007,-0.6388,0,0,0,0.00000,1
0.5857,5.6257,2.2044,11.4502,0.1623,0.0663,-0.6741,0,0,0,0.00000,1
0.5326,5.4094,2.3721,12.4688,1.6366,0.0455,-1.6852,1,1,1,1.14444,1
0.4368,4.5068,2.5866,13.0631,1.4394,0.0164,-1.8840,0,0,1,1.96598,1
0.3889,4.0460,2.6903,12.6856,-2.1454,0.0122,-1.3343,0,0,1,1.40939,1
0.4746,4.3451,2.3854,11.5503,0.4492,0.0498,-0.5903,0,0,0,0.00000,1
0.5246,5.2582,2.3758,11.4027,-2.0492,0.0432,-0.5099,0,0,0,0.00000,1
0.4214,4.6262,2.6892,12.3341,-2.9141,0.0200,-1.1513,0,1,0,0.29435,3
0.4476,4.4633,2.5278,11.8710,-2.7252,0.0195,-0.8000,0,1,0,0.35260,3
0.5346,5.5211,2.3846,11.3448,-1.3526,0.0259,-0.4432,0,0,0,0.00000,3
0.5018,5.5131,2.5208,11.3776,1.4458,0.0108,-0.4194,0,0,0,0.00000,1
0.4218,4.5395,2.6649,12.0739,2.1510,0.0338,-0.9418,0,0,1,0.66417,3
0.4528,4.3926,2.4879,11.4947,-2.0042,0.0187,-0.4715,0,0,0,0.00000,3
0.3650,3.9995,2.7998,13.0423,2.8508,0.0079,-1.5269,0,1,1,1.81429,1
0.4957,4.7219,2.3842,12.0164,-0.3378,0.0230,-1.0525,0,1,0,0.58674,1
0.4322,4.2856,2.5514,12.1951,2.5385,0.0125,-1.0453,0,0,3,0.76487,1
0.4515,4.5566,2.5329,11.3119,1.9689,0.0291,-0.3227,0,0,0,0.00000,3
0.3578,3.7972,2.7743,11.8186,2.8137,0.0221,-0.5841,0,0,1,0.49053,1
0.5480,5.5295,2.3328,11.2795,-0.1365,0.0141,-0.3766,0,0,0,0.00000,3
0.4775,5.0531,2.5317,11.9982,0.3227,0.0040,-0.9680,0,0,0,0.00000,1
0.3624,3.9466,2.7972,11.8512,3.0044,0.0929,-0.7051,0,1,0,0.27904,3
0.5367,5.5844,2.3878,11.3304,-2.2440,0.0057,-0.4073,0,0,0,0.00000,3
0.5835,5.5026,2.1928,11.5665,1.1104,0.0477,-0.7805,0,0,0,0.00000,3
0.4940,4.7913,2.4060,12.5736,-0.3699,0.0053,-1.5978,0,0,0,0.00000,1
0.4103,4.1606,2.6192,12.1309,-1.9785,0.0116,-0.9306,0,1,0,0.65000,3
0.5975,5.6782,2.1693,11.3429,-0.6434,0.0263,-0.5184,0,0,0,0.00000,3
0.5782,5.4574,2.2049,12.5195,0.7505,0.0780,-1.9587,0,1,0,1.26452,1
0.5963,5.5014,2.1460,11.4149,0.3144,0.0159,-0.5857,0,0,0,0.00000,1
0.3630,3.9979,2.8100,11.7191,3.1177,0.0336,-0.5355,0,1,0,0.26493,0
0.3706,4.0188,2.7758,12.0135,2.8309,0.1363,-0.9037,0,1,0,0.49194,1
0.4041,4.3052,2.6887,11.9618,-3.0069,0.0439,-0.8176,0,0,1,0.42557,3
0.3924,4.1901,2.7145,12.1048,2.7044,0.0308,-0.8905,0,1,0,0.82336,3
0.4032,4.4141,2.7229,11.3102,2.3885,0.0147,-0.2583,0,0,0,0.00000,1
0.4721,5.0204,2.5482,11.2680,2.7713,0.0468,-0.3250,0,0,0,0.00000,3
0.4044,4.2573,2.6741,12.8085,2.5017,0.0312,-1.5313,0,0,1,1.68099,1
0.4535,4.9834,2.6239,12.7051,2.6110,0.0841,-1.7106,0,1,0,1.49293,1
0.5047,4.7380,2.3517,11.9619,-1.0553,0.0181,-1.0114,0,1,0,0.44724,1
0.4612,4.9692,2.5857,11.4387,1.4270,0.0303,-0.4480,0,0,0,0.00000,1
0.4524,4.7113,2.5658,11.4699,-2.4889,0.0242,-0.4567,0,0,0,0.00000,3
0.4867,5.1613,2.5149,11.3980,1.2363,0.0202,-0.4306,0,0,0,0.00000,1
0.3995,4.2041,2.6833,12.0591,2.5279,0.0613,-0.9107,0,1,0,0.53205,3
0.4691,4.6767,2.4844,11.4764,2.1097,0.0139,-0.4720,0,0,0,0.00000,3
0.4220,4.2309,2.5839,11.4872,-1.2726,0.0152,-0.4203,0,0,0,0.00000,1
0.4916,4.5354,2.3602,11.4900,1.7183,0.0454,-0.5525,0,0,0,0.00000,1
0.4986,4.6294,2.3529,11.2884,-1.2996,0.0262,-0.3450,0,0,0,0.00000,3
0.4058,4.2115,2.6547,11.6943,-2.7010,0.0228,-0.5746,0,0,1,0.28891,3
0.4380,4.5281,2.5865,11.4888,-0.9770,0.0068,-0.4333,0,0,0,0.00000,1
0.4595,4.5464,2.4957,11.4448,1.9526,0.0161,-0.4332,0,0,0,0.00000,3
0.4971,5.3956,2.5179,11.5208,-1.1016,0.0274,-0.5716,0,0,0,0.00000,1
0.5115,5.4040,2.4578,11.3495,1.2474,0.0076,-0.3993,0,0,0,0.00000,3
0.4499,4.3595,2.4920,11.4509,0.7905,0.0362,-0.4501,0,0,0,0.00000,1
0.4096,4.2728,2.6531,11.3347,2.8223,0.1131,-0.3956,0,0,0,0.00000,1
0.4369,4.2495,2.5214,11.2430,1.8797,0.0654,-0.2911,0,0,0,0.00000,3
0.5388,5.5614,2.3751,11.5072,-1.2239,0.0645,-0.6653,0,0,0,0.00000,3
0.4259,4.4188,2.6149,11.3180,1.6153,0.0706,-0.3498,0,0,0,0.00000,1
0.4303,4.2991,2.5636,11.5640,-3.0115,0.0557,-0.5447,0,0,0,0.00000,1
0.4911,4.6725,2.3920,11.5634,-1.0563,0.0448,-0.6226,0,0,0,0.00000,3
0.4482,4.7095,2.5842,12.2798,-2.3167,0.0211,-1.1821,0,0,1,0.89667,3
0.3413,3.7123,2.8367,11.9824,-2.5934,0.0210,-0.6661,0,1,0,0.52201,1
0.3758,4.1463,2.7869,11.9402,2.5557,0.0158,-0.7030,0,0,1,0.56405,0
0.4598,4.6924,2.5286,11.5103,2.3865,0.0697,-0.5571,0,0,0,0.00000,1
0.4764,4.9845,2.5217,12.6365,-2.9319,0.0203,-1.6262,0,1,0,1.31594,1
0.4079,4.1755,2.6348,11.5482,-2.4966,0.1310,-0.5893,0,0,0,0.00000,1
0.3790,4.1125,2.7604,13.0477,-2.9482,0.0272,-1.6269,1,1,1,1.52894,1
0.5172,4.8515,2.3259,11.5961,-0.8874,0.0097,-0.6528,0,0,0,0.00000,3
0.5083,5.1048,2.4120,11.8144,-2.5776,0.0023,-0.8505,0,0,1,0.29141,3
0.4716,4.7904,2.4994,12.3147,0.7274,0.0083,-1.2663,0,0,1,0.99922,1
0.4935,5.0013,2.4523,11.5822,-0.8281,0.0348,-0.6335,0,0,0,0.00000,1
0.5016,4.6414,2.3435,11.8249,2.9574,0.0028,-0.8447,0,1,0,0.19776,1
0.4859,4.9263,2.4683,11.9992,1.7274,0.0358,-1.0307,0,0,1,0.36759,3
0.4855,4.7460,2.4312,11.3859,2.0370,0.0113,-0.4059,0,0,0,0.00000,3
0.4617,5.0873,2.6097,11.5205,2.9178,0.0762,-0.5776,0,0,0,0.00000,2
0.4756,4.6464,2.4501,11.3883,1.8512,0.0075,-0.3918,0,0,0,0.00000,3
0.6635,6.3345,2.0230,11.5121,0.1800,0.1114,-0.9333,0,0,0,0.00000,1
0.4219,4.1744,2.5690,11.4345,-2.7374,0.0494,-0.4170,0,0,0,0.00000,1
0.6279,6.1195,2.1229,11.4871,0.6751,0.0657,-0.7838,0,0,0,0.00000,3
0.4398,4.7241,2.6263,12.8465,-2.9550,0.0333,-1.7146,0,0,1,1.57230,1
0.3844,4.0670,2.7189,11.6866,1.9856,0.0977,-0.6245,0,1,0,0.26057,3
0.5253,5.2895,2.3792,11.8106,0.8523,0.0109,-0.8933,0,0,1,0.38139,3
0.3843,4.0683,2.7199,11.7047,-2.8819,0.0502,-0.5805,0,0,1,0.19640,3
0.4015,4.0552,2.6314,11.4874,-2.6312,0.1031,-0.4979,0,0,0,0.00000,1
0.4383,4.5685,2.5952,11.3441,0.9955,0.0058,-0.3101,0,0,0,0.00000,1
0.4701,4.7838,2.5047,11.3413,2.3908,0.0199,-0.3578,0,0,0,0.00000,3
0.4385,4.3942,2.5510,11.3750,-1.2050,0.0772,-0.4188,0,0,0,0.00000,1
0.3503,3.7758,2.8076,11.4253,-3.1394,0.1123,-0.4002,0,0,0,0.00000,3
0.4125,4.2846,2.6423,11.3604,-1.6834,0.0065,-0.2971,0,0,0,0.00000,1
0.5222,4.8906,2.3142,11.2733,0.3237,0.0895,-0.4292,0,0,0,0.00000,1
0.4183,4.6143,2.7011,11.9677,2.8085,0.0234,-0.8285,0,1,0,0.52938,2
0.4930,4.7071,2.3918,12.5022,-1.3439,0.0021,-1.5137,1,1,1,1.04422,1
0.4591,4.3177,2.4428,11.3102,-0.5717,0.0174,-0.3146,0,0,0,0.00000,3
0.4320,4.6337,2.6406,12.1701,3.0040,0.1019,-1.1469,0,1,0,0.32221,1
0.4070,4.3706,2.6924,12.8453,2.8824,0.0860,-1.6648,0,1,1,0.79378,1
0.4270,4.5242,2.6366,11.3765,2.3755,0.1551,-0.4975,0,0,0,0.00000,1
0.5021,5.2515,2.4674,11.6084,2.7557,0.0662,-0.7128,0,0,0,0.00000,1
0.4491,4.5197,2.5348,11.2531,2.3130,0.0044,-0.2414,0,0,0,0.00000,3
0.3971,4.2072,2.6959,12.2746,-2.5813,0.0685,-1.0960,0,1,0,0.75522,3
0.4023,4.0432,2.6244,12.0300,-3.1203,0.0673,-0.9011,0,1,0,0.67759,1
0.4919,4.5974,2.3727,11.5247,-0.0067,0.0280,-0.5653,0,0,0,0.00000,1
0.5126,5.1182,2.3972,11.3722,2.7466,0.0019,-0.4150,0,0,0,0.00000,3
0.4358,4.3886,2.5615,11.8393,1.7348,0.0116,-0.7377,0,1,0,0.30061,3
0.4257,4.5455,2.6483,11.3962,1.8571,0.0125,-0.3476,0,0,0,0.00000,1
0.3591,3.9512,2.8165,11.3686,2.9832,0.0228,-0.2680,0,0,0,0.00000,1
0.3393,3.7127,2.8479,12.7828,-2.6874,0.1255,-1.4027,0,1,1,1.36646,1
0.4298,4.1364,2.5234,11.7411,-2.7940,0.0242,-0.6563,0,0,0,0.00000,1
0.6022,5.8809,2.1829,12.1207,-0.8644,0.0191,-1.4480,0,0,1,0.26914,1
0.4656,4.6160,2.4857,12.0090,-1.6814,0.0395,-0.9956,0,1,0,0.52986,3
0.4346,4.6480,2.6321,11.2779,1.9510,0.0092,-0.2552,0,0,0,0.00000,1
0.4844,5.1127,2.5143,11.4588,-1.1043,0.0526,-0.5234,0,0,0,0.00000,1
0.4945,5.3177,2.5132,13.2224,-2.1617,0.0211,-2.3405,0,0,2,2.01406,1
0.4402,4.3300,2.5270,11.3972,1.4325,0.0472,-0.4047,0,0,0,0.00000,3
0.3907,4.1965,2.7247,11.3074,-1.8778,0.0310,-0.2628,0,0,0,0.00000,1
0.4738,4.5377,2.4330,12.2068,-0.7787,0.0609,-1.2405,0,0,2,0.45858,1
0.4193,4.4643,2.6576,12.3598,1.5703,0.0008,-1.1396,0,1,0,0.61570,1
0.4807,4.4278,2.3797,12.2221,0.1122,0.0331,-1.2341,0,0,1,0.78756,1
0.4211,4.4758,2.6523,11.9194,-2.1369,0.0902,-0.8788,0,0,1,0.58793,3
0.4931,4.9882,2.4512,11.3218,0.8163,0.0076,-0.3507,0,0,0,0.00000,3
0.4556,4.3110,2.4561,11.4744,0.1613,0.0343,-0.4755,0,0,0,0.00000,1
0.4960,4.7507,2.3893,11.3754,1.1628,0.0143,-0.4118,0,0,0,0.00000,3
0.4521,4.5104,2.5194,11.4210,1.1663,0.0610,-0.4560,0,0,0,0.00000,1
0.4392,4.7930,2.6457,11.9771,-2.1453,0.0115,-0.8688,0,0,2,0.67411,1
0.5491,5.5380,2.3300,11.3077,2.1626,0.0283,-0.4241,0,0,0,0.00000,1
0.4596,4.3044,2.4374,11.6082,-0.2906,0.0281,-0.5941,0,0,1,0.40657,1
0.3310,3.6399,2.8698,11.5057,2.5924,0.1081,-0.4281,0,0,0,0.00000,3
0.5664,5.2178,2.2078,12.3564,-0.6925,0.0352,-1.6469,0,1,0,0.56806,1
0.4866,4.5254,2.3779,11.2266,-1.7667,0.0130,-0.2604,0,0,0,0.00000,1
0.4821,4.6136,2.4159,11.3883,1.1378,0.0289,-0.4245,0,0,0,0.00000,3
0.5136,4.8742,2.3446,11.3648,1.7145,0.0192,-0.4282,0,0,0,0.00000,1
0.4141,4.0829,2.5802,12.1588,-1.3080,0.0111,-0.9629,0,0,0,0.00000,1
0.5295,5.0547,2.3179,11.4559,2.1601,0.0002,-0.5177,0,0,0,0.00000,1
0.4735,4.6458,2.4588,11.4006,1.0985,0.0450,-0.4449,0,0,0,0.00000,3
0.5652,5.5831,2.2749,11.9775,0.9912,0.0036,-1.1575,0,0,1,0.58662,3
0.4693,4.6020,2.4668,11.3379,0.8704,0.0608,-0.4011,0,0,0,0.00000,1
0.3555,3.8043,2.7887,12.1438,-1.9639,0.0374,-0.8372,0,1,1,0.75916,1
0.5108,4.8456,2.3496,12.3411,0.7083,0.0143,-1.4206,0,0,1,0.99965,1
0.3857,4.1366,2.7327,12.8604,2.8625,0.0243,-1.4904,0,1,1,1.60285,1
0.3776,4.1247,2.7710,13.1028,2.7234,0.0113,-1.6403,0,1,2,1.66461,1
0.4483,4.7514,2.5939,11.4996,-2.4068,0.1204,-0.5919,0,0,0,0.00000,1
0.3390,3.7262,2.8539,12.0706,-2.9814,0.1203,-0.8521,0,1,0,0.80040,3
0.4858,5.2081,2.5283,11.4123,0.9348,0.0153,-0.4375,0,0,0,0.00000,1
0.5239,5.5875,2.4410,12.9209,2.9706,0.0106,-2.1161,0,0,1,1.44385,1
0.4632,4.3635,2.4366,11.2896,0.9593,0.0267,-0.3112,0,0,0,0.00000,3
0.5372,4.8835,2.2557,11.4572,-0.8798,0.0145,-0.5460,0,0,0,0.00000,1
0.3420,3.7034,2.8292,12.8256,-2.8191,0.0144,-1.2714,1,0,3,2.33026,1
0.3516,3.7598,2.7951,11.5488,2.5440,0.2229,-0.6194,0,0,0,0.00000,1
0.5379,5.6353,2.3920,11.5082,-2.2584,0.0294,-0.6226,0,0,0,0.00000,3
0.3572,3.9351,2.8215,11.4380,-3.1248,0.0483,-0.3437,0,0,0,0.00000,0
0.4149,4.3315,2.6434,13.0586,-2.8090,0.0108,-1.7698,0,1,0,1.41673,1
0.5120,4.8975,2.3555,11.4785,-0.7176,0.0714,-0.6026,0,0,0,0.00000,1
0.5301,5.1977,2.3428,12.7330,0.6602,0.0323,-1.9575,1,1,0,1.24495,1
0.5245,5.1229,2.3504,11.4124,0.2223,0.0523,-0.5300,0,0,0,0.00000,1
0.5220,5.1885,2.3731,11.4523,0.9244,0.0116,-0.5186,0,0,0,0.00000,3
0.6221,5.8098,2.0997,11.7301,-0.3808,0.0793,-1.0916,0,0,0,0.00000,3
0.4984,4.9000,2.4108,11.7752,1.4108,0.0169,-0.8091,0,0,2,0.69542,3
0.3967,4.3343,2.7333,11.4374,2.5328,0.0987,-0.4468,0,0,0,0.00000,3
0.4324,4.3103,2.5570,11.9354,-1.6766,0.0211,-0.8271,0,0,1,0.34176,3
0.4808,4.3695,2.3661,11.4043,0.5488,0.0960,-0.5174,0,0,0,0.00000,1
0.3710,4.0265,2.7760,13.2130,-2.7219,0.0773,-1.8225,1,2,0,2.00359,1
0.4273,4.4800,2.6240,12.8299,-2.7056,0.0373,-1.6534,1,1,2,1.26155,1
0.4582,4.4515,2.4789,11.5180,-1.3845,0.0420,-0.5278,0,0,0,0.00000,3
0.4776,4.7021,2.4541,11.5288,2.3869,0.0477,-0.5732,0,0,0,0.00000,1
0.4054,4.0921,2.6235,11.7485,-2.1671,0.0416,-0.6409,0,1,0,0.40194,3
0.4846,5.0879,2.5083,12.0027,-2.8503,0.0414,-1.0394,0,0,1,0.35388,1
0.3706,3.9753,2.7624,12.2628,-2.6319,0.1533,-1.1286,0,0,3,0.90396,1
0.4663,4.5561,2.4689,11.5236,-2.0724,0.0766,-0.5867,0,0,0,0.00000,1
0.4749,4.9033,2.5102,11.5822,-3.0618,0.0553,-0.6294,0,0,0,0.00000,1
0.5902,5.4224,2.1555,12.2177,-0.3610,0.0443,-1.5666,0,1,0,0.20863,1
0.5194,4.9537,2.3376,12.4477,-3.1177,0.0003,-1.5424,0,1,1,1.17746,1
0.5143,5.2480,2.4160,11.7550,1.9381,0.0615,-0.8786,0,0,1,0.23430,1
0.6013,5.9718,2.2001,11.3178,-1.3268,0.0364,-0.5077,0,0,0,0.00000,3
0.3801,3.9401,2.7031,12.1401,-2.8461,0.0049,-0.8525,0,1,0,0.87464,1
0.3917,4.0062,2.6651,12.9181,1.6468,0.0120,-1.5433,0,1,1,1.54672,1
0.4949,4.7661,2.3969,11.4015,0.3916,0.0483,-0.4758,0,0,0,0.00000,1
0.4865,5.2956,2.5436,13.1691,2.4534,0.0032,-2.2083,0,1,1,1.65565,1
0.3716,3.9617,2.7530,11.3306,2.4525,0.0482,-0.2816,0,0,0,0.00000,3
0.4822,4.4649,2.3821,11.3221,-0.8746,0.0014,-0.3304,0,0,0,0.00000,3
0.4708,4.5008,2.4372,11.5011,1.2269,0.0360,-0.5228,0,0,0,0.00000,3
0.3903,4.1180,2.7043,11.4688,-2.1464,0.0409,-0.3963,0,0,0,0.00000,1
0.4434,4.3815,2.5259,11.8439,-0.8973,0.0058,-0.7492,0,1,0,0.37969,1
0.3775,4.0750,2.7566,12.3903,3.0874,0.0305,-1.0801,1,1,0,0.95783,3
0.3654,3.9084,2.7692,12.7915,-2.5520,0.0244,-1.3521,0,1,1,1.32061,1
0.3475,3.7705,2.8216,11.4410,-2.1895,0.0752,-0.3655,0,0,0,0.00000,1
0.3847,3.9691,2.6887,12.4551,2.6159,0.0556,-1.1921,0,0,1,0.93702,1
0.4557,4.9792,2.6129,11.3913,-2.7309,0.0333,-0.4027,0,0,0,0.00000,3
0.3770,4.0292,2.7455,11.7315,-2.7599,0.1502,-0.7113,0,1,0,0.38487,1
0.4743,4.3775,2.3942,11.9102,-0.4905,0.0091,-0.8781,0,0,1,0.26470,1
0.5320,5.5431,2.3991,11.6107,2.6398,0.0164,-0.7046,0,0,0,0.00000,1
0.3905,4.0038,2.6701,11.3770,-3.0873,0.0452,-0.3312,0,0,0,0.00000,3
0.4700,4.6994,2.4860,11.3726,0.7900,0.0224,-0.3888,0,0,0,0.00000,1
0.4491,4.6863,2.5747,11.6513,2.3517,0.0268,-0.6159,0,1,0,0.45920,3
0.4282,4.4109,2.6021,12.2142,-1.8803,0.0404,-1.0912,0,1,0,0.84072,3
0.4179,4.3792,2.6420,11.2646,1.6248,0.0156,-0.2365,0,0,0,0.00000,1
0.3898,4.0390,2.6840,11.6843,1.8163,0.0048,-0.5182,0,0,1,0.28543,1
0.5208,5.1365,2.3680,11.3602,-0.0314,0.0402,-0.4581,0,0,0,0.00000,1
0.5302,5.5575,2.4095,11.8109,0.8572,0.0483,-0.9538,0,1,0,0.53643,1
0.4872,5.3003,2.5416,11.4391,-2.5818,0.0099,-0.4584,0,0,0,0.00000,3
0.4938,5.3304,2.5189,11.9155,-2.2224,0.0008,-0.9213,0,1,0,0.47599,1
0.4499,4.9401,2.6306,12.0216,-2.2891,0.0548,-0.9917,0,0,1,0.56296,3
0.3942,4.2345,2.7182,11.6761,2.3778,0.0471,-0.5708,0,1,0,0.27706,3
0.3793,3.9562,2.7119,11.6424,2.0255,0.0567,-0.5322,0,0,1,0.33619,3
0.4315,4.2047,2.5339,11.7470,1.3682,0.0256,-0.6664,0,1,0,0.24018,3
0.4257,4.3399,2.5950,12.5608,-1.3155,0.0059,-1.3464,1,1,0,1.09151,1
0.4756,4.8119,2.4873,11.3079,-0.9111,0.0297,-0.3447,0,0,0,0.00000,1
0.4765,4.9866,2.5217,11.4440,2.7937,0.0177,-0.4574,0,0,0,0.00000,3
0.4392,4.2023,2.4991,11.3246,2.4437,0.0140,-0.3030,0,0,0,0.00000,3
0.5046,4.6069,2.3244,11.9801,-0.7841,0.0333,-1.0500,0,0,1,0.59044,1
0.4763,4.6197,2.4413,11.4036,-0.6840,0.0516,-0.4587,0,0,0,0.00000,1
0.4394,4.3106,2.5257,11.7481,-2.6415,0.0322,-0.6904,0,0,1,0.26025,1
0.4217,4.6214,2.6866,12.0556,-2.8651,0.0667,-0.9693,0,1,0,0.65775,3
0.5865,5.6186,2.2004,11.8991,0.6443,0.0485,-1.1779,0,1,0,0.45524,1
0.5109,4.7338,2.3265,11.2741,-0.2041,0.0796,-0.4063,0,0,0,0.00000,1
0.4750,4.5567,2.4323,11.4802,-1.6965,0.0076,-0.4752,0,0,0,0.00000,3
0.3936,4.3433,2.7515,13.3558,-2.5619,0.0221,-1.9614,0,0,3,1.44903,0
0.5407,5.6031,2.3748,12.6651,-1.3393,0.0201,-1.9028,0,0,1,1.41709,1
0.3746,4.0721,2.7710,12.8532,2.2336,0.0225,-1.4363,0,1,0,1.60570,1
0.3987,4.0236,2.6362,12.4015,-2.5903,0.0163,-1.1330,0,1,0,1.00277,1
0.3451,3.7123,2.8152,12.6754,2.1411,0.0242,-1.1849,0,0,2,1.15917,1
0.4763,5.2563,2.5804,12.5222,-2.8086,0.0218,-1.5129,0,0,1,0.88996,2
0.3796,4.1175,2.7587,12.6021,2.6699,0.0460,-1.2829,0,1,0,1.23300,1
0.3320,3.6267,2.8598,12.3342,2.9800,0.0952,-0.9921,0,1,0,1.08229,3
0.5262,5.1785,2.3545,11.5445,-1.6314,0.0105,-0.6172,0,0,0,0.00000,3
0.4344,4.7684,2.6627,13.3064,-2.4081,0.0194,-2.1198,0,0,1,2.22722,1
0.3963,4.2122,2.7015,11.4022,-2.3785,0.0481,-0.3603,0,0,0,0.00000,3
0.4932,4.9084,2.4338,11.5206,-0.2095,0.0290,-0.5659,0,0,0,0.00000,1
0.5073,4.6371,2.3204,11.5179,-0.4247,0.0903,-0.6582,0,0,0,0.00000,1
0.4854,4.4615,2.3688,11.3404,1.6444,0.0167,-0.3685,0,0,0,0.00000,1
0.3524,3.7963,2.8033,11.6748,2.8304,0.1607,-0.6392,0,0,0,0.00000,1
0.5720,5.4045,2.2191,12.4701,-0.8719,0.0364,-1.8068,0,1,0,0.96416,1
0.6049,5.9304,2.1803,12.2438,-0.5902,0.0553,-1.6644,0,1,0,0.75434,1
0.4170,4.1665,2.5895,11.4926,-1.8500,0.0709,-0.4843,0,0,0,0.00000,3
0.4767,4.4373,2.3981,11.6758,0.2612,0.0237,-0.6794,0,0,1,0.21417,1
0.4177,4.4456,2.6603,12.5739,-2.5954,0.0530,-1.4033,0,1,1,1.16424,1
0.4681,4.3109,2.4037,11.4116,1.0820,0.0075,-0.4029,0,0,0,0.00000,3
0.5482,5.7770,2.3751,11.4863,0.1248,0.0078,-0.5889,0,0,0,0.00000,1
0.4536,4.3081,2.4638,11.2978,0.8694,0.0588,-0.3460,0,0,0,0.00000,1
0.4192,4.2427,2.5999,12.1101,2.8857,0.0618,-1.0040,0,0,1,0.73642,1
0.3614,3.8801,2.7812,11.6136,-3.0952,0.0088,-0.4271,0,1,0,0.26421,1
0.4062,4.1927,2.6475,11.2927,-1.9234,0.0839,-0.3253,0,0,0,0.00000,3
0.3743,3.9713,2.7422,11.8314,-2.1243,0.0442,-0.6523,0,1,0,0.40001,1
0.4686,5.0899,2.5794,12.5068,3.0533,0.0121,-1.4553,0,0,1,0.93311,1
0.4229,4.5426,2.6607,11.4667,-2.5868,0.1170,-0.5248,0,0,0,0.00000,1
0.4549,4.4211,2.4855,11.4646,1.5240,0.0266,-0.4572,0,0,0,0.00000,3
0.4179,4.4265,2.6543,12.1112,-1.7002,0.0038,-0.9237,0,1,1,0.67682,1
0.4090,4.2253,2.6430,11.3591,-2.7629,0.0250,-0.3135,0,0,0,0.00000,3
0.4091,4.2511,2.6498,11.7919,2.7114,0.0062,-0.6393,0,0,1,0.41991,3
0.4595,4.8735,2.5714,12.9550,2.7215,0.0234,-1.8907,0,1,0,1.39418,1
0.4867,5.2442,2.5320,12.3822,-2.0993,0.0010,-1.3731,0,0,0,0.00000,1
0.3827,4.0751,2.7300,12.0740,2.9989,0.1292,-0.9726,0,1,0,0.70826,1
0.4028,4.4007,2.7211,12.6838,-3.0626,0.0153,-1.3901,0,0,2,1.09960,1
0.4389,4.6846,2.6210,11.4606,2.4841,0.0601,-0.4735,0,0,0,0.00000,3
0.5796,5.3091,2.1753,11.5963,0.3061,0.0450,-0.8034,0,0,0,0.00000,3
0.5668,5.3265,2.2253,11.3699,-0.1225,0.0306,-0.5137,0,0,0,0.00000,3
0.4964,5.0063,2.4414,11.9588,-0.1140,0.0109,-0.9814,1,1,1,1.00225,1
0.4184,4.3602,2.6344,11.2882,1.4620,0.0707,-0.3182,0,0,0,0.00000,1
0.4354,4.4867,2.5881,12.0168,2.9726,0.0414,-0.9337,0,0,1,0.68861,1
0.4198,4.1919,2.5832,12.2583,-2.6175,0.0410,-1.1077,0,1,1,1.00388,1
0.5547,5.5505,2.3100,12.4854,-0.9283,0.0435,-1.7783,0,0,3,1.80010,1
0.4123,4.3544,2.6620,13.0757,-2.8504,0.0054,-1.7644,0,1,0,1.74608,1
0.5713,5.7782,2.2841,11.6094,0.2512,0.0555,-0.8200,0,0,0,0.00000,1
0.3985,4.3766,2.7360,12.3394,2.9941,0.1208,-1.2291,0,1,1,0.87645,1
0.4698,4.3274,2.4007,11.2780,0.4993,0.0711,-0.3584,0,0,0,0.00000,1
0.4511,4.3926,2.4952,11.5427,-2.7762,0.0092,-0.4999,0,0,0,0.00000,3
0.4433,4.5610,2.5706,11.5201,-2.2617,0.0829,-0.5582,0,0,0,0.00000,1
0.3881,3.9474,2.6651,12.4722,-2.7220,0.0204,-1.1652,0,0,1,1.23074,1
0.4157,4.1459,2.5898,12.2137,-3.1117,0.0247,-1.0339,0,1,0,0.85980,1
0.4987,5.1779,2.4667,11.5348,1.0707,0.0686,-0.6370,0,0,0,0.00000,1
0.4549,4.6634,2.5435,11.8436,2.5548,0.0655,-0.8502,0,1,0,0.29441,1
0.3893,4.1330,2.7137,12.6834,-2.4748,0.0332,-1.3670,0,1,0,0.80420,1
0.3920,3.9513,2.6475,11.3027,3.1070,0.1018,-0.3403,0,0,0,0.00000,0
0.4175,4.5951,2.7001,13.3633,1.7712,0.0127,-2.0753,1,1,0,1.85196,1
0.5052,5.0096,2.4057,11.6344,-0.0850,0.0267,-0.6940,0,0,0,0.00000,1
0.5179,5.2500,2.4014,11.3682,-0.7570,0.0638,-0.4911,0,0,0,0.00000,1
0.4030,4.1625,2.6545,12.8948,-2.8832,0.0439,-1.6247,0,0,1,1.58474,1
0.4136,4.3487,2.6547,11.4523,2.9895,0.0802,-0.4578,0,0,0,0.00000,1
0.4201,4.6225,2.6946,12.6452,1.9245,0.0210,-1.4286,0,1,0,0.91929,1
0.5901,5.4932,2.1671,11.9329,0.9195,0.0300,-1.1999,0,0,1,0.24533,1
0.4587,5.0171,2.6078,13.1951,-2.8931,0.0273,-2.1436,1,1,0,0.96927,1
0.3871,3.9457,2.6696,12.1087,-1.6684,0.0361,-0.8871,0,1,0,0.78499,1
0.4905,4.9755,2.4593,12.8293,0.2099,0.0086,-1.8643,0,1,0,1.60673,1
0.3846,4.1657,2.7470,12.0509,-3.1297,0.1143,-0.9380,0,0,1,0.71034,1
0.4637,4.7555,2.5260,11.4452,-2.7224,0.0689,-0.5020,0,0,0,0.00000,1
0.5297,5.4855,2.3979,11.5625,-1.7162,0.0144,-0.6477,0,0,0,0.00000,3
0.3561,3.7621,2.7719,11.9180,-3.1188,0.0523,-0.6911,0,0,1,0.38655,3
0.4716,4.4267,2.4168,11.3469,0.1101,0.0047,-0.3455,0,0,0,0.00000,3
0.4909,5.1634,2.4972,11.9242,2.9375,0.0109,-0.9356,0,0,1,0.52548,3
0.3999,4.0248,2.6308,12.3450,-2.0222,0.0030,-1.0698,0,0,2,0.73060,1
0.4566,4.3724,2.4664,11.3399,-3.1159,0.0223,-0.3439,0,0,0,0.00000,1
0.4125,4.3798,2.6679,13.0916,3.0070,0.0202,-1.8065,0,1,0,1.61247,1
0.4719,4.6695,2.4712,11.3773,0.1303,0.0067,-0.3766,0,0,0,0.00000,1
0.3586,3.9133,2.8073,12.0366,2.7747,0.1495,-0.9108,0,0,1,0.28353,1
0.3917,3.9637,2.6525,11.2754,1.9085,0.0078,-0.2131,0,0,0,0.00000,1
0.5452,5.6940,2.3728,11.9299,1.6183,0.0172,-1.0764,0,1,0,0.55527,3
0.4708,4.9068,2.5292,11.4150,2.6738,0.0147,-0.4199,0,0,0,0.00000,3
0.4560,4.4855,2.4961,11.3535,1.8342,0.0456,-0.3828,0,0,0,0.00000,3
0.4002,4.2238,2.6852,12.9288,-2.1972,0.0303,-1.6205,1,0,2,0.55456,1
0.5762,5.7995,2.2684,11.4031,2.7084,0.0117,-0.5421,0,0,0,0.00000,1
0.4638,4.4341,2.4510,11.4683,-2.2317,0.0154,-0.4585,0,0,0,0.00000,1
0.4806,4.7519,2.4527,11.5815,-2.3845,0.0471,-0.6269,0,0,0,0.00000,1
0.4076,4.3135,2.6740,12.1360,-3.0668,0.1000,-1.0487,0,1,0,0.66325,1
0.5059,4.9635,2.3934,11.3378,-0.2953,0.0269,-0.4025,0,0,0,0.00000,1
0.5218,5.2329,2.3825,11.9538,1.1469,0.0013,-1.0233,0,0,1,0.31548,3
0.5378,5.4928,2.3667,11.3788,1.3047,0.0059,-0.4584,0,0,0,0.00000,3
0.3476,3.8093,2.8339,11.7715,2.7231,0.1028,-0.6310,0,0,1,0.24842,3
0.3725,4.0811,2.7847,13.1616,2.7758,0.0820,-1.7919,2,2,2,1.49295,1
0.3923,4.2213,2.7237,11.5811,2.2594,0.0340,-0.4777,0,0,1,0.20955,1
0.5341,5.5413,2.3905,12.0602,0.7311,0.0073,-1.1779,0,1,0,0.23750,3
0.4464,4.6455,2.5771,11.4519,1.8994,0.0020,-0.4069,0,0,0,0.00000,1
0.5356,5.2051,2.3225,12.4391,-0.1423,0.0271,-1.6309,0,1,0,0.95057,1
0.3892,3.9400,2.6576,11.2388,-2.9050,0.0111,-0.1876,0,0,0,0.00000,3
0.4192,4.4993,2.6673,12.2096,-3.1409,0.1086,-1.1569,0,0,1,0.83381,1
0.4723,4.7020,2.4768,12.0476,1.9880,0.0278,-1.0334,0,0,1,0.72294,3
0.3869,4.1088,2.7185,13.2312,-2.4836,0.0433,-1.8550,0,0,1,2.03185,1
0.3919,4.1129,2.6950,11.4671,2.8361,0.0944,-0.4592,0,0,0,0.00000,3
0.4394,4.3959,2.5473,11.9324,-3.0853,0.0466,-0.8734,0,0,1,0.44478,1
0.5139,5.1938,2.4068,11.4143,2.0254,0.0052,-0.4624,0,0,0,0.00000,3
0.3632,3.8423,2.7599,11.3003,2.2301,0.0858,-0.2946,0,0,0,0.00000,3
0.5376,5.0626,2.2879,11.4146,0.9080,0.0004,-0.4863,0,0,0,0.00000,1
0.3727,3.9795,2.7527,12.0734,-2.6895,0.1138,-0.9272,0,1,0,0.64239,3
0.4198,4.2431,2.5973,11.2957,-1.1384,0.0113,-0.2578,0,0,0,0.00000,1
0.3952,3.9972,2.6452,11.5084,-1.3724,0.0436,-0.4360,0,0,0,0.00000,1
0.3917,4.1884,2.7175,11.4526,-2.8153,0.1208,-0.4784,0,0,0,0.00000,1
0.3597,3.9545,2.8141,12.0440,2.8462,0.0234,-0.7551,0,1,1,0.70437,1
0.4641,5.1043,2.6026,11.3864,-2.4452,0.0498,-0.4275,0,0,0,0.00000,3
0.4871,4.6678,2.4075,12.5280,1.7062,0.0240,-1.5551,0,0,2,1.36456,1
0.4707,4.5228,2.4424,11.4336,1.8146,0.0046,-0.4234,0,0,0,0.00000,3
0.4481,4.7520,2.5946,12.4487,-1.2624,0.0066,-1.3206,1,1,0,0.85576,1
0.4993,5.3974,2.5088,12.6578,1.4310,0.0189,-1.7343,0,1,0,1.35698,1
0.5397,5.4809,2.3568,11.4882,-2.1460,0.0305,-0.6047,0,0,0,0.00000,1
0.4045,4.3950,2.7110,11.9218,-2.4529,0.0937,-0.8493,0,1,0,0.43543,3
0.3723,3.8587,2.7176,11.3451,-2.8689,0.0073,-0.2463,0,0,0,0.00000,1
0.3611,3.8282,2.7664,12.2712,-2.7199,0.0474,-0.9620,0,1,0,0.94656,3
0.4784,4.3966,2.3821,11.8946,1.7154,0.0252,-0.8937,0,1,0,0.39193,1
0.4108,4.2120,2.6310,11.3805,-2.3226,0.0283,-0.3362,0,0,0,0.00000,3
0.4801,5.1012,2.5309,11.3186,-2.3044,0.0620,-0.3971,0,0,0,0.00000,3
0.3931,4.1299,2.6936,12.9440,-3.0660,0.0225,-1.5906,0,1,0,1.74375,1
0.3835,3.9716,2.6954,12.7784,-3.0400,0.0253,-1.4130,1,1,0,1.17186,1
0.3860,4.0580,2.7082,12.1836,2.7851,0.1258,-1.0679,0,1,0,0.70985,1
0.5061,5.3439,2.4691,11.9170,2.5661,0.0555,-1.0220,0,0,1,0.50494,1
0.4003,4.2840,2.7016,11.3765,1.9858,0.0543,-0.3519,0,0,0,0.00000,1
0.4404,4.4170,2.5481,11.8742,-1.8003,0.0030,-0.7667,0,0,1,0.43222,3
0.4177,4.4833,2.6703,11.8682,2.9257,0.0020,-0.7148,0,1,0,0.39735,1
0.4875,5.1323,2.5052,13.0519,-1.9752,0.0364,-2.1437,0,1,1,1.64752,1
0.3831,4.1770,2.7578,12.3884,-2.5141,0.0085,-1.0646,0,0,1,0.99919,1
0.4946,4.5273,2.3466,11.4539,2.2714,0.0012,-0.4682,0,0,0,0.00000,1
0.3950,4.2208,2.7101,12.5639,-2.9505,0.0402,-1.2958,1,1,0,0.68188,1
0.5486,5.0842,2.2504,11.3335,0.1768,0.0280,-0.4484,0,0,0,0.00000,3
0.4460,4.8149,2.6193,11.6943,2.3597,0.0896,-0.7269,0,0,1,0.16220,3
0.4393,4.6710,2.6160,11.5212,2.3964,0.0495,-0.5139,0,0,0,0.00000,3
0.3581,3.8277,2.7824,11.6002,2.8336,0.0094,-0.4135,0,1,0,0.22849,1
0.5609,5.5392,2.2840,11.5632,-1.0265,0.0125,-0.6959,0,0,0,0.00000,3
0.3893,3.9476,2.6597,11.3404,2.3500,0.0217,-0.2754,0,0,0,0.00000,3
0.4746,4.6104,2.4461,11.3874,-1.2254,0.0210,-0.4056,0,0,0,0.00000,3
0.3729,3.9928,2.7558,11.8545,-2.7802,0.0510,-0.6757,0,0,1,0.48986,3
0.4827,4.8094,2.4567,11.5700,-0.9506,0.0805,-0.6604,0,0,0,0.00000,1
0.4498,4.5849,2.5475,11.6933,2.5116,0.0077,-0.6304,0,0,1,0.19911,3
0.4151,4.2295,2.6155,11.4002,-2.7533,0.1106,-0.4523,0,0,0,0.00000,1
0.4081,4.2978,2.6670,11.9738,2.6516,0.0258,-0.8131,0,0,1,0.65575,3
0.3710,3.9416,2.7500,11.8944,2.9887,0.1206,-0.7908,0,1,0,0.61636,1
0.5181,5.5009,2.4489,12.5623,2.3358,0.0281,-1.7135,1,1,1,2.71413,1
0.3958,4.0188,2.6487,11.7789,1.6521,0.0052,-0.6025,0,1,0,0.50339,1
0.4726,5.0911,2.5615,13.0434,-2.2822,0.0078,-2.0150,0,0,6,1.79133,1
0.5780,5.6277,2.2335,11.6599,2.0145,0.0066,-0.8262,0,0,0,0.00000,1
0.3995,4.1362,2.6644,11.7220,2.9690,0.1107,-0.6946,0,1,0,0.25116,1
0.3801,4.1767,2.7737,11.3895,-3.0195,0.0211,-0.3025,0,0,0,0.00000,1
0.5099,5.0629,2.3971,11.4343,0.2399,0.0067,-0.4782,0,0,0,0.00000,3
0.4919,4.9301,2.4439,11.8692,0.6425,0.0066,-0.8761,0,0,1,0.20950,3
0.3879,4.0783,2.7048,13.0259,-2.5392,0.0763,-1.7337,0,1,2,1.67292,1
0.3674,3.9421,2.7690,11.3197,2.2020,0.0593,-0.2825,0,0,0,0.00000,1
0.3842,3.9306,2.6796,11.7308,2.5188,0.0678,-0.6220,0,1,0,0.28114,3
0.5487,5.6906,2.3580,11.4766,-2.4647,0.0278,-0.6031,0,0,0,0.00000,1
0.3397,3.6782,2.8340,12.4159,2.8054,0.0213,-0.9709,0,0,1,0.86679,1
0.5053,5.1224,2.4281,11.3637,-3.1024,0.0361,-0.4384,0,0,0,0.00000,1
0.4250,4.6450,2.6767,11.9048,-2.3232,0.0412,-0.8117,0,1,0,0.40017,3
0.3820,4.2028,2.7710,11.9799,-2.9272,0.0227,-0.7561,0,1,0,0.75922,1
0.4695,4.3254,2.4017,11.8752,1.9758,0.0329,-0.8663,0,0,1,0.51324,1
0.6116,6.0221,2.1690,11.8134,-1.4646,0.0328,-1.1120,0,1,0,0.26060,1
0.4814,4.5971,2.4153,11.3427,2.0018,0.0326,-0.3855,0,0,0,0.00000,1
0.3879,4.2763,2.7618,11.5221,2.6632,0.2709,-0.7045,0,0,0,0.00000,0
0.3550,3.7874,2.7859,11.4045,3.0136,0.1720,-0.4589,0,0,0,0.00000,1
0.4901,4.6856,2.3990,12.2715,0.7745,0.0661,-1.3616,0,0,2,1.00769,1
0.4733,5.0895,2.5583,11.6655,1.9765,0.0521,-0.7020,0,0,0,0.00000,3
0.4639,4.3323,2.4265,11.4140,-2.1789,0.0101,-0.4031,0,0,0,0.00000,1
0.4719,4.4124,2.4119,12.5801,1.9800,0.0028,-1.5195,0,1,1,1.23599,1
0.4792,5.0351,2.5207,13.0454,1.2923,0.0084,-2.0472,0,1,0,0.84954,1
0.3835,4.2047,2.7642,11.4382,3.0046,0.0558,-0.3823,0,0,0,0.00000,3
0.5671,5.3616,2.2302,11.3466,-0.2241,0.0601,-0.5242,0,0,0,0.00000,1
0.4134,4.0656,2.5784,11.7579,2.3562,0.0256,-0.6429,0,1,0,0.36484,3
0.3978,4.1601,2.6792,12.0091,-2.6891,0.0190,-0.8096,0,1,0,0.64323,3
0.3795,4.0572,2.7412,12.3098,-3.0135,0.1267,-1.1561,0,1,0,1.20412,1
0.4307,4.4839,2.6091,12.8337,2.4360,0.0331,-1.6641,0,0,1,1.63762,1
0.4940,5.0190,2.4539,11.4599,1.1622,0.0714,-0.5596,0,0,0,0.00000,1
0.4462,4.5612,2.5575,11.6226,-2.0199,0.0263,-0.5847,0,0,1,0.41391,3
0.5310,5.2677,2.3523,11.4013,0.7620,0.0800,-0.5608,0,0,0,0.00000,1
0.3536,3.8409,2.8112,11.4488,-3.0719,0.0826,-0.3863,0,0,0,0.00000,3
0.5185,4.7712,2.3048,11.5644,-0.2668,0.0756,-0.7048,0,0,0,0.00000,1
0.4296,4.3250,2.5733,11.6616,-0.9415,0.0176,-0.5806,0,0,1,0.29699,1
0.5360,5.2009,2.3199,11.9262,-1.8560,0.0182,-1.0489,0,1,0,0.21852,1
0.5170,4.9710,2.3503,11.3010,-0.5982,0.0332,-0.3859,0,0,0,0.00000,3
0.4403,4.7101,2.6205,12.0412,1.4038,0.0091,-0.9253,0,0,1,0.33510,1
0.4171,4.4810,2.6725,13.0573,-2.0370,0.0028,-1.7653,0,0,1,1.47833,1
0.4498,4.2965,2.4770,11.2446,1.3067,0.0251,-0.2578,0,0,0,0.00000,3
0.4904,5.1859,2.5040,12.1372,-0.0919,0.0025,-1.1364,0,0,2,0.83496,1
0.3948,4.2726,2.7257,11.9714,-2.4294,0.0837,-0.8565,0,1,0,0.21784,3
0.4486,4.5732,2.5499,11.7371,3.0298,0.0437,-0.7125,0,0,1,0.27137,1
0.4080,4.0578,2.6015,12.2960,1.3859,0.0104,-1.0627,0,0,2,0.76076,1
0.4855,4.7167,2.4245,11.4330,-1.6971,0.0173,-0.4571,0,0,0,0.00000,3
0.5321,4.9972,2.2965,11.3278,0.4346,0.0505,-0.4500,0,0,0,0.00000,3
0.4165,4.3124,2.6310,11.2781,-2.4886,0.0892,-0.3291,0,0,0,0.00000,3
0.4509,4.3402,2.4829,11.9441,-1.6863,0.0283,-0.8849,0,0,1,0.59414,1
0.4713,4.5622,2.4490,11.2697,-1.2830,0.0394,-0.3162,0,0,0,0.00000,3
0.5496,5.4182,2.3067,11.3575,0.5828,0.0824,-0.5413,0,0,0,0.00000,1
0.4552,4.3042,2.4561,11.4673,1.8162,0.0388,-0.4741,0,0,0,0.00000,3
0.4315,4.6446,2.6456,12.0771,-3.0512,0.1009,-1.0586,0,0,2,0.45977,1
0.5703,5.6589,2.2680,12.1363,0.3152,0.0032,-1.3545,0,0,1,0.34631,1
0.4283,4.4219,2.6042,11.4425,-2.9826,0.0735,-0.4601,0,0,0,0.00000,1
0.3919,4.1684,2.7107,12.9750,2.4429,0.0572,-1.6720,1,1,1,1.57387,1
0.3731,3.9458,2.7407,11.4782,-2.8295,0.0877,-0.4366,0,0,0,0.00000,3
0.5062,5.3736,2.4742,11.5700,1.6554,0.0505,-0.6622,0,0,0,0.00000,3
0.5647,5.8215,2.3169,12.0345,2.3999,0.0241,-1.2521,0,1,0,0.47560,1
0.4991,4.9176,2.4116,11.3474,-0.9181,0.0141,-0.3889,0,0,0,0.00000,3
0.4024,4.2533,2.6826,12.3765,-2.4769,0.0564,-1.1820,0,0,1,0.99024,1
0.4193,4.6085,2.6948,12.0347,-2.4421,0.0530,-0.9272,0,0,1,0.54874,3
0.5327,4.9989,2.2949,11.4087,-0.4648,0.0655,-0.5523,0,0,0,0.00000,1
0.5340,5.4368,2.3716,11.5651,-1.1430,0.0358,-0.6833,0,0,0,0.00000,3
0.5898,5.4358,2.1588,11.2604,0.7299,0.0306,-0.4197,0,0,0,0.00000,3
0.3666,3.8540,2.7459,12.6973,2.8404,0.0031,-1.2474,0,1,1,1.39460,1
0.3959,4.2694,2.7193,12.1828,-2.6831,0.1631,-1.1440,1,1,0,0.59524,1
0.4292,4.4105,2.5972,11.2728,2.5675,0.0059,-0.2419,0,0,0,0.00000,3
0.3714,4.0880,2.7929,13.0115,-2.1512,0.0289,-1.5653,0,1,1,1.85925,1
0.4215,4.2801,2.5992,12.1179,2.8658,0.0467,-0.9961,0,1,0,0.79280,1
0.4640,4.3141,2.4215,11.7499,-0.9499,0.0153,-0.7149,0,0,1,0.17267,1
0.4171,4.2329,2.6069,11.9982,-1.7287,0.0075,-0.8292,0,1,0,0.55910,1
0.5254,5.5990,2.4369,11.8458,-2.4383,0.0170,-0.9405,0,1,0,0.38072,3
0.4772,4.3752,2.3819,11.8491,-1.9395,0.0007,-0.8145,0,1,0,0.37292,1
0.3914,4.2796,2.7450,11.8821,2.3914,0.0881,-0.7814,0,0,1,0.63607,3
0.4539,4.8229,2.5850,12.1755,-2.4990,0.0044,-1.0772,0,1,0,0.58910,3
0.6198,5.7313,2.0969,11.3702,0.3806,0.0832,-0.6491,0,0,0,0.00000,3
0.4873,5.1495,2.5095,12.8235,-2.1554,0.0002,-1.8328,0,1,1,1.54945,1
0.3880,4.0672,2.7009,13.1017,3.1187,0.0346,-1.7285,1,2,0,1.58367,1
0.4086,4.1106,2.6134,12.4099,-0.1927,0.0005,-1.1477,0,1,0,1.08149,1
0.4632,4.9365,2.5693,11.3528,2.3038,0.0350,-0.3787,0,0,0,0.00000,3
0.4452,4.5554,2.5606,11.8730,-2.5230,0.0906,-0.8897,0,0,1,0.35238,1
0.4675,4.7558,2.5094,12.3266,-0.7001,0.0118,-1.2706,0,1,0,0.78583,1
0.3773,3.9094,2.7076,11.9623,-1.8440,0.0299,-0.7406,0,1,0,0.63615,1
0.4320,4.3779,2.5762,12.8894,-1.2071,0.0329,-1.7223,0,1,0,0.57793,1
0.4810,4.8283,2.4680,12.3312,2.7176,0.0020,-1.3015,0,1,0,0.70172,1
0.4770,5.1818,2.5614,12.4700,2.8812,0.0783,-1.5458,0,0,1,1.14327,1
0.4854,4.8388,2.4517,11.6900,-0.9278,0.0580,-0.7532,0,1,0,0.34849,1
0.4936,4.8533,2.4206,11.3797,0.3655,0.0161,-0.4157,0,0,0,0.00000,1
0.4814,4.4251,2.3766,12.3343,1.8798,0.0044,-1.3054,0,0,2,0.59366,1
0.5634,5.8131,2.3205,11.4702,-0.2467,0.0073,-0.5931,0,0,1,0.16920,3
0.4507,4.6689,2.5635,11.5552,-1.8522,0.0201,-0.5246,0,0,0,0.00000,3
0.4124,4.2227,2.6264,12.0800,2.8381,0.0541,-0.9503,0,0,2,0.59768,1
0.4124,4.3402,2.6578,11.4247,2.6215,0.0498,-0.3985,0,0,0,0.00000,3
0.3834,4.0378,2.7156,11.3959,-1.8447,0.0125,-0.3005,0,0,0,0.00000,1
0.4058,4.3414,2.6904,12.5965,-2.1600,0.0211,-1.3328,0,1,0,1.16119,1
0.4063,4.0875,2.6179,11.3317,2.9846,0.0677,-0.3378,0,0,0,0.00000,1
0.4304,4.3027,2.5639,11.3487,-3.0125,0.0588,-0.3662,0,0,0,0.00000,1
0.5555,5.1853,2.2427,11.8026,0.4953,0.0882,-1.0487,0,0,0,0.00000,1
0.3611,3.9614,2.8089,11.7459,2.8356,0.0773,-0.6049,0,0,1,0.39668,3
0.3891,4.0765,2.6983,12.9954,-1.7331,0.0240,-1.6207,1,2,0,1.55318,1
0.5542,5.2385,2.2570,11.2734,-1.2322,0.0446,-0.4115,0,0,0,0.00000,3
0.4406,4.3461,2.5296,11.3858,2.7337,0.0417,-0.3889,0,0,0,0.00000,1
0.3901,3.9954,2.6696,11.3512,-2.8907,0.0839,-0.3554,0,0,0,0.00000,1
0.4958,5.0697,2.4566,11.3088,1.7317,0.0198,-0.3558,0,0,0,0.00000,3
0.4381,4.4615,2.5694,11.8985,1.1202,0.0113,-0.7946,0,0,1,0.28692,1
0.5260,5.1226,2.3445,12.0162,0.7078,0.0244,-1.1304,0,0,1,0.59864,1
0.5382,5.6195,2.3879,12.6320,0.2504,0.0006,-1.8234,0,1,0,1.04034,1
0.3344,3.6483,2.8536,12.8644,-2.8498,0.0312,-1.2970,1,1,1,1.67470,1
0.4235,4.2146,2.5725,11.3630,1.1497,0.0018,-0.3048,0,0,0,0.00000,1
0.5000,5.0651,2.4385,11.5876,1.3890,0.0018,-0.6086,0,0,0,0.00000,3
0.3994,4.0805,2.6488,12.9959,1.3958,0.0107,-1.6427,1,2,0,1.06992,1
0.4750,5.0185,2.5350,11.6238,-1.7783,0.0113,-0.6151,0,0,1,0.27787,3
0.5108,5.3276,2.4460,11.6088,1.5722,0.0083,-0.6564,0,0,0,0.00000,3
0.3890,4.1166,2.7104,11.4132,2.8658,0.1295,-0.4546,0,0,0,0.00000,1
0.3457,3.7693,2.8308,12.1950,-2.6709,0.1852,-1.0489,0,1,0,0.96806,1
0.5080,4.9168,2.3754,11.4597,-2.8745,0.0112,-0.5053,0,0,0,0.00000,1
0.4143,4.3698,2.6569,11.5299,-2.6263,0.1229,-0.5734,0,1,0,0.19016,1
0.4630,4.7981,2.5387,11.9461,2.3740,0.0065,-0.8869,0,1,0,0.52380,3
0.4073,4.0561,2.6043,11.7750,-2.9362,0.0209,-0.6399,0,0,0,0.00000,3
0.5343,4.8683,2.2636,11.5015,0.6065,0.0278,-0.6043,0,0,0,0.00000,3
0.3525,3.8170,2.8091,11.6705,-2.5508,0.0993,-0.5624,0,1,0,0.21210,3
0.5069,5.0057,2.3979,11.5067,-1.7715,0.0104,-0.5497,0,0,0,0.00000,3
0.4299,4.5289,2.6241,11.4363,2.4744,0.0780,-0.4622,0,0,0,0.00000,3
0.4659,5.1102,2.5957,11.3983,-2.2307,0.0705,-0.4646,0,0,0,0.00000,3
0.4366,4.4614,2.5763,12.3389,1.9744,0.0246,-1.2068,0,1,0,0.85957,1
0.3682,3.8994,2.7518,12.3329,-2.3329,0.0220,-0.9943,1,1,1,0.90969,1
0.5053,4.6615,2.3333,11.4168,-1.5732,0.0141,-0.4621,0,0,0,0.00000,1
0.3452,3.7694,2.8335,12.0041,2.7514,0.0248,-0.6951,0,1,0,0.68105,1
0.3614,3.8348,2.7670,12.6667,2.6202,0.0555,-1.2855,0,0,2,1.25130,1
0.3883,4.1512,2.7237,11.3287,2.2260,0.0587,-0.3080,0,0,0,0.00000,3
0.4197,4.1599,2.5752,11.5126,1.1575,0.0107,-0.4327,0,0,0,0.00000,1
0.3740,4.0664,2.7724,13.2761,-3.0062,0.0381,-1.8204,0,0,1,2.24379,1
0.3943,3.9664,2.6409,12.7636,-2.7738,0.0325,-1.4537,0,1,0,0.42212,1
0.4114,4.3659,2.6697,12.2382,-2.5851,0.0605,-1.0939,0,0,1,0.72651,3
0.4206,4.3978,2.6341,11.7117,1.4868,0.0046,-0.5920,0,0,1,0.39381,1
0.5639,5.6563,2.2922,11.4583,0.4778,0.0060,-0.5784,0,0,0,0.00000,3
0.5157,5.1558,2.3921,12.8138,0.2859,0.0072,-1.9487,0,1,0,1.19072,1
0.5448,5.4423,2.3299,11.5966,-1.2872,0.0540,-0.7572,0,0,0,0.00000,3
0.3761,4.0752,2.7641,12.0468,1.9820,0.0734,-0.8607,0,1,0,0.22390,1
0.3437,3.7187,2.8251,12.9818,2.7460,0.0315,-1.4259,2,1,2,1.58103,1
0.4126,4.4965,2.6985,11.3794,-2.6371,0.0803,-0.3974,0,0,0,0.00000,3
0.5033,4.9107,2.3930,12.3932,2.5730,0.0065,-1.4415,0,0,1,1.08570,1
0.4797,4.4743,2.3944,11.7422,1.3372,0.0006,-0.7183,0,0,1,0.22159,3
0.3933,4.1259,2.6919,11.5148,-2.6084,0.1743,-0.5929,0,0,0,0.00000,1
0.4515,4.5725,2.5370,12.3988,1.3241,0.0277,-1.3138,0,0,2,0.54121,1
0.4615,4.5486,2.4876,11.3301,2.9537,0.0118,-0.3287,0,0,0,0.00000,3
0.3629,3.9412,2.7926,12.1190,2.8999,0.1318,-0.9625,0,1,0,0.87618,1
0.5217,5.0623,2.3498,11.2883,2.2306,0.0066,-0.3475,0,0,0,0.00000,1
0.4509,4.2970,2.4726,11.4999,1.0106,0.0735,-0.5392,0,0,0,0.00000,1
0.3521,3.7677,2.7953,11.9702,2.6908,0.0835,-0.7608,0,1,0,0.42171,3
0.6552,6.1333,2.0267,11.6723,-0.8229,0.0420,-1.0362,0,0,0,0.00000,1
0.3757,3.9515,2.7288,11.5183,3.0034,0.0922,-0.4754,0,0,0,0.00000,3
0.4635,4.3225,2.4255,11.3907,0.5414,0.0160,-0.3889,0,0,0,0.00000,3
0.4339,4.7871,2.6695,11.3076,2.3540,0.1045,-0.3879,0,0,0,0.00000,2
0.3982,4.1258,2.6676,11.2996,2.3639,0.0439,-0.2782,0,0,0,0.00000,3
0.5250,5.1056,2.3450,11.3383,-0.4224,0.0085,-0.4033,0,0,0,0.00000,3
0.3670,3.8953,2.7564,12.8442,2.9808,0.0713,-1.4778,1,1,0,0.96171,1
0.4706,5.1501,2.5833,11.3593,2.0649,0.0475,-0.4077,0,0,0,0.00000,3
0.4440,4.3676,2.5201,12.3636,-2.3706,0.0486,-1.2873,0,1,0,0.99698,1
0.5038,4.7791,2.3639,11.2982,-0.9562,0.0065,-0.3374,0,0,0,0.00000,3
0.5087,5.1679,2.4230,11.8108,-0.6767,0.0347,-0.8901,0,0,1,0.36546,1
0.3932,4.0544,2.6717,11.2595,-2.7803,0.1446,-0.3562,0,0,0,0.00000,1
0.4122,4.4753,2.6950,11.2946,1.9345,0.0942,-0.3442,0,0,0,0.00000,3
0.5459,5.4907,2.3342,12.6063,1.6351,0.0260,-1.8614,0,0,1,1.24321,1
0.4301,4.2853,2.5610,11.3288,-2.8058,0.0305,-0.3167,0,0,0,0.00000,3
0.4481,4.4242,2.5160,11.4424,-1.4953,0.0358,-0.4400,0,0,0,0.00000,3
0.4798,5.0609,2.5235,11.7847,2.5626,0.0220,-0.7899,0,1,0,0.33599,3
0.5218,5.1193,2.3606,12.2688,0.9756,0.0016,-1.3590,0,0,1,0.86164,1
0.4812,4.7628,2.4525,11.3976,-2.4385,0.0063,-0.4059,0,0,0,0.00000,3
0.5290,4.8506,2.2802,12.4625,-0.7308,0.0209,-1.6223,0,0,1,1.12863,1
0.4884,4.6056,2.3886,12.1901,2.3286,0.0162,-1.1992,0,0,1,0.24074,1
0.4637,4.8038,2.5371,11.6811,-2.1689,0.0843,-0.7393,0,1,0,0.21308,1
0.4736,4.6271,2.4544,12.0548,-1.0723,0.0036,-1.0098,0,0,1,0.52037,1
0.4683,4.5501,2.4588,11.4962,-2.2115,0.0182,-0.4936,0,0,0,0.00000,3
0.4475,4.7192,2.5900,11.4098,-0.7932,0.0004,-0.3703,0,0,0,0.00000,1
0.5076,5.3088,2.4556,11.4878,2.4545,0.0781,-0.6150,0,0,0,0.00000,1
0.5184,4.8546,2.3215,11.4242,-2.9133,0.0042,-0.4751,0,0,0,0.00000,1
0.5396,5.4700,2.3552,11.9068,2.4961,0.0038,-1.0187,0,1,0,0.44914,3
0.3679,4.0573,2.8019,12.4968,3.0082,0.0787,-1.2049,0,1,0,0.96263,2
0.5024,5.3156,2.4789,11.7397,-2.2866,0.0930,-0.8800,0,0,1,0.21477,1
0.4745,5.1780,2.5719,11.8960,2.3337,0.1246,-1.0196,0,0,1,0.15964,1
0.4166,4.1614,2.5900,12.5165,-1.3693,0.0137,-1.2867,0,1,0,1.00415,1
0.3603,3.8795,2.7870,11.9378,-2.6595,0.0424,-0.7020,0,1,0,0.68918,3
0.4210,4.2394,2.5907,11.3719,-2.0036,0.0110,-0.3201,0,0,0,0.00000,3
0.4726,4.3697,2.3993,12.5604,-0.0618,0.0077,-1.5096,0,0,1,1.12725,1
0.4943,5.0640,2.4620,11.4240,-3.0931,0.0292,-0.4751,0,0,0,0.00000,1
0.4867,4.7488,2.4267,11.3775,1.2648,0.0450,-0.4393,0,0,0,0.00000,3
0.3383,3.7137,2.8541,11.8062,3.0645,0.0792,-0.6100,0,1,0,0.43990,3
0.4884,4.6378,2.3956,11.4637,-1.2863,0.0230,-0.4963,0,0,0,0.00000,3
0.5404,5.0058,2.2667,11.4380,-1.4893,0.0233,-0.5418,0,0,0,0.00000,1
0.6006,5.9512,2.1995,11.5585,0.8928,0.0626,-0.8210,0,0,0,0.00000,3
0.4226,4.3045,2.6004,12.3132,-1.3214,0.0016,-1.1082,0,1,0,1.16699,1
0.3878,3.9526,2.6684,11.8822,-1.5306,0.0162,-0.6824,0,0,1,0.54207,1
0.3856,3.9939,2.6915,11.2430,-2.0966,0.0197,-0.1976,0,0,0,0.00000,1
0.4588,4.9623,2.5952,11.9396,-2.6898,0.0758,-0.9628,0,1,0,0.33673,1
0.4033,4.1031,2.6365,12.6498,2.5969,0.0261,-1.3778,0,1,0,1.33761,1
0.4750,5.0342,2.5387,12.0369,2.6090,0.0065,-1.0028,0,0,1,0.66775,3
0.5038,5.1044,2.4307,11.5585,-2.5335,0.0290,-0.6195,0,0,0,0.00000,1
0.5293,5.6199,2.4244,12.6542,0.9125,0.0281,-1.8599,0,0,1,1.31980,1
0.4870,4.6685,2.4078,12.1799,1.0378,0.0119,-1.1795,0,0,1,0.99846,1
0.3865,4.1979,2.7466,12.6795,-2.5559,0.0144,-1.3244,1,1,1,1.18261,1
0.3820,4.0574,2.7283,12.3841,-2.7711,0.0698,-1.1450,0,1,0,0.94647,1
0.4307,4.6189,2.6429,11.8764,-1.4987,0.0463,-0.8054,0,1,0,0.44482,1
0.4674,4.8675,2.5353,12.4343,2.5863,0.0117,-1.3769,1,1,0,0.71393,1
0.4778,4.4762,2.4028,11.2342,-0.9902,0.0376,-0.2876,0,0,0,0.00000,3
0.3542,3.8861,2.8225,12.5462,3.0857,0.0145,-1.1043,0,1,1,1.22837,1
0.4020,4.1958,2.6689,11.4592,2.3922,0.0542,-0.4185,0,0,0,0.00000,3
0.4957,5.2083,2.4857,11.2708,-1.4489,0.0494,-0.3540,0,0,0,0.00000,3
0.5220,5.1227,2.3604,11.4605,-0.2270,0.0162,-0.5321,0,0,0,0.00000,3
0.4196,4.3515,2.6266,11.8782,-2.7335,0.0088,-0.7352,0,0,1,0.31545,3
0.5073,5.2276,2.4409,11.3281,-0.5528,0.0157,-0.3824,0,0,0,0.00000,1
0.5156,5.4135,2.4427,12.0166,1.8952,0.0092,-1.0869,0,1,0,0.43625,3
0.5097,5.5180,2.4878,13.2224,-1.0092,0.0013,-2.3801,1,1,2,1.45998,1
0.3405,3.7189,2.8432,13.1033,2.5115,0.0770,-1.5847,1,2,2,3.50669,1
0.3496,3.7660,2.8083,11.3055,2.6584,0.0246,-0.2181,0,0,0,0.00000,1
0.4737,4.8239,2.4981,12.8664,-2.3456,0.0308,-1.8715,0,1,1,1.51966,1
0.3738,3.9264,2.7307,12.2222,2.0173,0.0097,-0.9071,0,1,0,0.57113,1
0.4403,4.4655,2.5605,11.3992,1.2397,0.0159,-0.3702,0,0,0,0.00000,1
0.4573,4.8666,2.5797,12.8868,2.8677,0.0376,-1.8357,1,1,1,1.27766,1
0.4542,4.3161,2.4632,11.3898,-1.2137,0.0453,-0.4119,0,0,0,0.00000,3
0.3813,4.2066,2.7757,11.6231,2.5512,0.2714,-0.7779,0,0,0,0.00000,0
0.4518,4.4700,2.5107,11.5316,1.7645,0.0025,-0.4834,0,0,1,0.30679,3
0.4243,4.4826,2.6387,12.5650,2.9379,0.0222,-1.3713,0,0,2,1.21229,1
0.4892,5.1267,2.4968,11.6198,-2.9398,0.0180,-0.6431,0,1,0,0.27578,3
0.5039,5.0961,2.4285,12.2628,-2.3665,0.0051,-1.3058,0,0,0,0.00000,1
0.5670,5.4556,2.2467,11.6846,0.2699,0.0759,-0.9224,0,0,0,0.00000,1
0.4094,4.3441,2.6735,11.3235,3.0797,0.0542,-0.3193,0,0,0,0.00000,3
0.4971,4.7056,2.3750,12.4200,-0.8561,0.0325,-1.4885,0,0,2,1.58421,1
0.3300,3.6385,2.8752,11.9352,2.4607,0.0939,-0.7018,0,1,0,0.20996,2
0.4045,4.1693,2.6492,12.9728,2.5147,0.0124,-1.6475,1,1,3,1.37670,1
0.4901,4.4604,2.3498,11.7274,-1.7072,0.0342,-0.7661,0,1,0,0.21711,1
0.3882,3.9419,2.6633,12.6063,3.1271,0.0287,-1.2901,0,1,1,1.41461,1
0.3820,4.1368,2.7521,11.5371,2.8589,0.0443,-0.4416,0,0,0,0.00000,3
0.3443,3.7052,2.8173,12.9972,2.7896,0.0629,-1.4934,1,1,1,1.70730,1
0.4144,4.3825,2.6597,11.4149,-2.6563,0.0781,-0.4258,0,0,0,0.00000,3
0.3962,4.2894,2.7233,12.0155,2.7128,0.0083,-0.7978,0,1,0,0.28115,1
0.4135,4.2440,2.6268,11.3860,-2.3963,0.0213,-0.3355,0,0,0,0.00000,3
0.5289,5.5101,2.4060,11.4785,1.4526,0.0492,-0.6018,0,0,0,0.00000,3
0.4608,5.0805,2.6126,11.8140,-2.4684,0.0500,-0.8159,0,0,1,0.30790,2
0.4850,4.4732,2.3728,11.4126,0.9987,0.0318,-0.4537,0,0,0,0.00000,3
0.4493,4.5098,2.5315,12.0051,-2.6420,0.0420,-0.9566,0,0,1,0.60250,1
0.4698,4.9566,2.5443,11.5857,2.8469,0.0173,-0.5785,0,0,0,0.00000,3
0.4001,4.1561,2.6669,11.8110,2.0901,0.0573,-0.7021,0,0,1,0.36466,3
0.4810,4.9954,2.5041,12.7954,-0.0581,0.0037,-1.7821,0,0,2,1.25971,1
0.4283,4.4978,2.6240,12.0151,2.1845,0.0133,-0.8782,0,0,1,0.40784,3
0.4272,4.6786,2.6744,11.3951,2.9659,0.1671,-0.5274,0,0,0,0.00000,1
0.4630,4.6982,2.5157,11.3168,-2.8077,0.0441,-0.3562,0,0,0,0.00000,1
0.4762,4.7075,2.4613,11.5946,-0.6117,0.0394,-0.6228,0,0,0,0.00000,1
0.5789,5.7268,2.2463,11.4374,0.4797,0.0022,-0.5721,0,0,0,0.00000,3
0.4435,4.4905,2.5525,12.2208,-2.9602,0.0248,-1.1178,0,1,0,0.64888,1
0.4777,4.9553,2.5099,11.6188,-1.8874,0.0391,-0.6486,0,0,0,0.00000,3
0.3372,3.6961,2.8539,13.3411,-2.2444,0.0304,-1.6749,1,1,2,2.20179,1
0.4548,4.4619,2.4960,11.4044,-1.3860,0.0055,-0.3790,0,0,0,0.00000,3
0.4927,4.5490,2.3589,11.3108,1.1037,0.0152,-0.3472,0,0,0,0.00000,3
0.5331,5.1595,2.3236,11.2809,2.4110,0.0057,-0.3510,0,0,0,0.00000,1
0.3994,4.1693,2.6739,11.9292,-2.4489,0.0009,-0.7247,0,1,1,0.46474,1
0.4004,4.3317,2.7144,12.3354,2.0960,0.0339,-1.1086,0,1,0,0.69829,1
0.4897,4.7654,2.4178,12.2672,2.4574,0.0152,-1.2813,0,0,2,0.82606,1
0.5681,5.4868,2.2478,12.4861,0.5013,0.0472,-1.8309,0,0,1,0.84105,1
0.4234,4.5715,2.6657,11.5559,-2.4483,0.0687,-0.5438,0,0,0,0.00000,3
0.5151,5.5033,2.4618,12.8108,-2.9193,0.0028,-1.9398,0,1,3,1.77066,1
0.4425,4.4005,2.5348,11.9129,-0.8793,0.0216,-0.8296,0,0,0,0.00000,1
0.4635,4.3310,2.4277,11.9497,1.0527,0.0193,-0.9056,0,1,0,0.20371,1
0.4171,4.5325,2.6862,12.9848,-2.3412,0.0015,-1.6961,0,1,0,1.42774,1
0.4150,4.5482,2.7004,12.8163,2.6850,0.0194,-1.5622,0,0,1,1.43044,1
0.4395,4.2362,2.5066,11.8118,-1.7328,0.0292,-0.7426,0,0,1,0.32305,3
0.4561,4.9135,2.5962,11.7166,2.8629,0.1152,-0.7973,0,0,0,0.00000,1
0.5531,5.2905,2.2705,11.3414,1.0657,0.0364,-0.4730,0,0,0,0.00000,3
0.4477,4.8872,2.6287,11.3942,2.8112,0.0069,-0.3651,0,0,0,0.00000,1
0.4479,4.2953,2.4850,12.1771,1.6758,0.0110,-1.0683,0,1,0,0.69166,1
0.4682,4.8880,2.5361,11.4265,-2.5167,0.0119,-0.4239,0,0,0,0.00000,3
0.4024,4.2051,2.6692,11.9424,-2.4109,0.0334,-0.7840,0,0,1,0.66491,3
0.5171,5.5935,2.4706,11.5935,1.1104,0.0127,-0.6579,0,0,0,0.00000,1
0.4987,5.1774,2.4666,12.5425,-1.8160,0.0037,-1.5832,1,1,0,0.74049,1
0.4249,4.3844,2.6103,12.6659,2.4188,0.0285,-1.4760,1,1,3,1.38249,1
0.3863,4.0111,2.6931,12.1885,-2.4177,0.0462,-0.9636,0,1,0,0.79592,3
0.4526,4.3986,2.4903,11.3027,1.2343,0.0122,-0.2957,0,0,0,0.00000,3
0.4789,4.7851,2.4672,11.3055,-1.5503,0.0484,-0.3674,0,0,0,0.00000,3
0.3425,3.7821,2.8530,12.6726,2.4461,0.0838,-1.2638,0,1,1,1.27467,0
0.4131,4.4421,2.6818,11.3533,3.0200,0.1512,-0.4580,0,0,0,0.00000,1
0.4249,4.5252,2.6467,12.8832,2.7618,0.0001,-1.6324,0,1,1,1.71125,1
0.4362,4.4332,2.5712,12.9552,-2.8843,0.0376,-1.8127,0,1,0,1.69480,1
0.5636,5.2312,2.2207,12.3830,0.2346,0.0537,-1.6992,0,0,1,1.08287,1
0.4457,4.5109,2.5474,12.0772,-2.0716,0.0635,-1.0442,0,1,0,0.46141,3
0.3707,3.9322,2.7485,12.7057,2.9064,0.1021,-1.4247,0,0,0,0.00000,1
0.3634,3.8789,2.7705,11.6616,2.6751,0.1068,-0.5822,0,0,1,0.32035,3
0.4553,4.9108,2.5993,11.6725,1.9744,0.0067,-0.6213,0,1,0,0.28985,1
0.3872,4.0254,2.6926,11.3680,-2.8044,0.0644,-0.3430,0,0,0,0.00000,3
0.4697,4.3116,2.3975,11.3332,0.8656,0.0351,-0.3664,0,0,0,0.00000,3
0.4264,4.4909,2.6307,11.3476,1.3811,0.0692,-0.3734,0,0,0,0.00000,1
0.4709,5.0566,2.5616,12.7325,-2.9678,0.0560,-1.7625,2,1,0,1.04302,1
0.4907,4.5550,2.3683,11.8249,2.6875,0.0019,-0.8210,0,0,1,0.40471,1
0.4988,4.7202,2.3713,11.8439,1.2670,0.0174,-0.8780,0,0,1,0.41821,1
0.3968,4.3526,2.7380,11.4879,2.0330,0.0431,-0.4220,0,0,0,0.00000,1
0.3722,3.9825,2.7564,11.6194,2.5402,0.0171,-0.4570,0,1,0,0.16536,1
0.3611,3.9112,2.7927,11.8727,2.8909,0.1200,-0.7529,0,0,1,0.45969,3
0.4533,4.7258,2.5653,11.9324,2.9324,0.0029,-0.8477,0,0,1,0.65937,3
0.3446,3.7430,2.8285,13.2416,-2.0204,0.0414,-1.6526,0,0,4,2.99585,1
0.4755,4.5001,2.4176,11.3203,-2.3647,0.0046,-0.3258,0,0,0,0.00000,1
0.4240,4.3144,2.5963,11.4778,-2.4533,0.1122,-0.5301,0,0,0,0.00000,1
0.5555,5.7855,2.3473,11.4270,1.4606,0.0180,-0.5478,0,0,0,0.00000,3
0.4315,4.5407,2.6198,11.4087,1.7110,0.0412,-0.3978,0,0,0,0.00000,1
0.5713,5.5063,2.2389,11.6125,0.3521,0.0386,-0.8007,0,0,0,0.00000,3
0.3804,4.0365,2.7304,12.7790,2.5860,0.0807,-1.4905,0,1,2,1.60998,1
0.5202,4.9789,2.3394,11.3557,-0.2729,0.0567,-0.4718,0,0,0,0.00000,1
0.4673,4.5308,2.4589,12.2460,-2.2973,0.0364,-1.2251,0,1,0,0.69822,1
0.4880,4.5208,2.3714,11.2469,1.4927,0.0308,-0.3008,0,0,0,0.00000,3
0.4388,4.5212,2.5811,11.5531,-2.6290,0.0881,-0.5871,0,0,0,0.00000,1
0.4214,4.3474,2.6171,11.2734,-2.0920,0.0067,-0.2364,0,0,0,0.00000,1
0.4377,4.6279,2.6125,11.4771,2.9412,0.0773,-0.5065,0,0,0,0.00000,1
0.4996,5.4304,2.5139,11.3772,-2.6267,0.0309,-0.4396,0,0,0,0.00000,3
0.4441,4.8045,2.6259,11.8899,-2.3858,0.0391,-0.8365,0,0,1,0.53016,3
0.5180,4.6906,2.2903,11.3492,-0.5921,0.0863,-0.4971,0,0,0,0.00000,1
0.5073,4.8878,2.3721,12.4536,-1.1264,0.0405,-1.5719,0,1,1,1.09662,1
0.5406,5.3645,2.3322,11.5376,2.5684,0.0048,-0.6260,0,0,0,0.00000,1
0.3495,3.7865,2.8154,12.1165,-2.6015,0.1710,-0.9793,0,1,0,0.90425,1
0.3823,4.0122,2.7133,11.7916,-2.8184,0.0221,-0.6093,0,0,1,0.14901,3
0.3748,3.8798,2.7116,11.9513,2.4752,0.0055,-0.6951,0,1,0,0.53724,1
0.5821,5.6040,2.2143,11.7064,-0.5960,0.0284,-0.9152,0,0,0,0.00000,3
0.3875,4.2423,2.7542,11.5147,-2.9849,0.1564,-0.5635,0,0,0,0.00000,1
0.4725,4.9664,2.5346,11.4946,-3.0580,0.0669,-0.5576,0,0,0,0.00000,1
0.5264,5.2563,2.3686,12.3962,-0.0527,0.0034,-1.5166,0,1,0,0.89815,1
0.4445,4.7202,2.6035,11.5260,3.0175,0.1082,-0.5956,0,0,0,0.00000,1
0.5202,5.2214,2.3867,11.5372,0.8272,0.0814,-0.6880,0,0,0,0.00000,1
0.5528,5.4615,2.3020,11.6195,0.1272,0.0132,-0.7442,0,0,0,0.00000,3
0.5279,5.5553,2.4185,11.6584,2.2462,0.0361,-0.7721,0,0,0,0.00000,3
0.4832,5.0705,2.5107,11.7809,-1.8820,0.0030,-0.7688,0,1,0,0.40907,3
0.3825,4.1060,2.7402,11.3196,-3.0460,0.1430,-0.3908,0,0,0,0.00000,1
0.4814,5.1141,2.5278,11.4785,-2.0859,0.0241,-0.5040,0,0,0,0.00000,3
0.4239,4.2791,2.5878,11.9805,-2.7214,0.0512,-0.8873,0,0,1,0.50304,1
0.5246,5.5241,2.4261,11.3090,0.8073,0.0349,-0.4058,0,0,0,0.00000,1
0.3746,3.9557,2.7356,12.2864,-2.5162,0.0474,-1.0121,0,1,1,1.04618,3
0.4761,5.1643,2.5618,11.9066,-2.1454,0.0382,-0.9214,0,1,0,0.57600,3
0.3986,4.2178,2.6915,11.2885,-2.6783,0.0035,-0.2246,0,0,0,0.00000,1
0.4294,4.3240,2.5740,11.3022,2.4973,0.0258,-0.2888,0,0,0,0.00000,3
0.4863,4.8271,2.4451,11.8636,-1.8967,0.0537,-0.9203,0,0,1,0.26443,1
0.4603,4.9016,2.5743,12.9530,-1.8195,0.0155,-1.8786,0,0,1,1.33465,1
0.4150,4.2986,2.6343,12.8454,-1.7923,0.0340,-1.6124,0,1,0,1.69513,1
0.5278,4.8436,2.2834,11.6638,1.1092,0.0396,-0.7783,0,0,0,0.00000,3
0.5785,5.5297,2.2159,11.5163,1.4872,0.0254,-0.6873,0,0,0,0.00000,1
0.4226,4.5638,2.6675,12.3649,3.0840,0.0975,-1.2931,0,0,1,1.00861,1
0.5219,5.1852,2.3727,11.3130,1.8664,0.0401,-0.4120,0,0,0,0.00000,1
0.3469,3.7767,2.8269,12.3196,-2.2080,0.0488,-0.9601,0,1,0,1.05574,1
0.4275,4.5618,2.6437,13.0983,3.0128,0.0327,-1.9053,1,1,0,1.58700,1
0.4029,4.3159,2.6974,12.4503,-2.6075,0.0062,-1.1745,0,1,0,1.25924,1
0.4472,4.5686,2.5549,11.4756,-2.3990,0.0596,-0.4966,0,0,0,0.00000,1
0.4099,4.4353,2.6953,11.3581,2.7886,0.0212,-0.3098,0,0,0,0.00000,3
0.3874,4.1900,2.7398,12.9567,-2.7595,0.0443,-1.6138,0,1,0,1.67499,1
0.4135,4.1021,2.5881,11.9918,-2.3167,0.0028,-0.8088,0,1,0,0.56086,3
0.4995,4.7876,2.3829,11.3974,0.9101,0.1008,-0.5403,0,0,0,0.00000,1
0.5040,5.1172,2.4323,12.3774,-0.8456,0.0197,-1.4488,0,1,0,0.99751,1
0.5389,5.4366,2.3519,11.3112,1.8733,0.0188,-0.4049,0,0,0,0.00000,3
0.3926,4.0272,2.6668,11.2475,-2.3224,0.0401,-0.2293,0,0,0,0.00000,3
0.4196,4.5919,2.6892,11.5408,2.5793,0.1587,-0.6325,0,0,0,0.00000,1
0.4152,4.2098,2.6094,12.2653,-2.3636,0.0217,-1.0735,0,0,4,0.90483,1
0.4312,4.4179,2.5902,12.1295,-2.7967,0.0331,-1.0131,0,0,1,0.88463,3
0.4417,4.6516,2.6000,11.9834,2.2889,0.0138,-0.8823,0,0,0,0.00000,3
0.5811,5.3336,2.1737,11.7007,0.5944,0.0955,-0.9931,0,0,0,0.00000,1
0.5279,4.8280,2.2798,11.9002,0.8909,0.0271,-1.0120,0,0,1,0.36614,1
0.4082,4.1427,2.6242,12.8369,-1.3446,0.0086,-1.5341,0,1,0,1.24059,1
0.4416,4.4056,2.5400,11.3209,-1.9996,0.0086,-0.2965,0,0,0,0.00000,3
0.3598,3.9459,2.8110,12.9436,-2.3432,0.0405,-1.4785,0,1,0,1.78692,1
0.5037,5.2093,2.4522,11.4107,-1.6663,0.0017,-0.4419,0,0,0,0.00000,3
0.4745,4.6849,2.4634,11.4792,-0.7982,0.0235,-0.4933,0,0,0,0.00000,1
0.4733,4.8683,2.5098,11.5282,-1.9522,0.0036,-0.5136,0,0,0,0.00000,3
0.4549,4.8342,2.5831,12.6533,-1.6698,0.0208,-1.5642,0,1,1,1.21688,1
0.5489,5.5272,2.3288,12.3225,1.5343,0.0024,-1.5054,0,0,1,0.66803,1
0.4196,4.5116,2.6685,11.9168,2.7612,0.0815,-0.8621,0,1,0,0.48812,3
0.3420,3.7397,2.8419,11.8896,2.5864,0.1112,-0.7159,0,1,0,0.63123,3
0.4453,4.3292,2.5046,12.4099,0.1704,0.0055,-1.2701,0,0,0,0.00000,1
0.3681,3.9204,2.7586,11.8622,-2.3337,0.0235,-0.6377,0,1,0,0.61491,1
0.5109,5.5607,2.4906,11.6822,2.0635,0.0538,-0.7885,0,0,0,0.00000,3
0.4976,5.1969,2.4752,11.4621,-2.7167,0.0171,-0.5023,0,0,0,0.00000,3
0.4108,4.2189,2.6326,12.5354,2.7477,0.0331,-1.3142,0,1,0,1.23954,1
0.4267,4.4770,2.6258,11.3451,-2.2008,0.0025,-0.2951,0,0,0,0.00000,1
0.4867,4.9409,2.4680,11.3259,-2.0406,0.0522,-0.3995,0,0,0,0.00000,3
0.3863,4.0676,2.7096,11.3578,-1.7206,0.0260,-0.2907,0,0,0,0.00000,1
0.4587,5.0023,2.6043,11.3732,2.8616,0.0285,-0.3845,0,0,0,0.00000,3
0.4335,4.2804,2.5443,11.8955,2.5939,0.0291,-0.8047,0,0,1,0.62896,1
0.3956,4.0301,2.6530,11.3785,2.9324,0.0374,-0.3287,0,0,0,0.00000,3
0.4103,4.2145,2.6339,11.4149,-2.3939,0.0375,-0.3738,0,0,0,0.00000,3
0.3789,4.1076,2.7592,13.0256,2.6071,0.0113,-1.5805,0,0,1,0.34894,1
0.5064,5.4746,2.4933,11.3779,2.4542,0.1291,-0.5639,0,0,0,0.00000,1
0.4128,4.0935,2.5893,11.3317,1.1852,0.0539,-0.3285,0,0,0,0.00000,1
0.4831,4.4591,2.3772,11.3226,-1.5934,0.0184,-0.3516,0,0,0,0.00000,1
0.4776,4.4289,2.3925,11.3749,-0.5201,0.0077,-0.3811,0,0,0,0.00000,3
0.3995,4.3686,2.7291,11.4032,2.4117,0.0596,-0.3780,0,0,0,0.00000,3
0.3695,3.9768,2.7687,11.4968,-3.1364,0.1735,-0.5462,0,0,0,0.00000,1
0.5560,5.3571,2.2713,11.6728,-0.5271,0.0349,-0.8352,0,0,0,0.00000,3
0.4613,4.9459,2.5798,11.3715,2.0387,0.0779,-0.4431,0,0,0,0.00000,3
0.4888,5.1201,2.4969,12.8370,1.1053,0.0212,-1.8884,0,0,2,1.50897,1
0.5360,5.6509,2.4025,11.6818,1.3219,0.0231,-0.7956,0,0,0,0.00000,3
0.3928,4.0823,2.6814,11.5315,-2.9122,0.1236,-0.5458,0,0,0,0.00000,1
0.5769,5.4870,2.2145,11.4003,0.6436,0.1064,-0.6536,0,0,0,0.00000,1
0.3992,4.3897,2.7362,11.5234,-2.5320,0.0279,-0.4352,0,0,0,0.00000,1
0.4283,4.5668,2.6412,11.9674,2.1617,0.0339,-0.8639,0,1,0,0.41569,3
0.4511,4.6714,2.5622,12.7159,-1.0613,0.0073,-1.5886,0,1,0,1.22311,1
0.3354,3.6438,2.8461,11.6591,-2.9909,0.0262,-0.4408,0,1,0,0.28619,1
0.5660,5.2101,2.2082,11.3198,-0.4806,0.0746,-0.5103,0,0,0,0.00000,3
0.4161,4.1212,2.5816,11.2516,1.2935,0.0086,-0.2161,0,0,0,0.00000,1
0.4743,4.6825,2.4637,11.3792,2.4122,0.0106,-0.3858,0,0,0,0.00000,3
0.4124,4.3986,2.6735,13.0411,-2.7403,0.0014,-1.7262,1,1,1,1.73284,1
0.5223,5.3414,2.4011,12.9319,-0.6481,0.0109,-2.1198,0,0,1,1.25360,1
0.4134,4.0599,2.5769,11.3698,-2.8845,0.0400,-0.3436,0,0,0,0.00000,1
0.4591,4.8344,2.5642,11.5316,-2.8119,0.0381,-0.5379,0,0,0,0.00000,3
0.4347,4.1848,2.5145,12.4416,1.4140,0.0347,-1.3100,0,1,0,1.14687,1
0.4149,4.1830,2.6036,11.3426,2.4898,0.0701,-0.3580,0,0,0,0.00000,1
0.4185,4.1934,2.5900,12.2825,-2.3432,0.0599,-1.1524,0,0,1,0.19517,1
0.4187,4.2067,2.5926,11.7858,-2.6829,0.0722,-0.7351,0,1,0,0.51118,1
0.3478,3.8158,2.8349,12.3527,3.0505,0.0549,-0.9958,0,0,2,0.96824,3
0.4903,4.6129,2.3822,11.3609,-3.1110,0.0011,-0.3754,0,0,0,0.00000,1
0.4914,4.4638,2.3452,11.3878,-0.0052,0.0277,-0.4330,0,0,0,0.00000,3
0.4759,5.2501,2.5811,11.3122,2.5209,0.0704,-0.3967,0,0,0,0.00000,2
0.3469,3.7727,2.8257,12.5734,2.6230,0.0141,-1.0994,1,1,1,0.99975,1
0.5624,5.7956,2.3216,11.4766,1.9728,0.0345,-0.6316,0,0,0,0.00000,1
0.5330,5.0662,2.3064,11.3627,1.9637,0.0112,-0.4402,0,0,0,0.00000,1
0.4924,4.5053,2.3504,11.3409,0.0029,0.0086,-0.3673,0,0,0,0.00000,3
0.4807,5.0860,2.5250,11.4437,-1.3633,0.0382,-0.4871,0,0,0,0.00000,1
0.4372,4.2760,2.5266,11.9770,2.5290,0.0325,-0.8896,0,0,1,0.67480,1
0.4897,4.6107,2.3842,12.5790,-1.4975,0.0179,-1.6073,0,0,4,1.77921,1
0.3931,4.1670,2.7041,11.9994,2.8758,0.0267,-0.8012,0,1,0,0.30088,3
0.3599,3.9236,2.8035,13.1888,-3.1348,0.0108,-1.6280,0,1,0,2.03878,1
0.4271,4.6360,2.6645,12.6787,-2.5622,0.0557,-1.5390,0,1,0,1.16622,1
0.5085,4.6400,2.3162,11.2801,3.0787,0.0006,-0.3173,0,0,0,0.00000,1
0.4089,4.4661,2.7088,11.3339,-2.4425,0.0418,-0.3131,0,0,0,0.00000,3
0.4387,4.4988,2.5763,12.3240,-2.2327,0.0039,-1.1694,0,1,0,1.03259,1
0.4695,4.5399,2.4514,11.2332,2.5841,0.0347,-0.2764,0,0,0,0.00000,1
0.4031,4.3022,2.6930,11.3900,2.3149,0.0848,-0.4006,0,0,0,0.00000,3
0.3304,3.6249,2.8683,13.1336,-2.6339,0.0198,-1.4628,1,1,0,1.62775,1
0.4988,5.2118,2.4731,11.4856,1.2195,0.0236,-0.5346,0,0,0,0.00000,1
0.5388,5.0601,2.2830,11.3657,-0.0665,0.0035,-0.4410,0,0,0,0.00000,3
0.4685,5.1040,2.5829,12.4857,-0.9124,0.0006,-1.4169,0,1,0,0.66900,1
0.4164,4.5761,2.7006,13.1462,-2.8159,0.0158,-1.8688,0,1,1,1.79584,1
0.3688,3.8549,2.7344,12.0857,2.8217,0.0444,-0.8354,0,0,1,0.53044,3
0.3982,4.0658,2.6502,11.4027,-2.6668,0.0379,-0.3509,0,0,0,0.00000,3
0.4825,4.4096,2.3687,11.9326,1.0859,0.0276,-0.9428,0,0,0,0.00000,1
0.4316,4.3232,2.5641,11.4038,-0.9779,0.0139,-0.3615,0,0,1,0.15871,1
0.4009,4.2392,2.6860,12.4771,-2.1689,0.0348,-1.2328,0,1,1,0.99648,1
0.4049,4.0414,2.6118,12.9030,1.8718,0.0121,-1.5851,1,1,1,1.08133,1
0.4750,4.3569,2.3867,11.3625,-0.7113,0.0063,-0.3650,0,0,0,0.00000,3
0.6539,6.2855,2.0512,12.1214,0.6140,0.0226,-1.6017,0,0,1,0.46243,1
0.3607,3.9307,2.8012,12.5129,-2.6613,0.0416,-1.1400,0,1,1,1.30449,1
0.4535,4.4899,2.5081,11.3504,1.0741,0.0029,-0.3277,0,0,0,0.00000,3
0.4758,4.9124,2.5087,11.2662,1.5123,0.0250,-0.3017,0,0,0,0.00000,3
0.3758,3.9722,2.7347,13.1834,-2.7687,0.0083,-1.6944,1,1,1,1.81277,1
0.4659,4.7216,2.5088,11.2606,-1.2571,0.0538,-0.3198,0,0,0,0.00000,1
0.4885,4.5060,2.3660,11.5437,-0.7903,0.0139,-0.5608,0,0,0,0.00000,3
0.5135,4.8350,2.3370,11.3886,-1.3051,0.0265,-0.4602,0,0,0,0.00000,3
0.3875,4.0595,2.7015,11.6822,2.6185,0.1495,-0.6893,0,0,0,0.00000,1
0.4172,4.1182,2.5757,12.0203,1.1136,0.0333,-0.8821,0,1,0,0.61566,1
0.4203,4.5388,2.6720,12.4842,-2.5159,0.0328,-1.3006,0,1,0,1.32568,1
0.3424,3.7573,2.8452,13.3085,-2.5844,0.0261,-1.6673,0,1,1,2.12822,1
0.5493,5.6622,2.3507,12.1173,1.9024,0.0055,-1.2795,0,0,2,0.62221,3
0.4002,4.1016,2.6508,11.8062,-3.1380,0.0423,-0.6794,0,0,1,0.32123,3
0.4262,4.3306,2.5903,12.3070,-2.9155,0.0308,-1.1554,0,1,0,0.80781,1
0.4522,4.2482,2.4550,11.3822,-0.2329,0.0019,-0.3518,0,0,0,0.00000,3
0.4100,4.4867,2.7088,12.0934,-2.7238,0.0662,-0.9724,0,0,1,0.67281,3
0.4218,4.3033,2.6037,11.8432,2.4974,0.0273,-0.7333,0,0,1,0.42572,3
0.5817,5.3135,2.1681,11.4471,0.1738,0.0070,-0.5899,0,0,0,0.00000,1
0.4148,4.0998,2.5816,11.6032,-2.8548,0.0466,-0.5432,0,0,1,0.18473,1
0.5246,4.8968,2.3061,12.0396,-0.4353,0.0374,-1.1686,0,1,0,0.77994,1
0.3820,4.0588,2.7291,12.3928,2.7333,0.0718,-1.1548,0,1,1,1.12427,1
0.4450,4.5354,2.5568,12.0446,-2.7132,0.0258,-0.9609,0,1,0,0.73552,3
0.4801,5.2505,2.5624,11.3894,-2.3679,0.0194,-0.4141,0,0,0,0.00000,3
0.4403,4.8440,2.6531,13.0947,-3.1047,0.0333,-1.9626,0,1,1,1.58165,1
0.4220,4.2701,2.5939,11.8874,-1.3362,0.0108,-0.7500,0,1,0,0.52330,1
0.4300,4.3992,2.5908,11.4089,1.6338,0.0010,-0.3492,0,0,0,0.00000,1
0.4048,4.4008,2.7113,11.4378,2.8973,0.1067,-0.4661,0,0,0,0.00000,3
0.4454,4.6287,2.5776,11.3602,1.7011,0.0225,-0.3506,0,0,0,0.00000,3
0.5096,5.0631,2.3987,11.3677,0.7423,0.0011,-0.4057,0,0,0,0.00000,3
0.5812,5.6432,2.2240,11.3563,1.6610,0.0556,-0.5484,0,0,0,0.00000,1
0.3401,3.6893,2.8354,13.3274,-3.0064,0.0115,-1.6434,1,1,1,1.35728,1
0.4670,4.3596,2.4198,11.7802,2.6405,0.0059,-0.7367,0,0,1,0.59174,1
0.4853,4.8836,2.4617,11.4189,0.4888,0.0314,-0.4609,0,0,0,0.00000,1
0.4100,4.1328,2.6129,11.2931,-2.9856,0.0864,-0.3320,0,0,0,0.00000,1
0.3732,3.9767,2.7495,12.6744,-2.7049,0.0399,-1.3105,0,0,2,1.28025,1
0.4928,5.2731,2.5117,11.3140,-2.6271,0.1151,-0.4683,0,0,0,0.00000,1
0.4404,4.4417,2.5545,11.5074,1.9650,0.0394,-0.4909,0,1,0,0.24057,3
0.5405,5.4753,2.3528,11.4084,-1.6394,0.0401,-0.5334,0,0,0,0.00000,3
0.3428,3.7802,2.8508,13.0766,-2.9828,0.0699,-1.5611,0,1,0,1.75233,0
0.3711,3.8631,2.7253,12.0068,3.1414,0.1285,-0.8902,0,1,0,0.58523,1
0.4873,5.2228,2.5251,11.7261,2.4034,0.1276,-0.8807,0,0,0,0.00000,1
0.5100,5.0499,2.3942,12.8727,2.5807,0.0103,-1.9959,0,1,2,2.94290,1
0.3793,4.0173,2.7300,12.1432,2.8348,0.0518,-0.9165,0,1,0,0.87154,3
0.3712,3.8648,2.7251,12.2782,-2.7025,0.1103,-1.0841,0,1,0,0.95887,1
0.3427,3.7198,2.8310,11.9933,2.7341,0.1220,-0.8065,0,1,0,0.60354,3
0.4011,4.1315,2.6548,11.4247,-2.1743,0.1014,-0.4451,0,0,0,0.00000,3
0.4498,4.8017,2.5990,12.9918,-3.1222,0.0150,-1.8702,0,1,0,1.72195,1
0.4881,5.0938,2.4946,11.5424,-3.1018,0.0203,-0.5695,0,0,0,0.00000,3
0.4627,4.7751,2.5348,11.3733,2.6011,0.0319,-0.3924,0,0,0,0.00000,3
0.4932,5.0657,2.4671,11.3946,0.9871,0.0656,-0.4884,0,0,0,0.00000,1
0.4298,4.3584,2.5813,12.7782,2.4875,0.0258,-1.5950,1,1,1,2.79548,1
0.4833,5.0542,2.5068,11.3649,2.6831,0.0391,-0.4173,0,0,0,0.00000,3
0.3816,3.9768,2.7066,12.2188,-2.6832,0.0997,-1.0495,0,1,0,0.77941,1
0.5348,5.2960,2.3423,12.2226,2.1319,0.0240,-1.3808,0,1,0,0.68010,1
0.4326,4.2210,2.5331,11.3805,0.3986,0.0121,-0.3408,0,0,0,0.00000,1
0.4909,4.9314,2.4485,11.5429,-1.2906,0.0299,-0.5851,0,0,0,0.00000,3
0.4579,4.8011,2.5622,11.5212,2.5499,0.0540,-0.5457,0,0,0,0.00000,3
0.4719,4.4182,2.4135,11.4744,0.8529,0.0152,-0.4743,0,0,0,0.00000,3
0.4348,4.3448,2.5550,11.7417,-2.6712,0.0542,-0.7043,0,1,0,0.33246,1
0.3714,3.8663,2.7249,13.0825,2.4113,0.0110,-1.5934,0,1,0,0.22364,1
0.4087,4.1452,2.6228,11.7239,2.2077,0.0756,-0.6690,0,1,0,0.41269,3
0.4855,4.7161,2.4246,11.3673,0.8704,0.0379,-0.4196,0,0,0,0.00000,1
0.4955,4.9754,2.4383,11.3566,2.4012,0.0417,-0.4263,0,0,0,0.00000,1
0.3899,4.2477,2.7437,11.5003,3.1074,0.0079,-0.3816,0,0,0,0.00000,1
0.3497,3.8054,2.8208,11.5888,-2.9654,0.1485,-0.5578,0,0,0,0.00000,3
0.4173,4.2433,2.6085,11.3745,2.1423,0.0378,-0.3494,0,0,0,0.00000,3
0.6044,5.6360,2.1374,11.4243,0.0765,0.0070,-0.5979,0,0,0,0.00000,1
0.4095,4.3793,2.6826,11.4304,-1.9800,0.0435,-0.3924,0,0,0,0.00000,1
0.4425,4.5245,2.5655,11.4434,-2.5925,0.0645,-0.4681,0,0,0,0.00000,1
0.4388,4.3905,2.5484,12.0970,-2.8468,0.0057,-0.9653,0,1,0,0.62110,1
0.5953,5.9435,2.2183,11.2523,1.9532,0.0063,-0.3902,0,0,0,0.00000,1
0.5179,4.7696,2.3065,11.4093,-1.1314,0.0161,-0.4734,0,0,0,0.00000,3
0.4570,4.2712,2.4405,11.3892,0.8032,0.0130,-0.3764,0,0,0,0.00000,3
0.5285,4.8801,2.2879,11.4278,-0.7729,0.0533,-0.5513,0,0,0,0.00000,3
0.4149,4.1912,2.6059,11.4429,2.0487,0.0365,-0.4004,0,0,0,0.00000,3
0.4771,4.7440,2.4659,11.4196,-0.8315,0.0108,-0.4265,0,0,0,0.00000,3
0.4520,4.8060,2.5896,11.3679,-2.1132,0.0176,-0.3593,0,0,0,0.00000,3
0.4673,4.6396,2.4840,11.4183,-2.8634,0.0183,-0.4220,0,0,0,0.00000,1
0.3593,3.8762,2.7915,13.1178,-2.9456,0.0556,-1.6463,0,1,0,1.82041,1
0.4725,4.9679,2.5349,12.9497,2.3561,0.0150,-1.9276,0,1,0,1.62420,1
0.3627,3.9550,2.7980,12.6678,-3.0638,0.0324,-1.2555,0,0,2,1.22318,1
0.4476,4.3140,2.4909,12.3628,-0.8749,0.0138,-1.2452,0,0,3,1.32280,1
0.4220,4.1746,2.5688,11.4593,2.0633,0.0131,-0.3948,0,0,0,0.00000,3
0.4513,4.5247,2.5261,12.8434,2.5286,0.0339,-1.7594,0,0,4,1.04398,1
0.3532,3.8689,2.8224,13.1170,-3.0929,0.0446,-1.5976,0,1,0,2.09366,1
0.4027,4.3620,2.7113,11.9421,2.5902,0.0349,-0.7867,0,1,0,0.52138,3
0.6459,6.1800,2.0659,11.5729,-1.0114,0.0149,-0.8567,0,0,0,0.00000,1
0.4593,4.6616,2.5234,11.4410,-1.8164,0.0705,-0.4944,0,0,0,0.00000,3
0.4911,4.4670,2.3472,11.3329,0.5436,0.1121,-0.4805,0,0,0,0.00000,1
0.5216,4.7710,2.2926,11.3943,-0.6566,0.1205,-0.5891,0,0,0,0.00000,1
0.5466,5.2628,2.2903,11.6349,-0.5271,0.0752,-0.8281,0,0,1,0.21754,1
0.5184,4.7592,2.3026,11.3874,2.4598,0.0015,-0.4346,0,0,0,0.00000,1
0.4394,4.5804,2.5929,11.3083,-2.6870,0.0506,-0.3323,0,0,0,0.00000,3
0.4813,4.7205,2.4429,11.9386,0.8034,0.0487,-0.9763,0,0,1,0.38721,1
0.3459,3.7116,2.8107,11.8051,-2.7422,0.1845,-0.7534,0,0,1,0.26250,1
0.4005,4.3434,2.7169,11.3460,-1.8140,0.0412,-0.3134,0,0,0,0.00000,1
0.4835,4.7492,2.4400,11.9130,0.7571,0.0450,-0.9511,0,1,0,0.38657,1
0.4031,4.2921,2.6901,11.4215,2.7985,0.1424,-0.4924,0,0,0,0.00000,1
0.4491,4.4029,2.5064,11.2870,-2.1509,0.0683,-0.3434,0,0,0,0.00000,1
0.4504,4.7995,2.5955,11.9920,2.7148,0.0001,-0.8927,0,1,0,0.69124,1
0.4938,5.3552,2.5237,11.3155,-1.1660,0.0293,-0.3719,0,0,0,0.00000,1
0.4146,4.1499,2.5960,11.7399,1.9300,0.0191,-0.6222,0,1,0,0.25409,3
0.3863,3.9269,2.6680,12.9945,-2.7148,0.0575,-1.6670,0,1,1,1.00705,1
0.3476,3.7517,2.8148,12.3710,2.5163,0.0878,-1.0554,0,1,1,1.18453,3
0.5169,5.5997,2.4726,11.4978,-1.7385,0.0286,-0.5798,0,0,0,0.00000,3
0.4569,4.3012,2.4481,11.3632,2.8934,0.0008,-0.3393,0,0,0,0.00000,3
0.3867,3.9981,2.6871,12.0554,-1.8123,0.0186,-0.8203,0,1,0,0.50939,1
0.4310,4.5754,2.6309,13.1446,-2.1147,0.0071,-1.9199,1,1,1,1.60007,1
0.3952,4.0794,2.6689,12.0090,2.6575,0.1009,-0.9115,0,0,1,0.76521,1
0.4152,4.2044,2.6082,11.3165,-2.5213,0.0675,-0.3343,0,0,0,0.00000,3
0.4198,4.3899,2.6357,11.3184,-2.2411,0.0106,-0.2757,0,0,0,0.00000,1
0.4073,4.3280,2.6791,12.4882,2.9311,0.0422,-1.2746,0,1,1,0.94733,1
0.4935,5.2504,2.5039,12.0561,-2.2182,0.0231,-1.0910,0,0,1,0.48476,3
0.3935,4.2625,2.7294,11.8027,2.6279,0.0693,-0.6979,0,1,0,0.43330,3
0.5245,5.4556,2.4137,11.5123,-0.6002,0.0347,-0.6125,0,0,0,0.00000,1
0.5014,4.7883,2.3751,11.5359,-1.4675,0.0215,-0.5831,0,0,0,0.00000,3
0.4117,4.0512,2.5824,12.7873,2.0637,0.0384,-1.5531,0,1,0,0.44622,1
0.5193,5.3481,2.4147,12.1899,-2.2502,0.0044,-1.2734,0,0,1,0.68328,3
0.4527,4.6520,2.5504,11.3022,-2.5748,0.0608,-0.3520,0,0,0,0.00000,1
0.4151,4.1637,2.5976,12.4754,-2.3977,0.0607,-1.3167,0,1,0,1.15649,1
0.3884,4.2677,2.7570,11.5311,2.8998,0.0400,-0.4408,0,0,0,0.00000,3
0.4707,5.1209,2.5766,12.0572,2.9442,0.0427,-1.0611,0,1,1,0.59077,3
0.4801,4.6904,2.4414,11.3733,2.1430,0.0283,-0.4077,0,0,0,0.00000,1
0.4970,5.4398,2.5272,13.0787,-2.1918,0.0373,-2.2205,0,0,2,1.25095,1
0.5065,4.7458,2.3462,11.3553,0.9448,0.0468,-0.4430,0,0,0,0.00000,3
0.5102,4.8290,2.3485,11.2961,-1.7760,0.0095,-0.3456,0,0,0,0.00000,1
0.5399,5.4527,2.3509,11.5079,0.7685,0.0087,-0.5990,0,0,0,0.00000,3
0.5267,5.2745,2.3707,11.6233,-2.8920,0.0097,-0.6988,0,1,0,0.20522,1
0.3659,4.0350,2.8060,13.3922,2.1404,0.0188,-1.8426,1,1,1,2.29532,0
0.5765,5.4392,2.2081,11.5065,-0.5734,0.0877,-0.7506,0,0,0,0.00000,3
0.3906,3.9773,2.6617,11.2906,2.8946,0.0564,-0.2786,0,0,0,0.00000,3
0.5427,5.5886,2.3641,11.4318,-2.5126,0.0163,-0.5329,0,0,0,0.00000,1
0.4169,4.1414,2.5830,11.8172,-2.0273,0.0094,-0.6784,0,1,0,0.35553,3
0.3684,3.9248,2.7585,13.1811,-2.6270,0.0390,-1.7131,0,1,1,1.18436,1
0.4063,4.1441,2.6336,12.0410,-2.2903,0.0048,-0.8364,0,1,0,0.67593,3
0.4017,4.0015,2.6156,11.4471,1.6182,0.0417,-0.3938,0,0,0,0.00000,1
0.5652,5.3437,2.2340,11.3520,-1.3148,0.0259,-0.4866,0,0,0,0.00000,1
0.4771,5.0175,2.5260,11.6018,-2.1150,0.0568,-0.6533,0,0,0,0.00000,3
0.4736,5.0109,2.5396,11.4457,-2.6516,0.0985,-0.5510,0,0,0,0.00000,1
0.5872,5.9925,2.2567,11.9573,-2.1044,0.0096,-1.1987,0,0,1,0.15636,1
0.5166,5.0070,2.3591,11.3123,-1.7626,0.0368,-0.4009,0,0,0,0.00000,1
0.5152,5.3433,2.4307,12.8334,-1.7974,0.0237,-1.9993,0,0,3,1.36514,1
0.4424,4.4666,2.5513,11.4571,1.2133,0.0877,-0.5073,0,0,0,0.00000,1
0.4384,4.3732,2.5459,12.4313,2.0301,0.0269,-1.3011,0,1,0,1.02660,1
0.4299,4.2955,2.5644,11.8071,2.0843,0.0111,-0.6973,0,1,0,0.44468,3
0.4139,4.1325,2.5945,12.2283,-2.4566,0.0670,-1.1017,0,0,1,0.56948,1
0.3743,4.0059,2.7524,11.6506,2.0420,0.0563,-0.5304,0,1,0,0.20205,1
0.4799,4.3898,2.3746,11.3400,3.1157,0.0009,-0.3433,0,0,0,0.00000,1
0.4441,4.3101,2.5052,11.5151,2.4533,0.0525,-0.5181,0,0,0,0.00000,1
0.4819,4.6042,2.4147,11.4881,-2.3706,0.0121,-0.4973,0,0,0,0.00000,1
0.4146,4.4262,2.6701,12.0139,1.7396,0.0182,-0.8519,0,0,1,0.63425,1
0.4133,4.2525,2.6298,11.9933,-1.5463,0.0132,-0.8242,0,0,1,0.50744,1
0.4626,4.5229,2.4768,11.2203,-2.4391,0.0493,-0.2755,0,0,0,0.00000,1
0.4374,4.5514,2.5952,11.5055,-2.9861,0.0332,-0.4781,0,0,0,0.00000,3
0.3537,3.8841,2.8245,12.7554,2.4886,0.0510,-1.3199,0,1,0,1.61634,1
0.4365,4.7193,2.6404,11.4605,2.7580,0.0302,-0.4355,0,0,0,0.00000,3
0.5365,5.4370,2.3618,11.5877,-1.9922,0.0662,-0.7491,0,0,0,0.00000,1
0.3911,4.1887,2.7205,12.9728,-1.8064,0.0125,-1.5903,0,1,0,1.69482,1
0.4792,4.4299,2.3864,11.9939,-0.5405,0.0393,-1.0119,0,1,0,0.34363,1
0.5076,4.7304,2.3385,11.5604,1.4113,0.0216,-0.6163,0,1,0,0.22795,3
0.4418,4.4901,2.5600,11.3945,-0.9424,0.0238,-0.3772,0,0,0,0.00000,1
0.5030,5.1852,2.4503,11.3171,0.7002,0.0172,-0.3686,0,0,0,0.00000,1
0.4212,4.3102,2.6083,12.2220,2.8932,0.0374,-1.0747,0,1,1,0.42750,1
0.6114,5.6721,2.1179,11.5103,0.1929,0.0325,-0.7414,0,0,0,0.00000,3
0.4272,4.2822,2.5734,12.1100,-2.6661,0.0629,-1.0260,0,1,0,0.58063,1
0.4825,4.9690,2.4921,11.5281,1.6677,0.0218,-0.5491,0,0,0,0.00000,3
0.4761,4.9687,2.5196,12.2552,2.5806,0.0261,-1.2471,0,0,1,0.91533,3
0.4402,4.3853,2.5413,11.8776,0.7912,0.0073,-0.7745,0,1,0,0.44403,1
0.4924,4.8949,2.4345,12.0129,2.4753,0.0067,-1.0200,0,1,0,0.30681,3
0.3445,3.7645,2.8362,13.1552,2.9283,0.0249,-1.5535,0,1,1,1.85482,1
0.5152,5.1095,2.3850,12.2436,1.0377,0.0400,-1.3691,0,0,1,0.76104,1
0.3827,4.1544,2.7536,11.5816,-2.7318,0.1117,-0.5565,0,0,0,0.00000,3
0.4697,4.3441,2.4050,11.4574,-0.8063,0.1218,-0.5843,0,0,0,0.00000,1
0.5484,5.7341,2.3668,11.5003,-0.5992,0.0254,-0.6254,0,0,0,0.00000,1
0.4709,4.9460,2.5371,12.0069,0.6741,0.0024,-0.9582,0,1,0,0.57107,1
0.5154,5.1397,2.3904,12.0292,0.9950,0.0384,-1.1376,0,0,1,0.41370,3
0.3845,3.9455,2.6826,11.8296,-2.6964,0.0057,-0.6218,0,1,0,0.62635,1
0.5222,4.9219,2.3201,11.4300,-0.5880,0.0303,-0.5176,0,0,0,0.00000,3
0.4026,4.3568,2.7101,11.4350,2.3384,0.0434,-0.3880,0,0,0,0.00000,3
0.3820,4.1232,2.7478,11.3493,2.2524,0.0179,-0.2710,0,0,0,0.00000,1
0.4085,4.2353,2.6484,12.1647,2.4764,0.0732,-1.0396,0,0,1,0.59096,1
0.6600,6.2984,2.0310,12.2823,0.4599,0.0158,-1.8284,0,0,1,0.64106,1
0.4552,4.9737,2.6139,11.3636,2.6596,0.0414,-0.3869,0,0,0,0.00000,3
0.5191,5.3994,2.4255,11.5960,2.4859,0.0180,-0.6692,0,0,0,0.00000,3
0.4048,4.2870,2.6805,12.8870,-2.5698,0.0237,-1.5911,0,1,1,1.64915,1
0.4665,5.0382,2.5772,11.3405,-1.8341,0.0123,-0.3453,0,0,0,0.00000,1
0.4320,4.4135,2.5854,12.5696,1.9917,0.0078,-1.3793,0,0,2,0.99594,1
0.4510,4.4790,2.5163,11.3794,-1.7918,0.0166,-0.3661,0,0,0,0.00000,3
0.3940,4.1450,2.6938,13.1836,-1.6411,0.0111,-1.7865,1,1,1,0.85323,1
0.3885,4.2497,2.7514,11.3719,-2.3642,0.0276,-0.3055,0,0,0,0.00000,1
0.5182,5.1450,2.3799,12.7650,1.7802,0.0229,-1.9308,0,0,1,1.40953,1
0.5606,5.4380,2.2677,12.3845,0.6453,0.0311,-1.6575,0,0,1,1.09001,1
0.4123,4.1039,2.5943,12.8932,-1.9737,0.0036,-1.5924,1,2,0,0.95744,1
0.4081,4.4375,2.7047,12.4382,2.6913,0.0642,-1.2654,0,0,1,1.11284,3
0.4031,4.3740,2.7126,12.0040,-2.9423,0.1275,-0.9597,0,1,0,0.69886,1
0.3646,3.9254,2.7787,12.7799,-3.0087,0.0994,-1.4588,0,1,1,1.21067,1
0.4985,4.7924,2.3878,11.3567,-0.1887,0.0300,-0.4154,0,0,0,0.00000,1
0.4188,4.5595,2.6847,12.1256,2.3600,0.0294,-0.9734,0,0,1,0.51544,3
0.5888,5.3968,2.1561,11.5956,1.0915,0.0618,-0.8405,0,0,0,0.00000,1
0.4272,4.1910,2.5495,11.8424,2.6419,0.0560,-0.7799,0,0,1,0.27522,1
0.4511,4.5019,2.5217,11.3459,-1.4259,0.0270,-0.3492,0,0,0,0.00000,3
0.5768,5.6351,2.2394,11.6218,0.6849,0.1025,-0.9032,0,0,0,0.00000,1
0.3900,3.9966,2.6703,12.1451,-2.7472,0.0797,-0.9837,0,1,0,0.95031,1
0.4249,4.2884,2.5854,11.4853,-2.4492,0.0980,-0.5208,0,0,0,0.00000,1
0.5640,5.3379,2.2375,11.4947,0.5316,0.0180,-0.6311,0,0,0,0.00000,3
0.4432,4.5397,2.5659,12.4284,-3.0183,0.0259,-1.3129,0,1,0,1.14812,1
0.4544,4.9401,2.6099,11.4237,2.2609,0.0001,-0.3909,0,0,0,0.00000,1
0.4564,4.7473,2.5562,11.3653,-1.8883,0.0162,-0.3601,0,0,0,0.00000,3
0.4652,4.4437,2.4472,11.4369,2.2041,0.0418,-0.4635,0,0,0,0.00000,1
0.4931,4.7595,2.4028,11.3866,-2.6951,0.0207,-0.4266,0,0,0,0.00000,1
0.4529,4.8221,2.5893,11.9450,-2.9828,0.0020,-0.8580,0,1,1,0.63189,1
0.3568,3.7765,2.7726,12.7442,2.7586,0.0759,-1.3628,0,1,1,1.53237,1
0.5269,5.1333,2.3429,11.4996,2.3591,0.0110,-0.5726,0,0,0,0.00000,1
0.4272,4.5291,2.6368,11.7557,2.4334,0.1177,-0.7823,0,1,0,0.16376,1
0.5766,5.5775,2.2308,11.7201,-0.0344,0.0717,-0.9768,0,0,0,0.00000,1
0.3912,4.2331,2.7330,12.5414,2.4261,0.0329,-1.2524,0,1,1,1.30616,1
0.3670,3.9360,2.7693,12.8770,-2.3725,0.0123,-1.4081,0,1,3,1.46625,1
0.3953,4.0870,2.6708,11.6790,-1.6382,0.0537,-0.5826,0,0,1,0.30847,1
0.4161,4.1630,2.5927,11.8029,2.5388,0.0081,-0.6633,0,1,0,0.51692,3
0.4959,4.8434,2.4091,11.9953,-0.9778,0.0306,-1.0429,0,0,1,0.42169,1
0.4266,4.6022,2.6583,11.4222,-2.2552,0.0548,-0.4194,0,0,0,0.00000,3
0.5337,5.0291,2.2966,11.6515,1.5830,0.0348,-0.7706,0,0,0,0.00000,1
0.3882,3.9687,2.6713,12.0412,-2.7313,0.0706,-0.8813,0,1,0,0.70845,1
0.4868,4.7725,2.4316,12.0848,-1.4115,0.0037,-1.0730,0,0,1,0.68403,1
0.4545,4.6730,2.5474,11.4352,2.6426,0.0386,-0.4455,0,0,0,0.00000,3
0.4680,4.7410,2.5042,11.6912,1.8154,0.0199,-0.6756,0,1,0,0.21427,3
0.4941,4.5075,2.3444,11.4320,-1.2171,0.0145,-0.4625,0,0,0,0.00000,3
0.5101,5.1878,2.4215,11.5178,1.2778,0.0496,-0.6139,0,0,0,0.00000,3
0.4307,4.1907,2.5337,11.3305,2.9351,0.0105,-0.2954,0,0,0,0.00000,3
0.3946,4.3337,2.7440,13.1531,-2.5585,0.0048,-1.7518,1,1,0,1.02548,1
0.3763,4.0346,2.7508,13.1033,-2.4369,0.0176,-1.6456,0,1,1,1.89074,1
0.5113,5.4461,2.4670,12.5996,-2.9120,0.0125,-1.7055,0,0,0,0.00000,1
0.6381,6.1928,2.0957,12.2909,0.1610,0.0362,-1.8021,0,0,1,1.00883,1
0.4711,4.6397,2.4677,11.6367,-2.2647,0.0489,-0.6658,0,0,3,0.71142,1
0.4686,4.4656,2.4380,12.7217,1.8303,0.0052,-1.6551,0,0,2,1.02511,1
0.3438,3.7344,2.8300,12.3702,2.8345,0.0920,-1.0493,0,0,1,0.72560,3
0.4162,4.3560,2.6441,12.6923,2.8716,0.0109,-1.4397,1,1,0,1.33542,1
0.4079,4.0424,2.5979,12.4589,1.0995,0.0010,-1.1880,0,0,3,1.44826,1
0.5067,5.1566,2.4291,12.6688,2.1197,0.0078,-1.7540,0,1,0,1.06112,1
0.4386,4.8050,2.6514,12.4463,-3.0972,0.1011,-1.4263,0,1,0,0.92123,1
0.3814,4.0964,2.7428,11.8824,2.9828,0.1696,-0.8648,0,0,1,0.40573,1
0.3828,4.0367,2.7183,12.9142,2.5082,0.1127,-1.6729,0,1,0,1.74496,1
0.3707,3.9117,2.7425,12.0626,2.7989,0.1552,-0.9688,0,1,0,0.80258,1
0.5332,5.4874,2.3841,11.5005,-0.6906,0.0599,-0.6439,0,0,0,0.00000,1
0.3887,4.0387,2.6892,11.4508,2.3550,0.0413,-0.3809,0,0,0,0.00000,3
0.4721,4.6092,2.4563,11.8684,-1.2284,0.0625,-0.9057,0,1,0,0.14726,3
0.4142,4.2753,2.6319,11.2876,1.3659,0.0160,-0.2517,0,0,0,0.00000,1
0.3909,4.2728,2.7458,11.6461,2.6057,0.1828,-0.7054,0,1,0,0.34370,1
0.4523,4.5848,2.5362,12.6985,2.7128,0.0024,-1.5675,0,1,0,1.16259,1
0.5119,4.6828,2.3122,11.9877,-1.3494,0.0450,-1.0918,0,0,0,0.00000,1
0.4279,4.3814,2.5956,11.3959,-1.1319,0.0007,-0.3358,0,0,0,0.00000,1
0.6516,6.0381,2.0272,11.4767,0.7592,0.0309,-0.7638,0,0,0,0.00000,1
0.4920,4.6565,2.3849,11.2862,-1.8967,0.0025,-0.3091,0,0,0,0.00000,3
0.4461,4.3394,2.5037,11.3548,-2.8300,0.0053,-0.3259,0,0,0,0.00000,3
0.4550,4.8922,2.5963,11.4090,2.0591,0.0083,-0.3881,0,0,0,0.00000,1
0.4741,4.5546,2.4356,11.2854,1.4377,0.0110,-0.3003,0,0,0,0.00000,3
0.5137,4.6989,2.3084,11.4626,-0.7672,0.0348,-0.5435,0,0,0,0.00000,3
0.5323,5.3594,2.3643,12.3380,1.0423,0.0462,-1.5358,0,1,0,0.62464,1
0.4108,4.0547,2.5876,11.7108,1.6252,0.0222,-0.5952,0,1,0,0.35878,3
0.3699,3.9391,2.7553,11.6519,2.0433,0.0387,-0.5031,0,0,1,0.26981,1
0.3812,4.1698,2.7657,11.4987,2.5348,0.1377,-0.5207,0,0,0,0.00000,3
0.4018,4.0131,2.6184,12.2673,-2.7224,0.0014,-1.0077,0,0,1,1.03157,1
0.4251,4.2715,2.5801,12.6243,-2.6316,0.0168,-1.4191,0,1,1,1.05914,1
0.4737,4.7283,2.4766,12.3950,2.1437,0.0284,-1.3820,0,1,1,0.83865,1
0.4098,4.2892,2.6566,12.4704,-2.5304,0.0903,-1.3385,0,0,1,0.74588,1
0.5037,4.9480,2.3993,11.8660,2.1593,0.0074,-0.8987,0,0,2,0.42540,3
0.5433,5.7566,2.3914,11.6064,1.4085,0.0200,-0.7245,0,0,0,0.00000,3
0.4085,4.2234,2.6450,11.7981,2.1586,0.0559,-0.7057,0,0,1,0.27753,3
0.3660,3.9272,2.7717,11.3829,2.5467,0.0902,-0.3615,0,0,0,0.00000,3
0.4489,4.5049,2.5318,11.4627,1.5749,0.0121,-0.4310,0,0,0,0.00000,3
0.4583,4.3090,2.4441,11.4141,-1.0316,0.0216,-0.4102,0,0,0,0.00000,3
0.4170,4.1667,2.5894,11.5332,1.8682,0.0241,-0.4620,0,0,1,0.20184,3
0.4286,4.2896,2.5689,11.2967,2.7365,0.0849,-0.3508,0,0,0,0.00000,1
0.5379,4.8612,2.2487,11.3456,-0.0738,0.0266,-0.4459,0,0,0,0.00000,3
0.5248,5.2361,2.3709,11.3876,-1.9597,0.0376,-0.4880,0,0,0,0.00000,1
0.5366,5.2376,2.3244,11.4718,2.6688,0.0040,-0.5496,0,0,0,0.00000,1
0.5292,5.5358,2.4096,12.5507,-3.0524,0.0141,-1.7184,0,0,4,2.08449,1
0.4411,4.6287,2.5973,11.3990,-1.7273,0.0348,-0.3935,0,0,0,0.00000,1
0.4327,4.3071,2.5550,11.3661,2.2949,0.0097,-0.3264,0,0,0,0.00000,3
0.4549,4.3152,2.4601,11.4651,0.7081,0.0446,-0.4787,0,0,0,0.00000,1
0.4747,4.7688,2.4817,11.8519,-0.9094,0.0263,-0.8483,0,0,1,0.52861,1
0.4871,5.3779,2.5577,13.0993,-2.3570,0.0304,-2.1847,1,2,2,1.98799,0
0.4446,4.4869,2.5465,12.3964,2.4426,0.0280,-1.2901,0,0,1,0.97871,1
0.4503,4.2594,2.4656,12.6680,0.9055,0.0194,-1.5558,0,1,0,0.25717,1
0.3541,3.7940,2.7931,12.2930,-2.0875,0.0397,-0.9482,0,0,1,0.98586,1
0.3960,4.0725,2.6631,11.7546,-2.6042,0.0416,-0.6291,0,1,0,0.46010,3
0.5145,5.2265,2.4110,11.3088,-0.6736,0.0401,-0.3997,0,0,0,0.00000,1
0.5220,5.1902,2.3736,11.3281,-0.3894,0.0036,-0.3842,0,0,0,0.00000,3
0.4112,4.4416,2.6910,11.7085,-2.2413,0.0330,-0.6083,0,1,0,0.26612,1
0.3748,3.8748,2.7099,12.0068,2.5012,0.0605,-0.8096,0,0,1,0.22715,3
0.4693,4.9172,2.5380,11.5685,1.5129,0.0397,-0.5889,0,0,0,0.00000,1
0.5557,5.3465,2.2706,11.5938,-0.6557,0.1081,-0.8404,0,0,0,0.00000,1
0.4527,4.4096,2.4923,11.4550,-0.4339,0.0274,-0.4468,0,0,0,0.00000,1
0.4469,4.6846,2.5840,12.7494,1.1477,0.0142,-1.6167,0,1,1,1.64535,1
0.5009,5.0290,2.4271,11.3969,-1.9654,0.0462,-0.4772,0,0,0,0.00000,3
0.3664,3.8575,2.7478,12.0873,3.0261,0.0440,-0.8303,0,0,1,0.67355,3
0.4184,4.2667,2.6099,12.6271,0.1156,0.0003,-1.3715,0,1,0,0.91543,1
0.5271,5.4374,2.3996,12.3611,-2.6528,0.0027,-1.4812,1,1,2,1.16427,1
0.4462,4.5243,2.5486,12.8454,3.0118,0.0264,-1.7276,0,1,0,1.70402,1
0.3419,3.7694,2.8525,12.4748,2.5582,0.0359,-1.0416,0,1,0,0.84618,0
0.5317,5.4095,2.3760,11.2774,1.1532,0.0496,-0.3980,0,0,0,0.00000,3
0.4667,5.0403,2.5767,11.3870,-3.0393,0.0876,-0.4750,0,0,0,0.00000,1
0.4362,4.7832,2.6575,12.2874,-2.6997,0.1085,-1.2775,0,0,1,0.82315,1
0.4771,4.9709,2.5158,11.8898,2.5474,0.0150,-0.8761,0,0,1,0.26739,3
0.4077,4.4001,2.6967,11.4029,2.2028,0.0453,-0.3705,0,0,0,0.00000,3
0.3843,4.1786,2.7525,13.1157,-2.7859,0.0626,-1.7724,0,1,0,1.86394,1
0.4154,4.5665,2.7030,11.8987,2.6179,0.0429,-0.7882,0,0,1,0.29016,3
0.3774,4.1386,2.7765,11.7673,2.7062,0.0597,-0.6283,0,1,0,0.45760,3
0.5285,5.6096,2.4259,11.8449,0.6280,0.0112,-0.9388,0,1,0,0.25634,1
0.4642,4.8877,2.5540,11.6752,2.2719,0.1277,-0.7885,0,0,0,0.00000,1
0.4298,4.4012,2.5920,11.5046,1.6938,0.0446,-0.4804,0,0,0,0.00000,3
0.4526,4.9502,2.6206,12.1371,2.9948,0.0758,-1.1357,0,0,2,0.46770,1
0.4576,4.8267,2.5693,11.5124,1.6388,0.0327,-0.5120,0,0,0,0.00000,1
0.3955,4.0461,2.6581,12.3636,-2.1553,0.0517,-1.1430,0,1,0,1.00314,1
0.5117,4.6935,2.3150,11.5500,-0.0092,0.0100,-0.5974,0,0,0,0.00000,3
0.4023,4.0527,2.6269,11.5513,-2.2205,0.0195,-0.4506,0,0,1,0.24226,3
0.4539,4.5167,2.5130,11.2665,-1.4203,0.0682,-0.3299,0,0,0,0.00000,3
0.5009,5.3045,2.4833,11.4720,2.4416,0.0320,-0.5345,0,0,0,0.00000,3
0.4966,5.1203,2.4641,11.5400,2.7920,0.0432,-0.6078,0,0,0,0.00000,1
0.4862,5.2422,2.5337,13.0665,-1.2372,0.0039,-2.0960,0,1,1,1.65492,1
0.4925,4.5747,2.3654,11.6842,-0.6785,0.0681,-0.7722,0,0,1,0.25233,1
0.4812,4.6416,2.4258,11.3964,1.3297,0.0504,-0.4566,0,0,0,0.00000,3
0.3907,4.0310,2.6769,12.8621,2.8482,0.0567,-1.5662,1,1,0,1.63808,1
0.4424,4.5206,2.5646,11.4063,2.4975,0.0959,-0.4725,0,0,0,0.00000,1
0.4026,4.2969,2.6938,11.3789,2.4252,0.0081,-0.3033,0,0,0,0.00000,1
0.4134,4.4243,2.6756,11.7175,-1.7795,0.0426,-0.6314,0,0,1,0.32606,1
0.4419,4.6743,2.6044,11.3178,-2.2039,0.0074,-0.2936,0,0,0,0.00000,1
0.3310,3.6490,2.8730,13.4244,-3.1163,0.0309,-1.7094,0,1,1,1.96944,0
0.4635,4.7923,2.5351,11.8942,-2.2159,0.0203,-0.8575,0,1,0,0.38138,3
0.4880,4.7911,2.4305,11.5669,0.4938,0.0444,-0.6211,0,0,0,0.00000,1
0.4370,4.7980,2.6573,12.4522,2.5269,0.0049,-1.2859,0,0,2,1.01619,1
0.4785,5.0883,2.5348,11.3294,1.7252,0.0018,-0.3360,0,0,0,0.00000,1
0.4328,4.3365,2.5619,11.3536,-1.2151,0.0163,-0.3239,0,0,0,0.00000,1
0.4598,4.5170,2.4873,11.3728,-1.4286,0.0065,-0.3583,0,0,0,0.00000,3
0.5335,5.0959,2.3099,11.4491,-0.0247,0.0667,-0.5974,0,0,0,0.00000,1
0.5739,5.6164,2.2472,11.3814,-0.8233,0.0609,-0.5734,0,0,0,0.00000,3
0.4419,4.3022,2.5126,12.1085,1.5568,0.0106,-0.9896,0,0,1,0.57203,1
0.4214,4.1111,2.5542,11.8680,-2.7273,0.0023,-0.7206,0,0,1,0.41560,3
0.5377,4.9880,2.2735,11.3912,-0.3487,0.0399,-0.5096,0,0,0,0.00000,3
0.4502,4.6055,2.5503,11.4246,-2.5096,0.0337,-0.4251,0,0,0,0.00000,3
0.4515,4.9483,2.6252,12.5522,-2.6585,0.0048,-1.4295,0,0,1,1.02560,1
0.3869,4.1221,2.7226,11.8156,-2.8333,0.0310,-0.6477,0,0,1,0.48810,3
0.4370,4.7205,2.6385,11.4573,-1.6769,0.0346,-0.4384,0,0,0,0.00000,1
0.4043,4.3537,2.7011,11.8763,2.0606,0.0128,-0.7078,0,0,1,0.35745,1
0.4896,4.7028,2.4048,11.3496,1.4309,0.0195,-0.3860,0,0,0,0.00000,3
0.3537,3.7593,2.7839,11.7941,-2.5001,0.1099,-0.6675,0,0,1,0.19557,3
0.5121,4.7781,2.3310,11.3208,-1.4673,0.0236,-0.3880,0,0,0,0.00000,1
0.4824,4.8111,2.4582,11.4918,3.1137,0.0109,-0.5010,0,0,0,0.00000,3
0.3733,3.9902,2.7533,13.0215,-2.7924,0.0079,-1.5460,0,1,1,1.76982,1
0.5590,5.4615,2.2780,11.8835,-0.3211,0.0228,-1.0615,0,1,0,0.41429,3
0.4005,4.1855,2.6733,11.5914,-3.0560,0.1329,-0.6162,0,0,0,0.00000,1
0.3941,4.0972,2.6796,12.1596,-3.1397,0.0226,-0.9281,0,1,2,1.65035,3
0.5060,5.0162,2.4038,11.5071,-2.0314,0.0559,-0.6042,0,0,0,0.00000,1
0.5325,5.2916,2.3507,11.4006,2.1994,0.0403,-0.5144,0,0,0,0.00000,1
0.5108,5.2282,2.4263,11.6753,-0.8536,0.0627,-0.7913,0,0,0,0.00000,1
0.4111,4.4411,2.6911,11.8255,2.1764,0.0242,-0.6941,0,0,1,0.54236,1
0.5600,5.6193,2.3011,11.4268,-0.4486,0.0545,-0.5971,0,0,0,0.00000,1
0.4138,4.1026,2.5871,11.2244,2.2028,0.0341,-0.2214,0,0,0,0.00000,3
0.5842,5.5478,2.1973,11.6035,0.5056,0.1060,-0.8994,0,0,0,0.00000,1
0.4237,4.4185,2.6251,11.3725,-1.5157,0.0026,-0.3143,0,0,0,0.00000,1
0.4680,4.3964,2.4244,12.3723,1.5808,0.0206,-1.3275,0,1,1,0.96440,1
0.3656,3.8540,2.7511,11.8887,2.8024,0.0117,-0.6373,0,0,1,0.19434,1
0.3824,4.0424,2.7219,12.7154,-3.0087,0.0642,-1.4173,0,1,0,1.46660,1
0.3730,3.9433,2.7403,11.5286,2.0352,0.0711,-0.4546,0,0,0,0.00000,1
0.3699,3.9526,2.7592,12.6625,2.8060,0.0374,-1.2850,0,0,2,1.28952,1
0.4843,5.1379,2.5202,11.2505,-2.5558,0.0565,-0.3318,0,0,0,0.00000,3
0.4864,5.0486,2.4922,11.3563,-2.7572,0.0202,-0.3908,0,0,0,0.00000,3
0.5034,4.9061,2.3915,11.5729,0.9984,0.0026,-0.5996,0,0,0,0.00000,3
0.3627,3.9832,2.8069,13.2578,-2.7272,0.0330,-1.7392,0,1,1,2.17860,1
0.3934,4.2162,2.7168,13.2256,-2.5553,0.0190,-1.8362,0,1,0,2.05275,1
0.5393,4.8956,2.2502,11.5825,-0.7985,0.0553,-0.7319,0,0,0,0.00000,3
0.3868,4.0238,2.6943,11.3309,-2.1421,0.0232,-0.2678,0,0,0,0.00000,1
0.4880,5.2613,2.5298,12.9931,-1.5786,0.0049,-2.0268,1,1,0,1.51726,1
0.5354,4.9929,2.2834,11.3420,0.9150,0.0089,-0.4188,0,0,0,0.00000,3
0.4997,5.1460,2.4563,11.7078,0.5437,0.0044,-0.7301,0,0,1,0.31853,1
0.5349,5.2506,2.3337,11.4987,-2.5457,0.0081,-0.5803,0,0,0,0.00000,1
0.4152,4.1953,2.6057,12.3914,-2.0277,0.0032,-1.1564,0,0,2,0.75552,1
0.3852,4.1140,2.7288,11.3865,2.7019,0.0193,-0.3034,0,0,0,0.00000,1
0.4864,5.2164,2.5273,11.5128,-2.5809,0.0131,-0.5307,0,0,0,0.00000,3
0.4219,4.4674,2.6460,12.1200,2.7419,0.0725,-1.0346,0,1,1,0.75019,1
0.3706,4.0759,2.7933,11.4186,-2.6099,0.0857,-0.3874,0,0,0,0.00000,3
0.3756,3.8962,2.7125,11.8227,-2.7850,0.0256,-0.6247,0,0,1,0.54635,3
0.5132,5.3358,2.4375,11.4777,-2.1472,0.0249,-0.5489,0,0,0,0.00000,3
0.4065,4.0800,2.6146,12.4405,2.9876,0.0265,-1.2063,0,0,2,1.18074,1
0.4773,4.5227,2.4151,12.0042,-0.9468,0.0451,-1.0260,0,0,1,0.30949,1
0.4500,4.3855,2.4980,12.4286,0.9002,0.0241,-1.3313,0,0,1,0.75558,1
0.4475,4.6573,2.5752,11.8154,-1.7076,0.0218,-0.7536,0,1,0,0.28157,3
0.4017,4.0376,2.6257,11.9087,2.5812,0.0143,-0.7296,0,0,1,0.52264,3
0.4035,4.1321,2.6437,11.7168,2.0852,0.0026,-0.5638,0,0,1,0.15408,1
0.5059,4.6589,2.3305,11.4494,-0.0483,0.0589,-0.5490,0,0,0,0.00000,1
0.5926,5.8125,2.2084,11.6126,0.8433,0.0171,-0.8124,0,0,0,0.00000,3
0.5394,5.3806,2.3399,11.3930,0.7096,0.0015,-0.4693,0,0,0,0.00000,3
0.4316,4.4204,2.5888,11.3878,-2.6384,0.0714,-0.4153,0,0,0,0.00000,1
0.5617,5.4789,2.2704,11.6612,0.2583,0.0289,-0.8259,0,0,0,0.00000,3
0.3406,3.7270,2.8453,12.0490,-3.0163,0.0460,-0.7437,0,1,0,0.90681,1
0.6027,5.5009,2.1228,11.7194,0.0880,0.0677,-1.0219,0,0,0,0.00000,1
0.4073,4.0920,2.6146,12.5293,-2.5903,0.0612,-1.3396,1,0,0,0.21523,1
0.3892,4.1093,2.7072,11.4224,-2.7901,0.1471,-0.4823,0,0,0,0.00000,1
0.4784,5.2189,2.5632,11.4825,-2.7076,0.1133,-0.6101,0,0,0,0.00000,1
0.4673,4.8059,2.5217,11.3922,-2.6472,0.0773,-0.4681,0,0,0,0.00000,1
0.5238,4.8493,2.2997,11.8768,-0.1331,0.0684,-1.0345,0,0,1,0.63678,1
0.5564,5.6867,2.3269,12.3312,2.3916,0.0128,-1.5561,0,0,1,0.82779,1
0.5725,5.4903,2.2316,11.3025,0.4694,0.0108,-0.4240,0,0,0,0.00000,3
0.5464,5.5801,2.3480,11.3807,-0.7941,0.0789,-0.5584,0,0,0,0.00000,1
0.3958,4.2640,2.7186,11.3356,-2.6130,0.1268,-0.3979,0,0,0,0.00000,3
0.5130,5.1174,2.3953,11.5469,-2.2711,0.0228,-0.6145,0,0,0,0.00000,1
0.4447,4.5894,2.5710,11.9596,2.4931,0.0228,-0.8792,0,1,0,0.40513,3
0.4379,4.6258,2.6113,12.9197,-2.5466,0.0248,-1.7634,0,0,2,3.01026,1
0.3514,3.7431,2.7908,13.1305,3.0914,0.0848,-1.6731,1,0,2,0.72147,1
0.4889,4.6385,2.3936,11.9488,-1.0526,0.0192,-0.9632,0,0,1,0.37847,1
0.3613,3.9106,2.7914,13.2594,-2.5917,0.0956,-1.8499,0,1,1,1.29362,1
0.3654,3.8831,2.7612,12.3870,2.5007,0.0925,-1.1290,0,1,0,1.08206,1
0.4298,4.5403,2.6275,13.1837,3.0741,0.0316,-1.9978,1,1,1,1.97196,1
0.4026,4.2713,2.6869,12.0647,2.6966,0.0682,-0.9321,0,1,0,0.72382,3
0.4893,5.2140,2.5142,12.0231,-0.4104,0.0064,-1.0249,0,0,0,0.00000,1
0.4176,4.3102,2.6254,11.2697,-2.6325,0.0608,-0.2911,0,0,0,0.00000,3
0.4033,4.2256,2.6705,11.4100,-2.8178,0.0381,-0.3628,0,0,0,0.00000,3
0.4799,4.9556,2.5003,12.7370,-2.4349,0.0229,-1.7480,0,1,2,0.95684,1
0.4679,5.0308,2.5694,11.4351,2.3931,0.0945,-0.5288,0,0,0,0.00000,3
0.3685,3.9897,2.7782,12.9134,2.7984,0.1176,-1.6177,0,1,0,0.19168,1
0.4887,4.7650,2.4219,11.3537,2.5987,0.0096,-0.3775,0,0,0,0.00000,1
0.3907,4.2388,2.7368,12.5893,-2.7607,0.1190,-1.4214,0,0,0,0.00000,1
0.3825,4.1997,2.7679,12.6441,-3.1138,0.0319,-1.3068,0,1,0,0.23199,1
0.4532,4.8374,2.5915,11.4288,3.0455,0.0256,-0.4235,0,0,0,0.00000,3
0.4027,4.4036,2.7227,12.1274,1.9469,0.0307,-0.9353,1,1,0,0.64762,1
0.5519,5.5604,2.3228,11.3398,0.7622,0.0210,-0.4528,0,0,0,0.00000,3
0.4846,4.9862,2.4865,11.8976,-2.2246,0.0483,-0.9438,0,0,1,0.46166,1
0.4546,4.6178,2.5340,11.9832,-1.2999,0.0199,-0.9192,0,0,1,0.59465,1
0.4250,4.6004,2.6654,11.4876,-2.6777,0.1304,-0.5611,0,0,0,0.00000,1
0.4611,4.8533,2.5599,13.1283,-2.4988,0.0113,-2.0547,1,1,0,1.48472,1
0.4891,5.3567,2.5447,12.1493,-2.1883,0.0037,-1.1482,0,0,1,0.58429,1
0.5103,5.3727,2.4569,12.1685,-2.2498,0.0021,-1.2230,0,1,0,0.56844,3
0.4312,4.6191,2.6409,11.4999,-2.2444,0.1479,-0.6009,0,0,0,0.00000,3
0.4310,4.3504,2.5735,11.8948,-1.4399,0.0018,-0.7637,0,1,0,0.32369,1
0.3587,3.9309,2.8122,12.8720,2.0620,0.0377,-1.4114,0,1,3,2.38476,1
0.4952,5.0661,2.4584,11.4028,1.8328,0.0603,-0.4927,0,0,0,0.00000,3
0.4971,5.2889,2.4961,11.2806,-1.4102,0.0003,-0.3085,0,0,0,0.00000,3
0.4281,4.1279,2.5286,11.2485,3.0899,0.0074,-0.2222,0,0,0,0.00000,3
0.3977,4.0497,2.6485,11.4661,2.9258,0.0160,-0.3739,0,1,0,0.18309,3
0.4291,4.2058,2.5448,11.4481,-2.0375,0.0066,-0.3865,0,0,0,0.00000,3
0.4450,4.4258,2.5297,12.6388,2.9797,0.0266,-1.5208,0,1,1,1.33261,1
0.4744,4.9733,2.5280,11.5395,-2.3311,0.0146,-0.5393,0,0,0,0.00000,3
0.4844,5.2550,2.5445,11.2643,2.7655,0.0237,-0.3075,0,0,0,0.00000,3
0.3965,4.0577,2.6564,11.3490,1.7981,0.0370,-0.3066,0,0,0,0.00000,1
0.4829,5.0742,2.5125,12.1206,-1.7891,0.0128,-1.1138,0,0,1,0.62001,3
0.4302,4.4377,2.5998,11.3237,3.0587,0.0136,-0.2935,0,0,0,0.00000,3
0.4032,4.3211,2.6975,12.5671,-2.5655,0.0310,-1.3132,0,0,1,1.16258,1
0.3925,4.0519,2.6743,11.8174,-2.2416,0.0327,-0.6616,0,1,0,0.34193,3
0.3903,4.0260,2.6775,11.8500,2.7848,0.0748,-0.7366,0,0,0,0.00000,1
0.4649,4.7805,2.5264,13.0533,-2.5627,0.0389,-2.0446,0,0,1,1.60942,1
0.4103,4.4121,2.6874,11.3357,2.3731,0.0083,-0.2777,0,0,0,0.00000,1
0.3875,4.0830,2.7082,12.0479,3.0891,0.0418,-0.8470,0,0,3,0.71375,3
0.4781,4.5932,2.4277,11.8834,0.4706,0.0121,-0.8660,0,0,1,0.19438,3
0.4007,4.2248,2.6834,12.3955,-2.9123,0.0152,-1.1334,1,1,2,1.40481,1
0.4366,4.4501,2.5733,11.4045,-3.0720,0.0848,-0.4510,0,0,0,0.00000,1
0.4020,4.2500,2.6839,12.8982,1.9331,0.0213,-1.5855,1,1,1,1.66126,1
0.4932,5.1448,2.4834,11.6402,2.5446,0.0717,-0.7361,0,0,0,0.00000,1
0.4393,4.3411,2.5342,11.4354,-1.0777,0.0431,-0.4315,0,0,0,0.00000,1
0.3501,3.7714,2.8075,12.0450,-2.6320,0.0935,-0.8245,0,1,0,0.77982,3
0.4193,4.5655,2.6837,11.4073,2.1289,0.0914,-0.4408,0,0,0,0.00000,3
0.4479,4.4263,2.5170,11.3837,0.2155,0.0099,-0.3584,0,0,0,0.00000,1
0.4040,4.2404,2.6715,11.2853,-2.9118,0.0826,-0.3160,0,0,0,0.00000,3
0.3320,3.6387,2.8636,13.2260,2.7750,0.0320,-1.5625,0,1,2,2.08594,1
0.5127,5.4976,2.4708,11.5122,0.5906,0.0161,-0.5728,0,0,0,0.00000,1
0.5186,4.8132,2.3126,11.3148,1.8005,0.0114,-0.3749,0,0,0,0.00000,1
0.3589,3.9458,2.8157,12.7550,2.2743,0.0307,-1.3079,0,1,1,1.19318,1
0.5085,5.2616,2.4427,11.3610,0.8313,0.0356,-0.4393,0,0,0,0.00000,1
0.3551,3.8284,2.7988,11.5125,3.1138,0.1445,-0.5053,0,1,0,0.18771,3
0.5171,5.2436,2.4038,11.3961,-1.7096,0.0196,-0.4655,0,0,0,0.00000,3
0.4230,4.2204,2.5762,11.7226,2.2711,0.0863,-0.7066,0,1,0,0.19562,1
0.5522,5.1430,2.2474,11.6070,-0.5033,0.0727,-0.8034,0,0,0,0.00000,1
0.4566,4.3683,2.4654,11.3298,2.2663,0.0489,-0.3661,0,0,0,0.00000,1
0.4952,5.0722,2.4600,12.8240,2.0325,0.0208,-1.8992,0,0,1,1.57874,1
0.4663,4.7488,2.5131,11.4584,-2.1158,0.0297,-0.4709,0,0,0,0.00000,3
0.3722,3.9830,2.7566,12.5254,2.8574,0.0718,-1.2329,0,1,0,1.28660,1
0.4145,4.2049,2.6115,11.3302,1.3367,0.0064,-0.2747,0,0,0,0.00000,1
0.3766,3.9260,2.7165,12.2052,-2.5800,0.0628,-0.9739,0,1,0,0.85298,3
0.4341,4.2081,2.5232,12.6570,-1.0689,0.0143,-1.4773,0,0,2,1.19814,1
0.4133,4.4554,2.6843,12.0159,-3.1392,0.0014,-0.8287,0,1,0,0.56514,1
0.4746,5.2288,2.5823,11.4992,1.4726,0.0316,-0.5235,0,0,0,0.00000,0
0.4684,4.9149,2.5415,11.4211,1.2444,0.0087,-0.4155,0,0,0,0.00000,1
0.5059,5.0522,2.4113,11.4303,1.3526,0.0023,-0.4639,0,0,0,0.00000,3
0.4091,4.4998,2.7167,11.3804,2.1190,0.0358,-0.3433,0,0,0,0.00000,1
0.4153,4.5567,2.7013,11.4028,-1.9151,0.0421,-0.3755,0,0,0,0.00000,1
0.4639,4.4266,2.4487,11.3365,1.3186,0.0384,-0.3674,0,0,0,0.00000,3
0.5434,5.0571,2.2650,12.2006,-0.3963,0.0495,-1.4161,0,0,1,0.70703,1
0.4259,4.2868,2.5804,12.0829,1.7591,0.0203,-0.9404,0,0,0,0.00000,3
0.4163,4.4033,2.6559,11.8319,2.6166,0.0433,-0.7336,0,1,0,0.21258,3
0.3602,3.8686,2.7840,12.3773,2.6947,0.0229,-1.0067,0,1,0,1.00907,1
