x,Q2,W,miss_mass,phih,pt2,t,secondary_pips,secondary_pims,secondary_pizs,secondary_esum,accepted
0.3929,3.9964,2.6561,12.1424,-3.1141,0.0809,-0.9906,0,1,0,0.78127,1
0.4833,4.9482,2.4840,11.8461,2.6725,0.0562,-0.9002,0,1,0,0.20939,1
0.6045,5.5850,2.1294,11.8678,0.5711,0.0679,-1.2076,0,1,0,0.24386,1
0.3325,3.6418,2.8620,13.3431,-2.7563,0.1172,-1.8156,1,2,1,1.38623,1
0.3883,4.2368,2.7484,13.0029,2.9339,0.0977,-1.7493,0,1,2,1.59619,1
0.3749,3.8855,2.7129,12.2044,-2.3060,0.0343,-0.9295,0,1,1,0.94443,3
0.3617,3.8058,2.7561,12.8808,-2.3901,0.0536,-1.4577,0,1,0,1.69839,1
0.4308,4.2593,2.5510,12.3025,1.6742,0.0251,-1.1561,0,2,0,0.71766,1
0.4766,4.8339,2.4878,11.8824,-1.5273,0.0201,-0.8739,0,1,0,0.38760,3
0.3921,4.0846,2.6859,11.7945,3.0225,0.0199,-0.6266,0,1,0,0.18224,3
0.3539,3.8789,2.8215,12.0044,-2.8266,0.2311,-0.9806,0,1,0,0.62275,1
0.4100,4.2149,2.6352,12.0081,1.8447,0.0148,-0.8312,0,1,0,0.67364,1
0.4045,4.4013,2.7132,12.8703,-2.3886,0.0297,-1.5848,0,1,1,1.57884,1
0.3637,3.8368,2.7555,11.8025,2.8968,0.0611,-0.6317,0,1,0,0.25319,3
0.4432,4.4261,2.5377,11.7541,-1.6983,0.0061,-0.6701,0,1,0,0.36384,3
0.4072,4.3490,2.6854,12.8578,2.4362,0.0610,-1.6363,0,1,0,1.61166,1
0.3526,3.7705,2.7935,12.4953,-2.5744,0.0763,-1.1505,0,1,0,0.74813,1
0.3639,3.9399,2.7870,12.0023,-2.8743,0.0817,-0.8087,0,1,0,0.33100,3
0.4731,4.3903,2.4022,11.8316,-1.0701,0.0015,-0.7909,0,0,0,0.00000,1
0.4748,4.5389,2.4292,11.6706,1.3988,0.0166,-0.6629,0,1,0,0.42156,3
0.4360,4.3044,2.5394,11.9872,-2.7107,0.0436,-0.9110,0,1,0,0.63268,1
0.4491,4.7128,2.5811,12.7747,2.0467,0.0050,-1.6350,0,1,0,1.42197,1
0.3841,3.9174,2.6760,12.0363,-2.6897,0.0696,-0.8665,0,1,0,0.37934,1
0.3795,3.8882,2.6903,11.6773,2.9118,0.1119,-0.6265,0,1,0,0.47056,1
0.3679,3.8442,2.7361,11.6994,-2.0946,0.0375,-0.5335,0,1,0,0.29485,1
0.4450,4.5351,2.5566,12.0312,0.9323,0.0192,-0.9399,0,1,0,0.66201,1
0.6028,5.9796,2.1957,12.5466,-1.6672,0.0131,-1.9793,0,1,1,0.79951,1
0.4479,4.7030,2.5842,13.1350,-2.5041,0.0328,-2.0382,0,1,1,1.88429,1
0.4021,4.1077,2.6437,12.2918,-1.9493,0.0515,-1.1011,0,1,0,0.27309,1
0.4777,5.1762,2.5575,11.7628,1.5980,0.0395,-0.7875,0,1,0,0.28980,1
0.3785,4.1290,2.7675,12.0742,-2.0142,0.0375,-0.8410,0,1,0,0.63913,1
0.3533,3.7804,2.7928,12.6403,-2.9942,0.0386,-1.2095,0,1,1,1.42623,1
0.3393,3.7186,2.8498,12.5313,2.8631,0.0868,-1.1491,0,1,2,1.05497,3
0.3626,3.8075,2.7522,12.0981,-2.4996,0.1130,-0.9210,0,1,1,0.74235,3
0.4051,4.1380,2.6378,12.0890,2.3251,0.0615,-0.9500,0,1,0,0.36293,3
0.3965,4.2515,2.7114,12.2016,2.4498,0.0317,-0.9820,0,1,0,0.72231,3
0.3601,3.9662,2.8156,12.5017,-2.6611,0.0495,-1.1407,0,1,1,1.15535,2
0.5527,5.6656,2.3377,12.2647,0.7063,0.0543,-1.5285,0,1,0,0.87101,1
0.3848,4.2069,2.7581,12.0715,-2.2114,0.0597,-0.8831,0,1,0,0.59147,3
0.4835,5.3346,2.5651,11.9468,-2.8217,0.0367,-0.9761,0,1,0,0.53418,2
0.4407,4.2126,2.4955,11.9086,1.3440,0.0131,-0.8098,0,1,0,0.53048,1
0.4583,4.3710,2.4590,11.8096,-1.2451,0.0055,-0.7469,0,0,0,0.00000,3
0.5167,5.4508,2.4453,12.3598,1.3673,0.0159,-1.4668,0,1,0,0.82465,1
0.4148,4.5131,2.6923,12.8037,2.0582,0.0047,-1.5262,0,2,0,1.48850,1
0.4312,4.5073,2.6125,11.7618,-2.3705,0.0720,-0.7380,0,1,0,0.44997,3
0.4434,4.5725,2.5729,11.7479,3.0226,0.0012,-0.6595,0,1,0,0.23834,3
0.3754,4.0480,2.7597,11.9582,-2.2661,0.1089,-0.8351,0,1,0,0.69252,3
0.5251,5.2734,2.3769,12.2348,-1.9062,0.0060,-1.3397,0,1,0,0.61424,1
0.4109,4.0671,2.5908,12.2085,3.1264,0.0376,-1.0342,0,1,0,0.57357,1
0.4269,4.3117,2.5823,12.0892,2.8998,0.0116,-0.9367,0,1,0,0.47752,3
0.4015,4.1716,2.6643,11.8131,2.3249,0.0369,-0.6808,0,1,0,0.34013,3
0.3942,4.1974,2.7077,12.6208,-2.4439,0.0279,-1.3229,0,1,1,1.02829,1
0.3985,4.2142,2.6908,12.0694,-2.8432,0.0055,-0.8429,0,1,0,0.46319,1
0.3714,3.9632,2.7547,12.5263,2.9198,0.0165,-1.1490,0,0,0,0.00000,1
0.3628,3.8612,2.7683,11.7699,2.4510,0.0624,-0.6074,0,1,0,0.36981,3
0.5541,5.0387,2.2215,12.2898,1.0198,0.0363,-1.5302,0,1,1,0.89256,1
0.3655,3.9371,2.7777,12.0836,-2.8577,0.0927,-0.8896,0,1,0,0.49089,3
0.4165,4.3382,2.6378,11.8644,-2.2127,0.0749,-0.8017,0,1,1,0.52626,3
0.4427,4.4475,2.5454,11.9139,1.5335,0.0160,-0.8239,0,1,0,0.23194,3
0.4525,4.2542,2.4553,11.7553,-2.5305,0.0273,-0.7140,0,1,0,0.32028,1
0.4173,4.2252,2.6037,11.6697,1.3407,0.0224,-0.5729,0,1,0,0.24900,1
0.4290,4.5468,2.6330,11.9608,1.5605,0.0067,-0.8241,0,1,0,0.48895,1
0.3758,4.1068,2.7752,11.9344,2.9341,0.1694,-0.8943,0,1,0,0.68599,1
0.3632,3.9327,2.7885,11.6435,3.1033,0.0324,-0.4794,0,1,0,0.37992,1
0.5077,4.6081,2.3128,12.1327,-0.3338,0.0311,-1.2135,0,1,0,0.68471,1
0.5153,4.6964,2.3016,11.9609,0.7044,0.0270,-1.0467,0,1,0,0.56430,1
0.4294,4.3839,2.5895,12.1304,2.3777,0.0609,-1.0474,0,0,0,0.00000,1
0.4326,4.1739,2.5209,12.6713,2.0117,0.0114,-1.4801,0,1,1,1.24687,1
0.4991,5.3960,2.5090,11.8191,2.7764,0.0135,-0.8529,0,1,0,0.25421,3
0.5083,4.7105,2.3319,11.8191,0.5337,0.0883,-0.9664,0,1,0,0.21844,1
0.5754,5.3857,2.2035,12.2008,-0.3593,0.0885,-1.5692,0,1,0,0.51690,1
0.4426,4.6973,2.6069,11.8697,-2.2352,0.0821,-0.8703,0,1,0,0.22474,3
0.6170,6.1233,2.1638,12.6433,-0.5084,0.0161,-2.1655,0,1,0,1.09297,1
0.4370,4.4171,2.5633,12.1603,2.4144,0.0024,-1.0134,0,1,1,0.68185,1
0.4009,4.3368,2.7130,12.5358,-2.7271,0.1024,-1.3846,0,1,0,1.19666,1
0.4155,4.4045,2.6599,12.8374,-2.3072,0.0493,-1.6325,0,1,0,1.55675,1
0.3854,3.9385,2.6761,11.7018,2.5105,0.0567,-0.5877,0,1,0,0.23580,3
0.4368,4.7541,2.6476,11.9447,-3.0714,0.1262,-0.9832,0,1,0,0.53027,1
0.4130,4.0555,2.5777,11.9992,-1.2155,0.0297,-0.8495,0,1,0,0.49272,1
0.4460,4.6587,2.5820,11.8979,1.0304,0.0022,-0.7997,0,1,0,0.54953,1
0.4394,4.8196,2.6514,11.9009,2.9723,0.0104,-0.7999,0,1,0,0.47085,1
0.3625,3.9990,2.8131,13.3488,2.7700,0.0397,-1.8275,0,1,0,2.22182,0
0.3306,3.6264,2.8678,13.3906,-2.8980,0.0826,-1.7791,0,1,0,2.32209,1
0.4005,4.3004,2.7050,12.7309,2.3105,0.0069,-1.4090,0,2,0,1.39007,1
0.4459,4.7304,2.6000,11.7022,-2.7858,0.0878,-0.7315,0,1,0,0.26239,1
0.4042,4.2824,2.6818,12.5459,2.4114,0.0316,-1.2989,0,1,0,1.25406,1
0.4098,4.1299,2.6131,12.0431,1.2006,0.0060,-0.8477,1,1,0,0.46670,1
0.4436,4.5213,2.5595,12.9941,-2.6916,0.0295,-1.8697,0,1,0,1.90393,1
0.4360,4.6235,2.6196,12.0640,2.1928,0.0054,-0.9298,0,1,0,0.63289,1
0.3562,3.8146,2.7884,12.7268,2.6063,0.0509,-1.3070,0,2,0,0.87245,1
0.4293,4.6850,2.6663,12.0331,3.0382,0.0380,-0.9299,0,1,0,0.66068,3
0.3769,3.9974,2.7368,13.1496,-2.9740,0.0418,-1.7313,0,1,1,2.04836,1
0.4237,4.6305,2.6792,12.6723,2.7404,0.0714,-1.5446,0,1,0,1.44320,1
0.5321,5.2948,2.3529,11.9141,0.2535,0.0014,-1.0051,0,1,0,0.35483,3
0.4909,4.5255,2.3607,11.9830,1.2986,0.0102,-0.9886,0,1,0,0.49310,1
0.4154,4.1672,2.5973,11.5569,1.3114,0.0187,-0.4725,0,1,0,0.21615,1
0.4859,5.1478,2.5152,12.1653,1.7241,0.0143,-1.1690,0,1,0,0.63642,3
0.5552,5.5464,2.3072,11.9980,0.2103,0.0262,-1.1874,0,0,0,0.00000,1
0.4751,5.2401,2.5827,12.4079,2.9077,0.0148,-1.3824,0,1,0,1.01099,2
0.4191,4.1786,2.5828,11.9677,2.6827,0.0425,-0.8538,0,1,0,0.50396,1
0.4396,4.3562,2.5363,11.5927,-1.6895,0.0022,-0.5183,0,1,0,0.27006,3
0.4314,4.2437,2.5444,12.6150,-1.2660,0.0076,-1.4177,0,1,0,1.33539,1
0.4846,4.7364,2.4325,12.3792,0.0111,0.0173,-1.3833,0,1,0,0.81516,1
0.4227,4.5121,2.6540,12.0719,2.6097,0.0271,-0.9330,0,1,0,0.46167,3
0.4556,4.3109,2.4560,11.8155,-2.2205,0.0027,-0.7429,0,1,0,0.33991,3
0.4266,4.1792,2.5491,12.0525,-3.1413,0.0126,-0.9044,0,1,0,0.56966,1
0.3502,3.8321,2.8269,12.5898,-3.0046,0.0582,-1.1886,0,1,1,1.47170,1
0.4805,4.6435,2.4293,11.6676,1.0290,0.0081,-0.6594,0,1,0,0.19892,3
0.3706,3.9386,2.7512,12.6218,-2.1731,0.0127,-1.2168,0,1,1,1.41056,1
0.4412,4.5897,2.5872,12.2181,-1.4051,0.0175,-1.0992,0,1,0,0.75622,1
0.4409,4.7780,2.6341,11.6822,2.9005,0.0627,-0.6740,0,1,0,0.18652,3
0.4620,4.5376,2.4827,11.5256,-2.3828,0.0236,-0.5181,0,1,0,0.21278,1
0.4246,4.3231,2.5962,11.7350,2.8109,0.0145,-0.6304,0,1,0,0.18774,3
0.4014,4.4094,2.7305,12.6743,-2.5021,0.1051,-1.5148,0,1,0,1.47677,1
0.3966,3.9988,2.6392,11.9933,1.8538,0.0045,-0.7742,0,1,0,0.55940,1
0.4373,4.3872,2.5546,12.5719,1.2599,0.0094,-1.4022,0,0,0,0.00000,1
0.5819,5.4794,2.1950,11.9676,1.4078,0.0224,-1.2110,0,1,0,0.45619,1
0.4794,5.0710,2.5272,11.8277,1.6028,0.0113,-0.8169,0,1,0,0.44787,1
0.5721,5.2533,2.1931,11.9385,-0.1013,0.0043,-1.1263,0,1,0,0.47447,1
0.4280,4.5649,2.6420,11.8508,2.0233,0.0260,-0.7514,0,1,0,0.31231,3
0.4998,5.3057,2.4881,11.6996,-1.1951,0.0053,-0.7243,0,1,0,0.39867,1
0.5098,4.9626,2.3774,11.9473,0.5919,0.0579,-1.0638,0,0,0,0.00000,1
0.4154,4.2035,2.6070,12.4543,-2.7291,0.0593,-1.2963,0,2,0,0.74222,1
0.4210,4.2103,2.5826,11.7725,2.3939,0.0318,-0.6772,0,1,0,0.31076,3
0.4206,4.2150,2.5860,11.8993,2.9794,0.0444,-0.8006,0,1,0,0.38906,1
0.5087,4.6252,2.3125,12.0969,-0.9082,0.0173,-1.1586,0,1,0,0.41915,1
0.3742,3.8791,2.7145,12.5495,-2.3461,0.0673,-1.2532,0,1,0,1.32583,1
0.4968,5.3543,2.5108,12.1044,0.3760,0.0007,-1.1187,0,1,0,0.41363,1
0.3684,4.0657,2.8017,11.4136,-2.8489,0.0438,-0.3335,0,1,0,0.14133,0
0.3561,3.8556,2.8024,11.9710,2.9533,0.1572,-0.8645,0,1,0,0.48287,1
0.4181,4.4658,2.6639,11.9465,-2.4189,0.0223,-0.8078,0,1,0,0.47542,3
0.4138,4.5354,2.7030,12.3600,-2.7867,0.0750,-1.2290,0,0,0,0.00000,3
0.3597,3.9196,2.8033,12.7085,2.6555,0.0403,-1.2888,0,1,1,1.45903,1
0.4755,4.6505,2.4518,11.9883,2.9200,0.0084,-0.9568,0,1,0,0.49774,1
0.4709,4.9289,2.5336,12.0064,-0.8714,0.0110,-0.9689,0,1,0,0.66957,1
0.4280,4.3643,2.5910,11.6971,-2.3249,0.0017,-0.5885,0,1,0,0.25315,3
0.3800,4.1443,2.7646,11.7814,2.6677,0.1352,-0.7372,0,1,0,0.40266,3
0.3328,3.6444,2.8612,12.4802,-2.2518,0.0521,-1.0400,0,1,0,1.34492,1
0.4938,5.3334,2.5196,12.1583,1.3328,0.0222,-1.1952,0,1,0,0.62223,1
0.4297,4.3975,2.5918,12.5269,-2.0975,0.0192,-1.3497,0,1,1,0.92151,1
0.5314,5.1601,2.3305,11.9439,-1.0850,0.0341,-1.0787,0,1,0,0.46550,1
0.4238,4.2970,2.5930,12.9308,2.9494,0.0126,-1.6917,1,2,2,1.70911,1
0.4756,4.8810,2.5024,12.4962,2.0846,0.0527,-1.5289,0,1,1,1.10831,1
0.4267,4.4287,2.6137,11.6243,-1.7003,0.0009,-0.5243,0,1,0,0.29675,1
0.3736,3.9123,2.7279,11.8883,-2.4641,0.0677,-0.7241,0,1,0,0.48808,3
0.3755,4.0453,2.7581,12.4652,2.6348,0.0396,-1.1475,0,1,0,1.03539,1
0.6267,5.9030,2.0968,12.3354,1.1465,0.0251,-1.8040,0,1,0,0.52515,1
0.4499,4.5606,2.5411,11.9341,-3.1132,0.0336,-0.8815,0,1,0,0.24984,1
0.4014,4.1487,2.6584,11.7538,2.6979,0.0075,-0.5959,0,1,0,0.43048,3
0.4062,4.1492,2.6357,11.7360,-2.3942,0.0271,-0.6143,0,1,0,0.44980,3
0.4506,4.8480,2.6062,12.7575,1.5193,0.0163,-1.6434,0,1,1,1.52277,1
0.5146,4.8784,2.3412,12.3259,2.4009,0.0076,-1.4059,0,2,0,0.97790,1
0.4291,4.5920,2.6438,11.9720,1.8390,0.0063,-0.8339,0,1,0,0.65803,1
0.3809,3.9585,2.7047,12.3201,2.4866,0.0413,-1.0486,0,2,0,0.65123,1
0.4608,4.8880,2.5692,11.9944,2.1066,0.0218,-0.9480,0,1,0,0.57579,3
0.5301,5.3894,2.3786,12.7330,1.4088,0.0089,-1.9198,0,1,1,1.44907,1
0.5088,5.1139,2.4119,11.8410,-1.1378,0.0255,-0.9090,0,1,0,0.53793,3
0.4625,4.3765,2.4425,11.7901,-1.0383,0.0545,-0.8006,0,1,0,0.30946,3
0.3767,3.9961,2.7375,12.3350,-2.7923,0.1067,-1.1408,1,1,0,0.96673,1
0.5033,4.9650,2.4041,11.9560,-1.0040,0.0203,-1.0070,0,1,0,0.46776,3
0.5201,5.3829,2.4181,12.8025,1.8426,0.0243,-1.9854,0,1,1,1.29105,1
0.4411,4.2799,2.5107,12.1677,2.3940,0.0374,-1.0791,0,1,0,0.55122,1
0.4914,5.2854,2.5201,11.9507,-1.8519,0.0286,-0.9873,0,1,0,0.43534,3
0.4510,4.7292,2.5764,11.9307,-1.7002,0.0359,-0.8844,0,1,0,0.66000,3
0.4599,4.7550,2.5427,12.7761,-3.0742,0.0012,-1.6725,0,1,0,1.38527,1
0.4697,4.8207,2.5145,12.3539,2.3966,0.0498,-1.3603,0,1,0,0.73992,1
0.4085,4.0357,2.5933,11.8933,3.0751,0.0248,-0.7444,0,1,0,0.42088,3
0.4067,4.2986,2.6741,13.1831,2.5227,0.0441,-1.9085,1,1,1,1.18686,1
0.3795,3.9792,2.7177,12.3575,-1.8167,0.0114,-1.0321,0,1,0,1.06435,1
0.4415,4.5427,2.5744,11.9533,-3.0090,0.0364,-0.8839,0,1,0,0.36656,1
0.5550,5.7051,2.3356,12.2188,-1.6955,0.0345,-1.4531,0,0,2,0.37709,1
0.4249,4.4624,2.6304,12.4355,-2.9963,0.0117,-1.2401,0,1,0,1.03282,1
0.5307,5.6193,2.4188,11.9104,0.2222,0.0159,-1.0196,0,1,0,0.62899,1
0.3598,3.8858,2.7920,13.2159,-2.8617,0.0710,-1.7594,0,1,1,2.01325,1
0.3811,3.9292,2.6945,12.0976,2.4207,0.0402,-0.8690,0,1,0,0.59734,3
0.4148,4.2386,2.6190,11.9797,1.4141,0.0096,-0.8113,1,1,0,0.39453,1
0.4306,4.6533,2.6523,12.3208,-1.9016,0.0457,-1.2031,0,1,0,0.89129,3
0.4776,4.4925,2.4071,11.9938,0.6518,0.0003,-0.9547,0,1,0,0.45933,1
0.5052,4.8229,2.3675,11.6604,1.6151,0.0194,-0.7097,0,1,0,0.44964,3
0.5334,5.2152,2.3328,12.3814,1.4261,0.0458,-1.5873,0,1,1,0.76146,1
0.4685,4.9983,2.5593,12.1472,-2.4542,0.0790,-1.1929,0,1,0,0.80269,1
0.3909,4.2601,2.7418,11.7546,2.3048,0.0978,-0.6898,0,1,0,0.46230,3
0.5000,5.2846,2.4828,12.0630,2.7412,0.0393,-1.1368,0,1,0,0.42989,1
0.5675,5.2624,2.2117,11.8783,0.6134,0.1410,-1.2351,0,1,1,0.60652,1
0.4456,4.5761,2.5640,11.5682,-3.1235,0.0307,-0.5412,0,1,0,0.17808,3
0.4269,4.5607,2.6461,11.8612,2.8308,0.0052,-0.7318,0,1,0,0.21902,1
0.4635,4.8177,2.5409,11.8582,2.9154,0.0616,-0.8772,0,1,0,0.42325,1
0.4624,4.5588,2.4859,12.1725,2.1957,0.0244,-1.1234,0,1,0,0.58516,1
0.3474,3.8246,2.8401,11.6681,-3.1059,0.0289,-0.4684,0,1,0,0.30239,0
0.3925,4.2506,2.7314,13.1365,-2.6553,0.0985,-1.8940,0,1,0,1.97280,1
0.3981,3.9963,2.6310,11.6938,2.8349,0.0271,-0.5662,0,1,0,0.24836,3
0.4737,4.4829,2.4208,11.9603,-0.8155,0.0881,-1.0332,0,1,0,0.20083,1
0.4361,4.7517,2.6503,13.1211,1.9759,0.0140,-1.9347,0,1,2,1.06172,1
0.3893,3.9555,2.6620,12.8566,-1.6790,0.0069,-1.4716,0,1,1,1.22559,1
0.5014,4.9889,2.4168,11.7726,-2.0919,0.0393,-0.8417,0,1,0,0.24410,1
0.4159,4.4859,2.6794,11.9361,-1.8819,0.0753,-0.8627,0,1,0,0.22684,3
0.4135,4.3072,2.6440,11.8975,2.7672,0.0906,-0.8440,0,1,0,0.48911,1
0.4693,5.1773,2.5953,11.7161,-2.4159,0.1195,-0.8266,0,1,0,0.24190,0
0.4414,4.5006,2.5642,12.7626,-2.9040,0.0413,-1.6518,0,1,0,1.58611,1
0.3614,3.8616,2.7754,12.0747,-3.1313,0.0256,-0.7845,0,1,0,0.51897,3
0.4312,4.3569,2.5743,11.8234,-2.4265,0.0482,-0.7616,0,1,0,0.24052,3
0.5431,5.0312,2.2612,11.9096,0.3021,0.0517,-1.0912,0,1,0,0.43772,1
0.4538,4.3981,2.4848,12.1053,2.3923,0.0372,-1.0541,0,1,0,0.43610,1
0.3749,3.9279,2.7259,11.7413,2.2102,0.0304,-0.5679,0,1,0,0.42294,1
0.4069,4.1861,2.6423,11.7841,1.5670,0.0262,-0.6538,0,1,0,0.51750,1
0.3822,3.9917,2.7081,11.8339,-2.9275,0.0020,-0.6162,0,1,0,0.47208,1
0.4296,4.1380,2.5247,12.1579,-2.4028,0.0072,-0.9969,0,1,0,0.71774,1
0.3898,4.1987,2.7299,11.6319,2.6790,0.0961,-0.5881,0,1,0,0.25037,3
0.3415,3.6889,2.8272,12.0597,-2.3798,0.0641,-0.7771,0,1,0,0.80887,1
0.5101,5.5379,2.4899,12.1619,-2.4609,0.0048,-1.2205,0,0,0,0.00000,3
0.4151,4.1436,2.5921,12.1195,2.1498,0.0165,-0.9396,0,1,0,0.68595,1
0.4462,4.6013,2.5676,11.7140,2.5660,0.0506,-0.6961,0,1,0,0.42047,1
0.3684,4.0228,2.7887,12.5227,2.7166,0.0644,-1.2068,0,1,1,1.31583,1
0.3985,4.1120,2.6622,12.1644,-2.8640,0.0173,-0.9362,0,1,0,0.78055,3
0.4728,4.5073,2.4304,11.9464,-1.1303,0.0578,-0.9761,0,1,0,0.55157,1
0.4517,4.4567,2.5080,12.8853,2.1257,0.0220,-1.7821,0,0,0,0.00000,1
0.3887,3.9672,2.6682,12.2057,2.7122,0.0354,-0.9690,0,1,0,0.65212,1
0.5327,5.5539,2.3982,13.0085,2.2443,0.0192,-2.2729,0,1,0,1.56090,1
0.3991,4.2504,2.6983,11.7807,-2.1549,0.0720,-0.6939,0,1,0,0.24529,3
0.3957,4.0208,2.6496,12.2765,2.6671,0.0516,-1.0699,0,1,1,0.85951,1
0.5363,5.5654,2.3859,12.2340,1.7900,0.0183,-1.3915,0,1,0,0.71144,3
0.4265,4.4503,2.6199,13.1196,2.4669,0.0087,-1.8772,0,2,1,1.79739,1
0.4683,5.0527,2.5724,11.9676,-1.4584,0.0228,-0.9421,0,1,0,0.46589,1
0.4490,4.8424,2.6120,12.2490,2.5943,0.0432,-1.1870,0,1,0,0.50967,3
0.4320,4.6306,2.6401,11.6004,-1.8892,0.0099,-0.5239,0,1,0,0.28467,1
0.4041,4.3306,2.6956,11.8268,1.9078,0.0515,-0.7157,0,1,0,0.32042,1
0.3884,4.2302,2.7461,12.7080,-2.3241,0.0362,-1.3895,0,1,1,1.26427,1
0.5084,4.8829,2.3670,12.1211,-3.0426,0.0074,-1.1712,0,1,1,0.67013,1
0.3886,4.0564,2.6949,12.7624,2.9058,0.0773,-1.5032,0,1,0,1.55204,1
0.4435,4.5140,2.5582,11.8219,0.0466,0.0052,-0.7299,0,1,0,0.29954,1
0.3681,4.0297,2.7927,12.0974,-2.9667,0.0583,-0.8611,0,1,0,0.84554,3
0.4596,4.9962,2.5992,11.7499,1.4475,0.0336,-0.7331,0,1,0,0.20308,1
0.3370,3.6886,2.8528,13.2731,2.7615,0.0242,-1.6088,0,1,0,2.28823,1
0.4400,4.6641,2.6107,12.6602,3.0310,0.0617,-1.5794,0,1,1,0.62437,1
0.4144,4.1213,2.5892,12.3122,1.6349,0.0025,-1.0837,0,1,0,1.02173,1
0.4052,4.0941,2.6250,11.8285,2.6383,0.0037,-0.6579,0,1,0,0.54734,3
0.3336,3.6398,2.8552,12.8553,2.3784,0.0311,-1.2869,0,1,1,1.61950,1
0.4149,4.2544,2.6231,11.8862,2.5853,0.0577,-0.7948,0,1,0,0.21329,3
0.3694,3.9125,2.7494,11.9524,-2.5122,0.0356,-0.7235,0,1,0,0.58008,3
0.3726,4.0294,2.7688,11.8659,2.3062,0.0181,-0.6426,0,1,0,0.49949,1
0.4284,4.2247,2.5530,11.7257,2.4728,0.0599,-0.6858,0,1,0,0.37683,1
0.3751,4.0943,2.7754,11.9071,-2.4654,0.0365,-0.7022,0,1,0,0.30695,1
0.4121,4.2432,2.6330,11.8781,-1.9006,0.0208,-0.7349,0,1,0,0.52729,3
0.3908,3.9839,2.6629,12.1190,2.9749,0.0292,-0.8953,0,1,0,0.64718,3
0.3798,4.0004,2.7224,11.8772,-3.0129,0.0283,-0.6784,0,1,0,0.54278,3
0.4216,4.4189,2.6347,12.0552,-2.2506,0.0109,-0.8940,0,1,0,0.79173,3
0.3570,3.8715,2.8024,11.7783,-2.9419,0.0326,-0.5668,0,1,0,0.50888,1
0.4136,4.2686,2.6329,11.6658,-2.4073,0.0367,-0.5813,0,1,0,0.27267,3
0.4210,4.4427,2.6439,11.9110,2.6339,0.1214,-0.9116,0,1,0,0.40056,1
0.5180,5.3253,2.4157,11.8111,1.0963,0.0084,-0.8761,0,1,0,0.33378,3
0.5802,5.6463,2.2284,12.0261,0.0969,0.0193,-1.2732,0,1,0,0.46567,1
0.3622,3.8740,2.7755,12.1677,2.8757,0.1152,-0.9770,0,1,1,0.50954,1
0.4681,4.4657,2.4400,11.9888,0.7285,0.0264,-0.9638,0,1,0,0.60986,1
0.4746,4.8788,2.5065,12.7467,-1.9460,0.0039,-1.7055,0,1,0,1.28230,1
0.3944,4.0547,2.6656,11.9226,-3.1352,0.0535,-0.7765,0,1,0,0.65239,3
0.4834,4.6613,2.4211,11.8916,1.0208,0.0169,-0.8920,0,1,0,0.31189,3
0.4784,5.2122,2.5617,11.8950,2.6525,0.0829,-0.9734,0,1,0,0.54460,1
0.4889,4.9940,2.4700,12.1346,-0.5669,0.0204,-1.1535,0,1,0,0.88330,1
0.4739,4.3698,2.3943,12.4661,0.0316,0.0086,-1.4204,0,2,0,0.99021,1
0.4516,4.8395,2.5997,12.1617,-2.0728,0.0343,-1.0992,0,1,1,0.74922,3
0.3921,4.2648,2.7371,11.6202,2.5660,0.0144,-0.4845,0,1,0,0.34255,1
0.4477,4.8868,2.6283,11.8469,1.9440,0.0224,-0.7844,0,1,0,0.38527,1
0.4322,4.7379,2.6653,12.1554,-2.9805,0.0132,-1.0134,0,1,0,0.72235,3
0.4223,4.2718,2.5932,12.8085,-2.7570,0.0107,-1.5683,1,2,1,1.33464,1
0.3667,3.9852,2.7861,11.5268,-2.1933,0.0785,-0.4538,0,1,0,0.24400,1
0.3774,3.9265,2.7127,11.8995,-1.9288,0.0074,-0.6636,0,1,0,0.70649,1
0.4126,4.0698,2.5836,11.9348,-2.0104,0.0585,-0.8321,0,1,0,0.45245,3
0.4147,4.5769,2.7095,13.3602,-2.8302,0.0548,-2.1379,0,1,1,1.63213,0
0.4612,4.4961,2.4763,12.1296,2.2189,0.0167,-1.0679,0,1,0,0.80361,1
0.5108,4.9490,2.3709,11.9345,-1.6966,0.0135,-0.9923,0,2,0,0.61956,1
0.3817,4.0980,2.7422,12.6091,2.7394,0.0955,-1.3713,0,1,2,1.18260,1
0.4508,4.7293,2.5773,11.9167,-0.8805,0.0083,-0.8352,0,1,0,0.31581,1
0.3455,3.7351,2.8206,12.8907,2.7555,0.1459,-1.5495,0,1,1,1.45708,1
0.3932,4.3299,2.7501,12.7738,2.9922,0.0286,-1.4526,0,1,0,1.43812,0
0.5238,5.3623,2.3992,12.2723,-0.7292,0.0007,-1.3699,0,1,0,0.74463,1
0.4622,5.0531,2.5998,12.4379,-3.1247,0.0194,-1.3764,0,1,1,0.89966,3
0.4684,4.6675,2.4853,12.8451,1.0313,0.0061,-1.7837,0,1,1,1.15989,1
0.4125,4.2747,2.6400,12.5758,-2.4665,0.0936,-1.4492,0,1,1,1.23600,1
0.4123,4.0661,2.5837,11.8174,1.6525,0.0315,-0.6978,0,1,0,0.41461,3
0.4100,4.2781,2.6527,11.7554,2.0812,0.0274,-0.6376,0,1,0,0.30778,3
0.3844,4.1611,2.7468,13.1707,-2.7627,0.0565,-1.8116,0,1,0,2.11612,1
0.4682,4.4887,2.4453,11.7713,2.3916,0.0277,-0.7595,0,1,0,0.34082,1
0.4669,4.4299,2.4368,11.6068,-0.0492,0.0322,-0.6097,0,1,0,0.24560,1
0.4873,4.6357,2.3994,11.7541,-1.6048,0.0326,-0.7861,0,1,0,0.21643,3
0.3940,4.1687,2.7005,11.9251,-2.9329,0.1197,-0.8630,0,1,0,0.42451,1
0.3754,3.9427,2.7279,12.0613,3.0297,0.1161,-0.9273,0,1,0,0.44756,1
0.3692,3.9403,2.7591,12.7913,2.0818,0.0238,-1.3657,0,1,3,1.06245,1
0.4938,4.6682,2.3803,11.9322,0.7170,0.0518,-1.0020,0,1,0,0.55016,1
0.5186,5.1250,2.3745,12.0400,2.1818,0.0051,-1.1109,0,1,0,0.72497,1
0.3945,4.1724,2.6989,12.2256,2.2313,0.0180,-0.9775,0,1,1,0.61604,1
0.4620,4.7430,2.5304,12.1693,-0.4791,0.0052,-1.0935,0,1,0,0.68190,1
0.4757,5.1902,2.5692,11.8337,2.2941,0.0603,-0.8784,0,1,0,0.41269,3
0.4736,5.0911,2.5573,12.1617,-2.1978,0.0315,-1.1556,0,1,0,0.44077,3
0.4127,4.1037,2.5926,11.8187,-2.6752,0.0699,-0.7486,0,1,0,0.51844,1
0.4109,4.1129,2.6031,12.1858,2.9667,0.0458,-1.0264,0,1,0,0.59069,1
0.3382,3.7210,2.8566,12.6396,2.5674,0.1334,-1.2976,0,1,0,1.32064,1
0.4902,4.4912,2.3560,11.8267,0.5159,0.0448,-0.8784,0,1,0,0.36151,1
0.3567,3.8307,2.7910,13.1424,-2.6455,0.0130,-1.5793,0,1,1,1.89304,1
0.3494,3.7664,2.8098,11.9211,2.8169,0.1393,-0.7898,0,1,1,0.52630,3
0.4156,4.1692,2.5967,12.5786,-1.7737,0.0171,-1.3441,1,1,0,1.35812,1
0.5237,4.7495,2.2802,11.7015,-0.1601,0.0432,-0.8146,0,1,0,0.14631,1
0.4646,4.4180,2.4438,12.0446,-0.0728,0.0025,-0.9752,0,1,0,0.40954,1
0.3691,3.9108,2.7504,12.5482,2.4724,0.0783,-1.2511,0,1,1,0.96038,1
0.3669,3.8503,2.7428,11.8231,2.1355,0.0590,-0.6504,0,1,0,0.21704,3
0.3942,4.2353,2.7185,13.2617,-2.3977,0.0405,-1.9129,0,2,0,2.03814,1
0.5011,4.6009,2.3370,11.6891,-0.2125,0.0304,-0.7439,0,1,0,0.16134,1
0.4237,4.2869,2.5905,11.9033,-3.0171,0.0565,-0.8267,0,1,0,0.19614,1
0.3819,3.9224,2.6885,11.8153,-2.0146,0.0059,-0.6061,0,1,0,0.50436,1
0.3746,4.0323,2.7592,12.6604,2.8059,0.1074,-1.4077,0,1,0,1.20813,1
0.3987,4.3129,2.7176,11.9374,2.4720,0.0772,-0.8284,0,1,0,0.67546,3
0.4203,4.1751,2.5766,11.5724,-3.1114,0.0132,-0.4856,0,1,0,0.21995,3
0.4075,4.4312,2.7060,11.9520,-1.6865,0.0661,-0.8459,0,1,0,0.55707,1
0.4654,4.6073,2.4845,11.7418,1.8246,0.0258,-0.7250,0,1,0,0.21891,3
0.4064,4.4801,2.7249,11.7064,2.8533,0.1549,-0.7475,0,1,0,0.47507,0
0.6132,6.0774,2.1714,12.3724,-1.1996,0.0029,-1.7762,0,1,0,0.65994,1
0.3724,3.9075,2.7322,12.0201,2.8817,0.0697,-0.8264,0,1,1,0.65991,3
0.4063,4.1135,2.6249,12.4946,-2.6342,0.0180,-1.2400,0,1,0,0.47980,1
0.4537,4.6807,2.5528,12.2911,-2.8020,0.0025,-1.1817,0,1,0,0.88833,1
0.4085,4.0541,2.5983,11.4373,2.3956,0.0044,-0.3505,0,0,0,0.00000,3
0.4147,4.1533,2.5966,11.7095,2.2118,0.0090,-0.5847,0,1,0,0.38605,3
0.4993,4.8313,2.3927,12.5953,-2.2243,0.0208,-1.6655,0,1,1,0.98593,1
0.4860,4.7240,2.4240,11.7781,0.3992,0.0142,-0.7838,0,1,0,0.28250,1
0.4397,4.2811,2.5170,11.8487,-2.3401,0.0194,-0.7633,0,1,0,0.40839,3
0.5324,5.3204,2.3566,11.8764,-0.8128,0.0296,-1.0030,0,1,0,0.38511,3
0.3897,4.0662,2.6922,12.4145,1.9518,0.0524,-1.1693,0,1,0,1.08404,1
0.5545,5.3269,2.2717,11.7140,-0.3724,0.0857,-0.9440,0,1,0,0.25554,1
0.4673,4.7395,2.5066,11.9581,-0.6390,0.0157,-0.9197,1,1,0,0.33527,1
0.4659,4.5494,2.4689,11.9307,-3.0783,0.0060,-0.8766,0,1,0,0.22454,3
0.5051,5.2348,2.4513,12.1144,1.8550,0.0542,-1.2239,0,1,0,0.65973,3
0.3871,4.2683,2.7636,13.1267,2.9961,0.0828,-1.8306,0,1,1,2.09945,0
0.4113,4.4992,2.7054,11.7081,2.8042,0.1488,-0.7503,0,1,0,0.28428,1
0.4076,4.0798,2.6097,12.0238,-2.4179,0.0789,-0.9238,0,1,0,0.55043,1
0.4306,4.6473,2.6506,11.5555,-1.7658,0.0691,-0.5545,0,1,0,0.26684,1
0.4951,4.5826,2.3566,11.5615,0.1827,0.0445,-0.6261,0,1,0,0.20510,1
0.4360,4.4891,2.5859,12.2110,-0.9549,0.0028,-1.0575,0,1,0,0.64577,1
0.4354,4.3098,2.5434,12.0380,2.4224,0.0132,-0.9140,0,1,0,0.51131,1
0.4346,4.5426,2.6060,12.5161,-2.6719,0.0077,-1.3394,0,1,0,1.21685,1
0.4985,5.1082,2.4533,12.3049,2.0256,0.0041,-1.3327,1,1,0,0.29689,1
0.3673,3.8353,2.7362,12.5978,1.7529,0.0319,-1.2152,0,1,1,1.10849,1
0.3744,3.9207,2.7260,11.6449,-3.1048,0.0062,-0.4657,0,1,0,0.18717,1
0.4633,4.4382,2.4541,12.5086,0.7246,0.0054,-1.4235,0,1,1,1.24650,1
0.4896,5.2679,2.5242,12.0735,-2.1403,0.0472,-1.1317,0,1,0,0.46814,3
0.4841,4.9708,2.4856,12.2343,2.0072,0.0091,-1.2247,0,0,0,0.00000,1
0.4025,4.3501,2.7088,11.9013,-2.0098,0.0687,-0.7958,0,1,0,0.27244,3
0.3364,3.7063,2.8623,12.3738,3.1373,0.1469,-1.1062,0,1,0,1.23216,0
0.4142,4.2909,2.6361,11.8315,1.2951,0.0066,-0.6823,0,1,0,0.34334,1
0.4643,4.3091,2.4193,12.1579,-1.3666,0.0046,-1.0841,0,1,0,0.62855,1
0.3828,3.9190,2.6829,12.8324,-1.8730,0.0237,-1.4534,0,2,1,1.24765,1
0.4300,4.5999,2.6414,12.1171,-1.9474,0.0261,-0.9902,0,1,0,0.77719,1
0.4192,4.5544,2.6814,12.9852,-2.5028,0.0047,-1.7113,0,1,1,1.58811,1
0.4575,4.4864,2.4902,12.4495,1.2709,0.0046,-1.3461,0,1,3,1.63951,1
0.5038,4.7618,2.3603,11.8586,-2.9903,0.0029,-0.8840,0,1,0,0.49274,1
0.4467,4.4557,2.5296,12.5937,1.4241,0.0094,-1.4560,0,1,0,1.41081,1
0.4152,4.4697,2.6789,12.2905,-2.8679,0.0756,-1.1721,0,1,0,0.89699,1
0.4926,4.4603,2.3398,11.7960,-0.7353,0.0082,-0.8041,0,1,0,0.38133,1
0.4552,4.7698,2.5671,11.9805,1.7009,0.0289,-0.9309,0,1,0,0.47470,3
0.4054,4.1453,2.6385,11.9076,2.1820,0.0074,-0.7278,0,1,0,0.35352,1
0.4333,4.5106,2.6036,11.7654,1.9381,0.0089,-0.6659,0,1,0,0.39065,1
0.4279,4.3626,2.5909,11.9069,2.8908,0.0547,-0.8366,0,1,0,0.69930,1
0.3987,4.1188,2.6632,12.0066,-2.0807,0.0146,-0.8035,0,1,0,0.38325,1
0.3640,3.9527,2.7904,12.3781,2.0873,0.0438,-1.0483,0,1,1,0.96495,1
0.4676,5.0356,2.5718,12.5989,2.6753,0.0415,-1.5891,0,1,0,1.24113,1
0.4041,4.2979,2.6868,12.0962,-2.2989,0.0211,-0.8995,0,1,0,0.71808,3
0.4660,4.7974,2.5256,13.0405,-2.7697,0.0309,-2.0213,0,1,1,1.45849,1
0.3708,3.9708,2.7599,12.0742,-2.5533,0.0147,-0.7922,0,1,1,0.67490,1
0.3996,4.2251,2.6889,12.9092,2.7727,0.0155,-1.5752,0,1,0,1.44485,1
0.4335,4.5547,2.6137,12.1091,2.5175,0.0680,-1.0486,0,1,0,0.72265,1
0.4171,4.2281,2.6058,12.0416,2.5308,0.0670,-0.9459,0,1,0,0.72373,1
0.3452,3.8052,2.8455,12.7871,-2.9707,0.1252,-1.4284,0,1,0,1.61102,0
0.4092,4.0612,2.5968,12.4912,-2.6814,0.0193,-1.2482,0,1,1,1.05793,1
0.5279,4.8639,2.2869,12.1916,-1.2837,0.0355,-1.3401,0,1,0,0.69287,1
0.4137,4.2291,2.6217,12.0261,-2.2061,0.0013,-0.8368,0,1,0,0.63847,1
0.4625,4.6943,2.5173,12.4564,-3.0633,0.0152,-1.3868,0,1,1,0.93063,1
0.4196,4.1233,2.5657,11.8282,-2.6449,0.0568,-0.7535,0,1,0,0.52738,1
0.5148,5.4626,2.4554,12.1978,1.8661,0.0131,-1.2826,0,1,0,0.75305,3
0.4510,4.6718,2.5628,11.8744,-2.7397,0.0646,-0.8697,0,1,0,0.29073,1
0.3567,3.8648,2.8020,11.6064,3.0271,0.1260,-0.5541,0,1,0,0.15782,3
0.4142,4.2281,2.6193,12.2285,-3.0654,0.0571,-1.0885,0,1,0,0.98041,1
0.4257,4.2805,2.5796,12.8686,2.2270,0.0148,-1.6451,0,1,0,1.77188,1
0.4576,4.8226,2.5686,12.3463,-3.1092,0.0123,-1.2610,0,1,0,0.98310,1
0.4677,4.8584,2.5318,12.1038,-0.9689,0.0100,-1.0528,0,1,0,0.45978,1
0.3615,3.8439,2.7693,12.6626,2.9072,0.0278,-1.2400,0,1,1,1.32067,1
0.3943,4.0418,2.6626,12.5074,-2.4678,0.0831,-1.3095,0,1,0,1.35494,1
0.3619,3.9205,2.7917,12.5756,-2.3281,0.0380,-1.1879,0,1,0,1.29983,1
0.3990,4.0226,2.6341,11.8507,-1.2848,0.0173,-0.6811,0,1,0,0.38522,1
0.3939,4.0552,2.6685,11.6629,-2.4769,0.0007,-0.5030,0,1,0,0.18578,1
0.5614,5.5845,2.2900,11.7517,0.6317,0.0741,-0.9860,0,1,0,0.32382,1
0.4064,4.1773,2.6422,11.7345,2.7908,0.0026,-0.5831,0,1,0,0.26539,1
0.4652,4.8701,2.5456,12.3370,-1.7597,0.0194,-1.2856,0,1,0,1.04558,1
0.4317,4.3951,2.5819,11.6851,2.1225,0.0188,-0.6057,0,1,0,0.36225,3
0.4351,4.7190,2.6472,12.1019,2.5404,0.0443,-1.0143,0,1,0,0.86451,3
0.4665,4.7604,2.5150,11.8047,1.0524,0.0043,-0.7588,0,1,0,0.29053,1
0.4160,4.4907,2.6804,11.8880,2.7436,0.1138,-0.8707,0,1,0,0.38409,1
0.4881,4.9606,2.4662,11.8004,-2.4615,0.0500,-0.8571,0,1,0,0.23923,1
0.4556,4.2778,2.4481,11.7723,-2.4085,0.0167,-0.7216,0,1,0,0.22811,1
0.4445,4.5222,2.5560,11.9133,2.2186,0.0451,-0.8656,0,1,0,0.49932,3
0.3340,3.6347,2.8509,13.1718,2.4920,0.0205,-1.5099,0,1,3,1.76970,0
0.4257,4.5170,2.6408,12.4293,-2.5341,0.0060,-1.2289,0,1,0,1.15467,1
0.4646,4.4222,2.4445,11.7601,0.2060,0.0181,-0.7297,0,1,0,0.46942,1
0.3400,3.7305,2.8497,13.1622,-2.9896,0.0332,-1.5528,0,1,0,2.01120,1
0.4033,4.0657,2.6259,12.0785,-2.8360,0.0648,-0.9411,0,1,0,0.75504,1
0.3593,3.9676,2.8207,13.2650,2.9906,0.0985,-1.8477,0,1,1,2.04513,0
0.3602,3.8419,2.7758,11.8164,1.9138,0.0382,-0.6070,0,1,0,0.41191,1
0.3977,4.2397,2.7023,12.4106,2.3262,0.0245,-1.1507,0,1,0,1.10176,1
0.5110,5.2896,2.4378,11.7944,1.2637,0.0283,-0.8702,0,1,0,0.28648,3
0.4568,4.6752,2.5379,11.8250,2.2371,0.0229,-0.7821,0,1,0,0.57565,3
0.5002,5.3927,2.5039,11.9884,-2.8336,0.0025,-1.0117,0,1,0,0.43137,3
0.4803,4.6775,2.4377,11.9315,1.5857,0.0165,-0.9235,0,1,0,0.39113,3
0.4668,5.0445,2.5771,12.7138,2.5416,0.0791,-1.7640,0,1,1,1.15894,1
0.4704,4.4679,2.4313,11.9819,2.1154,0.0167,-0.9489,0,1,0,0.24205,1
0.5851,5.8483,2.2423,12.4886,0.6418,0.0709,-1.9343,0,1,1,0.98705,1
0.3536,3.7507,2.7813,12.0855,-2.7010,0.1244,-0.9045,0,1,0,0.26015,1
0.4411,4.4859,2.5621,11.7305,3.0016,0.0033,-0.6423,0,1,0,0.31172,3
0.4398,4.3508,2.5343,11.8500,-1.0053,0.0090,-0.7514,0,1,0,0.46298,1
0.4203,4.4986,2.6620,11.8957,2.6873,0.0403,-0.7923,0,1,0,0.26335,3
0.3565,3.8545,2.7998,12.0899,2.9608,0.1313,-0.9233,0,1,0,0.46017,1
0.4320,4.1816,2.5256,11.7983,-2.3921,0.0215,-0.7064,0,1,0,0.50969,3
0.5683,5.1977,2.1976,11.6052,0.5959,0.0753,-0.8325,0,1,0,0.26433,3
0.3591,3.8881,2.7963,12.5760,2.8696,0.0109,-1.1384,0,1,0,1.46458,1
0.4001,4.3777,2.7283,11.7262,-2.4246,0.0229,-0.5913,0,1,0,0.34188,1
0.4588,4.9671,2.5962,13.2840,-2.5906,0.0310,-2.2445,0,1,1,2.02913,1
0.3572,3.8958,2.8093,12.5482,2.7245,0.0231,-1.1285,0,1,0,1.17394,1
0.4143,4.5451,2.7030,12.5998,2.5440,0.0262,-1.3742,0,1,1,1.21117,1
0.4390,4.8087,2.6508,11.7224,-2.9011,0.0112,-0.6427,0,1,0,0.32462,1
0.5749,5.5551,2.2332,12.3115,0.7007,0.0236,-1.6051,0,1,0,0.83454,1
0.4360,4.3294,2.5459,11.5523,1.2975,0.0432,-0.5278,0,1,0,0.21810,1
0.4804,4.3680,2.3673,11.8088,-1.4364,0.0253,-0.8149,0,1,0,0.23043,1
0.3505,3.8694,2.8375,13.0519,-2.7334,0.0534,-1.5473,0,1,1,1.49800,0
0.3492,3.7279,2.7980,13.2244,3.0412,0.0313,-1.6430,0,1,1,2.12157,1
0.5173,5.5569,2.4627,12.5037,-2.6804,0.0245,-1.6406,0,1,0,1.05520,1
0.3741,3.8706,2.7124,12.0354,-2.8541,0.0739,-0.8478,0,1,0,0.69437,3
0.4520,4.9252,2.6176,11.9918,-2.7353,0.0100,-0.9099,0,1,0,0.44753,3
0.3707,4.0795,2.7941,12.3860,3.1073,0.0647,-1.1042,0,1,0,1.22066,3
0.4997,5.2952,2.4865,12.0049,-2.9310,0.0388,-1.0753,0,1,0,0.42034,1
0.3617,3.8603,2.7737,12.4035,-3.0977,0.0985,-1.1392,0,1,1,1.01855,1
0.4649,4.9972,2.5754,12.3513,3.0267,0.0622,-1.3614,0,1,1,0.90541,1
0.4900,4.6635,2.3944,12.2328,-1.6616,0.0173,-1.2494,0,1,0,0.73272,1
0.4262,4.1643,2.5471,11.4055,-1.3119,0.0035,-0.3442,0,1,0,0.20495,3
0.3965,4.3311,2.7335,11.8627,-2.6554,0.0572,-0.7372,0,1,0,0.38073,3
0.5989,5.4858,2.1340,12.3533,0.7072,0.0259,-1.7345,0,1,0,0.91427,1
0.5000,4.8948,2.4032,12.7159,-2.5795,0.0039,-1.7705,0,1,1,1.24261,1
0.4658,4.4261,2.4406,12.2322,0.2914,0.0023,-1.1571,0,1,1,0.96163,1
0.5365,5.4018,2.3552,11.7887,-1.4875,0.0068,-0.8881,0,1,0,0.48939,3
0.4222,4.3208,2.6064,11.8906,-2.3043,0.0347,-0.7843,0,1,0,0.61235,3
0.4783,5.2338,2.5668,12.8082,2.6822,0.0730,-1.9003,0,1,0,1.58277,1
0.4692,4.5172,2.4476,11.7633,-0.8260,0.0338,-0.7618,0,1,0,0.33408,1
0.3857,4.0061,2.6945,11.7360,-1.6183,0.0163,-0.5653,0,1,0,0.44397,1
0.5713,5.4755,2.2336,12.1909,-0.3592,0.0172,-1.4398,0,1,0,0.52639,1
0.4351,4.5635,2.6088,12.9714,-2.4486,0.0251,-1.8022,0,1,1,1.55259,1
0.3944,4.3162,2.7402,13.2684,-2.6908,0.0286,-1.8975,0,1,1,2.08450,1
0.4243,4.5341,2.6519,12.6491,-1.6088,0.0481,-1.4890,0,1,0,0.51585,1
0.4781,4.3723,2.3776,11.6753,2.1575,0.0081,-0.6611,0,1,0,0.40019,1
0.4428,4.2545,2.4969,11.8689,-1.9648,0.0368,-0.8101,0,1,0,0.55078,3
0.4615,4.6900,2.5205,12.2193,-0.9735,0.0318,-1.1773,0,1,0,0.55683,1
0.4371,4.7225,2.6388,12.1304,-2.3870,0.0881,-1.1047,0,1,1,0.77595,3
0.4564,4.8616,2.5826,12.2447,2.5493,0.0311,-1.1872,0,1,0,0.74365,3
0.3889,4.0517,2.6919,12.6531,-1.9082,0.0045,-1.2949,0,1,2,1.66128,1
0.4540,4.2789,2.4548,12.2023,0.8379,0.0180,-1.1183,0,1,0,0.39865,1
0.4436,4.5307,2.5617,11.8792,1.4587,0.0046,-0.7803,0,1,0,0.51654,1
0.4103,4.1518,2.6166,11.6478,-2.8738,0.0696,-0.6013,0,1,0,0.36702,1
0.4256,4.6476,2.6746,11.8210,2.7392,0.1583,-0.8878,0,1,0,0.42587,1
0.4738,4.8574,2.5049,11.8133,-2.9531,0.0298,-0.8147,0,1,0,0.38084,1
0.3585,3.8379,2.7837,12.5920,-3.0901,0.0341,-1.1832,0,1,1,1.47161,1
0.4573,4.2810,2.4417,11.5990,1.3426,0.0471,-0.6055,0,1,0,0.15928,3
0.3964,3.9800,2.6347,11.8806,1.4944,0.0494,-0.7411,0,1,0,0.68090,1
0.3904,4.1431,2.7112,11.9720,-2.6001,0.0539,-0.8083,0,1,0,0.79220,3
0.3484,3.7467,2.8083,12.2421,2.6205,0.0277,-0.8783,0,1,0,0.83971,1
0.3916,4.2582,2.7381,13.1393,2.8957,0.0499,-1.8053,0,1,1,1.84929,1
0.4457,4.2704,2.4881,12.1200,-2.9690,0.0172,-1.0187,0,1,0,0.24604,1
0.4070,4.2337,2.6552,12.5060,-2.3538,0.0052,-1.2335,1,1,1,0.78490,1
0.3537,3.7833,2.7919,11.7741,2.0558,0.0640,-0.5962,0,1,0,0.43014,1
0.4704,4.5637,2.4533,11.8828,-1.3240,0.0223,-0.8626,0,1,0,0.49758,3
0.3809,4.1823,2.7709,13.2216,-2.5363,0.0225,-1.7783,0,1,0,2.08087,1
0.3663,3.8199,2.7367,12.1215,-1.9186,0.0273,-0.8337,0,1,1,0.63437,1
0.4882,4.4258,2.3493,12.4082,0.0913,0.0284,-1.4395,0,1,0,1.13145,1
0.4564,5.0017,2.6148,11.8472,2.3306,0.1247,-0.9331,0,1,0,0.50017,3
0.4183,4.2883,2.6159,11.8996,-2.6399,0.0160,-0.7596,0,1,0,0.47734,3
0.4227,4.1876,2.5691,11.5964,-2.4663,0.0248,-0.5231,0,1,0,0.38356,3
0.4976,4.7863,2.3902,11.7841,-1.0793,0.0041,-0.7991,0,1,0,0.44194,3
0.3987,4.2803,2.7084,12.2905,-1.8832,0.0169,-1.0419,0,1,0,0.54875,1
0.5693,5.5533,2.2541,12.2046,-0.2649,0.0331,-1.4747,0,1,0,0.52732,1
0.3995,4.1773,2.6757,12.0209,2.0424,0.0105,-0.8118,0,1,0,0.61366,1
0.4208,4.4162,2.6381,11.9871,2.7541,0.0995,-0.9499,0,1,0,0.41805,1
0.3651,3.9595,2.7865,12.0790,-2.4045,0.1089,-0.9063,0,1,0,0.29323,3
0.4555,4.8750,2.5901,12.2372,2.8574,0.0312,-1.1775,0,1,0,1.07912,3
0.4048,4.1398,2.6396,11.8407,1.3970,0.0020,-0.6652,0,1,0,0.30054,1
0.3625,3.9073,2.7843,11.6795,2.8872,0.0740,-0.5543,0,1,0,0.43473,3
0.5295,4.9153,2.2908,12.4406,-0.5130,0.0668,-1.6736,0,1,0,0.80392,1
0.5524,5.0865,2.2365,11.9466,-0.6577,0.0324,-1.1276,0,1,0,0.39885,1
0.4955,4.5948,2.3576,11.9254,0.5120,0.0387,-0.9809,0,1,0,0.50397,1
0.4606,4.4555,2.4696,11.7396,-1.7462,0.0019,-0.6829,0,1,0,0.17998,3
0.3825,4.0643,2.7278,12.1899,-3.0430,0.1087,-1.0401,0,1,0,0.65079,1
0.6043,5.9701,2.1886,11.8564,0.6745,0.0579,-1.1821,0,1,0,0.28224,3
0.4150,4.4028,2.6621,11.7169,-2.6859,0.0629,-0.6586,0,1,0,0.25340,3
0.3886,3.9383,2.6604,12.0745,-2.6607,0.0323,-0.8579,0,1,0,0.38631,3
0.4999,5.1571,2.4574,12.1265,-1.6085,0.0288,-1.1869,0,1,0,0.48100,3
0.4084,4.1963,2.6378,11.5809,-2.9618,0.0411,-0.5091,0,1,0,0.18279,3
0.4274,4.5732,2.6469,12.0296,-2.4234,0.0092,-0.8839,0,1,0,0.78195,1
0.5728,5.8790,2.2947,12.0797,0.2325,0.0348,-1.3414,0,1,0,0.53970,1
0.3821,4.1495,2.7552,11.7341,-2.4336,0.0414,-0.5887,0,1,0,0.34555,1
0.3575,3.8078,2.7793,11.8826,-2.8823,0.1062,-0.7358,0,1,0,0.15202,3
0.4553,4.3401,2.4642,11.7095,2.3409,0.0307,-0.6823,0,1,0,0.30342,1
0.4197,4.3955,2.6379,11.9014,2.3065,0.0615,-0.8230,0,1,1,0.36487,3
0.4239,4.6717,2.6887,12.1409,2.6676,0.0112,-0.9759,0,1,0,0.62734,0
0.4316,4.2421,2.5432,11.5008,1.0499,0.0458,-0.4806,0,1,0,0.16308,1
0.3650,3.8578,2.7553,12.5108,-3.1159,0.0053,-1.0989,0,1,1,0.87723,1
0.5229,5.5533,2.4388,13.2068,1.9649,0.0174,-2.4585,0,2,0,1.72805,1
0.3787,4.1003,2.7579,12.0927,2.4670,0.1318,-0.9811,0,1,0,0.87788,3
0.4513,4.6673,2.5603,12.0547,2.4931,0.0593,-1.0314,0,1,0,0.66664,1
0.4818,5.2652,2.5578,13.0103,-2.0273,0.0088,-2.0246,0,1,0,1.52521,1
0.4161,4.2102,2.6054,12.1832,-2.9268,0.0408,-1.0311,0,1,0,0.55992,1
0.3688,3.8711,2.7397,12.1881,2.0117,0.0482,-0.9196,0,2,1,0.70597,1
0.5410,5.3465,2.3274,12.3218,0.7831,0.0691,-1.5791,0,1,0,0.79553,1
0.5321,5.1811,2.3318,11.6436,-2.6202,0.0082,-0.7266,0,1,0,0.29193,1
0.4902,5.2025,2.5082,12.5492,2.2884,0.0079,-1.5673,0,1,1,0.91495,1
0.4303,4.6760,2.6593,12.1048,-1.6994,0.0132,-0.9628,0,1,1,0.56700,1
0.4414,4.8544,2.6501,12.1444,-2.8936,0.1103,-1.1595,0,1,1,0.46072,1
0.4535,4.6953,2.5571,11.7756,3.0126,0.0381,-0.7499,0,1,0,0.41820,1
0.3770,4.1289,2.7754,11.8991,-2.2763,0.0575,-0.7267,0,1,0,0.33169,1
0.3777,3.9847,2.7288,12.0241,2.1116,0.0168,-0.7724,0,1,0,0.45998,1
0.5200,5.2681,2.3963,12.0010,-1.9367,0.0051,-1.0745,0,1,0,0.41618,3
0.4396,4.3848,2.5435,11.8376,1.1069,0.0511,-0.7947,0,1,0,0.48654,1
0.4618,5.0691,2.6055,11.5078,2.5357,0.0054,-0.4819,0,1,0,0.23295,1
0.4166,4.3728,2.6465,12.2504,2.6831,0.0409,-1.0919,0,1,0,0.77671,3
0.5275,5.0710,2.3287,11.8861,1.4690,0.0387,-1.0135,0,1,0,0.37376,3
0.3612,3.7946,2.7555,12.3963,2.8936,0.1094,-1.1480,0,1,0,1.19152,1
0.3898,4.0165,2.6774,12.0207,2.6064,0.0766,-0.8763,0,1,0,0.61956,1
0.3852,4.2426,2.7663,13.0147,-3.0363,0.0092,-1.5956,0,1,1,1.92325,0
0.5273,5.3852,2.3893,11.9766,-1.1294,0.0034,-1.0642,0,1,0,0.25583,3
0.4646,4.6166,2.4900,12.7819,-2.0675,0.0088,-1.7083,0,1,1,1.53883,1
0.4313,4.6784,2.6551,11.8638,-2.4585,0.0595,-0.8123,0,1,0,0.22853,3
0.4664,4.9259,2.5526,11.8238,1.6011,0.0173,-0.7942,0,1,0,0.47952,1
0.4213,4.3082,2.6073,11.9739,-1.6021,0.0436,-0.8658,0,1,0,0.48912,1
0.5639,5.2436,2.2217,12.0081,-0.1192,0.0755,-1.2876,0,1,0,0.34926,1
0.4540,4.6700,2.5489,11.4879,2.6579,0.0350,-0.4875,0,1,0,0.17696,3
0.3767,3.9655,2.7278,11.8299,-2.9513,0.1295,-0.7629,0,1,0,0.46033,1
0.5278,5.3113,2.3731,11.9102,-2.0101,0.0319,-1.0324,0,1,0,0.25989,1
0.4205,4.3985,2.6349,12.4810,-2.0817,0.0183,-1.2760,0,1,0,1.19600,1
0.4929,4.5326,2.3543,12.3146,1.7155,0.0167,-1.3396,0,1,1,0.98615,1
0.3424,3.7010,2.8262,13.2768,2.5446,0.0520,-1.6903,0,1,1,2.05882,1
0.3858,4.2574,2.7676,13.0802,-2.4535,0.0391,-1.7063,0,1,0,2.00604,0
0.3861,3.9221,2.6677,11.9899,3.1078,0.0743,-0.8399,0,1,0,0.37478,1
0.4187,4.1963,2.5898,11.8956,-1.3512,0.0597,-0.8133,0,1,0,0.54820,1
0.4216,4.6467,2.6936,12.7347,-2.2297,0.0039,-1.4894,0,1,1,1.52010,0
0.4232,4.3504,2.6097,12.4599,-2.0921,0.0247,-1.2751,0,1,0,1.09168,1
0.3723,4.0902,2.7887,11.8906,-2.4777,0.0340,-0.6808,0,1,0,0.18753,1
0.4037,4.0472,2.6189,11.9393,2.3479,0.0915,-0.8599,0,1,1,0.44680,1
0.3826,4.1436,2.7509,12.9963,2.5574,0.0113,-1.5717,1,2,1,1.65379,1
0.3989,4.1711,2.6770,11.7741,-2.6926,0.1374,-0.7698,0,1,0,0.22501,1
0.4523,4.9379,2.6189,12.1612,-1.9960,0.0341,-1.1011,0,1,0,0.41872,3
0.4075,4.2872,2.6674,11.8440,-2.8925,0.0588,-0.7457,0,1,0,0.21162,3
0.5694,5.7114,2.2804,11.7299,0.7145,0.0006,-0.8823,0,1,0,0.21890,3
0.4398,4.2525,2.5094,12.0420,2.2845,0.0340,-0.9561,0,1,0,0.61959,1
0.5164,4.7892,2.3164,11.9253,-0.1993,0.0621,-1.0607,0,1,0,0.28121,1
0.3760,4.0456,2.7560,12.0041,-2.2126,0.0379,-0.7807,0,1,0,0.67318,1
0.4511,4.7982,2.5920,12.5259,-2.9594,0.0059,-1.4034,0,1,1,1.29864,1
0.3865,4.2340,2.7571,12.1331,-2.8529,0.0257,-0.8919,0,1,0,0.76275,1
0.5340,5.2372,2.3346,11.9895,-2.6339,0.0006,-1.0889,0,1,0,0.69492,1
0.4286,4.3869,2.5942,12.4989,-1.3960,0.0318,-1.3393,0,1,0,1.14873,1
0.4870,4.8883,2.4557,11.8797,-0.1121,0.0191,-0.8922,0,1,0,0.44437,1
0.3516,3.8492,2.8247,11.6992,2.2097,0.0632,-0.5381,0,1,0,0.43399,1
0.4407,4.7359,2.6251,11.9513,3.0936,0.0124,-0.8498,0,1,0,0.48097,3
0.4503,4.6027,2.5493,12.4540,2.0759,0.0207,-1.3528,0,1,1,0.87509,1
0.3654,3.9226,2.7738,13.1216,-2.4187,0.0201,-1.6149,0,1,2,1.83145,1
0.3586,3.8960,2.8014,12.6489,2.5584,0.0244,-1.2137,0,1,0,1.47369,1
0.4074,4.1832,2.6390,12.2890,2.6458,0.0321,-1.0865,0,1,1,1.03232,1
0.5257,5.5618,2.4288,12.2156,0.5929,0.0063,-1.3236,0,1,0,0.55305,1
0.4184,4.5782,2.6916,13.0909,2.4368,0.0042,-1.8055,1,3,1,1.49697,1
0.5314,5.6308,2.4179,12.3134,-2.7728,0.0334,-1.4882,0,1,1,0.82380,1
0.4092,4.0365,2.5898,12.1718,2.3253,0.0574,-1.0258,0,1,0,0.93476,0
0.4260,4.4929,2.6332,12.0444,2.2088,0.0068,-0.8899,0,1,0,0.35894,1
0.4111,4.2575,2.6420,11.6761,1.8589,0.0380,-0.5873,0,1,0,0.38011,3
0.5396,5.6164,2.3819,11.7900,-2.9072,0.0209,-0.9155,0,1,0,0.25781,1
0.3649,3.9682,2.7906,12.9146,-2.4644,0.0821,-1.5447,0,1,1,1.73034,1
0.4513,4.3131,2.4745,11.8825,-1.7044,0.0216,-0.8203,0,1,0,0.54614,1
0.5729,5.3421,2.2051,11.8214,-1.4925,0.0374,-1.0396,0,1,1,0.35265,1
0.3287,3.6074,2.8717,12.0509,2.9058,0.0800,-0.7617,0,2,0,0.72979,3
0.4540,4.7110,2.5584,11.8996,-3.1137,0.0036,-0.8202,0,1,0,0.37105,3
0.4581,4.4302,2.4742,12.0074,0.7119,0.0163,-0.9440,0,1,0,0.32944,1
0.3923,4.0478,2.6743,12.2187,2.2865,0.0882,-1.0628,0,1,0,0.80560,3
0.4124,4.3751,2.6672,11.8895,1.7338,0.0135,-0.7361,0,1,0,0.44229,1
0.3629,3.9421,2.7930,12.7604,-2.5374,0.0809,-1.4062,1,2,0,1.05907,1
0.4580,4.8838,2.5808,11.7169,2.3714,0.0909,-0.7708,0,1,0,0.15343,1
0.4323,4.1620,2.5192,12.1723,1.7290,0.0394,-1.0623,0,1,1,0.83400,1
0.4463,4.4933,2.5407,11.9368,-2.7095,0.0460,-0.8920,0,1,0,0.48744,1
0.3673,3.9815,2.7819,11.9578,-2.5727,0.0922,-0.7956,0,1,0,0.74332,3
0.3553,3.9064,2.8230,12.5259,-2.7719,0.0187,-1.0987,0,1,1,1.40619,1
0.4496,4.5626,2.5428,11.7310,2.4817,0.0402,-0.7044,0,1,0,0.41803,1
0.4088,4.3577,2.6800,12.1372,-1.8333,0.0416,-0.9737,0,1,0,0.59924,1
0.5181,5.4151,2.4323,12.0861,-0.6672,0.0089,-1.1662,0,1,1,0.79502,1
0.5016,5.0409,2.4268,11.9121,1.3842,0.0337,-0.9766,0,1,0,0.58956,3
0.5159,4.6913,2.2983,11.8897,-1.2174,0.0207,-0.9651,0,1,0,0.33957,1
0.3946,4.2648,2.7246,12.5991,-2.6306,0.0957,-1.4088,0,1,0,1.11222,1
0.4134,4.2413,2.6267,12.4149,-2.2262,0.0232,-1.2013,0,2,0,0.61790,1
0.4448,4.4631,2.5400,11.8499,2.6700,0.0253,-0.7829,0,1,0,0.38638,3
0.4482,4.2796,2.4798,11.8537,2.9982,0.0201,-0.7856,0,0,0,0.00000,1
0.4756,4.9501,2.5176,11.6233,-1.8173,0.0425,-0.6537,0,1,0,0.37299,3
0.4736,4.5915,2.4460,11.9095,0.2955,0.0160,-0.8867,0,1,0,0.33692,1
0.4421,4.3558,2.5251,12.0237,-3.1302,0.0226,-0.9300,0,1,0,0.56218,1
0.3826,4.0382,2.7195,11.7897,-2.8641,0.1217,-0.7324,0,1,1,0.38744,1
0.5642,5.7711,2.3106,12.0877,0.3200,0.0428,-1.3385,0,1,0,0.32022,1
0.4104,4.2000,2.6295,11.7175,-1.1965,0.0016,-0.5750,0,1,0,0.42752,1
0.4294,4.3062,2.5695,11.9412,2.9100,0.0053,-0.8048,0,1,0,0.52531,3
0.4054,4.2948,2.6795,12.1148,-2.4199,0.0864,-1.0063,0,1,0,0.26459,3
0.3554,3.7866,2.7834,11.9873,-2.4414,0.0920,-0.7918,0,1,0,0.74417,3
0.5746,5.9246,2.2948,11.9036,2.0245,0.0024,-1.0959,0,1,0,0.24313,3
0.4892,5.0341,2.4774,11.8953,2.6203,0.0538,-0.9589,0,1,0,0.20358,1
0.3648,3.9517,2.7856,12.4527,-2.9034,0.0586,-1.1306,0,1,1,1.11636,3
0.3568,3.8015,2.7810,12.0627,-2.6604,0.1117,-0.8777,0,1,0,0.41530,3
0.4580,4.7479,2.5495,12.2420,2.2349,0.0051,-1.1516,0,1,0,0.93564,3
0.3611,3.9357,2.8008,11.9770,-2.6570,0.1477,-0.8680,0,1,0,0.56007,3
0.4179,4.3049,2.6221,11.7895,1.8608,0.0130,-0.6623,0,1,0,0.45803,1
0.3695,4.0157,2.7808,11.9462,3.0146,0.0939,-0.7935,0,1,0,0.20496,3
0.3933,4.0575,2.6719,11.5526,-2.7134,0.0265,-0.4477,0,1,0,0.16565,3
0.3974,4.0481,2.6495,11.8229,-2.2300,0.0482,-0.6949,0,1,0,0.46103,3
0.3753,3.8968,2.7139,11.6895,1.9140,0.0624,-0.5686,0,1,0,0.40790,1
0.3359,3.6752,2.8540,12.0905,2.8031,0.1605,-0.9120,0,1,0,0.65042,3
0.3610,3.9499,2.8060,12.3668,2.9283,0.0408,-1.0260,0,1,2,1.07170,3
0.4598,4.7809,2.5490,11.7707,-2.2491,0.0692,-0.7969,0,1,0,0.32581,3
0.3633,3.8143,2.7503,12.6669,-2.3458,0.0693,-1.3142,0,1,1,1.56523,1
0.5188,4.7407,2.2972,11.7419,0.1434,0.0219,-0.8197,0,1,0,0.25806,1
0.3679,3.9967,2.7835,12.4328,3.1370,0.0778,-1.1519,0,1,0,1.24222,3
0.5081,4.8113,2.3533,11.8251,-0.9907,0.0449,-0.9151,0,0,2,0.30000,1
0.4949,5.0052,2.4472,12.7513,-2.5907,0.0045,-1.7913,0,0,1,0.34290,1
0.4505,4.2672,2.4666,12.1167,-0.7159,0.0118,-1.0202,0,1,0,0.50660,1
0.4474,4.9325,2.6404,13.3140,-2.7619,0.0531,-2.2596,0,1,1,1.92400,0
0.4533,4.7825,2.5785,11.8764,2.9366,0.0012,-0.7949,0,1,0,0.17739,3
0.4929,5.1446,2.4846,12.5532,-2.8760,0.0117,-1.5861,0,1,1,0.86943,1
0.3787,4.1049,2.7594,12.2233,2.4150,0.0449,-0.9695,0,1,0,0.98680,3
0.4168,4.2326,2.6084,12.0105,-2.6369,0.0495,-0.8947,0,1,0,0.40714,1
0.3557,3.9278,2.8273,12.8821,-3.0556,0.0839,-1.4820,0,2,0,1.21740,0
0.5338,5.2602,2.3396,12.4982,-0.3833,0.0246,-1.6889,0,1,1,0.78805,1
0.5225,5.5649,2.4427,11.9102,2.8758,0.0209,-1.0073,0,1,0,0.41226,3
0.4033,4.1895,2.6607,11.8538,2.7882,0.0880,-0.7825,0,1,0,0.50745,1
0.4916,4.7237,2.4010,11.8962,-1.2949,0.0153,-0.9123,0,1,0,0.23961,1
0.4085,4.0736,2.6035,12.0582,2.6256,0.0093,-0.8615,0,1,2,0.87751,3
0.4401,4.6690,2.6114,11.8314,-3.1087,0.0741,-0.8200,0,1,0,0.26135,1
0.3300,3.6296,2.8724,13.2564,-2.6524,0.0180,-1.5505,0,1,1,2.16316,1
0.4745,4.6796,2.4621,11.7496,1.7644,0.0007,-0.7173,0,1,0,0.19314,3
0.4483,4.3860,2.5057,12.5819,0.1340,0.0003,-1.4352,0,1,1,1.19329,1
0.4903,4.7738,2.4173,11.9233,2.8401,0.0119,-0.9321,0,1,0,0.44249,1
0.5382,4.9975,2.2736,11.6683,-0.9239,0.0223,-0.7800,0,1,0,0.29962,3
0.4039,4.1836,2.6562,11.7573,2.3501,0.0651,-0.6749,0,1,0,0.15034,3
0.4962,5.1980,2.4816,12.0798,2.5789,0.0230,-1.1215,0,1,0,0.73524,3
0.3855,4.1312,2.7323,12.3303,1.8172,0.0288,-1.0530,0,2,0,0.78233,1
0.4605,4.9837,2.5921,11.9523,2.4099,0.0003,-0.8802,0,1,0,0.55487,1
0.5355,5.5198,2.3810,12.6153,-0.0624,0.0070,-1.8033,0,0,0,0.00000,1
0.3315,3.6410,2.8677,12.0945,2.7018,0.0375,-0.7432,0,0,0,0.00000,1
0.3398,3.7488,2.8573,11.9247,-2.3654,0.0499,-0.6593,0,1,0,0.55576,0
0.4965,4.4956,2.3324,12.0072,1.5827,0.0021,-1.0140,0,1,0,0.27988,1
0.4844,4.5405,2.3904,12.5347,0.1908,0.0165,-1.5396,0,1,1,0.84631,1
0.3798,4.0404,2.7346,11.6151,2.1883,0.0969,-0.5605,0,1,0,0.26692,3
0.4490,4.6062,2.5558,12.1249,3.1329,0.0030,-1.0141,0,1,0,0.56462,3
0.5613,5.7968,2.3262,12.8351,0.5256,0.0201,-2.1913,0,1,0,1.29917,1
0.4132,4.2321,2.6251,12.9106,-1.8626,0.0194,-1.6399,1,1,3,1.42952,1
0.4115,4.0523,2.5835,11.6488,-1.8663,0.0179,-0.5404,0,1,0,0.17977,3
0.4384,4.2070,2.5041,11.9363,0.9927,0.0268,-0.8478,0,1,0,0.54882,1
0.4045,4.0236,2.6083,12.2879,-1.1475,0.0003,-1.0312,0,1,0,0.95793,1
0.4446,4.7408,2.6081,11.7503,-3.0420,0.0395,-0.7124,0,1,0,0.57053,3
0.4156,4.5379,2.6946,12.0840,-2.8981,0.0717,-0.9858,0,1,0,0.49203,3
0.4936,4.6966,2.3874,12.3316,-1.3585,0.0039,-1.3412,0,1,0,0.76871,1
0.4850,5.3222,2.5559,13.0525,2.8112,0.0271,-2.1170,0,1,1,1.74008,1
0.3469,3.7693,2.8241,11.9670,-2.8334,0.0799,-0.7426,0,0,1,0.55649,3
0.4042,4.0659,2.6219,12.2266,2.8633,0.0185,-1.0046,0,1,3,0.90435,1
0.3603,3.8426,2.7753,11.8623,1.9251,0.0465,-0.6513,0,1,0,0.22297,1
0.3588,3.8587,2.7888,12.7423,2.8910,0.1052,-1.4140,0,0,1,0.83754,1
0.4191,4.2581,2.6043,11.8266,1.2228,0.0011,-0.6804,0,1,0,0.44697,1
0.3976,4.0180,2.6398,12.3516,2.5968,0.0539,-1.1423,0,1,0,1.12737,1
0.3660,3.9257,2.7716,12.6024,-2.5014,0.0765,-1.2815,0,1,1,1.21007,1
0.4948,4.9869,2.4438,11.9840,0.2571,0.0216,-1.0175,0,1,1,0.59290,1
0.3904,4.0639,2.6883,11.8928,-2.7221,0.1021,-0.8063,0,1,0,0.46589,1
0.4681,4.6978,2.4937,12.1191,-1.0972,0.0049,-1.0605,0,1,0,0.51198,1
0.5168,5.0037,2.3579,11.9804,0.1767,0.0164,-1.0582,0,1,0,0.57451,1
0.4931,5.4152,2.5390,11.9901,-0.3229,0.0021,-0.9965,0,1,0,0.60277,1
0.4857,4.6944,2.4190,12.1896,0.2515,0.0185,-1.1955,0,1,0,0.45941,1
0.4304,4.6065,2.6414,12.9834,1.7548,0.0008,-1.7515,0,1,0,1.88742,1
0.4230,4.4130,2.6266,12.3081,2.1367,0.0127,-1.1216,0,1,0,0.81767,1
0.3777,4.0671,2.7537,13.0905,-2.3814,0.0542,-1.7050,0,1,0,1.64311,1
0.3838,3.9475,2.6866,11.9585,-2.9579,0.1140,-0.8613,0,1,0,0.38022,1
0.4527,4.3773,2.4845,11.9139,1.5924,0.0023,-0.8266,0,1,0,0.37264,3
0.3947,4.2571,2.7218,12.6891,2.6386,0.0376,-1.3989,0,1,1,1.39820,1
0.4791,4.4354,2.3879,12.0007,-0.5622,0.0248,-0.9983,0,1,0,0.42425,1
0.4491,4.4767,2.5241,12.0775,1.1444,0.0275,-1.0034,0,1,0,0.74427,1
0.3684,3.9383,2.7625,11.6357,-3.0727,0.1792,-0.6576,0,1,0,0.42945,1
0.3905,4.2027,2.7275,13.2808,-2.6920,0.0152,-1.8645,0,1,1,2.05896,1
0.3377,3.6798,2.8457,12.6368,-2.3913,0.0308,-1.1397,0,1,1,1.13710,1
0.4261,4.3501,2.5958,11.8071,-0.3279,0.0024,-0.6794,0,0,0,0.00000,1
0.4486,4.7339,2.5881,12.4114,1.4519,0.0397,-1.3355,0,1,0,1.08312,1
0.4909,5.0520,2.4737,12.3748,3.0957,0.0017,-1.3778,0,1,1,0.77254,1
0.5345,5.3164,2.3472,12.2194,3.0697,0.0044,-1.3478,0,2,0,0.54158,1
0.4366,4.7496,2.6475,11.9554,2.5285,0.0329,-0.8712,0,1,0,0.31454,3
0.4004,4.3032,2.7066,11.7924,3.0285,0.0341,-0.6587,0,1,0,0.14238,3
0.4462,4.7810,2.6104,12.9748,0.8366,0.0007,-1.8129,0,1,1,1.41610,1
0.3980,4.0987,2.6608,11.9588,2.3087,0.0113,-0.7588,0,1,0,0.28508,3
0.3998,4.1620,2.6702,12.7472,2.2173,0.0070,-1.4196,0,1,2,1.38370,1
0.5367,5.4843,2.3697,12.7980,-0.6721,0.0071,-2.0193,0,2,0,1.44556,1
0.4052,4.3429,2.6934,11.7358,3.1393,0.0294,-0.6158,0,1,0,0.16627,3
0.3616,3.8914,2.7838,11.8053,2.7902,0.0320,-0.5940,0,1,0,0.48754,1
0.4893,4.5290,2.3681,12.2354,1.0056,0.0137,-1.2433,0,1,0,0.44186,1
0.4479,4.4749,2.5293,11.9023,1.7134,0.0398,-0.8557,1,1,0,0.47802,3
0.4515,4.5600,2.5339,11.7180,3.0094,0.0308,-0.6842,0,1,0,0.29952,1
0.4562,4.7361,2.5544,12.2939,-1.9709,0.0072,-1.1990,0,1,0,0.27880,1
0.4166,4.3143,2.6310,11.9042,-1.2156,0.0051,-0.7459,0,1,0,0.61459,1
0.5066,5.1315,2.4246,11.8942,1.5027,0.0206,-0.9524,0,1,0,0.36600,3
0.5276,5.1607,2.3456,11.9763,1.8249,0.0670,-1.1500,0,1,0,0.19938,1
0.5178,5.5299,2.4556,12.7009,-0.6286,0.0016,-1.8257,0,1,1,1.22469,1
0.5097,5.2435,2.4340,11.8546,-1.2006,0.0071,-0.9014,0,1,0,0.33644,3
0.4039,4.2362,2.6706,11.9648,-1.9123,0.0244,-0.7942,0,1,0,0.63911,1
0.3708,3.9083,2.7410,12.9508,-2.8651,0.0192,-1.4956,0,1,3,1.45267,1
0.3704,4.0895,2.7985,13.1100,-2.7352,0.0201,-1.6286,0,2,0,1.95306,0
0.4368,4.7863,2.6557,12.8302,-3.0821,0.0843,-1.7695,0,1,1,1.18380,1
0.3564,3.8337,2.7935,12.6631,-3.1388,0.0433,-1.2455,0,1,0,1.26387,1
0.4352,4.2018,2.5168,11.9293,-2.3357,0.0285,-0.8368,0,1,0,0.24279,1
0.5137,5.4240,2.4526,12.2398,3.0335,0.0372,-1.3585,0,0,0,0.00000,1
0.4308,4.5377,2.6222,12.1427,-3.0960,0.0113,-0.9945,0,1,0,0.69190,3
0.4346,4.2635,2.5353,11.4480,-2.2426,0.0088,-0.3958,0,1,0,0.17090,3
0.4270,4.6883,2.6780,11.9718,-3.0175,0.0009,-0.8224,0,1,0,0.64752,1
0.4413,4.5219,2.5700,12.4296,-1.1513,0.0250,-1.3066,0,1,0,0.84793,1
0.4603,5.0170,2.6006,11.7999,-2.9864,0.1066,-0.8732,0,1,0,0.41083,1
0.4305,4.5700,2.6317,12.8040,-2.4920,0.0287,-1.6280,0,0,3,0.90440,1
0.4407,4.6375,2.6014,12.3602,-2.9961,0.0717,-1.3079,0,1,0,0.62697,1
0.4881,4.7571,2.4228,11.8447,1.9308,0.0181,-0.8580,0,1,0,0.32689,3
0.5545,5.1930,2.2479,12.4025,-1.0998,0.0057,-1.6163,0,1,0,0.41545,1
0.5291,4.8734,2.2843,11.7930,-0.9514,0.0340,-0.9099,0,1,0,0.44762,1
0.4626,4.5881,2.4919,12.1097,-0.2443,0.0095,-1.0432,0,1,0,0.18565,1
0.3962,4.0598,2.6583,11.6776,1.5125,0.0106,-0.5303,0,1,0,0.31955,1
0.5784,5.5289,2.2159,12.1801,0.5126,0.0211,-1.4532,0,1,0,0.68816,1
0.5018,5.0278,2.4231,12.5027,-0.7914,0.0431,-1.6115,0,1,1,0.66427,1
0.4244,4.3124,2.5943,12.4169,2.8593,0.0228,-1.2370,0,1,0,1.12187,1
0.3834,3.9422,2.6872,11.7573,1.6443,0.0100,-0.5695,0,1,0,0.32651,1
0.4964,4.7305,2.3832,12.3074,2.3865,0.0042,-1.3253,0,1,0,0.62922,1
0.5024,4.8700,2.3883,12.4844,-1.9576,0.0270,-1.5673,0,1,1,0.97171,1
0.3960,4.1001,2.6712,11.7974,2.8090,0.0517,-0.6762,0,1,0,0.35491,3
0.3909,4.2789,2.7471,11.9055,2.1632,0.0318,-0.7281,0,1,0,0.41745,1
0.4259,4.1820,2.5528,11.9850,2.0016,0.0244,-0.8600,0,1,1,0.50479,3
0.3575,3.8929,2.8066,12.6061,-3.0547,0.0657,-1.2381,0,1,0,1.36016,1
0.5074,5.2925,2.4534,13.0157,1.2739,0.0347,-2.1920,1,1,1,1.06338,1
0.4830,5.2142,2.5421,11.7021,-2.5882,0.0849,-0.7955,0,1,0,0.17493,1
0.3978,4.1603,2.6794,12.7507,-2.7786,0.0504,-1.4849,1,1,2,1.09653,1
0.5294,4.9963,2.3068,12.0575,-1.1251,0.0517,-1.2212,0,1,0,0.68192,1
0.4394,4.8391,2.6561,12.4664,3.0554,0.0830,-1.4217,0,1,0,0.85491,0
0.4503,4.7456,2.5835,12.1513,2.1104,0.0214,-1.0680,0,1,0,0.70896,3
0.4152,4.5221,2.6925,12.8965,-2.8783,0.0697,-1.7199,0,1,0,1.75470,1
0.3626,3.8980,2.7805,12.4510,-2.8213,0.1074,-1.1931,0,1,0,1.07278,1
0.3429,3.7160,2.8288,11.9832,2.8557,0.1435,-0.8271,0,1,0,0.36321,3
0.4485,4.2352,2.4675,12.0016,2.1514,0.0155,-0.9142,0,1,0,0.26953,1
0.5491,5.3193,2.2911,11.6460,0.5505,0.0298,-0.7868,0,1,0,0.24910,3
0.4691,4.3707,2.4138,11.9451,1.0784,0.0141,-0.9067,0,1,0,0.31948,1
0.3870,4.2692,2.7646,11.8366,2.4222,0.0656,-0.7078,0,1,0,0.38234,2
0.3723,4.0388,2.7728,12.0775,2.6319,0.0750,-0.8780,0,1,0,0.78248,3
0.4086,4.1611,2.6274,12.5045,1.3127,0.0006,-1.2300,0,1,1,1.27241,1
0.3716,3.8861,2.7301,11.7735,1.7173,0.0647,-0.6288,0,1,0,0.19806,1
0.4523,4.7525,2.5761,11.8979,2.9247,0.0554,-0.8825,0,1,0,0.52497,1
0.3522,3.8706,2.8283,12.7163,-2.9685,0.0378,-1.2633,0,1,1,1.29960,1
0.4067,4.3265,2.6816,12.0985,2.9551,0.0410,-0.9347,0,1,0,0.60789,3
0.4189,4.2219,2.5955,12.7548,1.7765,0.0030,-1.4929,0,1,2,1.32809,1
0.3987,4.3555,2.7292,11.6745,-2.4442,0.0370,-0.5648,0,1,0,0.42851,1
0.6060,5.5787,2.1231,11.9391,1.1996,0.0373,-1.2561,0,1,0,0.52495,1
0.3565,3.8810,2.8081,11.8464,2.7738,0.1465,-0.7570,0,1,0,0.37636,3
0.5096,4.7301,2.3307,11.7501,-1.2261,0.0361,-0.8291,0,1,0,0.41940,1
0.3626,3.7966,2.7485,11.7138,-2.2334,0.0686,-0.5733,0,1,0,0.54065,2
0.3339,3.6532,2.8579,12.0688,-2.6704,0.0680,-0.7707,0,1,1,0.77365,3
0.4236,4.4506,2.6339,12.2879,2.3873,0.0214,-1.1176,0,1,2,0.74665,3
0.4572,4.4745,2.4884,11.6378,-2.2854,0.0666,-0.6655,0,1,0,0.24428,1
0.3721,3.9128,2.7357,11.8565,2.7558,0.1502,-0.8008,0,1,0,0.25658,1
0.5590,5.0951,2.2136,12.1320,-0.4948,0.0495,-1.3808,0,1,0,0.72694,1
0.3612,3.8042,2.7585,12.3131,3.0820,0.0200,-0.9561,0,2,0,0.97589,3
0.4791,4.3750,2.3743,12.5130,0.6822,0.0256,-1.5128,0,1,0,0.98071,1
0.4559,4.7392,2.5566,12.7015,2.2923,0.0264,-1.6242,0,2,0,0.91883,1
0.4963,4.5172,2.3377,12.1823,1.3951,0.0430,-1.2516,0,1,1,0.55664,1
0.4658,4.6508,2.4928,11.9272,0.9549,0.0370,-0.9148,0,1,0,0.60477,1
0.4645,4.4754,2.4577,12.2613,2.7567,0.0106,-1.1942,0,1,0,0.93795,1
0.4016,4.3697,2.7187,12.9913,3.0122,0.0723,-1.7544,0,1,1,1.79204,1
0.3608,3.7935,2.7570,12.5364,-2.0118,0.0303,-1.1420,0,1,1,1.14672,1
0.3812,4.1341,2.7552,13.3324,2.8601,0.0763,-1.9797,0,1,1,1.86923,1
0.5625,5.1710,2.2141,11.9280,0.4838,0.0912,-1.2126,0,1,0,0.51375,1
0.5126,5.2025,2.4141,12.4469,-1.8233,0.0209,-1.5537,0,1,1,1.15502,1
0.4473,4.5541,2.5512,11.9551,2.3985,0.0128,-0.8673,0,1,0,0.42686,3
0.4141,4.3520,2.6530,11.9822,-3.0374,0.0426,-0.8555,0,1,0,0.34137,3
0.4431,4.6052,2.5825,13.0685,-2.3723,0.0392,-1.9595,0,1,1,1.63112,1
0.5618,5.7106,2.3098,12.1563,-0.9696,0.0555,-1.4298,0,1,0,0.53453,1
0.3704,3.9798,2.7651,11.8629,-2.3750,0.0279,-0.6482,0,1,0,0.31343,1
0.4124,4.3882,2.6705,11.9330,-2.0422,0.0769,-0.8544,0,1,0,0.40218,3
0.4511,4.5929,2.5434,11.8521,2.0878,0.0532,-0.8343,0,1,0,0.47049,3
0.5401,5.4243,2.3450,12.0504,0.3927,0.0039,-1.1766,0,1,0,0.39977,3
0.3465,3.8152,2.8417,11.4874,2.2718,0.0969,-0.4215,0,1,0,0.21311,0
0.4473,4.3773,2.5077,11.7066,-2.6133,0.0394,-0.6768,0,1,0,0.46384,1
0.5404,5.6655,2.3870,11.7360,0.8829,0.0362,-0.8787,0,0,0,0.00000,1
0.4808,4.8837,2.4808,11.5687,-2.9906,0.0292,-0.5937,0,1,0,0.19410,1
0.3566,3.8147,2.7863,11.7556,-2.3652,0.1339,-0.6738,0,1,0,0.33709,3
0.4622,4.5403,2.4826,11.6698,1.4578,0.0090,-0.6316,0,1,0,0.18830,3
0.3861,4.2553,2.7654,12.4177,-2.5170,0.0923,-1.2174,0,1,0,0.97906,2
0.4481,4.4056,2.5115,11.7158,1.2838,0.0006,-0.6376,0,1,0,0.36338,3
0.3469,3.8231,2.8423,12.1721,2.8922,0.0675,-0.8763,0,1,0,0.68802,2
0.4636,4.7589,2.5270,11.8948,-1.1945,0.0091,-0.8434,0,1,0,0.28305,1
0.3909,4.1722,2.7168,11.5984,-2.9285,0.0867,-0.5520,0,1,0,0.21390,3
0.3723,3.9450,2.7443,11.8985,-2.5538,0.0061,-0.6512,0,1,0,0.49462,1
0.4369,4.6765,2.6282,12.1256,-2.8104,0.0624,-1.0650,0,1,0,0.48652,1
0.4495,4.4703,2.5208,12.8653,1.2274,0.0222,-1.7535,1,2,3,1.46860,1
0.4488,4.2918,2.4802,12.0099,-0.2302,0.0080,-0.9126,0,1,0,0.65801,1
0.4057,4.2110,2.6550,12.1030,-2.4593,0.0419,-0.9369,0,1,0,0.71757,3
0.4295,4.6572,2.6583,11.9375,-2.4913,0.0356,-0.8427,0,1,0,0.46986,3
0.3301,3.6304,2.8722,11.7904,-3.0783,0.0283,-0.5223,0,1,0,0.47260,1
0.4360,4.2765,2.5324,11.6534,1.0184,0.0390,-0.6099,0,1,0,0.28480,1
0.3464,3.7978,2.8364,12.6238,-2.5801,0.0772,-1.2301,0,0,1,0.68352,1
0.4022,4.4125,2.7276,13.3613,-1.8972,0.0113,-1.9902,0,1,1,2.37158,1
0.5296,4.8755,2.2827,11.8010,0.4487,0.0047,-0.8804,0,1,0,0.23242,1
0.3371,3.6778,2.8485,12.9760,-2.7062,0.0635,-1.4460,0,1,1,1.85027,1
0.3765,4.0640,2.7586,11.8116,2.2816,0.0191,-0.6103,0,1,0,0.20039,1
0.3415,3.7648,2.8529,12.1839,2.8413,0.2147,-1.0682,0,1,1,0.78394,0
0.4656,4.9884,2.5702,11.9906,2.9323,0.0793,-1.0323,0,1,0,0.62493,1
0.3843,4.0818,2.7240,12.1135,2.3954,0.0382,-0.8871,0,1,1,0.76509,3
0.3492,3.7623,2.8096,11.7738,-3.1228,0.1301,-0.6692,0,1,0,0.22616,3
0.5036,5.4012,2.4907,11.8955,2.4421,0.0515,-0.9893,0,1,0,0.29027,1
0.4045,4.0819,2.6249,12.1087,-2.4875,0.0527,-0.9531,0,1,0,0.39785,3
0.3461,3.7427,2.8198,13.1376,2.9616,0.1001,-1.6801,0,1,0,2.06816,1
0.3620,3.9300,2.7943,11.7817,3.1198,0.0798,-0.6360,0,1,0,0.19589,3
0.4627,4.7550,2.5302,11.7781,-1.6502,0.0429,-0.7760,0,1,0,0.24377,3
0.5120,5.4425,2.4632,11.9575,1.7294,0.0098,-1.0176,0,1,0,0.19891,3
0.4346,4.5631,2.6109,11.9323,-2.2613,0.0181,-0.8263,0,1,0,0.36019,3
0.3677,3.9026,2.7553,12.2885,-3.0573,0.1234,-1.1000,0,1,0,1.08201,1
0.5264,5.3451,2.3854,12.0710,0.7994,0.0330,-1.2041,0,1,0,0.64593,1
0.3536,3.7968,2.7968,12.3448,3.0063,0.1230,-1.1028,0,1,1,1.11265,1
0.3473,3.7838,2.8271,12.0051,2.7084,0.0936,-0.7887,0,1,0,0.57814,3
0.4750,4.5903,2.4400,11.6087,1.4039,0.0221,-0.6123,0,1,0,0.20269,3
0.4189,4.5040,2.6699,12.0819,-2.8911,0.1065,-1.0385,0,1,0,0.58960,1
0.5780,5.8312,2.2667,12.6547,-0.5672,0.0350,-2.0593,0,1,0,0.99774,1
0.3585,3.9450,2.8175,11.5740,3.0322,0.0380,-0.4295,0,1,0,0.21646,1
0.5049,5.0027,2.4053,11.8109,-0.7270,0.0362,-0.8836,0,1,0,0.36039,1
0.5019,5.1914,2.4563,11.6541,-2.2813,0.0185,-0.6987,0,1,0,0.33107,3
0.5178,5.3184,2.4154,12.1171,0.9525,0.0290,-1.2256,0,1,1,0.63007,1
0.3779,3.8844,2.6971,12.7463,3.1279,0.0183,-1.3533,0,1,1,1.41955,1
0.3894,4.0116,2.6776,12.5774,2.4413,0.0197,-1.2564,0,1,1,1.11119,1
0.5428,5.0094,2.2581,11.8491,1.3884,0.0511,-1.0228,0,1,0,0.30064,1
0.5158,5.5601,2.4699,12.0063,-2.6055,0.0604,-1.1463,0,1,0,0.47723,1
0.4408,4.7932,2.6384,12.9172,3.0899,0.0308,-1.7843,2,1,1,1.48437,1
0.3554,3.8325,2.7982,12.0616,-2.5899,0.0586,-0.8039,0,1,0,0.42878,3
0.4518,4.7104,2.5684,12.9564,-2.3407,0.0041,-1.8239,0,1,0,1.70146,1
0.4806,4.6603,2.4324,11.9654,-2.3314,0.0038,-0.9401,0,1,0,0.64729,1
0.3612,3.8420,2.7707,11.8445,2.6678,0.0442,-0.6369,0,1,0,0.46840,3
0.3907,4.1925,2.7238,11.8082,-2.8878,0.1221,-0.7629,0,1,0,0.26306,1
0.3927,4.1412,2.6990,11.6835,1.9528,0.0384,-0.5635,0,1,0,0.21244,1
0.4569,4.4047,2.4729,11.6789,-2.8511,0.0222,-0.6467,0,1,0,0.29627,1
0.4216,4.1463,2.5629,11.7813,1.2297,0.0067,-0.6535,0,1,0,0.23466,1
0.4667,4.5238,2.4595,12.3993,-2.2842,0.0098,-1.3346,0,1,1,0.75137,1
0.4211,4.1828,2.5751,11.7968,3.1023,0.0188,-0.6811,0,1,0,0.30240,3
0.4424,4.3009,2.5102,11.6397,-2.8494,0.0195,-0.5843,0,1,0,0.21544,1
0.4905,4.4475,2.3453,12.2912,0.6335,0.0323,-1.3314,0,1,0,0.48220,1
0.4007,3.9988,2.6195,12.0478,-3.0623,0.0276,-0.8588,0,1,0,0.84004,3
0.4742,4.6017,2.4462,11.8307,1.9396,0.0147,-0.8109,0,0,0,0.00000,3
0.4275,4.5876,2.6503,12.3077,2.8721,0.0946,-1.2512,0,1,0,0.28595,1
0.4367,4.2527,2.5232,11.8565,-2.2451,0.0086,-0.7500,0,1,0,0.58117,3
0.4776,4.7192,2.4583,11.5947,1.7182,0.0010,-0.5778,0,1,0,0.35111,3
0.5576,5.0951,2.2187,12.4063,0.8715,0.0442,-1.6914,0,1,0,0.70598,1
0.4665,4.5183,2.4592,11.6746,2.0015,0.0536,-0.6990,0,1,0,0.14464,1
0.5529,5.6786,2.3394,11.8182,-2.7708,0.0010,-0.9482,0,1,0,0.19004,3
0.3423,3.6952,2.8247,11.7534,-2.8156,0.0791,-0.5802,0,1,0,0.30063,3
0.4361,4.7984,2.6620,11.9251,-2.5857,0.0546,-0.8709,0,1,0,0.32189,3
0.3856,4.1859,2.7478,11.9732,2.5284,0.0401,-0.7809,0,1,0,0.47676,3
0.4773,4.4340,2.3952,11.8659,-0.9442,0.0342,-0.8758,0,1,0,0.28533,1
0.3658,3.8952,2.7627,11.7579,2.0200,0.0292,-0.5632,0,1,0,0.34920,1
0.3651,3.9609,2.7874,11.9143,-2.0545,0.0672,-0.7258,0,1,0,0.65925,1
0.4798,5.0469,2.5204,11.8870,-1.7949,0.0016,-0.8623,0,1,1,0.47294,3
0.4065,4.2171,2.6529,12.0496,-2.7014,0.0178,-0.8616,1,1,0,0.50171,3
0.4102,4.3695,2.6763,11.7445,2.2100,0.0593,-0.6687,0,1,0,0.54467,3
0.3426,3.7799,2.8519,13.3461,2.5455,0.0407,-1.7254,1,2,0,1.96781,0
0.3464,3.7723,2.8278,12.8236,-2.6819,0.1040,-1.4298,0,1,0,1.65499,1
0.3641,3.9621,2.7929,13.1639,-2.7292,0.0246,-1.6521,0,1,1,1.48731,1
0.4377,4.5156,2.5849,12.0899,-1.6271,0.0157,-0.9706,0,1,0,0.86612,1
0.4164,4.4646,2.6716,12.8348,-2.9512,0.0642,-1.6581,0,1,1,1.63566,1
0.4886,4.9107,2.4535,12.2450,0.8605,0.0337,-1.2834,0,1,1,0.63834,1
0.4388,4.2666,2.5175,12.0020,0.9735,0.0181,-0.8960,0,1,0,0.52295,1
0.3524,3.8495,2.8202,11.9663,2.8654,0.0883,-0.7647,0,1,0,0.47483,3
0.4836,4.9078,2.4742,11.9041,-2.6348,0.0119,-0.8995,0,1,0,0.29134,3
0.5137,4.7047,2.3095,11.9074,-1.1610,0.0182,-0.9754,1,1,0,0.52736,1
0.3692,4.0754,2.8005,12.8645,-2.6588,0.1015,-1.5510,0,1,1,1.68286,0
0.3775,4.1310,2.7737,12.4268,2.4556,0.0479,-1.1344,0,1,0,1.05663,3
0.3747,3.9844,2.7440,12.5227,2.8276,0.0191,-1.1609,0,1,0,1.14169,1
0.4190,4.1903,2.5868,12.1979,-2.8678,0.0574,-1.0750,0,1,0,0.26480,1
0.3319,3.6539,2.8698,12.1834,-2.8686,0.0295,-0.7953,0,1,0,0.85324,0
0.4237,4.1314,2.5496,11.7853,2.4102,0.0139,-0.6698,0,1,0,0.33839,3
0.3792,4.1573,2.7725,12.4201,2.9543,0.1447,-1.2730,0,1,0,1.07452,1
0.4413,4.7762,2.6318,12.0871,-2.5349,0.1487,-1.1573,0,0,0,0.00000,1
0.3996,4.0005,2.6253,12.0063,1.8954,0.0357,-0.8328,0,1,0,0.74127,3
0.3377,3.7138,2.8574,11.8724,-2.8460,0.0639,-0.6360,0,1,0,0.52076,3
0.4158,4.5785,2.7043,11.7728,2.9140,0.0844,-0.7341,0,1,0,0.39665,2
0.3959,3.9968,2.6419,12.7210,2.8238,0.0104,-1.3869,0,2,0,0.85121,1
0.3657,3.9872,2.7922,11.7948,2.7970,0.2376,-0.8481,0,0,0,0.00000,1
0.3637,3.9017,2.7760,11.5290,2.0356,0.0462,-0.4136,0,1,0,0.28944,1
0.3569,3.8550,2.7978,12.1500,-3.0523,0.1146,-0.9486,0,1,0,0.93230,3
0.4665,4.6239,2.4837,11.9412,3.0089,0.0125,-0.8968,0,1,0,0.54335,1
0.4416,4.6245,2.5940,11.8070,2.8281,0.0466,-0.7659,0,1,0,0.30604,3
0.4375,4.6509,2.6192,12.6001,-2.8780,0.0051,-1.4246,0,1,2,1.31028,1
0.4405,4.2945,2.5171,12.3987,-0.9348,0.0052,-1.2439,0,1,1,1.14391,1
0.3621,3.7992,2.7522,12.0425,2.8560,0.1217,-0.8882,0,1,0,0.46617,1
0.4077,4.2097,2.6451,12.0513,1.1525,0.0016,-0.8443,0,1,0,0.46686,1
0.5264,5.2792,2.3729,12.1293,-1.6778,0.0150,-1.2416,0,0,0,0.00000,1
0.4155,4.4607,2.6749,12.0460,2.9809,0.0800,-0.9633,0,0,2,0.36541,1
0.3921,4.1057,2.6920,12.5757,-2.3970,0.0029,-1.2388,0,1,2,1.46892,1
0.5579,5.7436,2.3307,12.2270,-1.4186,0.0158,-1.4443,0,1,0,0.47514,1
0.4466,4.9047,2.6379,11.8498,-2.5996,0.0070,-0.7652,0,1,0,0.52620,1
0.4013,4.1046,2.6466,12.6472,2.5391,0.0688,-1.4355,0,1,0,1.48731,1
0.3440,3.7549,2.8355,12.2374,2.6161,0.1010,-0.9625,0,1,1,0.86506,3
0.4231,4.1737,2.5634,12.0520,-2.5755,0.0570,-0.9560,0,1,0,0.78622,1
0.4662,4.9023,2.5482,12.3259,-2.7851,0.0654,-1.3446,0,1,0,1.11977,1
0.3832,3.9744,2.6977,12.6427,1.8790,0.0064,-1.2684,0,1,2,0.76917,1
0.4517,4.8250,2.5957,11.8357,-3.0715,0.0385,-0.8023,0,1,0,0.39820,3
0.3915,4.1593,2.7103,12.0601,-2.6331,0.0575,-0.8871,0,1,0,0.33166,3
0.3651,3.9631,2.7881,12.4478,-2.0847,0.0429,-1.1048,0,1,1,1.32296,1
0.3594,3.9093,2.8016,11.8449,-2.7666,0.0317,-0.6184,0,1,0,0.28625,1
0.4157,4.5276,2.6913,12.1896,-3.1083,0.0341,-1.0275,0,1,0,0.91016,3
0.4139,4.4064,2.6682,13.0343,-1.8436,0.0233,-1.7651,0,1,1,1.61498,1
0.5000,5.1413,2.4538,11.6463,-1.3320,0.0129,-0.6806,0,1,0,0.17510,3
0.4773,4.8553,2.4896,12.0312,2.9716,0.0280,-1.0307,0,1,0,0.53087,1
0.4514,4.8358,2.5997,12.3803,-2.6769,0.0566,-1.3390,0,1,0,0.96240,1
0.3806,4.0199,2.7245,12.6434,2.7766,0.0190,-1.2794,0,2,0,1.14124,1
0.4715,4.4802,2.4294,11.7343,-1.3425,0.0132,-0.7123,0,1,0,0.32302,3
0.4193,4.4352,2.6500,11.9661,2.0311,0.0287,-0.8354,0,1,0,0.42564,3
0.4076,4.1985,2.6426,12.1748,2.7473,0.0212,-0.9742,0,1,0,0.60635,3
0.3300,3.6427,2.8770,12.9329,-2.9437,0.1084,-1.4556,0,1,1,1.53136,0
0.4428,4.8192,2.6352,12.2663,-2.8628,0.0157,-1.1471,0,1,0,0.88583,3
0.4010,4.4018,2.7305,12.4603,2.3057,0.0688,-1.2683,0,1,0,1.23690,3
0.4852,5.2780,2.5458,12.1320,-1.3490,0.0017,-1.1173,0,1,0,0.92109,1
0.4511,4.2586,2.4620,11.6727,-1.5443,0.0038,-0.6077,0,1,0,0.25075,3
0.4291,4.5081,2.6228,11.8297,-2.7638,0.0436,-0.7573,0,1,0,0.38046,3
0.4596,4.3305,2.4439,11.6559,1.6454,0.0023,-0.6050,0,1,0,0.18285,3
0.3775,3.9038,2.7052,12.7905,-2.8334,0.0619,-1.4593,0,1,0,1.53407,1
0.4626,4.7794,2.5360,11.9296,-0.1490,0.0072,-0.8716,0,1,0,0.55694,1
0.4034,4.3044,2.6918,12.0618,2.5583,0.1604,-1.0545,0,1,0,0.62395,1
0.5092,5.0926,2.4061,11.7335,0.1105,0.0158,-0.7875,0,1,0,0.19218,1
0.4104,4.2926,2.6545,11.9167,-2.4943,0.0073,-0.7464,0,1,0,0.37973,1
0.3715,4.0467,2.7795,12.6220,2.8463,0.0267,-1.2418,0,1,1,1.34718,1
0.4567,4.5576,2.5103,11.7327,2.4491,0.0440,-0.7237,0,1,0,0.16076,1
0.3982,4.1452,2.6731,12.1134,-2.2197,0.0860,-0.9864,0,1,1,0.43226,3
0.5256,5.4359,2.4056,12.8405,-1.6479,0.0064,-2.0215,0,1,1,0.58910,1
0.3929,4.1756,2.7077,12.0220,-2.1425,0.0838,-0.8941,0,0,2,0.34814,3
0.4088,4.1248,2.6164,11.8663,-2.9895,0.0128,-0.7077,0,1,0,0.21123,3
0.4768,4.8298,2.4859,12.6419,2.9082,0.0019,-1.6027,0,1,1,1.22807,1
0.4624,5.0794,2.6049,12.1751,2.5587,0.0468,-1.1595,0,1,0,0.82499,3
0.4501,4.7939,2.5955,11.7038,3.0062,0.0124,-0.6471,0,1,0,0.28037,3
0.4664,4.6943,2.5002,12.0567,-1.2126,0.0207,-1.0182,0,1,0,0.22867,1
0.4455,4.8585,2.6320,11.9243,-2.4004,0.0781,-0.9216,0,1,0,0.50074,3
0.3969,4.0281,2.6459,11.7463,1.7543,0.0259,-0.6046,0,1,0,0.18458,1
0.4496,4.8584,2.6131,11.7639,-2.4736,0.0049,-0.6909,0,1,0,0.32413,1
0.4183,4.3965,2.6445,12.0769,-1.6598,0.0252,-0.9239,0,1,0,0.58851,1
0.4469,4.8841,2.6316,12.0629,-2.4993,0.0713,-1.0447,0,1,0,0.60928,3
0.4288,4.5565,2.6362,11.7517,-2.3777,0.1407,-0.8106,0,1,0,0.38189,1
0.3421,3.6994,2.8277,12.6674,2.8939,0.1258,-1.3229,0,1,0,1.45575,1
0.3733,4.0735,2.7781,13.1565,-2.8393,0.0198,-1.6810,0,1,1,2.04028,1
0.5013,5.1113,2.4425,12.2561,-1.1624,0.0511,-1.3580,0,1,0,0.20335,1
0.4161,4.2294,2.6104,11.8703,-2.6061,0.0409,-0.7622,0,1,0,0.43210,3
0.5008,5.4136,2.5053,11.6915,2.1652,0.0413,-0.7635,0,1,0,0.35701,3
0.4865,4.8519,2.4497,11.8492,1.6348,0.0193,-0.8614,0,1,0,0.52609,3
0.4288,4.5466,2.6338,12.1980,1.8275,0.0384,-1.0761,0,1,1,0.70728,3
0.4551,4.7605,2.5651,11.9482,2.6446,0.0219,-0.8915,0,1,0,0.39942,3
0.4319,4.6811,2.6529,13.0430,2.3515,0.0108,-1.8331,0,1,0,1.81491,1
0.5069,4.8227,2.3605,12.3392,-0.6014,0.0244,-1.4217,0,1,0,0.91789,1
0.4717,5.1907,2.5875,12.2149,-1.3678,0.0159,-1.1817,0,1,0,0.52467,1
0.4220,4.1523,2.5629,12.0883,1.6185,0.0223,-0.9376,0,1,0,0.63779,1
0.4585,4.5971,2.5119,11.9641,0.9748,0.0035,-0.8885,0,1,0,0.67283,3
0.3673,3.8716,2.7475,11.7378,3.0541,0.0164,-0.5352,0,1,0,0.37166,1
0.4527,4.9404,2.6178,12.4123,-2.2774,0.0515,-1.3672,0,2,0,1.08025,3
0.3526,3.8007,2.8036,12.1032,2.0158,0.0367,-0.7990,0,1,0,0.81222,1
0.3766,4.0694,2.7596,12.4851,-2.6106,0.0247,-1.1453,0,1,0,1.27143,1
0.4551,4.6236,2.5331,11.9497,1.0698,0.0230,-0.8936,0,1,0,0.42307,1
0.4733,4.4230,2.4090,11.9678,0.9092,0.0374,-0.9699,0,1,0,0.44295,1
0.4023,4.1563,2.6564,12.4186,-2.3323,0.0223,-1.1681,0,1,0,0.99979,1
0.4726,4.7097,2.4771,11.9249,2.0014,0.0138,-0.8971,0,1,0,0.24877,3
0.3626,3.9012,2.7817,11.9176,-2.4184,0.0305,-0.6766,0,1,0,0.22003,1
0.5213,5.1991,2.3780,11.9833,1.3409,0.0279,-1.0893,0,1,0,0.43417,3
0.3943,4.0377,2.6615,12.3018,1.4235,0.0145,-1.0342,0,1,1,0.67981,1
0.3912,4.0062,2.6672,12.7427,2.8503,0.0289,-1.4180,0,1,0,1.27156,1
0.3533,3.8056,2.8009,13.1847,-2.1413,0.0352,-1.6375,0,1,1,1.81137,1
0.5762,5.3335,2.1917,11.8090,0.1885,0.0133,-0.9995,0,1,0,0.21790,1
0.3905,4.1473,2.7116,11.7767,-2.8675,0.0057,-0.5926,0,1,0,0.24021,1
0.4585,4.9642,2.5967,12.5889,3.1347,0.0092,-1.4967,0,1,0,1.18899,1
0.4534,4.5324,2.5186,11.7977,-1.6416,0.0402,-0.7721,0,1,0,0.37795,3
0.4222,4.4077,2.6293,12.2528,1.6341,0.0272,-1.0906,0,0,3,0.63893,1
0.5520,5.6986,2.3463,12.5255,2.2569,0.0164,-1.7750,0,1,1,0.63618,1
0.4615,4.7832,2.5418,11.8355,-1.0210,0.0006,-0.7732,0,1,0,0.53363,1
0.3830,4.0555,2.7227,12.1079,2.2611,0.0182,-0.8527,0,1,0,0.92120,1
0.5708,5.4412,2.2296,11.9536,0.3142,0.0051,-1.1439,0,1,0,0.35588,1
0.3432,3.7184,2.8281,11.8982,3.0891,0.0268,-0.6186,0,1,0,0.58523,1
0.4988,5.0710,2.4447,11.6715,0.7156,0.0025,-0.6899,0,1,0,0.16044,3
0.4043,4.4156,2.7180,12.9726,-2.0092,0.0244,-1.6675,0,1,1,1.76659,1
0.4587,4.8119,2.5612,11.7625,2.9873,0.0751,-0.7948,0,1,0,0.38617,1
0.4535,4.5577,2.5244,12.1473,1.0767,0.0237,-1.0747,0,1,1,0.65695,1
0.4869,4.4457,2.3590,11.7339,1.7851,0.0066,-0.7310,0,1,0,0.24675,1
0.4904,5.1540,2.4972,13.0622,-0.7654,0.0016,-2.1053,0,1,1,1.81721,1
0.4014,4.1786,2.6669,12.1701,-2.6491,0.0298,-0.9658,0,1,1,0.69763,3
0.4861,4.8606,2.4532,11.8488,-2.3084,0.0366,-0.8829,0,1,0,0.23419,1
0.4227,4.6150,2.6803,12.4512,1.9066,0.0575,-1.3146,0,1,0,1.18628,1
0.3928,4.0920,2.6845,11.7379,-2.3988,0.0547,-0.6265,0,1,0,0.32248,3
0.4070,4.2137,2.6494,13.0678,-1.4618,0.0073,-1.7358,0,1,0,1.76688,1
0.4245,4.1580,2.5531,12.7454,2.6655,0.0214,-1.5355,0,1,1,1.37390,1
0.4810,4.5057,2.3965,11.8583,0.8660,0.0119,-0.8468,0,1,0,0.36769,1
0.4800,4.7910,2.4639,11.9109,2.1522,0.0327,-0.9252,0,1,0,0.35601,1
0.4215,4.5848,2.6783,11.8262,-2.5141,0.0573,-0.7569,0,1,0,0.51189,3
0.3996,4.1997,2.6816,12.6627,-2.7570,0.0064,-1.3452,0,1,3,2.01132,1
0.5565,5.0883,2.2215,11.9158,-0.4643,0.0279,-1.0963,0,1,0,0.46808,1
0.3490,3.8166,2.8286,12.0591,2.6152,0.0419,-0.7650,0,1,0,0.62764,1
0.4147,4.4927,2.6873,11.8345,-2.7254,0.1585,-0.8782,0,1,0,0.25431,1
0.3470,3.7297,2.8108,12.9968,2.6268,0.0655,-1.5090,0,1,1,1.68232,1
0.3979,4.3467,2.7309,11.7986,-2.1774,0.0646,-0.6970,0,1,0,0.46604,3
0.3669,3.9636,2.7786,11.7674,-2.6012,0.1353,-0.7026,0,1,0,0.29984,3
0.3858,4.0361,2.7031,12.0486,2.1836,0.0538,-0.8593,0,1,0,0.88021,3
0.4683,5.1649,2.5971,12.7086,-2.8540,0.0440,-1.7084,1,2,1,1.44210,0
0.3731,4.0393,2.7688,12.0518,3.0000,0.1503,-0.9586,0,1,0,0.64265,1
0.4435,4.3364,2.5143,12.8523,0.8315,0.0024,-1.6805,0,1,2,1.39394,1
0.4361,4.5195,2.5932,11.9412,2.7647,0.0017,-0.8157,0,1,0,0.63018,3
0.3674,3.9877,2.7832,11.6445,-2.8081,0.0317,-0.4858,0,1,0,0.29850,1
0.4085,4.0779,2.6050,11.9903,2.4442,0.0168,-0.8147,0,1,0,0.52662,3
0.5184,5.4348,2.4351,12.4205,0.9900,0.0330,-1.5643,0,1,0,0.48369,1
0.5356,5.1566,2.3133,11.8040,-1.0003,0.0061,-0.8998,0,1,0,0.38334,3
0.3652,3.9937,2.7970,12.9447,-2.6725,0.0662,-1.5448,0,2,0,1.69019,1
0.3972,4.0136,2.6405,11.8987,-2.7205,0.0467,-0.7539,0,1,0,0.39186,3
0.3956,4.1111,2.6762,11.6668,-1.7369,0.0248,-0.5383,0,1,0,0.26119,1
0.3635,3.8921,2.7742,11.9445,3.0979,0.0815,-0.7635,0,1,0,0.44894,3
0.4842,4.4601,2.3729,11.6847,2.6379,0.0053,-0.6774,0,1,0,0.34298,1
0.5235,5.5323,2.4324,12.0531,1.2338,0.0528,-1.2056,0,1,0,0.57634,1
0.3690,3.8471,2.7313,12.1440,-2.5274,0.0680,-0.9126,0,1,0,0.86070,3
0.4204,4.2630,2.5997,12.4003,3.1242,0.0352,-1.2278,0,1,0,1.04597,1
0.3889,4.1759,2.7282,12.5341,2.3645,0.0772,-1.3045,0,1,1,0.91875,1
0.3456,3.7791,2.8349,12.1238,-3.0527,0.1233,-0.9114,0,1,0,0.75180,3
0.3886,4.1900,2.7334,12.0029,-3.1409,0.0954,-0.8835,0,1,0,0.53660,3
0.4069,4.1333,2.6275,12.2431,1.6817,0.0210,-1.0300,0,1,0,0.90726,1
0.4170,4.5385,2.6881,11.7114,-2.5083,0.0458,-0.6368,0,1,0,0.42519,3
0.4113,4.3748,2.6727,12.0117,2.5908,0.0206,-0.8454,0,1,0,0.56190,3
0.4724,4.3576,2.3973,11.9865,-0.2246,0.0001,-0.9343,0,1,0,0.32755,1
0.4823,5.1925,2.5403,11.8849,-2.2668,0.1199,-1.0200,0,1,0,0.17203,1
0.4294,4.5653,2.6356,12.0397,-1.7690,0.0235,-0.9164,0,1,0,0.56760,1
0.4180,4.2406,2.6046,11.7582,2.9552,0.0163,-0.6403,0,1,0,0.35154,3
0.4926,5.3582,2.5296,11.9532,2.0785,0.0801,-1.0608,0,1,0,0.50561,3
0.4780,4.5940,2.4285,12.1401,-0.8071,0.0013,-1.1003,0,1,0,0.22204,1
0.4014,4.0228,2.6230,12.6459,2.6515,0.0623,-1.4248,0,1,1,0.95655,1
0.3844,4.1762,2.7513,12.4907,-2.6519,0.0209,-1.1698,0,1,0,1.11497,1
0.4602,4.7312,2.5356,12.9564,-2.8782,0.0249,-1.8971,0,1,1,1.43655,1
0.4353,4.3994,2.5665,11.6298,-1.4040,0.0000,-0.5411,0,1,0,0.24589,1
0.4100,4.0944,2.6022,11.9591,-1.9462,0.0138,-0.7884,0,1,0,0.52289,3
0.4937,4.7123,2.3901,12.1079,1.8103,0.0215,-1.1383,0,1,0,0.51392,1
0.3832,4.1380,2.7459,11.9064,3.1087,0.0355,-0.7172,0,1,0,0.25810,3
0.5113,4.9022,2.3591,12.2172,0.5997,0.0401,-1.3284,0,1,0,0.67257,1
0.5353,5.2872,2.3390,11.9622,0.9550,0.0161,-1.0840,0,1,0,0.46107,3
0.3526,3.7454,2.7850,12.2268,-2.7377,0.0825,-0.9531,0,2,0,0.66306,3
0.3633,4.0038,2.8101,13.2695,2.9970,0.0171,-1.7228,0,1,1,2.04904,0
0.3490,3.7390,2.8029,12.0642,2.8270,0.1141,-0.8633,0,1,1,0.62932,3
0.5073,4.9051,2.3760,11.8986,-2.4463,0.0132,-0.9469,0,1,0,0.30451,1
0.5022,5.4929,2.5149,12.4977,-2.7951,0.0177,-1.5714,0,1,0,1.11879,3
0.3703,3.9040,2.7419,12.6606,-2.7311,0.0274,-1.2695,0,1,0,1.23148,1
0.4728,4.7986,2.4963,11.8401,0.4356,0.0009,-0.8004,0,1,0,0.42246,3
0.3792,3.9655,2.7153,11.7540,-2.2722,0.0240,-0.5772,0,1,0,0.19946,1
0.4320,4.6894,2.6547,12.1363,-1.7479,0.0298,-1.0177,0,1,0,0.45148,1
0.4331,4.3870,2.5735,11.9401,-0.9430,0.0010,-0.8065,0,1,0,0.28452,1
0.4080,4.3966,2.6944,11.9968,2.6024,0.0950,-0.9226,0,1,0,0.44316,3
0.3908,4.0550,2.6834,12.5374,-1.6092,0.0188,-1.2264,0,1,1,1.05354,1
0.5417,5.2702,2.3108,11.9284,1.9539,0.0246,-1.0733,0,1,0,0.34904,1
0.4630,4.5687,2.4857,11.7196,-1.5985,0.0574,-0.7398,0,1,0,0.18896,3
0.4986,4.6884,2.3654,11.9483,0.1892,0.0398,-1.0130,0,1,0,0.26350,1
0.4830,4.4053,2.3655,12.3683,-1.8305,0.0045,-1.3444,0,1,0,0.69978,1
0.3392,3.6996,2.8440,12.8216,2.7041,0.0973,-1.3888,0,1,0,1.14615,1
0.4033,4.4480,2.7317,11.8978,-2.4581,0.0220,-0.7353,0,1,0,0.34500,0
0.6114,5.6025,2.1074,12.0884,0.5832,0.0849,-1.5266,0,1,0,0.55637,1
0.4495,4.3659,2.4955,11.5849,0.2750,0.0087,-0.5341,0,1,0,0.19079,1
0.4810,4.9320,2.4902,13.0129,0.6579,0.0096,-2.0220,0,1,1,1.58418,1
0.5128,4.7963,2.3317,12.0540,-0.1951,0.0335,-1.1486,0,1,0,0.70028,1
0.4786,5.2135,2.5612,12.1496,-1.9033,0.0019,-1.1173,0,1,0,0.73790,1
0.3830,4.0858,2.7316,12.8831,3.0859,0.0654,-1.5666,0,1,0,1.68773,1
0.3824,4.0895,2.7358,11.7911,-1.8404,0.0386,-0.6297,0,1,0,0.48794,1
0.4616,4.7663,2.5376,12.0735,1.7451,0.0072,-1.0044,0,1,0,0.36691,3
0.3807,3.9929,2.7157,11.9540,2.5964,0.0416,-0.7568,0,1,0,0.45287,3
0.4748,4.5861,2.4399,11.8593,-0.8588,0.0008,-0.8211,0,1,0,0.25018,3
0.4578,4.4497,2.4801,11.8294,1.1983,0.0200,-0.7832,0,1,1,0.65822,3
0.4625,5.1001,2.6089,11.8919,3.0287,0.0327,-0.8707,0,1,0,0.43313,2
0.5432,5.0605,2.2663,12.1504,-1.2132,0.0089,-1.2989,0,1,0,0.41325,1
0.4502,4.7782,2.5916,13.1040,-2.8709,0.0453,-2.0403,0,1,0,1.78602,1
0.4788,4.4523,2.3929,12.0392,1.0320,0.0452,-1.0640,0,1,0,0.37365,1
0.3328,3.6405,2.8601,12.6301,-2.6169,0.0986,-1.2189,0,1,0,1.51182,1
0.3521,3.7693,2.7957,12.7668,-2.6429,0.1441,-1.4707,0,1,1,1.38515,1
0.4139,4.4702,2.6852,12.8192,-2.9608,0.0822,-1.6622,0,1,0,1.66453,1
0.4426,4.8433,2.6422,11.7459,-2.5040,0.0549,-0.7241,0,1,0,0.18636,3
0.3910,4.0005,2.6665,11.7861,1.4621,0.0224,-0.6211,0,1,0,0.41475,1
0.4678,4.4021,2.4268,11.9146,-1.8154,0.0419,-0.9126,0,1,0,0.50082,1
0.4552,4.6156,2.5307,11.7526,-1.1001,0.0415,-0.7362,0,1,0,0.24948,1
0.4651,4.9241,2.5580,12.0319,-2.4813,0.0025,-0.9682,0,1,0,0.33926,3
0.4407,4.8347,2.6487,11.8696,2.5842,0.0617,-0.8402,0,1,0,0.19594,3
0.4317,4.3630,2.5737,11.7164,-2.4013,0.0078,-0.6188,0,1,0,0.20851,3
0.4362,4.2361,2.5209,11.8087,2.4199,0.0090,-0.7076,0,1,0,0.29048,3
0.4612,5.0552,2.6048,12.1402,-3.0859,0.0913,-1.1831,0,1,0,0.50386,1
0.5277,5.3923,2.3887,11.9498,0.3267,0.0296,-1.0721,0,1,0,0.42887,1
0.3775,4.1023,2.7649,12.1299,-2.9963,0.0937,-0.9573,0,1,0,0.73400,3
0.4169,4.4662,2.6698,12.3514,-2.2728,0.0973,-1.2629,0,1,0,0.93190,3
0.3946,4.1135,2.6819,11.5743,-1.9113,0.0325,-0.4735,0,1,0,0.26100,1
0.4273,4.6925,2.6776,12.0250,2.0270,0.0296,-0.9070,0,1,0,0.58900,1
0.3830,4.0149,2.7108,11.8816,2.7685,0.1371,-0.8266,0,1,0,0.36724,1
0.3866,3.9310,2.6678,11.8437,1.5710,0.0305,-0.6681,0,1,0,0.28219,1
0.5211,4.7952,2.2995,12.3502,-1.1666,0.0229,-1.4746,0,1,1,0.81700,1
0.5447,5.5267,2.3450,11.9424,-0.0611,0.0012,-1.0661,0,1,0,0.35126,3
0.4200,4.1931,2.5826,12.2362,-3.0439,0.0393,-1.0862,0,1,0,0.50600,1
0.4673,5.0443,2.5751,12.3551,-2.7032,0.0468,-1.3504,0,1,0,0.94271,3
0.4838,4.7917,2.4481,12.1261,0.9684,0.0218,-1.1322,0,0,0,0.00000,1
0.4291,4.2929,2.5674,11.7385,2.4418,0.0616,-0.7004,0,1,0,0.36263,1
0.5154,5.4204,2.4448,12.0590,-2.3757,0.0252,-1.1529,1,1,0,0.36674,3
0.4786,5.0410,2.5242,12.7481,-2.7719,0.0391,-1.7818,0,1,0,1.57898,1
0.4752,4.8876,2.5055,12.2561,-2.6671,0.0240,-1.2420,0,1,0,0.97743,1
0.5133,4.8021,2.3311,11.9934,0.5513,0.0173,-1.0634,0,1,0,0.66523,1
0.5251,4.9381,2.3124,12.2628,-1.0878,0.0397,-1.4172,0,1,1,0.73280,1
0.3616,3.8248,2.7625,12.6515,3.1241,0.0306,-1.2359,0,1,1,1.46631,1
0.5997,5.9924,2.2092,11.8100,2.2050,0.0098,-1.0513,0,1,0,0.34245,1
0.3911,4.1915,2.7217,11.6402,-2.5547,0.0263,-0.5124,0,1,0,0.32588,3
0.4810,5.1100,2.5286,11.8922,-3.0376,0.0396,-0.9197,0,1,0,0.26365,1
0.4082,4.3375,2.6775,12.8823,-2.8799,0.0206,-1.5959,0,1,0,1.54984,1
0.4191,4.4831,2.6634,12.0630,1.6919,0.0300,-0.9205,0,1,0,0.59253,1
0.4370,4.3989,2.5590,11.8187,2.3126,0.0787,-0.8079,0,1,0,0.44617,1
0.3814,4.0441,2.7273,13.1776,-2.9372,0.0721,-1.8332,0,1,1,0.95582,1
0.4803,4.6303,2.4271,11.7981,0.2523,0.0155,-0.7930,0,1,0,0.37643,1
0.4518,4.8933,2.6110,12.4176,1.8484,0.0146,-1.3154,0,1,0,1.13142,1
0.3655,4.0010,2.7976,11.6379,2.4068,0.0522,-0.5025,0,1,0,0.23924,1
0.4125,4.3888,2.6705,11.7423,-2.1255,0.0296,-0.6343,0,1,0,0.36411,3
0.4045,4.0547,2.6172,12.4819,1.6981,0.0141,-1.2168,0,1,1,0.97011,1
0.4743,4.6215,2.4502,11.8362,-1.2531,0.0059,-0.8050,0,1,0,0.30897,3
0.4426,4.3501,2.5214,11.7848,-2.3040,0.0155,-0.7077,0,1,0,0.45433,3
0.6189,5.6685,2.0908,12.2669,-0.8894,0.0220,-1.6824,0,1,0,0.42442,1
0.4331,4.3726,2.5698,12.5479,1.8262,0.0287,-1.3953,0,1,0,0.91852,1
0.4004,4.2581,2.6940,11.8446,2.6159,0.0196,-0.6826,0,1,0,0.49645,3
0.5313,5.2144,2.3410,11.9784,-1.9045,0.0183,-1.0947,0,0,0,0.00000,1
0.4950,4.7951,2.4027,11.8789,0.3534,0.0267,-0.9179,0,1,0,0.16619,1
0.3945,4.0658,2.6687,11.8814,3.1163,0.1038,-0.8076,0,1,0,0.19451,1
0.4402,4.4673,2.5615,12.2911,2.5347,0.0621,-1.2273,0,1,0,0.83836,1
0.5574,5.3094,2.2576,12.3940,-0.7308,0.0424,-1.6749,0,1,0,0.71221,1
0.4712,4.5888,2.4556,12.1040,1.3591,0.0212,-1.0758,0,1,1,0.61713,1
0.3745,3.9496,2.7342,11.7482,1.7971,0.0489,-0.5954,0,1,0,0.28278,1
0.3751,4.0190,2.7524,12.2092,-2.8448,0.1497,-1.0919,0,1,0,0.38254,1
0.5286,5.2500,2.3585,12.2404,0.8941,0.0431,-1.4101,0,1,0,0.73328,1
0.3848,3.9167,2.6725,11.7030,-2.1908,0.0287,-0.5533,0,1,0,0.47074,3
0.4009,3.9958,2.6177,11.5884,2.3448,0.0652,-0.5329,0,1,0,0.25765,2
0.5604,5.6939,2.3122,12.2818,1.4208,0.0070,-1.5021,0,1,1,0.87592,1
0.4659,4.4321,2.4416,12.3475,-0.4863,0.0146,-1.2878,0,1,1,0.78275,1
0.3742,4.1286,2.7901,12.4594,-2.9613,0.0969,-1.2209,0,1,0,1.25324,2
0.4117,4.1206,2.6017,11.9912,-0.2908,0.0014,-0.8025,0,1,0,0.59763,1
0.4527,4.9934,2.6301,12.5718,2.7255,0.0641,-1.5426,0,1,1,0.92354,0
0.4762,4.4041,2.3925,11.8086,2.1250,0.0035,-0.7780,0,1,0,0.27000,1
0.4284,4.2296,2.5543,11.7618,0.9023,0.0056,-0.6484,0,1,0,0.24240,1
0.4997,5.3037,2.4882,11.7966,2.7860,0.0290,-0.8508,0,1,0,0.26255,3
0.4300,4.5565,2.6306,12.7417,-2.5213,0.0223,-1.5566,0,1,1,1.46076,1
0.3967,4.0301,2.6475,11.7272,-1.8807,0.0339,-0.5988,0,1,0,0.18708,3
0.4828,4.8504,2.4648,12.7232,-0.9065,0.0346,-1.7636,0,1,2,1.40758,1
0.3534,3.8402,2.8120,12.0484,2.6083,0.1405,-0.8960,0,1,0,0.39118,3
0.4500,4.9524,2.6330,11.8832,2.0341,0.0030,-0.7974,0,1,0,0.60141,1
0.4570,4.6855,2.5392,12.9902,0.0499,0.0030,-1.8783,0,1,2,1.20805,1
0.4284,4.1813,2.5416,11.9518,1.0389,0.0411,-0.8586,0,0,2,0.39068,1
0.3946,4.1049,2.6791,11.9031,-2.1571,0.0309,-0.7322,0,1,0,0.24346,3
0.3778,4.1523,2.7785,12.0477,-2.6787,0.0381,-0.8192,0,1,1,0.31135,3
0.4609,4.5099,2.4811,11.6302,2.7779,0.0029,-0.5857,0,1,0,0.23720,3
0.3727,4.0742,2.7815,12.9388,2.8175,0.0791,-1.5934,0,1,1,1.69253,1
0.4636,5.0052,2.5832,11.9357,1.5149,0.0131,-0.8882,0,1,0,0.67830,1
0.5135,5.1432,2.3988,11.9226,-0.0827,0.0232,-1.0004,0,1,0,0.29939,1
0.4534,4.5451,2.5218,12.0324,-0.9876,0.0024,-0.9383,0,1,0,0.31054,3
0.4247,4.6745,2.6855,11.8292,3.0091,0.0829,-0.7982,0,1,0,0.32147,3
0.3750,3.9978,2.7466,11.7308,-1.9561,0.0221,-0.5502,0,1,0,0.36890,1
0.3620,3.7980,2.7519,11.9892,1.9464,0.0273,-0.7242,0,1,0,0.69475,1
0.3641,3.8864,2.7693,11.8803,-2.1862,0.0699,-0.7016,0,1,0,0.44983,3
0.4302,4.1902,2.5356,12.1380,0.7364,0.0112,-0.9868,0,1,0,0.56720,1
0.4061,4.1271,2.6300,12.8100,2.8839,0.0186,-1.5182,0,1,1,1.61019,1
0.4953,5.3136,2.5089,11.8011,3.0675,0.0102,-0.8227,0,1,0,0.28652,3
0.4386,4.5605,2.5917,11.8640,-1.6249,0.0590,-0.8268,0,1,0,0.38801,3
0.4086,4.3340,2.6744,12.3637,2.1945,0.0054,-1.1168,0,1,0,1.05241,1
0.3642,3.9450,2.7871,12.3524,2.6943,0.0298,-1.0090,0,0,3,0.95507,1
0.3758,4.0155,2.7476,12.4813,-2.2179,0.0773,-1.2167,0,1,0,1.18179,1
0.5444,5.5070,2.3429,12.4535,0.8302,0.0310,-1.6856,0,1,1,1.00769,1
0.4742,4.6438,2.4555,12.0686,-2.7240,0.0226,-1.0510,0,1,0,0.60882,1
0.3471,3.8141,2.8383,12.2060,-2.1645,0.0403,-0.8654,0,1,0,0.89546,1
0.4035,4.2299,2.6711,13.0505,-2.6297,0.0142,-1.7165,0,1,1,1.88255,1
0.3544,3.8966,2.8248,13.2127,2.2241,0.0310,-1.6574,0,1,0,2.15036,1
0.4112,4.3691,2.6716,13.1142,1.8197,0.0080,-1.7994,1,2,0,1.57210,1
0.5551,5.1478,2.2376,12.1100,-0.0240,0.0534,-1.3508,0,1,0,0.71008,1
0.4493,4.7243,2.5827,11.6142,-2.0783,0.0536,-0.6159,0,1,0,0.27164,3
0.4999,4.7360,2.3704,11.6790,1.8485,0.0252,-0.7260,0,1,0,0.14707,1
0.3834,3.9629,2.6933,12.7658,-3.0706,0.0031,-1.3661,0,1,0,1.56284,1
0.4304,4.4899,2.6122,12.4938,-1.6135,0.0199,-1.3230,0,1,0,1.15024,1
0.5013,5.5025,2.5210,12.0279,-2.8409,0.0487,-1.1172,0,1,0,0.68664,1
0.3394,3.6894,2.8394,12.9830,2.8665,0.0929,-1.5106,0,1,1,1.96142,1
0.5148,5.3952,2.4423,11.9463,1.4790,0.0114,-1.0143,0,1,0,0.16736,3
0.4091,4.4239,2.6963,11.6467,-2.4974,0.0502,-0.5751,0,1,0,0.34513,3
0.3851,3.9275,2.6742,11.6522,-2.1225,0.0379,-0.5260,0,1,0,0.16229,3
0.4009,4.0990,2.6470,12.0149,1.7985,0.0203,-0.8227,0,1,0,0.56642,1
0.3833,4.2149,2.7680,11.7637,-2.9966,0.0586,-0.6349,0,1,0,0.18779,3
0.4489,4.8964,2.6253,12.1442,1.6681,0.0095,-1.0423,0,1,0,0.97540,1
0.4558,4.5391,2.5098,12.0291,-0.9826,0.0141,-0.9567,0,1,1,0.80000,1
0.3499,3.7986,2.8174,11.7917,2.3159,0.0562,-0.5926,0,1,0,0.37722,1
0.4241,4.2921,2.5900,11.8122,2.6598,0.0478,-0.7374,0,1,0,0.32686,1
0.4929,4.5609,2.3609,11.8484,-0.4826,0.0057,-0.8536,0,1,0,0.23504,1
0.3783,4.0658,2.7497,11.7292,2.1029,0.0315,-0.5664,0,1,0,0.47419,1
0.4075,4.5008,2.7246,12.2940,2.6314,0.0423,-1.1063,0,1,0,0.79179,2
0.5049,5.3247,2.4703,12.3070,-2.4851,0.0491,-1.4210,0,1,0,0.37526,1
0.3585,3.8276,2.7801,12.0942,-2.2353,0.0286,-0.7960,0,1,0,0.66302,1
0.4296,4.5580,2.6331,11.7431,1.7546,0.0293,-0.6654,0,1,0,0.44305,1
0.3692,3.9715,2.7686,11.8348,-2.2265,0.0454,-0.6468,0,1,0,0.40996,1
0.5158,5.3273,2.4251,11.8142,-2.8802,0.0331,-0.9069,0,1,0,0.28580,1
0.4414,4.3915,2.5372,12.0445,1.9946,0.0056,-0.9242,0,1,0,0.61329,3
0.4523,4.9224,2.6154,11.8457,-1.4604,0.0007,-0.7650,0,1,0,0.53256,1
0.3913,3.9655,2.6548,12.2134,2.2858,0.0690,-1.0293,0,1,0,1.10578,1
0.4315,4.6728,2.6528,12.4684,3.0294,0.0645,-1.3700,0,2,0,1.29659,1
0.3827,4.1806,2.7613,12.0524,2.1003,0.0598,-0.8630,0,1,0,0.56912,1
0.5097,4.9111,2.3673,11.5280,0.6177,0.0095,-0.5733,0,1,0,0.17000,3
0.4097,4.2643,2.6504,11.7157,3.0730,0.0750,-0.6632,0,1,0,0.36205,1
0.5000,5.4577,2.5177,13.1949,-2.9896,0.0356,-2.3643,0,1,0,1.90398,1
0.4727,5.0538,2.5529,12.2334,-2.2358,0.0325,-1.2254,0,1,0,0.93743,3
0.4240,4.2930,2.5907,12.1190,-3.1022,0.0279,-0.9779,0,1,1,0.81893,3
0.3819,4.0749,2.7341,12.6365,-2.5909,0.0642,-1.3479,0,1,0,1.40440,1
0.3623,3.9538,2.7999,11.6214,-3.0695,0.1360,-0.5853,0,1,0,0.40526,3
0.4072,4.1154,2.6215,11.9242,-1.5359,0.0179,-0.7586,0,1,0,0.30101,1
0.5831,5.8791,2.2547,12.3587,-1.0373,0.0171,-1.6817,0,1,1,0.96880,1
0.3939,4.3190,2.7432,11.9917,-2.4604,0.1205,-0.9187,0,1,0,0.69726,3
0.5389,5.5419,2.3710,12.0794,-2.8753,0.0106,-1.2160,0,1,0,0.63139,1
0.4569,4.3939,2.4705,12.7254,2.5822,0.0024,-1.6092,0,1,2,0.98063,1
0.4163,4.0719,2.5668,11.9456,1.1503,0.0358,-0.8196,0,1,0,0.18944,1
0.4546,4.7941,2.5751,11.9501,1.0736,0.0143,-0.8824,0,1,0,0.39794,1
0.3899,4.2961,2.7574,13.3263,2.7996,0.0141,-1.9002,0,1,1,2.08262,0
0.3638,3.8351,2.7544,11.9269,-1.9610,0.0264,-0.6807,0,1,0,0.59796,1
0.4217,4.3187,2.6081,12.1771,-3.0852,0.0712,-1.0832,0,1,1,0.74422,1
0.3351,3.6502,2.8500,11.9203,3.0166,0.0654,-0.6662,0,1,0,0.67727,3
0.3878,4.1036,2.7127,11.7336,3.0040,0.0693,-0.6323,0,1,0,0.18203,3
0.4152,4.1429,2.5915,11.6635,1.0478,0.0031,-0.5404,0,1,0,0.31569,1
0.4650,5.0498,2.5865,12.1290,-2.4713,0.1019,-1.1968,0,1,0,0.64375,1
0.4178,4.1314,2.5762,11.7188,-1.9126,0.0147,-0.6047,0,1,0,0.27970,3
0.4014,4.1525,2.6596,11.7623,-2.4192,0.0658,-0.6753,0,1,0,0.38232,3
0.3697,3.8612,2.7318,11.6920,1.8395,0.0437,-0.5387,0,1,0,0.32732,1
0.4667,4.5442,2.4643,11.7934,0.8231,0.0169,-0.7638,0,1,0,0.23368,1
0.4434,4.6348,2.5881,11.8793,1.7645,0.0150,-0.7940,0,1,0,0.44454,1
0.4572,4.5991,2.5179,12.0298,-1.9804,0.0708,-1.0379,0,1,0,0.38143,3
0.3753,4.0564,2.7629,12.8333,-2.6551,0.0373,-1.4461,0,1,1,1.39046,1
0.4481,4.8097,2.6086,13.1173,-2.6433,0.0541,-2.0599,1,1,1,1.51215,1
0.3571,3.8907,2.8081,13.1070,2.4417,0.0520,-1.6205,0,1,1,1.86295,1
0.4469,4.2974,2.4899,12.1983,-3.0116,0.0151,-1.0910,0,0,0,0.00000,1
0.4819,4.7997,2.4577,12.5834,1.2975,0.0065,-1.5678,0,1,1,1.02750,1
0.3743,4.0016,2.7511,12.0211,-2.5066,0.1131,-0.8883,0,1,0,0.73786,3
0.3994,4.0657,2.6447,11.9461,2.9058,0.0473,-0.7983,0,1,0,0.61070,3
0.3679,3.9634,2.7732,12.8985,2.7301,0.0358,-1.4679,0,1,2,2.12829,1
0.4650,4.4209,2.4428,11.7480,-0.2116,0.0059,-0.7034,0,1,0,0.34005,3
0.4621,4.4874,2.4704,12.5955,0.5498,0.0172,-1.5249,0,1,1,0.91097,1
0.3543,3.9019,2.8271,12.8827,2.7164,0.0201,-1.3737,0,1,3,1.46947,0
0.4198,4.1882,2.5824,11.8694,2.0259,0.0172,-0.7381,0,1,0,0.54394,3
0.3782,4.0939,2.7591,11.9016,-2.7420,0.1008,-0.7859,0,1,0,0.66286,3
0.3519,3.8023,2.8080,13.0572,-2.2273,0.0294,-1.5174,0,1,1,1.84280,1
0.4845,4.6664,2.4178,12.1516,-2.3850,0.0025,-1.1309,0,1,0,0.21239,1
0.4170,4.3595,2.6412,12.2094,1.3351,0.0034,-1.0049,0,1,1,0.64338,1
0.3786,4.0606,2.7466,12.9725,-2.9874,0.0653,-1.6256,0,1,1,1.13920,1
0.4912,4.5524,2.3656,11.5662,-0.2161,0.0071,-0.5780,0,1,0,0.27553,3
0.5022,5.0743,2.4310,11.6624,-1.4916,0.0280,-0.7188,0,1,0,0.34224,3
0.3655,3.9673,2.7871,11.7173,3.1168,0.1005,-0.6195,0,1,0,0.47401,3
0.4584,4.3103,2.4438,12.4269,2.1430,0.0206,-1.3505,0,1,0,1.00163,1
0.3414,3.6849,2.8267,13.2564,2.8908,0.0145,-1.5997,0,1,1,2.04946,1
0.3734,4.0946,2.7843,12.0188,2.5447,0.0694,-0.8270,0,1,0,0.60267,3
0.4504,4.6977,2.5714,12.3243,2.4251,0.0095,-1.2138,0,1,1,0.75254,1
0.3710,4.0899,2.7955,11.7142,3.0105,0.1073,-0.6346,0,1,0,0.20731,2
0.4348,4.7579,2.6581,12.0171,2.3163,0.0197,-0.9049,0,1,0,0.39889,1
0.5148,4.8130,2.3276,11.8556,1.5729,0.0164,-0.9222,0,1,0,0.36412,1
0.4011,4.2000,2.6740,12.1057,2.5023,0.0149,-0.8914,0,1,0,0.62261,3
0.4143,4.1906,2.6087,12.5982,2.0122,0.0474,-1.4046,0,1,0,0.36278,1
0.3952,4.0751,2.6677,11.9170,-2.4836,0.0479,-0.7664,0,1,0,0.53142,3
0.5804,5.6962,2.2358,12.1369,1.3914,0.0174,-1.4035,0,1,0,0.22140,1
0.4238,4.2926,2.5915,12.0675,2.9864,0.0055,-0.9019,0,1,0,0.60607,3
0.4266,4.4171,2.6109,11.6541,2.4490,0.0301,-0.5849,0,1,0,0.20018,3
0.4528,4.9256,2.6140,11.9317,-3.1212,0.0268,-0.8782,0,1,0,0.34276,3
0.3424,3.7028,2.8268,11.8755,2.7581,0.0898,-0.6799,0,1,0,0.58872,3
0.3860,4.2307,2.7585,11.9894,2.7633,0.0472,-0.8040,0,1,0,0.47162,3
0.3835,4.2176,2.7679,12.3124,-2.8729,0.0460,-1.0566,0,1,1,0.96627,3
0.3707,4.0899,2.7973,13.0553,3.0335,0.0636,-1.6580,1,2,1,1.61377,0
0.4615,5.0153,2.5949,12.5105,-2.7343,0.0256,-1.4546,0,1,0,0.75320,1
0.4670,4.4957,2.4517,11.7484,-0.9046,0.0605,-0.7780,0,1,0,0.17423,1
0.5445,5.1759,2.2827,12.6067,0.1445,0.0061,-1.8203,0,1,2,0.89904,1
0.3813,3.9890,2.7118,12.9305,-1.7631,0.0120,-1.5108,0,1,1,1.59054,1
0.4938,4.8113,2.4111,12.3041,-1.4790,0.0016,-1.3111,0,1,0,0.73758,1
0.5202,5.3997,2.4207,12.1139,0.9366,0.0422,-1.2477,0,1,0,0.60470,1
0.4324,4.2145,2.5322,11.8219,2.1570,0.0137,-0.7178,0,1,0,0.14012,3
0.3777,3.9073,2.7054,11.8350,-1.6991,0.0297,-0.6431,0,1,0,0.23208,1
0.3395,3.6871,2.8381,12.3361,-1.9730,0.0662,-0.9751,0,1,0,1.12313,1
0.4326,4.3982,2.5785,12.6058,1.1665,0.0150,-1.4265,0,1,0,1.29434,1
0.3569,3.8695,2.8025,11.8870,2.7502,0.0808,-0.7058,0,1,0,0.43677,3
0.4565,4.8396,2.5773,11.8740,2.3877,0.0026,-0.8013,0,1,0,0.37040,3
0.3544,3.8525,2.8107,12.9461,3.0841,0.0789,-1.5213,0,1,3,2.46279,1
0.5409,5.4843,2.3527,12.8854,-2.8511,0.0065,-2.1387,0,1,1,1.59479,1
0.4829,4.9399,2.4839,12.2708,1.7176,0.0262,-1.2825,0,1,0,1.06609,1
0.4395,4.2656,2.5143,11.8605,1.7971,0.0141,-0.7661,0,1,0,0.33799,3
0.3718,4.0640,2.7832,12.7962,2.5966,0.0288,-1.3882,0,1,1,1.67346,1
0.3815,3.9013,2.6841,12.0278,1.6295,0.0142,-0.7803,0,1,0,0.30156,1
0.3735,3.9254,2.7324,12.9760,-1.9705,0.0153,-1.5214,0,1,0,1.89647,1
0.4466,4.6303,2.5725,11.9059,1.1387,0.0225,-0.8343,0,1,0,0.53277,1
0.4671,4.8710,2.5371,12.9147,-2.2420,0.0252,-1.8849,1,1,1,1.34991,1
0.4490,4.5494,2.5422,12.0191,-1.3536,0.0429,-0.9702,0,1,0,0.34068,1
0.4969,4.7576,2.3869,12.1059,0.5185,0.0499,-1.1853,0,1,0,0.55568,1
0.5425,5.3473,2.3214,12.1370,-1.0996,0.0567,-1.3537,0,1,0,0.41205,1
0.5323,4.9441,2.2859,12.0884,0.3799,0.0051,-1.1952,0,1,0,0.61249,1
0.3743,4.0735,2.7731,11.8512,3.0591,0.1090,-0.7486,0,1,0,0.38600,3
0.5008,4.9668,2.4149,12.2803,3.1055,0.0059,-1.3149,0,1,0,0.55824,1
0.3645,3.9102,2.7743,11.7042,-2.4242,0.0719,-0.5735,0,1,0,0.41865,3
0.4622,4.9181,2.5695,11.9160,2.7822,0.0084,-0.8603,0,1,0,0.62961,3
0.3599,3.8747,2.7880,13.2058,3.0628,0.0512,-1.7153,0,1,0,2.15657,1
0.5032,4.9456,2.4005,11.9089,0.7455,0.0338,-0.9766,0,1,0,0.19145,1
0.4528,4.5390,2.5229,11.9186,1.8882,0.0015,-0.8312,0,1,0,0.28231,3
0.4182,4.4448,2.6577,12.8512,3.0038,0.0122,-1.5952,0,1,0,1.62507,1
0.4535,4.5059,2.5120,11.9773,-1.6984,0.0535,-0.9559,0,1,0,0.31507,3
0.3335,3.6504,2.8591,12.9354,-3.0787,0.0760,-1.4200,0,1,0,1.86000,1
0.4125,4.3004,2.6465,11.5638,-3.0460,0.0096,-0.4637,0,1,0,0.25608,3
0.3524,3.8332,2.8151,12.1030,2.2004,0.0595,-0.8285,0,1,0,0.75761,1
0.3814,4.0688,2.7348,12.2383,2.0705,0.0738,-1.0288,0,1,1,0.91744,3
0.4185,4.5934,2.6950,11.8529,-2.5220,0.0619,-0.7796,0,1,0,0.26817,3
0.3824,4.1676,2.7589,11.5615,-2.2188,0.0244,-0.4373,0,1,0,0.26635,1
0.4150,4.1201,2.5864,12.1352,2.7547,0.0015,-0.9319,0,0,0,0.00000,1
0.4228,4.2087,2.5741,11.8160,2.8719,0.0018,-0.6791,0,1,0,0.35743,3
0.3785,4.0305,2.7383,12.0953,-3.0245,0.1162,-0.9622,0,1,0,0.74458,1
0.4585,4.3323,2.4491,11.7867,0.3894,0.0232,-0.7489,0,1,0,0.23800,1
0.3747,3.8754,2.7108,12.3177,1.6597,0.0378,-1.0236,0,1,0,1.18047,1
0.3307,3.6149,2.8632,12.1120,-2.4176,0.0803,-0.8094,0,1,0,0.93222,0
0.4485,4.8273,2.6106,11.7696,3.0348,0.0105,-0.7010,0,1,0,0.41670,3
0.3739,3.9407,2.7346,12.9820,-2.8562,0.0580,-1.6016,0,1,3,1.59944,1
0.3750,3.8841,2.7120,12.1927,-2.5929,0.0309,-0.9159,0,1,0,0.67240,3
0.5203,4.7306,2.2895,12.5063,1.6826,0.0136,-1.6286,0,1,0,1.20993,1
0.4539,4.6368,2.5415,11.9255,1.3741,0.0065,-0.8470,0,1,0,0.30596,1
0.4330,4.4701,2.5950,11.6412,-2.2456,0.0167,-0.5678,0,1,0,0.33483,3
0.4214,4.2961,2.6036,12.3797,2.4862,0.0225,-1.1941,0,1,1,0.90764,1
0.3907,4.0201,2.6737,11.6726,-2.8626,0.0004,-0.5052,0,1,0,0.33024,1
0.4087,4.0636,2.6000,11.7852,2.9188,0.0463,-0.6830,0,1,0,0.29642,1
0.4160,4.4721,2.6753,12.1433,-2.8777,0.0476,-1.0061,0,1,1,0.39879,3
0.5334,5.0011,2.2926,12.0637,-0.6891,0.0047,-1.1713,0,1,1,0.48067,1
0.4231,4.1128,2.5471,11.7954,-1.0963,0.0396,-0.7101,0,1,0,0.19336,1
0.4856,4.8854,2.4609,12.1966,-1.0363,0.0227,-1.2096,0,1,0,0.56692,1
0.3958,4.1643,2.6902,11.8497,2.6404,0.1188,-0.8031,0,1,0,0.33229,1
0.3926,4.2287,2.7247,11.7857,2.4513,0.1569,-0.7914,0,1,0,0.21945,1
0.4101,4.2925,2.6562,12.0970,2.3058,0.0261,-0.9216,0,1,0,0.42635,3
0.3690,3.9599,2.7663,11.4742,-2.0821,0.0451,-0.3793,0,1,0,0.22204,1
0.3747,4.0440,2.7622,11.9916,2.3126,0.0144,-0.7377,0,1,0,0.38864,1
0.3864,4.2393,2.7590,11.7753,3.0265,0.0746,-0.6693,0,1,0,0.20498,3
0.6458,5.9055,2.0297,12.3412,-0.3419,0.1134,-2.0159,0,1,0,0.82420,1
0.3798,3.9155,2.6971,11.6572,-1.8139,0.0125,-0.4907,0,1,0,0.26413,1
0.4512,4.4990,2.5203,12.1344,2.3899,0.0009,-1.0248,0,1,0,0.51230,1
0.4760,4.4262,2.3985,11.8635,-0.4996,0.0363,-0.8736,0,1,0,0.47225,1
0.5338,4.9532,2.2817,11.6178,0.1961,0.0731,-0.7836,0,1,0,0.33692,1
0.5003,5.0601,2.4361,12.1807,-2.1444,0.0518,-1.2763,0,1,0,0.63172,1
0.3610,3.8829,2.7845,12.5978,-2.2459,0.0342,-1.1967,0,1,1,1.25140,1
0.4116,4.0621,2.5858,11.9498,1.9617,0.0202,-0.7923,0,1,0,0.35007,3
0.4764,5.2061,2.5695,12.1887,2.7911,0.1013,-1.2874,0,1,0,0.61145,1
0.3928,4.0148,2.6619,13.0533,-2.6974,0.0418,-1.7204,0,1,0,1.84866,1
0.3852,4.0997,2.7248,12.5676,-2.9820,0.0048,-1.2116,0,1,0,1.32893,1
0.3722,3.9791,2.7552,12.1076,-2.4158,0.0593,-0.8806,0,1,0,0.68494,3
0.5204,5.4982,2.4387,12.0601,-2.5512,0.0475,-1.1979,0,1,0,0.55791,1
0.4641,4.8679,2.5500,11.9015,-2.1864,0.0230,-0.8693,0,1,0,0.40926,3
0.4256,4.3823,2.6067,12.3902,2.5281,0.0568,-1.2670,0,1,0,0.78376,1
0.4027,4.2740,2.6871,11.6268,1.7957,0.0046,-0.4937,0,1,0,0.15045,1
0.3931,4.2365,2.7240,12.0203,-2.3273,0.0575,-0.8586,0,1,0,0.38510,3
0.5025,5.5008,2.5153,12.4035,-2.2554,0.0025,-1.4496,0,1,0,1.04219,3
0.4914,4.7123,2.3995,11.7426,2.2728,0.0034,-0.7453,0,1,0,0.38349,3
0.4287,4.4626,2.6129,12.8288,1.8985,0.0161,-1.6229,0,1,1,1.42091,1
0.3311,3.6177,2.8616,12.9860,-3.1271,0.0381,-1.3860,0,1,0,1.77643,1
0.4640,5.0843,2.5986,12.2137,2.6310,0.0163,-1.1592,0,1,0,0.84418,3
0.3396,3.7083,2.8445,11.7732,2.6087,0.1082,-0.6248,0,1,0,0.51772,3
0.5034,5.4281,2.4971,11.5754,1.6451,0.0031,-0.6055,0,1,0,0.16885,1
0.4707,4.3977,2.4136,12.3988,-1.4127,0.0035,-1.3358,1,2,0,1.06173,1
0.4309,4.1685,2.5270,12.1550,-1.3040,0.0214,-1.0179,0,1,0,0.74913,1
0.3957,4.1077,2.6744,11.7575,2.0801,0.0544,-0.6470,0,1,0,0.38976,3
0.4881,4.9103,2.4556,12.0081,-1.3762,0.0476,-1.0608,0,1,0,0.31307,3
0.3803,3.9812,2.7143,11.8642,2.6581,0.0284,-0.6691,0,1,0,0.64850,3
0.4436,4.2992,2.5048,12.0383,2.2242,0.0067,-0.9245,0,1,0,0.22616,1
0.3413,3.7288,2.8420,11.5418,3.1237,0.0877,-0.4418,0,1,0,0.32904,3
0.4624,4.8498,2.5534,12.8064,1.9199,0.0045,-1.7191,0,1,0,1.53197,1
0.4520,4.7761,2.5829,11.8327,2.2157,0.0541,-0.8199,0,1,0,0.18213,3
0.4025,4.0355,2.6215,12.8178,-2.6562,0.0230,-1.5178,0,1,0,0.37535,1
0.4380,4.4490,2.5670,11.8464,2.6703,0.0024,-0.7367,0,1,0,0.21655,3
0.3965,4.2342,2.7064,11.9105,1.7643,0.0719,-0.7949,0,1,0,0.53633,1
0.4331,4.5469,2.6136,13.0079,-2.8847,0.0293,-1.8365,1,2,1,1.61174,1
0.3320,3.6591,2.8711,11.9911,2.9176,0.0885,-0.7382,0,1,0,0.55312,2
0.3988,4.2023,2.6863,12.4297,-3.0444,0.0287,-1.1762,0,1,1,0.92935,1
0.4591,5.0473,2.6129,11.9245,-1.9060,0.0086,-0.8623,0,1,0,0.60561,1
0.5625,5.3692,2.2485,11.7838,0.5736,0.0178,-0.9492,0,1,0,0.38104,3
0.4046,4.2056,2.6586,11.5917,2.6492,0.1083,-0.5932,0,1,0,0.21443,1
0.4388,4.7866,2.6461,12.3120,2.9603,0.0698,-1.2540,0,1,0,0.22136,1
0.3830,3.9158,2.6813,12.5626,-2.4692,0.0057,-1.2004,0,1,0,1.28191,1
0.5004,5.1482,2.4535,12.4259,1.5113,0.0115,-1.4768,0,1,2,1.16347,1
0.5312,4.9325,2.2879,11.7273,1.2322,0.0322,-0.8422,0,1,0,0.36437,3
0.4460,4.7198,2.5969,13.0260,2.5825,0.0264,-1.9072,0,1,0,1.52669,1
0.4416,4.4020,2.5392,11.7723,-1.0287,0.0552,-0.7453,0,1,0,0.34113,1
0.5195,5.3604,2.4162,11.6324,0.8328,0.0620,-0.7619,0,1,0,0.18362,1
0.3613,3.7998,2.7564,12.7477,-2.5282,0.0872,-1.4010,0,1,1,1.29772,1
0.3763,4.0328,2.7506,11.8569,-2.5577,0.0296,-0.6574,0,1,0,0.51892,1
0.4423,4.4942,2.5589,11.6854,2.6708,0.0234,-0.6297,0,1,0,0.22170,3
0.4784,5.2291,2.5653,12.7997,-2.1114,0.0210,-1.8068,0,1,1,1.24721,1
0.4533,4.2944,2.4617,11.6020,-2.2015,0.0298,-0.5806,0,1,0,0.33210,1
0.4918,4.5547,2.3638,12.1447,-0.1026,0.0285,-1.1796,0,1,0,0.59771,1
0.4579,4.5190,2.4961,11.7793,1.9274,0.0337,-0.7554,0,1,0,0.48209,3
0.3346,3.6784,2.8625,12.5859,3.0855,0.1167,-1.2187,0,1,1,1.29895,1
0.4148,4.4468,2.6745,12.6094,3.0509,0.0010,-1.3459,0,1,0,1.35859,1
0.3972,4.3550,2.7369,12.5148,-3.0697,0.0466,-1.2704,0,1,1,1.15923,3
0.4745,4.6659,2.4593,12.0937,-1.8447,0.0214,-1.0748,0,1,0,0.64779,1
0.3807,4.0485,2.7325,11.9468,-2.7662,0.0583,-0.7727,0,1,0,0.37011,3
0.5545,5.0156,2.2160,11.6809,-1.1812,0.0293,-0.8319,0,1,0,0.27783,1
0.4425,4.8123,2.6351,11.8793,2.8645,0.0579,-0.8478,0,1,0,0.18597,3
0.3940,4.2746,2.7306,11.8803,3.1263,0.1261,-0.8336,0,1,0,0.47552,1
0.4227,4.4096,2.6273,12.8838,3.0348,0.0349,-1.6818,0,2,0,0.97832,1
0.3523,3.7645,2.7933,11.9470,-2.6816,0.1034,-0.7695,0,1,0,0.59895,3
0.3940,4.0345,2.6618,11.8588,1.9006,0.0026,-0.6592,0,1,0,0.32499,1
0.5136,4.7395,2.3171,11.9261,-0.5686,0.0621,-1.0549,0,1,0,0.20105,1
0.4384,4.8400,2.6611,12.8591,-2.7359,0.0299,-1.7158,0,1,1,1.49397,0
0.4702,4.9142,2.5331,12.2874,-1.0548,0.0136,-1.2438,0,1,1,0.83702,1
0.4176,4.3304,2.6304,12.5429,-2.0825,0.0175,-1.3206,0,1,1,1.25753,1
0.4173,4.3144,2.6278,12.1128,1.9878,0.0167,-0.9403,0,1,0,0.41399,3
0.4948,5.4570,2.5401,11.9726,-2.0731,0.0182,-1.0045,0,1,0,0.24692,2
0.6078,6.0964,2.1940,11.9152,-1.6019,0.0400,-1.2392,0,1,0,0.48534,1
0.4542,4.9937,2.6232,12.7759,-2.5505,0.0411,-1.7164,0,1,0,1.30334,1
0.3629,3.8032,2.7492,12.0022,-2.8235,0.0555,-0.7725,0,1,0,0.68028,3
0.4868,5.3144,2.5460,13.0401,-2.7066,0.0070,-2.0764,1,2,0,0.56326,1
0.4048,4.2466,2.6692,11.9669,1.8138,0.0035,-0.7706,0,1,0,0.67600,1
0.3551,3.7914,2.7868,12.7428,2.7444,0.0330,-1.2874,0,1,1,1.20045,1
0.4560,4.5278,2.5064,12.1724,1.1473,0.0098,-1.0854,0,1,0,0.64350,1
0.4120,4.0944,2.5931,12.4497,-2.8800,0.0003,-1.1924,0,1,1,1.19206,1
0.3814,4.0530,2.7301,12.0203,2.9102,0.0950,-0.8806,0,1,0,0.47841,1
0.3391,3.6957,2.8434,12.9101,-2.4883,0.0340,-1.3551,0,1,1,1.33800,1
0.4543,4.8132,2.5810,12.8569,2.0025,0.0115,-1.7487,0,1,1,1.40943,1
0.3759,4.0629,2.7615,12.3922,-2.6075,0.0195,-1.0610,0,1,1,0.99902,1
0.3732,3.9575,2.7436,12.3519,3.0034,0.1127,-1.1529,0,1,0,1.01479,1
0.5280,5.4323,2.3950,11.7763,2.7564,0.0127,-0.8660,0,1,0,0.54195,1
0.3581,3.9477,2.8206,11.7684,-2.9412,0.0547,-0.5887,0,1,0,0.42600,2
0.4435,4.7233,2.6090,11.8385,-2.6422,0.0784,-0.8389,0,1,0,0.47890,1
0.4759,4.3714,2.3864,11.6815,-0.0541,0.0185,-0.6765,0,1,0,0.21074,3
0.3381,3.7065,2.8528,11.7874,-2.7765,0.0848,-0.6033,0,1,0,0.52321,3
0.4198,4.5923,2.6883,12.1131,-2.1028,0.0153,-0.9464,0,1,0,0.68407,1
0.3678,4.0405,2.7975,12.3928,3.0848,0.0858,-1.1306,0,1,0,0.62124,3
0.3911,4.1242,2.7021,11.9877,-1.7150,0.0292,-0.7904,0,1,0,0.69003,1
0.5231,4.8774,2.3080,11.9483,-0.2769,0.0236,-1.0481,0,1,0,0.28608,1
0.4544,4.6060,2.5320,12.1327,-1.2760,0.0197,-1.0582,0,1,2,0.91142,1
0.5871,5.8072,2.2281,12.2038,-0.5317,0.0782,-1.5941,0,1,0,0.73697,1
0.4242,4.4245,2.6239,12.2006,-2.7983,0.0305,-1.0547,0,1,0,0.30421,3
0.4075,4.3668,2.6890,12.2819,-1.8853,0.0203,-1.0646,0,1,0,0.95029,1
0.4010,4.1363,2.6568,11.7311,2.8768,0.0605,-0.6428,0,1,0,0.48510,3
0.4161,4.2596,2.6186,11.5909,0.4022,0.0014,-0.4808,0,1,0,0.14794,1
0.3763,4.1393,2.7825,12.0664,2.9388,0.1636,-0.9949,0,1,0,0.56782,1
0.4009,4.0564,2.6348,12.4199,-1.8036,0.0274,-1.1721,0,1,2,1.37611,1
0.3780,4.0578,2.7492,12.0691,2.0292,0.0176,-0.8093,0,1,1,0.61687,1
0.4664,4.5307,2.4625,11.7311,-0.8269,0.0383,-0.7323,0,1,0,0.31984,1
0.4114,4.2371,2.6347,11.8371,1.8707,0.0079,-0.6830,0,1,0,0.36148,1
0.3425,3.7240,2.8337,11.8696,-2.1165,0.0579,-0.6361,0,1,0,0.69301,1
0.4578,4.6292,2.5227,12.3434,-2.3018,0.0199,-1.2685,0,1,1,0.96236,1
0.4478,4.7544,2.5969,12.0697,2.4378,0.0287,-0.9958,0,1,0,0.53935,3
0.4831,4.7274,2.4369,11.7492,-0.9952,0.0214,-0.7596,0,1,0,0.47791,3
0.3707,3.9543,2.7557,13.1259,-2.0484,0.0116,-1.6281,0,1,1,2.03399,1
0.3532,3.7528,2.7842,12.7001,2.6135,0.1254,-1.3909,0,1,0,1.51792,1
0.3473,3.7600,2.8191,13.0759,3.1310,0.0271,-1.5077,0,0,1,1.15372,1
0.3622,3.8894,2.7802,11.5405,-2.6929,0.0646,-0.4416,0,1,0,0.26089,3
0.4082,4.2076,2.6421,11.6651,-2.6853,0.0045,-0.5326,0,1,0,0.39943,1
0.5522,5.5888,2.3267,12.1235,1.5812,0.0485,-1.3544,0,1,0,0.40656,3
0.4915,5.2789,2.5184,11.9858,1.7544,0.0195,-1.0106,0,1,0,0.40947,3
0.3341,3.6474,2.8547,11.9543,-2.5582,0.0301,-0.6431,0,1,1,0.55265,1
0.5945,5.7359,2.1892,12.5205,-0.3519,0.0523,-1.9779,0,1,0,0.65035,1
0.4382,4.3052,2.5299,11.7326,-0.9009,0.0135,-0.6509,0,1,0,0.46603,1
0.3983,4.0506,2.6457,12.8800,2.1930,0.0216,-1.5540,0,1,1,1.53624,1
0.3578,3.8587,2.7941,12.4002,-1.9701,0.0412,-1.0426,0,1,0,1.12271,1
0.4798,4.4142,2.3806,11.7598,2.9945,0.0038,-0.7388,0,1,0,0.42031,1
0.4135,4.0727,2.5804,11.8915,-1.9232,0.0442,-0.7786,0,1,0,0.55805,3
0.4359,4.7814,2.6586,12.0849,-2.3813,0.0489,-1.0073,0,1,0,0.53503,3
0.5046,5.3646,2.4792,12.1439,2.1019,0.0179,-1.2038,0,1,0,0.63985,3
0.3611,3.8388,2.7698,11.7522,2.3739,0.1181,-0.6599,0,1,0,0.47359,3
0.3971,4.1359,2.6758,11.8867,1.9985,0.0096,-0.6969,0,1,0,0.64882,1
0.4570,4.3586,2.4616,11.8598,-2.2110,0.0498,-0.8484,0,1,0,0.47157,1
0.3410,3.7005,2.8338,12.1171,2.8202,0.1824,-0.9737,0,1,0,0.59057,1
0.3765,4.1512,2.7847,12.8785,2.7429,0.0308,-1.4786,0,1,1,1.36363,0
0.3479,3.7381,2.8087,12.1593,-2.3793,0.0802,-0.8865,0,1,0,0.62244,3
0.4469,4.2815,2.4860,12.3945,-2.4372,0.0158,-1.2756,0,2,1,0.83737,1
0.4354,4.6888,2.6384,12.0418,-2.2178,0.0142,-0.9207,0,1,0,0.35259,1
0.4249,4.4932,2.6383,12.0954,-2.3059,0.0363,-0.9716,0,1,0,0.66810,3
0.4482,4.2874,2.4816,12.2383,1.0968,0.0004,-1.1106,0,1,0,0.63393,1
0.4598,5.0688,2.6147,12.0848,-2.5832,0.1379,-1.1879,0,1,0,0.27776,0
0.3297,3.6264,2.8729,11.7320,-2.2506,0.0664,-0.5287,0,1,0,0.56671,1
0.5287,5.0689,2.3235,12.1321,-0.4270,0.0537,-1.3048,0,1,2,5.49511,1
0.3387,3.7396,2.8604,11.9573,-2.8291,0.1301,-0.7815,0,1,0,0.63342,2
0.3706,3.8847,2.7345,11.5937,2.6493,0.0286,-0.4493,0,1,0,0.31436,3
0.3604,3.9208,2.7998,12.5994,3.0132,0.1334,-1.3446,0,1,0,1.42395,1
0.3924,3.9547,2.6464,11.7060,2.7541,0.0008,-0.5340,0,1,0,0.39257,1
0.4747,4.7014,2.4663,11.8444,-0.7547,0.0216,-0.8348,0,1,0,0.37592,1
0.4273,4.5776,2.6485,12.1687,-1.5649,0.0379,-1.0453,0,0,0,0.00000,1
0.5327,5.5781,2.4029,11.6514,-2.2571,0.0285,-0.7638,0,1,0,0.15445,3
0.3392,3.7314,2.8546,12.7158,2.9043,0.0894,-1.2936,0,1,0,1.57948,1
0.5139,4.8092,2.3299,12.2628,0.6565,0.0005,-1.3249,0,1,0,0.65233,1
0.3364,3.6628,2.8471,12.5106,2.8957,0.0588,-1.0835,0,1,0,1.28328,1
0.3714,4.0089,2.7687,11.6237,-2.8832,0.0142,-0.4555,0,1,0,0.26998,1
0.4793,5.0670,2.5267,12.1428,-2.8542,0.0579,-1.1887,1,1,2,1.18240,1
0.5422,5.0406,2.2664,12.1219,-0.2268,0.0004,-1.2518,0,1,0,0.47016,1
0.3874,4.2570,2.7591,12.3730,-2.5066,0.0727,-1.1559,0,1,0,1.00251,3
0.4075,4.0705,2.6074,11.8205,3.0822,0.0586,-0.7257,1,1,0,0.33569,1
0.4763,5.1697,2.5624,12.2619,-2.6496,0.0706,-1.3183,0,1,0,0.98592,1
0.4923,5.2511,2.5090,11.7654,-1.8243,0.0194,-0.7930,0,1,0,0.41607,3
0.4901,4.7398,2.4106,11.7554,-1.1380,0.0455,-0.8098,0,1,0,0.32514,3
0.4050,4.1603,2.6442,12.2369,3.0569,0.0727,-1.0920,0,1,0,0.84915,1
0.3731,4.0265,2.7649,11.4339,3.0525,0.0276,-0.3347,0,1,0,0.19463,1
0.4159,4.3953,2.6559,12.8550,2.5358,0.0451,-1.6434,0,1,0,1.66006,1
0.4182,4.1568,2.5813,11.6683,-1.6662,0.0202,-0.5703,0,1,0,0.27181,3
0.3986,4.1453,2.6713,11.8666,2.2937,0.0388,-0.7208,0,1,0,0.42614,3
0.4562,4.4705,2.4919,12.0089,0.3327,0.0007,-0.9200,0,1,0,0.44586,1
0.3674,4.0349,2.7981,11.6941,-2.3243,0.0264,-0.5157,0,1,0,0.23003,1
0.4004,4.3232,2.7121,12.8563,2.7426,0.0014,-1.5093,0,1,1,1.44585,1
0.5464,5.6601,2.3620,12.4195,-2.3826,0.0133,-1.6271,0,1,0,0.93126,1
0.3619,3.8066,2.7553,12.8888,3.1060,0.0497,-1.4586,1,2,0,0.57375,1
0.4407,4.4358,2.5514,12.8107,1.6120,0.0296,-1.6764,0,0,1,0.38515,1
0.4138,4.4283,2.6747,12.0313,1.9326,0.0391,-0.8922,0,1,0,0.20317,1
0.3336,3.6322,2.8522,13.1368,3.0918,0.0976,-1.6165,0,2,1,1.75050,0
0.4367,4.4763,2.5795,11.9227,2.9446,0.0221,-0.8271,0,1,0,0.20096,3
0.3393,3.7272,2.8527,11.8478,-2.5767,0.1487,-0.7272,0,1,0,0.34365,3
0.4112,4.0557,2.5862,12.5051,2.7107,0.0407,-1.2998,1,1,2,1.01157,1
0.4636,4.6286,2.4973,11.8675,1.6812,0.0518,-0.8728,0,1,0,0.36851,3
0.3936,4.1639,2.7008,12.0951,-1.7604,0.0178,-0.8682,0,1,0,0.14323,1
0.3697,3.9799,2.7686,11.9954,2.9393,0.0144,-0.7295,0,1,0,0.57887,1
0.3373,3.6562,2.8398,12.5741,2.8920,0.0808,-1.1662,0,1,1,1.42137,1
0.3393,3.6699,2.8332,12.1953,-2.2774,0.0852,-0.8976,0,1,0,0.91933,3
0.5145,5.0564,2.3774,11.9033,-1.0039,0.0102,-0.9646,0,1,0,0.30948,3
0.4120,4.4866,2.6987,12.5896,-2.3840,0.0043,-1.3239,0,1,1,1.27424,1
0.4804,4.7150,2.4456,11.8932,-1.1887,0.0060,-0.8730,0,1,0,0.57897,3
0.3592,3.7843,2.7623,12.5082,-2.8234,0.0605,-1.1596,0,1,0,1.26831,1
0.4886,5.1641,2.5069,11.7527,-1.6738,0.0373,-0.7957,0,1,0,0.33508,3
0.3662,3.8867,2.7582,11.8692,-2.6256,0.1443,-0.7913,0,1,0,0.26650,1
0.4673,4.3227,2.4101,12.0795,1.3481,0.0048,-1.0173,0,1,0,0.40180,1
0.4436,4.2822,2.5003,12.4860,1.1796,0.0311,-1.3755,0,1,1,1.14233,1
0.4432,4.8570,2.6422,12.3630,3.0770,0.0639,-1.3075,0,1,0,1.05114,1
0.3894,4.2790,2.7551,12.1117,2.7337,0.1669,-1.0700,0,1,0,0.57548,1
0.3860,4.1886,2.7467,12.0714,-1.9176,0.0298,-0.8465,0,1,0,0.76457,1
0.4644,4.9146,2.5590,11.9468,0.8907,0.0051,-0.8897,0,1,0,0.19954,1
0.3640,3.8820,2.7683,11.8856,-2.3940,0.0326,-0.6584,0,1,0,0.55092,1
0.5032,5.2093,2.4545,12.0915,-2.5171,0.0232,-1.1516,0,1,0,0.58066,1
0.4152,4.4248,2.6668,11.8868,2.5798,0.0921,-0.8404,0,1,0,0.63843,3
0.4452,4.5536,2.5601,12.0819,-0.9998,0.0199,-0.9877,0,1,0,0.83427,1
0.4166,4.1410,2.5846,11.9458,2.5470,0.0021,-0.7760,0,1,0,0.57571,3
0.3831,4.1100,2.7384,11.8226,-2.5585,0.0606,-0.6829,0,1,0,0.23293,3
0.4080,4.1569,2.6288,11.8808,2.3499,0.0317,-0.7425,0,1,0,0.45809,3
0.5005,5.1098,2.4455,12.5134,0.4868,0.0157,-1.5760,0,1,1,0.97666,1
0.4678,4.8513,2.5297,12.0448,2.4471,0.0031,-0.9873,0,1,0,0.46280,3
0.4270,4.6280,2.6627,12.0467,2.1633,0.0393,-0.9381,0,1,0,0.28992,3
0.4910,4.6280,2.3829,12.0230,0.2585,0.0284,-1.0548,0,1,0,0.56636,1
0.4872,4.5036,2.3707,12.1469,0.7080,0.0215,-1.1594,0,1,0,0.61348,1
0.4733,4.4447,2.4137,11.9325,-1.5624,0.0043,-0.8913,0,1,0,0.20078,1
0.3589,3.7974,2.7684,12.0166,2.9750,0.0398,-0.7538,0,1,0,0.37731,3
0.5260,5.3257,2.3831,12.1013,0.3386,0.0028,-1.1936,0,0,0,0.00000,3
0.3640,3.9592,2.7924,11.8144,-3.0160,0.0173,-0.5870,0,1,0,0.32128,1
0.4477,4.6740,2.5780,12.7677,-2.6409,0.0199,-1.6470,0,1,0,1.65861,1
0.4058,4.2097,2.6544,12.2856,-2.2418,0.0007,-1.0346,0,1,0,1.09152,1
0.4356,4.1955,2.5133,12.7877,2.5051,0.0226,-1.6207,0,1,0,1.55627,1
0.4653,4.7363,2.5145,11.8825,1.4143,0.0471,-0.8850,0,1,0,0.39149,3
0.4765,4.8244,2.4862,12.5079,-2.5842,0.0142,-1.4842,0,1,0,0.64765,1
0.4509,4.5404,2.5315,11.8522,2.0620,0.0180,-0.7884,0,1,0,0.51012,3
0.3659,3.9014,2.7642,12.4869,-2.1677,0.0560,-1.1577,0,1,1,1.00421,1
0.3777,3.9588,2.7206,11.5992,-2.7336,0.0485,-0.4874,0,1,0,0.35115,3
0.3882,3.9712,2.6718,12.4650,2.8116,0.0178,-1.1557,0,1,0,0.22999,1
0.4944,4.6205,2.3676,11.6663,0.6657,0.0261,-0.7044,0,1,0,0.29151,3
0.4266,4.4630,2.6229,12.0491,2.8521,0.0030,-0.8902,0,1,0,0.75378,3
0.4874,4.9852,2.4746,11.9655,1.5460,0.0019,-0.9554,0,1,0,0.42651,3
0.4006,4.3142,2.7085,13.0838,-2.4990,0.0245,-1.7521,0,1,1,1.77528,1
0.3875,4.0540,2.6995,11.6756,2.5737,0.0030,-0.5057,0,1,0,0.32804,1
0.3694,3.9778,2.7696,11.8156,3.0366,0.0724,-0.6662,0,1,0,0.44929,3
0.4030,4.1602,2.6540,12.0858,1.4197,0.0068,-0.8684,0,1,1,0.56113,1
0.3810,3.8955,2.6851,11.9323,-1.8624,0.0608,-0.7650,0,1,0,0.33836,3
0.3998,4.2523,2.6954,12.5527,2.4431,0.0013,-1.2439,0,1,2,0.78224,1
0.4143,4.0761,2.5776,12.2471,-1.4214,0.0159,-1.0460,0,1,1,0.79756,1
0.4527,4.4887,2.5115,11.7242,1.4871,0.0615,-0.7304,0,1,0,0.39797,3
0.4340,4.5720,2.6157,12.9081,-2.8982,0.0063,-1.7044,0,1,1,1.81112,1
0.3689,4.0653,2.7992,11.9230,2.7031,0.1575,-0.8549,0,1,0,0.34534,2
0.4644,4.3238,2.4221,12.2026,0.7121,0.0618,-1.2110,0,1,0,0.79903,1
0.4860,5.1019,2.5053,12.0595,-0.9186,0.0066,-1.0525,0,1,0,0.58842,1
0.3606,3.9754,2.8161,12.9456,-2.8086,0.0205,-1.4506,0,1,1,1.70417,0
0.3746,4.1145,2.7837,11.7609,2.8073,0.1963,-0.7863,0,1,0,0.55323,1
0.3524,3.7645,2.7926,13.1103,2.5899,0.0086,-1.5259,0,1,1,2.06285,1
0.3680,3.9203,2.7592,12.6647,2.6455,0.0209,-1.2544,0,1,1,1.51753,1
0.4592,4.3174,2.4425,11.6611,0.7253,0.0407,-0.6572,0,1,0,0.20108,1
0.3824,4.1153,2.7434,12.5363,2.6236,0.0418,-1.2317,0,1,0,1.21342,1
0.4622,4.7722,2.5362,12.0218,2.3096,0.0213,-0.9761,0,1,0,0.62424,3
0.5606,5.2424,2.2339,11.9756,0.1505,0.0501,-1.2058,0,1,0,0.26350,1
0.4500,4.5395,2.5356,12.2817,2.7475,0.0155,-1.1799,0,1,0,0.97077,1
0.3533,3.7842,2.7941,11.9557,2.6508,0.1933,-0.8936,0,1,1,0.54181,1
0.4900,5.1823,2.5047,11.8842,-1.0960,0.0052,-0.8869,0,1,0,0.38539,1
0.3743,3.9063,2.7222,11.7847,2.0451,0.0404,-0.6120,0,1,0,0.30830,1
0.5442,5.4851,2.3397,11.9407,-1.1158,0.0421,-1.1181,0,1,0,0.52320,3
0.3529,3.8116,2.8053,12.1158,2.9418,0.0465,-0.8220,0,1,0,0.73577,3
0.4493,4.5171,2.5334,11.7759,3.0279,0.0402,-0.7442,0,1,0,0.25739,1
0.6032,5.5993,2.1363,12.0803,-0.5528,0.1167,-1.5406,0,1,0,0.26820,1
0.4809,5.1999,2.5480,11.9194,-2.7553,0.0110,-0.9093,0,1,0,0.42462,3
0.4267,4.5875,2.6541,12.0926,-1.6310,0.0274,-0.9618,0,1,0,0.66420,1
0.4227,4.4025,2.6255,12.5381,-2.2888,0.0154,-1.3305,0,1,0,1.19268,1
0.5179,4.9962,2.3520,11.9324,1.4456,0.0283,-1.0265,0,1,0,0.20616,1
0.4928,5.3640,2.5302,12.4353,3.0344,0.0014,-1.4487,0,1,0,0.18974,3
0.4207,4.2681,2.5996,11.7633,1.0215,0.0095,-0.6409,0,1,0,0.50084,1
0.3875,4.2383,2.7533,12.2673,3.0341,0.0268,-1.0047,0,1,0,0.57174,3
0.4070,4.3130,2.6766,12.4241,2.9873,0.0357,-1.2079,0,1,0,1.07260,1
0.5191,5.2996,2.4062,11.6275,3.0117,0.0243,-0.7089,0,1,0,0.34525,1
0.4264,4.6907,2.6816,11.9464,2.0147,0.0272,-0.8330,0,0,0,0.00000,1
0.4085,4.0681,2.6022,12.6013,0.5302,0.0020,-1.3152,0,1,0,1.43046,1
0.5319,4.8084,2.2608,11.9530,-1.4754,0.0187,-1.0659,0,1,0,0.44401,1
0.5340,5.2422,2.3358,12.1827,-0.1367,0.0397,-1.3561,0,1,0,0.68875,1
0.4521,4.2793,2.4631,11.8186,0.8876,0.0244,-0.7670,0,1,0,0.29333,1
0.3926,4.3087,2.7469,12.3001,-3.1049,0.0832,-1.1249,0,1,0,0.83834,3
0.4323,4.7034,2.6564,12.5940,3.0681,0.0850,-1.5228,0,1,0,1.40051,1
0.4378,4.3998,2.5555,11.8663,-1.8101,0.0032,-0.7547,0,1,0,0.50230,3
0.3782,4.0602,2.7490,12.0472,-2.5178,0.0628,-0.8520,0,1,0,0.58890,3
0.4373,4.5304,2.5904,11.6750,2.7936,0.0632,-0.6616,0,1,0,0.24539,1
0.4584,4.6498,2.5247,11.7346,2.4341,0.0304,-0.7116,0,1,0,0.36220,3
0.4555,4.5886,2.5230,12.1497,-1.3073,0.0047,-1.0561,0,1,0,0.44615,1
0.3774,4.0414,2.7473,12.4677,2.7932,0.0658,-1.1937,0,1,1,0.91170,1
0.3437,3.7387,2.8319,12.0076,-2.7991,0.2366,-0.9673,0,1,0,0.34240,1
0.4064,4.1699,2.6403,11.9100,-2.5756,0.0414,-0.7760,0,1,0,0.21377,3
0.4238,4.1494,2.5540,11.8692,2.0740,0.0010,-0.7247,0,1,0,0.46046,3
0.4359,4.7754,2.6571,13.0909,2.5521,0.0590,-1.9837,0,1,1,0.94811,1
0.4120,4.3960,2.6748,11.9322,-2.9201,0.0308,-0.7933,0,1,0,0.31618,3
0.5039,5.1366,2.4369,12.0780,0.4503,0.0176,-1.1312,0,1,0,0.67900,1
0.3627,3.9911,2.8094,11.5935,-2.5951,0.0234,-0.4320,0,1,0,0.39074,1
0.4100,4.2393,2.6421,11.9324,-2.6390,0.0777,-0.8496,0,1,0,0.46242,1
0.3448,3.7613,2.8332,12.2332,-2.6874,0.0424,-0.8821,0,1,0,1.03193,1
0.4703,4.8578,2.5202,11.9927,1.6475,0.0191,-0.9648,0,1,0,0.24189,3
0.4288,4.1318,2.5266,11.7441,2.6141,0.0382,-0.6748,0,1,0,0.20006,1
0.4034,4.2798,2.6851,12.1588,2.7756,0.0306,-0.9631,0,1,0,0.31393,3
0.4461,4.3971,2.5180,11.9433,2.0159,0.0616,-0.9181,0,1,0,0.26091,1
0.4205,4.4589,2.6505,11.9662,-1.9977,0.0231,-0.8311,0,1,0,0.45218,1
0.5093,5.2765,2.4423,11.8510,-1.7321,0.0282,-0.9247,0,1,0,0.27501,3
0.4136,4.3451,2.6534,11.7673,-1.5122,0.0162,-0.6402,0,1,0,0.34281,1
0.3614,3.8546,2.7734,11.8774,-2.6153,0.0603,-0.6820,0,1,0,0.45638,3
0.4308,4.5441,2.6238,13.1679,-2.9958,0.0315,-1.9868,0,2,0,1.84517,1
0.3566,3.9322,2.8239,12.0196,-2.9379,0.1295,-0.8668,0,1,0,0.58722,2
0.4321,4.4063,2.5830,11.7902,1.0890,0.0212,-0.7001,0,1,0,0.52835,1
0.4579,5.0568,2.6205,12.0479,-2.6516,0.0929,-1.0870,0,1,0,0.19990,0
0.4197,4.2650,2.6033,11.7896,3.1055,0.0079,-0.6592,0,1,0,0.22514,3
0.4342,4.7306,2.6540,12.1818,-2.2309,0.0213,-1.0533,0,1,0,0.47558,3
0.5344,5.3032,2.3452,12.4496,1.4711,0.0117,-1.6159,0,1,0,0.91221,1
0.5152,5.0102,2.3652,12.3212,0.1069,0.0140,-1.4137,0,0,4,1.06917,1
0.4183,4.5048,2.6729,11.6452,2.1741,0.0754,-0.6194,0,1,0,0.29779,3
0.3710,4.0702,2.7897,12.0017,-2.8312,0.0238,-0.7494,0,1,0,0.65053,1
0.4939,5.2282,2.4976,13.1318,-0.5847,0.0005,-2.1967,0,1,1,1.71668,1
0.3420,3.7567,2.8476,12.1739,2.4840,0.1035,-0.9130,0,1,0,0.66985,3
0.4142,4.3752,2.6586,12.0674,2.8458,0.0481,-0.9361,0,1,0,0.42843,3
0.4407,4.3872,2.5396,11.8502,2.1318,0.0654,-0.8266,0,1,0,0.37707,1
0.5415,5.1111,2.2820,12.1285,-1.8489,0.0069,-1.2678,0,1,0,0.54517,1
0.4117,4.2555,2.6384,12.1256,2.6937,0.0334,-0.9599,0,1,1,0.80440,3
0.4180,4.4293,2.6547,11.9564,-2.3188,0.0193,-0.8120,0,1,0,0.52230,3
0.4792,5.2031,2.5564,11.6853,1.3870,0.0177,-0.6889,0,1,0,0.45311,1
0.3820,4.0172,2.7167,11.7514,2.5781,0.0443,-0.6052,0,1,0,0.47406,3
0.5436,5.3684,2.3212,12.4910,-0.6983,0.0119,-1.6948,0,1,1,0.94459,1
0.3492,3.8049,2.8233,12.0843,3.0459,0.0998,-0.8598,0,1,0,0.51621,3
0.4766,4.3530,2.3794,12.0489,-0.0516,0.0317,-1.0485,0,1,0,0.45195,1
0.3982,4.2070,2.6904,12.5766,2.7215,0.0423,-1.3209,0,1,1,1.18939,1
0.4266,4.5295,2.6398,11.8737,-2.7569,0.1181,-0.8862,0,1,0,0.22533,1
0.5233,5.4496,2.4176,12.5833,0.7610,0.0084,-1.7244,0,1,1,1.00055,1
0.4385,4.2631,2.5176,11.6643,1.0765,0.0002,-0.5753,0,1,0,0.24423,3
0.4744,4.7704,2.4831,12.0335,-0.9643,0.0379,-1.0390,0,1,0,0.37801,1
0.3335,3.6559,2.8615,12.4903,-2.7427,0.1682,-1.2169,0,1,0,1.28858,1
0.4064,4.1316,2.6298,12.1399,-2.8071,0.0033,-0.9168,0,1,0,0.85855,3
0.5221,4.7342,2.2835,11.7741,1.2602,0.0054,-0.8373,0,1,0,0.46738,1
0.5202,5.0908,2.3612,11.9551,2.2997,0.0011,-1.0195,0,1,0,0.37138,3
0.3496,3.8114,2.8234,11.9872,2.5647,0.1002,-0.7891,0,1,0,0.19505,3
0.5055,5.4745,2.4972,12.2743,1.1016,0.0185,-1.3448,0,1,0,0.59901,1
0.3583,3.7901,2.7690,12.2810,-2.3927,0.0501,-0.9656,0,1,0,0.96033,3
0.4021,4.3108,2.7002,11.9952,1.8135,0.0323,-0.8258,0,1,0,0.61190,1
0.5710,5.3313,2.2105,12.4366,-0.2962,0.0040,-1.7095,0,1,1,1.00856,1
0.3713,3.8771,2.7284,11.7891,-2.0646,0.0085,-0.5703,0,1,0,0.55568,1
0.3637,3.8799,2.7689,12.0196,-2.2480,0.0398,-0.7672,0,1,0,0.69235,1
0.3831,4.1544,2.7513,12.4730,3.0189,0.0671,-1.2184,0,1,0,1.03003,3
0.4246,4.5373,2.6513,11.5090,-2.0512,0.0012,-0.4262,0,0,0,0.00000,1
0.5754,5.8201,2.2750,12.1705,-0.7973,0.0148,-1.4272,0,1,1,0.72347,1
0.3437,3.7404,2.8327,11.5557,2.4544,0.0514,-0.4122,0,1,0,0.20088,1
0.4518,4.3172,2.4738,11.8036,3.1045,0.0065,-0.7299,0,1,0,0.33166,1
0.5538,5.5999,2.3223,12.0478,-1.8733,0.0112,-1.2199,0,1,0,0.74750,3
0.5989,5.8080,2.1842,11.7361,-0.9509,0.0200,-0.9733,0,1,0,0.33814,3
0.3993,4.0383,2.6373,11.8548,-2.4482,0.0445,-0.7197,0,1,0,0.36103,3
0.4533,4.7485,2.5706,12.1215,2.1830,0.0016,-1.0207,0,1,0,0.44071,1
0.4139,4.4742,2.6860,11.8725,-3.1022,0.0525,-0.7749,0,1,0,0.45973,3
0.4119,4.4504,2.6897,12.9805,2.0278,0.0215,-1.7033,0,1,1,1.78697,1
0.4864,4.8431,2.4483,12.1235,-1.7386,0.0061,-1.1146,0,1,0,0.49779,1
0.4361,4.3482,2.5502,11.8578,-2.9776,0.0119,-0.7546,0,1,0,0.25979,3
0.4151,4.3418,2.6453,12.8039,2.9886,0.0120,-1.5386,0,1,1,1.59117,1
0.3556,3.7872,2.7827,12.0533,-2.9299,0.1507,-0.9191,0,1,0,0.50561,1
0.4549,4.9558,2.6115,12.1053,1.8903,0.0451,-1.0698,0,1,0,0.43977,3
0.4289,4.5049,2.6226,12.0378,-1.5944,0.0049,-0.8886,0,1,0,0.79379,1
0.3398,3.7409,2.8548,11.9410,-2.6722,0.0792,-0.7077,0,1,0,0.45638,2
0.4343,4.5486,2.6085,12.7238,1.5975,0.0103,-1.5369,0,1,0,1.52812,1
0.4739,4.9317,2.5211,12.7824,-1.7347,0.0446,-1.8077,0,1,0,1.60137,1
0.3423,3.7798,2.8537,12.4331,2.8485,0.0418,-1.0205,0,1,1,0.61398,0
0.4526,4.3596,2.4806,11.8007,-0.3950,0.0173,-0.7430,0,1,0,0.47932,1
0.4275,4.3126,2.5798,12.6637,-2.6268,0.0283,-1.4827,0,1,1,1.12455,1
0.4390,4.2935,2.5234,11.8609,-1.0210,0.0408,-0.8006,0,1,0,0.23708,1
0.4406,4.5296,2.5750,11.7058,2.4980,0.0291,-0.6521,0,1,0,0.25480,3
0.4468,4.8636,2.6271,11.7580,2.0505,0.0289,-0.7106,0,1,0,0.45879,3
0.3348,3.6654,2.8571,12.7993,-2.2933,0.0314,-1.2505,0,1,0,1.51085,1
0.3683,3.8332,2.7304,11.9744,1.6963,0.0379,-0.7406,0,1,1,0.54549,1
0.3780,4.0725,2.7532,11.8895,-2.1461,0.0156,-0.6683,0,1,0,0.54141,1
0.6498,6.0464,2.0343,12.1944,-0.7614,0.0288,-1.6946,0,1,0,0.55807,1
0.4409,4.8186,2.6440,11.7420,-2.9703,0.0247,-0.6802,0,1,0,0.26187,3
0.4585,4.4342,2.4732,11.9625,-0.0090,0.0006,-0.8820,0,1,0,0.45695,1
0.4163,4.2314,2.6103,12.3118,2.0817,0.0511,-1.1595,0,1,0,0.93220,1
0.4022,4.0700,2.6325,11.5752,2.2308,0.0260,-0.4771,0,0,0,0.00000,3
0.4052,4.2409,2.6657,11.9168,2.4971,0.0195,-0.7510,0,1,0,0.53966,3
0.4217,4.2048,2.5783,12.5229,2.2914,0.0164,-1.3138,0,1,0,0.33889,1
0.4925,4.8491,2.4244,12.0814,-0.6972,0.0370,-1.1310,0,1,0,0.58829,1
0.4477,4.6100,2.5629,11.9665,-0.5485,0.0049,-0.8684,0,1,0,0.56702,1
0.3935,4.1262,2.6906,12.0753,2.5572,0.0876,-0.9448,0,1,0,0.38932,3
0.3400,3.7128,2.8436,11.8328,2.6978,0.1094,-0.6693,0,1,0,0.22046,3
0.4164,4.1759,2.5946,11.8991,2.6571,0.0295,-0.7724,0,1,0,0.57620,3
0.4558,4.5903,2.5220,11.6757,2.9411,0.0281,-0.6502,0,1,0,0.42132,1
0.5418,5.0238,2.2647,12.3810,-1.2126,0.0094,-1.5549,0,1,0,0.14293,1
0.3797,4.0095,2.7259,11.8171,-1.9908,0.0199,-0.6213,0,1,0,0.33398,1
0.4489,4.8614,2.6168,11.6140,-2.2827,0.0711,-0.6366,0,1,0,0.15089,3
0.3483,3.7273,2.8028,11.6060,2.8242,0.0602,-0.4637,0,1,0,0.15376,3
0.4529,4.8996,2.6074,11.9504,-3.0528,0.0441,-0.9182,0,1,0,0.37765,3
0.3787,3.9795,2.7221,11.6107,2.7742,0.1420,-0.6096,0,1,0,0.29124,1
0.5081,4.7361,2.3380,11.8316,-0.1400,0.0234,-0.8926,0,1,0,0.16528,1
0.3707,3.8602,2.7263,11.7125,-2.1769,0.0480,-0.5609,0,1,0,0.43991,3
0.4248,4.6356,2.6755,12.8042,-2.7056,0.0650,-1.6638,0,1,1,1.13123,1
0.3729,4.0550,2.7747,11.9995,2.9365,0.0094,-0.7335,0,1,0,0.63625,1
0.4315,4.5869,2.6311,12.3883,-2.7342,0.0357,-1.2535,0,1,0,1.14896,1
0.4617,4.6639,2.5137,12.2314,2.1396,0.0393,-1.1999,0,1,0,1.02859,1
0.3605,3.9502,2.8084,13.0012,2.9740,0.0086,-1.4754,0,2,0,1.48782,1
0.3866,4.2492,2.7611,12.7786,2.7711,0.0214,-1.4193,0,1,1,1.53622,1
0.4723,4.6084,2.4556,11.7791,-1.6424,0.0080,-0.7499,0,0,0,0.00000,3
0.4384,4.6237,2.6082,12.0368,-1.8714,0.0023,-0.9073,0,1,0,0.77401,1
0.3431,3.7166,2.8280,13.1017,2.9568,0.0293,-1.5128,0,1,1,1.68480,1
0.4822,4.7109,2.4370,12.3941,-1.0404,0.0362,-1.4196,0,1,1,0.97079,1
0.4290,4.5332,2.6294,11.7137,1.6020,0.0600,-0.6771,0,1,0,0.16914,1
0.4522,4.4436,2.5028,11.9027,1.4377,0.0142,-0.8314,0,1,0,0.45543,3
0.4230,4.2272,2.5783,11.8665,0.4485,0.0016,-0.7221,0,1,0,0.44422,1
0.6326,5.7361,2.0524,12.0942,0.5621,0.1255,-1.6543,0,1,0,0.54103,1
0.3671,3.9903,2.7854,12.5063,-2.9953,0.1397,-1.2998,0,1,1,1.21826,1
0.5033,5.4559,2.5027,12.4547,-1.1612,0.0018,-1.5052,0,2,0,0.96383,1
0.4428,4.8752,2.6488,11.8144,2.4194,0.0588,-0.7910,0,1,0,0.19972,2
0.3983,4.1928,2.6860,12.1884,2.9069,0.0489,-0.9992,0,1,1,0.86608,3
0.4007,4.1538,2.6635,11.8048,3.0616,0.0247,-0.6570,0,1,0,0.39030,3
0.4916,5.0016,2.4601,12.4169,-2.6271,0.0258,-1.4594,0,1,0,0.69489,1
0.5101,5.5111,2.4847,11.9944,-1.5760,0.0160,-1.0603,0,0,1,0.63774,3
0.4289,4.1650,2.5349,11.8134,-1.4434,0.0137,-0.7036,0,0,1,0.57026,3
0.5006,5.3211,2.4878,12.0455,-1.1556,0.0448,-1.1277,0,0,1,0.49594,1
0.4717,4.4080,2.4118,11.5422,-2.8534,0.0001,-0.5177,0,0,0,0.00000,3
0.5792,5.8949,2.2723,11.4578,-2.6098,0.0066,-0.6017,0,0,0,0.00000,1
0.4955,5.1083,2.4659,11.3973,1.1756,0.0313,-0.4536,0,0,0,0.00000,1
0.5142,4.7579,2.3185,12.0672,0.3713,0.0004,-1.1185,1,1,1,0.79349,1
0.4273,4.4439,2.6148,11.3147,2.2662,0.0065,-0.2752,0,0,0,0.00000,3
0.5164,5.3370,2.4245,11.6693,2.4452,0.0475,-0.7763,0,0,0,0.00000,1
0.4920,5.2518,2.5104,11.3396,2.6563,0.0487,-0.4150,0,0,0,0.00000,3
0.5273,5.3121,2.3756,12.7768,-2.9668,0.0124,-1.9640,0,0,1,1.37175,1
0.4833,4.8925,2.4719,11.4555,-1.6307,0.0327,-0.4946,0,0,0,0.00000,3
0.3887,4.0411,2.6899,12.9857,2.0238,0.0048,-1.5772,0,1,0,1.40060,1
0.4567,4.9359,2.5986,12.0423,-2.0726,0.0051,-0.9613,0,1,0,0.61324,1
0.4560,4.5494,2.5114,11.3747,-1.5680,0.0268,-0.3797,0,0,0,0.00000,3
0.5411,5.1801,2.2964,11.2990,2.5750,0.0048,-0.3771,0,0,0,0.00000,1
0.4166,4.1989,2.6003,12.0448,-3.0094,0.0300,-0.8975,0,0,1,0.74793,3
0.4688,4.9235,2.5417,11.3564,1.1509,0.0592,-0.4161,0,0,0,0.00000,1
0.4824,5.1840,2.5384,12.8923,-1.7647,0.0015,-1.8878,0,1,1,1.46990,1
0.5214,5.2164,2.3811,12.5665,2.8327,0.0052,-1.6910,0,0,1,1.19485,1
0.4483,4.9227,2.6342,12.4570,2.6117,0.0243,-1.3561,0,1,0,1.01610,3
0.4765,4.9731,2.5186,11.4596,-0.6882,0.0012,-0.4523,0,0,0,0.00000,1
0.4539,4.3784,2.4796,11.3346,0.9177,0.0592,-0.3793,0,0,0,0.00000,1
0.4913,5.1821,2.4992,11.8520,1.0876,0.0148,-0.8702,0,0,1,0.38967,1
0.3958,4.3507,2.7424,13.2182,-2.0221,0.0160,-1.8363,0,0,1,1.92310,1
0.3433,3.7339,2.8325,12.4622,3.0906,0.1771,-1.2402,0,0,1,0.62079,1
0.3643,3.9242,2.7800,11.5790,2.5769,0.0455,-0.4497,0,1,0,0.35760,3
0.3375,3.6700,2.8435,12.0813,2.7320,0.0263,-0.7336,0,1,1,0.87774,1
0.3795,4.0689,2.7445,12.4332,2.1721,0.0386,-1.1326,0,1,0,0.60052,1
0.3748,3.9494,2.7326,13.2025,-2.5753,0.0441,-1.7723,1,1,3,1.79352,1
0.5139,5.0338,2.3753,12.0454,1.8867,0.0137,-1.1162,0,1,0,0.50946,1
0.5392,5.5531,2.3718,12.8697,-0.7630,0.0369,-2.1673,0,1,1,1.54070,1
0.3684,4.0412,2.7946,11.5887,-2.9650,0.1444,-0.5796,0,0,0,0.00000,3
0.5439,5.5035,2.3443,11.9051,0.7739,0.0858,-1.1366,0,1,0,0.23262,1
0.4921,4.5652,2.3648,11.3128,-0.8874,0.0088,-0.3410,0,0,0,0.00000,3
0.3507,3.8313,2.8237,12.3017,-2.4750,0.0948,-1.0212,0,1,0,0.90031,3
0.3951,4.0463,2.6600,11.2960,2.2588,0.0093,-0.2334,0,0,0,0.00000,1
0.5077,5.3850,2.4704,11.8776,-0.5237,0.0136,-0.9302,0,0,1,0.49532,1
0.5262,5.3202,2.3811,11.2976,0.3384,0.0385,-0.3997,0,0,0,0.00000,1
0.4439,4.5436,2.5634,12.0922,1.5589,0.0075,-0.9771,0,1,0,0.75948,1
0.5015,4.7542,2.3679,11.2955,1.2370,0.0117,-0.3382,0,0,0,0.00000,3
0.3809,4.0653,2.7363,11.2693,1.9462,0.0504,-0.2477,0,0,0,0.00000,1
0.3628,3.8464,2.7634,11.7597,-3.0143,0.1549,-0.7139,1,1,0,0.32215,1
0.3793,3.8929,2.6925,12.5857,2.4817,0.0271,-1.2397,0,1,0,1.32071,1
0.5048,5.1926,2.4443,11.4151,0.3519,0.0131,-0.4611,0,0,0,0.00000,1
0.5151,4.7961,2.3227,11.3699,0.6913,0.0109,-0.4249,0,0,0,0.00000,3
0.4126,4.4353,2.6822,12.8313,-1.8392,0.0272,-1.5787,0,1,0,1.57313,1
0.4046,4.0578,2.6174,11.3446,-2.1498,0.0536,-0.3302,0,0,0,0.00000,3
0.3931,4.1862,2.7096,11.9846,2.9733,0.1026,-0.8882,0,0,2,0.68482,1
0.4224,4.5612,2.6678,12.2590,1.7041,0.0273,-1.0975,0,1,0,0.93374,1
0.5208,5.5078,2.4388,11.4393,0.0873,0.0091,-0.5024,0,0,0,0.00000,1
0.4007,4.3390,2.7146,12.5421,2.6987,0.1182,-1.4132,0,1,0,1.15790,1
0.4132,4.2237,2.6226,12.0178,1.5240,0.0255,-0.8608,0,0,1,0.59129,1
0.4160,4.4149,2.6604,11.8799,2.1947,0.0462,-0.7773,0,0,1,0.22599,3
0.3929,4.2214,2.7210,12.3206,-2.8998,0.1264,-1.2044,0,1,1,0.81949,1
0.4069,4.0282,2.5986,11.3918,2.2216,0.0227,-0.3340,0,0,0,0.00000,3
0.3644,3.9548,2.7890,12.8905,2.6733,0.0848,-1.5270,0,1,0,1.53815,1
0.4022,4.0471,2.6259,11.9540,-2.9679,0.0107,-0.7630,0,1,0,0.25647,3
0.5432,5.6238,2.3687,11.9269,0.4632,0.0323,-1.0879,0,1,0,0.26307,1
0.4051,4.1183,2.6322,11.3155,-2.5833,0.0502,-0.3039,0,0,0,0.00000,3
0.4617,4.6155,2.5023,11.4524,-2.0971,0.0078,-0.4333,0,0,0,0.00000,3
0.4002,4.3042,2.7076,11.3407,2.2741,0.0127,-0.2766,0,0,0,0.00000,1
0.4770,4.5159,2.4148,11.5679,-0.7199,0.0419,-0.6012,0,0,0,0.00000,1
0.3968,4.0367,2.6491,11.8731,1.6193,0.0448,-0.7299,0,1,0,0.20131,1
0.4870,4.4526,2.3600,11.3274,-1.0106,0.0503,-0.3977,0,0,0,0.00000,3
0.5243,4.9382,2.3153,12.0691,-1.2419,0.0182,-1.1728,0,0,1,0.56912,1
0.3882,4.0545,2.6964,11.8770,-1.9071,0.0165,-0.6798,0,1,0,0.25236,1
0.4252,4.2704,2.5796,11.8203,-1.0845,0.0147,-0.7041,0,1,0,0.45137,1
0.3630,3.8239,2.7553,12.4889,2.9799,0.0293,-1.1106,0,1,0,0.86669,1
0.4766,5.0925,2.5443,11.4770,-1.8984,0.0194,-0.4905,0,0,0,0.00000,3
0.4165,4.3195,2.6329,12.3984,1.6081,0.0054,-1.1706,1,1,0,0.72451,1
0.5647,5.6155,2.2823,12.8366,-1.8324,0.0071,-2.1822,1,1,0,1.24328,1
0.4151,4.0957,2.5791,11.9915,2.4604,0.0059,-0.8161,0,0,1,0.55679,3
0.4671,4.6001,2.4754,11.4416,2.4544,0.0079,-0.4305,0,0,0,0.00000,3
0.5582,5.8132,2.3414,11.4779,-0.6705,0.0514,-0.6475,0,0,0,0.00000,1
0.3725,4.0193,2.7659,12.6714,3.0328,0.0705,-1.3527,0,1,0,1.59067,1
0.4934,4.4751,2.3399,11.6128,-0.2907,0.0262,-0.6500,0,0,0,0.00000,3
0.4919,4.6930,2.3932,11.4414,-1.3613,0.0581,-0.5221,0,0,0,0.00000,3
0.5359,4.8555,2.2551,11.3259,0.0129,0.0158,-0.4105,0,0,0,0.00000,3
0.4526,4.3249,2.4720,11.2313,1.9683,0.0330,-0.2578,0,0,0,0.00000,3
0.4463,4.7179,2.5949,11.7321,-1.7206,0.0358,-0.6945,0,1,0,0.22016,1
0.4347,4.7079,2.6462,12.0120,2.3399,0.0046,-0.8801,0,1,1,0.59513,1
0.3984,4.1942,2.6860,11.3719,2.8750,0.0548,-0.3468,0,0,0,0.00000,3
0.4372,4.4403,2.5683,11.4254,1.2608,0.0194,-0.3929,0,0,0,0.00000,1
0.4032,4.2395,2.6750,11.6293,1.9604,0.0212,-0.5164,0,1,0,0.16784,1
0.3362,3.6742,2.8522,12.0276,-2.7315,0.1111,-0.8025,0,1,0,0.69374,3
0.4714,4.5609,2.4483,11.2766,2.3260,0.0334,-0.3157,0,0,0,0.00000,1
0.3918,4.2294,2.7287,11.6971,2.1627,0.0159,-0.5454,0,1,0,0.42576,1
0.4053,4.2604,2.6708,11.3275,-2.6943,0.0304,-0.2912,0,0,0,0.00000,3
0.5011,5.1397,2.4488,11.3206,0.3169,0.0247,-0.3786,0,0,0,0.00000,1
0.4051,4.3852,2.7056,11.8557,-2.4793,0.0077,-0.6863,0,0,1,0.19173,1
0.5149,4.8743,2.3395,11.8416,-1.5277,0.0313,-0.9284,0,0,1,0.13843,1
0.5025,5.0624,2.4274,11.3442,-1.0426,0.0057,-0.3804,0,0,0,0.00000,3
0.5668,5.7893,2.3033,11.6724,-0.8296,0.0094,-0.8247,0,0,0,0.00000,3
0.5279,5.3244,2.3754,11.3940,-1.6736,0.0415,-0.5033,0,0,0,0.00000,3
0.4525,4.3040,2.4673,11.3651,-2.3842,0.0352,-0.3765,0,0,0,0.00000,1
0.3923,4.1450,2.7019,12.2274,2.5759,0.0190,-0.9743,0,0,2,0.64655,3
0.3581,3.9182,2.8114,11.9161,-2.6415,0.0309,-0.6669,0,0,1,0.57620,1
0.6065,5.8620,2.1643,11.6169,-0.2953,0.0685,-0.9083,0,0,0,0.00000,1
0.4406,4.6402,2.6022,11.8197,-2.2593,0.0427,-0.7705,0,0,1,0.41687,3
0.5305,5.1441,2.3310,11.3033,2.6469,0.0024,-0.3670,0,0,0,0.00000,1
0.4320,4.2904,2.5539,11.9591,1.7950,0.0173,-0.8417,0,0,1,0.49905,3
0.3837,4.0226,2.7097,12.0495,2.7745,0.1096,-0.9289,0,0,1,0.35542,1
0.3767,4.0703,2.7595,12.6428,2.5611,0.0452,-1.3052,0,1,0,1.52798,1
0.4917,4.9195,2.4427,12.4261,-2.8523,0.0100,-1.4445,0,0,0,0.00000,1
0.3946,4.3359,2.7446,12.2145,-2.8525,0.0941,-1.0729,0,1,1,0.85938,3
0.4978,5.0684,2.4482,11.8970,-0.9271,0.0477,-0.9715,0,1,0,0.21690,1
0.5077,5.4972,2.4922,11.7816,-2.3913,0.0034,-0.8199,0,1,3,0.80017,3
0.4259,4.3673,2.6016,12.2689,-2.9659,0.0208,-1.1060,1,1,0,0.86947,1
0.3603,3.9200,2.8001,13.1792,-3.0545,0.0074,-1.6161,1,1,3,1.43331,1
0.3485,3.8006,2.8261,12.1924,2.3916,0.1250,-0.9728,0,1,2,0.68581,3
0.3796,4.1235,2.7604,11.4865,2.7297,0.1884,-0.5684,0,0,0,0.00000,1
0.3373,3.6663,2.8433,12.7703,2.3622,0.0291,-1.2348,0,0,1,1.44275,1
0.4403,4.4301,2.5519,11.7427,-0.9587,0.0215,-0.6741,0,1,0,0.19827,1
0.3829,4.2218,2.7721,12.9592,-2.9317,0.0207,-1.5574,0,1,1,1.82911,0
0.3764,4.1069,2.7723,11.9510,-2.8719,0.0922,-0.8100,0,0,1,0.33203,3
0.4534,4.6780,2.5535,11.4942,-2.5993,0.0328,-0.4896,0,0,0,0.00000,3
0.4123,4.1596,2.6097,11.4567,1.7703,0.0685,-0.4459,0,0,0,0.00000,3
0.4342,4.4602,2.5871,12.4397,-1.8727,0.0162,-1.2798,0,1,2,1.84850,1
0.4728,4.8953,2.5179,12.1751,-3.0876,0.0047,-1.1281,0,1,0,0.93677,3
0.5257,5.0746,2.3365,11.4559,-0.7079,0.0779,-0.6072,0,0,0,0.00000,1
0.3903,3.9583,2.6576,11.7855,-2.3343,0.0270,-0.6251,0,0,1,0.36851,3
0.4494,4.7283,2.5833,11.3282,1.5392,0.0066,-0.3093,0,0,0,0.00000,1
0.4818,4.6125,2.4169,11.3233,2.1445,0.0111,-0.3430,0,0,0,0.00000,1
0.5464,5.4143,2.3183,11.3532,1.5817,0.0123,-0.4495,0,0,0,0.00000,3
0.4230,4.4398,2.6337,11.3932,1.9881,0.0952,-0.4377,0,0,0,0.00000,3
0.4328,4.6182,2.6330,12.0958,-2.5809,0.1248,-1.1114,0,0,1,0.71665,1
0.5107,5.2504,2.4314,11.9779,-2.0253,0.0478,-1.0855,0,0,1,0.32313,1
0.4292,4.2686,2.5606,11.2166,1.9260,0.0109,-0.2014,0,0,0,0.00000,3
0.3991,4.3455,2.7244,12.7025,2.0929,0.0587,-1.4599,1,1,2,1.50735,1
0.4311,4.6858,2.6578,11.3675,2.6981,0.0031,-0.3194,0,0,0,0.00000,1
0.3934,4.2191,2.7175,11.8921,2.4595,0.0882,-0.7940,0,0,1,0.45927,3
0.5572,5.1492,2.2298,11.3127,-0.8777,0.0318,-0.4411,0,0,0,0.00000,3
0.4655,4.3328,2.4199,11.9068,2.5926,0.0150,-0.8637,0,0,1,0.53649,1
0.5256,5.0061,2.3236,11.7386,-1.5412,0.0138,-0.8201,0,0,1,0.18111,1
0.4653,4.4178,2.4406,12.0027,1.6807,0.0035,-0.9387,0,1,0,0.57508,1
0.3831,4.1470,2.7493,13.0280,3.1361,0.0295,-1.6321,0,1,1,1.81133,1
0.4530,4.9014,2.6075,12.6219,3.1003,0.0511,-1.5735,0,1,1,1.38786,1
0.5261,4.9130,2.3036,11.4802,-1.8942,0.0080,-0.5466,0,0,0,0.00000,1
0.4151,4.5821,2.7088,11.4472,2.3345,0.0318,-0.3994,0,0,0,0.00000,0
0.5832,5.9641,2.2678,11.6590,-1.1560,0.0673,-0.9145,0,0,0,0.00000,3
0.4031,4.2904,2.6896,11.4457,-2.2891,0.0513,-0.4060,0,0,0,0.00000,3
0.4758,4.6590,2.4520,11.3021,1.7588,0.0387,-0.3496,0,0,0,0.00000,3
0.4633,4.6881,2.5120,11.4929,-2.6497,0.0371,-0.5071,0,0,0,0.00000,1
0.4185,4.4609,2.6608,11.3505,3.0048,0.0752,-0.3743,0,0,0,0.00000,3
0.4410,4.2303,2.4983,11.4822,-2.8036,0.0163,-0.4418,0,0,0,0.00000,1
0.3640,3.9961,2.8039,11.4350,2.4414,0.0749,-0.3795,0,0,0,0.00000,3
0.3833,4.0401,2.7169,11.4228,3.1102,0.0684,-0.3849,0,0,0,0.00000,3
0.4895,4.8260,2.4316,12.4232,0.8882,0.0065,-1.4283,0,1,0,1.01964,1
0.5987,5.7160,2.1705,11.9923,-1.5145,0.0107,-1.2675,0,1,0,0.57485,1
0.4290,4.7148,2.6753,11.4439,-2.8636,0.1819,-0.5890,0,0,0,0.00000,1
0.3941,4.1682,2.6997,11.3828,2.2643,0.0025,-0.2908,0,0,0,0.00000,1
0.5381,5.1722,2.3067,11.9880,1.5400,0.0175,-1.1197,0,0,1,0.53124,1
0.4618,4.6033,2.4993,11.5522,1.2283,0.0407,-0.5629,0,0,0,0.00000,1
0.4940,4.7273,2.3923,11.4984,-1.7603,0.0017,-0.5115,0,0,0,0.00000,3
0.5242,4.9732,2.3227,11.3167,0.9407,0.0238,-0.3982,0,0,0,0.00000,3
0.5365,5.5436,2.3812,12.0949,-1.3810,0.0421,-1.2708,0,0,1,0.75228,3
0.5247,4.7863,2.2840,11.3169,0.7081,0.0630,-0.4446,0,0,0,0.00000,3
0.4348,4.7824,2.6641,12.0638,-2.6996,0.0842,-1.0323,0,1,0,0.62700,3
0.5665,5.8799,2.3195,11.3160,-1.5324,0.0415,-0.4698,0,0,0,0.00000,3
0.4368,4.6603,2.6246,13.2182,-2.8531,0.0529,-2.1067,0,0,1,1.81871,1
0.5197,5.4809,2.4386,12.8692,-2.2026,0.0408,-2.0892,0,1,0,1.19148,1
0.4120,4.2727,2.6418,11.4635,-2.6563,0.1179,-0.5092,0,0,0,0.00000,1
0.4442,4.8556,2.6376,12.9272,2.4113,0.0738,-1.8809,0,1,1,1.49791,1
0.5527,5.1526,2.2472,12.0749,-0.6829,0.0323,-1.2738,0,0,1,0.56894,1
0.4982,5.4498,2.5237,13.1729,-2.3566,0.0466,-2.3508,0,1,0,2.07752,1
0.4517,4.3660,2.4859,11.8975,0.0966,0.0208,-0.8340,0,1,0,0.37813,1
0.5642,5.4061,2.2486,11.5785,0.6138,0.1237,-0.8577,0,0,0,0.00000,1
0.3694,4.0582,2.7941,11.6638,3.0087,0.0129,-0.4807,0,1,0,0.34758,1
0.4037,4.1936,2.6598,12.5023,-2.4812,0.0500,-1.2866,0,1,1,0.74690,1
0.4663,4.7661,2.5169,12.1282,-2.7078,0.0221,-1.0890,0,1,0,0.74705,3
0.5087,4.8541,2.3599,11.6490,0.9808,0.0065,-0.6881,0,0,1,0.25115,3
0.5808,5.7594,2.2442,11.5780,-1.1625,0.0164,-0.7513,0,0,0,0.00000,3
0.4825,4.3764,2.3611,11.4482,-0.2437,0.0604,-0.5182,0,0,0,0.00000,1
0.4424,4.4838,2.5557,11.4453,1.5752,0.0208,-0.4181,0,0,0,0.00000,3
0.4691,4.9029,2.5354,11.2953,-2.4286,0.0312,-0.3287,0,0,0,0.00000,3
0.3652,3.8218,2.7431,12.1621,-2.2684,0.0895,-0.9462,0,0,1,0.61333,3
0.4954,4.8691,2.4168,11.9248,0.9072,0.0523,-0.9996,0,1,0,0.52953,1
0.5322,5.2808,2.3501,12.4299,-0.4174,0.0169,-1.5939,0,0,0,0.00000,1
0.4520,4.6169,2.5452,11.4317,2.1283,0.0228,-0.4206,0,0,0,0.00000,3
0.5803,5.7783,2.2492,11.6006,0.1409,0.0443,-0.8116,0,0,0,0.00000,1
0.4372,4.4956,2.5821,11.8947,1.3304,0.0217,-0.8028,0,0,1,0.18811,1
0.4114,4.4015,2.6794,13.1255,-2.1423,0.0312,-1.8526,0,1,1,1.81223,1
0.4549,5.0028,2.6218,11.3178,1.9788,0.0461,-0.3516,0,0,0,0.00000,1
0.5693,5.3845,2.2257,11.5421,0.1121,0.0825,-0.7729,0,0,0,0.00000,1
0.4483,4.4626,2.5245,12.6477,1.1148,0.0061,-1.5083,1,2,0,0.95182,1
0.5087,5.3124,2.4518,11.3898,1.7614,0.0367,-0.4695,0,0,0,0.00000,3
0.5039,5.2116,2.4519,11.4403,-2.0979,0.0079,-0.4784,0,0,0,0.00000,3
0.5376,5.2420,2.3214,11.3852,1.5205,0.0317,-0.4944,0,0,0,0.00000,3
0.5368,5.6018,2.3903,11.5567,-1.0232,0.0323,-0.6755,0,0,0,0.00000,1
0.3476,3.8273,2.8396,11.9780,-2.9245,0.0671,-0.7356,0,1,0,0.51758,2
0.5611,5.4480,2.2676,11.7328,0.8664,0.0631,-0.9491,0,0,0,0.00000,3
0.4928,4.6227,2.3743,11.4421,-0.6368,0.0034,-0.4578,0,0,0,0.00000,3
0.3900,4.0892,2.6973,11.9129,2.7261,0.0156,-0.7108,0,1,0,0.39668,3
0.4041,4.0615,2.6208,11.3181,2.4115,0.0405,-0.2939,0,0,0,0.00000,3
0.5572,5.5241,2.2956,11.4268,-2.2352,0.0143,-0.5443,0,0,0,0.00000,1
0.3766,4.1249,2.7763,11.4091,2.3501,0.0272,-0.3201,0,0,0,0.00000,1
0.4549,4.6873,2.5488,11.5314,-2.7008,0.0303,-0.5220,0,0,0,0.00000,3
0.3649,3.8306,2.7475,11.3712,2.9746,0.0572,-0.3145,0,0,0,0.00000,3
0.4316,4.7339,2.6671,12.8383,1.7975,0.0151,-1.6437,1,2,0,1.48979,1
0.3756,4.0929,2.7721,12.9417,2.1021,0.0235,-1.5159,0,1,2,1.46700,1
0.3631,3.8735,2.7705,11.7152,2.2719,0.0300,-0.5282,0,0,1,0.30289,1
0.4213,4.1815,2.5738,11.3596,-1.2766,0.0186,-0.3190,0,0,0,0.00000,1
0.4380,4.6725,2.6221,11.3778,-2.2862,0.0378,-0.3754,0,0,0,0.00000,3
0.5091,4.6346,2.3128,11.9419,-1.5573,0.0393,-1.0294,0,0,1,0.38620,1
0.3935,4.3263,2.7474,11.7911,2.8908,0.0700,-0.6894,0,1,0,0.31171,3
0.4543,4.9274,2.6076,12.3746,-1.4473,0.0333,-1.3091,0,1,0,1.16659,1
0.4329,4.2390,2.5363,12.3089,-2.8665,0.0211,-1.1621,0,1,0,1.09787,1
0.5163,5.2924,2.4164,11.5556,-0.5126,0.0158,-0.6205,0,0,0,0.00000,1
0.3887,4.2857,2.7606,11.6434,-2.4161,0.1354,-0.6424,0,1,0,0.22733,2
0.3791,3.9364,2.7070,11.6603,-2.5879,0.0377,-0.5225,0,1,0,0.20326,3
0.4224,4.2285,2.5812,12.9066,2.2116,0.0178,-1.6720,0,0,2,1.33168,1
0.4553,4.3582,2.4687,11.3139,-0.7959,0.0211,-0.3184,0,0,0,0.00000,1
0.3674,3.9903,2.7840,11.8213,-2.7039,0.0997,-0.7007,0,1,0,0.67647,3
0.4985,4.8923,2.4086,11.4492,2.5024,0.0009,-0.4703,0,0,0,0.00000,3
0.5606,5.4278,2.2661,11.4129,-1.8911,0.0154,-0.5346,0,0,0,0.00000,1
0.4780,4.8135,2.4772,11.3548,-2.3859,0.0557,-0.4207,0,0,0,0.00000,1
0.4845,4.4292,2.3648,11.3932,0.7392,0.1020,-0.5186,0,0,0,0.00000,1
0.4102,4.4047,2.6859,13.0092,3.1044,0.0010,-1.6867,0,1,0,1.98805,1
0.5608,5.4255,2.2649,11.4293,1.7148,0.0606,-0.6076,0,0,0,0.00000,1
0.4435,4.4343,2.5388,11.5061,-2.6267,0.0114,-0.4604,0,0,0,0.00000,3
0.3393,3.6691,2.8329,11.4029,-2.6407,0.0838,-0.3406,0,0,0,0.00000,3
0.4166,4.2634,2.6172,12.0086,-2.8880,0.0183,-0.8515,0,0,1,0.74412,3
0.4669,5.0203,2.5714,11.4382,1.3984,0.0050,-0.4253,0,0,0,0.00000,1
0.3656,4.0211,2.8032,11.8896,2.1940,0.0648,-0.7052,0,1,0,0.64052,1
0.4297,4.1654,2.5315,11.3190,2.3665,0.0121,-0.2867,0,0,0,0.00000,3
0.5618,5.6015,2.2910,11.4216,-0.6249,0.0580,-0.5983,0,0,0,0.00000,1
0.4356,4.6585,2.6299,11.3742,2.2380,0.0489,-0.3825,0,0,0,0.00000,3
0.5034,5.1331,2.4382,11.5258,-1.3594,0.0076,-0.5607,0,0,0,0.00000,3
0.5133,5.3263,2.4351,11.2890,2.5724,0.0238,-0.3603,0,0,0,0.00000,3
0.4264,4.2943,2.5802,11.3392,2.0056,0.0615,-0.3573,0,0,0,0.00000,3
0.3742,3.9845,2.7465,11.3130,-3.0105,0.0571,-0.2813,0,0,0,0.00000,3
0.3760,4.0094,2.7447,11.3681,2.6182,0.0101,-0.2700,0,0,0,0.00000,1
0.5104,5.3813,2.4583,11.4169,-3.0406,0.0148,-0.4727,0,0,0,0.00000,3
0.5435,5.5676,2.3573,11.7828,-0.3436,0.0241,-0.9194,0,1,0,0.18878,1
0.4675,4.5668,2.4662,11.6626,0.9092,0.0637,-0.7023,0,0,0,0.00000,1
0.4236,4.5685,2.6640,12.4306,2.9635,0.0875,-1.3426,0,1,0,0.64367,1
0.4032,4.2215,2.6699,11.5103,-2.5646,0.0677,-0.4768,0,0,0,0.00000,3
0.4336,4.1715,2.5158,12.4533,-0.8248,0.0278,-1.3066,0,1,0,1.21187,1
0.4362,4.4291,2.5702,11.2657,-1.1120,0.0049,-0.2411,0,0,0,0.00000,1
0.4367,4.4433,2.5714,11.6043,1.0339,0.0131,-0.5375,0,1,0,0.22824,1
0.5106,5.2751,2.4365,13.0760,-1.4390,0.0094,-2.2291,0,1,1,1.59906,1
0.3943,4.0283,2.6589,11.5124,2.7156,0.0957,-0.4996,0,0,0,0.00000,1
0.4981,4.6371,2.3565,11.2617,0.6257,0.0649,-0.3642,0,0,0,0.00000,1
0.5158,5.0838,2.3776,11.5215,-2.1594,0.0321,-0.6043,0,0,0,0.00000,1
0.4230,4.5413,2.6600,13.1366,2.0633,0.0023,-1.8660,1,1,1,1.88858,1
0.5243,5.4998,2.4229,11.6831,1.1019,0.0611,-0.8227,0,0,0,0.00000,1
0.4757,4.4824,2.4126,11.2694,0.6183,0.0178,-0.2951,0,0,0,0.00000,3
0.4886,4.9717,2.4667,11.4398,2.6236,0.0111,-0.4610,0,0,0,0.00000,3
0.4560,4.8012,2.5705,13.1096,1.3367,0.0165,-2.0210,0,0,1,1.75971,1
0.3760,4.0169,2.7473,11.7402,-2.7161,0.0628,-0.6089,0,0,1,0.42976,3
0.3497,3.7935,2.8171,13.2597,-3.0333,0.0510,-1.7098,0,1,0,1.81649,1
0.4537,4.3705,2.4787,11.2665,-0.7859,0.0183,-0.2724,0,0,0,0.00000,1
0.5117,5.4666,2.4690,12.5632,-2.6642,0.0300,-1.6945,0,1,2,0.67493,1
0.4215,4.2766,2.5980,12.9533,1.8712,0.0087,-1.6963,0,1,1,1.68563,1
0.4001,4.0013,2.6227,12.2943,-2.3452,0.0079,-1.0350,0,0,1,1.06710,1
0.5252,5.4441,2.4086,11.4462,1.0592,0.0699,-0.5879,0,0,0,0.00000,1
0.4470,4.6090,2.5654,11.5749,-2.3826,0.0218,-0.5386,0,0,0,0.00000,3
0.4939,5.0339,2.4572,11.6672,-2.4988,0.0572,-0.7457,0,0,1,0.18019,1
0.4690,4.8871,2.5325,11.4548,2.5769,0.0487,-0.4942,0,0,0,0.00000,1
0.6352,5.8322,2.0565,12.1863,-0.7580,0.0155,-1.6183,0,0,1,0.55853,1
0.3922,4.2200,2.7243,12.1962,2.5778,0.0219,-0.9525,0,1,0,0.35057,3
0.4608,5.0474,2.6052,11.8395,-3.0762,0.1221,-0.9315,0,1,0,0.17702,1
0.4047,4.2196,2.6624,11.7123,-2.7393,0.0206,-0.5846,0,1,0,0.29606,3
0.4098,4.4918,2.7112,12.8673,-2.7114,0.0807,-1.6875,0,1,1,1.16788,1
0.4673,5.0035,2.5657,13.1381,-2.7414,0.0220,-2.1154,1,1,1,2.02999,1
0.4110,4.2588,2.6427,11.8597,-2.3232,0.1125,-0.8345,0,0,1,0.38633,1
0.3650,3.9250,2.7765,11.3939,-2.4610,0.0155,-0.2834,0,0,0,0.00000,1
0.6200,5.8646,2.1154,11.5650,0.0610,0.0963,-0.9045,0,0,0,0.00000,1
0.4494,4.6294,2.5598,11.4044,-1.7157,0.0288,-0.4007,0,0,0,0.00000,3
0.4707,4.7061,2.4844,11.3375,-0.9483,0.0542,-0.3948,0,0,0,0.00000,1
0.4527,4.4663,2.5061,11.4108,-2.5816,0.0552,-0.4407,0,0,0,0.00000,1
0.4779,4.9830,2.5150,11.3783,-1.4379,0.0508,-0.4370,0,0,0,0.00000,1
0.4151,4.3949,2.6594,11.7512,2.8386,0.0766,-0.7048,0,1,0,0.22448,3
0.5318,5.3158,2.3581,11.5594,0.8804,0.0447,-0.6843,0,0,0,0.00000,3
0.4163,4.3579,2.6441,12.8223,1.6753,0.0061,-1.5502,1,1,1,1.23491,1
0.3727,3.9803,2.7529,11.8226,-2.4624,0.0457,-0.6446,0,1,1,0.37482,3
0.4686,4.5425,2.4559,11.3147,0.3232,0.0205,-0.3323,0,0,0,0.00000,1
0.5388,5.5543,2.3736,11.4027,-1.5249,0.0417,-0.5275,0,0,0,0.00000,3
0.3855,4.1167,2.7279,12.0056,-2.8487,0.0143,-0.7729,0,0,1,0.59731,1
0.4520,4.3356,2.4773,11.4800,0.9681,0.0425,-0.4857,0,0,0,0.00000,1
0.5209,4.8644,2.3141,11.9270,-0.0700,0.0431,-1.0468,0,0,1,0.17721,1
0.3837,4.1184,2.7376,13.2371,-3.0981,0.0380,-1.8343,0,1,1,2.12088,1
0.3640,3.8042,2.7438,11.4395,-2.2524,0.0621,-0.3681,0,1,0,0.15099,2
0.3966,4.0323,2.6489,11.5685,-2.0006,0.0030,-0.4364,0,1,0,0.19938,1
0.4403,4.4453,2.5558,11.7530,-2.2682,0.0038,-0.6608,0,0,1,0.43650,3
0.4615,4.8696,2.5616,11.9366,-2.5640,0.0156,-0.8871,0,1,0,0.71661,3
0.5177,5.0376,2.3608,11.7513,-0.3984,0.0076,-0.8107,0,0,1,0.22782,3
0.4061,4.0385,2.6051,11.7386,2.5243,0.0375,-0.6289,0,1,0,0.29765,3
0.4186,4.2626,2.6079,11.2712,-1.4963,0.0117,-0.2376,0,0,0,0.00000,1
0.4973,5.0526,2.4472,11.3960,-0.9185,0.0281,-0.4505,0,0,0,0.00000,1
0.4050,4.2050,2.6566,12.2320,2.2933,0.0247,-1.0208,0,1,0,0.62583,3
0.5200,5.2451,2.3922,11.5307,0.4168,0.0235,-0.6099,0,0,0,0.00000,1
0.4102,4.2710,2.6496,11.8750,-3.1017,0.0069,-0.7108,0,1,0,0.40720,3
0.4980,5.3457,2.5036,12.8066,2.6702,0.0543,-1.9496,0,0,2,0.90046,1
0.4710,4.4635,2.4275,11.3003,-0.8306,0.0140,-0.3139,0,0,0,0.00000,3
0.4401,4.2731,2.5134,11.2921,0.7095,0.0340,-0.2996,0,0,0,0.00000,1
0.5333,5.1441,2.3199,11.4596,-0.2289,0.0222,-0.5540,0,0,0,0.00000,3
0.3975,4.3313,2.7288,12.0637,-2.9647,0.0741,-0.9267,0,0,1,0.44223,3
0.4088,4.4715,2.7105,11.2964,-2.9706,0.0095,-0.2470,0,0,0,0.00000,1
0.5343,5.6512,2.4097,11.5962,2.3502,0.0555,-0.7419,0,0,0,0.00000,1
0.3560,3.8507,2.8010,12.9519,2.8818,0.0258,-1.4451,0,1,1,1.67310,1
0.4186,4.0835,2.5598,11.4087,-2.5246,0.0584,-0.4022,0,0,0,0.00000,1
0.5511,5.5330,2.3209,11.5669,2.0045,0.0283,-0.7039,0,0,0,0.00000,1
0.5450,4.9391,2.2368,11.2645,1.2844,0.0403,-0.3863,0,0,0,0.00000,1
0.6060,5.5137,2.1131,11.7060,-0.0446,0.0302,-0.9622,0,0,0,0.00000,1
0.4326,4.4497,2.5917,11.7862,-2.7045,0.0546,-0.7400,0,1,0,0.50584,1
0.4309,4.2189,2.5404,11.7978,0.9499,0.0242,-0.7074,0,1,0,0.16218,1
0.5426,5.5306,2.3543,11.5658,0.6198,0.0651,-0.7346,0,0,0,0.00000,1
0.3873,4.0937,2.7123,12.4765,2.7978,0.0097,-1.1508,0,1,0,1.01703,1
0.4986,4.5948,2.3453,11.4965,-0.6082,0.0800,-0.6114,0,0,0,0.00000,1
0.5866,5.6454,2.2043,11.4583,-0.3948,0.0296,-0.6395,0,0,0,0.00000,3
0.3355,3.6482,2.8472,11.3719,-2.9702,0.1010,-0.3355,0,0,0,0.00000,3
0.4195,4.5243,2.6723,13.2694,-2.5638,0.0687,-2.1008,0,1,0,2.20047,1
0.5129,4.7121,2.3143,11.2813,-0.1444,0.0230,-0.3492,0,0,0,0.00000,3
0.3930,4.1786,2.7083,11.3671,-2.7414,0.0844,-0.3713,0,0,0,0.00000,3
0.5103,4.9694,2.3769,11.3172,1.9378,0.0262,-0.3863,0,0,0,0.00000,1
0.4153,4.4435,2.6712,11.4808,1.8184,0.0225,-0.4159,0,0,0,0.00000,1
0.6079,5.9271,2.1686,11.3556,-0.1025,0.0639,-0.5932,0,0,0,0.00000,1
0.4719,4.9568,2.5353,13.1257,2.1668,0.0203,-2.1204,0,1,0,1.96524,1
0.4145,4.1878,2.6067,12.0770,1.6019,0.0234,-0.9114,0,1,1,0.74703,1
0.3574,3.8464,2.7924,11.6563,2.5027,0.0180,-0.4623,0,1,0,0.26278,1
0.5007,4.8940,2.4003,11.4105,2.3226,0.0082,-0.4444,0,0,0,0.00000,1
0.3958,4.0260,2.6509,11.4289,2.8286,0.0299,-0.3590,0,0,0,0.00000,3
0.4406,4.2339,2.5010,12.7629,-0.8847,0.0090,-1.5935,0,0,1,1.46297,1
0.3378,3.6715,2.8419,12.4560,2.8906,0.0681,-1.0613,0,1,1,0.99055,3
0.4895,4.6986,2.4044,11.4740,-0.3549,0.0495,-0.5398,0,0,0,0.00000,1
0.3613,3.8331,2.7669,12.2027,-2.2449,0.0740,-0.9463,0,0,1,0.84047,3
0.5495,5.1077,2.2514,11.5399,0.5833,0.1025,-0.7628,0,0,0,0.00000,1
0.3773,4.0853,2.7608,12.8773,-2.5973,0.0421,-1.4994,0,0,3,1.27605,1
0.5122,5.4505,2.4639,11.3772,-2.5272,0.0284,-0.4520,0,0,0,0.00000,3
0.5617,5.7877,2.3229,11.5859,1.7064,0.0138,-0.7254,0,0,0,0.00000,3
0.4907,5.0677,2.4779,11.7317,2.5337,0.0349,-0.7754,0,0,1,0.14771,1
0.3828,4.1585,2.7540,11.8472,-2.4890,0.0098,-0.6381,0,1,0,0.17059,1
0.4031,4.0839,2.6321,11.9822,2.6337,0.0508,-0.8410,0,0,1,0.75131,3
0.4059,4.1017,2.6238,11.2602,-2.8094,0.0522,-0.2636,0,0,0,0.00000,3
0.4331,4.6066,2.6286,13.2188,-2.2071,0.0333,-2.0521,0,1,0,1.24311,1
0.4629,4.5119,2.4729,11.4066,2.2781,0.0110,-0.3971,0,0,0,0.00000,3
0.3814,4.1117,2.7474,11.7361,1.7857,0.0735,-0.6284,0,0,1,0.36412,1
0.4391,4.7232,2.6294,12.2401,2.4204,0.0222,-1.1210,0,1,0,1.03928,3
0.4197,4.1720,2.5787,11.3588,-2.6603,0.0513,-0.3545,0,0,0,0.00000,1
0.4635,5.0601,2.5957,11.9793,3.1315,0.0124,-0.9286,0,1,0,0.32619,3
0.4231,4.1114,2.5470,11.7037,-2.0305,0.0038,-0.5872,0,1,0,0.32955,3
0.4772,4.3448,2.3750,11.7655,-1.3860,0.0114,-0.7489,0,1,0,0.43448,1
0.4795,5.1468,2.5429,12.5234,1.5872,0.0010,-1.4928,0,1,2,0.87410,1
0.4975,4.6202,2.3553,11.5640,0.0324,0.0082,-0.5872,0,0,0,0.00000,3
0.4704,4.3831,2.4115,11.4252,1.6312,0.0316,-0.4469,0,0,0,0.00000,3
0.4074,4.3656,2.6891,12.9758,2.5591,0.0408,-1.7119,0,1,2,1.86170,1
0.4396,4.8275,2.6522,11.4459,-2.8446,0.0428,-0.4417,0,0,0,0.00000,3
0.4100,4.0840,2.5995,12.1190,-2.2727,0.0188,-0.9293,0,1,0,0.53508,1
0.4760,4.9293,2.5114,11.8707,1.8566,0.0003,-0.8362,0,0,1,0.43818,3
0.5582,5.7466,2.3300,11.4485,-0.6234,0.0272,-0.5859,0,0,0,0.00000,1
0.5069,5.3118,2.4593,12.1289,2.8017,0.0193,-1.1957,0,0,1,0.63654,1
0.4672,4.7430,2.5080,11.3474,2.5724,0.0073,-0.3455,0,0,0,0.00000,3
0.4140,4.2915,2.6372,12.5609,2.8303,0.0086,-1.3105,0,1,3,1.24789,1
0.5250,5.1188,2.3479,11.5017,-2.0556,0.0263,-0.5906,0,0,0,0.00000,1
0.4102,4.4028,2.6854,13.1194,-2.3085,0.0292,-1.8378,0,0,1,0.27024,1
0.3410,3.7148,2.8390,11.2714,-2.7029,0.0717,-0.2407,0,0,0,0.00000,1
0.3652,3.9793,2.7921,13.2697,-2.5578,0.0207,-1.7392,0,1,1,2.17832,1
0.4862,4.8094,2.4417,11.6846,-0.9909,0.0270,-0.7103,0,0,1,0.22424,3
0.4592,4.9962,2.6010,11.3802,-2.8319,0.0178,-0.3790,0,0,0,0.00000,3
0.5602,5.5071,2.2814,11.6869,-1.1854,0.0251,-0.8470,0,0,0,0.00000,3
0.4326,4.7761,2.6728,13.3006,-2.8710,0.0456,-2.1546,1,1,1,1.64978,0
0.3713,4.0632,2.7857,11.3327,-2.8738,0.0411,-0.2751,0,0,0,0.00000,1
0.4901,4.4431,2.3460,11.3410,0.6460,0.0250,-0.3839,0,0,0,0.00000,3
0.4720,4.6548,2.4671,11.5540,-0.6907,0.0322,-0.5696,0,0,0,0.00000,1
0.3619,3.9345,2.7963,13.1180,-2.9377,0.0638,-1.6724,1,1,1,1.74840,1
0.4220,4.1663,2.5664,11.8915,-2.6447,0.0653,-0.8241,0,1,0,0.57611,1
0.3895,4.1986,2.7315,11.5801,2.8825,0.1573,-0.6195,0,0,0,0.00000,1
0.4494,4.7871,2.5973,11.4510,2.8730,0.1070,-0.5339,0,0,0,0.00000,1
0.4965,4.6014,2.3551,11.9653,-0.7592,0.0053,-0.9775,0,0,1,0.38312,1
0.5104,5.2468,2.4316,12.0583,-0.5769,0.0233,-1.1360,0,0,1,0.49375,1
0.5153,5.4227,2.4457,11.4843,2.5767,0.0083,-0.5388,0,0,0,0.00000,3
0.4617,4.8957,2.5667,11.4019,-2.0485,0.0773,-0.4703,0,0,0,0.00000,3
0.5325,5.6901,2.4241,11.6666,-2.0494,0.0451,-0.8008,0,0,0,0.00000,3
0.4843,5.2770,2.5496,12.3045,-1.3211,0.0069,-1.2953,0,0,1,0.84830,1
0.4171,4.5112,2.6806,11.6390,2.6834,0.1167,-0.6622,0,0,0,0.00000,1
0.4410,4.3502,2.5285,11.3785,1.1532,0.0503,-0.3933,0,0,0,0.00000,1
0.4890,5.1458,2.5016,12.9915,3.0838,0.0104,-2.0378,0,0,1,1.67037,1
0.4090,4.2371,2.6462,11.3830,-2.2450,0.0441,-0.3546,0,0,0,0.00000,3
0.5073,5.1194,2.4190,11.3013,-0.3529,0.0226,-0.3641,0,0,0,0.00000,1
0.3936,4.0482,2.6678,12.0384,-2.3963,0.0047,-0.8043,0,1,0,0.43868,1
0.4703,4.3589,2.4061,12.0151,-0.0693,0.0325,-1.0018,0,0,1,0.35853,1
0.5131,5.0501,2.3816,11.2481,-1.5225,0.0139,-0.3077,0,0,0,0.00000,3
0.4371,4.5654,2.5999,12.2065,3.0343,0.0214,-1.0828,0,0,1,0.72313,3
0.3779,4.1049,2.7635,13.1435,-1.9558,0.0366,-1.7212,0,1,0,0.25086,1
0.4770,5.2088,2.5672,11.6822,-1.4877,0.0319,-0.6998,0,0,0,0.00000,1
0.4309,4.2007,2.5352,11.3639,2.9669,0.0033,-0.3150,0,0,0,0.00000,3
0.4806,5.2764,2.5659,11.6470,2.4114,0.0696,-0.7188,0,1,0,0.15300,3
0.4083,4.4595,2.7100,11.7843,2.1340,0.0094,-0.6364,0,0,1,0.33338,1
0.5108,5.3086,2.4421,11.4776,-1.4881,0.0204,-0.5399,0,0,0,0.00000,3
0.3971,4.2893,2.7191,11.7657,2.4426,0.0299,-0.6260,0,0,1,0.19610,1
0.3748,3.9307,2.7270,13.0858,-2.5859,0.0181,-1.6247,1,1,1,1.53523,1
0.5233,5.2761,2.3849,12.2090,0.6668,0.0187,-1.3249,0,1,0,0.73644,1
0.4906,5.1868,2.5030,11.4278,-1.6236,0.0168,-0.4598,0,0,0,0.00000,3
0.5132,5.4913,2.4676,11.4093,-2.1796,0.1003,-0.5704,0,0,0,0.00000,1
0.4412,4.3403,2.5253,11.7966,-1.9829,0.0057,-0.7027,0,1,0,0.39560,3
0.5092,5.4602,2.4786,11.5475,-2.9552,0.0707,-0.6689,0,0,0,0.00000,1
0.5724,5.5307,2.2388,11.5281,-0.9650,0.0013,-0.6610,0,0,0,0.00000,1
0.4133,4.4093,2.6721,12.9165,-2.0213,0.0189,-1.6457,1,1,0,0.95502,1
0.3536,3.7777,2.7906,12.3010,-3.0521,0.1341,-1.0842,0,1,0,1.09545,1
0.5613,5.6134,2.2953,11.7568,0.7682,0.0470,-0.9564,0,0,0,0.00000,3
0.4537,4.7264,2.5636,12.2748,2.5715,0.0135,-1.1823,0,1,0,0.69184,3
0.4466,4.5587,2.5554,11.2808,2.2991,0.0164,-0.2766,0,0,0,0.00000,3
0.3315,3.6368,2.8662,12.2159,2.4740,0.0756,-0.8788,0,1,0,0.97681,3
0.4935,4.4696,2.3384,11.4167,-1.0461,0.0658,-0.5089,0,0,0,0.00000,3
0.4745,4.9769,2.5281,11.3289,1.5535,0.0523,-0.3894,0,0,0,0.00000,3
0.4213,4.1811,2.5736,11.5594,-1.8965,0.0680,-0.5424,0,0,0,0.00000,3
0.5496,5.4776,2.3174,11.6686,-1.7380,0.0646,-0.8577,0,1,0,0.35211,1
0.5217,5.5342,2.4403,12.8140,-2.5029,0.0295,-2.0151,0,1,1,1.60638,1
0.5219,5.0156,2.3398,11.3858,-1.7613,0.0239,-0.4653,0,0,0,0.00000,1
0.4097,4.4462,2.6992,12.5567,-2.1918,0.0344,-1.3319,0,0,1,0.98561,1
0.4639,5.0959,2.6019,11.9047,1.8236,0.0245,-0.8750,0,1,0,0.20317,1
0.3984,4.3479,2.7289,12.6169,2.8638,0.0421,-1.3564,0,1,0,1.21083,1
0.4298,4.1526,2.5278,11.8770,-2.1168,0.0286,-0.7795,0,1,1,0.43027,3
0.5235,5.3356,2.3953,11.8519,-0.8668,0.0143,-0.9377,0,1,0,0.22903,3
0.4618,4.5998,2.4984,12.4550,1.7144,0.0161,-1.3838,0,1,1,0.83002,1
0.4165,4.3278,2.6348,12.8085,-2.3154,0.0477,-1.6071,1,2,0,1.51222,1
0.4065,4.0411,2.6041,12.1627,0.6459,0.0052,-0.9382,1,1,0,0.84277,1
0.5420,5.6715,2.3818,11.4299,1.9504,0.0725,-0.5977,0,0,0,0.00000,1
0.4696,4.9750,2.5495,13.0086,2.5438,0.0014,-1.9523,0,1,1,1.69953,1
0.5022,4.6135,2.3351,11.3006,0.0558,0.0283,-0.3628,0,0,0,0.00000,3
0.3657,3.8906,2.7621,11.3305,-2.5518,0.0467,-0.2744,0,0,0,0.00000,3
0.4256,4.3378,2.5952,11.4843,-2.5564,0.1177,-0.5443,0,0,0,0.00000,1
0.4468,4.3058,2.4925,11.4878,-2.2949,0.0363,-0.4783,0,0,0,0.00000,1
0.5024,5.1719,2.4502,11.8637,2.6140,0.0423,-0.9410,0,0,1,0.28040,1
0.5523,5.1542,2.2490,11.5537,-0.7760,0.0186,-0.6771,0,0,0,0.00000,3
0.4810,4.5941,2.4161,11.4691,0.8945,0.0327,-0.5032,0,0,0,0.00000,3
0.4238,4.2866,2.5900,11.4595,2.7025,0.0326,-0.4205,0,0,0,0.00000,3
0.5754,5.5520,2.2310,11.8412,0.5278,0.0174,-1.0423,0,1,0,0.39728,3
0.5172,5.0795,2.3711,12.1693,-1.8190,0.0163,-1.2601,0,0,1,0.50381,1
0.6037,5.9054,2.1811,11.4964,0.4217,0.0604,-0.7493,0,0,0,0.00000,3
0.4602,4.2872,2.4310,12.5231,-2.1416,0.0071,-1.4286,0,0,2,1.05389,1
0.3961,4.2196,2.7042,12.0306,-2.5743,0.0240,-0.8301,0,0,1,0.44824,3
0.5105,4.9383,2.3699,11.5073,-1.8556,0.0047,-0.5481,0,0,0,0.00000,3
0.3761,4.0222,2.7480,12.5632,-2.6855,0.0075,-1.1813,1,1,1,1.10418,1
0.5478,5.2437,2.2823,11.4133,-1.0451,0.0355,-0.5417,0,0,0,0.00000,3
0.4695,4.4770,2.4371,11.3484,2.0750,0.0185,-0.3610,0,0,0,0.00000,1
0.5155,5.3891,2.4383,11.3788,-2.6241,0.0679,-0.5038,0,0,0,0.00000,1
0.4193,4.4303,2.6486,11.3833,3.0310,0.0221,-0.3409,0,0,0,0.00000,3
0.3853,4.1045,2.7255,11.5038,2.6725,0.1290,-0.5201,0,0,0,0.00000,3
0.6211,6.1317,2.1496,11.3808,-0.3152,0.0694,-0.6487,0,0,0,0.00000,1
0.5677,5.6608,2.2784,11.5195,1.5963,0.0124,-0.6591,0,0,0,0.00000,3
0.4212,4.5521,2.6712,12.5735,-2.7627,0.0842,-1.4627,0,1,0,0.74112,1
0.4971,5.3757,2.5138,11.8144,-2.0099,0.0417,-0.8801,0,0,1,0.34629,3
0.5252,5.6455,2.4463,11.5978,-1.8717,0.0778,-0.7560,0,0,0,0.00000,3
0.4987,4.6681,2.3607,11.3640,-1.1629,0.0443,-0.4392,0,0,0,0.00000,3
0.5555,5.5700,2.3104,11.8784,0.4378,0.0550,-1.0918,0,0,1,0.46923,1
0.3924,3.9835,2.6548,11.3585,2.3758,0.0431,-0.3167,0,0,0,0.00000,3
0.5029,5.3852,2.4906,11.2295,2.3567,0.0572,-0.3306,0,0,0,0.00000,3
0.5611,5.4687,2.2711,11.6502,0.4365,0.0269,-0.8100,0,0,0,0.00000,3
0.4582,4.5597,2.5043,12.3718,2.5521,0.0170,-1.2927,0,0,1,0.91876,1
0.3698,3.9893,2.7712,12.3348,2.9789,0.0060,-0.9784,1,1,0,0.86527,1
0.4800,5.0184,2.5135,11.8761,-0.7864,0.0064,-0.8581,0,0,1,0.22671,1
0.4249,4.4459,2.6263,11.9250,1.7808,0.0286,-0.8123,0,0,1,0.44928,1
0.3984,4.0161,2.6353,11.2907,3.0394,0.0153,-0.2390,0,0,0,0.00000,3
0.3966,4.1136,2.6721,11.4422,-2.3720,0.0705,-0.4177,0,0,0,0.00000,3
0.4353,4.2221,2.5215,11.8201,-2.2847,0.0110,-0.7183,0,0,1,0.49500,3
0.3584,3.9280,2.8127,13.1872,-3.0823,0.0275,-1.6496,0,1,1,1.90179,1
0.4498,4.8500,2.6103,11.2971,1.9285,0.0384,-0.3194,0,0,0,0.00000,3
0.6075,5.8365,2.1566,11.6319,0.3857,0.0237,-0.8702,0,0,0,0.00000,3
0.4105,4.2998,2.6562,12.1207,2.7913,0.0017,-0.9097,0,0,2,0.83189,1
0.4983,4.5721,2.3417,11.5373,0.1488,0.0321,-0.5918,0,0,0,0.00000,3
0.6141,5.8439,2.1338,11.4731,0.2379,0.0940,-0.7791,0,0,0,0.00000,1
0.5675,5.3204,2.2215,11.4478,0.7940,0.0310,-0.6004,0,0,0,0.00000,3
0.5255,4.8289,2.2893,11.4484,-1.0442,0.0788,-0.5995,0,0,0,0.00000,3
0.5298,5.3212,2.3669,11.5323,2.8905,0.0024,-0.6009,0,0,0,0.00000,3
0.5860,5.9251,2.2508,12.7529,-2.2532,0.0072,-2.1690,0,0,1,0.95132,1
0.5253,4.8490,2.2938,11.3537,-0.8285,0.0388,-0.4541,0,0,0,0.00000,3
0.4328,4.6392,2.6382,13.1180,1.9894,0.0002,-1.8908,0,1,1,1.95185,1
0.4726,4.6891,2.4725,11.5763,1.7302,0.0388,-0.5993,0,0,0,0.00000,3
0.4208,4.4850,2.6560,11.3092,2.2349,0.0316,-0.2932,0,0,0,0.00000,3
0.5202,5.1810,2.3790,11.2825,-0.1170,0.0032,-0.3365,0,0,0,0.00000,3
0.4109,4.0522,2.5865,12.4489,1.2179,0.0262,-1.2270,0,1,1,1.04001,1
0.4122,4.2069,2.6227,11.3731,2.9745,0.0856,-0.3979,0,0,0,0.00000,1
0.5304,5.4306,2.3852,11.3987,0.1772,0.0040,-0.4671,0,0,0,0.00000,3
0.3937,4.2116,2.7139,11.3136,2.5429,0.0970,-0.3449,0,0,0,0.00000,3
0.3778,3.9240,2.7096,12.9698,-2.1710,0.0560,-1.6051,0,1,0,1.20276,1
0.4087,4.2271,2.6449,12.9957,-2.1279,0.0050,-1.6737,0,0,1,1.61263,1
0.3996,4.0339,2.6348,11.3541,1.2644,0.0003,-0.2715,0,0,0,0.00000,1
0.4588,4.3998,2.4638,11.7862,-0.8752,0.0011,-0.7209,0,1,0,0.24625,3
0.4424,4.2498,2.4974,11.2797,-1.2049,0.0187,-0.2737,0,0,0,0.00000,3
0.4251,4.5453,2.6509,12.3299,-2.3912,0.0669,-1.2249,0,0,3,1.78479,3
0.5300,5.5663,2.4116,11.5453,2.4167,0.0185,-0.6358,0,0,0,0.00000,3
0.4739,4.6545,2.4594,11.8612,2.2093,0.0649,-0.9058,0,0,1,0.54852,1
0.4327,4.4855,2.6002,12.3542,-2.4095,0.0062,-1.1825,0,0,1,0.95409,1
0.3888,4.0981,2.7062,11.5535,2.2477,0.0204,-0.4351,0,1,0,0.33617,1
0.4341,4.3810,2.5676,11.3398,-1.6995,0.0167,-0.3141,0,0,0,0.00000,3
0.4704,4.5175,2.4427,11.7168,-0.4777,0.0126,-0.6934,0,1,0,0.20654,1
0.5501,5.5631,2.3302,11.6925,-1.7313,0.0558,-0.8743,0,0,0,0.00000,1
0.4942,4.6633,2.3778,11.4098,-0.2909,0.0180,-0.4464,0,0,0,0.00000,3
0.3832,3.9414,2.6877,11.5496,1.9194,0.0596,-0.4708,0,1,0,0.17169,3
0.4479,4.2875,2.4832,11.4462,-2.3798,0.0045,-0.4054,0,0,0,0.00000,3
0.3540,3.7994,2.7954,11.9307,-1.8638,0.0741,-0.7237,0,1,0,0.62305,1
0.3415,3.7195,2.8375,12.6940,2.6632,0.1706,-1.4105,0,0,1,0.35354,1
0.5448,5.7125,2.3775,11.6385,0.7589,0.0234,-0.7656,0,0,0,0.00000,1
0.6595,6.3363,2.0377,11.3667,0.8349,0.0508,-0.6624,0,0,0,0.00000,3
0.4454,4.7458,2.6057,11.9519,-2.3640,0.0184,-0.8686,0,1,0,0.44601,3
0.3432,3.6944,2.8197,11.9234,2.8591,0.2201,-0.8813,0,1,0,0.20613,1
0.4961,5.1125,2.4643,12.5982,-1.0405,0.0244,-1.6652,0,0,1,1.12090,1
0.4383,4.4785,2.5728,12.2273,-2.3988,0.0159,-1.0969,0,1,0,0.81905,1
0.4809,4.5840,2.4144,11.5865,-0.0090,0.0359,-0.6176,0,0,0,0.00000,1
0.3914,4.2562,2.7386,13.2190,2.9346,0.0767,-1.9262,0,1,1,1.62614,1
0.3688,4.0609,2.7981,12.1772,-2.7993,0.0549,-0.9204,0,1,0,0.98964,2
0.3555,3.7768,2.7799,13.0626,-2.7102,0.0249,-1.5302,0,1,1,1.90136,1
0.3957,4.1788,2.6947,12.5379,-2.3677,0.0291,-1.2591,0,0,1,1.36242,1
0.6146,6.0149,2.1567,11.4485,3.1372,0.0003,-0.6351,0,0,0,0.00000,1
0.3571,3.9314,2.8213,11.9730,-2.0989,0.0520,-0.7333,0,1,0,0.65635,0
0.5003,4.9712,2.4179,12.0007,-0.2888,0.0172,-1.0413,0,1,0,0.29995,1
0.4541,4.4023,2.4845,11.3279,0.9804,0.0282,-0.3378,0,0,0,0.00000,1
0.3899,4.1970,2.7292,11.3314,2.9143,0.0081,-0.2543,0,0,0,0.00000,1
0.4390,4.6469,2.6114,11.3579,1.3244,0.0247,-0.3444,0,0,0,0.00000,1
0.4981,4.6634,2.3621,11.3816,-0.1381,0.0005,-0.4033,0,0,0,0.00000,3
0.3974,4.1099,2.6670,11.8024,-2.4467,0.1389,-0.7926,0,1,0,0.46125,1
0.3887,4.1342,2.7169,13.0040,-2.7867,0.0241,-1.6269,1,2,1,1.80659,1
0.4074,4.3562,2.6862,11.8875,2.3384,0.0565,-0.7791,0,0,2,0.68502,3
0.3998,4.1586,2.6690,11.4962,2.7992,0.0758,-0.4705,0,0,0,0.00000,3
0.5230,4.7545,2.2838,12.4552,1.4030,0.0218,-1.5947,0,0,1,0.99153,1
0.3842,4.1768,2.7523,13.1811,-2.7025,0.0204,-1.7548,0,1,1,1.95164,1
0.4944,4.6271,2.3692,11.6810,-0.4187,0.0642,-0.7674,0,0,1,0.15515,1
0.4676,4.5829,2.4695,11.3724,-1.9536,0.0148,-0.3766,0,0,0,0.00000,3
0.4465,4.4382,2.5262,12.2182,-2.4256,0.0591,-1.1724,0,0,1,0.85637,1
0.4031,4.3667,2.7104,11.7109,3.0363,0.0070,-0.5647,0,1,0,0.32356,1
0.5047,5.0967,2.4255,11.7629,-1.6371,0.0197,-0.8137,0,1,0,0.30381,3
0.4929,4.9303,2.4399,12.5888,2.0163,0.0348,-1.6588,0,0,1,1.17987,1
0.4335,4.1646,2.5146,11.5015,1.1630,0.0402,-0.4768,0,0,0,0.00000,1
0.4375,4.6434,2.6172,11.5608,-2.1979,0.0316,-0.5243,0,0,0,0.00000,3
0.5657,5.8004,2.3093,12.2262,0.4889,0.0296,-1.4868,0,0,1,0.75887,1
0.5058,4.9989,2.4010,11.3915,0.7823,0.0846,-0.5235,0,0,0,0.00000,1
0.3431,3.7725,2.8466,11.9958,3.0866,0.0869,-0.7639,0,1,0,0.75606,3
0.4078,4.0320,2.5952,12.1325,-2.2218,0.0166,-0.9320,0,0,1,0.70157,1
0.3557,3.8112,2.7899,11.9404,2.3937,0.0589,-0.7151,0,0,1,0.46503,3
0.4663,4.8660,2.5398,11.6596,-2.1501,0.0174,-0.6409,0,1,0,0.34773,3
0.3333,3.6546,2.8620,13.0418,2.5293,0.0246,-1.4149,0,1,0,0.21579,1
0.3981,4.2574,2.7048,11.4863,-2.6745,0.1390,-0.5347,0,0,0,0.00000,1
0.3989,4.1291,2.6652,11.4987,3.1088,0.0484,-0.4391,0,0,0,0.00000,3
0.4648,4.7138,2.5115,11.3764,-2.3234,0.0228,-0.3869,0,0,0,0.00000,3
0.4550,4.3552,2.4694,11.4892,-0.7797,0.0355,-0.4895,0,0,0,0.00000,1
0.6337,5.8785,2.0685,11.6368,0.9123,0.0620,-0.9742,0,0,0,0.00000,1
0.5083,5.2760,2.4463,11.5485,2.8360,0.0524,-0.6457,0,0,0,0.00000,1
0.4741,4.4600,2.4140,11.3938,-2.4830,0.0237,-0.4135,0,0,0,0.00000,1
0.4197,4.3931,2.6371,11.3690,-1.9477,0.0775,-0.3933,0,0,0,0.00000,3
0.4579,4.9191,2.5893,11.7574,2.2986,0.0469,-0.7533,0,1,1,0.46032,3
0.3738,3.9142,2.7271,13.0412,3.0360,0.0611,-1.6580,0,0,3,1.35712,1
0.4497,4.2794,2.4733,11.3154,1.5385,0.0036,-0.2936,0,0,0,0.00000,3
0.4625,4.9313,2.5713,11.7281,1.4593,0.0156,-0.6956,0,0,1,0.23829,1
0.4749,4.5343,2.4276,11.3408,2.6709,0.0014,-0.3401,0,0,0,0.00000,3
0.3662,3.8400,2.7434,11.8859,-2.6704,0.0376,-0.6692,0,1,0,0.58030,3
0.4981,4.8066,2.3924,11.4842,0.8789,0.0223,-0.5289,0,0,0,0.00000,3
0.4874,4.6897,2.4108,11.2393,-1.4552,0.0010,-0.2595,0,0,0,0.00000,3
0.4281,4.1715,2.5404,11.3817,-2.0372,0.0832,-0.4196,0,0,0,0.00000,1
0.3527,3.8843,2.8299,13.2501,-2.7593,0.0579,-1.7289,0,1,1,2.00918,0
0.4034,4.1784,2.6569,11.3870,-2.6541,0.0082,-0.3102,0,0,0,0.00000,3
0.5040,4.7764,2.3624,11.4397,0.7263,0.1118,-0.6014,0,1,0,0.17204,1
0.5545,5.6812,2.3333,11.3541,-0.0718,0.0405,-0.4949,0,0,0,0.00000,1
0.4222,4.3252,2.6078,11.6559,1.4228,0.0491,-0.6023,0,0,2,0.66771,1
0.3885,4.1504,2.7228,12.9748,-2.8614,0.0588,-1.6595,0,1,1,1.76258,1
0.6329,6.0105,2.0896,11.5720,-0.7413,0.0513,-0.8786,0,0,0,0.00000,3
0.4771,4.4573,2.4012,11.4897,0.2703,0.0075,-0.4860,0,0,0,0.00000,3
0.4443,4.7725,2.6171,12.4356,1.8540,0.0521,-1.3631,0,1,0,1.00468,1
0.4991,4.8558,2.3987,11.6429,-0.7738,0.0142,-0.6757,0,0,0,0.00000,3
0.4360,4.3927,2.5617,11.3665,1.5040,0.0166,-0.3385,0,0,0,0.00000,1
0.4966,5.3112,2.5026,11.8059,2.7672,0.0141,-0.8350,0,0,1,0.34808,3
0.4596,4.6647,2.5227,11.4119,2.4935,0.0380,-0.4304,0,0,0,0.00000,3
0.4949,5.0703,2.4606,11.9911,0.7725,0.0124,-1.0131,0,1,0,0.27843,1
0.5692,5.4492,2.2372,11.6670,-1.4063,0.0476,-0.8697,0,0,0,0.00000,1
0.3839,4.1608,2.7493,11.9003,2.9083,0.1276,-0.8307,0,0,1,0.26616,1
0.5208,5.2682,2.3931,12.1702,-2.2592,0.0299,-1.2920,0,0,1,0.21106,1
0.3935,4.1269,2.6908,12.1130,2.3265,0.0131,-0.8760,0,1,0,0.67234,1
0.4214,4.2385,2.5886,12.9182,-2.8520,0.0287,-1.6976,0,0,2,0.63133,1
0.4358,4.3417,2.5496,11.5134,1.5228,0.0387,-0.4888,0,0,0,0.00000,3
0.4114,4.1999,2.6249,11.9150,-2.8860,0.0465,-0.7973,0,1,0,0.52212,3
0.5100,4.6694,2.3165,11.2108,-1.4426,0.0014,-0.2529,0,0,0,0.00000,1
0.5221,5.3795,2.4091,12.0441,0.2897,0.0026,-1.1228,0,1,0,0.26026,3
0.4868,4.8411,2.4461,12.5119,-2.1084,0.0319,-1.5511,0,0,1,1.22755,1
0.4106,4.2803,2.6504,11.6407,-3.1416,0.0521,-0.5747,0,1,0,0.27224,3
0.3916,4.0835,2.6880,11.3559,-1.5275,0.0842,-0.3609,0,0,0,0.00000,1
0.5359,5.2881,2.3366,11.6458,-0.6544,0.0844,-0.8328,0,0,0,0.00000,1
0.4184,4.2916,2.6163,11.2699,-2.1739,0.0366,-0.2647,0,0,0,0.00000,3
0.3853,4.0700,2.7153,12.0792,-2.1096,0.0080,-0.8219,0,0,1,0.87458,1
0.3682,3.9344,2.7628,11.9013,-2.3483,0.0798,-0.7383,0,0,1,0.30717,3
0.5745,5.8874,2.2892,11.5084,1.4029,0.0346,-0.6858,0,0,0,0.00000,3
0.4673,4.5052,2.4528,11.2764,0.7018,0.0235,-0.3000,0,0,0,0.00000,1
0.3717,3.9332,2.7440,11.8024,-3.0732,0.1121,-0.7099,0,1,0,0.25648,1
0.5049,5.0667,2.4186,11.2427,-0.7868,0.0478,-0.3337,0,0,0,0.00000,1
0.4146,4.3677,2.6546,11.7005,2.8508,0.1194,-0.7139,0,1,0,0.21374,1
0.3731,4.0292,2.7660,11.3554,-2.5478,0.0634,-0.3183,0,0,0,0.00000,3
0.4339,4.5022,2.5989,11.7806,-2.7636,0.0086,-0.6797,0,1,0,0.35980,3
0.4255,4.3652,2.6030,12.2163,-1.6038,0.0181,-1.0543,0,0,2,0.65544,1
0.5501,5.4038,2.3023,11.4025,0.4806,0.0110,-0.5043,0,0,0,0.00000,3
0.4690,4.8745,2.5296,11.6556,-2.4541,0.0452,-0.6762,0,0,0,0.00000,3
0.6295,5.8713,2.0824,11.8375,0.3744,0.0814,-1.2467,0,0,1,0.38267,1
0.5259,5.3276,2.3839,11.3488,-0.7506,0.0561,-0.4720,0,0,0,0.00000,1
0.3856,4.1959,2.7508,12.4635,-2.8034,0.0992,-1.2650,0,1,0,1.27695,1
0.5635,5.1565,2.2079,11.3371,-1.0286,0.0638,-0.5131,0,0,0,0.00000,3
0.4212,4.1027,2.5532,11.8282,-2.5386,0.0393,-0.7339,0,1,0,0.50738,1
0.3960,4.0020,2.6426,12.5689,2.0301,0.0429,-1.3077,0,1,0,1.41128,1
0.4134,4.2528,2.6297,12.0693,-1.4827,0.0457,-0.9322,0,1,0,0.61264,1
0.4848,4.7574,2.4363,11.3070,-1.2192,0.0176,-0.3391,0,0,0,0.00000,3
0.4574,4.6579,2.5309,11.4599,-2.0635,0.0315,-0.4629,0,0,0,0.00000,3
0.4249,4.2580,2.5775,11.3539,-2.4188,0.0631,-0.3698,0,0,0,0.00000,1
0.5574,5.4775,2.2870,11.4430,0.1954,0.0090,-0.5552,0,0,0,0.00000,3
0.3291,3.6234,2.8751,12.9866,-2.7153,0.0685,-1.4281,0,1,2,1.77905,0
0.5143,5.0287,2.3726,11.4836,1.6822,0.0212,-0.5504,0,0,0,0.00000,3
0.4747,4.7812,2.4840,11.3920,-1.9525,0.0043,-0.3909,0,0,0,0.00000,3
0.3607,3.9371,2.8031,12.4939,-2.4985,0.0155,-1.0872,0,1,1,1.05528,1
0.4704,4.9265,2.5352,12.7600,-2.0460,0.0202,-1.7300,0,1,0,1.38887,1
0.4293,4.4225,2.5998,11.8704,2.5016,0.0441,-0.7939,0,1,0,0.32553,3
0.4004,4.3324,2.7144,11.2621,-2.6912,0.0339,-0.2402,0,0,0,0.00000,3
0.4385,4.4542,2.5657,12.1190,1.0694,0.0231,-1.0088,0,0,1,0.42635,1
0.4551,4.6518,2.5398,12.1989,-2.0383,0.0293,-1.1363,1,0,0,0.36047,1
0.4367,4.3517,2.5481,12.3392,2.6115,0.0023,-1.1742,0,1,0,0.83768,1
0.4383,4.2086,2.5050,11.7935,-1.0126,0.0597,-0.7633,0,1,0,0.16212,1
0.4339,4.5876,2.6201,11.8562,-2.6543,0.0547,-0.8047,0,0,1,0.29799,3
0.3490,3.8244,2.8309,12.4725,-2.7910,0.0481,-1.0803,0,1,1,1.23678,3
0.3721,3.9725,2.7537,12.2012,2.1162,0.0144,-0.8928,0,0,1,0.55441,1
0.4546,4.5651,2.5212,12.5949,-2.2781,0.0037,-1.4770,0,0,2,1.25470,1
0.4817,5.2723,2.5598,11.7722,1.8084,0.0459,-0.8127,0,0,1,0.31851,3
0.4352,4.7151,2.6457,11.3645,1.5736,0.0204,-0.3412,0,0,0,0.00000,1
0.5127,4.7628,2.3254,12.1009,2.1537,0.0041,-1.1554,1,1,0,0.63180,1
0.4484,4.7302,2.5885,12.2016,1.8067,0.0263,-1.1166,0,1,0,0.77436,3
0.4219,4.1093,2.5515,11.6815,-0.9371,0.0250,-0.5931,0,1,0,0.43112,1
0.4516,4.8470,2.6013,13.2470,1.9889,0.0280,-2.1632,0,1,1,1.52949,1
0.4265,4.1841,2.5507,11.4492,-2.2550,0.0289,-0.4106,0,0,0,0.00000,3
0.4839,5.2956,2.5549,11.6713,-2.7674,0.1095,-0.7976,0,0,0,0.00000,1
0.4378,4.7533,2.6428,12.3901,2.9824,0.0709,-1.3260,0,1,0,1.11404,1
0.4736,4.7473,2.4812,11.2874,-0.3995,0.0215,-0.3144,0,0,0,0.00000,1
0.5042,5.5114,2.5098,11.4255,2.0300,0.0169,-0.4763,0,0,0,0.00000,3
0.4629,5.0123,2.5875,11.4875,-2.1141,0.0752,-0.5477,0,0,0,0.00000,3
0.4593,4.4069,2.4633,12.2573,-2.4329,0.0286,-1.2016,0,0,1,0.71098,1
0.4828,4.7575,2.4446,11.4581,0.4554,0.0075,-0.4656,0,0,0,0.00000,3
0.3556,3.9091,2.8220,13.0642,2.6781,0.0254,-1.5327,0,1,1,1.89735,1
0.3758,3.9442,2.7260,11.7480,-2.9667,0.0144,-0.5549,0,0,1,0.21966,1
0.3933,4.3147,2.7450,11.8907,-2.7753,0.0421,-0.7343,0,0,1,0.53367,3
0.3879,3.9642,2.6715,12.8722,2.3304,0.0523,-1.5562,0,1,1,1.58943,1
0.4478,4.4101,2.5137,12.2920,-2.2530,0.0135,-1.1796,0,0,1,1.10546,1
0.3818,4.0171,2.7177,11.4750,-3.0800,0.0677,-0.4218,0,0,0,0.00000,3
0.4192,4.0921,2.5594,11.9366,-0.6291,0.0074,-0.7806,0,1,0,0.66533,1
0.4176,4.4373,2.6586,12.8094,2.9042,0.0219,-1.5701,1,2,1,1.49996,1
0.4619,4.8721,2.5605,12.5927,2.9017,0.0182,-1.5255,0,0,1,0.85905,1
0.4554,4.5792,2.5213,11.3772,-2.0069,0.0149,-0.3674,0,0,0,0.00000,3
0.4977,4.5572,2.3409,12.3274,0.2192,0.0021,-1.3448,0,0,2,1.19675,1
0.5428,5.5700,2.3604,11.2719,0.2712,0.0171,-0.3668,0,0,0,0.00000,1
0.4441,4.2582,2.4921,11.6487,-1.2979,0.0469,-0.6288,0,0,1,0.20877,3
0.5418,5.1765,2.2932,11.3593,1.7289,0.0169,-0.4546,0,0,0,0.00000,1
0.4660,4.2999,2.4100,11.6525,0.2402,0.0459,-0.6672,0,0,1,0.19755,1
0.5140,4.8361,2.3351,11.4728,0.8281,0.0415,-0.5630,0,0,0,0.00000,3
0.4586,4.3428,2.4510,11.4860,0.8383,0.0353,-0.4912,0,0,0,0.00000,1
0.3472,3.7123,2.8036,12.6136,2.7032,0.0534,-1.1897,1,2,1,1.26000,1
0.5586,5.7860,2.3351,11.9495,-1.9623,0.0055,-1.1143,0,0,1,0.47680,3
0.4393,4.2645,2.5147,11.3961,-0.5328,0.0154,-0.3653,0,0,0,0.00000,1
0.3914,4.0791,2.6873,11.3134,-2.6297,0.0501,-0.2895,0,0,0,0.00000,3
0.5533,5.5306,2.3120,12.3240,1.2989,0.0186,-1.5452,0,0,2,1.47096,1
0.4739,4.9541,2.5259,11.5945,-1.6217,0.0143,-0.5894,0,0,0,0.00000,3
0.3869,3.9860,2.6827,11.2964,2.3571,0.0035,-0.2200,0,0,0,0.00000,1
0.5059,4.8316,2.3665,11.8188,-2.0914,0.0178,-0.8684,0,1,0,0.49545,1
0.3745,3.8861,2.7149,11.3953,2.7715,0.0795,-0.3674,0,0,0,0.00000,3
0.5545,5.1530,2.2405,11.3875,0.5652,0.0821,-0.5788,0,0,0,0.00000,3
0.4217,4.5395,2.6655,11.5002,2.6745,0.0824,-0.5108,0,0,0,0.00000,3
0.5406,5.5319,2.3624,11.7968,-1.1552,0.0063,-0.9053,0,1,0,0.45947,3
0.4293,4.3950,2.5929,11.3436,2.6764,0.0772,-0.3822,0,0,0,0.00000,1
0.4814,5.2193,2.5501,13.2116,-2.0402,0.0002,-2.2233,0,1,0,1.84675,1
0.5075,5.2805,2.4506,11.3491,2.0784,0.0848,-0.4843,0,0,0,0.00000,1
0.4617,4.3948,2.4503,11.3065,-1.0430,0.0292,-0.3277,0,0,0,0.00000,3
0.4225,4.2520,2.5868,11.9169,-2.7096,0.0557,-0.8348,0,1,0,0.21957,1
0.4494,4.7586,2.5905,11.8924,1.9694,0.0240,-0.8306,0,1,0,0.40916,3
0.4046,4.4550,2.7270,11.7844,-2.0706,0.0566,-0.6882,0,0,1,0.17250,0
0.4352,4.8047,2.6674,11.5946,-2.6839,0.1147,-0.6503,0,0,0,0.00000,2
0.3855,4.0997,2.7229,12.9066,2.9388,0.0512,-1.5740,0,1,1,1.54380,1
0.3643,3.8486,2.7562,12.0550,3.0318,0.0630,-0.8256,0,1,0,0.34224,3
0.5565,5.3680,2.2711,11.5796,0.6649,0.0538,-0.7575,0,0,0,0.00000,3
0.5217,5.4557,2.4251,11.3163,-1.4273,0.0180,-0.3901,0,0,0,0.00000,3
0.3592,3.9447,2.8138,13.3472,3.1192,0.0258,-1.7833,0,1,2,2.14032,1
0.5023,4.7797,2.3697,12.0257,-1.1461,0.0031,-1.0508,0,0,1,0.58352,1
0.3861,3.9823,2.6856,12.9784,2.6921,0.0186,-1.5834,1,1,0,1.48129,1
0.4537,4.2414,2.4470,11.3919,-2.0416,0.0066,-0.3674,0,0,0,0.00000,3
0.5484,5.0194,2.2391,11.9724,-0.4698,0.0326,-1.1469,0,1,0,0.61754,1
0.4334,4.3815,2.5706,11.4778,-3.0938,0.0085,-0.4196,0,1,0,0.17690,3
0.4224,4.1650,2.5644,11.3598,2.0229,0.0492,-0.3557,0,0,0,0.00000,3
0.4183,4.2163,2.5970,11.2774,1.1515,0.0205,-0.2522,0,0,0,0.00000,1
0.5000,5.2274,2.4713,11.5442,2.6036,0.0142,-0.5822,0,0,0,0.00000,3
0.4289,4.2135,2.5476,11.7568,0.0540,0.0096,-0.6501,0,1,0,0.44403,1
0.5080,5.5344,2.4982,12.1358,2.0219,0.0285,-1.2201,0,1,0,0.81781,3
0.4550,4.5555,2.5173,11.4200,-2.3318,0.0029,-0.3904,0,0,0,0.00000,3
0.3731,4.0553,2.7738,11.3638,2.4594,0.0324,-0.2894,0,0,0,0.00000,1
0.4618,4.7522,2.5337,12.0331,3.0480,0.0322,-1.0003,0,0,1,0.76178,1
0.4622,4.4874,2.4702,11.4282,2.5302,0.0291,-0.4370,0,0,0,0.00000,1
0.5819,5.6585,2.2239,11.9462,-0.1358,0.0486,-1.2237,0,1,0,0.60027,1
0.4876,4.4223,2.3510,11.4778,1.5075,0.0498,-0.5404,0,0,0,0.00000,1
0.4829,4.8466,2.4639,11.9062,2.8446,0.0091,-0.8959,0,0,1,0.47643,3
0.4196,4.4043,2.6407,12.4920,2.0257,0.0159,-1.2794,0,1,0,1.08620,1
0.5155,4.7636,2.3147,11.4984,1.0383,0.0502,-0.6013,0,0,0,0.00000,3
0.4689,4.8626,2.5274,12.2262,-1.8787,0.0034,-1.1652,0,0,1,0.62075,3
0.4586,4.7382,2.5443,11.8333,1.4318,0.0199,-0.7899,0,1,0,0.34252,1
0.4622,4.3680,2.4421,11.4825,0.3609,0.0101,-0.4625,0,0,0,0.00000,3
0.4503,4.8143,2.5994,12.0984,-2.2281,0.0765,-1.0937,0,1,0,0.66934,3
0.4141,4.0950,2.5837,12.7388,-1.1055,0.0151,-1.4790,0,0,1,1.36149,1
0.4453,4.5266,2.5532,11.3307,2.2524,0.0145,-0.3158,0,0,0,0.00000,3
0.5145,5.1442,2.3946,11.8850,2.8156,0.0023,-0.9360,0,0,1,0.14946,3
0.4672,5.0588,2.5787,12.3081,1.7549,0.0308,-1.2806,0,1,0,1.18256,1
0.4756,4.7768,2.4795,12.6435,2.3650,0.0006,-1.5970,1,1,1,1.10002,1
0.4568,4.7386,2.5525,11.4068,-3.0203,0.0521,-0.4391,0,0,0,0.00000,1
0.4794,4.7237,2.4515,11.3612,-0.8983,0.0735,-0.4490,0,0,0,0.00000,1
0.4395,4.3380,2.5322,11.3318,-1.3792,0.0440,-0.3443,0,0,0,0.00000,3
0.4023,4.1780,2.6622,12.9316,2.8382,0.0280,-1.6280,0,0,1,1.16601,1
0.4101,4.2684,2.6494,11.4361,2.8215,0.0352,-0.3879,0,0,0,0.00000,3
0.4536,4.3531,2.4747,11.3118,-2.8796,0.0085,-0.3003,0,0,0,0.00000,3
0.4807,4.8296,2.4695,11.4549,2.2698,0.0019,-0.4535,0,0,0,0.00000,3
0.4139,4.1601,2.6021,11.8818,-2.9994,0.0622,-0.7948,0,1,0,0.49145,1
0.4752,5.0505,2.5412,11.3248,3.0403,0.0619,-0.3976,0,0,0,0.00000,1
0.3532,3.7991,2.7997,11.3806,-2.7448,0.0452,-0.2958,0,0,0,0.00000,1
0.3985,4.0703,2.6505,11.3859,1.5769,0.0089,-0.3047,0,0,0,0.00000,1
0.4307,4.3634,2.5782,11.4287,2.0227,0.0322,-0.4029,0,0,0,0.00000,3
0.4513,4.4084,2.4981,11.9769,-2.2604,0.0294,-0.9177,0,0,1,0.58770,1
0.4315,4.3744,2.5776,12.8427,3.1322,0.0201,-1.6535,0,1,1,0.88201,1
0.5361,5.3420,2.3460,11.4970,-0.8989,0.0474,-0.6287,0,0,0,0.00000,3
0.4858,4.5875,2.3950,11.4810,2.7466,0.0064,-0.4889,0,0,0,0.00000,1
0.3845,4.1206,2.7344,11.3911,-2.4497,0.0944,-0.3920,0,0,0,0.00000,3
0.4579,4.5540,2.5042,11.2825,2.9928,0.0194,-0.2921,0,0,0,0.00000,3
0.5105,4.8070,2.3430,12.5017,-0.8183,0.0192,-1.6003,0,0,2,0.96884,1
0.4676,4.9957,2.5628,13.2089,-1.1863,0.0094,-2.1683,1,1,1,1.70605,1
0.4871,4.5458,2.3804,11.5145,-0.2454,0.0490,-0.5743,0,0,0,0.00000,1
0.3752,3.9266,2.7237,12.0652,-2.4744,0.0283,-0.8135,0,0,1,0.61839,3
0.5180,4.8101,2.3143,11.4881,0.0094,0.0581,-0.6044,0,0,0,0.00000,1
0.3848,3.9785,2.6908,11.9410,2.4191,0.0638,-0.7840,0,0,1,0.52423,3
0.4805,4.9891,2.5048,11.3141,-1.5553,0.0364,-0.3637,0,0,0,0.00000,3
0.3754,3.9872,2.7411,11.8866,3.0614,0.1278,-0.8029,0,0,1,0.46099,1
0.3659,3.9503,2.7797,11.8251,2.6195,0.1416,-0.7529,0,0,1,0.34060,3
0.3389,3.7200,2.8524,12.9803,-2.9747,0.0678,-1.4642,1,1,1,1.55716,1
0.5382,4.8866,2.2526,11.3913,-0.9741,0.0512,-0.5233,0,0,0,0.00000,3
0.4280,4.2257,2.5551,11.3086,-2.0360,0.0278,-0.2947,0,0,0,0.00000,3
0.5843,5.7897,2.2361,11.5593,-0.3150,0.0798,-0.8154,0,0,0,0.00000,1
0.3660,3.8486,2.7470,11.3855,-2.8830,0.0160,-0.2789,0,0,0,0.00000,1
0.4163,4.1090,2.5773,11.2410,2.8370,0.0029,-0.2014,0,0,0,0.00000,3
0.4997,5.1441,2.4558,11.3986,1.5022,0.0538,-0.4866,0,0,0,0.00000,3
0.4763,4.9804,2.5214,11.4976,1.9708,0.0406,-0.5343,0,0,0,0.00000,3
0.4100,4.2846,2.6542,11.8959,3.1259,0.0076,-0.7287,0,1,0,0.52354,3
0.6285,5.9897,2.1025,11.6390,0.4227,0.0510,-0.9538,0,0,0,0.00000,3
0.5093,5.4858,2.4832,11.5826,0.6618,0.0140,-0.6354,0,0,0,0.00000,1
0.4858,5.1016,2.5060,11.9742,-2.9153,0.0472,-1.0215,0,0,1,0.27944,1
0.3455,3.8075,2.8451,11.3418,2.7082,0.1184,-0.3441,0,0,0,0.00000,2
0.4130,4.5283,2.7047,12.4710,2.9545,0.0673,-1.3152,0,0,1,0.90927,3
0.4120,4.3207,2.6544,12.6284,-3.0756,0.0552,-1.4361,0,1,0,1.01369,1
0.4451,4.8911,2.6416,12.8302,2.0022,0.0368,-1.7266,0,1,0,1.42591,1
0.3575,3.8182,2.7827,11.7079,2.9839,0.2084,-0.7305,0,0,0,0.00000,1
0.4138,4.4929,2.6915,12.7042,-2.7977,0.0253,-1.4650,0,1,1,1.16645,1
0.4567,4.8247,2.5731,11.3919,-2.9707,0.0530,-0.4269,0,0,0,0.00000,3
0.4365,4.2686,2.5281,11.7987,-2.3268,0.0275,-0.7233,0,1,0,0.25784,3
0.3995,4.1350,2.6638,11.8192,-2.2694,0.0320,-0.6756,0,1,0,0.22964,3
0.3885,4.2806,2.7600,11.4588,-2.3353,0.1282,-0.4878,0,0,0,0.00000,2
0.3718,3.9874,2.7600,12.6023,2.1163,0.0323,-1.2351,0,0,1,1.13505,1
0.5144,4.8825,2.3430,11.4921,1.1753,0.0011,-0.5338,0,0,0,0.00000,3
0.4927,4.7304,2.3980,12.5524,1.5934,0.0068,-1.5730,0,0,1,1.23576,1
0.4368,4.6296,2.6173,12.0509,3.1405,0.0069,-0.9221,0,1,0,0.38738,3
0.4099,4.1434,2.6163,11.3901,-1.9082,0.0484,-0.3660,0,0,0,0.00000,3
0.5078,5.3335,2.4597,11.3861,2.9753,0.0425,-0.4716,0,0,0,0.00000,1
0.4837,4.9964,2.4926,11.3191,0.8586,0.0236,-0.3569,0,0,0,0.00000,1
0.4283,4.2920,2.5709,11.5297,-0.9983,0.0112,-0.4592,0,0,0,0.00000,1
0.4931,4.7126,2.3927,12.6319,-2.0543,0.0077,-1.6594,1,1,0,1.21833,1
0.3914,3.9928,2.6624,11.2746,2.4186,0.0269,-0.2339,0,0,0,0.00000,3
0.4055,4.2288,2.6609,11.9658,-2.3658,0.0448,-0.8249,0,0,1,0.44444,3
0.3890,4.1648,2.7244,13.0315,-1.9073,0.0149,-1.6363,1,2,0,1.19278,1
0.4074,4.0278,2.5961,11.5241,-1.2077,0.0266,-0.4442,0,0,0,0.00000,0
0.4785,4.7384,2.4587,11.4289,-0.1931,0.0216,-0.4497,0,0,0,0.00000,1
0.4187,4.6163,2.7000,13.0572,2.9495,0.0716,-1.8921,0,1,1,1.76403,0
0.4299,4.2543,2.5538,11.2456,-0.3280,0.0057,-0.2198,0,0,0,0.00000,1
0.4294,4.1882,2.5389,11.3353,2.6059,0.0068,-0.2939,0,0,0,0.00000,3
0.3638,3.8679,2.7648,11.7629,2.9549,0.0528,-0.5923,0,1,0,0.37009,3
0.4116,4.2157,2.6283,11.3722,-3.0808,0.1020,-0.4153,0,0,0,0.00000,1
0.4316,4.3454,2.5696,12.9651,1.2303,0.0245,-1.7792,1,1,0,1.53462,1
0.3386,3.7361,2.8598,11.6349,-2.7513,0.2064,-0.6430,0,1,0,0.28991,2
0.4479,4.9362,2.6392,11.3447,2.7749,0.0680,-0.3929,0,0,0,0.00000,2
0.4099,4.5058,2.7141,11.4553,-3.0504,0.0853,-0.4617,0,0,0,0.00000,3
0.4557,4.6299,2.5320,11.8667,-2.2430,0.0280,-0.8247,0,0,1,0.14262,3
0.4194,4.2577,2.6030,12.7479,1.9463,0.0350,-1.5410,0,1,0,1.49191,1
0.4607,4.8286,2.5561,11.4555,-2.6590,0.0108,-0.4390,0,0,0,0.00000,3
0.3704,4.0516,2.7872,11.4111,-2.3124,0.0638,-0.3566,0,0,0,0.00000,1
0.4063,4.2743,2.6696,11.6968,3.0497,0.0151,-0.5681,0,0,1,0.14605,3
0.4998,5.1266,2.4518,11.4137,2.0780,0.0345,-0.4785,0,0,0,0.00000,3
0.4295,4.4959,2.6179,11.3295,-2.5608,0.0348,-0.3221,0,0,0,0.00000,3
0.4735,4.5553,2.4382,11.3879,1.6550,0.0018,-0.3820,0,0,0,0.00000,3
0.3743,4.0318,2.7604,11.4628,-2.8079,0.0271,-0.3566,0,0,0,0.00000,1
0.4145,4.3491,2.6505,12.1101,2.1533,0.0194,-0.9349,0,1,0,0.49420,3
0.4912,5.4054,2.5454,12.7539,2.8742,0.0376,-1.8370,1,1,1,1.47188,1
0.4292,4.3900,2.5920,11.5761,1.1072,0.0224,-0.5133,0,0,0,0.00000,1
0.5162,5.6031,2.4764,11.5505,2.1910,0.0180,-0.6193,0,0,0,0.00000,3
0.5202,5.1257,2.3680,11.3924,1.8379,0.0577,-0.5106,0,0,0,0.00000,1
0.4072,4.0314,2.5978,11.3670,1.8700,0.0568,-0.3543,0,0,0,0.00000,3
0.3731,4.0606,2.7756,12.9109,-2.9203,0.0447,-1.5144,0,0,0,0.00000,1
0.3805,4.0672,2.7392,11.3541,-2.1287,0.0172,-0.2722,0,0,0,0.00000,1
0.3833,4.2235,2.7707,12.8316,2.4120,0.0188,-1.4471,1,1,1,1.26681,0
0.4571,4.6526,2.5310,11.4817,-2.4700,0.0082,-0.4541,0,0,0,0.00000,3
0.3977,4.2808,2.7136,11.4342,2.5966,0.1117,-0.4605,0,0,0,0.00000,3
0.4647,4.9490,2.5652,11.4084,2.0899,0.0270,-0.4213,0,0,0,0.00000,3
0.4744,4.4060,2.4005,11.4834,-0.7969,0.0536,-0.5323,0,0,0,0.00000,1
0.3982,4.2618,2.7057,11.2747,2.0537,0.0197,-0.2319,0,0,0,0.00000,1
0.5261,5.2709,2.3724,11.7191,-3.0220,0.0040,-0.7901,0,1,0,0.27085,1
0.5350,5.4915,2.3775,12.5755,-0.0784,0.0201,-1.7766,0,1,0,1.14717,1
0.5364,5.5202,2.3774,13.0650,-0.6062,0.0038,-2.3280,0,1,1,1.80756,1
0.4871,5.3390,2.5500,12.1043,-2.7635,0.0330,-1.1374,0,1,0,0.49387,3
0.4265,4.1799,2.5495,11.5141,2.5976,0.0513,-0.4915,0,0,0,0.00000,1
0.4495,4.5825,2.5481,11.4372,2.3285,0.1022,-0.5159,0,0,0,0.00000,1
0.3465,3.7105,2.8069,12.4046,2.5344,0.1599,-1.1810,0,1,0,0.95802,1
0.3734,3.8691,2.7154,12.2636,-3.0348,0.0658,-1.0161,0,1,0,0.94773,1
0.4412,4.2890,2.5123,11.5985,-2.6924,0.0149,-0.5409,0,0,1,0.34082,3
0.4237,4.4002,2.6204,11.4648,2.7095,0.0617,-0.4592,0,0,0,0.00000,3
0.4959,4.8663,2.4138,11.5586,-0.9344,0.0841,-0.6745,0,0,0,0.00000,1
0.4080,4.1216,2.6192,11.7033,-2.2902,0.0915,-0.6704,0,1,0,0.39203,1
0.3808,4.0883,2.7437,12.2856,2.5885,0.0518,-1.0351,0,1,0,1.00954,3
0.5316,5.2993,2.3559,11.3591,-1.2874,0.0472,-0.4786,0,0,0,0.00000,3
0.3762,3.9678,2.7315,12.6587,2.4622,0.0236,-1.2831,0,1,0,1.02731,1
0.4659,4.3013,2.4107,12.1132,1.9673,0.0266,-1.0769,0,0,2,0.43970,1
0.4083,4.0369,2.5944,11.2391,1.3384,0.0237,-0.2169,0,0,0,0.00000,1
0.5068,5.4558,2.4877,11.4872,-1.2758,0.0001,-0.5202,0,0,0,0.00000,1
0.3481,3.7634,2.8158,12.6826,2.6900,0.0286,-1.2081,0,1,1,1.37263,1
0.4202,4.4400,2.6472,11.8765,1.7491,0.0126,-0.7401,0,0,1,0.33753,1
0.3772,3.9329,2.7157,11.8001,2.8296,0.0058,-0.5859,0,1,0,0.41243,1
0.5355,5.2524,2.3317,11.4887,-0.4632,0.0194,-0.5845,0,0,0,0.00000,3
0.4020,4.2340,2.6792,11.9920,-2.4188,0.0274,-0.8163,0,0,1,0.47721,3
0.4746,4.8983,2.5104,12.3539,1.2005,0.0093,-1.3164,0,0,1,1.11117,1
0.5559,5.6355,2.3199,11.6213,-0.5435,0.0137,-0.7534,0,0,0,0.00000,3
0.4074,4.0478,2.6017,12.2925,-2.2461,0.0651,-1.1366,0,1,0,0.80703,1
0.4217,4.2484,2.5898,11.3130,-1.6365,0.0142,-0.2768,0,0,0,0.00000,1
0.4879,5.0711,2.4908,11.2343,0.5033,0.0207,-0.2789,0,0,0,0.00000,1
0.4970,5.2950,2.4977,11.9630,2.8505,0.0461,-1.0359,0,0,1,0.54253,1
0.4111,4.0546,2.5864,11.5748,1.9219,0.0339,-0.4990,0,1,0,0.27247,3
0.3579,3.9296,2.8161,11.3281,-2.4272,0.0867,-0.3106,0,0,0,0.00000,3
0.4213,4.3729,2.6245,12.1182,-2.9042,0.0364,-0.9821,0,1,0,0.55886,3
0.5085,4.7687,2.3429,12.5358,-0.3991,0.0339,-1.6543,0,0,1,1.19190,1
0.4550,4.4471,2.4916,12.1487,-1.7780,0.0153,-1.0676,0,0,1,0.39902,1
0.5416,5.3773,2.3308,11.3553,-1.5489,0.0291,-0.4655,0,0,0,0.00000,3
0.4925,4.6443,2.3805,11.8615,0.3240,0.0321,-0.9015,0,1,0,0.39561,1
0.4090,4.2366,2.6462,12.0377,2.3894,0.0310,-0.8752,0,0,1,0.56013,3
0.4181,4.0920,2.5642,11.5065,1.8528,0.0490,-0.4711,0,0,0,0.00000,3
0.4088,4.4628,2.7083,11.4562,2.8093,0.2044,-0.6000,0,0,0,0.00000,1
0.5123,4.7824,2.3308,11.8650,1.3406,0.0117,-0.9203,0,0,1,0.27690,1
0.4570,5.0001,2.6119,11.4566,-2.4122,0.1073,-0.5494,0,0,0,0.00000,3
0.4229,4.1473,2.5573,11.3630,-1.3151,0.0113,-0.3149,0,0,0,0.00000,1
0.3584,3.9521,2.8204,11.8733,-2.9996,0.1632,-0.8017,0,0,1,0.18157,0
0.3350,3.6433,2.8484,13.2622,3.0023,0.1010,-1.7314,1,1,0,1.61861,1
0.4704,5.1562,2.5858,12.1032,1.6998,0.0197,-1.0741,0,1,0,0.77033,1
0.4148,4.0662,2.5723,12.0114,2.5346,0.0265,-0.8598,0,0,1,0.49838,1
0.3483,3.8231,2.8346,13.0832,2.3362,0.0272,-1.5180,0,1,1,1.91571,1
0.3548,3.7545,2.7762,11.7871,-2.4819,0.1016,-0.6543,0,1,0,0.18198,3
0.4346,4.3904,2.5677,11.4912,2.0577,0.0144,-0.4394,0,0,0,0.00000,3
0.5017,5.3940,2.4975,11.4097,-1.1473,0.0178,-0.4583,0,0,0,0.00000,1
0.3717,3.8522,2.7190,11.4018,-3.1315,0.1162,-0.4113,0,0,0,0.00000,1
0.4536,4.9513,2.6163,12.8285,-2.7087,0.0613,-1.7999,0,0,0,0.00000,1
0.4199,4.2572,2.6004,11.9041,-2.4391,0.0158,-0.7663,0,0,1,0.23880,3
0.4205,4.5377,2.6710,11.3676,2.4239,0.0523,-0.3642,0,0,0,0.00000,3
0.5098,5.4615,2.4762,11.4430,1.9023,0.0314,-0.5178,0,0,0,0.00000,3
0.3811,4.0222,2.7226,11.3969,-3.0280,0.1339,-0.4381,0,0,0,0.00000,1
0.3925,4.0899,2.6853,11.8147,1.7841,0.0169,-0.6398,0,0,1,0.26046,1
0.3279,3.6010,2.8742,12.9430,2.9981,0.0448,-1.3512,0,1,0,0.95952,1
0.4413,4.4098,2.5424,11.5486,2.5892,0.0470,-0.5371,0,0,0,0.00000,1
0.4179,4.5125,2.6768,11.3875,-2.7575,0.0044,-0.3226,0,0,0,0.00000,1
0.5362,5.4368,2.3628,11.3662,0.3626,0.0000,-0.4363,0,0,0,0.00000,3
0.5354,5.6197,2.3993,11.4390,-2.9079,0.0182,-0.5330,0,0,0,0.00000,1
0.4802,4.9031,2.4877,11.5318,1.1428,0.0332,-0.5628,0,1,0,0.24454,1
0.4701,4.9243,2.5358,11.4837,-3.0434,0.0257,-0.4951,0,0,0,0.00000,3
0.3273,3.6009,2.8777,11.5308,-2.5666,0.1675,-0.5090,0,0,0,0.00000,3
0.4607,4.7971,2.5489,11.3240,-2.1760,0.0003,-0.3100,0,0,0,0.00000,3
0.4903,4.8861,2.4411,12.0605,-2.4124,0.0141,-1.0729,0,0,1,0.58823,1
0.4885,4.4371,2.3508,11.7000,0.9723,0.0092,-0.7044,0,0,1,0.16618,1
0.4118,4.3705,2.6691,11.7614,2.3455,0.0346,-0.6549,0,0,1,0.24379,3
0.3965,4.0137,2.6439,11.3186,-2.4884,0.0000,-0.2411,0,0,0,0.00000,1
0.4278,4.2632,2.5657,11.2872,2.8762,0.0258,-0.2747,0,0,0,0.00000,3
0.5139,4.7463,2.3174,11.6116,-1.7652,0.0230,-0.6792,0,0,0,0.00000,1
0.4668,4.7129,2.5029,12.8159,2.5062,0.0259,-1.7814,0,0,2,1.36480,1
0.4057,4.0909,2.6217,11.7689,-0.4800,0.0004,-0.6065,0,1,0,0.37140,1
0.4673,4.9986,2.5648,11.4395,2.6956,0.1211,-0.5636,0,0,0,0.00000,1
0.3870,4.0993,2.7154,13.0534,-2.8158,0.0138,-1.6444,0,0,1,1.60955,1
0.4171,4.0946,2.5696,11.8684,-0.9065,0.0026,-0.7125,0,1,0,0.53262,1
0.5138,4.7166,2.3117,11.9124,-0.7656,0.0490,-1.0229,0,0,1,0.25799,1
0.5602,5.8085,2.3326,12.1823,-0.5949,0.0332,-1.4246,0,0,1,0.43128,1
0.3438,3.6978,2.8178,12.3124,2.6374,0.0287,-0.9181,0,1,0,1.14249,1
0.5681,5.6290,2.2714,11.4587,-1.9230,0.0077,-0.5866,0,0,0,0.00000,1
0.3427,3.7670,2.8471,11.8152,2.7094,0.1763,-0.7441,0,1,0,0.47181,3
0.4834,4.6625,2.4214,11.3643,2.3395,0.0261,-0.4006,0,0,0,0.00000,1
0.4188,4.0978,2.5628,11.2812,-1.8202,0.0297,-0.2659,0,0,0,0.00000,3
0.4505,4.8167,2.5994,11.6018,-2.2618,0.0248,-0.5720,0,0,0,0.00000,3
0.4477,4.9244,2.6375,11.6332,3.0098,0.0908,-0.6759,0,0,0,0.00000,1
0.4349,4.1687,2.5096,11.2749,-1.0133,0.0043,-0.2462,0,0,0,0.00000,3
0.4522,4.6042,2.5412,11.4510,-2.9367,0.0175,-0.4315,0,0,0,0.00000,3
0.4462,4.2981,2.4930,11.9762,-0.8923,0.0406,-0.9201,0,0,0,0.00000,1
0.5139,4.7735,2.3229,11.4103,-0.3400,0.0005,-0.4507,0,0,0,0.00000,1
0.4537,4.8834,2.6000,11.9475,2.6829,0.0017,-0.8619,0,1,1,0.28203,1
0.3565,3.9237,2.8218,11.7542,-2.2236,0.0633,-0.5860,0,1,0,0.42981,1
0.4303,4.4921,2.6130,11.3321,-2.9930,0.0757,-0.3719,0,0,0,0.00000,1
0.3877,4.0589,2.7003,11.4143,2.9675,0.1253,-0.4491,0,0,0,0.00000,1
0.3666,4.0340,2.8019,13.3621,2.8183,0.0076,-1.7994,0,0,0,0.00000,1
0.3999,4.0842,2.6476,11.6845,-2.4351,0.1313,-0.6900,0,0,0,0.00000,1
0.5318,5.3441,2.3634,11.6432,-2.7065,0.0139,-0.7340,0,0,0,0.00000,1
0.4164,4.0893,2.5714,11.2710,2.2282,0.0224,-0.2472,0,0,0,0.00000,3
0.4046,4.1695,2.6490,13.0633,2.6514,0.0002,-1.7076,0,1,0,1.78316,1
0.6532,5.9729,2.0130,11.4265,-0.1246,0.1369,-0.8354,0,0,0,0.00000,1
0.3828,3.9676,2.6977,13.1255,-2.3549,0.0276,-1.7127,1,2,0,1.14426,1
0.4225,4.1683,2.5647,11.3653,1.7148,0.0288,-0.3367,0,0,0,0.00000,3
0.4285,4.2892,2.5694,11.7707,-2.4072,0.0384,-0.6978,0,1,0,0.26882,3
0.4525,4.8337,2.5942,11.4150,3.0603,0.0202,-0.4041,0,0,0,0.00000,3
0.4167,4.4115,2.6563,11.8839,2.3154,0.0019,-0.7255,0,1,0,0.59931,1
0.3564,3.8713,2.8056,12.3027,-2.1705,0.0330,-0.9529,0,1,1,1.07180,1
0.5337,5.2744,2.3428,11.5097,2.1715,0.0151,-0.5987,0,0,0,0.00000,1
0.4025,4.2819,2.6899,12.2430,-2.9729,0.0736,-1.0915,0,1,0,1.00824,1
0.4065,4.1008,2.6207,11.3689,2.9816,0.0264,-0.3200,0,0,0,0.00000,3
0.4542,4.4853,2.5039,11.7576,0.3287,0.0013,-0.6873,0,0,1,0.15932,3
0.4522,4.9869,2.6309,12.2714,2.4794,0.0477,-1.2243,1,1,0,0.59178,2
0.5849,5.8801,2.2479,11.7970,0.7157,0.0656,-1.0776,0,0,1,0.33725,1
0.4627,4.2873,2.4207,11.3656,-0.7226,0.0574,-0.4142,0,0,0,0.00000,1
0.3646,3.8309,2.7490,12.2674,2.6188,0.0452,-0.9657,0,1,0,0.95933,3
0.4202,4.1011,2.5571,11.8705,-2.4217,0.0084,-0.7280,0,1,0,0.49906,3
0.3498,3.8502,2.8349,12.0144,-2.8047,0.0242,-0.7119,0,0,1,0.46860,1
0.4117,4.0782,2.5898,11.6355,1.7783,0.0063,-0.5159,0,0,1,0.15408,3
0.3494,3.7372,2.8000,11.5832,-3.0134,0.2149,-0.6322,0,0,0,0.00000,1
0.5083,4.9098,2.3728,12.2357,-1.8341,0.0377,-1.3359,0,0,1,0.76794,1
0.3744,3.9051,2.7212,11.4818,-2.9642,0.1113,-0.4686,0,0,0,0.00000,1
0.4085,4.1898,2.6356,11.5701,2.8540,0.0553,-0.5176,0,1,0,0.28162,3
0.4493,4.2945,2.4787,11.9822,0.3729,0.0257,-0.9125,0,1,0,0.48991,1
0.4870,4.7885,2.4341,11.7786,3.0039,0.0170,-0.7900,0,0,1,0.54136,1
0.5010,5.2430,2.4702,11.8653,-0.3016,0.0049,-0.8913,0,1,0,0.44392,1
0.4283,4.6907,2.6725,12.4863,2.7675,0.0826,-1.4026,0,1,0,1.19550,1
0.4852,4.4706,2.3713,11.9891,2.2303,0.0104,-0.9813,0,0,1,0.28599,1
0.4003,4.1737,2.6706,11.6567,2.5307,0.0273,-0.5410,1,1,0,0.41561,3
0.4219,4.3406,2.6129,11.4306,2.8098,0.0472,-0.4115,0,0,0,0.00000,3
0.3849,4.2350,2.7656,12.6865,3.1402,0.0458,-1.3727,1,1,0,1.31497,1
0.3588,3.7898,2.7666,12.0228,-3.1135,0.0109,-0.7205,0,0,1,0.67771,1
0.3583,3.7877,2.7684,11.6815,-2.6973,0.1716,-0.6674,0,0,0,0.00000,1
0.4668,4.5312,2.4610,11.2925,-0.1542,0.0134,-0.3023,0,0,0,0.00000,1
0.5506,5.7719,2.3648,11.3621,0.7293,0.0292,-0.4854,0,0,0,0.00000,1
0.4509,4.4521,2.5105,12.0417,-2.0987,0.0133,-0.9549,0,1,0,0.54262,1
0.4989,5.0452,2.4387,12.6212,-1.7491,0.0244,-1.6996,1,1,0,1.31310,1
0.5256,5.3442,2.3885,12.9667,-2.2865,0.0267,-2.2029,0,1,0,0.47166,1
0.3657,3.8498,2.7492,11.4639,2.0777,0.0309,-0.3515,0,0,0,0.00000,1
0.4697,4.7548,2.4999,11.3932,-0.5183,0.0164,-0.4003,0,0,0,0.00000,1
0.4702,4.3596,2.4067,11.2338,2.5271,0.0148,-0.2542,0,0,0,0.00000,1
0.4871,4.6330,2.3996,12.0050,1.0338,0.0427,-1.0474,0,0,1,0.60153,1
0.4891,4.7594,2.4191,11.4931,1.4318,0.0104,-0.5104,0,0,0,0.00000,3
0.4607,5.0033,2.5957,12.8512,2.0844,0.0545,-1.8417,0,1,2,1.14671,1
0.4642,4.4611,2.4554,11.6464,2.5621,0.0198,-0.6265,0,0,2,0.58897,1
0.3851,3.9303,2.6749,11.3406,-2.9114,0.0584,-0.3133,0,0,0,0.00000,3
0.4170,4.2218,2.6046,11.3093,2.0518,0.0635,-0.3257,0,0,0,0.00000,3
0.3993,4.0286,2.6348,11.5168,-2.4714,0.0535,-0.4598,0,0,0,0.00000,3
0.4556,4.7294,2.5555,11.4313,0.6873,0.0029,-0.4017,0,0,0,0.00000,1
0.4476,4.8154,2.6123,11.8349,2.6975,0.0780,-0.8435,0,0,1,0.43455,1
0.3614,3.8900,2.7848,12.7435,2.7967,0.0742,-1.3762,1,2,1,1.87266,1
0.5053,4.9448,2.3919,11.3748,-1.3931,0.0487,-0.4637,0,0,0,0.00000,3
0.4527,4.9247,2.6140,11.7669,-1.7261,0.0495,-0.7556,0,1,0,0.27485,1
0.5161,5.4428,2.4463,12.3494,-1.4832,0.0322,-1.4774,0,0,1,0.97797,1
0.4654,5.1263,2.6019,12.7518,2.3715,0.0124,-1.6910,1,2,1,1.27653,0
0.3859,3.9685,2.6823,11.8691,2.9206,0.0603,-0.7247,0,1,0,0.67517,3
0.4375,4.5701,2.5991,12.7988,2.5190,0.0429,-1.6745,1,1,0,1.50327,1
0.3964,4.2983,2.7248,13.2960,-3.0667,0.0073,-1.8932,0,1,2,1.98636,1
0.4313,4.5354,2.6193,11.7962,2.8205,0.0416,-0.7301,0,0,1,0.23805,3
0.4273,4.2821,2.5730,11.3201,-2.8765,0.0578,-0.3381,0,0,0,0.00000,1
0.3820,4.2147,2.7746,11.3904,2.5646,0.0267,-0.3116,0,0,0,0.00000,0
0.3480,3.7341,2.8063,12.8454,-2.5330,0.0697,-1.3993,0,1,1,1.01304,1
0.4567,4.4703,2.4898,11.5378,1.8859,0.0244,-0.5223,0,0,1,0.20345,3
0.5314,4.8328,2.2674,11.3906,-0.9029,0.0102,-0.4645,0,0,0,0.00000,1
0.3538,3.8255,2.8052,12.0297,-2.0911,0.0639,-0.7832,0,0,1,0.55279,1
0.4032,4.0090,2.6106,11.5111,-1.9906,0.0347,-0.4379,0,0,0,0.00000,3
0.4652,4.7568,2.5197,11.3461,-2.3968,0.0199,-0.3568,0,0,0,0.00000,3
0.5237,5.5402,2.4328,12.1125,-2.6564,0.0189,-1.2239,0,0,1,0.45167,3
0.4566,4.6817,2.5400,12.9653,-1.0584,0.0242,-1.8890,0,1,0,1.78247,1
0.4724,4.5557,2.4429,12.0945,-0.9935,0.0501,-1.1098,0,1,0,0.45906,1
0.5600,5.6569,2.3075,12.5236,0.6454,0.0448,-1.8458,0,0,2,1.15304,1
0.3669,3.9991,2.7896,12.7171,3.0711,0.0634,-1.3583,0,1,1,1.25425,1
0.3713,3.8457,2.7187,12.5844,2.5674,0.0489,-1.2442,0,1,0,1.41128,1
0.3994,4.1162,2.6590,11.3231,-2.8486,0.0414,-0.2945,0,0,0,0.00000,3
0.3573,3.7895,2.7742,11.4247,-2.4440,0.0593,-0.3469,0,0,1,0.13653,3
0.4320,4.3305,2.5642,12.1931,-1.8927,0.0127,-1.0434,0,1,0,0.35940,1
0.5668,5.6090,2.2731,11.3088,-1.1998,0.0269,-0.4440,0,0,0,0.00000,3
0.4039,4.3428,2.7000,12.1267,-3.0357,0.0147,-0.9161,0,0,1,0.66256,3
0.5057,5.4425,2.4899,12.5441,-2.4137,0.0526,-1.6868,0,0,2,1.10563,1
0.5635,5.4011,2.2505,11.5822,-0.4682,0.1088,-0.8418,0,0,0,0.00000,1
0.3900,4.0052,2.6731,12.6260,2.4850,0.0536,-1.3521,0,1,0,1.36743,1
0.4252,4.1527,2.5484,11.3164,-1.4832,0.0558,-0.3305,0,0,0,0.00000,3
0.4425,4.8269,2.6384,11.5429,2.9377,0.0473,-0.5352,0,0,1,0.15119,3
0.4335,4.2936,2.5477,11.2824,2.9944,0.0350,-0.2865,0,0,0,0.00000,1
0.3970,4.0521,2.6525,13.0483,2.3227,0.0328,-1.7183,1,1,1,1.51026,1
0.5828,5.8016,2.2437,11.5133,0.7782,0.1100,-0.7973,0,0,0,0.00000,1
0.4787,4.5158,2.4080,11.9247,2.4246,0.0169,-0.9130,0,0,1,0.35167,1
0.5208,4.9737,2.3360,11.4410,1.3601,0.0328,-0.5301,0,0,0,0.00000,3
0.3468,3.7746,2.8269,11.9169,-2.5289,0.1391,-0.7806,0,1,0,0.28582,3
0.4540,4.8538,2.5917,12.1229,2.1266,0.0721,-1.1208,0,0,1,0.33296,3
0.4665,4.9513,2.5577,11.3014,-2.6261,0.0201,-0.3190,0,0,0,0.00000,3
0.4457,4.6332,2.5771,11.7548,1.0208,0.0094,-0.6804,0,0,1,0.19587,1
0.4323,4.5394,2.6158,12.3976,2.9432,0.0353,-1.2635,0,1,0,1.23332,1
0.4479,4.4589,2.5250,11.3199,-2.1171,0.0111,-0.3050,0,0,0,0.00000,3
0.3574,3.8628,2.7975,11.5448,-2.7916,0.2055,-0.6036,0,0,0,0.00000,1
0.3521,3.7562,2.7917,11.3375,-3.0388,0.2276,-0.4707,0,0,0,0.00000,1
0.5021,4.9623,2.4088,11.3827,-0.8634,0.0047,-0.4154,0,0,0,0.00000,3
0.4461,4.6875,2.5885,11.4292,1.4758,0.0565,-0.4510,0,0,0,0.00000,1
0.4645,4.7033,2.5103,11.3774,-3.1324,0.0539,-0.4238,0,0,0,0.00000,1
0.5475,5.0833,2.2543,11.7339,-0.5852,0.0540,-0.9099,0,0,0,0.00000,1
0.4898,4.8799,2.4421,11.9331,1.0410,0.0407,-0.9800,0,0,1,0.51776,1
0.3680,3.9750,2.7762,12.0221,2.3721,0.0158,-0.7476,0,1,0,0.70935,1
0.5718,5.3732,2.2147,11.5251,0.8152,0.0447,-0.7100,0,0,0,0.00000,3
0.4434,4.4437,2.5413,12.9176,-1.6790,0.0083,-1.7552,0,1,1,1.66439,1
0.5197,4.8941,2.3244,12.2305,2.0191,0.0107,-1.3230,0,1,0,0.47927,1
0.4049,4.2243,2.6623,13.0099,2.0793,0.0008,-1.6627,1,1,0,0.60411,1
0.4964,5.0903,2.4584,11.4136,0.2028,0.0005,-0.4339,0,0,0,0.00000,3
0.4151,4.2160,2.6116,12.2588,-2.8950,0.0636,-1.1270,0,1,0,0.67404,1
0.4142,4.3305,2.6466,11.3971,-1.9325,0.0575,-0.3872,0,0,0,0.00000,3
0.4011,4.2286,2.6823,11.5475,-2.7855,0.0742,-0.5114,0,0,0,0.00000,3
0.3671,3.8527,2.7426,12.6888,-2.7349,0.0038,-1.2436,1,1,1,1.49547,1
0.4618,4.6357,2.5066,11.3416,1.6098,0.0170,-0.3455,0,0,0,0.00000,3
0.6279,5.8342,2.0826,11.7399,-0.3888,0.1005,-1.1444,0,0,0,0.00000,1
0.5043,4.8257,2.3715,11.3016,1.8157,0.0494,-0.3915,0,0,0,0.00000,1
0.4430,4.2478,2.4941,11.3567,-1.4556,0.0057,-0.3245,0,0,0,0.00000,3
0.4188,4.3067,2.6186,11.4137,-3.1196,0.0375,-0.3827,0,0,0,0.00000,3
0.3844,3.9271,2.6775,11.5686,-3.0252,0.1239,-0.5637,0,0,0,0.00000,1
0.5357,5.6987,2.4122,11.4412,-3.0188,0.0577,-0.5833,0,0,0,0.00000,1
0.4681,4.4551,2.4376,11.7540,1.2143,0.0170,-0.7293,0,1,0,0.18769,3
0.5109,5.4678,2.4729,11.8957,2.1630,0.0299,-0.9777,0,1,0,0.54802,3
0.4219,4.2717,2.5950,11.3984,1.2882,0.0142,-0.3465,0,0,0,0.00000,1
0.5452,5.0900,2.2642,11.4983,2.3279,0.0015,-0.5855,0,0,0,0.00000,1
0.4640,4.5714,2.4821,11.3388,2.8745,0.0143,-0.3420,0,0,0,0.00000,1
0.4363,4.5862,2.6087,11.3544,-1.5160,0.0446,-0.3614,0,0,0,0.00000,1
0.5294,5.1875,2.3433,11.2437,0.8027,0.0364,-0.3455,0,0,0,0.00000,3
0.4657,5.0134,2.5756,11.2274,-1.3862,0.0052,-0.2355,0,0,0,0.00000,1
0.4832,4.3814,2.3595,11.2549,0.8858,0.0028,-0.2709,0,0,0,0.00000,3
0.3925,4.0045,2.6606,11.4050,2.6163,0.0025,-0.3055,0,0,0,0.00000,1
0.4783,4.9005,2.4951,12.8150,2.7545,0.0075,-1.7972,0,1,0,1.61854,1
0.4747,5.2236,2.5810,12.4467,2.2563,0.0629,-1.4909,0,0,1,0.61135,3
0.3576,3.8389,2.7888,13.0434,-2.8624,0.1084,-1.6681,0,1,0,1.86996,1
0.4589,4.6965,2.5333,11.9660,-3.0670,0.0144,-0.9063,0,1,0,0.57757,3
0.6243,5.9241,2.1083,11.4837,-0.9766,0.0789,-0.7896,0,0,0,0.00000,3
0.4689,4.4610,2.4357,11.8271,-2.3832,0.0173,-0.7998,0,0,1,0.20726,1
0.3627,3.8758,2.7733,11.4896,-2.9898,0.1360,-0.4885,0,0,0,0.00000,3
0.5217,5.1223,2.3614,11.3320,-0.4116,0.0192,-0.4060,0,0,0,0.00000,3
0.4906,4.9505,2.4536,11.4803,0.8072,0.0206,-0.5135,0,0,0,0.00000,1
0.3992,4.2465,2.6963,12.5796,1.7331,0.0229,-1.2978,0,0,1,1.30882,1
0.4819,4.5465,2.4019,11.5612,-0.8823,0.0867,-0.6578,0,0,0,0.00000,1
0.4114,4.2653,2.6426,11.3907,-2.3906,0.0169,-0.3319,0,0,0,0.00000,3
0.4020,4.0432,2.6260,11.3336,1.7318,0.0185,-0.2789,0,0,0,0.00000,1
0.5370,5.1782,2.3121,11.4264,-1.1299,0.0033,-0.5018,0,0,0,0.00000,3
0.4209,4.3861,2.6295,11.7956,2.2949,0.0732,-0.7493,0,0,1,0.34515,3
0.4598,4.6824,2.5260,11.4027,-2.0745,0.0161,-0.3968,0,0,0,0.00000,3
0.3769,3.8804,2.7010,11.2564,2.5916,0.0027,-0.1816,0,0,0,0.00000,1
0.4329,4.2502,2.5393,12.2517,-2.4921,0.0138,-1.0996,0,0,1,0.96271,1
0.3606,3.8614,2.7796,11.3837,-2.1272,0.0628,-0.3254,0,0,0,0.00000,1
0.3373,3.6660,2.8431,12.4775,-2.5148,0.0721,-1.0811,0,1,1,1.01051,3
0.4656,4.3143,2.4149,11.4492,-0.1667,0.0107,-0.4375,0,0,0,0.00000,3
0.5808,5.8612,2.2606,12.1708,0.9161,0.0073,-1.4324,0,0,2,0.57110,1
0.4704,4.3895,2.4130,11.3035,0.3678,0.0313,-0.3360,0,0,0,0.00000,1
0.4949,4.7736,2.3985,11.5214,-2.2596,0.0173,-0.5542,0,0,0,0.00000,1
0.5126,5.0039,2.3744,11.6294,1.0182,0.0006,-0.6686,0,0,0,0.00000,3
0.3924,4.2133,2.7211,11.3570,2.7597,0.0103,-0.2785,0,0,0,0.00000,1
0.4381,4.2064,2.5050,12.2606,-1.9563,0.0008,-1.1031,0,1,0,0.91747,1
0.3662,3.8168,2.7361,12.2081,-1.9520,0.0097,-0.8756,0,1,0,0.55241,1
0.4551,4.8752,2.5919,11.3602,-2.6704,0.1171,-0.4712,0,0,0,0.00000,1
0.3879,4.1483,2.7250,11.9661,-2.6907,0.0801,-0.8320,0,0,1,0.53406,3
0.5143,4.9683,2.3607,12.7934,-3.0761,0.0023,-1.9093,1,1,0,0.74138,1
0.4301,4.6320,2.6494,11.3991,-2.4316,0.1797,-0.5489,0,0,0,0.00000,1
0.4794,4.9209,2.4948,11.5151,-3.0736,0.0582,-0.5761,0,0,0,0.00000,1
0.4204,4.4539,2.6496,12.0635,2.7477,0.0772,-0.9870,0,1,0,0.72334,1
0.3635,3.8647,2.7654,12.6260,-2.5875,0.0489,-1.2501,0,1,0,1.47489,1
0.4018,4.1996,2.6705,11.6300,2.8098,0.0246,-0.5189,0,0,1,0.36615,3
0.4493,4.5288,2.5359,11.4037,1.8557,0.0042,-0.3710,0,0,0,0.00000,3
0.4123,4.0516,2.5797,11.3696,-2.4279,0.0848,-0.3941,0,0,0,0.00000,0
0.3762,4.0645,2.7604,13.1429,2.5720,0.0076,-1.6611,0,1,1,1.99567,1
0.5154,5.5817,2.4755,11.5311,2.7498,0.0157,-0.5957,0,0,0,0.00000,3
0.4498,4.8314,2.6060,11.5673,1.4878,0.0349,-0.5525,0,0,0,0.00000,1
0.3964,4.0873,2.6653,11.4863,3.0382,0.0244,-0.3979,0,0,0,0.00000,3
0.4275,4.2110,2.5534,11.2880,-0.9856,0.0144,-0.2620,0,0,0,0.00000,1
0.3475,3.7276,2.8072,11.4435,2.8497,0.0837,-0.3770,0,0,0,0.00000,3
0.5504,5.4424,2.3078,11.6101,-0.1594,0.0281,-0.7487,0,0,0,0.00000,1
0.6215,6.0876,2.1417,12.4414,0.6148,0.0308,-1.9382,0,0,1,0.65288,1
0.5021,4.8524,2.3860,11.2374,-1.3733,0.0688,-0.3496,0,0,0,0.00000,3
0.4195,4.5799,2.6868,11.2610,2.3588,0.0115,-0.2307,0,0,0,0.00000,1
0.3975,4.1524,2.6787,11.7670,-1.8232,0.0235,-0.6194,0,1,0,0.29556,1
0.3438,3.7199,2.8249,11.3105,2.9816,0.0255,-0.2176,0,0,0,0.00000,1
0.4383,4.3708,2.5458,11.5601,1.8862,0.0660,-0.5657,0,0,0,0.00000,3
0.4917,4.5024,2.3526,12.2001,-0.1060,0.0178,-1.2199,0,0,1,0.52454,1
0.4819,4.9059,2.4809,11.3119,2.2874,0.0165,-0.3399,0,0,0,0.00000,3
0.4035,4.0469,2.6196,11.8460,2.9719,0.0302,-0.7026,0,0,1,0.22473,3
0.4502,4.8813,2.6154,11.5504,2.7299,0.0609,-0.5695,0,0,0,0.00000,3
0.3914,4.2420,2.7342,11.9892,2.2450,0.0289,-0.7923,0,1,0,0.59572,1
0.4909,4.7101,2.4011,12.7060,1.7289,0.0263,-1.7614,0,1,1,1.13375,1
0.4816,4.8856,2.4778,11.8160,-2.5026,0.0153,-0.8142,0,0,1,0.39957,3
0.4915,4.4467,2.3412,11.5299,-0.0461,0.0577,-0.6058,0,0,0,0.00000,1
0.4728,4.7562,2.4866,12.1863,2.6659,0.0414,-1.1901,0,1,0,0.82975,1
0.6387,5.9070,2.0547,11.6541,-0.2883,0.0236,-0.9551,0,0,0,0.00000,1
0.4378,4.4621,2.5710,12.2320,-1.2567,0.0152,-1.0987,0,0,3,0.69696,1
0.4787,4.7630,2.4632,11.5302,-0.5718,0.0106,-0.5312,0,0,0,0.00000,1
0.3971,4.1324,2.6749,11.7764,-2.7983,0.0098,-0.6091,0,1,0,0.41580,3
0.5470,4.9966,2.2401,11.3617,0.8123,0.0978,-0.5601,0,0,0,0.00000,3
0.5137,5.1470,2.3986,11.5008,-1.9292,0.0134,-0.5578,0,0,0,0.00000,3
0.3615,3.8382,2.7678,11.7926,-2.6065,0.2217,-0.8196,0,1,0,0.36147,1
0.4462,4.6141,2.5706,11.3804,-1.8177,0.0290,-0.3764,0,0,0,0.00000,3
0.4399,4.6541,2.6087,11.8290,-0.4780,0.0001,-0.7234,0,1,0,0.29996,1
0.4205,4.3220,2.6147,11.5842,-2.2536,0.0720,-0.5672,0,0,0,0.00000,3
0.4811,4.5675,2.4097,11.4485,-1.9601,0.0030,-0.4482,0,0,0,0.00000,3
0.4752,4.8961,2.5073,12.4411,-1.7035,0.0163,-1.4161,0,1,1,0.89374,1
0.3350,3.6610,2.8547,12.3618,2.8014,0.0412,-0.9457,0,0,0,0.00000,1
0.5069,5.3524,2.4672,11.5643,-1.1895,0.0654,-0.6755,0,0,0,0.00000,1
0.4718,4.3273,2.3929,11.3106,-0.7858,0.0852,-0.4066,0,0,0,0.00000,1
0.3812,4.0949,2.7439,12.2322,2.4459,0.0145,-0.9417,0,1,0,0.88268,1
0.4015,4.1508,2.6584,11.5002,-2.7530,0.0459,-0.4407,0,0,0,0.00000,3
0.4739,5.0712,2.5517,12.5535,1.8035,0.0209,-1.5337,0,0,1,1.09463,1
0.4500,4.2454,2.4637,11.3645,-2.5339,0.0153,-0.3498,0,0,0,0.00000,1
0.3814,3.9871,2.7104,12.0109,-3.0151,0.0156,-0.7690,0,1,0,0.68933,3
0.4149,4.4381,2.6720,11.3416,-2.1702,0.0056,-0.2839,0,0,0,0.00000,1
0.4781,4.7828,2.4701,11.7289,2.9628,0.0147,-0.7227,0,0,1,0.38333,1
0.5076,5.3629,2.4665,12.8816,2.5751,0.0080,-1.9949,0,1,0,1.20855,1
0.5248,5.3692,2.3963,11.7720,3.0295,0.0029,-0.8421,0,0,1,0.42390,3
0.5909,5.7092,2.1985,12.2445,1.1738,0.0491,-1.6118,0,0,1,0.73497,1
0.4360,4.4174,2.5679,11.8496,-1.7742,0.0300,-0.7710,0,1,0,0.40199,3
0.5853,5.4989,2.1857,11.4517,0.8998,0.1084,-0.7267,0,0,0,0.00000,3
0.4479,4.4571,2.5247,11.2594,-1.6646,0.0358,-0.2814,0,0,0,0.00000,3
0.3906,4.2194,2.7321,11.8092,-2.9925,0.0565,-0.6815,0,0,1,0.24286,3
0.5297,5.5398,2.4080,11.3129,-2.8323,0.0067,-0.3826,0,0,0,0.00000,3
0.4625,4.3340,2.4325,11.5620,0.4735,0.0097,-0.5339,0,0,0,0.00000,3
0.3968,4.2349,2.7051,12.6551,2.1550,0.0271,-1.3608,0,1,0,0.20001,1
0.3738,3.9708,2.7444,12.5582,2.7027,0.0936,-1.2982,0,1,1,1.24301,1
0.3982,4.0731,2.6525,11.3999,2.2872,0.0664,-0.3816,0,0,0,0.00000,3
0.4632,4.6443,2.5026,11.6714,-2.8663,0.0254,-0.6556,0,0,1,0.25333,1
0.5113,5.0839,2.3958,11.5003,2.5829,0.0023,-0.5402,0,0,0,0.00000,3
0.4570,4.5594,2.5097,11.6775,-2.5604,0.0405,-0.6691,0,1,0,0.18034,1
0.3766,3.8771,2.7016,12.5103,2.4220,0.0122,-1.1464,0,0,2,1.15565,1
0.4298,4.1572,2.5290,12.3784,-0.8385,0.0257,-1.2225,0,1,0,1.17085,1
0.3883,4.2313,2.7469,12.1015,-3.1047,0.0891,-0.9552,0,1,0,0.68825,3
0.5595,5.7200,2.3201,12.6860,-0.7726,0.0098,-1.9838,0,1,0,1.20462,1
0.4469,4.5933,2.5622,11.9470,3.0571,0.0338,-0.8870,0,0,1,0.43377,1
0.4551,4.7033,2.5518,11.5774,-1.5114,0.0614,-0.6013,0,0,0,0.00000,3
0.4833,5.2876,2.5561,13.2578,1.5091,0.0032,-2.2895,1,0,1,1.29756,1
0.5550,5.3578,2.2750,11.5765,0.7116,0.0262,-0.7169,0,0,0,0.00000,3
0.4375,4.3813,2.5524,12.5615,1.1541,0.0175,-1.4056,0,1,0,1.42996,1
0.3364,3.6922,2.8570,12.5884,2.8286,0.0998,-1.2018,0,1,0,0.77923,1
0.3982,4.0569,2.6481,11.3495,2.6913,0.0497,-0.3231,0,0,0,0.00000,3
0.5436,5.7221,2.3841,11.4911,-2.0371,0.0605,-0.6511,0,0,0,0.00000,1
0.4652,4.5946,2.4823,12.8157,-1.0278,0.0102,-1.7473,0,0,1,1.39638,1
0.5310,5.0598,2.3129,11.4682,-1.5049,0.0181,-0.5543,0,0,0,0.00000,1
0.5277,5.0637,2.3263,11.8132,-1.7382,0.0383,-0.9356,0,0,1,0.52590,1
0.4303,4.3584,2.5791,11.3180,-2.7265,0.0521,-0.3328,0,0,0,0.00000,1
0.3570,3.7698,2.7695,11.3680,-1.9988,0.0631,-0.3111,0,0,0,0.00000,1
0.4749,4.5467,2.4305,11.3139,1.4672,0.0065,-0.3217,0,0,0,0.00000,3
0.4348,4.7904,2.6661,11.3824,-2.2406,0.0581,-0.3993,0,0,0,0.00000,2
0.5119,4.7488,2.3257,11.4960,1.4339,0.0589,-0.6043,0,0,0,0.00000,1
0.5148,4.7413,2.3128,12.0278,0.3431,0.0039,-1.0837,0,0,1,0.62187,1
0.5035,4.7545,2.3597,11.2804,-2.2800,0.0188,-0.3342,0,0,0,0.00000,1
0.5091,4.7604,2.3388,11.2731,1.2689,0.0316,-0.3477,0,0,0,0.00000,3
0.5377,5.4895,2.3665,12.4863,0.5757,0.0043,-1.6588,0,0,1,1.05942,1
0.3909,4.0690,2.6869,13.1104,-2.0091,0.0157,-1.7155,1,1,0,1.69498,1
0.4423,4.2868,2.5073,11.6339,-3.0720,0.0305,-0.5925,0,0,1,0.25695,1
0.4534,4.5179,2.5154,12.1419,2.0678,0.0178,-1.0609,0,0,1,0.62427,1
0.5262,5.2455,2.3671,11.4420,-2.6189,0.0056,-0.5068,0,0,0,0.00000,1
0.4551,4.7932,2.5729,11.7800,-2.5961,0.0708,-0.7986,0,0,1,0.18410,1
0.4449,4.7097,2.5995,11.6469,-2.4491,0.1004,-0.6953,0,0,0,0.00000,1
0.4305,4.6313,2.6469,13.0429,2.2223,0.0327,-1.8650,0,1,0,1.91427,1
0.5446,5.2147,2.2894,11.4615,-2.5011,0.0061,-0.5523,0,0,0,0.00000,1
0.4025,4.0730,2.6318,11.6899,2.6589,0.0124,-0.5525,0,0,1,0.20705,3
0.4201,4.4659,2.6545,11.5725,-2.8262,0.1466,-0.6462,0,0,0,0.00000,1
0.5770,5.8620,2.2753,11.5780,-0.5842,0.0432,-0.7792,0,0,0,0.00000,1
0.4695,4.3353,2.4039,11.3573,-1.5902,0.0553,-0.4119,0,0,0,0.00000,1
0.4784,5.0676,2.5308,12.3363,-1.2100,0.0017,-1.3006,0,0,3,1.07109,1
0.4233,4.4549,2.6361,13.0531,-2.7976,0.0342,-1.8448,0,1,1,1.72552,1
0.4782,4.7548,2.4634,11.3894,-1.2514,0.0045,-0.3927,0,0,0,0.00000,3
0.4895,4.7081,2.4063,11.5125,-1.4457,0.0021,-0.5192,0,0,0,0.00000,3
0.5346,4.8542,2.2598,12.2046,1.0437,0.0238,-1.3556,0,0,1,0.61752,1
0.3752,3.9420,2.7284,11.7304,2.1848,0.0779,-0.6185,0,1,0,0.38616,3
0.5384,5.0198,2.2769,11.4274,0.5202,0.1050,-0.6277,0,0,0,0.00000,1
0.5729,5.5515,2.2403,11.9553,-1.2554,0.0151,-1.1657,0,0,3,0.76956,1
0.5431,5.0670,2.2679,11.6119,-1.2599,0.0512,-0.7655,0,1,0,0.18262,3
0.3649,3.8246,2.7453,12.8442,-2.5917,0.0888,-1.4986,0,1,1,1.45147,1
0.5638,5.2156,2.2173,11.3617,-0.5358,0.0272,-0.4963,0,0,0,0.00000,3
0.4317,4.6156,2.6377,11.3805,-2.3980,0.0183,-0.3480,0,0,0,0.00000,3
0.6253,6.1500,2.1368,11.7018,1.0068,0.0809,-1.0664,0,0,0,0.00000,3
0.5286,4.8648,2.2843,11.5617,0.6536,0.1398,-0.7993,0,0,0,0.00000,1
0.4250,4.4614,2.6301,11.3268,2.3368,0.0334,-0.3137,0,0,0,0.00000,3
0.3831,3.9902,2.7029,12.8347,-2.5925,0.0016,-1.4202,0,1,4,2.11237,1
0.5079,4.7938,2.3507,11.3051,2.1420,0.0016,-0.3425,0,0,0,0.00000,1
0.3517,3.8404,2.8213,13.0375,-2.3465,0.0578,-1.5491,1,1,0,1.79254,1
0.5957,5.8193,2.1977,11.6297,1.4861,0.0160,-0.8365,0,0,0,0.00000,1
0.4046,4.0514,2.6156,11.3246,2.5584,0.0299,-0.2875,0,0,0,0.00000,3
0.3863,4.1821,2.7429,11.7906,-2.1850,0.0598,-0.6630,0,1,0,0.29891,3
0.3923,3.9918,2.6576,11.2953,-2.9473,0.0488,-0.2750,0,0,0,0.00000,3
0.5020,4.8158,2.3788,11.8790,1.4980,0.0174,-0.9207,0,1,0,0.38298,3
0.5337,4.8916,2.2705,11.5122,-0.2158,0.0183,-0.6029,0,0,0,0.00000,3
0.4066,4.3261,2.6824,13.1145,2.7881,0.0386,-1.8331,1,1,1,1.91288,1
0.3730,3.9952,2.7560,11.2910,-2.4362,0.0181,-0.2207,0,0,0,0.00000,1
0.4576,4.5218,2.4980,11.7141,-2.3471,0.0449,-0.7091,0,1,0,0.39232,1
0.3497,3.7860,2.8146,11.9588,-2.7833,0.0597,-0.7167,0,1,0,0.64414,3
0.3875,3.9322,2.6640,12.1003,-1.6721,0.0146,-0.8521,0,1,0,0.77486,1
0.5112,4.7237,2.3233,11.5107,1.0607,0.0041,-0.5504,0,0,0,0.00000,3
0.4349,4.7317,2.6512,11.2963,2.3608,0.0052,-0.2665,0,0,0,0.00000,1
0.5673,5.1795,2.1978,11.8925,0.2284,0.0422,-1.1146,0,1,0,0.54522,1
0.5153,4.9744,2.3577,11.3685,-0.7026,0.0353,-0.4535,0,0,0,0.00000,3
0.4276,4.1417,2.5347,11.3418,3.0216,0.0051,-0.2953,0,0,0,0.00000,3
0.4729,4.8314,2.5029,12.6803,3.1033,0.0124,-1.6447,0,1,1,1.34476,1
0.4110,4.0698,2.5911,11.3872,-2.8193,0.0253,-0.3379,0,0,0,0.00000,3
0.4077,4.1375,2.6252,11.5722,-2.9054,0.0036,-0.4559,0,0,1,0.31338,3
0.3492,3.7318,2.7994,12.7962,2.9749,0.1073,-1.4249,0,0,2,1.21215,1
0.3982,4.2810,2.7111,12.3011,-3.0710,0.0814,-1.1398,0,1,1,0.79145,1
0.3827,4.0065,2.7099,11.2794,2.0276,0.0643,-0.2721,0,0,0,0.00000,3
0.3932,4.1349,2.6948,11.5156,-2.8189,0.0607,-0.4593,0,0,0,0.00000,3
0.4489,4.7674,2.5947,11.4377,1.3570,0.0654,-0.4725,0,0,0,0.00000,1
0.4276,4.7194,2.6830,11.4352,-2.6779,0.1044,-0.4893,0,0,0,0.00000,2
0.5013,4.6295,2.3422,11.4265,0.8378,0.0066,-0.4574,0,0,0,0.00000,3
0.3898,4.0712,2.6932,11.4535,-2.6384,0.0552,-0.4006,0,0,0,0.00000,3
0.5362,5.6482,2.4011,12.7727,-0.1580,0.0037,-1.9843,0,0,2,1.21881,1
0.4356,4.7570,2.6540,11.4459,2.3700,0.0774,-0.4770,0,0,0,0.00000,3
0.4782,5.0195,2.5214,12.9364,-2.2676,0.0205,-1.9481,0,0,1,0.48596,1
0.3667,4.0191,2.7968,11.5567,2.5342,0.1565,-0.5674,0,0,0,0.00000,3
0.4734,4.3268,2.3859,11.4348,-0.1300,0.0249,-0.4512,0,0,0,0.00000,3
0.4932,4.5991,2.3679,11.3867,0.5309,0.0550,-0.4671,0,0,0,0.00000,1
0.5710,5.2619,2.1984,11.5028,-0.6216,0.0262,-0.6602,0,0,0,0.00000,3
0.4504,4.2474,2.4624,12.0279,1.8944,0.0076,-0.9319,0,0,1,0.69382,1
0.4272,4.5285,2.6368,11.9042,1.6416,0.0279,-0.7983,0,0,1,0.24940,1
0.6074,5.6746,2.1328,11.6799,-0.1862,0.0677,-0.9841,0,0,0,0.00000,3
0.5551,5.6335,2.3227,11.2788,-1.0475,0.0234,-0.3948,0,0,0,0.00000,3
0.3993,4.0465,2.6395,12.1548,-1.9852,0.0132,-0.9245,0,0,1,0.26530,1
0.4360,4.2891,2.5353,11.4464,-0.5168,0.0161,-0.4050,0,0,0,0.00000,1
0.3988,4.2113,2.6889,12.7559,2.6955,0.0425,-1.4806,0,1,1,1.30230,1
0.5084,5.4092,2.4720,11.5342,-2.0813,0.0116,-0.5825,0,0,0,0.00000,3
0.4565,5.0050,2.6151,11.3965,1.7885,0.0289,-0.4031,0,0,0,0.00000,1
0.3712,3.9177,2.7419,11.3635,2.0047,0.0251,-0.2788,0,0,0,0.00000,1
0.3443,3.7525,2.8333,11.6079,3.0727,0.0194,-0.4111,0,1,0,0.29257,1
0.4404,4.3084,2.5210,11.5520,-2.7233,0.0506,-0.5429,0,0,0,0.00000,1
0.5239,5.2789,2.3826,11.6740,-1.9428,0.0194,-0.7589,0,0,1,0.45342,3
0.4978,4.5348,2.3356,11.7340,-1.9121,0.0161,-0.7638,0,0,4,0.90416,1
0.4519,4.9675,2.6278,11.9418,-3.1384,0.0898,-0.9676,0,0,1,0.29277,1
0.4580,4.8259,2.5674,11.3421,2.5789,0.0752,-0.4096,0,0,0,0.00000,1
0.5412,5.7147,2.3927,11.3614,-1.2450,0.0538,-0.5020,0,0,0,0.00000,3
0.3575,3.8684,2.7986,13.2088,2.4451,0.0119,-1.6351,0,1,2,2.62558,1
0.3790,4.1031,2.7576,11.8852,2.9157,0.1049,-0.7797,0,1,0,0.71225,3
0.4134,4.2008,2.6156,11.3303,-2.7057,0.0006,-0.2671,0,0,0,0.00000,1
0.4280,4.5912,2.6487,11.5776,-3.0602,0.1034,-0.6107,0,0,0,0.00000,1
0.5317,5.6507,2.4201,11.7825,1.4974,0.0130,-0.8817,0,1,0,0.27385,3
0.5784,5.5706,2.2229,11.4326,-1.2162,0.0254,-0.5934,0,0,0,0.00000,1
0.4584,4.7119,2.5391,13.0160,-1.8602,0.0111,-1.9255,0,1,0,1.82357,1
0.3820,4.1659,2.7605,12.8625,-2.9488,0.0094,-1.4527,0,1,1,1.40376,1
0.3660,3.9773,2.7876,11.4158,-2.3095,0.0798,-0.3734,0,0,0,0.00000,3
0.5653,5.8348,2.3168,11.6613,-0.2190,0.0428,-0.8523,0,0,0,0.00000,1
0.5197,5.3182,2.4073,11.7545,-0.5649,0.0061,-0.8178,0,0,2,0.49802,3
0.5338,4.9127,2.2739,12.5620,-0.5805,0.0356,-1.7768,0,0,1,0.96310,1
0.4331,4.3866,2.5735,11.4051,1.5068,0.0332,-0.3871,0,0,0,0.00000,1
0.3763,4.0939,2.7688,13.1388,2.8876,0.0239,-1.6870,0,1,1,1.98175,1
0.4320,4.4819,2.6025,12.2470,1.2916,0.0068,-1.0845,0,1,0,1.00724,1
0.3426,3.7100,2.8284,13.1373,-2.6248,0.0865,-1.6393,0,1,0,1.82986,1
0.3952,4.0146,2.6502,12.3787,-2.0203,0.0335,-1.1285,0,1,0,1.18997,1
0.4259,4.6917,2.6840,11.9707,-2.3559,0.0127,-0.8344,1,1,0,0.37098,0
0.4632,4.7382,2.5242,11.2326,-1.3302,0.0299,-0.2653,0,0,0,0.00000,1
0.3831,4.1865,2.7607,11.6281,-3.0030,0.0469,-0.5157,0,1,0,0.17508,3
0.4692,4.6822,2.4853,11.4732,-2.3042,0.0542,-0.5175,0,0,0,0.00000,1
0.4407,4.2522,2.5054,11.4467,1.5064,0.0166,-0.4113,0,0,0,0.00000,3
0.4594,4.5634,2.5001,11.5303,2.5054,0.0549,-0.5566,0,0,0,0.00000,1
0.3309,3.6218,2.8643,13.3543,2.6476,0.0681,-1.7240,0,1,1,2.28525,1
0.5626,5.1441,2.2091,11.9212,1.3087,0.0144,-1.0977,0,1,0,0.33339,1
0.4674,4.7571,2.5102,12.4486,-1.6084,0.0405,-1.4340,0,0,1,0.96189,1
0.4983,4.8532,2.4014,11.2927,-0.0826,0.0351,-0.3600,0,0,0,0.00000,1
0.3917,4.2786,2.7430,11.3145,-2.1933,0.0208,-0.2577,0,0,0,0.00000,1
0.5221,5.5415,2.4400,12.3194,-1.6527,0.0249,-1.4532,0,0,1,0.81183,3
0.4184,4.1028,2.5660,11.4200,1.8023,0.0018,-0.3450,0,0,0,0.00000,3
0.4649,5.0392,2.5848,12.7673,2.1755,0.0295,-1.7317,0,1,0,1.35425,1
0.3620,3.8561,2.7705,12.5886,2.9686,0.1284,-1.3350,0,1,0,1.39884,1
0.4160,4.2691,2.6218,12.1174,-2.9422,0.0565,-0.9951,0,1,0,0.44304,1
0.4437,4.2081,2.4812,12.4401,2.6348,0.0028,-1.2882,0,0,1,1.25961,1
0.4816,4.3628,2.3616,11.5255,1.1666,0.0596,-0.5893,0,0,0,0.00000,3
0.5043,5.0603,2.4195,12.8429,2.3260,0.0083,-1.9356,0,0,1,1.45952,1
0.5184,4.7298,2.2966,11.5913,0.1695,0.0275,-0.6715,0,0,0,0.00000,3
0.4613,4.5325,2.4845,11.8123,0.7086,0.0080,-0.7594,0,0,1,0.20063,1
0.3960,4.3579,2.7436,12.1818,-2.5255,0.0171,-0.9449,0,1,0,0.87721,1
0.3821,4.1191,2.7461,11.8884,3.0242,0.1176,-0.8050,0,0,1,0.18213,1
0.4795,4.9648,2.5039,11.5131,2.2395,0.0556,-0.5714,0,0,0,0.00000,3
0.4825,4.7283,2.4397,11.3379,1.3903,0.0090,-0.3552,0,0,0,0.00000,3
0.4193,4.2417,2.5992,11.3526,-0.7602,0.0051,-0.2960,0,0,0,0.00000,1
0.4143,4.4165,2.6693,11.3909,2.3571,0.0470,-0.3702,0,0,0,0.00000,3
0.5194,4.7033,2.2875,11.4915,1.3352,0.0439,-0.5918,0,0,0,0.00000,1
0.4588,4.5539,2.5004,11.5428,-1.4641,0.0469,-0.5574,0,0,0,0.00000,3
0.4086,4.2356,2.6480,11.3756,-2.9622,0.0302,-0.3321,0,0,0,0.00000,3
0.4085,4.0404,2.5944,11.3492,2.4060,0.0604,-0.3456,0,0,0,0.00000,3
0.4451,4.2383,2.4827,11.4752,2.7831,0.0329,-0.4608,0,0,0,0.00000,1
0.4706,5.0941,2.5713,11.4629,2.7513,0.1130,-0.5803,0,0,0,0.00000,1
0.4063,4.1226,2.6278,11.2645,-1.2461,0.0057,-0.2149,0,0,0,0.00000,1
0.4374,4.2443,2.5178,11.4006,1.7285,0.0045,-0.3541,0,0,0,0.00000,3
0.5544,5.1915,2.2481,11.3485,0.4625,0.0131,-0.4538,0,0,0,0.00000,3
0.4258,4.2681,2.5758,11.3204,2.0121,0.0749,-0.3564,0,0,0,0.00000,3
0.4793,4.4887,2.3995,12.1053,0.9767,0.0303,-1.1098,0,0,1,0.60302,1
0.5420,5.6635,2.3803,11.9419,1.9872,0.0003,-1.0593,0,0,1,0.30200,3
0.4045,4.0718,2.6221,11.3483,2.1501,0.0383,-0.3154,0,0,0,0.00000,3
0.5594,5.4386,2.2723,11.4268,-0.0353,0.0183,-0.5517,0,0,0,0.00000,3
0.4514,4.2401,2.4565,11.3341,1.5387,0.0085,-0.3170,0,0,0,0.00000,3
0.4195,4.2465,2.5995,12.0133,1.0867,0.0177,-0.8611,0,1,0,0.42815,1
0.3490,3.7356,2.8013,11.2615,-2.6124,0.0382,-0.2032,0,0,0,0.00000,1
0.5933,5.3713,2.1361,11.4765,-0.6969,0.0694,-0.7183,0,0,0,0.00000,3
0.4468,4.5306,2.5473,12.4278,1.7346,0.0003,-1.2856,1,1,0,1.04471,1
0.3920,4.1081,2.6930,11.3302,2.8889,0.1108,-0.3718,0,0,0,0.00000,1
0.4181,4.2540,2.6079,11.8513,-2.5217,0.0093,-0.7096,0,0,1,0.54828,3
0.4620,4.4635,2.4652,11.9357,0.1478,0.0072,-0.8738,0,0,2,0.82173,1
0.4524,4.9507,2.6215,11.4517,-1.8657,0.0616,-0.4853,0,0,0,0.00000,1
0.3637,3.9025,2.7765,13.2662,-2.8049,0.0059,-1.7009,0,1,2,1.89471,1
0.4669,4.6005,2.4765,11.5599,0.3344,0.0268,-0.5606,0,0,0,0.00000,1
0.5812,5.7549,2.2423,12.0696,-1.7009,0.0291,-1.3424,0,0,1,0.47336,1
0.4079,4.4942,2.7210,12.4481,-2.7571,0.0867,-1.3060,0,1,0,1.12458,2
0.4186,4.3697,2.6362,12.5676,-2.8498,0.0263,-1.3598,0,1,1,0.96125,1
0.4176,4.2298,2.6036,11.7435,2.2202,0.0102,-0.6196,0,1,0,0.34999,3
0.3498,3.8043,2.8197,11.3210,-2.8368,0.0384,-0.2443,0,0,0,0.00000,1
0.3896,4.0118,2.6768,12.0166,2.2520,0.0339,-0.8162,0,1,0,0.73289,3
0.6045,5.8656,2.1722,11.4552,-0.9722,0.0256,-0.6584,0,0,0,0.00000,3
0.5547,5.0392,2.2194,11.7063,-0.2707,0.0600,-0.9008,0,0,0,0.00000,1
0.4255,4.1999,2.5593,11.9113,1.3189,0.0103,-0.7767,0,1,0,0.64424,1
0.4914,4.9693,2.4541,12.4373,0.8347,0.0018,-1.4434,0,1,0,0.28312,1
0.5166,5.3516,2.4267,11.4293,0.8106,0.0236,-0.5033,0,0,0,0.00000,1
0.4380,4.4591,2.5696,12.3470,1.4414,0.0311,-1.2278,0,0,1,1.15721,1
0.4468,4.4915,2.5382,11.3861,-2.9830,0.0631,-0.4215,0,0,0,0.00000,1
0.5284,4.9650,2.3046,12.4214,0.6686,0.0539,-1.6275,0,1,0,1.13089,1
0.4915,5.2964,2.5219,11.5332,2.6798,0.0861,-0.6458,0,0,0,0.00000,1
0.4953,5.1088,2.4671,11.3170,-2.7463,0.0482,-0.3962,0,0,0,0.00000,1
0.4864,5.3525,2.5558,12.2848,2.4091,0.0243,-1.3069,1,2,0,0.61547,3
0.4439,4.4779,2.5475,12.2716,-0.5022,0.0051,-1.1378,0,1,0,0.76788,1
0.4855,5.0424,2.4946,11.4177,-2.6776,0.0731,-0.5100,0,0,0,0.00000,1
0.5383,4.9955,2.2728,11.3702,-0.7375,0.0483,-0.4986,0,0,0,0.00000,3
0.4356,4.6269,2.6220,12.8596,1.7015,0.0129,-1.6760,0,1,0,1.30330,1
0.5180,5.3086,2.4124,11.5160,0.6898,0.0262,-0.5958,0,0,0,0.00000,1
0.4783,5.1648,2.5521,11.5714,-2.9002,0.0598,-0.6305,0,0,0,0.00000,1
0.5370,5.2992,2.3345,12.7271,-2.8348,0.0059,-1.9335,0,0,1,1.31930,1
0.4742,5.0952,2.5555,11.4141,-1.4944,0.0199,-0.4299,0,0,0,0.00000,1
0.5799,5.5382,2.2118,11.4476,1.0354,0.0164,-0.6010,0,0,0,0.00000,3
0.5762,5.9044,2.2854,11.7179,-1.0792,0.0313,-0.9229,0,0,0,0.00000,3
0.3867,3.9419,2.6708,11.6714,-1.9077,0.0505,-0.5586,0,1,0,0.25996,3
0.4031,4.2777,2.6863,12.9396,2.6967,0.0477,-1.6719,0,1,0,1.60851,1
0.3874,4.2215,2.7488,12.1284,-2.0056,0.0394,-0.9086,0,0,1,0.35374,1
0.3659,3.9813,2.7894,11.6975,-2.7435,0.0329,-0.5236,0,1,0,0.27493,1
0.4561,4.3241,2.4569,11.4483,-0.8789,0.0388,-0.4584,0,0,0,0.00000,1
0.5064,5.3484,2.4687,11.9247,-1.6623,0.0293,-0.9961,0,1,0,0.25504,3
0.4326,4.3219,2.5593,12.5815,2.7796,0.0242,-1.4175,0,1,2,1.16727,1
0.5253,5.3384,2.3883,11.3998,0.7507,0.0267,-0.4885,0,0,0,0.00000,1
0.4104,4.3044,2.6581,12.2118,2.6193,0.0249,-1.0186,0,1,0,0.99834,3
0.3632,3.8136,2.7508,12.1394,-2.8226,0.0328,-0.8470,0,1,1,0.68239,3
0.4120,4.2480,2.6349,12.2104,-0.8430,0.0012,-0.9888,1,1,0,0.85969,1
0.4226,4.3009,2.5992,12.4000,-2.3507,0.0811,-1.3027,0,1,0,1.19841,1
0.5446,5.6679,2.3708,11.5643,1.2496,0.0330,-0.6969,0,0,0,0.00000,3
0.4473,4.6920,2.5843,11.3399,-2.4889,0.0211,-0.3337,0,0,0,0.00000,3
0.4150,4.1846,2.6035,11.3371,1.9299,0.0226,-0.2993,0,0,0,0.00000,3
0.4909,5.0999,2.4838,11.3936,2.7476,0.0222,-0.4336,0,0,0,0.00000,3
0.5238,5.4532,2.4163,11.4412,-2.3261,0.0453,-0.5514,0,0,0,0.00000,1
0.4967,5.2185,2.4837,11.4313,2.0912,0.0568,-0.5184,0,0,0,0.00000,3
0.5332,5.3912,2.3666,11.5590,-0.2939,0.0190,-0.6547,0,0,0,0.00000,1
0.6238,6.1294,2.1394,11.4933,-0.0944,0.0032,-0.7069,0,0,0,0.00000,1
0.4689,4.3518,2.4104,11.5851,1.8485,0.0107,-0.5657,0,1,0,0.35461,1
0.4970,4.5727,2.3469,12.4220,-0.4352,0.0383,-1.4986,0,1,1,1.06751,1
0.3867,4.0955,2.7157,11.5002,2.8012,0.0175,-0.3885,0,0,1,0.17198,1
0.4193,4.3547,2.6288,11.9149,-3.0789,0.0783,-0.8557,0,0,1,0.42989,1
0.4874,4.7472,2.4232,11.5780,0.1932,0.0101,-0.5885,0,0,0,0.00000,3
0.3430,3.7380,2.8357,12.8234,3.0848,0.1243,-1.4483,0,1,1,1.19771,1
0.3965,4.2582,2.7130,12.7634,2.9461,0.0941,-1.5609,0,1,1,0.95955,1
0.4149,4.1438,2.5930,12.1259,2.7727,0.0642,-1.0103,0,1,0,0.49251,1
0.3495,3.7259,2.7957,11.7577,3.0543,0.1404,-0.6708,0,1,0,0.49673,1
0.4032,4.2030,2.6650,11.7154,2.4287,0.0580,-0.6307,0,1,0,0.33416,3
0.4408,4.2413,2.5023,11.3048,-1.5518,0.0111,-0.2845,0,0,0,0.00000,3
0.3402,3.7129,2.8429,11.8514,2.7250,0.1208,-0.6968,0,1,0,0.51413,3
0.4978,4.5158,2.3316,11.5391,-0.7243,0.0009,-0.5538,0,0,0,0.00000,1
0.3702,4.0156,2.7772,11.8470,1.9489,0.0713,-0.6901,0,1,0,0.44688,1
0.3812,3.9320,2.6951,11.6838,-2.2574,0.0642,-0.5762,0,1,0,0.34020,3
0.4098,4.4424,2.6976,12.9114,-2.0857,0.0283,-1.6424,0,0,1,1.66497,1
0.4285,4.1691,2.5378,11.2424,-1.7584,0.0014,-0.2108,0,0,0,0.00000,3
0.4659,4.3778,2.4290,11.3563,0.6417,0.0090,-0.3527,0,0,0,0.00000,3
0.4834,4.6777,2.4247,11.4262,-1.9385,0.0194,-0.4504,0,0,0,0.00000,3
0.4004,4.3916,2.7307,12.2432,2.2824,0.0084,-0.9958,0,0,1,0.81723,1
0.4026,4.0355,2.6209,11.3210,-2.6531,0.0390,-0.2931,0,0,0,0.00000,3
0.4232,4.3352,2.6056,11.4135,-2.4261,0.0485,-0.4004,0,0,0,0.00000,3
0.4214,4.3710,2.6232,11.5664,-2.2969,0.0917,-0.5772,0,0,0,0.00000,3
0.4069,4.0887,2.6154,12.8989,-2.5048,0.0091,-1.5849,0,0,2,1.36860,1
0.4970,4.7624,2.3875,11.5437,0.3029,0.0273,-0.5910,0,0,0,0.00000,1
0.4492,4.2428,2.4661,11.3763,-1.9202,0.0584,-0.4097,0,0,0,0.00000,1
0.4446,4.6183,2.5789,12.5080,-1.1050,0.0009,-1.3555,0,1,0,0.44379,1
0.5547,5.5865,2.3161,11.3923,2.0708,0.0047,-0.4929,0,0,0,0.00000,3
0.3705,4.0619,2.7899,12.1010,-3.0866,0.0520,-0.8614,0,1,0,0.65659,3
0.5765,5.8924,2.2823,12.6420,1.6655,0.0099,-1.9970,0,1,0,1.13288,1
0.4964,5.1718,2.4751,12.0608,-1.8782,0.0363,-1.1207,0,0,2,0.72450,3
0.4152,4.5058,2.6885,12.2454,-3.1079,0.0557,-1.1043,0,1,0,0.82949,3
0.4018,4.2075,2.6729,13.0480,-3.0693,0.0246,-1.7252,0,0,2,0.80577,1
0.4791,4.3873,2.3772,11.7607,-2.0344,0.0042,-0.7387,0,1,0,0.50580,1
0.4730,4.9958,2.5390,11.2702,-2.1767,0.0283,-0.3067,0,0,0,0.00000,3
0.4039,4.1855,2.6565,11.3583,2.1759,0.0169,-0.2984,0,0,0,0.00000,1
0.5250,4.7644,2.2782,11.4586,1.1384,0.0354,-0.5559,0,0,0,0.00000,3
0.6367,6.1126,2.0901,11.4140,0.1995,0.0214,-0.6519,0,0,0,0.00000,3
0.4455,4.8240,2.6238,12.8751,1.5007,0.0248,-1.7527,1,1,1,1.16982,1
0.4311,4.5786,2.6311,12.8717,-1.6230,0.0133,-1.6693,0,1,0,1.34673,1
0.4187,4.3451,2.6294,11.7254,-1.7678,0.0104,-0.6071,0,1,0,0.24528,1
0.4583,4.7200,2.5415,12.4779,3.0389,0.0126,-1.3905,0,0,1,0.41092,1
0.3560,3.8137,2.7889,12.0988,-2.1478,0.0258,-0.7899,0,1,0,0.63182,1
0.4631,4.6656,2.5078,11.4502,1.4664,0.0163,-0.4433,0,0,0,0.00000,3
0.3918,4.2069,2.7224,12.0983,2.2297,0.0458,-0.9037,0,1,0,0.51020,3
0.3320,3.6360,2.8629,11.6399,2.2469,0.0656,-0.4695,0,0,1,0.22840,1
0.4357,4.5036,2.5910,11.3483,1.3212,0.0153,-0.3217,0,0,0,0.00000,1
0.4777,4.5552,2.4208,11.8129,1.9614,0.0381,-0.8314,0,0,1,0.36947,1
0.4225,4.2945,2.5981,11.3721,-1.8198,0.0005,-0.3100,0,0,0,0.00000,1
0.4292,4.2124,2.5460,11.3981,-0.2591,0.0038,-0.3419,0,0,0,0.00000,1
0.4573,4.3608,2.4607,11.3065,2.2945,0.0336,-0.3284,0,0,0,0.00000,1
0.4034,4.0234,2.6135,11.4271,2.0592,0.0478,-0.3871,0,0,0,0.00000,3
0.5783,5.4898,2.2098,11.5734,1.2793,0.0232,-0.7487,0,0,0,0.00000,1
0.4962,4.8688,2.4132,11.2703,2.3051,0.0041,-0.3008,0,0,0,0.00000,3
0.4822,4.8260,2.4623,12.5131,2.9480,0.0127,-1.5064,0,1,0,0.72194,1
0.4944,4.7650,2.3987,11.3569,-2.0722,0.0258,-0.4059,0,0,0,0.00000,1
0.3652,3.8264,2.7441,11.3073,-2.7388,0.0057,-0.2115,0,0,0,0.00000,1
0.5135,5.1555,2.4010,11.8138,2.0304,0.0244,-0.8893,0,1,0,0.32024,1
0.4477,4.8077,2.6098,11.9988,1.4572,0.0248,-0.9253,0,1,0,0.40749,1
0.5064,5.0416,2.4073,11.3266,-0.6646,0.0066,-0.3687,0,0,0,0.00000,3
0.5786,5.4271,2.1983,11.4570,0.1268,0.0881,-0.6977,0,0,0,0.00000,1
0.3562,3.8745,2.8075,12.5136,2.7566,0.0210,-1.0957,0,1,1,1.19456,1
0.4518,4.3078,2.4712,11.3422,2.0163,0.0372,-0.3581,0,0,0,0.00000,1
0.4513,4.7599,2.5822,11.4280,-2.1640,0.1007,-0.5083,0,0,0,0.00000,3
0.5343,5.2285,2.3319,11.5147,0.9699,0.0483,-0.6452,0,0,0,0.00000,3
0.3487,3.7931,2.8225,12.7676,-2.8121,0.0453,-1.3014,0,0,1,0.97450,1
0.3994,4.0866,2.6507,11.3516,-2.6963,0.1435,-0.4335,0,0,0,0.00000,1
0.4512,4.5658,2.5365,11.4198,-1.9763,0.0105,-0.3946,0,0,0,0.00000,3
0.5695,5.4803,2.2412,11.5960,-0.1142,0.0204,-0.7558,0,0,0,0.00000,3
0.4575,4.7062,2.5418,12.4802,2.3263,0.0268,-1.4116,1,1,1,0.94277,1
0.4470,4.2376,2.4744,11.4342,-1.7966,0.0035,-0.3927,0,0,0,0.00000,3
0.5302,5.5968,2.4166,11.5757,0.9364,0.0693,-0.7303,0,0,0,0.00000,1
0.3475,3.7327,2.8089,11.7174,2.3217,0.0794,-0.5639,0,1,0,0.33912,3
0.3626,3.8900,2.7781,12.1885,-2.5708,0.0924,-0.9636,0,0,1,0.60443,3
0.5062,5.0681,2.4134,11.5344,-3.0333,0.0135,-0.5801,0,0,0,0.00000,1
0.4620,4.5754,2.4918,11.3633,0.2194,0.0060,-0.3520,0,0,0,0.00000,1
0.4817,5.3158,2.5692,12.8565,-1.7323,0.0139,-1.8690,0,1,1,1.18585,0
0.4762,5.1072,2.5493,12.0953,1.4022,0.0275,-1.0916,0,1,0,0.60698,1
0.5141,5.2768,2.4223,11.5380,-1.3014,0.0693,-0.6647,0,0,0,0.00000,3
0.4879,4.5937,2.3879,11.4081,1.7574,0.0171,-0.4358,0,0,0,0.00000,1
0.4799,4.5157,2.4029,11.3548,0.2129,0.0079,-0.3658,0,0,0,0.00000,3
0.3756,4.0659,2.7637,11.4620,-2.6754,0.1319,-0.4789,0,0,0,0.00000,3
0.5748,5.7561,2.2667,11.4885,0.5976,0.0640,-0.6994,0,0,0,0.00000,1
0.4396,4.5564,2.5862,11.4652,-2.5871,0.1077,-0.5345,0,0,0,0.00000,1
0.4647,4.4606,2.4534,11.3628,0.8112,0.0225,-0.3733,0,0,0,0.00000,1
0.4984,5.3858,2.5100,11.3120,-1.4135,0.0486,-0.3958,0,0,0,0.00000,1
0.4332,4.4638,2.5924,11.3126,-1.7226,0.0313,-0.3076,0,0,0,0.00000,3
0.4346,4.4988,2.5950,11.4773,-2.1408,0.0253,-0.4408,0,1,0,0.17593,3
0.5141,5.3905,2.4444,12.6111,2.2681,0.0206,-1.7407,0,1,0,1.04334,1
0.3559,3.7684,2.7748,12.3219,2.6556,0.0606,-1.0045,0,1,0,1.09219,3
0.3587,3.8916,2.7999,11.8643,-2.1283,0.0387,-0.6399,0,0,1,0.51118,1
0.3501,3.8065,2.8188,12.6237,-2.9637,0.0222,-1.1607,0,1,0,1.23161,1
0.4481,4.3425,2.4955,11.3810,2.0616,0.0002,-0.3447,0,0,0,0.00000,3
0.4472,4.8039,2.6111,11.5164,2.1622,0.0583,-0.5316,0,0,0,0.00000,3
0.5083,5.0730,2.4059,12.7197,-1.8641,0.0002,-1.8022,0,1,0,1.12874,1
0.4328,4.7647,2.6692,11.5123,2.5178,0.0803,-0.5340,0,0,0,0.00000,2
0.5289,5.3010,2.3667,12.6117,-1.0193,0.0397,-1.8262,0,1,0,1.15511,1
0.3802,3.9845,2.7158,11.8974,-3.1133,0.0720,-0.7504,0,1,0,0.62208,3
0.4646,5.0370,2.5856,11.4533,1.2851,0.0015,-0.4318,0,0,0,0.00000,1
0.4896,4.5150,2.3639,11.4285,-1.6962,0.0347,-0.4779,0,0,0,0.00000,1
0.5538,5.4287,2.2923,11.9555,0.2861,0.0274,-1.1367,0,0,1,0.49118,1
0.4930,4.7921,2.4101,11.4627,1.7598,0.0195,-0.4979,0,0,0,0.00000,3
0.5809,5.8304,2.2555,11.3469,2.4084,0.0083,-0.4817,0,0,0,0.00000,1
0.4388,4.3212,2.5313,12.0543,-0.1052,0.0041,-0.9243,0,1,0,0.23848,1
0.4316,4.7144,2.6626,11.9309,-2.6528,0.1340,-0.9688,0,1,0,0.18680,1
0.3813,3.9036,2.6861,12.8920,-2.9125,0.0104,-1.4752,0,1,1,1.70257,1
0.4058,4.1601,2.6404,11.8039,-2.7086,0.1068,-0.7697,0,0,1,0.19765,1
0.5039,4.8963,2.3875,11.4050,0.1981,0.0110,-0.4465,0,0,0,0.00000,3
0.4300,4.4116,2.5938,11.4078,1.4455,0.0055,-0.3535,0,0,0,0.00000,1
0.4134,4.1648,2.6060,12.1568,2.6625,0.0148,-0.9649,0,1,0,0.71578,1
0.3961,4.0267,2.6494,11.4667,-2.7710,0.0971,-0.4675,0,0,0,0.00000,1
0.4184,4.4053,2.6463,11.6114,2.2804,0.0667,-0.5804,0,0,0,0.00000,3
0.4616,4.4754,2.4700,12.3462,0.7783,0.0318,-1.2996,0,1,0,0.66364,1
0.4623,4.7753,2.5364,11.6499,-1.8936,0.0803,-0.7028,0,0,0,0.00000,3
0.4340,4.3628,2.5632,11.3121,2.7906,0.0638,-0.3450,0,0,0,0.00000,1
0.5861,5.9034,2.2470,11.6160,-2.5737,0.0110,-0.7980,0,0,0,0.00000,1
0.5382,5.4498,2.3571,11.3607,1.1878,0.0709,-0.5171,0,0,0,0.00000,3
0.3705,3.9365,2.7512,11.5526,3.1395,0.1699,-0.5859,0,0,0,0.00000,1
0.4002,4.0891,2.6472,11.3846,2.8981,0.0123,-0.3096,0,0,0,0.00000,3
0.4398,4.6676,2.6127,11.8671,-2.9595,0.0388,-0.8063,0,0,1,0.18030,3
0.5045,4.9205,2.3903,11.3785,0.0423,0.0209,-0.4332,0,0,0,0.00000,1
0.4185,4.5654,2.6875,11.9513,-2.7622,0.1555,-0.9857,0,1,0,0.22762,1
0.5397,5.3461,2.3324,11.4546,-1.2705,0.0295,-0.5675,0,0,0,0.00000,3
0.4342,4.6698,2.6392,11.7502,2.5690,0.0374,-0.6904,0,1,0,0.40853,3
0.3693,4.0221,2.7836,11.3940,-2.6533,0.1221,-0.4095,0,0,0,0.00000,3
0.4346,4.1761,2.5126,12.5913,-1.0141,0.0004,-1.3948,0,1,0,1.23106,1
0.5842,5.5549,2.1985,11.4806,1.0361,0.0841,-0.7286,0,0,0,0.00000,3
0.3975,4.0242,2.6417,11.2534,-1.1207,0.0052,-0.1986,0,0,0,0.00000,1
0.4691,4.7156,2.4933,11.3655,1.6388,0.0230,-0.3821,0,0,0,0.00000,3
0.4695,5.0479,2.5662,11.3248,-2.0312,0.0466,-0.3737,0,0,0,0.00000,3
0.4451,4.6330,2.5800,12.6276,2.6542,0.0642,-1.5706,0,1,2,0.92313,1
0.4861,4.7409,2.4276,11.4006,-2.0434,0.0100,-0.4187,0,0,0,0.00000,3
0.4393,4.5456,2.5848,11.3420,1.3242,0.0139,-0.3186,0,0,0,0.00000,1
0.4105,4.2931,2.6543,11.3522,2.9817,0.1295,-0.4295,0,0,0,0.00000,1
0.3566,3.9110,2.8171,13.3726,2.8155,0.0526,-1.8422,0,1,0,0.76638,1
0.5156,5.4141,2.4427,11.3404,2.8021,0.0320,-0.4236,0,0,0,0.00000,1
0.4182,4.2437,2.6045,11.3801,3.0195,0.0752,-0.3981,0,0,0,0.00000,1
0.4799,4.4922,2.3976,12.0246,-2.2330,0.0062,-0.9981,0,0,1,0.54542,1
0.3772,3.9201,2.7118,12.1534,2.8504,0.0244,-0.8819,0,1,0,0.74774,3
0.3453,3.7092,2.8130,12.5580,2.8213,0.1526,-1.2883,0,1,0,1.47546,1
0.5313,5.5667,2.4064,11.4353,0.8591,0.0151,-0.5197,0,0,0,0.00000,1
0.5099,4.7119,2.3260,11.9463,-2.7004,0.0007,-0.9830,0,1,0,0.26701,1
0.3759,4.0542,2.7590,11.4089,3.0161,0.0443,-0.3386,0,0,0,0.00000,3
0.4760,5.1801,2.5658,11.3546,-1.2951,0.0231,-0.3813,0,0,0,0.00000,1
0.5553,5.0348,2.2163,11.6874,-1.1181,0.0626,-0.8843,0,0,0,0.00000,1
0.5177,4.7453,2.3026,11.3975,-1.3237,0.0256,-0.4727,0,0,0,0.00000,1
0.4781,4.9627,2.5094,11.5018,2.0630,0.0362,-0.5354,0,0,0,0.00000,3
0.3825,4.0705,2.7300,12.4356,-2.9470,0.0119,-1.1052,0,0,1,0.99415,1
0.4501,4.8714,2.6140,12.2055,1.4619,0.0562,-1.1669,0,0,2,0.98033,1
0.3766,3.8968,2.7077,11.4336,2.6648,0.0445,-0.3576,0,0,0,0.00000,3
0.5200,5.1854,2.3807,11.9086,0.9980,0.0393,-1.0221,0,1,0,0.42652,3
0.4849,5.1808,2.5268,13.1518,-2.3341,0.0456,-2.2592,0,1,1,2.08721,1
0.4254,4.5509,2.6508,13.0847,2.5674,0.0023,-1.8281,0,1,1,1.63975,1
0.3928,4.0760,2.6797,12.1052,-2.9632,0.0056,-0.8575,0,0,1,0.73664,1
0.4133,4.3193,2.6480,11.3188,1.9404,0.0039,-0.2621,0,0,0,0.00000,1
0.4185,4.3976,2.6439,11.9485,3.0848,0.0748,-0.8786,0,1,0,0.75594,1
0.4014,4.2881,2.6973,11.6360,1.6646,0.0286,-0.5280,0,0,1,0.18250,1
0.5302,5.5821,2.4137,11.5161,1.4216,0.0283,-0.6177,0,0,0,0.00000,3
0.4656,4.4476,2.4464,11.3880,-0.5556,0.0233,-0.3979,0,0,0,0.00000,1
0.4183,4.4371,2.6551,11.7153,-2.1118,0.0270,-0.6190,0,1,0,0.50418,3
0.3728,3.9232,2.7350,12.1928,2.7917,0.0240,-0.9009,0,1,0,0.81624,3
0.3654,3.8836,2.7615,11.8237,2.4613,0.0555,-0.6436,0,0,1,0.45815,3
0.4520,4.4874,2.5140,12.8483,1.9158,0.0321,-1.7641,0,0,1,1.32620,1
0.3761,4.0742,2.7641,13.1081,-1.9391,0.0169,-1.6473,1,1,0,1.71048,1
0.4211,4.1744,2.5727,11.3315,3.1282,0.0368,-0.3169,0,0,0,0.00000,1
0.4530,4.5073,2.5146,11.6816,1.7455,0.0336,-0.6573,0,1,0,0.35962,3
0.4853,4.6435,2.4093,11.9275,0.5431,0.0357,-0.9564,0,1,0,0.36808,1
0.4640,4.4012,2.4422,12.2005,-1.0160,0.0341,-1.1678,0,0,1,0.77052,1
0.4464,4.7025,2.5907,11.3198,2.9628,0.0693,-0.3709,0,0,0,0.00000,1
0.5211,5.1395,2.3672,11.6309,-0.0738,0.0369,-0.7307,0,0,1,0.27657,1
0.4963,4.9191,2.4236,11.6067,3.1056,0.0160,-0.6382,0,0,0,0.00000,1
0.3774,3.8869,2.7004,12.5248,2.5408,0.0031,-1.1473,0,1,0,1.37329,1
0.4355,4.5150,2.5950,13.0549,1.3240,0.0015,-1.8429,0,1,0,1.36102,1
0.4708,4.4722,2.4307,11.3633,-0.7956,0.0152,-0.3719,0,0,0,0.00000,3
0.4929,5.2195,2.4999,12.4535,-2.1478,0.0122,-1.4831,1,1,1,1.18355,1
0.4910,4.6385,2.3851,11.6489,-2.4269,0.0007,-0.6499,0,1,0,0.27285,3
0.4667,4.9630,2.5596,11.3785,-1.4227,0.0070,-0.3732,0,0,0,0.00000,1
0.4427,4.1946,2.4821,11.5521,0.5877,0.0278,-0.5182,0,0,1,0.27406,1
0.5978,6.0361,2.2230,11.6544,-0.6270,0.0379,-0.8990,0,0,0,0.00000,3
0.4018,4.0008,2.6145,11.3679,-2.7261,0.0172,-0.3037,0,0,0,0.00000,2
0.4336,4.1542,2.5112,11.9714,-0.5402,0.0147,-0.8520,1,1,1,0.94456,1
0.5231,4.7539,2.2835,12.3189,0.3642,0.0430,-1.4773,0,0,2,0.75584,1
0.4612,4.8303,2.5540,11.7572,-3.0196,0.0654,-0.7824,0,1,0,0.39941,1
0.4898,5.0190,2.4714,13.0059,0.8364,0.0170,-2.0679,1,2,0,1.86953,1
0.5287,5.0485,2.3197,11.6123,-1.5710,0.0194,-0.7015,0,0,0,0.00000,1
0.5424,5.4749,2.3451,11.4746,2.1228,0.0061,-0.5645,0,0,0,0.00000,3
0.4141,4.2962,2.6378,11.4704,2.8860,0.0094,-0.3902,0,0,0,0.00000,3
0.4760,4.9797,2.5223,11.4981,1.4674,0.0214,-0.5114,0,0,0,0.00000,1
0.4455,4.5775,2.5649,11.6629,2.6768,0.0143,-0.6044,0,1,0,0.25182,3
0.4065,4.4874,2.7260,12.2196,-2.6394,0.0470,-1.0458,0,1,1,0.66063,2
0.4447,4.3053,2.5012,12.0007,-1.7591,0.0180,-0.9086,0,0,1,0.43335,1
0.3904,4.0652,2.6885,11.9925,2.1338,0.0033,-0.7587,0,1,1,0.55919,1
0.4167,4.5835,2.7010,11.4883,-2.1369,0.0297,-0.4325,0,0,0,0.00000,1
0.4476,4.4090,2.5143,11.9832,-1.6739,0.0103,-0.8893,0,1,0,0.51078,3
0.4512,4.2868,2.4685,11.4616,-1.3368,0.0221,-0.4441,0,0,0,0.00000,3
0.4017,4.2699,2.6908,12.6265,-1.8335,0.0101,-1.3273,0,0,1,1.30817,1
0.6573,6.0305,2.0062,11.6028,-0.1585,0.0144,-0.9128,0,0,0,0.00000,1
0.4232,4.3504,2.6097,11.9873,3.0940,0.0778,-0.9271,0,1,0,0.66332,1
0.6687,6.3163,2.0023,12.0255,-0.3029,0.0225,-1.5122,0,1,0,0.37049,1
0.4152,4.4133,2.6639,13.1239,3.0217,0.0281,-1.8637,1,1,0,2.08273,1
0.5433,5.0993,2.2731,11.4532,-1.4669,0.0201,-0.5582,0,0,0,0.00000,1
0.4212,4.3641,2.6225,12.7912,1.8384,0.0101,-1.5477,1,2,0,1.41991,1
0.3971,4.0273,2.6450,11.9505,-2.5070,0.0567,-0.8090,0,0,1,0.47224,3
0.4731,5.1800,2.5788,12.4694,-2.9279,0.0358,-1.4686,0,1,0,1.25632,3
0.5422,5.5965,2.3676,12.4762,2.6777,0.0029,-1.6617,0,0,1,1.05174,1
0.4115,4.2841,2.6473,11.7735,2.6941,0.0098,-0.6332,0,1,0,0.39357,3
0.4630,4.6337,2.5011,11.9608,-0.5369,0.0061,-0.8992,0,1,0,0.54590,1
0.4255,4.2709,2.5781,12.5114,-1.2047,0.0248,-1.3294,0,1,1,1.11524,1
0.4230,4.4053,2.6246,11.8308,1.8006,0.0368,-0.7375,0,0,1,0.41244,3
0.4435,4.2364,2.4893,11.4850,-1.9012,0.0310,-0.4650,0,0,0,0.00000,3
0.5755,5.4229,2.2093,11.4950,-1.2965,0.0408,-0.6773,0,0,0,0.00000,1
0.3886,4.1374,2.7186,11.3674,-2.3592,0.0416,-0.3181,0,0,0,0.00000,3
0.4379,4.2051,2.5058,11.3715,-0.9580,0.0036,-0.3290,0,0,0,0.00000,3
0.4947,4.7359,2.3912,11.3665,-0.3874,0.0377,-0.4294,0,0,0,0.00000,1
0.3992,4.0688,2.6465,12.0374,-2.2659,0.0272,-0.8465,0,1,0,0.30493,3
0.4623,5.0235,2.5928,11.5363,-1.4698,0.0511,-0.5629,0,0,0,0.00000,1
0.4567,4.6240,2.5261,11.3404,-1.4385,0.0181,-0.3403,0,0,0,0.00000,3
0.4080,4.3999,2.6954,11.6880,2.9412,0.1454,-0.7235,0,0,0,0.00000,1
0.4480,4.9234,2.6356,13.2469,-3.0351,0.0090,-2.1099,1,1,2,1.70781,1
0.6082,5.6227,2.1219,11.6479,0.1907,0.1168,-1.0108,0,0,0,0.00000,1
0.4587,4.4713,2.4813,11.3810,0.6693,0.0041,-0.3613,0,0,0,0.00000,3
0.3639,3.8376,2.7546,13.0442,2.6218,0.0690,-1.6299,0,1,1,1.75248,1
0.4014,4.1619,2.6623,12.9668,1.8069,0.0010,-1.6089,0,1,1,1.68426,1
0.4741,4.5814,2.4416,11.4167,-0.4250,0.0136,-0.4231,0,0,0,0.00000,1
0.5204,4.9467,2.3324,11.4389,2.3008,0.0007,-0.4885,0,0,0,0.00000,1
0.5011,5.1816,2.4576,12.1298,-2.7743,0.0395,-1.2085,0,0,1,0.65792,1
0.5067,5.1995,2.4376,11.2514,2.3900,0.0028,-0.2924,0,0,0,0.00000,3
0.4527,4.5550,2.5274,12.3116,2.0152,0.0319,-1.2400,0,1,0,1.16454,1
0.4810,4.9396,2.4922,11.8577,3.0416,0.0095,-0.8459,0,0,1,0.26279,3
0.4584,4.6826,2.5323,11.9659,-2.8173,0.0040,-0.8913,0,1,0,0.54126,3
0.4142,4.5402,2.7023,12.8414,-2.3628,0.0226,-1.5870,0,0,0,0.00000,1
0.5844,5.3129,2.1585,11.5806,0.0571,0.0732,-0.8297,0,0,0,0.00000,3
0.4329,4.2360,2.5357,11.9687,1.6231,0.0141,-0.8478,0,0,1,0.40594,3
0.4577,4.4100,2.4708,11.8763,-0.2183,0.0143,-0.8187,0,0,1,0.58763,1
0.4495,4.9407,2.6325,13.2499,2.7797,0.0348,-2.1687,0,1,1,2.00330,1
0.4703,4.4263,2.4219,12.5028,2.1530,0.0011,-1.4340,0,0,1,1.19552,1
0.3919,4.0488,2.6766,12.0935,-2.3570,0.0369,-0.8877,0,0,2,0.83767,3
0.3630,3.9201,2.7855,11.5614,-2.9010,0.1197,-0.5226,0,0,0,0.00000,3
0.5306,5.2055,2.3423,11.5221,0.7697,0.0047,-0.5936,0,0,0,0.00000,3
0.3907,3.9676,2.6588,12.9739,-2.5057,0.0396,-1.6359,0,0,1,1.60713,1
0.4448,4.4900,2.5463,11.4121,3.0584,0.0075,-0.3767,0,0,0,0.00000,3
0.4763,5.1789,2.5641,11.2999,2.2662,0.0065,-0.3125,0,0,0,0.00000,1
0.5192,5.1052,2.3681,11.4853,-2.1793,0.0334,-0.5741,0,0,0,0.00000,1
0.4937,5.0038,2.4519,12.4520,0.8181,0.0169,-1.4894,0,0,3,0.88287,1
0.3868,4.0535,2.7029,11.3586,2.8335,0.0472,-0.3159,0,0,0,0.00000,3
0.4703,4.9758,2.5464,11.9752,-2.9179,0.0559,-0.9975,0,1,0,0.65422,1
0.4849,4.6724,2.4172,11.5436,0.1366,0.0359,-0.5833,0,0,1,0.25015,1
0.4032,4.0515,2.6225,12.1321,-1.2874,0.0170,-0.9206,0,0,1,0.69820,1
0.5704,5.2997,2.2071,11.8228,0.0630,0.0437,-1.0440,0,0,1,0.30150,1
0.5226,5.0476,2.3436,11.7978,0.5684,0.0503,-0.9244,0,0,1,0.42057,1
0.4892,5.1870,2.5093,11.7078,-2.2167,0.0178,-0.7284,0,1,0,0.26238,3
0.4309,4.1520,2.5229,11.2148,1.1304,0.0118,-0.2019,0,0,0,0.00000,3
0.3759,3.9394,2.7239,12.2015,-2.6025,0.0609,-0.9666,0,0,1,0.67634,3
0.4810,5.2942,2.5677,12.8424,-1.5602,0.0379,-1.8906,0,1,0,1.55223,1
0.3670,4.0476,2.8037,12.2588,2.7968,0.1305,-1.0827,0,1,0,1.01588,2
0.4898,5.2774,2.5254,12.6097,-2.1430,0.0061,-1.6273,1,1,0,1.16012,1
0.4865,5.3698,2.5587,11.3359,2.1585,0.0690,-0.4292,0,0,0,0.00000,2
0.5750,5.5923,2.2391,11.3494,0.8038,0.0842,-0.5670,0,0,0,0.00000,3
0.3780,4.0270,2.7399,11.4375,-1.9765,0.0489,-0.3674,0,0,0,0.00000,1
0.4250,4.6470,2.6770,12.5259,-2.1622,0.0580,-1.3921,0,1,0,1.21659,1
0.4735,5.0486,2.5485,11.2617,-1.8024,0.0428,-0.3161,0,0,0,0.00000,3
0.4685,4.5838,2.4659,11.2568,2.6624,0.0079,-0.2660,0,0,0,0.00000,3
0.5880,5.9727,2.2505,11.3235,2.6585,0.0035,-0.4591,0,0,0,0.00000,1
0.4772,5.0841,2.5396,11.5923,1.6720,0.0074,-0.5846,0,1,0,0.20404,1
0.4957,5.0611,2.4553,11.5989,1.4957,0.0011,-0.6121,0,0,0,0.00000,3
0.4968,5.1058,2.4601,12.6160,2.9919,0.0028,-1.6521,0,1,1,1.08477,1
0.4051,4.3635,2.6996,11.3411,-2.4696,0.0132,-0.2823,0,0,0,0.00000,1
0.4130,4.3516,2.6581,12.5072,-2.8085,0.0386,-1.3050,0,1,0,1.09803,1
0.4481,4.7071,2.5841,12.5732,2.2410,0.0378,-1.4870,0,1,0,1.21362,1
0.5250,4.9125,2.3078,11.7679,-1.5120,0.0032,-0.8350,0,0,1,0.21033,1
0.5617,5.6524,2.3002,11.5112,-1.3394,0.0585,-0.6975,0,0,0,0.00000,3
0.5041,4.7169,2.3497,11.4794,-0.1747,0.0348,-0.5472,0,0,0,0.00000,1
0.5104,5.1012,2.4028,11.5294,-0.6617,0.0240,-0.5944,0,0,0,0.00000,1
0.5620,5.7070,2.3084,11.6872,-0.7360,0.0051,-0.8264,0,0,0,0.00000,3
0.4858,4.7422,2.4291,11.4204,1.3509,0.0290,-0.4595,0,0,0,0.00000,3
0.3777,4.1380,2.7744,12.5696,2.6774,0.0301,-1.2259,0,1,0,1.11179,1
0.3849,4.0676,2.7168,11.7293,-2.1557,0.0981,-0.6593,0,0,1,0.31881,3
0.4336,4.5028,2.6007,13.0797,-2.7638,0.0392,-1.9268,0,1,0,1.76710,1
0.5218,4.9252,2.3224,11.5026,0.6191,0.0804,-0.6526,0,0,0,0.00000,1
0.4171,4.4847,2.6734,11.4861,2.8455,0.1431,-0.5643,0,0,0,0.00000,1
0.4749,4.6798,2.4608,11.3636,-1.3645,0.0692,-0.4408,0,0,0,0.00000,3
0.4803,4.4332,2.3829,11.2760,0.2645,0.0185,-0.3060,0,0,0,0.00000,3
0.4563,4.5169,2.5023,12.5431,-2.4704,0.0049,-1.4339,1,2,1,1.38351,1
0.4090,4.2801,2.6578,11.8084,2.7351,0.0173,-0.6668,0,1,0,0.43561,3
0.3733,4.0275,2.7645,12.7193,-2.8278,0.0057,-1.2945,0,1,1,1.11387,1
0.4666,4.6570,2.4906,11.8670,-1.6265,0.0043,-0.8168,0,0,2,0.51763,3
0.4403,4.6130,2.5971,12.9282,3.1295,0.0156,-1.7662,1,1,0,1.46359,1
0.5113,4.7455,2.3274,11.2809,1.0359,0.0212,-0.3452,0,0,0,0.00000,3
0.4808,4.6530,2.4302,11.9795,-0.4716,0.0114,-0.9645,0,0,1,0.20206,1
0.4862,4.6294,2.4025,11.7533,-0.3237,0.0143,-0.7596,0,0,1,0.20287,3
0.4528,4.9316,2.6155,11.4268,-1.6687,0.0339,-0.4312,0,0,0,0.00000,1
0.4517,4.6495,2.5542,11.7451,1.5346,0.0437,-0.7257,0,0,1,0.32553,3
0.4206,4.1797,2.5767,11.8999,2.1339,0.0609,-0.8225,0,1,0,0.56920,3
0.4842,4.6703,2.4200,11.6478,0.2251,0.0149,-0.6555,0,1,0,0.41825,1
0.3843,4.2355,2.7689,11.9293,-2.8080,0.1488,-0.8820,0,1,0,0.64863,0
0.5532,5.6937,2.3406,11.8304,2.2523,0.0077,-0.9712,0,0,1,0.43184,3
0.5370,5.2310,2.3217,11.3047,0.2380,0.0628,-0.4470,0,0,0,0.00000,1
0.4141,4.3440,2.6508,11.3042,-1.7114,0.0410,-0.2933,0,0,0,0.00000,1
0.3792,4.0259,2.7336,13.0631,-2.5439,0.0275,-1.6416,0,0,3,1.83063,1
0.3831,3.9430,2.6890,11.2848,2.6896,0.0465,-0.2564,0,0,0,0.00000,3
0.5922,5.4673,2.1552,11.5498,0.2748,0.0100,-0.7274,0,0,0,0.00000,1
0.4938,5.1814,2.4883,11.4190,0.3669,0.0074,-0.4444,0,0,0,0.00000,1
0.4082,4.0730,2.6050,11.2529,2.5704,0.0649,-0.2740,0,0,0,0.00000,1
0.5110,5.0524,2.3907,12.0420,0.4814,0.0155,-1.1080,0,0,2,0.59808,1
0.3905,4.0598,2.6866,11.4336,2.5486,0.1452,-0.4904,0,0,0,0.00000,1
0.4627,4.3699,2.4404,11.3121,-1.5705,0.0126,-0.3143,0,0,0,0.00000,3
0.4389,4.6977,2.6242,11.3062,2.7293,0.0477,-0.3268,0,0,0,0.00000,3
0.3647,3.9857,2.7969,11.4376,-1.9921,0.0645,-0.3703,0,0,0,0.00000,1
0.5252,4.9122,2.3070,11.6733,0.5157,0.0872,-0.8452,0,0,0,0.00000,1
0.5839,5.4067,2.1755,11.2702,-0.8304,0.0506,-0.4479,0,0,0,0.00000,3
0.3840,4.0957,2.7298,11.3776,-2.6211,0.0273,-0.3046,0,0,0,0.00000,1
0.4596,4.8461,2.5647,12.6426,-1.7098,0.0122,-1.5574,1,1,0,1.23745,1
0.5036,4.9025,2.3902,12.6573,-1.3194,0.0196,-1.7468,1,1,0,1.31204,1
0.5324,5.1718,2.3286,11.5972,1.5847,0.0022,-0.6711,0,0,1,0.22043,3
0.4974,5.0372,2.4434,11.3001,1.8925,0.0052,-0.3322,0,0,0,0.00000,3
0.4112,4.2835,2.6484,11.5076,-2.5982,0.1141,-0.5402,0,0,0,0.00000,1
0.4067,4.2224,2.6532,11.3109,1.5112,0.0340,-0.2837,0,0,0,0.00000,1
0.3625,3.8163,2.7552,12.4757,2.3800,0.0834,-1.1782,0,1,1,1.24130,1
0.4092,4.3427,2.6740,11.7361,-2.9583,0.1362,-0.7552,0,0,0,0.00000,1
0.4166,4.0793,2.5678,12.0535,-1.2047,0.0198,-0.8908,0,0,1,0.44525,1
0.3919,4.2029,2.7206,11.4963,-2.3616,0.0299,-0.4068,0,0,0,0.00000,1
0.4502,4.3052,2.4773,12.1367,-1.6427,0.0236,-1.0549,0,1,0,0.74325,1
0.5363,5.1921,2.3171,11.4002,0.4400,0.0379,-0.5157,0,0,0,0.00000,1
0.4630,4.7616,2.5303,12.9737,1.4710,0.0110,-1.9026,0,0,1,1.74753,1
0.4164,4.2005,2.6014,12.1959,2.0662,0.0442,-1.0478,0,1,1,0.91722,1
0.6153,5.5994,2.0932,11.5802,-0.2593,0.1109,-0.9327,0,0,0,0.00000,1
0.4090,4.1378,2.6191,12.1199,1.1130,0.0008,-0.9032,0,1,0,0.73419,1
0.3868,4.0589,2.7045,11.3641,-2.9296,0.0466,-0.3194,0,0,0,0.00000,3
0.3564,3.8149,2.7876,12.5874,3.0627,0.0144,-1.1429,0,1,0,0.96408,1
0.4434,4.3356,2.5146,11.4327,-0.1904,0.0114,-0.3967,0,0,0,0.00000,1
0.3565,3.7931,2.7801,13.2002,-2.4630,0.0227,-1.6426,0,1,1,1.88343,1
0.4267,4.1376,2.5377,11.2949,-2.6594,0.0168,-0.2695,0,0,0,0.00000,3
0.4886,5.1458,2.5032,11.5637,-2.5465,0.0071,-0.5749,0,0,0,0.00000,3
0.3739,4.0118,2.7566,11.4238,2.8333,0.2291,-0.5601,0,0,0,0.00000,1
0.3950,4.1480,2.6896,11.4125,1.9248,0.0045,-0.3165,0,0,0,0.00000,1
0.4874,4.6725,2.4072,11.6015,-1.4239,0.0262,-0.6305,0,0,0,0.00000,3
0.5651,5.4837,2.2583,12.0235,-1.2822,0.0327,-1.2498,0,1,0,0.61332,1
0.3767,4.0923,2.7660,11.4406,2.4771,0.0574,-0.3781,0,0,0,0.00000,3
0.3743,4.0114,2.7544,12.7145,2.7574,0.0323,-1.3357,0,1,0,1.38997,1
0.4800,4.4945,2.3978,11.5032,-0.7301,0.0487,-0.5530,0,0,0,0.00000,1
0.5312,5.1216,2.3241,11.7158,0.7035,0.0765,-0.8885,0,1,0,0.23101,1
0.5716,5.6296,2.2583,11.2825,-1.4120,0.0328,-0.4277,0,0,0,0.00000,3
0.5023,5.0395,2.4234,11.6616,1.2241,0.0049,-0.6890,0,1,0,0.19708,3
0.4070,4.1967,2.6448,11.8373,-2.9937,0.0562,-0.7358,0,1,0,0.50773,1
0.4141,4.1701,2.6039,12.5845,1.2630,0.0153,-1.3414,1,0,1,0.41290,1
0.5153,5.0287,2.3687,11.3202,-0.3898,0.0471,-0.4195,0,0,0,0.00000,1
0.3708,3.9516,2.7542,13.1579,2.3760,0.0341,-1.6960,0,1,1,1.77339,1
0.5056,4.8533,2.3720,11.5067,-0.6675,0.0239,-0.5636,0,0,0,0.00000,3
0.4997,4.8258,2.3902,11.7457,0.8785,0.0065,-0.7683,0,0,2,0.45194,3
0.4398,4.4158,2.5505,11.4102,-1.5121,0.0200,-0.3836,0,0,0,0.00000,3
0.5123,4.7831,2.3309,11.3661,-0.2963,0.0282,-0.4384,0,0,0,0.00000,3
0.5069,4.8303,2.3622,11.7798,-2.7348,0.0042,-0.8131,0,0,0,0.00000,1
0.5228,5.2628,2.3840,11.5747,2.2110,0.0319,-0.6698,0,0,0,0.00000,1
0.4123,4.4596,2.6903,11.6772,-2.9700,0.1568,-0.7356,0,0,0,0.00000,1
0.4340,4.6419,2.6335,11.3395,2.6118,0.0527,-0.3557,0,0,0,0.00000,3
0.3755,3.9681,2.7347,11.4509,-1.8886,0.0392,-0.3632,0,0,0,0.00000,1
0.4536,4.7975,2.5808,12.8909,1.8870,0.0107,-1.7781,0,0,2,1.36108,1
0.3393,3.7040,2.8447,13.2158,-2.7474,0.0180,-1.5645,1,1,0,1.87868,1
0.5506,5.6012,2.3352,11.9541,0.0415,0.0156,-1.1127,0,0,1,0.62010,1
0.4040,4.1025,2.6332,11.4512,-2.1270,0.0637,-0.4256,0,0,0,0.00000,3
0.3979,4.0234,2.6396,11.3312,-1.9122,0.0361,-0.2932,0,0,0,0.00000,3
0.4729,4.6419,2.4605,11.6581,-0.3740,0.0260,-0.6603,0,0,1,0.14222,1
0.3774,4.1166,2.7699,11.2758,2.7310,0.0369,-0.2344,0,0,0,0.00000,1
0.4024,4.2806,2.6904,12.9585,3.0900,0.0196,-1.6382,0,1,1,1.56997,1
0.3981,4.2096,2.6914,11.3785,-2.4561,0.1199,-0.4264,0,0,0,0.00000,3
0.4462,4.7858,2.6116,13.1320,-2.9917,0.0008,-1.9689,1,1,1,0.62479,1
0.4596,4.4537,2.4733,11.3971,0.3616,0.0116,-0.3855,0,0,0,0.00000,1
0.4772,4.5471,2.4213,12.1948,2.1189,0.0234,-1.1834,0,1,1,0.81211,1
0.4008,4.2966,2.7025,11.4888,-2.1072,0.0437,-0.4284,0,0,0,0.00000,1
0.4432,4.2756,2.5003,11.3262,2.8407,0.0029,-0.2957,0,0,0,0.00000,3
0.4310,4.4898,2.6090,11.4123,1.4789,0.0350,-0.3930,0,0,0,0.00000,1
0.4998,4.8446,2.3934,11.3724,-2.6267,0.0082,-0.4065,0,0,0,0.00000,1
0.4482,4.2537,2.4731,12.0497,-2.2872,0.0043,-0.9422,0,0,1,0.60543,1
0.4488,4.6180,2.5597,11.3510,-1.2951,0.0074,-0.3289,0,0,0,0.00000,1
0.4933,5.2422,2.5029,11.6516,2.2654,0.0454,-0.7151,0,0,0,0.00000,3
0.4097,4.4110,2.6901,11.4820,-3.0245,0.0591,-0.4525,0,0,0,0.00000,3
0.3832,4.0545,2.7215,11.6595,-2.4238,0.0824,-0.5826,0,0,1,0.23307,3
0.3644,3.8076,2.7426,12.1069,3.0374,0.0274,-0.8182,0,1,1,0.67439,3
0.4977,4.7561,2.3832,12.0569,-0.4441,0.0388,-1.1212,0,0,1,0.51923,1
0.4146,4.1917,2.6077,11.2767,-2.4997,0.0454,-0.2765,0,0,0,0.00000,3
0.4545,4.5455,2.5171,11.5396,1.3188,0.0004,-0.4921,0,0,0,0.00000,3
0.4476,4.2496,2.4749,12.0585,-1.7344,0.0247,-0.9770,0,1,0,0.43954,1
0.5193,4.8595,2.3193,11.5496,-1.3184,0.0433,-0.6508,0,0,0,0.00000,3
0.4146,4.5422,2.7008,11.7985,-2.1332,0.0368,-0.6942,0,1,0,0.52997,1
0.4283,4.3068,2.5745,11.3052,-2.3903,0.0616,-0.3311,0,0,0,0.00000,3
0.3600,3.8147,2.7680,13.1754,2.8120,0.0433,-1.6766,0,2,2,1.50654,1
0.3896,3.9798,2.6673,12.6104,2.7132,0.0373,-1.3121,0,0,1,1.42612,1
0.4199,4.4242,2.6443,12.2258,-3.0639,0.0141,-1.0424,0,0,1,0.67518,3
0.5398,5.2885,2.3215,11.4259,0.9953,0.0267,-0.5338,0,0,0,0.00000,3
0.5190,4.6985,2.2880,11.5545,1.1114,0.0047,-0.6062,0,0,0,0.00000,1
0.4142,4.3666,2.6564,11.9314,2.4044,0.0828,-0.8646,0,1,0,0.58537,3
0.6053,5.6070,2.1300,11.3445,-0.1675,0.0664,-0.5782,0,0,0,0.00000,3
0.4246,4.4754,2.6353,11.3890,-2.0647,0.0019,-0.3281,0,0,0,0.00000,1
0.4351,4.4387,2.5774,12.0066,2.2636,0.0020,-0.8711,0,0,1,0.27076,3
0.4636,4.3774,2.4382,11.6394,1.4105,0.0523,-0.6594,0,1,0,0.17249,3
0.4392,4.4226,2.5550,11.8999,-2.6113,0.0501,-0.8485,0,1,0,0.54800,1
0.3605,3.8484,2.7760,11.7596,2.6533,0.0581,-0.5905,0,1,0,0.37409,3
0.5149,5.3138,2.4263,11.6077,3.1366,0.0071,-0.6604,0,0,0,0.00000,3
0.4523,4.7559,2.5767,11.3949,-2.4136,0.0267,-0.3937,0,0,0,0.00000,3
0.3820,4.0910,2.7385,13.1163,-2.7460,0.0782,-1.7908,0,1,1,1.84075,1
0.4647,4.8167,2.5353,11.2770,1.4794,0.0180,-0.2928,0,0,0,0.00000,1
0.4779,5.0842,2.5365,11.5708,2.5705,0.0499,-0.6171,0,0,0,0.00000,3
0.3855,4.0523,2.7093,11.3391,2.7845,0.0066,-0.2539,0,0,0,0.00000,1
0.4678,4.7109,2.4980,11.4324,-1.2514,0.0041,-0.4187,0,0,0,0.00000,3
0.4008,4.0383,2.6301,11.4514,1.9273,0.0244,-0.3760,0,0,0,0.00000,3
0.3844,4.1069,2.7307,12.3007,-2.2426,0.0277,-1.0241,0,1,0,0.69033,1
0.6173,6.0092,2.1463,11.9792,0.0690,0.0075,-1.2957,0,0,0,0.00000,1
0.4440,4.2944,2.5016,11.5201,-0.9835,0.0622,-0.5340,0,0,0,0.00000,1
0.4765,5.1676,2.5608,11.9876,-2.6399,0.0126,-0.9675,0,0,1,0.37985,3
0.3684,3.8283,2.7284,11.3289,2.5048,0.1147,-0.3525,0,0,0,0.00000,2
0.4999,4.5855,2.3384,11.4874,-0.4121,0.0306,-0.5436,0,0,0,0.00000,3
0.4554,4.6279,2.5329,12.8943,0.3560,0.0001,-1.7691,1,1,0,1.27425,1
0.4465,4.4434,2.5278,12.8547,3.0342,0.0163,-1.7200,0,1,1,0.86036,1
0.4484,4.9213,2.6333,13.0944,2.0626,0.0037,-1.9481,0,1,2,1.91445,1
0.3419,3.7095,2.8319,13.2184,-2.7949,0.0197,-1.5821,0,1,0,2.19007,1
0.4426,4.8875,2.6526,11.3837,-1.8655,0.0272,-0.3738,0,0,0,0.00000,0
0.4539,4.9518,2.6150,11.3075,2.2473,0.0042,-0.2936,0,0,0,0.00000,1
0.4537,4.5928,2.5320,11.2802,-0.7345,0.0250,-0.2925,0,0,0,0.00000,1
0.5269,5.2200,2.3594,11.7631,-1.0586,0.0225,-0.8612,0,1,0,0.32031,3
0.4589,4.7042,2.5354,12.3412,3.0359,0.0129,-1.2601,0,0,2,0.63041,1
0.5226,5.1640,2.3660,11.6523,-1.1061,0.0131,-0.7254,0,1,0,0.22816,3
0.4559,4.3775,2.4707,11.2716,-1.0821,0.0181,-0.2787,0,0,0,0.00000,3
0.3511,3.7566,2.7970,12.7033,2.6379,0.0722,-1.3025,0,1,0,0.21452,1
0.4534,4.6004,2.5352,11.4902,-3.0878,0.0005,-0.4473,0,0,0,0.00000,3
0.4240,4.4807,2.6397,12.8795,2.5328,0.0437,-1.6978,0,0,2,1.38907,1
0.4186,4.1770,2.5848,12.7664,1.4264,0.0068,-1.5082,0,0,1,1.52103,1
0.4930,4.8800,2.4289,12.8379,1.8079,0.0269,-1.9145,0,1,3,1.38549,1
0.4407,4.2695,2.5098,12.2148,-2.9712,0.0298,-1.1105,0,0,2,0.57511,1
0.3287,3.6112,2.8733,11.8551,3.0546,0.1222,-0.6790,0,0,1,0.30586,3
0.4883,4.9652,2.4666,11.5184,1.4298,0.0142,-0.5390,0,0,0,0.00000,3
0.3760,4.0401,2.7540,13.0184,2.7371,0.0515,-1.6304,0,1,0,1.78841,1
0.4818,4.9153,2.4834,12.3182,-1.8134,0.0012,-1.2906,0,0,1,0.91028,1
0.4147,4.4811,2.6840,13.0988,-2.6796,0.0352,-1.8503,1,1,1,1.48598,1
0.5064,5.2881,2.4568,12.8736,1.0781,0.0114,-1.9860,0,1,2,1.58679,1
0.4577,4.8078,2.5644,12.3444,1.3721,0.0039,-1.2475,1,1,0,0.57104,1
0.3930,3.9747,2.6495,11.9873,1.2646,0.0102,-0.7688,0,1,0,0.61770,1
0.4174,4.3466,2.6357,11.7729,-3.1273,0.0320,-0.6716,0,1,0,0.30789,3
0.3621,3.9194,2.7902,12.7596,-2.3873,0.0860,-1.4107,0,1,0,1.65641,1
0.5085,4.8716,2.3642,11.6156,1.5017,0.0235,-0.6758,0,1,0,0.21002,3
0.4090,4.2976,2.6625,12.0503,-2.0245,0.0378,-0.8952,0,0,1,0.52534,3
0.4860,4.8864,2.4593,11.8180,-1.8003,0.0168,-0.8268,0,1,0,0.38386,3
0.4794,5.2893,2.5738,11.5096,2.5772,0.0132,-0.5182,0,0,0,0.00000,2
0.4662,4.9302,2.5545,11.3920,-2.4901,0.0101,-0.3883,0,0,0,0.00000,3
0.4462,4.5159,2.5468,12.2274,0.6946,0.0009,-1.0975,1,1,1,0.91439,1
0.5161,5.5754,2.4715,11.8587,-0.2047,0.0009,-0.9133,0,0,1,0.21220,1
0.4785,4.3979,2.3821,12.1660,-1.2161,0.0001,-1.1234,0,0,1,0.23558,1
0.4745,4.6412,2.4536,11.5040,1.4874,0.0143,-0.5048,0,0,0,0.00000,3
0.5526,5.2803,2.2704,11.5715,0.3288,0.0747,-0.7682,0,0,0,0.00000,1
0.5335,5.6677,2.4159,11.5981,1.2368,0.0700,-0.7607,0,0,0,0.00000,1
0.3588,3.8537,2.7868,12.6513,2.4558,0.0946,-1.3234,0,1,1,1.52415,1
0.4609,4.7702,2.5415,11.7830,2.0656,0.0302,-0.7611,0,1,0,0.31946,3
0.3881,4.1216,2.7164,12.8637,-2.5364,0.0507,-1.5461,0,1,0,1.48186,1
0.4268,4.6066,2.6586,11.5344,2.5437,0.1087,-0.5780,0,0,0,0.00000,3
0.6202,5.7864,2.1035,11.3317,1.0402,0.0656,-0.5820,0,0,0,0.00000,1
0.3708,3.8520,2.7231,12.1787,-2.1547,0.0250,-0.8861,0,1,0,0.68624,1
0.4000,4.3185,2.7127,12.1897,-2.9114,0.0822,-1.0505,0,0,1,0.67863,3
0.4860,4.4792,2.3703,11.6603,-0.5670,0.0027,-0.6538,0,0,1,0.16853,3
0.4874,4.5898,2.3891,11.9187,1.7730,0.0316,-0.9465,0,0,1,0.56810,1
0.4875,5.1199,2.5028,11.5078,-1.2066,0.0744,-0.6007,0,0,0,0.00000,1
0.4572,4.3599,2.4609,11.4497,2.3029,0.0004,-0.4154,0,0,0,0.00000,3
0.3762,3.9724,2.7328,12.5767,2.5502,0.0520,-1.2592,0,1,0,1.41855,1
0.4065,4.1042,2.6217,11.9036,1.7788,0.0408,-0.7699,0,1,0,0.41173,3
0.5566,5.0820,2.2200,11.3116,-0.2462,0.0262,-0.4322,0,0,0,0.00000,3
0.3397,3.7252,2.8498,12.6551,-2.3949,0.0636,-1.2098,0,1,1,1.48725,1
0.3675,4.0063,2.7883,12.3585,2.6613,0.1828,-1.2394,0,1,0,0.22428,1
0.3791,3.8903,2.6932,11.2833,1.8731,0.0192,-0.2212,0,0,0,0.00000,1
0.5008,4.7985,2.3797,11.4010,1.2463,0.0438,-0.4774,0,0,0,0.00000,3
0.4309,4.4352,2.5956,11.7174,2.7819,0.0236,-0.6382,0,0,1,0.26655,3
0.5429,5.5693,2.3601,11.5348,-0.3888,0.0245,-0.6519,0,0,0,0.00000,1
0.4216,4.2993,2.6037,11.3372,1.5714,0.0612,-0.3504,0,0,0,0.00000,1
0.3708,3.9475,2.7531,11.7431,-3.0549,0.0231,-0.5534,0,1,0,0.21747,1
0.3589,3.8601,2.7886,12.4657,-3.1317,0.0692,-1.1373,0,0,1,0.61327,1
0.6221,5.8941,2.1121,11.4727,-0.4796,0.1078,-0.8087,0,0,0,0.00000,1
0.5347,5.6418,2.4063,12.9116,0.8630,0.0089,-2.1492,0,0,1,1.83060,1
0.4319,4.2831,2.5522,11.3352,-0.5819,0.0076,-0.2975,0,0,0,0.00000,1
0.4601,4.3987,2.4581,11.4077,-0.4757,0.0412,-0.4302,0,0,0,0.00000,1
0.5018,4.7311,2.3617,11.5516,0.5574,0.0443,-0.6269,0,0,0,0.00000,1
0.3554,3.7627,2.7758,11.7141,-3.0056,0.0381,-0.5245,0,1,0,0.35062,3
0.5528,5.7270,2.3482,12.1450,-1.7344,0.0263,-1.3502,1,1,2,0.92478,3
0.5188,5.5903,2.4626,11.5330,-2.5234,0.0985,-0.7033,0,0,0,0.00000,1
0.5723,5.2162,2.1861,11.7956,0.8509,0.0028,-0.9609,0,0,1,0.19962,1
0.5640,5.6953,2.2986,12.2960,3.0394,0.0102,-1.5344,0,1,0,0.73499,1
0.3930,4.2852,2.7386,12.5482,-2.6442,0.0336,-1.2656,0,1,0,1.38496,1
0.4227,4.2955,2.5975,11.8878,1.5490,0.0311,-0.7781,0,1,0,0.48026,1
0.4903,5.2936,2.5268,11.5026,-1.8085,0.0217,-0.5370,0,0,0,0.00000,3
0.4862,4.9450,2.4710,11.3731,-0.6398,0.0080,-0.3916,0,0,0,0.00000,1
0.4869,4.7944,2.4359,11.4191,1.3673,0.0119,-0.4395,0,0,0,0.00000,3
0.4380,4.7788,2.6479,11.2547,-1.7195,0.0068,-0.2366,0,0,0,0.00000,1
0.4000,4.2191,2.6849,11.4292,1.8708,0.0717,-0.4130,0,0,0,0.00000,1
0.5223,5.1679,2.3681,11.4340,-1.6238,0.0131,-0.5021,0,0,0,0.00000,3
0.4231,4.6065,2.6758,11.3160,2.6863,0.0732,-0.3485,0,0,0,0.00000,3
0.4515,4.3155,2.4743,11.2915,-0.5923,0.0087,-0.2809,0,0,0,0.00000,3
0.3859,4.0085,2.6942,12.3049,-2.1700,0.0398,-1.0486,0,1,0,0.98985,1
0.4318,4.3179,2.5615,11.4437,-1.3701,0.0153,-0.3968,0,0,0,0.00000,1
0.5065,5.2682,2.4523,11.5071,2.1516,0.0577,-0.6080,0,0,0,0.00000,1
0.5949,5.7734,2.1936,11.4925,1.0251,0.0286,-0.6908,0,0,0,0.00000,3
0.5556,5.7131,2.3347,11.2961,1.6888,0.0041,-0.3913,0,0,0,0.00000,3
0.5303,4.8459,2.2742,11.5506,0.4753,0.0291,-0.6509,0,0,0,0.00000,3
0.4601,4.8368,2.5605,12.2567,3.0345,0.0055,-1.1728,0,0,1,0.73162,3
0.4998,4.9788,2.4215,11.3614,-2.9251,0.0072,-0.3953,0,0,0,0.00000,3
0.4479,4.4667,2.5271,11.2696,-1.3779,0.0360,-0.2904,0,0,0,0.00000,3
0.3542,3.8073,2.7970,11.5258,2.5868,0.2742,-0.6659,0,0,0,0.00000,1
0.5930,5.6413,2.1798,11.4804,-0.1639,0.1064,-0.7701,0,0,0,0.00000,1
0.4036,4.3874,2.7139,11.4491,-2.8210,0.2082,-0.5920,0,0,0,0.00000,1
0.3810,3.9359,2.6973,11.9203,2.5193,0.0211,-0.7045,0,0,1,0.38575,3
0.4552,4.7564,2.5640,11.2749,-2.8870,0.0006,-0.2620,0,0,0,0.00000,3
0.4131,4.2203,2.6222,12.8851,0.1700,0.0001,-1.5833,0,1,1,1.49201,1
0.4624,4.3798,2.4437,12.0503,1.3519,0.0250,-1.0065,0,0,1,0.46868,1
0.6346,6.1820,2.1071,11.5236,-0.9873,0.0727,-0.8494,0,0,0,0.00000,3
0.4647,4.7613,2.5230,11.5726,-2.0497,0.0239,-0.5659,0,0,0,0.00000,3
0.5091,5.2099,2.4300,11.4464,1.4699,0.0107,-0.4946,0,0,0,0.00000,3
0.4948,5.2126,2.4907,11.5502,2.4971,0.0712,-0.6493,0,0,0,0.00000,1
0.3944,4.3127,2.7390,11.6177,-2.5519,0.0664,-0.5482,0,1,0,0.34201,3
0.4208,4.3855,2.6302,11.8155,3.1112,0.0168,-0.6947,0,1,0,0.37965,3
0.4739,4.9244,2.5196,11.3514,-2.6713,0.0400,-0.3948,0,0,0,0.00000,3
0.3540,3.7862,2.7912,13.0264,-2.9247,0.0833,-1.5946,0,0,1,1.75963,1
0.5335,4.9900,2.2899,11.5800,0.1866,0.0360,-0.6961,0,0,0,0.00000,3
0.3975,4.2293,2.7001,11.4440,2.7417,0.0758,-0.4264,0,0,0,0.00000,3
0.4826,4.4735,2.3826,11.4224,0.5090,0.0420,-0.4722,0,0,0,0.00000,1
0.5043,5.5161,2.5106,12.4023,0.0935,0.0010,-1.4519,0,1,0,1.00077,1
0.4627,4.8664,2.5558,12.1623,-2.8838,0.0708,-1.1803,0,0,1,0.54169,1
0.4882,4.6279,2.3941,11.5305,-1.8764,0.0314,-0.5698,0,0,0,0.00000,1
0.4705,4.7929,2.5050,11.6338,1.1514,0.0321,-0.6417,0,0,0,0.00000,1
0.3907,4.2699,2.7459,12.9311,2.9780,0.0183,-1.5622,0,0,0,0.00000,1
0.3500,3.8193,2.8236,12.4630,-2.8621,0.0405,-1.0654,0,1,1,1.21343,3
0.5245,5.6107,2.4429,11.7739,2.6674,0.0167,-0.8627,0,0,1,0.32349,3
0.5835,5.4561,2.1853,11.3089,-0.7428,0.0214,-0.4560,0,0,0,0.00000,3
0.3695,3.9778,2.7693,12.3519,2.6358,0.0141,-1.0021,1,1,0,0.74298,1
0.4062,4.2939,2.6754,12.8477,-2.4515,0.0359,-1.5816,0,0,4,1.19865,1
0.3714,3.9365,2.7467,11.4167,2.6788,0.0546,-0.3512,0,0,0,0.00000,3
0.4537,4.3426,2.4718,11.3642,1.3791,0.0512,-0.3958,0,0,0,0.00000,3
0.3959,4.3177,2.7328,12.1216,-2.3464,0.0900,-0.9924,0,1,0,0.74531,3
0.3505,3.8338,2.8257,12.1960,-2.7711,0.0837,-0.9254,0,1,0,1.02360,3
0.5677,5.2891,2.2154,11.7808,-0.0708,0.0769,-1.0346,0,0,0,0.00000,1
0.3770,3.9437,2.7198,13.0392,2.5364,0.0236,-1.6045,1,2,1,1.56022,1
0.3687,4.0114,2.7835,11.7611,2.6043,0.0820,-0.6356,0,1,0,0.23811,3
0.4956,4.8045,2.4023,11.8975,-1.0460,0.0242,-0.9345,1,1,1,0.67165,3
0.5269,4.9497,2.3076,11.2647,1.6125,0.0529,-0.3827,0,0,0,0.00000,1
0.4494,4.5549,2.5417,11.7024,-1.5252,0.0086,-0.6390,0,1,0,0.31568,3
0.4121,4.3888,2.6724,11.3948,-2.8947,0.1034,-0.4360,0,0,0,0.00000,1
0.4345,4.3774,2.5647,12.1249,2.5292,0.0140,-0.9909,0,1,1,0.77386,1
0.4436,4.2151,2.4835,11.6682,0.8810,0.0248,-0.6174,0,1,0,0.26434,1
0.4210,4.3885,2.6300,11.2977,-1.8639,0.0138,-0.2637,0,0,0,0.00000,1
0.4810,4.6058,2.4188,12.4133,1.4756,0.0148,-1.4018,0,0,1,0.91008,1
0.4070,4.2095,2.6485,11.3575,2.7084,0.0566,-0.3465,0,0,0,0.00000,3
0.3511,3.7918,2.8084,12.5531,-2.7122,0.1008,-1.2268,0,1,1,1.13717,1
0.3628,3.9094,2.7835,11.4051,2.8394,0.0772,-0.3593,0,0,0,0.00000,3
0.4240,4.6062,2.6716,11.4797,2.4593,0.0277,-0.4324,0,0,0,0.00000,3
0.4888,4.5508,2.3749,11.4441,-1.0152,0.0358,-0.4932,0,0,0,0.00000,3
0.3601,3.8883,2.7909,12.6278,3.1071,0.0414,-1.2282,1,1,0,1.08536,1
0.5980,5.7504,2.1786,12.4740,-1.4980,0.0017,-1.8483,0,0,1,0.84506,1
0.4378,4.1713,2.4975,11.3860,2.2444,0.0241,-0.3648,0,0,0,0.00000,3
0.4919,4.6638,2.3871,11.5052,-0.0938,0.0234,-0.5412,0,0,0,0.00000,1
0.5517,5.4446,2.3032,12.2885,0.8619,0.0072,-1.4812,0,0,1,0.69214,1
0.4728,4.5868,2.4484,11.3708,-0.1462,0.0322,-0.4014,0,0,0,0.00000,1
0.5831,5.6822,2.2232,11.6398,-1.7125,0.0354,-0.8496,0,0,0,0.00000,1
0.4626,5.0249,2.5920,11.8492,1.8225,0.0299,-0.8267,0,1,0,0.33212,1
0.4360,4.4638,2.5798,11.2980,-2.3371,0.0285,-0.2948,0,0,0,0.00000,3
0.3475,3.7535,2.8156,11.7755,2.7751,0.0267,-0.5407,0,1,0,0.47685,1
0.4796,4.5532,2.4125,12.0459,0.8813,0.0203,-1.0384,0,0,1,0.44020,1
0.3753,4.1268,2.7840,11.2965,2.3291,0.0225,-0.2316,0,0,0,0.00000,1
0.3593,3.8697,2.7894,12.4781,-2.8513,0.0586,-1.1330,0,0,2,1.02279,1
0.4587,5.0113,2.6066,11.6522,-2.9773,0.0034,-0.6050,0,0,1,0.25883,1
0.3560,3.7873,2.7805,11.3594,-2.5138,0.0423,-0.2806,0,0,0,0.00000,1
0.5969,5.8615,2.1996,11.6538,0.6637,0.0318,-0.8876,0,0,0,0.00000,3
0.4160,4.3446,2.6420,11.6989,-2.7118,0.0806,-0.6669,0,0,1,0.29192,1
0.4611,4.6977,2.5242,11.2835,-2.1008,0.0010,-0.2752,0,0,0,0.00000,3
0.4339,4.4414,2.5836,11.5926,2.7150,0.0779,-0.6019,0,0,0,0.00000,1
0.4813,5.0632,2.5175,12.9356,-2.8628,0.0278,-1.9734,0,1,1,1.51842,1
0.4125,4.4514,2.6870,13.3039,-1.8679,0.0040,-1.9758,0,0,2,2.06467,1
0.4729,4.8756,2.5129,11.7436,-1.6597,0.0173,-0.7309,0,0,1,0.38839,3
0.3829,4.1044,2.7376,12.2330,2.8901,0.0854,-1.0446,0,0,1,0.77885,3
0.3757,3.8699,2.7039,11.2848,-2.1799,0.0522,-0.2564,0,0,0,0.00000,3
0.4858,4.5871,2.3947,11.4276,-0.1481,0.0309,-0.4682,0,0,0,0.00000,1
0.4923,4.9189,2.4401,11.9740,1.6907,0.0117,-0.9878,0,0,1,0.38878,3
0.4619,4.6726,2.5148,11.4101,2.2244,0.0186,-0.4086,0,0,0,0.00000,3
0.5580,5.4056,2.2720,11.5274,1.2920,0.0174,-0.6575,0,0,0,0.00000,3
0.3880,4.2665,2.7588,12.6886,2.7128,0.0456,-1.3856,0,1,1,1.55249,1
0.4851,5.3041,2.5514,12.9465,3.1109,0.0389,-2.0222,0,0,2,1.59128,1
0.5151,5.4488,2.4514,12.7395,0.4668,0.0092,-1.8699,0,1,1,1.15827,1
0.3966,4.2233,2.7029,11.3868,-1.7806,0.0473,-0.3478,0,0,0,0.00000,1
0.3988,4.0121,2.6321,11.6913,-2.8849,0.0577,-0.6032,0,0,0,0.00000,1
0.4908,5.1877,2.5024,12.0860,1.5300,0.0007,-1.0837,0,1,0,0.27043,3
0.4487,4.3883,2.5042,11.3677,-1.3622,0.0656,-0.4104,0,0,0,0.00000,3
0.5346,5.0604,2.2991,11.6254,0.2211,0.0490,-0.7627,0,0,0,0.00000,1
0.4127,4.0868,2.5875,12.1694,-2.2928,0.0104,-0.9675,0,1,0,0.68093,1
0.3410,3.7309,2.8444,12.7893,-3.1088,0.0504,-1.2966,0,0,2,1.39709,1
0.3732,3.8599,2.7137,11.9946,2.6189,0.1038,-0.8529,0,1,0,0.65822,1
0.4656,4.9029,2.5511,11.4758,-2.8710,0.0529,-0.5140,0,0,0,0.00000,1
0.4963,4.7830,2.3946,12.6576,-2.0843,0.0236,-1.7259,0,1,1,1.20879,1
0.5116,5.0913,2.3960,11.4677,-0.9168,0.0031,-0.5092,0,0,0,0.00000,3
0.5715,5.5803,2.2503,11.8271,0.8897,0.0278,-1.0320,0,1,0,0.32531,3
0.3972,4.2536,2.7084,11.2803,-2.1412,0.0212,-0.2370,0,0,0,0.00000,1
0.3615,3.9185,2.7933,11.4011,2.6257,0.0909,-0.3706,0,0,0,0.00000,3
0.3712,3.8621,2.7247,11.3980,-1.7911,0.0243,-0.3026,0,0,0,0.00000,1
0.3433,3.7143,2.8258,12.8603,-2.8046,0.0450,-1.3521,0,1,1,1.54097,1
0.3612,3.8430,2.7705,12.0113,-3.0638,0.0137,-0.7213,0,1,1,0.78561,1
0.3782,3.9939,2.7286,11.7699,2.6130,0.0106,-0.5712,0,1,0,0.42087,1
0.4914,4.6716,2.3907,11.3571,-2.5156,0.0003,-0.3724,0,0,0,0.00000,3
0.4381,4.3095,2.5314,11.4848,3.1237,0.0336,-0.4612,0,0,0,0.00000,1
0.3861,4.1552,2.7362,11.7694,-2.4334,0.0541,-0.6389,0,0,1,0.18330,3
0.4137,4.1589,2.6029,11.8183,1.1776,0.0216,-0.6887,0,0,1,0.33294,1
0.4441,4.2511,2.4903,11.4772,2.6188,0.0146,-0.4394,0,0,0,0.00000,1
0.4036,4.1384,2.6448,11.4885,-2.1263,0.0928,-0.4893,0,0,0,0.00000,3
0.5659,5.4791,2.2546,12.4440,0.6272,0.0532,-1.7818,0,1,0,1.09941,1
0.5042,5.4854,2.5047,12.0632,2.0718,0.0097,-1.1086,0,1,0,0.24640,3
0.4838,4.9327,2.4788,11.3788,-1.5816,0.0287,-0.4184,0,0,0,0.00000,3
0.4200,4.1867,2.5811,11.3118,-2.2714,0.0448,-0.3091,0,0,0,0.00000,3
0.3817,3.9739,2.7051,11.3884,1.9595,0.0342,-0.3180,0,0,0,0.00000,1
0.3812,4.1005,2.7454,11.4591,2.7621,0.0203,-0.3542,0,0,0,0.00000,1
0.4933,4.9306,2.4382,11.4641,-1.8821,0.0205,-0.5015,0,0,0,0.00000,3
0.3641,3.9528,2.7902,11.6965,-2.7554,0.0418,-0.5305,0,1,0,0.24906,1
0.5908,5.7515,2.2054,11.5810,0.7490,0.0576,-0.8235,0,0,0,0.00000,3
0.4045,4.1033,2.6307,11.2312,2.6170,0.0094,-0.1919,0,0,0,0.00000,3
0.5644,5.1689,2.2069,11.2704,0.3599,0.0272,-0.3982,0,0,0,0.00000,3
0.4304,4.7504,2.6770,12.0355,-2.0323,0.0160,-0.9061,0,1,0,0.50245,0
0.4847,4.4969,2.3792,11.5578,2.1811,0.0096,-0.5633,0,0,1,0.22600,1
0.3447,3.7735,2.8381,12.8674,-2.7107,0.1461,-1.5256,0,1,1,1.57480,1
0.3780,3.9386,2.7133,12.4826,2.7874,0.0593,-1.1986,0,0,2,0.79538,1
0.4645,4.4842,2.4599,11.4538,-2.2846,0.0353,-0.4703,0,0,0,0.00000,1
0.4310,4.4519,2.5997,11.7058,1.4622,0.0213,-0.6256,0,1,0,0.47757,1
0.4744,5.1011,2.5558,11.8688,1.6397,0.0511,-0.8976,0,0,1,0.57930,1
0.4474,4.6363,2.5703,11.9099,1.7754,0.0216,-0.8386,0,1,0,0.54807,3
0.5400,5.4177,2.3444,12.2136,-1.3950,0.0394,-1.4087,1,1,1,1.04735,1
0.4784,4.7101,2.4526,11.3119,-2.5920,0.0170,-0.3362,0,0,0,0.00000,1
0.5122,5.5615,2.4856,11.4480,-1.4418,0.0764,-0.5799,0,0,0,0.00000,1
0.5468,4.9710,2.2362,12.0666,0.2530,0.0253,-1.2376,0,0,0,0.00000,1
0.4982,4.5866,2.3453,12.1888,1.9744,0.0064,-1.2100,0,1,1,0.62764,1
0.4102,4.1990,2.6302,12.0546,2.9253,0.0320,-0.8935,0,1,0,0.79754,3
0.3405,3.6931,2.8345,12.7992,2.8503,0.0618,-1.3202,0,1,1,1.62940,1
0.5452,5.0905,2.2644,11.3414,-1.2741,0.0006,-0.4201,0,0,0,0.00000,1
0.4583,4.9287,2.5897,11.4260,-2.4132,0.0495,-0.4554,0,0,0,0.00000,3
0.4315,4.3195,2.5635,11.3474,0.5768,0.0122,-0.3126,0,0,0,0.00000,1
0.3875,4.2288,2.7506,13.0384,2.7557,0.0665,-1.7242,0,1,0,1.75330,1
0.5619,5.6565,2.3001,12.8519,-1.0786,0.0250,-2.2218,0,1,1,1.40104,1
0.4668,5.1084,2.5913,11.4524,1.5666,0.0572,-0.4997,0,0,0,0.00000,1
0.3499,3.8287,2.8275,11.6681,2.8621,0.0450,-0.4914,0,0,1,0.21499,1
0.3900,4.0539,2.6870,12.5026,-2.8878,0.0175,-1.1926,0,1,0,1.27162,1
0.4436,4.5902,2.5764,11.5550,1.7416,0.0407,-0.5389,0,0,0,0.00000,3
0.4236,4.5530,2.6602,13.1317,2.5918,0.0400,-1.9321,0,1,0,1.99473,1
0.5134,5.5524,2.4784,11.4083,2.9969,0.0202,-0.4751,0,0,0,0.00000,3
0.4771,5.0126,2.5246,12.0708,2.9317,0.0506,-1.1008,0,1,0,0.72409,1
0.4664,4.8081,2.5260,11.3759,1.7402,0.0074,-0.3705,0,0,0,0.00000,3
0.4230,4.4218,2.6290,11.5256,1.7811,0.0011,-0.4372,0,0,2,0.27277,1
0.4150,4.0836,2.5762,11.6836,2.0759,0.0109,-0.5660,0,1,0,0.36300,3
0.4278,4.5333,2.6353,12.5055,-2.7919,0.0757,-1.4091,0,1,0,1.28395,1
0.5162,5.4220,2.4419,11.8462,1.1178,0.0139,-0.9165,0,0,1,0.29860,1
0.5028,5.3370,2.4817,11.2594,0.1454,0.0011,-0.2950,0,0,0,0.00000,1
0.3933,3.9677,2.6457,12.3670,2.7847,0.0456,-1.1306,0,0,1,0.61548,1
0.4143,4.2535,2.6254,12.3239,2.9884,0.0353,-1.1418,0,0,2,0.82100,1
0.4242,4.4337,2.6266,11.4482,2.5430,0.0317,-0.4109,0,0,0,0.00000,3
0.4875,4.4465,2.3567,12.0594,-0.8904,0.0044,-1.0477,0,0,1,0.58541,1
0.5149,5.5069,2.4636,11.4096,-0.3656,0.0062,-0.4615,0,0,0,0.00000,1
0.3668,3.9405,2.7720,12.1128,-2.0546,0.0239,-0.8241,0,0,1,0.43607,1
0.4843,4.7079,2.4278,12.0244,-1.8431,0.0169,-1.0247,0,1,0,0.35650,1
0.4073,4.1425,2.6286,11.4077,2.3759,0.0616,-0.3924,0,0,0,0.00000,3
0.4505,4.8815,2.6145,13.0672,-2.4277,0.0246,-1.9668,1,1,0,1.86484,1
0.4012,4.3419,2.7130,12.4268,-2.7296,0.0427,-1.2020,0,0,1,1.00617,3
0.3996,4.3970,2.7361,12.2046,2.9941,0.1358,-1.1350,0,1,0,0.87050,1
0.4049,4.0580,2.6164,11.4055,-3.0074,0.0144,-0.3331,0,0,0,0.00000,3
0.4070,4.2483,2.6589,11.7808,2.8916,0.0470,-0.6775,0,1,0,0.43976,3
0.3347,3.6722,2.8598,12.4816,-2.7888,0.0340,-1.0212,0,1,1,1.09576,1
0.4967,5.3324,2.5067,11.6765,2.0481,0.0669,-0.7729,0,0,0,0.00000,3
0.4183,4.2102,2.5954,11.4752,2.8703,0.0892,-0.4931,0,0,0,0.00000,1
0.5187,5.2461,2.3976,11.3980,0.6364,0.0041,-0.4511,0,0,0,0.00000,3
0.3534,3.7798,2.7919,11.5191,2.5093,0.0975,-0.4531,0,0,0,0.00000,3
0.4691,4.9896,2.5548,11.4816,-0.7660,0.0068,-0.4694,0,0,0,0.00000,1
0.4000,4.0805,2.6458,11.8214,3.0037,0.0669,-0.7225,0,0,1,0.20487,1
0.3666,3.9769,2.7843,11.3466,2.3617,0.0588,-0.3004,0,0,0,0.00000,1
0.4521,4.5337,2.5247,12.2716,-1.5792,0.0387,-1.2100,0,1,0,1.01060,1
0.4800,4.7042,2.4447,11.3086,2.3373,0.0028,-0.3184,0,0,0,0.00000,3
0.5629,5.2462,2.2256,11.8215,-1.2247,0.0255,-1.0019,0,1,0,0.49888,1
0.5095,4.7458,2.3345,12.4994,1.7383,0.0131,-1.5837,0,1,0,0.22559,1
0.5823,5.7522,2.2374,11.4863,1.2241,0.0134,-0.6458,0,0,0,0.00000,3
0.4900,4.9117,2.4479,11.5464,-0.9595,0.0731,-0.6400,0,0,0,0.00000,1
0.5097,5.0475,2.3948,12.1031,1.2604,0.0149,-1.1680,0,1,0,0.46919,1
0.3964,4.0203,2.6464,12.2149,2.4881,0.1029,-1.0916,1,1,0,0.64343,1
0.4797,4.8940,2.4877,12.7581,-2.1480,0.0012,-1.7327,0,0,1,1.12563,1
0.4688,4.8587,2.5269,12.7005,-2.4621,0.0108,-1.6474,0,1,0,1.29541,1
0.5747,5.5494,2.2333,11.7590,-0.8921,0.0599,-1.0024,0,0,0,0.00000,3
0.4827,4.5424,2.3975,11.3796,0.8317,0.0030,-0.3862,0,0,0,0.00000,3
0.3523,3.8404,2.8180,11.3702,-2.5835,0.0463,-0.2890,0,0,0,0.00000,1
0.4453,4.4157,2.5262,11.8482,-0.5566,0.0159,-0.7700,0,1,0,0.46004,1
0.4303,4.6366,2.6492,12.5315,2.6013,0.0403,-1.3891,0,0,1,0.79975,1
0.4885,4.7366,2.4168,12.3028,-2.7293,0.0085,-1.3038,0,1,0,0.93651,1
0.4131,4.0831,2.5849,11.3011,-2.9944,0.0051,-0.2486,0,0,0,0.00000,3
0.4145,4.0986,2.5825,12.5842,-2.5781,0.0099,-1.3337,0,0,1,1.37265,1
0.4532,4.4542,2.5008,11.3556,1.1006,0.0220,-0.3540,0,0,0,0.00000,1
0.4688,4.9996,2.5583,11.4672,-1.9010,0.0204,-0.4721,0,0,0,0.00000,3
0.3825,4.1857,2.7638,12.4914,2.5541,0.0871,-1.2607,0,1,1,1.11075,3
0.3926,4.1958,2.7151,11.2813,-2.7042,0.0483,-0.2642,0,0,0,0.00000,3
0.5532,5.0645,2.2294,11.4382,-0.9154,0.0638,-0.6093,0,0,0,0.00000,3
0.5643,5.6047,2.2822,11.4010,-1.5291,0.0037,-0.5134,0,0,0,0.00000,3
0.5057,4.7683,2.3541,11.3949,-0.5861,0.0283,-0.4588,0,0,0,0.00000,3
0.4606,4.9664,2.5877,11.7236,2.5339,0.0196,-0.6932,0,1,0,0.34190,3
0.4682,4.4346,2.4325,11.4414,2.0417,0.0106,-0.4341,0,0,0,0.00000,3
0.5370,5.0159,2.2816,11.5451,-1.1967,0.0739,-0.7124,0,0,0,0.00000,3
0.4284,4.1845,2.5422,11.2795,1.8294,0.0142,-0.2557,0,0,0,0.00000,3
0.4551,4.2726,2.4486,11.2338,-0.2384,0.0284,-0.2566,0,0,0,0.00000,1
0.5084,5.4325,2.4766,11.3979,1.5066,0.0066,-0.4421,0,0,0,0.00000,3
0.5402,5.1664,2.2972,11.5248,-1.0502,0.0796,-0.7034,0,0,0,0.00000,3
0.4066,4.0285,2.5998,12.7391,-2.9047,0.0085,-1.4398,0,1,0,1.45598,1
0.4795,5.2179,2.5580,11.4924,2.5543,0.0022,-0.4889,0,0,0,0.00000,1
0.5284,5.2779,2.3644,11.8407,0.7033,0.0119,-0.9328,0,0,1,0.25127,3
0.5474,5.3787,2.3080,12.4226,-2.7938,0.0027,-1.6145,0,0,1,0.79606,1
0.4266,4.2967,2.5800,12.9899,-2.1844,0.0443,-1.8165,0,1,1,1.68505,1
0.5078,4.9248,2.3779,11.8010,1.1396,0.0251,-0.8642,0,0,1,0.39125,3
0.4320,4.6839,2.6532,12.3072,1.9908,0.0014,-1.1324,0,1,1,0.85214,1
0.4656,4.9311,2.5576,12.1532,2.1887,0.0018,-1.0841,0,1,0,0.61860,3
0.4952,4.4947,2.3372,12.2476,0.6150,0.0407,-1.3129,0,0,1,0.98987,1
0.4361,4.2113,2.5150,11.4109,1.7450,0.0527,-0.4179,0,0,0,0.00000,3
0.5158,4.8650,2.3340,12.2852,0.7276,0.0204,-1.3848,0,0,1,1.01916,1
0.4568,4.4623,2.4872,11.9325,2.4863,0.0129,-0.8672,0,0,2,0.51707,3
0.3747,3.9944,2.7473,12.5916,2.7786,0.0760,-1.3024,0,1,0,1.27294,1
0.5600,5.8473,2.3398,11.6579,0.3470,0.0015,-0.7869,0,0,1,0.30398,3
0.3326,3.6647,2.8697,12.1973,2.4504,0.0642,-0.8531,0,1,0,1.01687,0
0.5250,5.4835,2.4169,11.8513,2.4683,0.0282,-0.9597,0,0,1,0.20414,1
0.4966,4.6077,2.3562,11.3703,0.5854,0.0231,-0.4173,0,0,0,0.00000,3
0.4020,4.1974,2.6690,11.4367,-2.8271,0.0550,-0.4018,0,0,0,0.00000,3
0.4041,4.3089,2.6896,11.4127,2.0680,0.0659,-0.3980,0,0,0,0.00000,3
0.4773,4.5106,2.4125,11.5517,2.0830,0.0473,-0.5931,0,0,0,0.00000,1
0.4040,4.1979,2.6598,12.8451,2.3214,0.0200,-1.5438,0,0,4,1.44312,1
0.6106,5.5903,2.1083,11.4850,-0.2424,0.0080,-0.6787,0,0,0,0.00000,1
0.4466,4.5301,2.5483,11.7975,-0.9840,0.0103,-0.7206,0,1,0,0.35142,1
0.4976,5.1872,2.4735,11.8965,-2.2321,0.0226,-0.9380,0,1,0,0.25160,3
0.5619,5.1041,2.2044,12.1487,-0.5758,0.0417,-1.3969,0,0,1,0.81177,1
0.5434,5.4162,2.3307,11.3352,0.0082,0.0113,-0.4258,0,0,0,0.00000,3
0.3851,3.9742,2.6879,12.6504,-1.8371,0.0029,-1.2762,0,1,1,1.28934,1
0.4561,4.5793,2.5183,11.3669,2.7849,0.0487,-0.3985,0,0,0,0.00000,1
0.5276,5.0623,2.3265,11.6076,-2.0213,0.0071,-0.6796,0,0,0,0.00000,1
0.3455,3.7634,2.8299,11.9889,2.6119,0.1634,-0.8626,0,1,0,0.67801,3
0.4099,4.0543,2.5918,12.7241,1.8778,0.0277,-1.4707,0,1,0,1.47507,1
0.4320,4.1921,2.5283,12.1948,-1.0596,0.0149,-1.0473,0,1,0,0.85768,1
0.4187,4.0899,2.5608,12.3006,1.0945,0.0029,-1.0863,0,1,0,0.91378,1
0.4847,5.2302,2.5379,11.4721,-3.1028,0.0055,-0.4809,0,0,0,0.00000,3
0.4655,4.9471,2.5612,12.0436,1.3183,0.0440,-1.0362,0,1,0,0.66865,1
0.4915,4.9223,2.4441,11.4448,-0.8755,0.0334,-0.4959,0,0,0,0.00000,1
0.4477,4.2823,2.4826,11.3124,-1.1017,0.0067,-0.2928,0,0,0,0.00000,3
0.3334,3.6350,2.8544,11.4462,-2.6761,0.0916,-0.3722,0,0,0,0.00000,3
0.4467,4.8285,2.6192,11.4615,-2.3508,0.0275,-0.4463,0,0,0,0.00000,3
0.4905,5.2693,2.5206,12.8040,-2.1030,0.0201,-1.8590,0,0,3,1.32444,1
0.5110,4.6403,2.3066,11.6486,-0.3647,0.0022,-0.6847,0,0,1,0.42176,1
0.5783,5.8789,2.2730,11.6236,0.5232,0.0009,-0.7801,0,0,0,0.00000,3
0.4842,4.5463,2.3923,11.6382,-0.6601,0.0815,-0.7296,0,0,0,0.00000,1
0.4133,4.2218,2.6215,11.5222,-1.3478,0.0401,-0.4672,0,0,0,0.00000,1
0.4920,5.2976,2.5198,11.4388,-2.4304,0.0733,-0.5394,0,0,0,0.00000,3
0.3907,4.2157,2.7303,11.9999,-3.0857,0.1458,-0.9514,1,1,0,0.54237,1
0.3541,3.7650,2.7836,12.2847,2.4075,0.1030,-1.0298,0,1,0,0.93908,3
0.3657,3.8497,2.7490,12.0229,-2.3282,0.0350,-0.7678,0,1,1,0.77486,3
0.4769,4.4636,2.4033,11.8447,-0.8725,0.0186,-0.8342,0,0,1,0.27053,1
0.3543,3.8069,2.7959,13.2856,-2.6925,0.0095,-1.6776,1,1,1,1.09766,1
0.4488,4.8454,2.6136,12.5832,-1.9786,0.0369,-1.4984,0,1,0,1.45585,1
0.4318,4.4678,2.5998,11.4390,1.1903,0.0022,-0.3779,0,0,0,0.00000,1
0.5807,5.5889,2.2172,11.3529,-0.6505,0.0663,-0.5566,0,0,0,0.00000,3
0.4526,4.5255,2.5208,11.4200,-2.4206,0.0461,-0.4382,0,0,0,0.00000,1
0.3713,4.0724,2.7886,11.6342,-2.8282,0.1604,-0.6379,0,0,0,0.00000,3
0.4500,4.7689,2.5902,12.4035,-2.4885,0.0746,-1.3835,0,1,0,0.87262,1
0.5255,5.6363,2.4435,12.1285,-0.9669,0.0004,-1.2209,0,0,2,0.60923,3
0.5581,5.3386,2.2599,12.1384,0.4070,0.0619,-1.4058,0,1,0,0.38243,1
0.6551,6.2219,2.0387,11.5342,-1.1375,0.0232,-0.8342,0,0,0,0.00000,1
0.4865,4.6403,2.4036,11.3117,1.2423,0.0031,-0.3280,0,0,0,0.00000,3
0.3914,4.1169,2.6984,11.3269,2.4969,0.0545,-0.3047,0,0,0,0.00000,3
0.3767,3.9699,2.7292,11.3194,2.2681,0.0699,-0.3027,0,0,0,0.00000,3
0.4336,4.2228,2.5291,11.7448,-2.5768,0.0173,-0.6579,0,0,1,0.35165,3
0.3376,3.7149,2.8583,13.2819,3.0468,0.0475,-1.6611,0,0,4,1.59877,1
0.3633,3.9190,2.7834,12.4289,2.5263,0.0485,-1.0927,0,1,0,1.19495,3
0.4588,4.6392,2.5204,12.0873,-1.6547,0.0188,-1.0255,0,1,0,0.61866,3
0.4830,5.3112,2.5623,11.2949,-2.9775,0.0036,-0.3117,0,0,0,0.00000,1
0.4203,4.4499,2.6493,11.9282,-3.0875,0.0133,-0.7853,0,0,1,0.18765,3
0.4568,5.0237,2.6183,11.3860,1.9135,0.0380,-0.4047,0,0,0,0.00000,1
0.5296,5.0552,2.3176,12.0638,-0.6049,0.0112,-1.1714,0,1,3,1.61137,1
0.4581,4.3868,2.4638,11.5008,-2.7843,0.0247,-0.4912,0,0,0,0.00000,1
0.5615,5.8067,2.3270,12.2353,-2.3250,0.0187,-1.4693,0,0,1,0.82943,1
0.5077,5.4712,2.4873,12.3955,1.9730,0.0293,-1.4967,0,0,1,0.98322,3
0.3716,3.9327,2.7443,12.6284,2.7077,0.0671,-1.3089,0,1,1,1.32705,1
0.3807,4.1007,2.7481,11.3658,-2.6211,0.0510,-0.3194,0,0,0,0.00000,3
0.3876,4.0168,2.6881,11.9531,-2.7614,0.0543,-0.7875,0,1,0,0.59633,3
0.3985,4.2587,2.7036,11.3820,2.4231,0.0253,-0.3210,0,0,0,0.00000,1
0.5277,4.8096,2.2772,11.6262,0.1886,0.0184,-0.7114,0,0,0,0.00000,3
0.4217,4.1319,2.5585,11.3894,-1.8469,0.0173,-0.3422,0,0,0,0.00000,3
0.4802,4.8105,2.4674,11.4322,-2.3732,0.0224,-0.4561,0,0,0,0.00000,3
0.5273,4.8438,2.2853,12.5771,0.0745,0.0191,-1.7426,0,1,0,0.37457,1
0.4715,4.4681,2.4268,11.5356,-0.2633,0.0404,-0.5609,0,0,0,0.00000,1
0.3945,4.0337,2.6591,12.0442,2.8827,0.0314,-0.8465,0,1,0,0.78772,3
0.4310,4.1783,2.5291,12.0761,1.1004,0.0083,-0.9298,0,1,0,0.34315,1
0.5396,5.4109,2.3445,12.2296,1.7016,0.0036,-1.3736,0,0,1,0.85211,1
0.4201,4.3660,2.6283,11.3009,-3.1381,0.0377,-0.2926,0,0,0,0.00000,3
0.4563,4.3810,2.4701,12.5823,1.7429,0.0322,-1.5146,0,1,0,1.38846,1
0.4219,4.1348,2.5585,11.3632,-2.2102,0.0126,-0.3156,0,0,0,0.00000,3
0.4286,4.5960,2.6474,12.2059,2.9884,0.0595,-1.1117,0,1,0,1.03875,3
0.4550,4.7311,2.5586,11.3950,2.3504,0.1232,-0.5096,0,0,0,0.00000,1
0.3859,4.2568,2.7665,13.2381,2.0082,0.0248,-1.8214,1,2,0,1.73852,0
0.3564,3.8298,2.7922,11.4873,3.0651,0.1093,-0.4479,0,0,0,0.00000,3
0.3585,3.8133,2.7756,12.4167,-2.7777,0.0832,-1.1180,0,1,0,1.19721,1
0.4995,5.4473,2.5178,11.7256,-2.7967,0.0534,-0.8105,0,0,1,0.30622,1
0.4892,5.3396,2.5409,11.6497,-0.9510,0.0072,-0.6595,0,1,0,0.15294,1
0.3431,3.7270,2.8314,11.4012,2.5254,0.0378,-0.2912,0,0,0,0.00000,1
0.3347,3.6616,2.8561,12.5553,3.0344,0.0763,-1.1366,1,1,0,1.06897,1
0.3963,4.0314,2.6497,11.3035,2.5756,0.0214,-0.2539,0,0,0,0.00000,3
0.3428,3.7324,2.8345,11.8351,2.7166,0.0430,-0.5940,0,1,0,0.58821,1
0.4056,4.1093,2.6275,11.3478,-2.4657,0.0877,-0.3728,0,0,0,0.00000,1
0.5236,4.8276,2.2962,11.3885,0.4541,0.0363,-0.4841,0,0,0,0.00000,3
0.4805,5.2229,2.5550,11.4554,2.8394,0.1214,-0.5967,0,0,0,0.00000,1
0.3731,3.9981,2.7567,11.9440,2.3930,0.0661,-0.7640,0,1,0,0.69366,3
0.4499,4.8030,2.5985,13.1690,-2.8012,0.0362,-2.0894,0,0,1,0.95646,1
0.5058,4.6304,2.3246,11.4353,0.3934,0.0881,-0.5705,0,0,0,0.00000,1
0.3916,4.0962,2.6917,12.1866,-2.0851,0.0140,-0.9319,0,1,0,0.86332,1
0.4754,4.9818,2.5256,12.4104,-1.9856,0.0119,-1.3798,0,0,0,0.00000,1
0.4137,4.3025,2.6415,12.3665,-1.5440,0.0269,-1.1654,0,0,2,0.83142,1
0.4151,4.2216,2.6133,11.3725,-2.4034,0.0140,-0.3178,0,0,0,0.00000,3
0.4606,4.8840,2.5690,11.4467,-2.5260,0.1306,-0.5726,0,0,0,0.00000,1
0.4599,4.4575,2.4730,11.5037,-1.5009,0.0077,-0.4759,0,0,0,0.00000,3
0.4511,4.9077,2.6176,11.9516,1.7199,0.0448,-0.9163,0,1,0,0.45544,1
0.5267,4.9853,2.3154,12.1952,-1.3080,0.0257,-1.3270,0,0,1,0.67475,1
0.5293,4.8856,2.2857,11.7918,-0.0551,0.0455,-0.9244,0,0,1,0.44164,1
0.3454,3.7543,2.8275,12.8803,-3.0918,0.0608,-1.4017,0,1,0,1.63142,1
0.4832,4.5511,2.3976,11.3583,-0.8102,0.0015,-0.3652,0,0,0,0.00000,3
0.4620,5.0387,2.5979,12.1554,-3.0198,0.0837,-1.1895,0,0,1,0.43188,1
0.4323,4.2425,2.5399,12.8713,-1.6556,0.0003,-1.6490,0,1,0,0.66270,1
0.4264,4.1609,2.5451,11.3107,1.6588,0.0334,-0.3012,0,0,0,0.00000,3
0.4336,4.5037,2.6006,11.6923,-1.1817,0.0054,-0.5990,0,1,0,0.43698,1
0.5208,5.1898,2.3783,12.1961,2.4316,0.0236,-1.3103,0,0,1,0.63993,1
0.4026,4.3682,2.7135,11.7080,3.0928,0.0808,-0.6516,0,0,1,0.22926,3
0.3735,3.9411,2.7371,11.5458,-2.4503,0.0448,-0.4372,0,1,0,0.20555,3
0.4770,4.9221,2.5055,11.5349,2.1396,0.0741,-0.6105,0,0,0,0.00000,1
0.5479,5.1473,2.2643,12.1783,1.4825,0.0121,-1.3487,0,0,1,0.44292,1
0.5104,5.0888,2.4004,11.3235,-2.3722,0.0056,-0.3690,0,0,0,0.00000,3
0.3583,3.7900,2.7691,12.6505,-2.2778,0.0762,-1.2933,0,1,1,1.37232,1
0.3785,3.9308,2.7081,11.7472,2.2903,0.0365,-0.5861,0,1,0,0.21869,3
0.4089,4.1653,2.6270,11.3402,2.6418,0.0308,-0.3051,0,0,0,0.00000,3
0.3600,3.9641,2.8154,12.7411,-3.1296,0.0645,-1.3534,0,0,1,1.35326,0
0.5052,5.2505,2.4541,11.8241,-1.3149,0.0213,-0.8796,0,1,0,0.26670,3
0.5017,5.0649,2.4314,11.4397,2.7951,0.0119,-0.4791,0,0,0,0.00000,1
0.3760,4.0312,2.7514,12.0553,2.8520,0.0370,-0.8193,0,0,1,0.62926,3
0.3553,3.9146,2.8255,12.7614,-2.7210,0.0821,-1.3791,0,1,0,1.42592,0
0.4604,4.9011,2.5740,11.5366,2.6252,0.1287,-0.6533,0,0,0,0.00000,1
0.4394,4.1926,2.4957,11.3221,-0.9966,0.0161,-0.3034,0,0,0,0.00000,3
0.4699,4.9932,2.5522,11.3713,3.1283,0.0300,-0.3972,0,0,0,0.00000,3
0.4175,4.2663,2.6138,12.6851,2.9422,0.0405,-1.4850,0,1,0,1.40725,1
0.5145,4.9686,2.3597,11.4916,-2.1493,0.0228,-0.5603,0,0,0,0.00000,1
0.4253,4.4959,2.6371,11.3278,2.9015,0.0736,-0.3609,0,0,0,0.00000,3
0.4485,4.8319,2.6120,12.8713,-2.8805,0.0482,-1.8003,0,0,1,1.22603,1
0.4608,4.9011,2.5719,12.5949,-2.0959,0.0066,-1.5061,0,1,0,1.09922,1
0.4678,4.9623,2.5546,11.4785,-2.8013,0.0048,-0.4625,0,0,0,0.00000,3
0.3421,3.6970,2.8266,13.0524,2.4418,0.0744,-1.5474,0,1,1,1.97203,1
0.3969,4.0664,2.6569,11.3006,-1.9593,0.0169,-0.2471,0,0,0,0.00000,1
0.5738,5.2397,2.1847,11.5150,-0.2806,0.0203,-0.6704,0,0,0,0.00000,3
0.3919,4.2340,2.7295,12.1054,1.8448,0.0367,-0.8977,0,0,1,0.67364,1
0.4288,4.6813,2.6678,12.4845,-2.0757,0.0343,-1.3313,0,1,0,1.31752,3
0.4256,4.5842,2.6583,12.0076,2.6773,0.1002,-0.9803,0,0,1,0.78315,1
0.4445,4.3134,2.5041,11.7885,-0.2163,0.0116,-0.7092,0,1,0,0.41248,1
0.4764,4.8321,2.4881,11.7652,-0.8134,0.0186,-0.7594,0,0,1,0.23458,1
0.4224,4.1058,2.5486,11.2637,-3.0769,0.0109,-0.2335,0,0,0,0.00000,3
0.3532,3.8971,2.8315,12.9150,-2.8366,0.0766,-1.4864,0,1,1,1.64643,0
0.3723,3.9041,2.7320,11.3527,-2.4621,0.0085,-0.2533,0,0,0,0.00000,1
0.4775,4.4259,2.3923,11.4557,0.9831,0.0447,-0.4999,0,0,0,0.00000,3
0.4567,4.6654,2.5356,11.8890,1.2921,0.0143,-0.8299,0,1,0,0.53225,1
0.3974,4.3456,2.7330,12.9213,-2.7224,0.0810,-1.6860,0,0,1,0.23642,1
0.4730,4.9007,2.5179,11.5180,2.7651,0.0243,-0.5289,0,0,0,0.00000,3
0.4305,4.4316,2.5965,11.6346,2.3063,0.0842,-0.6408,0,1,0,0.18494,3
0.4734,4.5458,2.4368,11.3216,0.9645,0.0133,-0.3350,0,0,0,0.00000,3
0.4654,4.7945,2.5273,12.8257,2.8127,0.0232,-1.7820,0,1,1,1.39300,1
0.4851,4.6011,2.4008,12.6506,0.2343,0.0006,-1.6370,0,1,0,0.48456,1
0.5052,5.2797,2.4602,11.5138,1.2386,0.0354,-0.5858,0,0,0,0.00000,1
0.5432,4.9537,2.2463,11.5320,1.3923,0.0065,-0.6235,0,0,0,0.00000,1
0.5059,4.9163,2.3836,11.3747,0.5900,0.0293,-0.4411,0,0,0,0.00000,1
0.4827,4.4813,2.3837,11.4754,0.0701,0.0407,-0.5206,0,0,0,0.00000,1
0.5300,5.3679,2.3750,12.1426,0.4467,0.0043,-1.2513,0,0,1,0.64518,1
0.3950,4.0401,2.6588,12.7336,2.6635,0.0155,-1.4028,0,0,2,1.38336,1
0.5261,5.5183,2.4190,11.3639,-1.6794,0.0392,-0.4683,0,0,0,0.00000,3
0.3854,4.2313,2.7617,11.6577,2.6648,0.0472,-0.5425,0,1,0,0.22609,3
0.4485,4.5677,2.5488,11.8085,0.5063,0.0016,-0.7233,0,1,0,0.45155,1
0.3944,4.2682,2.7264,11.9167,2.2362,0.0103,-0.7169,0,1,0,0.38715,1
0.3926,4.0089,2.6615,12.8020,-3.0304,0.0143,-1.4506,0,1,2,1.53507,1
0.4326,4.2170,2.5322,11.3124,2.1340,0.0578,-0.3368,0,0,0,0.00000,1
0.4994,5.0706,2.4421,11.7363,-0.9056,0.0102,-0.7648,0,1,0,0.32362,3
0.4317,4.3126,2.5607,11.3985,-3.0933,0.0484,-0.3974,0,0,0,0.00000,1
0.3716,3.8944,2.7326,11.5903,2.7875,0.0931,-0.5249,0,0,0,0.00000,3
0.4313,4.4339,2.5937,12.4341,-2.1767,0.0599,-1.3304,0,0,2,0.91357,1
0.4536,4.9695,2.6205,12.0070,-2.6645,0.0134,-0.9324,0,1,1,0.66899,3
0.5168,5.5026,2.4546,12.0914,-1.1061,0.0023,-1.1602,0,0,1,0.22967,3
0.5254,5.3026,2.3812,11.5529,1.7171,0.0172,-0.6335,0,0,0,0.00000,3
0.5169,5.2587,2.4074,11.8067,0.2818,0.0046,-0.8639,0,0,1,0.55289,3
0.4542,4.2694,2.4517,11.3074,1.3423,0.0823,-0.3822,0,0,0,0.00000,3
0.5918,5.6508,2.1860,11.5345,0.1597,0.0547,-0.7666,0,0,0,0.00000,3
0.3720,3.9371,2.7437,12.1621,-2.6886,0.0047,-0.8489,0,0,0,0.00000,1
0.4274,4.6243,2.6601,12.8844,-2.1919,0.0519,-1.7303,0,1,1,1.48425,1
0.5417,5.3189,2.3195,11.3737,-2.3245,0.0190,-0.4727,0,0,0,0.00000,1
0.4968,5.1075,2.4603,12.0907,-2.1308,0.0640,-1.1903,0,0,1,0.67491,1
0.3702,4.0847,2.7979,13.3378,-3.0133,0.0987,-1.9688,0,1,1,2.33897,0
0.4324,4.4813,2.6004,11.7326,2.9634,0.0000,-0.6248,0,0,2,0.57784,1
0.4823,4.7006,2.4344,11.8505,-1.3763,0.0195,-0.8533,0,0,1,0.50569,3
0.5707,5.4947,2.2392,11.6197,-1.1818,0.0618,-0.8373,0,0,0,0.00000,3
0.4833,4.9842,2.4918,11.5524,2.1521,0.0317,-0.5854,0,0,0,0.00000,3
0.4199,4.4745,2.6575,11.6645,2.3561,0.0245,-0.5762,0,0,1,0.26393,3
0.4022,4.4373,2.7339,11.3833,2.6739,0.0742,-0.3823,0,0,0,0.00000,2
0.4754,4.4760,2.4122,11.4386,0.7032,0.0726,-0.5149,0,0,0,0.00000,1
0.5721,5.5792,2.2479,11.5395,-1.5299,0.0166,-0.6928,0,0,0,0.00000,1
0.3990,4.1998,2.6844,11.8450,-1.8060,0.0353,-0.6999,0,0,1,0.20502,1
0.4364,4.3652,2.5528,11.3337,-0.0159,0.0022,-0.2947,0,0,0,0.00000,1
0.3501,3.8147,2.8218,12.7401,2.6811,0.0699,-1.3235,0,0,2,1.38900,1
0.5435,5.0467,2.2626,11.5600,-1.0979,0.0198,-0.6707,0,0,0,0.00000,3
0.5350,5.6500,2.4065,11.5110,2.0627,0.0341,-0.6269,0,0,0,0.00000,3
0.3814,3.9499,2.6992,11.7080,2.9216,0.0585,-0.5882,0,0,1,0.23523,3
0.4875,5.2390,2.5277,11.5668,2.4205,0.1287,-0.7242,0,0,0,0.00000,1
0.6220,5.9907,2.1262,12.4153,-0.9166,0.0113,-1.8730,0,1,0,0.90193,1
0.5386,4.9885,2.2702,12.6060,1.2325,0.0073,-1.7977,0,1,1,0.95783,1
0.4980,5.0268,2.4387,11.4042,1.1495,0.0056,-0.4326,0,0,0,0.00000,3
0.4846,4.5624,2.3942,11.3472,-1.9842,0.0071,-0.3632,0,0,0,0.00000,1
0.4856,4.8285,2.4486,11.3240,2.6506,0.0184,-0.3568,0,0,0,0.00000,1
0.3962,4.0795,2.6642,11.4443,1.8470,0.0499,-0.3949,0,0,0,0.00000,1
0.5015,4.8700,2.3918,11.3361,2.0879,0.0195,-0.3869,0,0,0,0.00000,1
0.4574,4.4942,2.4923,12.3379,-2.3933,0.0147,-1.2538,0,1,0,0.75843,1
0.4366,4.2581,2.5249,11.5953,2.5846,0.0254,-0.5439,0,0,1,0.19456,1
0.3639,3.9335,2.7852,11.6728,-2.2820,0.0343,-0.5039,0,1,0,0.15973,1
0.3892,4.1879,2.7301,11.4220,-2.7496,0.0456,-0.3647,0,0,0,0.00000,3
0.4002,4.0789,2.6446,11.6906,1.5057,0.0616,-0.6098,0,1,0,0.42936,1
0.4540,4.3188,2.4647,11.2356,-0.7148,0.0215,-0.2495,0,0,0,0.00000,1
0.4328,4.3778,2.5724,11.3519,-1.4506,0.0408,-0.3507,0,0,0,0.00000,1
0.4650,4.3490,2.4259,11.7782,-1.9498,0.0193,-0.7483,0,0,1,0.33495,1
0.4580,4.7680,2.5539,11.8006,2.1504,0.0859,-0.8428,0,1,0,0.28270,3
0.4348,4.2720,2.5366,12.8619,-2.1443,0.0066,-1.6613,0,0,1,1.59278,1
0.4455,4.4684,2.5380,11.4013,1.5999,0.0143,-0.3762,0,0,0,0.00000,3
0.3593,3.9526,2.8158,12.1688,-2.6079,0.1083,-0.9605,0,1,0,0.65621,3
0.4259,4.2410,2.5686,12.2279,2.8031,0.0383,-1.0938,0,1,0,1.01212,1
0.3530,3.8633,2.8216,13.2496,2.6413,0.0705,-1.7531,0,1,1,2.09761,1
0.4202,4.3322,2.6187,13.0771,-3.0767,0.0099,-1.8093,1,1,1,1.40068,1
0.4641,4.4023,2.4419,11.4896,0.9852,0.0815,-0.5580,0,0,0,0.00000,1
0.5397,5.1862,2.3030,11.6195,-0.8064,0.0816,-0.8071,0,0,0,0.00000,1
0.3805,4.0147,2.7234,11.3901,2.7515,0.1176,-0.4136,0,0,0,0.00000,3
0.5265,4.9647,2.3119,11.2214,1.8877,0.0024,-0.2802,0,0,0,0.00000,1
0.3497,3.7396,2.7991,11.4490,2.9032,0.2001,-0.5173,0,0,0,0.00000,1
0.4610,4.4833,2.4744,11.5009,-1.2186,0.0284,-0.5000,0,0,0,0.00000,3
0.4939,5.2817,2.5086,11.6769,-2.9176,0.0594,-0.7586,0,0,0,0.00000,1
0.4119,4.2374,2.6327,11.4782,-0.4415,0.0013,-0.3841,0,0,0,0.00000,1
0.3983,4.0795,2.6540,11.3076,-2.4245,0.0074,-0.2430,0,0,0,0.00000,1
0.3676,3.9845,2.7813,12.2970,2.6438,0.1347,-1.1216,0,1,1,0.81067,1
0.5008,4.8864,2.3982,11.8110,-2.5118,0.0001,-0.8276,0,1,0,0.45078,3
0.4254,4.5410,2.6484,11.5781,-2.9953,0.0011,-0.4845,0,0,1,0.22762,1
0.4452,4.6541,2.5846,11.5705,-2.9519,0.0727,-0.5937,0,1,0,0.19838,1
0.4270,4.5463,2.6423,12.8997,2.3693,0.0197,-1.6893,0,0,1,1.68884,1
0.3993,4.1840,2.6784,11.3335,2.3803,0.0344,-0.2946,0,0,0,0.00000,3
0.4573,5.0300,2.6174,12.8552,2.2111,0.0292,-1.7898,1,1,0,1.58612,1
0.4221,4.5051,2.6547,11.7032,2.4075,0.0329,-0.6227,0,1,0,0.29217,3
0.4714,4.4390,2.4204,12.5224,0.7097,0.0451,-1.5280,0,1,1,0.92475,1
0.5048,5.0714,2.4198,11.7855,-2.7539,0.0161,-0.8318,0,1,0,0.21682,1
0.4477,4.6657,2.5763,12.6843,3.1128,0.0193,-1.5643,0,1,0,1.28028,1
0.3979,4.0514,2.6477,11.9332,-2.9920,0.0656,-0.8084,0,0,1,0.31660,1
0.5471,5.2150,2.2798,11.2993,-1.2380,0.0046,-0.3837,0,0,0,0.00000,1
0.5220,5.2431,2.3836,11.5273,1.9278,0.0516,-0.6440,0,0,0,0.00000,1
0.4473,4.7079,2.5878,11.8932,-2.6518,0.0203,-0.8220,0,1,0,0.24094,3
0.3413,3.7356,2.8443,12.5412,2.5240,0.0337,-1.0856,0,1,1,1.18470,1
0.4459,4.3925,2.5176,11.4051,-1.5707,0.0171,-0.3829,0,0,0,0.00000,3
0.4004,4.3364,2.7157,12.6954,2.1345,0.0402,-1.4296,0,0,1,1.50819,1
0.5238,4.8556,2.3011,11.9727,1.7728,0.0025,-1.0460,0,1,0,0.62555,1
0.4639,4.8273,2.5413,11.4284,-0.9841,0.0267,-0.4376,0,0,0,0.00000,1
0.6197,6.0788,2.1475,12.2894,1.0200,0.0371,-1.7422,0,2,0,0.87636,1
0.5807,5.2799,2.1662,11.6287,0.2932,0.0352,-0.8296,0,0,0,0.00000,3
0.4496,4.8732,2.6166,11.8397,-1.9951,0.0085,-0.7638,0,1,0,0.47874,1
0.4079,4.3840,2.6916,12.8822,2.2275,0.0465,-1.6376,0,1,1,1.60550,1
0.5910,5.6922,2.1955,11.5442,-0.1129,0.0924,-0.8244,0,0,0,0.00000,1
0.4340,4.3275,2.5543,11.3759,1.6130,0.0124,-0.3392,0,0,0,0.00000,3
0.4871,4.4819,2.3663,11.3893,0.6468,0.0419,-0.4463,0,0,0,0.00000,3
0.3803,4.0481,2.7342,12.9322,-2.5034,0.0708,-1.6073,1,1,2,1.14928,1
0.3830,4.0840,2.7311,11.4241,2.4964,0.0162,-0.3254,0,0,0,0.00000,1
0.4451,4.3912,2.5210,12.6140,2.9282,0.0227,-1.4906,0,1,2,1.02370,1
0.5370,5.6203,2.3928,11.5949,2.7764,0.0264,-0.7090,0,0,0,0.00000,1
0.5812,5.3685,2.1794,11.5948,-0.6699,0.0294,-0.7847,0,0,0,0.00000,3
0.4762,4.4103,2.3940,11.3435,-1.8601,0.0362,-0.3843,0,0,0,0.00000,1
0.3640,3.8259,2.7504,11.7232,-2.7614,0.0304,-0.5359,0,1,0,0.40781,3
0.4395,4.2472,2.5092,11.2668,-1.0763,0.0271,-0.2698,0,0,0,0.00000,1
0.5763,5.2153,2.1712,11.5836,-0.2707,0.1028,-0.8571,0,0,0,0.00000,1
0.4039,4.1650,2.6507,12.8357,2.9522,0.0050,-1.5102,1,1,1,1.42165,1
0.5488,5.0654,2.2462,11.5806,1.1705,0.0061,-0.6840,0,0,0,0.00000,1
0.3875,3.9842,2.6791,11.5106,-3.0421,0.0461,-0.4307,0,1,0,0.24600,3
0.4050,4.2671,2.6740,13.1731,2.9625,0.0386,-1.8804,0,1,0,1.99336,1
0.5410,5.7317,2.3965,11.3783,0.8593,0.0433,-0.5072,0,0,0,0.00000,1
0.4493,4.8571,2.6142,11.3972,-1.5339,0.0276,-0.3935,0,0,0,0.00000,1
0.5283,4.8410,2.2811,11.3742,1.1194,0.0299,-0.4677,0,0,0,0.00000,3
0.4139,4.1170,2.5902,11.7244,2.4251,0.0021,-0.5869,0,1,0,0.21644,3
0.4740,4.6283,2.4530,11.3138,-2.2898,0.0194,-0.3359,0,0,0,0.00000,1
0.4252,4.2416,2.5720,11.3661,2.8931,0.0713,-0.3895,0,0,0,0.00000,1
0.4682,4.7737,2.5103,11.3477,2.3517,0.0046,-0.3439,0,0,0,0.00000,3
0.4490,4.2503,2.4690,11.2918,-2.6296,0.0201,-0.2917,0,0,0,0.00000,1
0.6233,5.7479,2.0868,11.6049,0.5132,0.1419,-1.0186,0,0,0,0.00000,1
0.4976,4.5969,2.3500,11.7963,1.0661,0.0082,-0.8151,0,1,0,0.42507,1
0.4607,4.3354,2.4404,12.1176,0.5987,0.0313,-1.0748,0,0,1,0.40089,1
0.5198,4.9239,2.3299,11.8308,1.8510,0.0050,-0.8927,0,1,0,0.22162,1
0.3763,4.0024,2.7409,11.5795,-2.1976,0.0188,-0.4354,0,0,1,0.29367,1
0.4872,5.1707,2.5144,11.4641,-1.6054,0.0085,-0.4800,0,0,0,0.00000,3
0.4481,4.9243,2.6355,12.3027,2.5322,0.0457,-1.2392,0,0,1,0.61128,3
0.4446,4.7595,2.6127,11.5378,-3.0284,0.0971,-0.5931,0,0,0,0.00000,1
0.4926,4.5264,2.3545,11.3810,-0.0837,0.0025,-0.3981,0,0,0,0.00000,3
0.4263,4.3420,2.5928,12.7029,1.6000,0.0092,-1.4842,0,1,1,0.77858,1
0.4723,4.7526,2.4879,11.9103,2.4329,0.0497,-0.9302,0,0,1,0.46262,1
0.6141,5.6276,2.1015,11.5280,-0.5123,0.0316,-0.7654,0,0,0,0.00000,3
0.3599,3.9632,2.8157,11.7903,3.1039,0.0859,-0.6462,0,1,0,0.23776,2
0.4275,4.5039,2.6292,12.5384,1.8951,0.0336,-1.3752,0,0,0,0.00000,1
0.4510,4.7009,2.5696,12.4622,2.1236,0.0429,-1.3968,0,0,1,1.01924,1
0.4139,4.4155,2.6706,11.2695,1.6206,0.0302,-0.2534,0,0,0,0.00000,1
0.4883,4.4648,2.3578,11.4030,-0.6356,0.0161,-0.4298,0,0,0,0.00000,3
0.4745,4.9622,2.5253,13.0358,2.1336,0.0128,-2.0230,0,0,1,1.90595,1
0.4292,4.3675,2.5863,11.7855,-2.8210,0.0616,-0.7416,0,1,0,0.26644,1
0.3963,4.0540,2.6564,11.3579,-2.1712,0.0455,-0.3229,0,0,0,0.00000,3
0.4410,4.4875,2.5629,11.5119,-2.2574,0.0845,-0.5497,0,0,0,0.00000,1
0.5101,5.0599,2.3958,12.3670,-0.0238,0.0056,-1.4349,0,0,1,0.75451,1
0.4858,4.8124,2.4440,12.1586,1.5280,0.0053,-1.1469,0,1,0,0.62112,1
0.4817,5.0066,2.5036,12.4948,-2.2771,0.0103,-1.4838,0,1,0,0.96075,1
0.3700,3.9337,2.7528,13.1562,2.9475,0.0029,-1.6344,0,1,2,1.92704,1
0.5451,5.5654,2.3505,12.9797,-0.8164,0.0055,-2.2691,0,0,1,1.37564,1
0.4410,4.1993,2.4908,12.0493,-0.5333,0.0233,-0.9505,0,0,1,0.45896,1
0.5527,5.5905,2.3247,11.6286,-1.8503,0.0354,-0.7829,0,0,0,0.00000,1
0.4791,4.4365,2.3885,11.7670,2.3847,0.0110,-0.7538,0,0,1,0.50388,1
0.4439,4.2530,2.4915,12.4882,-2.7516,0.0115,-1.3480,0,1,0,0.68423,1
0.4329,4.3855,2.5740,12.2471,-1.0636,0.0029,-1.0808,0,0,1,0.67636,1
0.6106,5.8805,2.1519,12.3248,-0.3081,0.0726,-1.8129,0,0,2,0.92398,1
0.5574,5.2897,2.2539,11.3570,1.6313,0.0147,-0.4689,0,0,0,0.00000,1
0.4915,4.9698,2.4542,11.4380,-1.5211,0.0128,-0.4651,0,0,0,0.00000,3
0.4203,4.3776,2.6303,11.9749,2.5746,0.0007,-0.8084,0,0,1,0.24580,1
0.4888,5.1583,2.5051,11.3784,3.0888,0.0103,-0.4030,0,0,0,0.00000,3
0.4999,5.4422,2.5151,11.9940,-2.8699,0.0670,-1.1027,0,1,0,0.60763,1
0.3984,4.2492,2.7013,11.5180,-2.1328,0.0616,-0.4693,0,0,0,0.00000,3
0.4143,4.3117,2.6413,11.4028,1.6283,0.0001,-0.3255,0,0,0,0.00000,1
0.5031,5.4472,2.5019,11.9935,-1.5930,0.0069,-1.0302,0,1,1,0.63220,1
0.4524,4.5994,2.5393,11.7719,2.4498,0.0428,-0.7501,0,1,0,0.33104,1
0.3388,3.6786,2.8391,13.1538,-2.6635,0.0335,-1.5412,0,0,2,1.83157,1
0.4247,4.5886,2.6641,13.2737,2.7993,0.0203,-2.0394,1,1,0,1.76307,1
0.4657,4.9902,2.5704,11.4627,1.9518,0.0155,-0.4581,0,0,0,0.00000,3
0.3726,3.9074,2.7313,11.2856,-2.6727,0.1072,-0.3161,0,0,0,0.00000,3
0.4061,4.1966,2.6492,12.9638,1.7322,0.0018,-1.6277,0,1,1,1.61459,1
0.5119,5.1854,2.4135,11.3607,0.3693,0.0236,-0.4286,0,0,0,0.00000,1
0.4163,4.3925,2.6532,11.3641,-2.4052,0.0044,-0.3018,0,0,0,0.00000,1
0.3942,4.2731,2.7288,12.9859,-2.4522,0.0424,-1.6664,0,1,2,1.86833,1
0.4740,4.7191,2.4734,11.3482,-1.9015,0.0186,-0.3666,0,0,0,0.00000,3
0.3858,4.1032,2.7224,11.3698,-2.1766,0.0518,-0.3286,0,0,0,0.00000,3
0.4315,4.4394,2.5941,12.9136,2.7204,0.0482,-1.7703,0,1,0,1.66614,1
0.5497,5.2643,2.2786,11.3732,0.4136,0.0043,-0.4642,0,0,0,0.00000,3
0.4706,4.6237,2.4661,12.1471,2.0543,0.0067,-1.0960,0,0,1,0.77861,1
0.4760,4.8153,2.4862,11.4499,-2.7875,0.0083,-0.4505,0,0,0,0.00000,3
0.4060,4.2431,2.6626,12.2458,-2.9278,0.0069,-1.0105,1,1,0,0.79803,3
0.3816,3.9207,2.6896,12.9056,-2.1792,0.0125,-1.4916,0,1,0,1.72251,1
0.6086,5.6315,2.1217,11.4551,0.3341,0.0098,-0.6432,0,0,0,0.00000,1
0.4973,5.2435,2.4861,11.8317,-1.8048,0.0691,-0.9328,0,0,1,0.34451,3
0.4366,4.2140,2.5138,12.2763,1.5790,0.0207,-1.1420,0,0,1,1.02678,1
0.4916,5.0566,2.4720,12.4289,3.1353,0.0022,-1.4365,0,0,1,0.84526,1
0.4357,4.2986,2.5391,12.5713,2.4179,0.0038,-1.3866,0,0,0,0.00000,1
0.4280,4.1581,2.5370,11.4486,-3.1078,0.0393,-0.4241,0,0,0,0.00000,1
0.4611,4.5604,2.4920,11.3819,-2.2356,0.0130,-0.3757,0,0,0,0.00000,3
0.5003,4.7309,2.3677,11.3124,0.5794,0.0289,-0.3734,0,0,0,0.00000,3
0.4694,4.7831,2.5075,11.4908,-0.8863,0.0044,-0.4746,0,0,0,0.00000,1
0.4124,4.1560,2.6079,11.3764,3.1211,0.0466,-0.3556,0,0,0,0.00000,1
0.3555,3.8413,2.8010,12.7326,-2.7792,0.0595,-1.3220,1,1,1,1.37708,1
0.4132,4.5166,2.7010,11.6067,-2.9628,0.1610,-0.6819,0,0,0,0.00000,1
0.5582,5.5096,2.2894,11.4920,-0.1235,0.0053,-0.6050,0,0,0,0.00000,3
0.4131,4.2518,2.6309,11.2600,-2.0012,0.0266,-0.2408,0,0,0,0.00000,3
0.3962,4.3668,2.7450,12.4200,-2.8680,0.0127,-1.1375,0,0,1,0.54741,0
0.4111,4.1580,2.6148,11.7748,1.9863,0.0085,-0.6314,0,1,0,0.39600,3
0.3793,4.1670,2.7747,11.3451,2.3081,0.0231,-0.2714,0,0,0,0.00000,1
0.4792,4.9195,2.4954,12.5635,-2.9444,0.0339,-1.5820,1,1,1,1.17800,1
0.4160,4.3516,2.6438,11.3172,2.3222,0.0241,-0.2864,0,0,0,0.00000,3
0.5204,4.9285,2.3285,12.4543,-0.9789,0.0222,-1.5875,1,1,0,1.00130,1
0.4840,4.8807,2.4664,11.6491,-1.2807,0.0295,-0.6758,0,0,1,0.34832,3
0.4808,4.9516,2.4956,11.2930,-1.6481,0.0581,-0.3693,0,0,0,0.00000,3
0.5178,5.1232,2.3772,12.8847,1.9075,0.0262,-2.0714,0,1,0,1.41712,1
0.5518,5.2751,2.2725,12.5941,-0.1311,0.0072,-1.8354,0,0,2,0.35180,1
0.5136,5.4378,2.4556,11.8153,-1.0529,0.0197,-0.8868,0,1,0,0.52087,1
0.4966,5.3533,2.5114,11.8138,2.5025,0.0670,-0.9108,0,0,1,0.44737,1
0.3719,3.9536,2.7492,12.9177,-2.3424,0.0162,-1.4679,0,0,2,1.05879,1
0.4267,4.6740,2.6757,12.3091,3.0959,0.0333,-1.1636,0,1,0,0.80549,3
0.5574,5.7781,2.3386,11.8889,-0.7729,0.0241,-1.0679,0,1,0,0.45183,1
0.4711,4.8814,2.5221,11.9240,-1.0839,0.0585,-0.9527,0,1,0,0.54247,1
0.4315,4.2413,2.5433,11.6410,-2.9770,0.0451,-0.5995,0,1,0,0.32251,1
0.4063,4.0422,2.6053,11.7008,-1.0184,0.0038,-0.5567,0,0,1,0.18342,1
0.4119,4.1632,2.6123,11.2463,-1.7373,0.0117,-0.2122,0,0,0,0.00000,1
0.3917,4.1765,2.7142,11.4912,2.8074,0.0868,-0.4690,0,0,0,0.00000,3
0.5144,5.4475,2.4543,11.3453,2.5768,0.0340,-0.4294,0,0,0,0.00000,3
0.4636,4.4022,2.4440,11.8904,2.3802,0.0077,-0.8353,0,1,0,0.29208,1
0.5259,5.0367,2.3283,11.4521,-0.8065,0.0141,-0.5259,0,0,0,0.00000,3
0.3860,4.2539,2.7652,11.7985,2.8522,0.0776,-0.6907,0,1,0,0.48236,2
0.4745,4.3431,2.3853,11.4472,1.9064,0.0158,-0.4530,0,0,0,0.00000,1
0.4361,4.6851,2.6341,12.4201,-2.9249,0.0479,-1.3155,0,1,0,0.57485,3
0.5725,5.4650,2.2275,11.5714,1.5887,0.0196,-0.7322,0,0,0,0.00000,1
0.3336,3.6443,2.8568,12.2393,3.0727,0.0262,-0.8343,0,1,1,1.10027,1
0.3899,4.2906,2.7559,12.2860,-3.0182,0.1500,-1.1977,0,1,0,1.00717,1
0.4859,4.7651,2.4337,12.6577,0.1274,0.0167,-1.6756,0,0,1,1.34180,1
0.4297,4.5473,2.6296,11.5091,-2.6824,0.0753,-0.5207,0,0,0,0.00000,3
0.3542,3.7953,2.7928,12.1072,2.3154,0.0791,-0.8621,0,1,1,0.70045,3
0.5950,5.9739,2.2241,12.0572,-1.6370,0.0048,-1.3314,0,1,0,0.46098,1
0.5609,5.4414,2.2672,11.9716,-0.5449,0.0283,-1.1731,1,1,0,0.59125,1
0.5653,5.7528,2.3031,11.6475,1.9086,0.0347,-0.8262,0,0,0,0.00000,1
0.4652,4.7277,2.5129,11.4583,2.2843,0.0467,-0.4896,0,0,0,0.00000,3
0.5707,5.6757,2.2693,12.1418,-0.4842,0.0673,-1.4545,0,0,1,0.71541,1
0.5308,5.6691,2.4271,11.3804,2.1011,0.0264,-0.4765,0,0,0,0.00000,3
0.5336,5.4464,2.3750,11.3711,-1.6356,0.0003,-0.4384,0,0,0,0.00000,3
0.5473,5.0816,2.2548,12.3180,-0.6689,0.0307,-1.5338,0,0,1,0.50233,1
0.5255,5.3152,2.3834,11.4123,-1.8598,0.0329,-0.5086,0,0,0,0.00000,3
0.4740,4.7222,2.4742,11.6541,1.7262,0.0248,-0.6573,0,0,1,0.27801,3
0.4325,4.4271,2.5863,12.0946,1.7007,0.0260,-0.9755,0,1,0,0.59913,3
0.3399,3.7535,2.8582,12.8531,-2.9235,0.0652,-1.3646,0,0,3,1.46279,0
0.5300,5.0773,2.3200,11.4829,0.3662,0.0262,-0.5782,0,0,0,0.00000,3
0.3520,3.8523,2.8233,12.5960,2.9656,0.0977,-1.2587,0,1,1,1.24140,1
0.5817,5.8987,2.2634,12.6806,-1.2894,0.0099,-2.0647,0,1,2,1.35469,1
0.6125,6.0797,2.1740,11.4678,-0.1264,0.0733,-0.7457,0,0,0,0.00000,1
0.3829,4.1438,2.7492,12.9312,3.0699,0.0416,-1.5681,0,0,7,2.38350,1
0.3456,3.7548,2.8265,11.6818,3.0482,0.1099,-0.5723,0,1,0,0.27660,3
0.5046,5.2217,2.4511,11.6897,2.3109,0.0074,-0.7250,0,0,1,0.16354,3
0.4078,4.1102,2.6170,12.7732,-1.6962,0.0199,-1.4941,1,1,1,1.51821,1
0.4672,5.0312,2.5727,11.7774,-2.7725,0.0061,-0.7385,0,0,1,0.35587,3
0.5117,5.3762,2.4516,11.3949,-1.8387,0.0323,-0.4732,0,0,0,0.00000,3
0.4160,4.0815,2.5712,11.6786,-2.8236,0.0001,-0.5500,0,1,0,0.35616,3
0.3812,3.9531,2.7012,11.9845,2.9158,0.1072,-0.8675,0,0,2,0.54874,1
0.4132,4.2135,2.6199,12.3051,-1.4298,0.0349,-1.1213,1,1,1,0.68319,1
0.4390,4.4848,2.5714,11.3073,2.3319,0.0317,-0.3092,0,0,0,0.00000,3
0.4354,4.3389,2.5510,11.8268,1.9006,0.0191,-0.7353,0,1,0,0.49655,3
0.4725,5.1697,2.5790,11.6777,-2.2211,0.0804,-0.7473,0,0,0,0.00000,3
0.3419,3.6822,2.8227,11.7825,2.9386,0.1109,-0.6389,0,0,1,0.22161,3
0.5034,5.3000,2.4716,11.3515,-1.0442,0.0569,-0.4492,0,0,0,0.00000,1
0.5223,5.6205,2.4537,11.5656,1.3239,0.0526,-0.6866,0,0,0,0.00000,1
0.4905,4.5873,2.3759,11.3362,-0.8605,0.0485,-0.4081,0,0,0,0.00000,3
0.4743,4.8261,2.4961,11.3164,2.7278,0.0669,-0.3941,0,0,0,0.00000,1
0.5310,5.2851,2.3554,11.3751,0.4589,0.0306,-0.4747,0,0,0,0.00000,1
0.4857,4.6733,2.4141,12.7608,1.1764,0.0204,-1.7897,0,1,0,1.56055,1
0.4177,4.0917,2.5660,11.9359,2.5265,0.0395,-0.8192,0,1,0,0.70872,1
0.4609,4.5660,2.4942,11.3548,-2.7398,0.0402,-0.3830,0,0,0,0.00000,1
0.4377,4.7988,2.6541,11.4665,2.6438,0.0401,-0.4539,0,0,0,0.00000,3
0.4688,4.8592,2.5270,11.4645,-3.0990,0.0576,-0.5134,0,0,0,0.00000,1
0.4459,4.5626,2.5595,11.6238,-2.3529,0.0330,-0.5935,0,0,1,0.40184,3
0.4270,4.3165,2.5832,11.7395,-2.1402,0.0502,-0.6832,0,0,1,0.30702,3
0.4158,4.4896,2.6812,11.3418,-2.2853,0.0547,-0.3410,0,0,0,0.00000,3
0.4107,4.1647,2.6182,11.6893,-0.4322,0.0004,-0.5510,0,1,0,0.26773,1
0.4949,5.3817,2.5245,11.9887,1.3740,0.0140,-1.0148,0,0,1,0.27148,1
0.4548,4.2456,2.4434,11.4067,-1.3650,0.0149,-0.3914,0,0,0,0.00000,2
0.4903,5.4057,2.5497,12.3391,-2.4495,0.0318,-1.3854,0,0,1,0.73079,2
0.3814,4.0601,2.7321,12.9997,-3.0940,0.0093,-1.5659,1,1,0,1.11752,1
0.3776,4.1473,2.7780,12.5485,-2.9409,0.0181,-1.1904,0,1,1,1.07721,1
0.4010,4.1291,2.6548,12.4477,-2.8400,0.0378,-1.2121,0,1,1,0.94778,1
0.5766,5.6268,2.2386,12.0179,-0.4995,0.0053,-1.2349,0,0,1,0.20715,1
0.4337,4.2294,2.5303,11.9844,1.7220,0.0366,-0.8935,0,0,1,0.58632,1
0.4696,4.3696,2.4118,12.2903,0.0102,0.0258,-1.2589,0,0,1,0.92621,1
0.4452,4.3092,2.5000,11.3419,2.0199,0.0115,-0.3212,0,0,0,0.00000,3
0.3521,3.8399,2.8192,12.3691,-2.5024,0.0767,-1.0516,1,1,1,1.10859,3
0.3529,3.7683,2.7912,11.7636,-3.0785,0.0544,-0.5755,0,1,0,0.26375,3
0.4938,5.0487,2.4610,11.3611,-0.6989,0.0118,-0.3939,0,0,0,0.00000,1
0.4876,5.3145,2.5427,12.0727,-3.0536,0.0349,-1.1093,0,1,0,0.78602,3
0.4534,4.3100,2.4652,11.3362,2.4139,0.0010,-0.3123,0,0,0,0.00000,3
0.4029,4.2729,2.6857,11.3322,-3.1165,0.0061,-0.2651,0,0,0,0.00000,1
0.5805,5.2703,2.1655,11.4193,-1.2606,0.0273,-0.5818,0,0,0,0.00000,1
0.4490,4.3222,2.4867,11.3908,-1.2459,0.0329,-0.3924,0,0,0,0.00000,3
0.3806,4.0360,2.7294,12.2388,3.0646,0.0513,-0.9959,0,0,1,0.82052,3
0.5142,4.6732,2.3012,11.3232,-0.2529,0.0060,-0.3715,0,0,0,0.00000,3
0.4768,4.8883,2.4988,11.9886,1.3170,0.0381,-1.0017,0,0,1,0.54172,1
0.4970,4.9568,2.4285,11.4895,0.5838,0.0467,-0.5627,0,0,0,0.00000,1
0.4728,4.6131,2.4545,11.2274,-1.4916,0.0097,-0.2456,0,0,0,0.00000,3
0.6144,5.7540,2.1194,11.3560,-1.0676,0.0668,-0.6049,0,0,0,0.00000,1
0.4840,4.8007,2.4491,11.3522,1.9264,0.0146,-0.3769,0,0,0,0.00000,3
0.4703,4.6285,2.4687,11.8683,-0.4776,0.0261,-0.8539,0,1,0,0.17701,1
0.3946,4.1697,2.6975,11.9302,2.8813,0.0425,-0.7691,0,1,0,0.18086,3
0.4380,4.3172,2.5336,11.9144,-1.6742,0.0318,-0.8346,0,0,1,0.16467,3
0.5741,5.4987,2.2270,11.3288,0.0171,0.0030,-0.4454,0,0,0,0.00000,3
0.4158,4.4724,2.6767,13.1784,1.7807,0.0335,-1.9279,0,1,1,1.94094,1
0.3713,3.9995,2.7664,12.2664,-2.4268,0.1064,-1.0683,0,1,0,0.83296,3
0.4059,4.4258,2.7128,13.3263,2.9119,0.0586,-2.0669,0,1,0,2.16442,1
0.4690,5.1257,2.5855,11.3378,1.1659,0.0005,-0.3321,0,0,0,0.00000,1
0.5597,5.5685,2.2938,12.8690,1.9597,0.0083,-2.2024,0,0,1,1.55900,1
0.5994,5.9582,2.2052,11.5148,-1.0471,0.0362,-0.7343,0,0,0,0.00000,3
0.3774,4.1250,2.7721,12.6068,-2.1934,0.0203,-1.2406,1,1,2,1.06294,1
0.4798,4.9233,2.4935,11.4699,-2.9946,0.0194,-0.4878,0,0,0,0.00000,3
0.3894,3.9588,2.6621,11.3860,2.6431,0.0969,-0.3964,0,0,0,0.00000,1
0.3529,3.8692,2.8241,12.1359,3.0054,0.1021,-0.9106,0,0,1,0.76378,3
0.4821,4.5206,2.3950,11.5491,-1.6607,0.0031,-0.5434,0,0,0,0.00000,3
0.3601,3.8875,2.7909,12.4835,2.8723,0.1039,-1.2056,0,1,0,1.25118,1
0.4911,5.4228,2.5495,11.4939,2.0631,0.0100,-0.5164,0,0,0,0.00000,0
0.5820,5.9084,2.2635,12.3460,-1.3246,0.0047,-1.6443,0,0,2,0.96450,1
0.4511,4.5861,2.5416,12.1574,-2.0701,0.0362,-1.0957,0,0,1,0.67043,1
0.4955,5.3374,2.5129,11.7612,-3.0824,0.0561,-0.8417,0,0,1,0.22942,1
0.4020,4.0264,2.6212,11.3291,-2.6418,0.0102,-0.2659,0,0,0,0.00000,3
0.3910,4.1705,2.7161,11.3887,-2.6894,0.0171,-0.3086,0,0,0,0.00000,1
0.5242,4.8882,2.3059,11.5061,-1.3880,0.0314,-0.5990,0,0,0,0.00000,1
0.4949,4.6914,2.3809,11.3644,0.4418,0.0203,-0.4069,0,0,0,0.00000,3
0.4664,5.0099,2.5712,12.3375,2.7429,0.0316,-1.3084,0,1,0,1.02393,3
0.3646,3.8346,2.7501,11.3188,2.6004,0.0580,-0.2778,0,0,0,0.00000,3
0.5011,5.0488,2.4304,12.8318,0.6445,0.0061,-1.9065,0,0,1,1.63949,1
0.3743,4.0435,2.7639,12.9151,-2.5113,0.0128,-1.4704,0,1,1,1.40328,1
0.5073,5.0796,2.4113,11.9931,-0.5410,0.0388,-1.0803,0,1,0,0.47263,1
0.4024,4.2583,2.6840,12.2314,1.8645,0.0387,-1.0327,0,0,1,0.77559,1
0.5641,5.7412,2.3057,12.8310,1.7010,0.0148,-2.1883,0,1,1,1.47067,1
0.4226,4.4969,2.6502,11.3682,-2.7423,0.0003,-0.3073,0,0,0,0.00000,1
0.3567,3.7803,2.7744,11.3999,-2.7963,0.0184,-0.2822,0,0,0,0.00000,1
0.5422,5.5667,2.3623,12.3982,-2.5552,0.0098,-1.5827,0,1,1,0.79613,1
0.4459,4.6844,2.5889,11.4390,-2.2055,0.0220,-0.4188,0,0,0,0.00000,3
0.4975,5.0812,2.4521,11.3103,2.5871,0.0281,-0.3685,0,0,0,0.00000,1
0.5741,5.8848,2.2904,11.7030,-1.7588,0.0352,-0.9068,0,0,0,0.00000,1
0.4478,4.3813,2.5066,11.3977,-2.7577,0.0519,-0.4194,0,0,0,0.00000,1
0.4519,4.2339,2.4526,11.4420,1.1451,0.0285,-0.4351,0,0,0,0.00000,3
0.4598,4.5803,2.5021,11.9294,-2.7291,0.0331,-0.8983,1,1,0,0.61460,1
0.4236,4.4884,2.6433,11.4625,-2.7744,0.0267,-0.4163,0,0,0,0.00000,3
0.4142,4.2090,2.6139,11.3160,-2.5564,0.0520,-0.3152,0,0,0,0.00000,3
0.3606,3.8405,2.7732,11.9320,2.5287,0.0625,-0.7238,0,1,0,0.60673,3
0.4381,4.6249,2.6102,12.9502,1.3946,0.0048,-1.7596,0,0,0,0.00000,1
0.6507,5.8825,2.0094,12.4647,-0.4381,0.0137,-2.0386,1,1,0,0.76431,1
0.4561,4.6221,2.5281,12.3756,-2.8039,0.0190,-1.2933,0,0,1,0.73905,1
0.4426,4.4311,2.5416,11.3966,-1.7627,0.0195,-0.3748,0,0,0,0.00000,3
0.4695,4.3717,2.4126,11.4614,-0.7910,0.0026,-0.4439,0,0,0,0.00000,3
0.4981,5.4850,2.5313,11.8619,-2.3883,0.0776,-0.9768,0,1,0,0.30697,2
0.5412,5.3452,2.3265,11.2405,-0.2239,0.0106,-0.3244,0,0,0,0.00000,3
0.4685,4.3052,2.4011,11.3260,-0.9271,0.0735,-0.4035,0,0,0,0.00000,3
0.4503,4.4143,2.5038,11.4607,-1.0878,0.0656,-0.4943,0,0,0,0.00000,1
0.3797,3.9389,2.7048,11.2718,-3.0487,0.0233,-0.2181,0,0,0,0.00000,3
0.3713,4.0717,2.7882,11.4686,2.8802,0.1428,-0.4911,0,1,0,0.20791,3
0.3287,3.6165,2.8751,13.3871,2.9915,0.0367,-1.6793,1,1,2,2.19034,1
0.4276,4.3207,2.5817,12.6300,2.4383,0.0266,-1.4489,0,0,1,1.07511,1
0.3445,3.7350,2.8262,11.7379,2.5232,0.0377,-0.5227,0,1,0,0.44503,1
0.4825,5.1840,2.5377,11.4288,0.0592,0.0032,-0.4346,0,0,0,0.00000,1
0.4226,4.4910,2.6486,11.4285,-2.6400,0.0608,-0.4267,0,0,0,0.00000,3
0.4266,4.2048,2.5557,11.4297,2.5548,0.0727,-0.4461,0,0,0,0.00000,1
0.4756,5.1829,2.5682,11.8157,-2.4512,0.0197,-0.8090,0,1,0,0.44453,3
0.5302,4.9297,2.2911,12.1321,0.8154,0.0280,-1.2704,0,0,1,0.86017,1
0.3971,4.0249,2.6442,11.3127,-2.9713,0.0623,-0.3079,0,0,0,0.00000,3
0.5690,5.1660,2.1894,11.7288,-0.5537,0.0644,-0.9601,0,1,0,0.18359,1
0.4209,4.1581,2.5693,11.3679,-1.9814,0.0144,-0.3205,0,0,0,0.00000,3
